path,corrupted,width,height,mode,aspect_ratio,file_hash,error
/kaggle/input/datasets/tschandl/isic2018-challenge-task1-data-segmentation/ISIC2018_Task1-2_Training_Input/ISIC_0010226.jpg,False,1024,768,RGB,1.333,7241de61c969fbe7a7b9160a0f19e336,
/kaggle/input/datasets/tschandl/isic2018-challenge-task1-data-segmentation/ISIC2018_Task1-2_Training_Input/ISIC_0014506.jpg,False,4288,2848,RGB,1.506,d6066c0a949c6cbcc3adcc3a1bd68a14,
/kaggle/input/datasets/tschandl/isic2018-challenge-task1-data-segmentation/ISIC2018_Task1-2_Training_Input/ISIC_0010069.jpg,False,1024,768,RGB,1.333,905beec468a35989c4e5c1f520ae8c29,
/kaggle/input/datasets/tschandl/isic2018-challenge-task1-data-segmentation/ISIC2018_Task1-2_Training_Input/ISIC_0012682.jpg,False,3008,2000,RGB,1.504,02d9fbb43ea26988ebf41afb24a15b8f,
/kaggle/input/datasets/tschandl/isic2018-challenge-task1-data-segmentation/ISIC2018_Task1-2_Training_Input/ISIC_0000028.jpg,False,1504,1129,RGB,1.332,66e08f476b3d62a592745605199c4418,
/kaggle/input/datasets/tschandl/isic2018-challenge-task1-data-segmentation/ISIC2018_Task1-2_Training_Input/ISIC_0008626.jpg,False,4288,2848,RGB,1.506,e28d71a405baf296f3f19e88202b3332,
/kaggle/input/datasets/tschandl/isic2018-challenge-task1-data-segmentation/ISIC2018_Task1-2_Training_Input/ISIC_0013618.jpg,False,4288,2848,RGB,1.506,72054dcc84bac2ffc54ff0073da051b1,
/kaggle/input/datasets/tschandl/isic2018-challenge-task1-data-segmentation/ISIC2018_Task1-2_Training_Input/ISIC_0015149.jpg,False,6601,4382,RGB,1.506,461801913ca120a7fa8a29bad97f3b89,
/kaggle/input/datasets/tschandl/isic2018-challenge-task1-data-segmentation/ISIC2018_Task1-2_Training_Input/ISIC_0014897.jpg,False,6668,4459,RGB,1.495,14d0d1ab2468f0f1d28452712eb8a405,
/kaggle/input/datasets/tschandl/isic2018-challenge-task1-data-segmentation/ISIC2018_Task1-2_Training_Input/ISIC_0000436.jpg,False,3072,2304,RGB,1.333,bafd097cd95abb78bf8536f7f6de9196,
/kaggle/input/datasets/tschandl/isic2018-challenge-task1-data-segmentation/ISIC2018_Task1-2_Training_Input/ISIC_0011387.jpg,False,1024,768,RGB,1.333,cfed757d91944b77f5e3c2a51c7af28e,
/kaggle/input/datasets/tschandl/isic2018-challenge-task1-data-segmentation/ISIC2018_Task1-2_Training_Input/ISIC_0012303.jpg,False,3008,2000,RGB,1.504,ef984dff120be160a9e1ed0d0194c65e,
/kaggle/input/datasets/tschandl/isic2018-challenge-task1-data-segmentation/ISIC2018_Task1-2_Training_Input/ISIC_0014346.jpg,False,4288,2848,RGB,1.506,bdb84aed0fb2059a74e37a4ec9f00e78,
/kaggle/input/datasets/tschandl/isic2018-challenge-task1-data-segmentation/ISIC2018_Task1-2_Training_Input/ISIC_0016055.jpg,False,4288,2848,RGB,1.506,754e46cf0ded316b22939e82931e0a76,
/kaggle/input/datasets/tschandl/isic2018-challenge-task1-data-segmentation/ISIC2018_Task1-2_Training_Input/ISIC_0009979.jpg,False,1024,768,RGB,1.333,e3e4f81234f58242faac42fd6c2f36be,
/kaggle/input/datasets/tschandl/isic2018-challenge-task1-data-segmentation/ISIC2018_Task1-2_Training_Input/ISIC_0014974.jpg,False,6668,4459,RGB,1.495,f72565759d8682d6461f89fb765c0333,
/kaggle/input/datasets/tschandl/isic2018-challenge-task1-data-segmentation/ISIC2018_Task1-2_Training_Input/ISIC_0012376.jpg,False,3008,2000,RGB,1.504,c7e6de79df6875bd7d345956a23395f8,
/kaggle/input/datasets/tschandl/isic2018-challenge-task1-data-segmentation/ISIC2018_Task1-2_Training_Input/ISIC_0010064.jpg,False,1024,768,RGB,1.333,f1b37b32a9fdd34ab40695f37707b959,
/kaggle/input/datasets/tschandl/isic2018-challenge-task1-data-segmentation/ISIC2018_Task1-2_Training_Input/ISIC_0000268.jpg,False,1024,768,RGB,1.333,b5552562ab0ced208b2539b8d34e41e3,
/kaggle/input/datasets/tschandl/isic2018-challenge-task1-data-segmentation/ISIC2018_Task1-2_Training_Input/ISIC_0014818.jpg,False,6641,4401,RGB,1.509,71cdb064139b72e1e076e8f03cbdccf6,
/kaggle/input/datasets/tschandl/isic2018-challenge-task1-data-segmentation/ISIC2018_Task1-2_Training_Input/ISIC_0008406.jpg,False,4288,2848,RGB,1.506,fc73f9b251d48d60cc95d26c76e27331,
/kaggle/input/datasets/tschandl/isic2018-challenge-task1-data-segmentation/ISIC2018_Task1-2_Training_Input/ISIC_0010598.jpg,False,1024,768,RGB,1.333,6c15234ef3edb25af215a80d9e33e34b,
/kaggle/input/datasets/tschandl/isic2018-challenge-task1-data-segmentation/ISIC2018_Task1-2_Training_Input/ISIC_0014299.jpg,False,4288,2848,RGB,1.506,8f8f6da5cba41a91a3178d9e1c633c57,
/kaggle/input/datasets/tschandl/isic2018-challenge-task1-data-segmentation/ISIC2018_Task1-2_Training_Input/ISIC_0000418.jpg,False,3072,2304,RGB,1.333,42842c0864d6a21e1d5963848ec4c8fe,
/kaggle/input/datasets/tschandl/isic2018-challenge-task1-data-segmentation/ISIC2018_Task1-2_Training_Input/ISIC_0015211.jpg,False,6622,4401,RGB,1.505,8d127a832c404509cfb1333c8943f21a,
/kaggle/input/datasets/tschandl/isic2018-challenge-task1-data-segmentation/ISIC2018_Task1-2_Training_Input/ISIC_0015109.jpg,False,6661,4441,RGB,1.5,f7232fa7ec032320bbcf0054e11bbac7,
/kaggle/input/datasets/tschandl/isic2018-challenge-task1-data-segmentation/ISIC2018_Task1-2_Training_Input/ISIC_0013600.jpg,False,3872,2592,RGB,1.494,e35783c78a20542d344f0e8f774796bd,
/kaggle/input/datasets/tschandl/isic2018-challenge-task1-data-segmentation/ISIC2018_Task1-2_Training_Input/ISIC_0015173.jpg,False,6648,4459,RGB,1.491,546641db9683ba997348e1de5284dea3,
/kaggle/input/datasets/tschandl/isic2018-challenge-task1-data-segmentation/ISIC2018_Task1-2_Training_Input/ISIC_0015544.jpg,False,6621,4440,RGB,1.491,ae45dd70ddc031651555db5c8377afee,
/kaggle/input/datasets/tschandl/isic2018-challenge-task1-data-segmentation/ISIC2018_Task1-2_Training_Input/ISIC_0014919.jpg,False,6708,4459,RGB,1.504,1417702c3406bcffc470cf2347296650,
/kaggle/input/datasets/tschandl/isic2018-challenge-task1-data-segmentation/ISIC2018_Task1-2_Training_Input/ISIC_0012855.jpg,False,3008,2000,RGB,1.504,843b4c2dfc6f9b2a991839b6121a30b6,
/kaggle/input/datasets/tschandl/isic2018-challenge-task1-data-segmentation/ISIC2018_Task1-2_Training_Input/ISIC_0010380.jpg,False,1024,768,RGB,1.333,5958446b7b17299fd9a040fab0e6341b,
/kaggle/input/datasets/tschandl/isic2018-challenge-task1-data-segmentation/ISIC2018_Task1-2_Training_Input/ISIC_0014745.jpg,False,6688,4439,RGB,1.507,df629dfe19765dbe7568e98b9631187e,
/kaggle/input/datasets/tschandl/isic2018-challenge-task1-data-segmentation/ISIC2018_Task1-2_Training_Input/ISIC_0013656.jpg,False,3872,2592,RGB,1.494,e82d30b750cf4392b214289b21d7b85a,
/kaggle/input/datasets/tschandl/isic2018-challenge-task1-data-segmentation/ISIC2018_Task1-2_Training_Input/ISIC_0010207.jpg,False,1024,768,RGB,1.333,a49661a08a12797d330ab9dbf6d68676,
/kaggle/input/datasets/tschandl/isic2018-challenge-task1-data-segmentation/ISIC2018_Task1-2_Training_Input/ISIC_0011128.jpg,False,1024,768,RGB,1.333,7b6d809f509983625989920d79511930,
/kaggle/input/datasets/tschandl/isic2018-challenge-task1-data-segmentation/ISIC2018_Task1-2_Training_Input/ISIC_0014643.jpg,False,2592,1936,RGB,1.339,f65c85a884a2de539972a1cf32779b44,
/kaggle/input/datasets/tschandl/isic2018-challenge-task1-data-segmentation/ISIC2018_Task1-2_Training_Input/ISIC_0014559.jpg,False,4288,2848,RGB,1.506,402890bcc35433edbb3583e5033f5b41,
/kaggle/input/datasets/tschandl/isic2018-challenge-task1-data-segmentation/ISIC2018_Task1-2_Training_Input/ISIC_0015330.jpg,False,6688,4439,RGB,1.507,04df138760e4832e8dc7dc8e867b853b,
/kaggle/input/datasets/tschandl/isic2018-challenge-task1-data-segmentation/ISIC2018_Task1-2_Training_Input/ISIC_0015115.jpg,False,6681,4422,RGB,1.511,372ff831447bdd800ae7cfa2919bc31e,
/kaggle/input/datasets/tschandl/isic2018-challenge-task1-data-segmentation/ISIC2018_Task1-2_Training_Input/ISIC_0013473.jpg,False,4288,2848,RGB,1.506,5b221e176d89c433dde6515700295a82,
/kaggle/input/datasets/tschandl/isic2018-challenge-task1-data-segmentation/ISIC2018_Task1-2_Training_Input/ISIC_0012526.jpg,False,4288,2848,RGB,1.506,ef34728a0926f84432fcca8ae5840fea,
/kaggle/input/datasets/tschandl/isic2018-challenge-task1-data-segmentation/ISIC2018_Task1-2_Training_Input/ISIC_0013087.jpg,False,3008,2000,RGB,1.504,80246bc9b9782ae82edf589e47c52c69,
/kaggle/input/datasets/tschandl/isic2018-challenge-task1-data-segmentation/ISIC2018_Task1-2_Training_Input/ISIC_0011373.jpg,False,1024,768,RGB,1.333,94c3dd9309b0b4f132aabbfe9476dc33,
/kaggle/input/datasets/tschandl/isic2018-challenge-task1-data-segmentation/ISIC2018_Task1-2_Training_Input/ISIC_0000136.jpg,False,2048,1536,RGB,1.333,0f18d385fd7370ea40d7648e3dcbccec,
/kaggle/input/datasets/tschandl/isic2018-challenge-task1-data-segmentation/ISIC2018_Task1-2_Training_Input/ISIC_0014158.jpg,False,4288,2848,RGB,1.506,d3206878646e121c84fcd52db2d86538,
/kaggle/input/datasets/tschandl/isic2018-challenge-task1-data-segmentation/ISIC2018_Task1-2_Training_Input/ISIC_0009873.jpg,False,1024,768,RGB,1.333,045632447fc0b3c371511a4d1d41efda,
/kaggle/input/datasets/tschandl/isic2018-challenge-task1-data-segmentation/ISIC2018_Task1-2_Training_Input/ISIC_0000499.jpg,False,919,802,RGB,1.146,221af1b119e08a3533f47b94b203fa67,
/kaggle/input/datasets/tschandl/isic2018-challenge-task1-data-segmentation/ISIC2018_Task1-2_Training_Input/ISIC_0010102.jpg,False,1024,768,RGB,1.333,098c09f041c3abdfc3843e25737561b1,
/kaggle/input/datasets/tschandl/isic2018-challenge-task1-data-segmentation/ISIC2018_Task1-2_Training_Input/ISIC_0013972.jpg,False,4288,2848,RGB,1.506,21c5a8ed7403a0357aa4c424c1e2f56d,
/kaggle/input/datasets/tschandl/isic2018-challenge-task1-data-segmentation/ISIC2018_Task1-2_Training_Input/ISIC_0013428.jpg,False,4288,2848,RGB,1.506,4f57efc93ec9ec9f938314066852daa3,
/kaggle/input/datasets/tschandl/isic2018-challenge-task1-data-segmentation/ISIC2018_Task1-2_Training_Input/ISIC_0001296.jpg,False,3024,2016,RGB,1.5,b7e8c3a0fbb59a832070d465a05ef7da,
/kaggle/input/datasets/tschandl/isic2018-challenge-task1-data-segmentation/ISIC2018_Task1-2_Training_Input/ISIC_0013511.jpg,False,3008,2000,RGB,1.504,5c9aaec5a5422bb30725f67907f846c2,
/kaggle/input/datasets/tschandl/isic2018-challenge-task1-data-segmentation/ISIC2018_Task1-2_Training_Input/ISIC_0000407.jpg,False,3072,2304,RGB,1.333,a6f566a2482e09360ee738af3ae70e33,
/kaggle/input/datasets/tschandl/isic2018-challenge-task1-data-segmentation/ISIC2018_Task1-2_Training_Input/ISIC_0013983.jpg,False,3008,2000,RGB,1.504,65f092a5dac4ddc23814ec748b331009,
/kaggle/input/datasets/tschandl/isic2018-challenge-task1-data-segmentation/ISIC2018_Task1-2_Training_Input/ISIC_0000348.jpg,False,767,576,RGB,1.332,1038219cefdf3961b8e0282fe61c5496,
/kaggle/input/datasets/tschandl/isic2018-challenge-task1-data-segmentation/ISIC2018_Task1-2_Training_Input/ISIC_0011092.jpg,False,1024,768,RGB,1.333,a499fe7cc23394e6aa9e408ecd5aa941,
/kaggle/input/datasets/tschandl/isic2018-challenge-task1-data-segmentation/ISIC2018_Task1-2_Training_Input/ISIC_0013238.jpg,False,3872,2592,RGB,1.494,e320d1fbd3a162166e043ac9e308f683,
/kaggle/input/datasets/tschandl/isic2018-challenge-task1-data-segmentation/ISIC2018_Task1-2_Training_Input/ISIC_0009950.jpg,False,1024,768,RGB,1.333,1e40cd56cefcb6e1b8998ee7bdf6813a,
/kaggle/input/datasets/tschandl/isic2018-challenge-task1-data-segmentation/ISIC2018_Task1-2_Training_Input/ISIC_0013636.jpg,False,4288,2848,RGB,1.506,db5ba3cddc24548597bbbef47f9069ef,
/kaggle/input/datasets/tschandl/isic2018-challenge-task1-data-segmentation/ISIC2018_Task1-2_Training_Input/ISIC_0012342.jpg,False,4288,2848,RGB,1.506,0e0a40c4cc17671fbe84c8c38c60955b,
/kaggle/input/datasets/tschandl/isic2018-challenge-task1-data-segmentation/ISIC2018_Task1-2_Training_Input/ISIC_0000244.jpg,False,1024,768,RGB,1.333,2162c7e126f56a5ed7d0a86fcdb5bf30,
/kaggle/input/datasets/tschandl/isic2018-challenge-task1-data-segmentation/ISIC2018_Task1-2_Training_Input/ISIC_0012676.jpg,False,3008,2000,RGB,1.504,d6dd79b7af0fc54a7171cb502d1ac7c8,
/kaggle/input/datasets/tschandl/isic2018-challenge-task1-data-segmentation/ISIC2018_Task1-2_Training_Input/ISIC_0014457.jpg,False,4288,2848,RGB,1.506,9e9eb05733a2a9f9f9089075b3cce043,
/kaggle/input/datasets/tschandl/isic2018-challenge-task1-data-segmentation/ISIC2018_Task1-2_Training_Input/ISIC_0011225.jpg,False,1024,768,RGB,1.333,0c081710794b4b2a3ca03b86c518f4ab,
/kaggle/input/datasets/tschandl/isic2018-challenge-task1-data-segmentation/ISIC2018_Task1-2_Training_Input/ISIC_0000093.jpg,False,2048,1536,RGB,1.333,a0e3cd835ebc7ef79f8fb77153e62f5e,
/kaggle/input/datasets/tschandl/isic2018-challenge-task1-data-segmentation/ISIC2018_Task1-2_Training_Input/ISIC_0013417.jpg,False,4288,2848,RGB,1.506,cba60e6790e4d96b42bf71c9b3e43c19,
/kaggle/input/datasets/tschandl/isic2018-challenge-task1-data-segmentation/ISIC2018_Task1-2_Training_Input/ISIC_0000307.jpg,False,767,576,RGB,1.332,c4d354ecf5d348cc2011f9291a7820d8,
/kaggle/input/datasets/tschandl/isic2018-challenge-task1-data-segmentation/ISIC2018_Task1-2_Training_Input/ISIC_0014185.jpg,False,4288,2848,RGB,1.506,cadc44d2550eb990e0a37def441aee55,
/kaggle/input/datasets/tschandl/isic2018-challenge-task1-data-segmentation/ISIC2018_Task1-2_Training_Input/ISIC_0000338.jpg,False,767,576,RGB,1.332,bcb5e2f901d3ede2a9c6f1191b9e4b09,
/kaggle/input/datasets/tschandl/isic2018-challenge-task1-data-segmentation/ISIC2018_Task1-2_Training_Input/ISIC_0010457.jpg,False,1024,768,RGB,1.333,c825677ea0b55a8c161c4237e8bbd6ee,
/kaggle/input/datasets/tschandl/isic2018-challenge-task1-data-segmentation/ISIC2018_Task1-2_Training_Input/ISIC_0009938.jpg,False,1024,768,RGB,1.333,62c4cfdd331657bc71825728f8f9facb,
/kaggle/input/datasets/tschandl/isic2018-challenge-task1-data-segmentation/ISIC2018_Task1-2_Training_Input/ISIC_0000510.jpg,False,919,802,RGB,1.146,d8a677f5064512e46b26e47db68242da,
/kaggle/input/datasets/tschandl/isic2018-challenge-task1-data-segmentation/ISIC2018_Task1-2_Training_Input/ISIC_0001134.jpg,False,3072,2304,RGB,1.333,32e9f6030d1609ad73a935a2f0e815fd,
/kaggle/input/datasets/tschandl/isic2018-challenge-task1-data-segmentation/ISIC2018_Task1-2_Training_Input/ISIC_0015133.jpg,False,6621,4420,RGB,1.498,6318fa07626ecd64bd295360c7f67088,
/kaggle/input/datasets/tschandl/isic2018-challenge-task1-data-segmentation/ISIC2018_Task1-2_Training_Input/ISIC_0016016.jpg,False,4288,2848,RGB,1.506,cb26fd823035a56c2faa28047b4529e3,
/kaggle/input/datasets/tschandl/isic2018-challenge-task1-data-segmentation/ISIC2018_Task1-2_Training_Input/ISIC_0015974.jpg,False,1028,753,RGB,1.365,4326ba22004a7eafba13e52d0c0af4b9,
/kaggle/input/datasets/tschandl/isic2018-challenge-task1-data-segmentation/ISIC2018_Task1-2_Training_Input/ISIC_0012768.jpg,False,3008,2000,RGB,1.504,9133f88ec27f152774adf5d86d1f40fd,
/kaggle/input/datasets/tschandl/isic2018-challenge-task1-data-segmentation/ISIC2018_Task1-2_Training_Input/ISIC_0010362.jpg,False,1024,768,RGB,1.333,8429bd636661d19097669edd37b6361c,
/kaggle/input/datasets/tschandl/isic2018-challenge-task1-data-segmentation/ISIC2018_Task1-2_Training_Input/ISIC_0016063.jpg,False,4288,2848,RGB,1.506,a16ce4b37dd28884c50b55461a223c8f,
/kaggle/input/datasets/tschandl/isic2018-challenge-task1-data-segmentation/ISIC2018_Task1-2_Training_Input/ISIC_0011130.jpg,False,1024,768,RGB,1.333,b9c6c559dd4a2f793a40e66b8d7efcda,
/kaggle/input/datasets/tschandl/isic2018-challenge-task1-data-segmentation/ISIC2018_Task1-2_Training_Input/ISIC_0000323.jpg,False,767,576,RGB,1.332,80674da19efc13ec03b0c1e23f286be8,
/kaggle/input/datasets/tschandl/isic2018-challenge-task1-data-segmentation/ISIC2018_Task1-2_Training_Input/ISIC_0015996.jpg,False,3008,2000,RGB,1.504,3418ad41fd069109340e2c625c0d253f,
/kaggle/input/datasets/tschandl/isic2018-challenge-task1-data-segmentation/ISIC2018_Task1-2_Training_Input/ISIC_0010081.jpg,False,1024,768,RGB,1.333,bce83428fa850c7d2cdea2d1933dcae8,
/kaggle/input/datasets/tschandl/isic2018-challenge-task1-data-segmentation/ISIC2018_Task1-2_Training_Input/ISIC_0012950.jpg,False,3872,2592,RGB,1.494,62f3ab2ee017e3574b142074851b342b,
/kaggle/input/datasets/tschandl/isic2018-challenge-task1-data-segmentation/ISIC2018_Task1-2_Training_Input/ISIC_0011223.jpg,False,1024,768,RGB,1.333,488d50598f9991b6464e1b584d52c796,
/kaggle/input/datasets/tschandl/isic2018-challenge-task1-data-segmentation/ISIC2018_Task1-2_Training_Input/ISIC_0000021.jpg,False,1504,1129,RGB,1.332,5e609dcabbd409793f2c3aa81090c692,
/kaggle/input/datasets/tschandl/isic2018-challenge-task1-data-segmentation/ISIC2018_Task1-2_Training_Input/ISIC_0014114.jpg,False,4288,2848,RGB,1.506,ef3da7ed60be1c79dbb5fdc5ba82b77f,
/kaggle/input/datasets/tschandl/isic2018-challenge-task1-data-segmentation/ISIC2018_Task1-2_Training_Input/ISIC_0013109.jpg,False,3008,2000,RGB,1.504,bdf75a07e4d6f28e7c9ac36e442e405f,
/kaggle/input/datasets/tschandl/isic2018-challenge-task1-data-segmentation/ISIC2018_Task1-2_Training_Input/ISIC_0012701.jpg,False,3008,2000,RGB,1.504,1e498c30efc138f79f34bde2dda8a538,
/kaggle/input/datasets/tschandl/isic2018-challenge-task1-data-segmentation/ISIC2018_Task1-2_Training_Input/ISIC_0015130.jpg,False,6661,4401,RGB,1.514,8d2c9384a48937b0758839b6baf8e2f4,
/kaggle/input/datasets/tschandl/isic2018-challenge-task1-data-segmentation/ISIC2018_Task1-2_Training_Input/ISIC_0013975.jpg,False,3008,2000,RGB,1.504,a9a55c541cf11038feea9fa0c8acc71e,
/kaggle/input/datasets/tschandl/isic2018-challenge-task1-data-segmentation/ISIC2018_Task1-2_Training_Input/ISIC_0010058.jpg,False,1024,768,RGB,1.333,09fd8a80339b3cca3b232491d300382b,
/kaggle/input/datasets/tschandl/isic2018-challenge-task1-data-segmentation/ISIC2018_Task1-2_Training_Input/ISIC_0010247.jpg,False,1024,768,RGB,1.333,13950361a480b42082e17087795edc03,
/kaggle/input/datasets/tschandl/isic2018-challenge-task1-data-segmentation/ISIC2018_Task1-2_Training_Input/ISIC_0016058.jpg,False,4288,2848,RGB,1.506,1dbfb96bb3eb21bbc1964617dd434f60,
/kaggle/input/datasets/tschandl/isic2018-challenge-task1-data-segmentation/ISIC2018_Task1-2_Training_Input/ISIC_0013334.jpg,False,4288,2848,RGB,1.506,b058242a29b256861433ddda8ef8bd85,
/kaggle/input/datasets/tschandl/isic2018-challenge-task1-data-segmentation/ISIC2018_Task1-2_Training_Input/ISIC_0014189.jpg,False,4288,2848,RGB,1.506,eb28108e3eec96ec1e99825a5d6eb9b6,
/kaggle/input/datasets/tschandl/isic2018-challenge-task1-data-segmentation/ISIC2018_Task1-2_Training_Input/ISIC_0015972.jpg,False,3872,2592,RGB,1.494,c6b39bc8b542228a51b39ccd2358c77c,
/kaggle/input/datasets/tschandl/isic2018-challenge-task1-data-segmentation/ISIC2018_Task1-2_Training_Input/ISIC_0013026.jpg,False,3872,2592,RGB,1.494,92ae6faf5c9c7988b25c44ebf2d5e4c6,
/kaggle/input/datasets/tschandl/isic2018-challenge-task1-data-segmentation/ISIC2018_Task1-2_Training_Input/ISIC_0000243.jpg,False,576,768,RGB,0.75,8ae4baf725fff9b01bee1a5d47734e41,
/kaggle/input/datasets/tschandl/isic2018-challenge-task1-data-segmentation/ISIC2018_Task1-2_Training_Input/ISIC_0008116.jpg,False,3024,2016,RGB,1.5,8175f1622959ace1b020c9bda4ac7a25,
/kaggle/input/datasets/tschandl/isic2018-challenge-task1-data-segmentation/ISIC2018_Task1-2_Training_Input/ISIC_0009953.jpg,False,1024,768,RGB,1.333,0f08980ee5fa0f0928f255dd699c8188,
/kaggle/input/datasets/tschandl/isic2018-challenge-task1-data-segmentation/ISIC2018_Task1-2_Training_Input/ISIC_0015991.jpg,False,3008,2000,RGB,1.504,19dad74fe7a515c25b7fc695bb5b6976,
/kaggle/input/datasets/tschandl/isic2018-challenge-task1-data-segmentation/ISIC2018_Task1-2_Training_Input/ISIC_0000352.jpg,False,767,576,RGB,1.332,792e6314a280295ca768bb05034dc299,
/kaggle/input/datasets/tschandl/isic2018-challenge-task1-data-segmentation/ISIC2018_Task1-2_Training_Input/ISIC_0014013.jpg,False,3008,2000,RGB,1.504,2e6d303eae5dc412660e05e0334da9ed,
/kaggle/input/datasets/tschandl/isic2018-challenge-task1-data-segmentation/ISIC2018_Task1-2_Training_Input/ISIC_0010213.jpg,False,1024,768,RGB,1.333,f2127137a1a0b9d676bd568e78aecf2f,
/kaggle/input/datasets/tschandl/isic2018-challenge-task1-data-segmentation/ISIC2018_Task1-2_Training_Input/ISIC_0010105.jpg,False,1024,768,RGB,1.333,da0ee38363a09b40dc19025356355ea7,
/kaggle/input/datasets/tschandl/isic2018-challenge-task1-data-segmentation/ISIC2018_Task1-2_Training_Input/ISIC_0009921.jpg,False,1024,768,RGB,1.333,05b1ea4eae587db13ce35cf3022211f1,
/kaggle/input/datasets/tschandl/isic2018-challenge-task1-data-segmentation/ISIC2018_Task1-2_Training_Input/ISIC_0000409.jpg,False,2601,1909,RGB,1.362,ac4e6fbef4caf4f4ab6b86f8e2448432,
/kaggle/input/datasets/tschandl/isic2018-challenge-task1-data-segmentation/ISIC2018_Task1-2_Training_Input/ISIC_0010858.jpg,False,1024,768,RGB,1.333,0c0e448e3190987653714a7e7a23dc40,
/kaggle/input/datasets/tschandl/isic2018-challenge-task1-data-segmentation/ISIC2018_Task1-2_Training_Input/ISIC_0010357.jpg,False,1024,768,RGB,1.333,3e6d6dcd863b88fe286511eb708b589e,
/kaggle/input/datasets/tschandl/isic2018-challenge-task1-data-segmentation/ISIC2018_Task1-2_Training_Input/ISIC_0013615.jpg,False,4288,2848,RGB,1.506,250ff4c1d564df50d26fde02b2592dda,
/kaggle/input/datasets/tschandl/isic2018-challenge-task1-data-segmentation/ISIC2018_Task1-2_Training_Input/ISIC_0009977.jpg,False,1024,768,RGB,1.333,2c9ac93dbfe1d8db0fb73002f5fd947c,
/kaggle/input/datasets/tschandl/isic2018-challenge-task1-data-segmentation/ISIC2018_Task1-2_Training_Input/ISIC_0012823.jpg,False,3872,2592,RGB,1.494,1c713c127821eb94b0b2ed70cdb11ead,
/kaggle/input/datasets/tschandl/isic2018-challenge-task1-data-segmentation/ISIC2018_Task1-2_Training_Input/ISIC_0013319.jpg,False,4288,2848,RGB,1.506,0f2e6469cb7d851146f99ddd0f9196e7,
/kaggle/input/datasets/tschandl/isic2018-challenge-task1-data-segmentation/ISIC2018_Task1-2_Training_Input/ISIC_0009884.jpg,False,1024,768,RGB,1.333,f9599564134048384be7b4e9670b51e8,
/kaggle/input/datasets/tschandl/isic2018-challenge-task1-data-segmentation/ISIC2018_Task1-2_Training_Input/ISIC_0011345.jpg,False,1024,768,RGB,1.333,8f875293b57c6e7936405fc8794d5371,
/kaggle/input/datasets/tschandl/isic2018-challenge-task1-data-segmentation/ISIC2018_Task1-2_Training_Input/ISIC_0009920.jpg,False,1024,768,RGB,1.333,712122e9df18ce5abd711f647314aba3,
/kaggle/input/datasets/tschandl/isic2018-challenge-task1-data-segmentation/ISIC2018_Task1-2_Training_Input/ISIC_0012149.jpg,False,3008,2000,RGB,1.504,8e0426cceba372224131a2a1419d9139,
/kaggle/input/datasets/tschandl/isic2018-challenge-task1-data-segmentation/ISIC2018_Task1-2_Training_Input/ISIC_0000213.jpg,False,718,542,RGB,1.325,58be5036d892504fa7390f6b137cc788,
/kaggle/input/datasets/tschandl/isic2018-challenge-task1-data-segmentation/ISIC2018_Task1-2_Training_Input/ISIC_0000193.jpg,False,1057,704,RGB,1.501,6c112f87ce3f64a7efdb6f44f9bb78cc,
/kaggle/input/datasets/tschandl/isic2018-challenge-task1-data-segmentation/ISIC2018_Task1-2_Training_Input/ISIC_0015212.jpg,False,6640,4420,RGB,1.502,1342071fd716d86fb602cbae01ff0d94,
/kaggle/input/datasets/tschandl/isic2018-challenge-task1-data-segmentation/ISIC2018_Task1-2_Training_Input/ISIC_0012940.jpg,False,3872,2592,RGB,1.494,d66684573be5d563d0b3db93c0afa76a,
/kaggle/input/datasets/tschandl/isic2018-challenge-task1-data-segmentation/ISIC2018_Task1-2_Training_Input/ISIC_0013213.jpg,False,3008,2000,RGB,1.504,17bdbb383b31647a5f0133f7105cb70c,
/kaggle/input/datasets/tschandl/isic2018-challenge-task1-data-segmentation/ISIC2018_Task1-2_Training_Input/ISIC_0014572.jpg,False,2592,1936,RGB,1.339,55a0ccef253cdadd75ee4fb902fbae41,
/kaggle/input/datasets/tschandl/isic2018-challenge-task1-data-segmentation/ISIC2018_Task1-2_Training_Input/ISIC_0014366.jpg,False,4288,2848,RGB,1.506,75b98ecec28ad095d364b037e5deffdc,
/kaggle/input/datasets/tschandl/isic2018-challenge-task1-data-segmentation/ISIC2018_Task1-2_Training_Input/ISIC_0000141.jpg,False,2048,1536,RGB,1.333,c5aba8786b3d16c228c8fcfa64204277,
/kaggle/input/datasets/tschandl/isic2018-challenge-task1-data-segmentation/ISIC2018_Task1-2_Training_Input/ISIC_0000397.jpg,False,3072,2304,RGB,1.333,4afa3186d0ae3b66b2988703f7e50645,
/kaggle/input/datasets/tschandl/isic2018-challenge-task1-data-segmentation/ISIC2018_Task1-2_Training_Input/ISIC_0013918.jpg,False,3008,2000,RGB,1.504,7b36bd0c03f0dac1a85b7583f098a0b4,
/kaggle/input/datasets/tschandl/isic2018-challenge-task1-data-segmentation/ISIC2018_Task1-2_Training_Input/ISIC_0010029.jpg,False,1024,768,RGB,1.333,f60164b3bcc37b4d3b8f8529341c4f7d,
/kaggle/input/datasets/tschandl/isic2018-challenge-task1-data-segmentation/ISIC2018_Task1-2_Training_Input/ISIC_0016043.jpg,False,4288,2848,RGB,1.506,e7f7fc7f58572b2bc305727dbdb4e641,
/kaggle/input/datasets/tschandl/isic2018-challenge-task1-data-segmentation/ISIC2018_Task1-2_Training_Input/ISIC_0000357.jpg,False,767,576,RGB,1.332,2057f9f083b670d3187b7b357c7c6494,
/kaggle/input/datasets/tschandl/isic2018-challenge-task1-data-segmentation/ISIC2018_Task1-2_Training_Input/ISIC_0009344.jpg,False,4288,2848,RGB,1.506,71a4c783f1f5e1ef1e4d58ee99868393,
/kaggle/input/datasets/tschandl/isic2018-challenge-task1-data-segmentation/ISIC2018_Task1-2_Training_Input/ISIC_0000473.jpg,False,3008,2000,RGB,1.504,4b0af2c112c39e2e750ddbba65cf8d79,
/kaggle/input/datasets/tschandl/isic2018-challenge-task1-data-segmentation/ISIC2018_Task1-2_Training_Input/ISIC_0014131.jpg,False,4288,2848,RGB,1.506,e914d24b1ac58ed2f7d51e5171029415,
/kaggle/input/datasets/tschandl/isic2018-challenge-task1-data-segmentation/ISIC2018_Task1-2_Training_Input/ISIC_0015273.jpg,False,6688,4439,RGB,1.507,1017ed663702f619769ff57394cf5f4d,
/kaggle/input/datasets/tschandl/isic2018-challenge-task1-data-segmentation/ISIC2018_Task1-2_Training_Input/ISIC_0013359.jpg,False,4288,2848,RGB,1.506,e7498dd8da448f4d5edd5b552e1f3bf3,
/kaggle/input/datasets/tschandl/isic2018-challenge-task1-data-segmentation/ISIC2018_Task1-2_Training_Input/ISIC_0000198.jpg,False,725,542,RGB,1.338,534ec963c8c7f53074c9c4cf67c10c40,
/kaggle/input/datasets/tschandl/isic2018-challenge-task1-data-segmentation/ISIC2018_Task1-2_Training_Input/ISIC_0000522.jpg,False,919,802,RGB,1.146,f9e53ff50d12cdd69b8c9c872f9e1844,
/kaggle/input/datasets/tschandl/isic2018-challenge-task1-data-segmentation/ISIC2018_Task1-2_Training_Input/ISIC_0014830.jpg,False,6681,4441,RGB,1.504,1840c8fea053794f944c6e87886a28b5,
/kaggle/input/datasets/tschandl/isic2018-challenge-task1-data-segmentation/ISIC2018_Task1-2_Training_Input/ISIC_0014032.jpg,False,4288,2848,RGB,1.506,4efc1aa10a476f99cd797e7126cd6a0c,
/kaggle/input/datasets/tschandl/isic2018-challenge-task1-data-segmentation/ISIC2018_Task1-2_Training_Input/ISIC_0013602.jpg,False,3872,2592,RGB,1.494,5068130e27f12af8b6134b6e9f39f0bc,
/kaggle/input/datasets/tschandl/isic2018-challenge-task1-data-segmentation/ISIC2018_Task1-2_Training_Input/ISIC_0011121.jpg,False,1024,768,RGB,1.333,c67c4bd87fd16ddc7ac379c5384aee65,
/kaggle/input/datasets/tschandl/isic2018-challenge-task1-data-segmentation/ISIC2018_Task1-2_Training_Input/ISIC_0000205.jpg,False,1502,1026,RGB,1.464,7cfe983ae9a909f51da880bf0244e583,
/kaggle/input/datasets/tschandl/isic2018-challenge-task1-data-segmentation/ISIC2018_Task1-2_Training_Input/ISIC_0013782.jpg,False,3008,2000,RGB,1.504,5beb6b36c00959931d36cf8e32d3ffb7,
/kaggle/input/datasets/tschandl/isic2018-challenge-task1-data-segmentation/ISIC2018_Task1-2_Training_Input/ISIC_0014687.jpg,False,6668,4439,RGB,1.502,82df2dac82ee2e77b953855f4cea54da,
/kaggle/input/datasets/tschandl/isic2018-challenge-task1-data-segmentation/ISIC2018_Task1-2_Training_Input/ISIC_0015040.jpg,False,6621,4420,RGB,1.498,d469f2d68c5ee7289e4e872160397e07,
/kaggle/input/datasets/tschandl/isic2018-challenge-task1-data-segmentation/ISIC2018_Task1-2_Training_Input/ISIC_0013082.jpg,False,3872,2592,RGB,1.494,05a3fd205e9c3ff9c76f6b8b7ac9b76c,
/kaggle/input/datasets/tschandl/isic2018-challenge-task1-data-segmentation/ISIC2018_Task1-2_Training_Input/ISIC_0011202.jpg,False,1024,768,RGB,1.333,7e90eb5cbed47719a7ddc7b8254d2122,
/kaggle/input/datasets/tschandl/isic2018-challenge-task1-data-segmentation/ISIC2018_Task1-2_Training_Input/ISIC_0010256.jpg,False,1024,768,RGB,1.333,28f5dd331b20cbe08e494775fb624a6b,
/kaggle/input/datasets/tschandl/isic2018-challenge-task1-data-segmentation/ISIC2018_Task1-2_Training_Input/ISIC_0013783.jpg,False,4288,2848,RGB,1.506,05fd03947a61eacc285b32d3a8ee33ec,
/kaggle/input/datasets/tschandl/isic2018-challenge-task1-data-segmentation/ISIC2018_Task1-2_Training_Input/ISIC_0001242.jpg,False,4288,2848,RGB,1.506,6b4973993f884768e61c8a7073485e39,
/kaggle/input/datasets/tschandl/isic2018-challenge-task1-data-segmentation/ISIC2018_Task1-2_Training_Input/ISIC_0014912.jpg,False,6708,4439,RGB,1.511,f71553b8c03e7b83962da6fe07db210a,
/kaggle/input/datasets/tschandl/isic2018-challenge-task1-data-segmentation/ISIC2018_Task1-2_Training_Input/ISIC_0012434.jpg,False,3008,2000,RGB,1.504,d9d0a069a3c95ae714b2ebcf6d55e5b6,
/kaggle/input/datasets/tschandl/isic2018-challenge-task1-data-segmentation/ISIC2018_Task1-2_Training_Input/ISIC_0015989.jpg,False,3008,2000,RGB,1.504,fe13059d21d155096410936c20752201,
/kaggle/input/datasets/tschandl/isic2018-challenge-task1-data-segmentation/ISIC2018_Task1-2_Training_Input/ISIC_0014722.jpg,False,6602,4402,RGB,1.5,5b603584a99dbc7ff9dfab44ffee9855,
/kaggle/input/datasets/tschandl/isic2018-challenge-task1-data-segmentation/ISIC2018_Task1-2_Training_Input/ISIC_0013739.jpg,False,3008,2000,RGB,1.504,da44f71ade23a117ef2a9bb53b6fe15d,
/kaggle/input/datasets/tschandl/isic2018-challenge-task1-data-segmentation/ISIC2018_Task1-2_Training_Input/ISIC_0013277.jpg,False,3008,2000,RGB,1.504,7d829b9460c6a4417d5d4d927561fc52,
/kaggle/input/datasets/tschandl/isic2018-challenge-task1-data-segmentation/ISIC2018_Task1-2_Training_Input/ISIC_0010350.jpg,False,1024,768,RGB,1.333,7fcab853d6ea3977d0b50031492a835b,
/kaggle/input/datasets/tschandl/isic2018-challenge-task1-data-segmentation/ISIC2018_Task1-2_Training_Input/ISIC_0000131.jpg,False,2048,1536,RGB,1.333,41f791c1221f4f5df1269f82ed962978,
/kaggle/input/datasets/tschandl/isic2018-challenge-task1-data-segmentation/ISIC2018_Task1-2_Training_Input/ISIC_0015607.jpg,False,6620,4380,RGB,1.511,92c1183ea3d3194b073ab5eb283178d1,
/kaggle/input/datasets/tschandl/isic2018-challenge-task1-data-segmentation/ISIC2018_Task1-2_Training_Input/ISIC_0000326.jpg,False,767,576,RGB,1.332,db24ec8ea0a93ebb4eb6287ed1ddebc8,
/kaggle/input/datasets/tschandl/isic2018-challenge-task1-data-segmentation/ISIC2018_Task1-2_Training_Input/ISIC_0014969.jpg,False,6688,4459,RGB,1.5,36bfd68bd3c0c8ea09355b5b68d0d0bf,
/kaggle/input/datasets/tschandl/isic2018-challenge-task1-data-segmentation/ISIC2018_Task1-2_Training_Input/ISIC_0015190.jpg,False,6648,4419,RGB,1.504,eacd489fa6c7b5438bcd40db7b7778a9,
/kaggle/input/datasets/tschandl/isic2018-challenge-task1-data-segmentation/ISIC2018_Task1-2_Training_Input/ISIC_0015510.jpg,False,6681,4440,RGB,1.505,6ad217e9711548a6b965263b6d9e37cd,
/kaggle/input/datasets/tschandl/isic2018-challenge-task1-data-segmentation/ISIC2018_Task1-2_Training_Input/ISIC_0015355.jpg,False,6668,4439,RGB,1.502,a7841050fc6e9489dfb7ef308c29651b,
/kaggle/input/datasets/tschandl/isic2018-challenge-task1-data-segmentation/ISIC2018_Task1-2_Training_Input/ISIC_0009998.jpg,False,1024,768,RGB,1.333,25584d311fbff6c12bd52def5a2e30d1,
/kaggle/input/datasets/tschandl/isic2018-challenge-task1-data-segmentation/ISIC2018_Task1-2_Training_Input/ISIC_0010568.jpg,False,1024,768,RGB,1.333,0aed7194acb0d89d86207e05fe703f52,
/kaggle/input/datasets/tschandl/isic2018-challenge-task1-data-segmentation/ISIC2018_Task1-2_Training_Input/ISIC_0013258.jpg,False,3008,2000,RGB,1.504,a8438d1362372a7f7dc80e3651288585,
/kaggle/input/datasets/tschandl/isic2018-challenge-task1-data-segmentation/ISIC2018_Task1-2_Training_Input/ISIC_0000447.jpg,False,2012,1956,RGB,1.029,8387ee1b50e5c9cc10695bdc13a27702,
/kaggle/input/datasets/tschandl/isic2018-challenge-task1-data-segmentation/ISIC2018_Task1-2_Training_Input/ISIC_0013034.jpg,False,3008,2000,RGB,1.504,dac2e1e0782730f2f0eeab9c2b6ac72e,
/kaggle/input/datasets/tschandl/isic2018-challenge-task1-data-segmentation/ISIC2018_Task1-2_Training_Input/ISIC_0004168.jpg,False,4288,2848,RGB,1.506,69e130632bf63163a1eb03cfd1d5bcc1,
/kaggle/input/datasets/tschandl/isic2018-challenge-task1-data-segmentation/ISIC2018_Task1-2_Training_Input/ISIC_0012654.jpg,False,2304,1536,RGB,1.5,cd6d34e1d4383062f6fbd43a7ad87376,
/kaggle/input/datasets/tschandl/isic2018-challenge-task1-data-segmentation/ISIC2018_Task1-2_Training_Input/ISIC_0012159.jpg,False,3008,2000,RGB,1.504,aa90f5c2519a47ec27ce3660c6046099,
/kaggle/input/datasets/tschandl/isic2018-challenge-task1-data-segmentation/ISIC2018_Task1-2_Training_Input/ISIC_0012969.jpg,False,3008,2000,RGB,1.504,14127b0a62e2864afc9897316c1a1d3a,
/kaggle/input/datasets/tschandl/isic2018-challenge-task1-data-segmentation/ISIC2018_Task1-2_Training_Input/ISIC_0012902.jpg,False,3872,2592,RGB,1.494,bed9c3abb79e124c6d8aaa26d3d06cad,
/kaggle/input/datasets/tschandl/isic2018-challenge-task1-data-segmentation/ISIC2018_Task1-2_Training_Input/ISIC_0000224.jpg,False,957,640,RGB,1.495,dd05b214df0a3a768df7393847ceb5c6,
/kaggle/input/datasets/tschandl/isic2018-challenge-task1-data-segmentation/ISIC2018_Task1-2_Training_Input/ISIC_0013766.jpg,False,4288,2848,RGB,1.506,9370df83a0eb6ff550f3ff54426b8628,
/kaggle/input/datasets/tschandl/isic2018-challenge-task1-data-segmentation/ISIC2018_Task1-2_Training_Input/ISIC_0013833.jpg,False,4288,2848,RGB,1.506,62e344ba1fc148c003097563c6b2339f,
/kaggle/input/datasets/tschandl/isic2018-challenge-task1-data-segmentation/ISIC2018_Task1-2_Training_Input/ISIC_0000133.jpg,False,2048,1536,RGB,1.333,0adf91860116b1ec83fff76afd125dee,
/kaggle/input/datasets/tschandl/isic2018-challenge-task1-data-segmentation/ISIC2018_Task1-2_Training_Input/ISIC_0000328.jpg,False,767,576,RGB,1.332,0019ab88cff783cee18d55b600633d87,
/kaggle/input/datasets/tschandl/isic2018-challenge-task1-data-segmentation/ISIC2018_Task1-2_Training_Input/ISIC_0006651.jpg,False,3024,2016,RGB,1.5,64c0ab540f3541c0cfe9c1fff145cc12,
/kaggle/input/datasets/tschandl/isic2018-challenge-task1-data-segmentation/ISIC2018_Task1-2_Training_Input/ISIC_0012786.jpg,False,3872,2592,RGB,1.494,da5dcd90fbce9b9f5b6a55afc36d2fcc,
/kaggle/input/datasets/tschandl/isic2018-challenge-task1-data-segmentation/ISIC2018_Task1-2_Training_Input/ISIC_0013397.jpg,False,4288,2848,RGB,1.506,c353c888c85a1f77ff080da7ff484d95,
/kaggle/input/datasets/tschandl/isic2018-challenge-task1-data-segmentation/ISIC2018_Task1-2_Training_Input/ISIC_0016042.jpg,False,4288,2848,RGB,1.506,549306f1e1d9720cf713bdfddcf28c54,
/kaggle/input/datasets/tschandl/isic2018-challenge-task1-data-segmentation/ISIC2018_Task1-2_Training_Input/ISIC_0000320.jpg,False,767,576,RGB,1.332,7cb9389a41363a93f597b9ab60856a8d,
/kaggle/input/datasets/tschandl/isic2018-challenge-task1-data-segmentation/ISIC2018_Task1-2_Training_Input/ISIC_0013867.jpg,False,4288,2848,RGB,1.506,b3045ab61318a1a5f8a8370b6c947d4d,
/kaggle/input/datasets/tschandl/isic2018-challenge-task1-data-segmentation/ISIC2018_Task1-2_Training_Input/ISIC_0010553.jpg,False,1024,768,RGB,1.333,a089510998ef9385d578460b55f281ac,
/kaggle/input/datasets/tschandl/isic2018-challenge-task1-data-segmentation/ISIC2018_Task1-2_Training_Input/ISIC_0000434.jpg,False,3072,2304,RGB,1.333,baa5152f9d86c497a529512f608c71c4,
/kaggle/input/datasets/tschandl/isic2018-challenge-task1-data-segmentation/ISIC2018_Task1-2_Training_Input/ISIC_0010472.jpg,False,1024,768,RGB,1.333,221883eb2ac3d30f49e8058b7253561d,
/kaggle/input/datasets/tschandl/isic2018-challenge-task1-data-segmentation/ISIC2018_Task1-2_Training_Input/ISIC_0010317.jpg,False,1024,768,RGB,1.333,0e3bd4b716d45eb0d8dd08c0d74d4f4d,
/kaggle/input/datasets/tschandl/isic2018-challenge-task1-data-segmentation/ISIC2018_Task1-2_Training_Input/ISIC_0013374.jpg,False,4288,2848,RGB,1.506,c5f6ea470426ae5e584e20c75bff9e15,
/kaggle/input/datasets/tschandl/isic2018-challenge-task1-data-segmentation/ISIC2018_Task1-2_Training_Input/ISIC_0009083.jpg,False,4288,2848,RGB,1.506,9a7ae025bce29f0577870eccb53ce7f8,
/kaggle/input/datasets/tschandl/isic2018-challenge-task1-data-segmentation/ISIC2018_Task1-2_Training_Input/ISIC_0010584.jpg,False,1024,768,RGB,1.333,6e0bbd1bca6f0a251b2abe4eb4352504,
/kaggle/input/datasets/tschandl/isic2018-challenge-task1-data-segmentation/ISIC2018_Task1-2_Training_Input/ISIC_0013458.jpg,False,4288,2848,RGB,1.506,148144af7286d8ca8430167c9d63677f,
/kaggle/input/datasets/tschandl/isic2018-challenge-task1-data-segmentation/ISIC2018_Task1-2_Training_Input/ISIC_0015140.jpg,False,6662,4382,RGB,1.52,19b1862fb14a0f2e50dec82a932763c0,
/kaggle/input/datasets/tschandl/isic2018-challenge-task1-data-segmentation/ISIC2018_Task1-2_Training_Input/ISIC_0000331.jpg,False,767,576,RGB,1.332,d8e3394d45293253cca2d032fa4670ec,
/kaggle/input/datasets/tschandl/isic2018-challenge-task1-data-segmentation/ISIC2018_Task1-2_Training_Input/ISIC_0014966.jpg,False,6688,4459,RGB,1.5,d8e63ebf5ac61608e2f1c8a3976d6668,
/kaggle/input/datasets/tschandl/isic2018-challenge-task1-data-segmentation/ISIC2018_Task1-2_Training_Input/ISIC_0010171.jpg,False,1024,768,RGB,1.333,e051630b845c4b5769088f0cae2a3505,
/kaggle/input/datasets/tschandl/isic2018-challenge-task1-data-segmentation/ISIC2018_Task1-2_Training_Input/ISIC_0016007.jpg,False,4288,2848,RGB,1.506,e0984483698b8bd985b7e70cb8808ab8,
/kaggle/input/datasets/tschandl/isic2018-challenge-task1-data-segmentation/ISIC2018_Task1-2_Training_Input/ISIC_0015204.jpg,False,6641,4420,RGB,1.502,0bef9342ca9f813dfcfbf74d6e6d4d4e,
/kaggle/input/datasets/tschandl/isic2018-challenge-task1-data-segmentation/ISIC2018_Task1-2_Training_Input/ISIC_0000519.jpg,False,3072,2304,RGB,1.333,29e949909b1ff3e7c318ab7de59f737a,
/kaggle/input/datasets/tschandl/isic2018-challenge-task1-data-segmentation/ISIC2018_Task1-2_Training_Input/ISIC_0014233.jpg,False,4288,2848,RGB,1.506,d34e3f1a8dce67ad417ab68190712ec6,
/kaggle/input/datasets/tschandl/isic2018-challenge-task1-data-segmentation/ISIC2018_Task1-2_Training_Input/ISIC_0012669.jpg,False,3008,2000,RGB,1.504,5d570183c4d73b6f5c18d12e33598734,
/kaggle/input/datasets/tschandl/isic2018-challenge-task1-data-segmentation/ISIC2018_Task1-2_Training_Input/ISIC_0013580.jpg,False,4288,2848,RGB,1.506,b2ed13126c7eabd2f834a41015404baa,
/kaggle/input/datasets/tschandl/isic2018-challenge-task1-data-segmentation/ISIC2018_Task1-2_Training_Input/ISIC_0016053.jpg,False,4288,2848,RGB,1.506,d248b40232908b84286136df89ad0970,
/kaggle/input/datasets/tschandl/isic2018-challenge-task1-data-segmentation/ISIC2018_Task1-2_Training_Input/ISIC_0000069.jpg,False,1022,767,RGB,1.332,9430092253c15239107e15e18fbc7d34,
/kaggle/input/datasets/tschandl/isic2018-challenge-task1-data-segmentation/ISIC2018_Task1-2_Training_Input/ISIC_0013982.jpg,False,4288,2848,RGB,1.506,475ae8b3f26baed0e37dc71f784b0432,
/kaggle/input/datasets/tschandl/isic2018-challenge-task1-data-segmentation/ISIC2018_Task1-2_Training_Input/ISIC_0013617.jpg,False,3872,2592,RGB,1.494,5518a862c3b20ceddeae59e767f64270,
/kaggle/input/datasets/tschandl/isic2018-challenge-task1-data-segmentation/ISIC2018_Task1-2_Training_Input/ISIC_0013921.jpg,False,3872,2592,RGB,1.494,90b0c2453a364f5f33e84400f3ad11af,
/kaggle/input/datasets/tschandl/isic2018-challenge-task1-data-segmentation/ISIC2018_Task1-2_Training_Input/ISIC_0010455.jpg,False,1024,768,RGB,1.333,aefd33a0b0fde91784a75bce07ce5ada,
/kaggle/input/datasets/tschandl/isic2018-challenge-task1-data-segmentation/ISIC2018_Task1-2_Training_Input/ISIC_0000255.jpg,False,1024,768,RGB,1.333,3e4476a1454826e5cb5120116174a7fe,
/kaggle/input/datasets/tschandl/isic2018-challenge-task1-data-segmentation/ISIC2018_Task1-2_Training_Input/ISIC_0013554.jpg,False,4288,2848,RGB,1.506,4bb2bbc63515153dc8962ae572491f6a,
/kaggle/input/datasets/tschandl/isic2018-challenge-task1-data-segmentation/ISIC2018_Task1-2_Training_Input/ISIC_0010177.jpg,False,1024,768,RGB,1.333,73c97b2751e324ba4ec9c67c50197b5f,
/kaggle/input/datasets/tschandl/isic2018-challenge-task1-data-segmentation/ISIC2018_Task1-2_Training_Input/ISIC_0015496.jpg,False,6688,4459,RGB,1.5,82cc121e2b6eb1578dd6896e9b49f3fa,
/kaggle/input/datasets/tschandl/isic2018-challenge-task1-data-segmentation/ISIC2018_Task1-2_Training_Input/ISIC_0011081.jpg,False,1024,768,RGB,1.333,8c34ae1cb85fecf12f6a4f3e54e40c70,
/kaggle/input/datasets/tschandl/isic2018-challenge-task1-data-segmentation/ISIC2018_Task1-2_Training_Input/ISIC_0012835.jpg,False,3008,2000,RGB,1.504,e396261a89421667ffbad740025aa63b,
/kaggle/input/datasets/tschandl/isic2018-challenge-task1-data-segmentation/ISIC2018_Task1-2_Training_Input/ISIC_0014961.jpg,False,6688,4459,RGB,1.5,cb62a89a73c9bb5f52412358064aeae1,
/kaggle/input/datasets/tschandl/isic2018-challenge-task1-data-segmentation/ISIC2018_Task1-2_Training_Input/ISIC_0010216.jpg,False,1024,768,RGB,1.333,bac08fb5145a895fb630019f0db0db07,
/kaggle/input/datasets/tschandl/isic2018-challenge-task1-data-segmentation/ISIC2018_Task1-2_Training_Input/ISIC_0015967.jpg,False,3008,2000,RGB,1.504,d2eb41b130e607b37c469d9d6615d3fa,
/kaggle/input/datasets/tschandl/isic2018-challenge-task1-data-segmentation/ISIC2018_Task1-2_Training_Input/ISIC_0000458.jpg,False,919,802,RGB,1.146,9fbb4ec2a2886cab4d9621b2590217db,
/kaggle/input/datasets/tschandl/isic2018-challenge-task1-data-segmentation/ISIC2018_Task1-2_Training_Input/ISIC_0015312.jpg,False,6708,4459,RGB,1.504,4fda8f03c1d8cff6b52c5f5554628ff4,
/kaggle/input/datasets/tschandl/isic2018-challenge-task1-data-segmentation/ISIC2018_Task1-2_Training_Input/ISIC_0013778.jpg,False,4288,2848,RGB,1.506,b38db068430d5643eaeb307248afc5f5,
/kaggle/input/datasets/tschandl/isic2018-challenge-task1-data-segmentation/ISIC2018_Task1-2_Training_Input/ISIC_0012544.jpg,False,4288,2848,RGB,1.506,d5e7014fb0108d9461f8912c0fdc0413,
/kaggle/input/datasets/tschandl/isic2018-challenge-task1-data-segmentation/ISIC2018_Task1-2_Training_Input/ISIC_0000345.jpg,False,767,576,RGB,1.332,104284c66cefaf33ebd2b9f9a988d21c,
/kaggle/input/datasets/tschandl/isic2018-challenge-task1-data-segmentation/ISIC2018_Task1-2_Training_Input/ISIC_0007788.jpg,False,4288,2848,RGB,1.506,7179c94d51d94545a36fc1c839fdd705,
/kaggle/input/datasets/tschandl/isic2018-challenge-task1-data-segmentation/ISIC2018_Task1-2_Training_Input/ISIC_0015331.jpg,False,6688,4439,RGB,1.507,1bb729ebc9f84af8d1397610655cfc90,
/kaggle/input/datasets/tschandl/isic2018-challenge-task1-data-segmentation/ISIC2018_Task1-2_Training_Input/ISIC_0000109.jpg,False,2048,1536,RGB,1.333,255875e2a0c72fc4f3382840805e11b8,
/kaggle/input/datasets/tschandl/isic2018-challenge-task1-data-segmentation/ISIC2018_Task1-2_Training_Input/ISIC_0012660.jpg,False,2304,1536,RGB,1.5,bae36d56291e4b6138459349f5a7152f,
/kaggle/input/datasets/tschandl/isic2018-challenge-task1-data-segmentation/ISIC2018_Task1-2_Training_Input/ISIC_0009991.jpg,False,1024,768,RGB,1.333,eaf0e94e2192d2676208aa48908caeb8,
/kaggle/input/datasets/tschandl/isic2018-challenge-task1-data-segmentation/ISIC2018_Task1-2_Training_Input/ISIC_0011214.jpg,False,1024,768,RGB,1.333,f58e0c15ddfa4bb7d29ab958c79cf21c,
/kaggle/input/datasets/tschandl/isic2018-challenge-task1-data-segmentation/ISIC2018_Task1-2_Training_Input/ISIC_0013792.jpg,False,2304,1536,RGB,1.5,abb2f06c005737a93ee536d7eecdd13e,
/kaggle/input/datasets/tschandl/isic2018-challenge-task1-data-segmentation/ISIC2018_Task1-2_Training_Input/ISIC_0002647.jpg,False,4288,2848,RGB,1.506,e4a2ad74415be48020fd5268989bbcbb,
/kaggle/input/datasets/tschandl/isic2018-challenge-task1-data-segmentation/ISIC2018_Task1-2_Training_Input/ISIC_0012529.jpg,False,4288,2848,RGB,1.506,f9fc9b106a3aa149e15817ad202425cf,
/kaggle/input/datasets/tschandl/isic2018-challenge-task1-data-segmentation/ISIC2018_Task1-2_Training_Input/ISIC_0010562.jpg,False,1024,768,RGB,1.333,e6ed37fd019b689c5975183cedec793b,
/kaggle/input/datasets/tschandl/isic2018-challenge-task1-data-segmentation/ISIC2018_Task1-2_Training_Input/ISIC_0014835.jpg,False,6681,4461,RGB,1.498,0d01e9d24ceb90642bf1ab1eb6abcfa8,
/kaggle/input/datasets/tschandl/isic2018-challenge-task1-data-segmentation/ISIC2018_Task1-2_Training_Input/ISIC_0009298.jpg,False,4288,2848,RGB,1.506,81110d8638c7f0e334a2f451fddd29fd,
/kaggle/input/datasets/tschandl/isic2018-challenge-task1-data-segmentation/ISIC2018_Task1-2_Training_Input/ISIC_0014994.jpg,False,6648,4439,RGB,1.498,90791e05339d7e1eca01a10268bf2512,
/kaggle/input/datasets/tschandl/isic2018-challenge-task1-data-segmentation/ISIC2018_Task1-2_Training_Input/ISIC_0000206.jpg,False,1502,1051,RGB,1.429,567c5da82f5f10015b6cc178b8a33113,
/kaggle/input/datasets/tschandl/isic2018-challenge-task1-data-segmentation/ISIC2018_Task1-2_Training_Input/ISIC_0013052.jpg,False,3008,2000,RGB,1.504,d3e304c8227847624c1dd481ada954c5,
/kaggle/input/datasets/tschandl/isic2018-challenge-task1-data-segmentation/ISIC2018_Task1-2_Training_Input/ISIC_0010067.jpg,False,1024,768,RGB,1.333,ab9ab8521376cd8072f93f17a3a42de3,
/kaggle/input/datasets/tschandl/isic2018-challenge-task1-data-segmentation/ISIC2018_Task1-2_Training_Input/ISIC_0011143.jpg,False,1024,768,RGB,1.333,abd6c9fa90b6841b2cd7eca97a5995eb,
/kaggle/input/datasets/tschandl/isic2018-challenge-task1-data-segmentation/ISIC2018_Task1-2_Training_Input/ISIC_0015440.jpg,False,6642,4421,RGB,1.502,42eb250df4552ce444023bb98e859532,
/kaggle/input/datasets/tschandl/isic2018-challenge-task1-data-segmentation/ISIC2018_Task1-2_Training_Input/ISIC_0012865.jpg,False,3872,2592,RGB,1.494,6d27e4e013a91497aa0afa5abea050b5,
/kaggle/input/datasets/tschandl/isic2018-challenge-task1-data-segmentation/ISIC2018_Task1-2_Training_Input/ISIC_0014144.jpg,False,4288,2848,RGB,1.506,28aa9c4f9e1240fcadc661b235722a3c,
/kaggle/input/datasets/tschandl/isic2018-challenge-task1-data-segmentation/ISIC2018_Task1-2_Training_Input/ISIC_0010448.jpg,False,1024,768,RGB,1.333,e75f1856571f5210cb7c16397c768ace,
/kaggle/input/datasets/tschandl/isic2018-challenge-task1-data-segmentation/ISIC2018_Task1-2_Training_Input/ISIC_0001960.jpg,False,3024,2016,RGB,1.5,53632a0cf0466048e40828326cd35da0,
/kaggle/input/datasets/tschandl/isic2018-challenge-task1-data-segmentation/ISIC2018_Task1-2_Training_Input/ISIC_0012702.jpg,False,3008,2000,RGB,1.504,87426452913aa0262d8614574716cb7b,
/kaggle/input/datasets/tschandl/isic2018-challenge-task1-data-segmentation/ISIC2018_Task1-2_Training_Input/ISIC_0013674.jpg,False,4288,2848,RGB,1.506,a5fc8f563ead1caa28081531494e8756,
/kaggle/input/datasets/tschandl/isic2018-challenge-task1-data-segmentation/ISIC2018_Task1-2_Training_Input/ISIC_0014080.jpg,False,4288,2848,RGB,1.506,2bc91829ce9c19ed86033464216371ea,
/kaggle/input/datasets/tschandl/isic2018-challenge-task1-data-segmentation/ISIC2018_Task1-2_Training_Input/ISIC_0014797.jpg,False,6622,4421,RGB,1.498,3d3b3915219ba004720404818f16b987,
/kaggle/input/datasets/tschandl/isic2018-challenge-task1-data-segmentation/ISIC2018_Task1-2_Training_Input/ISIC_0008294.jpg,False,3024,2016,RGB,1.5,41ac608853f374d6104d3ebf76f9713d,
/kaggle/input/datasets/tschandl/isic2018-challenge-task1-data-segmentation/ISIC2018_Task1-2_Training_Input/ISIC_0014942.jpg,False,6668,4419,RGB,1.509,f9c16d22b2f85e44e7b7b6ebe550c77d,
/kaggle/input/datasets/tschandl/isic2018-challenge-task1-data-segmentation/ISIC2018_Task1-2_Training_Input/ISIC_0012178.jpg,False,3008,2000,RGB,1.504,596e1b3bdf20cf133fec9d1e71bfdfcd,
/kaggle/input/datasets/tschandl/isic2018-challenge-task1-data-segmentation/ISIC2018_Task1-2_Training_Input/ISIC_0000166.jpg,False,722,542,RGB,1.332,8eb5e5cde2ed11aca913278e0460035e,
/kaggle/input/datasets/tschandl/isic2018-challenge-task1-data-segmentation/ISIC2018_Task1-2_Training_Input/ISIC_0015975.jpg,False,3008,2000,RGB,1.504,caf858f93fddae5f3ac57fff76f7b762,
/kaggle/input/datasets/tschandl/isic2018-challenge-task1-data-segmentation/ISIC2018_Task1-2_Training_Input/ISIC_0014697.jpg,False,6642,4401,RGB,1.509,a827853e55b906e398cd2b8218d478f6,
/kaggle/input/datasets/tschandl/isic2018-challenge-task1-data-segmentation/ISIC2018_Task1-2_Training_Input/ISIC_0012164.jpg,False,3008,2000,RGB,1.504,c8b8827bc8c4cc990cab832a5a34c086,
/kaggle/input/datasets/tschandl/isic2018-challenge-task1-data-segmentation/ISIC2018_Task1-2_Training_Input/ISIC_0014501.jpg,False,4288,2848,RGB,1.506,10f354018eb3b65de3a2dff99f74e252,
/kaggle/input/datasets/tschandl/isic2018-challenge-task1-data-segmentation/ISIC2018_Task1-2_Training_Input/ISIC_0010844.jpg,False,1024,768,RGB,1.333,397002747a7982e145992066db9adb1c,
/kaggle/input/datasets/tschandl/isic2018-challenge-task1-data-segmentation/ISIC2018_Task1-2_Training_Input/ISIC_0016024.jpg,False,3872,2592,RGB,1.494,3321231b300e0adc6906faebd54f4d87,
/kaggle/input/datasets/tschandl/isic2018-challenge-task1-data-segmentation/ISIC2018_Task1-2_Training_Input/ISIC_0000026.jpg,False,1504,1129,RGB,1.332,3d4d8005eb55f3d79a3b01c43bb4a0c8,
/kaggle/input/datasets/tschandl/isic2018-challenge-task1-data-segmentation/ISIC2018_Task1-2_Training_Input/ISIC_0000175.jpg,False,966,638,RGB,1.514,e2d8e59b951ad4d788055cbafb2114fa,
/kaggle/input/datasets/tschandl/isic2018-challenge-task1-data-segmentation/ISIC2018_Task1-2_Training_Input/ISIC_0013423.jpg,False,4288,2848,RGB,1.506,c1a57ee355f22585bf4bf687f9762aaa,
/kaggle/input/datasets/tschandl/isic2018-challenge-task1-data-segmentation/ISIC2018_Task1-2_Training_Input/ISIC_0000386.jpg,False,3072,2304,RGB,1.333,d3d920cf6c71aae3b16b35533f2d4103,
/kaggle/input/datasets/tschandl/isic2018-challenge-task1-data-segmentation/ISIC2018_Task1-2_Training_Input/ISIC_0011176.jpg,False,1024,768,RGB,1.333,15c7858062b39ad59fe4acadc401a9ae,
/kaggle/input/datasets/tschandl/isic2018-challenge-task1-data-segmentation/ISIC2018_Task1-2_Training_Input/ISIC_0015937.jpg,False,2304,1536,RGB,1.5,c070e4c24797ea1d821820e292f5c16e,
/kaggle/input/datasets/tschandl/isic2018-challenge-task1-data-segmentation/ISIC2018_Task1-2_Training_Input/ISIC_0015216.jpg,False,6621,4420,RGB,1.498,c897117441ffe134c0317e3a0c2ca49e,
/kaggle/input/datasets/tschandl/isic2018-challenge-task1-data-segmentation/ISIC2018_Task1-2_Training_Input/ISIC_0000541.jpg,False,824,719,RGB,1.146,7ce363f0734c8e03ee1c108b3f215392,
/kaggle/input/datasets/tschandl/isic2018-challenge-task1-data-segmentation/ISIC2018_Task1-2_Training_Input/ISIC_0016012.jpg,False,4288,2848,RGB,1.506,96f893a59d46609382696c21746ccf45,
/kaggle/input/datasets/tschandl/isic2018-challenge-task1-data-segmentation/ISIC2018_Task1-2_Training_Input/ISIC_0013178.jpg,False,3008,2000,RGB,1.504,8ed8f2fb9f40631c2363cf7f8cece675,
/kaggle/input/datasets/tschandl/isic2018-challenge-task1-data-segmentation/ISIC2018_Task1-2_Training_Input/ISIC_0010569.jpg,False,1024,768,RGB,1.333,e138d7b180fef7177f8ad6a0d4aebc49,
/kaggle/input/datasets/tschandl/isic2018-challenge-task1-data-segmentation/ISIC2018_Task1-2_Training_Input/ISIC_0009583.jpg,False,4288,2848,RGB,1.506,88336e4effb10b93ada8d99b53691743,
/kaggle/input/datasets/tschandl/isic2018-challenge-task1-data-segmentation/ISIC2018_Task1-2_Training_Input/ISIC_0016068.jpg,False,4288,2848,RGB,1.506,65ea79bd39767c394ed7b22e1ccdca6a,
/kaggle/input/datasets/tschandl/isic2018-challenge-task1-data-segmentation/ISIC2018_Task1-2_Training_Input/ISIC_0000361.jpg,False,767,576,RGB,1.332,2cec14fc49188f8f51c2850292efe53b,
/kaggle/input/datasets/tschandl/isic2018-challenge-task1-data-segmentation/ISIC2018_Task1-2_Training_Input/ISIC_0000419.jpg,False,3072,2304,RGB,1.333,03debff32ad06e7d3f1923ab1d39794b,
/kaggle/input/datasets/tschandl/isic2018-challenge-task1-data-segmentation/ISIC2018_Task1-2_Training_Input/ISIC_0003559.jpg,False,4288,2848,RGB,1.506,5e5faa05acbb2e85f3e7f162cb57c6ed,
/kaggle/input/datasets/tschandl/isic2018-challenge-task1-data-segmentation/ISIC2018_Task1-2_Training_Input/ISIC_0012949.jpg,False,3008,2000,RGB,1.504,64869a4ea0c6a84d5e6f7c1db03c3bdf,
/kaggle/input/datasets/tschandl/isic2018-challenge-task1-data-segmentation/ISIC2018_Task1-2_Training_Input/ISIC_0014815.jpg,False,6661,4420,RGB,1.507,6ff8f4dfa44091e50b2e0d0b0c0df0aa,
/kaggle/input/datasets/tschandl/isic2018-challenge-task1-data-segmentation/ISIC2018_Task1-2_Training_Input/ISIC_0013747.jpg,False,4288,2848,RGB,1.506,e8f7e5cf58744dcb732b9e1797e4975e,
/kaggle/input/datasets/tschandl/isic2018-challenge-task1-data-segmentation/ISIC2018_Task1-2_Training_Input/ISIC_0000355.jpg,False,767,576,RGB,1.332,49ddd160711eadb06a93318dcbf2ce15,
/kaggle/input/datasets/tschandl/isic2018-challenge-task1-data-segmentation/ISIC2018_Task1-2_Training_Input/ISIC_0000332.jpg,False,767,576,RGB,1.332,a058d95a018ffa10f8e6e2559626b88f,
/kaggle/input/datasets/tschandl/isic2018-challenge-task1-data-segmentation/ISIC2018_Task1-2_Training_Input/ISIC_0009939.jpg,False,1024,768,RGB,1.333,76c3625374911367351011bd1bdf4e90,
/kaggle/input/datasets/tschandl/isic2018-challenge-task1-data-segmentation/ISIC2018_Task1-2_Training_Input/ISIC_0010468.jpg,False,1024,768,RGB,1.333,c40054d21381a33de368f2a5c0658641,
/kaggle/input/datasets/tschandl/isic2018-challenge-task1-data-segmentation/ISIC2018_Task1-2_Training_Input/ISIC_0009160.jpg,False,3024,2016,RGB,1.5,62ad3ff7d3171a0a4bbd335908b8a44d,
/kaggle/input/datasets/tschandl/isic2018-challenge-task1-data-segmentation/ISIC2018_Task1-2_Training_Input/ISIC_0014725.jpg,False,6602,4401,RGB,1.5,b3231c6f6f47b06d6fe1468cb349e2d1,
/kaggle/input/datasets/tschandl/isic2018-challenge-task1-data-segmentation/ISIC2018_Task1-2_Training_Input/ISIC_0015245.jpg,False,6708,4439,RGB,1.511,84249a9d351d11069b3c8d466ae927d4,
/kaggle/input/datasets/tschandl/isic2018-challenge-task1-data-segmentation/ISIC2018_Task1-2_Training_Input/ISIC_0015593.jpg,False,6661,4402,RGB,1.513,45ba09fbc32380ac576441e886b04a94,
/kaggle/input/datasets/tschandl/isic2018-challenge-task1-data-segmentation/ISIC2018_Task1-2_Training_Input/ISIC_0015208.jpg,False,6621,4422,RGB,1.497,357b8eeb8783c0ac2a5270f93d007e40,
/kaggle/input/datasets/tschandl/isic2018-challenge-task1-data-segmentation/ISIC2018_Task1-2_Training_Input/ISIC_0013053.jpg,False,3872,2592,RGB,1.494,833e046f15311925252abd95d62e174e,
/kaggle/input/datasets/tschandl/isic2018-challenge-task1-data-segmentation/ISIC2018_Task1-2_Training_Input/ISIC_0014522.jpg,False,4288,2848,RGB,1.506,94e861f2e29e2a4035babf5016129af5,
/kaggle/input/datasets/tschandl/isic2018-challenge-task1-data-segmentation/ISIC2018_Task1-2_Training_Input/ISIC_0012659.jpg,False,2304,1536,RGB,1.5,5dcc10729f43ea6f3c57d0888364e998,
/kaggle/input/datasets/tschandl/isic2018-challenge-task1-data-segmentation/ISIC2018_Task1-2_Training_Input/ISIC_0013588.jpg,False,4288,2848,RGB,1.506,06f3d11eb12e8a60de8cc4189b1d1a4f,
/kaggle/input/datasets/tschandl/isic2018-challenge-task1-data-segmentation/ISIC2018_Task1-2_Training_Input/ISIC_0010337.jpg,False,1024,768,RGB,1.333,9d535cac37b41f11a15693ae58bf2bbd,
/kaggle/input/datasets/tschandl/isic2018-challenge-task1-data-segmentation/ISIC2018_Task1-2_Training_Input/ISIC_0015243.jpg,False,6688,4459,RGB,1.5,ac47ea767ba496a1e3ff33fb11be632a,
/kaggle/input/datasets/tschandl/isic2018-challenge-task1-data-segmentation/ISIC2018_Task1-2_Training_Input/ISIC_0014746.jpg,False,6642,4420,RGB,1.503,60aa21499f4e462e6c2e82deef1f75d7,
/kaggle/input/datasets/tschandl/isic2018-challenge-task1-data-segmentation/ISIC2018_Task1-2_Training_Input/ISIC_0013797.jpg,False,3872,2592,RGB,1.494,5897671d4e842202ade080b9d0af7fb0,
/kaggle/input/datasets/tschandl/isic2018-challenge-task1-data-segmentation/ISIC2018_Task1-2_Training_Input/ISIC_0014661.jpg,False,6662,4440,RGB,1.5,11ac02e147a25299ab7db3415717ceb3,
/kaggle/input/datasets/tschandl/isic2018-challenge-task1-data-segmentation/ISIC2018_Task1-2_Training_Input/ISIC_0000016.jpg,False,1022,767,RGB,1.332,bfbbe4795fe35f04bf007fa2245f9d27,
/kaggle/input/datasets/tschandl/isic2018-challenge-task1-data-segmentation/ISIC2018_Task1-2_Training_Input/ISIC_0011135.jpg,False,1024,768,RGB,1.333,0d581a5cb17187e2e92a5ca0b6bf3b7e,
/kaggle/input/datasets/tschandl/isic2018-challenge-task1-data-segmentation/ISIC2018_Task1-2_Training_Input/ISIC_0010104.jpg,False,1024,768,RGB,1.333,7e8457fc7487a1877e86fcdcc2f6a0a5,
/kaggle/input/datasets/tschandl/isic2018-challenge-task1-data-segmentation/ISIC2018_Task1-2_Training_Input/ISIC_0015390.jpg,False,6688,4439,RGB,1.507,cb02494415d2d6ff9c6ff9b698a3b9cc,
/kaggle/input/datasets/tschandl/isic2018-challenge-task1-data-segmentation/ISIC2018_Task1-2_Training_Input/ISIC_0002206.jpg,False,3024,2016,RGB,1.5,c7eb5534201c52c3367f7a955993785a,
/kaggle/input/datasets/tschandl/isic2018-challenge-task1-data-segmentation/ISIC2018_Task1-2_Training_Input/ISIC_0000503.jpg,False,919,802,RGB,1.146,d6c11d1af3190ceae584c0bfe0f99b5e,
/kaggle/input/datasets/tschandl/isic2018-challenge-task1-data-segmentation/ISIC2018_Task1-2_Training_Input/ISIC_0012156.jpg,False,3008,2000,RGB,1.504,a1c6c6ad15f4e09415e5e04ec443f1e5,
/kaggle/input/datasets/tschandl/isic2018-challenge-task1-data-segmentation/ISIC2018_Task1-2_Training_Input/ISIC_0000364.jpg,False,767,576,RGB,1.332,e198d7a5151faa2fcbc6dc9ff8dba6df,
/kaggle/input/datasets/tschandl/isic2018-challenge-task1-data-segmentation/ISIC2018_Task1-2_Training_Input/ISIC_0014478.jpg,False,4288,2848,RGB,1.506,f0e5567a14f5917baf60de216fb7c238,
/kaggle/input/datasets/tschandl/isic2018-challenge-task1-data-segmentation/ISIC2018_Task1-2_Training_Input/ISIC_0011082.jpg,False,1024,768,RGB,1.333,fadcc85da398ed2cf4da280a795cdebe,
/kaggle/input/datasets/tschandl/isic2018-challenge-task1-data-segmentation/ISIC2018_Task1-2_Training_Input/ISIC_0010205.jpg,False,1024,768,RGB,1.333,33a88b929f0b4a382d1cef223c7a45f5,
/kaggle/input/datasets/tschandl/isic2018-challenge-task1-data-segmentation/ISIC2018_Task1-2_Training_Input/ISIC_0012238.jpg,False,4288,2848,RGB,1.506,5e261942e16f44ccfea30ecdea279dd3,
/kaggle/input/datasets/tschandl/isic2018-challenge-task1-data-segmentation/ISIC2018_Task1-2_Training_Input/ISIC_0014430.jpg,False,4288,2848,RGB,1.506,e8a81a1d560529a5002a45b00434e445,
/kaggle/input/datasets/tschandl/isic2018-challenge-task1-data-segmentation/ISIC2018_Task1-2_Training_Input/ISIC_0000471.jpg,False,919,802,RGB,1.146,9e5f1e746cf6c0ead0440f190c4bee8f,
/kaggle/input/datasets/tschandl/isic2018-challenge-task1-data-segmentation/ISIC2018_Task1-2_Training_Input/ISIC_0013193.jpg,False,3008,2000,RGB,1.504,db0cf3a8a8af1d38392427b42f93a9c8,
/kaggle/input/datasets/tschandl/isic2018-challenge-task1-data-segmentation/ISIC2018_Task1-2_Training_Input/ISIC_0013862.jpg,False,4288,2848,RGB,1.506,27ec7d279d810b88262e1c99b8891cb6,
/kaggle/input/datasets/tschandl/isic2018-challenge-task1-data-segmentation/ISIC2018_Task1-2_Training_Input/ISIC_0016059.jpg,False,4288,2848,RGB,1.506,c65453b2309327effa311e8054beb466,
/kaggle/input/datasets/tschandl/isic2018-challenge-task1-data-segmentation/ISIC2018_Task1-2_Training_Input/ISIC_0013044.jpg,False,3872,2592,RGB,1.494,5c7ca19cf4017afb917b5f1a8bfdf70c,
/kaggle/input/datasets/tschandl/isic2018-challenge-task1-data-segmentation/ISIC2018_Task1-2_Training_Input/ISIC_0011210.jpg,False,1024,768,RGB,1.333,ba83709b3691dd0c14be62425368a252,
/kaggle/input/datasets/tschandl/isic2018-challenge-task1-data-segmentation/ISIC2018_Task1-2_Training_Input/ISIC_0011330.jpg,False,1024,768,RGB,1.333,b28a50268214071e1a1218ad420f23e5,
/kaggle/input/datasets/tschandl/isic2018-challenge-task1-data-segmentation/ISIC2018_Task1-2_Training_Input/ISIC_0000301.jpg,False,767,576,RGB,1.332,8528285156436739f072b9115c87b21e,
/kaggle/input/datasets/tschandl/isic2018-challenge-task1-data-segmentation/ISIC2018_Task1-2_Training_Input/ISIC_0012674.jpg,False,3008,2000,RGB,1.504,3f626a4ca3ad2ed365ac6409d09a43d9,
/kaggle/input/datasets/tschandl/isic2018-challenge-task1-data-segmentation/ISIC2018_Task1-2_Training_Input/ISIC_0014932.jpg,False,6688,4439,RGB,1.507,7dd64f237e24746ba83d4ff2763fe008,
/kaggle/input/datasets/tschandl/isic2018-challenge-task1-data-segmentation/ISIC2018_Task1-2_Training_Input/ISIC_0013559.jpg,False,3008,2000,RGB,1.504,a0a39bd4c623cfa28d0eacc86cc2dba0,
/kaggle/input/datasets/tschandl/isic2018-challenge-task1-data-segmentation/ISIC2018_Task1-2_Training_Input/ISIC_0000509.jpg,False,919,802,RGB,1.146,c2b62b766e9350780f28f15bad8d21e9,
/kaggle/input/datasets/tschandl/isic2018-challenge-task1-data-segmentation/ISIC2018_Task1-2_Training_Input/ISIC_0000246.jpg,False,1024,768,RGB,1.333,2da1ac56286193f209313aef208324a1,
/kaggle/input/datasets/tschandl/isic2018-challenge-task1-data-segmentation/ISIC2018_Task1-2_Training_Input/ISIC_0000431.jpg,False,3072,2304,RGB,1.333,c63d2045e3e24719c9a9027983e617fe,
/kaggle/input/datasets/tschandl/isic2018-challenge-task1-data-segmentation/ISIC2018_Task1-2_Training_Input/ISIC_0012330.jpg,False,3008,2000,RGB,1.504,d613dbcd48d274d6cb213d8216283612,
/kaggle/input/datasets/tschandl/isic2018-challenge-task1-data-segmentation/ISIC2018_Task1-2_Training_Input/ISIC_0014573.jpg,False,2592,1936,RGB,1.339,2fa344ef30cfce6ee366c6ffed0e87f9,
/kaggle/input/datasets/tschandl/isic2018-challenge-task1-data-segmentation/ISIC2018_Task1-2_Training_Input/ISIC_0000011.jpg,False,1022,767,RGB,1.332,e01312e28597f79f50cba8702780b2ca,
/kaggle/input/datasets/tschandl/isic2018-challenge-task1-data-segmentation/ISIC2018_Task1-2_Training_Input/ISIC_0011300.jpg,False,1024,768,RGB,1.333,f87726bae6d172067b1b84ee89372182,
/kaggle/input/datasets/tschandl/isic2018-challenge-task1-data-segmentation/ISIC2018_Task1-2_Training_Input/ISIC_0000367.jpg,False,767,576,RGB,1.332,fb421e6b126c3de9937f6ffd0604d27b,
/kaggle/input/datasets/tschandl/isic2018-challenge-task1-data-segmentation/ISIC2018_Task1-2_Training_Input/ISIC_0000353.jpg,False,767,576,RGB,1.332,9e3921cb835790aeea1a92c73a631542,
/kaggle/input/datasets/tschandl/isic2018-challenge-task1-data-segmentation/ISIC2018_Task1-2_Training_Input/ISIC_0000523.jpg,False,919,802,RGB,1.146,1d5a565e07f8c4a275c8870189b6001b,
/kaggle/input/datasets/tschandl/isic2018-challenge-task1-data-segmentation/ISIC2018_Task1-2_Training_Input/ISIC_0000116.jpg,False,2048,1536,RGB,1.333,fe419636aa36a9ab12c90e2b9fb8faf7,
/kaggle/input/datasets/tschandl/isic2018-challenge-task1-data-segmentation/ISIC2018_Task1-2_Training_Input/ISIC_0013314.jpg,False,4288,2848,RGB,1.506,c9d5aa501749825811460b4f36c653e0,
/kaggle/input/datasets/tschandl/isic2018-challenge-task1-data-segmentation/ISIC2018_Task1-2_Training_Input/ISIC_0000134.jpg,False,2048,1536,RGB,1.333,c96754177250df4c2d12a0a6ab9ce4b1,
/kaggle/input/datasets/tschandl/isic2018-challenge-task1-data-segmentation/ISIC2018_Task1-2_Training_Input/ISIC_0011344.jpg,False,1024,768,RGB,1.333,1ea80c1bf33bd51b5812f45a41c45ebf,
/kaggle/input/datasets/tschandl/isic2018-challenge-task1-data-segmentation/ISIC2018_Task1-2_Training_Input/ISIC_0013489.jpg,False,2304,1536,RGB,1.5,b41adf8a7adbb41694083bf4de18ccb6,
/kaggle/input/datasets/tschandl/isic2018-challenge-task1-data-segmentation/ISIC2018_Task1-2_Training_Input/ISIC_0013777.jpg,False,4288,2848,RGB,1.506,005c2a51d6a2d624d39f09c6c8f8317a,
/kaggle/input/datasets/tschandl/isic2018-challenge-task1-data-segmentation/ISIC2018_Task1-2_Training_Input/ISIC_0015156.jpg,False,6581,4382,RGB,1.502,5e2c3bf67c3df34d83a28020efa4b042,
/kaggle/input/datasets/tschandl/isic2018-challenge-task1-data-segmentation/ISIC2018_Task1-2_Training_Input/ISIC_0014133.jpg,False,4288,2848,RGB,1.506,18f7845fc95f6dd3cb1e439dd08ddb39,
/kaggle/input/datasets/tschandl/isic2018-challenge-task1-data-segmentation/ISIC2018_Task1-2_Training_Input/ISIC_0015201.jpg,False,6681,4402,RGB,1.518,47974b484f72bec7bf742179c09ee5fa,
/kaggle/input/datasets/tschandl/isic2018-challenge-task1-data-segmentation/ISIC2018_Task1-2_Training_Input/ISIC_0000127.jpg,False,2048,1536,RGB,1.333,0186a155743db7be0fc0b720b07a54e2,
/kaggle/input/datasets/tschandl/isic2018-challenge-task1-data-segmentation/ISIC2018_Task1-2_Training_Input/ISIC_0011144.jpg,False,1024,768,RGB,1.333,a90f9cbed2500d7ba7ba9c2be790984c,
/kaggle/input/datasets/tschandl/isic2018-challenge-task1-data-segmentation/ISIC2018_Task1-2_Training_Input/ISIC_0010003.jpg,False,1024,768,RGB,1.333,db0543c1db32cca4eaff7f364c605191,
/kaggle/input/datasets/tschandl/isic2018-challenge-task1-data-segmentation/ISIC2018_Task1-2_Training_Input/ISIC_0010335.jpg,False,1024,768,RGB,1.333,3e71c3b29d36e9aa3840b01f9498209a,
/kaggle/input/datasets/tschandl/isic2018-challenge-task1-data-segmentation/ISIC2018_Task1-2_Training_Input/ISIC_0014657.jpg,False,6602,4361,RGB,1.514,c87c3e4111f96fedff09e5044471c8e4,
/kaggle/input/datasets/tschandl/isic2018-challenge-task1-data-segmentation/ISIC2018_Task1-2_Training_Input/ISIC_0015357.jpg,False,6688,4439,RGB,1.507,b5b9b57069f61b4dec851dd25c6e25b8,
/kaggle/input/datasets/tschandl/isic2018-challenge-task1-data-segmentation/ISIC2018_Task1-2_Training_Input/ISIC_0014786.jpg,False,6642,4420,RGB,1.503,b9061ea478893a5de6e8a2e918842f4a,
/kaggle/input/datasets/tschandl/isic2018-challenge-task1-data-segmentation/ISIC2018_Task1-2_Training_Input/ISIC_0016022.jpg,False,4288,2848,RGB,1.506,f285a57a06936d8e5a5848c41541c7ab,
/kaggle/input/datasets/tschandl/isic2018-challenge-task1-data-segmentation/ISIC2018_Task1-2_Training_Input/ISIC_0015009.jpg,False,6668,4439,RGB,1.502,9faf327d8df02d5d83df88de74ae05b3,
/kaggle/input/datasets/tschandl/isic2018-challenge-task1-data-segmentation/ISIC2018_Task1-2_Training_Input/ISIC_0009910.jpg,False,1024,768,RGB,1.333,84bbda29eee49e161e8c3594e433e1a4,
/kaggle/input/datasets/tschandl/isic2018-challenge-task1-data-segmentation/ISIC2018_Task1-2_Training_Input/ISIC_0015250.jpg,False,6688,4439,RGB,1.507,0a33e5328ec118c9cfbc8a60f7f407c2,
/kaggle/input/datasets/tschandl/isic2018-challenge-task1-data-segmentation/ISIC2018_Task1-2_Training_Input/ISIC_0015958.jpg,False,3872,2592,RGB,1.494,ec36630661169c788b4baaa24a032a8d,
/kaggle/input/datasets/tschandl/isic2018-challenge-task1-data-segmentation/ISIC2018_Task1-2_Training_Input/ISIC_0013984.jpg,False,3008,2000,RGB,1.504,65778136775106e0a2dcc72a861389a8,
/kaggle/input/datasets/tschandl/isic2018-challenge-task1-data-segmentation/ISIC2018_Task1-2_Training_Input/ISIC_0000359.jpg,False,767,576,RGB,1.332,6d19c81fe8798fa0bacc80aff206dfab,
/kaggle/input/datasets/tschandl/isic2018-challenge-task1-data-segmentation/ISIC2018_Task1-2_Training_Input/ISIC_0007332.jpg,False,3024,2016,RGB,1.5,46f3a39a492a5ce59c4c45980a796da0,
/kaggle/input/datasets/tschandl/isic2018-challenge-task1-data-segmentation/ISIC2018_Task1-2_Training_Input/ISIC_0001102.jpg,False,3072,2304,RGB,1.333,4a179931d6e5235f674fcdd84af25218,
/kaggle/input/datasets/tschandl/isic2018-challenge-task1-data-segmentation/ISIC2018_Task1-2_Training_Input/ISIC_0012109.jpg,False,3008,2000,RGB,1.504,32bc34a3de0c4eeaf616c44b68f1462e,
/kaggle/input/datasets/tschandl/isic2018-challenge-task1-data-segmentation/ISIC2018_Task1-2_Training_Input/ISIC_0000049.jpg,False,1504,1129,RGB,1.332,23dc9a014c9ebb05b20e1805ba0d5b3a,
/kaggle/input/datasets/tschandl/isic2018-challenge-task1-data-segmentation/ISIC2018_Task1-2_Training_Input/ISIC_0012473.jpg,False,4288,2848,RGB,1.506,1fe58bbe175ce514eef0f2eb99a243b3,
/kaggle/input/datasets/tschandl/isic2018-challenge-task1-data-segmentation/ISIC2018_Task1-2_Training_Input/ISIC_0011104.jpg,False,1024,768,RGB,1.333,d7f23a87f866515d8703560d0820ed50,
/kaggle/input/datasets/tschandl/isic2018-challenge-task1-data-segmentation/ISIC2018_Task1-2_Training_Input/ISIC_0003805.jpg,False,3024,2016,RGB,1.5,d1a5370195b9e8a6047d0b73fa3c36a5,
/kaggle/input/datasets/tschandl/isic2018-challenge-task1-data-segmentation/ISIC2018_Task1-2_Training_Input/ISIC_0000096.jpg,False,2048,1536,RGB,1.333,dcdd2b0d79a2bb93a1f11a7514ec56de,
/kaggle/input/datasets/tschandl/isic2018-challenge-task1-data-segmentation/ISIC2018_Task1-2_Training_Input/ISIC_0009935.jpg,False,1024,768,RGB,1.333,64b5c11d5824f34557f925de1ebf90ae,
/kaggle/input/datasets/tschandl/isic2018-challenge-task1-data-segmentation/ISIC2018_Task1-2_Training_Input/ISIC_0014428.jpg,False,4288,2848,RGB,1.506,1a58217c8edd812128bd68484aba728c,
/kaggle/input/datasets/tschandl/isic2018-challenge-task1-data-segmentation/ISIC2018_Task1-2_Training_Input/ISIC_0013075.jpg,False,3872,2592,RGB,1.494,dfc4dba0473f889db14ca3c68c6fdd34,
/kaggle/input/datasets/tschandl/isic2018-challenge-task1-data-segmentation/ISIC2018_Task1-2_Training_Input/ISIC_0015966.jpg,False,3872,2592,RGB,1.494,ce66c98bd936948f2af2b22e389aed51,
/kaggle/input/datasets/tschandl/isic2018-challenge-task1-data-segmentation/ISIC2018_Task1-2_Training_Input/ISIC_0013663.jpg,False,4288,2848,RGB,1.506,78eb28a2a630b026977c010e8e985c5e,
/kaggle/input/datasets/tschandl/isic2018-challenge-task1-data-segmentation/ISIC2018_Task1-2_Training_Input/ISIC_0012309.jpg,False,4288,2848,RGB,1.506,b84e9c42a40cc927905db5972af55bd9,
/kaggle/input/datasets/tschandl/isic2018-challenge-task1-data-segmentation/ISIC2018_Task1-2_Training_Input/ISIC_0010088.jpg,False,1024,768,RGB,1.333,8e4ae5c75dc373a38a096f687fc013c3,
/kaggle/input/datasets/tschandl/isic2018-challenge-task1-data-segmentation/ISIC2018_Task1-2_Training_Input/ISIC_0014769.jpg,False,6642,4422,RGB,1.502,9f8c4de56240a72fb6f70c72fdc48d7e,
/kaggle/input/datasets/tschandl/isic2018-challenge-task1-data-segmentation/ISIC2018_Task1-2_Training_Input/ISIC_0000349.jpg,False,767,576,RGB,1.332,9baa8e750cb7e95fc1ccf51c8d7c2ad8,
/kaggle/input/datasets/tschandl/isic2018-challenge-task1-data-segmentation/ISIC2018_Task1-2_Training_Input/ISIC_0012713.jpg,False,3008,2000,RGB,1.504,30c13ccba548c9526a92eea920734486,
/kaggle/input/datasets/tschandl/isic2018-challenge-task1-data-segmentation/ISIC2018_Task1-2_Training_Input/ISIC_0003174.jpg,False,3024,2016,RGB,1.5,8bb3439dcb4339bd5faa4cc8e51aa833,
/kaggle/input/datasets/tschandl/isic2018-challenge-task1-data-segmentation/ISIC2018_Task1-2_Training_Input/ISIC_0016035.jpg,False,4288,2848,RGB,1.506,2b8fb7afc30a3e250011312b88bc2273,
/kaggle/input/datasets/tschandl/isic2018-challenge-task1-data-segmentation/ISIC2018_Task1-2_Training_Input/ISIC_0015032.jpg,False,6622,4402,RGB,1.504,95809517a9278ec1d4f20711dfd52c77,
/kaggle/input/datasets/tschandl/isic2018-challenge-task1-data-segmentation/ISIC2018_Task1-2_Training_Input/ISIC_0001275.jpg,False,3024,2016,RGB,1.5,f67e09b3c72f0b043829454a07e39ab8,
/kaggle/input/datasets/tschandl/isic2018-challenge-task1-data-segmentation/ISIC2018_Task1-2_Training_Input/ISIC_0000444.jpg,False,3072,2304,RGB,1.333,3e6996d8d978aebcf70565a773a1d8f8,
/kaggle/input/datasets/tschandl/isic2018-challenge-task1-data-segmentation/ISIC2018_Task1-2_Training_Input/ISIC_0015152.jpg,False,6601,4401,RGB,1.5,d39d3854283221fa11cbe168cd8465ff,
/kaggle/input/datasets/tschandl/isic2018-challenge-task1-data-segmentation/ISIC2018_Task1-2_Training_Input/ISIC_0013487.jpg,False,2304,1536,RGB,1.5,f2161721b5659ad709259871528bccfe,
/kaggle/input/datasets/tschandl/isic2018-challenge-task1-data-segmentation/ISIC2018_Task1-2_Training_Input/ISIC_0000317.jpg,False,767,576,RGB,1.332,ed7ac3e432a9b8a70c47cd77284251f6,
/kaggle/input/datasets/tschandl/isic2018-challenge-task1-data-segmentation/ISIC2018_Task1-2_Training_Input/ISIC_0010066.jpg,False,1024,768,RGB,1.333,fec3f66cc594b76495889df15ee65fb5,
/kaggle/input/datasets/tschandl/isic2018-challenge-task1-data-segmentation/ISIC2018_Task1-2_Training_Input/ISIC_0000077.jpg,False,1504,1129,RGB,1.332,12d7c6c86f1354144a8d242b7bacc3c5,
/kaggle/input/datasets/tschandl/isic2018-challenge-task1-data-segmentation/ISIC2018_Task1-2_Training_Input/ISIC_0012549.jpg,False,4288,2848,RGB,1.506,34c3e72aa8c3f594b17fbe807d412395,
/kaggle/input/datasets/tschandl/isic2018-challenge-task1-data-segmentation/ISIC2018_Task1-2_Training_Input/ISIC_0014249.jpg,False,4288,2848,RGB,1.506,5a2b380cf179846047238055c9482c73,
/kaggle/input/datasets/tschandl/isic2018-challenge-task1-data-segmentation/ISIC2018_Task1-2_Training_Input/ISIC_0000067.jpg,False,962,722,RGB,1.332,6ac713f27b9574e1e41c2ad5acb6b4cb,
/kaggle/input/datasets/tschandl/isic2018-challenge-task1-data-segmentation/ISIC2018_Task1-2_Training_Input/ISIC_0000486.jpg,False,919,802,RGB,1.146,bed6ad8242c54f9dcf213dad08ae6fd1,
/kaggle/input/datasets/tschandl/isic2018-challenge-task1-data-segmentation/ISIC2018_Task1-2_Training_Input/ISIC_0010476.jpg,False,1024,768,RGB,1.333,61a5711841ef9108d89929a20d830dc4,
/kaggle/input/datasets/tschandl/isic2018-challenge-task1-data-segmentation/ISIC2018_Task1-2_Training_Input/ISIC_0000408.jpg,False,3072,2304,RGB,1.333,5556e1da9b726c4a05f3f93ec13fa666,
/kaggle/input/datasets/tschandl/isic2018-challenge-task1-data-segmentation/ISIC2018_Task1-2_Training_Input/ISIC_0013403.jpg,False,4288,2848,RGB,1.506,11a9ca4a610b1976bd3cb736b794de56,
/kaggle/input/datasets/tschandl/isic2018-challenge-task1-data-segmentation/ISIC2018_Task1-2_Training_Input/ISIC_0013031.jpg,False,3008,2000,RGB,1.504,ae0bd7649104557ccc320cfec67fe744,
/kaggle/input/datasets/tschandl/isic2018-challenge-task1-data-segmentation/ISIC2018_Task1-2_Training_Input/ISIC_0001367.jpg,False,3024,2016,RGB,1.5,e8ac0fdca899e6d2d5ebada1822a1bcc,
/kaggle/input/datasets/tschandl/isic2018-challenge-task1-data-segmentation/ISIC2018_Task1-2_Training_Input/ISIC_0013803.jpg,False,3008,2000,RGB,1.504,5fc623a567dc309a536874dade6b53fe,
/kaggle/input/datasets/tschandl/isic2018-challenge-task1-data-segmentation/ISIC2018_Task1-2_Training_Input/ISIC_0013689.jpg,False,4288,2848,RGB,1.506,a8fe332f041db0118a1030e3639f1313,
/kaggle/input/datasets/tschandl/isic2018-challenge-task1-data-segmentation/ISIC2018_Task1-2_Training_Input/ISIC_0009919.jpg,False,1024,768,RGB,1.333,1274c60658087e47babc606a8ffb3d0e,
/kaggle/input/datasets/tschandl/isic2018-challenge-task1-data-segmentation/ISIC2018_Task1-2_Training_Input/ISIC_0011294.jpg,False,1024,768,RGB,1.333,30f9bdd879a2d15b2d36184efd17b11e,
/kaggle/input/datasets/tschandl/isic2018-challenge-task1-data-segmentation/ISIC2018_Task1-2_Training_Input/ISIC_0014526.jpg,False,4288,2848,RGB,1.506,d16045b877398c95a68ddb6896054d6b,
/kaggle/input/datasets/tschandl/isic2018-challenge-task1-data-segmentation/ISIC2018_Task1-2_Training_Input/ISIC_0014829.jpg,False,6642,4441,RGB,1.496,2e480f9e435cbe13056ab355a6e7fd3a,
/kaggle/input/datasets/tschandl/isic2018-challenge-task1-data-segmentation/ISIC2018_Task1-2_Training_Input/ISIC_0013411.jpg,False,4288,2848,RGB,1.506,09aec9f3f6acc99de358c0a29bb49a22,
/kaggle/input/datasets/tschandl/isic2018-challenge-task1-data-segmentation/ISIC2018_Task1-2_Training_Input/ISIC_0012137.jpg,False,3008,2000,RGB,1.504,60afdeb398168ed81b570dcab895d52a,
/kaggle/input/datasets/tschandl/isic2018-challenge-task1-data-segmentation/ISIC2018_Task1-2_Training_Input/ISIC_0000316.jpg,False,767,576,RGB,1.332,4257dee7f712614dd239b5022d35aa5c,
/kaggle/input/datasets/tschandl/isic2018-challenge-task1-data-segmentation/ISIC2018_Task1-2_Training_Input/ISIC_0014805.jpg,False,6661,4461,RGB,1.493,b68eeddf07cdddd3721c7270716c6ee6,
/kaggle/input/datasets/tschandl/isic2018-challenge-task1-data-segmentation/ISIC2018_Task1-2_Training_Input/ISIC_0000226.jpg,False,964,672,RGB,1.435,22d2f76eecf267378d50527bac1bc338,
/kaggle/input/datasets/tschandl/isic2018-challenge-task1-data-segmentation/ISIC2018_Task1-2_Training_Input/ISIC_0009987.jpg,False,1024,768,RGB,1.333,877305271cc016f203d4ab4fb4ad4825,
/kaggle/input/datasets/tschandl/isic2018-challenge-task1-data-segmentation/ISIC2018_Task1-2_Training_Input/ISIC_0000167.jpg,False,965,624,RGB,1.546,f6d13cf7f2e001b1aaccb02307d4e3ca,
/kaggle/input/datasets/tschandl/isic2018-challenge-task1-data-segmentation/ISIC2018_Task1-2_Training_Input/ISIC_0012105.jpg,False,3008,2000,RGB,1.504,abbfdc96b646592cc1ddbdcc78b96d4a,
/kaggle/input/datasets/tschandl/isic2018-challenge-task1-data-segmentation/ISIC2018_Task1-2_Training_Input/ISIC_0004337.jpg,False,3024,2016,RGB,1.5,7f881d0a716f3b02eacaacda1bba95eb,
/kaggle/input/datasets/tschandl/isic2018-challenge-task1-data-segmentation/ISIC2018_Task1-2_Training_Input/ISIC_0013249.jpg,False,3872,2592,RGB,1.494,ce6c86cdb8cf1a397748d68a63076001,
/kaggle/input/datasets/tschandl/isic2018-challenge-task1-data-segmentation/ISIC2018_Task1-2_Training_Input/ISIC_0013592.jpg,False,4288,2848,RGB,1.506,7a187b95ac1f56c2a4cc76d08850ff07,
/kaggle/input/datasets/tschandl/isic2018-challenge-task1-data-segmentation/ISIC2018_Task1-2_Training_Input/ISIC_0000463.jpg,False,3008,2000,RGB,1.504,a4db3b8754de3df7b6bbc5a5d627b868,
/kaggle/input/datasets/tschandl/isic2018-challenge-task1-data-segmentation/ISIC2018_Task1-2_Training_Input/ISIC_0014832.jpg,False,6642,4440,RGB,1.496,285458f6d1a134f1e1e7d7c111b4ca74,
/kaggle/input/datasets/tschandl/isic2018-challenge-task1-data-segmentation/ISIC2018_Task1-2_Training_Input/ISIC_0002871.jpg,False,4288,2848,RGB,1.506,f92057edef4dacb4d63eede44c008ff5,
/kaggle/input/datasets/tschandl/isic2018-challenge-task1-data-segmentation/ISIC2018_Task1-2_Training_Input/ISIC_0012400.jpg,False,4288,2848,RGB,1.506,1d22947e7e7f5ba861aebc90e6129c9e,
/kaggle/input/datasets/tschandl/isic2018-challenge-task1-data-segmentation/ISIC2018_Task1-2_Training_Input/ISIC_0014422.jpg,False,4288,2848,RGB,1.506,0706a6862dd6c7f98d3f9a14e1415fda,
/kaggle/input/datasets/tschandl/isic2018-challenge-task1-data-segmentation/ISIC2018_Task1-2_Training_Input/ISIC_0011367.jpg,False,1024,768,RGB,1.333,a716476be2b577d2c2db69e448666f2d,
/kaggle/input/datasets/tschandl/isic2018-challenge-task1-data-segmentation/ISIC2018_Task1-2_Training_Input/ISIC_0000219.jpg,False,962,674,RGB,1.427,75c3922ef1d1866c28d1b2a957606915,
/kaggle/input/datasets/tschandl/isic2018-challenge-task1-data-segmentation/ISIC2018_Task1-2_Training_Input/ISIC_0005000.jpg,False,4256,2848,RGB,1.494,a422e7fe2261c41ab1c893722e60eb01,
/kaggle/input/datasets/tschandl/isic2018-challenge-task1-data-segmentation/ISIC2018_Task1-2_Training_Input/ISIC_0009930.jpg,False,1024,768,RGB,1.333,7cb7fe5054ba0b3acaa229d931ab6ad7,
/kaggle/input/datasets/tschandl/isic2018-challenge-task1-data-segmentation/ISIC2018_Task1-2_Training_Input/ISIC_0013070.jpg,False,3872,2592,RGB,1.494,5daae4534f71a4d3c3d72b098681984e,
/kaggle/input/datasets/tschandl/isic2018-challenge-task1-data-segmentation/ISIC2018_Task1-2_Training_Input/ISIC_0007322.jpg,False,4288,2848,RGB,1.506,2a3337d0cb223f7459cb5c7eb72da3fa,
/kaggle/input/datasets/tschandl/isic2018-challenge-task1-data-segmentation/ISIC2018_Task1-2_Training_Input/ISIC_0002374.jpg,False,3024,2016,RGB,1.5,a42c7abe4573c305ea1d9c1c830441a5,
/kaggle/input/datasets/tschandl/isic2018-challenge-task1-data-segmentation/ISIC2018_Task1-2_Training_Input/ISIC_0000358.jpg,False,767,576,RGB,1.332,a8eded4331fc449a8a5475ab36a760e4,
/kaggle/input/datasets/tschandl/isic2018-challenge-task1-data-segmentation/ISIC2018_Task1-2_Training_Input/ISIC_0008236.jpg,False,4288,2848,RGB,1.506,0f771bf0da0e5fa5e3ab96e1dcc6cb5a,
/kaggle/input/datasets/tschandl/isic2018-challenge-task1-data-segmentation/ISIC2018_Task1-2_Training_Input/ISIC_0014927.jpg,False,6668,4439,RGB,1.502,4c329dbc84a718df9dc0a233f4bb3615,
/kaggle/input/datasets/tschandl/isic2018-challenge-task1-data-segmentation/ISIC2018_Task1-2_Training_Input/ISIC_0010848.jpg,False,1024,768,RGB,1.333,bc743ea97dad398e15a40ccfe5f43888,
/kaggle/input/datasets/tschandl/isic2018-challenge-task1-data-segmentation/ISIC2018_Task1-2_Training_Input/ISIC_0000063.jpg,False,1504,1129,RGB,1.332,4d28cffcc1d5d13a7c8d0f8756309611,
/kaggle/input/datasets/tschandl/isic2018-challenge-task1-data-segmentation/ISIC2018_Task1-2_Training_Input/ISIC_0006940.jpg,False,4288,2848,RGB,1.506,e313704fe8eaa0f8c7ee4108aad06662,
/kaggle/input/datasets/tschandl/isic2018-challenge-task1-data-segmentation/ISIC2018_Task1-2_Training_Input/ISIC_0010585.jpg,False,1024,768,RGB,1.333,6632d81ffa640b4ede20fef9513a0698,
/kaggle/input/datasets/tschandl/isic2018-challenge-task1-data-segmentation/ISIC2018_Task1-2_Training_Input/ISIC_0000228.jpg,False,959,639,RGB,1.501,3b6029858eadb0fb423d2aa4b67123ce,
/kaggle/input/datasets/tschandl/isic2018-challenge-task1-data-segmentation/ISIC2018_Task1-2_Training_Input/ISIC_0001254.jpg,False,3024,2016,RGB,1.5,abe7d4c17197bfaafdf448537bdffe20,
/kaggle/input/datasets/tschandl/isic2018-challenge-task1-data-segmentation/ISIC2018_Task1-2_Training_Input/ISIC_0013129.jpg,False,3008,2000,RGB,1.504,3c18c1f3e6424cd6dd61b0dccaa28582,
/kaggle/input/datasets/tschandl/isic2018-challenge-task1-data-segmentation/ISIC2018_Task1-2_Training_Input/ISIC_0010062.jpg,False,1024,768,RGB,1.333,857f2a260caa24b2b9f61db0314a2183,
/kaggle/input/datasets/tschandl/isic2018-challenge-task1-data-segmentation/ISIC2018_Task1-2_Training_Input/ISIC_0011107.jpg,False,1024,768,RGB,1.333,3dede5306110b9e0a8b2318ccb37dcd5,
/kaggle/input/datasets/tschandl/isic2018-challenge-task1-data-segmentation/ISIC2018_Task1-2_Training_Input/ISIC_0015984.jpg,False,3872,2592,RGB,1.494,c6b48ad6d2d84da3d0d48e64eff3ab4f,
/kaggle/input/datasets/tschandl/isic2018-challenge-task1-data-segmentation/ISIC2018_Task1-2_Training_Input/ISIC_0010071.jpg,False,1024,768,RGB,1.333,9bc2e7ab2a6159752efe63407066cfee,
/kaggle/input/datasets/tschandl/isic2018-challenge-task1-data-segmentation/ISIC2018_Task1-2_Training_Input/ISIC_0010201.jpg,False,1024,768,RGB,1.333,0e7f248d0a98d957204b11d63267d25d,
/kaggle/input/datasets/tschandl/isic2018-challenge-task1-data-segmentation/ISIC2018_Task1-2_Training_Input/ISIC_0000181.jpg,False,1502,1051,RGB,1.429,287e8444e2a286064ec51a572d5be668,
/kaggle/input/datasets/tschandl/isic2018-challenge-task1-data-segmentation/ISIC2018_Task1-2_Training_Input/ISIC_0012789.jpg,False,3008,2000,RGB,1.504,e20bc35f7fde1a7ac3337a0a72aa0bc8,
/kaggle/input/datasets/tschandl/isic2018-challenge-task1-data-segmentation/ISIC2018_Task1-2_Training_Input/ISIC_0002488.jpg,False,3024,2016,RGB,1.5,1a531fa0196cee26d2c6a266b69d8c93,
/kaggle/input/datasets/tschandl/isic2018-challenge-task1-data-segmentation/ISIC2018_Task1-2_Training_Input/ISIC_0013177.jpg,False,3008,2000,RGB,1.504,5a5345dfcfb60530663c9bc07258fa56,
/kaggle/input/datasets/tschandl/isic2018-challenge-task1-data-segmentation/ISIC2018_Task1-2_Training_Input/ISIC_0010339.jpg,False,1024,768,RGB,1.333,67580ac11fb524be80d014a77049999c,
/kaggle/input/datasets/tschandl/isic2018-challenge-task1-data-segmentation/ISIC2018_Task1-2_Training_Input/ISIC_0010852.jpg,False,1024,768,RGB,1.333,c4aa30b939bfa60d033fcc4f10813216,
/kaggle/input/datasets/tschandl/isic2018-challenge-task1-data-segmentation/ISIC2018_Task1-2_Training_Input/ISIC_0000293.jpg,False,1024,768,RGB,1.333,ad3ec2806bff33eee0f26922a7e97e89,
/kaggle/input/datasets/tschandl/isic2018-challenge-task1-data-segmentation/ISIC2018_Task1-2_Training_Input/ISIC_0001442.jpg,False,3024,2016,RGB,1.5,66aa0deb5c75a840d9a66968250e59df,
/kaggle/input/datasets/tschandl/isic2018-challenge-task1-data-segmentation/ISIC2018_Task1-2_Training_Input/ISIC_0000477.jpg,False,919,802,RGB,1.146,38d0dcac99606693d22e32784b6948c8,
/kaggle/input/datasets/tschandl/isic2018-challenge-task1-data-segmentation/ISIC2018_Task1-2_Training_Input/ISIC_0015044.jpg,False,6621,4422,RGB,1.497,bf3fbe3e177786a1eec88447e1ca1ecf,
/kaggle/input/datasets/tschandl/isic2018-challenge-task1-data-segmentation/ISIC2018_Task1-2_Training_Input/ISIC_0010488.jpg,False,1024,768,RGB,1.333,1eb7e7f49fb64546f887c828023ca3a7,
/kaggle/input/datasets/tschandl/isic2018-challenge-task1-data-segmentation/ISIC2018_Task1-2_Training_Input/ISIC_0015057.jpg,False,6681,4420,RGB,1.512,cd3ae4874072ced0b105a2541123f75b,
/kaggle/input/datasets/tschandl/isic2018-challenge-task1-data-segmentation/ISIC2018_Task1-2_Training_Input/ISIC_0014940.jpg,False,6708,4439,RGB,1.511,5d332adedf943f52db632dd8a09695a0,
/kaggle/input/datasets/tschandl/isic2018-challenge-task1-data-segmentation/ISIC2018_Task1-2_Training_Input/ISIC_0010851.jpg,False,1024,768,RGB,1.333,f0327147e0c338273e13efe8d10c00f6,
/kaggle/input/datasets/tschandl/isic2018-challenge-task1-data-segmentation/ISIC2018_Task1-2_Training_Input/ISIC_0011230.jpg,False,1024,768,RGB,1.333,1901d0f847adce0e7f1d550cad1ccde5,
/kaggle/input/datasets/tschandl/isic2018-challenge-task1-data-segmentation/ISIC2018_Task1-2_Training_Input/ISIC_0015482.jpg,False,6608,4399,RGB,1.502,524e1923695395119a3281a1cfbf3f6d,
/kaggle/input/datasets/tschandl/isic2018-challenge-task1-data-segmentation/ISIC2018_Task1-2_Training_Input/ISIC_0013806.jpg,False,4288,2848,RGB,1.506,eddd99d8f1c1d649681a119c2c9dfe1d,
/kaggle/input/datasets/tschandl/isic2018-challenge-task1-data-segmentation/ISIC2018_Task1-2_Training_Input/ISIC_0000023.jpg,False,1504,1129,RGB,1.332,6fdc24fb97749d3029e204ea6ab89363,
/kaggle/input/datasets/tschandl/isic2018-challenge-task1-data-segmentation/ISIC2018_Task1-2_Training_Input/ISIC_0013094.jpg,False,3008,2000,RGB,1.504,a658d1a04f56bb891d83569a4eb3f99b,
/kaggle/input/datasets/tschandl/isic2018-challenge-task1-data-segmentation/ISIC2018_Task1-2_Training_Input/ISIC_0000536.jpg,False,796,682,RGB,1.167,c8e2e0e2cb29f61b6b82b23004f76d8f,
/kaggle/input/datasets/tschandl/isic2018-challenge-task1-data-segmentation/ISIC2018_Task1-2_Training_Input/ISIC_0012095.jpg,False,3008,2000,RGB,1.504,f3d6c139ebb7c56ca547fa9ca7a5d297,
/kaggle/input/datasets/tschandl/isic2018-challenge-task1-data-segmentation/ISIC2018_Task1-2_Training_Input/ISIC_0000470.jpg,False,919,802,RGB,1.146,9dbbb0628dd60935ac3d560e4608c482,
/kaggle/input/datasets/tschandl/isic2018-challenge-task1-data-segmentation/ISIC2018_Task1-2_Training_Input/ISIC_0012939.jpg,False,3872,2592,RGB,1.494,5c46d57fca6d7d1e42f3a4cbd5e6531a,
/kaggle/input/datasets/tschandl/isic2018-challenge-task1-data-segmentation/ISIC2018_Task1-2_Training_Input/ISIC_0012673.jpg,False,3008,2000,RGB,1.504,ef90e7d2c0c690687aff574a94463121,
/kaggle/input/datasets/tschandl/isic2018-challenge-task1-data-segmentation/ISIC2018_Task1-2_Training_Input/ISIC_0002948.jpg,False,3024,2016,RGB,1.5,c924102f636363c82f3f337d825f8773,
/kaggle/input/datasets/tschandl/isic2018-challenge-task1-data-segmentation/ISIC2018_Task1-2_Training_Input/ISIC_0012725.jpg,False,3008,2000,RGB,1.504,d9167c9859fbed90e62e5b63f9c81c63,
/kaggle/input/datasets/tschandl/isic2018-challenge-task1-data-segmentation/ISIC2018_Task1-2_Training_Input/ISIC_0011099.jpg,False,1024,768,RGB,1.333,c0b0a273a7ae115549b0b46e7f386436,
/kaggle/input/datasets/tschandl/isic2018-challenge-task1-data-segmentation/ISIC2018_Task1-2_Training_Input/ISIC_0000092.jpg,False,2048,1536,RGB,1.333,8eb62025929569af928e2b602c14c481,
/kaggle/input/datasets/tschandl/isic2018-challenge-task1-data-segmentation/ISIC2018_Task1-2_Training_Input/ISIC_0010572.jpg,False,1024,768,RGB,1.333,d3be3912163ffe3057ff6fac086d577e,
/kaggle/input/datasets/tschandl/isic2018-challenge-task1-data-segmentation/ISIC2018_Task1-2_Training_Input/ISIC_0014992.jpg,False,6641,4440,RGB,1.496,323107bac14c19263aa9f84ebee6dd86,
/kaggle/input/datasets/tschandl/isic2018-challenge-task1-data-segmentation/ISIC2018_Task1-2_Training_Input/ISIC_0012415.jpg,False,3008,2000,RGB,1.504,e6f8987b03939765474a5f89b73d25b0,
/kaggle/input/datasets/tschandl/isic2018-challenge-task1-data-segmentation/ISIC2018_Task1-2_Training_Input/ISIC_0012793.jpg,False,3008,2000,RGB,1.504,9ca641a1140f0988b1e18d6da2c5e8d3,
/kaggle/input/datasets/tschandl/isic2018-challenge-task1-data-segmentation/ISIC2018_Task1-2_Training_Input/ISIC_0010329.jpg,False,1024,768,RGB,1.333,deb3d46eb3ceea28033b080583d1cdd9,
/kaggle/input/datasets/tschandl/isic2018-challenge-task1-data-segmentation/ISIC2018_Task1-2_Training_Input/ISIC_0012503.jpg,False,4288,2848,RGB,1.506,d4a19ce9e1f1f4e06fa8554cc9321b27,
/kaggle/input/datasets/tschandl/isic2018-challenge-task1-data-segmentation/ISIC2018_Task1-2_Training_Input/ISIC_0016008.jpg,False,4288,2848,RGB,1.506,95364263475ed71345414f06d6e36ed8,
/kaggle/input/datasets/tschandl/isic2018-challenge-task1-data-segmentation/ISIC2018_Task1-2_Training_Input/ISIC_0014046.jpg,False,4288,2848,RGB,1.506,9c0ad7155cb31a8f27073eaaed646bfd,
/kaggle/input/datasets/tschandl/isic2018-challenge-task1-data-segmentation/ISIC2018_Task1-2_Training_Input/ISIC_0010333.jpg,False,1024,768,RGB,1.333,4220facd66ae05f9afefd7d977e57dae,
/kaggle/input/datasets/tschandl/isic2018-challenge-task1-data-segmentation/ISIC2018_Task1-2_Training_Input/ISIC_0000314.jpg,False,767,576,RGB,1.332,03e2b1de126b2b63c02c3b5012d2d359,
/kaggle/input/datasets/tschandl/isic2018-challenge-task1-data-segmentation/ISIC2018_Task1-2_Training_Input/ISIC_0012179.jpg,False,3008,2000,RGB,1.504,d8fff9b3191d980fe711d00eeca23324,
/kaggle/input/datasets/tschandl/isic2018-challenge-task1-data-segmentation/ISIC2018_Task1-2_Training_Input/ISIC_0012547.jpg,False,4288,2848,RGB,1.506,c74f7f14c3e247fb539bd998e09557a3,
/kaggle/input/datasets/tschandl/isic2018-challenge-task1-data-segmentation/ISIC2018_Task1-2_Training_Input/ISIC_0014783.jpg,False,6661,4422,RGB,1.506,37afe9c6207f63a3d3dcf183b3c71221,
/kaggle/input/datasets/tschandl/isic2018-challenge-task1-data-segmentation/ISIC2018_Task1-2_Training_Input/ISIC_0015158.jpg,False,6642,4441,RGB,1.496,e1a6d9854adedac7550c31fc08126f61,
/kaggle/input/datasets/tschandl/isic2018-challenge-task1-data-segmentation/ISIC2018_Task1-2_Training_Input/ISIC_0010576.jpg,False,1024,768,RGB,1.333,a4e35d6a7af70d514dd7db682bdc1689,
/kaggle/input/datasets/tschandl/isic2018-challenge-task1-data-segmentation/ISIC2018_Task1-2_Training_Input/ISIC_0013606.jpg,False,4288,2848,RGB,1.506,2909e11f71266c95de5e2d1966fa2ddf,
/kaggle/input/datasets/tschandl/isic2018-challenge-task1-data-segmentation/ISIC2018_Task1-2_Training_Input/ISIC_0011089.jpg,False,1024,768,RGB,1.333,dce6efcd21471373f9ab14a68b4590d9,
/kaggle/input/datasets/tschandl/isic2018-challenge-task1-data-segmentation/ISIC2018_Task1-2_Training_Input/ISIC_0012932.jpg,False,3008,2000,RGB,1.504,5b09e41252eba2f91e9d9dbfd3e2b30f,
/kaggle/input/datasets/tschandl/isic2018-challenge-task1-data-segmentation/ISIC2018_Task1-2_Training_Input/ISIC_0000525.jpg,False,1007,711,RGB,1.416,c503cf6a61e244fe5f6559e2c1dbc808,
/kaggle/input/datasets/tschandl/isic2018-challenge-task1-data-segmentation/ISIC2018_Task1-2_Training_Input/ISIC_0012334.jpg,False,3008,2000,RGB,1.504,086c8be252c2d2f9452c03aa965c33cc,
/kaggle/input/datasets/tschandl/isic2018-challenge-task1-data-segmentation/ISIC2018_Task1-2_Training_Input/ISIC_0014987.jpg,False,6621,4420,RGB,1.498,d029ab00810563940362b73c37c8aec2,
/kaggle/input/datasets/tschandl/isic2018-challenge-task1-data-segmentation/ISIC2018_Task1-2_Training_Input/ISIC_0012167.jpg,False,3008,2000,RGB,1.504,0da1d5cd0bd45b45bbd5bebbcffd72cd,
/kaggle/input/datasets/tschandl/isic2018-challenge-task1-data-segmentation/ISIC2018_Task1-2_Training_Input/ISIC_0015011.jpg,False,6648,4459,RGB,1.491,7d5532be0a2be8a872a563c876128e42,
/kaggle/input/datasets/tschandl/isic2018-challenge-task1-data-segmentation/ISIC2018_Task1-2_Training_Input/ISIC_0000882.jpg,False,3024,2016,RGB,1.5,b46a0d2cefc31dc212e73f6194caa836,
/kaggle/input/datasets/tschandl/isic2018-challenge-task1-data-segmentation/ISIC2018_Task1-2_Training_Input/ISIC_0012813.jpg,False,3008,2000,RGB,1.504,e671b9d6e254867713e4d57109d69263,
/kaggle/input/datasets/tschandl/isic2018-challenge-task1-data-segmentation/ISIC2018_Task1-2_Training_Input/ISIC_0010449.jpg,False,1024,768,RGB,1.333,443e496d1c8f5fcfc1a5be14c0e73d1f,
/kaggle/input/datasets/tschandl/isic2018-challenge-task1-data-segmentation/ISIC2018_Task1-2_Training_Input/ISIC_0000086.jpg,False,2592,1944,RGB,1.333,c34080395cda3362c95d4695fb533482,
/kaggle/input/datasets/tschandl/isic2018-challenge-task1-data-segmentation/ISIC2018_Task1-2_Training_Input/ISIC_0015986.jpg,False,3008,2000,RGB,1.504,345ada27e1278573bf1f690b6b12031b,
/kaggle/input/datasets/tschandl/isic2018-challenge-task1-data-segmentation/ISIC2018_Task1-2_Training_Input/ISIC_0012455.jpg,False,3008,2000,RGB,1.504,2388fbeced8b194a779755e3d2b7bda9,
/kaggle/input/datasets/tschandl/isic2018-challenge-task1-data-segmentation/ISIC2018_Task1-2_Training_Input/ISIC_0000036.jpg,False,1504,1129,RGB,1.332,0688f03a410785471ddc0fcdb9ad71a6,
/kaggle/input/datasets/tschandl/isic2018-challenge-task1-data-segmentation/ISIC2018_Task1-2_Training_Input/ISIC_0010361.jpg,False,1024,768,RGB,1.333,044b4a20bfc22be88bc262485db157c7,
/kaggle/input/datasets/tschandl/isic2018-challenge-task1-data-segmentation/ISIC2018_Task1-2_Training_Input/ISIC_0012205.jpg,False,3008,2000,RGB,1.504,1d1aa1e68491508b0feaf1891ebc1019,
/kaggle/input/datasets/tschandl/isic2018-challenge-task1-data-segmentation/ISIC2018_Task1-2_Training_Input/ISIC_0011336.jpg,False,1024,768,RGB,1.333,fe1eb9802ec98e9fa105cc77d9baf1f1,
/kaggle/input/datasets/tschandl/isic2018-challenge-task1-data-segmentation/ISIC2018_Task1-2_Training_Input/ISIC_0015124.jpg,False,6682,4421,RGB,1.511,e3a79faacd499108f7ae209f48ac3b73,
/kaggle/input/datasets/tschandl/isic2018-challenge-task1-data-segmentation/ISIC2018_Task1-2_Training_Input/ISIC_0000469.jpg,False,919,802,RGB,1.146,275cd9d966bc6264248b068e1b1531ae,
/kaggle/input/datasets/tschandl/isic2018-challenge-task1-data-segmentation/ISIC2018_Task1-2_Training_Input/ISIC_0013200.jpg,False,3008,2000,RGB,1.504,2a47329c6b99b1489854c8312fb1303c,
/kaggle/input/datasets/tschandl/isic2018-challenge-task1-data-segmentation/ISIC2018_Task1-2_Training_Input/ISIC_0000251.jpg,False,1024,768,RGB,1.333,246b360c14cb38c61bd7f2f07f61917c,
/kaggle/input/datasets/tschandl/isic2018-challenge-task1-data-segmentation/ISIC2018_Task1-2_Training_Input/ISIC_0013988.jpg,False,3008,2000,RGB,1.504,e8b7368d15d6871239b966341757c8db,
/kaggle/input/datasets/tschandl/isic2018-challenge-task1-data-segmentation/ISIC2018_Task1-2_Training_Input/ISIC_0013671.jpg,False,4288,2848,RGB,1.506,4173fd756a4823c567215e89f5dbf672,
/kaggle/input/datasets/tschandl/isic2018-challenge-task1-data-segmentation/ISIC2018_Task1-2_Training_Input/ISIC_0009964.jpg,False,1024,768,RGB,1.333,1c970f87615f4768a023871f7757a865,
/kaggle/input/datasets/tschandl/isic2018-challenge-task1-data-segmentation/ISIC2018_Task1-2_Training_Input/ISIC_0012878.jpg,False,3872,2592,RGB,1.494,cfc4da3b71b8055c41bae89fb88efaa5,
/kaggle/input/datasets/tschandl/isic2018-challenge-task1-data-segmentation/ISIC2018_Task1-2_Training_Input/ISIC_0009931.jpg,False,1024,768,RGB,1.333,570455b5e6247800be22a57e14552c4c,
/kaggle/input/datasets/tschandl/isic2018-challenge-task1-data-segmentation/ISIC2018_Task1-2_Training_Input/ISIC_0014879.jpg,False,6648,4439,RGB,1.498,0f82cfdeb968fc692c61b2a5ef30cda7,
/kaggle/input/datasets/tschandl/isic2018-challenge-task1-data-segmentation/ISIC2018_Task1-2_Training_Input/ISIC_0000354.jpg,False,767,576,RGB,1.332,50bfa9f70694cab63f33e22f34b1c6bf,
/kaggle/input/datasets/tschandl/isic2018-challenge-task1-data-segmentation/ISIC2018_Task1-2_Training_Input/ISIC_0000230.jpg,False,962,674,RGB,1.427,87b0fa8b24f85e4dd2ce97942a3817ee,
/kaggle/input/datasets/tschandl/isic2018-challenge-task1-data-segmentation/ISIC2018_Task1-2_Training_Input/ISIC_0014394.jpg,False,4288,2848,RGB,1.506,ab13ce8e89b2a6c5013058bbf07057b5,
/kaggle/input/datasets/tschandl/isic2018-challenge-task1-data-segmentation/ISIC2018_Task1-2_Training_Input/ISIC_0016048.jpg,False,4288,2848,RGB,1.506,7b7801e350960918afb24f7333e48213,
/kaggle/input/datasets/tschandl/isic2018-challenge-task1-data-segmentation/ISIC2018_Task1-2_Training_Input/ISIC_0015180.jpg,False,6628,4399,RGB,1.507,eb51d6053dda2f5d71c49a5dcd247bfb,
/kaggle/input/datasets/tschandl/isic2018-challenge-task1-data-segmentation/ISIC2018_Task1-2_Training_Input/ISIC_0010332.jpg,False,1024,768,RGB,1.333,3674e6b34cd852b6fd929065f8d00cdb,
/kaggle/input/datasets/tschandl/isic2018-challenge-task1-data-segmentation/ISIC2018_Task1-2_Training_Input/ISIC_0014851.jpg,False,6648,4439,RGB,1.498,7a248b66adbb64db910be28e44a151af,
/kaggle/input/datasets/tschandl/isic2018-challenge-task1-data-segmentation/ISIC2018_Task1-2_Training_Input/ISIC_0013393.jpg,False,4288,2848,RGB,1.506,31ab48a4a9037973a4c79dd076f64ede,
/kaggle/input/datasets/tschandl/isic2018-challenge-task1-data-segmentation/ISIC2018_Task1-2_Training_Input/ISIC_0015445.jpg,False,6641,4440,RGB,1.496,6987836069e83d104965ea7e9337adc0,
/kaggle/input/datasets/tschandl/isic2018-challenge-task1-data-segmentation/ISIC2018_Task1-2_Training_Input/ISIC_0000212.jpg,False,722,542,RGB,1.332,818efa135561539db56f9176682517f6,
/kaggle/input/datasets/tschandl/isic2018-challenge-task1-data-segmentation/ISIC2018_Task1-2_Training_Input/ISIC_0013325.jpg,False,4288,2848,RGB,1.506,ee8ad607a5746959084efcf0a4075013,
/kaggle/input/datasets/tschandl/isic2018-challenge-task1-data-segmentation/ISIC2018_Task1-2_Training_Input/ISIC_0001190.jpg,False,4288,2848,RGB,1.506,8eb00a0b232dd687ce76d5f5423c3b13,
/kaggle/input/datasets/tschandl/isic2018-challenge-task1-data-segmentation/ISIC2018_Task1-2_Training_Input/ISIC_0010379.jpg,False,1024,768,RGB,1.333,1ae083da4aaaeeb17c9c9ef0fcc88873,
/kaggle/input/datasets/tschandl/isic2018-challenge-task1-data-segmentation/ISIC2018_Task1-2_Training_Input/ISIC_0000322.jpg,False,767,576,RGB,1.332,19f72cadcc5db6a4323ab6c6244bbc5f,
/kaggle/input/datasets/tschandl/isic2018-challenge-task1-data-segmentation/ISIC2018_Task1-2_Training_Input/ISIC_0010596.jpg,False,1024,768,RGB,1.333,a1d6f23b3e9f93875f0b0a6c6cfb8d7b,
/kaggle/input/datasets/tschandl/isic2018-challenge-task1-data-segmentation/ISIC2018_Task1-2_Training_Input/ISIC_0013861.jpg,False,4288,2848,RGB,1.506,1f24e16fbb43f190752c043a476c83a9,
/kaggle/input/datasets/tschandl/isic2018-challenge-task1-data-segmentation/ISIC2018_Task1-2_Training_Input/ISIC_0012230.jpg,False,4288,2848,RGB,1.506,68442df03fae6fb7c49e2fa8f48bcee5,
/kaggle/input/datasets/tschandl/isic2018-challenge-task1-data-segmentation/ISIC2018_Task1-2_Training_Input/ISIC_0006114.jpg,False,3024,2016,RGB,1.5,de724220cebdd9c3b8ce52f68755d941,
/kaggle/input/datasets/tschandl/isic2018-challenge-task1-data-segmentation/ISIC2018_Task1-2_Training_Input/ISIC_0010603.jpg,False,1024,768,RGB,1.333,52af8ad2beebad6905ea796daede1e32,
/kaggle/input/datasets/tschandl/isic2018-challenge-task1-data-segmentation/ISIC2018_Task1-2_Training_Input/ISIC_0007038.jpg,False,4288,2848,RGB,1.506,dfb9750d4f7a7fbe022c433b56bf5564,
/kaggle/input/datasets/tschandl/isic2018-challenge-task1-data-segmentation/ISIC2018_Task1-2_Training_Input/ISIC_0013572.jpg,False,4288,2848,RGB,1.506,414d50578c6e890a269926d58b08cd4e,
/kaggle/input/datasets/tschandl/isic2018-challenge-task1-data-segmentation/ISIC2018_Task1-2_Training_Input/ISIC_0016065.jpg,False,4288,2848,RGB,1.506,be54c3b58c7de679a477d6e4d06494fc,
/kaggle/input/datasets/tschandl/isic2018-challenge-task1-data-segmentation/ISIC2018_Task1-2_Training_Input/ISIC_0013118.jpg,False,3008,2000,RGB,1.504,656de87117437d2a44e99b81378c6a81,
/kaggle/input/datasets/tschandl/isic2018-challenge-task1-data-segmentation/ISIC2018_Task1-2_Training_Input/ISIC_0009915.jpg,False,1024,768,RGB,1.333,fbe70a501105c424b1bc8a0b7ec2d2ff,
/kaggle/input/datasets/tschandl/isic2018-challenge-task1-data-segmentation/ISIC2018_Task1-2_Training_Input/ISIC_0012335.jpg,False,3008,2000,RGB,1.504,456f7f6b831bc8b0bd3ef4ddb87c11ea,
/kaggle/input/datasets/tschandl/isic2018-challenge-task1-data-segmentation/ISIC2018_Task1-2_Training_Input/ISIC_0010237.jpg,False,1024,768,RGB,1.333,77217161bacd9a4544137c06c9be75ab,
/kaggle/input/datasets/tschandl/isic2018-challenge-task1-data-segmentation/ISIC2018_Task1-2_Training_Input/ISIC_0000544.jpg,False,824,719,RGB,1.146,79326d47164696324788d91cd8cd91ad,
/kaggle/input/datasets/tschandl/isic2018-challenge-task1-data-segmentation/ISIC2018_Task1-2_Training_Input/ISIC_0011164.jpg,False,1024,768,RGB,1.333,22e6f917d4b1f88540ad770f5a16cee6,
/kaggle/input/datasets/tschandl/isic2018-challenge-task1-data-segmentation/ISIC2018_Task1-2_Training_Input/ISIC_0012298.jpg,False,4288,2848,RGB,1.506,93379e88bea2de9c55dc728a418a241e,
/kaggle/input/datasets/tschandl/isic2018-challenge-task1-data-segmentation/ISIC2018_Task1-2_Training_Input/ISIC_0013962.jpg,False,4288,2848,RGB,1.506,2837f2e3e513dd0527894bd5ef29304b,
/kaggle/input/datasets/tschandl/isic2018-challenge-task1-data-segmentation/ISIC2018_Task1-2_Training_Input/ISIC_0015050.jpg,False,6601,4382,RGB,1.506,6247428e3e945d41fc0f29c5cdda5d6d,
/kaggle/input/datasets/tschandl/isic2018-challenge-task1-data-segmentation/ISIC2018_Task1-2_Training_Input/ISIC_0000342.jpg,False,767,576,RGB,1.332,9bb4a730a83935d525c30b17726b817d,
/kaggle/input/datasets/tschandl/isic2018-challenge-task1-data-segmentation/ISIC2018_Task1-2_Training_Input/ISIC_0007156.jpg,False,3024,2016,RGB,1.5,4b81a3530097e66f9696acda69204260,
/kaggle/input/datasets/tschandl/isic2018-challenge-task1-data-segmentation/ISIC2018_Task1-2_Training_Input/ISIC_0012844.jpg,False,3008,2000,RGB,1.504,1ddb4f07f92c061add6983feebb58508,
/kaggle/input/datasets/tschandl/isic2018-challenge-task1-data-segmentation/ISIC2018_Task1-2_Training_Input/ISIC_0015973.jpg,False,1028,753,RGB,1.365,3905daefe0d4ff1e4dd5ded3cac56326,
/kaggle/input/datasets/tschandl/isic2018-challenge-task1-data-segmentation/ISIC2018_Task1-2_Training_Input/ISIC_0012661.jpg,False,2304,1536,RGB,1.5,3ede6dd111081f5ab7be661760a1bd9a,
/kaggle/input/datasets/tschandl/isic2018-challenge-task1-data-segmentation/ISIC2018_Task1-2_Training_Input/ISIC_0013935.jpg,False,4288,2848,RGB,1.506,941f7682d13ea9b6f773b76a343a85e3,
/kaggle/input/datasets/tschandl/isic2018-challenge-task1-data-segmentation/ISIC2018_Task1-2_Training_Input/ISIC_0000521.jpg,False,3072,2304,RGB,1.333,b35224dd627dc1e798239c240affb402,
/kaggle/input/datasets/tschandl/isic2018-challenge-task1-data-segmentation/ISIC2018_Task1-2_Training_Input/ISIC_0002836.jpg,False,4288,2848,RGB,1.506,707a25765495cfb961e4d9dacb4d69d7,
/kaggle/input/datasets/tschandl/isic2018-challenge-task1-data-segmentation/ISIC2018_Task1-2_Training_Input/ISIC_0011137.jpg,False,1024,768,RGB,1.333,c65124e6bda6950245d3a30ccbbe5246,
/kaggle/input/datasets/tschandl/isic2018-challenge-task1-data-segmentation/ISIC2018_Task1-2_Training_Input/ISIC_0012740.jpg,False,3008,2000,RGB,1.504,bd4340d5519c30ee788bba61e93418a1,
/kaggle/input/datasets/tschandl/isic2018-challenge-task1-data-segmentation/ISIC2018_Task1-2_Training_Input/ISIC_0014796.jpg,False,6641,4420,RGB,1.502,bc6f7350c8ccc6689e0fe2fd86658164,
/kaggle/input/datasets/tschandl/isic2018-challenge-task1-data-segmentation/ISIC2018_Task1-2_Training_Input/ISIC_0011168.jpg,False,1024,768,RGB,1.333,6332f066cc70e48698bfa586572ad7b0,
/kaggle/input/datasets/tschandl/isic2018-challenge-task1-data-segmentation/ISIC2018_Task1-2_Training_Input/ISIC_0014049.jpg,False,4288,2848,RGB,1.506,c934cdba300caef69e75729e8e0eb323,
/kaggle/input/datasets/tschandl/isic2018-challenge-task1-data-segmentation/ISIC2018_Task1-2_Training_Input/ISIC_0012697.jpg,False,3008,2000,RGB,1.504,cf0505d24e673955ca1709662e2b46a6,
/kaggle/input/datasets/tschandl/isic2018-challenge-task1-data-segmentation/ISIC2018_Task1-2_Training_Input/ISIC_0012680.jpg,False,3008,2000,RGB,1.504,02868ee460f7c9fd7bae5d2606a919d0,
/kaggle/input/datasets/tschandl/isic2018-challenge-task1-data-segmentation/ISIC2018_Task1-2_Training_Input/ISIC_0013320.jpg,False,4288,2848,RGB,1.506,9ae2cbc05b7675a950d1b8461066b6e3,
/kaggle/input/datasets/tschandl/isic2018-challenge-task1-data-segmentation/ISIC2018_Task1-2_Training_Input/ISIC_0015023.jpg,False,6668,4459,RGB,1.495,88b05e59a3d6746bc4c5a3209c21c8e8,
/kaggle/input/datasets/tschandl/isic2018-challenge-task1-data-segmentation/ISIC2018_Task1-2_Training_Input/ISIC_0013120.jpg,False,3872,2592,RGB,1.494,946044c9352a95792231c0c0f924a297,
/kaggle/input/datasets/tschandl/isic2018-challenge-task1-data-segmentation/ISIC2018_Task1-2_Training_Input/ISIC_0004309.jpg,False,4288,2848,RGB,1.506,05a7364be321c261a14a2b9d69b8e985,
/kaggle/input/datasets/tschandl/isic2018-challenge-task1-data-segmentation/ISIC2018_Task1-2_Training_Input/ISIC_0013150.jpg,False,3008,2000,RGB,1.504,3b844059e7348b7b0f65ff3ec7e6ff99,
/kaggle/input/datasets/tschandl/isic2018-challenge-task1-data-segmentation/ISIC2018_Task1-2_Training_Input/ISIC_0011315.jpg,False,1024,768,RGB,1.333,0c246c9130fb2adbb070d9f2956dae4e,
/kaggle/input/datasets/tschandl/isic2018-challenge-task1-data-segmentation/ISIC2018_Task1-2_Training_Input/ISIC_0015060.jpg,False,6602,4380,RGB,1.507,3d429749b85e09120f4162d767d2a77b,
/kaggle/input/datasets/tschandl/isic2018-challenge-task1-data-segmentation/ISIC2018_Task1-2_Training_Input/ISIC_0006021.jpg,False,4288,2848,RGB,1.506,76c94d8f43814ddcf6ca5394fdb55874,
/kaggle/input/datasets/tschandl/isic2018-challenge-task1-data-segmentation/ISIC2018_Task1-2_Training_Input/ISIC_0000420.jpg,False,3072,2304,RGB,1.333,7e51fc0ca3d3f1f39301e0a687b52b47,
/kaggle/input/datasets/tschandl/isic2018-challenge-task1-data-segmentation/ISIC2018_Task1-2_Training_Input/ISIC_0000100.jpg,False,2272,1704,RGB,1.333,7a3d0947bfdf4d1d6b3da443f1a34bf0,
/kaggle/input/datasets/tschandl/isic2018-challenge-task1-data-segmentation/ISIC2018_Task1-2_Training_Input/ISIC_0015207.jpg,False,6641,4420,RGB,1.502,072939bc4ad8aa7515fdd458f96322cd,
/kaggle/input/datasets/tschandl/isic2018-challenge-task1-data-segmentation/ISIC2018_Task1-2_Training_Input/ISIC_0014901.jpg,False,6695,4497,RGB,1.489,a5c8857db3730c90a46bf76d1ab6528c,
/kaggle/input/datasets/tschandl/isic2018-challenge-task1-data-segmentation/ISIC2018_Task1-2_Training_Input/ISIC_0015089.jpg,False,6708,4459,RGB,1.504,d42730c88720c6ccafbf70d88731d305,
/kaggle/input/datasets/tschandl/isic2018-challenge-task1-data-segmentation/ISIC2018_Task1-2_Training_Input/ISIC_0011212.jpg,False,1024,768,RGB,1.333,0d7838a98fda191bc92bf63b69dd72ec,
/kaggle/input/datasets/tschandl/isic2018-challenge-task1-data-segmentation/ISIC2018_Task1-2_Training_Input/ISIC_0014543.jpg,False,4288,2848,RGB,1.506,41c36cc0da278fc668c6d750f0d723bf,
/kaggle/input/datasets/tschandl/isic2018-challenge-task1-data-segmentation/ISIC2018_Task1-2_Training_Input/ISIC_0014798.jpg,False,6662,4441,RGB,1.5,f04bcf0c32de0a7a042e97f4cc9d5d8b,
/kaggle/input/datasets/tschandl/isic2018-challenge-task1-data-segmentation/ISIC2018_Task1-2_Training_Input/ISIC_0000415.jpg,False,3072,2304,RGB,1.333,2ffe850b6cd23213378e9dcd94df6547,
/kaggle/input/datasets/tschandl/isic2018-challenge-task1-data-segmentation/ISIC2018_Task1-2_Training_Input/ISIC_0016029.jpg,False,4288,2848,RGB,1.506,5bc9da9d0047564c3abd476dd7e8aac3,
/kaggle/input/datasets/tschandl/isic2018-challenge-task1-data-segmentation/ISIC2018_Task1-2_Training_Input/ISIC_0016026.jpg,False,3008,2000,RGB,1.504,d6289a08f62878b33e403e713c53b289,
/kaggle/input/datasets/tschandl/isic2018-challenge-task1-data-segmentation/ISIC2018_Task1-2_Training_Input/ISIC_0013808.jpg,False,4288,2848,RGB,1.506,146e82f842b57a0a8f10a020078cd262,
/kaggle/input/datasets/tschandl/isic2018-challenge-task1-data-segmentation/ISIC2018_Task1-2_Training_Input/ISIC_0013257.jpg,False,4288,2848,RGB,1.506,5dd2873201ca715f64363c9806bc7312,
/kaggle/input/datasets/tschandl/isic2018-challenge-task1-data-segmentation/ISIC2018_Task1-2_Training_Input/ISIC_0014458.jpg,False,4288,2848,RGB,1.506,9813ff65feb226bff80c4bab66538261,
/kaggle/input/datasets/tschandl/isic2018-challenge-task1-data-segmentation/ISIC2018_Task1-2_Training_Input/ISIC_0015559.jpg,False,6688,4419,RGB,1.513,0c27483abba64a2257923c40d7d39ef3,
/kaggle/input/datasets/tschandl/isic2018-challenge-task1-data-segmentation/ISIC2018_Task1-2_Training_Input/ISIC_0015455.jpg,False,6641,4402,RGB,1.509,6801223bc22dd97ac82ab62e5a1a7427,
/kaggle/input/datasets/tschandl/isic2018-challenge-task1-data-segmentation/ISIC2018_Task1-2_Training_Input/ISIC_0014780.jpg,False,6682,4441,RGB,1.505,a3ccffe5d627471cf3a957a25365e220,
/kaggle/input/datasets/tschandl/isic2018-challenge-task1-data-segmentation/ISIC2018_Task1-2_Training_Input/ISIC_0000550.jpg,False,824,719,RGB,1.146,8a39ad4d63e0a3988a4283f96befd9d3,
/kaggle/input/datasets/tschandl/isic2018-challenge-task1-data-segmentation/ISIC2018_Task1-2_Training_Input/ISIC_0010372.jpg,False,1024,768,RGB,1.333,0855219a20275316b56de4cdcfd1c3e3,
/kaggle/input/datasets/tschandl/isic2018-challenge-task1-data-segmentation/ISIC2018_Task1-2_Training_Input/ISIC_0013635.jpg,False,4288,2848,RGB,1.506,0b454bc3e2cd9c3e5a2fe11eef238b0e,
/kaggle/input/datasets/tschandl/isic2018-challenge-task1-data-segmentation/ISIC2018_Task1-2_Training_Input/ISIC_0000041.jpg,False,1504,1129,RGB,1.332,0336088908d8549f3026329010f0c976,
/kaggle/input/datasets/tschandl/isic2018-challenge-task1-data-segmentation/ISIC2018_Task1-2_Training_Input/ISIC_0010573.jpg,False,1024,768,RGB,1.333,05c4f9eea8acd6dba02e9e0c25b9cd99,
/kaggle/input/datasets/tschandl/isic2018-challenge-task1-data-segmentation/ISIC2018_Task1-2_Training_Input/ISIC_0014001.jpg,False,4288,2848,RGB,1.506,7f2b4e68a49fde5db010baabb1077c39,
/kaggle/input/datasets/tschandl/isic2018-challenge-task1-data-segmentation/ISIC2018_Task1-2_Training_Input/ISIC_0012990.jpg,False,3008,2000,RGB,1.504,abd6d989b5f3557064dc5fcfdc8ff888,
/kaggle/input/datasets/tschandl/isic2018-challenge-task1-data-segmentation/ISIC2018_Task1-2_Training_Input/ISIC_0000043.jpg,False,1504,1129,RGB,1.332,df3a3e7d12f4c1bdf385cbac88875280,
/kaggle/input/datasets/tschandl/isic2018-challenge-task1-data-segmentation/ISIC2018_Task1-2_Training_Input/ISIC_0012539.jpg,False,4288,2848,RGB,1.506,1ee806fee4acef1965e3439176a1f685,
/kaggle/input/datasets/tschandl/isic2018-challenge-task1-data-segmentation/ISIC2018_Task1-2_Training_Input/ISIC_0000188.jpg,False,1502,1036,RGB,1.45,9f510300fa469d498e598c73814e91c1,
/kaggle/input/datasets/tschandl/isic2018-challenge-task1-data-segmentation/ISIC2018_Task1-2_Training_Input/ISIC_0014127.jpg,False,4288,2848,RGB,1.506,fc3ff54be30c5d433c24d50035379dd3,
/kaggle/input/datasets/tschandl/isic2018-challenge-task1-data-segmentation/ISIC2018_Task1-2_Training_Input/ISIC_0012116.jpg,False,3008,2000,RGB,1.504,99141ea103e85ac367efd24a438cc590,
/kaggle/input/datasets/tschandl/isic2018-challenge-task1-data-segmentation/ISIC2018_Task1-2_Training_Input/ISIC_0012828.jpg,False,3872,2592,RGB,1.494,9cb8d08abf474b311d9e1a668a3534c8,
/kaggle/input/datasets/tschandl/isic2018-challenge-task1-data-segmentation/ISIC2018_Task1-2_Training_Input/ISIC_0009252.jpg,False,3024,2016,RGB,1.5,15aa211ccae3cf051da108bd26d36ce1,
/kaggle/input/datasets/tschandl/isic2018-challenge-task1-data-segmentation/ISIC2018_Task1-2_Training_Input/ISIC_0012887.jpg,False,3008,2000,RGB,1.504,1a5f9911c999b80353b2bbbe4ca7743d,
/kaggle/input/datasets/tschandl/isic2018-challenge-task1-data-segmentation/ISIC2018_Task1-2_Training_Input/ISIC_0006795.jpg,False,4288,2848,RGB,1.506,d332ac7322d9b6eafc872f66fd759826,
/kaggle/input/datasets/tschandl/isic2018-challenge-task1-data-segmentation/ISIC2018_Task1-2_Training_Input/ISIC_0013430.jpg,False,4288,2848,RGB,1.506,f09af7121bbc0a3a6e8f1a5c03c855f6,
/kaggle/input/datasets/tschandl/isic2018-challenge-task1-data-segmentation/ISIC2018_Task1-2_Training_Input/ISIC_0014289.jpg,False,4288,2848,RGB,1.506,7d10e9388b165b09e2f322399ef65872,
/kaggle/input/datasets/tschandl/isic2018-challenge-task1-data-segmentation/ISIC2018_Task1-2_Training_Input/ISIC_0010340.jpg,False,1024,768,RGB,1.333,635311eeb74cc384569c05bfefe9f78d,
/kaggle/input/datasets/tschandl/isic2018-challenge-task1-data-segmentation/ISIC2018_Task1-2_Training_Input/ISIC_0010057.jpg,False,1024,768,RGB,1.333,d52b03a61712cd67a7dce252ed8fb499,
/kaggle/input/datasets/tschandl/isic2018-challenge-task1-data-segmentation/ISIC2018_Task1-2_Training_Input/ISIC_0000176.jpg,False,944,1127,RGB,0.838,0511ef8b21bee78eeba78b7b73573d10,
/kaggle/input/datasets/tschandl/isic2018-challenge-task1-data-segmentation/ISIC2018_Task1-2_Training_Input/ISIC_0014740.jpg,False,6668,4439,RGB,1.502,7d7f1009c5a34069e6acfea9a315005a,
/kaggle/input/datasets/tschandl/isic2018-challenge-task1-data-segmentation/ISIC2018_Task1-2_Training_Input/ISIC_0012272.jpg,False,4288,2848,RGB,1.506,a26fcfcbedaffa24f581d5f6523a4a81,
/kaggle/input/datasets/tschandl/isic2018-challenge-task1-data-segmentation/ISIC2018_Task1-2_Training_Input/ISIC_0000065.jpg,False,1504,1129,RGB,1.332,2f4885513c478d8837bfe76b6483b6ed,
/kaggle/input/datasets/tschandl/isic2018-challenge-task1-data-segmentation/ISIC2018_Task1-2_Training_Input/ISIC_0010231.jpg,False,1024,768,RGB,1.333,073f3be3db8475d5cd6cbdb5452e374e,
/kaggle/input/datasets/tschandl/isic2018-challenge-task1-data-segmentation/ISIC2018_Task1-2_Training_Input/ISIC_0013512.jpg,False,3008,2000,RGB,1.504,0c50233674b39add9f7bcd7dc32b457a,
/kaggle/input/datasets/tschandl/isic2018-challenge-task1-data-segmentation/ISIC2018_Task1-2_Training_Input/ISIC_0015964.jpg,False,3008,2000,RGB,1.504,447e53b2de9d2d3807ae427eac6f4893,
/kaggle/input/datasets/tschandl/isic2018-challenge-task1-data-segmentation/ISIC2018_Task1-2_Training_Input/ISIC_0011120.jpg,False,1024,768,RGB,1.333,03a66c0c38e139bf182386890ae09037,
/kaggle/input/datasets/tschandl/isic2018-challenge-task1-data-segmentation/ISIC2018_Task1-2_Training_Input/ISIC_0015983.jpg,False,3872,2592,RGB,1.494,d2bf39988837a15997d0fb9cf8dc5ca7,
/kaggle/input/datasets/tschandl/isic2018-challenge-task1-data-segmentation/ISIC2018_Task1-2_Training_Input/ISIC_0012911.jpg,False,3008,2000,RGB,1.504,302cca768e69bdb3b65317a6bdce925a,
/kaggle/input/datasets/tschandl/isic2018-challenge-task1-data-segmentation/ISIC2018_Task1-2_Training_Input/ISIC_0012221.jpg,False,3008,2000,RGB,1.504,94d40cff39c5b6e22d0b5c2eb5addd8b,
/kaggle/input/datasets/tschandl/isic2018-challenge-task1-data-segmentation/ISIC2018_Task1-2_Training_Input/ISIC_0011163.jpg,False,1024,768,RGB,1.333,329597366b76ae0c4c323798a04782e7,
/kaggle/input/datasets/tschandl/isic2018-challenge-task1-data-segmentation/ISIC2018_Task1-2_Training_Input/ISIC_0000057.jpg,False,1504,1129,RGB,1.332,88b49ded5f64bea25d7e71287c5a4795,
/kaggle/input/datasets/tschandl/isic2018-challenge-task1-data-segmentation/ISIC2018_Task1-2_Training_Input/ISIC_0013465.jpg,False,4288,2848,RGB,1.506,8e06b3669ebf1fd2b562cb78f7dd0a54,
/kaggle/input/datasets/tschandl/isic2018-challenge-task1-data-segmentation/ISIC2018_Task1-2_Training_Input/ISIC_0001427.jpg,False,3024,2016,RGB,1.5,24e3beeb2b09afa465d890271b312a31,
/kaggle/input/datasets/tschandl/isic2018-challenge-task1-data-segmentation/ISIC2018_Task1-2_Training_Input/ISIC_0010015.jpg,False,1024,768,RGB,1.333,4a1ab9ab784b5e5590c0ed8b30ce436c,
/kaggle/input/datasets/tschandl/isic2018-challenge-task1-data-segmentation/ISIC2018_Task1-2_Training_Input/ISIC_0013027.jpg,False,3872,2592,RGB,1.494,95b6d89687cf63261adde76b1ca335f2,
/kaggle/input/datasets/tschandl/isic2018-challenge-task1-data-segmentation/ISIC2018_Task1-2_Training_Input/ISIC_0013146.jpg,False,3008,2000,RGB,1.504,23c1646765ded542b9c4a82f9f1692e4,
/kaggle/input/datasets/tschandl/isic2018-challenge-task1-data-segmentation/ISIC2018_Task1-2_Training_Input/ISIC_0013055.jpg,False,3872,2592,RGB,1.494,c0e5ce32c64d5b3958bbf26814f98893,
/kaggle/input/datasets/tschandl/isic2018-challenge-task1-data-segmentation/ISIC2018_Task1-2_Training_Input/ISIC_0013398.jpg,False,4288,2848,RGB,1.506,f0e5eb0109e4c415ab4c51188bb8053b,
/kaggle/input/datasets/tschandl/isic2018-challenge-task1-data-segmentation/ISIC2018_Task1-2_Training_Input/ISIC_0016070.jpg,False,4288,2848,RGB,1.506,c1dbbf4a1ae454193c5977400251b1c3,
/kaggle/input/datasets/tschandl/isic2018-challenge-task1-data-segmentation/ISIC2018_Task1-2_Training_Input/ISIC_0014743.jpg,False,6628,4399,RGB,1.507,048d44b0added487cfb049081b3cdd8d,
/kaggle/input/datasets/tschandl/isic2018-challenge-task1-data-segmentation/ISIC2018_Task1-2_Training_Input/ISIC_0010042.jpg,False,1024,768,RGB,1.333,8f05a15b54d84d1cdb6aa146de64e6ad,
/kaggle/input/datasets/tschandl/isic2018-challenge-task1-data-segmentation/ISIC2018_Task1-2_Training_Input/ISIC_0015383.jpg,False,6688,4439,RGB,1.507,8e2ed34752734eac86f79590c7374b1f,
/kaggle/input/datasets/tschandl/isic2018-challenge-task1-data-segmentation/ISIC2018_Task1-2_Training_Input/ISIC_0015079.jpg,False,6621,4401,RGB,1.504,7924147ba86153d5e9da8daefbebd74d,
/kaggle/input/datasets/tschandl/isic2018-challenge-task1-data-segmentation/ISIC2018_Task1-2_Training_Input/ISIC_0011204.jpg,False,1024,768,RGB,1.333,ef5689f7b17cb0e9780bc4a54f1da7cf,
/kaggle/input/datasets/tschandl/isic2018-challenge-task1-data-segmentation/ISIC2018_Task1-2_Training_Input/ISIC_0012384.jpg,False,4288,2848,RGB,1.506,8b2be3253f6e5c6fc7db963956a90484,
/kaggle/input/datasets/tschandl/isic2018-challenge-task1-data-segmentation/ISIC2018_Task1-2_Training_Input/ISIC_0013196.jpg,False,3008,2000,RGB,1.504,df50520dcdb2f0793b1eda2d114c7a9d,
/kaggle/input/datasets/tschandl/isic2018-challenge-task1-data-segmentation/ISIC2018_Task1-2_Training_Input/ISIC_0012260.jpg,False,3008,2000,RGB,1.504,da9ce863131e887dc171bee6699d060d,
/kaggle/input/datasets/tschandl/isic2018-challenge-task1-data-segmentation/ISIC2018_Task1-2_Training_Input/ISIC_0012318.jpg,False,3008,2000,RGB,1.504,54d816c0e0bea1796cacc02b28683f14,
/kaggle/input/datasets/tschandl/isic2018-challenge-task1-data-segmentation/ISIC2018_Task1-2_Training_Input/ISIC_0012320.jpg,False,3008,2000,RGB,1.504,58ad6b3f0d901bedba3c233cb0c3ef13,
/kaggle/input/datasets/tschandl/isic2018-challenge-task1-data-segmentation/ISIC2018_Task1-2_Training_Input/ISIC_0012379.jpg,False,3008,2000,RGB,1.504,e426f94f62f5e125050a342823d91f56,
/kaggle/input/datasets/tschandl/isic2018-challenge-task1-data-segmentation/ISIC2018_Task1-2_Training_Input/ISIC_0010557.jpg,False,1024,768,RGB,1.333,80201714c536d1f5aad0f532923f9eb5,
/kaggle/input/datasets/tschandl/isic2018-challenge-task1-data-segmentation/ISIC2018_Task1-2_Training_Input/ISIC_0012284.jpg,False,3008,2000,RGB,1.504,1c261bb95e28ad5d60107f4174e8f581,
/kaggle/input/datasets/tschandl/isic2018-challenge-task1-data-segmentation/ISIC2018_Task1-2_Training_Input/ISIC_0000490.jpg,False,919,802,RGB,1.146,9e221e0b6ba398a21637091e7edd7621,
/kaggle/input/datasets/tschandl/isic2018-challenge-task1-data-segmentation/ISIC2018_Task1-2_Training_Input/ISIC_0006982.jpg,False,3024,2016,RGB,1.5,5f57544107e9eba2bf7544fae8364a1c,
/kaggle/input/datasets/tschandl/isic2018-challenge-task1-data-segmentation/ISIC2018_Task1-2_Training_Input/ISIC_0010480.jpg,False,1024,768,RGB,1.333,0fcbb1462d62d1eb63bfebcd8550706b,
/kaggle/input/datasets/tschandl/isic2018-challenge-task1-data-segmentation/ISIC2018_Task1-2_Training_Input/ISIC_0009949.jpg,False,1024,768,RGB,1.333,821189eb3b631c932b5fa0a83ca6be61,
/kaggle/input/datasets/tschandl/isic2018-challenge-task1-data-segmentation/ISIC2018_Task1-2_Training_Input/ISIC_0000528.jpg,False,1008,711,RGB,1.418,5f07804b16df3a96622b910005fb2973,
/kaggle/input/datasets/tschandl/isic2018-challenge-task1-data-segmentation/ISIC2018_Task1-2_Training_Input/ISIC_0000340.jpg,False,767,576,RGB,1.332,5d37f8bccade8cf313d307c69e76d062,
/kaggle/input/datasets/tschandl/isic2018-challenge-task1-data-segmentation/ISIC2018_Task1-2_Training_Input/ISIC_0014419.jpg,False,4288,2848,RGB,1.506,cf99f854efb09b489a432f319de515ff,
/kaggle/input/datasets/tschandl/isic2018-challenge-task1-data-segmentation/ISIC2018_Task1-2_Training_Input/ISIC_0013191.jpg,False,3008,2000,RGB,1.504,550066150c280d8e5e8631df7d336c0d,
/kaggle/input/datasets/tschandl/isic2018-challenge-task1-data-segmentation/ISIC2018_Task1-2_Training_Input/ISIC_0013405.jpg,False,4288,2848,RGB,1.506,591739e5068310b3ab0470abe53a8e9b,
/kaggle/input/datasets/tschandl/isic2018-challenge-task1-data-segmentation/ISIC2018_Task1-2_Training_Input/ISIC_0000003.jpg,False,1022,767,RGB,1.332,1e5a5edff0f9be5c23843c2bf8207b57,
/kaggle/input/datasets/tschandl/isic2018-challenge-task1-data-segmentation/ISIC2018_Task1-2_Training_Input/ISIC_0006671.jpg,False,3024,2016,RGB,1.5,c616c7e7d126c5c78c0c43403fc68a8f,
/kaggle/input/datasets/tschandl/isic2018-challenge-task1-data-segmentation/ISIC2018_Task1-2_Training_Input/ISIC_0014825.jpg,False,6642,4441,RGB,1.496,c66a216150ec910b91d566ec458051c8,
/kaggle/input/datasets/tschandl/isic2018-challenge-task1-data-segmentation/ISIC2018_Task1-2_Training_Input/ISIC_0000396.jpg,False,2565,2000,RGB,1.282,3c9b96e28dce9b8395751816ccc9111b,
/kaggle/input/datasets/tschandl/isic2018-challenge-task1-data-segmentation/ISIC2018_Task1-2_Training_Input/ISIC_0013438.jpg,False,4288,2848,RGB,1.506,cec6fb07e0c965ab22ac28bd6c5daa8d,
/kaggle/input/datasets/tschandl/isic2018-challenge-task1-data-segmentation/ISIC2018_Task1-2_Training_Input/ISIC_0010447.jpg,False,1024,768,RGB,1.333,a3fb30987b2a7e7df40e0171c8d821ec,
/kaggle/input/datasets/tschandl/isic2018-challenge-task1-data-segmentation/ISIC2018_Task1-2_Training_Input/ISIC_0000306.jpg,False,767,576,RGB,1.332,e46e9f76dd1bc0591917557eb05ad4b2,
/kaggle/input/datasets/tschandl/isic2018-challenge-task1-data-segmentation/ISIC2018_Task1-2_Training_Input/ISIC_0000461.jpg,False,919,802,RGB,1.146,e0df6ac536c1d32f2e9aa83a3cdc653a,
/kaggle/input/datasets/tschandl/isic2018-challenge-task1-data-segmentation/ISIC2018_Task1-2_Training_Input/ISIC_0000315.jpg,False,767,576,RGB,1.332,86663e515df648503e39fed5f49f686b,
/kaggle/input/datasets/tschandl/isic2018-challenge-task1-data-segmentation/ISIC2018_Task1-2_Training_Input/ISIC_0009941.jpg,False,1024,768,RGB,1.333,d2c83e939f7c6ab2d24b2d2dfe66739f,
/kaggle/input/datasets/tschandl/isic2018-challenge-task1-data-segmentation/ISIC2018_Task1-2_Training_Input/ISIC_0013670.jpg,False,4288,2848,RGB,1.506,ad4c5538908b15ddd78b90571d66bb8c,
/kaggle/input/datasets/tschandl/isic2018-challenge-task1-data-segmentation/ISIC2018_Task1-2_Training_Input/ISIC_0000275.jpg,False,1024,768,RGB,1.333,13547f2d20a76d99eff0dbb2848e8a13,
/kaggle/input/datasets/tschandl/isic2018-challenge-task1-data-segmentation/ISIC2018_Task1-2_Training_Input/ISIC_0015170.jpg,False,6688,4439,RGB,1.507,d8912306948cae7899a6bd8d1fb641b8,
/kaggle/input/datasets/tschandl/isic2018-challenge-task1-data-segmentation/ISIC2018_Task1-2_Training_Input/ISIC_0001152.jpg,False,1936,1296,RGB,1.494,91a495cb578d785cb9e14447f05c7f0b,
/kaggle/input/datasets/tschandl/isic2018-challenge-task1-data-segmentation/ISIC2018_Task1-2_Training_Input/ISIC_0012338.jpg,False,3008,2000,RGB,1.504,9ab568a7d86e66f3193e9ec23dcfdba9,
/kaggle/input/datasets/tschandl/isic2018-challenge-task1-data-segmentation/ISIC2018_Task1-2_Training_Input/ISIC_0012391.jpg,False,3008,2000,RGB,1.504,c0885a695cefe0c93cf2215c818784e0,
/kaggle/input/datasets/tschandl/isic2018-challenge-task1-data-segmentation/ISIC2018_Task1-2_Training_Input/ISIC_0012711.jpg,False,3008,2000,RGB,1.504,b168821f8221206b784d8df19391148f,
/kaggle/input/datasets/tschandl/isic2018-challenge-task1-data-segmentation/ISIC2018_Task1-2_Training_Input/ISIC_0015417.jpg,False,6748,4439,RGB,1.52,e5e738baab7c0005e6b361f5f0af3237,
/kaggle/input/datasets/tschandl/isic2018-challenge-task1-data-segmentation/ISIC2018_Task1-2_Training_Input/ISIC_0014183.jpg,False,4288,2848,RGB,1.506,690df60aa767af5528b6ff5cef7bc576,
/kaggle/input/datasets/tschandl/isic2018-challenge-task1-data-segmentation/ISIC2018_Task1-2_Training_Input/ISIC_0014802.jpg,False,6642,4420,RGB,1.503,96aefb9a9cf6008374a6e617fa64c6f4,
/kaggle/input/datasets/tschandl/isic2018-challenge-task1-data-segmentation/ISIC2018_Task1-2_Training_Input/ISIC_0000282.jpg,False,1024,768,RGB,1.333,9057ec48fd25749ba1ce382896d8af80,
/kaggle/input/datasets/tschandl/isic2018-challenge-task1-data-segmentation/ISIC2018_Task1-2_Training_Input/ISIC_0000507.jpg,False,1019,717,RGB,1.421,8e9fbb6146a2dec5cfb385835d9c1aeb,
/kaggle/input/datasets/tschandl/isic2018-challenge-task1-data-segmentation/ISIC2018_Task1-2_Training_Input/ISIC_0013865.jpg,False,4288,2848,RGB,1.506,f98f93d54296d66eb39e69c84dc9d964,
/kaggle/input/datasets/tschandl/isic2018-challenge-task1-data-segmentation/ISIC2018_Task1-2_Training_Input/ISIC_0013749.jpg,False,4288,2848,RGB,1.506,a22684cc4bdb6773c03a905ff61dee8d,
/kaggle/input/datasets/tschandl/isic2018-challenge-task1-data-segmentation/ISIC2018_Task1-2_Training_Input/ISIC_0000360.jpg,False,767,576,RGB,1.332,73bfd1fc87264e9e1922f75680668341,
/kaggle/input/datasets/tschandl/isic2018-challenge-task1-data-segmentation/ISIC2018_Task1-2_Training_Input/ISIC_0010341.jpg,False,1024,768,RGB,1.333,2c8ecc1fe9618a30be5532662b37aa89,
/kaggle/input/datasets/tschandl/isic2018-challenge-task1-data-segmentation/ISIC2018_Task1-2_Training_Input/ISIC_0011341.jpg,False,1024,768,RGB,1.333,df9079a339d0b47ab36f264b6bc891f5,
/kaggle/input/datasets/tschandl/isic2018-challenge-task1-data-segmentation/ISIC2018_Task1-2_Training_Input/ISIC_0015978.jpg,False,3872,2592,RGB,1.494,f8318d64bfb236eb489070ac1f8445bc,
/kaggle/input/datasets/tschandl/isic2018-challenge-task1-data-segmentation/ISIC2018_Task1-2_Training_Input/ISIC_0000018.jpg,False,1504,1129,RGB,1.332,357e213f794b40ce55caee59320ee5e9,
/kaggle/input/datasets/tschandl/isic2018-challenge-task1-data-segmentation/ISIC2018_Task1-2_Training_Input/ISIC_0013639.jpg,False,3872,2592,RGB,1.494,0eb8eec045fb98be93e5fdad55ba0922,
/kaggle/input/datasets/tschandl/isic2018-challenge-task1-data-segmentation/ISIC2018_Task1-2_Training_Input/ISIC_0009971.jpg,False,1024,768,RGB,1.333,cac2fc7e469008aef6c29c909cccb88b,
/kaggle/input/datasets/tschandl/isic2018-challenge-task1-data-segmentation/ISIC2018_Task1-2_Training_Input/ISIC_0015108.jpg,False,6642,4420,RGB,1.503,5c4bac818525060de213ab59da2b2af3,
/kaggle/input/datasets/tschandl/isic2018-challenge-task1-data-segmentation/ISIC2018_Task1-2_Training_Input/ISIC_0010588.jpg,False,1024,768,RGB,1.333,7d4c0d343ee7017f5d46da6301934f7c,
/kaggle/input/datasets/tschandl/isic2018-challenge-task1-data-segmentation/ISIC2018_Task1-2_Training_Input/ISIC_0014831.jpg,False,6642,4420,RGB,1.503,d83913b4adbb9ec695b6011163a3f2cf,
/kaggle/input/datasets/tschandl/isic2018-challenge-task1-data-segmentation/ISIC2018_Task1-2_Training_Input/ISIC_0014666.jpg,False,6668,4439,RGB,1.502,e1164fb36bfecc83553155189b22c3c8,
/kaggle/input/datasets/tschandl/isic2018-challenge-task1-data-segmentation/ISIC2018_Task1-2_Training_Input/ISIC_0000442.jpg,False,3072,2304,RGB,1.333,405dd1bce7adec000b315a1d04a6b981,
/kaggle/input/datasets/tschandl/isic2018-challenge-task1-data-segmentation/ISIC2018_Task1-2_Training_Input/ISIC_0013056.jpg,False,3008,2000,RGB,1.504,2fdf715aafb716ab6ba7759b45ab936c,
/kaggle/input/datasets/tschandl/isic2018-challenge-task1-data-segmentation/ISIC2018_Task1-2_Training_Input/ISIC_0000203.jpg,False,1502,1051,RGB,1.429,eeb96d539c52bb4df3de3bfd035b3976,
/kaggle/input/datasets/tschandl/isic2018-challenge-task1-data-segmentation/ISIC2018_Task1-2_Training_Input/ISIC_0010592.jpg,False,1024,768,RGB,1.333,a81daa74c8bc18ad262421e18bceba74,
/kaggle/input/datasets/tschandl/isic2018-challenge-task1-data-segmentation/ISIC2018_Task1-2_Training_Input/ISIC_0013713.jpg,False,4288,2848,RGB,1.506,bede75330044a4e5bb9d3a34a17cf65c,
/kaggle/input/datasets/tschandl/isic2018-challenge-task1-data-segmentation/ISIC2018_Task1-2_Training_Input/ISIC_0012160.jpg,False,3008,2000,RGB,1.504,daa41b0539a4aa02db06605b7fb8a17a,
/kaggle/input/datasets/tschandl/isic2018-challenge-task1-data-segmentation/ISIC2018_Task1-2_Training_Input/ISIC_0012506.jpg,False,4288,2848,RGB,1.506,9ca07407e20c8640aa36c806b047a9a6,
/kaggle/input/datasets/tschandl/isic2018-challenge-task1-data-segmentation/ISIC2018_Task1-2_Training_Input/ISIC_0014585.jpg,False,5184,3456,RGB,1.5,2c87fccf06ec08509cb35444237b4ec9,
/kaggle/input/datasets/tschandl/isic2018-challenge-task1-data-segmentation/ISIC2018_Task1-2_Training_Input/ISIC_0011326.jpg,False,1024,768,RGB,1.333,ffa3b1308dd184d196ab00ce3b792832,
/kaggle/input/datasets/tschandl/isic2018-challenge-task1-data-segmentation/ISIC2018_Task1-2_Training_Input/ISIC_0000208.jpg,False,1502,1051,RGB,1.429,5d0efd7d0422d72542b67fc5d69d0cab,
/kaggle/input/datasets/tschandl/isic2018-challenge-task1-data-segmentation/ISIC2018_Task1-2_Training_Input/ISIC_0008659.jpg,False,4288,2848,RGB,1.506,a0ceec29a014c6332dcc443b64436f92,
/kaggle/input/datasets/tschandl/isic2018-challenge-task1-data-segmentation/ISIC2018_Task1-2_Training_Input/ISIC_0012210.jpg,False,3008,2000,RGB,1.504,42c168dd53a62ae65fe1f26503533e83,
/kaggle/input/datasets/tschandl/isic2018-challenge-task1-data-segmentation/ISIC2018_Task1-2_Training_Input/ISIC_0012107.jpg,False,3008,2000,RGB,1.504,9137da3774084e490879b53fe76aec72,
/kaggle/input/datasets/tschandl/isic2018-challenge-task1-data-segmentation/ISIC2018_Task1-2_Training_Input/ISIC_0014823.jpg,False,6622,4441,RGB,1.491,9edd3c9ac949484abefbe9a132449357,
/kaggle/input/datasets/tschandl/isic2018-challenge-task1-data-segmentation/ISIC2018_Task1-2_Training_Input/ISIC_0008528.jpg,False,4288,2848,RGB,1.506,f5cd22545565f0d2a043409f8798896c,
/kaggle/input/datasets/tschandl/isic2018-challenge-task1-data-segmentation/ISIC2018_Task1-2_Training_Input/ISIC_0014476.jpg,False,4288,2848,RGB,1.506,0029dd14a8c8a4b56337cda5bd872dbd,
/kaggle/input/datasets/tschandl/isic2018-challenge-task1-data-segmentation/ISIC2018_Task1-2_Training_Input/ISIC_0010604.jpg,False,1024,768,RGB,1.333,ae400c6eef35cf043f54f85772b42432,
/kaggle/input/datasets/tschandl/isic2018-challenge-task1-data-segmentation/ISIC2018_Task1-2_Training_Input/ISIC_0010461.jpg,False,1024,768,RGB,1.333,a673c6b780e6c70e6ec9233f0c58c0dd,
/kaggle/input/datasets/tschandl/isic2018-challenge-task1-data-segmentation/ISIC2018_Task1-2_Training_Input/ISIC_0000455.jpg,False,2283,1824,RGB,1.252,24ca98e89113dbe29384744709a2cd28,
/kaggle/input/datasets/tschandl/isic2018-challenge-task1-data-segmentation/ISIC2018_Task1-2_Training_Input/ISIC_0012891.jpg,False,3008,2000,RGB,1.504,5133e767ea1070c18469290526061daf,
/kaggle/input/datasets/tschandl/isic2018-challenge-task1-data-segmentation/ISIC2018_Task1-2_Training_Input/ISIC_0007475.jpg,False,3024,2016,RGB,1.5,928443bd84e767c457c105124943c0ac,
/kaggle/input/datasets/tschandl/isic2018-challenge-task1-data-segmentation/ISIC2018_Task1-2_Training_Input/ISIC_0009976.jpg,False,1024,768,RGB,1.333,a0b9b8cda5c60d3b1d730ee73dd06deb,
/kaggle/input/datasets/tschandl/isic2018-challenge-task1-data-segmentation/ISIC2018_Task1-2_Training_Input/ISIC_0014372.jpg,False,4288,2848,RGB,1.506,731a4b90b6b518e93d05306241f0835f,
/kaggle/input/datasets/tschandl/isic2018-challenge-task1-data-segmentation/ISIC2018_Task1-2_Training_Input/ISIC_0009932.jpg,False,1024,768,RGB,1.333,7b92e229e27146387ea865363bb883d8,
/kaggle/input/datasets/tschandl/isic2018-challenge-task1-data-segmentation/ISIC2018_Task1-2_Training_Input/ISIC_0013789.jpg,False,3008,2000,RGB,1.504,1e42b7a6b3c0acfeeffa8b183a2aa293,
/kaggle/input/datasets/tschandl/isic2018-challenge-task1-data-segmentation/ISIC2018_Task1-2_Training_Input/ISIC_0000150.jpg,False,2048,1536,RGB,1.333,7aaf5f42dab2fed699b0343bc5545790,
/kaggle/input/datasets/tschandl/isic2018-challenge-task1-data-segmentation/ISIC2018_Task1-2_Training_Input/ISIC_0009078.jpg,False,3024,2016,RGB,1.5,e4150e0fd3d27881a0dd298c4366d92e,
/kaggle/input/datasets/tschandl/isic2018-challenge-task1-data-segmentation/ISIC2018_Task1-2_Training_Input/ISIC_0000390.jpg,False,3072,2304,RGB,1.333,e8a1465b2453801f492e851e7580fcf4,
/kaggle/input/datasets/tschandl/isic2018-challenge-task1-data-segmentation/ISIC2018_Task1-2_Training_Input/ISIC_0013830.jpg,False,4288,2848,RGB,1.506,875660a7097b984acc852fcdafc78c6a,
/kaggle/input/datasets/tschandl/isic2018-challenge-task1-data-segmentation/ISIC2018_Task1-2_Training_Input/ISIC_0014190.jpg,False,4288,2848,RGB,1.506,91d1326ae17e9fbd193d6f63f04adf8a,
/kaggle/input/datasets/tschandl/isic2018-challenge-task1-data-segmentation/ISIC2018_Task1-2_Training_Input/ISIC_0011298.jpg,False,1024,768,RGB,1.333,1e28ddb2a05ac092353ef26cf05c78a4,
/kaggle/input/datasets/tschandl/isic2018-challenge-task1-data-segmentation/ISIC2018_Task1-2_Training_Input/ISIC_0012432.jpg,False,3008,2000,RGB,1.504,0b3b075a47079f05cf85dcdf91b07826,
/kaggle/input/datasets/tschandl/isic2018-challenge-task1-data-segmentation/ISIC2018_Task1-2_Training_Input/ISIC_0014162.jpg,False,4288,2848,RGB,1.506,ce57c9c33bebb0ec2dd7bd5dffb258cb,
/kaggle/input/datasets/tschandl/isic2018-challenge-task1-data-segmentation/ISIC2018_Task1-2_Training_Input/ISIC_0009956.jpg,False,1024,768,RGB,1.333,4b373d5ef34ba62bc26e0538427c0566,
/kaggle/input/datasets/tschandl/isic2018-challenge-task1-data-segmentation/ISIC2018_Task1-2_Training_Input/ISIC_0011115.jpg,False,1024,768,RGB,1.333,9e631079fb31f7258eb719fdf0f3abdd,
/kaggle/input/datasets/tschandl/isic2018-challenge-task1-data-segmentation/ISIC2018_Task1-2_Training_Input/ISIC_0012792.jpg,False,3008,2000,RGB,1.504,672a9f0f211dd4a76cbf14de126dd8e4,
/kaggle/input/datasets/tschandl/isic2018-challenge-task1-data-segmentation/ISIC2018_Task1-2_Training_Input/ISIC_0013192.jpg,False,3008,2000,RGB,1.504,ae17f61b8e58bb90f9e1b1067e1de3b9,
/kaggle/input/datasets/tschandl/isic2018-challenge-task1-data-segmentation/ISIC2018_Task1-2_Training_Input/ISIC_0015229.jpg,False,6661,4420,RGB,1.507,3819783f38bc056508a85b816c7fe699,
/kaggle/input/datasets/tschandl/isic2018-challenge-task1-data-segmentation/ISIC2018_Task1-2_Training_Input/ISIC_0011303.jpg,False,1024,768,RGB,1.333,e1f066f593746adf1b53df183775c6cd,
/kaggle/input/datasets/tschandl/isic2018-challenge-task1-data-segmentation/ISIC2018_Task1-2_Training_Input/ISIC_0001106.jpg,False,3872,2592,RGB,1.494,67c3de6780000159845449b81be9085b,
/kaggle/input/datasets/tschandl/isic2018-challenge-task1-data-segmentation/ISIC2018_Task1-2_Training_Input/ISIC_0012232.jpg,False,4288,2848,RGB,1.506,2f933c4d80217f456a9d69933f12267e,
/kaggle/input/datasets/tschandl/isic2018-challenge-task1-data-segmentation/ISIC2018_Task1-2_Training_Input/ISIC_0012966.jpg,False,3872,2592,RGB,1.494,1b73999a830ecd46091c4ec0e7d9de63,
/kaggle/input/datasets/tschandl/isic2018-challenge-task1-data-segmentation/ISIC2018_Task1-2_Training_Input/ISIC_0016040.jpg,False,4288,2848,RGB,1.506,b60e2fb02a8308bb9ad2f78af1893a7c,
/kaggle/input/datasets/tschandl/isic2018-challenge-task1-data-segmentation/ISIC2018_Task1-2_Training_Input/ISIC_0014423.jpg,False,4288,2848,RGB,1.506,00b8f53edccb785461c759fda51610f0,
/kaggle/input/datasets/tschandl/isic2018-challenge-task1-data-segmentation/ISIC2018_Task1-2_Training_Input/ISIC_0011292.jpg,False,1024,768,RGB,1.333,fdafb68c9d5f6f611b722e1d65cc14f0,
/kaggle/input/datasets/tschandl/isic2018-challenge-task1-data-segmentation/ISIC2018_Task1-2_Training_Input/ISIC_0015160.jpg,False,6601,4382,RGB,1.506,b40764ba6033064b0312c59570d333bf,
/kaggle/input/datasets/tschandl/isic2018-challenge-task1-data-segmentation/ISIC2018_Task1-2_Training_Input/ISIC_0000395.jpg,False,3072,2304,RGB,1.333,034f60c5e81ebf6446edb2a522953d44,
/kaggle/input/datasets/tschandl/isic2018-challenge-task1-data-segmentation/ISIC2018_Task1-2_Training_Input/ISIC_0013201.jpg,False,3008,2000,RGB,1.504,b50b9f140e2d7560f9a8cad649e97f41,
/kaggle/input/datasets/tschandl/isic2018-challenge-task1-data-segmentation/ISIC2018_Task1-2_Training_Input/ISIC_0014808.jpg,False,6642,4422,RGB,1.502,fd0171a524bbfa0a075fa715cc9ef669,
/kaggle/input/datasets/tschandl/isic2018-challenge-task1-data-segmentation/ISIC2018_Task1-2_Training_Input/ISIC_0012693.jpg,False,3008,2000,RGB,1.504,98d827beaed880b5697cab69c3a58ee8,
/kaggle/input/datasets/tschandl/isic2018-challenge-task1-data-segmentation/ISIC2018_Task1-2_Training_Input/ISIC_0012324.jpg,False,3008,2000,RGB,1.504,a5fbc8c2a235762cc6d5393927c55fb2,
/kaggle/input/datasets/tschandl/isic2018-challenge-task1-data-segmentation/ISIC2018_Task1-2_Training_Input/ISIC_0014821.jpg,False,6642,4422,RGB,1.502,48cfebaa1ec1a710a3fdf4115d9b993d,
/kaggle/input/datasets/tschandl/isic2018-challenge-task1-data-segmentation/ISIC2018_Task1-2_Training_Input/ISIC_0010176.jpg,False,1024,768,RGB,1.333,818feef08a5bba3dbd3431b26f53d359,
/kaggle/input/datasets/tschandl/isic2018-challenge-task1-data-segmentation/ISIC2018_Task1-2_Training_Input/ISIC_0011159.jpg,False,1024,768,RGB,1.333,f957e251a7ebe3318e32aecd8439d459,
/kaggle/input/datasets/tschandl/isic2018-challenge-task1-data-segmentation/ISIC2018_Task1-2_Training_Input/ISIC_0000319.jpg,False,767,576,RGB,1.332,157221cfcdde01a96fb65656166eb32a,
/kaggle/input/datasets/tschandl/isic2018-challenge-task1-data-segmentation/ISIC2018_Task1-2_Training_Input/ISIC_0013879.jpg,False,4288,2848,RGB,1.506,17425b340ad40593b46c5d3e6127f674,
/kaggle/input/datasets/tschandl/isic2018-challenge-task1-data-segmentation/ISIC2018_Task1-2_Training_Input/ISIC_0010252.jpg,False,1024,768,RGB,1.333,fb1e2cba8c7ddeed0800c534b0422254,
/kaggle/input/datasets/tschandl/isic2018-challenge-task1-data-segmentation/ISIC2018_Task1-2_Training_Input/ISIC_0000111.jpg,False,2048,1536,RGB,1.333,81f8f817db3382f423967717c6de670e,
/kaggle/input/datasets/tschandl/isic2018-challenge-task1-data-segmentation/ISIC2018_Task1-2_Training_Input/ISIC_0013456.jpg,False,4288,2848,RGB,1.506,6f3fc3305f7f765b3167ce288632d93a,
/kaggle/input/datasets/tschandl/isic2018-challenge-task1-data-segmentation/ISIC2018_Task1-2_Training_Input/ISIC_0000119.jpg,False,2048,1536,RGB,1.333,0dfc557f5f3515e12cd98ab214e91825,
/kaggle/input/datasets/tschandl/isic2018-challenge-task1-data-segmentation/ISIC2018_Task1-2_Training_Input/ISIC_0014580.jpg,False,2592,1936,RGB,1.339,5cfe7208d9d1a8fb79a79377989d31b7,
/kaggle/input/datasets/tschandl/isic2018-challenge-task1-data-segmentation/ISIC2018_Task1-2_Training_Input/ISIC_0016060.jpg,False,4288,2848,RGB,1.506,ab57ec9192e1ce819e1ce78cce710009,
/kaggle/input/datasets/tschandl/isic2018-challenge-task1-data-segmentation/ISIC2018_Task1-2_Training_Input/ISIC_0013287.jpg,False,4288,2848,RGB,1.506,5a0e137660ef6bd6878997d44445fcdf,
/kaggle/input/datasets/tschandl/isic2018-challenge-task1-data-segmentation/ISIC2018_Task1-2_Training_Input/ISIC_0013601.jpg,False,3872,2592,RGB,1.494,c63222cfb9b822ff4b84245676893c0d,
/kaggle/input/datasets/tschandl/isic2018-challenge-task1-data-segmentation/ISIC2018_Task1-2_Training_Input/ISIC_0012493.jpg,False,4288,2848,RGB,1.506,41d13c585976dca34f6efff5e380f451,
/kaggle/input/datasets/tschandl/isic2018-challenge-task1-data-segmentation/ISIC2018_Task1-2_Training_Input/ISIC_0012999.jpg,False,3872,2592,RGB,1.494,37577b88388bedc6d91fe36031190df6,
/kaggle/input/datasets/tschandl/isic2018-challenge-task1-data-segmentation/ISIC2018_Task1-2_Training_Input/ISIC_0013929.jpg,False,4288,2848,RGB,1.506,f96cac94a49af9fd01b0f9a8242eb1df,
/kaggle/input/datasets/tschandl/isic2018-challenge-task1-data-segmentation/ISIC2018_Task1-2_Training_Input/ISIC_0014385.jpg,False,4288,2848,RGB,1.506,cbde22d210c41b5eadae13b72e3cb109,
/kaggle/input/datasets/tschandl/isic2018-challenge-task1-data-segmentation/ISIC2018_Task1-2_Training_Input/ISIC_0012481.jpg,False,4288,2848,RGB,1.506,593bfc3bd36c3a7983ef852f33133bbb,
/kaggle/input/datasets/tschandl/isic2018-challenge-task1-data-segmentation/ISIC2018_Task1-2_Training_Input/ISIC_0013330.jpg,False,4288,2848,RGB,1.506,4780e80f842e08ac48e04b4d8d041f4b,
/kaggle/input/datasets/tschandl/isic2018-challenge-task1-data-segmentation/ISIC2018_Task1-2_Training_Input/ISIC_0009960.jpg,False,1024,768,RGB,1.333,f6df1b7a26e926463f6200a3b53f87d3,
/kaggle/input/datasets/tschandl/isic2018-challenge-task1-data-segmentation/ISIC2018_Task1-2_Training_Input/ISIC_0000078.jpg,False,1504,1129,RGB,1.332,93c4c8596cc050fef9b969f1c37180f5,
/kaggle/input/datasets/tschandl/isic2018-challenge-task1-data-segmentation/ISIC2018_Task1-2_Training_Input/ISIC_0014195.jpg,False,4288,2848,RGB,1.506,6f160dbf3f6b06455d17930ae3610a5e,
/kaggle/input/datasets/tschandl/isic2018-challenge-task1-data-segmentation/ISIC2018_Task1-2_Training_Input/ISIC_0015956.jpg,False,3008,2000,RGB,1.504,b8427c0879c9165458feaaa2ab8bac75,
/kaggle/input/datasets/tschandl/isic2018-challenge-task1-data-segmentation/ISIC2018_Task1-2_Training_Input/ISIC_0001186.jpg,False,4288,2848,RGB,1.506,22d3e4eb3a570433e9a385d4a0e83ade,
/kaggle/input/datasets/tschandl/isic2018-challenge-task1-data-segmentation/ISIC2018_Task1-2_Training_Input/ISIC_0013996.jpg,False,4288,2848,RGB,1.506,97690a3b255f815dc7ac02cf5e531f44,
/kaggle/input/datasets/tschandl/isic2018-challenge-task1-data-segmentation/ISIC2018_Task1-2_Training_Input/ISIC_0013140.jpg,False,3872,2592,RGB,1.494,8d222741e9f6c4bcde1221c02d79fd67,
/kaggle/input/datasets/tschandl/isic2018-challenge-task1-data-segmentation/ISIC2018_Task1-2_Training_Input/ISIC_0016034.jpg,False,4288,2848,RGB,1.506,c6636486c9078975f902f060e85296c8,
/kaggle/input/datasets/tschandl/isic2018-challenge-task1-data-segmentation/ISIC2018_Task1-2_Training_Input/ISIC_0012097.jpg,False,3008,2000,RGB,1.504,db887d5df59d8f6da582ab3aa0799505,
/kaggle/input/datasets/tschandl/isic2018-challenge-task1-data-segmentation/ISIC2018_Task1-2_Training_Input/ISIC_0014723.jpg,False,6602,4382,RGB,1.507,7e410d36f089bc7ebc4029112f45afa8,
/kaggle/input/datasets/tschandl/isic2018-challenge-task1-data-segmentation/ISIC2018_Task1-2_Training_Input/ISIC_0013696.jpg,False,4288,2848,RGB,1.506,add4a7f6cbf48b47f5ac1dc8da42f9db,
/kaggle/input/datasets/tschandl/isic2018-challenge-task1-data-segmentation/ISIC2018_Task1-2_Training_Input/ISIC_0000498.jpg,False,919,802,RGB,1.146,6d997e10558815e9141cc948828001bb,
/kaggle/input/datasets/tschandl/isic2018-challenge-task1-data-segmentation/ISIC2018_Task1-2_Training_Input/ISIC_0010020.jpg,False,1024,768,RGB,1.333,bd95454a4e8a1061e19c0de63cf269cc,
/kaggle/input/datasets/tschandl/isic2018-challenge-task1-data-segmentation/ISIC2018_Task1-2_Training_Input/ISIC_0014876.jpg,False,6668,4439,RGB,1.502,ed76aaa8ec695eb257fa3b255352f642,
/kaggle/input/datasets/tschandl/isic2018-challenge-task1-data-segmentation/ISIC2018_Task1-2_Training_Input/ISIC_0013672.jpg,False,4288,2848,RGB,1.506,7553f8686ef5343209dbc7d0772ba227,
/kaggle/input/datasets/tschandl/isic2018-challenge-task1-data-segmentation/ISIC2018_Task1-2_Training_Input/ISIC_0016003.jpg,False,3008,2000,RGB,1.504,50ec9fa0a8dbc3c8758a168bebe06040,
/kaggle/input/datasets/tschandl/isic2018-challenge-task1-data-segmentation/ISIC2018_Task1-2_Training_Input/ISIC_0014110.jpg,False,4288,2848,RGB,1.506,7f4eef613dbccd0df47610e2b275de16,
/kaggle/input/datasets/tschandl/isic2018-challenge-task1-data-segmentation/ISIC2018_Task1-2_Training_Input/ISIC_0014596.jpg,False,2592,1936,RGB,1.339,0d776508dc8519cee054b273b4a37b81,
/kaggle/input/datasets/tschandl/isic2018-challenge-task1-data-segmentation/ISIC2018_Task1-2_Training_Input/ISIC_0010002.jpg,False,1024,768,RGB,1.333,862293905446cf608602f1c505a210b4,
/kaggle/input/datasets/tschandl/isic2018-challenge-task1-data-segmentation/ISIC2018_Task1-2_Training_Input/ISIC_0010100.jpg,False,1024,768,RGB,1.333,e6ecbfbb7e469a688df4c4c83abda439,
/kaggle/input/datasets/tschandl/isic2018-challenge-task1-data-segmentation/ISIC2018_Task1-2_Training_Input/ISIC_0015254.jpg,False,6668,4459,RGB,1.495,e8fdebdc645f20c55da0861294a490b9,
/kaggle/input/datasets/tschandl/isic2018-challenge-task1-data-segmentation/ISIC2018_Task1-2_Training_Input/ISIC_0012826.jpg,False,3872,2592,RGB,1.494,5ff2130cd4a92cb4de841bf340fc04b6,
/kaggle/input/datasets/tschandl/isic2018-challenge-task1-data-segmentation/ISIC2018_Task1-2_Training_Input/ISIC_0014547.jpg,False,4288,2848,RGB,1.506,9ad6b625109e0ac4a45c0b587c963e9a,
/kaggle/input/datasets/tschandl/isic2018-challenge-task1-data-segmentation/ISIC2018_Task1-2_Training_Input/ISIC_0013170.jpg,False,3008,2000,RGB,1.504,16325b86d1694e6a13209c83ca383996,
/kaggle/input/datasets/tschandl/isic2018-challenge-task1-data-segmentation/ISIC2018_Task1-2_Training_Input/ISIC_0000163.jpg,False,965,649,RGB,1.487,d3a77219496451d1f2e2fbd8908f25c8,
/kaggle/input/datasets/tschandl/isic2018-challenge-task1-data-segmentation/ISIC2018_Task1-2_Training_Input/ISIC_0012511.jpg,False,4288,2848,RGB,1.506,bf1b5e0b08eda0d4681baea1fc0a6a73,
/kaggle/input/datasets/tschandl/isic2018-challenge-task1-data-segmentation/ISIC2018_Task1-2_Training_Input/ISIC_0013176.jpg,False,3008,2000,RGB,1.504,16395f27895c62208fe6c2700a27b86a,
/kaggle/input/datasets/tschandl/isic2018-challenge-task1-data-segmentation/ISIC2018_Task1-2_Training_Input/ISIC_0009937.jpg,False,1024,768,RGB,1.333,7c95bba3b812a480ad00c8331311bffb,
/kaggle/input/datasets/tschandl/isic2018-challenge-task1-data-segmentation/ISIC2018_Task1-2_Training_Input/ISIC_0010178.jpg,False,1024,768,RGB,1.333,dab973ee6eb381e5d57a81d6ae00c47a,
/kaggle/input/datasets/tschandl/isic2018-challenge-task1-data-segmentation/ISIC2018_Task1-2_Training_Input/ISIC_0015008.jpg,False,6648,4479,RGB,1.484,11c2ab7e41261b877c526665ba54fa50,
/kaggle/input/datasets/tschandl/isic2018-challenge-task1-data-segmentation/ISIC2018_Task1-2_Training_Input/ISIC_0013189.jpg,False,3872,2592,RGB,1.494,b8f09bae213d91f60b8c4069798051ad,
/kaggle/input/datasets/tschandl/isic2018-challenge-task1-data-segmentation/ISIC2018_Task1-2_Training_Input/ISIC_0013925.jpg,False,3008,2000,RGB,1.504,d9526fb25feeb30f5caedd26cc956921,
/kaggle/input/datasets/tschandl/isic2018-challenge-task1-data-segmentation/ISIC2018_Task1-2_Training_Input/ISIC_0009946.jpg,False,1024,768,RGB,1.333,a2048c4d6113c34d8ed63d7ab80300fd,
/kaggle/input/datasets/tschandl/isic2018-challenge-task1-data-segmentation/ISIC2018_Task1-2_Training_Input/ISIC_0015021.jpg,False,6628,4419,RGB,1.5,92fc4a61904ca09870d80c8715f1d5ad,
/kaggle/input/datasets/tschandl/isic2018-challenge-task1-data-segmentation/ISIC2018_Task1-2_Training_Input/ISIC_0010442.jpg,False,1024,768,RGB,1.333,dafff892bedf428dd6dee89392309944,
/kaggle/input/datasets/tschandl/isic2018-challenge-task1-data-segmentation/ISIC2018_Task1-2_Training_Input/ISIC_0010360.jpg,False,1024,768,RGB,1.333,1c85041d7fc45ab6209b5ef7d61aaac2,
/kaggle/input/datasets/tschandl/isic2018-challenge-task1-data-segmentation/ISIC2018_Task1-2_Training_Input/ISIC_0000552.jpg,False,679,566,RGB,1.2,fbeb6869650708b1fa9e4d7aa4f01307,
/kaggle/input/datasets/tschandl/isic2018-challenge-task1-data-segmentation/ISIC2018_Task1-2_Training_Input/ISIC_0013291.jpg,False,4288,2848,RGB,1.506,2223566d054c824877ce17b5ca9b140b,
/kaggle/input/datasets/tschandl/isic2018-challenge-task1-data-segmentation/ISIC2018_Task1-2_Training_Input/ISIC_0014178.jpg,False,4288,2848,RGB,1.506,b1124a9a9f071921d8d53d2fdb640f97,
/kaggle/input/datasets/tschandl/isic2018-challenge-task1-data-segmentation/ISIC2018_Task1-2_Training_Input/ISIC_0013516.jpg,False,4288,2848,RGB,1.506,30d581c2e87ba237efa9a32f8333b5b5,
/kaggle/input/datasets/tschandl/isic2018-challenge-task1-data-segmentation/ISIC2018_Task1-2_Training_Input/ISIC_0000186.jpg,False,1064,702,RGB,1.516,587fad48ff96524fddd0fc3c471f1fa6,
/kaggle/input/datasets/tschandl/isic2018-challenge-task1-data-segmentation/ISIC2018_Task1-2_Training_Input/ISIC_0009980.jpg,False,1024,768,RGB,1.333,acb7fcc5488e2fd174e49b2aafa5674c,
/kaggle/input/datasets/tschandl/isic2018-challenge-task1-data-segmentation/ISIC2018_Task1-2_Training_Input/ISIC_0014989.jpg,False,6640,4420,RGB,1.502,5aad917faf5efdf18d6f6b99eced076e,
/kaggle/input/datasets/tschandl/isic2018-challenge-task1-data-segmentation/ISIC2018_Task1-2_Training_Input/ISIC_0000029.jpg,False,1504,1129,RGB,1.332,24cf03911dd812a443cf050721fbfd78,
/kaggle/input/datasets/tschandl/isic2018-challenge-task1-data-segmentation/ISIC2018_Task1-2_Training_Input/ISIC_0012905.jpg,False,3872,2592,RGB,1.494,d8456e8bf7a521bb241bf64644763415,
/kaggle/input/datasets/tschandl/isic2018-challenge-task1-data-segmentation/ISIC2018_Task1-2_Training_Input/ISIC_0013399.jpg,False,4288,2848,RGB,1.506,0a01e1cb3506531f70852947726a1719,
/kaggle/input/datasets/tschandl/isic2018-challenge-task1-data-segmentation/ISIC2018_Task1-2_Training_Input/ISIC_0010607.jpg,False,1024,768,RGB,1.333,08b742dc16a9bb020b2edfecbf1ba599,
/kaggle/input/datasets/tschandl/isic2018-challenge-task1-data-segmentation/ISIC2018_Task1-2_Training_Input/ISIC_0012108.jpg,False,3008,2000,RGB,1.504,376d12cd61f52ff3590f848b8d58c2a4,
/kaggle/input/datasets/tschandl/isic2018-challenge-task1-data-segmentation/ISIC2018_Task1-2_Training_Input/ISIC_0011117.jpg,False,1024,768,RGB,1.333,79fad3aec8e42dbf89ac3d56deb047d5,
/kaggle/input/datasets/tschandl/isic2018-challenge-task1-data-segmentation/ISIC2018_Task1-2_Training_Input/ISIC_0015950.jpg,False,3008,2000,RGB,1.504,6f53e609755c151ec89c16d3810ea89f,
/kaggle/input/datasets/tschandl/isic2018-challenge-task1-data-segmentation/ISIC2018_Task1-2_Training_Input/ISIC_0012665.jpg,False,3008,2000,RGB,1.504,24526e8c5fc1ae09ca173f808d8f6ade,
/kaggle/input/datasets/tschandl/isic2018-challenge-task1-data-segmentation/ISIC2018_Task1-2_Training_Input/ISIC_0014527.jpg,False,4288,2848,RGB,1.506,6c291c3c5d4282da9e6c028330a4079d,
/kaggle/input/datasets/tschandl/isic2018-challenge-task1-data-segmentation/ISIC2018_Task1-2_Training_Input/ISIC_0000045.jpg,False,1504,1129,RGB,1.332,5f7dccffae2f64f83d770a0e5e36c846,
/kaggle/input/datasets/tschandl/isic2018-challenge-task1-data-segmentation/ISIC2018_Task1-2_Training_Input/ISIC_0013433.jpg,False,4288,2848,RGB,1.506,37b17670a30e36253d32c3b2e9b6f7f8,
/kaggle/input/datasets/tschandl/isic2018-challenge-task1-data-segmentation/ISIC2018_Task1-2_Training_Input/ISIC_0013680.jpg,False,3872,2592,RGB,1.494,ea4f70725b6c82ed445c7b213da7019b,
/kaggle/input/datasets/tschandl/isic2018-challenge-task1-data-segmentation/ISIC2018_Task1-2_Training_Input/ISIC_0013896.jpg,False,4288,2848,RGB,1.506,e357a407d29dde5e4dfec2755e62930b,
/kaggle/input/datasets/tschandl/isic2018-challenge-task1-data-segmentation/ISIC2018_Task1-2_Training_Input/ISIC_0015136.jpg,False,6681,4422,RGB,1.511,649e26cbb981b3ea32361d15b09cfd28,
/kaggle/input/datasets/tschandl/isic2018-challenge-task1-data-segmentation/ISIC2018_Task1-2_Training_Input/ISIC_0012666.jpg,False,3008,2000,RGB,1.504,ceb309e9237f98f900450063b0ce29f7,
/kaggle/input/datasets/tschandl/isic2018-challenge-task1-data-segmentation/ISIC2018_Task1-2_Training_Input/ISIC_0008396.jpg,False,4288,2848,RGB,1.506,fd606ca9eb49553ae046d9f38ccc7b58,
/kaggle/input/datasets/tschandl/isic2018-challenge-task1-data-segmentation/ISIC2018_Task1-2_Training_Input/ISIC_0011343.jpg,False,1024,768,RGB,1.333,71bd09f92f478e8f1a808f022c04057d,
/kaggle/input/datasets/tschandl/isic2018-challenge-task1-data-segmentation/ISIC2018_Task1-2_Training_Input/ISIC_0000031.jpg,False,1504,1129,RGB,1.332,7339fa2892383daf6849ecf167de9092,
/kaggle/input/datasets/tschandl/isic2018-challenge-task1-data-segmentation/ISIC2018_Task1-2_Training_Input/ISIC_0000538.jpg,False,824,719,RGB,1.146,25a7693ca5ebe42d9e9eaf1facbccecc,
/kaggle/input/datasets/tschandl/isic2018-challenge-task1-data-segmentation/ISIC2018_Task1-2_Training_Input/ISIC_0015233.jpg,False,6641,4401,RGB,1.509,44fddef298150d15fc283f325b7b62be,
/kaggle/input/datasets/tschandl/isic2018-challenge-task1-data-segmentation/ISIC2018_Task1-2_Training_Input/ISIC_0013565.jpg,False,4288,2848,RGB,1.506,08303b4c495c1acd57825316c72465d3,
/kaggle/input/datasets/tschandl/isic2018-challenge-task1-data-segmentation/ISIC2018_Task1-2_Training_Input/ISIC_0001267.jpg,False,3024,2016,RGB,1.5,fa6ae37ee063bc59aa1662157b069510,
/kaggle/input/datasets/tschandl/isic2018-challenge-task1-data-segmentation/ISIC2018_Task1-2_Training_Input/ISIC_0012314.jpg,False,3008,2000,RGB,1.504,6a0adde62c6a414f44272bd17e65b6a7,
/kaggle/input/datasets/tschandl/isic2018-challenge-task1-data-segmentation/ISIC2018_Task1-2_Training_Input/ISIC_0012442.jpg,False,3008,2000,RGB,1.504,825adf25cb200c8fcd3c68bf8578c1ad,
/kaggle/input/datasets/tschandl/isic2018-challenge-task1-data-segmentation/ISIC2018_Task1-2_Training_Input/ISIC_0014507.jpg,False,4288,2848,RGB,1.506,616fc415e151103d5685586e616e7792,
/kaggle/input/datasets/tschandl/isic2018-challenge-task1-data-segmentation/ISIC2018_Task1-2_Training_Input/ISIC_0012448.jpg,False,3008,2000,RGB,1.504,dc727d435f13f6cfabaa2e830725c143,
/kaggle/input/datasets/tschandl/isic2018-challenge-task1-data-segmentation/ISIC2018_Task1-2_Training_Input/ISIC_0000262.jpg,False,576,768,RGB,0.75,38e2f761ef826982f38347c548751d7a,
/kaggle/input/datasets/tschandl/isic2018-challenge-task1-data-segmentation/ISIC2018_Task1-2_Training_Input/ISIC_0003728.jpg,False,3024,2016,RGB,1.5,a329b9ab762613307efc235cf908f8b7,
/kaggle/input/datasets/tschandl/isic2018-challenge-task1-data-segmentation/ISIC2018_Task1-2_Training_Input/ISIC_0002438.jpg,False,3024,2016,RGB,1.5,1a2e38205d48378acfb9542389f45859,
/kaggle/input/datasets/tschandl/isic2018-challenge-task1-data-segmentation/ISIC2018_Task1-2_Training_Input/ISIC_0014248.jpg,False,4288,2848,RGB,1.506,eb3c875c69805be368eac4453d04247c,
/kaggle/input/datasets/tschandl/isic2018-challenge-task1-data-segmentation/ISIC2018_Task1-2_Training_Input/ISIC_0012256.jpg,False,4288,2848,RGB,1.506,05d5ac2397d79df9c690982e744bf606,
/kaggle/input/datasets/tschandl/isic2018-challenge-task1-data-segmentation/ISIC2018_Task1-2_Training_Input/ISIC_0011352.jpg,False,1024,768,RGB,1.333,5f28d13498a5e09f4f1e6d10f7155152,
/kaggle/input/datasets/tschandl/isic2018-challenge-task1-data-segmentation/ISIC2018_Task1-2_Training_Input/ISIC_0009970.jpg,False,1024,768,RGB,1.333,9e7d79cd2110b52ace0c79283cd1d103,
/kaggle/input/datasets/tschandl/isic2018-challenge-task1-data-segmentation/ISIC2018_Task1-2_Training_Input/ISIC_0009990.jpg,False,1024,768,RGB,1.333,e8d97142e038bba83338ecdb87f05303,
/kaggle/input/datasets/tschandl/isic2018-challenge-task1-data-segmentation/ISIC2018_Task1-2_Training_Input/ISIC_0015018.jpg,False,6668,4439,RGB,1.502,229020290f9f80c4fac34aedea5d0680,
/kaggle/input/datasets/tschandl/isic2018-challenge-task1-data-segmentation/ISIC2018_Task1-2_Training_Input/ISIC_0000062.jpg,False,1504,1129,RGB,1.332,1b93914c3a4b4b4cf1771e2de94dcb0f,
/kaggle/input/datasets/tschandl/isic2018-challenge-task1-data-segmentation/ISIC2018_Task1-2_Training_Input/ISIC_0009165.jpg,False,4288,2848,RGB,1.506,59e7f4c9a31e95d3b78f4624747dab34,
/kaggle/input/datasets/tschandl/isic2018-challenge-task1-data-segmentation/ISIC2018_Task1-2_Training_Input/ISIC_0012127.jpg,False,3008,2000,RGB,1.504,c3ae5db782e59f200c00d1311b59331d,
/kaggle/input/datasets/tschandl/isic2018-challenge-task1-data-segmentation/ISIC2018_Task1-2_Training_Input/ISIC_0014949.jpg,False,6708,4459,RGB,1.504,64e855a6e0d9ee15169d1baf1dc4da3e,
/kaggle/input/datasets/tschandl/isic2018-challenge-task1-data-segmentation/ISIC2018_Task1-2_Training_Input/ISIC_0007344.jpg,False,3024,2016,RGB,1.5,d11a41fcbff15deb3bba470989e7769b,
/kaggle/input/datasets/tschandl/isic2018-challenge-task1-data-segmentation/ISIC2018_Task1-2_Training_Input/ISIC_0012447.jpg,False,3008,2000,RGB,1.504,f8cbc21796653be09018fe26a4bc992b,
/kaggle/input/datasets/tschandl/isic2018-challenge-task1-data-segmentation/ISIC2018_Task1-2_Training_Input/ISIC_0014956.jpg,False,6688,4439,RGB,1.507,259ff7e99a352240def9c47d5c374c61,
/kaggle/input/datasets/tschandl/isic2018-challenge-task1-data-segmentation/ISIC2018_Task1-2_Training_Input/ISIC_0010467.jpg,False,1024,768,RGB,1.333,878e656eb336bfd0da45dd7ee0a47427,
/kaggle/input/datasets/tschandl/isic2018-challenge-task1-data-segmentation/ISIC2018_Task1-2_Training_Input/ISIC_0015310.jpg,False,6688,4439,RGB,1.507,f688ff7e5d55fed8b750c3e7150694ac,
/kaggle/input/datasets/tschandl/isic2018-challenge-task1-data-segmentation/ISIC2018_Task1-2_Training_Input/ISIC_0012288.jpg,False,4288,2848,RGB,1.506,8b82e6d90bdebfd6be05b2115c4800a5,
/kaggle/input/datasets/tschandl/isic2018-challenge-task1-data-segmentation/ISIC2018_Task1-2_Training_Input/ISIC_0010358.jpg,False,1024,768,RGB,1.333,9ef8a9b86da4b2ff3dfb8910208793ae,
/kaggle/input/datasets/tschandl/isic2018-challenge-task1-data-segmentation/ISIC2018_Task1-2_Training_Input/ISIC_0012363.jpg,False,4288,2848,RGB,1.506,77d1dc4bef3e211568b979e3aa8dee02,
/kaggle/input/datasets/tschandl/isic2018-challenge-task1-data-segmentation/ISIC2018_Task1-2_Training_Input/ISIC_0015082.jpg,False,6708,4439,RGB,1.511,931ca2e6e785a8a2234a88e67a2ff5ad,
/kaggle/input/datasets/tschandl/isic2018-challenge-task1-data-segmentation/ISIC2018_Task1-2_Training_Input/ISIC_0015949.jpg,False,3008,2000,RGB,1.504,e51f3c980d6960881b186c61fe36cc90,
/kaggle/input/datasets/tschandl/isic2018-challenge-task1-data-segmentation/ISIC2018_Task1-2_Training_Input/ISIC_0013457.jpg,False,4288,2848,RGB,1.506,60d530c5b8ee7c4534b14a94267041c6,
/kaggle/input/datasets/tschandl/isic2018-challenge-task1-data-segmentation/ISIC2018_Task1-2_Training_Input/ISIC_0014469.jpg,False,4288,2848,RGB,1.506,7e2b397679e12652a5d1f9d345e9a60d,
/kaggle/input/datasets/tschandl/isic2018-challenge-task1-data-segmentation/ISIC2018_Task1-2_Training_Input/ISIC_0014431.jpg,False,4288,2848,RGB,1.506,6c932aa322078a3251f5e4fa7dde385f,
/kaggle/input/datasets/tschandl/isic2018-challenge-task1-data-segmentation/ISIC2018_Task1-2_Training_Input/ISIC_0015189.jpg,False,6668,4439,RGB,1.502,df14f727ae08df448f9ff79ec5958413,
/kaggle/input/datasets/tschandl/isic2018-challenge-task1-data-segmentation/ISIC2018_Task1-2_Training_Input/ISIC_0009951.jpg,False,1024,768,RGB,1.333,c00e9fba4653711d27401cdb5737808f,
/kaggle/input/datasets/tschandl/isic2018-challenge-task1-data-segmentation/ISIC2018_Task1-2_Training_Input/ISIC_0011088.jpg,False,1024,768,RGB,1.333,bfa03d3d605f682e9b4c7ce76f992881,
/kaggle/input/datasets/tschandl/isic2018-challenge-task1-data-segmentation/ISIC2018_Task1-2_Training_Input/ISIC_0010005.jpg,False,1024,768,RGB,1.333,9ac49585852accdb5795b52a599437b1,
/kaggle/input/datasets/tschandl/isic2018-challenge-task1-data-segmentation/ISIC2018_Task1-2_Training_Input/ISIC_0014327.jpg,False,4288,2848,RGB,1.506,7ed9815e7bf388700b875694eb5869dc,
/kaggle/input/datasets/tschandl/isic2018-challenge-task1-data-segmentation/ISIC2018_Task1-2_Training_Input/ISIC_0014707.jpg,False,6641,4400,RGB,1.509,3bf30991c850c833f6b78eb5ff57fa08,
/kaggle/input/datasets/tschandl/isic2018-challenge-task1-data-segmentation/ISIC2018_Task1-2_Training_Input/ISIC_0002107.jpg,False,3024,2016,RGB,1.5,50ac0a356f5ced697cda4273c9fa8ef4,
/kaggle/input/datasets/tschandl/isic2018-challenge-task1-data-segmentation/ISIC2018_Task1-2_Training_Input/ISIC_0000089.jpg,False,2048,1536,RGB,1.333,ca4229342d161909a6964df8fa09d2bb,
/kaggle/input/datasets/tschandl/isic2018-challenge-task1-data-segmentation/ISIC2018_Task1-2_Training_Input/ISIC_0015031.jpg,False,6602,4361,RGB,1.514,cdd61dfa8584ab5f66485319d49d5d86,
/kaggle/input/datasets/tschandl/isic2018-challenge-task1-data-segmentation/ISIC2018_Task1-2_Training_Input/ISIC_0012464.jpg,False,4288,2848,RGB,1.506,9d3b1b4874cbadaae7f1d5da923990f3,
/kaggle/input/datasets/tschandl/isic2018-challenge-task1-data-segmentation/ISIC2018_Task1-2_Training_Input/ISIC_0010374.jpg,False,1024,768,RGB,1.333,57bb2d6063727df2bf23b044f1e32777,
/kaggle/input/datasets/tschandl/isic2018-challenge-task1-data-segmentation/ISIC2018_Task1-2_Training_Input/ISIC_0016057.jpg,False,4288,2848,RGB,1.506,04b1819b166e9c20871bf3410433f35f,
/kaggle/input/datasets/tschandl/isic2018-challenge-task1-data-segmentation/ISIC2018_Task1-2_Training_Input/ISIC_0014284.jpg,False,4288,2848,RGB,1.506,f6fec2dc79b3b6e4210897c18d942419,
/kaggle/input/datasets/tschandl/isic2018-challenge-task1-data-segmentation/ISIC2018_Task1-2_Training_Input/ISIC_0000165.jpg,False,961,649,RGB,1.481,9ae859081afe50f8e03d22ed720e5c2f,
/kaggle/input/datasets/tschandl/isic2018-challenge-task1-data-segmentation/ISIC2018_Task1-2_Training_Input/ISIC_0010046.jpg,False,1024,768,RGB,1.333,8e343fe2673622b7908b9affd72fcfb0,
/kaggle/input/datasets/tschandl/isic2018-challenge-task1-data-segmentation/ISIC2018_Task1-2_Training_Input/ISIC_0000384.jpg,False,2583,2096,RGB,1.232,57b668ff742ed1d804e464e30599cb87,
/kaggle/input/datasets/tschandl/isic2018-challenge-task1-data-segmentation/ISIC2018_Task1-2_Training_Input/ISIC_0000008.jpg,False,1022,767,RGB,1.332,5490221ac84ea474e370c8910acba7b4,
/kaggle/input/datasets/tschandl/isic2018-challenge-task1-data-segmentation/ISIC2018_Task1-2_Training_Input/ISIC_0010474.jpg,False,1024,768,RGB,1.333,853a4201a54048168630a7ac077c1f7c,
/kaggle/input/datasets/tschandl/isic2018-challenge-task1-data-segmentation/ISIC2018_Task1-2_Training_Input/ISIC_0013596.jpg,False,3008,2000,RGB,1.504,d3348bef509fe492c1d021995011308e,
/kaggle/input/datasets/tschandl/isic2018-challenge-task1-data-segmentation/ISIC2018_Task1-2_Training_Input/ISIC_0009988.jpg,False,1024,768,RGB,1.333,794915ca3c0144cbad3316be366ea9a0,
/kaggle/input/datasets/tschandl/isic2018-challenge-task1-data-segmentation/ISIC2018_Task1-2_Training_Input/ISIC_0010365.jpg,False,1024,768,RGB,1.333,caa53ecd8171cb457c37af63c4acc140,
/kaggle/input/datasets/tschandl/isic2018-challenge-task1-data-segmentation/ISIC2018_Task1-2_Training_Input/ISIC_0001126.jpg,False,3072,2304,RGB,1.333,7cd97f08c7108341ff1c259f131f28d6,
/kaggle/input/datasets/tschandl/isic2018-challenge-task1-data-segmentation/ISIC2018_Task1-2_Training_Input/ISIC_0000202.jpg,False,1502,1051,RGB,1.429,dae3ece9773dc16dfda77a27a16a77c5,
/kaggle/input/datasets/tschandl/isic2018-challenge-task1-data-segmentation/ISIC2018_Task1-2_Training_Input/ISIC_0000183.jpg,False,1079,705,RGB,1.53,14b379da3f9f87a130f2921d2190c766,
/kaggle/input/datasets/tschandl/isic2018-challenge-task1-data-segmentation/ISIC2018_Task1-2_Training_Input/ISIC_0000548.jpg,False,771,750,RGB,1.028,7737eb982d6767a9d0c38e6b8b1caacd,
/kaggle/input/datasets/tschandl/isic2018-challenge-task1-data-segmentation/ISIC2018_Task1-2_Training_Input/ISIC_0001247.jpg,False,3024,2016,RGB,1.5,3533b747b5d30f65a4f7b5550b53c7cd,
/kaggle/input/datasets/tschandl/isic2018-challenge-task1-data-segmentation/ISIC2018_Task1-2_Training_Input/ISIC_0013072.jpg,False,3008,2000,RGB,1.504,93b0a449cc4ad8ccd4b1d8ccde81f65a,
/kaggle/input/datasets/tschandl/isic2018-challenge-task1-data-segmentation/ISIC2018_Task1-2_Training_Input/ISIC_0011359.jpg,False,1024,768,RGB,1.333,58ecb88be1da0cca32671a8aabf4513e,
/kaggle/input/datasets/tschandl/isic2018-challenge-task1-data-segmentation/ISIC2018_Task1-2_Training_Input/ISIC_0012475.jpg,False,4288,2848,RGB,1.506,8ed77a3b7042ea608e4ca9e28c2be680,
/kaggle/input/datasets/tschandl/isic2018-challenge-task1-data-segmentation/ISIC2018_Task1-2_Training_Input/ISIC_0013863.jpg,False,4288,2848,RGB,1.506,8fbae34587e49fefab97c7fd425d9393,
/kaggle/input/datasets/tschandl/isic2018-challenge-task1-data-segmentation/ISIC2018_Task1-2_Training_Input/ISIC_0011301.jpg,False,1024,768,RGB,1.333,bbf7a10b94e818fd957c675c5d127f29,
/kaggle/input/datasets/tschandl/isic2018-challenge-task1-data-segmentation/ISIC2018_Task1-2_Training_Input/ISIC_0015627.jpg,False,6608,4379,RGB,1.509,44b601599aa994035579a4894f44ba88,
/kaggle/input/datasets/tschandl/isic2018-challenge-task1-data-segmentation/ISIC2018_Task1-2_Training_Input/ISIC_0014713.jpg,False,6602,4401,RGB,1.5,24356c0ef959bf238bb809f084640dd6,
/kaggle/input/datasets/tschandl/isic2018-challenge-task1-data-segmentation/ISIC2018_Task1-2_Training_Input/ISIC_0013690.jpg,False,4288,2848,RGB,1.506,a1b25ce3a2c162a8a7f78042e8995289,
/kaggle/input/datasets/tschandl/isic2018-challenge-task1-data-segmentation/ISIC2018_Task1-2_Training_Input/ISIC_0014163.jpg,False,4288,2848,RGB,1.506,24b900357484cda4b3ed36667bce8159,
/kaggle/input/datasets/tschandl/isic2018-challenge-task1-data-segmentation/ISIC2018_Task1-2_Training_Input/ISIC_0015563.jpg,False,6668,4419,RGB,1.509,1e764cbe436aefc33caca75168ff5564,
/kaggle/input/datasets/tschandl/isic2018-challenge-task1-data-segmentation/ISIC2018_Task1-2_Training_Input/ISIC_0014357.jpg,False,4288,2848,RGB,1.506,8ec049bc597989c92d205f97403e505b,
/kaggle/input/datasets/tschandl/isic2018-challenge-task1-data-segmentation/ISIC2018_Task1-2_Training_Input/ISIC_0014397.jpg,False,4288,2848,RGB,1.506,0cdc4ffbf46c1502f35298f82c3b713c,
/kaggle/input/datasets/tschandl/isic2018-challenge-task1-data-segmentation/ISIC2018_Task1-2_Training_Input/ISIC_0013980.jpg,False,4288,2848,RGB,1.506,6e3262151847707ab41e3eae046508c7,
/kaggle/input/datasets/tschandl/isic2018-challenge-task1-data-segmentation/ISIC2018_Task1-2_Training_Input/ISIC_0014174.jpg,False,4288,2848,RGB,1.506,ec9afcd1e968ab5568d9919dafbbe9a4,
/kaggle/input/datasets/tschandl/isic2018-challenge-task1-data-segmentation/ISIC2018_Task1-2_Training_Input/ISIC_0000382.jpg,False,2314,2067,RGB,1.119,b88bd2806b285871619638abaf7b9d19,
/kaggle/input/datasets/tschandl/isic2018-challenge-task1-data-segmentation/ISIC2018_Task1-2_Training_Input/ISIC_0000539.jpg,False,824,719,RGB,1.146,8854fc4689d106a3b6fafd0d6828c860,
/kaggle/input/datasets/tschandl/isic2018-challenge-task1-data-segmentation/ISIC2018_Task1-2_Training_Input/ISIC_0013958.jpg,False,3008,2000,RGB,1.504,b0b79db5621e379a9e2595e5a25f4d73,
/kaggle/input/datasets/tschandl/isic2018-challenge-task1-data-segmentation/ISIC2018_Task1-2_Training_Input/ISIC_0013911.jpg,False,3008,2000,RGB,1.504,7e24af553c4a080a68d204e8553a7f70,
/kaggle/input/datasets/tschandl/isic2018-challenge-task1-data-segmentation/ISIC2018_Task1-2_Training_Input/ISIC_0010202.jpg,False,1024,768,RGB,1.333,d8eb8f9f29450a086108d1feddf7e5e4,
/kaggle/input/datasets/tschandl/isic2018-challenge-task1-data-segmentation/ISIC2018_Task1-2_Training_Input/ISIC_0015202.jpg,False,6661,4401,RGB,1.514,567ff55c25a687bc5c7982f5ed8a5fd6,
/kaggle/input/datasets/tschandl/isic2018-challenge-task1-data-segmentation/ISIC2018_Task1-2_Training_Input/ISIC_0014857.jpg,False,6628,4439,RGB,1.493,02e7a5550ac5ac30afda31abee3f77e1,
/kaggle/input/datasets/tschandl/isic2018-challenge-task1-data-segmentation/ISIC2018_Task1-2_Training_Input/ISIC_0016019.jpg,False,3008,2000,RGB,1.504,43271555cc2bb9c89e94807112037892,
/kaggle/input/datasets/tschandl/isic2018-challenge-task1-data-segmentation/ISIC2018_Task1-2_Training_Input/ISIC_0012803.jpg,False,3008,2000,RGB,1.504,cb48f3935b73c2efea287e7bd37aba30,
/kaggle/input/datasets/tschandl/isic2018-challenge-task1-data-segmentation/ISIC2018_Task1-2_Training_Input/ISIC_0000095.jpg,False,2048,1536,RGB,1.333,d7c0a0f93d9b8b3acf589e84d0b7077e,
/kaggle/input/datasets/tschandl/isic2018-challenge-task1-data-segmentation/ISIC2018_Task1-2_Training_Input/ISIC_0012749.jpg,False,3008,2000,RGB,1.504,e9005679404ae14fa946f3cfeb35a30a,
/kaggle/input/datasets/tschandl/isic2018-challenge-task1-data-segmentation/ISIC2018_Task1-2_Training_Input/ISIC_0015999.jpg,False,3008,2000,RGB,1.504,f707e3b770c0849fefee9cf91b8fc0c9,
/kaggle/input/datasets/tschandl/isic2018-challenge-task1-data-segmentation/ISIC2018_Task1-2_Training_Input/ISIC_0010054.jpg,False,1024,768,RGB,1.333,0528fee954ba2a56d4b6e9fad1fc4a07,
/kaggle/input/datasets/tschandl/isic2018-challenge-task1-data-segmentation/ISIC2018_Task1-2_Training_Input/ISIC_0013321.jpg,False,4288,2848,RGB,1.506,c410af94ea11d0b749bacccffba28bac,
/kaggle/input/datasets/tschandl/isic2018-challenge-task1-data-segmentation/ISIC2018_Task1-2_Training_Input/ISIC_0000058.jpg,False,1504,1129,RGB,1.332,43c3a541bd6d09b35c3d47294a8a48ed,
/kaggle/input/datasets/tschandl/isic2018-challenge-task1-data-segmentation/ISIC2018_Task1-2_Training_Input/ISIC_0014498.jpg,False,4288,2848,RGB,1.506,890b4c8a150bacff457b16dfd500a188,
/kaggle/input/datasets/tschandl/isic2018-challenge-task1-data-segmentation/ISIC2018_Task1-2_Training_Input/ISIC_0012382.jpg,False,3008,2000,RGB,1.504,c935fb830f072e4e79956351a4e83bc8,
/kaggle/input/datasets/tschandl/isic2018-challenge-task1-data-segmentation/ISIC2018_Task1-2_Training_Input/ISIC_0014753.jpg,False,6668,4439,RGB,1.502,ad71455f8039d922825d46f2823f24c8,
/kaggle/input/datasets/tschandl/isic2018-challenge-task1-data-segmentation/ISIC2018_Task1-2_Training_Input/ISIC_0013553.jpg,False,4288,2848,RGB,1.506,9ed5101e214af4082037a7dc9b79caca,
/kaggle/input/datasets/tschandl/isic2018-challenge-task1-data-segmentation/ISIC2018_Task1-2_Training_Input/ISIC_0012281.jpg,False,4288,2848,RGB,1.506,598191f828e0a08bd756247b1ccae348,
/kaggle/input/datasets/tschandl/isic2018-challenge-task1-data-segmentation/ISIC2018_Task1-2_Training_Input/ISIC_0000125.jpg,False,2048,1536,RGB,1.333,35102d3f9c1e6589fe7b8d65dedf72e4,
/kaggle/input/datasets/tschandl/isic2018-challenge-task1-data-segmentation/ISIC2018_Task1-2_Training_Input/ISIC_0015401.jpg,False,6648,4419,RGB,1.504,188b29b26f20351b5e0e622bcf4cc207,
/kaggle/input/datasets/tschandl/isic2018-challenge-task1-data-segmentation/ISIC2018_Task1-2_Training_Input/ISIC_0010595.jpg,False,1024,768,RGB,1.333,95c409aaeeeb847a34fd1e996fceea72,
/kaggle/input/datasets/tschandl/isic2018-challenge-task1-data-segmentation/ISIC2018_Task1-2_Training_Input/ISIC_0014518.jpg,False,4288,2848,RGB,1.506,ab1928ddede4ac6a22374131a193968a,
/kaggle/input/datasets/tschandl/isic2018-challenge-task1-data-segmentation/ISIC2018_Task1-2_Training_Input/ISIC_0013529.jpg,False,4288,2848,RGB,1.506,1e68deaf1a059cd0fed5334c61f7e8d2,
/kaggle/input/datasets/tschandl/isic2018-challenge-task1-data-segmentation/ISIC2018_Task1-2_Training_Input/ISIC_0010857.jpg,False,1024,768,RGB,1.333,a5254ca993e1c9a23e666239c1dbac84,
/kaggle/input/datasets/tschandl/isic2018-challenge-task1-data-segmentation/ISIC2018_Task1-2_Training_Input/ISIC_0012177.jpg,False,3008,2000,RGB,1.504,496997c86c03fd1fca8cb7d9d81e2a68,
/kaggle/input/datasets/tschandl/isic2018-challenge-task1-data-segmentation/ISIC2018_Task1-2_Training_Input/ISIC_0012726.jpg,False,3008,2000,RGB,1.504,f418df5dc80fc86198daac889b7820e7,
/kaggle/input/datasets/tschandl/isic2018-challenge-task1-data-segmentation/ISIC2018_Task1-2_Training_Input/ISIC_0007241.jpg,False,3024,2016,RGB,1.5,ef3fef28d982465fec86ed18ea54fbba,
/kaggle/input/datasets/tschandl/isic2018-challenge-task1-data-segmentation/ISIC2018_Task1-2_Training_Input/ISIC_0010037.jpg,False,1024,768,RGB,1.333,209f7e3de065ae1b82a0ec6045da26f0,
/kaggle/input/datasets/tschandl/isic2018-challenge-task1-data-segmentation/ISIC2018_Task1-2_Training_Input/ISIC_0000020.jpg,False,1504,1129,RGB,1.332,61e0fbf4e4cbddc10b6a80fa392a7b23,
/kaggle/input/datasets/tschandl/isic2018-challenge-task1-data-segmentation/ISIC2018_Task1-2_Training_Input/ISIC_0011119.jpg,False,1024,768,RGB,1.333,2a2fec22b8badb1e762d2cb6d8eb4a60,
/kaggle/input/datasets/tschandl/isic2018-challenge-task1-data-segmentation/ISIC2018_Task1-2_Training_Input/ISIC_0014739.jpg,False,6688,4439,RGB,1.507,2560f59c0834779adf89c8ae27f1799b,
/kaggle/input/datasets/tschandl/isic2018-challenge-task1-data-segmentation/ISIC2018_Task1-2_Training_Input/ISIC_0000330.jpg,False,767,576,RGB,1.332,297fb0465544a80bfda4f934c856fc55,
/kaggle/input/datasets/tschandl/isic2018-challenge-task1-data-segmentation/ISIC2018_Task1-2_Training_Input/ISIC_0000524.jpg,False,919,802,RGB,1.146,4630be51564413735135a3e311535398,
/kaggle/input/datasets/tschandl/isic2018-challenge-task1-data-segmentation/ISIC2018_Task1-2_Training_Input/ISIC_0012517.jpg,False,4288,2848,RGB,1.506,33fdfa4d45f590debe51cf52eb0ab04b,
/kaggle/input/datasets/tschandl/isic2018-challenge-task1-data-segmentation/ISIC2018_Task1-2_Training_Input/ISIC_0013230.jpg,False,3008,2000,RGB,1.504,0399b27c938a8ac7b92b6d1f5c09bd09,
/kaggle/input/datasets/tschandl/isic2018-challenge-task1-data-segmentation/ISIC2018_Task1-2_Training_Input/ISIC_0009904.jpg,False,1024,768,RGB,1.333,933d557117c7ee2d0f35299ef64727ac,
/kaggle/input/datasets/tschandl/isic2018-challenge-task1-data-segmentation/ISIC2018_Task1-2_Training_Input/ISIC_0000035.jpg,False,1504,1129,RGB,1.332,fa6713081e101b0a374c2fd5819cbb2c,
/kaggle/input/datasets/tschandl/isic2018-challenge-task1-data-segmentation/ISIC2018_Task1-2_Training_Input/ISIC_0012550.jpg,False,4288,2848,RGB,1.506,1bc10d7097a2c015919fd2f8b0d90547,
/kaggle/input/datasets/tschandl/isic2018-challenge-task1-data-segmentation/ISIC2018_Task1-2_Training_Input/ISIC_0009972.jpg,False,1024,768,RGB,1.333,22db4c96c60b7fa1d91a3964aae37490,
/kaggle/input/datasets/tschandl/isic2018-challenge-task1-data-segmentation/ISIC2018_Task1-2_Training_Input/ISIC_0010487.jpg,False,1024,768,RGB,1.333,e811c5068b937fcbd83a6fc396ba570e,
/kaggle/input/datasets/tschandl/isic2018-challenge-task1-data-segmentation/ISIC2018_Task1-2_Training_Input/ISIC_0015041.jpg,False,6621,4402,RGB,1.504,26d0c7944632d1dadbcd2b981510006d,
/kaggle/input/datasets/tschandl/isic2018-challenge-task1-data-segmentation/ISIC2018_Task1-2_Training_Input/ISIC_0000235.jpg,False,724,542,RGB,1.336,27f4af98290604e61d954c32a74e7922,
/kaggle/input/datasets/tschandl/isic2018-challenge-task1-data-segmentation/ISIC2018_Task1-2_Training_Input/ISIC_0015260.jpg,False,6708,4439,RGB,1.511,d1c829bc9bf5a01345a0e26dbd569086,
/kaggle/input/datasets/tschandl/isic2018-challenge-task1-data-segmentation/ISIC2018_Task1-2_Training_Input/ISIC_0011402.jpg,False,1024,768,RGB,1.333,29467281fcf3cb3f1e921e38aa977ca2,
/kaggle/input/datasets/tschandl/isic2018-challenge-task1-data-segmentation/ISIC2018_Task1-2_Training_Input/ISIC_0000381.jpg,False,2101,1943,RGB,1.081,a603c5fde95732f82a39809b173d2b04,
/kaggle/input/datasets/tschandl/isic2018-challenge-task1-data-segmentation/ISIC2018_Task1-2_Training_Input/ISIC_0004985.jpg,False,4288,2848,RGB,1.506,fb1cb3c6294124ae2103db4a33bf5f01,
/kaggle/input/datasets/tschandl/isic2018-challenge-task1-data-segmentation/ISIC2018_Task1-2_Training_Input/ISIC_0012706.jpg,False,3008,2000,RGB,1.504,58c0d9fc04b22b8fd8c6c6825667b788,
/kaggle/input/datasets/tschandl/isic2018-challenge-task1-data-segmentation/ISIC2018_Task1-2_Training_Input/ISIC_0011205.jpg,False,1024,768,RGB,1.333,8aa2ecb50c1606082a4e7f038133618a,
/kaggle/input/datasets/tschandl/isic2018-challenge-task1-data-segmentation/ISIC2018_Task1-2_Training_Input/ISIC_0014328.jpg,False,4288,2848,RGB,1.506,69c8d0a84551a773875001b5d39c3fb7,
/kaggle/input/datasets/tschandl/isic2018-challenge-task1-data-segmentation/ISIC2018_Task1-2_Training_Input/ISIC_0000403.jpg,False,3072,2304,RGB,1.333,2e7389b5594246e177c3d49606b1b9fb,
/kaggle/input/datasets/tschandl/isic2018-challenge-task1-data-segmentation/ISIC2018_Task1-2_Training_Input/ISIC_0000162.jpg,False,964,640,RGB,1.506,a63de236d64bd587d930ce398e264c2e,
/kaggle/input/datasets/tschandl/isic2018-challenge-task1-data-segmentation/ISIC2018_Task1-2_Training_Input/ISIC_0014365.jpg,False,4288,2848,RGB,1.506,5d2ef8f28660c391d4ccfe4d0e33d94c,
/kaggle/input/datasets/tschandl/isic2018-challenge-task1-data-segmentation/ISIC2018_Task1-2_Training_Input/ISIC_0014642.jpg,False,2592,1936,RGB,1.339,dab07cbf60f9c783260bef8669f1b516,
/kaggle/input/datasets/tschandl/isic2018-challenge-task1-data-segmentation/ISIC2018_Task1-2_Training_Input/ISIC_0011296.jpg,False,1024,768,RGB,1.333,7b89979b828b0531afd9cbfaef7bfa22,
/kaggle/input/datasets/tschandl/isic2018-challenge-task1-data-segmentation/ISIC2018_Task1-2_Training_Input/ISIC_0010229.jpg,False,1024,768,RGB,1.333,7ad330885975d8b65d112a9cf17c3f02,
/kaggle/input/datasets/tschandl/isic2018-challenge-task1-data-segmentation/ISIC2018_Task1-2_Training_Input/ISIC_0010565.jpg,False,1024,768,RGB,1.333,a8c256f4955226b6c5b435dfcba7352f,
/kaggle/input/datasets/tschandl/isic2018-challenge-task1-data-segmentation/ISIC2018_Task1-2_Training_Input/ISIC_0011165.jpg,False,1024,768,RGB,1.333,9653fd31ad4198ef9d415adbbc85607b,
/kaggle/input/datasets/tschandl/isic2018-challenge-task1-data-segmentation/ISIC2018_Task1-2_Training_Input/ISIC_0000171.jpg,False,964,720,RGB,1.339,3655b1eacbf270d8ac1677f00a6691d0,
/kaggle/input/datasets/tschandl/isic2018-challenge-task1-data-segmentation/ISIC2018_Task1-2_Training_Input/ISIC_0015961.jpg,False,3008,2000,RGB,1.504,a7d3e26701d99e05e75ce7270cd5e324,
/kaggle/input/datasets/tschandl/isic2018-challenge-task1-data-segmentation/ISIC2018_Task1-2_Training_Input/ISIC_0015295.jpg,False,6688,4439,RGB,1.507,dfd7fddd37114e65f1e693852b55c19f,
/kaggle/input/datasets/tschandl/isic2018-challenge-task1-data-segmentation/ISIC2018_Task1-2_Training_Input/ISIC_0010849.jpg,False,1024,768,RGB,1.333,820debf027e4bcf255b6076944c4395d,
/kaggle/input/datasets/tschandl/isic2018-challenge-task1-data-segmentation/ISIC2018_Task1-2_Training_Input/ISIC_0014386.jpg,False,4288,2848,RGB,1.506,ea529fbd4985a698339e2c51bc9b905d,
/kaggle/input/datasets/tschandl/isic2018-challenge-task1-data-segmentation/ISIC2018_Task1-2_Training_Input/ISIC_0014809.jpg,False,6622,4421,RGB,1.498,3945b53435f665f62bf0cff25d092678,
/kaggle/input/datasets/tschandl/isic2018-challenge-task1-data-segmentation/ISIC2018_Task1-2_Training_Input/ISIC_0014639.jpg,False,2592,1936,RGB,1.339,67e5f0e79f3e9c848204fc7da2ef7578,
/kaggle/input/datasets/tschandl/isic2018-challenge-task1-data-segmentation/ISIC2018_Task1-2_Training_Input/ISIC_0015019.jpg,False,6648,4439,RGB,1.498,c3edcec5720cd0d6aa84af0bfc220bec,
/kaggle/input/datasets/tschandl/isic2018-challenge-task1-data-segmentation/ISIC2018_Task1-2_Training_Input/ISIC_0015443.jpg,False,6601,4401,RGB,1.5,282baa07d452f280cf285f0255aea205,
/kaggle/input/datasets/tschandl/isic2018-challenge-task1-data-segmentation/ISIC2018_Task1-2_Training_Input/ISIC_0012191.jpg,False,3008,2000,RGB,1.504,c84cbdaffaa2f030606aad4043098781,
/kaggle/input/datasets/tschandl/isic2018-challenge-task1-data-segmentation/ISIC2018_Task1-2_Training_Input/ISIC_0013691.jpg,False,3008,2000,RGB,1.504,c549a3b147a9189db9050f8873293d73,
/kaggle/input/datasets/tschandl/isic2018-challenge-task1-data-segmentation/ISIC2018_Task1-2_Training_Input/ISIC_0015412.jpg,False,6648,4419,RGB,1.504,961f0b47b80e74c54a2505bd6036ac3f,
/kaggle/input/datasets/tschandl/isic2018-challenge-task1-data-segmentation/ISIC2018_Task1-2_Training_Input/ISIC_0013063.jpg,False,3872,2592,RGB,1.494,cb02a8eac29aa22080fb9c93936e1c5a,
/kaggle/input/datasets/tschandl/isic2018-challenge-task1-data-segmentation/ISIC2018_Task1-2_Training_Input/ISIC_0013432.jpg,False,4288,2848,RGB,1.506,0149ac656c0286770ca3d27fb4d0a26e,
/kaggle/input/datasets/tschandl/isic2018-challenge-task1-data-segmentation/ISIC2018_Task1-2_Training_Input/ISIC_0014164.jpg,False,4288,2848,RGB,1.506,2d8c14d055ca29b23cab6dede4d84c9f,
/kaggle/input/datasets/tschandl/isic2018-challenge-task1-data-segmentation/ISIC2018_Task1-2_Training_Input/ISIC_0010318.jpg,False,1024,768,RGB,1.333,daa3cf6abd799e92f8c2c905d9b11cb1,
/kaggle/input/datasets/tschandl/isic2018-challenge-task1-data-segmentation/ISIC2018_Task1-2_Training_Input/ISIC_0015118.jpg,False,6680,4422,RGB,1.511,adae1f05bc15980ac15942a28f847d4b,
/kaggle/input/datasets/tschandl/isic2018-challenge-task1-data-segmentation/ISIC2018_Task1-2_Training_Input/ISIC_0010466.jpg,False,1024,768,RGB,1.333,1fa7aaf4baa8fd3207f950d91f0006d6,
/kaggle/input/datasets/tschandl/isic2018-challenge-task1-data-segmentation/ISIC2018_Task1-2_Training_Input/ISIC_0015125.jpg,False,6662,4422,RGB,1.507,9547231cf654cca78b0736f5ea2d9bd9,
/kaggle/input/datasets/tschandl/isic2018-challenge-task1-data-segmentation/ISIC2018_Task1-2_Training_Input/ISIC_0000412.jpg,False,2597,2185,RGB,1.189,63b8fae7ddeab24f86d153842d75ac27,
/kaggle/input/datasets/tschandl/isic2018-challenge-task1-data-segmentation/ISIC2018_Task1-2_Training_Input/ISIC_0016066.jpg,False,4288,2848,RGB,1.506,83ee72638de2e9a549ea47aafe9da070,
/kaggle/input/datasets/tschandl/isic2018-challenge-task1-data-segmentation/ISIC2018_Task1-2_Training_Input/ISIC_0016044.jpg,False,4288,2848,RGB,1.506,679ada74871670064088d7e4c65a158c,
/kaggle/input/datasets/tschandl/isic2018-challenge-task1-data-segmentation/ISIC2018_Task1-2_Training_Input/ISIC_0013136.jpg,False,3008,2000,RGB,1.504,cdc5e3b6af81f9c80d8dd1cb0ba4274a,
/kaggle/input/datasets/tschandl/isic2018-challenge-task1-data-segmentation/ISIC2018_Task1-2_Training_Input/ISIC_0000476.jpg,False,919,802,RGB,1.146,572b7b9d5cc49962c8ff6daed957e30f,
/kaggle/input/datasets/tschandl/isic2018-challenge-task1-data-segmentation/ISIC2018_Task1-2_Training_Input/ISIC_0015309.jpg,False,6668,4439,RGB,1.502,dd0dbddb28e829c154d74271fe0c6b59,
/kaggle/input/datasets/tschandl/isic2018-challenge-task1-data-segmentation/ISIC2018_Task1-2_Training_Input/ISIC_0013708.jpg,False,3872,2592,RGB,1.494,df79dd9a00e122f76800c90a63b55851,
/kaggle/input/datasets/tschandl/isic2018-challenge-task1-data-segmentation/ISIC2018_Task1-2_Training_Input/ISIC_0000274.jpg,False,1024,768,RGB,1.333,562922f2d643f7e2b76cf75da534472a,
/kaggle/input/datasets/tschandl/isic2018-challenge-task1-data-segmentation/ISIC2018_Task1-2_Training_Input/ISIC_0013315.jpg,False,4288,2848,RGB,1.506,353962299eaee820db1de3c223c67139,
/kaggle/input/datasets/tschandl/isic2018-challenge-task1-data-segmentation/ISIC2018_Task1-2_Training_Input/ISIC_0010463.jpg,False,1024,768,RGB,1.333,a6df0630a6554fd0bed1e3b7c418bbe5,
/kaggle/input/datasets/tschandl/isic2018-challenge-task1-data-segmentation/ISIC2018_Task1-2_Training_Input/ISIC_0014915.jpg,False,6708,4459,RGB,1.504,239bb312ca4f07d35cf16c4e248caa14,
/kaggle/input/datasets/tschandl/isic2018-challenge-task1-data-segmentation/ISIC2018_Task1-2_Training_Input/ISIC_0000363.jpg,False,767,576,RGB,1.332,bdd982692a732e7fd9edceccb8a0a835,
/kaggle/input/datasets/tschandl/isic2018-challenge-task1-data-segmentation/ISIC2018_Task1-2_Training_Input/ISIC_0012944.jpg,False,3872,2592,RGB,1.494,e02c9f888d32714bd28da20cdad18d7f,
/kaggle/input/datasets/tschandl/isic2018-challenge-task1-data-segmentation/ISIC2018_Task1-2_Training_Input/ISIC_0015998.jpg,False,3872,2592,RGB,1.494,9ccd5c4f2faee075317a00ecf7c543d3,
/kaggle/input/datasets/tschandl/isic2018-challenge-task1-data-segmentation/ISIC2018_Task1-2_Training_Input/ISIC_0015537.jpg,False,6641,4402,RGB,1.509,42b3c7e512703d62488e8441c841a698,
/kaggle/input/datasets/tschandl/isic2018-challenge-task1-data-segmentation/ISIC2018_Task1-2_Training_Input/ISIC_0012523.jpg,False,4288,2848,RGB,1.506,d5b0f625b158b757238d2424125abbe7,
/kaggle/input/datasets/tschandl/isic2018-challenge-task1-data-segmentation/ISIC2018_Task1-2_Training_Input/ISIC_0010567.jpg,False,1024,768,RGB,1.333,aaf2c1ed998442838a3851b7ced25b48,
/kaggle/input/datasets/tschandl/isic2018-challenge-task1-data-segmentation/ISIC2018_Task1-2_Training_Input/ISIC_0012930.jpg,False,3008,2000,RGB,1.504,cde5cabf177d63f053c2a2e8f0b0ff85,
/kaggle/input/datasets/tschandl/isic2018-challenge-task1-data-segmentation/ISIC2018_Task1-2_Training_Input/ISIC_0009889.jpg,False,1024,768,RGB,1.333,1a04c4851cea7a279e536762c9400530,
/kaggle/input/datasets/tschandl/isic2018-challenge-task1-data-segmentation/ISIC2018_Task1-2_Training_Input/ISIC_0010462.jpg,False,1024,768,RGB,1.333,1bead203b3bd5566ae1b47210321e292,
/kaggle/input/datasets/tschandl/isic2018-challenge-task1-data-segmentation/ISIC2018_Task1-2_Training_Input/ISIC_0000453.jpg,False,3072,2304,RGB,1.333,ded05d8ba0182325256392f6db07d507,
/kaggle/input/datasets/tschandl/isic2018-challenge-task1-data-segmentation/ISIC2018_Task1-2_Training_Input/ISIC_0005620.jpg,False,3024,2016,RGB,1.5,f4236a72da4d0fd58542137440ffa203,
/kaggle/input/datasets/tschandl/isic2018-challenge-task1-data-segmentation/ISIC2018_Task1-2_Training_Input/ISIC_0011090.jpg,False,1024,768,RGB,1.333,058654fbcfea39f841892e51403577e4,
/kaggle/input/datasets/tschandl/isic2018-challenge-task1-data-segmentation/ISIC2018_Task1-2_Training_Input/ISIC_0010186.jpg,False,1024,768,RGB,1.333,958d8c40e74d06f577bfbdd439f8cdd4,
/kaggle/input/datasets/tschandl/isic2018-challenge-task1-data-segmentation/ISIC2018_Task1-2_Training_Input/ISIC_0010589.jpg,False,1024,768,RGB,1.333,3d490bac444bc9c3f99f17791efc79b2,
/kaggle/input/datasets/tschandl/isic2018-challenge-task1-data-segmentation/ISIC2018_Task1-2_Training_Input/ISIC_0014680.jpg,False,6688,4439,RGB,1.507,78c1e2cefcb33c9201bc470038d40699,
/kaggle/input/datasets/tschandl/isic2018-challenge-task1-data-segmentation/ISIC2018_Task1-2_Training_Input/ISIC_0014062.jpg,False,4288,2848,RGB,1.506,5d63c2970400120fe5562c72323b5e49,
/kaggle/input/datasets/tschandl/isic2018-challenge-task1-data-segmentation/ISIC2018_Task1-2_Training_Input/ISIC_0014920.jpg,False,6668,4439,RGB,1.502,9e3ae352c707575bd678f49aa8fb5160,
/kaggle/input/datasets/tschandl/isic2018-challenge-task1-data-segmentation/ISIC2018_Task1-2_Training_Input/ISIC_0013897.jpg,False,4288,2848,RGB,1.506,c4964df088af6dff7027ce091bc0e3d8,
/kaggle/input/datasets/tschandl/isic2018-challenge-task1-data-segmentation/ISIC2018_Task1-2_Training_Input/ISIC_0010173.jpg,False,1024,768,RGB,1.333,0bb309422e4598edd85956d84e124bec,
/kaggle/input/datasets/tschandl/isic2018-challenge-task1-data-segmentation/ISIC2018_Task1-2_Training_Input/ISIC_0012856.jpg,False,3872,2592,RGB,1.494,e6ab821c3ba2d663a22eaf54ef457a3a,
/kaggle/input/datasets/tschandl/isic2018-challenge-task1-data-segmentation/ISIC2018_Task1-2_Training_Input/ISIC_0010055.jpg,False,1024,768,RGB,1.333,b09fe2c2291972065c140cc379ebd686,
/kaggle/input/datasets/tschandl/isic2018-challenge-task1-data-segmentation/ISIC2018_Task1-2_Training_Input/ISIC_0012496.jpg,False,4288,2848,RGB,1.506,6dd91c7f5ea64bbd7b4d0ca9e42decca,
/kaggle/input/datasets/tschandl/isic2018-challenge-task1-data-segmentation/ISIC2018_Task1-2_Training_Input/ISIC_0013395.jpg,False,4288,2848,RGB,1.506,bf746f66d80a7f76ab0a1996088ebe56,
/kaggle/input/datasets/tschandl/isic2018-challenge-task1-data-segmentation/ISIC2018_Task1-2_Training_Input/ISIC_0015944.jpg,False,3008,2000,RGB,1.504,0fc54b25ea239c7da1bf124532ef9d0b,
/kaggle/input/datasets/tschandl/isic2018-challenge-task1-data-segmentation/ISIC2018_Task1-2_Training_Input/ISIC_0011132.jpg,False,1024,768,RGB,1.333,c73943faa1b0db1ed61d0f403bd945e7,
/kaggle/input/datasets/tschandl/isic2018-challenge-task1-data-segmentation/ISIC2018_Task1-2_Training_Input/ISIC_0014255.jpg,False,4288,2848,RGB,1.506,e6a0195c2171b6e27b568406d3936820,
/kaggle/input/datasets/tschandl/isic2018-challenge-task1-data-segmentation/ISIC2018_Task1-2_Training_Input/ISIC_0010862.jpg,False,1024,768,RGB,1.333,c34e8bd17af894c5efa1c7fba50de3ee,
/kaggle/input/datasets/tschandl/isic2018-challenge-task1-data-segmentation/ISIC2018_Task1-2_Training_Input/ISIC_0012744.jpg,False,3008,2000,RGB,1.504,731c661583e62fb9cf975d9da9cad3d1,
/kaggle/input/datasets/tschandl/isic2018-challenge-task1-data-segmentation/ISIC2018_Task1-2_Training_Input/ISIC_0015232.jpg,False,6641,4441,RGB,1.495,367743205c474864b9b2ed3b48d41edc,
/kaggle/input/datasets/tschandl/isic2018-challenge-task1-data-segmentation/ISIC2018_Task1-2_Training_Input/ISIC_0014784.jpg,False,6642,4422,RGB,1.502,e774b6388ac0412bd2b149c01b8eb7b9,
/kaggle/input/datasets/tschandl/isic2018-challenge-task1-data-segmentation/ISIC2018_Task1-2_Training_Input/ISIC_0015360.jpg,False,6688,4419,RGB,1.513,c3cf4438de02b7c255aca243b274e278,
/kaggle/input/datasets/tschandl/isic2018-challenge-task1-data-segmentation/ISIC2018_Task1-2_Training_Input/ISIC_0000139.jpg,False,2816,2112,RGB,1.333,f45b9aa4ebb160fce4f4a1840bdbcd84,
/kaggle/input/datasets/tschandl/isic2018-challenge-task1-data-segmentation/ISIC2018_Task1-2_Training_Input/ISIC_0010334.jpg,False,1024,768,RGB,1.333,7f8ac3358e18b8c63948a0e8f4b92c45,
/kaggle/input/datasets/tschandl/isic2018-challenge-task1-data-segmentation/ISIC2018_Task1-2_Training_Input/ISIC_0014728.jpg,False,6627,4399,RGB,1.506,64b964b6b9b9e9733157bb73f949526e,
/kaggle/input/datasets/tschandl/isic2018-challenge-task1-data-segmentation/ISIC2018_Task1-2_Training_Input/ISIC_0012657.jpg,False,2304,1536,RGB,1.5,b304e7a1496cebef1289bf4ec79126f7,
/kaggle/input/datasets/tschandl/isic2018-challenge-task1-data-segmentation/ISIC2018_Task1-2_Training_Input/ISIC_0010854.jpg,False,1024,768,RGB,1.333,6e3f76def0190677d4e4759f3b5935d5,
/kaggle/input/datasets/tschandl/isic2018-challenge-task1-data-segmentation/ISIC2018_Task1-2_Training_Input/ISIC_0000425.jpg,False,3072,2304,RGB,1.333,52b342b1dafb23c13841815cd12194fa,
/kaggle/input/datasets/tschandl/isic2018-challenge-task1-data-segmentation/ISIC2018_Task1-2_Training_Input/ISIC_0010850.jpg,False,1024,768,RGB,1.333,75ed27655dd120a9bae1c85dbebba9a3,
/kaggle/input/datasets/tschandl/isic2018-challenge-task1-data-segmentation/ISIC2018_Task1-2_Training_Input/ISIC_0013023.jpg,False,3008,2000,RGB,1.504,d0a2d52e280e557e55ad3324f181ea16,
/kaggle/input/datasets/tschandl/isic2018-challenge-task1-data-segmentation/ISIC2018_Task1-2_Training_Input/ISIC_0009927.jpg,False,1024,768,RGB,1.333,8cf65fbaae77047334afc0f9423294ee,
/kaggle/input/datasets/tschandl/isic2018-challenge-task1-data-segmentation/ISIC2018_Task1-2_Training_Input/ISIC_0010190.jpg,False,1024,768,RGB,1.333,6ba126e51a3371ed331ed20721a03a25,
/kaggle/input/datasets/tschandl/isic2018-challenge-task1-data-segmentation/ISIC2018_Task1-2_Training_Input/ISIC_0013311.jpg,False,4288,2848,RGB,1.506,a00d1d98548ab85f93507e26157f8165,
/kaggle/input/datasets/tschandl/isic2018-challenge-task1-data-segmentation/ISIC2018_Task1-2_Training_Input/ISIC_0010591.jpg,False,1024,768,RGB,1.333,4e11fdac6831090b946e11f14687d8eb,
/kaggle/input/datasets/tschandl/isic2018-challenge-task1-data-segmentation/ISIC2018_Task1-2_Training_Input/ISIC_0012257.jpg,False,4288,2848,RGB,1.506,25ae02beaff74ce9154757eebd9f6d20,
/kaggle/input/datasets/tschandl/isic2018-challenge-task1-data-segmentation/ISIC2018_Task1-2_Training_Input/ISIC_0014854.jpg,False,6708,4439,RGB,1.511,9921a7cd5133e54979c9a37920efe56b,
/kaggle/input/datasets/tschandl/isic2018-challenge-task1-data-segmentation/ISIC2018_Task1-2_Training_Input/ISIC_0000154.jpg,False,2048,1536,RGB,1.333,61e7b14a9375034fbd2cfa4a37cf3594,
/kaggle/input/datasets/tschandl/isic2018-challenge-task1-data-segmentation/ISIC2018_Task1-2_Training_Input/ISIC_0000240.jpg,False,1024,768,RGB,1.333,9471312b838f4287acbe3c86153b2a95,
/kaggle/input/datasets/tschandl/isic2018-challenge-task1-data-segmentation/ISIC2018_Task1-2_Training_Input/ISIC_0014742.jpg,False,6648,4419,RGB,1.504,46b4a4465c1af12d32296cdafb9929b1,
/kaggle/input/datasets/tschandl/isic2018-challenge-task1-data-segmentation/ISIC2018_Task1-2_Training_Input/ISIC_0013772.jpg,False,4288,2848,RGB,1.506,845b3b64efc3baeef1a511bdfc6f0bf8,
/kaggle/input/datasets/tschandl/isic2018-challenge-task1-data-segmentation/ISIC2018_Task1-2_Training_Input/ISIC_0015035.jpg,False,6601,4380,RGB,1.507,896b39d8e3b7404fa940c225d27a231a,
/kaggle/input/datasets/tschandl/isic2018-challenge-task1-data-segmentation/ISIC2018_Task1-2_Training_Input/ISIC_0013874.jpg,False,4288,2848,RGB,1.506,894a9d056482dbe83586e89c62fdb122,
/kaggle/input/datasets/tschandl/isic2018-challenge-task1-data-segmentation/ISIC2018_Task1-2_Training_Input/ISIC_0013204.jpg,False,3008,2000,RGB,1.504,129f88c283e400a7c59d5f6c537ddb14,
/kaggle/input/datasets/tschandl/isic2018-challenge-task1-data-segmentation/ISIC2018_Task1-2_Training_Input/ISIC_0000025.jpg,False,1504,1129,RGB,1.332,2c5d59b05da73dcf09cc8479fb7308fe,
/kaggle/input/datasets/tschandl/isic2018-challenge-task1-data-segmentation/ISIC2018_Task1-2_Training_Input/ISIC_0009958.jpg,False,1024,768,RGB,1.333,69db634551823ccac44e3f036c830433,
/kaggle/input/datasets/tschandl/isic2018-challenge-task1-data-segmentation/ISIC2018_Task1-2_Training_Input/ISIC_0011385.jpg,False,1024,768,RGB,1.333,42fa91ff32e304b59b6cf406f7fd151d,
/kaggle/input/datasets/tschandl/isic2018-challenge-task1-data-segmentation/ISIC2018_Task1-2_Training_Input/ISIC_0013232.jpg,False,3008,2000,RGB,1.504,481667992f579b0a6da0ce391c5803dc,
/kaggle/input/datasets/tschandl/isic2018-challenge-task1-data-segmentation/ISIC2018_Task1-2_Training_Input/ISIC_0010264.jpg,False,1024,768,RGB,1.333,668b59d1a9439c32fdcbd6a46f5246b6,
/kaggle/input/datasets/tschandl/isic2018-challenge-task1-data-segmentation/ISIC2018_Task1-2_Training_Input/ISIC_0013220.jpg,False,3008,2000,RGB,1.504,a02533bc65c922e676b16fb95d501ec4,
/kaggle/input/datasets/tschandl/isic2018-challenge-task1-data-segmentation/ISIC2018_Task1-2_Training_Input/ISIC_0000013.jpg,False,1022,767,RGB,1.332,f17d7dca6de3dc113cb7b24a56e12b8b,
/kaggle/input/datasets/tschandl/isic2018-challenge-task1-data-segmentation/ISIC2018_Task1-2_Training_Input/ISIC_0013998.jpg,False,4288,2848,RGB,1.506,d36f871255c549173810b0f316f640e3,
/kaggle/input/datasets/tschandl/isic2018-challenge-task1-data-segmentation/ISIC2018_Task1-2_Training_Input/ISIC_0015464.jpg,False,6641,4422,RGB,1.502,d251b34b0a6b80d3b5ab7cc85e56b086,
/kaggle/input/datasets/tschandl/isic2018-challenge-task1-data-segmentation/ISIC2018_Task1-2_Training_Input/ISIC_0013844.jpg,False,3008,2000,RGB,1.504,893810a0e2a1983d6239900c2d393451,
/kaggle/input/datasets/tschandl/isic2018-challenge-task1-data-segmentation/ISIC2018_Task1-2_Training_Input/ISIC_0012487.jpg,False,3008,2000,RGB,1.504,e46878e6967bdc920451c8d084798c95,
/kaggle/input/datasets/tschandl/isic2018-challenge-task1-data-segmentation/ISIC2018_Task1-2_Training_Input/ISIC_0010017.jpg,False,1024,768,RGB,1.333,f047a0ed5bdc693508a1532afb7ae59a,
/kaggle/input/datasets/tschandl/isic2018-challenge-task1-data-segmentation/ISIC2018_Task1-2_Training_Input/ISIC_0008998.jpg,False,4288,2848,RGB,1.506,65008eea90b176c210d02b449ade37a5,
/kaggle/input/datasets/tschandl/isic2018-challenge-task1-data-segmentation/ISIC2018_Task1-2_Training_Input/ISIC_0015955.jpg,False,3008,2000,RGB,1.504,bfcd6a49f79b17f3c424fb194a4a007d,
/kaggle/input/datasets/tschandl/isic2018-challenge-task1-data-segmentation/ISIC2018_Task1-2_Training_Input/ISIC_0016000.jpg,False,3872,2592,RGB,1.494,962241894b201763dd6b25903f9bc4b1,
/kaggle/input/datasets/tschandl/isic2018-challenge-task1-data-segmentation/ISIC2018_Task1-2_Training_Input/ISIC_0000142.jpg,False,2048,1536,RGB,1.333,f146db66ea4d7ded947844151021be9a,
/kaggle/input/datasets/tschandl/isic2018-challenge-task1-data-segmentation/ISIC2018_Task1-2_Training_Input/ISIC_0010222.jpg,False,1024,768,RGB,1.333,a3eaba9930c48770f233eef7d21d34e7,
/kaggle/input/datasets/tschandl/isic2018-challenge-task1-data-segmentation/ISIC2018_Task1-2_Training_Input/ISIC_0000378.jpg,False,2530,2122,RGB,1.192,74b261f69bb429856085398dbbf07892,
/kaggle/input/datasets/tschandl/isic2018-challenge-task1-data-segmentation/ISIC2018_Task1-2_Training_Input/ISIC_0013842.jpg,False,3008,2000,RGB,1.504,23406699624cebed850a2eabeb402126,
/kaggle/input/datasets/tschandl/isic2018-challenge-task1-data-segmentation/ISIC2018_Task1-2_Training_Input/ISIC_0013197.jpg,False,3008,2000,RGB,1.504,1fb3a22327718ad63a7ad7e7b790eaad,
/kaggle/input/datasets/tschandl/isic2018-challenge-task1-data-segmentation/ISIC2018_Task1-2_Training_Input/ISIC_0012378.jpg,False,3008,2000,RGB,1.504,010ebeee5ee540bb5c5c83632a754e9a,
/kaggle/input/datasets/tschandl/isic2018-challenge-task1-data-segmentation/ISIC2018_Task1-2_Training_Input/ISIC_0015976.jpg,False,3008,2000,RGB,1.504,8fd14310b62a2e02e5c6796e22339d8a,
/kaggle/input/datasets/tschandl/isic2018-challenge-task1-data-segmentation/ISIC2018_Task1-2_Training_Input/ISIC_0000017.jpg,False,1504,1129,RGB,1.332,586061e7563ca3a4b6898856b115b1a4,
/kaggle/input/datasets/tschandl/isic2018-challenge-task1-data-segmentation/ISIC2018_Task1-2_Training_Input/ISIC_0010479.jpg,False,1024,768,RGB,1.333,a35f9373990091553c8a261147ac5f59,
/kaggle/input/datasets/tschandl/isic2018-challenge-task1-data-segmentation/ISIC2018_Task1-2_Training_Input/ISIC_0000236.jpg,False,1024,768,RGB,1.333,42cba70fabaad72f213aa6eb4f65c372,
/kaggle/input/datasets/tschandl/isic2018-challenge-task1-data-segmentation/ISIC2018_Task1-2_Training_Input/ISIC_0013676.jpg,False,4288,2848,RGB,1.506,477acfdeeb5a5e4cef78187064394bf7,
/kaggle/input/datasets/tschandl/isic2018-challenge-task1-data-segmentation/ISIC2018_Task1-2_Training_Input/ISIC_0014609.jpg,False,2592,1936,RGB,1.339,7cae0398c4d8e7559a15f1b88b7aea16,
/kaggle/input/datasets/tschandl/isic2018-challenge-task1-data-segmentation/ISIC2018_Task1-2_Training_Input/ISIC_0012134.jpg,False,3008,2000,RGB,1.504,5a8b3abf9e0c7f087e7371fd41ce2ca8,
/kaggle/input/datasets/tschandl/isic2018-challenge-task1-data-segmentation/ISIC2018_Task1-2_Training_Input/ISIC_0014839.jpg,False,6622,4441,RGB,1.491,ff00c1f02b3c9073d94d63a123211fef,
/kaggle/input/datasets/tschandl/isic2018-challenge-task1-data-segmentation/ISIC2018_Task1-2_Training_Input/ISIC_0013977.jpg,False,3008,2000,RGB,1.504,d8942d02c0a9bcd85f53ae6a94ae9ebb,
/kaggle/input/datasets/tschandl/isic2018-challenge-task1-data-segmentation/ISIC2018_Task1-2_Training_Input/ISIC_0010251.jpg,False,1024,768,RGB,1.333,e1d48c396c1898d1377efdaf6fd315af,
/kaggle/input/datasets/tschandl/isic2018-challenge-task1-data-segmentation/ISIC2018_Task1-2_Training_Input/ISIC_0002251.jpg,False,3024,2016,RGB,1.5,c4ec52ebb9ec0d73aa48d6578734945b,
/kaggle/input/datasets/tschandl/isic2018-challenge-task1-data-segmentation/ISIC2018_Task1-2_Training_Input/ISIC_0013167.jpg,False,3872,2592,RGB,1.494,2d7550f6c1cf4d64066e460173a33da7,
/kaggle/input/datasets/tschandl/isic2018-challenge-task1-data-segmentation/ISIC2018_Task1-2_Training_Input/ISIC_0007760.jpg,False,3024,2016,RGB,1.5,83ecac53bc45d8fc2acb13e0272f7c21,
/kaggle/input/datasets/tschandl/isic2018-challenge-task1-data-segmentation/ISIC2018_Task1-2_Training_Input/ISIC_0000216.jpg,False,949,626,RGB,1.516,834b005961a9c38b598264ac9eb688be,
/kaggle/input/datasets/tschandl/isic2018-challenge-task1-data-segmentation/ISIC2018_Task1-2_Training_Input/ISIC_0012358.jpg,False,3008,2000,RGB,1.504,474c2f9ce7fc8a95728925144e59fae8,
/kaggle/input/datasets/tschandl/isic2018-challenge-task1-data-segmentation/ISIC2018_Task1-2_Training_Input/ISIC_0000336.jpg,False,767,576,RGB,1.332,a88d64c27012197c304195219c922d29,
/kaggle/input/datasets/tschandl/isic2018-challenge-task1-data-segmentation/ISIC2018_Task1-2_Training_Input/ISIC_0010483.jpg,False,1024,768,RGB,1.333,aa3abeb6bc03cd88a73ace4e299fef0d,
/kaggle/input/datasets/tschandl/isic2018-challenge-task1-data-segmentation/ISIC2018_Task1-2_Training_Input/ISIC_0015436.jpg,False,6681,4440,RGB,1.505,0b9f84f53945a1dbe47b558249ed3e41,
/kaggle/input/datasets/tschandl/isic2018-challenge-task1-data-segmentation/ISIC2018_Task1-2_Training_Input/ISIC_0014302.jpg,False,4288,2848,RGB,1.506,4f3059a7baeabadc7f293932632fe609,
/kaggle/input/datasets/tschandl/isic2018-challenge-task1-data-segmentation/ISIC2018_Task1-2_Training_Input/ISIC_0015631.jpg,False,6688,4459,RGB,1.5,7e23f7bb19620b3b5f24667dd73a25e7,
/kaggle/input/datasets/tschandl/isic2018-challenge-task1-data-segmentation/ISIC2018_Task1-2_Training_Input/ISIC_0011324.jpg,False,1024,768,RGB,1.333,1505c9b27739de165d284952923516c8,
/kaggle/input/datasets/tschandl/isic2018-challenge-task1-data-segmentation/ISIC2018_Task1-2_Training_Input/ISIC_0015965.jpg,False,3008,2000,RGB,1.504,26eeefd2d5be35c6387f89269efa2a1d,
/kaggle/input/datasets/tschandl/isic2018-challenge-task1-data-segmentation/ISIC2018_Task1-2_Training_Input/ISIC_0003582.jpg,False,3024,2016,RGB,1.5,9ba92e827d91ff3ce244d922942f4e05,
/kaggle/input/datasets/tschandl/isic2018-challenge-task1-data-segmentation/ISIC2018_Task1-2_Training_Input/ISIC_0000172.jpg,False,962,674,RGB,1.427,9a472229726d978da6cf178d0db9035d,
/kaggle/input/datasets/tschandl/isic2018-challenge-task1-data-segmentation/ISIC2018_Task1-2_Training_Input/ISIC_0000514.jpg,False,919,802,RGB,1.146,0d0df5e3a402a5e5ad30dd2e9322c2f6,
/kaggle/input/datasets/tschandl/isic2018-challenge-task1-data-segmentation/ISIC2018_Task1-2_Training_Input/ISIC_0010443.jpg,False,1024,768,RGB,1.333,220add11d91a1afa250016c3dc33d790,
/kaggle/input/datasets/tschandl/isic2018-challenge-task1-data-segmentation/ISIC2018_Task1-2_Training_Input/ISIC_0013721.jpg,False,3008,2000,RGB,1.504,5dccf94c5a65bfb4367c391d5f083ae4,
/kaggle/input/datasets/tschandl/isic2018-challenge-task1-data-segmentation/ISIC2018_Task1-2_Training_Input/ISIC_0001163.jpg,False,3024,2016,RGB,1.5,2fc6ee90aafb66117872f541940bd41d,
/kaggle/input/datasets/tschandl/isic2018-challenge-task1-data-segmentation/ISIC2018_Task1-2_Training_Input/ISIC_0013634.jpg,False,4288,2848,RGB,1.506,71f5a50358d6e6edb660aa3a1dae9823,
/kaggle/input/datasets/tschandl/isic2018-challenge-task1-data-segmentation/ISIC2018_Task1-2_Training_Input/ISIC_0013748.jpg,False,4288,2848,RGB,1.506,d52d27139d1f1df87fa5a1e6f8702b8f,
/kaggle/input/datasets/tschandl/isic2018-challenge-task1-data-segmentation/ISIC2018_Task1-2_Training_Input/ISIC_0013114.jpg,False,3008,2000,RGB,1.504,9d0f7f0f9ddeecbc6a6501b07705e748,
/kaggle/input/datasets/tschandl/isic2018-challenge-task1-data-segmentation/ISIC2018_Task1-2_Training_Input/ISIC_0012986.jpg,False,3872,2592,RGB,1.494,232b1d7beb874dfb73747d25ade914b4,
/kaggle/input/datasets/tschandl/isic2018-challenge-task1-data-segmentation/ISIC2018_Task1-2_Training_Input/ISIC_0004110.jpg,False,3024,2016,RGB,1.5,bf9aeb5ed8d17baaece24393c258014b,
/kaggle/input/datasets/tschandl/isic2018-challenge-task1-data-segmentation/ISIC2018_Task1-2_Training_Input/ISIC_0012187.jpg,False,3008,2000,RGB,1.504,b1d7c942c32bb72a2b39bff082733794,
/kaggle/input/datasets/tschandl/isic2018-challenge-task1-data-segmentation/ISIC2018_Task1-2_Training_Input/ISIC_0000482.jpg,False,919,802,RGB,1.146,5c89b54c4be988fa61f7fc60b5b9ee85,
/kaggle/input/datasets/tschandl/isic2018-challenge-task1-data-segmentation/ISIC2018_Task1-2_Training_Input/ISIC_0006776.jpg,False,3024,2016,RGB,1.5,7593eb6fc157e10f48f85722dd232517,
/kaggle/input/datasets/tschandl/isic2018-challenge-task1-data-segmentation/ISIC2018_Task1-2_Training_Input/ISIC_0015264.jpg,False,6708,4439,RGB,1.511,94c904d6b24212c5b3f1935fad45313d,
/kaggle/input/datasets/tschandl/isic2018-challenge-task1-data-segmentation/ISIC2018_Task1-2_Training_Input/ISIC_0014855.jpg,False,6628,4419,RGB,1.5,fa2a878d5b16da335f954dec07714e8e,
/kaggle/input/datasets/tschandl/isic2018-challenge-task1-data-segmentation/ISIC2018_Task1-2_Training_Input/ISIC_0015163.jpg,False,6628,4419,RGB,1.5,7ab260ee09bc217c1a259e51224f0b7f,
/kaggle/input/datasets/tschandl/isic2018-challenge-task1-data-segmentation/ISIC2018_Task1-2_Training_Input/ISIC_0010182.jpg,False,1024,768,RGB,1.333,6dfe9c5d405c24a67c494920878cb18a,
/kaggle/input/datasets/tschandl/isic2018-challenge-task1-data-segmentation/ISIC2018_Task1-2_Training_Input/ISIC_0015942.jpg,False,3008,2000,RGB,1.504,4dd24663ee8858c943ed454c2cd051e7,
/kaggle/input/datasets/tschandl/isic2018-challenge-task1-data-segmentation/ISIC2018_Task1-2_Training_Input/ISIC_0010853.jpg,False,1024,768,RGB,1.333,25eb4a7c1fcdba8d66a74d3d667eb184,
/kaggle/input/datasets/tschandl/isic2018-challenge-task1-data-segmentation/ISIC2018_Task1-2_Training_Input/ISIC_0012285.jpg,False,3008,2000,RGB,1.504,e09f48f8bcfb0a60cc160000ed41846a,
/kaggle/input/datasets/tschandl/isic2018-challenge-task1-data-segmentation/ISIC2018_Task1-2_Training_Input/ISIC_0013702.jpg,False,4288,2848,RGB,1.506,a51b6a2b6b2e32b8fe1f0efb62fcabf0,
/kaggle/input/datasets/tschandl/isic2018-challenge-task1-data-segmentation/ISIC2018_Task1-2_Training_Input/ISIC_0009897.jpg,False,1024,768,RGB,1.333,1d79ac5e7678f0a02d328da45cf685e5,
/kaggle/input/datasets/tschandl/isic2018-challenge-task1-data-segmentation/ISIC2018_Task1-2_Training_Input/ISIC_0015200.jpg,False,6661,4422,RGB,1.506,6910fa902ccf283de8c00bc5034ff103,
/kaggle/input/datasets/tschandl/isic2018-challenge-task1-data-segmentation/ISIC2018_Task1-2_Training_Input/ISIC_0000156.jpg,False,2048,1536,RGB,1.333,ba8e4b33af7ff5bd82cf21b7e77d4c0f,
/kaggle/input/datasets/tschandl/isic2018-challenge-task1-data-segmentation/ISIC2018_Task1-2_Training_Input/ISIC_0014952.jpg,False,6688,4419,RGB,1.513,429aa411754b5e44b69a36100f3dcca7,
/kaggle/input/datasets/tschandl/isic2018-challenge-task1-data-segmentation/ISIC2018_Task1-2_Training_Input/ISIC_0015218.jpg,False,6642,4422,RGB,1.502,4b1c7379704b184c18839d860f8c8f06,
/kaggle/input/datasets/tschandl/isic2018-challenge-task1-data-segmentation/ISIC2018_Task1-2_Training_Input/ISIC_0000517.jpg,False,919,802,RGB,1.146,7f453150b3acaaf50ad6532c4da68739,
/kaggle/input/datasets/tschandl/isic2018-challenge-task1-data-segmentation/ISIC2018_Task1-2_Training_Input/ISIC_0010086.jpg,False,1024,768,RGB,1.333,5ff4db5ee09d953ab5584ec92b398b63,
/kaggle/input/datasets/tschandl/isic2018-challenge-task1-data-segmentation/ISIC2018_Task1-2_Training_Input/ISIC_0014583.jpg,False,2592,1936,RGB,1.339,ac8fd3987b8c005ae7a25e1a4bc12dca,
/kaggle/input/datasets/tschandl/isic2018-challenge-task1-data-segmentation/ISIC2018_Task1-2_Training_Input/ISIC_0008541.jpg,False,4288,2848,RGB,1.506,ace3b334eb245900d0a7c051ab85659a,
/kaggle/input/datasets/tschandl/isic2018-challenge-task1-data-segmentation/ISIC2018_Task1-2_Training_Input/ISIC_0012494.jpg,False,4288,2848,RGB,1.506,8ca87ab494251c9eab6ac0b1e8a3c4f6,
/kaggle/input/datasets/tschandl/isic2018-challenge-task1-data-segmentation/ISIC2018_Task1-2_Training_Input/ISIC_0000343.jpg,False,767,576,RGB,1.332,cb9e848222b6b99e3efc2355a7c24a3c,
/kaggle/input/datasets/tschandl/isic2018-challenge-task1-data-segmentation/ISIC2018_Task1-2_Training_Input/ISIC_0000493.jpg,False,919,802,RGB,1.146,a02c71dd4a4049190c2c1a2b1cbda406,
/kaggle/input/datasets/tschandl/isic2018-challenge-task1-data-segmentation/ISIC2018_Task1-2_Training_Input/ISIC_0000097.jpg,False,2048,1536,RGB,1.333,8b443c0aa1814cae78a6d73c041888f3,
/kaggle/input/datasets/tschandl/isic2018-challenge-task1-data-segmentation/ISIC2018_Task1-2_Training_Input/ISIC_0014731.jpg,False,6668,4439,RGB,1.502,92ed44dc709056a839b5eeb4127d4a5a,
/kaggle/input/datasets/tschandl/isic2018-challenge-task1-data-segmentation/ISIC2018_Task1-2_Training_Input/ISIC_0016025.jpg,False,3008,2000,RGB,1.504,fec44c187fdee78666bfffb9cf522fe7,
/kaggle/input/datasets/tschandl/isic2018-challenge-task1-data-segmentation/ISIC2018_Task1-2_Training_Input/ISIC_0000145.jpg,False,2048,1536,RGB,1.333,724099947ddcb0045f83d70cdd31cb6e,
/kaggle/input/datasets/tschandl/isic2018-challenge-task1-data-segmentation/ISIC2018_Task1-2_Training_Input/ISIC_0014599.jpg,False,2592,1936,RGB,1.339,77394acec513975c68db16e43f7996ec,
/kaggle/input/datasets/tschandl/isic2018-challenge-task1-data-segmentation/ISIC2018_Task1-2_Training_Input/ISIC_0015568.jpg,False,6688,4439,RGB,1.507,c775c7a20e328904888425c75252316d,
/kaggle/input/datasets/tschandl/isic2018-challenge-task1-data-segmentation/ISIC2018_Task1-2_Training_Input/ISIC_0013799.jpg,False,3008,2000,RGB,1.504,eacdd74c496824695566d552e8446dc1,
/kaggle/input/datasets/tschandl/isic2018-challenge-task1-data-segmentation/ISIC2018_Task1-2_Training_Input/ISIC_0012746.jpg,False,3008,2000,RGB,1.504,0a3c7fd71a34410c5d6c25dde317c465,
/kaggle/input/datasets/tschandl/isic2018-challenge-task1-data-segmentation/ISIC2018_Task1-2_Training_Input/ISIC_0016061.jpg,False,4288,2848,RGB,1.506,2ddeeb2160907ee3fc3047f38fc4b64c,
/kaggle/input/datasets/tschandl/isic2018-challenge-task1-data-segmentation/ISIC2018_Task1-2_Training_Input/ISIC_0016011.jpg,False,4288,2848,RGB,1.506,bb94fd2e6cc1220b65e55f928a485f85,
/kaggle/input/datasets/tschandl/isic2018-challenge-task1-data-segmentation/ISIC2018_Task1-2_Training_Input/ISIC_0012148.jpg,False,3008,2000,RGB,1.504,24d9862f5d4ee1856b8359e726657912,
/kaggle/input/datasets/tschandl/isic2018-challenge-task1-data-segmentation/ISIC2018_Task1-2_Training_Input/ISIC_0009974.jpg,False,1024,768,RGB,1.333,17d71c7e854bb280ea3e2afc4b3e998f,
/kaggle/input/datasets/tschandl/isic2018-challenge-task1-data-segmentation/ISIC2018_Task1-2_Training_Input/ISIC_0012484.jpg,False,4288,2848,RGB,1.506,b3e73a5f5fa0ce34dc5d2a6d472acb81,
/kaggle/input/datasets/tschandl/isic2018-challenge-task1-data-segmentation/ISIC2018_Task1-2_Training_Input/ISIC_0014964.jpg,False,6708,4439,RGB,1.511,c770230d014ee0db116a319a8f7dbbd3,
/kaggle/input/datasets/tschandl/isic2018-challenge-task1-data-segmentation/ISIC2018_Task1-2_Training_Input/ISIC_0000313.jpg,False,767,576,RGB,1.332,cc56f81136f5db575c334fb0654abb1a,
/kaggle/input/datasets/tschandl/isic2018-challenge-task1-data-segmentation/ISIC2018_Task1-2_Training_Input/ISIC_0014150.jpg,False,4288,2848,RGB,1.506,90399ea7025fcc2158c0d59e24d1a7cd,
/kaggle/input/datasets/tschandl/isic2018-challenge-task1-data-segmentation/ISIC2018_Task1-2_Training_Input/ISIC_0014778.jpg,False,6681,4420,RGB,1.512,05746cbfa3e32dfdf71501b77a071bcc,
/kaggle/input/datasets/tschandl/isic2018-challenge-task1-data-segmentation/ISIC2018_Task1-2_Training_Input/ISIC_0012684.jpg,False,3008,2000,RGB,1.504,ae95e8a3a5cb8a43cdeb2938a2f0adcd,
/kaggle/input/datasets/tschandl/isic2018-challenge-task1-data-segmentation/ISIC2018_Task1-2_Training_Input/ISIC_0014944.jpg,False,6688,4439,RGB,1.507,db8d946023e866d2812ca60c1f89515e,
/kaggle/input/datasets/tschandl/isic2018-challenge-task1-data-segmentation/ISIC2018_Task1-2_Training_Input/ISIC_0010382.jpg,False,1024,768,RGB,1.333,522951f87f53176615d4ae228a4fe6b7,
/kaggle/input/datasets/tschandl/isic2018-challenge-task1-data-segmentation/ISIC2018_Task1-2_Training_Input/ISIC_0013643.jpg,False,4288,2848,RGB,1.506,e0425ef32953e1f7d7cfcfeddc804150,
/kaggle/input/datasets/tschandl/isic2018-challenge-task1-data-segmentation/ISIC2018_Task1-2_Training_Input/ISIC_0012495.jpg,False,4288,2848,RGB,1.506,7465e045246928072f594cd4257f14a0,
/kaggle/input/datasets/tschandl/isic2018-challenge-task1-data-segmentation/ISIC2018_Task1-2_Training_Input/ISIC_0014903.jpg,False,6694,4477,RGB,1.495,74413101407e844cad120fb34365a61b,
/kaggle/input/datasets/tschandl/isic2018-challenge-task1-data-segmentation/ISIC2018_Task1-2_Training_Input/ISIC_0014486.jpg,False,4288,2848,RGB,1.506,fd89190dabf21b6bd80b263d69274ca7,
/kaggle/input/datasets/tschandl/isic2018-challenge-task1-data-segmentation/ISIC2018_Task1-2_Training_Input/ISIC_0007141.jpg,False,3024,2016,RGB,1.5,707fe65a390d18042e8059e46cccb9fa,
/kaggle/input/datasets/tschandl/isic2018-challenge-task1-data-segmentation/ISIC2018_Task1-2_Training_Input/ISIC_0013595.jpg,False,3008,2000,RGB,1.504,c33b74831bc79eeff6292911f17fb430,
/kaggle/input/datasets/tschandl/isic2018-challenge-task1-data-segmentation/ISIC2018_Task1-2_Training_Input/ISIC_0016062.jpg,False,4288,2848,RGB,1.506,122be2972c04204e50bcd2c134e5d21c,
/kaggle/input/datasets/tschandl/isic2018-challenge-task1-data-segmentation/ISIC2018_Task1-2_Training_Input/ISIC_0000460.jpg,False,919,802,RGB,1.146,d34a8e42e534fa95de37a543b1921f2f,
/kaggle/input/datasets/tschandl/isic2018-challenge-task1-data-segmentation/ISIC2018_Task1-2_Training_Input/ISIC_0000388.jpg,False,3072,2304,RGB,1.333,95122a4b887c0ff2be97ec8b84c7715a,
/kaggle/input/datasets/tschandl/isic2018-challenge-task1-data-segmentation/ISIC2018_Task1-2_Training_Input/ISIC_0014173.jpg,False,4288,2848,RGB,1.506,a24f8ee49143034789b14bca867ae45f,
/kaggle/input/datasets/tschandl/isic2018-challenge-task1-data-segmentation/ISIC2018_Task1-2_Training_Input/ISIC_0015418.jpg,False,6668,4439,RGB,1.502,4a5933c78d2f7d51dac8ad469fb07f28,
/kaggle/input/datasets/tschandl/isic2018-challenge-task1-data-segmentation/ISIC2018_Task1-2_Training_Input/ISIC_0013304.jpg,False,4288,2848,RGB,1.506,f112e049323f088ba7f365a39895a5b4,
/kaggle/input/datasets/tschandl/isic2018-challenge-task1-data-segmentation/ISIC2018_Task1-2_Training_Input/ISIC_0011322.jpg,False,1024,768,RGB,1.333,efded5526435551929bd656cfc0b1148,
/kaggle/input/datasets/tschandl/isic2018-challenge-task1-data-segmentation/ISIC2018_Task1-2_Training_Input/ISIC_0013558.jpg,False,3008,2000,RGB,1.504,aea2867325a1ccf7690af423b3a4780a,
/kaggle/input/datasets/tschandl/isic2018-challenge-task1-data-segmentation/ISIC2018_Task1-2_Training_Input/ISIC_0012888.jpg,False,3008,2000,RGB,1.504,57e2716a29092335ef2641e22c1ef888,
/kaggle/input/datasets/tschandl/isic2018-challenge-task1-data-segmentation/ISIC2018_Task1-2_Training_Input/ISIC_0013480.jpg,False,3872,2592,RGB,1.494,85ef5a73295f6d72faf16545fb9f2a74,
/kaggle/input/datasets/tschandl/isic2018-challenge-task1-data-segmentation/ISIC2018_Task1-2_Training_Input/ISIC_0010367.jpg,False,1024,768,RGB,1.333,f9d46405db48d54e52c7278d8eade660,
/kaggle/input/datasets/tschandl/isic2018-challenge-task1-data-segmentation/ISIC2018_Task1-2_Training_Input/ISIC_0010053.jpg,False,1024,768,RGB,1.333,9b2689f7fd02755ec95cd6f7a5e70eac,
/kaggle/input/datasets/tschandl/isic2018-challenge-task1-data-segmentation/ISIC2018_Task1-2_Training_Input/ISIC_0014027.jpg,False,4288,2848,RGB,1.506,c2b546df7c7b994a773c3dc4b734140a,
/kaggle/input/datasets/tschandl/isic2018-challenge-task1-data-segmentation/ISIC2018_Task1-2_Training_Input/ISIC_0000383.jpg,False,2117,1988,RGB,1.065,f32515778e588c819ee91efc62462e82,
/kaggle/input/datasets/tschandl/isic2018-challenge-task1-data-segmentation/ISIC2018_Task1-2_Training_Input/ISIC_0015957.jpg,False,3872,2592,RGB,1.494,86538cf03b6c8bb7423f2c4e9d0978de,
/kaggle/input/datasets/tschandl/isic2018-challenge-task1-data-segmentation/ISIC2018_Task1-2_Training_Input/ISIC_0012551.jpg,False,4288,2848,RGB,1.506,4f7437b5b5d569ab4f06eb9766366f41,
/kaggle/input/datasets/tschandl/isic2018-challenge-task1-data-segmentation/ISIC2018_Task1-2_Training_Input/ISIC_0000374.jpg,False,767,576,RGB,1.332,84c63835cda360d4307f3be92e59f488,
/kaggle/input/datasets/tschandl/isic2018-challenge-task1-data-segmentation/ISIC2018_Task1-2_Training_Input/ISIC_0013335.jpg,False,4288,2848,RGB,1.506,05a65d0092d8ea9e2de00594512da707,
/kaggle/input/datasets/tschandl/isic2018-challenge-task1-data-segmentation/ISIC2018_Task1-2_Training_Input/ISIC_0014714.jpg,False,6622,4422,RGB,1.498,bfc30ad193c778ba59c7f1ecefd52bfd,
/kaggle/input/datasets/tschandl/isic2018-challenge-task1-data-segmentation/ISIC2018_Task1-2_Training_Input/ISIC_0000015.jpg,False,1022,767,RGB,1.332,2dd4e520499a2cbcd7f632a6558089cd,
/kaggle/input/datasets/tschandl/isic2018-challenge-task1-data-segmentation/ISIC2018_Task1-2_Training_Input/ISIC_0010347.jpg,False,1024,768,RGB,1.333,12d86a864fd1a3739d75490c91de5d73,
/kaggle/input/datasets/tschandl/isic2018-challenge-task1-data-segmentation/ISIC2018_Task1-2_Training_Input/ISIC_0000190.jpg,False,722,543,RGB,1.33,9dd0d1194cd7d9d4cca7c854c8325587,
/kaggle/input/datasets/tschandl/isic2018-challenge-task1-data-segmentation/ISIC2018_Task1-2_Training_Input/ISIC_0000298.jpg,False,767,576,RGB,1.332,12a22fbcdca85eccf3f23def3189964a,
/kaggle/input/datasets/tschandl/isic2018-challenge-task1-data-segmentation/ISIC2018_Task1-2_Training_Input/ISIC_0014454.jpg,False,4288,2848,RGB,1.506,26d85b55244f32a4624a571a5c129d20,
/kaggle/input/datasets/tschandl/isic2018-challenge-task1-data-segmentation/ISIC2018_Task1-2_Training_Input/ISIC_0009934.jpg,False,1024,768,RGB,1.333,b4df13527ea2da58fff64f6fe4d7e523,
/kaggle/input/datasets/tschandl/isic2018-challenge-task1-data-segmentation/ISIC2018_Task1-2_Training_Input/ISIC_0010351.jpg,False,1024,768,RGB,1.333,0d5985254a1c282883b62b810a34b9a5,
/kaggle/input/datasets/tschandl/isic2018-challenge-task1-data-segmentation/ISIC2018_Task1-2_Training_Input/ISIC_0000295.jpg,False,767,576,RGB,1.332,9dc3ada5189b81e1ed6e3ad16920087e,
/kaggle/input/datasets/tschandl/isic2018-challenge-task1-data-segmentation/ISIC2018_Task1-2_Training_Input/ISIC_0010225.jpg,False,1024,768,RGB,1.333,7521a8ede491448f35e7b22b1b638d0d,
/kaggle/input/datasets/tschandl/isic2018-challenge-task1-data-segmentation/ISIC2018_Task1-2_Training_Input/ISIC_0015241.jpg,False,6648,4439,RGB,1.498,eb55ce12754316e97bc3fea8ed8127a4,
/kaggle/input/datasets/tschandl/isic2018-challenge-task1-data-segmentation/ISIC2018_Task1-2_Training_Input/ISIC_0000152.jpg,False,2592,1944,RGB,1.333,dc946f2fd04f55e494f65efe2d60441b,
/kaggle/input/datasets/tschandl/isic2018-challenge-task1-data-segmentation/ISIC2018_Task1-2_Training_Input/ISIC_0013216.jpg,False,3872,2592,RGB,1.494,eea4a916e1aed24b3b679c24e0a84d16,
/kaggle/input/datasets/tschandl/isic2018-challenge-task1-data-segmentation/ISIC2018_Task1-2_Training_Input/ISIC_0000372.jpg,False,767,576,RGB,1.332,08d27e22bd0477a635af71166cc40058,
/kaggle/input/datasets/tschandl/isic2018-challenge-task1-data-segmentation/ISIC2018_Task1-2_Training_Input/ISIC_0009879.jpg,False,1024,768,RGB,1.333,b6cc4748f9dcf79a44028fdd55936ee7,
/kaggle/input/datasets/tschandl/isic2018-challenge-task1-data-segmentation/ISIC2018_Task1-2_Training_Input/ISIC_0014546.jpg,False,4288,2848,RGB,1.506,84009d60fb82f5cb116f2f858fee43fd,
/kaggle/input/datasets/tschandl/isic2018-challenge-task1-data-segmentation/ISIC2018_Task1-2_Training_Input/ISIC_0014263.jpg,False,4288,2848,RGB,1.506,f56d83c6cb1b18a1c589cd3389c180aa,
/kaggle/input/datasets/tschandl/isic2018-challenge-task1-data-segmentation/ISIC2018_Task1-2_Training_Input/ISIC_0004346.jpg,False,4288,2848,RGB,1.506,deb6f9994ad9c2ff4221b8b2850150a0,
/kaggle/input/datasets/tschandl/isic2018-challenge-task1-data-segmentation/ISIC2018_Task1-2_Training_Input/ISIC_0000153.jpg,False,2592,1944,RGB,1.333,96cdc088222181ce241d80b3dab81a63,
/kaggle/input/datasets/tschandl/isic2018-challenge-task1-data-segmentation/ISIC2018_Task1-2_Training_Input/ISIC_0000124.jpg,False,2048,1536,RGB,1.333,1b032fb7e8b3eb48f74ce9559d409677,
/kaggle/input/datasets/tschandl/isic2018-challenge-task1-data-segmentation/ISIC2018_Task1-2_Training_Input/ISIC_0002780.jpg,False,4288,2848,RGB,1.506,8d5b9915ac1a5b0675b3d7ff09337ae5,
/kaggle/input/datasets/tschandl/isic2018-challenge-task1-data-segmentation/ISIC2018_Task1-2_Training_Input/ISIC_0000249.jpg,False,1024,768,RGB,1.333,92b2290145f38b3afb4f2b837e1ecbaf,
/kaggle/input/datasets/tschandl/isic2018-challenge-task1-data-segmentation/ISIC2018_Task1-2_Training_Input/ISIC_0009973.jpg,False,1024,768,RGB,1.333,09a255d4f22781f62484777708e7d1b4,
/kaggle/input/datasets/tschandl/isic2018-challenge-task1-data-segmentation/ISIC2018_Task1-2_Training_Input/ISIC_0015284.jpg,False,6708,4459,RGB,1.504,8b76bf8c885b46b05b1d9139fc4a9db1,
/kaggle/input/datasets/tschandl/isic2018-challenge-task1-data-segmentation/ISIC2018_Task1-2_Training_Input/ISIC_0014898.jpg,False,6648,4439,RGB,1.498,12a1776ee3bc0d19d9818eff3e98ab45,
/kaggle/input/datasets/tschandl/isic2018-challenge-task1-data-segmentation/ISIC2018_Task1-2_Training_Input/ISIC_0012873.jpg,False,3008,2000,RGB,1.504,6fcc6d5eed7354a8c30f938bd71f160a,
/kaggle/input/datasets/tschandl/isic2018-challenge-task1-data-segmentation/ISIC2018_Task1-2_Training_Input/ISIC_0000380.jpg,False,2155,1958,RGB,1.101,c686212af584019398c5ede392e7a53a,
/kaggle/input/datasets/tschandl/isic2018-challenge-task1-data-segmentation/ISIC2018_Task1-2_Training_Input/ISIC_0014324.jpg,False,4288,2848,RGB,1.506,bca1951c97259cc735a78292748878ca,
/kaggle/input/datasets/tschandl/isic2018-challenge-task1-data-segmentation/ISIC2018_Task1-2_Training_Input/ISIC_0012508.jpg,False,4288,2848,RGB,1.506,8074f3b0ac0d6891fde77f19b48bacb7,
/kaggle/input/datasets/tschandl/isic2018-challenge-task1-data-segmentation/ISIC2018_Task1-2_Training_Input/ISIC_0014665.jpg,False,6688,4419,RGB,1.513,a9522671a0c52d7b8db3681e7f74b061,
/kaggle/input/datasets/tschandl/isic2018-challenge-task1-data-segmentation/ISIC2018_Task1-2_Training_Input/ISIC_0012941.jpg,False,3872,2592,RGB,1.494,f0c656709604af1db8edb72ce7d7e312,
/kaggle/input/datasets/tschandl/isic2018-challenge-task1-data-segmentation/ISIC2018_Task1-2_Training_Input/ISIC_0013819.jpg,False,4288,2848,RGB,1.506,099e4ed19ae023b7777c4cb6fd345116,
/kaggle/input/datasets/tschandl/isic2018-challenge-task1-data-segmentation/ISIC2018_Task1-2_Training_Input/ISIC_0015963.jpg,False,3872,2592,RGB,1.494,fd4de64b38075bc12d02e624c245a37e,
/kaggle/input/datasets/tschandl/isic2018-challenge-task1-data-segmentation/ISIC2018_Task1-2_Training_Input/ISIC_0009962.jpg,False,1024,768,RGB,1.333,6f5711be4964ee391c8d29418e1fc847,
/kaggle/input/datasets/tschandl/isic2018-challenge-task1-data-segmentation/ISIC2018_Task1-2_Training_Input/ISIC_0010227.jpg,False,1024,768,RGB,1.333,34538421d8edecab97aab64d6b37e506,
/kaggle/input/datasets/tschandl/isic2018-challenge-task1-data-segmentation/ISIC2018_Task1-2_Training_Input/ISIC_0000214.jpg,False,958,642,RGB,1.492,8185bef9d9dc203a9cce8cc922967812,
/kaggle/input/datasets/tschandl/isic2018-challenge-task1-data-segmentation/ISIC2018_Task1-2_Training_Input/ISIC_0012957.jpg,False,3872,2592,RGB,1.494,c97d719260b4e103b0f285c484d14c5e,
/kaggle/input/datasets/tschandl/isic2018-challenge-task1-data-segmentation/ISIC2018_Task1-2_Training_Input/ISIC_0006350.jpg,False,3024,2016,RGB,1.5,bffd018b7cf068e64affa299285a3da4,
/kaggle/input/datasets/tschandl/isic2018-challenge-task1-data-segmentation/ISIC2018_Task1-2_Training_Input/ISIC_0010477.jpg,False,1024,768,RGB,1.333,c9e9431d883ea492c28e7c2b7ef2aa6e,
/kaggle/input/datasets/tschandl/isic2018-challenge-task1-data-segmentation/ISIC2018_Task1-2_Training_Input/ISIC_0001385.jpg,False,3024,2016,RGB,1.5,1c51f60177bde4ec577e55b5fe592c6c,
/kaggle/input/datasets/tschandl/isic2018-challenge-task1-data-segmentation/ISIC2018_Task1-2_Training_Input/ISIC_0013365.jpg,False,4288,2848,RGB,1.506,5bc0ffb08b4078d0d128879d36f6bc30,
/kaggle/input/datasets/tschandl/isic2018-challenge-task1-data-segmentation/ISIC2018_Task1-2_Training_Input/ISIC_0014229.jpg,False,4288,2848,RGB,1.506,6097f6432fd41b9e7c8477cc89a98931,
/kaggle/input/datasets/tschandl/isic2018-challenge-task1-data-segmentation/ISIC2018_Task1-2_Training_Input/ISIC_0014186.jpg,False,4288,2848,RGB,1.506,eeaaee811993ffa60963b6441f429045,
/kaggle/input/datasets/tschandl/isic2018-challenge-task1-data-segmentation/ISIC2018_Task1-2_Training_Input/ISIC_0009800.jpg,False,4288,2848,RGB,1.506,5a84526012f1ba85e242bb0e6fa020ae,
/kaggle/input/datasets/tschandl/isic2018-challenge-task1-data-segmentation/ISIC2018_Task1-2_Training_Input/ISIC_0000004.jpg,False,1022,767,RGB,1.332,06850d96feff18398d6bfd2f273069d9,
/kaggle/input/datasets/tschandl/isic2018-challenge-task1-data-segmentation/ISIC2018_Task1-2_Training_Input/ISIC_0014139.jpg,False,4288,2848,RGB,1.506,e3d5ec5eb812872010b9fdd6b5212993,
/kaggle/input/datasets/tschandl/isic2018-challenge-task1-data-segmentation/ISIC2018_Task1-2_Training_Input/ISIC_0001119.jpg,False,3072,2304,RGB,1.333,1102232a2c7a0c07e4b31af3cb89109a,
/kaggle/input/datasets/tschandl/isic2018-challenge-task1-data-segmentation/ISIC2018_Task1-2_Training_Input/ISIC_0012655.jpg,False,2304,1536,RGB,1.5,929d97c05ad183167edeff955b5d4e84,
/kaggle/input/datasets/tschandl/isic2018-challenge-task1-data-segmentation/ISIC2018_Task1-2_Training_Input/ISIC_0000007.jpg,False,1022,767,RGB,1.332,8cfe4ee7467cec784e54b6ac9729d8ae,
/kaggle/input/datasets/tschandl/isic2018-challenge-task1-data-segmentation/ISIC2018_Task1-2_Training_Input/ISIC_0012282.jpg,False,4288,2848,RGB,1.506,878a6660e1f39c012b35e342708ebb81,
/kaggle/input/datasets/tschandl/isic2018-challenge-task1-data-segmentation/ISIC2018_Task1-2_Training_Input/ISIC_0010439.jpg,False,1024,768,RGB,1.333,09e6025fe7d04de3adb85394cfe77c82,
/kaggle/input/datasets/tschandl/isic2018-challenge-task1-data-segmentation/ISIC2018_Task1-2_Training_Input/ISIC_0003539.jpg,False,3024,2016,RGB,1.5,945b68578a3a144105d3956f313258ee,
/kaggle/input/datasets/tschandl/isic2018-challenge-task1-data-segmentation/ISIC2018_Task1-2_Training_Input/ISIC_0000253.jpg,False,576,768,RGB,0.75,7d69460b706aead0d34cf2f6cad8b896,
/kaggle/input/datasets/tschandl/isic2018-challenge-task1-data-segmentation/ISIC2018_Task1-2_Training_Input/ISIC_0011155.jpg,False,1024,768,RGB,1.333,284f7e80f172ff953d05949c18e61c42,
/kaggle/input/datasets/tschandl/isic2018-challenge-task1-data-segmentation/ISIC2018_Task1-2_Training_Input/ISIC_0003056.jpg,False,4288,2848,RGB,1.506,e64880610308885db8a7a5e84520c404,
/kaggle/input/datasets/tschandl/isic2018-challenge-task1-data-segmentation/ISIC2018_Task1-2_Training_Input/ISIC_0000271.jpg,False,1024,768,RGB,1.333,882101f1fd5c538bea29ab962ce35777,
/kaggle/input/datasets/tschandl/isic2018-challenge-task1-data-segmentation/ISIC2018_Task1-2_Training_Input/ISIC_0010348.jpg,False,1024,768,RGB,1.333,edeaf5c5b78d60137d5ca6c280dd5c82,
/kaggle/input/datasets/tschandl/isic2018-challenge-task1-data-segmentation/ISIC2018_Task1-2_Training_Input/ISIC_0014317.jpg,False,4288,2848,RGB,1.506,67eadbd969c8f1013a940f41088dbf36,
/kaggle/input/datasets/tschandl/isic2018-challenge-task1-data-segmentation/ISIC2018_Task1-2_Training_Input/ISIC_0011390.jpg,False,1024,768,RGB,1.333,86a1323ca6252e3763e0194c6360d93b,
/kaggle/input/datasets/tschandl/isic2018-challenge-task1-data-segmentation/ISIC2018_Task1-2_Training_Input/ISIC_0014336.jpg,False,4288,2848,RGB,1.506,c7931e5503f148de2253027cd9b83e48,
/kaggle/input/datasets/tschandl/isic2018-challenge-task1-data-segmentation/ISIC2018_Task1-2_Training_Input/ISIC_0014782.jpg,False,6661,4441,RGB,1.5,941b3cd537d962e1c6d80cfc626bd34a,
/kaggle/input/datasets/tschandl/isic2018-challenge-task1-data-segmentation/ISIC2018_Task1-2_Training_Input/ISIC_0014807.jpg,False,6621,4401,RGB,1.504,ee7327f8b6394a324b37a49a2a389964,
/kaggle/input/datasets/tschandl/isic2018-challenge-task1-data-segmentation/ISIC2018_Task1-2_Training_Input/ISIC_0014775.jpg,False,6642,4401,RGB,1.509,cbae23405615f42e4d223f160f2b0471,
/kaggle/input/datasets/tschandl/isic2018-challenge-task1-data-segmentation/ISIC2018_Task1-2_Training_Input/ISIC_0014360.jpg,False,4288,2848,RGB,1.506,9c08e8814899445968fe6430a27b3e63,
/kaggle/input/datasets/tschandl/isic2018-challenge-task1-data-segmentation/ISIC2018_Task1-2_Training_Input/ISIC_0010220.jpg,False,1024,768,RGB,1.333,d4617254a4d7559d8f6b89058463bc5d,
/kaggle/input/datasets/tschandl/isic2018-challenge-task1-data-segmentation/ISIC2018_Task1-2_Training_Input/ISIC_0012685.jpg,False,3008,2000,RGB,1.504,2adc7715a9ee2600cae8a0b07d61e39e,
/kaggle/input/datasets/tschandl/isic2018-challenge-task1-data-segmentation/ISIC2018_Task1-2_Training_Input/ISIC_0014834.jpg,False,6661,4421,RGB,1.507,04ac18e4e1471dc6aad30c21f1a0b3e4,
/kaggle/input/datasets/tschandl/isic2018-challenge-task1-data-segmentation/ISIC2018_Task1-2_Training_Input/ISIC_0014160.jpg,False,4288,2848,RGB,1.506,891a3b51231213cce3a8fd3024a73769,
/kaggle/input/datasets/tschandl/isic2018-challenge-task1-data-segmentation/ISIC2018_Task1-2_Training_Input/ISIC_0013121.jpg,False,3008,2000,RGB,1.504,fd3d9f1f60332cad58a2818530cf0516,
/kaggle/input/datasets/tschandl/isic2018-challenge-task1-data-segmentation/ISIC2018_Task1-2_Training_Input/ISIC_0013306.jpg,False,4288,2848,RGB,1.506,6adcd902a4ae2b40eb32497d501179ef,
/kaggle/input/datasets/tschandl/isic2018-challenge-task1-data-segmentation/ISIC2018_Task1-2_Training_Input/ISIC_0000321.jpg,False,767,576,RGB,1.332,760c4ef4ce5a1a76b3d7d86d1aaf7729,
/kaggle/input/datasets/tschandl/isic2018-challenge-task1-data-segmentation/ISIC2018_Task1-2_Training_Input/ISIC_0009891.jpg,False,1024,768,RGB,1.333,be9c8e74b20de3355be2f7ad20fa0e26,
/kaggle/input/datasets/tschandl/isic2018-challenge-task1-data-segmentation/ISIC2018_Task1-2_Training_Input/ISIC_0014311.jpg,False,4288,2848,RGB,1.506,233ceefba38d77a100b4d68d0eb90d1f,
/kaggle/input/datasets/tschandl/isic2018-challenge-task1-data-segmentation/ISIC2018_Task1-2_Training_Input/ISIC_0014848.jpg,False,6628,4419,RGB,1.5,4ba7b2346fcf1d059839a29a9d37d879,
/kaggle/input/datasets/tschandl/isic2018-challenge-task1-data-segmentation/ISIC2018_Task1-2_Training_Input/ISIC_0015466.jpg,False,6668,4459,RGB,1.495,2b467785b8d9d4641d4d640c467a4824,
/kaggle/input/datasets/tschandl/isic2018-challenge-task1-data-segmentation/ISIC2018_Task1-2_Training_Input/ISIC_0015020.jpg,False,6648,4459,RGB,1.491,fa0a782f93365239eda1a5cb26e4a52d,
/kaggle/input/datasets/tschandl/isic2018-challenge-task1-data-segmentation/ISIC2018_Task1-2_Training_Input/ISIC_0000365.jpg,False,767,576,RGB,1.332,328f1073f132e0c02b8e9c7d2926d900,
/kaggle/input/datasets/tschandl/isic2018-challenge-task1-data-segmentation/ISIC2018_Task1-2_Training_Input/ISIC_0012965.jpg,False,3008,2000,RGB,1.504,d2ab56d4fb2b89dc24a2867173dadf14,
/kaggle/input/datasets/tschandl/isic2018-challenge-task1-data-segmentation/ISIC2018_Task1-2_Training_Input/ISIC_0012653.jpg,False,2304,1536,RGB,1.5,687fcabd9f4b8fb338e31a517c3933e9,
/kaggle/input/datasets/tschandl/isic2018-challenge-task1-data-segmentation/ISIC2018_Task1-2_Training_Input/ISIC_0014392.jpg,False,4288,2848,RGB,1.506,85cd46a4c46292feea8b4718a8424a0a,
/kaggle/input/datasets/tschandl/isic2018-challenge-task1-data-segmentation/ISIC2018_Task1-2_Training_Input/ISIC_0009936.jpg,False,1024,768,RGB,1.333,9be65ae09a4b9d2d5c90ed06d028fbe7,
/kaggle/input/datasets/tschandl/isic2018-challenge-task1-data-segmentation/ISIC2018_Task1-2_Training_Input/ISIC_0013163.jpg,False,3008,2000,RGB,1.504,bca9cf98fab33504f33cc433ebeb3741,
/kaggle/input/datasets/tschandl/isic2018-challenge-task1-data-segmentation/ISIC2018_Task1-2_Training_Input/ISIC_0008507.jpg,False,4288,2848,RGB,1.506,68b5933e63666f27e93b478e58004086,
/kaggle/input/datasets/tschandl/isic2018-challenge-task1-data-segmentation/ISIC2018_Task1-2_Training_Input/ISIC_0000520.jpg,False,3072,2304,RGB,1.333,fc0bbe454f708eba344e2cb380bc80e7,
/kaggle/input/datasets/tschandl/isic2018-challenge-task1-data-segmentation/ISIC2018_Task1-2_Training_Input/ISIC_0013222.jpg,False,3872,2592,RGB,1.494,030d3ad237a45debd1342f2abb091d0c,
/kaggle/input/datasets/tschandl/isic2018-challenge-task1-data-segmentation/ISIC2018_Task1-2_Training_Input/ISIC_0007528.jpg,False,3024,2016,RGB,1.5,a85dd9486fb4a5d8795170e186b5fee8,
/kaggle/input/datasets/tschandl/isic2018-challenge-task1-data-segmentation/ISIC2018_Task1-2_Training_Input/ISIC_0016045.jpg,False,3872,2592,RGB,1.494,20bcef32b108c20ab6d240bd50ba25ac,
/kaggle/input/datasets/tschandl/isic2018-challenge-task1-data-segmentation/ISIC2018_Task1-2_Training_Input/ISIC_0012722.jpg,False,3008,2000,RGB,1.504,c468bfe5647207ae87dc5bf4f16a5e6d,
/kaggle/input/datasets/tschandl/isic2018-challenge-task1-data-segmentation/ISIC2018_Task1-2_Training_Input/ISIC_0008879.jpg,False,4288,2848,RGB,1.506,88599c8ea37d8af236cbc52a69e9c540,
/kaggle/input/datasets/tschandl/isic2018-challenge-task1-data-segmentation/ISIC2018_Task1-2_Training_Input/ISIC_0014221.jpg,False,4288,2848,RGB,1.506,1bde482412e54908ae7256481705cb1c,
/kaggle/input/datasets/tschandl/isic2018-challenge-task1-data-segmentation/ISIC2018_Task1-2_Training_Input/ISIC_0013039.jpg,False,3872,2592,RGB,1.494,d3a8be7283806e4255bfe41c3ff193d2,
/kaggle/input/datasets/tschandl/isic2018-challenge-task1-data-segmentation/ISIC2018_Task1-2_Training_Input/ISIC_0013678.jpg,False,3008,2000,RGB,1.504,e354835be82445dd3ae2d9d517d24739,
/kaggle/input/datasets/tschandl/isic2018-challenge-task1-data-segmentation/ISIC2018_Task1-2_Training_Input/ISIC_0000252.jpg,False,576,768,RGB,0.75,108a7afed47dd6decd1e209618748cd5,
/kaggle/input/datasets/tschandl/isic2018-challenge-task1-data-segmentation/ISIC2018_Task1-2_Training_Input/ISIC_0013981.jpg,False,4288,2848,RGB,1.506,ef45de70b7d545150bbd994f9aeab409,
/kaggle/input/datasets/tschandl/isic2018-challenge-task1-data-segmentation/ISIC2018_Task1-2_Training_Input/ISIC_0012094.jpg,False,3008,2000,RGB,1.504,a9d4cd76c872a4371503707bb4f87eff,
/kaggle/input/datasets/tschandl/isic2018-challenge-task1-data-segmentation/ISIC2018_Task1-2_Training_Input/ISIC_0000120.jpg,False,2048,1536,RGB,1.333,5a438641304bb65acc1a3793d7fcca2b,
/kaggle/input/datasets/tschandl/isic2018-challenge-task1-data-segmentation/ISIC2018_Task1-2_Training_Input/ISIC_0013886.jpg,False,3872,2592,RGB,1.494,5ccb82a2a6b74fa932e447e6f5297111,
/kaggle/input/datasets/tschandl/isic2018-challenge-task1-data-segmentation/ISIC2018_Task1-2_Training_Input/ISIC_0000071.jpg,False,1022,767,RGB,1.332,3969e66d87d9b5b1c6a55ad8db6f0bbd,
/kaggle/input/datasets/tschandl/isic2018-challenge-task1-data-segmentation/ISIC2018_Task1-2_Training_Input/ISIC_0012810.jpg,False,3872,2592,RGB,1.494,4640c1c33b25335170c9595a572b4a02,
/kaggle/input/datasets/tschandl/isic2018-challenge-task1-data-segmentation/ISIC2018_Task1-2_Training_Input/ISIC_0015144.jpg,False,6641,4420,RGB,1.502,704fb7b80fb4e75ec3f168034dbce0fb,
/kaggle/input/datasets/tschandl/isic2018-challenge-task1-data-segmentation/ISIC2018_Task1-2_Training_Input/ISIC_0000027.jpg,False,1504,1129,RGB,1.332,b666cf272ee0d90dba3733261cae8998,
/kaggle/input/datasets/tschandl/isic2018-challenge-task1-data-segmentation/ISIC2018_Task1-2_Training_Input/ISIC_0012259.jpg,False,4288,2848,RGB,1.506,62b39eaa76dae09d02422c4c5eab6747,
/kaggle/input/datasets/tschandl/isic2018-challenge-task1-data-segmentation/ISIC2018_Task1-2_Training_Input/ISIC_0014779.jpg,False,6621,4441,RGB,1.491,2920a025eae82c1f323bbca0e99b2e95,
/kaggle/input/datasets/tschandl/isic2018-challenge-task1-data-segmentation/ISIC2018_Task1-2_Training_Input/ISIC_0000159.jpg,False,965,724,RGB,1.333,39f743b0b7296aa46a5e9f7e3269d34c,
/kaggle/input/datasets/tschandl/isic2018-challenge-task1-data-segmentation/ISIC2018_Task1-2_Training_Input/ISIC_0002879.jpg,False,3024,2016,RGB,1.5,d8d8613e1206bc267d5ef97269311b24,
/kaggle/input/datasets/tschandl/isic2018-challenge-task1-data-segmentation/ISIC2018_Task1-2_Training_Input/ISIC_0010169.jpg,False,1024,768,RGB,1.333,02352bd1e003b1df0f45ce87ca577262,
/kaggle/input/datasets/tschandl/isic2018-challenge-task1-data-segmentation/ISIC2018_Task1-2_Training_Input/ISIC_0013986.jpg,False,3008,2000,RGB,1.504,0a63ec15e39a9bd6e84884c026ddb4e9,
/kaggle/input/datasets/tschandl/isic2018-challenge-task1-data-segmentation/ISIC2018_Task1-2_Training_Input/ISIC_0013048.jpg,False,3872,2592,RGB,1.494,ecbefa06e1f26a5c5c84384e6c93c5a2,
/kaggle/input/datasets/tschandl/isic2018-challenge-task1-data-segmentation/ISIC2018_Task1-2_Training_Input/ISIC_0000094.jpg,False,2048,1536,RGB,1.333,f8010f5d20dcecdfacc6cb38ab108266,
/kaggle/input/datasets/tschandl/isic2018-challenge-task1-data-segmentation/ISIC2018_Task1-2_Training_Input/ISIC_0012306.jpg,False,3008,2000,RGB,1.504,e8ed890eb041cef3f75a8dac3c13c71a,
/kaggle/input/datasets/tschandl/isic2018-challenge-task1-data-segmentation/ISIC2018_Task1-2_Training_Input/ISIC_0014773.jpg,False,6642,4420,RGB,1.503,bfb27eec8ecf7ccd20e47a982c15fc9e,
/kaggle/input/datasets/tschandl/isic2018-challenge-task1-data-segmentation/ISIC2018_Task1-2_Training_Input/ISIC_0014735.jpg,False,6648,4399,RGB,1.511,deb0487b7b297f894801e6787a2fd50b,
/kaggle/input/datasets/tschandl/isic2018-challenge-task1-data-segmentation/ISIC2018_Task1-2_Training_Input/ISIC_0014290.jpg,False,4288,2848,RGB,1.506,0f6e9a2ebb61438ff40b6b8565771e4b,
/kaggle/input/datasets/tschandl/isic2018-challenge-task1-data-segmentation/ISIC2018_Task1-2_Training_Input/ISIC_0013800.jpg,False,3008,2000,RGB,1.504,ae628b24eaf688d3d0107a4f9ec83eab,
/kaggle/input/datasets/tschandl/isic2018-challenge-task1-data-segmentation/ISIC2018_Task1-2_Training_Input/ISIC_0001191.jpg,False,4288,2848,RGB,1.506,51e351bfceabb045361ee8e7813c16cc,
/kaggle/input/datasets/tschandl/isic2018-challenge-task1-data-segmentation/ISIC2018_Task1-2_Training_Input/ISIC_0013427.jpg,False,4288,2848,RGB,1.506,bcbf2826db054575e2a3e1dc48e3bc54,
/kaggle/input/datasets/tschandl/isic2018-challenge-task1-data-segmentation/ISIC2018_Task1-2_Training_Input/ISIC_0015051.jpg,False,6601,4380,RGB,1.507,51f78452a9beff399eeddd9b17d36118,
/kaggle/input/datasets/tschandl/isic2018-challenge-task1-data-segmentation/ISIC2018_Task1-2_Training_Input/ISIC_0015936.jpg,False,2304,1536,RGB,1.5,6a0f4dc851c65571729ea7884cdfd1b9,
/kaggle/input/datasets/tschandl/isic2018-challenge-task1-data-segmentation/ISIC2018_Task1-2_Training_Input/ISIC_0009993.jpg,False,1024,768,RGB,1.333,5ed6a4dcf4e1cc87414372d5c182b205,
/kaggle/input/datasets/tschandl/isic2018-challenge-task1-data-segmentation/ISIC2018_Task1-2_Training_Input/ISIC_0014117.jpg,False,4288,2848,RGB,1.506,3ff622f09497d2232d2cc3771c714660,
/kaggle/input/datasets/tschandl/isic2018-challenge-task1-data-segmentation/ISIC2018_Task1-2_Training_Input/ISIC_0014975.jpg,False,6688,4459,RGB,1.5,1186d62d8ba9cd57583d5ae45c7e38b7,
/kaggle/input/datasets/tschandl/isic2018-challenge-task1-data-segmentation/ISIC2018_Task1-2_Training_Input/ISIC_0016027.jpg,False,4288,2848,RGB,1.506,4d4f5e5cbc4390b37960045d75bedff5,
/kaggle/input/datasets/tschandl/isic2018-challenge-task1-data-segmentation/ISIC2018_Task1-2_Training_Input/ISIC_0014667.jpg,False,6688,4459,RGB,1.5,dac9b11b37656f906c5e2cd2597da9c7,
/kaggle/input/datasets/tschandl/isic2018-challenge-task1-data-segmentation/ISIC2018_Task1-2_Training_Input/ISIC_0013737.jpg,False,4288,2848,RGB,1.506,7ca67fdfe68b605ea774073db3181e54,
/kaggle/input/datasets/tschandl/isic2018-challenge-task1-data-segmentation/ISIC2018_Task1-2_Training_Input/ISIC_0000439.jpg,False,3072,2304,RGB,1.333,2569c381a8838bd38a0af606559a8cf4,
/kaggle/input/datasets/tschandl/isic2018-challenge-task1-data-segmentation/ISIC2018_Task1-2_Training_Input/ISIC_0010011.jpg,False,1024,768,RGB,1.333,0b0c7aa22db2c10e25f4e8e183d99ef0,
/kaggle/input/datasets/tschandl/isic2018-challenge-task1-data-segmentation/ISIC2018_Task1-2_Training_Input/ISIC_0014156.jpg,False,4288,2848,RGB,1.506,668821b8be3f8bb20163cf7393ad7aa3,
/kaggle/input/datasets/tschandl/isic2018-challenge-task1-data-segmentation/ISIC2018_Task1-2_Training_Input/ISIC_0013410.jpg,False,4288,2848,RGB,1.506,69a1a2b4dcd7724b0484ea6061d755f2,
/kaggle/input/datasets/tschandl/isic2018-challenge-task1-data-segmentation/ISIC2018_Task1-2_Training_Input/ISIC_0011095.jpg,False,1024,768,RGB,1.333,e36329d6b9c3a936dec46b8406039706,
/kaggle/input/datasets/tschandl/isic2018-challenge-task1-data-segmentation/ISIC2018_Task1-2_Training_Input/ISIC_0011101.jpg,False,1024,768,RGB,1.333,c17ed6a0d91ff3a5cc0d36f089ee4c92,
/kaggle/input/datasets/tschandl/isic2018-challenge-task1-data-segmentation/ISIC2018_Task1-2_Training_Input/ISIC_0014475.jpg,False,4288,2848,RGB,1.506,562bf8c7c7a89818b7e9abeff673e5a4,
/kaggle/input/datasets/tschandl/isic2018-challenge-task1-data-segmentation/ISIC2018_Task1-2_Training_Input/ISIC_0012538.jpg,False,4288,2848,RGB,1.506,e2819c28786e7819476b14912cd44e6f,
/kaggle/input/datasets/tschandl/isic2018-challenge-task1-data-segmentation/ISIC2018_Task1-2_Training_Input/ISIC_0014763.jpg,False,6642,4421,RGB,1.502,293fbfa13a098f7b1ccfe900fca66b6c,
/kaggle/input/datasets/tschandl/isic2018-challenge-task1-data-segmentation/ISIC2018_Task1-2_Training_Input/ISIC_0013802.jpg,False,3008,2000,RGB,1.504,9a503d7222b0068899e1c26f6f8c86fa,
/kaggle/input/datasets/tschandl/isic2018-challenge-task1-data-segmentation/ISIC2018_Task1-2_Training_Input/ISIC_0009898.jpg,False,1024,768,RGB,1.333,44d3c88de3e52aaab9652c143cc349ce,
/kaggle/input/datasets/tschandl/isic2018-challenge-task1-data-segmentation/ISIC2018_Task1-2_Training_Input/ISIC_0000443.jpg,False,3072,2304,RGB,1.333,d6e96f5dc969939e0f23d22b7902d626,
/kaggle/input/datasets/tschandl/isic2018-challenge-task1-data-segmentation/ISIC2018_Task1-2_Training_Input/ISIC_0015002.jpg,False,6648,4439,RGB,1.498,7ef3ab689b75c81f8dba350687b00cb9,
/kaggle/input/datasets/tschandl/isic2018-challenge-task1-data-segmentation/ISIC2018_Task1-2_Training_Input/ISIC_0012266.jpg,False,4288,2848,RGB,1.506,0259fab725f3f9ca0ef5bda2f0268c11,
/kaggle/input/datasets/tschandl/isic2018-challenge-task1-data-segmentation/ISIC2018_Task1-2_Training_Input/ISIC_0000085.jpg,False,2048,1536,RGB,1.333,1aba7374aa2408d6a01e273493172700,
/kaggle/input/datasets/tschandl/isic2018-challenge-task1-data-segmentation/ISIC2018_Task1-2_Training_Input/ISIC_0000030.jpg,False,1503,1129,RGB,1.331,2673c7f5b7912032bd315a539f5fed19,
/kaggle/input/datasets/tschandl/isic2018-challenge-task1-data-segmentation/ISIC2018_Task1-2_Training_Input/ISIC_0001140.jpg,False,1936,1936,RGB,1.0,2b96979b4c779cd0839884fd463b70a1,
/kaggle/input/datasets/tschandl/isic2018-challenge-task1-data-segmentation/ISIC2018_Task1-2_Training_Input/ISIC_0002476.jpg,False,3024,2016,RGB,1.5,da542266ad1e3fad257f07e5efe99881,
/kaggle/input/datasets/tschandl/isic2018-challenge-task1-data-segmentation/ISIC2018_Task1-2_Training_Input/ISIC_0009975.jpg,False,1024,768,RGB,1.333,31196ece57942cddfa18b3383cfd907c,
/kaggle/input/datasets/tschandl/isic2018-challenge-task1-data-segmentation/ISIC2018_Task1-2_Training_Input/ISIC_0000059.jpg,False,1504,1129,RGB,1.332,6a29a7ce28770e8e20e5fa5eaef1fe54,
/kaggle/input/datasets/tschandl/isic2018-challenge-task1-data-segmentation/ISIC2018_Task1-2_Training_Input/ISIC_0009430.jpg,False,3024,2016,RGB,1.5,be0a51909012b1ef1d0cb9f81cfb2561,
/kaggle/input/datasets/tschandl/isic2018-challenge-task1-data-segmentation/ISIC2018_Task1-2_Training_Input/ISIC_0000351.jpg,False,767,576,RGB,1.332,33cadae88dd7c3b08c8492e434bfd8b8,
/kaggle/input/datasets/tschandl/isic2018-challenge-task1-data-segmentation/ISIC2018_Task1-2_Training_Input/ISIC_0009967.jpg,False,1024,768,RGB,1.333,a9419ce81eb46aebc7e3a397daf3a610,
/kaggle/input/datasets/tschandl/isic2018-challenge-task1-data-segmentation/ISIC2018_Task1-2_Training_Input/ISIC_0014948.jpg,False,6688,4439,RGB,1.507,6da22d9be449d6851a7ab39a27a57102,
/kaggle/input/datasets/tschandl/isic2018-challenge-task1-data-segmentation/ISIC2018_Task1-2_Training_Input/ISIC_0014480.jpg,False,4288,2848,RGB,1.506,019af710b586f47362f06232a835625c,
/kaggle/input/datasets/tschandl/isic2018-challenge-task1-data-segmentation/ISIC2018_Task1-2_Training_Input/ISIC_0008992.jpg,False,4288,2848,RGB,1.506,73fe9831605971aead1506222133ac7b,
/kaggle/input/datasets/tschandl/isic2018-challenge-task1-data-segmentation/ISIC2018_Task1-2_Training_Input/ISIC_0000009.jpg,False,1022,767,RGB,1.332,a3f4b82d8b3cf8019d44df81d81afae0,
/kaggle/input/datasets/tschandl/isic2018-challenge-task1-data-segmentation/ISIC2018_Task1-2_Training_Input/ISIC_0012369.jpg,False,4288,2848,RGB,1.506,8cc18ef5beab5870eb5f752017dd3843,
/kaggle/input/datasets/tschandl/isic2018-challenge-task1-data-segmentation/ISIC2018_Task1-2_Training_Input/ISIC_0010092.jpg,False,1024,768,RGB,1.333,cdfbe33331ad623fb4220396049ed355,
/kaggle/input/datasets/tschandl/isic2018-challenge-task1-data-segmentation/ISIC2018_Task1-2_Training_Input/ISIC_0011129.jpg,False,1024,768,RGB,1.333,4f8e6bc509a04c950de4d5b4b8364845,
/kaggle/input/datasets/tschandl/isic2018-challenge-task1-data-segmentation/ISIC2018_Task1-2_Training_Input/ISIC_0000392.jpg,False,3072,2304,RGB,1.333,12ca3b62a165f51c74c138d2c640de02,
/kaggle/input/datasets/tschandl/isic2018-challenge-task1-data-segmentation/ISIC2018_Task1-2_Training_Input/ISIC_0013274.jpg,False,4288,2848,RGB,1.506,4ea6279b986b6b5dcdbfafbf0701bc4f,
/kaggle/input/datasets/tschandl/isic2018-challenge-task1-data-segmentation/ISIC2018_Task1-2_Training_Input/ISIC_0000051.jpg,False,1504,1129,RGB,1.332,99eb9e90608b2dd90695a307f355887f,
/kaggle/input/datasets/tschandl/isic2018-challenge-task1-data-segmentation/ISIC2018_Task1-2_Training_Input/ISIC_0014925.jpg,False,6708,4439,RGB,1.511,6ba1693a2ecbf32ec071ed235c7b649d,
/kaggle/input/datasets/tschandl/isic2018-challenge-task1-data-segmentation/ISIC2018_Task1-2_Training_Input/ISIC_0000117.jpg,False,2048,1536,RGB,1.333,52eb9c4aa40a7d70f83fe258216c31df,
/kaggle/input/datasets/tschandl/isic2018-challenge-task1-data-segmentation/ISIC2018_Task1-2_Training_Input/ISIC_0000416.jpg,False,3072,2304,RGB,1.333,e1f8919e4c32e1c37c8313ef601de187,
/kaggle/input/datasets/tschandl/isic2018-challenge-task1-data-segmentation/ISIC2018_Task1-2_Training_Input/ISIC_0011173.jpg,False,1024,768,RGB,1.333,917d887f0507edd35cf8c28baae5c588,
/kaggle/input/datasets/tschandl/isic2018-challenge-task1-data-segmentation/ISIC2018_Task1-2_Training_Input/ISIC_0000264.jpg,False,1024,768,RGB,1.333,a9ab3974f0c7b28873f37bb2efa2b1f8,
/kaggle/input/datasets/tschandl/isic2018-challenge-task1-data-segmentation/ISIC2018_Task1-2_Training_Input/ISIC_0000234.jpg,False,962,676,RGB,1.423,febf881215a579fd121aa7b77237dee5,
/kaggle/input/datasets/tschandl/isic2018-challenge-task1-data-segmentation/ISIC2018_Task1-2_Training_Input/ISIC_0011360.jpg,False,1024,768,RGB,1.333,f131900d15a77f86f38caefbb57c34c1,
/kaggle/input/datasets/tschandl/isic2018-challenge-task1-data-segmentation/ISIC2018_Task1-2_Training_Input/ISIC_0014936.jpg,False,6668,4439,RGB,1.502,a248eeeb6f8e1dadbd554c49754ed939,
/kaggle/input/datasets/tschandl/isic2018-challenge-task1-data-segmentation/ISIC2018_Task1-2_Training_Input/ISIC_0014089.jpg,False,4288,2848,RGB,1.506,4c4ef4252ed067e06552edf0c02764a1,
/kaggle/input/datasets/tschandl/isic2018-challenge-task1-data-segmentation/ISIC2018_Task1-2_Training_Input/ISIC_0010073.jpg,False,1024,768,RGB,1.333,534fa21c4f522533820e738fd7bfd69e,
/kaggle/input/datasets/tschandl/isic2018-challenge-task1-data-segmentation/ISIC2018_Task1-2_Training_Input/ISIC_0011220.jpg,False,1024,768,RGB,1.333,4985af8679e01febe081ac001f530a7f,
/kaggle/input/datasets/tschandl/isic2018-challenge-task1-data-segmentation/ISIC2018_Task1-2_Training_Input/ISIC_0013675.jpg,False,4288,2848,RGB,1.506,d0998b018bf1b777942cea86cd6817eb,
/kaggle/input/datasets/tschandl/isic2018-challenge-task1-data-segmentation/ISIC2018_Task1-2_Training_Input/ISIC_0014274.jpg,False,4288,2848,RGB,1.506,d5f34ce30e60dc1c3ff7c6681e1d7712,
/kaggle/input/datasets/tschandl/isic2018-challenge-task1-data-segmentation/ISIC2018_Task1-2_Training_Input/ISIC_0014382.jpg,False,4288,2848,RGB,1.506,42415567b762fd929367387f7340d014,
/kaggle/input/datasets/tschandl/isic2018-challenge-task1-data-segmentation/ISIC2018_Task1-2_Training_Input/ISIC_0015043.jpg,False,6621,4401,RGB,1.504,8eefe5f51c94eb71e5ec74a5a21f65c2,
/kaggle/input/datasets/tschandl/isic2018-challenge-task1-data-segmentation/ISIC2018_Task1-2_Training_Input/ISIC_0000410.jpg,False,2313,1985,RGB,1.165,437312dcfdcf320878eed2ab93309467,
/kaggle/input/datasets/tschandl/isic2018-challenge-task1-data-segmentation/ISIC2018_Task1-2_Training_Input/ISIC_0002459.jpg,False,3024,2016,RGB,1.5,0295e006656319c521c239e249c9bc72,
/kaggle/input/datasets/tschandl/isic2018-challenge-task1-data-segmentation/ISIC2018_Task1-2_Training_Input/ISIC_0000258.jpg,False,1024,768,RGB,1.333,22cc16a8d386931c1dee4e02ab844a36,
/kaggle/input/datasets/tschandl/isic2018-challenge-task1-data-segmentation/ISIC2018_Task1-2_Training_Input/ISIC_0009758.jpg,False,3024,2016,RGB,1.5,3f6e3b0cfa98777111e54b9a5a8f9b77,
/kaggle/input/datasets/tschandl/isic2018-challenge-task1-data-segmentation/ISIC2018_Task1-2_Training_Input/ISIC_0013147.jpg,False,3008,2000,RGB,1.504,333a212cfeb272042cd60504ca34b31a,
/kaggle/input/datasets/tschandl/isic2018-challenge-task1-data-segmentation/ISIC2018_Task1-2_Training_Input/ISIC_0014946.jpg,False,6688,4439,RGB,1.507,12a88039cea0a1201e38eb21ae336dc0,
/kaggle/input/datasets/tschandl/isic2018-challenge-task1-data-segmentation/ISIC2018_Task1-2_Training_Input/ISIC_0012852.jpg,False,3872,2592,RGB,1.494,9108d7ead26b431b32eb59b1472cf5f9,
/kaggle/input/datasets/tschandl/isic2018-challenge-task1-data-segmentation/ISIC2018_Task1-2_Training_Input/ISIC_0002829.jpg,False,3024,2016,RGB,1.5,911edddc670dc519a632c52fca9a906e,
/kaggle/input/datasets/tschandl/isic2018-challenge-task1-data-segmentation/ISIC2018_Task1-2_Training_Input/ISIC_0014947.jpg,False,6688,4439,RGB,1.507,ac981e540bfd927cd1ec53eb60da69ff,
/kaggle/input/datasets/tschandl/isic2018-challenge-task1-data-segmentation/ISIC2018_Task1-2_Training_Input/ISIC_0008207.jpg,False,4288,2848,RGB,1.506,058886318589e1113404a3b9ee7b774e,
/kaggle/input/datasets/tschandl/isic2018-challenge-task1-data-segmentation/ISIC2018_Task1-2_Training_Input/ISIC_0013032.jpg,False,3008,2000,RGB,1.504,3ec52be99fb4814ac8aab608acba02ac,
/kaggle/input/datasets/tschandl/isic2018-challenge-task1-data-segmentation/ISIC2018_Task1-2_Training_Input/ISIC_0014433.jpg,False,4288,2848,RGB,1.506,beb4e25ca27da5c5ba6c7ca5fc8365f2,
/kaggle/input/datasets/tschandl/isic2018-challenge-task1-data-segmentation/ISIC2018_Task1-2_Training_Input/ISIC_0013815.jpg,False,4288,2848,RGB,1.506,bcf2bd284d12fa0393dbf69a7b27918f,
/kaggle/input/datasets/tschandl/isic2018-challenge-task1-data-segmentation/ISIC2018_Task1-2_Training_Input/ISIC_0012840.jpg,False,3872,2592,RGB,1.494,6e7575304f58371b93d012ab227a1e01,
/kaggle/input/datasets/tschandl/isic2018-challenge-task1-data-segmentation/ISIC2018_Task1-2_Training_Input/ISIC_0011167.jpg,False,1024,768,RGB,1.333,13106ea75a9d8e987545f537ce1e002d,
/kaggle/input/datasets/tschandl/isic2018-challenge-task1-data-segmentation/ISIC2018_Task1-2_Training_Input/ISIC_0014729.jpg,False,6648,4439,RGB,1.498,9bf726896f3bad2ca7acf894dc896fab,
/kaggle/input/datasets/tschandl/isic2018-challenge-task1-data-segmentation/ISIC2018_Task1-2_Training_Input/ISIC_0000064.jpg,False,1504,1129,RGB,1.332,249937ea55c26ed4ce789411ecef0ae0,
/kaggle/input/datasets/tschandl/isic2018-challenge-task1-data-segmentation/ISIC2018_Task1-2_Training_Input/ISIC_0009909.jpg,False,1024,768,RGB,1.333,b592870b798ebcbb2f502b304062d7ed,
/kaggle/input/datasets/tschandl/isic2018-challenge-task1-data-segmentation/ISIC2018_Task1-2_Training_Input/ISIC_0000101.jpg,False,2272,1704,RGB,1.333,88242ad5b56fe3248c0ebc1cdda1af39,
/kaggle/input/datasets/tschandl/isic2018-challenge-task1-data-segmentation/ISIC2018_Task1-2_Training_Input/ISIC_0009899.jpg,False,1024,768,RGB,1.333,00c1c509ba986945b954414906e34636,
/kaggle/input/datasets/tschandl/isic2018-challenge-task1-data-segmentation/ISIC2018_Task1-2_Training_Input/ISIC_0013948.jpg,False,3008,2000,RGB,1.504,11eb417c06ff15169c7d4c3b9905da60,
/kaggle/input/datasets/tschandl/isic2018-challenge-task1-data-segmentation/ISIC2018_Task1-2_Training_Input/ISIC_0015129.jpg,False,6662,4422,RGB,1.507,4a1dd7fb8a10335805c2ed4422dbdc4b,
/kaggle/input/datasets/tschandl/isic2018-challenge-task1-data-segmentation/ISIC2018_Task1-2_Training_Input/ISIC_0000325.jpg,False,767,576,RGB,1.332,83f27a9f23780766d8896662a62f6783,
/kaggle/input/datasets/tschandl/isic2018-challenge-task1-data-segmentation/ISIC2018_Task1-2_Training_Input/ISIC_0013594.jpg,False,3008,2000,RGB,1.504,f4b2935c08c9da61d49f79efb191c269,
/kaggle/input/datasets/tschandl/isic2018-challenge-task1-data-segmentation/ISIC2018_Task1-2_Training_Input/ISIC_0013966.jpg,False,3008,2000,RGB,1.504,f56277c578802e5bbdf2d1daff68b7e0,
/kaggle/input/datasets/tschandl/isic2018-challenge-task1-data-segmentation/ISIC2018_Task1-2_Training_Input/ISIC_0000433.jpg,False,3072,2304,RGB,1.333,9045150b20989ef17721db12b708fe5d,
/kaggle/input/datasets/tschandl/isic2018-challenge-task1-data-segmentation/ISIC2018_Task1-2_Training_Input/ISIC_0014044.jpg,False,4288,2848,RGB,1.506,d5af4a4acaed46e9b89c90419218b203,
/kaggle/input/datasets/tschandl/isic2018-challenge-task1-data-segmentation/ISIC2018_Task1-2_Training_Input/ISIC_0013165.jpg,False,3872,2592,RGB,1.494,bd67b6700883f72a410179edc9c850d1,
/kaggle/input/datasets/tschandl/isic2018-challenge-task1-data-segmentation/ISIC2018_Task1-2_Training_Input/ISIC_0012739.jpg,False,3008,2000,RGB,1.504,3684c53fed321c53f860d528e16ca13e,
/kaggle/input/datasets/tschandl/isic2018-challenge-task1-data-segmentation/ISIC2018_Task1-2_Training_Input/ISIC_0014217.jpg,False,4288,2848,RGB,1.506,bd4ff33075f5dc34c74b80b16f944234,
/kaggle/input/datasets/tschandl/isic2018-challenge-task1-data-segmentation/ISIC2018_Task1-2_Training_Input/ISIC_0010228.jpg,False,1024,768,RGB,1.333,7dca7fab70e6fbdec1d0e9de67a153f5,
/kaggle/input/datasets/tschandl/isic2018-challenge-task1-data-segmentation/ISIC2018_Task1-2_Training_Input/ISIC_0012204.jpg,False,3008,2000,RGB,1.504,1cc4fef30a1158d01e1ccce1522bd26c,
/kaggle/input/datasets/tschandl/isic2018-challenge-task1-data-segmentation/ISIC2018_Task1-2_Training_Input/ISIC_0015005.jpg,False,6647,4439,RGB,1.497,236de00872aa0cf9719b862559e9a07a,
/kaggle/input/datasets/tschandl/isic2018-challenge-task1-data-segmentation/ISIC2018_Task1-2_Training_Input/ISIC_0010023.jpg,False,1024,768,RGB,1.333,e43c917b37fb73ab9d2124219781b241,
/kaggle/input/datasets/tschandl/isic2018-challenge-task1-data-segmentation/ISIC2018_Task1-2_Training_Input/ISIC_0000122.jpg,False,2048,1536,RGB,1.333,08ecd232e5e9b51a43f5ca73f79e7f55,
/kaggle/input/datasets/tschandl/isic2018-challenge-task1-data-segmentation/ISIC2018_Task1-2_Training_Input/ISIC_0013738.jpg,False,4288,2848,RGB,1.506,edf2a3cdd0f86eca95d44ef8551b39a9,
/kaggle/input/datasets/tschandl/isic2018-challenge-task1-data-segmentation/ISIC2018_Task1-2_Training_Input/ISIC_0000046.jpg,False,1504,1129,RGB,1.332,7366f6f3f0a89056600a3fb4e3105ab3,
/kaggle/input/datasets/tschandl/isic2018-challenge-task1-data-segmentation/ISIC2018_Task1-2_Training_Input/ISIC_0013719.jpg,False,3008,2000,RGB,1.504,62ab651ae8310a02166d2c5164cfa211,
/kaggle/input/datasets/tschandl/isic2018-challenge-task1-data-segmentation/ISIC2018_Task1-2_Training_Input/ISIC_0000138.jpg,False,2048,1536,RGB,1.333,40f42b621b1ab30daabf78beb624ab92,
/kaggle/input/datasets/tschandl/isic2018-challenge-task1-data-segmentation/ISIC2018_Task1-2_Training_Input/ISIC_0000225.jpg,False,957,723,RGB,1.324,211168546e57b3e7a64147493a756904,
/kaggle/input/datasets/tschandl/isic2018-challenge-task1-data-segmentation/ISIC2018_Task1-2_Training_Input/ISIC_0012988.jpg,False,3008,2000,RGB,1.504,0aff8ee582fd663385497c7b6465e058,
/kaggle/input/datasets/tschandl/isic2018-challenge-task1-data-segmentation/ISIC2018_Task1-2_Training_Input/ISIC_0000056.jpg,False,1504,1129,RGB,1.332,7e3730bd95b512886fa2464abdc244da,
/kaggle/input/datasets/tschandl/isic2018-challenge-task1-data-segmentation/ISIC2018_Task1-2_Training_Input/ISIC_0013796.jpg,False,3008,2000,RGB,1.504,1aee517640d21f2055f237f31a3fc9e6,
/kaggle/input/datasets/tschandl/isic2018-challenge-task1-data-segmentation/ISIC2018_Task1-2_Training_Input/ISIC_0003346.jpg,False,4288,2848,RGB,1.506,fcf83c4449dca4885d1b556895984ee6,
/kaggle/input/datasets/tschandl/isic2018-challenge-task1-data-segmentation/ISIC2018_Task1-2_Training_Input/ISIC_0000073.jpg,False,1022,767,RGB,1.332,5109b46d9f49257694c4610b398dfa82,
/kaggle/input/datasets/tschandl/isic2018-challenge-task1-data-segmentation/ISIC2018_Task1-2_Training_Input/ISIC_0014077.jpg,False,4288,2848,RGB,1.506,9f162fe46ede48ec94b46b041482052b,
/kaggle/input/datasets/tschandl/isic2018-challenge-task1-data-segmentation/ISIC2018_Task1-2_Training_Input/ISIC_0013995.jpg,False,4288,2848,RGB,1.506,14d98f1d3ad9f3be60909d1af6c4f5ed,
/kaggle/input/datasets/tschandl/isic2018-challenge-task1-data-segmentation/ISIC2018_Task1-2_Training_Input/ISIC_0014632.jpg,False,2592,1936,RGB,1.339,cfc239d6ccc9fc3d93dce4de6ee7df2c,
/kaggle/input/datasets/tschandl/isic2018-challenge-task1-data-segmentation/ISIC2018_Task1-2_Training_Input/ISIC_0014998.jpg,False,6628,4399,RGB,1.507,540feb5602f3d19e092181fbe00a82b8,
/kaggle/input/datasets/tschandl/isic2018-challenge-task1-data-segmentation/ISIC2018_Task1-2_Training_Input/ISIC_0014574.jpg,False,2592,1936,RGB,1.339,2542ad0df53b981c638cf43a3e5ff504,
/kaggle/input/datasets/tschandl/isic2018-challenge-task1-data-segmentation/ISIC2018_Task1-2_Training_Input/ISIC_0012836.jpg,False,3008,2000,RGB,1.504,5c9a4597ab4c7db9c1e5bd850e680143,
/kaggle/input/datasets/tschandl/isic2018-challenge-task1-data-segmentation/ISIC2018_Task1-2_Training_Input/ISIC_0000204.jpg,False,1456,1018,RGB,1.43,1fa8c3b7f43bca4273d576fc4bdf8d0a,
/kaggle/input/datasets/tschandl/isic2018-challenge-task1-data-segmentation/ISIC2018_Task1-2_Training_Input/ISIC_0000151.jpg,False,2048,1536,RGB,1.333,1551e0f24c5fc879dc6ec153fcd8d957,
/kaggle/input/datasets/tschandl/isic2018-challenge-task1-data-segmentation/ISIC2018_Task1-2_Training_Input/ISIC_0010349.jpg,False,1024,768,RGB,1.333,b1c2f6b010f5efd73c4eb46d2a22651b,
/kaggle/input/datasets/tschandl/isic2018-challenge-task1-data-segmentation/ISIC2018_Task1-2_Training_Input/ISIC_0010077.jpg,False,1024,768,RGB,1.333,1a141604e9495b9b52f0fbcfca8ebafa,
/kaggle/input/datasets/tschandl/isic2018-challenge-task1-data-segmentation/ISIC2018_Task1-2_Training_Input/ISIC_0000146.jpg,False,2048,1536,RGB,1.333,3a5d5ee84215877b2d2d801faa05b236,
/kaggle/input/datasets/tschandl/isic2018-challenge-task1-data-segmentation/ISIC2018_Task1-2_Training_Input/ISIC_0000088.jpg,False,2048,1536,RGB,1.333,54fad18fad3c2626ddfde6597e712b14,
/kaggle/input/datasets/tschandl/isic2018-challenge-task1-data-segmentation/ISIC2018_Task1-2_Training_Input/ISIC_0013235.jpg,False,3008,2000,RGB,1.504,f06f1450140b463474de5a76ef8b1cda,
/kaggle/input/datasets/tschandl/isic2018-challenge-task1-data-segmentation/ISIC2018_Task1-2_Training_Input/ISIC_0014930.jpg,False,6728,4459,RGB,1.509,f344a2658fb3cb37833dccbbaf60297c,
/kaggle/input/datasets/tschandl/isic2018-challenge-task1-data-segmentation/ISIC2018_Task1-2_Training_Input/ISIC_0010021.jpg,False,1024,768,RGB,1.333,7a27777dedc14524186be3bd986bf0e2,
/kaggle/input/datasets/tschandl/isic2018-challenge-task1-data-segmentation/ISIC2018_Task1-2_Training_Input/ISIC_0003005.jpg,False,3024,2016,RGB,1.5,755c4cb700c31ccdb78619109952c8b9,
/kaggle/input/datasets/tschandl/isic2018-challenge-task1-data-segmentation/ISIC2018_Task1-2_Training_Input/ISIC_0011083.jpg,False,1024,768,RGB,1.333,d277380ffe53912b81a4bc25b3cc7c85,
/kaggle/input/datasets/tschandl/isic2018-challenge-task1-data-segmentation/ISIC2018_Task1-2_Training_Input/ISIC_0014099.jpg,False,4288,2848,RGB,1.506,c20aa6e3134cdf827651bad860806d58,
/kaggle/input/datasets/tschandl/isic2018-challenge-task1-data-segmentation/ISIC2018_Task1-2_Training_Input/ISIC_0010590.jpg,False,1024,768,RGB,1.333,5353e8927877418cf30c7a7b96670639,
/kaggle/input/datasets/tschandl/isic2018-challenge-task1-data-segmentation/ISIC2018_Task1-2_Training_Input/ISIC_0015064.jpg,False,6601,4380,RGB,1.507,4f5716f49dc9d277ce64568c8bce4626,
/kaggle/input/datasets/tschandl/isic2018-challenge-task1-data-segmentation/ISIC2018_Task1-2_Training_Input/ISIC_0000184.jpg,False,1057,707,RGB,1.495,f28967bd962e86ca856cd51bb3b9c78c,
/kaggle/input/datasets/tschandl/isic2018-challenge-task1-data-segmentation/ISIC2018_Task1-2_Training_Input/ISIC_0000279.jpg,False,1024,768,RGB,1.333,574484f59fd5700addc536737eff09d4,
/kaggle/input/datasets/tschandl/isic2018-challenge-task1-data-segmentation/ISIC2018_Task1-2_Training_Input/ISIC_0012521.jpg,False,4288,2848,RGB,1.506,1e5d16ce8e62b9f54b03b7c15ff5abde,
/kaggle/input/datasets/tschandl/isic2018-challenge-task1-data-segmentation/ISIC2018_Task1-2_Training_Input/ISIC_0000543.jpg,False,853,680,RGB,1.254,55dbcd2234c1721a148ba7c7455cb787,
/kaggle/input/datasets/tschandl/isic2018-challenge-task1-data-segmentation/ISIC2018_Task1-2_Training_Input/ISIC_0014136.jpg,False,4288,2848,RGB,1.506,d95e05f40c3a51cf59f686c0c5d54ec5,
/kaggle/input/datasets/tschandl/isic2018-challenge-task1-data-segmentation/ISIC2018_Task1-2_Training_Input/ISIC_0010240.jpg,False,1024,768,RGB,1.333,a638df86e1e9e53b59f17e829d632c7e,
/kaggle/input/datasets/tschandl/isic2018-challenge-task1-data-segmentation/ISIC2018_Task1-2_Training_Input/ISIC_0012670.jpg,False,3008,2000,RGB,1.504,d0577231e89ff7e8673399bd6ab1da23,
/kaggle/input/datasets/tschandl/isic2018-challenge-task1-data-segmentation/ISIC2018_Task1-2_Training_Input/ISIC_0014441.jpg,False,4288,2848,RGB,1.506,4123e47df1e04d67972b9583dcefb0bd,
/kaggle/input/datasets/tschandl/isic2018-challenge-task1-data-segmentation/ISIC2018_Task1-2_Training_Input/ISIC_0013987.jpg,False,3008,2000,RGB,1.504,49582f687615fec33c774c89443ac2f9,
/kaggle/input/datasets/tschandl/isic2018-challenge-task1-data-segmentation/ISIC2018_Task1-2_Training_Input/ISIC_0000107.jpg,False,2048,1536,RGB,1.333,7d9150fb4f26415397fe47ce211dfdfe,
/kaggle/input/datasets/tschandl/isic2018-challenge-task1-data-segmentation/ISIC2018_Task1-2_Training_Input/ISIC_0014181.jpg,False,4288,2848,RGB,1.506,d19feef962a1bf76a0e0e59d9194f253,
/kaggle/input/datasets/tschandl/isic2018-challenge-task1-data-segmentation/ISIC2018_Task1-2_Training_Input/ISIC_0010094.jpg,False,1024,768,RGB,1.333,63efd29dd7c5ca3168367f5523cd2631,
/kaggle/input/datasets/tschandl/isic2018-challenge-task1-data-segmentation/ISIC2018_Task1-2_Training_Input/ISIC_0009992.jpg,False,1024,768,RGB,1.333,93cdaac31a8c7a6c2557488f2d3b54b4,
/kaggle/input/datasets/tschandl/isic2018-challenge-task1-data-segmentation/ISIC2018_Task1-2_Training_Input/ISIC_0015982.jpg,False,3008,2000,RGB,1.504,ed09e4aac811fe4437999c8fa4af56dd,
/kaggle/input/datasets/tschandl/isic2018-challenge-task1-data-segmentation/ISIC2018_Task1-2_Training_Input/ISIC_0014525.jpg,False,4288,2848,RGB,1.506,1af33eba99de8f7ec997270674b7744c,
/kaggle/input/datasets/tschandl/isic2018-challenge-task1-data-segmentation/ISIC2018_Task1-2_Training_Input/ISIC_0014702.jpg,False,6641,4400,RGB,1.509,d623190db5104ad867f64cc49dbe406b,
/kaggle/input/datasets/tschandl/isic2018-challenge-task1-data-segmentation/ISIC2018_Task1-2_Training_Input/ISIC_0000112.jpg,False,2048,1536,RGB,1.333,f7e8663baa2292e1cbfa5b079ef2506c,
/kaggle/input/datasets/tschandl/isic2018-challenge-task1-data-segmentation/ISIC2018_Task1-2_Training_Input/ISIC_0000531.jpg,False,919,802,RGB,1.146,45d9b665dba39f91f1692c227f403ca9,
/kaggle/input/datasets/tschandl/isic2018-challenge-task1-data-segmentation/ISIC2018_Task1-2_Training_Input/ISIC_0000080.jpg,False,2592,1944,RGB,1.333,171265424b46cf5a394744e89c124287,
/kaggle/input/datasets/tschandl/isic2018-challenge-task1-data-segmentation/ISIC2018_Task1-2_Training_Input/ISIC_0006711.jpg,False,4288,2848,RGB,1.506,46be73905ffe5afaecef5c802b0c3f41,
/kaggle/input/datasets/tschandl/isic2018-challenge-task1-data-segmentation/ISIC2018_Task1-2_Training_Input/ISIC_0014393.jpg,False,4288,2848,RGB,1.506,c61bce4a0123874c42ddc8c6eabd2677,
/kaggle/input/datasets/tschandl/isic2018-challenge-task1-data-segmentation/ISIC2018_Task1-2_Training_Input/ISIC_0015291.jpg,False,6688,4459,RGB,1.5,8e1b7db27941fc35c171e822538c00fd,
/kaggle/input/datasets/tschandl/isic2018-challenge-task1-data-segmentation/ISIC2018_Task1-2_Training_Input/ISIC_0012250.jpg,False,3008,2000,RGB,1.504,4116459fffe71af014c8b05e866200e3,
/kaggle/input/datasets/tschandl/isic2018-challenge-task1-data-segmentation/ISIC2018_Task1-2_Training_Input/ISIC_0010435.jpg,False,1024,768,RGB,1.333,a0118925d1d0ae3f2f054dcd2e9af0df,
/kaggle/input/datasets/tschandl/isic2018-challenge-task1-data-segmentation/ISIC2018_Task1-2_Training_Input/ISIC_0012512.jpg,False,4288,2848,RGB,1.506,46e98869fe3b741796e04f690664fad1,
/kaggle/input/datasets/tschandl/isic2018-challenge-task1-data-segmentation/ISIC2018_Task1-2_Training_Input/ISIC_0015274.jpg,False,6668,4459,RGB,1.495,a1fd57b3dba284868f96a2421a97d667,
/kaggle/input/datasets/tschandl/isic2018-challenge-task1-data-segmentation/ISIC2018_Task1-2_Training_Input/ISIC_0015206.jpg,False,6580,4401,RGB,1.495,125572acee4821ad8fd540bc16107047,
/kaggle/input/datasets/tschandl/isic2018-challenge-task1-data-segmentation/ISIC2018_Task1-2_Training_Input/ISIC_0015127.jpg,False,6682,4401,RGB,1.518,01110a3c2bc71c3141885df87edceefa,
/kaggle/input/datasets/tschandl/isic2018-challenge-task1-data-segmentation/ISIC2018_Task1-2_Training_Input/ISIC_0013922.jpg,False,4288,2848,RGB,1.506,4c8a5d425d1980d9cac24a12345f2bd1,
/kaggle/input/datasets/tschandl/isic2018-challenge-task1-data-segmentation/ISIC2018_Task1-2_Training_Input/ISIC_0010025.jpg,False,1024,768,RGB,1.333,e2107f8b46077caaae5763cb0ede3230,
/kaggle/input/datasets/tschandl/isic2018-challenge-task1-data-segmentation/ISIC2018_Task1-2_Training_Input/ISIC_0015157.jpg,False,6602,4361,RGB,1.514,9f707f326b23d820b138cb16d22791e2,
/kaggle/input/datasets/tschandl/isic2018-challenge-task1-data-segmentation/ISIC2018_Task1-2_Training_Input/ISIC_0010597.jpg,False,1024,768,RGB,1.333,988fc0989ea7451d9ed5652a0ee98c5e,
/kaggle/input/datasets/tschandl/isic2018-challenge-task1-data-segmentation/ISIC2018_Task1-2_Training_Input/ISIC_0000480.jpg,False,919,802,RGB,1.146,ed073e22fdb21c89f8f977592802727b,
/kaggle/input/datasets/tschandl/isic2018-challenge-task1-data-segmentation/ISIC2018_Task1-2_Training_Input/ISIC_0000261.jpg,False,1024,768,RGB,1.333,9a0204495eef5a3b5d29a21068e08956,
/kaggle/input/datasets/tschandl/isic2018-challenge-task1-data-segmentation/ISIC2018_Task1-2_Training_Input/ISIC_0015184.jpg,False,6607,4399,RGB,1.502,781a6fa53a5f89ce5689acbe150f738f,
/kaggle/input/datasets/tschandl/isic2018-challenge-task1-data-segmentation/ISIC2018_Task1-2_Training_Input/ISIC_0000310.jpg,False,767,576,RGB,1.332,40ee17be1b2c9fba0a65c6809b27a14d,
/kaggle/input/datasets/tschandl/isic2018-challenge-task1-data-segmentation/ISIC2018_Task1-2_Training_Input/ISIC_0012518.jpg,False,4288,2848,RGB,1.506,92883beaa144e050405d0a815b9e2378,
/kaggle/input/datasets/tschandl/isic2018-challenge-task1-data-segmentation/ISIC2018_Task1-2_Training_Input/ISIC_0014132.jpg,False,4288,2848,RGB,1.506,7b5ccc433f1f9f6f2e5bbc7f018ab25c,
/kaggle/input/datasets/tschandl/isic2018-challenge-task1-data-segmentation/ISIC2018_Task1-2_Training_Input/ISIC_0014316.jpg,False,4288,2848,RGB,1.506,c97f2cf756efa5fbe79d0b8ab5ba2e94,
/kaggle/input/datasets/tschandl/isic2018-challenge-task1-data-segmentation/ISIC2018_Task1-2_Training_Input/ISIC_0000129.jpg,False,2048,1536,RGB,1.333,f11537e937d3768bca786fac4d8ac446,
/kaggle/input/datasets/tschandl/isic2018-challenge-task1-data-segmentation/ISIC2018_Task1-2_Training_Input/ISIC_0000534.jpg,False,824,719,RGB,1.146,b0919c524ec27a300ea472b18b0f44c3,
/kaggle/input/datasets/tschandl/isic2018-challenge-task1-data-segmentation/ISIC2018_Task1-2_Training_Input/ISIC_0009914.jpg,False,1024,768,RGB,1.333,e2afc9d256080b6f324c622ae0ac82a4,
/kaggle/input/datasets/tschandl/isic2018-challenge-task1-data-segmentation/ISIC2018_Task1-2_Training_Input/ISIC_0000281.jpg,False,1024,768,RGB,1.333,16b3f34c68dda31e63f5c5837bf3c146,
/kaggle/input/datasets/tschandl/isic2018-challenge-task1-data-segmentation/ISIC2018_Task1-2_Training_Input/ISIC_0016028.jpg,False,3872,2592,RGB,1.494,f0c9745593f203e76577b13076d74945,
/kaggle/input/datasets/tschandl/isic2018-challenge-task1-data-segmentation/ISIC2018_Task1-2_Training_Input/ISIC_0013217.jpg,False,3872,2592,RGB,1.494,3a5c90754dcfde263c901fecd9cb2792,
/kaggle/input/datasets/tschandl/isic2018-challenge-task1-data-segmentation/ISIC2018_Task1-2_Training_Input/ISIC_0016069.jpg,False,4288,2848,RGB,1.506,d95b658e98aada27308fc693726b8628,
/kaggle/input/datasets/tschandl/isic2018-challenge-task1-data-segmentation/ISIC2018_Task1-2_Training_Input/ISIC_0000103.jpg,False,2048,1536,RGB,1.333,ba54e55dc01a3e098e864c92d50a6bbd,
/kaggle/input/datasets/tschandl/isic2018-challenge-task1-data-segmentation/ISIC2018_Task1-2_Training_Input/ISIC_0016041.jpg,False,3008,2000,RGB,1.504,c21ae0f2672a2baf8c1da6187b728888,
/kaggle/input/datasets/tschandl/isic2018-challenge-task1-data-segmentation/ISIC2018_Task1-2_Training_Input/ISIC_0000037.jpg,False,1504,1129,RGB,1.332,8b24a40ab22b81b59aad0d5f1235fc6e,
/kaggle/input/datasets/tschandl/isic2018-challenge-task1-data-segmentation/ISIC2018_Task1-2_Training_Input/ISIC_0014958.jpg,False,6688,4459,RGB,1.5,bebe911740c0da8d9199a63e21022096,
/kaggle/input/datasets/tschandl/isic2018-challenge-task1-data-segmentation/ISIC2018_Task1-2_Training_Input/ISIC_0014891.jpg,False,6668,4439,RGB,1.502,02e6baf484b3592966f5a19034d2ed82,
/kaggle/input/datasets/tschandl/isic2018-challenge-task1-data-segmentation/ISIC2018_Task1-2_Training_Input/ISIC_0015203.jpg,False,6642,4422,RGB,1.502,050bbefa9c5896fa910c93ae010c16ee,
/kaggle/input/datasets/tschandl/isic2018-challenge-task1-data-segmentation/ISIC2018_Task1-2_Training_Input/ISIC_0000545.jpg,False,824,719,RGB,1.146,737d3628a9dec6cac0f3e85d0869cc56,
/kaggle/input/datasets/tschandl/isic2018-challenge-task1-data-segmentation/ISIC2018_Task1-2_Training_Input/ISIC_0012976.jpg,False,3872,2592,RGB,1.494,ea6c16e2f33911bd24d275ccb13181ee,
/kaggle/input/datasets/tschandl/isic2018-challenge-task1-data-segmentation/ISIC2018_Task1-2_Training_Input/ISIC_0013794.jpg,False,3008,2000,RGB,1.504,499484a55d4c8f8f99d82b3ebeed6459,
/kaggle/input/datasets/tschandl/isic2018-challenge-task1-data-segmentation/ISIC2018_Task1-2_Training_Input/ISIC_0009965.jpg,False,1024,768,RGB,1.333,4274d7b9397e84b26ac09db902ed6bda,
/kaggle/input/datasets/tschandl/isic2018-challenge-task1-data-segmentation/ISIC2018_Task1-2_Training_Input/ISIC_0014617.jpg,False,2592,1936,RGB,1.339,a47c60501f27f6d433fa31cbd6c69ba8,
/kaggle/input/datasets/tschandl/isic2018-challenge-task1-data-segmentation/ISIC2018_Task1-2_Training_Input/ISIC_0014955.jpg,False,6688,4439,RGB,1.507,56e7ef9f09f337ae3ea2209df53845b8,
/kaggle/input/datasets/tschandl/isic2018-challenge-task1-data-segmentation/ISIC2018_Task1-2_Training_Input/ISIC_0000000.jpg,False,1022,767,RGB,1.332,6c96feb5cd287278233878ba356755e9,
/kaggle/input/datasets/tschandl/isic2018-challenge-task1-data-segmentation/ISIC2018_Task1-2_Training_Input/ISIC_0014090.jpg,False,4288,2848,RGB,1.506,db695da8c97d6c8c00c5ed38ecfd700b,
/kaggle/input/datasets/tschandl/isic2018-challenge-task1-data-segmentation/ISIC2018_Task1-2_Training_Input/ISIC_0000555.jpg,False,833,680,RGB,1.225,f5da11f67e1953ec24225e90d7ebf28d,
/kaggle/input/datasets/tschandl/isic2018-challenge-task1-data-segmentation/ISIC2018_Task1-2_Training_Input/ISIC_0011228.jpg,False,1024,768,RGB,1.333,9ad5528b9980c15f09b1290a0ea277bd,
/kaggle/input/datasets/tschandl/isic2018-challenge-task1-data-segmentation/ISIC2018_Task1-2_Training_Input/ISIC_0011297.jpg,False,1024,768,RGB,1.333,d0f5a355f2cadb3ba2324f8e706f2221,
/kaggle/input/datasets/tschandl/isic2018-challenge-task1-data-segmentation/ISIC2018_Task1-2_Training_Input/ISIC_0014511.jpg,False,4288,2848,RGB,1.506,b0cee8d1b23255bc906c2eeefdb22172,
/kaggle/input/datasets/tschandl/isic2018-challenge-task1-data-segmentation/ISIC2018_Task1-2_Training_Input/ISIC_0000091.jpg,False,2048,1536,RGB,1.333,d0c24fd17476044e9b614fe557ae8841,
/kaggle/input/datasets/tschandl/isic2018-challenge-task1-data-segmentation/ISIC2018_Task1-2_Training_Input/ISIC_0013012.jpg,False,3008,2000,RGB,1.504,966a8241ba2e332ebee9f568cb9c4662,
/kaggle/input/datasets/tschandl/isic2018-challenge-task1-data-segmentation/ISIC2018_Task1-2_Training_Input/ISIC_0014675.jpg,False,6708,4439,RGB,1.511,1439c8ba6a132b63a1b373f4d80a98c7,
/kaggle/input/datasets/tschandl/isic2018-challenge-task1-data-segmentation/ISIC2018_Task1-2_Training_Input/ISIC_0009918.jpg,False,1024,768,RGB,1.333,7737dbe01d82cfd13d8fa4784885b089,
/kaggle/input/datasets/tschandl/isic2018-challenge-task1-data-segmentation/ISIC2018_Task1-2_Training_Input/ISIC_0013242.jpg,False,3872,2592,RGB,1.494,a5d6d505458f3b1d4761223a10af83af,
/kaggle/input/datasets/tschandl/isic2018-challenge-task1-data-segmentation/ISIC2018_Task1-2_Training_Input/ISIC_0014867.jpg,False,6668,4459,RGB,1.495,2a62ffb6d637f6e54ebbfe5cc430d30c,
/kaggle/input/datasets/tschandl/isic2018-challenge-task1-data-segmentation/ISIC2018_Task1-2_Training_Input/ISIC_0011124.jpg,False,1024,768,RGB,1.333,9a4f9333f5f0c2c7e6b3ee4a430d8ba0,
/kaggle/input/datasets/tschandl/isic2018-challenge-task1-data-segmentation/ISIC2018_Task1-2_Training_Input/ISIC_0012945.jpg,False,3008,2000,RGB,1.504,1152c9efe75b8a6db9d4f553e130c8f8,
/kaggle/input/datasets/tschandl/isic2018-challenge-task1-data-segmentation/ISIC2018_Task1-2_Training_Input/ISIC_0010041.jpg,False,1024,768,RGB,1.333,9d9ebdb1b61513f301afffb75dc2486f,
/kaggle/input/datasets/tschandl/isic2018-challenge-task1-data-segmentation/ISIC2018_Task1-2_Training_Input/ISIC_0014069.jpg,False,4288,2848,RGB,1.506,93c9b966f501dc9d3d32901f4a81a301,
/kaggle/input/datasets/tschandl/isic2018-challenge-task1-data-segmentation/ISIC2018_Task1-2_Training_Input/ISIC_0013459.jpg,False,4288,2848,RGB,1.506,4ae93aeda448c946e9d85064de7eee82,
/kaggle/input/datasets/tschandl/isic2018-challenge-task1-data-segmentation/ISIC2018_Task1-2_Training_Input/ISIC_0014037.jpg,False,4288,2848,RGB,1.506,6da6aec6875855319717c54e87b1b184,
/kaggle/input/datasets/tschandl/isic2018-challenge-task1-data-segmentation/ISIC2018_Task1-2_Training_Input/ISIC_0014470.jpg,False,4288,2848,RGB,1.506,34f5f8ae99c36a5fd2ec6abda8d9aa18,
/kaggle/input/datasets/tschandl/isic2018-challenge-task1-data-segmentation/ISIC2018_Task1-2_Training_Input/ISIC_0001148.jpg,False,3072,2304,RGB,1.333,9c7e643262f32090a5edf267baaf09df,
/kaggle/input/datasets/tschandl/isic2018-challenge-task1-data-segmentation/ISIC2018_Task1-2_Training_Input/ISIC_0002287.jpg,False,3024,2016,RGB,1.5,9df8e79bae22bf1b2d38967824ea862e,
/kaggle/input/datasets/tschandl/isic2018-challenge-task1-data-segmentation/ISIC2018_Task1-2_Training_Input/ISIC_0010184.jpg,False,1024,768,RGB,1.333,44f4f52d7f32642bdc1bfe72ed1f5d71,
/kaggle/input/datasets/tschandl/isic2018-challenge-task1-data-segmentation/ISIC2018_Task1-2_Training_Input/ISIC_0000496.jpg,False,1019,717,RGB,1.421,68f444e1c8811d6a844f02c4f10b50df,
/kaggle/input/datasets/tschandl/isic2018-challenge-task1-data-segmentation/ISIC2018_Task1-2_Training_Input/ISIC_0000474.jpg,False,919,802,RGB,1.146,730e07995cc28c85fac527f73ada0e72,
/kaggle/input/datasets/tschandl/isic2018-challenge-task1-data-segmentation/ISIC2018_Task1-2_Training_Input/ISIC_0014688.jpg,False,6648,4398,RGB,1.512,869a96a28f016a4fdda9396121baad4c,
/kaggle/input/datasets/tschandl/isic2018-challenge-task1-data-segmentation/ISIC2018_Task1-2_Training_Input/ISIC_0014787.jpg,False,6641,4421,RGB,1.502,33f6c8becdbfbb7a9fa0fa2cefd04c7f,
/kaggle/input/datasets/tschandl/isic2018-challenge-task1-data-segmentation/ISIC2018_Task1-2_Training_Input/ISIC_0000115.jpg,False,2048,1536,RGB,1.333,d481ae8c24de6dc3a3c66b4422a3b233,
/kaggle/input/datasets/tschandl/isic2018-challenge-task1-data-segmentation/ISIC2018_Task1-2_Training_Input/ISIC_0013378.jpg,False,4288,2848,RGB,1.506,87cc28788e60e33db5494aefe8afe964,
/kaggle/input/datasets/tschandl/isic2018-challenge-task1-data-segmentation/ISIC2018_Task1-2_Training_Input/ISIC_0014238.jpg,False,4288,2848,RGB,1.506,6e356398dfe20f0df9f1a5d8c75fe941,
/kaggle/input/datasets/tschandl/isic2018-challenge-task1-data-segmentation/ISIC2018_Task1-2_Training_Input/ISIC_0015641.jpg,False,6641,4400,RGB,1.509,eb7267df0584a6b947e0a321255be273,
/kaggle/input/datasets/tschandl/isic2018-challenge-task1-data-segmentation/ISIC2018_Task1-2_Training_Input/ISIC_0009933.jpg,False,1024,768,RGB,1.333,e26f4f14ef8ccb1fa12393f0033bde95,
/kaggle/input/datasets/tschandl/isic2018-challenge-task1-data-segmentation/ISIC2018_Task1-2_Training_Input/ISIC_0010074.jpg,False,1024,768,RGB,1.333,f29294647601ecdb16abebfce5a3d968,
/kaggle/input/datasets/tschandl/isic2018-challenge-task1-data-segmentation/ISIC2018_Task1-2_Training_Input/ISIC_0010189.jpg,False,1024,768,RGB,1.333,e510090e974ec024ed10dbe23f467855,
/kaggle/input/datasets/tschandl/isic2018-challenge-task1-data-segmentation/ISIC2018_Task1-2_Training_Input/ISIC_0013997.jpg,False,4288,2848,RGB,1.506,dde9274d0bbe441d454a30f85c66c611,
/kaggle/input/datasets/tschandl/isic2018-challenge-task1-data-segmentation/ISIC2018_Task1-2_Training_Input/ISIC_0012268.jpg,False,4288,2848,RGB,1.506,8963e6afb9c04b93b2685cc176dd9fcd,
/kaggle/input/datasets/tschandl/isic2018-challenge-task1-data-segmentation/ISIC2018_Task1-2_Training_Input/ISIC_0000066.jpg,False,962,722,RGB,1.332,2266477b06e320dafe9ef0035d0822af,
/kaggle/input/datasets/tschandl/isic2018-challenge-task1-data-segmentation/ISIC2018_Task1-2_Training_Input/ISIC_0012450.jpg,False,4288,2848,RGB,1.506,b04a535b2d18eef56d551b1fe4dabe70,
/kaggle/input/datasets/tschandl/isic2018-challenge-task1-data-segmentation/ISIC2018_Task1-2_Training_Input/ISIC_0010234.jpg,False,1024,768,RGB,1.333,60934c351b6ca2de6c772a4ad6bc2bd2,
/kaggle/input/datasets/tschandl/isic2018-challenge-task1-data-segmentation/ISIC2018_Task1-2_Training_Input/ISIC_0015219.jpg,False,6640,4441,RGB,1.495,41001719ed533fd3e9d9d8858fd6dbc7,
/kaggle/input/datasets/tschandl/isic2018-challenge-task1-data-segmentation/ISIC2018_Task1-2_Training_Input/ISIC_0000197.jpg,False,1502,1051,RGB,1.429,0de1c75a97d74498470e654e2b142e55,
/kaggle/input/datasets/tschandl/isic2018-challenge-task1-data-segmentation/ISIC2018_Task1-2_Training_Input/ISIC_0012323.jpg,False,3008,2000,RGB,1.504,09035053de99e746da478d926f230e0a,
/kaggle/input/datasets/tschandl/isic2018-challenge-task1-data-segmentation/ISIC2018_Task1-2_Training_Input/ISIC_0000247.jpg,False,1024,768,RGB,1.333,15e3699c84c754d3bb16f311e12d118e,
/kaggle/input/datasets/tschandl/isic2018-challenge-task1-data-segmentation/ISIC2018_Task1-2_Training_Input/ISIC_0000160.jpg,False,722,540,RGB,1.337,f5cd7c77ddb59b53f2a2539339d02b8b,
/kaggle/input/datasets/tschandl/isic2018-challenge-task1-data-segmentation/ISIC2018_Task1-2_Training_Input/ISIC_0011208.jpg,False,1024,768,RGB,1.333,f3592597418fa37d58d70cbad261050f,
/kaggle/input/datasets/tschandl/isic2018-challenge-task1-data-segmentation/ISIC2018_Task1-2_Training_Input/ISIC_0000457.jpg,False,1028,753,RGB,1.365,b8346eeac44b626d8c4d8ec54731ea39,
/kaggle/input/datasets/tschandl/isic2018-challenge-task1-data-segmentation/ISIC2018_Task1-2_Training_Input/ISIC_0013839.jpg,False,4288,2848,RGB,1.506,782aa5e8450214c37e8116ef2e63343b,
/kaggle/input/datasets/tschandl/isic2018-challenge-task1-data-segmentation/ISIC2018_Task1-2_Training_Input/ISIC_0014836.jpg,False,6622,4401,RGB,1.505,93b71ec698e0c1cb78955b5dc48101a2,
/kaggle/input/datasets/tschandl/isic2018-challenge-task1-data-segmentation/ISIC2018_Task1-2_Training_Input/ISIC_0011358.jpg,False,1024,768,RGB,1.333,1022824868e5322db7bcda678fe39ccb,
/kaggle/input/datasets/tschandl/isic2018-challenge-task1-data-segmentation/ISIC2018_Task1-2_Training_Input/ISIC_0015943.jpg,False,3008,2000,RGB,1.504,efed5ad4aad159f0736382feefa3ffd9,
/kaggle/input/datasets/tschandl/isic2018-challenge-task1-data-segmentation/ISIC2018_Task1-2_Training_Input/ISIC_0014938.jpg,False,6688,4439,RGB,1.507,6cbf3925a63ac3d55d939b91774e2846,
/kaggle/input/datasets/tschandl/isic2018-challenge-task1-data-segmentation/ISIC2018_Task1-2_Training_Input/ISIC_0012351.jpg,False,3008,2000,RGB,1.504,2f737f0a69101ca67c93ca498eeb973a,
/kaggle/input/datasets/tschandl/isic2018-challenge-task1-data-segmentation/ISIC2018_Task1-2_Training_Input/ISIC_0012329.jpg,False,3008,2000,RGB,1.504,2889e931e1ae50919440ec38050e1023,
/kaggle/input/datasets/tschandl/isic2018-challenge-task1-data-segmentation/ISIC2018_Task1-2_Training_Input/ISIC_0015078.jpg,False,6622,4441,RGB,1.491,1357b54df35974938e73b1563f0ef01b,
/kaggle/input/datasets/tschandl/isic2018-challenge-task1-data-segmentation/ISIC2018_Task1-2_Training_Input/ISIC_0014703.jpg,False,6602,4401,RGB,1.5,a809d5bde1746560772560be1722ba67,
/kaggle/input/datasets/tschandl/isic2018-challenge-task1-data-segmentation/ISIC2018_Task1-2_Training_Input/ISIC_0000012.jpg,False,1022,767,RGB,1.332,0fcf208847ad9ee31a08afe37b727155,
/kaggle/input/datasets/tschandl/isic2018-challenge-task1-data-segmentation/ISIC2018_Task1-2_Training_Input/ISIC_0000546.jpg,False,824,719,RGB,1.146,45ae9d4dc269e7a2d3bb32b9798f882e,
/kaggle/input/datasets/tschandl/isic2018-challenge-task1-data-segmentation/ISIC2018_Task1-2_Training_Input/ISIC_0014211.jpg,False,4288,2848,RGB,1.506,9e5c86be93da5151dc49efca33d1cfb8,
/kaggle/input/datasets/tschandl/isic2018-challenge-task1-data-segmentation/ISIC2018_Task1-2_Training_Input/ISIC_0013891.jpg,False,4288,2848,RGB,1.506,8bfc84ba15d0ab0d80e9f59b0fb18939,
/kaggle/input/datasets/tschandl/isic2018-challenge-task1-data-segmentation/ISIC2018_Task1-2_Training_Input/ISIC_0009954.jpg,False,1024,768,RGB,1.333,a18726ba03552e7bf0dcac70ba82fe31,
/kaggle/input/datasets/tschandl/isic2018-challenge-task1-data-segmentation/ISIC2018_Task1-2_Training_Input/ISIC_0000292.jpg,False,1024,768,RGB,1.333,d3ed694f4ce36384921bd9502740f542,
/kaggle/input/datasets/tschandl/isic2018-challenge-task1-data-segmentation/ISIC2018_Task1-2_Training_Input/ISIC_0010327.jpg,False,1024,768,RGB,1.333,8988a26cc5ff29bdf71af7747f013533,
/kaggle/input/datasets/tschandl/isic2018-challenge-task1-data-segmentation/ISIC2018_Task1-2_Training_Input/ISIC_0013333.jpg,False,4288,2848,RGB,1.506,44052f4ebe474d5cb0fc0bbffc72b3c5,
/kaggle/input/datasets/tschandl/isic2018-challenge-task1-data-segmentation/ISIC2018_Task1-2_Training_Input/ISIC_0000481.jpg,False,919,802,RGB,1.146,10daba72d56178ef668c524431f9c019,
/kaggle/input/datasets/tschandl/isic2018-challenge-task1-data-segmentation/ISIC2018_Task1-2_Training_Input/ISIC_0012357.jpg,False,3008,2000,RGB,1.504,0b5fa7ef7e0be991346b3295c6f24596,
/kaggle/input/datasets/tschandl/isic2018-challenge-task1-data-segmentation/ISIC2018_Task1-2_Training_Input/ISIC_0015946.jpg,False,3008,2000,RGB,1.504,daa51057e4cfede0f72cc958345e106b,
/kaggle/input/datasets/tschandl/isic2018-challenge-task1-data-segmentation/ISIC2018_Task1-2_Training_Input/ISIC_0013227.jpg,False,3872,2592,RGB,1.494,847960f68cabdad4f921ad64b02c99f1,
/kaggle/input/datasets/tschandl/isic2018-challenge-task1-data-segmentation/ISIC2018_Task1-2_Training_Input/ISIC_0010364.jpg,False,1024,768,RGB,1.333,f0f0cc43a5b992e1daaee328fd4781c5,
/kaggle/input/datasets/tschandl/isic2018-challenge-task1-data-segmentation/ISIC2018_Task1-2_Training_Input/ISIC_0010445.jpg,False,1024,768,RGB,1.333,73af4085f267f44a0667f1e9a0364135,
/kaggle/input/datasets/tschandl/isic2018-challenge-task1-data-segmentation/ISIC2018_Task1-2_Training_Input/ISIC_0010014.jpg,False,1024,768,RGB,1.333,a76407eb69ed34782faec517bef22ad2,
/kaggle/input/datasets/tschandl/isic2018-challenge-task1-data-segmentation/ISIC2018_Task1-2_Training_Input/ISIC_0014535.jpg,False,4288,2848,RGB,1.506,1ececdd9c8f60061a4c0627cbeb5591c,
/kaggle/input/datasets/tschandl/isic2018-challenge-task1-data-segmentation/ISIC2018_Task1-2_Training_Input/ISIC_0000999.jpg,False,3024,2016,RGB,1.5,0730c2aed76f7103b2231ad8aa286d0a,
/kaggle/input/datasets/tschandl/isic2018-challenge-task1-data-segmentation/ISIC2018_Task1-2_Training_Input/ISIC_0013667.jpg,False,3872,2592,RGB,1.494,6e70a13b93af5597f07398100d8edf83,
/kaggle/input/datasets/tschandl/isic2018-challenge-task1-data-segmentation/ISIC2018_Task1-2_Training_Input/ISIC_0014625.jpg,False,2592,1936,RGB,1.339,1b5509f264ae508cdd9563bb01cee662,
/kaggle/input/datasets/tschandl/isic2018-challenge-task1-data-segmentation/ISIC2018_Task1-2_Training_Input/ISIC_0012233.jpg,False,4288,2848,RGB,1.506,82c39cf1a6c56c50bab130d3e014dcfb,
/kaggle/input/datasets/tschandl/isic2018-challenge-task1-data-segmentation/ISIC2018_Task1-2_Training_Input/ISIC_0012092.jpg,False,4288,2848,RGB,1.506,29d7e4dfe18e69adedff6d39aa20b615,
/kaggle/input/datasets/tschandl/isic2018-challenge-task1-data-segmentation/ISIC2018_Task1-2_Training_Input/ISIC_0010497.jpg,False,1024,768,RGB,1.333,e0f85ced5e8fc84b93160443ecb88903,
/kaggle/input/datasets/tschandl/isic2018-challenge-task1-data-segmentation/ISIC2018_Task1-2_Training_Input/ISIC_0001372.jpg,False,3024,2016,RGB,1.5,5ac9fe29cc370f206408b8b0d7c70c93,
/kaggle/input/datasets/tschandl/isic2018-challenge-task1-data-segmentation/ISIC2018_Task1-2_Training_Input/ISIC_0014219.jpg,False,4288,2848,RGB,1.506,e3d901236b0d718b7fa5ff086a25a366,
/kaggle/input/datasets/tschandl/isic2018-challenge-task1-data-segmentation/ISIC2018_Task1-2_Training_Input/ISIC_0013603.jpg,False,3872,2592,RGB,1.494,ffe38eb6a5609294e030dbfe803e2141,
/kaggle/input/datasets/tschandl/isic2018-challenge-task1-data-segmentation/ISIC2018_Task1-2_Training_Input/ISIC_0009994.jpg,False,1024,768,RGB,1.333,e324316e640309637958abaea2801d1d,
/kaggle/input/datasets/tschandl/isic2018-challenge-task1-data-segmentation/ISIC2018_Task1-2_Training_Input/ISIC_0000044.jpg,False,1504,1129,RGB,1.332,6dc1dcea93b10f3d7162423b085b7358,
/kaggle/input/datasets/tschandl/isic2018-challenge-task1-data-segmentation/ISIC2018_Task1-2_Training_Input/ISIC_0010257.jpg,False,1024,768,RGB,1.333,4b53f11e1bf660130356e3d82c5c620d,
/kaggle/input/datasets/tschandl/isic2018-challenge-task1-data-segmentation/ISIC2018_Task1-2_Training_Input/ISIC_0009981.jpg,False,1024,768,RGB,1.333,2f55fbec1bff0da7a19b972fda7ccee7,
/kaggle/input/datasets/tschandl/isic2018-challenge-task1-data-segmentation/ISIC2018_Task1-2_Training_Input/ISIC_0002975.jpg,False,4288,2848,RGB,1.506,085152ce93cfab09359233ef179bf8cc,
/kaggle/input/datasets/tschandl/isic2018-challenge-task1-data-segmentation/ISIC2018_Task1-2_Training_Input/ISIC_0012182.jpg,False,3008,2000,RGB,1.504,178dcc73c7a9da9fec9a50569ead7895,
/kaggle/input/datasets/tschandl/isic2018-challenge-task1-data-segmentation/ISIC2018_Task1-2_Training_Input/ISIC_0012548.jpg,False,4288,2848,RGB,1.506,86301bce8330f1be88cbc80599046274,
/kaggle/input/datasets/tschandl/isic2018-challenge-task1-data-segmentation/ISIC2018_Task1-2_Training_Input/ISIC_0009942.jpg,False,1024,768,RGB,1.333,536bd1d5e0f2910acdfbdd26d2e8e236,
/kaggle/input/datasets/tschandl/isic2018-challenge-task1-data-segmentation/ISIC2018_Task1-2_Training_Input/ISIC_0013472.jpg,False,4288,2848,RGB,1.506,d0d8701c4a8d9786b2ac94452c27bfe2,
/kaggle/input/datasets/tschandl/isic2018-challenge-task1-data-segmentation/ISIC2018_Task1-2_Training_Input/ISIC_0014804.jpg,False,6661,4461,RGB,1.493,3586b1e3bbc86410206765c06ff176b9,
/kaggle/input/datasets/tschandl/isic2018-challenge-task1-data-segmentation/ISIC2018_Task1-2_Training_Input/ISIC_0014790.jpg,False,6641,4441,RGB,1.495,39d0eed18c9784f46d6c74c5f2c8151a,
/kaggle/input/datasets/tschandl/isic2018-challenge-task1-data-segmentation/ISIC2018_Task1-2_Training_Input/ISIC_0012683.jpg,False,3008,2000,RGB,1.504,3e0711132bd194009937b98a766882ea,
/kaggle/input/datasets/tschandl/isic2018-challenge-task1-data-segmentation/ISIC2018_Task1-2_Training_Input/ISIC_0011361.jpg,False,1024,768,RGB,1.333,decc216b30b9a8678952b10d058d5176,
/kaggle/input/datasets/tschandl/isic2018-challenge-task1-data-segmentation/ISIC2018_Task1-2_Training_Input/ISIC_0011102.jpg,False,1024,768,RGB,1.333,88b1bae1c512d9dcffc899967b5ea5fb,
/kaggle/input/datasets/tschandl/isic2018-challenge-task1-data-segmentation/ISIC2018_Task1-2_Training_Input/ISIC_0000456.jpg,False,3072,2304,RGB,1.333,210a3d6cec52f7345d1ff67e041fad13,
/kaggle/input/datasets/tschandl/isic2018-challenge-task1-data-segmentation/ISIC2018_Task1-2_Training_Input/ISIC_0009901.jpg,False,1024,768,RGB,1.333,1a66c7bf24d08b07ea2f56e5ea442cb2,
/kaggle/input/datasets/tschandl/isic2018-challenge-task1-data-segmentation/ISIC2018_Task1-2_Training_Input/ISIC_0000427.jpg,False,3072,2304,RGB,1.333,9777b93a8388c397355eb06aecbe1604,
/kaggle/input/datasets/tschandl/isic2018-challenge-task1-data-segmentation/ISIC2018_Task1-2_Training_Input/ISIC_0010566.jpg,False,1024,768,RGB,1.333,1cdac3cedc96049a65c74d92ee45017b,
/kaggle/input/datasets/tschandl/isic2018-challenge-task1-data-segmentation/ISIC2018_Task1-2_Training_Input/ISIC_0012663.jpg,False,3008,2000,RGB,1.504,7b58d2c65342348fa9d38acdbec6c613,
/kaggle/input/datasets/tschandl/isic2018-challenge-task1-data-segmentation/ISIC2018_Task1-2_Training_Input/ISIC_0011109.jpg,False,1024,768,RGB,1.333,8cdaa0cff62f7b2296eeb6e17ae34ace,
/kaggle/input/datasets/tschandl/isic2018-challenge-task1-data-segmentation/ISIC2018_Task1-2_Training_Input/ISIC_0001131.jpg,False,3072,2304,RGB,1.333,d3b61ea10db3c0f18f7e0b3d89e88726,
/kaggle/input/datasets/tschandl/isic2018-challenge-task1-data-segmentation/ISIC2018_Task1-2_Training_Input/ISIC_0012737.jpg,False,3008,2000,RGB,1.504,376df2fd6b48b55df63c430da6b564de,
/kaggle/input/datasets/tschandl/isic2018-challenge-task1-data-segmentation/ISIC2018_Task1-2_Training_Input/ISIC_0014963.jpg,False,6688,4459,RGB,1.5,c502c2fd1277942100bd733c4eed6ad9,
/kaggle/input/datasets/tschandl/isic2018-challenge-task1-data-segmentation/ISIC2018_Task1-2_Training_Input/ISIC_0013173.jpg,False,3872,2592,RGB,1.494,157b125d1613563f118a5dc919472a57,
/kaggle/input/datasets/tschandl/isic2018-challenge-task1-data-segmentation/ISIC2018_Task1-2_Training_Input/ISIC_0012311.jpg,False,3008,2000,RGB,1.504,3cbbc5115fa7af36bdfb9de6b4ac1902,
/kaggle/input/datasets/tschandl/isic2018-challenge-task1-data-segmentation/ISIC2018_Task1-2_Training_Input/ISIC_0013187.jpg,False,3008,2000,RGB,1.504,3daa19b2b556d8d80807773b785d40f4,
/kaggle/input/datasets/tschandl/isic2018-challenge-task1-data-segmentation/ISIC2018_Task1-2_Training_Input/ISIC_0014928.jpg,False,6688,4439,RGB,1.507,8588ea21be960c8bf0d52c060e6342d2,
/kaggle/input/datasets/tschandl/isic2018-challenge-task1-data-segmentation/ISIC2018_Task1-2_Training_Input/ISIC_0012290.jpg,False,3008,2000,RGB,1.504,fe5e8c6e7ec8918aa9a9eeae1662693f,
/kaggle/input/datasets/tschandl/isic2018-challenge-task1-data-segmentation/ISIC2018_Task1-2_Training_Input/ISIC_0013552.jpg,False,4288,2848,RGB,1.506,82bde9915acb3c183e24ad7d22c279fd,
/kaggle/input/datasets/tschandl/isic2018-challenge-task1-data-segmentation/ISIC2018_Task1-2_Training_Input/ISIC_0012299.jpg,False,3008,2000,RGB,1.504,5ea1a1a45eac8e515caa1a546ce440d3,
/kaggle/input/datasets/tschandl/isic2018-challenge-task1-data-segmentation/ISIC2018_Task1-2_Training_Input/ISIC_0015283.jpg,False,6668,4439,RGB,1.502,ade538e212e554c42c20254869fae8c5,
/kaggle/input/datasets/tschandl/isic2018-challenge-task1-data-segmentation/ISIC2018_Task1-2_Training_Input/ISIC_0000087.jpg,False,2048,1536,RGB,1.333,15b04a56662d0ebb5b70de678c9aab8d,
/kaggle/input/datasets/tschandl/isic2018-challenge-task1-data-segmentation/ISIC2018_Task1-2_Training_Input/ISIC_0012099.jpg,False,3008,2000,RGB,1.504,cc16a3a29fc86473cb1bce418913a9df,
/kaggle/input/datasets/tschandl/isic2018-challenge-task1-data-segmentation/ISIC2018_Task1-2_Training_Input/ISIC_0010174.jpg,False,1024,768,RGB,1.333,ad7672c8faae1beace526012d68743eb,
/kaggle/input/datasets/tschandl/isic2018-challenge-task1-data-segmentation/ISIC2018_Task1-2_Training_Input/ISIC_0013936.jpg,False,3008,2000,RGB,1.504,0e6817659515b845f789745b8e595675,
/kaggle/input/datasets/tschandl/isic2018-challenge-task1-data-segmentation/ISIC2018_Task1-2_Training_Input/ISIC_0014973.jpg,False,6661,4441,RGB,1.5,c4f3ff94f0b8e054f238dc3d3d3b87a1,
/kaggle/input/datasets/tschandl/isic2018-challenge-task1-data-segmentation/ISIC2018_Task1-2_Training_Input/ISIC_0000147.jpg,False,2048,1536,RGB,1.333,99a2eb603c7cd323cd79a0a936ec5c78,
/kaggle/input/datasets/tschandl/isic2018-challenge-task1-data-segmentation/ISIC2018_Task1-2_Training_Input/ISIC_0011356.jpg,False,1024,768,RGB,1.333,b4e58e6a4da398f9e79cfee82142c4cb,
/kaggle/input/datasets/tschandl/isic2018-challenge-task1-data-segmentation/ISIC2018_Task1-2_Training_Input/ISIC_0010459.jpg,False,1024,768,RGB,1.333,5de7201ed8e0de08e605d448d285003b,
/kaggle/input/datasets/tschandl/isic2018-challenge-task1-data-segmentation/ISIC2018_Task1-2_Training_Input/ISIC_0010452.jpg,False,1024,768,RGB,1.333,55b7c872bdc29526808237528ec41987,
/kaggle/input/datasets/tschandl/isic2018-challenge-task1-data-segmentation/ISIC2018_Task1-2_Training_Input/ISIC_0010185.jpg,False,1024,768,RGB,1.333,9b7498b53f6dcebe8b644524ce17d7d9,
/kaggle/input/datasets/tschandl/isic2018-challenge-task1-data-segmentation/ISIC2018_Task1-2_Training_Input/ISIC_0013134.jpg,False,3872,2592,RGB,1.494,9d4c9b59bd3ed4fce290b72df10c7331,
/kaggle/input/datasets/tschandl/isic2018-challenge-task1-data-segmentation/ISIC2018_Task1-2_Training_Input/ISIC_0012213.jpg,False,3008,2000,RGB,1.504,b1023e29256b45d83729927068df547b,
/kaggle/input/datasets/tschandl/isic2018-challenge-task1-data-segmentation/ISIC2018_Task1-2_Training_Input/ISIC_0001423.jpg,False,3024,2016,RGB,1.5,62acbd3c83d425c6784e5847506d47c4,
/kaggle/input/datasets/tschandl/isic2018-challenge-task1-data-segmentation/ISIC2018_Task1-2_Training_Input/ISIC_0016037.jpg,False,4288,2848,RGB,1.506,7ecdc5ac56ee6fd28528adb255de7773,
/kaggle/input/datasets/tschandl/isic2018-challenge-task1-data-segmentation/ISIC2018_Task1-2_Training_Input/ISIC_0014395.jpg,False,4288,2848,RGB,1.506,fb9a57a44dafdfb97c400ddb4a179aea,
/kaggle/input/datasets/tschandl/isic2018-challenge-task1-data-segmentation/ISIC2018_Task1-2_Training_Input/ISIC_0014270.jpg,False,4288,2848,RGB,1.506,4e7b7f8b0b9b3a49ee84b2b43799caca,
/kaggle/input/datasets/tschandl/isic2018-challenge-task1-data-segmentation/ISIC2018_Task1-2_Training_Input/ISIC_0012708.jpg,False,3008,2000,RGB,1.504,7283640447db8f9644d7045626ccac55,
/kaggle/input/datasets/tschandl/isic2018-challenge-task1-data-segmentation/ISIC2018_Task1-2_Training_Input/ISIC_0010342.jpg,False,1024,768,RGB,1.333,edceacaf501b6a243f7d158ce7d6d979,
/kaggle/input/datasets/tschandl/isic2018-challenge-task1-data-segmentation/ISIC2018_Task1-2_Training_Input/ISIC_0010191.jpg,False,1024,768,RGB,1.333,987c3e75c35de8ea8746ac23d5918068,
/kaggle/input/datasets/tschandl/isic2018-challenge-task1-data-segmentation/ISIC2018_Task1-2_Training_Input/ISIC_0015993.jpg,False,3008,2000,RGB,1.504,1f20af4a24f993a6dfe9f9fdb66784d4,
/kaggle/input/datasets/tschandl/isic2018-challenge-task1-data-segmentation/ISIC2018_Task1-2_Training_Input/ISIC_0013495.jpg,False,4288,2848,RGB,1.506,895b7bae6942a56d07883cca6f1b7e1a,
/kaggle/input/datasets/tschandl/isic2018-challenge-task1-data-segmentation/ISIC2018_Task1-2_Training_Input/ISIC_0014907.jpg,False,6688,4459,RGB,1.5,0178df5e7b1471c5039ad1b96a603438,
/kaggle/input/datasets/tschandl/isic2018-challenge-task1-data-segmentation/ISIC2018_Task1-2_Training_Input/ISIC_0014863.jpg,False,6648,4419,RGB,1.504,3752fd98293bca52b76769532518ed4d,
/kaggle/input/datasets/tschandl/isic2018-challenge-task1-data-segmentation/ISIC2018_Task1-2_Training_Input/ISIC_0014806.jpg,False,6642,4422,RGB,1.502,31e2b5f408f8f6f01dc5ad16edd76297,
/kaggle/input/datasets/tschandl/isic2018-challenge-task1-data-segmentation/ISIC2018_Task1-2_Training_Input/ISIC_0009877.jpg,False,1024,768,RGB,1.333,750d4db40e76101fe61424c2b5c5e603,
/kaggle/input/datasets/tschandl/isic2018-challenge-task1-data-segmentation/ISIC2018_Task1-2_Training_Input/ISIC_0000191.jpg,False,1502,1051,RGB,1.429,df5d21625bfdf4282723a8cce007ba84,
/kaggle/input/datasets/tschandl/isic2018-challenge-task1-data-segmentation/ISIC2018_Task1-2_Training_Input/ISIC_0000042.jpg,False,1504,1129,RGB,1.332,ea3ef9c41cb752d388743050408e34a6,
/kaggle/input/datasets/tschandl/isic2018-challenge-task1-data-segmentation/ISIC2018_Task1-2_Training_Input/ISIC_0015645.jpg,False,6682,4442,RGB,1.504,60ee81a5a82e7b75c5b0839f77ed489e,
/kaggle/input/datasets/tschandl/isic2018-challenge-task1-data-segmentation/ISIC2018_Task1-2_Training_Input/ISIC_0009961.jpg,False,1024,768,RGB,1.333,ee7239f312b107cc28a473ab10adeb3a,
/kaggle/input/datasets/tschandl/isic2018-challenge-task1-data-segmentation/ISIC2018_Task1-2_Training_Input/ISIC_0000099.jpg,False,2048,1536,RGB,1.333,cd8f81f407dd01f777ffe5c490cd02e4,
/kaggle/input/datasets/tschandl/isic2018-challenge-task1-data-segmentation/ISIC2018_Task1-2_Training_Input/ISIC_0012203.jpg,False,3008,2000,RGB,1.504,3b0d57c77ca26d1d8fbf7506e3335189,
/kaggle/input/datasets/tschandl/isic2018-challenge-task1-data-segmentation/ISIC2018_Task1-2_Training_Input/ISIC_0015476.jpg,False,6668,4439,RGB,1.502,0a3a00f708ab464a134a002664b2cc62,
/kaggle/input/datasets/tschandl/isic2018-challenge-task1-data-segmentation/ISIC2018_Task1-2_Training_Input/ISIC_0013843.jpg,False,3008,2000,RGB,1.504,da0c1707fb88fb763c295351c5518d69,
/kaggle/input/datasets/tschandl/isic2018-challenge-task1-data-segmentation/ISIC2018_Task1-2_Training_Input/ISIC_0011383.jpg,False,1024,768,RGB,1.333,0def7ca9a4659c82dafeb280e271a881,
/kaggle/input/datasets/tschandl/isic2018-challenge-task1-data-segmentation/ISIC2018_Task1-2_Training_Input/ISIC_0012510.jpg,False,4288,2848,RGB,1.506,da3eefdc107cde623cb82ded811f6764,
/kaggle/input/datasets/tschandl/isic2018-challenge-task1-data-segmentation/ISIC2018_Task1-2_Training_Input/ISIC_0000239.jpg,False,1024,768,RGB,1.333,dee1891ad4e7cdb538d18c66f9e8b0df,
/kaggle/input/datasets/tschandl/isic2018-challenge-task1-data-segmentation/ISIC2018_Task1-2_Training_Input/ISIC_0001871.jpg,False,3024,2016,RGB,1.5,798ccba30ae35047b246b7a437dcdd5e,
/kaggle/input/datasets/tschandl/isic2018-challenge-task1-data-segmentation/ISIC2018_Task1-2_Training_Input/ISIC_0013492.jpg,False,3008,2000,RGB,1.504,a2bf46af3c82d5461d39c38aea8bee05,
/kaggle/input/datasets/tschandl/isic2018-challenge-task1-data-segmentation/ISIC2018_Task1-2_Training_Input/ISIC_0001306.jpg,False,3024,2016,RGB,1.5,944524573948c3d0bdb11001e287272f,
/kaggle/input/datasets/tschandl/isic2018-challenge-task1-data-segmentation/ISIC2018_Task1-2_Training_Input/ISIC_0014768.jpg,False,6642,4421,RGB,1.502,c16cac9cc9dce7dc3ad9fe2cab9fb96f,
/kaggle/input/datasets/tschandl/isic2018-challenge-task1-data-segmentation/ISIC2018_Task1-2_Training_Input/ISIC_0013953.jpg,False,3872,2592,RGB,1.494,ee53f0a5216cf18f01bb3f8f6e819dad,
/kaggle/input/datasets/tschandl/isic2018-challenge-task1-data-segmentation/ISIC2018_Task1-2_Training_Input/ISIC_0012715.jpg,False,3008,2000,RGB,1.504,29a2ac416374a68e6e44340e51b6f75a,
/kaggle/input/datasets/tschandl/isic2018-challenge-task1-data-segmentation/ISIC2018_Task1-2_Training_Input/ISIC_0013104.jpg,False,3872,2592,RGB,1.494,0fa18f85f23b83e7caaff1640d2e987b,
/kaggle/input/datasets/tschandl/isic2018-challenge-task1-data-segmentation/ISIC2018_Task1-2_Training_Input/ISIC_0015166.jpg,False,6627,4459,RGB,1.486,62d658c98edf9214c05c04bb04f169c6,
/kaggle/input/datasets/tschandl/isic2018-challenge-task1-data-segmentation/ISIC2018_Task1-2_Training_Input/ISIC_0014628.jpg,False,2592,1936,RGB,1.339,27fe0a968d5284974a233d5e0ad1f930,
/kaggle/input/datasets/tschandl/isic2018-challenge-task1-data-segmentation/ISIC2018_Task1-2_Training_Input/ISIC_0013160.jpg,False,3008,2000,RGB,1.504,428fe801402c06e34e3f12b70ff5e6c9,
/kaggle/input/datasets/tschandl/isic2018-challenge-task1-data-segmentation/ISIC2018_Task1-2_Training_Input/ISIC_0012222.jpg,False,3008,2000,RGB,1.504,dede90825755ea345b7f064bceefb426,
/kaggle/input/datasets/tschandl/isic2018-challenge-task1-data-segmentation/ISIC2018_Task1-2_Training_Input/ISIC_0012806.jpg,False,3872,2592,RGB,1.494,2126c754ea5ade5c4062612d9e5db74e,
/kaggle/input/datasets/tschandl/isic2018-challenge-task1-data-segmentation/ISIC2018_Task1-2_Training_Input/ISIC_0014814.jpg,False,6620,4420,RGB,1.498,347341408a4aca426d2da7e23b7666e2,
/kaggle/input/datasets/tschandl/isic2018-challenge-task1-data-segmentation/ISIC2018_Task1-2_Training_Input/ISIC_0013488.jpg,False,2304,1536,RGB,1.5,492e823f579ab5c32a4ec6a6a0c0350c,
/kaggle/input/datasets/tschandl/isic2018-challenge-task1-data-segmentation/ISIC2018_Task1-2_Training_Input/ISIC_0012173.jpg,False,3008,2000,RGB,1.504,f216916178abececea93203d0129b49e,
/kaggle/input/datasets/tschandl/isic2018-challenge-task1-data-segmentation/ISIC2018_Task1-2_Training_Input/ISIC_0013164.jpg,False,3008,2000,RGB,1.504,949ef737ace68257eec4ff9219587eb0,
/kaggle/input/datasets/tschandl/isic2018-challenge-task1-data-segmentation/ISIC2018_Task1-2_Training_Input/ISIC_0010490.jpg,False,1024,768,RGB,1.333,985d2ec35b7bbd7a42fa20515eb689b6,
/kaggle/input/datasets/tschandl/isic2018-challenge-task1-data-segmentation/ISIC2018_Task1-2_Training_Input/ISIC_0010013.jpg,False,1024,768,RGB,1.333,2b898668b49878209903aa1b9b0b948b,
/kaggle/input/datasets/tschandl/isic2018-challenge-task1-data-segmentation/ISIC2018_Task1-2_Training_Input/ISIC_0000260.jpg,False,1024,768,RGB,1.333,777ffb72da4293b9a9dd27aeafce6907,
/kaggle/input/datasets/tschandl/isic2018-challenge-task1-data-segmentation/ISIC2018_Task1-2_Training_Input/ISIC_0009982.jpg,False,1024,768,RGB,1.333,7393e35681c60563693fa8467c008476,
/kaggle/input/datasets/tschandl/isic2018-challenge-task1-data-segmentation/ISIC2018_Task1-2_Training_Input/ISIC_0016064.jpg,False,4288,2848,RGB,1.506,f9f0f69732ba1141c82ccd61c6794fca,
/kaggle/input/datasets/tschandl/isic2018-challenge-task1-data-segmentation/ISIC2018_Task1-2_Training_Input/ISIC_0011384.jpg,False,1024,768,RGB,1.333,c21940dc208eca71b2ee1c625b227696,
/kaggle/input/datasets/tschandl/isic2018-challenge-task1-data-segmentation/ISIC2018_Task1-2_Training_Input/ISIC_0014904.jpg,False,6668,4439,RGB,1.502,a71973f609f3bd5ee863e7459fe07355,
/kaggle/input/datasets/tschandl/isic2018-challenge-task1-data-segmentation/ISIC2018_Task1-2_Training_Input/ISIC_0012207.jpg,False,3008,2000,RGB,1.504,a3f60e0dd8bfd67592e33776a650c86e,
/kaggle/input/datasets/tschandl/isic2018-challenge-task1-data-segmentation/ISIC2018_Task1-2_Training_Input/ISIC_0011157.jpg,False,1024,768,RGB,1.333,c62fa86abd5dc902878f7f084f564711,
/kaggle/input/datasets/tschandl/isic2018-challenge-task1-data-segmentation/ISIC2018_Task1-2_Training_Input/ISIC_0011151.jpg,False,1024,768,RGB,1.333,cc9bd2c67e68e6ea6644578c281c48fe,
/kaggle/input/datasets/tschandl/isic2018-challenge-task1-data-segmentation/ISIC2018_Task1-2_Training_Input/ISIC_0012090.jpg,False,4288,2848,RGB,1.506,bf5d8776fbaf26b2f8daf526cf40685b,
/kaggle/input/datasets/tschandl/isic2018-challenge-task1-data-segmentation/ISIC2018_Task1-2_Training_Input/ISIC_0013037.jpg,False,3872,2592,RGB,1.494,af1dc5b6eb61d4d2350fcf7641efa3e9,
/kaggle/input/datasets/tschandl/isic2018-challenge-task1-data-segmentation/ISIC2018_Task1-2_Training_Input/ISIC_0014760.jpg,False,6648,4439,RGB,1.498,c00eedcb81295621647364a608a3d374,
/kaggle/input/datasets/tschandl/isic2018-challenge-task1-data-segmentation/ISIC2018_Task1-2_Training_Input/ISIC_0010330.jpg,False,1024,768,RGB,1.333,87516c48e964b567b9ebbccca5c3dcfd,
/kaggle/input/datasets/tschandl/isic2018-challenge-task1-data-segmentation/ISIC2018_Task1-2_Training_Input/ISIC_0000157.jpg,False,963,629,RGB,1.531,34af1c424e0c03f088158956313dcc85,
/kaggle/input/datasets/tschandl/isic2018-challenge-task1-data-segmentation/ISIC2018_Task1-2_Training_Input/ISIC_0016015.jpg,False,4288,2848,RGB,1.506,d8aa2a41ef3e21023710bd119f12caa2,
/kaggle/input/datasets/tschandl/isic2018-challenge-task1-data-segmentation/ISIC2018_Task1-2_Training_Input/ISIC_0010232.jpg,False,1024,768,RGB,1.333,eae95e547e6b122715ad9601038c975a,
/kaggle/input/datasets/tschandl/isic2018-challenge-task1-data-segmentation/ISIC2018_Task1-2_Training_Input/ISIC_0009966.jpg,False,1024,768,RGB,1.333,a140d185a9b3da56225f2758604b04de,
/kaggle/input/datasets/tschandl/isic2018-challenge-task1-data-segmentation/ISIC2018_Task1-2_Training_Input/ISIC_0015566.jpg,False,6688,4479,RGB,1.493,1fb4a479662d20d5cb758c00ecec7934,
/kaggle/input/datasets/tschandl/isic2018-challenge-task1-data-segmentation/ISIC2018_Task1-2_Training_Input/ISIC_0000303.jpg,False,767,576,RGB,1.332,95277a3b9214674478aef209527f22b3,
/kaggle/input/datasets/tschandl/isic2018-challenge-task1-data-segmentation/ISIC2018_Task1-2_Training_Input/ISIC_0000081.jpg,False,2048,1536,RGB,1.333,124a631972a8ca88f9c0e7b20e090760,
/kaggle/input/datasets/tschandl/isic2018-challenge-task1-data-segmentation/ISIC2018_Task1-2_Training_Input/ISIC_0000487.jpg,False,919,802,RGB,1.146,8f1766804ed94fcfc4516526e8dce201,
/kaggle/input/datasets/tschandl/isic2018-challenge-task1-data-segmentation/ISIC2018_Task1-2_Training_Input/ISIC_0014849.jpg,False,6648,4459,RGB,1.491,8e3b09e9b02df2500a3aecd6da3e638c,
/kaggle/input/datasets/tschandl/isic2018-challenge-task1-data-segmentation/ISIC2018_Task1-2_Training_Input/ISIC_0015363.jpg,False,6687,4439,RGB,1.506,29abe17e752c9f7328a29c13daa947cb,
/kaggle/input/datasets/tschandl/isic2018-challenge-task1-data-segmentation/ISIC2018_Task1-2_Training_Input/ISIC_0000488.jpg,False,919,802,RGB,1.146,4f09c650686db43bea45e5853d3fdba4,
/kaggle/input/datasets/tschandl/isic2018-challenge-task1-data-segmentation/ISIC2018_Task1-2_Training_Input/ISIC_0012677.jpg,False,3008,2000,RGB,1.504,7c907c8b5c08ef775287374310a1d124,
/kaggle/input/datasets/tschandl/isic2018-challenge-task1-data-segmentation/ISIC2018_Task1-2_Training_Input/ISIC_0014791.jpg,False,6641,4441,RGB,1.495,7410f1c9d41e5c473dd67a051f629b13,
/kaggle/input/datasets/tschandl/isic2018-challenge-task1-data-segmentation/ISIC2018_Task1-2_Training_Input/ISIC_0014093.jpg,False,4288,2848,RGB,1.506,c654e5913c296ead9984665e072ad952,
/kaggle/input/datasets/tschandl/isic2018-challenge-task1-data-segmentation/ISIC2018_Task1-2_Training_Input/ISIC_0007557.jpg,False,3024,2016,RGB,1.5,5cfb6154ed4b2b0c721af116ee630eeb,
/kaggle/input/datasets/tschandl/isic2018-challenge-task1-data-segmentation/ISIC2018_Task1-2_Training_Input/ISIC_0014698.jpg,False,6642,4401,RGB,1.509,0434581ff8cb124be0cd4385370cfefd,
/kaggle/input/datasets/tschandl/isic2018-challenge-task1-data-segmentation/ISIC2018_Task1-2_Training_Input/ISIC_0012417.jpg,False,4288,2848,RGB,1.506,ad453e0724e4fd71cedfb8e34315365e,
/kaggle/input/datasets/tschandl/isic2018-challenge-task1-data-segmentation/ISIC2018_Task1-2_Training_Input/ISIC_0013835.jpg,False,4288,2848,RGB,1.506,2f08152d9ad1e73e892dd88adc84a4bf,
/kaggle/input/datasets/tschandl/isic2018-challenge-task1-data-segmentation/ISIC2018_Task1-2_Training_Input/ISIC_0010265.jpg,False,1024,768,RGB,1.333,da80d47049b24519921577ea400a8414,
/kaggle/input/datasets/tschandl/isic2018-challenge-task1-data-segmentation/ISIC2018_Task1-2_Training_Input/ISIC_0013172.jpg,False,3008,2000,RGB,1.504,077ef9dd6ec5a7476ae4c5de4e11c008,
/kaggle/input/datasets/tschandl/isic2018-challenge-task1-data-segmentation/ISIC2018_Task1-2_Training_Input/ISIC_0000040.jpg,False,1504,1129,RGB,1.332,61f96d507016f1edd211e81d30aae457,
/kaggle/input/datasets/tschandl/isic2018-challenge-task1-data-segmentation/ISIC2018_Task1-2_Training_Input/ISIC_0014826.jpg,False,6621,4401,RGB,1.504,033d8b5548cdf52f5971974ff09b3d0e,
/kaggle/input/datasets/tschandl/isic2018-challenge-task1-data-segmentation/ISIC2018_Task1-2_Training_Input/ISIC_0014765.jpg,False,6681,4441,RGB,1.504,d66e02c2ab2bd714c43f1d65f98a60b9,
/kaggle/input/datasets/tschandl/isic2018-challenge-task1-data-segmentation/ISIC2018_Task1-2_Training_Input/ISIC_0014860.jpg,False,6668,4439,RGB,1.502,1849f1d457585ad0c789ef3a1ce24670,
/kaggle/input/datasets/tschandl/isic2018-challenge-task1-data-segmentation/ISIC2018_Task1-2_Training_Input/ISIC_0010581.jpg,False,1024,768,RGB,1.333,435ae3d73cdcc48e4fe2257f4d957f2f,
/kaggle/input/datasets/tschandl/isic2018-challenge-task1-data-segmentation/ISIC2018_Task1-2_Training_Input/ISIC_0013212.jpg,False,3008,2000,RGB,1.504,543f4e057c219fcd61f55a916ab354ed,
/kaggle/input/datasets/tschandl/isic2018-challenge-task1-data-segmentation/ISIC2018_Task1-2_Training_Input/ISIC_0011327.jpg,False,1024,768,RGB,1.333,11afae3629b52d0265b689bc37e11d65,
/kaggle/input/datasets/tschandl/isic2018-challenge-task1-data-segmentation/ISIC2018_Task1-2_Training_Input/ISIC_0014066.jpg,False,4288,2848,RGB,1.506,8875e1beda9238a6574b650b47c98c3b,
/kaggle/input/datasets/tschandl/isic2018-challenge-task1-data-segmentation/ISIC2018_Task1-2_Training_Input/ISIC_0009917.jpg,False,1024,768,RGB,1.333,d9a9721497aa536f939f1bb68b365a6a,
/kaggle/input/datasets/tschandl/isic2018-challenge-task1-data-segmentation/ISIC2018_Task1-2_Training_Input/ISIC_0009978.jpg,False,1024,768,RGB,1.333,4282517e3ea22f1f7e631848212d70a2,
/kaggle/input/datasets/tschandl/isic2018-challenge-task1-data-segmentation/ISIC2018_Task1-2_Training_Input/ISIC_0000506.jpg,False,919,802,RGB,1.146,98ae8bc529a8464a4360127afe834961,
/kaggle/input/datasets/tschandl/isic2018-challenge-task1-data-segmentation/ISIC2018_Task1-2_Training_Input/ISIC_0013090.jpg,False,3008,2000,RGB,1.504,3ceebfbcae4a9d65142d026f373ef495,
/kaggle/input/datasets/tschandl/isic2018-challenge-task1-data-segmentation/ISIC2018_Task1-2_Training_Input/ISIC_0013416.jpg,False,4288,2848,RGB,1.506,f350964a2bd5f3116e275a56473ccf54,
/kaggle/input/datasets/tschandl/isic2018-challenge-task1-data-segmentation/ISIC2018_Task1-2_Training_Input/ISIC_0010187.jpg,False,1024,768,RGB,1.333,d8f8c75716fdda0171d4472b3fc3374c,
/kaggle/input/datasets/tschandl/isic2018-challenge-task1-data-segmentation/ISIC2018_Task1-2_Training_Input/ISIC_0008552.jpg,False,4288,2848,RGB,1.506,f1aca79086c450da0afe51a17c184cee,
/kaggle/input/datasets/tschandl/isic2018-challenge-task1-data-segmentation/ISIC2018_Task1-2_Training_Input/ISIC_0000126.jpg,False,2048,1536,RGB,1.333,a7f8e21fbe48894e11d9bb8d61ecd7c3,
/kaggle/input/datasets/tschandl/isic2018-challenge-task1-data-segmentation/ISIC2018_Task1-2_Training_Input/ISIC_0000511.jpg,False,919,802,RGB,1.146,726bf619ea72797a6b78f674b5acb595,
/kaggle/input/datasets/tschandl/isic2018-challenge-task1-data-segmentation/ISIC2018_Task1-2_Training_Input/ISIC_0013356.jpg,False,4288,2848,RGB,1.506,e05aca762a0156f898ad4f56cb91954f,
/kaggle/input/datasets/tschandl/isic2018-challenge-task1-data-segmentation/ISIC2018_Task1-2_Training_Input/ISIC_0016013.jpg,False,4288,2848,RGB,1.506,d9ca7d663174d5706db9a6a8d41af43f,
/kaggle/input/datasets/tschandl/isic2018-challenge-task1-data-segmentation/ISIC2018_Task1-2_Training_Input/ISIC_0000098.jpg,False,2048,1536,RGB,1.333,cc428f7efe40d367beed2329c210ff6d,
/kaggle/input/datasets/tschandl/isic2018-challenge-task1-data-segmentation/ISIC2018_Task1-2_Training_Input/ISIC_0014640.jpg,False,2592,1936,RGB,1.339,10ad5ca17f0b4ed7a2f617558f14c256,
/kaggle/input/datasets/tschandl/isic2018-challenge-task1-data-segmentation/ISIC2018_Task1-2_Training_Input/ISIC_0010016.jpg,False,1024,768,RGB,1.333,d272eaf63b220e9f8b7d3a30ca825057,
/kaggle/input/datasets/tschandl/isic2018-challenge-task1-data-segmentation/ISIC2018_Task1-2_Training_Input/ISIC_0013369.jpg,False,4288,2848,RGB,1.506,0f6d7d96d7d6a6080b36ff94c9307815,
/kaggle/input/datasets/tschandl/isic2018-challenge-task1-data-segmentation/ISIC2018_Task1-2_Training_Input/ISIC_0000014.jpg,False,1022,767,RGB,1.332,5acc1b90f95f6272086aee7d036e498d,
/kaggle/input/datasets/tschandl/isic2018-challenge-task1-data-segmentation/ISIC2018_Task1-2_Training_Input/ISIC_0000329.jpg,False,767,576,RGB,1.332,ff05c37716a9fac8202e9aea4613e2a0,
/kaggle/input/datasets/tschandl/isic2018-challenge-task1-data-segmentation/ISIC2018_Task1-2_Training_Input/ISIC_0011158.jpg,False,1024,768,RGB,1.333,00ce29ab3176274c4040c461c95c6053,
/kaggle/input/datasets/tschandl/isic2018-challenge-task1-data-segmentation/ISIC2018_Task1-2_Training_Input/ISIC_0012155.jpg,False,3008,2000,RGB,1.504,d62beb9b050b8c5561cda12657aaa00e,
/kaggle/input/datasets/tschandl/isic2018-challenge-task1-data-segmentation/ISIC2018_Task1-2_Training_Input/ISIC_0012884.jpg,False,3008,2000,RGB,1.504,bb6da902df9bcc80303f6af8768d6a29,
/kaggle/input/datasets/tschandl/isic2018-challenge-task1-data-segmentation/ISIC2018_Task1-2_Training_Input/ISIC_0015369.jpg,False,6688,4459,RGB,1.5,7ee4a2159e43b681a3417261074d5cb3,
/kaggle/input/datasets/tschandl/isic2018-challenge-task1-data-segmentation/ISIC2018_Task1-2_Training_Input/ISIC_0015368.jpg,False,6608,4399,RGB,1.502,05882b201382f36ea1e3285f203a34a6,
/kaggle/input/datasets/tschandl/isic2018-challenge-task1-data-segmentation/ISIC2018_Task1-2_Training_Input/ISIC_0015150.jpg,False,6622,4380,RGB,1.512,d0888a4e269aa41991880e51272d2d0f,
/kaggle/input/datasets/tschandl/isic2018-challenge-task1-data-segmentation/ISIC2018_Task1-2_Training_Input/ISIC_0013205.jpg,False,3008,2000,RGB,1.504,31f67d3e98965bf23a30b30ec8113ed4,
/kaggle/input/datasets/tschandl/isic2018-challenge-task1-data-segmentation/ISIC2018_Task1-2_Training_Input/ISIC_0014911.jpg,False,6708,4439,RGB,1.511,8ea1812b17f71fad34e4b70c1c41569f,
/kaggle/input/datasets/tschandl/isic2018-challenge-task1-data-segmentation/ISIC2018_Task1-2_Training_Input/ISIC_0013501.jpg,False,4288,2848,RGB,1.506,337f0028f596c04775df8e7b4a3846d6,
/kaggle/input/datasets/tschandl/isic2018-challenge-task1-data-segmentation/ISIC2018_Task1-2_Training_Input/ISIC_0010233.jpg,False,1024,768,RGB,1.333,368c488e4cec693a6a72db7833f82577,
/kaggle/input/datasets/tschandl/isic2018-challenge-task1-data-segmentation/ISIC2018_Task1-2_Training_Input/ISIC_0010344.jpg,False,1024,768,RGB,1.333,764a6332da027769ad7ad53e9392628a,
/kaggle/input/datasets/tschandl/isic2018-challenge-task1-data-segmentation/ISIC2018_Task1-2_Training_Input/ISIC_0001292.jpg,False,3024,2016,RGB,1.5,d9fce116f63d3443733ce9af10405aca,
/kaggle/input/datasets/tschandl/isic2018-challenge-task1-data-segmentation/ISIC2018_Task1-2_Training_Input/ISIC_0013762.jpg,False,4288,2848,RGB,1.506,0a56689c2ae833c7fb4071b05be0e9ad,
/kaggle/input/datasets/tschandl/isic2018-challenge-task1-data-segmentation/ISIC2018_Task1-2_Training_Input/ISIC_0000391.jpg,False,3072,2304,RGB,1.333,c547be3b17f2d7b357b9579b224466a1,
/kaggle/input/datasets/tschandl/isic2018-challenge-task1-data-segmentation/ISIC2018_Task1-2_Training_Input/ISIC_0002246.jpg,False,3024,2016,RGB,1.5,b51303e0d869f207bf9c96d47815449d,
/kaggle/input/datasets/tschandl/isic2018-challenge-task1-data-segmentation/ISIC2018_Task1-2_Training_Input/ISIC_0012658.jpg,False,2304,1536,RGB,1.5,c9e986d80a03bdc9e58c8703c19dbdff,
/kaggle/input/datasets/tschandl/isic2018-challenge-task1-data-segmentation/ISIC2018_Task1-2_Training_Input/ISIC_0010864.jpg,False,1024,768,RGB,1.333,d32fe8fa86d8b6bafeb1d84669e14ff1,
/kaggle/input/datasets/tschandl/isic2018-challenge-task1-data-segmentation/ISIC2018_Task1-2_Training_Input/ISIC_0015404.jpg,False,6648,4419,RGB,1.504,e3f2088dbc67d624176fe6238601ad33,
/kaggle/input/datasets/tschandl/isic2018-challenge-task1-data-segmentation/ISIC2018_Task1-2_Training_Input/ISIC_0013758.jpg,False,4288,2848,RGB,1.506,22c45ba1ea16ff4fa21cae5da99a79db,
/kaggle/input/datasets/tschandl/isic2018-challenge-task1-data-segmentation/ISIC2018_Task1-2_Training_Input/ISIC_0013767.jpg,False,3872,2592,RGB,1.494,7624017fb41387db669c7379fd03a636,
/kaggle/input/datasets/tschandl/isic2018-challenge-task1-data-segmentation/ISIC2018_Task1-2_Training_Input/ISIC_0014610.jpg,False,2592,1936,RGB,1.339,669deb1ed439f07fc273e5aad79d5315,
/kaggle/input/datasets/tschandl/isic2018-challenge-task1-data-segmentation/ISIC2018_Task1-2_Training_Input/ISIC_0000426.jpg,False,3072,2304,RGB,1.333,e965518e2c6a5922a746eb20f97a9f70,
/kaggle/input/datasets/tschandl/isic2018-challenge-task1-data-segmentation/ISIC2018_Task1-2_Training_Input/ISIC_0015617.jpg,False,6648,4419,RGB,1.504,9aa46c5a09e54d2f6a352fb25c82515d,
/kaggle/input/datasets/tschandl/isic2018-challenge-task1-data-segmentation/ISIC2018_Task1-2_Training_Input/ISIC_0012478.jpg,False,4288,2848,RGB,1.506,30c2bcfed6cf13ccadbfd0311639a039,
/kaggle/input/datasets/tschandl/isic2018-challenge-task1-data-segmentation/ISIC2018_Task1-2_Training_Input/ISIC_0013385.jpg,False,4288,2848,RGB,1.506,ac7228562f04e6a3e0643da62beb699c,
/kaggle/input/datasets/tschandl/isic2018-challenge-task1-data-segmentation/ISIC2018_Task1-2_Training_Input/ISIC_0003657.jpg,False,3024,2016,RGB,1.5,fa6cfeccacbe0f26ef1dc5e014303bb3,
/kaggle/input/datasets/tschandl/isic2018-challenge-task1-data-segmentation/ISIC2018_Task1-2_Training_Input/ISIC_0012245.jpg,False,4288,2848,RGB,1.506,c7e1de6419f7216086f5aa061e0fb760,
/kaggle/input/datasets/tschandl/isic2018-challenge-task1-data-segmentation/ISIC2018_Task1-2_Training_Input/ISIC_0015995.jpg,False,3008,2000,RGB,1.504,1ceda1218e4094d0b975ff261ee3c5f8,
/kaggle/input/datasets/tschandl/isic2018-challenge-task1-data-segmentation/ISIC2018_Task1-2_Training_Input/ISIC_0010496.jpg,False,1024,768,RGB,1.333,e18fede0164d58500c50ded64c50be19,
/kaggle/input/datasets/tschandl/isic2018-challenge-task1-data-segmentation/ISIC2018_Task1-2_Training_Input/ISIC_0013736.jpg,False,4288,2848,RGB,1.506,45211f1ffd4e27e9ce7043fc4f14c461,
/kaggle/input/datasets/tschandl/isic2018-challenge-task1-data-segmentation/ISIC2018_Task1-2_Training_Input/ISIC_0014762.jpg,False,6628,4419,RGB,1.5,eeddcd3ca9d1699ab44edf63bd55136e,
/kaggle/input/datasets/tschandl/isic2018-challenge-task1-data-segmentation/ISIC2018_Task1-2_Training_Input/ISIC_0010856.jpg,False,1024,768,RGB,1.333,78cfb0ae97e805810e47e5cadc3ec78b,
/kaggle/input/datasets/tschandl/isic2018-challenge-task1-data-segmentation/ISIC2018_Task1-2_Training_Input/ISIC_0011213.jpg,False,1024,768,RGB,1.333,7ab93366a0d50181dac2d7a645c02967,
/kaggle/input/datasets/tschandl/isic2018-challenge-task1-data-segmentation/ISIC2018_Task1-2_Training_Input/ISIC_0015046.jpg,False,6641,4422,RGB,1.502,1ee226b44c86d448f5cd7cf301a4b2cf,
/kaggle/input/datasets/tschandl/isic2018-challenge-task1-data-segmentation/ISIC2018_Task1-2_Training_Input/ISIC_0010606.jpg,False,1024,768,RGB,1.333,993d7707148336258aea1689715546c5,
/kaggle/input/datasets/tschandl/isic2018-challenge-task1-data-segmentation/ISIC2018_Task1-2_Training_Input/ISIC_0013491.jpg,False,3008,2000,RGB,1.504,0882226d2aa4944edb05a9044c4336b2,
/kaggle/input/datasets/tschandl/isic2018-challenge-task1-data-segmentation/ISIC2018_Task1-2_Training_Input/ISIC_0000169.jpg,False,722,542,RGB,1.332,233aad2932b064c71d7c02aae1aad643,
/kaggle/input/datasets/tschandl/isic2018-challenge-task1-data-segmentation/ISIC2018_Task1-2_Training_Input/ISIC_0006800.jpg,False,3024,2016,RGB,1.5,ace713727e5f226a1d97005708bb5f2f,
/kaggle/input/datasets/tschandl/isic2018-challenge-task1-data-segmentation/ISIC2018_Task1-2_Training_Input/ISIC_0012981.jpg,False,3872,2592,RGB,1.494,4c6b5047bff9cf679461e50fdaa75c35,
/kaggle/input/datasets/tschandl/isic2018-challenge-task1-data-segmentation/ISIC2018_Task1-2_Training_Input/ISIC_0009948.jpg,False,1024,768,RGB,1.333,4b199c9724893d985cc9755ca467f205,
/kaggle/input/datasets/tschandl/isic2018-challenge-task1-data-segmentation/ISIC2018_Task1-2_Training_Input/ISIC_0012211.jpg,False,3008,2000,RGB,1.504,39fef740679989b132a99697a84970cf,
/kaggle/input/datasets/tschandl/isic2018-challenge-task1-data-segmentation/ISIC2018_Task1-2_Training_Input/ISIC_0010346.jpg,False,1024,768,RGB,1.333,e23282bba30c344f69504782ba09fa6e,
/kaggle/input/datasets/tschandl/isic2018-challenge-task1-data-segmentation/ISIC2018_Task1-2_Training_Input/ISIC_0001213.jpg,False,4288,2848,RGB,1.506,70ec81a31f2e842948c47616a1df98af,
/kaggle/input/datasets/tschandl/isic2018-challenge-task1-data-segmentation/ISIC2018_Task1-2_Training_Input/ISIC_0004715.jpg,False,3024,2016,RGB,1.5,e2d4a9c0015ad881bcc8021f9cf99c39,
/kaggle/input/datasets/tschandl/isic2018-challenge-task1-data-segmentation/ISIC2018_Task1-2_Training_Input/ISIC_0011357.jpg,False,1024,768,RGB,1.333,1c0e53873a12866ec4063111e553b59c,
/kaggle/input/datasets/tschandl/isic2018-challenge-task1-data-segmentation/ISIC2018_Task1-2_Training_Input/ISIC_0011323.jpg,False,1024,768,RGB,1.333,08ed08db2e15e05ef3bed74229e12eef,
/kaggle/input/datasets/tschandl/isic2018-challenge-task1-data-segmentation/ISIC2018_Task1-2_Training_Input/ISIC_0002093.jpg,False,3024,2016,RGB,1.5,98720082bc848365854bee479a59b9a1,
/kaggle/input/datasets/tschandl/isic2018-challenge-task1-data-segmentation/ISIC2018_Task1-2_Training_Input/ISIC_0009201.jpg,False,4288,2848,RGB,1.506,d0f76a883162f9d3ec51332f1a5202af,
/kaggle/input/datasets/tschandl/isic2018-challenge-task1-data-segmentation/ISIC2018_Task1-2_Training_Input/ISIC_0014922.jpg,False,6668,4439,RGB,1.502,2efe1f17e04e72cafb68118bdbe4e69f,
/kaggle/input/datasets/tschandl/isic2018-challenge-task1-data-segmentation/ISIC2018_Task1-2_Training_Input/ISIC_0013455.jpg,False,4288,2848,RGB,1.506,3fdd3e5a4562cb461ea59af26160d760,
/kaggle/input/datasets/tschandl/isic2018-challenge-task1-data-segmentation/ISIC2018_Task1-2_Training_Input/ISIC_0010861.jpg,False,1024,768,RGB,1.333,0a2d385cdb1e8665bc740a8cfdc3eda2,
/kaggle/input/datasets/tschandl/isic2018-challenge-task1-data-segmentation/ISIC2018_Task1-2_Training_Input/ISIC_0014171.jpg,False,4288,2848,RGB,1.506,0141bf34d9671079bedeb49820f5676a,
/kaggle/input/datasets/tschandl/isic2018-challenge-task1-data-segmentation/ISIC2018_Task1-2_Training_Input/ISIC_0011372.jpg,False,1024,768,RGB,1.333,114aacb1b9326a60aabe1e2dcf598da6,
/kaggle/input/datasets/tschandl/isic2018-challenge-task1-data-segmentation/ISIC2018_Task1-2_Training_Input/ISIC_0015395.jpg,False,6688,4439,RGB,1.507,72d8885121e815525adf4940d39df170,
/kaggle/input/datasets/tschandl/isic2018-challenge-task1-data-segmentation/ISIC2018_Task1-2_Training_Input/ISIC_0000128.jpg,False,2048,1536,RGB,1.333,48b24cd8adf163795d5ef2b90500887e,
/kaggle/input/datasets/tschandl/isic2018-challenge-task1-data-segmentation/ISIC2018_Task1-2_Training_Input/ISIC_0009995.jpg,False,1024,768,RGB,1.333,ff3620f138d16d07fd884c5b0295a780,
/kaggle/input/datasets/tschandl/isic2018-challenge-task1-data-segmentation/ISIC2018_Task1-2_Training_Input/ISIC_0015244.jpg,False,6708,4439,RGB,1.511,0335878184ddde36aab3f92d8c88aca8,
/kaggle/input/datasets/tschandl/isic2018-challenge-task1-data-segmentation/ISIC2018_Task1-2_Training_Input/ISIC_0014325.jpg,False,4288,2848,RGB,1.506,41e9758b6b9f61776b2e0b18db871a4c,
/kaggle/input/datasets/tschandl/isic2018-challenge-task1-data-segmentation/ISIC2018_Task1-2_Training_Input/ISIC_0011177.jpg,False,1024,768,RGB,1.333,189ce37983e0f9aaef58ac887c13df23,
/kaggle/input/datasets/tschandl/isic2018-challenge-task1-data-segmentation/ISIC2018_Task1-2_Training_Input/ISIC_0013809.jpg,False,4288,2848,RGB,1.506,6fb9dfca0a89f51f4e6949514cc95aab,
/kaggle/input/datasets/tschandl/isic2018-challenge-task1-data-segmentation/ISIC2018_Task1-2_Training_Input/ISIC_0010194.jpg,False,1024,768,RGB,1.333,4898f68bba87feec4c1aa6a34ad2c05d,
/kaggle/input/datasets/tschandl/isic2018-challenge-task1-data-segmentation/ISIC2018_Task1-2_Training_Input/ISIC_0000132.jpg,False,2048,1536,RGB,1.333,0a0d10fc0977c041953c5c17f8347547,
/kaggle/input/datasets/tschandl/isic2018-challenge-task1-data-segmentation/ISIC2018_Task1-2_Training_Input/ISIC_0009883.jpg,False,1024,768,RGB,1.333,d9dd05f8c4db2127c88915ea7f04ed32,
/kaggle/input/datasets/tschandl/isic2018-challenge-task1-data-segmentation/ISIC2018_Task1-2_Training_Input/ISIC_0015185.jpg,False,6608,4419,RGB,1.495,5fc43df3eb9e3d5e2b3f30439588e3df,
/kaggle/input/datasets/tschandl/isic2018-challenge-task1-data-segmentation/ISIC2018_Task1-2_Training_Input/ISIC_0015270.jpg,False,6648,4439,RGB,1.498,58b2be0418f7a4cad1159aae6f8a47ea,
/kaggle/input/datasets/tschandl/isic2018-challenge-task1-data-segmentation/ISIC2018_Task1-2_Training_Input/ISIC_0016006.jpg,False,4288,2848,RGB,1.506,e26ca821cb439fbd5ce3d89c5beb15ea,
/kaggle/input/datasets/tschandl/isic2018-challenge-task1-data-segmentation/ISIC2018_Task1-2_Training_Input/ISIC_0009297.jpg,False,4288,2848,RGB,1.506,d3299b2905a3ce5eb63149a53066a8cb,
/kaggle/input/datasets/tschandl/isic2018-challenge-task1-data-segmentation/ISIC2018_Task1-2_Training_Input/ISIC_0000451.jpg,False,3072,2304,RGB,1.333,a7332700566326988895cf155a743053,
/kaggle/input/datasets/tschandl/isic2018-challenge-task1-data-segmentation/ISIC2018_Task1-2_Training_Input/ISIC_0000311.jpg,False,767,576,RGB,1.332,df114210ef689b10a31bee7146fdc395,
/kaggle/input/datasets/tschandl/isic2018-challenge-task1-data-segmentation/ISIC2018_Task1-2_Training_Input/ISIC_0000050.jpg,False,1504,1129,RGB,1.332,2a668a1b229c208d4fe60fc6fd0a6bb8,
/kaggle/input/datasets/tschandl/isic2018-challenge-task1-data-segmentation/ISIC2018_Task1-2_Training_Input/ISIC_0010599.jpg,False,1024,768,RGB,1.333,709479748d2e12390288468bc083fe59,
/kaggle/input/datasets/tschandl/isic2018-challenge-task1-data-segmentation/ISIC2018_Task1-2_Training_Input/ISIC_0010319.jpg,False,1024,768,RGB,1.333,9c347ae5b0277e3c1a74b9bfb73579d4,
/kaggle/input/datasets/tschandl/isic2018-challenge-task1-data-segmentation/ISIC2018_Task1-2_Training_Input/ISIC_0010044.jpg,False,1024,768,RGB,1.333,408d07e418aeb22ccd3649a4a1408144,
/kaggle/input/datasets/tschandl/isic2018-challenge-task1-data-segmentation/ISIC2018_Task1-2_Training_Input/ISIC_0012224.jpg,False,4288,2848,RGB,1.506,e69aff155a5a14991663a4c46373cfa8,
/kaggle/input/datasets/tschandl/isic2018-challenge-task1-data-segmentation/ISIC2018_Task1-2_Training_Input/ISIC_0011333.jpg,False,1024,768,RGB,1.333,beff88e0ef12bf7ec088fff8e7ff4947,
/kaggle/input/datasets/tschandl/isic2018-challenge-task1-data-segmentation/ISIC2018_Task1-2_Training_Input/ISIC_0000006.jpg,False,1022,767,RGB,1.332,ef672ec245535160a1fc67802cb38c92,
/kaggle/input/datasets/tschandl/isic2018-challenge-task1-data-segmentation/ISIC2018_Task1-2_Training_Input/ISIC_0013271.jpg,False,4288,2848,RGB,1.506,22581d0ed01ca92f328cfc8039791dba,
/kaggle/input/datasets/tschandl/isic2018-challenge-task1-data-segmentation/ISIC2018_Task1-2_Training_Input/ISIC_0011170.jpg,False,1024,768,RGB,1.333,7b4be228f690b6062681f4027bb5dc46,
/kaggle/input/datasets/tschandl/isic2018-challenge-task1-data-segmentation/ISIC2018_Task1-2_Training_Input/ISIC_0010212.jpg,False,1024,768,RGB,1.333,53f687364325847a5ba2d0c6c29ed1ab,
/kaggle/input/datasets/tschandl/isic2018-challenge-task1-data-segmentation/ISIC2018_Task1-2_Training_Input/ISIC_0009925.jpg,False,1024,768,RGB,1.333,2ac579b4e6dd619748df5c4938ac5a0b,
/kaggle/input/datasets/tschandl/isic2018-challenge-task1-data-segmentation/ISIC2018_Task1-2_Training_Input/ISIC_0013581.jpg,False,4288,2848,RGB,1.506,dc14be729c2c050933f8f87c4c6ab003,
/kaggle/input/datasets/tschandl/isic2018-challenge-task1-data-segmentation/ISIC2018_Task1-2_Training_Input/ISIC_0014843.jpg,False,6642,4421,RGB,1.502,0215534fbf632599867aa5313f9a0c8a,
/kaggle/input/datasets/tschandl/isic2018-challenge-task1-data-segmentation/ISIC2018_Task1-2_Training_Input/ISIC_0011366.jpg,False,1024,768,RGB,1.333,d6ce921b238e35765d5017aae014bb88,
/kaggle/input/datasets/tschandl/isic2018-challenge-task1-data-segmentation/ISIC2018_Task1-2_Training_Input/ISIC_0006612.jpg,False,4288,2848,RGB,1.506,8459ddc85e612f24f25b91d8ce5c00e8,
/kaggle/input/datasets/tschandl/isic2018-challenge-task1-data-segmentation/ISIC2018_Task1-2_Training_Input/ISIC_0000054.jpg,False,1504,1129,RGB,1.332,3bded0071d34167ee0d2880fc7375f95,
/kaggle/input/datasets/tschandl/isic2018-challenge-task1-data-segmentation/ISIC2018_Task1-2_Training_Input/ISIC_0010235.jpg,False,1024,768,RGB,1.333,6b59ef3ad8fe0b58597359485211edf4,
/kaggle/input/datasets/tschandl/isic2018-challenge-task1-data-segmentation/ISIC2018_Task1-2_Training_Input/ISIC_0014349.jpg,False,4288,2848,RGB,1.506,7db397b54a76125bcace83a845d12e5b,
/kaggle/input/datasets/tschandl/isic2018-challenge-task1-data-segmentation/ISIC2018_Task1-2_Training_Input/ISIC_0013837.jpg,False,3008,2000,RGB,1.504,c37b6cd31c811452289c9001469a0f84,
/kaggle/input/datasets/tschandl/isic2018-challenge-task1-data-segmentation/ISIC2018_Task1-2_Training_Input/ISIC_0010204.jpg,False,1024,768,RGB,1.333,3353e6823fc00d1af47bbc5c93419a69,
/kaggle/input/datasets/tschandl/isic2018-challenge-task1-data-segmentation/ISIC2018_Task1-2_Training_Input/ISIC_0011306.jpg,False,1024,768,RGB,1.333,124e250f1fa3e1f5521e2f9994a95aee,
/kaggle/input/datasets/tschandl/isic2018-challenge-task1-data-segmentation/ISIC2018_Task1-2_Training_Input/ISIC_0012089.jpg,False,4288,2848,RGB,1.506,87537b572190d29f4c695916ad1bde2b,
/kaggle/input/datasets/tschandl/isic2018-challenge-task1-data-segmentation/ISIC2018_Task1-2_Training_Input/ISIC_0014103.jpg,False,4288,2848,RGB,1.506,8128bc97eb521985549f959c7b05a06f,
/kaggle/input/datasets/tschandl/isic2018-challenge-task1-data-segmentation/ISIC2018_Task1-2_Training_Input/ISIC_0010570.jpg,False,1024,768,RGB,1.333,0515dbacce52c8c9b25953c4d49468a1,
/kaggle/input/datasets/tschandl/isic2018-challenge-task1-data-segmentation/ISIC2018_Task1-2_Training_Input/ISIC_0000491.jpg,False,919,802,RGB,1.146,e464719ea440ee97cecc2c66266d6d70,
/kaggle/input/datasets/tschandl/isic2018-challenge-task1-data-segmentation/ISIC2018_Task1-2_Training_Input/ISIC_0000022.jpg,False,1504,1129,RGB,1.332,f6bf57a5bc49e6221b9981945981067d,
/kaggle/input/datasets/tschandl/isic2018-challenge-task1-data-segmentation/ISIC2018_Task1-2_Training_Input/ISIC_0009929.jpg,False,1024,768,RGB,1.333,c83e292154a53397a2b4c9cbaa28fc09,
/kaggle/input/datasets/tschandl/isic2018-challenge-task1-data-segmentation/ISIC2018_Task1-2_Training_Input/ISIC_0000039.jpg,False,1504,1129,RGB,1.332,79c7d351ed911bc68b9fb62055cf6e8d,
/kaggle/input/datasets/tschandl/isic2018-challenge-task1-data-segmentation/ISIC2018_Task1-2_Training_Input/ISIC_0015483.jpg,False,6668,4459,RGB,1.495,23db6c1b48e01cb19adf113f8202a3d5,
/kaggle/input/datasets/tschandl/isic2018-challenge-task1-data-segmentation/ISIC2018_Task1-2_Training_Input/ISIC_0002469.jpg,False,3024,2016,RGB,1.5,b2deaf5357c2bb520875d63de7cb87b9,
/kaggle/input/datasets/tschandl/isic2018-challenge-task1-data-segmentation/ISIC2018_Task1-2_Training_Input/ISIC_0010441.jpg,False,1024,768,RGB,1.333,67f1a2b1df078158e1555a17b389daef,
/kaggle/input/datasets/tschandl/isic2018-challenge-task1-data-segmentation/ISIC2018_Task1-2_Training_Input/ISIC_0013898.jpg,False,4288,2848,RGB,1.506,abcbcf5ed29bdfc0ec83f5b84d1c7a2c,
/kaggle/input/datasets/tschandl/isic2018-challenge-task1-data-segmentation/ISIC2018_Task1-2_Training_Input/ISIC_0014059.jpg,False,4288,2848,RGB,1.506,69ad5a8d376880c0afa32a1ae2c2370e,
/kaggle/input/datasets/tschandl/isic2018-challenge-task1-data-segmentation/ISIC2018_Task1-2_Training_Input/ISIC_0002885.jpg,False,4288,2848,RGB,1.506,7999d6f78b4f9ebcda822c436944b892,
/kaggle/input/datasets/tschandl/isic2018-challenge-task1-data-segmentation/ISIC2018_Task1-2_Training_Input/ISIC_0013562.jpg,False,4288,2848,RGB,1.506,fae94c30d1f1ba79fc40311567ce89d6,
/kaggle/input/datasets/tschandl/isic2018-challenge-task1-data-segmentation/ISIC2018_Task1-2_Training_Input/ISIC_0016005.jpg,False,4288,2848,RGB,1.506,3856c0c1bd1263cdf5cda2e66917bd15,
/kaggle/input/datasets/tschandl/isic2018-challenge-task1-data-segmentation/ISIC2018_Task1-2_Training_Input/ISIC_0000276.jpg,False,1024,768,RGB,1.333,357ca48c0acaf0f18710567adc9a345b,
/kaggle/input/datasets/tschandl/isic2018-challenge-task1-data-segmentation/ISIC2018_Task1-2_Training_Input/ISIC_0010061.jpg,False,1024,768,RGB,1.333,c82fd9c7269bd182288cde0cc3527453,
/kaggle/input/datasets/tschandl/isic2018-challenge-task1-data-segmentation/ISIC2018_Task1-2_Training_Input/ISIC_0012777.jpg,False,3008,2000,RGB,1.504,a191855af64d03e454651df81985dc24,
/kaggle/input/datasets/tschandl/isic2018-challenge-task1-data-segmentation/ISIC2018_Task1-2_Training_Input/ISIC_0000170.jpg,False,722,542,RGB,1.332,e27685b75bdd4f8c602755905760d557,
/kaggle/input/datasets/tschandl/isic2018-challenge-task1-data-segmentation/ISIC2018_Task1-2_Training_Input/ISIC_0013500.jpg,False,3872,2592,RGB,1.494,f10dbf719dced3924551213192b33ad1,
/kaggle/input/datasets/tschandl/isic2018-challenge-task1-data-segmentation/ISIC2018_Task1-2_Training_Input/ISIC_0008993.jpg,False,3024,2016,RGB,1.5,865811a721acc2695629f41e8c264e6b,
/kaggle/input/datasets/tschandl/isic2018-challenge-task1-data-segmentation/ISIC2018_Task1-2_Training_Input/ISIC_0015947.jpg,False,3008,2000,RGB,1.504,b7d70885497522bf378c71a3405c8b4b,
/kaggle/input/datasets/tschandl/isic2018-challenge-task1-data-segmentation/ISIC2018_Task1-2_Training_Input/ISIC_0012656.jpg,False,2304,1536,RGB,1.5,0a782bf4d69b8f297470ab132ac3a333,
/kaggle/input/datasets/tschandl/isic2018-challenge-task1-data-segmentation/ISIC2018_Task1-2_Training_Input/ISIC_0005787.jpg,False,3024,2016,RGB,1.5,46cc22277c2ba4e2b2891a4abbb090a3,
/kaggle/input/datasets/tschandl/isic2018-challenge-task1-data-segmentation/ISIC2018_Task1-2_Training_Input/ISIC_0013685.jpg,False,3008,2000,RGB,1.504,532aeda188a8bb269611bb305cae3095,
/kaggle/input/datasets/tschandl/isic2018-challenge-task1-data-segmentation/ISIC2018_Task1-2_Training_Input/ISIC_0013828.jpg,False,3008,2000,RGB,1.504,cbbc94ee395d79f7f23b389c05e59538,
/kaggle/input/datasets/tschandl/isic2018-challenge-task1-data-segmentation/ISIC2018_Task1-2_Training_Input/ISIC_0014600.jpg,False,2592,1936,RGB,1.339,5a07f83cb3fd7a152bb800d13fde0dd6,
/kaggle/input/datasets/tschandl/isic2018-challenge-task1-data-segmentation/ISIC2018_Task1-2_Training_Input/ISIC_0000140.jpg,False,2816,2112,RGB,1.333,e4e008b015b878f9eb383004e4607cbe,
/kaggle/input/datasets/tschandl/isic2018-challenge-task1-data-segmentation/ISIC2018_Task1-2_Training_Input/ISIC_0016051.jpg,False,4288,2848,RGB,1.506,d1159e5d8db4bd87c5c21ef868bf2784,
/kaggle/input/datasets/tschandl/isic2018-challenge-task1-data-segmentation/ISIC2018_Task1-2_Training_Input/ISIC_0014434.jpg,False,4288,2848,RGB,1.506,4088342f3925f445400776200d8cb992,
/kaggle/input/datasets/tschandl/isic2018-challenge-task1-data-segmentation/ISIC2018_Task1-2_Training_Input/ISIC_0010587.jpg,False,1024,768,RGB,1.333,1e6bf3b320c21d737e04f21e392b31a9,
/kaggle/input/datasets/tschandl/isic2018-challenge-task1-data-segmentation/ISIC2018_Task1-2_Training_Input/ISIC_0000211.jpg,False,962,674,RGB,1.427,9c05c935bbac14510cd4f2527897d08f,
/kaggle/input/datasets/tschandl/isic2018-challenge-task1-data-segmentation/ISIC2018_Task1-2_Training_Input/ISIC_0011353.jpg,False,1024,768,RGB,1.333,d35e372c4a11da85b72c55d2a35b36cd,
/kaggle/input/datasets/tschandl/isic2018-challenge-task1-data-segmentation/ISIC2018_Task1-2_Training_Input/ISIC_0010602.jpg,False,1024,768,RGB,1.333,0a5036ee5b502c90c5832789992c6801,
/kaggle/input/datasets/tschandl/isic2018-challenge-task1-data-segmentation/ISIC2018_Task1-2_Training_Input/ISIC_0009944.jpg,False,1024,768,RGB,1.333,32c1f85ca7ac4935899f848f8c7b3c78,
/kaggle/input/datasets/tschandl/isic2018-challenge-task1-data-segmentation/ISIC2018_Task1-2_Training_Input/ISIC_0008280.jpg,False,3024,2016,RGB,1.5,cafc9d80c7f65e0a891af9c7b25b7278,
/kaggle/input/datasets/tschandl/isic2018-challenge-task1-data-segmentation/ISIC2018_Task1-2_Training_Input/ISIC_0000201.jpg,False,1043,705,RGB,1.479,a515b09ae8a3eeeb6b71ac0dbed29b3e,
/kaggle/input/datasets/tschandl/isic2018-challenge-task1-data-segmentation/ISIC2018_Task1-2_Training_Input/ISIC_0000350.jpg,False,767,576,RGB,1.332,b9dc07513dcbba1614439c92a879db93,
/kaggle/input/datasets/tschandl/isic2018-challenge-task1-data-segmentation/ISIC2018_Task1-2_Training_Input/ISIC_0011149.jpg,False,1024,768,RGB,1.333,0f27ef758cdcb033b689538b5bbc8f87,
/kaggle/input/datasets/tschandl/isic2018-challenge-task1-data-segmentation/ISIC2018_Task1-2_Training_Input/ISIC_0015447.jpg,False,6641,4420,RGB,1.502,68b2cf82e2045640c9b6c462e9162763,
/kaggle/input/datasets/tschandl/isic2018-challenge-task1-data-segmentation/ISIC2018_Task1-2_Training_Input/ISIC_0015948.jpg,False,3008,2000,RGB,1.504,f9b0e01806b3b4cd2354cf69e1f2e5dd,
/kaggle/input/datasets/tschandl/isic2018-challenge-task1-data-segmentation/ISIC2018_Task1-2_Training_Input/ISIC_0011162.jpg,False,1024,768,RGB,1.333,18b67b725353d9e547dd957314267458,
/kaggle/input/datasets/tschandl/isic2018-challenge-task1-data-segmentation/ISIC2018_Task1-2_Training_Input/ISIC_0014853.jpg,False,6648,4439,RGB,1.498,c3ef12341807948a93db6febc08014ee,
/kaggle/input/datasets/tschandl/isic2018-challenge-task1-data-segmentation/ISIC2018_Task1-2_Training_Input/ISIC_0012273.jpg,False,3008,2000,RGB,1.504,72ae602e8c6a32655443407e2d59e976,
/kaggle/input/datasets/tschandl/isic2018-challenge-task1-data-segmentation/ISIC2018_Task1-2_Training_Input/ISIC_0000019.jpg,False,1504,1129,RGB,1.332,6190f47ce067d66cb8325a38ae418f53,
/kaggle/input/datasets/tschandl/isic2018-challenge-task1-data-segmentation/ISIC2018_Task1-2_Training_Input/ISIC_0016054.jpg,False,4288,2848,RGB,1.506,c6a5b4a81a7ff8d7f16d334ded774e3c,
/kaggle/input/datasets/tschandl/isic2018-challenge-task1-data-segmentation/ISIC2018_Task1-2_Training_Input/ISIC_0003462.jpg,False,3024,2016,RGB,1.5,e2e0a2d83edee089b1efc378f7ff5e2e,
/kaggle/input/datasets/tschandl/isic2018-challenge-task1-data-segmentation/ISIC2018_Task1-2_Training_Input/ISIC_0009885.jpg,False,1024,768,RGB,1.333,8200c4ed48bfef283e367ee3aaedd4ae,
/kaggle/input/datasets/tschandl/isic2018-challenge-task1-data-segmentation/ISIC2018_Task1-2_Training_Input/ISIC_0015139.jpg,False,6662,4422,RGB,1.507,ce8173a5d2c476f31c643593f1686158,
/kaggle/input/datasets/tschandl/isic2018-challenge-task1-data-segmentation/ISIC2018_Task1-2_Training_Input/ISIC_0015193.jpg,False,6688,4459,RGB,1.5,98ddedb1a732198ca5b5458558403923,
/kaggle/input/datasets/tschandl/isic2018-challenge-task1-data-segmentation/ISIC2018_Task1-2_Training_Input/ISIC_0013065.jpg,False,3872,2592,RGB,1.494,32eef0a54d19dd21c7ef525ad4683b51,
/kaggle/input/datasets/tschandl/isic2018-challenge-task1-data-segmentation/ISIC2018_Task1-2_Training_Input/ISIC_0010498.jpg,False,1024,768,RGB,1.333,04c78058b346b2d689313c180cd59cfb,
/kaggle/input/datasets/tschandl/isic2018-challenge-task1-data-segmentation/ISIC2018_Task1-2_Training_Input/ISIC_0010078.jpg,False,1024,768,RGB,1.333,3cb67b99216a1d5c67d489e65897e9a2,
/kaggle/input/datasets/tschandl/isic2018-challenge-task1-data-segmentation/ISIC2018_Task1-2_Training_Input/ISIC_0000250.jpg,False,1024,768,RGB,1.333,ff28c99e27e1cda02346fd7e543819b5,
/kaggle/input/datasets/tschandl/isic2018-challenge-task1-data-segmentation/ISIC2018_Task1-2_Training_Input/ISIC_0014624.jpg,False,2592,1936,RGB,1.339,a35b1afecdaae070550ba4d759b92faa,
/kaggle/input/datasets/tschandl/isic2018-challenge-task1-data-segmentation/ISIC2018_Task1-2_Training_Input/ISIC_0013798.jpg,False,3872,2592,RGB,1.494,cf6dd6166542459a17cea8a0f0bba6a5,
/kaggle/input/datasets/tschandl/isic2018-challenge-task1-data-segmentation/ISIC2018_Task1-2_Training_Input/ISIC_0016036.jpg,False,4288,2848,RGB,1.506,876ed4838bed148c988ca3b16a5073de,
/kaggle/input/datasets/tschandl/isic2018-challenge-task1-data-segmentation/ISIC2018_Task1-2_Training_Input/ISIC_0014982.jpg,False,6641,4420,RGB,1.502,1b9c4b3783f01f1d8626e7e896a839da,
/kaggle/input/datasets/tschandl/isic2018-challenge-task1-data-segmentation/ISIC2018_Task1-2_Training_Input/ISIC_0014651.jpg,False,2592,1936,RGB,1.339,8eac9619ee52eab952fa8d5ed9742fa6,
/kaggle/input/datasets/tschandl/isic2018-challenge-task1-data-segmentation/ISIC2018_Task1-2_Training_Input/ISIC_0013523.jpg,False,3008,2000,RGB,1.504,a24fa0865032a1365a0b65e44604210b,
/kaggle/input/datasets/tschandl/isic2018-challenge-task1-data-segmentation/ISIC2018_Task1-2_Training_Input/ISIC_0011123.jpg,False,1024,768,RGB,1.333,ecbecf4780eebbaf9cdcfc8a9203bca1,
/kaggle/input/datasets/tschandl/isic2018-challenge-task1-data-segmentation/ISIC2018_Task1-2_Training_Input/ISIC_0001128.jpg,False,3072,2304,RGB,1.333,61b1680db3a4ec9e4b45d316e02f0f5e,
/kaggle/input/datasets/tschandl/isic2018-challenge-task1-data-segmentation/ISIC2018_Task1-2_Training_Input/ISIC_0010492.jpg,False,1024,768,RGB,1.333,9c79c3a7c4d2e81c3a233f3d3109ba74,
/kaggle/input/datasets/tschandl/isic2018-challenge-task1-data-segmentation/ISIC2018_Task1-2_Training_Input/ISIC_0016050.jpg,False,4288,2848,RGB,1.506,1b37a8e1af20eb731f9d26566a1fffa2,
/kaggle/input/datasets/tschandl/isic2018-challenge-task1-data-segmentation/ISIC2018_Task1-2_Training_Input/ISIC_0009504.jpg,False,4288,2848,RGB,1.506,86f73452e300cc0a12f4e0ef39924573,
/kaggle/input/datasets/tschandl/isic2018-challenge-task1-data-segmentation/ISIC2018_Task1-2_Training_Input/ISIC_0015276.jpg,False,6708,4439,RGB,1.511,07880ed5db4dc8012f8a0ce2c3bb45e8,
/kaggle/input/datasets/tschandl/isic2018-challenge-task1-data-segmentation/ISIC2018_Task1-2_Training_Input/ISIC_0012223.jpg,False,4288,2848,RGB,1.506,ddf5ddb3c1fa8c7fa971fd28045da236,
/kaggle/input/datasets/tschandl/isic2018-challenge-task1-data-segmentation/ISIC2018_Task1-2_Training_Input/ISIC_0011386.jpg,False,1024,768,RGB,1.333,7632e112be08eef411872c40108de3ff,
/kaggle/input/datasets/tschandl/isic2018-challenge-task1-data-segmentation/ISIC2018_Task1-2_Training_Input/ISIC_0012804.jpg,False,3008,2000,RGB,1.504,8dc5dea34dfd7d8d9612570efca14f40,
/kaggle/input/datasets/tschandl/isic2018-challenge-task1-data-segmentation/ISIC2018_Task1-2_Training_Input/ISIC_0015155.jpg,False,6601,4380,RGB,1.507,f1e004ae3cc81fffc7d8c66c341a95e6,
/kaggle/input/datasets/tschandl/isic2018-challenge-task1-data-segmentation/ISIC2018_Task1-2_Training_Input/ISIC_0013124.jpg,False,3872,2592,RGB,1.494,d9e0394ff9c1d5ce6df5d0f971247a86,
/kaggle/input/datasets/tschandl/isic2018-challenge-task1-data-segmentation/ISIC2018_Task1-2_Training_Input/ISIC_0015994.jpg,False,3872,2592,RGB,1.494,e4049ec69b7676293433d92c379cefb5,
/kaggle/input/datasets/tschandl/isic2018-challenge-task1-data-segmentation/ISIC2018_Task1-2_Training_Input/ISIC_0012435.jpg,False,3008,2000,RGB,1.504,cdbf0b95d0e4f6182022ee4981ad20f9,
/kaggle/input/datasets/tschandl/isic2018-challenge-task1-data-segmentation/ISIC2018_Task1-2_Training_Input/ISIC_0015941.jpg,False,3008,2000,RGB,1.504,a49473a24063de3149748bf5d3688d6f,
/kaggle/input/datasets/tschandl/isic2018-challenge-task1-data-segmentation/ISIC2018_Task1-2_Training_Input/ISIC_0013302.jpg,False,4288,2848,RGB,1.506,3025044c770a77c72b298e997cd22aed,
/kaggle/input/datasets/tschandl/isic2018-challenge-task1-data-segmentation/ISIC2018_Task1-2_Training_Input/ISIC_0000177.jpg,False,1069,703,RGB,1.521,fb96b3be98957f5694031dd661b11bf6,
/kaggle/input/datasets/tschandl/isic2018-challenge-task1-data-segmentation/ISIC2018_Task1-2_Training_Input/ISIC_0013561.jpg,False,3008,2000,RGB,1.504,2b01c74098be57e7d9bf3834d2f0eff3,
/kaggle/input/datasets/tschandl/isic2018-challenge-task1-data-segmentation/ISIC2018_Task1-2_Training_Input/ISIC_0010494.jpg,False,1024,768,RGB,1.333,a48087bf8ea3c9cb3684a45ce2c3d7c6,
/kaggle/input/datasets/tschandl/isic2018-challenge-task1-data-segmentation/ISIC2018_Task1-2_Training_Input/ISIC_0015987.jpg,False,3008,2000,RGB,1.504,7df194fba0b19ea780f5765a09e8edf5,
/kaggle/input/datasets/tschandl/isic2018-challenge-task1-data-segmentation/ISIC2018_Task1-2_Training_Input/ISIC_0010320.jpg,False,1024,768,RGB,1.333,d68bd320050928289b259e84f81c9d6a,
/kaggle/input/datasets/tschandl/isic2018-challenge-task1-data-segmentation/ISIC2018_Task1-2_Training_Input/ISIC_0014149.jpg,False,4288,2848,RGB,1.506,d3c52a101301204fba40b98e1d84f647,
/kaggle/input/datasets/tschandl/isic2018-challenge-task1-data-segmentation/ISIC2018_Task1-2_Training_Input/ISIC_0014029.jpg,False,3008,2000,RGB,1.504,d5ce8a116cf4c865e70241d2e0b1ceb0,
/kaggle/input/datasets/tschandl/isic2018-challenge-task1-data-segmentation/ISIC2018_Task1-2_Training_Input/ISIC_0014846.jpg,False,6641,4440,RGB,1.496,58033cd7dffa175634525241cab62e91,
/kaggle/input/datasets/tschandl/isic2018-challenge-task1-data-segmentation/ISIC2018_Task1-2_Training_Input/ISIC_0000108.jpg,False,2048,1536,RGB,1.333,f4e1bd1ea25acc1f603dfb39c9cabc36,
/kaggle/input/datasets/tschandl/isic2018-challenge-task1-data-segmentation/ISIC2018_Task1-2_Training_Input/ISIC_0015481.jpg,False,6648,4479,RGB,1.484,9deb4b69f158fc4cabfb3e381365d284,
/kaggle/input/datasets/tschandl/isic2018-challenge-task1-data-segmentation/ISIC2018_Task1-2_Training_Input/ISIC_0000288.jpg,False,1024,768,RGB,1.333,c54d31fa241de132a43c25799b7090be,
/kaggle/input/datasets/tschandl/isic2018-challenge-task1-data-segmentation/ISIC2018_Task1-2_Training_Input/ISIC_0000113.jpg,False,2816,2112,RGB,1.333,44245d10bdc8f40a02c90133c6e19b74,
/kaggle/input/datasets/tschandl/isic2018-challenge-task1-data-segmentation/ISIC2018_Task1-2_Training_Input/ISIC_0012897.jpg,False,3008,2000,RGB,1.504,9625912c0fe953d6d74f3d6efa9f765c,
/kaggle/input/datasets/tschandl/isic2018-challenge-task1-data-segmentation/ISIC2018_Task1-2_Training_Input/ISIC_0012889.jpg,False,3008,2000,RGB,1.504,305e46c366e343acae501627e49ede04,
/kaggle/input/datasets/tschandl/isic2018-challenge-task1-data-segmentation/ISIC2018_Task1-2_Training_Input/ISIC_0013414.jpg,False,4288,2848,RGB,1.506,6de1f41162a2dc2e133e61d00ca0d9b8,
/kaggle/input/datasets/tschandl/isic2018-challenge-task1-data-segmentation/ISIC2018_Task1-2_Training_Input/ISIC_0007087.jpg,False,3024,2016,RGB,1.5,ac6c247fb0e113c602481150124fb432,
/kaggle/input/datasets/tschandl/isic2018-challenge-task1-data-segmentation/ISIC2018_Task1-2_Training_Input/ISIC_0009035.jpg,False,4288,2848,RGB,1.506,f827890a6c7a90b2850b97d6c30ecb61,
/kaggle/input/datasets/tschandl/isic2018-challenge-task1-data-segmentation/ISIC2018_Task1-2_Training_Input/ISIC_0013527.jpg,False,3008,2000,RGB,1.504,3ba344b9219b4fd70d152fbd5ebad34a,
/kaggle/input/datasets/tschandl/isic2018-challenge-task1-data-segmentation/ISIC2018_Task1-2_Training_Input/ISIC_0014685.jpg,False,6648,4419,RGB,1.504,4b815371be33bc48df71a91e95702ebb,
/kaggle/input/datasets/tschandl/isic2018-challenge-task1-data-segmentation/ISIC2018_Task1-2_Training_Input/ISIC_0014845.jpg,False,6622,4401,RGB,1.505,9c081fc0a1c19786e02f5c591ed79f0b,
/kaggle/input/datasets/tschandl/isic2018-challenge-task1-data-segmentation/ISIC2018_Task1-2_Training_Input/ISIC_0000495.jpg,False,919,802,RGB,1.146,0e6bafc384dc70d309889ccc84dbb977,
/kaggle/input/datasets/tschandl/isic2018-challenge-task1-data-segmentation/ISIC2018_Task1-2_Training_Input/ISIC_0011382.jpg,False,1024,768,RGB,1.333,5d75cd621b6bd4b369bec37b7c1fe439,
/kaggle/input/datasets/tschandl/isic2018-challenge-task1-data-segmentation/ISIC2018_Task1-2_Training_Input/ISIC_0014945.jpg,False,6688,4439,RGB,1.507,2ba9c941d8d5e71bab874ad8e524fa44,
/kaggle/input/datasets/tschandl/isic2018-challenge-task1-data-segmentation/ISIC2018_Task1-2_Training_Input/ISIC_0013494.jpg,False,4288,2848,RGB,1.506,e7ab24bd9ef7dcc9bec3c32ed8dac060,
/kaggle/input/datasets/tschandl/isic2018-challenge-task1-data-segmentation/ISIC2018_Task1-2_Training_Input/ISIC_0014577.jpg,False,2592,1936,RGB,1.339,6ac48caad20254e4b5e518b1768aae0d,
/kaggle/input/datasets/tschandl/isic2018-challenge-task1-data-segmentation/ISIC2018_Task1-2_Training_Input/ISIC_0015582.jpg,False,6688,4419,RGB,1.513,0ceca8cac9b6e733ec1606367439ec2a,
/kaggle/input/datasets/tschandl/isic2018-challenge-task1-data-segmentation/ISIC2018_Task1-2_Training_Input/ISIC_0000549.jpg,False,824,719,RGB,1.146,55359c1e1eba292941fd6876febe7495,
/kaggle/input/datasets/tschandl/isic2018-challenge-task1-data-segmentation/ISIC2018_Task1-2_Training_Input/ISIC_0015030.jpg,False,6602,4382,RGB,1.507,370c9e04f27b4382e0c0b0f5596d3ce8,
/kaggle/input/datasets/tschandl/isic2018-challenge-task1-data-segmentation/ISIC2018_Task1-2_Training_Input/ISIC_0012516.jpg,False,4288,2848,RGB,1.506,d606f9660c8fcfe58a345b4018e8bf42,
/kaggle/input/datasets/tschandl/isic2018-challenge-task1-data-segmentation/ISIC2018_Task1-2_Training_Input/ISIC_0014558.jpg,False,4288,2848,RGB,1.506,d49304bf3a6e13bb5a8334c59260796f,
/kaggle/input/datasets/tschandl/isic2018-challenge-task1-data-segmentation/ISIC2018_Task1-2_Training_Input/ISIC_0010323.jpg,False,1024,768,RGB,1.333,c66ecb6a6a406ab34aad32796c54aac7,
/kaggle/input/datasets/tschandl/isic2018-challenge-task1-data-segmentation/ISIC2018_Task1-2_Training_Input/ISIC_0015990.jpg,False,3008,2000,RGB,1.504,1a13e237783262d9266c80be304f6a49,
/kaggle/input/datasets/tschandl/isic2018-challenge-task1-data-segmentation/ISIC2018_Task1-2_Training_Input/ISIC_0008913.jpg,False,4288,2848,RGB,1.506,edfcb681f8b7aeb87bf2f9d04bea16a7,
/kaggle/input/datasets/tschandl/isic2018-challenge-task1-data-segmentation/ISIC2018_Task1-2_Training_Input/ISIC_0015258.jpg,False,6688,4439,RGB,1.507,6a65eb9cf0d5dfd5005faaa55ef26e00,
/kaggle/input/datasets/tschandl/isic2018-challenge-task1-data-segmentation/ISIC2018_Task1-2_Training_Input/ISIC_0013775.jpg,False,4288,2848,RGB,1.506,6e285b41575fc3234e1fa622151f6ce1,
/kaggle/input/datasets/tschandl/isic2018-challenge-task1-data-segmentation/ISIC2018_Task1-2_Training_Input/ISIC_0000300.jpg,False,767,576,RGB,1.332,db4a48ba0b91caedb1ef6cfb40300acd,
/kaggle/input/datasets/tschandl/isic2018-challenge-task1-data-segmentation/ISIC2018_Task1-2_Training_Input/ISIC_0013383.jpg,False,4288,2848,RGB,1.506,0abd63f0955c04eaf014019862540c1d,
/kaggle/input/datasets/tschandl/isic2018-challenge-task1-data-segmentation/ISIC2018_Task1-2_Training_Input/ISIC_0012880.jpg,False,3008,2000,RGB,1.504,690e5648973f0d9d553cfa281b18c9f4,
/kaggle/input/datasets/tschandl/isic2018-challenge-task1-data-segmentation/ISIC2018_Task1-2_Training_Input/ISIC_0014844.jpg,False,6620,4420,RGB,1.498,011c4536f3fdcc5fde3f94fde2b346a0,
/kaggle/input/datasets/tschandl/isic2018-challenge-task1-data-segmentation/ISIC2018_Task1-2_Training_Input/ISIC_0014308.jpg,False,4288,2848,RGB,1.506,4a0466b59cfa6d4acf07065eba031c39,
/kaggle/input/datasets/tschandl/isic2018-challenge-task1-data-segmentation/ISIC2018_Task1-2_Training_Input/ISIC_0013801.jpg,False,3008,2000,RGB,1.504,f82db433639e5756a388e881a14a495d,
/kaggle/input/datasets/tschandl/isic2018-challenge-task1-data-segmentation/ISIC2018_Task1-2_Training_Input/ISIC_0009533.jpg,False,4288,2848,RGB,1.506,155e3c4add6cecfa1704bcda8da129ea,
/kaggle/input/datasets/tschandl/isic2018-challenge-task1-data-segmentation/ISIC2018_Task1-2_Training_Input/ISIC_0015223.jpg,False,6682,4422,RGB,1.511,1645c53d1721063f09e5545a25cdbf0f,
/kaggle/input/datasets/tschandl/isic2018-challenge-task1-data-segmentation/ISIC2018_Task1-2_Training_Input/ISIC_0015951.jpg,False,3008,2000,RGB,1.504,08b7b2d83f69c56fc71c000826f0f8b6,
/kaggle/input/datasets/tschandl/isic2018-challenge-task1-data-segmentation/ISIC2018_Task1-2_Training_Input/ISIC_0014273.jpg,False,4288,2848,RGB,1.506,3a2f778d6e77e56555be13c68bc49c7b,
/kaggle/input/datasets/tschandl/isic2018-challenge-task1-data-segmentation/ISIC2018_Task1-2_Training_Input/ISIC_0001216.jpg,False,4288,2848,RGB,1.506,9f728d2b3780aba8944a22aa271516a3,
/kaggle/input/datasets/tschandl/isic2018-challenge-task1-data-segmentation/ISIC2018_Task1-2_Training_Input/ISIC_0013910.jpg,False,3008,2000,RGB,1.504,1a486698cd48146e0200a9d4de9c82c5,
/kaggle/input/datasets/tschandl/isic2018-challenge-task1-data-segmentation/ISIC2018_Task1-2_Training_Input/ISIC_0013626.jpg,False,3872,2592,RGB,1.494,0e4fe92437dc5018ce98b01d1768d290,
/kaggle/input/datasets/tschandl/isic2018-challenge-task1-data-segmentation/ISIC2018_Task1-2_Training_Input/ISIC_0000161.jpg,False,962,674,RGB,1.427,7949dfda5ded367ba85f98bfdd30ab72,
/kaggle/input/datasets/tschandl/isic2018-challenge-task1-data-segmentation/ISIC2018_Task1-2_Training_Input/ISIC_0013141.jpg,False,3008,2000,RGB,1.504,6642bac0a73a8126df57084a8c9d1689,
/kaggle/input/datasets/tschandl/isic2018-challenge-task1-data-segmentation/ISIC2018_Task1-2_Training_Input/ISIC_0014361.jpg,False,4288,2848,RGB,1.506,227a3fb8a1d6af4b6a61f3a525982f21,
/kaggle/input/datasets/tschandl/isic2018-challenge-task1-data-segmentation/ISIC2018_Task1-2_Training_Input/ISIC_0012681.jpg,False,3008,2000,RGB,1.504,ed1a84d686566d4f733d5ea044ce00a4,
/kaggle/input/datasets/tschandl/isic2018-challenge-task1-data-segmentation/ISIC2018_Task1-2_Training_Input/ISIC_0016009.jpg,False,4288,2848,RGB,1.506,c25c4e47255295dea86c7d90a167432a,
/kaggle/input/datasets/tschandl/isic2018-challenge-task1-data-segmentation/ISIC2018_Task1-2_Training_Input/ISIC_0009888.jpg,False,1024,768,RGB,1.333,f647031e13e4d00cb2d37b7a0606f290,
/kaggle/input/datasets/tschandl/isic2018-challenge-task1-data-segmentation/ISIC2018_Task1-2_Training_Input/ISIC_0013793.jpg,False,2304,1536,RGB,1.5,ecf923ac656a51d97158d832f21eda25,
/kaggle/input/datasets/tschandl/isic2018-challenge-task1-data-segmentation/ISIC2018_Task1-2_Training_Input/ISIC_0000207.jpg,False,1062,701,RGB,1.515,c53635296b9dd686c2e71d6bed5f4656,
/kaggle/input/datasets/tschandl/isic2018-challenge-task1-data-segmentation/ISIC2018_Task1-2_Training_Input/ISIC_0011363.jpg,False,1024,768,RGB,1.333,f98ea910988fec59343657cf8d869604,
/kaggle/input/datasets/tschandl/isic2018-challenge-task1-data-segmentation/ISIC2018_Task1-2_Training_Input/ISIC_0008347.jpg,False,4288,2848,RGB,1.506,91445544d88fc724406c98031290cc7a,
/kaggle/input/datasets/tschandl/isic2018-challenge-task1-data-segmentation/ISIC2018_Task1-2_Training_Input/ISIC_0014833.jpg,False,6641,4441,RGB,1.495,28e74f477709a6d765f0abe6a7056833,
/kaggle/input/datasets/tschandl/isic2018-challenge-task1-data-segmentation/ISIC2018_Task1-2_Training_Input/ISIC_0014169.jpg,False,4288,2848,RGB,1.506,b4baeb2c86031a279f071386dcb436ec,
/kaggle/input/datasets/tschandl/isic2018-challenge-task1-data-segmentation/ISIC2018_Task1-2_Training_Input/ISIC_0000218.jpg,False,1502,1016,RGB,1.478,ef3e30657e5fa6e082693c71628c5ed8,
/kaggle/input/datasets/tschandl/isic2018-challenge-task1-data-segmentation/ISIC2018_Task1-2_Training_Input/ISIC_0015110.jpg,False,6681,4401,RGB,1.518,61535ac785daa9f89873c3422cc31631,
/kaggle/input/datasets/tschandl/isic2018-challenge-task1-data-segmentation/ISIC2018_Task1-2_Training_Input/ISIC_0000341.jpg,False,767,576,RGB,1.332,9718368cf8517d8a83567cd835bc1408,
/kaggle/input/datasets/tschandl/isic2018-challenge-task1-data-segmentation/ISIC2018_Task1-2_Training_Input/ISIC_0010034.jpg,False,1024,768,RGB,1.333,00d7044e9a21f7ff9f3f0bae3a374b23,
/kaggle/input/datasets/tschandl/isic2018-challenge-task1-data-segmentation/ISIC2018_Task1-2_Training_Input/ISIC_0000492.jpg,False,919,802,RGB,1.146,27b45ec720a1119a731773a3b39d1d50,
/kaggle/input/datasets/tschandl/isic2018-challenge-task1-data-segmentation/ISIC2018_Task1-2_Training_Input/ISIC_0000135.jpg,False,2272,1704,RGB,1.333,8f5510e92e5742aabb899e1c1bc97fb9,
/kaggle/input/datasets/tschandl/isic2018-challenge-task1-data-segmentation/ISIC2018_Task1-2_Training_Input/ISIC_0000223.jpg,False,959,634,RGB,1.513,f60a53d6536bc59a71b8c69086ea5574,
/kaggle/input/datasets/tschandl/isic2018-challenge-task1-data-segmentation/ISIC2018_Task1-2_Training_Input/ISIC_0010206.jpg,False,1024,768,RGB,1.333,85627e892ceaf5af012ab9a6c8214868,
/kaggle/input/datasets/tschandl/isic2018-challenge-task1-data-segmentation/ISIC2018_Task1-2_Training_Input/ISIC_0015016.jpg,False,6668,4439,RGB,1.502,3c1e03398a34dbe547ed7953db0dd82d,
/kaggle/input/datasets/tschandl/isic2018-challenge-task1-data-segmentation/ISIC2018_Task1-2_Training_Input/ISIC_0012883.jpg,False,3872,2592,RGB,1.494,a8298ead9f5cad4a4873342e1c702a92,
/kaggle/input/datasets/tschandl/isic2018-challenge-task1-data-segmentation/ISIC2018_Task1-2_Training_Input/ISIC_0013621.jpg,False,3872,2592,RGB,1.494,45dad5a59ddbb5532f683416303186f8,
/kaggle/input/datasets/tschandl/isic2018-challenge-task1-data-segmentation/ISIC2018_Task1-2_Training_Input/ISIC_0013526.jpg,False,3008,2000,RGB,1.504,c4a55c4484f269dd2f7290eb1c5e4a2f,
/kaggle/input/datasets/tschandl/isic2018-challenge-task1-data-segmentation/ISIC2018_Task1-2_Training_Input/ISIC_0013567.jpg,False,4288,2848,RGB,1.506,6857479e20e668334db4fa4a018a12bd,
/kaggle/input/datasets/tschandl/isic2018-challenge-task1-data-segmentation/ISIC2018_Task1-2_Training_Input/ISIC_0015985.jpg,False,3872,2592,RGB,1.494,be483d0febdcc5dcac3e6944e22d5ff9,
/kaggle/input/datasets/tschandl/isic2018-challenge-task1-data-segmentation/ISIC2018_Task1-2_Training_Input/ISIC_0011378.jpg,False,1024,768,RGB,1.333,a67de3186d4bb4a2c4381896a4dcf190,
/kaggle/input/datasets/tschandl/isic2018-challenge-task1-data-segmentation/ISIC2018_Task1-2_Training_Input/ISIC_0013437.jpg,False,4288,2848,RGB,1.506,4df339cacbf55446553ab2c28801077e,
/kaggle/input/datasets/tschandl/isic2018-challenge-task1-data-segmentation/ISIC2018_Task1-2_Training_Input/ISIC_0013688.jpg,False,4288,2848,RGB,1.506,a5c8f9204b62824876ad6574cdfa698c,
/kaggle/input/datasets/tschandl/isic2018-challenge-task1-data-segmentation/ISIC2018_Task1-2_Training_Input/ISIC_0010236.jpg,False,1024,768,RGB,1.333,e03d623a67ac9ec0cd918284c7b95580,
/kaggle/input/datasets/tschandl/isic2018-challenge-task1-data-segmentation/ISIC2018_Task1-2_Training_Input/ISIC_0013244.jpg,False,3008,2000,RGB,1.504,cc95075c8fbd2cbb14033742b953a0af,
/kaggle/input/datasets/tschandl/isic2018-challenge-task1-data-segmentation/ISIC2018_Task1-2_Training_Input/ISIC_0014962.jpg,False,6688,4439,RGB,1.507,96d2e38365d553603d18cfdb92366acf,
/kaggle/input/datasets/tschandl/isic2018-challenge-task1-data-segmentation/ISIC2018_Task1-2_Training_Input/ISIC_0009564.jpg,False,4288,2848,RGB,1.506,c1309d4f9fe32620ec76c69a362b2b7c,
/kaggle/input/datasets/tschandl/isic2018-challenge-task1-data-segmentation/ISIC2018_Task1-2_Training_Input/ISIC_0000001.jpg,False,1022,767,RGB,1.332,5dae68ba22f9442e0ea72aa7657c76b2,
/kaggle/input/datasets/tschandl/isic2018-challenge-task1-data-segmentation/ISIC2018_Task1-2_Training_Input/ISIC_0014788.jpg,False,6622,4441,RGB,1.491,60190925c7cbe5036f4701b0709c0648,
/kaggle/input/datasets/tschandl/isic2018-challenge-task1-data-segmentation/ISIC2018_Task1-2_Training_Input/ISIC_0009943.jpg,False,1024,768,RGB,1.333,9aa679c5e079e543d7a37a9d35ea0c2c,
/kaggle/input/datasets/tschandl/isic2018-challenge-task1-data-segmentation/ISIC2018_Task1-2_Training_Input/ISIC_0013390.jpg,False,4288,2848,RGB,1.506,9a576b3835e296db431cb66234196257,
/kaggle/input/datasets/tschandl/isic2018-challenge-task1-data-segmentation/ISIC2018_Task1-2_Training_Input/ISIC_0012395.jpg,False,3008,2000,RGB,1.504,37b55781e2af49e6995cb14d431d2214,
/kaggle/input/datasets/tschandl/isic2018-challenge-task1-data-segmentation/ISIC2018_Task1-2_Training_Input/ISIC_0015636.jpg,False,6641,4441,RGB,1.495,e9b16d50521d0ec661a208d1cbc3c1e3,
/kaggle/input/datasets/tschandl/isic2018-challenge-task1-data-segmentation/ISIC2018_Task1-2_Training_Input/ISIC_0013106.jpg,False,3008,2000,RGB,1.504,fd348f45d5697bb720b2f002bc3834f2,
/kaggle/input/datasets/tschandl/isic2018-challenge-task1-data-segmentation/ISIC2018_Task1-2_Training_Input/ISIC_0013942.jpg,False,4288,2848,RGB,1.506,8ae523d29f88dd3224d016ac6c0971e8,
/kaggle/input/datasets/tschandl/isic2018-challenge-task1-data-segmentation/ISIC2018_Task1-2_Training_Input/ISIC_0011348.jpg,False,1024,768,RGB,1.333,ac51bc48dd8e24cb5803af6e5886b1c8,
/kaggle/input/datasets/tschandl/isic2018-challenge-task1-data-segmentation/ISIC2018_Task1-2_Training_Input/ISIC_0015969.jpg,False,3008,2000,RGB,1.504,db74f1b1d6b5e30a074435aea47e424a,
/kaggle/input/datasets/tschandl/isic2018-challenge-task1-data-segmentation/ISIC2018_Task1-2_Training_Input/ISIC_0013371.jpg,False,4288,2848,RGB,1.506,77677d73b95b2633c29d5054e9b7c32a,
/kaggle/input/datasets/tschandl/isic2018-challenge-task1-data-segmentation/ISIC2018_Task1-2_Training_Input/ISIC_0014410.jpg,False,4288,2848,RGB,1.506,3deb34cca9357b50ac43a113be943a30,
/kaggle/input/datasets/tschandl/isic2018-challenge-task1-data-segmentation/ISIC2018_Task1-2_Training_Input/ISIC_0009896.jpg,False,1024,768,RGB,1.333,02cce2c71c63ed3792c2cd321bc8decf,
/kaggle/input/datasets/tschandl/isic2018-challenge-task1-data-segmentation/ISIC2018_Task1-2_Training_Input/ISIC_0009928.jpg,False,1024,768,RGB,1.333,d04983782f5e4abf42d9bdc6a825a090,
/kaggle/input/datasets/tschandl/isic2018-challenge-task1-data-segmentation/ISIC2018_Task1-2_Training_Input/ISIC_0012313.jpg,False,3008,2000,RGB,1.504,d28b66f6c15f202ffa9059627dec23bb,
/kaggle/input/datasets/tschandl/isic2018-challenge-task1-data-segmentation/ISIC2018_Task1-2_Training_Input/ISIC_0000368.jpg,False,767,576,RGB,1.332,9f83db0226ca979072dac493dc838e19,
/kaggle/input/datasets/tschandl/isic2018-challenge-task1-data-segmentation/ISIC2018_Task1-2_Training_Input/ISIC_0009869.jpg,False,1024,768,RGB,1.333,16017b574fc0fafab95a24ee3845a000,
/kaggle/input/datasets/tschandl/isic2018-challenge-task1-data-segmentation/ISIC2018_Task1-2_Training_Input/ISIC_0012876.jpg,False,3872,2592,RGB,1.494,265573d5b9602f79a973c1a16954a355,
/kaggle/input/datasets/tschandl/isic2018-challenge-task1-data-segmentation/ISIC2018_Task1-2_Training_Input/ISIC_0013007.jpg,False,3008,2000,RGB,1.504,2cbf8306d7cb8ffaa0deb5d221c347cd,
/kaggle/input/datasets/tschandl/isic2018-challenge-task1-data-segmentation/ISIC2018_Task1-2_Training_Input/ISIC_0009955.jpg,False,1024,768,RGB,1.333,89c4c48620a091cc0c50a903baded411,
/kaggle/input/datasets/tschandl/isic2018-challenge-task1-data-segmentation/ISIC2018_Task1-2_Training_Input/ISIC_0012374.jpg,False,3008,2000,RGB,1.504,61eefee857cb589f08cbef695580cebe,
/kaggle/input/datasets/tschandl/isic2018-challenge-task1-data-segmentation/ISIC2018_Task1-2_Training_Input/ISIC_0013712.jpg,False,4288,2848,RGB,1.506,bd59cdfbb9a2f5cd4467469114c6d4b0,
/kaggle/input/datasets/tschandl/isic2018-challenge-task1-data-segmentation/ISIC2018_Task1-2_Training_Input/ISIC_0010571.jpg,False,1024,768,RGB,1.333,06eff5ba95f6f02eb969151d7a2c07d8,
/kaggle/input/datasets/tschandl/isic2018-challenge-task1-data-segmentation/ISIC2018_Task1-2_Training_Input/ISIC_0012453.jpg,False,4288,2848,RGB,1.506,0042717a6a1d67ffa3ea0e134a3527ed,
/kaggle/input/datasets/tschandl/isic2018-challenge-task1-data-segmentation/ISIC2018_Task1-2_Training_Input/ISIC_0012742.jpg,False,3008,2000,RGB,1.504,35ae5a1edf34d1f0bd52487c84cd79dd,
/kaggle/input/datasets/tschandl/isic2018-challenge-task1-data-segmentation/ISIC2018_Task1-2_Training_Input/ISIC_0012773.jpg,False,3008,2000,RGB,1.504,2001ddac509a20fc15975ff788003c46,
/kaggle/input/datasets/tschandl/isic2018-challenge-task1-data-segmentation/ISIC2018_Task1-2_Training_Input/ISIC_0014923.jpg,False,6748,4499,RGB,1.5,7031337d279136a46bc74c73fb7dc158,
/kaggle/input/datasets/tschandl/isic2018-challenge-task1-data-segmentation/ISIC2018_Task1-2_Training_Input/ISIC_0013047.jpg,False,3008,2000,RGB,1.504,4ab825c0283acbc0dec5143ea28a3692,
/kaggle/input/datasets/tschandl/isic2018-challenge-task1-data-segmentation/ISIC2018_Task1-2_Training_Input/ISIC_0014529.jpg,False,4288,2848,RGB,1.506,734e03801fa1e279927bfbda3386a913,
/kaggle/input/datasets/tschandl/isic2018-challenge-task1-data-segmentation/ISIC2018_Task1-2_Training_Input/ISIC_0013128.jpg,False,3872,2592,RGB,1.494,e7b30828a2c21a7c1ee0e12941103e08,
/kaggle/input/datasets/tschandl/isic2018-challenge-task1-data-segmentation/ISIC2018_Task1-2_Training_Input/ISIC_0013443.jpg,False,4288,2848,RGB,1.506,a10bbc17b8d9322a618292e1d10650f4,
/kaggle/input/datasets/tschandl/isic2018-challenge-task1-data-segmentation/ISIC2018_Task1-2_Training_Input/ISIC_0012664.jpg,False,3008,2000,RGB,1.504,f8e19f12cbdb5ed738ac0b2a313811df,
/kaggle/input/datasets/tschandl/isic2018-challenge-task1-data-segmentation/ISIC2018_Task1-2_Training_Input/ISIC_0015997.jpg,False,3872,2592,RGB,1.494,05cc9df6c2e2d938372a697afc673a46,
/kaggle/input/datasets/tschandl/isic2018-challenge-task1-data-segmentation/ISIC2018_Task1-2_Training_Input/ISIC_0016017.jpg,False,4288,2848,RGB,1.506,f70785dfa43d3a75cb5903a90fa99d58,
/kaggle/input/datasets/tschandl/isic2018-challenge-task1-data-segmentation/ISIC2018_Task1-2_Training_Input/ISIC_0013400.jpg,False,4288,2848,RGB,1.506,fb2b24eccb1387c793a61ce7e3d1ac73,
/kaggle/input/datasets/tschandl/isic2018-challenge-task1-data-segmentation/ISIC2018_Task1-2_Training_Input/ISIC_0011131.jpg,False,1024,768,RGB,1.333,b4e77fe7e75ff8141b482a589c1ea1ea,
/kaggle/input/datasets/tschandl/isic2018-challenge-task1-data-segmentation/ISIC2018_Task1-2_Training_Input/ISIC_0010075.jpg,False,1024,768,RGB,1.333,d4c342742a43aefd21e6cd0d5401d1d1,
/kaggle/input/datasets/tschandl/isic2018-challenge-task1-data-segmentation/ISIC2018_Task1-2_Training_Input/ISIC_0013275.jpg,False,4288,2848,RGB,1.506,08ca3779d7fc5870324d071996c7f179,
/kaggle/input/datasets/tschandl/isic2018-challenge-task1-data-segmentation/ISIC2018_Task1-2_Training_Input/ISIC_0013832.jpg,False,3008,2000,RGB,1.504,d6dc98a9c443157de010fc9144ff6fd0,
/kaggle/input/datasets/tschandl/isic2018-challenge-task1-data-segmentation/ISIC2018_Task1-2_Training_Input/ISIC_0013597.jpg,False,3008,2000,RGB,1.504,f28768ac9c7509408170a25bd886d28e,
/kaggle/input/datasets/tschandl/isic2018-challenge-task1-data-segmentation/ISIC2018_Task1-2_Training_Input/ISIC_0012135.jpg,False,3008,2000,RGB,1.504,d5215d86c16282cb76de866a5ddfbe1b,
/kaggle/input/datasets/tschandl/isic2018-challenge-task1-data-segmentation/ISIC2018_Task1-2_Training_Input/ISIC_0011146.jpg,False,1024,768,RGB,1.333,c6826b30b798973fca0a1afaa9c4c931,
/kaggle/input/datasets/tschandl/isic2018-challenge-task1-data-segmentation/ISIC2018_Task1-2_Training_Input/ISIC_0002976.jpg,False,4288,2848,RGB,1.506,86bb8cebbea9d476319dcdc37f5dbb64,
/kaggle/input/datasets/tschandl/isic2018-challenge-task1-data-segmentation/ISIC2018_Task1-2_Training_Input/ISIC_0013490.jpg,False,3008,2000,RGB,1.504,85af97d2cff02d6b1980b39005dfc188,
/kaggle/input/datasets/tschandl/isic2018-challenge-task1-data-segmentation/ISIC2018_Task1-2_Training_Input/ISIC_0015960.jpg,False,3008,2000,RGB,1.504,27e3f3cc0ba9f0182c2a7cdd06af099c,
/kaggle/input/datasets/tschandl/isic2018-challenge-task1-data-segmentation/ISIC2018_Task1-2_Training_Input/ISIC_0013684.jpg,False,3008,2000,RGB,1.504,3a8cdce086519c44a1ea15a1c1a5ca86,
/kaggle/input/datasets/tschandl/isic2018-challenge-task1-data-segmentation/ISIC2018_Task1-2_Training_Input/ISIC_0014157.jpg,False,4288,2848,RGB,1.506,9afff723bb2b9681e5a5d241e08c37f2,
/kaggle/input/datasets/tschandl/isic2018-challenge-task1-data-segmentation/ISIC2018_Task1-2_Training_Input/ISIC_0000104.jpg,False,2048,1536,RGB,1.333,ad923a2b6e2c37d52c53d4722a1ae32b,
/kaggle/input/datasets/tschandl/isic2018-challenge-task1-data-segmentation/ISIC2018_Task1-2_Training_Input/ISIC_0011084.jpg,False,1024,768,RGB,1.333,0f022fa2ed3dfc5f337d70c93ee16e73,
/kaggle/input/datasets/tschandl/isic2018-challenge-task1-data-segmentation/ISIC2018_Task1-2_Training_Input/ISIC_0005247.jpg,False,3024,2016,RGB,1.5,965ee089f8bde4154320a3a4bbae5920,
/kaggle/input/datasets/tschandl/isic2018-challenge-task1-data-segmentation/ISIC2018_Task1-2_Training_Input/ISIC_0010249.jpg,False,1024,768,RGB,1.333,5f52ce1d99c25a1c37408276f011de22,
/kaggle/input/datasets/tschandl/isic2018-challenge-task1-data-segmentation/ISIC2018_Task1-2_Training_Input/ISIC_0013024.jpg,False,3008,2000,RGB,1.504,157967e894350a7c2be8472b5494e7d4,
/kaggle/input/datasets/tschandl/isic2018-challenge-task1-data-segmentation/ISIC2018_Task1-2_Training_Input/ISIC_0014026.jpg,False,4288,2848,RGB,1.506,abbf8e67a1cc13e77b2dcf76fd05bdd1,
/kaggle/input/datasets/tschandl/isic2018-challenge-task1-data-segmentation/ISIC2018_Task1-2_Training_Input/ISIC_0011114.jpg,False,1024,768,RGB,1.333,5335e7b8cabcb3ee047288a918ef7784,
/kaggle/input/datasets/tschandl/isic2018-challenge-task1-data-segmentation/ISIC2018_Task1-2_Training_Input/ISIC_0000227.jpg,False,959,723,RGB,1.326,707c2156bfca35be752be38092d16acc,
/kaggle/input/datasets/tschandl/isic2018-challenge-task1-data-segmentation/ISIC2018_Task1-2_Training_Input/ISIC_0000484.jpg,False,919,802,RGB,1.146,b933dbe381a8a3c2a2808faf0aa2d471,
/kaggle/input/datasets/tschandl/isic2018-challenge-task1-data-segmentation/ISIC2018_Task1-2_Training_Input/ISIC_0010263.jpg,False,1024,768,RGB,1.333,7b835b26b15ad6ac10d032355f8d77e3,
/kaggle/input/datasets/tschandl/isic2018-challenge-task1-data-segmentation/ISIC2018_Task1-2_Training_Input/ISIC_0000489.jpg,False,919,802,RGB,1.146,188e42a921278daff5e96d061450c05f,
/kaggle/input/datasets/tschandl/isic2018-challenge-task1-data-segmentation/ISIC2018_Task1-2_Training_Input/ISIC_0015952.jpg,False,3008,2000,RGB,1.504,6fbff6941b00eaf13f40239aa8a5da5d,
/kaggle/input/datasets/tschandl/isic2018-challenge-task1-data-segmentation/ISIC2018_Task1-2_Training_Input/ISIC_0011098.jpg,False,1024,768,RGB,1.333,25ecb35830a097c961bfee774f59943e,
/kaggle/input/datasets/tschandl/isic2018-challenge-task1-data-segmentation/ISIC2018_Task1-2_Training_Input/ISIC_0013025.jpg,False,3872,2592,RGB,1.494,b5cb805733921c84d4f79fe82df923ae,
/kaggle/input/datasets/tschandl/isic2018-challenge-task1-data-segmentation/ISIC2018_Task1-2_Training_Input/ISIC_0010552.jpg,False,1024,768,RGB,1.333,f267aac874813949be7f692efd550402,
/kaggle/input/datasets/tschandl/isic2018-challenge-task1-data-segmentation/ISIC2018_Task1-2_Training_Input/ISIC_0013208.jpg,False,3008,2000,RGB,1.504,3a60896056ed062f0560bae49d68effb,
/kaggle/input/datasets/tschandl/isic2018-challenge-task1-data-segmentation/ISIC2018_Task1-2_Training_Input/ISIC_0014073.jpg,False,4288,2848,RGB,1.506,24c2377444099238aae5f07b6569af7a,
/kaggle/input/datasets/tschandl/isic2018-challenge-task1-data-segmentation/ISIC2018_Task1-2_Training_Input/ISIC_0014770.jpg,False,6682,4382,RGB,1.525,4ac53dde1a9d10092b6117a8a6a263a8,
/kaggle/input/datasets/tschandl/isic2018-challenge-task1-data-segmentation/ISIC2018_Task1-2_Training_Input/ISIC_0010093.jpg,False,1024,768,RGB,1.333,3e3291c307027a00147420fd2a64a6c2,
/kaggle/input/datasets/tschandl/isic2018-challenge-task1-data-segmentation/ISIC2018_Task1-2_Training_Input/ISIC_0013673.jpg,False,3008,2000,RGB,1.504,d5770902331b264746d08958ae2ec105,
/kaggle/input/datasets/tschandl/isic2018-challenge-task1-data-segmentation/ISIC2018_Task1-2_Training_Input/ISIC_0015485.jpg,False,6648,4439,RGB,1.498,cad2aae9d4128ecda819f755b01df144,
/kaggle/input/datasets/tschandl/isic2018-challenge-task1-data-segmentation/ISIC2018_Task1-2_Training_Input/ISIC_0001374.jpg,False,3024,2016,RGB,1.5,25440fc366d1af68263434ef8ddf24e1,
/kaggle/input/datasets/tschandl/isic2018-challenge-task1-data-segmentation/ISIC2018_Task1-2_Training_Input/ISIC_0010056.jpg,False,1024,768,RGB,1.333,b80e0fe7a3091d0ddafe121bf5ae5324,
/kaggle/input/datasets/tschandl/isic2018-challenge-task1-data-segmentation/ISIC2018_Task1-2_Training_Input/ISIC_0013970.jpg,False,4288,2848,RGB,1.506,dbc0286c3fbac903a0ead1dfe15577ec,
/kaggle/input/datasets/tschandl/isic2018-challenge-task1-data-segmentation/ISIC2018_Task1-2_Training_Input/ISIC_0000221.jpg,False,962,671,RGB,1.434,4646c660dc7a8632aeb082a0a6fb5e55,
/kaggle/input/datasets/tschandl/isic2018-challenge-task1-data-segmentation/ISIC2018_Task1-2_Training_Input/ISIC_0014820.jpg,False,6622,4441,RGB,1.491,a5feebdec57dcafd590cbfa8217d9c02,
/kaggle/input/datasets/tschandl/isic2018-challenge-task1-data-segmentation/ISIC2018_Task1-2_Training_Input/ISIC_0014658.jpg,False,6682,4401,RGB,1.518,e7f4fdad519f6b1c6bb5fe584e8fa2b4,
/kaggle/input/datasets/tschandl/isic2018-challenge-task1-data-segmentation/ISIC2018_Task1-2_Training_Input/ISIC_0014983.jpg,False,6621,4420,RGB,1.498,ccc6b1a712b934d8b54b1759f80431af,
/kaggle/input/datasets/tschandl/isic2018-challenge-task1-data-segmentation/ISIC2018_Task1-2_Training_Input/ISIC_0013795.jpg,False,3008,2000,RGB,1.504,ba44c70d38c70230799776e3ce52f2b8,
/kaggle/input/datasets/tschandl/isic2018-challenge-task1-data-segmentation/ISIC2018_Task1-2_Training_Input/ISIC_0000465.jpg,False,919,802,RGB,1.146,8f122dded58e2bef5bc5d64de8116ca6,
/kaggle/input/datasets/tschandl/isic2018-challenge-task1-data-segmentation/ISIC2018_Task1-2_Training_Input/ISIC_0015132.jpg,False,6681,4422,RGB,1.511,5d75589cbe053176ca36cd741c4b58b0,
/kaggle/input/datasets/tschandl/isic2018-challenge-task1-data-segmentation/ISIC2018_Task1-2_Training_Input/ISIC_0000513.jpg,False,919,802,RGB,1.146,85dfb5764a87d9641dc4cbbb4439af6c,
/kaggle/input/datasets/tschandl/isic2018-challenge-task1-data-segmentation/ISIC2018_Task1-2_Training_Input/ISIC_0013549.jpg,False,4288,2848,RGB,1.506,9b026f601bd3b22ac05df8d41ed0c0c6,
/kaggle/input/datasets/tschandl/isic2018-challenge-task1-data-segmentation/ISIC2018_Task1-2_Training_Input/ISIC_0000483.jpg,False,919,802,RGB,1.146,1dd16e024dbc582d0e6bf0aeba9295af,
/kaggle/input/datasets/tschandl/isic2018-challenge-task1-data-segmentation/ISIC2018_Task1-2_Training_Input/ISIC_0013112.jpg,False,3008,2000,RGB,1.504,859a77c85d93db790e65ec10c65f9c1b,
/kaggle/input/datasets/tschandl/isic2018-challenge-task1-data-segmentation/ISIC2018_Task1-2_Training_Input/ISIC_0011397.jpg,False,1024,768,RGB,1.333,6f144a35d899fb4cf69a28a5cb692746,
/kaggle/input/datasets/tschandl/isic2018-challenge-task1-data-segmentation/ISIC2018_Task1-2_Training_Input/ISIC_0013045.jpg,False,3872,2592,RGB,1.494,bd7d5ffbd9e514f659239d2d8c372527,
/kaggle/input/datasets/tschandl/isic2018-challenge-task1-data-segmentation/ISIC2018_Task1-2_Training_Input/ISIC_0014502.jpg,False,4288,2848,RGB,1.506,67c5024fb5ac47c07cb0b6df1985515b,
/kaggle/input/datasets/tschandl/isic2018-challenge-task1-data-segmentation/ISIC2018_Task1-2_Training_Input/ISIC_0011374.jpg,False,1024,768,RGB,1.333,aef4f966d6cffcea37d9f0e863ddaa48,
/kaggle/input/datasets/tschandl/isic2018-challenge-task1-data-segmentation/ISIC2018_Task1-2_Training_Input/ISIC_0012679.jpg,False,3008,2000,RGB,1.504,de059d69946bbcb45bdad92347a9a72d,
/kaggle/input/datasets/tschandl/isic2018-challenge-task1-data-segmentation/ISIC2018_Task1-2_Training_Input/ISIC_0000068.jpg,False,962,722,RGB,1.332,fb993956ad81355fa6781b3cfe247544,
/kaggle/input/datasets/tschandl/isic2018-challenge-task1-data-segmentation/ISIC2018_Task1-2_Training_Input/ISIC_0014587.jpg,False,2592,1936,RGB,1.339,8bc8da5300aa652f8aafc35bfb8899ab,
/kaggle/input/datasets/tschandl/isic2018-challenge-task1-data-segmentation/ISIC2018_Task1-2_Training_Input/ISIC_0012126.jpg,False,3008,2000,RGB,1.504,61975b427311de80256403f5fec62eec,
/kaggle/input/datasets/tschandl/isic2018-challenge-task1-data-segmentation/ISIC2018_Task1-2_Training_Input/ISIC_0001262.jpg,False,3024,2016,RGB,1.5,caa3f8a6a8fb4ea32b9e22eb28512935,
/kaggle/input/datasets/tschandl/isic2018-challenge-task1-data-segmentation/ISIC2018_Task1-2_Training_Input/ISIC_0000466.jpg,False,919,802,RGB,1.146,9545628cba0992ddd7e8ab916e0bfc83,
/kaggle/input/datasets/tschandl/isic2018-challenge-task1-data-segmentation/ISIC2018_Task1-2_Training_Input/ISIC_0014921.jpg,False,6708,4439,RGB,1.511,0914d84c5ffcf990b8219ad959dde40b,
/kaggle/input/datasets/tschandl/isic2018-challenge-task1-data-segmentation/ISIC2018_Task1-2_Training_Input/ISIC_0010028.jpg,False,1024,768,RGB,1.333,2cba7068e4722901b095a31b67db290d,
/kaggle/input/datasets/tschandl/isic2018-challenge-task1-data-segmentation/ISIC2018_Task1-2_Training_Input/ISIC_0014957.jpg,False,6668,4439,RGB,1.502,c5130930329ade05718246ff12ad06de,
/kaggle/input/datasets/tschandl/isic2018-challenge-task1-data-segmentation/ISIC2018_Task1-2_Training_Input/ISIC_0010070.jpg,False,1024,768,RGB,1.333,c927e58ff800ec0f5ef595335bd6de56,
/kaggle/input/datasets/tschandl/isic2018-challenge-task1-data-segmentation/ISIC2018_Task1-2_Training_Input/ISIC_0011169.jpg,False,1024,768,RGB,1.333,4401c95ed2d42a0cb814052a80b8f281,
/kaggle/input/datasets/tschandl/isic2018-challenge-task1-data-segmentation/ISIC2018_Task1-2_Training_Input/ISIC_0010321.jpg,False,1024,768,RGB,1.333,84b621845a19ecff0df7d98ff4131eac,
/kaggle/input/datasets/tschandl/isic2018-challenge-task1-data-segmentation/ISIC2018_Task1-2_Training_Input/ISIC_0000393.jpg,False,3072,2304,RGB,1.333,2d1ad88ba5e16eb5050221318f1b9e04,
/kaggle/input/datasets/tschandl/isic2018-challenge-task1-data-segmentation/ISIC2018_Task1-2_Training_Input/ISIC_0015146.jpg,False,6662,4422,RGB,1.507,f06209a079424712f40eb61f30dbfc84,
/kaggle/input/datasets/tschandl/isic2018-challenge-task1-data-segmentation/ISIC2018_Task1-2_Training_Input/ISIC_0011079.jpg,False,1024,768,RGB,1.333,26159ddf22b02c71a1beece0fd76a417,
/kaggle/input/datasets/tschandl/isic2018-challenge-task1-data-segmentation/ISIC2018_Task1-2_Training_Input/ISIC_0012356.jpg,False,3008,2000,RGB,1.504,35c9352159f56924c22730596f225b60,
/kaggle/input/datasets/tschandl/isic2018-challenge-task1-data-segmentation/ISIC2018_Task1-2_Training_Input/ISIC_0000554.jpg,False,824,719,RGB,1.146,1bbc2df6341ac0de86614a0b223e027c,
/kaggle/input/datasets/tschandl/isic2018-challenge-task1-data-segmentation/ISIC2018_Task1-2_Training_Input/ISIC_0010175.jpg,False,1024,768,RGB,1.333,36fd8d70e3fc00ee53afc25a3e351262,
/kaggle/input/datasets/tschandl/isic2018-challenge-task1-data-segmentation/ISIC2018_Task1-2_Training_Input/ISIC_0015062.jpg,False,6602,4380,RGB,1.507,cf9eabce56ef6f3835eafa95fc9fbcab,
/kaggle/input/datasets/tschandl/isic2018-challenge-task1-data-segmentation/ISIC2018_Task1-2_Training_Input/ISIC_0010605.jpg,False,1024,768,RGB,1.333,48a4767974dc35d21baf2274db10a19e,
/kaggle/input/datasets/tschandl/isic2018-challenge-task1-data-segmentation/ISIC2018_Task1-2_Training_Input/ISIC_0014347.jpg,False,4288,2848,RGB,1.506,7b22207d25950bc957407e7f96426ab5,
/kaggle/input/datasets/tschandl/isic2018-challenge-task1-data-segmentation/ISIC2018_Task1-2_Training_Input/ISIC_0000222.jpg,False,966,645,RGB,1.498,78d4427e7cdce1dd71de9ea8e7a55fef,
/kaggle/input/datasets/tschandl/isic2018-challenge-task1-data-segmentation/ISIC2018_Task1-2_Training_Input/ISIC_0000179.jpg,False,1502,1043,RGB,1.44,80327cd183ad2ed87137a711c5bb8be8,
/kaggle/input/datasets/tschandl/isic2018-challenge-task1-data-segmentation/ISIC2018_Task1-2_Training_Input/ISIC_0013224.jpg,False,3872,2592,RGB,1.494,f326bd8935cb8b7c2b2b0e1656ea2b40,
/kaggle/input/datasets/tschandl/isic2018-challenge-task1-data-segmentation/ISIC2018_Task1-2_Training_Input/ISIC_0015468.jpg,False,6708,4439,RGB,1.511,a2e00cd876c5f264e0d1c97a06a1b955,
/kaggle/input/datasets/tschandl/isic2018-challenge-task1-data-segmentation/ISIC2018_Task1-2_Training_Input/ISIC_0009947.jpg,False,1024,768,RGB,1.333,4c0f1310c5cea9bbaf290867fe15da60,
/kaggle/input/datasets/tschandl/isic2018-challenge-task1-data-segmentation/ISIC2018_Task1-2_Training_Input/ISIC_0013054.jpg,False,3872,2592,RGB,1.494,88e8d01556959793c305ad202603701d,
/kaggle/input/datasets/tschandl/isic2018-challenge-task1-data-segmentation/ISIC2018_Task1-2_Training_Input/ISIC_0011338.jpg,False,1024,768,RGB,1.333,edd2e6e147c350c0dfc17d0dae5da14a,
/kaggle/input/datasets/tschandl/isic2018-challenge-task1-data-segmentation/ISIC2018_Task1-2_Training_Input/ISIC_0011085.jpg,False,1024,768,RGB,1.333,d3e178611837545e62e96d125d092716,
/kaggle/input/datasets/tschandl/isic2018-challenge-task1-data-segmentation/ISIC2018_Task1-2_Training_Input/ISIC_0013233.jpg,False,3008,2000,RGB,1.504,5a8937301deb88b821e9ac83ebc0bfff,
/kaggle/input/datasets/tschandl/isic2018-challenge-task1-data-segmentation/ISIC2018_Task1-2_Training_Input/ISIC_0014253.jpg,False,4288,2848,RGB,1.506,f00d3e8fe0a404b0a4ac75c2570879eb,
/kaggle/input/datasets/tschandl/isic2018-challenge-task1-data-segmentation/ISIC2018_Task1-2_Training_Input/ISIC_0014943.jpg,False,6668,4439,RGB,1.502,66e07fa49462d7b98b3ff7f33dd32baf,
/kaggle/input/datasets/tschandl/isic2018-challenge-task1-data-segmentation/ISIC2018_Task1-2_Training_Input/ISIC_0000038.jpg,False,1504,1129,RGB,1.332,46d19ef5908af5d489344173665031c3,
/kaggle/input/datasets/tschandl/isic2018-challenge-task1-data-segmentation/ISIC2018_Task1-2_Training_Input/ISIC_0010047.jpg,False,1024,768,RGB,1.333,43bfde8f01006be79f22e43b5fbd29cc,
/kaggle/input/datasets/tschandl/isic2018-challenge-task1-data-segmentation/ISIC2018_Task1-2_Training_Input/ISIC_0013001.jpg,False,3872,2592,RGB,1.494,a659677ca788b719a291db0f3e94a842,
/kaggle/input/datasets/tschandl/isic2018-challenge-task1-data-segmentation/ISIC2018_Task1-2_Training_Input/ISIC_0012720.jpg,False,3008,2000,RGB,1.504,a1bd6f79a619bab2dc44ebccf86c45b4,
/kaggle/input/datasets/tschandl/isic2018-challenge-task1-data-segmentation/ISIC2018_Task1-2_Training_Input/ISIC_0014755.jpg,False,6668,4439,RGB,1.502,d8580f5dd8acc9a542cb9cc631e15a6b,
/kaggle/input/datasets/tschandl/isic2018-challenge-task1-data-segmentation/ISIC2018_Task1-2_Training_Input/ISIC_0012675.jpg,False,3008,2000,RGB,1.504,dae5bcc4287daa65d6a8466fa3b5a1f6,
/kaggle/input/datasets/tschandl/isic2018-challenge-task1-data-segmentation/ISIC2018_Task1-2_Training_Input/ISIC_0014541.jpg,False,4288,2848,RGB,1.506,c2c23b3317153c6938d7bdc73b5041c6,
/kaggle/input/datasets/tschandl/isic2018-challenge-task1-data-segmentation/ISIC2018_Task1-2_Training_Input/ISIC_0000269.jpg,False,576,768,RGB,0.75,ebcba5611fcc59834dee625cccb5783c,
/kaggle/input/datasets/tschandl/isic2018-challenge-task1-data-segmentation/ISIC2018_Task1-2_Training_Input/ISIC_0014586.jpg,False,5184,3456,RGB,1.5,b81e34174a2cb0535717d0556b743e36,
/kaggle/input/datasets/tschandl/isic2018-challenge-task1-data-segmentation/ISIC2018_Task1-2_Training_Input/ISIC_0015179.jpg,False,6628,4399,RGB,1.507,0d841b3b87ace67d18bc6e1e22b755f9,
/kaggle/input/datasets/tschandl/isic2018-challenge-task1-data-segmentation/ISIC2018_Task1-2_Training_Input/ISIC_0008029.jpg,False,4288,2848,RGB,1.506,559919159960140d69b6f76c262a2d4f,
/kaggle/input/datasets/tschandl/isic2018-challenge-task1-data-segmentation/ISIC2018_Task1-2_Training_Input/ISIC_0015411.jpg,False,6668,4419,RGB,1.509,dfe04f75db290d4e07c6fc0d74b685d1,
/kaggle/input/datasets/tschandl/isic2018-challenge-task1-data-segmentation/ISIC2018_Task1-2_Training_Input/ISIC_0012425.jpg,False,4288,2848,RGB,1.506,3da0c0de1a71d0fba87b4504c5d6caa3,
/kaggle/input/datasets/tschandl/isic2018-challenge-task1-data-segmentation/ISIC2018_Task1-2_Training_Input/ISIC_0014869.jpg,False,6648,4459,RGB,1.491,418c008d8b2e0b126f4cef910b026d01,
/kaggle/input/datasets/tschandl/isic2018-challenge-task1-data-segmentation/ISIC2018_Task1-2_Training_Input/ISIC_0014605.jpg,False,2592,1936,RGB,1.339,0e2b43c5f1ca37c3bf7b02e1906f3de0,
/kaggle/input/datasets/tschandl/isic2018-challenge-task1-data-segmentation/ISIC2018_Task1-2_Training_Input/ISIC_0009860.jpg,False,4288,2848,RGB,1.506,f42b210cb7cf179fb8ac955ca3a8bec8,
/kaggle/input/datasets/tschandl/isic2018-challenge-task1-data-segmentation/ISIC2018_Task1-2_Training_Input/ISIC_0013126.jpg,False,3872,2592,RGB,1.494,290bc940f8c48833315cae18f9f29a54,
/kaggle/input/datasets/tschandl/isic2018-challenge-task1-data-segmentation/ISIC2018_Task1-2_Training_Input/ISIC_0012332.jpg,False,3008,2000,RGB,1.504,98e4f7214a7d6805bdf276b1ad519f3c,
/kaggle/input/datasets/tschandl/isic2018-challenge-task1-data-segmentation/ISIC2018_Task1-2_Training_Input/ISIC_0014081.jpg,False,4288,2848,RGB,1.506,26e582354fafab3bdc6013402915ec0c,
/kaggle/input/datasets/tschandl/isic2018-challenge-task1-data-segmentation/ISIC2018_Task1-2_Training_Input/ISIC_0005187.jpg,False,3024,2016,RGB,1.5,550207b9efa22351b95d19e06a5db848,
/kaggle/input/datasets/tschandl/isic2018-challenge-task1-data-segmentation/ISIC2018_Task1-2_Training_Input/ISIC_0000210.jpg,False,722,542,RGB,1.332,83cda9c1d46cf7c57a2cc53cb68585b1,
/kaggle/input/datasets/tschandl/isic2018-challenge-task1-data-segmentation/ISIC2018_Task1-2_Training_Input/ISIC_0013805.jpg,False,4288,2848,RGB,1.506,2093bcc980b64fe6b6ad516274c8bbc2,
/kaggle/input/datasets/tschandl/isic2018-challenge-task1-data-segmentation/ISIC2018_Task1-2_Training_Input/ISIC_0010574.jpg,False,1024,768,RGB,1.333,05ce827efc83548e6f8a855fb2dfec53,
/kaggle/input/datasets/tschandl/isic2018-challenge-task1-data-segmentation/ISIC2018_Task1-2_Training_Input/ISIC_0014548.jpg,False,4288,2848,RGB,1.506,e730653308075c61deaa30012ceebf61,
/kaggle/input/datasets/tschandl/isic2018-challenge-task1-data-segmentation/ISIC2018_Task1-2_Training_Input/ISIC_0016033.jpg,False,3872,2592,RGB,1.494,1b857879b2b58fb9d7743c5ab58a0c0d,
/kaggle/input/datasets/tschandl/isic2018-challenge-task1-data-segmentation/ISIC2018_Task1-2_Training_Input/ISIC_0011199.jpg,False,1024,768,RGB,1.333,0362b05230a4d9f6c82e684813657296,
/kaggle/input/datasets/tschandl/isic2018-challenge-task1-data-segmentation/ISIC2018_Task1-2_Training_Input/ISIC_0001142.jpg,False,3072,2304,RGB,1.333,89c20968ff4e0e54a865a448c651304d,
/kaggle/input/datasets/tschandl/isic2018-challenge-task1-data-segmentation/ISIC2018_Task1-2_Training_Input/ISIC_0010009.jpg,False,1024,768,RGB,1.333,25d4810ac4ca1c52eb97ad14b94a9987,
/kaggle/input/datasets/tschandl/isic2018-challenge-task1-data-segmentation/ISIC2018_Task1-2_Training_Input/ISIC_0015026.jpg,False,6668,4439,RGB,1.502,c3819d39b03348d6f04998a86bc119f7,
/kaggle/input/datasets/tschandl/isic2018-challenge-task1-data-segmentation/ISIC2018_Task1-2_Training_Input/ISIC_0000024.jpg,False,1504,1129,RGB,1.332,2e0690c3b29f921b8fae31a238d2f753,
/kaggle/input/datasets/tschandl/isic2018-challenge-task1-data-segmentation/ISIC2018_Task1-2_Training_Input/ISIC_0000900.jpg,False,3024,2016,RGB,1.5,d5f181eec68622e13fafae7a01dc0d91,
/kaggle/input/datasets/tschandl/isic2018-challenge-task1-data-segmentation/ISIC2018_Task1-2_Training_Input/ISIC_0012136.jpg,False,3008,2000,RGB,1.504,9791b1f596d090d35601b273873ccf6f,
/kaggle/input/datasets/tschandl/isic2018-challenge-task1-data-segmentation/ISIC2018_Task1-2_Training_Input/ISIC_0015102.jpg,False,6681,4441,RGB,1.504,5227c7dae63d40076bda4e40cc4a39c2,
/kaggle/input/datasets/tschandl/isic2018-challenge-task1-data-segmentation/ISIC2018_Task1-2_Training_Input/ISIC_0010493.jpg,False,1024,768,RGB,1.333,fdd1a301eb8f6ed5081369fbbd799e6b,
/kaggle/input/datasets/tschandl/isic2018-challenge-task1-data-segmentation/ISIC2018_Task1-2_Training_Input/ISIC_0012216.jpg,False,3008,2000,RGB,1.504,69f119590936b44abab5e6444c09b6dd,
/kaggle/input/datasets/tschandl/isic2018-challenge-task1-data-segmentation/ISIC2018_Task1-2_Training_Input/ISIC_0015403.jpg,False,6648,4419,RGB,1.504,000de2db807f1dd2b521143e465968c2,
/kaggle/input/datasets/tschandl/isic2018-challenge-task1-data-segmentation/ISIC2018_Task1-2_Training_Input/ISIC_0013089.jpg,False,3872,2592,RGB,1.494,a84182c0b389cb85d4b80b1d6bcbea68,
/kaggle/input/datasets/tschandl/isic2018-challenge-task1-data-segmentation/ISIC2018_Task1-2_Training_Input/ISIC_0015237.jpg,False,6708,4459,RGB,1.504,f65f6c33b7679b824d67b96c57d62155,
/kaggle/input/datasets/tschandl/isic2018-challenge-task1-data-segmentation/ISIC2018_Task1-2_Training_Input/ISIC_0010038.jpg,False,1024,768,RGB,1.333,3f63e4a4efda760e049bd962c6322927,
/kaggle/input/datasets/tschandl/isic2018-challenge-task1-data-segmentation/ISIC2018_Task1-2_Training_Input/ISIC_0013499.jpg,False,3872,2592,RGB,1.494,f1b7430bcd4bfa4024ffa95368409dfc,
/kaggle/input/datasets/tschandl/isic2018-challenge-task1-data-segmentation/ISIC2018_Task1-2_Training_Input/ISIC_0000143.jpg,False,2592,1944,RGB,1.333,45ee794b8b617802175a9591d9076ed7,
/kaggle/input/datasets/tschandl/isic2018-challenge-task1-data-segmentation/ISIC2018_Task1-2_Training_Input/ISIC_0014748.jpg,False,6668,4419,RGB,1.509,a1242e07ae78c05ff3e72aed2d2728f6,
/kaggle/input/datasets/tschandl/isic2018-challenge-task1-data-segmentation/ISIC2018_Task1-2_Training_Input/ISIC_0013015.jpg,False,3008,2000,RGB,1.504,1ed1eacbc08debe6dc1a22712cf74301,
/kaggle/input/datasets/tschandl/isic2018-challenge-task1-data-segmentation/ISIC2018_Task1-2_Training_Input/ISIC_0000385.jpg,False,3072,2304,RGB,1.333,3bed1c0ead71c10892a59ee488cf7fd3,
/kaggle/input/datasets/tschandl/isic2018-challenge-task1-data-segmentation/ISIC2018_Task1-2_Training_Input/ISIC_0012263.jpg,False,4288,2848,RGB,1.506,3e53790cc66725b6797015a279ea41e7,
/kaggle/input/datasets/tschandl/isic2018-challenge-task1-data-segmentation/ISIC2018_Task1-2_Training_Input/ISIC_0001118.jpg,False,3872,2592,RGB,1.494,5498d5884b5e2e465d5e20c1275f5c08,
/kaggle/input/datasets/tschandl/isic2018-challenge-task1-data-segmentation/ISIC2018_Task1-2_Training_Input/ISIC_0014800.jpg,False,6642,4422,RGB,1.502,e631a973b7bbcc1f8f26a174385cad27,
/kaggle/input/datasets/tschandl/isic2018-challenge-task1-data-segmentation/ISIC2018_Task1-2_Training_Input/ISIC_0013394.jpg,False,4288,2848,RGB,1.506,f590e51d86e9dddd617fd3c683de4c5b,
/kaggle/input/datasets/tschandl/isic2018-challenge-task1-data-segmentation/ISIC2018_Task1-2_Training_Input/ISIC_0011219.jpg,False,1024,768,RGB,1.333,3726a458c312a58bd2e220fa7a7b5b29,
/kaggle/input/datasets/tschandl/isic2018-challenge-task1-data-segmentation/ISIC2018_Task1-2_Training_Input/ISIC_0011339.jpg,False,1024,768,RGB,1.333,70aab0907206acf3f671d40dbb36068c,
/kaggle/input/datasets/tschandl/isic2018-challenge-task1-data-segmentation/ISIC2018_Task1-2_Training_Input/ISIC_0012413.jpg,False,3008,2000,RGB,1.504,9104c1f692e0a20a8a986bfa2ab3ce67,
/kaggle/input/datasets/tschandl/isic2018-challenge-task1-data-segmentation/ISIC2018_Task1-2_Training_Input/ISIC_0010244.jpg,False,1024,768,RGB,1.333,79b63048d388c0daccc7edc5fc1c9c45,
/kaggle/input/datasets/tschandl/isic2018-challenge-task1-data-segmentation/ISIC2018_Task1-2_Training_Input/ISIC_0013651.jpg,False,4288,2848,RGB,1.506,79f394b572601907991ed4a528b472b4,
/kaggle/input/datasets/tschandl/isic2018-challenge-task1-data-segmentation/ISIC2018_Task1-2_Training_Input/ISIC_0013579.jpg,False,4288,2848,RGB,1.506,939121d54ad6312d3965c3067001c018,
/kaggle/input/datasets/tschandl/isic2018-challenge-task1-data-segmentation/ISIC2018_Task1-2_Training_Input/ISIC_0014581.jpg,False,2592,1936,RGB,1.339,be6d047092a53254a5d24ba0a32f60c0,
/kaggle/input/datasets/tschandl/isic2018-challenge-task1-data-segmentation/ISIC2018_Task1-2_Training_Input/ISIC_0010860.jpg,False,1024,768,RGB,1.333,f16c81a901baec3c2bf822c2e88811a4,
/kaggle/input/datasets/tschandl/isic2018-challenge-task1-data-segmentation/ISIC2018_Task1-2_Training_Input/ISIC_0013425.jpg,False,4288,2848,RGB,1.506,4f894c0f7ff19dcd9a62dc57d5dddd73,
/kaggle/input/datasets/tschandl/isic2018-challenge-task1-data-segmentation/ISIC2018_Task1-2_Training_Input/ISIC_0012756.jpg,False,3872,2592,RGB,1.494,89965a09f6d846cac7eff006f6bf61be,
/kaggle/input/datasets/tschandl/isic2018-challenge-task1-data-segmentation/ISIC2018_Task1-2_Training_Input/ISIC_0012671.jpg,False,3008,2000,RGB,1.504,35e26bd5009688ae512ed6818842d1e7,
/kaggle/input/datasets/tschandl/isic2018-challenge-task1-data-segmentation/ISIC2018_Task1-2_Training_Input/ISIC_0012212.jpg,False,3008,2000,RGB,1.504,4630771ae73bf7b44c8a43ac1522edaf,
/kaggle/input/datasets/tschandl/isic2018-challenge-task1-data-segmentation/ISIC2018_Task1-2_Training_Input/ISIC_0012246.jpg,False,4288,2848,RGB,1.506,cad7e1c243d389da3122c7d3e7d45f52,
/kaggle/input/datasets/tschandl/isic2018-challenge-task1-data-segmentation/ISIC2018_Task1-2_Training_Input/ISIC_0013342.jpg,False,4288,2848,RGB,1.506,61e1753fee958509f7535b46631a289e,
/kaggle/input/datasets/tschandl/isic2018-challenge-task1-data-segmentation/ISIC2018_Task1-2_Training_Input/ISIC_0013364.jpg,False,4288,2848,RGB,1.506,ef1d621f63462f2446811d7b34adfe69,
/kaggle/input/datasets/tschandl/isic2018-challenge-task1-data-segmentation/ISIC2018_Task1-2_Training_Input/ISIC_0000278.jpg,False,1024,768,RGB,1.333,cdf830490ec214b308ff7a22d182a71d,
/kaggle/input/datasets/tschandl/isic2018-challenge-task1-data-segmentation/ISIC2018_Task1-2_Training_Input/ISIC_0010444.jpg,False,1024,768,RGB,1.333,1a7578c0ec0621466eb655e7e9a9ffe3,
/kaggle/input/datasets/tschandl/isic2018-challenge-task1-data-segmentation/ISIC2018_Task1-2_Training_Input/ISIC_0015298.jpg,False,6688,4459,RGB,1.5,b7d10d9221d41b8e35e8247c00f940f5,
/kaggle/input/datasets/tschandl/isic2018-challenge-task1-data-segmentation/ISIC2018_Task1-2_Training_Input/ISIC_0014225.jpg,False,4288,2848,RGB,1.506,b931702e2b2aafb3f9d8e29e591ab355,
/kaggle/input/datasets/tschandl/isic2018-challenge-task1-data-segmentation/ISIC2018_Task1-2_Training_Input/ISIC_0010267.jpg,False,1024,768,RGB,1.333,eab3a53a07a374020b75bf63be9a310d,
/kaggle/input/datasets/tschandl/isic2018-challenge-task1-data-segmentation/ISIC2018_Task1-2_Training_Input/ISIC_0010219.jpg,False,1024,768,RGB,1.333,2a148a166396f9885ce6866766826530,
/kaggle/input/datasets/tschandl/isic2018-challenge-task1-data-segmentation/ISIC2018_Task1-2_Training_Input/ISIC_0012316.jpg,False,3008,2000,RGB,1.504,c811c249147431fead6316948f51bd37,
/kaggle/input/datasets/tschandl/isic2018-challenge-task1-data-segmentation/ISIC2018_Task1-2_Training_Input/ISIC_0000199.jpg,False,718,542,RGB,1.325,f0eb0b8f5b3c6ca1ca4d3fd48562ac54,
/kaggle/input/datasets/tschandl/isic2018-challenge-task1-data-segmentation/ISIC2018_Task1-2_Training_Input/ISIC_0014076.jpg,False,4288,2848,RGB,1.506,de3c905c4ddeaf29066ff9875e02abfe,
/kaggle/input/datasets/tschandl/isic2018-challenge-task1-data-segmentation/ISIC2018_Task1-2_Training_Input/ISIC_0011140.jpg,False,1024,768,RGB,1.333,4e12060693ab5744b9b092bfe3a4177b,
/kaggle/input/datasets/tschandl/isic2018-challenge-task1-data-segmentation/ISIC2018_Task1-2_Training_Input/ISIC_0012699.jpg,False,3008,2000,RGB,1.504,ec1f6acdb55f68cd262473a75c59a9dd,
/kaggle/input/datasets/tschandl/isic2018-challenge-task1-data-segmentation/ISIC2018_Task1-2_Training_Input/ISIC_0000121.jpg,False,2048,1536,RGB,1.333,0f9964e6d036913bcadd84946537d91b,
/kaggle/input/datasets/tschandl/isic2018-challenge-task1-data-segmentation/ISIC2018_Task1-2_Training_Input/ISIC_0001188.jpg,False,4288,2848,RGB,1.506,37b82a6db4486cdda1ada703215134be,
/kaggle/input/datasets/tschandl/isic2018-challenge-task1-data-segmentation/ISIC2018_Task1-2_Training_Input/ISIC_0010368.jpg,False,1024,768,RGB,1.333,0ee8e3f7c49d8fc1fd548b4706678ee9,
/kaggle/input/datasets/tschandl/isic2018-challenge-task1-data-segmentation/ISIC2018_Task1-2_Training_Input/ISIC_0011347.jpg,False,1024,768,RGB,1.333,4b1d58a4df92634e15839705ee44932f,
/kaggle/input/datasets/tschandl/isic2018-challenge-task1-data-segmentation/ISIC2018_Task1-2_Training_Input/ISIC_0013346.jpg,False,4288,2848,RGB,1.506,d07b0fbc3d2aef3d2fb81dc719006ea8,
/kaggle/input/datasets/tschandl/isic2018-challenge-task1-data-segmentation/ISIC2018_Task1-2_Training_Input/ISIC_0012390.jpg,False,3008,2000,RGB,1.504,37fd43626d8b4180ab5165c04d8ed0ab,
/kaggle/input/datasets/tschandl/isic2018-challenge-task1-data-segmentation/ISIC2018_Task1-2_Training_Input/ISIC_0015215.jpg,False,6642,4441,RGB,1.496,550cfd7e47ed11fb33fca3223651a127,
/kaggle/input/datasets/tschandl/isic2018-challenge-task1-data-segmentation/ISIC2018_Task1-2_Training_Input/ISIC_0012904.jpg,False,3872,2592,RGB,1.494,a78a8b73fed80c47b01d6c786fa4ca25,
/kaggle/input/datasets/tschandl/isic2018-challenge-task1-data-segmentation/ISIC2018_Task1-2_Training_Input/ISIC_0012700.jpg,False,3008,2000,RGB,1.504,d59b50c215969b230654192292bcfe3a,
/kaggle/input/datasets/tschandl/isic2018-challenge-task1-data-segmentation/ISIC2018_Task1-2_Training_Input/ISIC_0009881.jpg,False,1024,768,RGB,1.333,6c8609859ae2849fe448673bcc85969e,
/kaggle/input/datasets/tschandl/isic2018-challenge-task1-data-segmentation/ISIC2018_Task1-2_Training_Input/ISIC_0004115.jpg,False,4288,2848,RGB,1.506,e73979c942903a989fc69143d2f19c60,
/kaggle/input/datasets/tschandl/isic2018-challenge-task1-data-segmentation/ISIC2018_Task1-2_Training_Input/ISIC_0011218.jpg,False,1024,768,RGB,1.333,066b904c332c521a38d2110761595887,
/kaggle/input/datasets/tschandl/isic2018-challenge-task1-data-segmentation/ISIC2018_Task1-2_Training_Input/ISIC_0010336.jpg,False,1024,768,RGB,1.333,42f1b25157d4f034089515b4a00b1c1e,
/kaggle/input/datasets/tschandl/isic2018-challenge-task1-data-segmentation/ISIC2018_Task1-2_Training_Input/ISIC_0014862.jpg,False,6668,4439,RGB,1.502,beb1d25225204b771ec443db39319e68,
/kaggle/input/datasets/tschandl/isic2018-challenge-task1-data-segmentation/ISIC2018_Task1-2_Training_Input/ISIC_0013498.jpg,False,3872,2592,RGB,1.494,a0d876e4c7607900442876ec65146468,
/kaggle/input/datasets/tschandl/isic2018-challenge-task1-data-segmentation/ISIC2018_Task1-2_Training_Input/ISIC_0000032.jpg,False,1504,1129,RGB,1.332,b74a6d049b6bcc9ef28f3002de1a84f0,
/kaggle/input/datasets/tschandl/isic2018-challenge-task1-data-segmentation/ISIC2018_Task1-2_Training_Input/ISIC_0000254.jpg,False,1024,768,RGB,1.333,4960e74def5804d404749903486336c8,
/kaggle/input/datasets/tschandl/isic2018-challenge-task1-data-segmentation/ISIC2018_Task1-2_Training_Input/ISIC_0000339.jpg,False,767,576,RGB,1.332,66fe2d262a635f06726b9136410154f6,
/kaggle/input/datasets/tschandl/isic2018-challenge-task1-data-segmentation/ISIC2018_Task1-2_Training_Input/ISIC_0013329.jpg,False,4288,2848,RGB,1.506,ccdf061fb51e2dac76aa8bb387934afd,
/kaggle/input/datasets/tschandl/isic2018-challenge-task1-data-segmentation/ISIC2018_Task1-2_Training_Input/ISIC_0012278.jpg,False,3008,2000,RGB,1.504,adc78e735c1658552a2de6dd0c1c3578,
/kaggle/input/datasets/tschandl/isic2018-challenge-task1-data-segmentation/ISIC2018_Task1-2_Training_Input/ISIC_0013434.jpg,False,4288,2848,RGB,1.506,de00604148ff82dc770c46fb29dbd702,
/kaggle/input/datasets/tschandl/isic2018-challenge-task1-data-segmentation/ISIC2018_Task1-2_Training_Input/ISIC_0010554.jpg,False,1024,768,RGB,1.333,d0effd825c7a411ae0aeee18e7362258,
/kaggle/input/datasets/tschandl/isic2018-challenge-task1-data-segmentation/ISIC2018_Task1-2_Training_Input/ISIC_0010215.jpg,False,1024,768,RGB,1.333,bff06745f3d37dd3c6e08dbfaec30950,
/kaggle/input/datasets/tschandl/isic2018-challenge-task1-data-segmentation/ISIC2018_Task1-2_Training_Input/ISIC_0014151.jpg,False,4288,2848,RGB,1.506,b31e62030ca916716c8baa714537f007,
/kaggle/input/datasets/tschandl/isic2018-challenge-task1-data-segmentation/ISIC2018_Task1-2_Training_Input/ISIC_0013184.jpg,False,3872,2592,RGB,1.494,0fbfe880dd423a12cd7b034d0682d55b,
/kaggle/input/datasets/tschandl/isic2018-challenge-task1-data-segmentation/ISIC2018_Task1-2_Training_Input/ISIC_0000061.jpg,False,1504,1129,RGB,1.332,b3bf8cd3f4448daf5aa6766c47bbe2a7,
/kaggle/input/datasets/tschandl/isic2018-challenge-task1-data-segmentation/ISIC2018_Task1-2_Training_Input/ISIC_0015037.jpg,False,6602,4400,RGB,1.5,0f2fdb5e9b2da96411ab3ce6765854ad,
/kaggle/input/datasets/tschandl/isic2018-challenge-task1-data-segmentation/ISIC2018_Task1-2_Training_Input/ISIC_0008807.jpg,False,4288,2848,RGB,1.506,5075d6b767cf6114369c9580b62a1d04,
/kaggle/input/datasets/tschandl/isic2018-challenge-task1-data-segmentation/ISIC2018_Task1-2_Training_Input/ISIC_0013836.jpg,False,4288,2848,RGB,1.506,d7de85a2bc4c4bb8cdd9f7a5e6e3d0da,
/kaggle/input/datasets/tschandl/isic2018-challenge-task1-data-segmentation/ISIC2018_Task1-2_Training_Input/ISIC_0011105.jpg,False,1024,768,RGB,1.333,fa48ab9377b7fc02d54e5158fc6b0a00,
/kaggle/input/datasets/tschandl/isic2018-challenge-task1-data-segmentation/ISIC2018_Task1-2_Training_Input/ISIC_0013817.jpg,False,4288,2848,RGB,1.506,37a976f879d1643d9039b23941d7d9a9,
/kaggle/input/datasets/tschandl/isic2018-challenge-task1-data-segmentation/ISIC2018_Task1-2_Training_Input/ISIC_0000287.jpg,False,1024,768,RGB,1.333,001811472ec3a2485d8ea3447e994f15,
/kaggle/input/datasets/tschandl/isic2018-challenge-task1-data-segmentation/ISIC2018_Task1-2_Training_Input/ISIC_0012907.jpg,False,3872,2592,RGB,1.494,d13779d9bdf69aef91256d9d1e08b444,
/kaggle/input/datasets/tschandl/isic2018-challenge-task1-data-segmentation/ISIC2018_Task1-2_Training_Input/ISIC_0013740.jpg,False,3008,2000,RGB,1.504,3163ae78e559ccb5ba70e6a0cd9b0e8a,
/kaggle/input/datasets/tschandl/isic2018-challenge-task1-data-segmentation/ISIC2018_Task1-2_Training_Input/ISIC_0010000.jpg,False,1024,768,RGB,1.333,141b8aaa98ecfe8c0c8eeb925b9c7345,
/kaggle/input/datasets/tschandl/isic2018-challenge-task1-data-segmentation/ISIC2018_Task1-2_Training_Input/ISIC_0015953.jpg,False,3008,2000,RGB,1.504,23859356bf80ad1d8afaeb428a84ac25,
/kaggle/input/datasets/tschandl/isic2018-challenge-task1-data-segmentation/ISIC2018_Task1-2_Training_Input/ISIC_0015034.jpg,False,6581,4382,RGB,1.502,c1659d9a71d4fae6ea8640610307a65d,
/kaggle/input/datasets/tschandl/isic2018-challenge-task1-data-segmentation/ISIC2018_Task1-2_Training_Input/ISIC_0011161.jpg,False,1024,768,RGB,1.333,20a8d9cf36b9282c3373d019128a94ad,
/kaggle/input/datasets/tschandl/isic2018-challenge-task1-data-segmentation/ISIC2018_Task1-2_Training_Input/ISIC_0012372.jpg,False,3008,2000,RGB,1.504,f08f6c2c06929eca39ef7373bb9fa737,
/kaggle/input/datasets/tschandl/isic2018-challenge-task1-data-segmentation/ISIC2018_Task1-2_Training_Input/ISIC_0014554.jpg,False,4288,2848,RGB,1.506,314c90ce6ce0b6b09a588a553aa4dc9f,
/kaggle/input/datasets/tschandl/isic2018-challenge-task1-data-segmentation/ISIC2018_Task1-2_Training_Input/ISIC_0013474.jpg,False,4288,2848,RGB,1.506,6f9ad7c4e72ba27f4b380f1277ccf98a,
/kaggle/input/datasets/tschandl/isic2018-challenge-task1-data-segmentation/ISIC2018_Task1-2_Training_Input/ISIC_0015167.jpg,False,6668,4418,RGB,1.509,3706f4e7c2298e443160f136e9469db7,
/kaggle/input/datasets/tschandl/isic2018-challenge-task1-data-segmentation/ISIC2018_Task1-2_Training_Input/ISIC_0000110.jpg,False,2048,1536,RGB,1.333,1c6a98a5332c70abd69f2bd26640f5b0,
/kaggle/input/datasets/tschandl/isic2018-challenge-task1-data-segmentation/ISIC2018_Task1-2_Training_Input/ISIC_0014890.jpg,False,6715,4457,RGB,1.507,18c7820505f9aad08ad76371291d776f,
/kaggle/input/datasets/tschandl/isic2018-challenge-task1-data-segmentation/ISIC2018_Task1-2_Training_Input/ISIC_0013190.jpg,False,3872,2592,RGB,1.494,4e5992c8b02e3e49b7b8e79237d7b335,
/kaggle/input/datasets/tschandl/isic2018-challenge-task1-data-segmentation/ISIC2018_Task1-2_Training_Input/ISIC_0014545.jpg,False,4288,2848,RGB,1.506,113a02b28a16238e2bca3dead95f6e3c,
/kaggle/input/datasets/tschandl/isic2018-challenge-task1-data-segmentation/ISIC2018_Task1-2_Training_Input/ISIC_0014730.jpg,False,6668,4439,RGB,1.502,e8226b9b5e9082c0abd08b4d8e7eb8c4,
/kaggle/input/datasets/tschandl/isic2018-challenge-task1-data-segmentation/ISIC2018_Task1-2_Training_Input/ISIC_0000532.jpg,False,919,802,RGB,1.146,9585dd7899e1efd943566f2ee0ef0e56,
/kaggle/input/datasets/tschandl/isic2018-challenge-task1-data-segmentation/ISIC2018_Task1-2_Training_Input/ISIC_0014619.jpg,False,2592,1936,RGB,1.339,9898e3868a172ed1688b39a2819c265c,
/kaggle/input/datasets/tschandl/isic2018-challenge-task1-data-segmentation/ISIC2018_Task1-2_Training_Input/ISIC_0013071.jpg,False,3872,2592,RGB,1.494,4b95cd98e1e2b7d3e1c784d71e0b6cf8,
/kaggle/input/datasets/tschandl/isic2018-challenge-task1-data-segmentation/ISIC2018_Task1-2_Training_Input/ISIC_0012147.jpg,False,3008,2000,RGB,1.504,b4657cd2a8194b83fd7035483c63b7f8,
/kaggle/input/datasets/tschandl/isic2018-challenge-task1-data-segmentation/ISIC2018_Task1-2_Training_Input/ISIC_0011224.jpg,False,1024,768,RGB,1.333,e0e7556c0541c413653e632b48b054c2,
/kaggle/input/datasets/tschandl/isic2018-challenge-task1-data-segmentation/ISIC2018_Task1-2_Training_Input/ISIC_0000537.jpg,False,824,719,RGB,1.146,cb133f9d0575c869cc989b22a4e71f74,
/kaggle/input/datasets/tschandl/isic2018-challenge-task1-data-segmentation/ISIC2018_Task1-2_Training_Input/ISIC_0015971.jpg,False,3008,2000,RGB,1.504,75c6301fa6d58441ec8da6f79af37856,
/kaggle/input/datasets/tschandl/isic2018-challenge-task1-data-segmentation/ISIC2018_Task1-2_Training_Input/ISIC_0014288.jpg,False,4288,2848,RGB,1.506,0ccf1c53ac737cc074e34c131a5cfc0f,
/kaggle/input/datasets/tschandl/isic2018-challenge-task1-data-segmentation/ISIC2018_Task1-2_Training_Input/ISIC_0013652.jpg,False,3008,2000,RGB,1.504,be93291859330ff860743ce95593ac73,
/kaggle/input/datasets/tschandl/isic2018-challenge-task1-data-segmentation/ISIC2018_Task1-2_Training_Input/ISIC_0009906.jpg,False,1024,768,RGB,1.333,cabb51571fbc161499d7427348497b10,
/kaggle/input/datasets/tschandl/isic2018-challenge-task1-data-segmentation/ISIC2018_Task1-2_Training_Input/ISIC_0009868.jpg,False,1024,768,RGB,1.333,5fe3dfe2ab78ec2e1e5fe9aa2e55ae64,
/kaggle/input/datasets/tschandl/isic2018-challenge-task1-data-segmentation/ISIC2018_Task1-2_Training_Input/ISIC_0015251.jpg,False,6688,4459,RGB,1.5,365d3d4d26c0787f9ef72965ed9eb8ca,
/kaggle/input/datasets/tschandl/isic2018-challenge-task1-data-segmentation/ISIC2018_Task1-2_Training_Input/ISIC_0010255.jpg,False,1024,768,RGB,1.333,34dc7f934017e9701514fee4b3b717f4,
/kaggle/input/datasets/tschandl/isic2018-challenge-task1-data-segmentation/ISIC2018_Task1-2_Training_Input/ISIC_0000189.jpg,False,1502,1051,RGB,1.429,aa8ab93d8933f44d108590ef739aa49b,
/kaggle/input/datasets/tschandl/isic2018-challenge-task1-data-segmentation/ISIC2018_Task1-2_Training_Input/ISIC_0012248.jpg,False,4288,2848,RGB,1.506,cb52b64a6c2befa2afe289af35242567,
/kaggle/input/datasets/tschandl/isic2018-challenge-task1-data-segmentation/ISIC2018_Task1-2_Training_Input/ISIC_0014910.jpg,False,6688,4459,RGB,1.5,d774045c1c1dcd7fe3718792fda92a37,
/kaggle/input/datasets/tschandl/isic2018-challenge-task1-data-segmentation/ISIC2018_Task1-2_Training_Input/ISIC_0014883.jpg,False,6668,4439,RGB,1.502,96b1cf1a19b84393d382520b19aa4dc1,
/kaggle/input/datasets/tschandl/isic2018-challenge-task1-data-segmentation/ISIC2018_Task1-2_Training_Input/ISIC_0013086.jpg,False,3008,2000,RGB,1.504,fb38e5e1109c960a9e7b48ed7b98512e,
/kaggle/input/datasets/tschandl/isic2018-challenge-task1-data-segmentation/ISIC2018_Task1-2_Training_Input/ISIC_0000229.jpg,False,962,641,RGB,1.501,e46e7d2fb27d1818d85673269c756c4f,
/kaggle/input/datasets/tschandl/isic2018-challenge-task1-data-segmentation/ISIC2018_Task1-2_Training_Input/ISIC_0001852.jpg,False,3024,2016,RGB,1.5,935fd239889739b0fd86fad7c4965518,
/kaggle/input/datasets/tschandl/isic2018-challenge-task1-data-segmentation/ISIC2018_Task1-2_Training_Input/ISIC_0000055.jpg,False,1504,1129,RGB,1.332,428553021636a2065a6c04f027e9e791,
/kaggle/input/datasets/tschandl/isic2018-challenge-task1-data-segmentation/ISIC2018_Task1-2_Training_Input/ISIC_0015603.jpg,False,6662,4420,RGB,1.507,ed85fcfbe2b7bbb9ec0e06f796964405,
/kaggle/input/datasets/tschandl/isic2018-challenge-task1-data-segmentation/ISIC2018_Task1-2_Training_Input/ISIC_0013181.jpg,False,3008,2000,RGB,1.504,fe131ac6e7fb05aa67e996c83354fb6c,
/kaggle/input/datasets/tschandl/isic2018-challenge-task1-data-segmentation/ISIC2018_Task1-2_Training_Input/ISIC_0014926.jpg,False,6708,4439,RGB,1.511,b23bd2f7ea85e506f52e96d70319f299,
/kaggle/input/datasets/tschandl/isic2018-challenge-task1-data-segmentation/ISIC2018_Task1-2_Training_Input/ISIC_0013288.jpg,False,4288,2848,RGB,1.506,ee8814514394c0273bbfbbdbe58f25c5,
/kaggle/input/datasets/tschandl/isic2018-challenge-task1-data-segmentation/ISIC2018_Task1-2_Training_Input/ISIC_0012710.jpg,False,3008,2000,RGB,1.504,ce48922037afbceb893c7ac200455e98,
/kaggle/input/datasets/tschandl/isic2018-challenge-task1-data-segmentation/ISIC2018_Task1-2_Training_Input/ISIC_0015113.jpg,False,6682,4441,RGB,1.505,e719b1186d10fe91f5e1bef6323ea39a,
/kaggle/input/datasets/tschandl/isic2018-challenge-task1-data-segmentation/ISIC2018_Task1-2_Training_Input/ISIC_0010022.jpg,False,1024,768,RGB,1.333,9cef5ad5a6ade1d6cdb994df71b400b4,
/kaggle/input/datasets/tschandl/isic2018-challenge-task1-data-segmentation/ISIC2018_Task1-2_Training_Input/ISIC_0011211.jpg,False,1024,768,RGB,1.333,57fd1d162795a3a95a535c7f319c7a13,
/kaggle/input/datasets/tschandl/isic2018-challenge-task1-data-segmentation/ISIC2018_Task1-2_Training_Input/ISIC_0014166.jpg,False,4288,2848,RGB,1.506,8a9853ad00611fc264d766e2fcba55f4,
/kaggle/input/datasets/tschandl/isic2018-challenge-task1-data-segmentation/ISIC2018_Task1-2_Training_Input/ISIC_0009875.jpg,False,1024,768,RGB,1.333,2d52a86b71126a8ea7ddda5d99f44e7f,
/kaggle/input/datasets/tschandl/isic2018-challenge-task1-data-segmentation/ISIC2018_Task1-2_Training_Input/ISIC_0001100.jpg,False,3072,2304,RGB,1.333,d17c77e3ea55bb8f39220faa41ca06b9,
/kaggle/input/datasets/tschandl/isic2018-challenge-task1-data-segmentation/ISIC2018_Task1-2_Training_Input/ISIC_0013226.jpg,False,3872,2592,RGB,1.494,0dd552b621494026dfe189ad2b0f5308,
/kaggle/input/datasets/tschandl/isic2018-challenge-task1-data-segmentation/ISIC2018_Task1-2_Training_Input/ISIC_0001133.jpg,False,3072,2304,RGB,1.333,7746ea829c05e3e72fb727b4330cbe34,
/kaggle/input/datasets/tschandl/isic2018-challenge-task1-data-segmentation/ISIC2018_Task1-2_Training_Input/ISIC_0015220.jpg,False,6682,4441,RGB,1.505,e476227457627f1681b569659fe2751a,
/kaggle/input/datasets/tschandl/isic2018-challenge-task1-data-segmentation/ISIC2018_Task1-2_Training_Input/ISIC_0000220.jpg,False,962,674,RGB,1.427,edf303f79d75055e1d58625d5a9deb6f,
/kaggle/input/datasets/tschandl/isic2018-challenge-task1-data-segmentation/ISIC2018_Task1-2_Training_Input/ISIC_0013461.jpg,False,4288,2848,RGB,1.506,430e8ea04195198dc26b91c1fba41ce7,
/kaggle/input/datasets/tschandl/isic2018-challenge-task1-data-segmentation/ISIC2018_Task1-2_Training_Input/ISIC_0000547.jpg,False,824,719,RGB,1.146,4d55fb7c8ec7a92b1d561523b89435a7,
/kaggle/input/datasets/tschandl/isic2018-challenge-task1-data-segmentation/ISIC2018_Task1-2_Training_Input/ISIC_0015056.jpg,False,6601,4401,RGB,1.5,16b73ae06ff8877adb0bebe0efc1edf9,
/kaggle/input/datasets/tschandl/isic2018-challenge-task1-data-segmentation/ISIC2018_Task1-2_Training_Input/ISIC_0012901.jpg,False,3008,2000,RGB,1.504,e8f775d13dbc3a902544f88d58e48b74,
/kaggle/input/datasets/tschandl/isic2018-challenge-task1-data-segmentation/ISIC2018_Task1-2_Training_Input/ISIC_0000508.jpg,False,1019,717,RGB,1.421,68804d003f279ef884235e91ebc4920b,
/kaggle/input/datasets/tschandl/isic2018-challenge-task1-data-segmentation/ISIC2018_Task1-2_Training_Input/ISIC_0014513.jpg,False,4288,2848,RGB,1.506,98962444bb3812c1e6a6c5f1d2c26689,
/kaggle/input/datasets/tschandl/isic2018-challenge-task1-data-segmentation/ISIC2018_Task1-2_Training_Input/ISIC_0002806.jpg,False,4288,2848,RGB,1.506,9e02e56f0eccb8a61d75837b19ac093b,
/kaggle/input/datasets/tschandl/isic2018-challenge-task1-data-segmentation/ISIC2018_Task1-2_Training_Input/ISIC_0015293.jpg,False,6668,4439,RGB,1.502,266a329e6dd240a2d60ee265a131f4d9,
/kaggle/input/datasets/tschandl/isic2018-challenge-task1-data-segmentation/ISIC2018_Task1-2_Training_Input/ISIC_0000344.jpg,False,767,576,RGB,1.332,359b99b015549ae6c924ed46aa9bc7c8,
/kaggle/input/datasets/tschandl/isic2018-challenge-task1-data-segmentation/ISIC2018_Task1-2_Training_Input/ISIC_0013203.jpg,False,3008,2000,RGB,1.504,192a60ef3fc68b0d978dde5ca22f1d7d,
/kaggle/input/datasets/tschandl/isic2018-challenge-task1-data-segmentation/ISIC2018_Task1-2_Training_Input/ISIC_0000448.jpg,False,3072,2304,RGB,1.333,9fd3c910053046b7449b240e63989dcc,
/kaggle/input/datasets/tschandl/isic2018-challenge-task1-data-segmentation/ISIC2018_Task1-2_Training_Input/ISIC_0000245.jpg,False,1024,768,RGB,1.333,028b8a12621659f4522b68ee68426775,
/kaggle/input/datasets/tschandl/isic2018-challenge-task1-data-segmentation/ISIC2018_Task1-2_Training_Input/ISIC_0013644.jpg,False,4288,2848,RGB,1.506,a1435c56f4e89f0901d2db314b6cea38,
/kaggle/input/datasets/tschandl/isic2018-challenge-task1-data-segmentation/ISIC2018_Task1-2_Training_Input/ISIC_0011295.jpg,False,1024,768,RGB,1.333,73973439fe66d3d4a3e77b5a8980ca02,
/kaggle/input/datasets/tschandl/isic2018-challenge-task1-data-segmentation/ISIC2018_Task1-2_Training_Input/ISIC_0011304.jpg,False,1024,768,RGB,1.333,6da5cbd5c8b4940e113402a955807713,
/kaggle/input/datasets/tschandl/isic2018-challenge-task1-data-segmentation/ISIC2018_Task1-2_Training_Input/ISIC_0014500.jpg,False,4288,2848,RGB,1.506,affd46b11c1693ed7a4f863d279e9185,
/kaggle/input/datasets/tschandl/isic2018-challenge-task1-data-segmentation/ISIC2018_Task1-2_Training_Input/ISIC_0012879.jpg,False,3008,2000,RGB,1.504,e026a6201df84347d2cf2e1238086ac8,
/kaggle/input/datasets/tschandl/isic2018-challenge-task1-data-segmentation/ISIC2018_Task1-2_Training_Input/ISIC_0012227.jpg,False,4288,2848,RGB,1.506,de5716719f80e4aabc949d66e69ae976,
/kaggle/input/datasets/tschandl/isic2018-challenge-task1-data-segmentation/ISIC2018_Task1-2_Training_Input/ISIC_0003308.jpg,False,3024,2016,RGB,1.5,3cae70d3042b2852a459a7ba3dec6096,
/kaggle/input/datasets/tschandl/isic2018-challenge-task1-data-segmentation/ISIC2018_Task1-2_Training_Input/ISIC_0012704.jpg,False,3008,2000,RGB,1.504,fc9fc99e7ed93f5dc73b495aebcf03b0,
/kaggle/input/datasets/tschandl/isic2018-challenge-task1-data-segmentation/ISIC2018_Task1-2_Training_Input/ISIC_0013813.jpg,False,4288,2848,RGB,1.506,08c24396fd0b04b723505e2563d2268c,
/kaggle/input/datasets/tschandl/isic2018-challenge-task1-data-segmentation/ISIC2018_Task1-2_Training_Input/ISIC_0014440.jpg,False,4288,2848,RGB,1.506,303cde3f2f3c887c0823c362ad0b83cb,
/kaggle/input/datasets/tschandl/isic2018-challenge-task1-data-segmentation/ISIC2018_Task1-2_Training_Input/ISIC_0014489.jpg,False,4288,2848,RGB,1.506,ec63a40417b4c9b5f935a57c591543ec,
/kaggle/input/datasets/tschandl/isic2018-challenge-task1-data-segmentation/ISIC2018_Task1-2_Training_Input/ISIC_0000505.jpg,False,919,802,RGB,1.146,dca2cd1d7d3fb8c0cb3bca386e114d8a,
/kaggle/input/datasets/tschandl/isic2018-challenge-task1-data-segmentation/ISIC2018_Task1-2_Training_Input/ISIC_0014812.jpg,False,6642,4422,RGB,1.502,0cbae4b751ae158af08e44039ba7305c,
/kaggle/input/datasets/tschandl/isic2018-challenge-task1-data-segmentation/ISIC2018_Task1-2_Training_Input/ISIC_0009940.jpg,False,1024,768,RGB,1.333,5c88f9d6de8b8eee23f26340eb9211fa,
/kaggle/input/datasets/tschandl/isic2018-challenge-task1-data-segmentation/ISIC2018_Task1-2_Training_Input/ISIC_0011127.jpg,False,1024,768,RGB,1.333,9983810cedeee4cd30ac5c24b3be8a31,
/kaggle/input/datasets/tschandl/isic2018-challenge-task1-data-segmentation/ISIC2018_Task1-2_Training_Input/ISIC_0010241.jpg,False,1024,768,RGB,1.333,a60437497add444c6b4ba44097683e16,
/kaggle/input/datasets/tschandl/isic2018-challenge-task1-data-segmentation/ISIC2018_Task1-2_Training_Input/ISIC_0010322.jpg,False,1024,768,RGB,1.333,0668eaaa50e8f451c096684b0fa6e9ba,
/kaggle/input/datasets/tschandl/isic2018-challenge-task1-data-segmentation/ISIC2018_Task1-2_Training_Input/ISIC_0014108.jpg,False,4288,2848,RGB,1.506,2e52b5e76291b8123780c9a81e144090,
/kaggle/input/datasets/tschandl/isic2018-challenge-task1-data-segmentation/ISIC2018_Task1-2_Training_Input/ISIC_0014490.jpg,False,4288,2848,RGB,1.506,c8c29a2ea9cb3015464d0d7ddafcd091,
/kaggle/input/datasets/tschandl/isic2018-challenge-task1-data-segmentation/ISIC2018_Task1-2_Training_Input/ISIC_0012381.jpg,False,3008,2000,RGB,1.504,83ad01b2397bc5e4c68657139d9b0bca,
/kaggle/input/datasets/tschandl/isic2018-challenge-task1-data-segmentation/ISIC2018_Task1-2_Training_Input/ISIC_0010063.jpg,False,1024,768,RGB,1.333,ab58a7957cbb308aeb635e3badb85881,
/kaggle/input/datasets/tschandl/isic2018-challenge-task1-data-segmentation/ISIC2018_Task1-2_Training_Input/ISIC_0014473.jpg,False,4288,2848,RGB,1.506,c3b411922451480da2285c4caf49d755,
/kaggle/input/datasets/tschandl/isic2018-challenge-task1-data-segmentation/ISIC2018_Task1-2_Training_Input/ISIC_0015981.jpg,False,3008,2000,RGB,1.504,83de07891e04e4a2221cb712d78c23ff,
/kaggle/input/datasets/tschandl/isic2018-challenge-task1-data-segmentation/ISIC2018_Task1-2_Training_Input/ISIC_0015007.jpg,False,6608,4399,RGB,1.502,191e96e8638e80710ae8e6c0e23ff2e7,
/kaggle/input/datasets/tschandl/isic2018-challenge-task1-data-segmentation/ISIC2018_Task1-2_Training_Input/ISIC_0000034.jpg,False,1504,1129,RGB,1.332,44bf97c2c65e8665ef7501aa73c3c98c,
/kaggle/input/datasets/tschandl/isic2018-challenge-task1-data-segmentation/ISIC2018_Task1-2_Training_Input/ISIC_0000060.jpg,False,1504,1129,RGB,1.332,451b284370559e9581ad42f7259fc705,
/kaggle/input/datasets/tschandl/isic2018-challenge-task1-data-segmentation/ISIC2018_Task1-2_Training_Input/ISIC_0000209.jpg,False,722,542,RGB,1.332,d681ff23818d9f9b8b950f7871972353,
/kaggle/input/datasets/tschandl/isic2018-challenge-task1-data-segmentation/ISIC2018_Task1-2_Training_Input/ISIC_0014868.jpg,False,6648,4439,RGB,1.498,99faa8c6e5c0aa90a617310d81ce6c28,
/kaggle/input/datasets/tschandl/isic2018-challenge-task1-data-segmentation/ISIC2018_Task1-2_Training_Input/ISIC_0016052.jpg,False,4288,2848,RGB,1.506,33ff375a4acd5ede8ed42e33a711ff39,
/kaggle/input/datasets/tschandl/isic2018-challenge-task1-data-segmentation/ISIC2018_Task1-2_Training_Input/ISIC_0000501.jpg,False,919,802,RGB,1.146,f9c3339b43bbc1f7e6c53a8bb12c2afe,
/kaggle/input/datasets/tschandl/isic2018-challenge-task1-data-segmentation/ISIC2018_Task1-2_Training_Input/ISIC_0013219.jpg,False,3008,2000,RGB,1.504,9be9791744b8ae056826ddebb24e645b,
/kaggle/input/datasets/tschandl/isic2018-challenge-task1-data-segmentation/ISIC2018_Task1-2_Training_Input/ISIC_0013599.jpg,False,3872,2592,RGB,1.494,228b977016e463068d23ba9d3efbc217,
/kaggle/input/datasets/tschandl/isic2018-challenge-task1-data-segmentation/ISIC2018_Task1-2_Training_Input/ISIC_0000527.jpg,False,1011,713,RGB,1.418,6a2d1e9d683677f8d386a834aace774b,
/kaggle/input/datasets/tschandl/isic2018-challenge-task1-data-segmentation/ISIC2018_Task1-2_Training_Input/ISIC_0015176.jpg,False,6628,4439,RGB,1.493,cf7aa9986bc34478a25d2e2deb989ae6,
/kaggle/input/datasets/tschandl/isic2018-challenge-task1-data-segmentation/ISIC2018_Task1-2_Training_Input/ISIC_0011156.jpg,False,1024,768,RGB,1.333,83b06c611aaa56f6d5dc2c2eb761b7a9,
/kaggle/input/datasets/tschandl/isic2018-challenge-task1-data-segmentation/ISIC2018_Task1-2_Training_Input/ISIC_0001769.jpg,False,3024,2016,RGB,1.5,5001359cfe34b279613e5d2eca7b371a,
/kaggle/input/datasets/tschandl/isic2018-challenge-task1-data-segmentation/ISIC2018_Task1-2_Training_Input/ISIC_0011398.jpg,False,1024,768,RGB,1.333,f0423b22a9cf139d44e7c25478d4d4b6,
/kaggle/input/datasets/tschandl/isic2018-challenge-task1-data-segmentation/ISIC2018_Task1-2_Training_Input/ISIC_0015224.jpg,False,6621,4420,RGB,1.498,b3a376437d9c1467faab1a75414f31ee,
/kaggle/input/datasets/tschandl/isic2018-challenge-task1-data-segmentation/ISIC2018_Task1-2_Training_Input/ISIC_0011097.jpg,False,1024,768,RGB,1.333,89bbb7b83f85da80faca1b6bc2ab2b59,
/kaggle/input/datasets/tschandl/isic2018-challenge-task1-data-segmentation/ISIC2018_Task1-2_Training_Input/ISIC_0009599.jpg,False,4288,2848,RGB,1.506,dec20183c59783f21e793b5a560768b9,
/kaggle/input/datasets/tschandl/isic2018-challenge-task1-data-segmentation/ISIC2018_Task1-2_Training_Input/ISIC_0001184.jpg,False,4288,2848,RGB,1.506,0bec05d23b32a00a6422190dd58a5158,
/kaggle/input/datasets/tschandl/isic2018-challenge-task1-data-segmentation/ISIC2018_Task1-2_Training_Input/ISIC_0015161.jpg,False,6601,4382,RGB,1.506,4932664b38e6e97ac313c1a7efcdf6b8,
/kaggle/input/datasets/tschandl/isic2018-challenge-task1-data-segmentation/ISIC2018_Task1-2_Training_Input/ISIC_0015625.jpg,False,6688,4419,RGB,1.513,f9e5520e3e62ca6da777fc331c71bef3,
/kaggle/input/datasets/tschandl/isic2018-challenge-task1-data-segmentation/ISIC2018_Task1-2_Training_Input/ISIC_0013967.jpg,False,3008,2000,RGB,1.504,bd20460bde5c209e8393175f75177f66,
/kaggle/input/datasets/tschandl/isic2018-challenge-task1-data-segmentation/ISIC2018_Task1-2_Training_Input/ISIC_0013096.jpg,False,3008,2000,RGB,1.504,17fa139a9f6dfec0ebaec73a7d61889e,
/kaggle/input/datasets/tschandl/isic2018-challenge-task1-data-segmentation/ISIC2018_Task1-2_Training_Input/ISIC_0012721.jpg,False,3008,2000,RGB,1.504,8715eeda17abfa9eabdb4b6a573261a2,
/kaggle/input/datasets/tschandl/isic2018-challenge-task1-data-segmentation/ISIC2018_Task1-2_Training_Input/ISIC_0013518.jpg,False,4288,2848,RGB,1.506,560c44ea456fd785b62bc116d716e250,
/kaggle/input/datasets/tschandl/isic2018-challenge-task1-data-segmentation/ISIC2018_Task1-2_Training_Input/ISIC_0014872.jpg,False,6668,4459,RGB,1.495,e1b165a440db5c2e21d777ce73847374,
/kaggle/input/datasets/tschandl/isic2018-challenge-task1-data-segmentation/ISIC2018_Task1-2_Training_Input/ISIC_0012258.jpg,False,4288,2848,RGB,1.506,4f2b8fa31f002ee7f335bae920ac4f45,
/kaggle/input/datasets/tschandl/isic2018-challenge-task1-data-segmentation/ISIC2018_Task1-2_Training_Input/ISIC_0014537.jpg,False,4288,2848,RGB,1.506,7dbac83f42d1d74e5a7e681850f049fd,
/kaggle/input/datasets/tschandl/isic2018-challenge-task1-data-segmentation/ISIC2018_Task1-2_Training_Input/ISIC_0015980.jpg,False,3008,2000,RGB,1.504,bc6994973f3b412daab27d5d77710c71,
/kaggle/input/datasets/tschandl/isic2018-challenge-task1-data-segmentation/ISIC2018_Task1-2_Training_Input/ISIC_0000423.jpg,False,3072,2304,RGB,1.333,2782542747f969fecba144f8104441e5,
/kaggle/input/datasets/tschandl/isic2018-challenge-task1-data-segmentation/ISIC2018_Task1-2_Training_Input/ISIC_0014708.jpg,False,6622,4421,RGB,1.498,09a4669dfee2a663a0311f27100e874a,
/kaggle/input/datasets/tschandl/isic2018-challenge-task1-data-segmentation/ISIC2018_Task1-2_Training_Input/ISIC_0012118.jpg,False,3008,2000,RGB,1.504,0e1723dc6fdb403be17ddfe3c122813d,
/kaggle/input/datasets/tschandl/isic2018-challenge-task1-data-segmentation/ISIC2018_Task1-2_Training_Input/ISIC_0012837.jpg,False,3872,2592,RGB,1.494,54118212bf81c562c104eaea42e645fd,
/kaggle/input/datasets/tschandl/isic2018-challenge-task1-data-segmentation/ISIC2018_Task1-2_Training_Input/ISIC_0015003.jpg,False,6648,4439,RGB,1.498,62c89cdf79bc91be64b49eaf00fa00a6,
/kaggle/input/datasets/tschandl/isic2018-challenge-task1-data-segmentation/ISIC2018_Task1-2_Training_Input/ISIC_0012758.jpg,False,639,602,RGB,1.061,ccc61c8ea7e9f23b9b6899f9c1841b6a,
/kaggle/input/datasets/tschandl/isic2018-challenge-task1-data-segmentation/ISIC2018_Task1-2_Training_Input/ISIC_0012719.jpg,False,3008,2000,RGB,1.504,042a6afb2d90db360b4f2d68ceca9936,
/kaggle/input/datasets/tschandl/isic2018-challenge-task1-data-segmentation/ISIC2018_Task1-2_Training_Input/ISIC_0013340.jpg,False,4288,2848,RGB,1.506,cb68111d8a817e1f6f3231455f69db3f,
/kaggle/input/datasets/tschandl/isic2018-challenge-task1-data-segmentation/ISIC2018_Task1-2_Training_Input/ISIC_0014724.jpg,False,6582,4382,RGB,1.502,b3e95f781f6910a65318fd604d916f72,
/kaggle/input/datasets/tschandl/isic2018-challenge-task1-data-segmentation/ISIC2018_Task1-2_Training_Input/ISIC_0011328.jpg,False,1024,768,RGB,1.333,0e55dabff515a11d9cc95fd8346a6efc,
/kaggle/input/datasets/tschandl/isic2018-challenge-task1-data-segmentation/ISIC2018_Task1-2_Training_Input/ISIC_0009902.jpg,False,1024,768,RGB,1.333,7cc1e035161da0c80fc5c535ea10e19c,
/kaggle/input/datasets/tschandl/isic2018-challenge-task1-data-segmentation/ISIC2018_Task1-2_Training_Input/ISIC_0013840.jpg,False,3008,2000,RGB,1.504,65c0a3d6a84b9db4a278592a048df918,
/kaggle/input/datasets/tschandl/isic2018-challenge-task1-data-segmentation/ISIC2018_Task1-2_Training_Input/ISIC_0000533.jpg,False,1016,682,RGB,1.49,31ed264e53ab92b6e3097dba8f9489a3,
/kaggle/input/datasets/tschandl/isic2018-challenge-task1-data-segmentation/ISIC2018_Task1-2_Training_Input/ISIC_0012987.jpg,False,3872,2592,RGB,1.494,4629db30ec1450c9c5d0842d69b673bb,
/kaggle/input/datasets/tschandl/isic2018-challenge-task1-data-segmentation/ISIC2018_Task1-2_Training_Input/ISIC_0013493.jpg,False,4288,2848,RGB,1.506,8b35ffa236ee213b1f2a097ef83d41a5,
/kaggle/input/datasets/tschandl/isic2018-challenge-task1-data-segmentation/ISIC2018_Task1-2_Training_Input/ISIC_0015940.jpg,False,3008,2000,RGB,1.504,22b42918a723e5ce242f3fb2dce1a405,
/kaggle/input/datasets/tschandl/isic2018-challenge-task1-data-segmentation/ISIC2018_Task1-2_Training_Input/ISIC_0013079.jpg,False,3008,2000,RGB,1.504,02915bbc793ea6ec53ad314eb7185d84,
/kaggle/input/datasets/tschandl/isic2018-challenge-task1-data-segmentation/ISIC2018_Task1-2_Training_Input/ISIC_0011166.jpg,False,1024,768,RGB,1.333,5036fe9eb1b32fafb97f2c3978fe2d19,
/kaggle/input/datasets/tschandl/isic2018-challenge-task1-data-segmentation/ISIC2018_Task1-2_Training_Input/ISIC_0014542.jpg,False,4288,2848,RGB,1.506,06e38b53a39d296c1bb382c9a6764aaf,
/kaggle/input/datasets/tschandl/isic2018-challenge-task1-data-segmentation/ISIC2018_Task1-2_Training_Input/ISIC_0014684.jpg,False,6628,4419,RGB,1.5,ff1dfa161d957eb011e9fdd2a875455d,
/kaggle/input/datasets/tschandl/isic2018-challenge-task1-data-segmentation/ISIC2018_Task1-2_Training_Input/ISIC_0009188.jpg,False,4288,2848,RGB,1.506,3be547489f011d8d97f058905596115e,
/kaggle/input/datasets/tschandl/isic2018-challenge-task1-data-segmentation/ISIC2018_Task1-2_Training_Input/ISIC_0000327.jpg,False,767,576,RGB,1.332,14c22daf531bf5c8312a8baf173e39ad,
/kaggle/input/datasets/tschandl/isic2018-challenge-task1-data-segmentation/ISIC2018_Task1-2_Training_Input/ISIC_0014968.jpg,False,6688,4439,RGB,1.507,4b3c92425aa90b45a0f34015dfbf93be,
/kaggle/input/datasets/tschandl/isic2018-challenge-task1-data-segmentation/ISIC2018_Task1-2_Training_Input/ISIC_0001105.jpg,False,3072,2304,RGB,1.333,b04bb89c1cdfa4da93868eac2ec6eb28,
/kaggle/input/datasets/tschandl/isic2018-challenge-task1-data-segmentation/ISIC2018_Task1-2_Training_Input/ISIC_0000259.jpg,False,1024,768,RGB,1.333,e332c0d3e3ba162c60c3f60b794ac077,
/kaggle/input/datasets/tschandl/isic2018-challenge-task1-data-segmentation/ISIC2018_Task1-2_Training_Input/ISIC_0014222.jpg,False,4288,2848,RGB,1.506,1b93efcd165945a0a48b61caf53eb09d,
/kaggle/input/datasets/tschandl/isic2018-challenge-task1-data-segmentation/ISIC2018_Task1-2_Training_Input/ISIC_0000504.jpg,False,3872,2592,RGB,1.494,c663705a17c5def8790e0fba7a725f18,
/kaggle/input/datasets/tschandl/isic2018-challenge-task1-data-segmentation/ISIC2018_Task1-2_Training_Input/ISIC_0010356.jpg,False,1024,768,RGB,1.333,617cb703dd70791e86dc94acfe84f351,
/kaggle/input/datasets/tschandl/isic2018-challenge-task1-data-segmentation/ISIC2018_Task1-2_Training_Input/ISIC_0000048.jpg,False,1504,1129,RGB,1.332,81054162de7f2c63c56e31b95c3dea4f,
/kaggle/input/datasets/tschandl/isic2018-challenge-task1-data-segmentation/ISIC2018_Task1-2_Training_Input/ISIC_0000376.jpg,False,2725,2082,RGB,1.309,6abf3e139927760c2bcf03025180d92a,
/kaggle/input/datasets/tschandl/isic2018-challenge-task1-data-segmentation/ISIC2018_Task1-2_Training_Input/ISIC_0015311.jpg,False,6708,4459,RGB,1.504,9cc3e4462c5e06aeb2262b47f972a7de,
/kaggle/input/datasets/tschandl/isic2018-challenge-task1-data-segmentation/ISIC2018_Task1-2_Training_Input/ISIC_0011207.jpg,False,1024,768,RGB,1.333,f917d68ad639959041f766efcd6b6b01,
/kaggle/input/datasets/tschandl/isic2018-challenge-task1-data-segmentation/ISIC2018_Task1-2_Training_Input/ISIC_0012662.jpg,False,3008,2000,RGB,1.504,7a772b1b29067429a45ae4bf2aab3632,
/kaggle/input/datasets/tschandl/isic2018-challenge-task1-data-segmentation/ISIC2018_Task1-2_Training_Input/ISIC_0014601.jpg,False,2592,1936,RGB,1.339,1000ac7f17eb211f0564959dd1fe8c4d,
/kaggle/input/datasets/tschandl/isic2018-challenge-task1-data-segmentation/ISIC2018_Task1-2_Training_Input/ISIC_0010262.jpg,False,1024,768,RGB,1.333,bb48ac9eaea49ae03edc5fa04b8847b7,
/kaggle/input/datasets/tschandl/isic2018-challenge-task1-data-segmentation/ISIC2018_Task1-2_Training_Input/ISIC_0000185.jpg,False,1045,705,RGB,1.482,777c8f82c9e2ec9378d1243a9f4a1439,
/kaggle/input/datasets/tschandl/isic2018-challenge-task1-data-segmentation/ISIC2018_Task1-2_Training_Input/ISIC_0010168.jpg,False,1024,768,RGB,1.333,eb7619bef824a2097fd4c6528b141d26,
/kaggle/input/datasets/tschandl/isic2018-challenge-task1-data-segmentation/ISIC2018_Task1-2_Training_Input/ISIC_0016014.jpg,False,4288,2848,RGB,1.506,fd22e2593eef3e3f7735281400016d55,
/kaggle/input/datasets/tschandl/isic2018-challenge-task1-data-segmentation/ISIC2018_Task1-2_Training_Input/ISIC_0013000.jpg,False,3872,2592,RGB,1.494,84def71f5c1f127d6e76008b35beb90f,
/kaggle/input/datasets/tschandl/isic2018-challenge-task1-data-segmentation/ISIC2018_Task1-2_Training_Input/ISIC_0012151.jpg,False,3008,2000,RGB,1.504,c59eb514238b8454a97d42ac405acae9,
/kaggle/input/datasets/tschandl/isic2018-challenge-task1-data-segmentation/ISIC2018_Task1-2_Training_Input/ISIC_0013807.jpg,False,4288,2848,RGB,1.506,e76eb1a695b3d70f3f60c2f2f420722c,
/kaggle/input/datasets/tschandl/isic2018-challenge-task1-data-segmentation/ISIC2018_Task1-2_Training_Input/ISIC_0012208.jpg,False,3008,2000,RGB,1.504,55bf7dc7682a11f31e699ee9e6b90fcb,
/kaggle/input/datasets/tschandl/isic2018-challenge-task1-data-segmentation/ISIC2018_Task1-2_Training_Input/ISIC_0008785.jpg,False,3024,2016,RGB,1.5,1739edf909fcfb332d75eda65c6c61cc,
/kaggle/input/datasets/tschandl/isic2018-challenge-task1-data-segmentation/ISIC2018_Task1-2_Training_Input/ISIC_0014794.jpg,False,6621,4441,RGB,1.491,e67c6884fa2d72420d43b4d376d54565,
/kaggle/input/datasets/tschandl/isic2018-challenge-task1-data-segmentation/ISIC2018_Task1-2_Training_Input/ISIC_0013355.jpg,False,4288,2848,RGB,1.506,f4b2efeb959bd3fad53fd428929c2cb7,
/kaggle/input/datasets/tschandl/isic2018-challenge-task1-data-segmentation/ISIC2018_Task1-2_Training_Input/ISIC_0014951.jpg,False,6687,4439,RGB,1.506,9834c10fc5c26c958467fe50b8d8b7eb,
/kaggle/input/datasets/tschandl/isic2018-challenge-task1-data-segmentation/ISIC2018_Task1-2_Training_Input/ISIC_0000149.jpg,False,2048,1536,RGB,1.333,9adf126dfec90022107d023e3a7a5f34,
/kaggle/input/datasets/tschandl/isic2018-challenge-task1-data-segmentation/ISIC2018_Task1-2_Training_Input/ISIC_0016071.jpg,False,4288,2848,RGB,1.506,9f8443fdc69ee7771c2dfc7c15f49f6c,
/kaggle/input/datasets/tschandl/isic2018-challenge-task1-data-segmentation/ISIC2018_Task1-2_Training_Input/ISIC_0009945.jpg,False,1024,768,RGB,1.333,08cdf81116178a2f763f63cf7776639e,
/kaggle/input/datasets/tschandl/isic2018-challenge-task1-data-segmentation/ISIC2018_Task1-2_Training_Input/ISIC_0000324.jpg,False,767,576,RGB,1.332,3dec0e332f6ae5ee12ae3c874438ebad,
/kaggle/input/datasets/tschandl/isic2018-challenge-task1-data-segmentation/ISIC2018_Task1-2_Training_Input/ISIC_0013310.jpg,False,4288,2848,RGB,1.506,f9d4069409f4d7e82bd136f942f7c732,
/kaggle/input/datasets/tschandl/isic2018-challenge-task1-data-segmentation/ISIC2018_Task1-2_Training_Input/ISIC_0010847.jpg,False,1024,768,RGB,1.333,b7bec88258be947f66a5954929f3ceff,
/kaggle/input/datasets/tschandl/isic2018-challenge-task1-data-segmentation/ISIC2018_Task1-2_Training_Input/ISIC_0006815.jpg,False,4288,2848,RGB,1.506,f9f7359de4a35d26aae77d88009a9c67,
/kaggle/input/datasets/tschandl/isic2018-challenge-task1-data-segmentation/ISIC2018_Task1-2_Training_Input/ISIC_0000346.jpg,False,767,576,RGB,1.332,f10effa7b86b0dea0bf9b8c9951a91d1,
/kaggle/input/datasets/tschandl/isic2018-challenge-task1-data-segmentation/ISIC2018_Task1-2_Training_Input/ISIC_0015353.jpg,False,6688,4459,RGB,1.5,989b775647f0ef5502b07ec2d9cedffc,
/kaggle/input/datasets/tschandl/isic2018-challenge-task1-data-segmentation/ISIC2018_Task1-2_Training_Input/ISIC_0013969.jpg,False,4288,2848,RGB,1.506,4ff61b5c480fae5c008dc22fd98f858d,
/kaggle/input/datasets/tschandl/isic2018-challenge-task1-data-segmentation/ISIC2018_Task1-2_Training_Input/ISIC_0012143.jpg,False,3008,2000,RGB,1.504,20152845678c36a730d62fa64819f5fb,
/kaggle/input/datasets/tschandl/isic2018-challenge-task1-data-segmentation/ISIC2018_Task1-2_Training_Input/ISIC_0000233.jpg,False,962,674,RGB,1.427,5f3b23994660103165dc2a6283aacde4,
/kaggle/input/datasets/tschandl/isic2018-challenge-task1-data-segmentation/ISIC2018_Task1-2_Training_Input/ISIC_0014716.jpg,False,6641,4440,RGB,1.496,1110142523f14be2e585f0844774dd2c,
/kaggle/input/datasets/tschandl/isic2018-challenge-task1-data-segmentation/ISIC2018_Task1-2_Training_Input/ISIC_0000500.jpg,False,919,802,RGB,1.146,f29eee7e2ac393ecb0885367630928cf,
/kaggle/input/datasets/tschandl/isic2018-challenge-task1-data-segmentation/ISIC2018_Task1-2_Training_Input/ISIC_0000379.jpg,False,3072,2304,RGB,1.333,1efcd5bd7e9f8cb1dc9a41ad0797f57e,
/kaggle/input/datasets/tschandl/isic2018-challenge-task1-data-segmentation/ISIC2018_Task1-2_Training_Input/ISIC_0000072.jpg,False,1022,767,RGB,1.332,02f802aa3f6bd9e4894c387a59f22a10,
/kaggle/input/datasets/tschandl/isic2018-challenge-task1-data-segmentation/ISIC2018_Task1-2_Training_Input/ISIC_0014785.jpg,False,6621,4401,RGB,1.504,a458e76672d7a214f1714e3f9b7d8e9e,
/kaggle/input/datasets/tschandl/isic2018-challenge-task1-data-segmentation/ISIC2018_Task1-2_Training_Input/ISIC_0000283.jpg,False,1024,768,RGB,1.333,1140b82273edeb09137769d110ff3316,
/kaggle/input/datasets/tschandl/isic2018-challenge-task1-data-segmentation/ISIC2018_Task1-2_Training_Input/ISIC_0015962.jpg,False,3008,2000,RGB,1.504,10ee0d4dfd6330d7430013c22d46fa63,
/kaggle/input/datasets/tschandl/isic2018-challenge-task1-data-segmentation/ISIC2018_Task1-2_Training_Input/ISIC_0014635.jpg,False,2592,1936,RGB,1.339,f6b2f6326817fdddd0810ae1973ceaed,
/kaggle/input/datasets/tschandl/isic2018-challenge-task1-data-segmentation/ISIC2018_Task1-2_Training_Input/ISIC_0013525.jpg,False,3008,2000,RGB,1.504,9cd35fc007e46027cc7ea04dbd6bb9ab,
/kaggle/input/datasets/tschandl/isic2018-challenge-task1-data-segmentation/ISIC2018_Task1-2_Training_Input/ISIC_0010183.jpg,False,1024,768,RGB,1.333,69e7769552adc27a8a388804142b1bf3,
/kaggle/input/datasets/tschandl/isic2018-challenge-task1-data-segmentation/ISIC2018_Task1-2_Training_Input/ISIC_0008403.jpg,False,3024,2016,RGB,1.5,cceb92ca6e80da660e5cbec757b4165a,
/kaggle/input/datasets/tschandl/isic2018-challenge-task1-data-segmentation/ISIC2018_Task1-2_Training_Input/ISIC_0014663.jpg,False,6668,4479,RGB,1.489,1b25689252a16bd4724cacc70de4d92b,
/kaggle/input/datasets/tschandl/isic2018-challenge-task1-data-segmentation/ISIC2018_Task1-2_Training_Input/ISIC_0011112.jpg,False,1024,768,RGB,1.333,8aa156f49b0109f86cef14b2bf6986a8,
/kaggle/input/datasets/tschandl/isic2018-challenge-task1-data-segmentation/ISIC2018_Task1-2_Training_Input/ISIC_0012086.jpg,False,4288,2848,RGB,1.506,af5e83d87aa1ae36da63a120104a2351,
/kaggle/input/datasets/tschandl/isic2018-challenge-task1-data-segmentation/ISIC2018_Task1-2_Training_Input/ISIC_0009969.jpg,False,1024,768,RGB,1.333,3da1ec77e34e0855582b291f46cd3e38,
/kaggle/input/datasets/tschandl/isic2018-challenge-task1-data-segmentation/ISIC2018_Task1-2_Training_Input/ISIC_0014028.jpg,False,3008,2000,RGB,1.504,f9a1977a75eaf50abfd240e475900bd9,
/kaggle/input/datasets/tschandl/isic2018-challenge-task1-data-segmentation/ISIC2018_Task1-2_Training_Input/ISIC_0014677.jpg,False,6642,4420,RGB,1.503,2efcb39bbf4ac17cda2e5a5e50131c98,
/kaggle/input/datasets/tschandl/isic2018-challenge-task1-data-segmentation/ISIC2018_Task1-2_Training_Input/ISIC_0011393.jpg,False,1024,768,RGB,1.333,0d5b650038e0a4713f36c568c2f64846,
/kaggle/input/datasets/tschandl/isic2018-challenge-task1-data-segmentation/ISIC2018_Task1-2_Training_Input/ISIC_0010248.jpg,False,1024,768,RGB,1.333,3422840ba24c0f49acdb6fd1f5f90db4,
/kaggle/input/datasets/tschandl/isic2018-challenge-task1-data-segmentation/ISIC2018_Task1-2_Training_Input/ISIC_0015153.jpg,False,6601,4401,RGB,1.5,a77099d388c053bc3cbfce0e07c42245,
/kaggle/input/datasets/tschandl/isic2018-challenge-task1-data-segmentation/ISIC2018_Task1-2_Training_Input/ISIC_0014286.jpg,False,4288,2848,RGB,1.506,8d6d3805fd8e6426a4c73d342bf3ed9e,
/kaggle/input/datasets/tschandl/isic2018-challenge-task1-data-segmentation/ISIC2018_Task1-2_Training_Input/ISIC_0010006.jpg,False,1024,768,RGB,1.333,425d27702d484756be3af8a96e9fe670,
/kaggle/input/datasets/tschandl/isic2018-challenge-task1-data-segmentation/ISIC2018_Task1-2_Training_Input/ISIC_0014931.jpg,False,6688,4439,RGB,1.507,28bbeed6d8e3218c4952cfc6b13c5bf3,
/kaggle/input/datasets/tschandl/isic2018-challenge-task1-data-segmentation/ISIC2018_Task1-2_Training_Input/ISIC_0007796.jpg,False,3024,2016,RGB,1.5,1d3e5e680e5ab3d5b5ad50f6d99ab3a0,
/kaggle/input/datasets/tschandl/isic2018-challenge-task1-data-segmentation/ISIC2018_Task1-2_Training_Input/ISIC_0000123.jpg,False,2048,1536,RGB,1.333,421c8ed6ca3a6755dbadddebf8664fe5,
/kaggle/input/datasets/tschandl/isic2018-challenge-task1-data-segmentation/ISIC2018_Task1-2_Training_Input/ISIC_0014937.jpg,False,6688,4439,RGB,1.507,fbe3049f1526af2739d51fa33dc96a76,
/kaggle/input/datasets/tschandl/isic2018-challenge-task1-data-segmentation/ISIC2018_Task1-2_Training_Input/ISIC_0015279.jpg,False,6688,4439,RGB,1.507,aa740c0dfefa951f71cf148cb30d700b,
/kaggle/input/datasets/tschandl/isic2018-challenge-task1-data-segmentation/ISIC2018_Task1-2_Training_Input/ISIC_0016004.jpg,False,4288,2848,RGB,1.506,364be827b6071d67cee81140715f1a3b,
/kaggle/input/datasets/tschandl/isic2018-challenge-task1-data-segmentation/ISIC2018_Task1-2_Training_Input/ISIC_0012360.jpg,False,3008,2000,RGB,1.504,0ca3aac5c7bcf73767e38d4d8eb538db,
/kaggle/input/datasets/tschandl/isic2018-challenge-task1-data-segmentation/ISIC2018_Task1-2_Training_Input/ISIC_0014453.jpg,False,4288,2848,RGB,1.506,149a2810c5944d4a17fc34af66e75813,
/kaggle/input/datasets/tschandl/isic2018-challenge-task1-data-segmentation/ISIC2018_Task1-2_Training_Input/ISIC_0010458.jpg,False,1024,768,RGB,1.333,0f228e09b5dd4becc13a6a5d49c84a84,
/kaggle/input/datasets/tschandl/isic2018-challenge-task1-data-segmentation/ISIC2018_Task1-2_Training_Input/ISIC_0013360.jpg,False,4288,2848,RGB,1.506,33d799600c8534c6c86d92e71e6471b5,
/kaggle/input/datasets/tschandl/isic2018-challenge-task1-data-segmentation/ISIC2018_Task1-2_Training_Input/ISIC_0000047.jpg,False,1504,1129,RGB,1.332,a9378870396d75ffbe44a78b5cd6bd5b,
/kaggle/input/datasets/tschandl/isic2018-challenge-task1-data-segmentation/ISIC2018_Task1-2_Training_Input/ISIC_0000105.jpg,False,2592,1944,RGB,1.333,7a71127dd5779c5edaa213b5681e83b8,
/kaggle/input/datasets/tschandl/isic2018-challenge-task1-data-segmentation/ISIC2018_Task1-2_Training_Input/ISIC_0012253.jpg,False,4288,2848,RGB,1.506,58698a7efbddc503c34f79fa6bba87db,
/kaggle/input/datasets/tschandl/isic2018-challenge-task1-data-segmentation/ISIC2018_Task1-2_Training_Input/ISIC_0012741.jpg,False,3008,2000,RGB,1.504,75a73635e8aee3b401941ca573819433,
/kaggle/input/datasets/tschandl/isic2018-challenge-task1-data-segmentation/ISIC2018_Task1-2_Training_Input/ISIC_0016023.jpg,False,3872,2592,RGB,1.494,cb4a5df1b7da5c0d363eb2146ee5f8a4,
/kaggle/input/datasets/tschandl/isic2018-challenge-task1-data-segmentation/ISIC2018_Task1-2_Training_Input/ISIC_0011362.jpg,False,1024,768,RGB,1.333,95ec2d88ffae9cbb7ecfa1cceba2ade1,
/kaggle/input/datasets/tschandl/isic2018-challenge-task1-data-segmentation/ISIC2018_Task1-2_Training_Input/ISIC_0013035.jpg,False,3008,2000,RGB,1.504,ae4f2e8becffcfc79c9b4da25e87625e,
/kaggle/input/datasets/tschandl/isic2018-challenge-task1-data-segmentation/ISIC2018_Task1-2_Training_Input/ISIC_0016030.jpg,False,4288,2848,RGB,1.506,a2ed48326ce09f149baac36f1641690c,
/kaggle/input/datasets/tschandl/isic2018-challenge-task1-data-segmentation/ISIC2018_Task1-2_Training_Input/ISIC_0010456.jpg,False,1024,768,RGB,1.333,3e52c136011972b418ca86c3d8c0fb07,
/kaggle/input/datasets/tschandl/isic2018-challenge-task1-data-segmentation/ISIC2018_Task1-2_Training_Input/ISIC_0002439.jpg,False,3024,2016,RGB,1.5,f2518b0622f23af38b64f549044b1b25,
/kaggle/input/datasets/tschandl/isic2018-challenge-task1-data-segmentation/ISIC2018_Task1-2_Training_Input/ISIC_0000082.jpg,False,2048,1536,RGB,1.333,d50582a3cd07dde709f1f03d3078528f,
/kaggle/input/datasets/tschandl/isic2018-challenge-task1-data-segmentation/ISIC2018_Task1-2_Training_Input/ISIC_0014694.jpg,False,6648,4439,RGB,1.498,8d46304876b6f9af54e9ee19ce0e32e5,
/kaggle/input/datasets/tschandl/isic2018-challenge-task1-data-segmentation/ISIC2018_Task1-2_Training_Input/ISIC_0000277.jpg,False,1024,768,RGB,1.333,d22b2577e176ecf0bec0ea047ac0d2a0,
/kaggle/input/datasets/tschandl/isic2018-challenge-task1-data-segmentation/ISIC2018_Task1-2_Training_Input/ISIC_0013517.jpg,False,4288,2848,RGB,1.506,cdbc4aaea6f67bc85d6164c596017d6a,
/kaggle/input/datasets/tschandl/isic2018-challenge-task1-data-segmentation/ISIC2018_Task1-2_Training_Input/ISIC_0000556.jpg,False,824,719,RGB,1.146,1f02e9893216fb53f85ef0af18766596,
/kaggle/input/datasets/tschandl/isic2018-challenge-task1-data-segmentation/ISIC2018_Task1-2_Training_Input/ISIC_0001181.jpg,False,4288,2848,RGB,1.506,a0e6fd31008f380fddbc0ee8155f919b,
/kaggle/input/datasets/tschandl/isic2018-challenge-task1-data-segmentation/ISIC2018_Task1-2_Training_Input/ISIC_0015945.jpg,False,3008,2000,RGB,1.504,9a904d5053de66907e779592616d2ac4,
/kaggle/input/datasets/tschandl/isic2018-challenge-task1-data-segmentation/ISIC2018_Task1-2_Training_Input/ISIC_0011227.jpg,False,1024,768,RGB,1.333,51cfed2783d064c1e65b22dc8ef580cd,
/kaggle/input/datasets/tschandl/isic2018-challenge-task1-data-segmentation/ISIC2018_Task1-2_Training_Input/ISIC_0010036.jpg,False,1024,768,RGB,1.333,450cf1fbe8a49b772ed19c92dfa55392,
/kaggle/input/datasets/tschandl/isic2018-challenge-task1-data-segmentation/ISIC2018_Task1-2_Training_Input/ISIC_0000164.jpg,False,959,638,RGB,1.503,abf6f6d4b38b73cfdda14cbceb7c962f,
/kaggle/input/datasets/tschandl/isic2018-challenge-task1-data-segmentation/ISIC2018_Task1-2_Training_Input/ISIC_0010090.jpg,False,1024,768,RGB,1.333,16f1fc2925c162edcad3021488a0b90d,
/kaggle/input/datasets/tschandl/isic2018-challenge-task1-data-segmentation/ISIC2018_Task1-2_Training_Input/ISIC_0010043.jpg,False,1024,768,RGB,1.333,8a42dcffc4d23212dfe17a870e6e5ee8,
/kaggle/input/datasets/tschandl/isic2018-challenge-task1-data-segmentation/ISIC2018_Task1-2_Training_Input/ISIC_0012814.jpg,False,3008,2000,RGB,1.504,b284a14446b01e0c241e5a1a839ab8b2,
/kaggle/input/datasets/tschandl/isic2018-challenge-task1-data-segmentation/ISIC2018_Task1-2_Training_Input/ISIC_0013198.jpg,False,3008,2000,RGB,1.504,4fda48e9446e30f8846276a3cd83c861,
/kaggle/input/datasets/tschandl/isic2018-challenge-task1-data-segmentation/ISIC2018_Task1-2_Training_Input/ISIC_0013169.jpg,False,3008,2000,RGB,1.504,b9fafbb0ae03bddbd41d5d763f4f160c,
/kaggle/input/datasets/tschandl/isic2018-challenge-task1-data-segmentation/ISIC2018_Task1-2_Training_Input/ISIC_0014696.jpg,False,6648,4459,RGB,1.491,3c8e7259665909a0f231d4c5e405dc4f,
/kaggle/input/datasets/tschandl/isic2018-challenge-task1-data-segmentation/ISIC2018_Task1-2_Training_Input/ISIC_0010059.jpg,False,1024,768,RGB,1.333,65d926010127b94a7d6e3f53c0247844,
/kaggle/input/datasets/tschandl/isic2018-challenge-task1-data-segmentation/ISIC2018_Task1-2_Training_Input/ISIC_0014291.jpg,False,4288,2848,RGB,1.506,7a1600e7ae4df0f31fcd98e7609ec983,
/kaggle/input/datasets/tschandl/isic2018-challenge-task1-data-segmentation/ISIC2018_Task1-2_Training_Input/ISIC_0000256.jpg,False,1024,768,RGB,1.333,c69eb0e13799789064e3fcc0579cb82d,
/kaggle/input/datasets/tschandl/isic2018-challenge-task1-data-segmentation/ISIC2018_Task1-2_Training_Input/ISIC_0000535.jpg,False,824,719,RGB,1.146,a888156a5dfc823833cc6670762977f4,
/kaggle/input/datasets/tschandl/isic2018-challenge-task1-data-segmentation/ISIC2018_Task1-2_Training_Input/ISIC_0014129.jpg,False,4288,2848,RGB,1.506,ae0b66ba23c9bfe545dde9ccfbafb32b,
/kaggle/input/datasets/tschandl/isic2018-challenge-task1-data-segmentation/ISIC2018_Task1-2_Training_Input/ISIC_0000242.jpg,False,1024,768,RGB,1.333,eb9426240da0f94a734c2be031557939,
/kaggle/input/datasets/tschandl/isic2018-challenge-task1-data-segmentation/ISIC2018_Task1-2_Training_Input/ISIC_0013733.jpg,False,4288,2848,RGB,1.506,600bb761a75e4dab8c8440e15a860d77,
/kaggle/input/datasets/tschandl/isic2018-challenge-task1-data-segmentation/ISIC2018_Task1-2_Training_Input/ISIC_0012770.jpg,False,3008,2000,RGB,1.504,52309c6fe5443756571c878fcf375c44,
/kaggle/input/datasets/tschandl/isic2018-challenge-task1-data-segmentation/ISIC2018_Task1-2_Training_Input/ISIC_0012445.jpg,False,4288,2848,RGB,1.506,c5c96f79bcee0644a6ce9149c37925f6,
/kaggle/input/datasets/tschandl/isic2018-challenge-task1-data-segmentation/ISIC2018_Task1-2_Training_Input/ISIC_0013010.jpg,False,3008,2000,RGB,1.504,5332541c92282b5c59348826b3c5c660,
/kaggle/input/datasets/tschandl/isic2018-challenge-task1-data-segmentation/ISIC2018_Task1-2_Training_Input/ISIC_0010846.jpg,False,1024,768,RGB,1.333,b3002bf3d7c0f386a80c37aca8ca669b,
/kaggle/input/datasets/tschandl/isic2018-challenge-task1-data-segmentation/ISIC2018_Task1-2_Training_Input/ISIC_0015526.jpg,False,6621,4401,RGB,1.504,105677db8f0f823b5672edcab7da4613,
/kaggle/input/datasets/tschandl/isic2018-challenge-task1-data-segmentation/ISIC2018_Task1-2_Training_Input/ISIC_0014576.jpg,False,2592,1936,RGB,1.339,bead2166df00a99e037b55f7046482cf,
/kaggle/input/datasets/tschandl/isic2018-challenge-task1-data-segmentation/ISIC2018_Task1-2_Training_Input/ISIC_0014438.jpg,False,4288,2848,RGB,1.506,369824a0586fd5f374253b7b03090be5,
/kaggle/input/datasets/tschandl/isic2018-challenge-task1-data-segmentation/ISIC2018_Task1-2_Training_Input/ISIC_0015419.jpg,False,6648,4459,RGB,1.491,3dcc51fe27af5e02ffb59b1e7778e3b3,
/kaggle/input/datasets/tschandl/isic2018-challenge-task1-data-segmentation/ISIC2018_Task1-2_Training_Input/ISIC_0013908.jpg,False,3008,2000,RGB,1.504,0e44ae2106ca5a1dc4fe2ecd626fd37c,
/kaggle/input/datasets/tschandl/isic2018-challenge-task1-data-segmentation/ISIC2018_Task1-2_Training_Input/ISIC_0013084.jpg,False,3008,2000,RGB,1.504,02be36e44169321552718698d2f14e77,
/kaggle/input/datasets/tschandl/isic2018-challenge-task1-data-segmentation/ISIC2018_Task1-2_Training_Input/ISIC_0014693.jpg,False,6628,4439,RGB,1.493,33d1376d3f2882bbcd3235efc296d577,
/kaggle/input/datasets/tschandl/isic2018-challenge-task1-data-segmentation/ISIC2018_Task1-2_Training_Input/ISIC_0010475.jpg,False,1024,768,RGB,1.333,e7fb5b363e07af0111a405f18dafef81,
/kaggle/input/datasets/tschandl/isic2018-challenge-task1-data-segmentation/ISIC2018_Task1-2_Training_Input/ISIC_0000052.jpg,False,1504,1129,RGB,1.332,24fc752d1983da47d1faef1f96d4bf77,
/kaggle/input/datasets/tschandl/isic2018-challenge-task1-data-segmentation/ISIC2018_Task1-2_Training_Input/ISIC_0013888.jpg,False,4288,2848,RGB,1.506,169ae4e51a782f7606074ca114f3c97c,
/kaggle/input/datasets/tschandl/isic2018-challenge-task1-data-segmentation/ISIC2018_Task1-2_Training_Input/ISIC_0012348.jpg,False,3008,2000,RGB,1.504,eb7ed5ad3cb2e1e68b8591c77d6ba376,
/kaggle/input/datasets/tschandl/isic2018-challenge-task1-data-segmentation/ISIC2018_Task1-2_Training_Input/ISIC_0000540.jpg,False,824,719,RGB,1.146,358e383306cc18b4194322035e704f78,
/kaggle/input/datasets/tschandl/isic2018-challenge-task1-data-segmentation/ISIC2018_Task1-2_Training_Input/ISIC_0013961.jpg,False,4288,2848,RGB,1.506,0a9a2ac218d5fd32cbab4acfb08f9d11,
/kaggle/input/datasets/tschandl/isic2018-challenge-task1-data-segmentation/ISIC2018_Task1-2_Training_Input/ISIC_0010010.jpg,False,1024,768,RGB,1.333,e5224ac041db8809e33ef7438e091980,
/kaggle/input/datasets/tschandl/isic2018-challenge-task1-data-segmentation/ISIC2018_Task1-2_Training_Input/ISIC_0006193.jpg,False,3024,2016,RGB,1.5,05d1f85028558ab8787619a3bf4efebf,
/kaggle/input/datasets/tschandl/isic2018-challenge-task1-data-segmentation/ISIC2018_Task1-2_Training_Input/ISIC_0000515.jpg,False,919,802,RGB,1.146,2045bc6c87a7dcd94a9394706dd4a639,
/kaggle/input/datasets/tschandl/isic2018-challenge-task1-data-segmentation/ISIC2018_Task1-2_Training_Input/ISIC_0000530.jpg,False,919,802,RGB,1.146,d005aef5b136c727129041fddd7ab160,
/kaggle/input/datasets/tschandl/isic2018-challenge-task1-data-segmentation/ISIC2018_Task1-2_Training_Input/ISIC_0015313.jpg,False,6688,4419,RGB,1.513,6fc83a9e872a9647b48235015362e045,
/kaggle/input/datasets/tschandl/isic2018-challenge-task1-data-segmentation/ISIC2018_Task1-2_Training_Input/ISIC_0014187.jpg,False,4288,2848,RGB,1.506,b879f8ea44f0a2d165db4e38bb5095f8,
/kaggle/input/datasets/tschandl/isic2018-challenge-task1-data-segmentation/ISIC2018_Task1-2_Training_Input/ISIC_0015968.jpg,False,3008,2000,RGB,1.504,e727960a7c33fa98f8c1ebe0ed4bfa58,
/kaggle/input/datasets/tschandl/isic2018-challenge-task1-data-segmentation/ISIC2018_Task1-2_Training_Input/ISIC_0015416.jpg,False,6668,4419,RGB,1.509,279652e77e8d8b96f05ef215a13148b2,
/kaggle/input/datasets/tschandl/isic2018-challenge-task1-data-segmentation/ISIC2018_Task1-2_Training_Input/ISIC_0013578.jpg,False,4288,2848,RGB,1.506,d9d4b00e5dc7d7ee047bd685aea5b790,
/kaggle/input/datasets/tschandl/isic2018-challenge-task1-data-segmentation/ISIC2018_Task1-2_Training_Input/ISIC_0013637.jpg,False,4288,2848,RGB,1.506,f1c0f25f849e8375e5f5356ce8c54b1f,
/kaggle/input/datasets/tschandl/isic2018-challenge-task1-data-segmentation/ISIC2018_Task1-2_Training_Input/ISIC_0012271.jpg,False,4288,2848,RGB,1.506,411b2607b3f44bc43b4a9fab2fe09b3d,
/kaggle/input/datasets/tschandl/isic2018-challenge-task1-data-segmentation/ISIC2018_Task1-2_Training_Input/ISIC_0000173.jpg,False,722,545,RGB,1.325,8b06082699717e09a0955cdd61fe1de8,
/kaggle/input/datasets/tschandl/isic2018-challenge-task1-data-segmentation/ISIC2018_Task1-2_Training_Input/ISIC_0000053.jpg,False,1504,1129,RGB,1.332,cf2d173daebf479abf7e3f1148662ce9,
/kaggle/input/datasets/tschandl/isic2018-challenge-task1-data-segmentation/ISIC2018_Task1-2_Training_Input/ISIC_0011317.jpg,False,1024,768,RGB,1.333,2111bf18adae69a3bdac751709b194a7,
/kaggle/input/datasets/tschandl/isic2018-challenge-task1-data-segmentation/ISIC2018_Task1-2_Training_Input/ISIC_0000529.jpg,False,1028,753,RGB,1.365,bc16573561643afad1eb72b8142d8691,
/kaggle/input/datasets/tschandl/isic2018-challenge-task1-data-segmentation/ISIC2018_Task1-2_Training_Input/ISIC_0009895.jpg,False,1024,768,RGB,1.333,9863432886123f397706483cb1c54ae0,
/kaggle/input/datasets/tschandl/isic2018-challenge-task1-data-segmentation/ISIC2018_Task1-2_Training_Input/ISIC_0008524.jpg,False,4288,2848,RGB,1.506,41c3ec4f937f764ef2ac5927ba345ba6,
/kaggle/input/datasets/tschandl/isic2018-challenge-task1-data-segmentation/ISIC2018_Task1-2_Training_Input/ISIC_0002453.jpg,False,3024,2016,RGB,1.5,a242f15694a6e8228857b7dc82517262,
/kaggle/input/datasets/tschandl/isic2018-challenge-task1-data-segmentation/ISIC2018_Task1-2_Training_Input/ISIC_0011118.jpg,False,1024,768,RGB,1.333,94f544c1675b533fe187a4fe6a721ae2,
/kaggle/input/datasets/tschandl/isic2018-challenge-task1-data-segmentation/ISIC2018_Task1-2_Training_Input/ISIC_0011229.jpg,False,1024,768,RGB,1.333,3836824cae6b14eb87c5b75e670b21d5,
/kaggle/input/datasets/tschandl/isic2018-challenge-task1-data-segmentation/ISIC2018_Task1-2_Training_Input/ISIC_0015174.jpg,False,6648,4439,RGB,1.498,c6db92ed031e2b7c7c9703677e768660,
/kaggle/input/datasets/tschandl/isic2018-challenge-task1-data-segmentation/ISIC2018_Task1-2_Training_Input/ISIC_0012406.jpg,False,4288,2848,RGB,1.506,cba00f70ae121a6d32a97186f0125b8f,
/kaggle/input/datasets/tschandl/isic2018-challenge-task1-data-segmentation/ISIC2018_Task1-2_Training_Input/ISIC_0012235.jpg,False,4288,2848,RGB,1.506,fbe31457fbff3d7598ae0c37e6ce68c7,
/kaggle/input/datasets/tschandl/isic2018-challenge-task1-data-segmentation/ISIC2018_Task1-2_Training_Input/ISIC_0000232.jpg,False,960,645,RGB,1.488,f6d18095502d009ab730d9d21c612859,
/kaggle/input/datasets/tschandl/isic2018-challenge-task1-data-segmentation/ISIC2018_Task1-2_Training_Input/ISIC_0012489.jpg,False,4288,2848,RGB,1.506,70798660e19a31c1fecdb2d1143f3abe,
/kaggle/input/datasets/tschandl/isic2018-challenge-task1-data-segmentation/ISIC2018_Task1-2_Training_Input/ISIC_0014567.jpg,False,2592,1936,RGB,1.339,c190bd999894ac7eea3e2887afc792aa,
/kaggle/input/datasets/tschandl/isic2018-challenge-task1-data-segmentation/ISIC2018_Task1-2_Training_Input/ISIC_0014913.jpg,False,6708,4439,RGB,1.511,14e105c8656832064ffa505a0057e6b8,
/kaggle/input/datasets/tschandl/isic2018-challenge-task1-data-segmentation/ISIC2018_Task1-2_Training_Input/ISIC_0012201.jpg,False,3008,2000,RGB,1.504,c0872183712d328d270dab0b6df3f2a7,
/kaggle/input/datasets/tschandl/isic2018-challenge-task1-data-segmentation/ISIC2018_Task1-2_Training_Input/ISIC_0000182.jpg,False,1502,1051,RGB,1.429,be9a3d7a1e410ec950d00969e3aaa79d,
/kaggle/input/datasets/tschandl/isic2018-challenge-task1-data-segmentation/ISIC2018_Task1-2_Training_Input/ISIC_0012871.jpg,False,3872,2592,RGB,1.494,0bc715b11aee1a9dd6b3ae761c59e0f6,
/kaggle/input/datasets/tschandl/isic2018-challenge-task1-data-segmentation/ISIC2018_Task1-2_Training_Input/ISIC_0015939.jpg,False,3008,2000,RGB,1.504,de0ecb838c518e4f7f5c3b4edb7c53f3,
/kaggle/input/datasets/tschandl/isic2018-challenge-task1-data-segmentation/ISIC2018_Task1-2_Training_Input/ISIC_0012961.jpg,False,3008,2000,RGB,1.504,365f5a3492fd91ed571dd0f3feff5d9c,
/kaggle/input/datasets/tschandl/isic2018-challenge-task1-data-segmentation/ISIC2018_Task1-2_Training_Input/ISIC_0010032.jpg,False,1024,768,RGB,1.333,c5733d6dfc6973e266ec962f28badbcd,
/kaggle/input/datasets/tschandl/isic2018-challenge-task1-data-segmentation/ISIC2018_Task1-2_Training_Input/ISIC_0014664.jpg,False,6628,4419,RGB,1.5,b4c3ce1d03f67eac4e6853d73338d4ad,
/kaggle/input/datasets/tschandl/isic2018-challenge-task1-data-segmentation/ISIC2018_Task1-2_Training_Input/ISIC_0014637.jpg,False,2592,1936,RGB,1.339,f8609fb1b6c4bd89eb4c71bfe16c0a1c,
/kaggle/input/datasets/tschandl/isic2018-challenge-task1-data-segmentation/ISIC2018_Task1-2_Training_Input/ISIC_0016046.jpg,False,3008,2000,RGB,1.504,9d0efd005cdea08af3f877055cbb080c,
/kaggle/input/datasets/tschandl/isic2018-challenge-task1-data-segmentation/ISIC2018_Task1-2_Training_Input/ISIC_0000370.jpg,False,767,576,RGB,1.332,50ca4ef4a1ac80c106a68e8aefb7d314,
/kaggle/input/datasets/tschandl/isic2018-challenge-task1-data-segmentation/ISIC2018_Task1-2_Training_Input/ISIC_0014908.jpg,False,6688,4439,RGB,1.507,b347fc46ae1c401609e53d585db90945,
/kaggle/input/datasets/tschandl/isic2018-challenge-task1-data-segmentation/ISIC2018_Task1-2_Training_Input/ISIC_0015015.jpg,False,6607,4419,RGB,1.495,dd167bc1ab7520120a9cba6970d42a54,
/kaggle/input/datasets/tschandl/isic2018-challenge-task1-data-segmentation/ISIC2018_Task1-2_Training_Input/ISIC_0014726.jpg,False,6641,4440,RGB,1.496,1e130d2070813a499c270d3b7ce4e160,
/kaggle/input/datasets/tschandl/isic2018-challenge-task1-data-segmentation/ISIC2018_Task1-2_Training_Input/ISIC_0012877.jpg,False,3872,2592,RGB,1.494,4a39aad2663183d420a16d7bf2a2f40f,
/kaggle/input/datasets/tschandl/isic2018-challenge-task1-data-segmentation/ISIC2018_Task1-2_Training_Input/ISIC_0000263.jpg,False,1024,768,RGB,1.333,cf56ea7d7094f3fa2a5d6badf81e40ee,
/kaggle/input/datasets/tschandl/isic2018-challenge-task1-data-segmentation/ISIC2018_Task1-2_Training_Input/ISIC_0000074.jpg,False,1022,767,RGB,1.332,d97128651852dadda1cfb4c503d89150,
/kaggle/input/datasets/tschandl/isic2018-challenge-task1-data-segmentation/ISIC2018_Task1-2_Training_Input/ISIC_0013695.jpg,False,4288,2848,RGB,1.506,7fbafd50dd7ed7be95f4863b1c906435,
/kaggle/input/datasets/tschandl/isic2018-challenge-task1-data-segmentation/ISIC2018_Task1-2_Training_Input/ISIC_0010024.jpg,False,1024,768,RGB,1.333,9df4d059c237900240775622fcf68c3b,
/kaggle/input/datasets/tschandl/isic2018-challenge-task1-data-segmentation/ISIC2018_Task1-2_Training_Input/ISIC_0010473.jpg,False,1024,768,RGB,1.333,99562e98c6185e7c3f39b1ee9bff9ef4,
/kaggle/input/datasets/tschandl/isic2018-challenge-task1-data-segmentation/ISIC2018_Task1-2_Training_Input/ISIC_0013946.jpg,False,3008,2000,RGB,1.504,cd69c5e10aa144b7a295f65879292f05,
/kaggle/input/datasets/tschandl/isic2018-challenge-task1-data-segmentation/ISIC2018_Task1-2_Training_Input/ISIC_0016038.jpg,False,3008,2000,RGB,1.504,b76cc42c118c5e10b711ead962c79fe1,
/kaggle/input/datasets/tschandl/isic2018-challenge-task1-data-segmentation/ISIC2018_Task1-2_Training_Input/ISIC_0001212.jpg,False,4288,2848,RGB,1.506,e0a375ea2d7e390c4c01241f6c93f8b2,
/kaggle/input/datasets/tschandl/isic2018-challenge-task1-data-segmentation/ISIC2018_Task1-2_Training_Input/ISIC_0015638.jpg,False,6641,4420,RGB,1.502,7ec0295bf7d7607be948c20138bcc037,
/kaggle/input/datasets/tschandl/isic2018-challenge-task1-data-segmentation/ISIC2018_Task1-2_Training_Input/ISIC_0015255.jpg,False,6688,4459,RGB,1.5,ac39185e1c00d4d6cb109f51081ff595,
/kaggle/input/datasets/tschandl/isic2018-challenge-task1-data-segmentation/ISIC2018_Task1-2_Training_Input/ISIC_0000200.jpg,False,962,670,RGB,1.436,7804adb22dd9ec346c4a0a58262aa43c,
/kaggle/input/datasets/tschandl/isic2018-challenge-task1-data-segmentation/ISIC2018_Task1-2_Training_Input/ISIC_0011349.jpg,False,1024,768,RGB,1.333,744d8d5fad485d210d0d4a3d7b81b7ee,
/kaggle/input/datasets/tschandl/isic2018-challenge-task1-data-segmentation/ISIC2018_Task1-2_Training_Input/ISIC_0010192.jpg,False,1024,768,RGB,1.333,225fbb065a8fcb548be5ddc895b03241,
/kaggle/input/datasets/tschandl/isic2018-challenge-task1-data-segmentation/ISIC2018_Task1-2_Training_Input/ISIC_0012102.jpg,False,3008,2000,RGB,1.504,bafc9016f2722f90609bd1ce6bf48b17,
/kaggle/input/datasets/tschandl/isic2018-challenge-task1-data-segmentation/ISIC2018_Task1-2_Training_Input/ISIC_0010465.jpg,False,1024,768,RGB,1.333,226ad025d537b7304666b9f320a3fa40,
/kaggle/input/datasets/tschandl/isic2018-challenge-task1-data-segmentation/ISIC2018_Task1-2_Training_Input/ISIC_0011305.jpg,False,1024,768,RGB,1.333,f2f458c14b1c9520f0a6774b1b36734b,
/kaggle/input/datasets/tschandl/isic2018-challenge-task1-data-segmentation/ISIC2018_Task1-2_Training_Input/ISIC_0005639.jpg,False,3024,2016,RGB,1.5,aaa753bf620adc43194e4c96848975a9,
/kaggle/input/datasets/tschandl/isic2018-challenge-task1-data-segmentation/ISIC2018_Task1-2_Training_Input/ISIC_0014092.jpg,False,4288,2848,RGB,1.506,494e8d6828c9b844697b6c5c9b016b74,
/kaggle/input/datasets/tschandl/isic2018-challenge-task1-data-segmentation/ISIC2018_Task1-2_Training_Input/ISIC_0013248.jpg,False,3008,2000,RGB,1.504,ff07766abf4e482729ca147a0c030ab6,
/kaggle/input/datasets/tschandl/isic2018-challenge-task1-data-segmentation/ISIC2018_Task1-2_Training_Input/ISIC_0002353.jpg,False,3024,2016,RGB,1.5,10a373198f24a19edc37db33d9d1b13c,
/kaggle/input/datasets/tschandl/isic2018-challenge-task1-data-segmentation/ISIC2018_Task1-2_Training_Input/ISIC_0012520.jpg,False,4288,2848,RGB,1.506,96739573da75e8c0254a3d017f2cdabe,
/kaggle/input/datasets/tschandl/isic2018-challenge-task1-data-segmentation/ISIC2018_Task1-2_Training_Input/ISIC_0010370.jpg,False,1024,768,RGB,1.333,c6a58422a037015cbc8fc04ad674c960,
/kaggle/input/datasets/tschandl/isic2018-challenge-task1-data-segmentation/ISIC2018_Task1-2_Training_Input/ISIC_0000421.jpg,False,3072,2304,RGB,1.333,fa4e7181c6bea824dfb2ada7a98172e8,
/kaggle/input/datasets/tschandl/isic2018-challenge-task1-data-segmentation/ISIC2018_Task1-2_Training_Input/ISIC_0014331.jpg,False,4288,2848,RGB,1.506,fff6d39e7f1413f5f738070f324bbc22,
/kaggle/input/datasets/tschandl/isic2018-challenge-task1-data-segmentation/ISIC2018_Task1-2_Training_Input/ISIC_0013664.jpg,False,4288,2848,RGB,1.506,6531ae4f75f25884e36350cc006ab4a6,
/kaggle/input/datasets/tschandl/isic2018-challenge-task1-data-segmentation/ISIC2018_Task1-2_Training_Input/ISIC_0013831.jpg,False,4288,2848,RGB,1.506,16bd1affedbf5ed622cb7d97f4988a54,
/kaggle/input/datasets/tschandl/isic2018-challenge-task1-data-segmentation/ISIC2018_Task1-2_Training_Input/ISIC_0005666.jpg,False,3024,2016,RGB,1.5,61886f451b2d1c31a4bb7d4690b6557f,
/kaggle/input/datasets/tschandl/isic2018-challenge-task1-data-segmentation/ISIC2018_Task1-2_Training_Input/ISIC_0013326.jpg,False,4288,2848,RGB,1.506,85d31d30aa252f2769219c829f61d473,
/kaggle/input/datasets/tschandl/isic2018-challenge-task1-data-segmentation/ISIC2018_Task1-2_Training_Input/ISIC_0013429.jpg,False,4288,2848,RGB,1.506,075ca09070403d1b20adf16287e77729,
/kaggle/input/datasets/tschandl/isic2018-challenge-task1-data-segmentation/ISIC2018_Task1-2_Training_Input/ISIC_0001185.jpg,False,4288,2848,RGB,1.506,ff8248810b71e1c3572c48110fe596ff,
/kaggle/input/datasets/tschandl/isic2018-challenge-task1-data-segmentation/ISIC2018_Task1-2_Training_Input/ISIC_0014838.jpg,False,6640,4420,RGB,1.502,794041e097e258e3643bec0e865b5926,
/kaggle/input/datasets/tschandl/isic2018-challenge-task1-data-segmentation/ISIC2018_Task1-2_Training_Input/ISIC_0006914.jpg,False,3024,2016,RGB,1.5,735b55d5a0768182049e6fe86098618f,
/kaggle/input/datasets/tschandl/isic2018-challenge-task1-data-segmentation/ISIC2018_Task1-2_Training_Input/ISIC_0013424.jpg,False,4288,2848,RGB,1.506,030ae43436a0c4d8d3c74e60ffc5af5e,
/kaggle/input/datasets/tschandl/isic2018-challenge-task1-data-segmentation/ISIC2018_Task1-2_Training_Input/ISIC_0012672.jpg,False,3008,2000,RGB,1.504,acfa853d8cc572df42f5f9c55d74a45c,
/kaggle/input/datasets/tschandl/isic2018-challenge-task1-data-segmentation/ISIC2018_Task1-2_Training_Input/ISIC_0000196.jpg,False,1494,1036,RGB,1.442,f1e211863fc364d1a65b7fb24d9eaa79,
/kaggle/input/datasets/tschandl/isic2018-challenge-task1-data-segmentation/ISIC2018_Task1-2_Training_Input/ISIC_0011329.jpg,False,1024,768,RGB,1.333,dad1da73070d8ce5477c06f8f7edb67c,
/kaggle/input/datasets/tschandl/isic2018-challenge-task1-data-segmentation/ISIC2018_Task1-2_Training_Input/ISIC_0011171.jpg,False,1024,768,RGB,1.333,15ff24472eb57f7cc77530b781e7b85a,
/kaggle/input/datasets/tschandl/isic2018-challenge-task1-data-segmentation/ISIC2018_Task1-2_Training_Input/ISIC_0014850.jpg,False,6668,4459,RGB,1.495,c93cbcfa7071e734449bb59ac76bb47c,
/kaggle/input/datasets/tschandl/isic2018-challenge-task1-data-segmentation/ISIC2018_Task1-2_Training_Input/ISIC_0014772.jpg,False,6642,4401,RGB,1.509,b29d7e70503bb98c915e9b9cbc78a696,
/kaggle/input/datasets/tschandl/isic2018-challenge-task1-data-segmentation/ISIC2018_Task1-2_Training_Input/ISIC_0012735.jpg,False,3008,2000,RGB,1.504,7572113611ae4b1f411bfd33526834e0,
/kaggle/input/datasets/tschandl/isic2018-challenge-task1-data-segmentation/ISIC2018_Task1-2_Training_Input/ISIC_0000217.jpg,False,959,638,RGB,1.503,f1e8cafe7c95780f987e25d1c72f8a1f,
/kaggle/input/datasets/tschandl/isic2018-challenge-task1-data-segmentation/ISIC2018_Task1-2_Training_Input/ISIC_0014072.jpg,False,4288,2848,RGB,1.506,7955bc6cf9dc497ef3552a53013a4141,
/kaggle/input/datasets/tschandl/isic2018-challenge-task1-data-segmentation/ISIC2018_Task1-2_Training_Input/ISIC_0010238.jpg,False,1024,768,RGB,1.333,65ccb11d80ede36326b831bf5a59264a,
/kaggle/input/datasets/tschandl/isic2018-challenge-task1-data-segmentation/ISIC2018_Task1-2_Training_Input/ISIC_0014933.jpg,False,6688,4399,RGB,1.52,3b5d271d0f324afef0787e3b7be16e36,
/kaggle/input/datasets/tschandl/isic2018-challenge-task1-data-segmentation/ISIC2018_Task1-2_Training_Input/ISIC_0014720.jpg,False,6622,4420,RGB,1.498,9b3e8a3839b92331e4ebfad8d68fc7ea,
/kaggle/input/datasets/tschandl/isic2018-challenge-task1-data-segmentation/ISIC2018_Task1-2_Training_Input/ISIC_0002616.jpg,False,4288,2848,RGB,1.506,99ef0a0841e2aedfdf94939eddfc8e92,
/kaggle/input/datasets/tschandl/isic2018-challenge-task1-data-segmentation/ISIC2018_Task1-2_Training_Input/ISIC_0012898.jpg,False,3872,2592,RGB,1.494,a146e05af9c43a6e9f39fc417058132e,
/kaggle/input/datasets/tschandl/isic2018-challenge-task1-data-segmentation/ISIC2018_Task1-2_Training_Input/ISIC_0000231.jpg,False,962,723,RGB,1.331,fb128247e812a0255fcce96aaaa604eb,
/kaggle/input/datasets/tschandl/isic2018-challenge-task1-data-segmentation/ISIC2018_Task1-2_Training_Input/ISIC_0012228.jpg,False,4288,2848,RGB,1.506,2ea6ebcbfe023bad13a28b42a0242570,
/kaggle/input/datasets/tschandl/isic2018-challenge-task1-data-segmentation/ISIC2018_Task1-2_Training_Input/ISIC_0011203.jpg,False,1024,768,RGB,1.333,204f889b3d59cd85774ce3760767796b,
/kaggle/input/datasets/tschandl/isic2018-challenge-task1-data-segmentation/ISIC2018_Task1-2_Training_Input/ISIC_0014197.jpg,False,4288,2848,RGB,1.506,605f1a59158b26e2344fbeecbe8cc55c,
/kaggle/input/datasets/tschandl/isic2018-challenge-task1-data-segmentation/ISIC2018_Task1-2_Training_Input/ISIC_0015171.jpg,False,6708,4439,RGB,1.511,8cb67a7d10722bd0a751920d7e9b3147,
/kaggle/input/datasets/tschandl/isic2018-challenge-task1-data-segmentation/ISIC2018_Task1-2_Training_Input/ISIC_0013610.jpg,False,3008,2000,RGB,1.504,773fc354f552da780982b756ae4239f9,
/kaggle/input/datasets/tschandl/isic2018-challenge-task1-data-segmentation/ISIC2018_Task1-2_Training_Input/ISIC_0010018.jpg,False,1024,768,RGB,1.333,cc53a24de5d92ff301769e6f0bbfc8c8,
/kaggle/input/datasets/tschandl/isic2018-challenge-task1-data-segmentation/ISIC2018_Task1-2_Training_Input/ISIC_0012705.jpg,False,3008,2000,RGB,1.504,20e4a9750adcdf47635263a318446325,
/kaggle/input/datasets/tschandl/isic2018-challenge-task1-data-segmentation/ISIC2018_Task1-2_Training_Input/ISIC_0015142.jpg,False,6682,4401,RGB,1.518,fac3f175a8fc4755c1cc8fb46ccd4ae4,
/kaggle/input/datasets/tschandl/isic2018-challenge-task1-data-segmentation/ISIC2018_Task1-2_Training_Input/ISIC_0014683.jpg,False,6620,4401,RGB,1.504,f0655c87698cc8bcdd014faf9d939497,
/kaggle/input/datasets/tschandl/isic2018-challenge-task1-data-segmentation/ISIC2018_Task1-2_Training_Input/ISIC_0012690.jpg,False,3008,2000,RGB,1.504,815f2d1c37323fe6a64d325024437abd,
/kaggle/input/datasets/tschandl/isic2018-challenge-task1-data-segmentation/ISIC2018_Task1-2_Training_Input/ISIC_0011150.jpg,False,1024,768,RGB,1.333,e1ef90a3deff26fc800d41622bd25288,
/kaggle/input/datasets/tschandl/isic2018-challenge-task1-data-segmentation/ISIC2018_Task1-2_Training_Input/ISIC_0000075.jpg,False,1022,767,RGB,1.332,d926a1c19870b3584f1bfc2a33307d1b,
/kaggle/input/datasets/tschandl/isic2018-challenge-task1-data-segmentation/ISIC2018_Task1-2_Training_Input/ISIC_0014633.jpg,False,2592,1936,RGB,1.339,dd72150a5f8a023ee6a478948f7d8ba8,
/kaggle/input/datasets/tschandl/isic2018-challenge-task1-data-segmentation/ISIC2018_Task1-2_Training_Input/ISIC_0005555.jpg,False,3024,2016,RGB,1.5,bd838ac7e2d34a9f767e3bfc6e9d7a02,
/kaggle/input/datasets/tschandl/isic2018-challenge-task1-data-segmentation/ISIC2018_Task1-2_Training_Input/ISIC_0013573.jpg,False,3872,2592,RGB,1.494,337d7c4dd9bfb9033e6ee28d1a7ea1e1,
/kaggle/input/datasets/tschandl/isic2018-challenge-task1-data-segmentation/ISIC2018_Task1-2_Training_Input/ISIC_0012206.jpg,False,3008,2000,RGB,1.504,92fa683224e9a4faa09af2fca7843fe3,
/kaggle/input/datasets/tschandl/isic2018-challenge-task1-data-segmentation/ISIC2018_Task1-2_Training_Input/ISIC_0000337.jpg,False,767,576,RGB,1.332,9486b249a3ebe8c37160e547a97a3787,
/kaggle/input/datasets/tschandl/isic2018-challenge-task1-data-segmentation/ISIC2018_Task1-2_Training_Input/ISIC_0009874.jpg,False,1024,768,RGB,1.333,0e5dc6b0e156306fae4bf85226e247d5,
/kaggle/input/datasets/tschandl/isic2018-challenge-task1-data-segmentation/ISIC2018_Task1-2_Training_Input/ISIC_0012989.jpg,False,3008,2000,RGB,1.504,afd552fd0a6d64f119c0d9a4e90b0ee6,
/kaggle/input/datasets/tschandl/isic2018-challenge-task1-data-segmentation/ISIC2018_Task1-2_Training_Input/ISIC_0010593.jpg,False,1024,768,RGB,1.333,4fdf4ece88335c21defb09c162abbc63,
/kaggle/input/datasets/tschandl/isic2018-challenge-task1-data-segmentation/ISIC2018_Task1-2_Training_Input/ISIC_0013155.jpg,False,3008,2000,RGB,1.504,82b6476aee706b04c3a4505932901287,
/kaggle/input/datasets/tschandl/isic2018-challenge-task1-data-segmentation/ISIC2018_Task1-2_Training_Input/ISIC_0013804.jpg,False,3008,2000,RGB,1.504,d6fdc957d1e3c8c79460613c5a444fb0,
/kaggle/input/datasets/tschandl/isic2018-challenge-task1-data-segmentation/ISIC2018_Task1-2_Training_Input/ISIC_0014692.jpg,False,6648,4419,RGB,1.504,92843d84911367083cc6ac781650747d,
/kaggle/input/datasets/tschandl/isic2018-challenge-task1-data-segmentation/ISIC2018_Task1-2_Training_Input/ISIC_0014803.jpg,False,6642,4420,RGB,1.503,24954cc0c46f2b150a14c47342549781,
/kaggle/input/datasets/tschandl/isic2018-challenge-task1-data-segmentation/ISIC2018_Task1-2_Training_Input/ISIC_0012469.jpg,False,4288,2848,RGB,1.506,4fe462f5b0d8cb2ca937362987c3786e,
/kaggle/input/datasets/tschandl/isic2018-challenge-task1-data-segmentation/ISIC2018_Task1-2_Training_Input/ISIC_0011110.jpg,False,1024,768,RGB,1.333,bd5e6d8a783525f07a18aee534b3bc12,
/kaggle/input/datasets/tschandl/isic2018-challenge-task1-data-segmentation/ISIC2018_Task1-2_Training_Input/ISIC_0010060.jpg,False,1024,768,RGB,1.333,ba134d97aecd7b71197111be7c4d1e57,
/kaggle/input/datasets/tschandl/isic2018-challenge-task1-data-segmentation/ISIC2018_Task1-2_Training_Input/ISIC_0000265.jpg,False,1024,768,RGB,1.333,29407c25095041e2eccf835e79a4c251,
/kaggle/input/datasets/tschandl/isic2018-challenge-task1-data-segmentation/ISIC2018_Task1-2_Training_Input/ISIC_0014754.jpg,False,6648,4399,RGB,1.511,f46f159291be8122e8bb7527944255c6,
/kaggle/input/datasets/tschandl/isic2018-challenge-task1-data-segmentation/ISIC2018_Task1-2_Training_Input/ISIC_0010558.jpg,False,1024,768,RGB,1.333,e7499e0589cbf5f30501fce8613e6b3c,
/kaggle/input/datasets/tschandl/isic2018-challenge-task1-data-segmentation/ISIC2018_Task1-2_Training_Input/ISIC_0014503.jpg,False,4288,2848,RGB,1.506,6d6c91c5abf9328fb4caaf427433e8cf,
/kaggle/input/datasets/tschandl/isic2018-challenge-task1-data-segmentation/ISIC2018_Task1-2_Training_Input/ISIC_0015226.jpg,False,6661,4441,RGB,1.5,d737195a6a88364d118d80755877a6bf,
/kaggle/input/datasets/tschandl/isic2018-challenge-task1-data-segmentation/ISIC2018_Task1-2_Training_Input/ISIC_0001299.jpg,False,3024,2016,RGB,1.5,67f5a15abcec4d4911f327ed8f64d375,
/kaggle/input/datasets/tschandl/isic2018-challenge-task1-data-segmentation/ISIC2018_Task1-2_Training_Input/ISIC_0015013.jpg,False,6648,4439,RGB,1.498,f58b26d5ee60331dd8e4ef4adbbacbc7,
/kaggle/input/datasets/tschandl/isic2018-challenge-task1-data-segmentation/ISIC2018_Task1-2_Training_Input/ISIC_0000297.jpg,False,767,576,RGB,1.332,116bfda5aa0ac16c24ae5c7a1e5e35a0,
/kaggle/input/datasets/tschandl/isic2018-challenge-task1-data-segmentation/ISIC2018_Task1-2_Training_Input/ISIC_0008600.jpg,False,3024,2016,RGB,1.5,0c0008d47c6b4c842c037b36965a25cd,
/kaggle/input/datasets/tschandl/isic2018-challenge-task1-data-segmentation/ISIC2018_Task1-2_Training_Input/ISIC_0000079.jpg,False,1504,1129,RGB,1.332,fac33ead55c7ba3b25b15bf6379e2950,
/kaggle/input/datasets/tschandl/isic2018-challenge-task1-data-segmentation/ISIC2018_Task1-2_Training_Input/ISIC_0013577.jpg,False,4288,2848,RGB,1.506,a7646cfa817f7e01f403648f2a6c0fb8,
/kaggle/input/datasets/tschandl/isic2018-challenge-task1-data-segmentation/ISIC2018_Task1-2_Training_Input/ISIC_0013166.jpg,False,3008,2000,RGB,1.504,3c2942d64b0be3e9609c242e7c59ac70,
/kaggle/input/datasets/tschandl/isic2018-challenge-task1-data-segmentation/ISIC2018_Task1-2_Training_Input/ISIC_0014094.jpg,False,4288,2848,RGB,1.506,ba943db46226e307f11f3b5352e4fffb,
/kaggle/input/datasets/tschandl/isic2018-challenge-task1-data-segmentation/ISIC2018_Task1-2_Training_Input/ISIC_0014749.jpg,False,6648,4459,RGB,1.491,f79435b02eacd8924f40eee812642c7e,
/kaggle/input/datasets/tschandl/isic2018-challenge-task1-data-segmentation/ISIC2018_Task1-2_Training_Input/ISIC_0013269.jpg,False,4288,2848,RGB,1.506,5723bf27da97048a19bfc58e756b696f,
/kaggle/input/datasets/tschandl/isic2018-challenge-task1-data-segmentation/ISIC2018_Task1-2_Training_Input/ISIC_0016072.jpg,False,4288,2848,RGB,1.506,fb366d21fd187ae9b955449e0aa4534e,
/kaggle/input/datasets/tschandl/isic2018-challenge-task1-data-segmentation/ISIC2018_Task1-2_Training_Input/ISIC_0014979.jpg,False,6642,4420,RGB,1.503,52c3279aea8a590695223f828e1c2a56,
/kaggle/input/datasets/tschandl/isic2018-challenge-task1-data-segmentation/ISIC2018_Task1-2_Training_Input/ISIC_0013223.jpg,False,3008,2000,RGB,1.504,1de64492ae6d5aef6655403af131bfd3,
/kaggle/input/datasets/tschandl/isic2018-challenge-task1-data-segmentation/ISIC2018_Task1-2_Training_Input/ISIC_0010326.jpg,False,1024,768,RGB,1.333,c1879af2a920e23fa72baf4fb16e5fc7,
/kaggle/input/datasets/tschandl/isic2018-challenge-task1-data-segmentation/ISIC2018_Task1-2_Training_Input/ISIC_0000377.jpg,False,3072,2304,RGB,1.333,62cce43ee17fd11f22b168a16b552a81,
/kaggle/input/datasets/tschandl/isic2018-challenge-task1-data-segmentation/ISIC2018_Task1-2_Training_Input/ISIC_0012333.jpg,False,3008,2000,RGB,1.504,575866aac95e69167685676e1368a776,
/kaggle/input/datasets/tschandl/isic2018-challenge-task1-data-segmentation/ISIC2018_Task1-2_Training_Input/ISIC_0000192.jpg,False,1502,1051,RGB,1.429,6d6eaf7122bff1361cdcf2b277cb575f,
/kaggle/input/datasets/tschandl/isic2018-challenge-task1-data-segmentation/ISIC2018_Task1-2_Training_Input/ISIC_0000148.jpg,False,2816,2112,RGB,1.333,c5cf5b4d1e1d560915b057e9eaa557e6,
/kaggle/input/datasets/tschandl/isic2018-challenge-task1-data-segmentation/ISIC2018_Task1-2_Training_Input/ISIC_0007693.jpg,False,3024,2016,RGB,1.5,fcc785da594dc149064ea22008e939b1,
/kaggle/input/datasets/tschandl/isic2018-challenge-task1-data-segmentation/ISIC2018_Task1-2_Training_Input/ISIC_0013341.jpg,False,4288,2848,RGB,1.506,18bc8833703fb6bfdfc649bf9fc83f24,
/kaggle/input/datasets/tschandl/isic2018-challenge-task1-data-segmentation/ISIC2018_Task1-2_Training_Input/ISIC_0013073.jpg,False,3008,2000,RGB,1.504,e5001712f45f82515f8f9af2ac60e6db,
/kaggle/input/datasets/tschandl/isic2018-challenge-task1-data-segmentation/ISIC2018_Task1-2_Training_Input/ISIC_0015256.jpg,False,6668,4459,RGB,1.495,6c3542aa1e0692d00896f78c7fe6766d,
/kaggle/input/datasets/tschandl/isic2018-challenge-task1-data-segmentation/ISIC2018_Task1-2_Training_Input/ISIC_0010481.jpg,False,1024,768,RGB,1.333,c8a7612dc0b9df3c9bc71b8d657469ed,
/kaggle/input/datasets/tschandl/isic2018-challenge-task1-data-segmentation/ISIC2018_Task1-2_Training_Input/ISIC_0014353.jpg,False,4288,2848,RGB,1.506,9a3da7f0fc761719f0ca26725b495847,
/kaggle/input/datasets/tschandl/isic2018-challenge-task1-data-segmentation/ISIC2018_Task1-2_Training_Input/ISIC_0000155.jpg,False,2048,1536,RGB,1.333,cd31144657d9ca65e06f75be308a9182,
/kaggle/input/datasets/tschandl/isic2018-challenge-task1-data-segmentation/ISIC2018_Task1-2_Training_Input/ISIC_0014985.jpg,False,6662,4440,RGB,1.5,ba21cd908b9357f659072e7882508f47,
/kaggle/input/datasets/tschandl/isic2018-challenge-task1-data-segmentation/ISIC2018_Task1-2_Training_Input/ISIC_0010863.jpg,False,1024,768,RGB,1.333,1b7fe1b2c2030b5ddef88a11b35a7d75,
/kaggle/input/datasets/tschandl/isic2018-challenge-task1-data-segmentation/ISIC2018_Task1-2_Training_Input/ISIC_0011139.jpg,False,1024,768,RGB,1.333,1aaf50a3733c389baecb71503f798494,
/kaggle/input/datasets/tschandl/isic2018-challenge-task1-data-segmentation/ISIC2018_Task1-2_Training_Input/ISIC_0000542.jpg,False,824,719,RGB,1.146,a373fa93502771d4ba11eefeba8f40d5,
/kaggle/input/datasets/tschandl/isic2018-challenge-task1-data-segmentation/ISIC2018_Task1-2_Training_Input/ISIC_0015614.jpg,False,6648,4439,RGB,1.498,759c8ae4944275bfff2415f48ee3ef4b,
/kaggle/input/datasets/tschandl/isic2018-challenge-task1-data-segmentation/ISIC2018_Task1-2_Training_Input/ISIC_0015071.jpg,False,6681,4422,RGB,1.511,5842fd05c5b0ea461b35906862694363,
/kaggle/input/datasets/tschandl/isic2018-challenge-task1-data-segmentation/ISIC2018_Task1-2_Training_Input/ISIC_0012325.jpg,False,3008,2000,RGB,1.504,bb2162c6c7ca2cb5bff84bec5b834ff3,
/kaggle/input/datasets/tschandl/isic2018-challenge-task1-data-segmentation/ISIC2018_Task1-2_Training_Input/ISIC_0000294.jpg,False,1024,768,RGB,1.333,db4b9a21307375ba502487325102aee4,
/kaggle/input/datasets/tschandl/isic2018-challenge-task1-data-segmentation/ISIC2018_Task1-2_Training_Input/ISIC_0014682.jpg,False,6628,4399,RGB,1.507,5df2089b4a57fde83a60acb4a658274f,
/kaggle/input/datasets/tschandl/isic2018-challenge-task1-data-segmentation/ISIC2018_Task1-2_Training_Input/ISIC_0000387.jpg,False,3072,2304,RGB,1.333,593b03d51da477e886a7cc8b1bc4b3c2,
/kaggle/input/datasets/tschandl/isic2018-challenge-task1-data-segmentation/ISIC2018_Task1-2_Training_Input/ISIC_0000485.jpg,False,919,802,RGB,1.146,148968650ef4d86de25a3bdbb0ee21b6,
/kaggle/input/datasets/tschandl/isic2018-challenge-task1-data-segmentation/ISIC2018_Task1-2_Training_Input/ISIC_0013585.jpg,False,4288,2848,RGB,1.506,fb2ada0663ab1b492aefa433892ff841,
/kaggle/input/datasets/tschandl/isic2018-challenge-task1-data-segmentation/ISIC2018_Task1-2_Training_Input/ISIC_0012261.jpg,False,4288,2848,RGB,1.506,916b5ee34f5fe2be6f4ebe79b1674fad,
/kaggle/input/datasets/tschandl/isic2018-challenge-task1-data-segmentation/ISIC2018_Task1-2_Training_Input/ISIC_0011334.jpg,False,1024,768,RGB,1.333,af270b381e1c62a8249b0ebc78c552f1,
/kaggle/input/datasets/tschandl/isic2018-challenge-task1-data-segmentation/ISIC2018_Task1-2_Training_Input/ISIC_0014771.jpg,False,6621,4420,RGB,1.498,558fa3041eb3eee8e2be2adaf3638364,
/kaggle/input/datasets/tschandl/isic2018-challenge-task1-data-segmentation/ISIC2018_Task1-2_Training_Input/ISIC_0015175.jpg,False,6648,4439,RGB,1.498,cd340381f1243f1b2af75587f9e21f46,
/kaggle/input/datasets/tschandl/isic2018-challenge-task1-data-segmentation/ISIC2018_Task1-2_Training_Input/ISIC_0005548.jpg,False,3024,2016,RGB,1.5,d58af8154fde2c8284b4ac42be247276,
/kaggle/input/datasets/tschandl/isic2018-challenge-task1-data-segmentation/ISIC2018_Task1-2_Training_Input/ISIC_0016056.jpg,False,4288,2848,RGB,1.506,c7f990e4f66217cd12da8209055f970d,
/kaggle/input/datasets/tschandl/isic2018-challenge-task1-data-segmentation/ISIC2018_Task1-2_Training_Input/ISIC_0000215.jpg,False,962,674,RGB,1.427,09857c2086751ad49365e2529c001a7b,
/kaggle/input/datasets/tschandl/isic2018-challenge-task1-data-segmentation/ISIC2018_Task1-2_Training_Input/ISIC_0014929.jpg,False,6708,4439,RGB,1.511,7414dc7d2144ad3c612ab8fb27d25833,
/kaggle/input/datasets/tschandl/isic2018-challenge-task1-data-segmentation/ISIC2018_Task1-2_Training_Input/ISIC_0013229.jpg,False,4288,2848,RGB,1.506,6d0f2ba5b7de9bc27909da8b82ae13f2,
/kaggle/input/datasets/tschandl/isic2018-challenge-task1-data-segmentation/ISIC2018_Task1-2_Training_Input/ISIC_0013709.jpg,False,3008,2000,RGB,1.504,4bf2d14f1641195130fde7973c9dd423,
/kaggle/input/datasets/tschandl/isic2018-challenge-task1-data-segmentation/ISIC2018_Task1-2_Training_Input/ISIC_0000479.jpg,False,919,802,RGB,1.146,bd37a52d4e27430f8b94fb7be5a080c6,
/kaggle/input/datasets/tschandl/isic2018-challenge-task1-data-segmentation/ISIC2018_Task1-2_Training_Input/ISIC_0000102.jpg,False,2048,1536,RGB,1.333,77d634e9f40373ed62427c621e515c83,
/kaggle/input/datasets/tschandl/isic2018-challenge-task1-data-segmentation/ISIC2018_Task1-2_Training_Input/ISIC_0000299.jpg,False,767,576,RGB,1.332,34b9970bbd5a9177629d2cd2e4c10749,
/kaggle/input/datasets/tschandl/isic2018-challenge-task1-data-segmentation/ISIC2018_Task1-2_Training_Input/ISIC_0014941.jpg,False,6708,4419,RGB,1.518,00144488585244d9c1814af667930c46,
/kaggle/input/datasets/tschandl/isic2018-challenge-task1-data-segmentation/ISIC2018_Task1-2_Training_Input/ISIC_0014603.jpg,False,2592,1936,RGB,1.339,e2cbe95968c786ef0b8614cba736eb64,
/kaggle/input/datasets/tschandl/isic2018-challenge-task1-data-segmentation/ISIC2018_Task1-2_Training_Input/ISIC_0012903.jpg,False,3872,2592,RGB,1.494,fbb642584c99ac24dd323ef7fdf73641,
/kaggle/input/datasets/tschandl/isic2018-challenge-task1-data-segmentation/ISIC2018_Task1-2_Training_Input/ISIC_0013917.jpg,False,4288,2848,RGB,1.506,4f149395699023fb76e526c36b43a909,
/kaggle/input/datasets/tschandl/isic2018-challenge-task1-data-segmentation/ISIC2018_Task1-2_Training_Input/ISIC_0013159.jpg,False,3872,2592,RGB,1.494,2e8edb6a99d70785496a7d2e33bf7580,
/kaggle/input/datasets/tschandl/isic2018-challenge-task1-data-segmentation/ISIC2018_Task1-2_Training_Input/ISIC_0001103.jpg,False,3872,2592,RGB,1.494,5ca684a39ef9c0134566187dd906766e,
/kaggle/input/datasets/tschandl/isic2018-challenge-task1-data-segmentation/ISIC2018_Task1-2_Training_Input/ISIC_0000187.jpg,False,722,542,RGB,1.332,27a900380b67a945abe81a9f6916c34e,
/kaggle/input/datasets/tschandl/isic2018-challenge-task1-data-segmentation/ISIC2018_Task1-2_Training_Input/ISIC_0014795.jpg,False,6641,4420,RGB,1.502,bf1cb981994cd51becca6a5963d1568d,
/kaggle/input/datasets/tschandl/isic2018-challenge-task1-data-segmentation/ISIC2018_Task1-2_Training_Input/ISIC_0000290.jpg,False,1024,768,RGB,1.333,613e68b24864c9c53d21eaf153db5cce,
/kaggle/input/datasets/tschandl/isic2018-challenge-task1-data-segmentation/ISIC2018_Task1-2_Training_Input/ISIC_0012678.jpg,False,3008,2000,RGB,1.504,7cd049a933eeaff012d8523ddb50fca7,
/kaggle/input/datasets/tschandl/isic2018-challenge-task1-data-segmentation/ISIC2018_Task1-2_Training_Input/ISIC_0013207.jpg,False,3008,2000,RGB,1.504,3dcdb954b1e4f20880e2a691f271973f,
/kaggle/input/datasets/tschandl/isic2018-challenge-task1-data-segmentation/ISIC2018_Task1-2_Training_Input/ISIC_0008145.jpg,False,4288,2848,RGB,1.506,bf6fb6f4dd77b988f524e9991f227193,
/kaggle/input/datasets/tschandl/isic2018-challenge-task1-data-segmentation/ISIC2018_Task1-2_Training_Input/ISIC_0001204.jpg,False,3024,2016,RGB,1.5,0110c76eaa1121eaff348f3dfd4adc79,
/kaggle/input/datasets/tschandl/isic2018-challenge-task1-data-segmentation/ISIC2018_Task1-2_Training_Input/ISIC_0014337.jpg,False,4288,2848,RGB,1.506,0da0d7f812a94f2f92dc70219324d7a8,
/kaggle/input/datasets/tschandl/isic2018-challenge-task1-data-segmentation/ISIC2018_Task1-2_Training_Input/ISIC_0001286.jpg,False,3024,2016,RGB,1.5,d47bb2c724db7c8e4d4ce9aca25387c1,
/kaggle/input/datasets/tschandl/isic2018-challenge-task1-data-segmentation/ISIC2018_Task1-2_Training_Input/ISIC_0013568.jpg,False,3008,2000,RGB,1.504,73da74f8eb7b699d47256f3d30454c9c,
/kaggle/input/datasets/tschandl/isic2018-challenge-task1-data-segmentation/ISIC2018_Task1-2_Training_Input/ISIC_0014715.jpg,False,6622,4400,RGB,1.505,15cd9c5b63eda669fa40218f4e7a3152,
/kaggle/input/datasets/tschandl/isic2018-challenge-task1-data-segmentation/ISIC2018_Task1-2_Training_Input/ISIC_0001449.jpg,False,3024,2016,RGB,1.5,d04640abfdf2551c1389b38f7f8b66d9,
/kaggle/input/datasets/tschandl/isic2018-challenge-task1-data-segmentation/ISIC2018_Task1-2_Training_Input/ISIC_0010019.jpg,False,1024,768,RGB,1.333,3751210775842435b05c77178770ea11,
/kaggle/input/datasets/tschandl/isic2018-challenge-task1-data-segmentation/ISIC2018_Task1-2_Training_Input/ISIC_0012956.jpg,False,3872,2592,RGB,1.494,1ff9ae9dea729840f31a62cb023e931b,
/kaggle/input/datasets/tschandl/isic2018-challenge-task1-data-segmentation/ISIC2018_Task1-2_Training_Input/ISIC_0014623.jpg,False,2592,1936,RGB,1.339,413ccef68fcb54a661ea5b1922cdd334,
/kaggle/input/datasets/tschandl/isic2018-challenge-task1-data-segmentation/ISIC2018_Task1-2_Training_Input/ISIC_0002489.jpg,False,3024,2016,RGB,1.5,417491a165585185079cad61f083c5fd,
/kaggle/input/datasets/tschandl/isic2018-challenge-task1-data-segmentation/ISIC2018_Task1-2_Training_Input/ISIC_0013816.jpg,False,4288,2848,RGB,1.506,d6ff86eb54bb292cb054f6f3b3b3ddc4,
/kaggle/input/datasets/tschandl/isic2018-challenge-task1-data-segmentation/ISIC2018_Task1-2_Training_Input/ISIC_0000494.jpg,False,919,802,RGB,1.146,c17d876a7d8ebf27cce240a81e8bf064,
/kaggle/input/datasets/tschandl/isic2018-challenge-task1-data-segmentation/ISIC2018_Task1-2_Training_Input/ISIC_0010089.jpg,False,1024,768,RGB,1.333,73c7beaae89f4d42f4e0596c6f85a038,
/kaggle/input/datasets/tschandl/isic2018-challenge-task1-data-segmentation/ISIC2018_Task1-2_Training_Input/ISIC_0009880.jpg,False,1024,768,RGB,1.333,64808c61617febac77ff25ca3c514af3,
/kaggle/input/datasets/tschandl/isic2018-challenge-task1-data-segmentation/ISIC2018_Task1-2_Training_Input/ISIC_0010180.jpg,False,1024,768,RGB,1.333,bedcaa3a24af56756c737db6e099679d,
/kaggle/input/datasets/tschandl/isic2018-challenge-task1-data-segmentation/ISIC2018_Task1-2_Training_Input/ISIC_0000413.jpg,False,3072,2304,RGB,1.333,fed2ff9017cbac5df82e79dda02fb719,
/kaggle/input/datasets/tschandl/isic2018-challenge-task1-data-segmentation/ISIC2018_Task1-2_Training_Input/ISIC_0000366.jpg,False,767,576,RGB,1.332,77d15f41d2f75ca3905a77de99bde714,
/kaggle/input/datasets/tschandl/isic2018-challenge-task1-data-segmentation/ISIC2018_Task1-2_Training_Input/ISIC_0013765.jpg,False,4288,2848,RGB,1.506,85cae3d23bee02dba8a9b9a607161a41,
/kaggle/input/datasets/tschandl/isic2018-challenge-task1-data-segmentation/ISIC2018_Task1-2_Training_Input/ISIC_0002673.jpg,False,3024,2016,RGB,1.5,b8f58a49e679e30adf6d25f08c503157,
/kaggle/input/datasets/tschandl/isic2018-challenge-task1-data-segmentation/ISIC2018_Task1-2_Training_Input/ISIC_0010239.jpg,False,1024,768,RGB,1.333,cfe62273a746155337f4fac5c4d789d2,
/kaggle/input/datasets/tschandl/isic2018-challenge-task1-data-segmentation/ISIC2018_Task1-2_Training_Input/ISIC_0000137.jpg,False,2048,1536,RGB,1.333,eb673eccbfaf3f388be3e74b427973e0,
/kaggle/input/datasets/tschandl/isic2018-challenge-task1-data-segmentation/ISIC2018_Task1-2_Training_Input/ISIC_0009923.jpg,False,1024,768,RGB,1.333,9c452d23bb3b4fdb465b6cd149103d1d,
/kaggle/input/datasets/tschandl/isic2018-challenge-task1-data-segmentation/ISIC2018_Task1-2_Training_Input/ISIC_0014792.jpg,False,6600,4401,RGB,1.5,aa2e28dabd0bbe6775df3403d597c609,
/kaggle/input/datasets/tschandl/isic2018-challenge-task1-data-segmentation/ISIC2018_Task1-2_Training_Input/ISIC_0000518.jpg,False,919,802,RGB,1.146,320b11376e8b7c987d2e9b7bac8b0afc,
/kaggle/input/datasets/tschandl/isic2018-challenge-task1-data-segmentation/ISIC2018_Task1-2_Training_Input/ISIC_0008256.jpg,False,4288,2848,RGB,1.506,0878762b84dd29e7ddc98918d8a303b7,
/kaggle/input/datasets/tschandl/isic2018-challenge-task1-data-segmentation/ISIC2018_Task1-2_Training_Input/ISIC_0000449.jpg,False,3072,2304,RGB,1.333,ac37c6b378cbe4d60ac6c6647b981951,
/kaggle/input/datasets/tschandl/isic2018-challenge-task1-data-segmentation/ISIC2018_Task1-2_Training_Input/ISIC_0014652.jpg,False,2592,1936,RGB,1.339,8d285414bd62ee12447a08cd390de8b1,
/kaggle/input/datasets/tschandl/isic2018-challenge-task1-data-segmentation/ISIC2018_Task1-2_Training_Input/ISIC_0013294.jpg,False,4288,2848,RGB,1.506,6dcfc0ed66dac12870f4f6db2e763a0c,
