image_id,lesion_id,diagnosis,fold,p_akiec,p_bcc,p_bkl,p_df,p_mel,p_nv,p_vasc
ISIC_0029836,HAM_0007571,bkl,3,0.08167785,0.7779709,0.12552066,0.000676931,0.0024520478,0.011530771,0.000170821
ISIC_0032129,HAM_0007571,bkl,3,0.012512289,0.06857192,0.912122,0.0008785005,0.0004683942,0.005431626,1.5233988e-05
ISIC_0027815,HAM_0005388,bkl,3,2.8203756e-05,1.404392e-05,0.9946621,6.207656e-06,0.0023274794,0.002947962,1.3934629e-05
ISIC_0030661,HAM_0003847,bkl,3,0.008426065,0.041799832,0.43259692,0.0028584376,0.21561995,0.29014835,0.008550402
ISIC_0027053,HAM_0003847,bkl,3,0.0008731068,4.9643648e-05,0.8786312,0.00010716844,0.059674934,0.06037836,0.00028567947
ISIC_0028560,HAM_0003847,bkl,3,0.0027089638,0.0005355144,0.21352498,0.00038647067,0.5516824,0.23087554,0.0002860809
ISIC_0031650,HAM_0003847,bkl,3,0.00095240807,0.005131101,0.02394711,0.00057766464,0.44658464,0.5221103,0.0006967966
ISIC_0031691,HAM_0007010,bkl,3,0.00055022497,0.011514275,0.9851622,0.00014809104,0.00034906183,0.0022578356,1.8355635e-05
ISIC_0025419,HAM_0007010,bkl,3,0.025200639,0.081806734,0.69676584,0.0019042832,0.0334752,0.16024806,0.0005992093
ISIC_0030377,HAM_0001983,bkl,3,1.27089115e-05,4.910034e-05,0.04343506,2.430643e-05,0.5459442,0.41049373,4.086493e-05
ISIC_0028052,HAM_0000700,bkl,3,0.0004293525,0.00046788188,0.010724606,0.001187798,0.75240374,0.23445353,0.0003330765
ISIC_0029288,HAM_0000959,bkl,3,1.6643196e-05,2.9785831e-05,0.9945528,1.1778766e-05,0.0008704696,0.0045077982,1.0745656e-05
ISIC_0031008,HAM_0000959,bkl,3,1.625979e-05,1.5244856e-05,0.9985763,1.5244856e-05,6.79899e-05,0.0012979975,1.0959032e-05
ISIC_0029289,HAM_0001469,bkl,3,0.00023149418,0.0008048441,0.023066055,0.00016003844,0.019234806,0.9543383,0.0021644172
ISIC_0029912,HAM_0001469,bkl,3,0.0005066704,0.00017960343,0.0097380215,9.6699725e-05,0.09845863,0.5643814,0.32663894
ISIC_0030189,HAM_0000959,bkl,3,1.2179601e-05,1.4491912e-05,0.99481237,7.0904366e-06,0.0028437746,0.0023007109,9.504029e-06
ISIC_0026532,HAM_0000959,bkl,3,0.0011552403,6.7820096e-05,0.99705553,3.0271844e-05,0.000819088,0.0008612308,1.0836004e-05
ISIC_0028774,HAM_0004852,bkl,3,0.015691848,0.0025010624,0.91960305,6.697729e-05,0.058788255,0.0032302998,0.00011847076
ISIC_0030565,HAM_0004852,bkl,3,0.16422346,0.00126123,0.018871518,0.00043928795,0.8004807,0.01433918,0.00038465342
ISIC_0028646,HAM_0005077,bkl,3,0.01750008,0.0009051012,0.9545394,0.00026134966,0.00589768,0.0205799,0.00031648175
ISIC_0029929,HAM_0003768,bkl,3,0.00085842184,0.00033682003,0.98078763,0.0003127268,0.014994627,0.00262483,8.482942e-05
ISIC_0032757,HAM_0000527,bkl,3,0.00021045568,3.6429137e-05,0.70812005,0.0003190318,0.07625615,0.2147027,0.00035521126
ISIC_0032508,HAM_0000527,bkl,3,1.2318838e-05,8.855613e-06,0.9867236,2.0509646e-05,0.0017041421,0.011487564,4.308103e-05
ISIC_0034201,HAM_0000527,bkl,3,1.6635888e-05,1.8704233e-05,0.99605954,1.6538695e-05,0.00015508667,0.0036991532,3.4402347e-05
ISIC_0033235,HAM_0001858,bkl,3,0.013135179,0.00022369767,0.5013898,0.004071076,0.46643478,0.014465408,0.00028003225
ISIC_0026085,HAM_0001858,bkl,3,0.0013044418,1.8489127e-05,0.018752042,0.00029723605,0.9769423,0.0026401966,4.52279e-05
ISIC_0032826,HAM_0000581,bkl,3,3.6876765e-05,6.929973e-05,0.9683635,7.991944e-05,0.0014350553,0.029818794,0.00019645496
ISIC_0034115,HAM_0000581,bkl,3,0.00017583728,0.0009321818,0.46076933,0.00077129796,0.13304803,0.4018902,0.0024131779
ISIC_0025180,HAM_0003265,bkl,3,0.0023311726,0.0014222367,0.85129786,0.012819421,0.010716259,0.09960917,0.021803906
ISIC_0026107,HAM_0003265,bkl,3,0.00045957998,0.00034219853,0.9564062,0.0003127948,0.0067683337,0.03480309,0.0009077573
ISIC_0029472,HAM_0004029,bkl,3,0.00018672681,7.045945e-05,0.022094505,0.00023057684,0.36433122,0.6125279,0.0005585532
ISIC_0029682,HAM_0004029,bkl,3,0.0001363782,3.115172e-05,0.011487626,0.00016006631,0.59382397,0.39402983,0.00033101067
ISIC_0033629,HAM_0001309,bkl,3,5.0911178e-05,0.00015468808,0.9591785,1.0839615e-05,0.0016904805,0.038824286,9.022875e-05
ISIC_0034037,HAM_0001309,bkl,3,0.0017981778,0.0014590556,0.2647964,0.00092562253,0.3219106,0.40772867,0.0013814062
ISIC_0032876,HAM_0001309,bkl,3,0.00016199374,0.00024992265,0.813452,0.00012299788,0.015416935,0.1701761,0.00042017983
ISIC_0030124,HAM_0004807,bkl,3,0.0012081341,0.014664287,0.76081455,0.00016672799,0.025439888,0.17860398,0.019102503
ISIC_0025136,HAM_0000308,bkl,3,0.02330604,0.0013799573,0.016317977,0.004317504,0.67811584,0.27559367,0.00096902665
ISIC_0027218,HAM_0001738,bkl,3,0.00056916656,0.0009559712,0.93151134,3.6032e-05,0.009114397,0.05771738,9.567623e-05
ISIC_0026060,HAM_0005891,bkl,3,0.00089746533,8.4024794e-07,0.99871325,6.96694e-06,1.0479062e-05,0.0003704835,5.663237e-07
ISIC_0025777,HAM_0002827,bkl,3,0.03333236,0.00072040333,0.70816773,0.0015521393,0.052311286,0.20329013,0.0006258973
ISIC_0024592,HAM_0000236,bkl,3,0.017086504,0.0012302104,0.9492031,0.028246634,0.0010258737,0.0030927488,0.00011487525
ISIC_0027796,HAM_0000745,bkl,3,0.0004205363,0.00017581994,0.47349563,7.357952e-05,0.0015640084,0.52411187,0.00015853017
ISIC_0026607,HAM_0007529,bkl,3,0.0014018975,0.98728186,0.00040263214,0.00014497177,0.0051254244,0.0055908277,5.2402844e-05
ISIC_0030731,HAM_0005865,bkl,3,0.012509119,0.0052747563,0.9783161,4.52915e-05,0.0010358755,0.0027945708,2.4242796e-05
ISIC_0026301,HAM_0004917,bkl,3,0.00041130904,6.533325e-05,0.093262464,0.000480869,0.7885402,0.11697734,0.00026246722
ISIC_0030227,HAM_0004917,bkl,3,0.0043511014,0.004769426,0.017746542,0.00096330664,0.71061593,0.26142102,0.00013268129
ISIC_0027584,HAM_0001546,bkl,3,0.000524679,7.0782575e-05,0.99879056,6.432252e-05,0.00029902608,0.00024133244,9.320994e-06
ISIC_0026634,HAM_0003768,bkl,3,0.00066353235,0.00019442345,0.91178864,0.00010086556,0.08172001,0.0053572212,0.00017530422
ISIC_0032348,HAM_0006294,bkl,3,0.0005027579,0.00017545358,0.8006312,0.000251817,0.118307956,0.08005117,7.970338e-05
ISIC_0032156,HAM_0007521,bkl,3,0.0014233143,0.0001602382,0.96490645,0.00018991627,0.030835658,0.0023164798,0.00016792818
ISIC_0024453,HAM_0005514,bkl,3,0.00026681682,2.0216197e-05,0.98407054,8.6453714e-05,0.0064203395,0.00905413,8.153362e-05
ISIC_0029051,HAM_0000298,bkl,3,0.00029179812,4.166965e-05,0.62468785,2.8085175e-05,0.00046447414,0.3744781,7.937274e-06
ISIC_0030723,HAM_0000782,bkl,3,0.089918405,0.15750378,0.74701864,0.00030405386,0.0036788993,0.001512769,6.33608e-05
ISIC_0028555,HAM_0002301,bkl,3,0.0028908786,4.0507755e-05,0.92778563,0.00021266042,0.047565017,0.021376515,0.00012873339
ISIC_0029568,HAM_0002301,bkl,3,0.015104952,0.00018487904,0.88758916,0.0015754243,0.029813292,0.065500885,0.00023143779
ISIC_0025275,HAM_0006123,bkl,3,0.0020538955,0.10890123,0.008299726,0.0020260059,0.4435179,0.15493107,0.28027013
ISIC_0026606,HAM_0006123,bkl,3,0.0018672727,0.0039222534,0.011072983,0.00068358524,0.7125249,0.26729316,0.0026358492
ISIC_0025986,HAM_0006123,bkl,3,0.0011222508,0.002264796,0.020438816,0.0005416261,0.25546125,0.70811176,0.012059444
ISIC_0030007,HAM_0004105,bkl,3,0.00012483085,1.6993297e-05,0.98231053,0.00044256382,0.015299164,0.0017469585,5.8850866e-05
ISIC_0025805,HAM_0004691,bkl,3,0.0013594157,0.0002534389,0.23959018,0.00048661174,0.048202667,0.708333,0.0017747446
ISIC_0029166,HAM_0004691,bkl,3,0.0074552544,0.0011842094,0.43160588,0.002953934,0.28305405,0.26694536,0.006801358
ISIC_0026477,HAM_0006563,bkl,3,0.00044939932,8.6442065e-05,0.010808495,0.0005861272,0.2420681,0.7456222,0.000379172
ISIC_0030026,HAM_0004400,bkl,3,0.00015229183,1.7288083e-05,0.1295591,0.000566939,0.8349889,0.034666635,4.8865906e-05
ISIC_0031819,HAM_0005527,bkl,3,0.0067724525,0.010286497,0.9309477,0.0003745027,0.0033838549,0.047448296,0.0007866525
ISIC_0024740,HAM_0005420,bkl,3,0.0015427086,0.0004271415,0.97056234,0.00083467056,0.00059187005,0.025965841,7.539495e-05
ISIC_0030649,HAM_0005420,bkl,3,0.12164693,0.13412595,0.5800618,0.004507365,0.1269259,0.029723655,0.0030084224
ISIC_0032043,HAM_0005420,bkl,3,0.012693624,0.0014248807,0.4850084,0.044456795,0.004135126,0.45207754,0.00020367609
ISIC_0031168,HAM_0001245,bkl,3,0.97037166,0.00062868954,0.016509712,0.009003609,0.0015759018,0.0018532429,5.7234294e-05
ISIC_0025575,HAM_0001245,bkl,3,0.33375004,0.002639392,0.21297476,0.44301137,0.0054156804,0.001965264,0.00024359116
ISIC_0025781,HAM_0005728,bkl,3,0.11329775,0.0019589376,0.84620494,0.002889473,0.031247314,0.0035784913,0.0008230114
ISIC_0024758,HAM_0005968,bkl,3,0.0004125163,0.0003132135,0.99583626,3.54172e-05,0.0006783003,0.0026833846,4.0844643e-05
ISIC_0031078,HAM_0003943,bkl,3,0.011394625,0.0014910048,0.291442,0.0022078704,0.6736641,0.017852016,0.0019484389
ISIC_0031464,HAM_0003943,bkl,3,0.0037008766,0.000463219,0.08292567,0.0005117362,0.891535,0.018666564,0.0021969837
ISIC_0024772,HAM_0002400,bkl,3,0.00010313392,0.000106824205,0.048359547,8.9080815e-05,0.88095576,0.07008841,0.00029726443
ISIC_0025973,HAM_0003943,bkl,3,0.001856429,0.00024686256,0.011278002,0.00018743672,0.97870755,0.0066535063,0.0010702298
ISIC_0027355,HAM_0005968,bkl,3,0.0011487384,5.1066996e-05,0.39639625,9.1750764e-05,0.5460589,0.055674583,0.00057875126
ISIC_0025519,HAM_0006211,bkl,3,6.2661034e-05,1.1125328e-05,0.954172,2.0145366e-05,0.033099424,0.012612295,2.2298886e-05
ISIC_0031783,HAM_0002357,bkl,3,0.26872677,0.004280401,0.37933576,0.0023684832,0.29456273,0.049286496,0.0014393664
ISIC_0030137,HAM_0002357,bkl,3,0.09486182,0.0035545966,0.74833524,0.0048633046,0.12978742,0.015791196,0.002806431
ISIC_0031808,HAM_0005275,bkl,3,0.29111052,0.0014748359,0.6598829,0.0028819542,0.021104716,0.023254098,0.0002909802
ISIC_0026316,HAM_0002400,bkl,3,0.00015785734,6.109762e-05,0.11242605,7.3124276e-05,0.7880499,0.09844355,0.0007884666
ISIC_0031522,HAM_0005865,bkl,3,0.0010331328,0.00047115856,0.99497026,4.561487e-05,0.00045934616,0.0029865506,3.3964363e-05
ISIC_0027916,HAM_0005952,bkl,3,0.0016144258,0.00087946415,0.19980437,0.0005835654,0.49548736,0.3011158,0.00051499467
ISIC_0031716,HAM_0002686,bkl,3,0.0034373016,0.0028471893,0.9904297,0.00012709778,0.001848635,0.0011272924,0.00018277172
ISIC_0029080,HAM_0000186,bkl,3,0.0013058428,0.0007041054,0.99145424,8.508467e-05,0.0035125788,0.0028056048,0.00013255613
ISIC_0027018,HAM_0006525,bkl,3,0.005159115,3.4432433e-05,0.0029731372,0.98917234,0.0013009303,0.0013240003,3.608488e-05
ISIC_0031138,HAM_0004908,bkl,3,0.29030758,0.005954946,0.6062358,0.004970687,0.038285147,0.05285603,0.001389778
ISIC_0025389,HAM_0004921,bkl,3,0.5038893,0.008415467,0.105620936,0.3803556,0.0013373847,0.00029435876,8.701229e-05
ISIC_0028710,HAM_0004908,bkl,3,0.64754003,0.004058912,0.22291139,0.006069394,0.04942354,0.069426626,0.0005700817
ISIC_0031630,HAM_0003682,bkl,3,0.00375702,0.00044261903,0.18897125,0.000100709556,0.800274,0.006205631,0.00024877218
ISIC_0027982,HAM_0004423,bkl,3,0.0016820111,0.0008117804,0.62026477,0.00073052326,0.17156978,0.20454162,0.00039951268
ISIC_0030318,HAM_0004423,bkl,3,4.0039085e-05,0.00014002336,0.9838524,1.9136069e-05,0.0066811386,0.009105319,0.00016179669
ISIC_0026737,HAM_0004423,bkl,3,0.00047570333,0.0009205311,0.94278294,7.3094096e-05,0.015892196,0.039758373,9.721294e-05
ISIC_0028749,HAM_0005275,bkl,3,0.05587927,0.0034657184,0.9036088,0.005253716,0.013278972,0.017247312,0.0012662808
ISIC_0031537,HAM_0003877,bkl,3,0.12828456,0.001965094,0.06593857,0.0049936003,0.77896166,0.019448625,0.00040790314
ISIC_0030608,HAM_0007029,bkl,3,0.05066257,0.001009214,0.80340517,0.0021914472,0.08634841,0.055533376,0.0008498433
ISIC_0024446,HAM_0001475,bkl,3,5.2289673e-05,1.2002551e-05,0.99968684,6.4370624e-06,7.8342935e-05,0.00015895408,5.162233e-06
ISIC_0031287,HAM_0003205,bkl,3,0.000760365,5.540434e-05,0.99797755,3.1506843e-05,4.1092673e-05,0.0011303504,3.647182e-06
ISIC_0026139,HAM_0002809,bkl,3,0.004551109,0.00015710517,0.99337995,6.863416e-05,0.0012382948,0.0005690821,3.581618e-05
ISIC_0027967,HAM_0002809,bkl,3,0.47452715,0.0024610797,0.47824895,0.009108371,0.011798625,0.023094947,0.0007609193
ISIC_0024338,HAM_0002809,bkl,3,0.06688031,0.001318685,0.80488354,0.0016572354,0.06626271,0.05785183,0.0011456935
ISIC_0028842,HAM_0001515,bkl,3,0.2379159,0.0016442888,0.5156121,0.00092959654,0.242135,0.0014510797,0.0003119846
ISIC_0025066,HAM_0002749,bkl,3,0.12279011,0.00019651363,0.8606967,0.00041278187,0.01018311,0.0057102893,1.0476044e-05
ISIC_0028124,HAM_0001294,bkl,3,0.002885864,7.571336e-05,0.99388474,3.005793e-05,0.0007590977,0.0023053098,5.919641e-05
ISIC_0027388,HAM_0002192,bkl,3,0.16685715,0.00014210043,0.82774127,0.0006589935,0.004123422,0.0004732667,3.7942514e-06
ISIC_0030241,HAM_0001294,bkl,3,0.0058294646,0.00010079243,0.9890197,8.91096e-06,0.0018061044,0.0031958432,3.9087303e-05
ISIC_0026912,HAM_0007337,bkl,3,0.00071160035,2.101376e-05,0.99530303,1.0649256e-05,0.003558212,0.0003828033,1.2720621e-05
ISIC_0031888,HAM_0003398,bkl,3,0.0064717475,0.0006443981,0.9109314,0.00015127478,0.080534555,0.0010950881,0.00017141677
ISIC_0028622,HAM_0000083,bkl,3,0.0005080496,0.08362474,0.25960258,0.00081344816,0.5528083,0.09733853,0.005304348
ISIC_0031872,HAM_0000083,bkl,3,0.0011816869,0.114455394,0.79215366,0.002429404,0.0696924,0.01878954,0.001297829
ISIC_0024877,HAM_0003574,bkl,3,0.000119429795,2.1183796e-05,0.9974948,1.728971e-05,0.0003165047,0.0019809315,4.9834394e-05
ISIC_0030835,HAM_0003574,bkl,3,0.006997716,0.0019917071,0.94399875,0.0007945707,0.0063917474,0.03911598,0.0007094718
ISIC_0026249,HAM_0007315,bkl,3,0.0023940264,0.015152893,0.90553284,0.0002898617,0.015580553,0.059960127,0.0010896616
ISIC_0031218,HAM_0007315,bkl,3,0.00426386,0.0028991941,0.9306816,0.00076971186,0.010255976,0.050741166,0.00038855022
ISIC_0026248,HAM_0004224,bkl,3,2.9111186e-05,2.1381558e-05,0.9989718,4.1047224e-06,0.00045095017,0.0005150013,7.653668e-06
ISIC_0027194,HAM_0004224,bkl,3,0.003210448,0.0001758918,0.99305445,2.6816291e-05,0.0025999001,0.0008963105,3.615581e-05
ISIC_0030369,HAM_0003514,bkl,3,9.115121e-05,0.00063209725,0.8402258,3.4194025e-05,0.1409654,0.01793925,0.0001121179
ISIC_0025339,HAM_0006755,bkl,3,1.5709104e-05,3.949268e-05,0.9934389,6.032787e-06,0.005736652,0.0007587572,4.465708e-06
ISIC_0028876,HAM_0003030,bkl,3,1.9429268e-05,3.5800415e-06,0.9989268,7.9117035e-06,0.0002519011,0.00078601507,4.3267964e-06
ISIC_0029527,HAM_0003030,bkl,3,0.0015611644,0.00015337327,0.96035874,0.00035660356,0.014384267,0.02291875,0.00026708373
ISIC_0031987,HAM_0001781,bkl,3,0.00017385925,3.6514124e-05,0.9950913,0.00046232747,0.002064938,0.0021661506,4.8555435e-06
ISIC_0028623,HAM_0001781,bkl,3,9.726099e-06,5.552599e-06,0.9983662,1.0013763e-06,0.00013196543,0.0014834959,2.0070938e-06
ISIC_0025515,HAM_0001781,bkl,3,0.00010518694,1.7171298e-05,0.99843293,8.287295e-06,0.00031481707,0.0011176912,3.9607853e-06
ISIC_0029823,HAM_0001781,bkl,3,3.8526405e-06,6.314821e-06,0.9980938,1.9600648e-06,5.9418086e-05,0.0018313731,3.2001956e-06
ISIC_0026631,HAM_0000985,bkl,3,0.00042457017,0.00039458522,0.97799987,4.0270075e-05,0.020577153,0.00045460853,0.00010903864
ISIC_0024490,HAM_0000985,bkl,3,1.672244e-05,4.8387985e-05,0.89750737,1.9858391e-05,0.10188452,0.00049181335,3.1302712e-05
ISIC_0025103,HAM_0001529,bkl,3,0.0006955119,0.00035246823,0.98703474,0.00018072776,0.008029979,0.0034435473,0.00026295733
ISIC_0025710,HAM_0001529,bkl,3,3.8492333e-05,2.5641424e-05,0.9990115,1.6077363e-05,0.000272859,0.000612201,2.3255761e-05
ISIC_0025466,HAM_0001620,bkl,3,0.007213976,0.00028622718,0.9499909,0.0002611223,0.015943483,0.025689978,0.0006142842
ISIC_0028264,HAM_0003187,bkl,3,0.008888913,0.00027753477,0.9578348,0.00029775134,0.01447311,0.01765507,0.0005728109
ISIC_0025526,HAM_0003187,bkl,3,0.07226674,0.007767088,0.8761009,0.0012716623,0.0331913,0.007601997,0.0018003501
ISIC_0027202,HAM_0001011,bkl,3,0.0038513762,0.00033095843,0.9827268,8.532982e-05,0.001674193,0.011099863,0.00023149789
ISIC_0032498,HAM_0001011,bkl,3,0.00015316799,0.00010213156,0.996305,1.8418787e-05,0.0016718265,0.0017316471,1.7782502e-05
ISIC_0026174,HAM_0006009,bkl,3,6.690139e-05,0.00021596033,0.9970885,0.00017000655,0.00077941373,0.0015342366,0.00014498891
ISIC_0027279,HAM_0006009,bkl,3,0.0001263883,0.00011485332,0.9753297,5.156662e-05,0.01174973,0.012385974,0.00024172397
ISIC_0033305,HAM_0003218,bkl,3,6.236239e-06,3.7824702e-06,0.99534637,6.359238e-06,0.0005786228,0.004051895,6.782608e-06
ISIC_0032681,HAM_0000208,bkl,3,7.096834e-05,4.4317576e-06,0.9936187,7.2509545e-05,0.0019426418,0.0042722253,1.8441022e-05
ISIC_0033509,HAM_0000208,bkl,3,0.00016105131,6.299763e-06,0.97836393,2.3868111e-05,0.004889322,0.016540362,1.5112345e-05
ISIC_0032694,HAM_0000208,bkl,3,0.0002762941,3.805544e-05,0.8481076,0.00010344541,0.14396496,0.00744948,6.022143e-05
ISIC_0033260,HAM_0004142,bkl,3,3.4775418e-05,6.432806e-06,0.9970764,8.707155e-06,0.00039076264,0.0024715054,1.1467716e-05
ISIC_0032643,HAM_0004142,bkl,3,2.3291579e-05,5.3515637e-06,0.9947048,9.521579e-06,0.00063229835,0.004615403,9.392287e-06
ISIC_0033732,HAM_0004142,bkl,3,9.870387e-05,1.3728418e-05,0.99343216,2.7895136e-05,0.0019902796,0.0044242614,1.2896655e-05
ISIC_0033246,HAM_0005749,bkl,3,0.0023557576,0.0007814116,0.56639075,0.06569267,0.13812394,0.22529468,0.0013607476
ISIC_0032843,HAM_0005749,bkl,3,0.00031759235,5.2252162e-05,0.9616384,0.0027840643,0.013204433,0.021876989,0.00012632953
ISIC_0027747,HAM_0005932,bkl,3,0.0015547917,0.0006939891,0.80069673,0.00088416506,0.0057401997,0.18723364,0.0031964628
ISIC_0031396,HAM_0004466,bkl,3,7.20962e-06,3.5005123e-05,0.9958519,7.064327e-05,6.375858e-05,0.0038758707,9.561954e-05
ISIC_0032249,HAM_0005834,bkl,3,0.01167615,0.0011875636,0.964972,0.0027423573,0.00011816028,0.018504197,0.00079963176
ISIC_0024337,HAM_0005136,bkl,3,0.0005832336,0.004700865,0.73186654,0.23119333,0.0020677426,0.014812207,0.01477609
ISIC_0026566,HAM_0004078,bkl,3,0.00010739625,3.202652e-05,0.9987109,0.00015264085,0.0002002511,0.0007422089,5.4692173e-05
ISIC_0028681,HAM_0004309,bkl,3,0.00011891835,0.00011236994,0.99031746,0.00029118094,0.000728819,0.008280024,0.00015121029
ISIC_0030959,HAM_0003011,bkl,3,0.0003404126,0.00016174448,0.98353493,0.00021637941,0.003240012,0.0063127363,0.00619366
ISIC_0028497,HAM_0006533,bkl,3,0.011382054,0.0008950006,0.98436695,0.00033476402,9.59115e-05,0.002839016,8.631101e-05
ISIC_0026846,HAM_0003287,bkl,3,0.00010656943,0.0003833967,0.9900547,0.0002444168,1.3708493e-05,0.009171672,2.5510988e-05
ISIC_0026907,HAM_0005291,bkl,3,5.9990493e-06,1.1699778e-05,0.99952817,5.4515394e-06,2.3450279e-05,0.00040683104,1.8460338e-05
ISIC_0028826,HAM_0000865,bkl,3,1.7918809e-06,1.318869e-05,0.9982256,6.1934993e-06,9.897183e-06,0.0017375286,5.795571e-06
ISIC_0030067,HAM_0001589,bkl,3,7.364914e-05,0.0013157012,0.26482183,0.0020698886,0.00033396334,0.7311965,0.00018843736
ISIC_0027167,HAM_0003859,bkl,3,0.00038547002,5.5046283e-05,0.9954087,7.278218e-05,0.00012624855,0.003893109,5.8596466e-05
ISIC_0027954,HAM_0002034,bkl,3,9.9793164e-05,0.0019985356,0.5261871,0.00074606924,0.0043080314,0.46617594,0.00048452924
ISIC_0031088,HAM_0001430,bkl,3,0.0012888332,0.009732453,0.8724588,0.0005866235,0.0024220075,0.10771821,0.005793097
ISIC_0025392,HAM_0002161,bkl,3,4.7453334e-05,0.00083744223,0.9799861,5.986958e-05,0.0003322992,0.018410644,0.00032619035
ISIC_0031223,HAM_0002456,bkl,3,2.271253e-05,4.499316e-05,0.99881315,4.001774e-05,0.000100506404,0.0009287636,4.9851547e-05
ISIC_0026262,HAM_0000974,bkl,3,0.00061560416,6.668286e-05,0.96513766,0.00025512275,0.00562517,0.02819283,0.00010697597
ISIC_0029048,HAM_0000452,bkl,3,0.0007289046,0.0042961244,0.96985537,0.0010319435,0.00058798364,0.02008943,0.00341015
ISIC_0027027,HAM_0007604,bkl,3,6.912794e-05,1.1055757e-05,0.9975998,1.2725098e-05,0.0006506047,0.0015918908,6.4812986e-05
ISIC_0029880,HAM_0002366,bkl,3,0.0019075539,0.00050005084,0.99297404,0.0005909326,0.0008309107,0.0021275105,0.0010689963
ISIC_0025484,HAM_0000215,bkl,3,0.00038340667,0.0007361545,0.9958988,0.00013524717,0.00031109925,0.0024002418,0.00013498329
ISIC_0029248,HAM_0004756,df,3,0.011483325,0.049735364,0.026221495,0.9029273,0.0036684994,0.005577429,0.000386657
ISIC_0030442,HAM_0004756,df,3,0.000883893,0.0005618366,0.009915124,0.98073226,0.0016020873,0.0060847155,0.00022001837
ISIC_0030321,HAM_0003555,df,3,0.067810856,0.040284645,0.044071537,0.33565626,0.04012759,0.46510327,0.0069459444
ISIC_0027727,HAM_0004036,df,3,0.00016180216,1.8062576e-06,0.00022464003,0.9984041,0.001155956,5.096305e-05,7.6781106e-07
ISIC_0027107,HAM_0004036,df,3,0.06068496,0.00025587808,0.22857575,0.7040629,0.0013225001,0.0050622397,3.5798435e-05
ISIC_0027648,HAM_0004036,df,3,0.028914385,0.00029490262,0.082570754,0.88081104,0.002063085,0.0052605607,8.532016e-05
ISIC_0025954,HAM_0002706,df,3,0.9016996,0.006410853,0.025538689,0.006010688,0.009327737,0.050548527,0.0004639474
ISIC_0029783,HAM_0002706,df,3,0.9741029,0.005121616,0.003345743,0.012820848,0.001094723,0.003385182,0.00012897063
ISIC_0029578,HAM_0002895,df,3,0.0015577385,4.8296424e-05,0.0023868938,0.030118788,0.45932522,0.5064445,0.00011860457
ISIC_0031372,HAM_0007418,df,3,0.00016031881,0.0011381112,0.00090649567,0.99409324,0.0030604652,0.0004904525,0.00015090001
ISIC_0026313,HAM_0007418,df,3,1.966738e-05,1.715419e-05,2.1432294e-05,0.99938846,0.0003206869,0.00021529899,1.7254999e-05
ISIC_0024318,HAM_0002450,df,3,2.657494e-07,9.95123e-07,1.2602246e-07,0.999913,8.252323e-05,2.8072925e-06,2.851075e-07
ISIC_0024396,HAM_0002450,df,3,1.8357627e-05,1.8037752e-05,1.3536064e-05,0.99883205,0.0009925519,0.00011300453,1.2397153e-05
ISIC_0027745,HAM_0000902,df,3,1.4307236e-08,1.5777282e-07,8.44371e-09,0.99999964,1.2702186e-07,2.8231911e-08,2.7093345e-09
ISIC_0026254,HAM_0006816,df,3,0.0021559577,0.21841548,0.63883185,0.11265046,0.0035131616,0.009438505,0.014994571
ISIC_0027598,HAM_0002848,df,3,1.1840364e-05,1.0696877e-05,0.00039440318,0.9958561,0.00028560788,0.0034271455,1.4115811e-05
ISIC_0030870,HAM_0006707,df,3,2.045111e-09,8.008769e-10,8.121441e-08,0.9999987,1.1829937e-06,1.3309777e-08,3.3255362e-10
ISIC_0025964,HAM_0000871,mel,3,0.00060713786,0.00078569487,0.007760885,0.000108006716,0.8924491,0.06962949,0.028659726
ISIC_0030623,HAM_0000871,mel,3,0.00028855578,0.00010089768,0.0023577763,0.00011727219,0.96523094,0.027758421,0.0041461163
ISIC_0031177,HAM_0005191,mel,3,0.0005777894,0.00015703599,0.002544352,0.008002467,0.74367964,0.244761,0.00027776835
ISIC_0026120,HAM_0007310,mel,3,1.7770668e-05,3.8132682e-06,2.9298873e-05,5.982456e-05,0.99953866,0.00034798466,2.69347e-06
ISIC_0028412,HAM_0007310,mel,3,2.0971924e-05,4.227548e-06,8.266254e-05,1.9817075e-05,0.99915874,0.00071235414,1.162539e-06
ISIC_0025450,HAM_0003832,mel,3,2.7171725e-05,0.010710539,0.00025084446,0.004723853,0.060783125,0.9197566,0.003747839
ISIC_0024586,HAM_0003832,mel,3,0.000100886275,0.003951943,0.0074811834,0.008260723,0.5196282,0.4585703,0.0020066628
ISIC_0030486,HAM_0001150,mel,3,0.00035673368,6.9698384e-05,0.001746499,6.114926e-05,0.9912054,0.006549512,1.1027885e-05
ISIC_0025277,HAM_0002720,mel,3,0.001969371,0.00017267092,0.9229883,0.00040383116,0.032111626,0.04233378,2.0502117e-05
ISIC_0024729,HAM_0002011,mel,3,1.3383585e-05,1.9508159e-06,4.57204e-05,3.273878e-05,0.7324755,0.26736572,6.4981796e-05
ISIC_0031711,HAM_0002011,mel,3,7.022318e-06,8.858399e-07,4.9031005e-05,5.9606544e-05,0.6287174,0.37105048,0.00011545699
ISIC_0032308,HAM_0003802,mel,3,1.4855286e-06,3.8450762e-07,0.00095209165,4.1090817e-07,0.9982305,0.00081436714,8.0451906e-07
ISIC_0026596,HAM_0004979,mel,3,0.005491589,0.0027371815,0.71925634,0.00094872,0.05035199,0.22064988,0.000564298
ISIC_0028056,HAM_0004979,mel,3,0.040333275,0.0007952548,0.15007599,0.00046750615,0.6208339,0.18713772,0.00035635525
ISIC_0024792,HAM_0001847,mel,3,0.0013501543,0.00012781096,0.28093112,0.0011707456,0.32908386,0.38699895,0.00033739535
ISIC_0030898,HAM_0001847,mel,3,0.000355886,7.459776e-05,0.55686563,0.00010116957,0.38723925,0.05524496,0.000118510456
ISIC_0029547,HAM_0007165,mel,3,0.00038894304,7.481328e-05,0.004817616,0.0012186791,0.9801532,0.0133278705,1.8842014e-05
ISIC_0026622,HAM_0007165,mel,3,6.0126444e-05,6.424518e-06,0.0009218939,4.313861e-05,0.9977386,0.0012266899,3.1556174e-06
ISIC_0028442,HAM_0001328,mel,3,0.0044722706,0.0015053554,0.1666774,0.0026445624,0.79207337,0.032438353,0.00018878568
ISIC_0029370,HAM_0006433,mel,3,4.457551e-05,7.0185156e-06,0.0006351892,2.2041647e-06,0.99827707,0.0010284998,5.391803e-06
ISIC_0031958,HAM_0006433,mel,3,2.3803319e-05,6.3433697e-07,0.0003130883,4.950619e-06,0.9988464,0.00080616307,4.8929423e-06
ISIC_0027487,HAM_0004483,mel,3,0.00038098422,0.002658797,0.000970979,0.0047155796,0.93602604,0.05501792,0.0002297286
ISIC_0029212,HAM_0002955,mel,3,9.1213675e-05,1.0521151e-06,0.0027142505,6.0182333e-07,0.9970151,0.00017758769,2.5783189e-07
ISIC_0025363,HAM_0001796,mel,3,0.005779446,0.055115707,0.0705285,0.37435564,0.47927597,0.013164844,0.0017799289
ISIC_0029473,HAM_0001796,mel,3,0.038714882,0.002838941,0.32813695,0.105908096,0.5072368,0.016740737,0.00042362246
ISIC_0027238,HAM_0006152,mel,3,7.453828e-05,1.010738e-05,0.0031172647,4.1730596e-05,0.84348476,0.15301113,0.00026041834
ISIC_0029571,HAM_0006152,mel,3,1.5215267e-05,1.8243167e-06,0.00084959547,1.9728512e-05,0.93991935,0.05915547,3.8777733e-05
ISIC_0025783,HAM_0000417,mel,3,0.015146599,0.0012097723,0.0024247894,0.011388679,0.31388476,0.6541921,0.0017533461
ISIC_0024400,HAM_0006751,mel,3,1.5929916e-05,6.4994297e-06,0.9707041,1.5170773e-05,0.02397112,0.0052760504,1.1099173e-05
ISIC_0029884,HAM_0006635,mel,3,0.0052161403,9.8665914e-05,0.0037042191,5.844889e-06,0.98917854,0.00178426,1.2373631e-05
ISIC_0028900,HAM_0006635,mel,3,1.9296493e-05,3.6186289e-06,0.0028084614,6.526945e-06,0.99404,0.0031056493,1.6408738e-05
ISIC_0027659,HAM_0005642,mel,3,0.00021878474,1.7440436e-05,0.045434445,0.00012011853,0.9251376,0.028992925,7.877564e-05
ISIC_0030223,HAM_0005642,mel,3,0.00016524004,2.692206e-05,0.015772022,0.00030750548,0.95877796,0.024861386,8.896638e-05
ISIC_0033496,HAM_0001734,mel,3,0.00038212832,2.4620242e-05,0.018411975,0.029393533,0.73546374,0.21613255,0.00019139709
ISIC_0032927,HAM_0001734,mel,3,0.00012254041,1.2493865e-05,0.0024219486,0.00058517884,0.6811159,0.31551343,0.00022848893
ISIC_0024865,HAM_0001734,mel,3,0.00034766545,3.35555e-06,0.0013306247,0.0005885182,0.988917,0.008801576,1.1307423e-05
ISIC_0026086,HAM_0005403,mel,3,3.2007583e-06,7.1558196e-07,0.0014071551,2.1363333e-06,0.9982693,0.000314439,3.0363417e-06
ISIC_0033333,HAM_0006445,mel,3,0.0001251131,8.565366e-05,0.0002695614,0.0001125896,0.9673766,0.031340163,0.0006903688
ISIC_0033717,HAM_0006445,mel,3,0.00019682902,0.00029721172,0.0076801768,0.0008466774,0.81779474,0.1731013,8.301773e-05
ISIC_0034120,HAM_0006445,mel,3,0.000114623515,5.808837e-05,0.0018756245,0.00016451161,0.905518,0.09214384,0.00012539851
ISIC_0033834,HAM_0001412,mel,3,9.6038144e-05,6.730417e-07,5.2869236e-05,2.285782e-06,0.9994791,0.00036860147,4.9821216e-07
ISIC_0033678,HAM_0001412,mel,3,3.088596e-06,6.613658e-08,1.5897222e-05,4.4495442e-07,0.9997061,0.00027425127,1.0323774e-07
ISIC_0026188,HAM_0001409,mel,3,0.00070432154,9.606715e-05,0.0048556537,0.0001596302,0.98020416,0.013968214,1.1837796e-05
ISIC_0032017,HAM_0007368,mel,3,0.00055575586,0.00030631866,0.010364175,1.0563857e-05,0.98732144,0.0014221204,1.965894e-05
ISIC_0032733,HAM_0000321,mel,3,0.003178263,0.0947144,0.86251324,0.0003159223,0.036622792,0.0024704041,0.0001849971
ISIC_0033183,HAM_0000321,mel,3,0.0013377055,0.0363148,0.15371442,0.0001747847,0.797579,0.008323484,0.0025559317
ISIC_0032564,HAM_0000321,mel,3,0.0018662381,0.011426514,0.0146076,2.2047592e-05,0.96957165,0.0010468647,0.0014591162
ISIC_0033820,HAM_0002086,mel,3,0.044358574,0.19836499,0.28165832,0.0005512133,0.14871366,0.32609183,0.0002613938
ISIC_0033814,HAM_0002086,mel,3,0.0023781057,0.43074793,0.4594252,0.00028181393,0.022739802,0.08432376,0.00010326937
ISIC_0032685,HAM_0005608,mel,3,0.01581288,0.00015509973,0.021943294,0.0018171157,0.6674741,0.29273912,5.8411093e-05
ISIC_0032903,HAM_0005608,mel,3,0.012869761,5.978828e-05,0.023792787,0.00037787354,0.6994133,0.26340148,8.497627e-05
ISIC_0033323,HAM_0005608,mel,3,0.010278615,6.3961204e-05,0.01595558,0.0013622195,0.56700337,0.40521905,0.00011718402
ISIC_0032840,HAM_0003679,mel,3,0.0005667735,0.062144984,0.0013945824,0.007335688,0.9239785,0.003949586,0.0006298165
ISIC_0034313,HAM_0003679,mel,3,0.001011257,0.041191228,0.0007693237,0.012220776,0.9411773,0.0035227463,0.00010742166
ISIC_0033570,HAM_0003679,mel,3,0.00036667899,0.02448115,0.00034513645,0.008031742,0.9627352,0.003870644,0.00016952533
ISIC_0030564,HAM_0005613,mel,3,0.0015839542,4.1394513e-05,0.1896311,0.000119079225,0.7890754,0.019202521,0.00034659205
ISIC_0026976,HAM_0000358,mel,3,0.0036253745,8.8570494e-05,0.19620669,0.0013143065,0.52919453,0.26923236,0.00033820173
ISIC_0032603,HAM_0000064,mel,3,0.00017923527,2.1743706e-05,0.00016351462,0.00012127665,0.03572554,0.96370745,8.126243e-05
ISIC_0033871,HAM_0000064,mel,3,0.0010019451,9.9012424e-05,0.000738788,0.00050726545,0.26979068,0.72765994,0.00020236826
ISIC_0032955,HAM_0000064,mel,3,0.003043508,9.7451986e-05,0.057202894,0.0008909162,0.21928109,0.71899503,0.0004891362
ISIC_0034132,HAM_0003466,mel,3,4.3727337e-06,1.9143265e-05,9.043988e-05,0.002855019,0.98422235,0.012807808,8.6779556e-07
ISIC_0033038,HAM_0003466,mel,3,4.892142e-05,1.5333793e-05,0.00047865353,0.0009146112,0.98497504,0.013564553,2.8587133e-06
ISIC_0033470,HAM_0003421,mel,3,3.139973e-06,4.5501432e-07,2.4794468e-05,1.9614035e-05,0.9986265,0.001324958,6.24365e-07
ISIC_0034094,HAM_0003421,mel,3,5.4688553e-06,2.0118794e-06,5.0784183e-05,0.00042695313,0.98908746,0.010423349,3.9855013e-06
ISIC_0033560,HAM_0003421,mel,3,3.0448955e-06,3.080328e-07,3.14202e-05,2.1259968e-05,0.9991283,0.0008150996,4.696939e-07
ISIC_0024482,HAM_0007054,mel,3,0.00014092533,4.496308e-07,0.00011180819,2.6699796e-05,0.9945509,0.0051682065,9.082792e-07
ISIC_0032965,HAM_0005483,mel,3,0.0002376456,7.991286e-05,0.0043593673,0.00087865966,0.74531466,0.24770634,0.0014234226
ISIC_0034242,HAM_0005483,mel,3,9.32553e-05,2.5395186e-05,0.00036811217,0.00039919195,0.8903798,0.10843808,0.00029607542
ISIC_0033117,HAM_0005483,mel,3,0.00010099348,1.9655108e-05,0.00048181298,0.0003436643,0.85428894,0.14444889,0.00031598064
ISIC_0033042,HAM_0002149,mel,3,0.015600517,6.155328e-05,0.14123555,0.0002350379,0.70338035,0.13931772,0.00016929145
ISIC_0032958,HAM_0006824,mel,3,0.0002881905,1.0888886e-05,0.004871993,1.7639919e-05,0.9941245,0.00068530435,1.5748326e-06
ISIC_0033538,HAM_0006824,mel,3,6.3350376e-06,2.0443647e-07,0.00011680717,2.138934e-05,0.99933535,0.0005197367,2.2540831e-07
ISIC_0032836,HAM_0003073,mel,3,7.7135286e-05,5.3422077e-06,0.012210043,0.00023208956,0.9624154,0.025004495,5.555846e-05
ISIC_0033444,HAM_0003073,mel,3,0.0011271482,1.0831153e-05,0.0017007471,0.00015366428,0.11402183,0.8829468,3.900448e-05
ISIC_0034183,HAM_0003073,mel,3,0.00028345306,1.8085191e-05,0.039135326,0.00067599595,0.7860541,0.17334901,0.00048405703
ISIC_0033081,HAM_0007583,mel,3,0.0017174635,0.00046405825,0.13484553,0.0004159791,0.23945092,0.6223027,0.0008033883
ISIC_0030031,HAM_0007102,mel,3,0.0064142775,0.0049228016,0.19798943,0.00018773504,0.78001064,0.009617224,0.00085796457
ISIC_0028655,HAM_0007102,mel,3,0.016423503,0.0012964775,0.122305974,8.385801e-05,0.83580965,0.023814522,0.0002659802
ISIC_0030391,HAM_0000337,mel,3,0.0008910969,4.731873e-05,0.003578983,0.00066544826,0.3673012,0.6272458,0.00027018142
ISIC_0032462,HAM_0001274,mel,3,0.00038832924,6.426566e-05,0.0059978613,0.00020146256,0.59704286,0.3961657,0.00013954904
ISIC_0034239,HAM_0004578,mel,3,1.2866339e-05,3.1591962e-06,0.00025591592,2.2493094e-05,0.991097,0.008524573,8.398104e-05
ISIC_0034287,HAM_0004578,mel,3,1.353564e-06,5.642494e-07,6.2873194e-05,2.7236144e-06,0.9989498,0.0009772793,5.5018522e-06
ISIC_0032624,HAM_0004129,mel,3,7.09663e-06,9.8719565e-06,0.0003113351,1.8407256e-05,0.9917995,0.007843437,1.0325535e-05
ISIC_0033977,HAM_0004129,mel,3,0.0001370763,0.0012550029,0.0016626087,9.4764706e-05,0.98598564,0.010762454,0.00010246508
ISIC_0034002,HAM_0004129,mel,3,7.0754264e-05,0.0016357192,0.0012131914,0.00017752912,0.9714612,0.025288856,0.00015274105
ISIC_0034205,HAM_0007583,mel,3,0.015034021,0.00062937743,0.3403398,0.0015884475,0.22938764,0.41213495,0.00088583265
ISIC_0033612,HAM_0007583,mel,3,0.0024621147,0.0011987676,0.021103906,0.00012671987,0.05804257,0.91684866,0.00021724841
ISIC_0034049,HAM_0007589,mel,3,6.1190054e-05,2.457858e-05,0.07708443,0.00013339058,0.86174875,0.060622547,0.00032502646
ISIC_0033198,HAM_0004754,mel,3,0.02351363,0.00031500592,0.46666768,0.00229151,0.42823833,0.078907296,6.65467e-05
ISIC_0032790,HAM_0004754,mel,3,0.0019007567,9.705218e-06,0.121091805,0.15518159,0.5776967,0.14408122,3.8235234e-05
ISIC_0033245,HAM_0004754,mel,3,0.0024517074,3.7666032e-05,0.25155056,0.0014639813,0.64613175,0.098316394,4.798777e-05
ISIC_0030883,HAM_0004326,mel,3,0.004466981,9.626123e-05,0.030185368,0.00037775774,0.90130305,0.0632814,0.00028907176
ISIC_0033670,HAM_0003225,mel,3,0.0004492292,0.00023672715,0.035547566,0.0018242066,0.35971957,0.6012415,0.0009812068
ISIC_0029740,HAM_0003225,mel,3,0.00047376333,0.00013441636,0.040933013,0.0012629135,0.34541598,0.6109786,0.0008011903
ISIC_0033593,HAM_0003225,mel,3,5.670091e-05,1.26516825e-05,0.18383145,0.00022867948,0.4118503,0.4038844,0.000135753
ISIC_0033392,HAM_0003174,mel,3,1.5256161e-05,4.598659e-06,0.00841258,1.0755037e-05,0.98767453,0.0038741939,8.086678e-06
ISIC_0032873,HAM_0003174,mel,3,7.5559015e-05,9.834055e-06,0.05498181,8.9890555e-06,0.94090873,0.004010189,4.849231e-06
ISIC_0033520,HAM_0006462,mel,3,8.286394e-05,3.7784332e-06,0.0872196,5.32924e-05,0.8504562,0.062090028,9.426466e-05
ISIC_0034028,HAM_0006462,mel,3,4.363939e-05,2.8727136e-06,0.03698056,3.6533358e-05,0.9371227,0.025766218,4.737011e-05
ISIC_0033498,HAM_0002051,mel,3,0.021486187,0.00016773448,0.0043259296,0.0003544011,0.47804517,0.49321994,0.0024006988
ISIC_0031784,HAM_0002051,mel,3,0.00024539075,8.098826e-06,0.00051797257,4.570409e-05,0.08231278,0.9166104,0.00025969103
ISIC_0028225,HAM_0001349,mel,3,0.00047876147,0.00014962268,0.0012047824,0.00041231536,0.7706516,0.22691604,0.00018693724
ISIC_0032960,HAM_0000169,mel,3,0.009667958,0.000102283084,0.003736441,1.4337817e-05,0.9842344,0.0022292251,1.5262525e-05
ISIC_0033708,HAM_0000169,mel,3,0.014856762,0.0008553186,0.29920852,7.201429e-05,0.6664212,0.018466983,0.00011919621
ISIC_0033037,HAM_0004109,mel,3,3.990572e-05,1.8521674e-05,0.008352112,2.8519335e-05,0.9805753,0.010978645,7.126808e-06
ISIC_0033773,HAM_0004109,mel,3,3.6067948e-05,7.428519e-06,0.008323274,1.9918614e-05,0.97148055,0.020123094,9.764604e-06
ISIC_0030150,HAM_0005124,mel,3,0.003305389,9.534797e-05,0.011238093,4.7292953e-05,0.97858334,0.0066746245,5.5942815e-05
ISIC_0026081,HAM_0000337,mel,3,0.0007189982,7.188908e-05,0.012995911,0.00032471144,0.8575572,0.12796336,0.00036794628
ISIC_0033023,HAM_0004011,mel,3,5.3148847e-06,3.7761858e-06,0.00012627727,1.4674867e-05,0.99758184,0.0022647027,3.3065387e-06
ISIC_0033258,HAM_0004011,mel,3,5.559422e-06,1.24308535e-05,0.00018164722,2.2774702e-05,0.9976426,0.0021317806,3.1925074e-06
ISIC_0027282,HAM_0006017,mel,3,0.0017997845,0.0049355095,0.07288179,0.0027577763,0.119576454,0.7974482,0.0006005019
ISIC_0032424,HAM_0001819,mel,3,0.003981594,0.0015470807,0.6592199,0.00028119457,0.24204029,0.04789384,0.04503606
ISIC_0028584,HAM_0001819,mel,3,0.00020386768,4.149921e-05,0.001737658,2.3007738e-05,0.9806656,0.008401968,0.008926397
ISIC_0031554,HAM_0000433,mel,3,0.0057148756,0.0036325958,0.02028574,0.010388805,0.4006437,0.54335344,0.015980877
ISIC_0025472,HAM_0000433,mel,3,0.0016293315,0.0011067757,0.016684227,0.003125321,0.5589502,0.41375712,0.004746966
ISIC_0028465,HAM_0002491,mel,3,0.00031643966,7.143953e-05,0.012299193,0.0009067502,0.3752162,0.60903597,0.002154042
ISIC_0026770,HAM_0002491,mel,3,0.00012359316,3.0824915e-05,0.0046253605,0.0006967923,0.8157939,0.17815918,0.00057037384
ISIC_0028463,HAM_0002186,mel,3,0.016516827,0.00038372565,0.2369748,0.015395376,0.16382737,0.56625676,0.0006451347
ISIC_0024552,HAM_0000653,mel,3,0.0066792388,0.00039144506,0.039501857,0.0056630634,0.37368685,0.5720345,0.0020430293
ISIC_0029819,HAM_0007586,mel,3,0.012992768,0.036617476,0.028559525,0.07476251,0.54709756,0.22562742,0.07434274
ISIC_0025524,HAM_0004642,mel,3,1.3063558e-05,1.6226139e-05,8.56857e-05,1.9341546e-06,0.061025392,0.0027234922,0.9361341
ISIC_0025963,HAM_0004642,mel,3,1.8935374e-05,8.7214925e-05,0.0005971711,4.1921735e-06,0.21054149,0.009544192,0.7792068
ISIC_0025121,HAM_0004642,mel,3,1.2156797e-05,5.1082163e-05,0.0003694262,4.368637e-06,0.16888122,0.0026599753,0.82802176
ISIC_0026506,HAM_0000871,mel,3,0.0018468869,0.0005834233,0.0075034057,0.0013805554,0.60931146,0.18801999,0.19135426
ISIC_0032245,HAM_0004979,mel,3,0.002166728,0.004046005,0.011119679,0.0013453522,0.05038546,0.93049645,0.00044019753
ISIC_0031386,HAM_0000417,mel,3,0.002944578,0.0002218016,0.08291832,0.34503207,0.1030928,0.4651991,0.0005912577
ISIC_0031543,HAM_0007188,mel,3,0.0011086556,0.0013610088,0.07607075,0.0004929247,0.86380863,0.056696836,0.00046125465
ISIC_0028537,HAM_0000856,mel,3,0.021602826,8.9065186e-05,0.004367503,0.8603975,0.0917542,0.02167679,0.00011215
ISIC_0027171,HAM_0002696,mel,3,0.0023103054,0.000667105,0.010655557,0.0011020205,0.44807377,0.5362741,0.0009171829
ISIC_0026207,HAM_0002696,mel,3,0.0017028556,0.00033172945,0.0028980696,0.000505827,0.43624544,0.5579664,0.00034969245
ISIC_0030360,HAM_0000220,mel,3,0.21788222,0.0007454406,0.7501572,0.00029767634,0.014082613,0.016629875,0.00020498974
ISIC_0024516,HAM_0002523,mel,3,0.0022070361,3.8944872e-06,0.0051365267,0.000398414,0.94411147,0.048119225,2.33952e-05
ISIC_0028418,HAM_0007114,mel,3,0.00025767687,1.0470705e-05,0.015664123,0.00010868188,0.9634433,0.020270882,0.00024491842
ISIC_0025268,HAM_0003749,mel,3,7.152359e-05,3.949908e-05,0.002111769,7.208456e-05,0.99554235,0.0020648653,9.795228e-05
ISIC_0025800,HAM_0004021,mel,3,0.03749395,2.8229836e-06,0.00017397091,0.0003113505,0.96133244,0.00068438245,1.15855e-06
ISIC_0032425,HAM_0001349,mel,3,0.00090604543,0.0018392208,0.007131821,0.00059303973,0.8632542,0.12607552,0.0002002014
ISIC_0024351,HAM_0001349,mel,3,0.002088112,0.0012864486,0.005645672,0.0006693589,0.5898186,0.3998715,0.000620266
ISIC_0027702,HAM_0006004,mel,3,0.0018430616,0.00016278423,0.05307891,0.0004888398,0.89426166,0.049765732,0.0003989795
ISIC_0029839,HAM_0002113,mel,3,0.00011763691,2.4086832e-05,0.00055793556,0.00014413176,0.5326243,0.46638146,0.0001504599
ISIC_0030843,HAM_0001069,mel,3,0.00031260884,6.826986e-05,0.013795008,0.0005359362,0.19840738,0.7862506,0.0006302551
ISIC_0028898,HAM_0001069,mel,3,0.0014885691,0.00023946854,0.077173606,0.0015722422,0.33785608,0.5803525,0.0013175118
ISIC_0025413,HAM_0007054,mel,3,0.00020316121,3.9647753e-07,8.599238e-05,1.742521e-06,0.9976376,0.0020702218,9.774656e-07
ISIC_0028929,HAM_0000588,mel,3,0.0011100145,3.2496173e-05,0.0023401678,3.4863308e-05,0.9783497,0.018094948,3.776992e-05
ISIC_0026746,HAM_0000588,mel,3,0.0003461911,1.4219413e-05,0.0033493526,0.00010143842,0.83490807,0.16122329,5.7460205e-05
ISIC_0026774,HAM_0007242,mel,3,0.0063785436,0.00018769458,0.011050773,0.0014806639,0.20948225,0.77075714,0.00066284084
ISIC_0030047,HAM_0007242,mel,3,0.005723652,0.0003494861,0.06925331,0.0022900903,0.4428538,0.47697234,0.0025572767
ISIC_0031339,HAM_0001744,mel,3,0.887184,0.0052037556,0.0090000685,0.040473606,0.052453518,0.005654142,3.0822026e-05
ISIC_0026229,HAM_0003445,mel,3,0.011315613,4.001515e-06,0.0015555177,5.4489126e-05,0.9853336,0.0017295954,7.133471e-06
ISIC_0032476,HAM_0001744,mel,3,0.38236296,0.0006629528,0.43158484,0.011389575,0.16671608,0.0072467276,3.689337e-05
ISIC_0029353,HAM_0001744,mel,3,0.33486953,0.024422769,0.021880407,0.60874367,0.00635281,0.0036911147,3.966545e-05
ISIC_0030950,HAM_0006160,mel,3,8.8416375e-05,4.4112567e-05,0.0025105288,0.00065587054,0.99468577,0.001976318,3.900531e-05
ISIC_0029885,HAM_0000856,mel,3,0.49528223,0.00021085364,0.0029681544,0.48951203,0.0060932315,0.005836958,9.6535834e-05
ISIC_0028227,HAM_0006877,mel,3,0.0058700065,1.0608897e-05,0.005373486,0.00016757964,0.95354605,0.035005324,2.6985152e-05
ISIC_0024647,HAM_0006764,mel,3,0.0015461075,0.00012062838,0.0708071,0.0001460751,0.92544234,0.0019017447,3.5937348e-05
ISIC_0030183,HAM_0005532,mel,3,0.00011715558,5.2592436e-06,0.05493431,0.0001495519,0.9147384,0.030042782,1.2518089e-05
ISIC_0026738,HAM_0006137,mel,3,0.0019270417,5.936651e-05,0.01985538,3.234012e-05,0.977462,0.00060961756,5.4265383e-05
ISIC_0026131,HAM_0006171,mel,3,5.941487e-05,3.332872e-05,0.0026827645,4.338403e-05,0.94262093,0.05454657,1.3518725e-05
ISIC_0025663,HAM_0006171,mel,3,0.00022795844,0.00044371348,0.013776588,0.0002644364,0.8590122,0.12619323,8.191859e-05
ISIC_0031561,HAM_0006744,mel,3,0.022919051,0.00019569164,0.006638956,0.000814294,0.86550754,0.10357223,0.00035228155
ISIC_0032149,HAM_0001964,mel,3,0.004556375,0.0006638214,0.022769323,0.00034505926,0.9475974,0.02363015,0.00043790304
ISIC_0024733,HAM_0001964,mel,3,0.14898771,0.008562726,0.1861439,0.0002967438,0.6008799,0.05459584,0.000533152
ISIC_0027590,HAM_0006764,mel,3,9.348161e-05,2.8454655e-05,0.0036906064,1.3232644e-05,0.9898839,0.006259568,3.0766816e-05
ISIC_0026516,HAM_0003520,mel,3,0.0022560451,0.005214816,0.018411556,0.004049422,0.68300617,0.27703956,0.010022417
ISIC_0025724,HAM_0003520,mel,3,0.0027539786,0.00961233,0.056585442,0.0043326165,0.45065537,0.4225255,0.053534795
ISIC_0029570,HAM_0002130,mel,3,0.009791414,0.00015316968,0.79510844,0.0033135156,0.041002568,0.14910492,0.0015259531
ISIC_0031377,HAM_0000022,mel,3,0.000315965,5.259719e-05,0.01662266,0.00015249256,0.5429922,0.43972847,0.0001356297
ISIC_0031025,HAM_0002911,mel,3,0.0017738473,1.6577635e-05,0.005586582,0.00034153328,0.6821839,0.30989602,0.0002015629
ISIC_0028915,HAM_0006832,mel,3,9.910254e-05,0.018170975,0.0022249355,0.020976027,0.94251895,0.015895508,0.00011451276
ISIC_0029652,HAM_0006832,mel,3,0.0001485008,0.000712621,0.00023684057,0.009680187,0.97828776,0.010878414,5.5707882e-05
ISIC_0031295,HAM_0006832,mel,3,0.00065849745,0.0014609407,0.0005103404,0.0019716783,0.98993087,0.0054346826,3.3009543e-05
ISIC_0028764,HAM_0004746,mel,3,0.015271676,0.00044349773,0.01777611,0.0016413697,0.3614278,0.60291797,0.0005215484
ISIC_0029021,HAM_0004746,mel,3,0.005109188,0.00031905336,0.08294269,0.00085216505,0.23352899,0.6770596,0.00018829589
ISIC_0029272,HAM_0002911,mel,3,0.0021555559,4.743677e-05,0.07027553,0.0009020863,0.26729724,0.6589877,0.00033446183
ISIC_0032389,HAM_0003102,mel,3,0.004885625,0.0001908288,0.056214135,0.00023380834,0.9360494,0.0021807232,0.00024550807
ISIC_0025709,HAM_0003102,mel,3,0.032060117,0.0009023978,0.36405325,0.00010756576,0.59788233,0.0032275205,0.0017668091
ISIC_0031197,HAM_0006889,vasc,3,4.6766727e-05,0.000288446,4.079066e-05,5.9815553e-05,0.0006639774,0.00048743948,0.9984126
ISIC_0031270,HAM_0006889,vasc,3,5.9782196e-06,2.7374372e-05,1.5812157e-05,3.9211973e-05,0.001378226,0.00052850717,0.99800485
ISIC_0029486,HAM_0001920,vasc,3,0.0035765355,0.10076323,0.12077459,0.03826409,0.67231214,0.0625424,0.0017670589
ISIC_0031901,HAM_0001920,vasc,3,0.03928497,0.15439194,0.1192466,0.5812483,0.025438704,0.079902165,0.00048733363
ISIC_0031759,HAM_0003925,vasc,3,0.00033356476,0.00068576855,0.0005969709,7.6193384e-05,0.002124178,0.001840821,0.99434257
ISIC_0029889,HAM_0006324,vasc,3,3.7300404e-05,9.543613e-05,9.035712e-05,1.0058895e-05,0.00082323566,0.00013677272,0.99880683
ISIC_0026456,HAM_0006203,vasc,3,3.0401857e-06,0.00017459001,1.7944958e-05,3.972902e-06,0.00019651561,7.069699e-05,0.9995332
ISIC_0033450,HAM_0005878,vasc,3,4.309564e-05,0.00046695562,0.00013695763,2.8097691e-05,0.008589911,0.009443388,0.98129153
ISIC_0033254,HAM_0005878,vasc,3,0.00016382152,0.001312688,0.00021200078,0.00039222054,0.04242182,0.017857585,0.93763983
ISIC_0026876,HAM_0002610,vasc,3,1.0427666e-06,8.808052e-06,2.268732e-06,7.438886e-06,0.0001457392,3.0355299e-05,0.9998043
ISIC_0030606,HAM_0002610,vasc,3,2.1560622e-06,1.2025549e-05,1.963117e-06,6.772124e-06,0.00018792762,0.00014123319,0.999648
ISIC_0026393,HAM_0005011,vasc,3,1.4752678e-05,0.00013110455,4.799574e-05,4.799574e-05,0.000262521,0.00053407485,0.99896157
ISIC_0029877,HAM_0006193,vasc,3,7.429656e-05,0.0008097589,0.0011713089,0.214242,0.015982993,0.7361849,0.031534765
ISIC_0031215,HAM_0005885,vasc,3,9.163953e-06,5.987331e-05,0.00011055488,3.3259494e-05,0.00022907002,0.00018129779,0.9993767
ISIC_0025606,HAM_0005376,vasc,3,3.6908802e-06,2.6329995e-05,1.644474e-05,5.423709e-05,6.96418e-05,0.0016611076,0.9981686
ISIC_0029099,HAM_0000286,vasc,3,2.4448527e-05,0.00058016815,3.1638745e-05,2.2260638e-05,0.00036124742,0.0007317916,0.99824846
ISIC_0031955,HAM_0001091,vasc,3,0.0004369143,0.0030180134,0.01732512,0.0021632053,0.0011443907,0.028606167,0.94730616
ISIC_0028885,HAM_0005427,vasc,3,1.3729871e-05,0.000102546466,4.708694e-05,4.7225094e-05,0.00023915642,0.00017426716,0.999376
ISIC_0032384,HAM_0007009,bcc,3,9.413366e-05,0.999713,5.7486588e-05,9.0704445e-05,1.712628e-05,2.0497475e-05,7.056121e-06
ISIC_0027146,HAM_0007009,bcc,3,0.00080899306,0.99455243,0.00010684468,0.0009820458,0.0009911989,0.0024979648,6.0640927e-05
ISIC_0026574,HAM_0005660,bcc,3,0.0011489248,0.9482772,0.029660115,0.00026945097,0.019971283,0.00065784197,1.5231102e-05
ISIC_0030261,HAM_0004871,bcc,3,0.00045863746,0.36510766,0.00054358266,0.567703,0.062645815,0.0034930601,4.8245707e-05
ISIC_0032139,HAM_0003738,bcc,3,0.0008420311,0.20363781,0.084228255,0.0018572137,0.09460794,0.6139163,0.00091045274
ISIC_0031243,HAM_0003738,bcc,3,0.00029764505,0.059559416,0.12633379,0.0021950244,0.3764271,0.43326494,0.0019220276
ISIC_0027545,HAM_0000994,bcc,3,0.000577931,0.98353416,0.00163356,0.00031729921,0.0013918107,0.012405073,0.00014025174
ISIC_0027609,HAM_0000994,bcc,3,0.0014342286,0.3685054,0.00054543605,0.0017266342,0.062370233,0.5630021,0.0024159958
ISIC_0031824,HAM_0001326,bcc,3,0.0008677609,0.40848613,0.19257869,0.0027043994,0.0958,0.29885483,0.00070824596
ISIC_0030145,HAM_0001326,bcc,3,0.000766556,0.9178583,0.07203277,0.0007314528,0.0026008338,0.005856778,0.00015332083
ISIC_0027478,HAM_0003593,bcc,3,0.00023858249,0.99612623,0.0005593447,0.00017370048,0.0020680951,0.0007803744,5.360011e-05
ISIC_0024795,HAM_0004420,bcc,3,0.054138675,0.87888867,0.0026278296,0.012862203,0.048104934,0.003299257,7.8429075e-05
ISIC_0033354,HAM_0003887,bcc,3,0.00014646733,0.99941707,0.00015523,2.4765677e-05,0.00023359746,2.0292267e-05,2.6721843e-06
ISIC_0032857,HAM_0003887,bcc,3,1.8795952e-05,0.99899083,0.00025940678,2.8772578e-05,0.00038466748,0.00030476172,1.2668394e-05
ISIC_0032906,HAM_0003887,bcc,3,0.000100031226,0.9950622,0.0002998069,0.00025870223,0.003296444,0.000953017,2.980109e-05
ISIC_0025644,HAM_0004536,bcc,3,7.59243e-06,0.9987513,0.00028298015,8.998641e-06,0.00038422333,0.0005532035,1.1759385e-05
ISIC_0030314,HAM_0004536,bcc,3,0.00017198737,0.9989033,0.0002636618,2.267026e-05,0.00032186433,0.00028858773,2.7884897e-05
ISIC_0033203,HAM_0000879,bcc,3,0.0010518144,0.62224203,0.008234873,0.0007414906,0.020992579,0.3456541,0.0010830851
ISIC_0033366,HAM_0000879,bcc,3,0.00022772078,0.027422959,0.02151402,0.00028340306,0.77373105,0.176392,0.0004287752
ISIC_0032816,HAM_0000879,bcc,3,0.0005794869,0.2288126,0.00085475505,0.0010190195,0.015685357,0.75171447,0.0013342538
ISIC_0034155,HAM_0003690,bcc,3,0.00023473591,0.99939597,0.00022502796,1.9938263e-05,9.7661556e-05,2.2948803e-05,3.6666609e-06
ISIC_0033146,HAM_0003690,bcc,3,0.0036314905,0.9855096,0.010611188,2.6302505e-05,0.0001673772,4.9043665e-05,5.1389648e-06
ISIC_0032991,HAM_0004849,bcc,3,9.273472e-05,0.96864086,0.0001829898,0.028295161,0.0009999173,0.001264014,0.0005243528
ISIC_0024515,HAM_0003373,bcc,3,0.002821467,0.008236257,0.28333557,0.0017146518,0.66394174,0.039717354,0.00023296115
ISIC_0031225,HAM_0000352,bcc,3,0.0023638655,0.0037627195,0.027425414,0.00038664485,0.9555158,0.010348698,0.00019670896
ISIC_0031450,HAM_0003373,bcc,3,0.037873827,0.0013951344,0.9261513,0.0042763846,0.020312032,0.009925914,6.5378874e-05
ISIC_0031026,HAM_0001640,bcc,3,0.06824303,0.9166553,0.00698552,0.0001671868,0.007042457,0.0008657906,4.0652052e-05
ISIC_0028818,HAM_0003694,bcc,3,0.3027407,0.53969365,0.0052909707,0.0028045306,0.002479828,0.14625295,0.00073734345
ISIC_0025576,HAM_0006115,bcc,3,0.0003759081,0.9986008,0.0002686494,0.0002699644,0.00011782359,0.0003407674,2.5983707e-05
ISIC_0028570,HAM_0002818,bcc,3,1.32115e-05,0.9960537,0.00027850264,8.9581634e-05,0.0018205045,0.0017202558,2.4204934e-05
ISIC_0031413,HAM_0004521,bcc,3,0.0010667508,0.8795946,0.087603465,0.00040647766,0.023543641,0.0074500516,0.00033501306
ISIC_0026213,HAM_0000953,bcc,3,3.3131473e-05,0.9999144,3.5458204e-05,5.495599e-07,1.2877866e-06,1.4544914e-05,5.988764e-07
ISIC_0026442,HAM_0000953,bcc,3,0.0026341605,0.9919938,0.0049963184,1.4394513e-05,5.3586667e-05,0.00029310153,1.4564192e-05
ISIC_0032439,HAM_0005547,bcc,3,0.00041362352,0.99921036,9.71678e-05,0.00012259196,1.2720772e-05,0.000121519195,2.1979524e-05
ISIC_0026855,HAM_0000457,bcc,3,0.0005642301,0.43619856,0.008634228,0.00019309776,0.00044896573,0.5535648,0.00039621085
ISIC_0024634,HAM_0005933,bcc,3,0.00051511684,0.8091736,0.12753071,0.00032935233,0.030618345,0.03171392,0.00011905076
ISIC_0026056,HAM_0005304,bcc,3,0.010792018,0.41823074,0.20907101,0.0014449352,0.3521856,0.0036113444,0.0046643084
ISIC_0028937,HAM_0003610,bcc,3,0.891956,0.07568802,0.029814035,1.642539e-05,0.0025028756,1.5014021e-05,7.638516e-06
ISIC_0027915,HAM_0000719,bcc,3,0.4970134,0.05683543,0.006135464,0.0063923458,0.42511812,0.00835349,0.00015180887
ISIC_0026337,HAM_0000719,bcc,3,0.0038024958,0.04739927,0.540605,0.012131604,0.35941792,0.029690687,0.006953
ISIC_0026902,HAM_0000719,bcc,3,0.10123949,0.5870191,0.16229452,0.014638441,0.10727013,0.024490848,0.00304748
ISIC_0030197,HAM_0006727,bcc,3,0.12114593,0.21256581,0.33785963,0.017321134,0.3007922,0.009907912,0.00040735406
ISIC_0024582,HAM_0006727,bcc,3,0.0014789873,0.9885512,0.0025830602,0.00033487633,0.005832396,0.0011185808,0.000100941645
ISIC_0029655,HAM_0006727,bcc,3,0.042325094,0.7436653,0.035728425,0.010473997,0.06449868,0.10089017,0.0024183255
ISIC_0024472,HAM_0001654,bcc,3,1.008755e-05,0.9996978,3.4059158e-05,8.937074e-06,3.855641e-05,0.000197872,1.2726978e-05
ISIC_0031175,HAM_0001654,bcc,3,0.000706271,0.99547523,0.0010543015,8.728501e-05,0.002087535,0.00053940556,4.9928145e-05
ISIC_0030755,HAM_0001654,bcc,3,8.347231e-06,0.9997788,2.8293529e-05,6.720302e-06,2.7369519e-05,0.00014770558,2.884726e-06
ISIC_0029856,HAM_0001457,bcc,3,1.1522362e-05,0.9998728,9.441085e-06,8.694056e-05,8.043905e-06,6.2158474e-06,5.083145e-06
ISIC_0024799,HAM_0001573,bcc,3,0.0006939161,0.9971083,0.0012038191,2.0725496e-05,0.0007410179,0.0002109618,2.1258465e-05
ISIC_0031007,HAM_0000153,bcc,3,0.100828275,0.8899392,0.006917798,0.00042764074,0.0014882464,0.000362934,3.5935333e-05
ISIC_0030690,HAM_0004514,bcc,3,0.00017101447,0.9990896,0.00017455782,0.00013594575,0.00012597507,0.00027989762,2.31217e-05
ISIC_0030964,HAM_0007557,bcc,3,0.16494024,0.75231963,0.08197091,0.00026552205,0.00011509529,0.00026500394,0.00012347921
ISIC_0031009,HAM_0001434,bcc,3,0.011597272,0.4072241,0.1739517,0.019046126,0.2941731,0.08999194,0.0040157456
ISIC_0027337,HAM_0003778,bcc,3,0.021523122,0.8372632,0.018529193,0.010534444,0.00015033915,0.11166352,0.000336158
ISIC_0027819,HAM_0004827,bcc,3,0.00036872295,0.43635762,0.02010703,0.0005089304,0.004571623,0.52021563,0.017870469
ISIC_0032314,HAM_0007611,bcc,3,0.00021419984,0.9967168,0.0007403654,0.00027828012,3.4762877e-05,0.0017232933,0.00029220522
ISIC_0025630,HAM_0002017,bcc,3,0.007524219,0.053820603,0.025578694,0.017358191,0.023221536,0.35622013,0.5162766
ISIC_0030096,HAM_0003669,bcc,3,0.00030064705,0.99877995,0.00025042315,9.6167705e-06,5.62038e-06,0.00064677896,6.9946745e-06
ISIC_0028283,HAM_0000655,bcc,3,5.1989733e-05,0.9993055,2.5749356e-05,1.5801872e-05,3.2736632e-06,0.0005964454,1.2043133e-06
ISIC_0027175,HAM_0000655,bcc,3,1.0067252e-05,0.99963665,2.1817781e-05,4.317849e-05,8.729513e-06,0.00027719393,2.443111e-06
ISIC_0027525,HAM_0005721,bcc,3,0.00409923,0.9942713,0.001332776,2.5222442e-05,0.00017731528,8.5995634e-05,8.1248045e-06
ISIC_0024550,HAM_0005721,bcc,3,0.28034103,0.7144791,0.002573042,0.0015192752,0.00046290047,0.0005967024,2.79627e-05
ISIC_0029919,HAM_0005721,bcc,3,0.028195577,0.9690095,0.001031547,0.0003487454,0.00014795682,0.0012273872,3.9281294e-05
ISIC_0029123,HAM_0000451,bcc,3,0.029909417,0.838239,0.07512805,0.004921473,0.024206607,0.027209576,0.0003858562
ISIC_0029372,HAM_0000451,bcc,3,0.058225885,0.63290244,0.19377983,0.0028911212,0.084532216,0.02751739,0.0001511432
ISIC_0030782,HAM_0000451,bcc,3,0.07428491,0.7280565,0.06650733,0.0018402657,0.0540239,0.07439381,0.00089337723
ISIC_0027281,HAM_0006904,bcc,3,0.00045767298,0.95803463,0.02235548,0.00028362114,0.0012392339,0.016596965,0.0010323897
ISIC_0027291,HAM_0006904,bcc,3,0.0001907666,0.9806517,0.011087246,0.000114134644,0.0009879004,0.0067444844,0.00022390168
ISIC_0024436,HAM_0005392,bcc,3,3.3990153e-07,0.99992144,2.862258e-07,1.0388228e-06,4.0285545e-07,7.491907e-05,1.4851418e-06
ISIC_0029745,HAM_0003941,bcc,3,0.0060491767,0.570105,0.09379702,0.00023941185,0.3057518,0.02346149,0.0005960321
ISIC_0028419,HAM_0003941,bcc,3,0.0010566004,0.98145974,0.0065264124,0.00014524716,0.0029698275,0.0078149075,2.7237884e-05
ISIC_0029680,HAM_0001237,bcc,3,0.0035408165,0.9952851,0.00024909034,0.0005278396,0.00010282722,0.00015019829,0.00014416245
ISIC_0032132,HAM_0000352,bcc,3,0.03469439,0.009285581,0.29312855,0.0020820347,0.6290955,0.031060014,0.00065386295
ISIC_0028568,HAM_0001434,bcc,3,0.004288238,0.992485,0.0017491806,0.0003223831,0.0003130753,0.00078707124,5.509941e-05
ISIC_0027759,HAM_0003198,bcc,3,0.0008784242,0.90494525,0.0004917899,0.0018397546,0.0040518884,0.086844966,0.0009479499
ISIC_0031263,HAM_0007289,bcc,3,0.10296611,0.6158319,0.2355767,0.016204335,0.0072046877,0.01969946,0.0025167642
ISIC_0032164,HAM_0000807,bcc,3,1.4396226e-05,0.99989307,4.595261e-05,1.9828678e-06,2.7359287e-05,1.4955096e-05,2.2556776e-06
ISIC_0024931,HAM_0005488,bcc,3,3.878379e-05,0.99874264,0.00018100592,6.926441e-06,3.851957e-05,0.0009742181,1.7930766e-05
ISIC_0028542,HAM_0001573,bcc,3,0.0007948854,0.9848733,0.0016357843,4.4365217e-05,0.0025034242,0.002252288,0.00789588
ISIC_0031325,HAM_0002082,nv,3,0.012222792,0.00029817448,0.0047065574,0.00073943177,0.038938902,0.9424824,0.00061181426
ISIC_0024415,HAM_0005586,nv,3,0.0011193797,0.0022283273,0.010061311,0.0045991,0.0049752416,0.96539783,0.011618729
ISIC_0025218,HAM_0003093,nv,3,0.00020814838,0.00010124548,0.030472485,0.000112947506,0.00034892352,0.9685581,0.00019822903
ISIC_0026211,HAM_0005366,nv,3,0.0012561715,0.00019207656,0.004984124,0.0012080483,0.05883567,0.9330139,0.0005100234
ISIC_0029303,HAM_0001180,nv,3,5.3670075e-05,2.7519276e-05,0.06565903,6.34863e-05,0.0061792317,0.9278896,0.00012749663
ISIC_0029347,HAM_0000256,nv,3,0.001881204,0.0010020313,0.004386764,0.0023071514,0.008083281,0.97734696,0.004992747
ISIC_0030435,HAM_0002877,nv,3,0.00023887816,0.00038925512,0.00048231165,0.000672901,0.00022905484,0.99736065,0.0006269065
ISIC_0024535,HAM_0001287,nv,3,0.0007539658,0.0011318367,0.0017393808,0.0034617065,0.0019206244,0.9886127,0.0023797746
ISIC_0026011,HAM_0004513,nv,3,0.003635978,0.016042689,0.0101179965,0.0030618007,0.06688586,0.8966725,0.003583105
ISIC_0030993,HAM_0006998,nv,3,0.00075814675,0.0010102836,0.003715366,0.0101284245,0.008286786,0.97391576,0.0021852178
ISIC_0030791,HAM_0002265,nv,3,0.0004618658,0.0005213222,0.00061426754,0.0015601848,0.00055929704,0.995555,0.00072803744
ISIC_0027944,HAM_0003414,nv,3,0.0014109433,0.016453814,0.003820389,0.015808035,0.0033322028,0.95511967,0.0040548863
ISIC_0031455,HAM_0000841,nv,3,0.0072879386,0.00043874455,0.2476706,0.0027892464,0.00072478177,0.74085337,0.00023530217
ISIC_0029526,HAM_0001061,nv,3,9.6165975e-05,0.00012299814,0.000104183484,0.0003275568,0.00065613305,0.99861276,8.019289e-05
ISIC_0030820,HAM_0002112,nv,3,0.00011081868,0.011106849,0.00017570963,0.00095826265,0.0032647944,0.9843061,7.736391e-05
ISIC_0032210,HAM_0001227,nv,3,0.00046119167,0.0016754763,0.018314607,0.026909104,0.0005968263,0.9504331,0.0016097169
ISIC_0026255,HAM_0002221,nv,3,6.124273e-05,0.0002720691,7.459779e-05,0.0012925143,0.0009893733,0.996606,0.0007043166
ISIC_0031671,HAM_0004264,nv,3,0.0005683005,0.00077525905,0.00080378365,0.0015516046,0.002641947,0.99298483,0.0006742148
ISIC_0025079,HAM_0005103,nv,3,0.0011297136,0.012954164,0.0017798942,0.00023449957,0.00069125486,0.9781236,0.005086876
ISIC_0030918,HAM_0001103,nv,3,0.0025941734,0.00016152437,0.711607,0.00037998235,0.0026518053,0.28195417,0.0006514413
ISIC_0031652,HAM_0004789,nv,3,0.00051038445,0.0015613846,0.011938312,0.00061865454,0.00034601853,0.9842324,0.0007928182
ISIC_0029149,HAM_0002545,nv,3,0.0006433545,0.0009324257,0.32427657,0.00040814304,0.0002854868,0.6732155,0.00023853315
ISIC_0026339,HAM_0004951,nv,3,0.00010231936,5.8585178e-05,0.00012746293,0.00013176614,0.00030043977,0.9991122,0.00016721991
ISIC_0025053,HAM_0005661,nv,3,0.00017150721,0.0006648795,0.00030814265,0.00041465124,0.0003945055,0.9970878,0.00095846056
ISIC_0030428,HAM_0002508,nv,3,0.00042889707,0.0003597595,0.00018374716,0.001397401,0.0055511696,0.9918337,0.00024533464
ISIC_0026039,HAM_0000797,nv,3,0.0006391871,0.0014738693,0.0009727422,0.0016314246,0.002046265,0.9904358,0.0028006707
ISIC_0027634,HAM_0005725,nv,3,0.004167172,0.004224536,0.05641338,0.0024931966,0.005751745,0.9140293,0.012920684
ISIC_0027268,HAM_0002317,nv,3,0.0044388236,0.010371091,0.5963215,0.09207615,0.0010814253,0.27949026,0.016220694
ISIC_0024861,HAM_0005892,nv,3,0.004308262,0.0036208413,0.01599932,0.1914219,0.24174374,0.5352854,0.007620538
ISIC_0031604,HAM_0004792,nv,3,0.0013432723,0.0005914347,0.008648736,0.0013302182,0.15526114,0.82955533,0.0032698922
ISIC_0025487,HAM_0005690,nv,3,0.00030003567,0.0004789877,0.0007092819,0.0014240703,0.0010264709,0.9958215,0.00023967697
ISIC_0031997,HAM_0003250,nv,3,0.00105945,0.00012877713,0.001088819,0.00038146562,0.019622859,0.97644824,0.0012704745
ISIC_0025636,HAM_0001579,nv,3,0.00056839635,0.00036842056,0.0011437157,0.0023640036,0.045330036,0.9485984,0.0016271361
ISIC_0024407,HAM_0002775,nv,3,0.00057713425,0.00046103116,0.0032268653,0.0032832872,0.0071713584,0.9840985,0.0011818921
ISIC_0025914,HAM_0006962,nv,3,4.4290653e-05,0.0001862886,0.00025338607,0.00022339416,0.00045859895,0.99870145,0.00013261543
ISIC_0025224,HAM_0000572,nv,3,0.0002612762,8.854818e-05,0.0039477856,0.00054030865,0.0006780298,0.99422485,0.00025924292
ISIC_0026098,HAM_0000921,nv,3,0.0005387959,0.00050074386,0.0043120594,0.0011328603,0.0032954926,0.98854095,0.0016791713
ISIC_0025353,HAM_0003148,nv,3,0.001342755,0.00038171196,0.013073699,0.0012382126,0.00866654,0.9732695,0.0020275596
ISIC_0025722,HAM_0001590,nv,3,0.0030447736,0.0017553098,0.02003947,0.0032601918,0.0022494644,0.9650845,0.0045662853
ISIC_0031099,HAM_0004544,nv,3,8.026222e-05,0.00016468737,0.00053500256,0.00040601607,0.0010179867,0.9975259,0.000270201
ISIC_0028136,HAM_0003560,nv,3,0.004038159,0.0023855306,0.015269645,0.040014658,0.035668056,0.8952974,0.007326456
ISIC_0027416,HAM_0006192,nv,3,0.00032836347,0.00065175456,0.009201566,0.0012046277,0.032053955,0.956163,0.0003968563
ISIC_0024746,HAM_0004623,nv,3,0.00074217026,0.010032474,0.011230353,0.0016258049,0.0010819624,0.96651644,0.008770798
ISIC_0031185,HAM_0000329,nv,3,0.001495721,0.001304591,0.0035566506,0.002397168,0.0013900868,0.9842365,0.005619354
ISIC_0024369,HAM_0004657,nv,3,0.001183924,0.00087467756,0.00066932995,0.055668827,0.06610836,0.8750693,0.00042545202
ISIC_0028196,HAM_0002702,nv,3,2.0208878e-05,0.0005766274,0.0014538942,8.968975e-05,0.00051903515,0.99725586,8.475085e-05
ISIC_0027834,HAM_0002138,nv,3,0.00040336742,0.0015806169,0.0025857165,0.0017736679,0.002196077,0.99101853,0.00044214807
ISIC_0025922,HAM_0002473,nv,3,0.0011594159,0.0014785773,0.004767083,0.008380801,0.00059798296,0.98250335,0.0011128237
ISIC_0030903,HAM_0005055,nv,3,0.00092412933,0.0009779833,0.0020724135,0.004483673,0.005771926,0.9755592,0.010210744
ISIC_0024433,HAM_0001675,nv,3,0.0010086189,9.889628e-05,0.0028767972,0.0003264927,0.003872099,0.9914881,0.0003290534
ISIC_0025366,HAM_0002276,bkl,3,0.00031172708,0.00025591935,0.002516819,0.00024135497,0.027679747,0.96815133,0.00084323465
ISIC_0030936,HAM_0002066,nv,3,0.0012064142,0.0005128272,0.009459113,0.00081630074,0.028691411,0.95851654,0.000797391
ISIC_0024692,HAM_0004744,nv,3,0.0012461656,0.0025407863,0.006523266,0.0072010127,0.0008309363,0.9776095,0.0040482874
ISIC_0029729,HAM_0003008,nv,3,0.00938098,0.3780299,0.051615573,0.005339904,0.16972715,0.3817397,0.0041668518
ISIC_0026778,HAM_0002344,nv,3,0.0021931005,0.0010364533,0.0005504561,0.00057631003,0.003207344,0.991368,0.0010683101
ISIC_0031606,HAM_0006270,nv,3,0.00022138885,3.7360867e-05,0.00015186128,0.0016952156,0.01392613,0.98107576,0.0028922516
ISIC_0027763,HAM_0000548,nv,3,0.0011803955,0.00042542853,0.28463313,0.00038135168,0.00040200172,0.71277785,0.00019978418
ISIC_0029822,HAM_0006332,nv,3,0.00017306072,0.00013025093,0.00018013049,0.00043295536,0.001213457,0.9973152,0.000554841
ISIC_0027932,HAM_0005569,nv,3,0.00616737,0.00024340529,0.0023526147,0.0003943149,0.0841563,0.9065343,0.0001517253
ISIC_0026986,HAM_0006044,nv,3,0.0003446928,0.00048467272,0.00088580884,0.0008669808,0.0010427191,0.9949293,0.001445906
ISIC_0029876,HAM_0002286,nv,3,0.00012269724,0.0034523727,0.0017785399,0.004969805,0.0005418946,0.98841757,0.00071719295
ISIC_0028523,HAM_0001523,nv,3,0.00030813206,0.00027325656,0.0014987119,0.0004948037,0.0010549423,0.9960802,0.0002900292
ISIC_0031069,HAM_0003122,nv,3,0.00053947634,0.00048642533,0.0011645969,0.0016576523,0.0018108225,0.9868938,0.007447241
ISIC_0024348,HAM_0002426,nv,3,0.00020049722,0.0005075074,0.25505584,0.00015675854,9.676494e-05,0.74381703,0.00016557
ISIC_0028356,HAM_0000175,nv,3,0.001702422,0.00088666164,0.012026711,0.0046662358,0.0017841229,0.977102,0.0018317909
ISIC_0025175,HAM_0002124,nv,3,0.00067775935,0.0009803728,0.0412814,0.012670287,0.00079548225,0.9432376,0.00035715406
ISIC_0025444,HAM_0000427,nv,3,0.002717828,0.002349788,0.011147442,0.028045198,0.0030527534,0.9461225,0.006564451
ISIC_0028108,HAM_0005037,nv,3,9.3903e-05,3.724276e-05,0.00063118356,4.53642e-05,0.0017392472,0.9972633,0.00018968926
ISIC_0030483,HAM_0006569,nv,3,0.00094313046,0.0006806395,0.0006819702,0.0021577934,0.0010760374,0.99270517,0.0017551304
ISIC_0030289,HAM_0002836,nv,3,0.0011578873,0.0014424219,0.01735062,0.0017314182,0.0039228243,0.97357225,0.0008226703
ISIC_0029618,HAM_0005655,nv,3,0.0025845955,0.004158502,0.05848145,0.0035155157,0.022458708,0.89710987,0.011691316
ISIC_0028466,HAM_0006261,nv,3,0.000511222,0.00080741284,0.0014457083,0.0007445504,0.002184885,0.9935796,0.0007265929
ISIC_0030400,HAM_0001145,nv,3,0.00043516912,0.00019291663,0.0025489454,0.0013312836,0.0069042672,0.9878378,0.0007497052
ISIC_0024985,HAM_0002900,nv,3,0.00092191127,0.00012069248,0.007886702,0.0005531929,0.0023839695,0.9875787,0.000554816
ISIC_0025514,HAM_0006791,nv,3,9.663421e-05,7.3371986e-05,0.00059543503,0.0002766327,0.0048843157,0.99372333,0.00035038017
ISIC_0029703,HAM_0000617,nv,3,0.0004637999,0.00036262145,0.0034136826,0.0003301706,0.0030798672,0.9919441,0.00040572035
ISIC_0027467,HAM_0002531,nv,3,0.0004630774,0.00010464666,0.0007378308,0.00064732926,0.051423736,0.94596845,0.0006549599
ISIC_0031402,HAM_0002505,nv,3,0.00046895994,0.00032074118,0.0033194306,0.00062066456,0.008394089,0.98646635,0.00040983377
ISIC_0027106,HAM_0003576,nv,3,3.1726522e-05,0.0002975059,0.00010463857,0.00038144598,0.001976314,0.99711525,9.306748e-05
ISIC_0031909,HAM_0007266,nv,3,1.6110642e-05,0.00011150287,4.772319e-05,0.00012871558,0.00032009435,0.99912614,0.00024968563
ISIC_0030787,HAM_0005066,nv,3,0.00027997454,0.0017066981,0.0006795409,0.11472849,0.0069177914,0.87464523,0.0010422652
ISIC_0027764,HAM_0000183,nv,3,4.5608038e-05,0.021427441,0.00028600846,0.0002676326,0.0021428165,0.9755796,0.000250927
ISIC_0031250,HAM_0005812,nv,3,1.4777982e-05,0.00065276964,7.2173716e-05,0.00013158614,0.0003146585,0.9987224,9.16827e-05
ISIC_0029132,HAM_0001632,nv,3,0.0005540241,0.00051138876,0.006939883,0.00023735383,0.0027037996,0.9880972,0.0009563334
ISIC_0026733,HAM_0006385,nv,3,0.00014941097,0.00027588443,0.012438799,0.0012881955,0.0013793354,0.9842838,0.00018449794
ISIC_0025328,HAM_0004834,nv,3,7.873811e-05,0.00039636603,0.0009356344,0.0011463633,0.0009019902,0.99011886,0.006422061
ISIC_0032228,HAM_0003984,nv,3,0.0009589652,0.0019277274,0.0005743043,0.0076001487,0.0066508525,0.97927296,0.0030150227
ISIC_0027157,HAM_0002756,nv,3,0.00020351149,0.00021854928,0.0014159299,0.0006049089,0.0009785139,0.99631244,0.0002662078
ISIC_0025868,HAM_0003251,nv,3,0.00020651206,0.00023083124,0.0015272336,0.0011185763,0.0010549179,0.99532795,0.0005340845
ISIC_0024944,HAM_0003296,nv,3,0.0033390494,0.00067506474,0.02787573,0.004771305,0.0078100986,0.9542823,0.0012464937
ISIC_0027227,HAM_0001833,nv,3,0.002578796,0.0033339523,0.0029508348,0.009907583,0.0020419885,0.9602987,0.018888127
ISIC_0030569,HAM_0003924,nv,3,0.0003176449,0.00012610389,0.004391381,0.0011394236,0.033625614,0.9599207,0.0004791755
ISIC_0028048,HAM_0002631,nv,3,0.0036077958,0.0016301359,0.43851325,0.0003328033,0.0013753959,0.5532511,0.0012895437
ISIC_0026689,HAM_0005003,nv,3,8.644804e-05,0.0005003975,0.000409211,0.000110137655,0.0014523738,0.99560505,0.0018364209
ISIC_0026792,HAM_0001778,nv,3,0.0001880996,0.0005528555,0.012195798,0.00019444994,0.0023892138,0.984089,0.00039050484
ISIC_0029335,HAM_0005119,nv,3,0.00014335524,0.0008428679,0.0061916118,0.00019632647,0.00057422486,0.9916471,0.0004044124
ISIC_0026087,HAM_0002378,nv,3,0.00024673424,0.0033499822,0.007961981,0.003060637,0.0062570632,0.97819877,0.0009248217
ISIC_0024523,HAM_0006246,nv,3,0.0017056148,0.00062318594,0.01991444,0.0103744455,0.0026520472,0.9637575,0.00097277947
ISIC_0026540,HAM_0002778,nv,3,0.00053431187,0.0013159929,0.00095811125,0.0023414337,0.038346443,0.95294046,0.0035632935
ISIC_0029381,HAM_0002681,nv,3,0.0010151861,0.0028153637,0.0059655844,0.004512138,0.0009649208,0.98151314,0.0032136769
ISIC_0024815,HAM_0005166,nv,3,0.0043232664,0.0013710457,0.008107053,0.0018942367,0.0063956166,0.9764593,0.0014495278
ISIC_0026980,HAM_0005876,nv,3,0.0006982812,0.00030446122,0.003833382,0.00045705048,0.0033459852,0.9909649,0.00039593063
ISIC_0028721,HAM_0007173,nv,3,0.015372216,0.009761638,0.07280157,0.03630432,0.00057125546,0.8629819,0.002207021
ISIC_0026651,HAM_0001969,nv,3,0.0012893707,7.781174e-05,0.37945068,0.00035146312,0.007520119,0.6111162,0.00019447584
ISIC_0027881,HAM_0004473,nv,3,0.00015044969,8.784227e-05,0.00019679911,0.00029920493,0.0010852666,0.99792504,0.0002554242
ISIC_0028375,HAM_0006997,nv,3,1.8636789e-05,2.075027e-05,3.6134457e-05,0.0011966089,0.0021667788,0.9963523,0.00020875328
ISIC_0031173,HAM_0005802,nv,3,0.0017057711,0.00017596553,0.0019376164,0.00060880557,0.013234742,0.9818965,0.00044065263
ISIC_0026243,HAM_0002230,nv,3,8.683604e-05,4.4699354e-05,0.0007633584,0.0002172424,0.00065261626,0.99812216,0.00011303454
ISIC_0030524,HAM_0005419,nv,3,0.00047596006,0.001182623,0.084874384,0.00075319054,0.0019214621,0.90892816,0.0018641645
ISIC_0026710,HAM_0003732,nv,3,0.0008027891,0.0012531361,0.0017950347,0.0029079437,0.0008114593,0.9859622,0.0064673247
ISIC_0026128,HAM_0006033,nv,3,0.0001331467,0.00036906873,0.00230879,0.0009959118,0.00018998029,0.9958715,0.0001315955
ISIC_0026129,HAM_0001035,nv,3,0.0020963603,0.0006739746,0.00067595195,0.0006953688,0.002769609,0.991662,0.0014268041
ISIC_0030878,HAM_0007166,nv,3,0.0117857605,0.01583626,0.013982276,0.020478638,0.017027197,0.9056826,0.015207289
ISIC_0025390,HAM_0001631,nv,3,0.0013459587,0.0018741614,0.008030441,0.0019824107,0.00064706063,0.9851656,0.00095442764
ISIC_0031176,HAM_0003952,nv,3,0.0010369313,0.00046058508,0.00245549,0.0007381723,0.0030874028,0.9908572,0.0013643524
ISIC_0030337,HAM_0002640,nv,3,0.004064735,0.003089269,0.13421176,0.0013522401,6.9596965e-05,0.85656863,0.0006437628
ISIC_0025474,HAM_0004271,nv,3,0.000110065026,0.0001678291,5.0885952e-05,0.0002946931,0.00021634027,0.9988426,0.000317552
ISIC_0026449,HAM_0002284,nv,3,0.0020079138,0.00029468478,0.0021426377,0.0009728619,0.041205864,0.9516802,0.0016957938
ISIC_0031355,HAM_0007466,nv,3,0.00033295873,0.00025754192,0.00011055127,0.00046634817,0.0009313014,0.9973941,0.00050720584
ISIC_0026364,HAM_0007022,nv,3,0.00039183957,0.00040388328,0.00053820276,0.00035124272,0.007733172,0.99034977,0.00023193065
ISIC_0030490,HAM_0001438,nv,3,0.0037513948,0.00069529493,0.0024079322,0.006032885,0.024786802,0.9601117,0.0022139626
ISIC_0031820,HAM_0000161,nv,3,2.2405451e-05,8.389924e-05,8.324634e-05,0.00023392656,0.0006258672,0.99887234,7.82027e-05
ISIC_0030971,HAM_0001700,nv,3,0.012179322,0.0016408641,0.12633952,0.006007896,0.0015934892,0.85165036,0.0005885063
ISIC_0024563,HAM_0000497,nv,3,0.0051195365,0.0045667696,0.0027017607,0.00064675754,0.01023125,0.97513473,0.001599178
ISIC_0027892,HAM_0004015,nv,3,0.0017427946,0.0016380035,0.004600348,0.000592956,0.0035132437,0.9876552,0.0002575299
ISIC_0024404,HAM_0005076,nv,3,0.00016861224,0.0007623386,0.0004347918,0.0006507904,0.0022297576,0.99375135,0.0020023745
ISIC_0029189,HAM_0006393,nv,3,0.00094592373,0.000642549,0.00034326065,0.0014852432,0.15238923,0.83841735,0.0057764766
ISIC_0027971,HAM_0007082,nv,3,4.513073e-05,0.00013860578,7.2684335e-05,0.0009167125,0.00018112942,0.99796116,0.0006845356
ISIC_0029940,HAM_0007297,nv,3,0.0017956126,0.00020383691,0.0015091071,0.002903204,0.016367655,0.97669494,0.00052562385
ISIC_0031097,HAM_0004003,nv,3,0.0013609694,0.0020054986,0.0019080616,0.0016871504,0.004779916,0.98262596,0.0056324606
ISIC_0030493,HAM_0004981,nv,3,0.0007407561,0.0009273034,0.001956403,0.00044060123,0.0074704206,0.9875515,0.0009129269
ISIC_0024822,HAM_0006131,nv,3,0.0004523027,0.00037096566,0.00020327239,0.003763121,0.0013068655,0.99320024,0.00070328196
ISIC_0028936,HAM_0005377,nv,3,0.00128952,0.00061992795,0.0016087563,0.0012185107,0.004751542,0.987222,0.00328969
ISIC_0030418,HAM_0005283,nv,3,0.029947372,0.0009519061,0.0038616774,0.0039186617,0.034184277,0.9248369,0.0022991674
ISIC_0026368,HAM_0005946,nv,3,0.0003744154,0.0019280837,0.00039315107,0.0010634899,0.0015285949,0.9926946,0.0020176566
ISIC_0026000,HAM_0003071,nv,3,0.00012380334,0.0017598632,0.00015168701,0.00030851807,0.00019572336,0.99732804,0.00013243305
ISIC_0026908,HAM_0002976,nv,3,0.00037764848,0.0012651528,0.0003220749,0.000363891,0.00073436263,0.99638945,0.0005473331
ISIC_0025087,HAM_0004359,nv,3,0.0001627287,0.00019600097,0.00012772722,2.6877866e-05,0.00013905337,0.9992304,0.000117209085
ISIC_0028397,HAM_0006183,nv,3,6.7045744e-06,4.0990362e-05,0.00026314677,0.000112078145,0.00015162985,0.99938905,3.6386446e-05
ISIC_0030921,HAM_0000350,nv,3,0.00073159375,0.00029200423,0.00066126266,0.00041340364,0.004630593,0.99311745,0.00015372522
ISIC_0026884,HAM_0002763,nv,3,0.0010769933,8.12439e-05,0.0021392438,0.00064090773,0.0027752814,0.9921326,0.0011537537
ISIC_0029772,HAM_0006805,nv,3,0.00084611814,0.0017591616,0.00036892036,0.0012025763,0.00045868065,0.9896554,0.005709225
ISIC_0026572,HAM_0002583,nv,3,0.00049389247,0.00051256485,0.00068637176,0.00052063656,0.0028858553,0.9932753,0.0016253524
ISIC_0029748,HAM_0006260,nv,3,0.00014688211,0.00021371222,0.00025181452,0.0004869282,0.00041073601,0.9983399,0.00015007192
ISIC_0032339,HAM_0007072,nv,3,0.0029748313,0.0015615143,0.004596274,0.0037715728,0.021916892,0.9615126,0.0036662589
ISIC_0030866,HAM_0001636,nv,3,0.00019955642,0.00012270326,0.00028697017,0.0002447405,0.004389266,0.9942748,0.00048199465
ISIC_0029484,HAM_0005296,nv,3,0.006026393,5.0881008e-05,0.010816898,0.0013096781,0.004112152,0.9775171,0.0001668324
ISIC_0029264,HAM_0001691,nv,3,0.00085468555,0.0033770474,0.010032892,0.00403391,0.00679191,0.89261043,0.08229918
ISIC_0031033,HAM_0006767,nv,3,0.0077054333,0.00027923507,0.0030315206,0.0018190641,0.022686265,0.9637029,0.00077552354
ISIC_0031165,HAM_0006413,nv,3,0.00045327112,0.0018280803,0.020396754,0.010995167,0.00038543827,0.96188164,0.004059736
ISIC_0030402,HAM_0002019,nv,3,2.932563e-05,0.0001428035,2.792811e-05,0.00065393967,0.0005119377,0.9984993,0.00013480811
ISIC_0031144,HAM_0006316,nv,3,9.782903e-05,0.000141924,0.00018564687,0.0006320345,0.0003312747,0.9981812,0.0004299591
ISIC_0031724,HAM_0006919,nv,3,3.54059e-05,0.00028509315,0.00030946571,0.013184543,7.688179e-05,0.9839205,0.0021880805
ISIC_0028552,HAM_0000240,nv,3,0.0038683459,0.0015806046,0.027448174,0.002315541,0.001149639,0.9619286,0.0017090411
ISIC_0024965,HAM_0000733,nv,3,0.0028080717,0.0013552452,0.0031050288,0.00031153852,0.0012799917,0.99051076,0.00062932505
ISIC_0024859,HAM_0003390,nv,3,0.0016890299,0.00038505803,0.0014002551,0.010769235,0.0032146198,0.98180115,0.0007407706
ISIC_0027799,HAM_0000654,nv,3,0.00017195789,4.9653165e-05,6.747133e-05,0.0014310249,0.0022940405,0.9958104,0.00017552078
ISIC_0028427,HAM_0002931,nv,3,6.6007337e-06,2.254913e-05,1.3386035e-05,9.0543756e-05,0.00041197793,0.9994048,5.022323e-05
ISIC_0032239,HAM_0004858,nv,3,0.0034059568,0.00025217715,0.00030957797,0.00080455403,0.0048260903,0.99006164,0.0003400049
ISIC_0028695,HAM_0006010,nv,3,6.381259e-05,0.00018696129,6.5389686e-05,1.8771085e-05,1.0285706e-05,0.9996196,3.5034773e-05
ISIC_0030614,HAM_0001568,nv,3,0.0013809816,0.0019163671,0.00153459,0.0019342287,0.0031022287,0.98738515,0.00274641
ISIC_0031535,HAM_0003298,nv,3,0.0005991458,0.00026085429,0.0002595837,0.0008668707,0.0001875197,0.99747807,0.00034794625
ISIC_0027393,HAM_0007397,nv,3,0.0013706266,0.0011850207,0.00050967105,0.0014245304,0.0056025786,0.9886325,0.0012750718
ISIC_0030513,HAM_0006060,nv,3,0.000114299175,0.0008662815,0.00027633994,0.00036076736,0.00078952895,0.99364156,0.0039512534
ISIC_0028731,HAM_0002407,nv,3,0.00056994095,0.0014775926,0.0012731428,0.0012595395,0.00020885214,0.9948791,0.00033179496
ISIC_0026828,HAM_0000840,nv,3,0.0071283556,0.0033886381,0.0026442339,0.0014963748,0.003963655,0.978914,0.002464697
ISIC_0030154,HAM_0000293,nv,3,0.00016211421,0.00017055919,0.00014949254,0.00019920926,0.0006877955,0.9983778,0.0002530567
ISIC_0024794,HAM_0006811,nv,3,0.00010185641,0.00011362903,0.00010612098,8.57717e-05,7.215651e-05,0.9994599,6.0465907e-05
ISIC_0028772,HAM_0007594,nv,3,0.0007139397,0.0028906479,0.0070555503,0.002223925,0.00049792376,0.9829736,0.003644321
ISIC_0025649,HAM_0005269,nv,3,0.00014402842,0.00014069202,4.9051083e-05,0.0019756705,0.00017237946,0.9972773,0.0002409668
ISIC_0031275,HAM_0001827,nv,3,0.0018951349,0.0058360016,0.0069754063,0.012027437,0.0008925795,0.97121495,0.0011584727
ISIC_0026537,HAM_0003278,nv,3,5.467174e-05,4.212345e-05,0.00040387388,3.5058252e-05,0.00010600182,0.9993131,4.5191868e-05
ISIC_0029702,HAM_0000824,nv,3,0.0007579535,0.0003196865,0.0014811053,0.00081078656,0.007219408,0.98707074,0.0023403678
ISIC_0030989,HAM_0000784,nv,3,0.0002957253,0.00019873453,0.00030067578,0.00058126816,0.00046229738,0.99794596,0.00021530339
ISIC_0029307,HAM_0001127,nv,3,0.00015460102,0.00018923623,0.0010217534,0.0008260283,0.0006901725,0.9968266,0.00029166718
ISIC_0026983,HAM_0006404,nv,3,0.008284719,0.003362071,0.006918762,0.0054705194,0.013343591,0.95524824,0.0073721795
ISIC_0029423,HAM_0005177,nv,3,0.00017069552,0.00818451,0.0033384773,0.0004731501,0.0013920242,0.98272496,0.0037161664
ISIC_0030385,HAM_0000997,nv,3,0.00015189228,0.00014465384,0.0012173973,0.00014268958,0.00013575704,0.9977028,0.00050489145
ISIC_0025137,HAM_0004152,nv,3,0.0017051873,0.00053030986,0.0010083186,0.0022534977,0.005754508,0.9854022,0.0033459384
ISIC_0024306,HAM_0000550,nv,3,8.5223895e-05,9.507413e-05,0.0002819052,0.00015297015,0.00028039515,0.9989126,0.00019186757
ISIC_0025698,HAM_0002654,nv,3,0.0020674227,0.0022962634,0.0015088703,0.0025355343,0.0015147761,0.98612505,0.003952119
ISIC_0029864,HAM_0000276,nv,3,0.001858641,0.0018209124,0.0012937448,0.0019583292,0.003469009,0.9846699,0.004929403
ISIC_0026300,HAM_0005411,nv,3,0.00011403872,0.00018838566,0.00020349464,0.0007262669,0.0004897101,0.99817765,0.00010054059
ISIC_0027378,HAM_0002989,nv,3,0.00013261079,0.00021524855,0.00020579317,0.00034598756,0.0011826688,0.99769187,0.00022579897
ISIC_0030073,HAM_0005764,nv,3,0.0004721382,0.00029806476,0.0007767158,0.00020848955,9.046183e-05,0.99801314,0.0001410711
ISIC_0029517,HAM_0004031,nv,3,2.224947e-05,6.252217e-05,0.00011277165,3.5037527e-05,2.0942305e-05,0.9996983,4.8125035e-05
ISIC_0028741,HAM_0003549,nv,3,7.3268704e-05,0.000116399024,9.444709e-05,0.00034920423,0.008176154,0.9903882,0.00080226915
ISIC_0027570,HAM_0001071,nv,3,0.0009984178,0.00014105371,0.0030843667,0.0003774793,0.062254395,0.93286496,0.00027942515
ISIC_0030068,HAM_0005322,nv,3,0.00015537182,5.496841e-05,0.00094217336,0.00021613413,0.00063719513,0.9978909,0.00010329799
ISIC_0026699,HAM_0007210,nv,3,0.00056729506,0.00065743143,0.001484441,0.0006561486,0.004077713,0.99219644,0.00036059465
ISIC_0024858,HAM_0004732,nv,3,0.000110636145,0.00062526803,0.0005453685,0.00018801473,0.0001200944,0.9981598,0.00025078756
ISIC_0024568,HAM_0007386,nv,3,0.0008294298,0.00060979405,0.0018893358,0.00080312626,0.001899511,0.9902368,0.0037319092
ISIC_0031864,HAM_0001394,nv,3,0.00030023398,0.0006984059,0.00034861782,0.00026186876,0.0007480008,0.9974533,0.00018954022
ISIC_0029171,HAM_0004179,nv,3,0.0005569727,0.0006473628,0.0012640755,0.0006183214,0.00016224665,0.9962704,0.0004806096
ISIC_0031954,HAM_0003799,nv,3,0.000395885,0.0006066073,0.0004076547,0.0010218457,0.0014838759,0.98795193,0.008132183
ISIC_0026413,HAM_0005431,nv,3,0.0002925235,0.00010471069,0.00062018004,0.00033147255,0.0006064055,0.99780244,0.00024227379
ISIC_0029016,HAM_0006441,nv,3,0.0009553392,0.00071551604,0.00063950807,0.0013406818,0.009700547,0.98514396,0.001504428
ISIC_0026904,HAM_0004626,nv,3,0.0003708598,0.00020905178,0.00074587244,0.00019447747,0.0019567343,0.9958301,0.0006928574
ISIC_0024874,HAM_0000403,nv,3,0.0007033543,0.0064097634,0.0013373414,0.0011710153,0.0030882289,0.4931631,0.4941272
ISIC_0028501,HAM_0000142,nv,3,0.0002801861,0.0017230654,0.00038937991,0.00014102405,0.00045880166,0.99670666,0.0003008895
ISIC_0026975,HAM_0006063,nv,3,0.0001818972,0.0011513109,0.00099735,0.0097772805,0.0002097717,0.9876178,6.460459e-05
ISIC_0030853,HAM_0000078,nv,3,0.0012880373,0.0040456853,0.0014941494,0.0057831616,0.0013019481,0.9841629,0.0019241547
ISIC_0024414,HAM_0006226,nv,3,0.0013249203,0.0011189681,0.0023435452,0.0015997204,0.011983141,0.9773726,0.004257102
ISIC_0027496,HAM_0004139,nv,3,2.264247e-05,5.3265892e-05,6.799517e-05,4.7190966e-05,0.00012809057,0.9996294,5.147604e-05
ISIC_0026002,HAM_0007371,nv,3,0.0016881098,0.0005163549,0.0014709583,0.0009223019,0.013460794,0.9803084,0.0016329796
ISIC_0029103,HAM_0004798,nv,3,0.0010268643,0.0015415059,0.0017112977,0.0015490513,0.012712975,0.9755048,0.0059533617
ISIC_0027476,HAM_0001942,nv,3,0.00015066199,0.00066540134,3.9302526e-05,0.00032019976,0.00027175,0.9983577,0.00019497109
ISIC_0025768,HAM_0002512,nv,3,0.00072560937,0.0007277383,0.0005962874,0.0020610217,0.0010786831,0.9932041,0.0016066936
ISIC_0032106,HAM_0004526,nv,3,0.004976249,0.0030067556,0.0013479913,0.0051309224,0.00032458347,0.9847281,0.0004853579
ISIC_0030368,HAM_0006422,nv,3,0.00017336551,0.0003838777,0.0009030634,0.0010208095,0.00047541643,0.99226534,0.004778148
ISIC_0032502,HAM_0006650,nv,3,6.144986e-05,0.00029373396,0.040239178,0.00020747654,0.0066723097,0.9523224,0.0002034636
ISIC_0027349,HAM_0000725,nv,3,0.0033975577,0.0012084825,0.0026824449,0.0012764119,0.02102707,0.9686359,0.0017721222
ISIC_0028313,HAM_0004166,nv,3,0.009412978,0.0026935732,0.0023957137,0.004738924,0.020504694,0.95337594,0.0068782805
ISIC_0025629,HAM_0002977,nv,3,8.099217e-05,0.00030956644,6.5206266e-05,0.00038582645,0.00014326055,0.99876463,0.00025044987
ISIC_0026638,HAM_0005929,nv,3,0.0001269027,0.13124576,7.244834e-05,0.020029152,0.0007036712,0.8475128,0.0003092177
ISIC_0026499,HAM_0001216,nv,3,0.0028326728,0.013946309,0.0024158256,0.006936023,0.03409033,0.9227456,0.017033229
ISIC_0024866,HAM_0007068,nv,3,7.522458e-05,0.00010142364,7.276791e-05,0.00033680414,0.0013333877,0.9971591,0.0009213023
ISIC_0031082,HAM_0001932,nv,3,0.0010290606,2.2882476e-05,0.00020039556,0.00071778643,0.0014243557,0.99650747,9.804725e-05
ISIC_0027132,HAM_0004987,nv,3,0.00017614543,5.0664035e-05,0.00027335275,0.00047415978,0.00023041101,0.9983789,0.00041640634
ISIC_0025998,HAM_0000370,nv,3,0.0008723815,0.00026762486,0.0011245442,0.00075867865,0.0416252,0.95481575,0.0005358863
ISIC_0024648,HAM_0002304,nv,3,0.00034740017,0.00056251115,0.0002777842,0.0013864199,0.0004315029,0.9968857,0.00010878186
ISIC_0029399,HAM_0004059,nv,3,0.00049003924,0.00037572614,0.0010333686,0.00074430753,0.0005361046,0.9951975,0.0016229411
ISIC_0028907,HAM_0005698,nv,3,0.0012501581,0.00081508374,0.0005746042,0.0020813893,0.0022726038,0.99133366,0.0016724432
ISIC_0030163,HAM_0006140,nv,3,0.0008334905,0.00033479318,0.00093028,0.00035708226,0.0020195544,0.9950848,0.00044007736
ISIC_0030022,HAM_0002347,nv,3,0.00080752745,0.0011658021,0.0010614748,0.001567227,0.0031404814,0.9898465,0.0024108316
ISIC_0024775,HAM_0004561,nv,3,0.00012663557,0.0003265487,3.9076927e-05,0.00029834395,0.00021062988,0.9984603,0.00053838774
ISIC_0029757,HAM_0001288,nv,3,0.0002626742,0.00038896623,0.0002116839,0.00026655025,0.007513299,0.990798,0.00055880315
ISIC_0027185,HAM_0003849,nv,3,0.0005669867,0.001239623,0.0006648195,0.0015808636,0.001807167,0.99262613,0.0015143745
ISIC_0025058,HAM_0005959,nv,3,0.00040642082,0.0022262475,0.014354837,0.000700862,0.00048832584,0.97920716,0.0026161254
ISIC_0024616,HAM_0004241,nv,3,0.0010931194,0.0013511411,0.92181087,0.002443019,0.00034228983,0.07177999,0.0011796376
ISIC_0024686,HAM_0001051,nv,3,0.002082104,0.038942643,0.0016342623,0.0034294585,0.0026526693,0.9279597,0.023299176
ISIC_0029467,HAM_0006762,nv,3,5.7636473e-05,6.171425e-05,0.00045958662,0.00081372017,0.0057260906,0.9925789,0.00030228856
ISIC_0028661,HAM_0006776,nv,3,0.00033949316,0.00018730293,0.0002946689,0.0007407975,0.002504862,0.9953525,0.00058032403
ISIC_0026127,HAM_0000199,nv,3,0.0015876899,0.0012244779,0.014917194,0.0039507337,0.008286974,0.96907556,0.0009573566
ISIC_0027245,HAM_0006162,nv,3,0.00028107982,0.00012412088,0.0001771018,0.0002280704,0.0025558963,0.99598783,0.0006459164
ISIC_0027272,HAM_0004668,nv,3,0.00022027512,0.00022221966,0.0016465096,0.0003146065,0.0006105795,0.99636555,0.0006201947
ISIC_0027940,HAM_0003436,nv,3,2.6246938e-05,0.00022762635,3.1721745e-05,0.0006889216,7.225812e-05,0.99891436,3.8866296e-05
ISIC_0028187,HAM_0006471,nv,3,0.009077079,0.00091782236,0.0052778353,0.0012362716,0.00088611577,0.98223877,0.0003661556
ISIC_0030330,HAM_0002399,nv,3,0.00024372898,0.00020245345,0.0015434263,0.029179253,0.00052563736,0.9681732,0.0001322546
ISIC_0029852,HAM_0002444,nv,3,0.0010152342,0.00084495277,0.0009878499,0.0014471723,0.0046190773,0.98251855,0.008567121
ISIC_0028748,HAM_0005516,nv,3,0.00017163547,0.0009566632,0.00017882157,0.00014118348,0.00043785875,0.99783343,0.00028050283
ISIC_0030987,HAM_0001254,nv,3,0.0076640137,0.0020041647,0.016399946,0.0037644373,0.001940607,0.9658047,0.00242221
ISIC_0026535,HAM_0000691,nv,3,2.02922e-05,0.00011251958,1.8404227e-05,9.428946e-05,0.00025291758,0.9994137,8.797331e-05
ISIC_0024399,HAM_0004064,nv,3,0.00024859232,0.00053661695,4.9022492e-05,0.0002027961,0.00029709056,0.99864453,2.1374552e-05
ISIC_0026338,HAM_0000905,nv,3,0.0016592141,0.00084661646,0.0022458374,0.0026591958,0.001958854,0.9863777,0.004252496
ISIC_0024603,HAM_0006141,nv,3,0.0013772864,0.0011252066,0.00078552077,0.00325987,0.0051570595,0.9837818,0.0045131925
ISIC_0026387,HAM_0003240,nv,3,6.068931e-05,0.0010611365,7.1230694e-05,0.002473247,0.0006144386,0.995346,0.00037322217
ISIC_0027296,HAM_0001746,nv,3,0.0001836587,0.0010402434,5.536017e-05,0.0011773121,0.0020637263,0.9952362,0.00024354598
ISIC_0032416,HAM_0003347,nv,3,8.3045605e-05,0.0036952375,0.00024408463,0.005233751,0.0017395507,0.9791008,0.009903465
ISIC_0025480,HAM_0006990,nv,3,5.0580107e-05,0.000105933985,0.00023251366,0.00016633236,0.00049967784,0.9986737,0.0002713056
ISIC_0029622,HAM_0004276,nv,3,0.0003459961,0.04721388,0.0008496845,0.0013751395,0.00038749728,0.9483161,0.0015117708
ISIC_0025896,HAM_0005922,nv,3,0.0024312919,0.0016726336,0.0015882639,0.00315864,0.0024611528,0.98469216,0.003995821
ISIC_0029478,HAM_0002937,nv,3,0.0013295606,0.00067181746,0.0025627955,0.0011428,0.0033470066,0.98945403,0.0014919485
ISIC_0026392,HAM_0004305,nv,3,0.00023663302,0.0002982571,0.00017671149,0.000988992,0.002017178,0.99573565,0.00054644
ISIC_0032264,HAM_0006814,nv,3,0.0027027223,0.0014780799,0.006384535,0.0007630827,0.00026944134,0.9879447,0.00045744088
ISIC_0028394,HAM_0004684,nv,3,0.00037270357,0.0002721437,0.0010442527,0.0008767765,0.0026506903,0.99396294,0.00082044414
ISIC_0031551,HAM_0001674,nv,3,0.00027210216,0.00011210757,0.00022646351,0.0017397449,0.0013028894,0.99575424,0.0005925871
ISIC_0031608,HAM_0004816,nv,3,0.0014679673,0.0001953968,0.0007638058,0.0032631948,0.16786103,0.8246288,0.0018197922
ISIC_0024953,HAM_0000252,nv,3,3.6319576e-05,5.5543227e-05,0.00014463204,0.0001451981,8.763814e-05,0.99950266,2.8010832e-05
ISIC_0028506,HAM_0006838,nv,3,0.0001641965,0.005400398,0.0016819751,0.0002893017,0.0034944287,0.9887422,0.00022751946
ISIC_0025858,HAM_0007473,nv,3,0.00011018376,0.00023995942,0.0022617134,0.00037420576,0.000309018,0.9960219,0.0006829136
ISIC_0024844,HAM_0007217,nv,3,0.00043425238,0.0014148492,0.0031149324,0.0010726878,0.00060941104,0.99058175,0.00277217
ISIC_0027391,HAM_0000037,nv,3,0.018129632,0.0033787102,0.0037216742,0.004159945,0.022329792,0.9414082,0.0068719983
ISIC_0031264,HAM_0006227,nv,3,0.0019918662,0.000630144,0.0007439427,0.0014523079,0.010731185,0.9821613,0.0022892677
ISIC_0031680,HAM_0003731,nv,3,6.0307375e-05,0.0002962641,1.6616432e-05,0.0021901815,0.00035337184,0.9968395,0.0002437002
ISIC_0027804,HAM_0005841,nv,3,0.0009839559,0.003569409,0.0006815664,0.0016934952,0.020251725,0.9672441,0.005575851
ISIC_0031828,HAM_0005788,nv,3,0.0012911181,0.0001623934,0.006107917,0.0009670028,0.16993083,0.82025087,0.0012898579
ISIC_0025445,HAM_0007536,nv,3,0.011962382,0.0025570623,0.0040702433,0.0027166675,0.011157653,0.96342987,0.0041061747
ISIC_0029586,HAM_0003864,nv,3,0.00010557438,0.0004886479,0.00078162015,0.0010451295,0.0002836375,0.9962559,0.0010395311
ISIC_0027059,HAM_0007628,nv,3,0.00028418665,0.0013954901,0.000245703,0.000446652,0.00010526355,0.99721056,0.000312118
ISIC_0024549,HAM_0002385,nv,3,0.017913781,0.0009895075,0.021509785,0.09840204,0.003875546,0.856731,0.00057830306
ISIC_0032452,HAM_0002739,nv,3,0.0073828055,0.008617161,0.003735491,0.00086839806,0.0067377295,0.9710968,0.0015617532
ISIC_0030100,HAM_0002694,nv,3,0.019946298,0.010908345,0.06985778,0.006393925,0.018232394,0.8522896,0.022371542
ISIC_0024335,HAM_0004431,nv,3,0.0019397816,0.00030046774,0.00019173644,0.0009023025,0.0051019173,0.99142927,0.0001346402
ISIC_0024785,HAM_0004926,nv,3,0.0005616696,0.00027134057,0.00018288243,0.00088018534,0.0008853579,0.99685353,0.0003651286
ISIC_0029631,HAM_0003170,nv,3,0.0033165445,0.002197997,0.0026487024,0.0010211659,0.0042893086,0.98440623,0.002119995
ISIC_0029754,HAM_0000389,nv,3,0.0013170061,0.00076970464,0.0016478676,0.0017957443,0.0038466372,0.9877979,0.002825102
ISIC_0028176,HAM_0002950,nv,3,4.065442e-05,0.00034983145,5.428078e-05,0.00016000816,0.0002705929,0.99897265,0.00015193714
ISIC_0028181,HAM_0006777,nv,3,0.0019270014,0.0002722414,0.003938535,0.016468886,0.034830604,0.94140303,0.0011596899
ISIC_0026196,HAM_0006632,nv,3,0.002423532,0.002603882,0.0026089726,0.0022293942,0.0015450106,0.985391,0.0031981412
ISIC_0025306,HAM_0005271,nv,3,0.00022576562,0.0001787698,0.00014835017,0.00021500669,0.00037901042,0.9985191,0.00033398595
ISIC_0026356,HAM_0001039,nv,3,3.5307403e-05,0.000307702,6.196642e-05,0.00015099061,0.0006372481,0.9811833,0.01762341
ISIC_0027555,HAM_0003503,nv,3,0.0028274974,0.0011832895,0.003428981,0.0020010837,0.029810501,0.9577505,0.002998121
ISIC_0024993,HAM_0000147,nv,3,0.00041407763,0.0012259885,0.0005681922,0.00035314326,0.002737963,0.9937656,0.0009349628
ISIC_0027619,HAM_0006286,nv,3,0.0013768306,0.0002877551,0.0012044164,0.0020358174,0.024404906,0.97010213,0.00058813323
ISIC_0030438,HAM_0006206,nv,3,0.0003210573,3.7529797e-05,0.0006285997,0.00088820065,0.0008256737,0.9971288,0.00017017951
ISIC_0030939,HAM_0004045,nv,3,0.0019292561,0.0055147563,0.011621064,0.0060243304,0.0028207907,0.9601556,0.011934103
ISIC_0031179,HAM_0001996,nv,3,3.97744e-05,8.241266e-05,0.00078554504,3.1649044e-05,0.00032293846,0.9985733,0.00016437803
ISIC_0029990,HAM_0002858,nv,3,0.0012354278,0.0017887814,0.001142584,0.0018773747,0.005988174,0.9854102,0.0025573114
ISIC_0026662,HAM_0005140,nv,3,0.00026848086,0.00036768726,0.00066970824,0.28816697,0.0007412994,0.7090532,0.00073266303
ISIC_0028013,HAM_0007363,nv,3,0.0069045806,0.00040164957,0.023664987,0.009176161,0.00077118154,0.95830727,0.0007741999
ISIC_0030506,HAM_0000384,nv,3,0.00027033358,0.00018946192,0.00020148429,0.00017815689,0.0027841225,0.996068,0.00030842933
ISIC_0032122,HAM_0000018,nv,3,0.00073472154,0.0004069422,0.0042956606,0.00071490364,0.0011396271,0.99105245,0.0016557204
ISIC_0029131,HAM_0006985,nv,3,0.0003868728,0.00347775,0.002319511,0.00047215854,0.02183565,0.97113526,0.00037277932
ISIC_0029304,HAM_0001955,nv,3,0.00023697584,9.047446e-05,0.0013214225,0.0005120724,0.0012392419,0.9962049,0.0003949268
ISIC_0029228,HAM_0003492,nv,3,0.00021362501,0.00032829406,0.00022695895,0.002672671,0.00091355835,0.99210244,0.003542443
ISIC_0027243,HAM_0007288,nv,3,0.00047180496,0.00034215936,0.00073288986,0.00013491062,0.0007729528,0.99730873,0.00023654441
ISIC_0031073,HAM_0001800,nv,3,0.00012752044,0.00029447398,0.00012049834,0.00072918617,0.0012677888,0.99566615,0.0017944283
ISIC_0029325,HAM_0000026,nv,3,4.6851084e-05,4.7218542e-05,0.0001778532,0.000117324416,0.0011734194,0.998262,0.00017526693
ISIC_0024766,HAM_0004386,nv,3,7.414255e-05,0.0001185952,3.27403e-05,0.000175615,0.00015695975,0.99926823,0.00017373862
ISIC_0027923,HAM_0003643,nv,3,0.0011726526,0.0007784897,0.0007861293,0.0012574585,0.00061704,0.9942058,0.001182427
ISIC_0025163,HAM_0002320,nv,3,0.0004986927,0.0006710644,0.0035367887,0.07681072,0.0055532926,0.9087294,0.0042000404
ISIC_0025280,HAM_0001583,nv,3,0.0014097168,0.019805644,0.000362753,0.00039146421,0.00041630474,0.97691965,0.0006944612
ISIC_0029321,HAM_0007162,nv,3,0.00016404822,2.0076992e-05,0.00050616835,0.00014733935,0.0006001183,0.99851805,4.4109882e-05
ISIC_0030419,HAM_0005063,nv,3,0.00032485786,0.00032075978,5.2928113e-05,0.00069007877,0.00044057262,0.9971781,0.0009928457
ISIC_0031274,HAM_0006305,nv,3,9.8762226e-05,8.835715e-05,5.133734e-05,0.0001553748,0.00083077076,0.99790996,0.00086534256
ISIC_0031780,HAM_0005167,nv,3,0.00014092885,0.00028027047,0.00041497202,6.2597894e-05,7.448217e-05,0.99895597,7.065616e-05
ISIC_0025895,HAM_0000478,nv,3,8.844232e-05,0.0003169417,0.00010339955,0.00027725252,0.0016194168,0.9969229,0.0006716211
ISIC_0030454,HAM_0001267,nv,3,3.27175e-05,0.00035208996,9.560028e-05,0.0013227856,0.000211478,0.996624,0.0013612811
ISIC_0030201,HAM_0005638,nv,3,0.000556935,0.0036481123,0.00071581744,0.00052472705,0.002420397,0.99038297,0.0017510246
ISIC_0028125,HAM_0003604,nv,3,5.4128606e-05,0.00020052382,0.00038993187,0.000908835,0.00012414384,0.99811953,0.00020288752
ISIC_0031516,HAM_0003499,nv,3,0.00012718467,0.00037326934,0.00029716067,0.00020028507,0.0007203744,0.99790525,0.0003763807
ISIC_0029506,HAM_0005497,nv,3,0.0028646044,0.0009977452,0.012190688,0.0008451232,0.010057208,0.9712677,0.001776937
ISIC_0027511,HAM_0005897,nv,3,0.00012981665,0.0002225575,0.00021009678,0.00011478676,0.0002622368,0.99885523,0.0002052299
ISIC_0024354,HAM_0004117,nv,3,7.913647e-05,0.0010083753,0.0058027995,6.2847124e-05,0.00019320504,0.9912487,0.0016048033
ISIC_0031616,HAM_0002071,nv,3,4.4156433e-05,0.0001106845,0.00010602926,6.12453e-05,5.901417e-05,0.99957186,4.7004276e-05
ISIC_0027342,HAM_0000510,nv,3,0.0005677673,0.0011666908,0.0012413296,0.0012516766,0.0009081761,0.99399275,0.00087168027
ISIC_0025802,HAM_0001199,nv,3,0.00027283022,0.0016144391,0.0003572304,0.0006618773,0.00022508248,0.99647045,0.00039813033
ISIC_0024384,HAM_0001029,nv,3,0.0040127803,0.001285069,0.0026419454,0.010543914,0.0041992017,0.97615844,0.0011586978
ISIC_0028002,HAM_0002168,nv,3,0.0008665398,0.04857553,0.0028026933,0.0028902486,0.00029713768,0.94288117,0.0016866906
ISIC_0024954,HAM_0006175,nv,3,0.00079407514,0.00090686226,0.0008273217,0.0010478774,0.0026052617,0.9925547,0.0012639812
ISIC_0024326,HAM_0001812,nv,3,3.9125178e-05,5.6483786e-05,1.8230468e-05,4.140521e-05,2.4531777e-05,0.99969316,0.00012716393
ISIC_0030601,HAM_0004488,nv,3,0.00084167166,0.001205639,0.004186957,0.0022789808,0.0010202192,0.98637927,0.0040873466
ISIC_0031873,HAM_0004362,nv,3,0.00014803918,0.0007760487,0.00028147822,0.0010033014,0.0003828611,0.9964259,0.0009824556
ISIC_0029765,HAM_0005348,nv,3,0.001008104,0.00023967962,0.005527477,0.000864807,0.001744401,0.9900147,0.00060079177
ISIC_0029552,HAM_0005477,nv,3,0.00028072955,0.00022689812,0.00028072955,0.026302803,0.0029181358,0.9688607,0.0011299966
ISIC_0028657,HAM_0006597,nv,3,1.632386e-05,7.0013106e-05,4.111841e-05,0.00014634796,0.00045554075,0.99860257,0.00066816946
ISIC_0031628,HAM_0001315,nv,3,0.0013342124,0.00013563449,0.026203167,0.00030446536,0.0016379072,0.9699149,0.00046972674
ISIC_0027078,HAM_0001660,nv,3,0.00024117196,0.00015571232,0.0003481724,0.00025447973,0.0016305017,0.99617887,0.0011911544
ISIC_0032000,HAM_0004688,nv,3,0.00070819346,0.00070474396,0.00041836328,0.0031453618,0.00024260345,0.9942934,0.00048720933
ISIC_0031425,HAM_0007087,nv,3,0.0003813471,0.0014030214,5.7182566e-05,0.00063770136,0.0007347069,0.9963701,0.0004159745
ISIC_0029734,HAM_0003537,nv,3,5.444895e-05,7.66355e-05,0.00044165333,0.00026308018,0.00067748106,0.9981609,0.00032581377
ISIC_0030217,HAM_0002137,nv,3,0.0014892786,0.000335564,0.035941243,0.0036878,0.0048819645,0.95263255,0.0010315932
ISIC_0026938,HAM_0001929,nv,3,0.0024536694,0.0017146108,0.003304999,0.010007615,0.04413411,0.9326353,0.0057496964
ISIC_0026146,HAM_0006888,nv,3,0.00016122377,0.00053800695,0.00058172416,0.0027195802,0.0007827955,0.9938642,0.0013525492
ISIC_0029842,HAM_0006865,nv,3,2.9672392e-05,4.0478215e-05,3.3557622e-05,0.00018238778,0.0006635731,0.99853575,0.0005146351
ISIC_0025572,HAM_0003268,nv,3,0.001111751,0.0030891898,0.002988303,0.0075696665,0.001169665,0.9834752,0.0005962408
ISIC_0025535,HAM_0001268,nv,3,0.00080623507,0.00026457306,0.004363789,0.00031235273,0.044320885,0.94947493,0.00045714132
ISIC_0030696,HAM_0003796,nv,3,0.00011103147,0.0041299667,0.00636546,0.00037123857,0.00026479457,0.9881242,0.00063335086
ISIC_0030030,HAM_0007382,nv,3,0.0023251497,0.013960962,0.022168389,0.0019465334,0.0014550417,0.95746803,0.0006759967
ISIC_0029923,HAM_0000870,nv,3,7.537311e-05,0.00032107325,0.00042535292,0.00044751074,0.00026957985,0.9971783,0.0012828008
ISIC_0025342,HAM_0005293,nv,3,0.002305794,0.5279591,0.00926773,0.0112666935,0.0034681738,0.44026566,0.0054668705
ISIC_0028471,HAM_0004085,nv,3,0.0010996168,0.0011751173,0.0020948732,0.0015689875,0.0020413557,0.9880596,0.0039603557
ISIC_0031098,HAM_0006504,nv,3,0.0014216099,0.0012644059,0.0016093226,0.0028466017,0.0021424415,0.9880519,0.0026637092
ISIC_0028799,HAM_0001727,nv,3,0.00061125105,0.00028259744,0.0003121965,0.0031000236,0.006753739,0.98873305,0.0002071569
ISIC_0031246,HAM_0003538,nv,3,0.0015967872,0.0014271636,0.0017366848,0.0018869953,0.0055702743,0.9861168,0.0016652676
ISIC_0031899,HAM_0002437,nv,3,2.828164e-05,3.4787012e-05,1.6789076e-05,0.0002021006,0.000219057,0.9993587,0.00014029893
ISIC_0026542,HAM_0006929,nv,3,4.9233488e-05,8.424114e-05,0.00077466713,0.000205066,0.0016576822,0.99708337,0.00014569786
ISIC_0030098,HAM_0003975,nv,3,0.0003022261,0.002160235,0.00017871364,0.0067192907,0.0029598183,0.98754,0.00013972707
ISIC_0026381,HAM_0002274,nv,3,0.00028106055,0.08247172,0.0007492247,0.0009215621,0.0016606051,0.9059099,0.008005911
ISIC_0031283,HAM_0000411,nv,3,0.00092502416,0.0015735191,0.0008530047,0.0010279159,0.0029483458,0.98994607,0.0027261085
ISIC_0029256,HAM_0001783,nv,3,0.00029966683,9.265133e-05,0.00032911965,0.00021563127,0.0023988616,0.9965418,0.00012226455
ISIC_0029124,HAM_0001626,nv,3,0.0008279393,0.00012703062,0.004674591,0.00013843011,9.739776e-05,0.9937808,0.00035383907
ISIC_0031936,HAM_0002077,nv,3,0.0004460534,0.00015228163,0.00018048605,0.00016021439,0.0014402296,0.997334,0.00028673088
ISIC_0027499,HAM_0001070,nv,3,0.0001237352,0.00012766298,0.0001853861,0.00043230026,0.00027092316,0.99872786,0.00013210191
ISIC_0029244,HAM_0004315,nv,3,4.2083946e-05,0.00048837444,7.575898e-05,0.00019688802,0.00039889163,0.9983759,0.00042213724
ISIC_0027424,HAM_0002840,nv,3,0.003005235,0.0004958896,0.006795589,0.0012177873,0.06450624,0.9214437,0.002535609
ISIC_0030040,HAM_0003543,nv,3,0.0011107036,0.001298544,0.001721972,0.0019627167,0.0063581956,0.98350865,0.004039049
ISIC_0029280,HAM_0006674,nv,3,0.006353827,0.0022727286,0.013362678,0.011163572,0.005674714,0.96088636,0.00028613702
ISIC_0026073,HAM_0002751,nv,3,0.0002615361,0.00013608122,0.0009632213,0.00032612326,0.0095214145,0.9884338,0.0003578267
ISIC_0032229,HAM_0002849,nv,3,0.0026030412,0.00036703286,0.00034412273,0.2696987,0.0062856693,0.72034293,0.00035853058
ISIC_0026863,HAM_0002822,nv,3,0.00030775808,0.0011434599,0.000664374,0.0064324383,0.0020029189,0.93733716,0.05211197
ISIC_0026703,HAM_0005290,nv,3,0.0027958394,0.0015637358,0.0016387809,0.001384041,0.0034481892,0.98475236,0.0044170357
ISIC_0028199,HAM_0005460,nv,3,3.2618366e-06,3.889268e-05,1.7188672e-06,4.0441988e-05,5.339412e-05,0.9995925,0.0002699687
ISIC_0026238,HAM_0001375,nv,3,0.0031941996,0.053973056,0.018176073,0.00920669,0.0007527848,0.91021454,0.0044826022
ISIC_0025864,HAM_0005630,nv,3,0.0018900777,0.00022419971,0.0027554233,0.0008273281,0.02309342,0.970517,0.00069260993
ISIC_0032319,HAM_0002352,nv,3,7.369804e-05,4.9430226e-05,4.8568927e-05,0.00023137024,0.0003431138,0.99911445,0.00013930906
ISIC_0031886,HAM_0006949,nv,3,0.00027074633,0.0010956811,0.00031591687,0.001728806,0.00024699926,0.99467033,0.0016715302
ISIC_0025688,HAM_0007612,nv,3,0.0013704447,0.00053379906,0.0005794334,0.0020507618,0.00069078733,0.99382496,0.00094974303
ISIC_0031509,HAM_0000560,nv,3,0.00044022067,0.0003465469,0.00047367346,0.0013216567,0.0006046555,0.99540883,0.0014044939
ISIC_0030948,HAM_0001255,nv,3,0.00037653913,0.002305456,0.00050078565,0.0020635722,0.0026522682,0.9847692,0.007332091
ISIC_0032332,HAM_0004449,nv,3,0.00013748732,0.00038371453,9.523468e-05,0.000411063,0.00016845299,0.99864703,0.00015701544
ISIC_0024487,HAM_0007053,nv,3,0.000348643,0.0006106936,0.0027530228,0.00079261494,0.009736513,0.98014396,0.0056144632
ISIC_0031316,HAM_0006089,nv,3,0.00085954496,0.0024260043,0.002112901,0.001008843,0.002241497,0.98111224,0.010238825
ISIC_0025273,HAM_0004840,nv,3,0.012219573,0.011936506,0.08963222,0.018981572,0.015045016,0.83111286,0.021072332
ISIC_0031458,HAM_0007561,nv,3,0.00019318888,0.0010246695,0.00059856055,0.0019473317,0.0012014749,0.99310356,0.001931234
ISIC_0031962,HAM_0001092,nv,3,0.0002639184,0.00036002984,0.0026193566,0.00057420344,0.0011385992,0.99451953,0.0005243521
ISIC_0032299,HAM_0002090,nv,3,0.00020524091,0.00016816838,9.924801e-05,0.00017589507,0.0002571785,0.9989089,0.0001854197
ISIC_0029005,HAM_0007318,nv,3,0.000116621355,0.00033581138,0.0006403773,0.0013716589,0.0024135155,0.9942199,0.00090219517
ISIC_0029292,HAM_0004295,nv,3,0.00029265744,0.00019476158,0.00041717046,0.00026465228,0.007209135,0.9914586,0.00016304755
ISIC_0027914,HAM_0001187,nv,3,0.0008830887,0.0006479771,0.00769231,0.00091379415,0.001776066,0.9865609,0.0015258404
ISIC_0031605,HAM_0000972,nv,3,7.5613316e-05,0.002518069,0.00040876173,0.0004555616,0.0014523739,0.99451196,0.00057757343
ISIC_0026636,HAM_0005222,nv,3,0.0002493941,0.0011622311,0.00047884556,0.000904263,0.0029462033,0.9926137,0.0016454235
ISIC_0026801,HAM_0007417,nv,3,0.00043454507,4.4914847e-05,0.0003887636,0.0010972575,0.00077013456,0.9970746,0.00018983867
ISIC_0030720,HAM_0002663,nv,3,0.00010179273,0.00066409615,5.8568927e-05,0.00023911451,4.2599597e-05,0.998835,5.8913112e-05
ISIC_0029716,HAM_0000098,nv,3,0.000433581,0.0005322731,0.000432735,0.0012393862,0.0012387813,0.9948625,0.0012607492
ISIC_0031232,HAM_0004644,nv,3,0.0001844405,9.077125e-05,0.0003919888,0.000386666,0.00516344,0.9936336,0.00014907304
ISIC_0031027,HAM_0006499,nv,3,0.00075188145,0.0016551403,0.00062211533,0.0009532558,0.029252239,0.96398264,0.0027826873
ISIC_0024385,HAM_0006164,nv,3,0.003010052,0.0064316737,0.0022654599,0.00070765655,0.001033664,0.9848455,0.0017058889
ISIC_0027096,HAM_0000656,nv,3,0.0030213583,0.00077216944,0.0013819285,0.0023404316,0.006423601,0.98421,0.0018505302
ISIC_0028296,HAM_0006365,nv,3,0.0009328456,0.00012943023,0.0008518576,0.004138074,0.00075286365,0.99296874,0.00022627151
ISIC_0027079,HAM_0000246,nv,3,0.00010862475,0.0002085634,6.3422165e-05,0.00088023115,0.0002288385,0.99836665,0.00014376394
ISIC_0030364,HAM_0001709,nv,3,0.0015550045,0.003403082,0.025454398,0.020323765,0.00095614104,0.94542503,0.0028825228
ISIC_0028838,HAM_0004541,nv,3,0.00021238116,0.00010442005,0.00087365817,0.0012642016,0.00037750276,0.99697816,0.00018963503
ISIC_0029376,HAM_0002637,nv,3,0.00058429915,0.000628087,0.007864738,0.0010095782,0.007983714,0.97513855,0.0067910096
ISIC_0025497,HAM_0007006,nv,3,0.0005021718,0.00026128767,0.00058767194,0.0006098898,0.0007789191,0.99621236,0.0010476385
ISIC_0029939,HAM_0001557,nv,3,0.00012106458,8.568014e-05,0.0006052849,4.9976785e-05,0.0002037374,0.998393,0.00054125075
ISIC_0028575,HAM_0003528,nv,3,0.00015592651,0.00013760466,0.00092577835,0.0004076147,0.0005765154,0.9975491,0.00024747234
ISIC_0029971,HAM_0004459,nv,3,0.00041209685,0.000738238,0.0014425796,0.0006445317,0.003991851,0.99094534,0.001825373
ISIC_0027280,HAM_0005618,nv,3,0.000363481,0.012651509,0.0031019,0.0010204037,0.0017812711,0.98079395,0.00028753714
ISIC_0029429,HAM_0003794,nv,3,0.000557451,0.00022833103,0.018388273,0.0008158528,0.069940895,0.9087806,0.0012885402
ISIC_0027862,HAM_0007271,nv,3,3.8916172e-05,0.017242972,0.00022791848,0.0053861476,0.0012357307,0.9751203,0.0007480461
ISIC_0026837,HAM_0007481,nv,3,0.002852726,0.003788486,0.0023603782,0.0048349123,0.0037681921,0.97864175,0.0037535012
ISIC_0030353,HAM_0000737,nv,3,0.00024921627,0.0001548931,0.0035460677,0.00028517036,0.0005239966,0.99481624,0.00042434537
ISIC_0030266,HAM_0007458,nv,3,0.001876593,9.4059455e-05,0.004369072,0.0033564328,6.962654e-05,0.9901838,5.0444825e-05
ISIC_0032172,HAM_0007517,nv,3,0.001377498,0.0066556367,0.012098971,0.03358624,0.0026629872,0.9379591,0.0056596086
ISIC_0030424,HAM_0006452,nv,3,0.00016709875,3.7945963e-05,0.00018532306,0.00016322792,0.0007950456,0.9983883,0.0002631401
ISIC_0031804,HAM_0005441,nv,3,0.00042707194,0.00010573716,0.0007967075,0.00051014085,0.00022275523,0.997792,0.00014551691
ISIC_0028841,HAM_0007143,nv,3,0.00014943625,0.00015845387,0.00024255896,0.0008386936,0.00017436779,0.9980019,0.0004345246
ISIC_0025385,HAM_0000596,nv,3,0.00027751934,9.6095624e-05,0.00018999247,0.00031232825,0.012635304,0.98625666,0.00023210265
ISIC_0024927,HAM_0002964,nv,3,0.0021649883,0.0006481458,0.0011079297,0.0014101613,0.0073204855,0.98585445,0.001493797
ISIC_0026289,HAM_0005233,nv,3,0.0013124065,0.0008699929,0.00042358675,0.0019292213,0.011589334,0.98146856,0.0024068232
ISIC_0030161,HAM_0000622,nv,3,0.0031937978,0.0042145997,0.003576884,0.004775767,0.04145827,0.9262394,0.016541364
ISIC_0025042,HAM_0004610,nv,3,0.0044908673,0.0021130652,0.0063238684,0.004932253,0.052562706,0.92264193,0.006935244
ISIC_0024768,HAM_0003024,nv,3,0.0049409834,0.0024693646,0.0034250268,0.0069781174,0.0007278074,0.9798106,0.0016481673
ISIC_0032131,HAM_0003173,nv,3,0.00017853992,0.00020955129,0.0003342086,0.002256191,0.00031395993,0.9962618,0.00044579146
ISIC_0028047,HAM_0002621,nv,3,0.0023041053,0.0013664712,0.0005564345,0.0024182217,0.002539229,0.98852706,0.0022884088
ISIC_0025486,HAM_0006784,nv,3,0.00018562465,0.00017234666,7.383639e-05,0.00034814986,0.0007948826,0.9980617,0.00036343542
ISIC_0029737,HAM_0000515,nv,3,0.00021666402,9.192067e-05,0.00030644168,0.0005966241,0.0002909844,0.9983854,0.000111965586
ISIC_0026990,HAM_0000568,nv,3,0.00015331706,0.00012910592,0.000110430134,0.0011068956,9.745425e-05,0.99824905,0.00015376689
ISIC_0028366,HAM_0002435,nv,3,0.00038740234,8.1442195e-05,5.663415e-05,0.000560374,0.00035135867,0.99844664,0.00011620574
ISIC_0027870,HAM_0005129,nv,3,0.0052971314,0.00018673786,0.070633,0.012139694,0.010927543,0.9000221,0.0007939111
ISIC_0025212,HAM_0003474,nv,3,0.00016938806,7.5165495e-05,0.02686551,0.00809806,0.01724434,0.94704187,0.00050569937
ISIC_0027516,HAM_0001685,nv,3,0.00057230267,0.0076051597,0.003978392,0.0049985563,0.0004154472,0.97585994,0.0065702777
ISIC_0024350,HAM_0006264,nv,3,0.00016438782,0.0004660163,0.00016026646,0.00096088374,0.00050932576,0.99571145,0.0020277451
ISIC_0024526,HAM_0000290,nv,3,0.00029469156,0.000603488,0.00022771998,0.0015463369,0.0011497012,0.99542916,0.0007488558
ISIC_0029908,HAM_0001646,nv,3,0.0014639974,0.010177674,0.0027808931,0.022044973,0.0023189895,0.9502799,0.010933556
ISIC_0029658,HAM_0005593,nv,3,0.003063374,0.0032897317,0.008118345,0.01069027,0.0018836076,0.9662506,0.006704105
ISIC_0031740,HAM_0005934,nv,3,0.0034293546,0.0037152655,0.003436059,0.003576427,0.043020166,0.9379533,0.0048693377
ISIC_0031375,HAM_0000127,nv,3,0.00020347003,0.00013794386,0.0014693413,0.0063950056,0.0013602464,0.99029,0.00014400033
ISIC_0028532,HAM_0002041,nv,3,0.0008386846,0.0010371555,0.00042130548,0.00179796,0.00020175015,0.99543613,0.00026701464
ISIC_0031751,HAM_0006858,nv,3,0.00020722797,0.00018951422,0.00021276466,2.2901051e-05,9.110768e-05,0.9992662,1.0241984e-05
ISIC_0032346,HAM_0001171,nv,3,0.000953383,0.00029041065,0.0010740128,0.00021750754,0.0008678532,0.9964168,0.00017996822
ISIC_0028475,HAM_0006897,nv,3,0.00030452476,0.0006059156,0.00025643557,0.0007559174,0.00035951938,0.9969964,0.0007213015
ISIC_0026723,HAM_0001549,nv,3,0.0004811182,0.0018470181,0.0015126535,0.000959625,0.0017040471,0.9905303,0.0029652494
ISIC_0026776,HAM_0004751,nv,3,0.00023631517,0.00014180093,0.0008593549,0.0013105199,0.00058545714,0.99634224,0.0005242881
ISIC_0025055,HAM_0006660,nv,3,0.0032957543,0.00067680463,0.014806652,0.0011728444,0.012801582,0.9642456,0.0030008187
ISIC_0030090,HAM_0005756,nv,3,0.00063359115,0.006563599,0.0017391808,0.0012588165,0.0019250977,0.98368406,0.004195571
ISIC_0032001,HAM_0003019,nv,3,4.83147e-05,8.869095e-05,0.00012004806,0.00054462586,0.0004410515,0.99777466,0.0009825852
ISIC_0028037,HAM_0001868,nv,3,0.00038672241,7.3161405e-05,0.0010035714,0.0014424718,0.007722147,0.98893785,0.00043395528
ISIC_0028286,HAM_0005470,nv,3,0.0008140339,0.0010003014,0.00092603156,0.0019508597,0.0029364626,0.9900568,0.0023155722
ISIC_0026882,HAM_0001789,nv,3,0.0004962402,0.000101608035,0.00072768814,0.20414615,0.0117730005,0.7825721,0.00018327107
ISIC_0024440,HAM_0001879,nv,3,0.00017145107,0.00017932858,0.00024463487,0.0024467136,0.00015027425,0.9967614,4.632604e-05
ISIC_0031484,HAM_0005930,nv,3,0.0022040808,0.005078558,0.0065405285,0.0014711047,0.0046740198,0.97849303,0.0015386963
ISIC_0027520,HAM_0002055,nv,3,5.6740126e-05,0.0001854089,3.267871e-05,0.00010016722,0.00018137941,0.99933845,0.00010517958
ISIC_0027926,HAM_0006360,nv,3,0.00018589011,0.0009563225,0.0005423743,0.0003076805,0.00019768585,0.9975388,0.00027126208
ISIC_0031338,HAM_0005996,nv,3,0.00023282159,2.437204e-05,0.00015646174,0.0003075362,0.0021535694,0.9970709,5.438949e-05
ISIC_0030136,HAM_0001867,nv,3,0.00018523521,4.8986672e-05,0.0002074536,0.0001645908,0.0052212584,0.99402446,0.00014811568
ISIC_0030112,HAM_0005152,nv,3,0.0001426081,0.0001885564,0.00015677737,6.151493e-05,0.00027314495,0.9990823,9.518319e-05
ISIC_0028783,HAM_0007326,nv,3,0.00020788508,0.0008182465,0.000281934,0.0003698721,0.00017000256,0.9980393,0.00011280462
ISIC_0029403,HAM_0007506,nv,3,0.00069193664,0.00040836062,0.0011089557,0.00058153213,0.0017938709,0.9945068,0.0009086458
ISIC_0026408,HAM_0000271,nv,3,0.0002277972,5.568798e-05,0.00016208545,9.021415e-05,0.00024048434,0.99917597,4.7725574e-05
ISIC_0029416,HAM_0005455,nv,3,0.0017518502,0.0014228539,0.00075567205,0.0023174272,0.0075744726,0.98217946,0.0039982945
ISIC_0026605,HAM_0006979,nv,3,5.2168787e-05,0.0006919027,4.4448363e-05,0.0038893907,0.0007121254,0.99445796,0.00015213936
ISIC_0024423,HAM_0006485,nv,3,0.0025316183,0.0003262898,0.003481497,0.002016412,0.009479877,0.9802848,0.0018795027
ISIC_0030430,HAM_0003185,nv,3,1.026405e-05,3.016772e-05,6.202115e-05,5.3205156e-05,0.00023868193,0.99946517,0.00014045095
ISIC_0027011,HAM_0000307,nv,3,0.0001672347,0.00024595298,0.00019380628,0.00039961113,0.0002757234,0.99822515,0.00049249106
ISIC_0025737,HAM_0000091,nv,3,0.00031728178,0.004202902,0.0003229083,0.0010849427,0.0024521297,0.9911937,0.0004261162
ISIC_0028001,HAM_0005778,nv,3,7.682585e-05,8.487253e-05,0.00045060186,0.00033404233,0.0040378,0.9947942,0.00022165265
ISIC_0031576,HAM_0002195,nv,3,0.0001564734,0.0008393045,0.00076121616,0.0009755138,0.08011091,0.9168208,0.00033581414
ISIC_0025760,HAM_0007015,nv,3,0.00056482566,0.00051730184,0.0010000509,0.000979751,0.002175796,0.990776,0.0039863
ISIC_0028149,HAM_0004650,nv,3,0.006943594,0.00029554954,0.003117521,0.0011263381,0.0013284475,0.9866964,0.00049206073
ISIC_0029813,HAM_0007457,nv,3,0.00013916755,0.0004479241,0.0017681175,0.011055448,0.00083275634,0.9855084,0.00024809295
ISIC_0032506,HAM_0002917,nv,3,6.356211e-05,0.00024870696,0.00014982073,0.00044336813,0.00029190595,0.9986173,0.00018536557
ISIC_0028533,HAM_0001404,nv,3,0.0006189131,0.0017374809,0.0018253151,0.004160883,0.0012105904,0.9856059,0.0048408704
ISIC_0029996,HAM_0004001,nv,3,0.00023900802,0.00087767676,0.0011903062,0.0071592126,0.000934282,0.98339164,0.0062078955
ISIC_0026390,HAM_0004066,nv,3,0.0014877046,0.0006436139,0.0015644393,0.0015008379,0.004754538,0.9885684,0.0014804582
ISIC_0028295,HAM_0007186,nv,3,0.00021265411,0.00023309911,0.0005136299,0.00039036758,0.0016413035,0.9963116,0.00069726596
ISIC_0032465,HAM_0004557,nv,3,0.0003414857,0.005340431,0.0014603491,0.0018227661,0.00070068316,0.9885642,0.0017701393
ISIC_0026288,HAM_0000932,nv,3,0.000595237,0.001277463,0.03935451,0.0035461849,0.00077482057,0.95161206,0.0028397168
ISIC_0026121,HAM_0002415,nv,3,0.0003492068,0.0005531477,0.0003424525,0.00039686408,0.00011927663,0.99718887,0.0010502026
ISIC_0030611,HAM_0001795,nv,3,0.0020024495,0.0025611715,0.0008512089,0.0029407023,0.0018737932,0.98593444,0.0038363354
ISIC_0027778,HAM_0006682,nv,3,0.00011770534,0.0005055788,6.487623e-05,0.00090013724,0.00019311803,0.9975986,0.0006200534
ISIC_0027860,HAM_0004900,nv,3,0.014824428,0.0041186055,0.00973635,0.008676618,0.090324186,0.8653819,0.0069378996
ISIC_0027199,HAM_0006846,nv,3,0.0044229124,0.007865468,0.012286818,0.039594606,0.00087775383,0.92569834,0.00925422
ISIC_0025124,HAM_0004484,nv,3,0.00021967903,0.003053377,0.0003171437,0.00019538657,0.00013481268,0.9946402,0.0014393672
ISIC_0027565,HAM_0004733,nv,3,0.032675147,0.008005434,0.029780127,0.006054633,0.012867824,0.9029855,0.0076313824
ISIC_0028053,HAM_0002237,nv,3,0.0014022109,0.0050891596,0.02774783,0.06012051,0.0719197,0.8279143,0.00580633
ISIC_0028327,HAM_0000449,nv,3,7.90105e-06,0.00025834615,0.00015390816,1.4447353e-05,2.884445e-05,0.9995321,4.5460615e-06
ISIC_0030952,HAM_0003896,nv,3,0.0005005926,0.011304771,0.021348191,0.0019133538,0.0038219173,0.95783734,0.003273851
ISIC_0027805,HAM_0003962,nv,3,9.614703e-05,7.343108e-05,0.00030690033,0.00048258627,0.00026650948,0.99841607,0.00035827764
ISIC_0029763,HAM_0005739,nv,3,0.0011886811,0.0010239568,0.0093908785,3.93653e-05,3.289094e-05,0.9883025,2.1739585e-05
ISIC_0027844,HAM_0004595,nv,3,0.00011513283,0.0001238819,0.00012744043,0.00029529684,0.00014314527,0.9989359,0.0002592026
ISIC_0028946,HAM_0003109,nv,3,0.0005529579,0.00022081232,0.00022538747,0.00043359803,0.0009392363,0.9968466,0.0007813202
ISIC_0027986,HAM_0003725,nv,3,0.0016707063,0.0033568414,0.0062503875,0.0014990746,0.0010222802,0.9845185,0.0016821664
ISIC_0029069,HAM_0003792,nv,3,0.00012472241,0.00057530426,0.00015643694,0.00152333,0.00023483965,0.99691284,0.00047253972
ISIC_0030257,HAM_0001370,nv,3,0.0007820011,0.002965687,0.0034859125,0.005119246,0.0028160943,0.98128855,0.0035425366
ISIC_0031805,HAM_0005023,nv,3,0.0009825834,0.0006077214,0.00054051855,0.0024390526,0.0012555165,0.9926704,0.0015041248
ISIC_0029224,HAM_0006695,nv,3,0.00063600246,0.0004388285,0.00086339004,0.00231295,0.0007150768,0.9942009,0.0008327501
ISIC_0028828,HAM_0002690,nv,3,0.015885524,0.0011002107,0.008449234,0.0022997637,0.15795317,0.8131946,0.0011175364
ISIC_0026736,HAM_0001844,nv,3,0.00019867107,1.9403991e-05,0.0019942974,0.00017430232,0.003613852,0.9937378,0.00026165874
ISIC_0027779,HAM_0001829,nv,3,5.906223e-05,1.8368237e-05,0.0002679495,0.00025693074,0.0017983183,0.99745935,0.00014003228
ISIC_0027630,HAM_0000108,nv,3,0.0010690952,0.0021776326,0.00042984946,0.0008317995,0.0016064701,0.99209654,0.0017886498
ISIC_0025828,HAM_0006515,nv,3,8.531393e-05,0.00025544764,2.444285e-05,0.00032928502,0.001056735,0.9980166,0.00023213387
ISIC_0029955,HAM_0003906,nv,3,0.00025600547,0.007871311,0.00020212182,0.00041029582,0.00070135295,0.9895092,0.0010497754
ISIC_0027169,HAM_0003844,nv,3,0.00065775483,0.0009262253,0.0004999051,0.0012403013,0.0007008605,0.9946253,0.0013496253
ISIC_0025048,HAM_0005734,nv,3,0.00064285693,0.0005712107,0.0003976028,0.0006273522,0.00060038,0.9961223,0.0010383772
ISIC_0028341,HAM_0006804,nv,3,0.00097623165,0.0011280334,0.0006032034,0.0033363837,0.0037919993,0.98914707,0.0010171048
ISIC_0027899,HAM_0005644,nv,3,0.000102186794,0.00020342125,7.078272e-05,0.0004196412,0.008070277,0.9910199,0.00011377517
ISIC_0028315,HAM_0002516,nv,3,0.00032468318,0.00019387717,0.0002063812,0.0006406847,0.0008731503,0.9966419,0.0011192329
ISIC_0024942,HAM_0002220,nv,3,0.00017951411,0.00027695292,0.0003175281,0.0010752332,0.0026231695,0.9804065,0.015121118
ISIC_0032262,HAM_0003061,nv,3,9.7308446e-05,0.00018322197,0.0002514149,0.00045994573,0.00013030502,0.9987042,0.00017364055
ISIC_0028234,HAM_0003618,nv,3,0.000238936,0.00027287344,0.00084875774,0.00034595645,0.002249869,0.9946837,0.0013599583
ISIC_0031689,HAM_0001478,nv,3,0.003282305,0.0042186803,0.0049033226,0.014785881,0.035984095,0.9199212,0.016904568
ISIC_0028152,HAM_0004825,nv,3,0.0011173688,0.0024133027,0.004358738,0.0024537016,0.0025777428,0.9855533,0.0015257713
ISIC_0025697,HAM_0003459,nv,3,7.842052e-05,0.00029973715,0.00076877663,0.0029657881,0.0018015883,0.9938595,0.0002260326
ISIC_0028439,HAM_0000684,nv,3,0.0014115906,0.0020953834,0.0028431495,0.0010972028,0.0017227741,0.9849281,0.0059018102
ISIC_0031446,HAM_0002336,nv,3,0.00012719445,0.00016966111,0.0004267363,0.00017182875,5.984817e-05,0.99895704,8.767588e-05
ISIC_0025604,HAM_0004903,nv,3,0.00036400612,0.00069482153,0.001105453,0.0004946306,0.00021087642,0.99670464,0.00042556628
ISIC_0027791,HAM_0005544,nv,3,0.0018439337,0.00055419025,0.0022581317,0.0010133567,0.0027884208,0.9912934,0.00024857637
ISIC_0026031,HAM_0003261,nv,3,0.00025408366,0.00021105458,0.00031931538,0.00042509477,0.0018345076,0.99365765,0.0032982265
ISIC_0031409,HAM_0003403,nv,3,3.1791147e-05,9.109675e-05,6.310087e-05,0.00023814022,0.00026244138,0.99914634,0.00016706242
ISIC_0032217,HAM_0006503,nv,3,0.00018497508,0.00015038368,0.00024553124,0.0013934086,0.0014499773,0.99262846,0.003947225
ISIC_0028724,HAM_0006450,nv,3,0.00100597,0.0061263116,0.012994758,0.021634985,0.4857236,0.37169054,0.10082377
ISIC_0032155,HAM_0002052,nv,3,0.00022208747,0.00024534875,0.00027801658,0.0076028192,0.001389317,0.9899553,0.00030713584
ISIC_0029869,HAM_0004995,nv,3,0.0002770737,0.00025927188,0.00300182,0.0021017566,0.0008694304,0.9923959,0.0010947781
ISIC_0029214,HAM_0004886,nv,3,0.00028213364,0.00093598507,0.010149143,0.0006320834,0.006896656,0.9718066,0.009297473
ISIC_0027112,HAM_0004886,nv,3,0.0005522122,0.00087215187,0.091606766,0.00034556552,0.042063687,0.859015,0.005544562
ISIC_0027757,HAM_0007112,nv,3,0.00016008715,0.00019347947,0.0015412774,0.000419719,0.023898661,0.973457,0.0003297631
ISIC_0026819,HAM_0007112,nv,3,0.0071046352,0.007111577,0.039932393,0.013508587,0.19015828,0.6814507,0.060733736
ISIC_0028791,HAM_0006032,nv,3,0.0002142622,0.00078757474,0.0014872745,0.00013726151,0.060699143,0.93660134,7.318436e-05
ISIC_0027501,HAM_0006032,nv,3,0.0020088959,0.0009944757,0.0030245583,0.0004117349,0.30611244,0.6871456,0.00030241066
ISIC_0029190,HAM_0000965,nv,3,0.0022635704,0.0015196893,0.5714594,0.0040748506,0.07007461,0.34728527,0.0033225499
ISIC_0027855,HAM_0000965,nv,3,0.0011520283,0.00035306852,0.04235203,0.0012323303,0.02793836,0.9251914,0.0017808147
ISIC_0027444,HAM_0006347,nv,3,0.00023298245,0.00010158389,0.0048328405,0.00039169926,0.375393,0.6189184,0.00012942123
ISIC_0025702,HAM_0006347,nv,3,0.00017470181,0.00013394853,0.001077519,0.00046388802,0.453345,0.5447065,9.838239e-05
ISIC_0031617,HAM_0000376,nv,3,0.001575006,0.0010846012,0.001575006,0.025718944,0.8142814,0.15571216,5.2954674e-05
ISIC_0025173,HAM_0000376,nv,3,0.01399213,0.00051870145,0.009960739,0.119582064,0.2788524,0.5766555,0.00043849996
ISIC_0027249,HAM_0001869,nv,3,4.1387862e-05,0.00015974417,0.0014696975,6.523954e-05,0.004623041,0.9934362,0.00020471534
ISIC_0031563,HAM_0001869,nv,3,4.5784473e-06,3.524683e-05,0.00082808343,2.0439182e-05,0.00018585619,0.9988188,0.00010688469
ISIC_0029985,HAM_0004763,nv,3,0.00017270877,0.0020795108,0.0017273454,9.40837e-05,0.32092103,0.52807695,0.14692837
ISIC_0024891,HAM_0004763,nv,3,0.0008225323,0.002224984,0.0024748878,7.909036e-05,0.14105697,0.70112026,0.15222135
ISIC_0028461,HAM_0000072,nv,3,0.008770647,0.0011150626,0.0061588804,0.036335576,0.31836784,0.6282228,0.0010292521
ISIC_0031474,HAM_0000072,nv,3,3.646462e-05,0.001699585,0.00022867003,0.017853342,0.0860724,0.8583342,0.035775352
ISIC_0025943,HAM_0005162,nv,3,2.1446367e-06,5.81354e-05,4.7309928e-05,4.1996216e-05,0.00071448635,0.9982424,0.000893545
ISIC_0025568,HAM_0005162,nv,3,0.0001301964,0.0016851182,0.010363002,0.00032795366,0.05171065,0.93467146,0.0011116219
ISIC_0026887,HAM_0005162,nv,3,0.00017265666,0.00026173188,0.003023281,0.00024206242,0.012822058,0.9824349,0.0010432886
ISIC_0024604,HAM_0003767,nv,3,0.07378801,0.050073948,0.16832612,0.0017361752,0.023144854,0.68153036,0.001400516
ISIC_0027358,HAM_0003767,nv,3,0.0136274835,0.05336093,0.58229166,0.0028648567,0.06860049,0.2766715,0.0025831324
ISIC_0030247,HAM_0003767,nv,3,0.025715632,0.0040757637,0.5721459,0.0050083813,0.03867921,0.35386845,0.0005066662
ISIC_0024986,HAM_0000837,nv,3,0.00050228514,0.00024767977,0.0057638073,0.0006758985,0.4206838,0.5705318,0.0015947007
ISIC_0031555,HAM_0000837,nv,3,0.00043325697,0.00046663606,0.00877045,0.00033874146,0.06660182,0.9230082,0.00038085724
ISIC_0024824,HAM_0005188,nv,3,0.0006308971,0.00052303204,0.026307559,0.0004327628,0.03302931,0.93830496,0.00077148306
ISIC_0030666,HAM_0005188,nv,3,0.010258961,0.0002021781,0.06389576,0.0007352162,0.58642805,0.33807534,0.00040444202
ISIC_0029409,HAM_0003677,nv,3,0.001472659,0.00034808335,0.3441822,0.0005817925,0.042287495,0.6099864,0.0011413215
ISIC_0032364,HAM_0003677,nv,3,0.0013090358,0.00040157948,0.36083886,0.00053932983,0.09394676,0.54168326,0.0012812119
ISIC_0030829,HAM_0005859,nv,3,0.0030591055,0.0051155384,0.004160934,0.004883665,0.04002129,0.9324813,0.010278317
ISIC_0025367,HAM_0005859,nv,3,0.0027255206,0.0066249515,0.0016956226,0.00533631,0.12530921,0.85466224,0.003646162
ISIC_0025588,HAM_0002207,nv,3,0.0010482761,0.00043189543,0.0017452759,0.010896652,0.043797158,0.94192743,0.00015339669
ISIC_0027772,HAM_0002207,nv,3,0.00096241094,0.000648661,0.002986226,0.0027150097,0.3017905,0.6908053,9.182018e-05
ISIC_0027768,HAM_0005227,nv,3,0.00016653242,0.0038452512,0.021726407,0.00031051645,0.03692179,0.9365476,0.00048187756
ISIC_0027410,HAM_0005227,nv,3,0.000299834,0.0019589858,0.13895439,0.0009888953,0.06570153,0.79185635,0.00023998413
ISIC_0030194,HAM_0000589,nv,3,0.0007030713,6.866821e-05,0.042241625,0.0004214662,0.10744723,0.8484458,0.0006721869
ISIC_0027103,HAM_0000589,nv,3,0.011278926,0.0037012782,0.10922871,0.014920278,0.14799151,0.6863135,0.026565824
ISIC_0030930,HAM_0001975,nv,3,0.00019751377,0.00037189844,0.01508937,0.0003426089,0.012731366,0.9707345,0.0005327199
ISIC_0028488,HAM_0001975,nv,3,0.0003768643,0.00073930697,0.94048476,0.00017560081,0.008806562,0.048975363,0.0004414604
ISIC_0029725,HAM_0004724,nv,3,0.000260626,2.0314372e-05,0.01042084,4.2173728e-05,0.95468926,0.034503937,6.294039e-05
ISIC_0024924,HAM_0004724,nv,3,4.007539e-05,3.0364354e-06,0.00062826346,1.1617135e-05,0.97899127,0.020318314,7.3987367e-06
ISIC_0026777,HAM_0000928,nv,3,0.00015929941,0.0027555476,0.0011253662,0.0311834,0.26533657,0.6990687,0.00037110635
ISIC_0031268,HAM_0000928,nv,3,0.0026184977,0.0008103811,0.010695546,0.003227104,0.13312809,0.84799457,0.0015258654
ISIC_0027086,HAM_0006629,nv,3,0.0053223763,0.00089032744,0.84332263,0.001188743,0.012834911,0.13291281,0.0035281975
ISIC_0025689,HAM_0006629,nv,3,0.0020183185,0.0006850238,0.9674154,0.00031701394,0.0012235744,0.027523981,0.00081666984
ISIC_0026055,HAM_0006605,nv,3,4.8464724e-05,4.980821e-05,0.0010311427,5.9380214e-05,0.0053609195,0.99308395,0.00036624298
ISIC_0027645,HAM_0006605,nv,3,0.001767635,0.003219583,0.02934766,0.002016732,0.04286772,0.913871,0.006909683
ISIC_0026237,HAM_0003299,nv,3,0.0017280868,0.026703853,0.22326136,0.013519645,0.012473139,0.71508795,0.0072259516
ISIC_0025547,HAM_0003299,nv,3,0.0007153017,0.0052034627,0.7368978,0.0070880214,0.005239154,0.24111204,0.003744255
ISIC_0026341,HAM_0002176,nv,3,0.0016041783,0.0003300725,0.0045476193,0.00059419224,0.2948536,0.69635105,0.0017193522
ISIC_0027697,HAM_0002176,nv,3,0.00050701434,6.689664e-05,0.002855999,0.0003027521,0.09871811,0.8972187,0.00033056553
ISIC_0028235,HAM_0002231,nv,3,0.000104452825,0.00015865061,0.9205439,8.0243335e-05,0.0051597217,0.07352466,0.0004283191
ISIC_0025631,HAM_0006312,nv,3,2.8254122e-05,0.00014209186,0.0044680885,2.9959101e-05,0.7867095,0.20845728,0.00016482943
ISIC_0031337,HAM_0006312,nv,3,0.0003731298,0.0011674198,0.042875975,0.00023903592,0.26367518,0.690633,0.0010362988
ISIC_0031440,HAM_0002100,nv,3,0.00017642618,0.0061202017,0.00084828364,0.002026993,0.42424175,0.56643707,0.0001491472
ISIC_0033380,HAM_0000262,nv,3,0.0007876911,0.00037941753,0.029249212,0.41123435,0.21376267,0.34427088,0.0003157793
ISIC_0030326,HAM_0000262,nv,3,0.00015589496,0.0003365389,0.16376926,0.014121718,0.45840606,0.36262906,0.0005814871
ISIC_0029826,HAM_0005159,nv,3,0.0006331222,0.00013585674,0.018466443,0.000212484,0.88456476,0.09581693,0.00017040255
ISIC_0025352,HAM_0005159,nv,3,0.001051944,0.00027996502,0.007508021,2.7666205e-05,0.9738003,0.017320823,1.11781565e-05
ISIC_0026403,HAM_0003663,nv,3,0.34452355,0.0009791026,0.013779311,0.00057558477,0.60702425,0.03303065,8.758186e-05
ISIC_0029491,HAM_0003663,nv,3,0.008133317,0.000306183,0.004801509,0.00029273308,0.9659078,0.020502139,5.630727e-05
ISIC_0025641,HAM_0003468,nv,3,0.00076575665,0.0012761545,0.0028800745,0.0004171486,0.20699994,0.7873367,0.00032424176
ISIC_0025228,HAM_0004892,nv,3,0.004412283,0.0007312711,0.0039532143,0.0012222591,0.7818308,0.20716454,0.0006856252
ISIC_0032691,HAM_0007541,nv,3,5.047668e-05,4.9019327e-05,4.292276e-05,9.71065e-05,0.01444006,0.9850205,0.00029998666
ISIC_0032540,HAM_0007541,nv,3,6.584222e-05,0.00065595313,0.00012916482,0.0002385003,0.063596144,0.9345385,0.0007759267
ISIC_0032573,HAM_0007541,nv,3,0.0003526369,0.00024331213,6.876351e-05,0.0010968575,0.038364664,0.9589958,0.00087791367
ISIC_0033347,HAM_0006080,nv,3,0.00014892464,0.00045160836,0.013197931,0.00012013265,0.013994352,0.9715456,0.0005415611
ISIC_0032668,HAM_0006080,nv,3,2.1012667e-05,0.00013125694,0.0017821133,8.692515e-05,0.0049931826,0.99137115,0.0016142608
ISIC_0032891,HAM_0006080,nv,3,0.00015333663,0.00025379885,0.00456062,0.00013879893,0.009912789,0.98481965,0.00016100956
ISIC_0034225,HAM_0002030,nv,3,0.00025564,0.00022340911,0.00019183985,0.00044647683,0.07907446,0.9192104,0.00059787376
ISIC_0032916,HAM_0002030,nv,3,0.00024828824,0.0001280577,0.000189257,0.00034069802,0.1757979,0.8224632,0.0008325982
ISIC_0033756,HAM_0002030,nv,3,0.00028168765,0.00029694094,0.00040035884,0.0003185711,0.037695017,0.96084124,0.00016624374
ISIC_0029553,HAM_0005048,nv,3,0.0030108027,0.0021496236,0.006942459,0.0053516347,0.69275975,0.28934982,0.00043587034
ISIC_0034267,HAM_0005116,nv,3,2.3602176e-06,9.7081494e-05,2.955041e-05,3.953211e-05,0.0013881221,0.9809276,0.017515881
ISIC_0033137,HAM_0005116,nv,3,3.5718294e-05,0.0007837122,0.00013692222,0.00032022453,0.0011071018,0.99454236,0.0030740192
ISIC_0032953,HAM_0005116,nv,3,3.073395e-05,0.0002660199,0.00020198237,0.00021754358,0.001368889,0.9734962,0.024418648
ISIC_0026584,HAM_0000459,nv,3,0.049087673,0.007610998,0.05533917,0.004273554,0.3976805,0.48251322,0.0034947922
ISIC_0034234,HAM_0004706,nv,3,9.503514e-05,6.791855e-05,0.00050381816,0.00031620637,0.04725109,0.950919,0.00084703893
ISIC_0033308,HAM_0004706,nv,3,1.6581556e-05,1.7309574e-05,0.00017550474,4.3346612e-05,0.0411384,0.9585095,9.941537e-05
ISIC_0034274,HAM_0004706,nv,3,7.711719e-05,1.6841428e-05,0.0024273247,0.00014720269,0.08261021,0.9145483,0.00017310872
ISIC_0033331,HAM_0005995,nv,3,5.91864e-05,4.591471e-05,0.00020983402,0.0010143471,0.5392202,0.45942134,2.9185168e-05
ISIC_0034192,HAM_0005995,nv,3,7.2631025e-05,1.6655424e-05,6.248968e-05,0.000116177434,0.040681027,0.95902586,2.5149682e-05
ISIC_0033689,HAM_0005995,nv,3,1.4290526e-05,5.5744335e-06,3.8921626e-05,3.3815693e-05,0.10667751,0.89319986,3.0017616e-05
ISIC_0033759,HAM_0002923,nv,3,2.7311897e-05,7.764095e-06,0.00030118148,5.34741e-05,0.001885027,0.9976739,5.1325198e-05
ISIC_0034144,HAM_0002923,nv,3,0.00018922848,2.5860609e-05,0.0176433,0.0003360211,0.102726996,0.8788017,0.0002769438
ISIC_0032992,HAM_0002923,nv,3,0.0002739798,6.394199e-05,0.051603027,0.00103905,0.3617111,0.5848262,0.0004827315
ISIC_0026177,HAM_0006583,nv,3,0.00018648517,0.0005159087,0.006950131,0.00017484477,0.15257065,0.8394155,0.00018648517
ISIC_0025990,HAM_0000609,nv,3,0.00063385535,4.940556e-05,0.6322842,0.00010561798,0.35606748,0.010715618,0.00014379984
ISIC_0025778,HAM_0000609,nv,3,0.00023622913,5.9147635e-05,0.21226346,0.000268206,0.6680163,0.119068995,8.775667e-05
ISIC_0027847,HAM_0000249,nv,3,0.00038091015,0.00015450396,0.014891995,0.00059343217,0.13937275,0.8438149,0.0007915625
ISIC_0030709,HAM_0000249,nv,3,0.0012789256,0.00030140745,0.0083122,0.0010417919,0.074767224,0.91263205,0.0016664051
ISIC_0028780,HAM_0000138,nv,3,0.00013680795,0.00030500736,0.0018251153,6.9195616e-05,0.013263841,0.9840554,0.00034460757
ISIC_0029902,HAM_0000138,nv,3,0.00015797527,0.0001909271,0.001432288,0.00045267429,0.13128093,0.86615014,0.0003350875
ISIC_0032666,HAM_0002574,nv,3,0.00020900901,9.465473e-06,0.0022824446,0.0003174582,0.014077574,0.98306656,3.7436675e-05
ISIC_0033157,HAM_0002574,nv,3,0.002628619,0.0004150964,0.05107297,0.0025652207,0.016990758,0.9249502,0.0013770923
ISIC_0032811,HAM_0002574,nv,3,0.0025316305,0.00021948993,0.0861601,0.0012767187,0.02998038,0.87872577,0.0011059875
ISIC_0032785,HAM_0004963,nv,3,1.978922e-05,0.00018269055,0.00071868463,1.9944433e-05,0.0057391096,0.9919253,0.0013944627
ISIC_0032563,HAM_0004963,nv,3,3.9505416e-05,0.00092406437,0.005096459,0.0014424439,0.020898527,0.92628556,0.045313474
ISIC_0033071,HAM_0004963,nv,3,7.733734e-05,0.0009990159,0.004295258,0.00080587366,0.015257783,0.95555913,0.023005517
ISIC_0033753,HAM_0004167,nv,3,0.0009494376,0.00017821993,0.0283769,0.00054574886,0.09178085,0.8776221,0.0005468158
ISIC_0033984,HAM_0002878,nv,3,0.00015969474,5.3639974e-06,0.00057817996,7.866955e-05,0.7917913,0.20735952,2.7240627e-05
ISIC_0032640,HAM_0002878,nv,3,2.6937556e-05,5.8370442e-06,0.0005907613,4.3299053e-05,0.7814544,0.21785137,2.7415257e-05
ISIC_0032599,HAM_0003352,nv,3,5.086519e-06,0.00011308688,4.7049638e-05,2.7071157e-05,0.9908132,0.008983603,1.0959119e-05
ISIC_0033472,HAM_0003352,nv,3,1.2767981e-06,3.7679692e-05,3.2418542e-05,2.348742e-05,0.9875173,0.0123825455,5.2407513e-06
ISIC_0032667,HAM_0003352,nv,3,1.4247095e-05,0.00032521377,0.0008631228,0.000112941,0.9479166,0.050730746,3.7171318e-05
ISIC_0033825,HAM_0007552,nv,3,0.0011511534,0.000141159,0.15003696,0.00038596484,0.19876668,0.64918995,0.00032820448
ISIC_0033857,HAM_0007552,nv,3,0.0019247958,5.0154802e-05,0.017306963,0.00022302898,0.9194404,0.061000045,5.46556e-05
ISIC_0032731,HAM_0007552,nv,3,0.0012242807,0.00012803405,0.043326296,0.00039283512,0.86177486,0.09280296,0.00035076228
ISIC_0032521,HAM_0005206,nv,3,0.00040437598,0.00031370056,0.0005346659,0.0008535597,0.029021222,0.96858853,0.0002839589
ISIC_0032674,HAM_0005206,nv,3,0.0007846416,0.00044533232,0.0037232637,0.0014138818,0.18213303,0.8067539,0.004745878
ISIC_0033958,HAM_0005206,nv,3,0.000503222,0.00085100846,0.0012775148,0.00083048345,0.057486914,0.9368966,0.0021541102
ISIC_0026810,HAM_0007306,nv,3,0.0003726665,3.8331415e-05,0.0016077613,0.00021886548,0.26671234,0.7306856,0.00036438933
ISIC_0033729,HAM_0000439,nv,3,0.00041194705,5.7858728e-05,0.0021156669,0.0016055898,0.2129775,0.7820884,0.0007430316
ISIC_0034307,HAM_0000439,nv,3,0.00014395136,8.885925e-05,0.0023506433,0.0020273707,0.406276,0.5888235,0.00028965608
ISIC_0034137,HAM_0000439,nv,3,0.00016197754,3.455443e-05,0.008913036,0.0005193078,0.13726178,0.852405,0.0007042858
ISIC_0032905,HAM_0003614,nv,3,0.0002503015,1.4343417e-05,0.011689148,0.0049870983,0.92496383,0.05798727,0.00010807467
ISIC_0034001,HAM_0003614,nv,3,0.00015878832,6.327567e-06,0.009246729,0.0013851832,0.89824396,0.09086965,8.94208e-05
ISIC_0032560,HAM_0003614,nv,3,0.0010278734,9.069596e-05,0.18690805,0.0010158982,0.22900458,0.5813672,0.00058566453
ISIC_0033427,HAM_0001641,nv,3,0.0040796786,0.00048157148,0.0013853324,0.01961571,0.03310778,0.939616,0.0017140015
ISIC_0033948,HAM_0001641,nv,3,0.00047164006,3.029852e-05,0.00036839134,0.0023902205,0.010293047,0.9863079,0.00013846674
ISIC_0033680,HAM_0001641,nv,3,0.00011299589,2.8625685e-05,0.000813603,0.00039209027,0.12319108,0.87539417,6.747292e-05
ISIC_0025009,HAM_0007278,nv,3,2.5433195e-05,2.051613e-05,3.885681e-05,4.193225e-05,0.0011819518,0.9986706,2.0798552e-05
ISIC_0033492,HAM_0002253,nv,3,0.0068488354,0.001281841,0.5111068,0.001718181,0.28782707,0.1869272,0.0042900788
ISIC_0032548,HAM_0002253,nv,3,0.0004516297,3.656863e-05,0.050793253,0.00051779597,0.69981104,0.24806754,0.0003221354
ISIC_0033106,HAM_0002253,nv,3,0.00302635,0.00078869995,0.6026294,0.0018809392,0.24064763,0.14510743,0.005919521
ISIC_0032942,HAM_0007483,nv,3,0.0004244887,0.002806118,0.00017234845,0.00023557237,0.0057465453,0.99030495,0.0003099566
ISIC_0032628,HAM_0007483,nv,3,0.00077992026,0.010263407,0.00044525397,0.0002287499,0.019006781,0.9691665,0.0001093275
ISIC_0033621,HAM_0001889,nv,3,0.0006917776,0.0010777425,0.013008348,0.0004653455,0.5265124,0.4574419,0.000802476
ISIC_0034116,HAM_0001889,nv,3,0.00079674757,0.0004495613,0.016286895,0.001178667,0.044969555,0.9355569,0.0007617481
ISIC_0034073,HAM_0001889,nv,3,0.00012752655,0.00014006053,0.0035772137,0.00023409959,0.2512647,0.7443001,0.00035626272
ISIC_0034088,HAM_0006666,nv,3,0.003712481,0.0062721204,0.0013764572,0.0017519401,0.8319811,0.15480545,0.00010029617
ISIC_0034268,HAM_0006666,nv,3,0.00053028105,0.00043705013,0.0023638245,0.00038269386,0.7932979,0.20294148,4.679016e-05
ISIC_0032908,HAM_0006666,nv,3,0.0011411211,0.0015325502,0.010069404,0.00023002869,0.38539812,0.60159796,3.082846e-05
ISIC_0034282,HAM_0004882,nv,3,0.00019092248,0.00049618346,0.0017411773,0.0005179685,0.01874686,0.9776267,0.0006801922
ISIC_0033357,HAM_0004882,nv,3,3.4458357e-05,0.0001830343,0.00310639,7.015374e-05,0.02571902,0.97077054,0.00011634368
ISIC_0034178,HAM_0004882,nv,3,2.7909324e-05,0.0001565805,0.0006545776,6.0959574e-05,0.00692996,0.99199814,0.00017197004
ISIC_0032707,HAM_0007124,nv,3,0.0001534413,6.8612953e-06,0.04254502,0.00048289652,0.120256305,0.8363761,0.00017939105
ISIC_0034311,HAM_0007124,nv,3,0.0006244499,2.0092522e-05,0.018663632,0.0012651245,0.07811776,0.90102226,0.00028673283
ISIC_0033637,HAM_0006873,nv,3,0.0005702267,0.0006986563,0.70307684,0.00015528355,0.0031758135,0.2919434,0.00037985283
ISIC_0033566,HAM_0006873,nv,3,0.018844677,0.007969604,0.1316731,0.00096871285,0.035935957,0.8034509,0.0011571354
ISIC_0032974,HAM_0002135,nv,3,0.008698554,0.16933969,0.0046879374,0.027482443,0.074232325,0.6613025,0.054256514
ISIC_0033746,HAM_0002135,nv,3,0.011277732,0.05965641,0.011842068,0.070636496,0.08214381,0.61574334,0.14870013
ISIC_0028863,HAM_0005651,nv,3,0.0009413816,5.4634686e-05,0.0048205797,0.00062587176,0.02251987,0.9707509,0.00028682494
ISIC_0030126,HAM_0005651,nv,3,0.0017136117,8.9935515e-05,0.0033847068,0.0012068545,0.12443201,0.8688051,0.00036771054
ISIC_0033940,HAM_0002208,nv,3,0.0020498596,0.00059829344,0.02851938,0.00034089736,0.48948672,0.47814777,0.0008570158
ISIC_0033818,HAM_0002208,nv,3,0.00042238337,0.0012573148,0.0019153048,0.0005898674,0.47697067,0.51774675,0.001097721
ISIC_0034029,HAM_0002208,nv,3,0.00018178698,0.00011691291,0.0010354399,0.00012518451,0.77320874,0.22501656,0.0003153291
ISIC_0032649,HAM_0006567,nv,3,8.971232e-05,2.7414204e-05,0.00028678062,0.00012431019,0.015354844,0.98396194,0.00015500901
ISIC_0034109,HAM_0006567,nv,3,0.0002584036,0.00019467266,0.0012018677,0.00041738743,0.019359313,0.97754925,0.0010190163
ISIC_0033439,HAM_0006567,nv,3,0.00024696265,9.9392906e-05,0.00019121103,0.0002007792,0.044645227,0.954557,5.9466252e-05
ISIC_0033214,HAM_0005513,nv,3,0.00027965376,0.0058503845,0.0016378347,0.0006025257,0.024399117,0.9651479,0.0020825842
ISIC_0033255,HAM_0005513,nv,3,0.00016730605,0.0031878129,0.0009441581,0.00018664339,0.006582619,0.9879808,0.0009506343
ISIC_0033229,HAM_0005513,nv,3,0.00020355744,0.0026346222,0.0014352197,0.00017174767,0.025539448,0.96965754,0.00035795287
ISIC_0033406,HAM_0006550,nv,3,0.0011571408,9.287426e-05,0.55059046,0.00028551466,0.22773412,0.21986695,0.00027297263
ISIC_0033493,HAM_0006550,nv,3,0.0011061497,0.0010575589,0.56521904,0.00017196868,0.08206616,0.3502677,0.000111465895
ISIC_0033007,HAM_0006550,nv,3,0.00037169975,7.5356784e-06,0.9257865,0.00047773824,0.027793003,0.045555208,8.244058e-06
ISIC_0033181,HAM_0003097,nv,3,3.300261e-05,0.0043830606,0.00064373657,0.0014967324,0.030268887,0.9592723,0.0039021836
ISIC_0033661,HAM_0003097,nv,3,1.6148628e-05,0.0054274127,0.0002758137,0.0006622891,0.0012175414,0.9821114,0.010289366
ISIC_0034004,HAM_0003097,nv,3,3.1490592e-05,0.012409918,0.001134189,0.00083875225,0.009353786,0.9705578,0.00567405
ISIC_0033634,HAM_0001905,nv,3,0.006536864,0.00013728427,0.0033277178,0.0039421264,0.6590906,0.32691136,5.4182947e-05
ISIC_0034226,HAM_0001905,nv,3,0.0008635212,0.0014071191,0.0012225263,0.058962166,0.58227044,0.3552403,3.387703e-05
ISIC_0033116,HAM_0001905,nv,3,0.0018838042,0.00038159842,0.003153238,0.0022142513,0.18569648,0.8066287,4.198605e-05
ISIC_0033136,HAM_0007494,nv,3,0.0008207407,0.005584151,0.0015303534,0.00042746117,0.017548209,0.20122124,0.7728679
ISIC_0033215,HAM_0007494,nv,3,0.00046163518,0.013197758,0.0032043832,0.004680598,0.105804175,0.62880206,0.24384943
ISIC_0033080,HAM_0001667,nv,3,0.004609684,0.000241576,0.02995635,0.0008958123,0.1334707,0.83048254,0.0003433487
ISIC_0034129,HAM_0001667,nv,3,0.004012017,0.00054562517,0.11599556,0.0024862573,0.15548055,0.7189348,0.002545217
ISIC_0033077,HAM_0007433,nv,3,0.0015594001,0.0012432622,0.003371296,0.0012940513,0.06477137,0.92432785,0.003432757
ISIC_0033951,HAM_0007433,nv,3,0.00011403459,0.00016050076,0.0015927551,0.00020368607,0.11014452,0.8868988,0.00088563643
ISIC_0033149,HAM_0007433,nv,3,2.0068366e-05,2.1446276e-05,0.00026616213,3.501531e-05,0.022617709,0.97687453,0.00016510252
ISIC_0034278,HAM_0004375,nv,3,0.00027751294,0.000109100976,0.00037416455,0.0010468117,0.073136754,0.92467326,0.00038229022
ISIC_0033102,HAM_0004375,nv,3,0.00018039608,0.00012618297,0.00047158168,0.00075875456,0.30342487,0.6945464,0.00049180613
ISIC_0033541,HAM_0005601,nv,3,3.8195238e-05,0.0005267544,0.00019208642,2.280742e-05,0.005882989,0.9932389,9.810813e-05
ISIC_0032670,HAM_0005601,nv,3,0.0018950214,0.011543413,0.0016821784,0.0011905154,0.0646202,0.91857535,0.0004933813
ISIC_0033441,HAM_0005601,nv,3,0.000115037015,0.0006258444,0.00032771,0.00015419573,0.00444507,0.9942134,0.00011868869
ISIC_0032519,HAM_0005715,nv,3,0.0061584986,0.4873228,0.026908502,0.12136348,0.025551207,0.3255794,0.0071161315
ISIC_0034090,HAM_0005715,nv,3,0.001110746,0.9730373,0.0016903806,0.00466729,0.0043588984,0.0146741355,0.00046122263
ISIC_0032946,HAM_0003649,nv,3,0.0007472175,0.00021283067,0.014277785,0.10727525,0.0751833,0.8020064,0.00029722258
ISIC_0033153,HAM_0003649,nv,3,0.00029293107,8.343584e-05,0.007245887,0.036502376,0.12409038,0.831602,0.0001829539
ISIC_0034063,HAM_0002596,nv,3,0.00020210972,0.00015078302,0.0020916837,0.0007292479,0.035205826,0.9608826,0.0007378441
ISIC_0033045,HAM_0002597,nv,3,1.69902e-05,6.1534424e-06,0.00026525286,9.122242e-05,0.0058857705,0.9937085,2.6059206e-05
ISIC_0033143,HAM_0002599,nv,3,0.0002861744,9.4924886e-05,0.005122342,0.0012148821,0.0051373714,0.9876522,0.00049205654
ISIC_0032848,HAM_0002596,nv,3,0.00032481234,0.00031420463,0.0009659301,0.0005750959,0.00842625,0.98349977,0.0058939713
ISIC_0033228,HAM_0002606,nv,3,1.6086939e-05,3.873581e-06,0.005874629,5.4421405e-05,0.0020381634,0.9918275,0.00018536809
ISIC_0024854,HAM_0000226,nv,3,0.003989493,0.00023198966,0.005672982,0.00063555926,0.13967638,0.848963,0.0008305462
ISIC_0026348,HAM_0001002,nv,3,0.0038375745,9.087016e-05,0.004397116,0.0002820951,0.113140404,0.8778342,0.00041772457
ISIC_0028280,HAM_0001002,nv,3,0.00020828632,1.37917405e-05,0.00023281448,5.1443094e-05,0.030196348,0.96919996,9.743136e-05
ISIC_0029531,HAM_0004412,nv,3,0.0008411397,0.00043382813,0.011015112,0.00023540804,0.5266076,0.45931533,0.0015516318
ISIC_0030961,HAM_0004412,nv,3,0.0002783546,0.00015492765,0.0023690711,0.00016850117,0.59999526,0.39657265,0.00046117548
ISIC_0025210,HAM_0006478,nv,3,0.00021950965,0.0009470106,0.0010350214,0.00057833083,0.34347337,0.65179795,0.0019488406
ISIC_0026372,HAM_0006478,nv,3,0.00012410454,0.0002234114,0.00047947263,0.00035492465,0.39150944,0.6063817,0.0009269193
ISIC_0032496,HAM_0005578,nv,3,0.010645213,0.039803624,0.023916261,0.0014748374,0.014310717,0.90195394,0.007895415
ISIC_0027246,HAM_0002740,nv,3,0.0016977518,0.00039046316,0.009283172,0.0009854663,0.17745534,0.8078238,0.0023640106
ISIC_0025795,HAM_0000054,nv,3,0.077190235,0.003835577,0.054950304,0.0013177957,0.10018466,0.76153445,0.0009869833
ISIC_0026498,HAM_0000054,nv,3,0.03146087,0.00076114223,0.008787708,0.0018384097,0.036459632,0.9203198,0.00037240295
ISIC_0030362,HAM_0000135,nv,3,0.007037608,0.012360439,0.012390653,0.00051179796,0.07882925,0.88643336,0.0024368875
ISIC_0031460,HAM_0000135,nv,3,0.013026574,0.016283235,0.03527185,0.0010025415,0.27581376,0.6539344,0.0046675033
ISIC_0028734,HAM_0000861,nv,3,0.009992765,0.026689848,0.0032680244,0.0033033192,0.016622754,0.93855536,0.0015680151
ISIC_0026125,HAM_0000861,nv,3,0.17060807,0.18958504,0.026705693,0.008815207,0.043020785,0.5572214,0.004043786
ISIC_0029904,HAM_0007079,nv,3,0.0015396221,0.00034928697,0.0067699524,0.00041804177,0.7072752,0.28243577,0.0012120089
ISIC_0024682,HAM_0004864,nv,3,0.000104315906,0.000665117,0.00011820541,0.00028080438,0.8081492,0.19045848,0.00022387676
ISIC_0026913,HAM_0001134,nv,3,0.015196041,0.0051601045,0.3768972,0.0046891607,0.26132414,0.31398812,0.022745226
ISIC_0024674,HAM_0007096,nv,3,0.0012997155,0.00017199058,0.0008751478,0.0024676314,0.108946435,0.8858605,0.00037860835
ISIC_0028868,HAM_0004450,nv,3,0.0057782787,0.0012429465,0.0033655064,0.0024028714,0.05249137,0.9331616,0.0015574823
ISIC_0032021,HAM_0000335,nv,3,0.000259517,7.604179e-05,0.002585438,0.00018564964,0.008026171,0.98849547,0.00037174093
ISIC_0029276,HAM_0004719,nv,3,0.0019894093,0.0010774062,0.026243744,0.0013226465,0.035853434,0.9255757,0.007937726
ISIC_0028544,HAM_0003044,nv,3,0.0006731445,0.0027308022,0.010101671,0.002892764,0.03346348,0.9497111,0.00042704178
ISIC_0024975,HAM_0003276,nv,3,0.0065091886,0.011809662,0.0041821776,0.02650892,0.098207444,0.8450753,0.00770724
ISIC_0025782,HAM_0003276,nv,3,0.0043075867,0.010935544,0.0040584756,0.035821274,0.15484259,0.77795357,0.0120809255
ISIC_0027519,HAM_0004895,nv,3,0.0010375523,0.00029408748,0.01871719,0.0013505827,0.008631295,0.96659374,0.003375528
ISIC_0024753,HAM_0004895,nv,3,0.0024174624,0.00093019614,0.11785288,0.0023707044,0.023417188,0.8358268,0.017184744
ISIC_0027902,HAM_0000342,nv,3,0.0027932609,0.002304415,0.0013599978,0.0006296845,0.0015653479,0.99107647,0.00027082392
ISIC_0027226,HAM_0000342,nv,3,0.0038493092,0.004145363,0.0024698763,0.0007159728,0.0025222823,0.9857728,0.0005243287
ISIC_0028360,HAM_0002300,nv,3,0.016131805,0.0011028872,0.0016267813,0.0039988924,0.08008494,0.89529234,0.001762409
ISIC_0029861,HAM_0002300,nv,3,0.0061446605,0.00062112336,0.0012113593,0.0017763411,0.021221705,0.9681015,0.0009233552
ISIC_0024366,HAM_0002300,nv,3,0.0061446605,0.00062112336,0.0012113593,0.0017763411,0.021221705,0.9681015,0.0009233552
ISIC_0027208,HAM_0001715,nv,3,0.003847651,0.0008419215,0.0041603027,0.001386739,0.04238849,0.945174,0.0022009057
ISIC_0032368,HAM_0001715,nv,3,0.0023919311,0.00045361943,0.0019098091,0.00080080546,0.045910362,0.94769675,0.00083678175
ISIC_0029504,HAM_0001715,nv,3,0.006255549,0.00118518,0.0035590867,0.0019655144,0.08406694,0.90028125,0.00268654
ISIC_0031447,HAM_0000509,nv,3,0.0040041194,0.24246064,0.012406035,0.0017629899,0.010462244,0.7252689,0.003635127
ISIC_0024837,HAM_0000509,nv,3,0.004171865,0.057534605,0.009094411,0.0030942175,0.04426435,0.8757169,0.006123613
ISIC_0031667,HAM_0000509,nv,3,0.026247514,0.5209262,0.0420562,0.0049692285,0.016959086,0.38335744,0.005484344
ISIC_0026027,HAM_0000509,nv,3,0.005562455,0.16463564,0.010458209,0.0030869155,0.026336906,0.78543276,0.0044870516
ISIC_0025020,HAM_0001669,nv,3,0.0041845446,0.00059175846,0.001004651,0.002067458,0.04292794,0.9479004,0.0013231705
ISIC_0026106,HAM_0001669,nv,3,0.0013867312,0.00015065282,0.0003152163,0.00059876,0.042762443,0.954444,0.0003421641
ISIC_0031905,HAM_0003320,nv,3,6.6641696e-05,6.7295696e-05,0.0009012861,0.00053139334,0.004626542,0.9932181,0.00058877346
ISIC_0030367,HAM_0003320,nv,3,5.0006176e-05,6.1991064e-05,0.0007663498,0.00038912642,0.0049438346,0.9931439,0.0006447013
ISIC_0025545,HAM_0000751,nv,3,0.00027175373,0.00011130988,7.877652e-05,0.0001569721,0.004578446,0.99447906,0.00032366236
ISIC_0032003,HAM_0000751,nv,3,0.00022548872,9.317515e-05,9.2993345e-05,0.0001762981,0.00463194,0.99437696,0.00040315647
ISIC_0028944,HAM_0007340,nv,3,0.0067282426,0.00016166944,0.018107103,0.00096363254,0.35674357,0.6163976,0.0008982042
ISIC_0030588,HAM_0002979,nv,3,0.007691884,0.0018318957,0.003119204,0.001145252,0.013293629,0.97050077,0.0024174058
ISIC_0025511,HAM_0002979,nv,3,0.00439615,0.0025024058,0.0030096474,0.0027349682,0.056787882,0.9255041,0.0050648814
ISIC_0025412,HAM_0005110,nv,3,0.0004340761,0.0002517151,0.0005277023,0.0002078656,0.009754894,0.9882476,0.00057618157
ISIC_0025785,HAM_0005110,nv,3,0.0013211116,0.00078810175,0.0019958524,0.0008389299,0.02437389,0.9688693,0.001812813
ISIC_0028494,HAM_0005110,nv,3,0.00083536486,0.0006647114,0.0011318169,0.00072153745,0.017260725,0.9780326,0.0013532853
ISIC_0030852,HAM_0002628,nv,3,0.006994196,0.0052281898,0.016080385,0.014393264,0.055418026,0.88874227,0.013143667
ISIC_0030652,HAM_0002628,nv,3,0.0015146186,0.0016618595,0.0046996493,0.003260124,0.04837731,0.93537253,0.0051138913
ISIC_0031204,HAM_0002628,nv,3,0.0023403922,0.0027792847,0.012923648,0.0034656378,0.07834019,0.8930606,0.0070902235
ISIC_0031857,HAM_0000391,nv,3,0.012667665,0.017104572,0.012773255,0.002262333,0.19546492,0.7581261,0.001601104
ISIC_0028621,HAM_0000391,nv,3,0.005774533,0.024979535,0.03499962,0.0015988388,0.22864446,0.70016,0.0038429135
ISIC_0025683,HAM_0000391,nv,3,0.0056871683,0.010866378,0.012772501,0.0028208569,0.25742093,0.70799094,0.002441248
ISIC_0025386,HAM_0003686,nv,3,0.0009580195,0.00033695393,0.0050417706,0.0013979998,0.8214073,0.16950697,0.0013510241
ISIC_0024870,HAM_0003686,nv,3,0.00062849576,0.00058239995,0.017305143,0.0017974253,0.6772198,0.29934287,0.0031239232
ISIC_0030127,HAM_0004698,nv,3,0.00021128387,8.0272664e-05,0.00025710682,0.00011431351,0.005443764,0.9937662,0.00012702876
ISIC_0027390,HAM_0005261,nv,3,0.00020416912,4.067719e-05,0.0021864672,0.007626864,0.44527557,0.5434361,0.0012300955
ISIC_0031510,HAM_0000525,nv,3,0.044048186,0.0003947275,0.024516506,0.00022272328,0.63600475,0.29461658,0.0001965526
ISIC_0025181,HAM_0001347,nv,3,0.0010183626,8.760397e-05,0.003241687,0.00022767166,0.030229583,0.9645982,0.0005969131
ISIC_0029589,HAM_0004069,nv,3,0.44192562,0.00025168888,0.04112556,0.00041985625,0.40002707,0.116187364,6.2895524e-05
ISIC_0025340,HAM_0006968,nv,3,0.0007047739,0.00012010254,0.01621382,0.0009428363,0.117372915,0.86389387,0.00075169466
ISIC_0025657,HAM_0006730,nv,3,0.00085559825,0.0001547545,0.0056809136,0.0009886419,0.028500024,0.9633461,0.00047389252
ISIC_0029994,HAM_0007080,nv,3,0.038512137,0.005304479,0.17125626,0.016164368,0.42802283,0.33826342,0.0024764666
ISIC_0025245,HAM_0004020,nv,3,0.00012513598,2.1660593e-05,0.0025623702,0.002619935,0.5098648,0.48461968,0.00018638946
ISIC_0030296,HAM_0005795,nv,3,0.00095347385,0.00012666648,0.0030883898,0.005056587,0.1279668,0.86261976,0.00018830101
ISIC_0028679,HAM_0005239,nv,3,0.0004370727,4.8799342e-05,0.0023219055,9.333118e-05,0.6269702,0.37001932,0.00010932854
ISIC_0028998,HAM_0003253,nv,3,0.0055997167,0.0012494657,0.014599219,0.0015338704,0.06008516,0.9163261,0.0006065669
ISIC_0032300,HAM_0007278,nv,3,4.4241537e-05,3.8588158e-05,9.202737e-05,9.015931e-05,0.011773994,0.98789924,6.16637e-05
ISIC_0032126,HAM_0000045,nv,3,0.0047628586,4.5879817e-05,0.06176569,0.0014356666,0.299308,0.63239866,0.00028325224
ISIC_0032067,HAM_0007442,nv,3,0.08487294,0.0006286893,0.012721942,0.0032748512,0.021765267,0.87665737,7.8843535e-05
ISIC_0029978,HAM_0006040,nv,3,0.006114987,0.0006728125,0.7479853,0.00038560986,0.18801542,0.056397356,0.00042850175
ISIC_0024425,HAM_0006342,nv,3,0.08652524,0.00030010394,0.019958185,0.005231888,0.007142418,0.8807279,0.00011435244
ISIC_0028557,HAM_0005395,nv,3,0.008355843,0.0014842858,0.012311506,0.0010161565,0.26571748,0.7097094,0.0014052935
ISIC_0027471,HAM_0005395,nv,3,0.00041471535,0.000274646,0.16763522,0.0001843886,0.7338853,0.096076965,0.0015288633
ISIC_0026226,HAM_0005755,nv,3,0.03343987,0.42340246,0.18678604,0.0014429399,0.030239925,0.3240005,0.00068828533
ISIC_0028174,HAM_0005755,nv,3,0.8599836,0.009890567,0.060498375,0.00043477333,0.051671255,0.017320383,0.00020100716
ISIC_0024566,HAM_0005755,nv,3,0.016838498,0.0044901697,0.73691785,0.0011839812,0.018908937,0.22040024,0.0012603415
ISIC_0025112,HAM_0005755,nv,3,0.02063875,0.68781376,0.048516635,0.0042362325,0.0070322747,0.23016386,0.0015984988
ISIC_0028507,HAM_0003340,nv,3,0.0011482594,7.7154284e-05,0.007137736,0.0019618575,0.039888926,0.9495808,0.00020526929
ISIC_0029773,HAM_0003340,nv,3,0.00010501338,5.6429613e-05,0.00043782627,0.010922926,0.14082308,0.8476148,4.001459e-05
ISIC_0029203,HAM_0005510,nv,3,0.051917158,0.20608969,0.4752118,0.013949454,0.036288287,0.21242413,0.0041194255
ISIC_0032444,HAM_0000949,nv,3,0.055243224,0.00024126774,0.04406525,0.009227564,0.063028164,0.8278045,0.00039008944
ISIC_0030180,HAM_0000362,nv,3,0.0009935334,0.0011018913,0.013782439,0.0012932835,0.35096973,0.63057834,0.0012807153
ISIC_0026043,HAM_0000362,nv,3,0.000359092,9.87472e-05,0.0011614294,0.00046108328,0.13742647,0.86012125,0.00037194087
ISIC_0029898,HAM_0004324,nv,3,0.038064577,0.00018419311,0.006611402,0.0021516548,0.08569612,0.8671922,9.975363e-05
ISIC_0026885,HAM_0000482,nv,3,0.00053342164,6.7816945e-05,0.022069868,0.00039485985,0.7964391,0.1801559,0.0003390634
ISIC_0028589,HAM_0002480,nv,3,0.004273364,0.13756286,0.030901194,0.0018469472,0.054478787,0.76427275,0.0066641155
ISIC_0029432,HAM_0002480,nv,3,0.003393922,0.0017849816,0.087530404,0.0003778242,0.5066627,0.39846164,0.0017884714
ISIC_0025846,HAM_0001077,nv,3,0.0034636369,0.0015460117,0.19625767,0.00055557094,0.062850356,0.7349048,0.00042183136
ISIC_0027928,HAM_0001077,nv,3,0.002085451,0.00020249377,0.0076787127,0.00040904866,0.0651304,0.9240213,0.00047265485
ISIC_0031596,HAM_0002794,nv,3,0.002055516,5.371815e-05,0.006935071,0.0020335536,0.2275928,0.76096654,0.0003628201
ISIC_0028808,HAM_0005910,nv,3,0.009257664,8.348866e-05,0.007563267,0.00034808452,0.67651564,0.30612296,0.00010888974
ISIC_0026513,HAM_0005910,nv,3,6.91223e-05,6.4043106e-06,0.00047144355,0.0010613775,0.6703565,0.32798436,5.076889e-05
ISIC_0027540,HAM_0005910,nv,3,0.0015982871,0.000102274906,0.0027481408,0.0011289367,0.6843728,0.30967832,0.00037119476
ISIC_0031700,HAM_0004127,nv,3,0.0075973193,0.00022073802,0.32510334,0.0005907255,0.27807564,0.38758078,0.000831431
ISIC_0027073,HAM_0004127,nv,3,0.033427313,0.00055718113,0.108697906,0.0022825454,0.47308528,0.38087785,0.0010718991
ISIC_0024959,HAM_0000485,nv,3,0.00044426322,7.388219e-05,0.00038111338,0.0007099306,0.03760506,0.9604221,0.00036366092
ISIC_0028689,HAM_0002537,nv,3,0.0033904153,0.00017552302,0.0048399745,0.003258939,0.045363255,0.9419061,0.0010658003
ISIC_0028151,HAM_0000764,nv,3,0.005108584,0.00012701962,0.025416903,0.0010287899,0.19113742,0.7769192,0.00026215895
ISIC_0027466,HAM_0001454,nv,3,6.9775466e-05,2.7592614e-05,0.0034349817,0.00017610207,0.7446526,0.25138366,0.00025522808
ISIC_0029127,HAM_0003918,nv,3,0.0031616346,0.00033535578,0.0036248318,0.00044427425,0.04215786,0.95018387,9.221995e-05
ISIC_0025476,HAM_0006052,nv,3,0.00022348738,0.10561526,0.019642076,0.0013140107,0.28153917,0.5913802,0.0002858447
ISIC_0031708,HAM_0002865,nv,3,0.00040416117,9.4324e-05,0.002160475,0.0035847034,0.36959875,0.62381595,0.00034166986
ISIC_0026560,HAM_0000896,nv,3,0.00049466226,7.720416e-05,0.00043398753,0.00024249585,0.16641411,0.8320182,0.00031937796
ISIC_0025051,HAM_0000896,nv,3,0.0005086665,6.268e-05,0.00076210895,0.00025082644,0.18323255,0.81480074,0.00038246473
ISIC_0029614,HAM_0006684,nv,3,0.0011509061,0.00014819072,0.0004600396,0.00048023774,0.20383428,0.7936815,0.00024480282
ISIC_0032189,HAM_0006028,nv,3,0.0020572944,0.77210927,0.0040358617,0.019945392,0.06381333,0.13748848,0.0005504783
ISIC_0026610,HAM_0004279,nv,3,0.006978848,0.0006994863,0.046428032,0.0014465095,0.1330384,0.8101978,0.0012109667
ISIC_0028559,HAM_0000913,nv,3,0.0009125021,3.7224672e-05,0.0005643766,0.0001504237,0.056344353,0.94188976,0.00010118714
ISIC_0028032,HAM_0003058,nv,3,0.00070403866,9.725545e-05,0.011711854,0.00021118441,0.76531607,0.22185138,0.00010828459
ISIC_0027469,HAM_0005884,nv,3,0.0064486694,0.0001895729,0.0030003744,0.0029538576,0.45407766,0.5329484,0.00038145477
ISIC_0031076,HAM_0001961,nv,3,0.13945962,0.00014867763,0.007871616,0.001319983,0.14137939,0.70961905,0.00020163677
ISIC_0031278,HAM_0001014,nv,3,0.00027641273,3.9743332e-05,0.00933407,9.3130766e-05,0.9391726,0.05095469,0.00012929927
ISIC_0026964,HAM_0004372,nv,3,0.02068932,2.7530723e-05,0.84190935,0.00025267384,0.00020906523,0.1369021,9.970968e-06
ISIC_0028905,HAM_0004399,nv,3,0.00023279594,0.0012221482,0.004391465,0.00015356849,0.011260639,0.9824636,0.0002759126
ISIC_0030167,HAM_0004372,nv,3,0.021132868,9.3748546e-05,0.9091848,0.000504824,0.0009787921,0.06808463,2.0274545e-05
ISIC_0032423,HAM_0001014,nv,3,0.00010064061,1.3593649e-05,0.007055451,7.263043e-05,0.91868305,0.073951535,0.00012306684
ISIC_0032405,HAM_0001455,nv,3,0.0010002323,0.00044996035,0.006264815,0.00082116324,0.6562622,0.33387917,0.0013225069
ISIC_0031933,HAM_0001455,nv,3,0.00057764206,0.00010316175,0.0024486454,0.00040012095,0.4448261,0.5514368,0.00020758001
ISIC_0031081,HAM_0006596,nv,3,0.0012171593,0.00011321346,0.23745003,0.0013765309,0.16383559,0.59578454,0.00022296379
ISIC_0031113,HAM_0000707,nv,3,0.002269181,0.0012397711,0.006392103,0.0015519871,0.1932056,0.79148513,0.003856239
ISIC_0028166,HAM_0005510,nv,3,0.05176063,0.28187227,0.47482124,0.104936555,0.017826958,0.06519239,0.003590074
ISIC_0026406,HAM_0005510,nv,3,0.0006957047,0.0004607317,0.93659234,0.0009859031,0.006278437,0.054516207,0.00047073734
ISIC_0031894,HAM_0006613,nv,3,0.0017491583,8.325998e-05,0.0021832495,0.0022111433,0.11341001,0.87992597,0.000437104
ISIC_0026096,HAM_0006543,nv,3,0.0009031083,0.0001754178,0.018461091,0.0012562929,0.5311478,0.44639853,0.0016578292
ISIC_0026445,HAM_0004288,nv,3,0.005584378,0.00024934602,0.0045868596,0.0010314939,0.6031114,0.38486135,0.0005752352
ISIC_0029026,HAM_0002905,nv,3,0.011102107,0.0067932126,0.3511581,0.0036718282,0.4456428,0.17970464,0.0019273738
ISIC_0028281,HAM_0006300,nv,3,0.010415076,0.031131653,0.73301095,0.006063206,0.0057968628,0.20715943,0.006422811
ISIC_0026111,HAM_0000374,nv,3,0.00075793307,0.85588557,0.010741835,0.00072463875,0.02030619,0.11074329,0.00084059563
ISIC_0026581,HAM_0000889,nv,3,0.0007279257,0.00012308254,0.010387953,0.00068851345,0.04888521,0.93875355,0.00043381614
ISIC_0025936,HAM_0000889,nv,3,0.0018565449,0.0005413416,0.01506778,0.008992168,0.16134758,0.80826426,0.0039303056
ISIC_0026231,HAM_0006581,nv,3,0.0004923916,0.000190205,0.0078561315,0.005233312,0.079479836,0.90605235,0.000695741
ISIC_0027005,HAM_0006596,nv,3,0.00095401984,5.8881575e-05,0.9196774,0.0006392489,0.034833707,0.04369125,0.00014544894
ISIC_0027766,HAM_0001609,nv,3,0.003044576,0.00029576753,0.008856135,0.0012586765,0.13156155,0.8545445,0.00043882692
ISIC_0030809,HAM_0001609,nv,3,0.001092318,1.8776023e-05,0.047687493,0.00033411558,0.172065,0.7787094,9.296193e-05
ISIC_0026401,HAM_0000889,nv,3,0.0009887618,0.00019205495,0.14057337,0.0013124574,0.051764574,0.8010824,0.0040863147
ISIC_0030370,HAM_0000889,nv,3,0.0013698664,0.00027132785,0.30699226,0.0018870705,0.191736,0.49249226,0.005251234
ISIC_0028472,HAM_0005769,nv,3,0.004940755,2.2997845e-05,0.043153115,0.001011895,0.21365531,0.73704225,0.00017362274
ISIC_0026671,HAM_0006526,nv,3,0.0018575398,4.4852324e-05,0.29663286,0.0005368922,0.25872776,0.44097117,0.0012289586
ISIC_0030603,HAM_0006921,nv,3,0.013611111,3.8984843e-05,0.9845025,2.4974628e-05,0.0014673667,0.00034208116,1.2956667e-05
ISIC_0027298,HAM_0003451,nv,3,0.0024653298,0.0012567104,0.0029133912,0.0024798175,0.28746888,0.7032032,0.00021270062
ISIC_0024561,HAM_0000707,nv,3,0.0025561634,0.0010919024,0.006560943,0.0010337924,0.43964532,0.5482171,0.0008946727
ISIC_0027098,HAM_0003451,nv,3,0.013280396,0.002409111,0.080877006,0.0026510633,0.20652667,0.6932336,0.001022076
ISIC_0032340,HAM_0001881,nv,3,0.00030550276,8.0555874e-05,0.000513122,0.00018620379,0.033859223,0.9647035,0.0003519751
ISIC_0024620,HAM_0001881,nv,3,0.0016355788,0.00027790826,0.0075094835,0.00036745027,0.24061729,0.74842674,0.001165476
ISIC_0029079,HAM_0002888,nv,3,0.0017773928,0.0007340855,0.0009916861,0.0009462736,0.044887144,0.95040274,0.00026072576
ISIC_0025571,HAM_0002888,nv,3,0.029229842,0.00538787,0.014439826,0.012576206,0.5609647,0.3766139,0.00078765006
ISIC_0025776,HAM_0003785,nv,3,0.0027888818,0.0005814499,0.0043725558,0.0011942234,0.008858721,0.98182213,0.00038206964
ISIC_0025908,HAM_0003785,nv,3,0.021591954,0.0016496173,0.019152775,0.0028726382,0.022419212,0.9312063,0.0011075006
ISIC_0029671,HAM_0003754,nv,3,0.0983612,0.010407772,0.021904528,0.0020196098,0.108451456,0.7579661,0.0008892221
ISIC_0029119,HAM_0003932,nv,3,0.009907183,0.020698814,0.13011977,0.003655342,0.17664099,0.6582265,0.0007513817
ISIC_0026151,HAM_0003932,nv,3,0.0028654914,0.00543244,0.02723353,0.0029913017,0.40146595,0.5595618,0.00044941923
ISIC_0032471,HAM_0003932,nv,3,0.013085659,0.0006491151,0.028414724,0.0022700636,0.34154513,0.61364543,0.00038988213
ISIC_0024827,HAM_0001125,nv,3,0.003987194,0.00097234454,0.054773405,0.0007843587,0.5597127,0.3779816,0.0017884152
ISIC_0031304,HAM_0001125,nv,3,0.0019552365,0.0003876498,0.020979758,0.0011064706,0.112203695,0.8621061,0.0012611635
ISIC_0029476,HAM_0004069,nv,3,0.59084684,0.00047826816,0.004338351,0.00047454622,0.25115946,0.15263374,6.876662e-05
ISIC_0028673,HAM_0004553,nv,3,0.00364636,0.0001538468,0.0014342241,0.00038003156,0.14234878,0.8517923,0.00024441018
ISIC_0028649,HAM_0003754,nv,3,0.020489687,0.01016048,0.0027473706,0.0015931648,0.023388535,0.94066006,0.0009606579
ISIC_0027959,HAM_0007083,nv,3,0.0003010727,3.918481e-05,0.004320689,0.00029467331,0.10049855,0.89398605,0.0005597381
ISIC_0031045,HAM_0001454,nv,3,0.0007174604,0.000121787794,0.026608845,0.0006832697,0.20726083,0.7625838,0.0020239921
ISIC_0025763,HAM_0007508,nv,3,0.009091568,0.00031537883,0.06890563,0.00084399746,0.019359956,0.9005903,0.00089318166
ISIC_0024716,HAM_0001058,nv,3,0.0014396969,0.00013287055,0.00060132827,0.00051888387,0.104541995,0.89258355,0.00018161252
ISIC_0028686,HAM_0005329,nv,3,0.0009259241,0.0020362767,0.0025528162,0.0024323484,0.020345928,0.9698472,0.0018594905
ISIC_0029560,HAM_0006129,nv,3,0.0010091827,0.00020066995,0.0012149314,0.00028970093,0.17306581,0.82403976,0.0001798794
ISIC_0027849,HAM_0006129,nv,3,0.002017162,0.00019471876,0.21563058,0.008513329,0.4459153,0.3268764,0.0008524535
ISIC_0030912,HAM_0001020,nv,3,0.0005884747,0.0057661533,0.008433857,0.0006252058,0.10013281,0.88380086,0.00065265555
ISIC_0029208,HAM_0000604,nv,3,0.022268767,0.027605884,0.38276583,0.0009885055,0.35193238,0.20871677,0.0057218857
ISIC_0025540,HAM_0001083,nv,3,0.00015365842,2.0313682e-05,0.03856586,5.7642686e-05,0.1407928,0.8197571,0.00065263704
ISIC_0032333,HAM_0001083,nv,3,9.001082e-05,2.6400086e-05,0.0019579276,0.00010339966,0.19026628,0.8073337,0.00022234423
ISIC_0025141,HAM_0006599,nv,3,0.003030915,0.008512872,0.0027949377,0.012034419,0.07901256,0.8713096,0.023304803
ISIC_0026660,HAM_0006599,nv,3,5.62378e-05,0.0005325283,0.0008025486,0.0006543817,0.13629243,0.86139464,0.0002672496
ISIC_0026218,HAM_0001541,nv,3,0.0013037879,0.00015435267,0.009161233,0.0009928386,0.39975816,0.5885009,0.00012871483
ISIC_0028766,HAM_0001541,nv,3,0.007353961,0.0002541702,0.005598698,0.002858139,0.24311392,0.7401193,0.0007017864
ISIC_0027523,HAM_0001498,nv,3,0.0013387528,0.001944073,0.15840831,0.0016022773,0.014710005,0.8139465,0.008050093
ISIC_0028531,HAM_0001498,nv,3,0.0006763584,0.00016222574,0.030914752,0.00055202766,0.06885582,0.8981833,0.0006555491
ISIC_0029328,HAM_0001169,nv,3,0.00078206265,0.0005755316,0.017429838,0.0006395488,0.36031985,0.61893964,0.0013135512
ISIC_0030384,HAM_0001169,nv,3,0.001412826,0.0006300065,0.013722399,0.0002471964,0.22125213,0.7617596,0.0009757731
ISIC_0031829,HAM_0006936,nv,3,0.0058859778,0.0004770555,0.17455176,0.0005363679,0.46348953,0.3539843,0.0010750612
ISIC_0027729,HAM_0006936,nv,3,0.0003036847,7.984222e-05,0.01545484,0.00032772074,0.46781757,0.51580805,0.00020831198
ISIC_0029650,HAM_0001329,nv,3,0.00060208194,0.00017745442,0.0025262104,0.0015708589,0.013703322,0.9805817,0.0008383605
ISIC_0029879,HAM_0001329,nv,3,0.0002414442,4.7357826e-05,0.0013473254,0.0005969968,0.03668326,0.9609723,0.0001114082
ISIC_0029838,HAM_0002364,nv,3,0.06646842,0.00089634914,0.044212703,0.0044249296,0.45712167,0.42525285,0.0016230785
ISIC_0025446,HAM_0002364,nv,3,0.0042018145,0.00077953807,0.7814119,0.00050036714,0.08447816,0.12485062,0.0037775328
ISIC_0024712,HAM_0002364,nv,3,0.002710068,0.0002593165,0.34101778,0.00042670636,0.17588411,0.47903726,0.0006647796
ISIC_0027133,HAM_0004604,nv,3,8.02524e-05,2.2328857e-05,0.0052930056,0.00017223306,0.067874186,0.9260582,0.0004998351
ISIC_0028756,HAM_0004604,nv,3,4.4989647e-05,2.558431e-05,0.00029451755,0.00016424418,0.0062602744,0.9909629,0.002247481
ISIC_0027266,HAM_0003430,nv,3,0.0055244756,0.0008775201,0.054078586,0.003584328,0.03070791,0.9022498,0.002977322
ISIC_0025271,HAM_0003430,nv,3,0.000942592,2.4204151e-05,0.03656463,0.00052156637,0.026182652,0.9356756,8.87082e-05
ISIC_0027867,HAM_0003430,nv,3,0.001000373,0.00063216087,0.024763169,0.0012232912,0.033452902,0.936519,0.0024091627
ISIC_0030348,HAM_0002364,nv,3,0.01000621,0.005196225,0.20058793,0.0034988162,0.24939206,0.5213027,0.010015986
ISIC_0032042,HAM_0002364,nv,3,0.087103635,0.035038736,0.61684525,0.0016055178,0.036954105,0.20925707,0.013195707
ISIC_0029231,HAM_0004996,nv,3,0.0024191963,2.3578405e-05,0.10801428,0.0010404834,0.008398593,0.8799981,0.000105877676
ISIC_0030144,HAM_0004996,nv,3,1.6494152e-05,7.700515e-06,9.1102964e-05,1.6270182e-05,0.0062388605,0.9933768,0.00025283633
ISIC_0028909,HAM_0004996,nv,3,0.0003102575,9.6583746e-05,0.0021243705,0.00016048862,0.0016788751,0.9951461,0.00048336017
ISIC_0026889,HAM_0002833,nv,3,0.00080192304,0.00061726215,0.020966569,0.002758284,0.016921308,0.95646256,0.0014720841
ISIC_0030963,HAM_0002833,nv,3,0.00027499534,0.00018900134,0.005402069,0.0007301987,0.0076386244,0.9811117,0.004653465
ISIC_0024734,HAM_0007445,nv,3,0.00038737105,8.643417e-05,0.025165046,0.00016242922,0.019200725,0.9535783,0.0014197147
ISIC_0027012,HAM_0007445,nv,3,0.00034336088,0.00013083516,0.010232388,0.0012983638,0.03173417,0.9559134,0.0003474083
ISIC_0026190,HAM_0002571,nv,3,0.000117790696,0.0013586159,0.022622986,0.00027387156,0.007674566,0.9657188,0.0022334259
ISIC_0025881,HAM_0002571,nv,3,2.196142e-06,1.7341605e-05,0.00016021186,1.578971e-05,0.0011980614,0.99853647,6.9803675e-05
ISIC_0030300,HAM_0002284,nv,3,0.0007873135,0.0006948016,0.0010909437,0.0025143242,0.18745288,0.8063451,0.0011146355
ISIC_0030086,HAM_0000229,nv,3,0.00015655879,4.89756e-05,0.0006734515,0.00037777208,0.27704832,0.72142124,0.000273698
ISIC_0032931,HAM_0002553,nv,3,0.00025254342,2.2811995e-05,0.0007598688,0.00032427217,0.8887746,0.10973263,0.00013334122
ISIC_0032939,HAM_0003358,nv,3,0.00076148676,3.9307117e-05,0.006214484,0.00033560564,0.6586635,0.33379441,0.00019122234
ISIC_0033474,HAM_0003364,nv,3,0.0003554393,0.00015050247,0.026370335,0.0007793893,0.22959164,0.7425798,0.00017288927
ISIC_0033484,HAM_0000556,nv,3,0.0004239609,0.00019754558,0.0027217113,0.14318702,0.80175877,0.051555928,0.00015505531
ISIC_0033540,HAM_0000556,nv,3,0.0003844572,7.2096416e-05,0.00612356,0.19954309,0.59922653,0.19454037,0.00010993391
ISIC_0034279,HAM_0000556,nv,3,0.00058355543,8.4563166e-05,0.0029290128,0.25207925,0.66414034,0.07994237,0.00024089805
ISIC_0033589,HAM_0006925,nv,3,7.58028e-05,6.701652e-06,0.0014271112,0.00015767835,0.40757453,0.5907055,5.2712574e-05
ISIC_0033888,HAM_0006925,nv,3,0.00025911332,4.0997686e-05,0.0042412556,0.001289175,0.51252735,0.48147488,0.00016729614
ISIC_0033338,HAM_0006925,nv,3,0.0007105656,3.935042e-05,0.0016577711,0.0016937726,0.90480554,0.09099869,9.4212555e-05
ISIC_0033335,HAM_0005313,nv,3,0.0017679734,0.0002923011,0.009864575,0.003488673,0.09776134,0.88505894,0.0017662478
ISIC_0032616,HAM_0007376,nv,3,0.0010410271,0.00028183518,0.0060790973,0.00046831215,0.011558655,0.9803053,0.0002657959
ISIC_0033436,HAM_0007184,nv,3,0.00086932356,0.00047356702,0.020553803,0.001247683,0.05383569,0.92219526,0.0008246681
ISIC_0033572,HAM_0003208,nv,3,0.0048686406,0.0001779474,0.61774546,0.0004856044,0.14221309,0.23446974,3.9550636e-05
ISIC_0033596,HAM_0003208,nv,3,0.007629302,0.00046686977,0.82295746,0.00036502167,0.015966963,0.15252945,8.485741e-05
ISIC_0033082,HAM_0002876,nv,3,0.00018031803,0.00063741277,0.0025519792,0.0006159943,0.52609533,0.46975026,0.0001687327
ISIC_0034098,HAM_0002876,nv,3,0.0012737078,0.0002984241,0.0023335738,0.00056080596,0.048453476,0.9469633,0.00011663653
ISIC_0032868,HAM_0004572,nv,3,0.0002121448,6.995793e-05,0.012281667,0.0006389385,0.0014244856,0.9852282,0.00014467021
ISIC_0033464,HAM_0000650,nv,3,0.0013683027,0.00019463597,0.0063754227,0.0006344583,0.117186464,0.87268865,0.001552005
ISIC_0032678,HAM_0004344,nv,3,0.0005820127,0.00023676737,0.0014411988,0.0007824192,0.0205367,0.97607714,0.00034382232
ISIC_0034309,HAM_0003810,nv,3,8.051927e-05,0.00012398208,0.00026504582,0.0076480615,0.010023777,0.9813649,0.00049372227
ISIC_0029152,HAM_0003816,nv,3,0.00011296295,9.228775e-05,5.2789783e-05,0.00014003657,0.0010196912,0.9984646,0.00011769252
ISIC_0034072,HAM_0006237,nv,3,0.01835524,0.03240376,0.924137,0.0097246235,0.0009987829,0.009416228,0.004964427
ISIC_0032849,HAM_0006231,nv,3,0.0015258675,2.1157575e-05,0.005542014,0.0013051436,0.20801333,0.7835023,9.0126734e-05
ISIC_0034228,HAM_0004213,nv,3,0.0004337221,0.00013541465,0.029934863,0.00041386054,0.09238614,0.87482494,0.001871168
ISIC_0034082,HAM_0004211,nv,3,1.3247987e-05,9.787551e-06,2.2229578e-05,4.7801106e-05,0.0010493393,0.99880457,5.3118096e-05
ISIC_0033567,HAM_0004200,nv,3,2.9907225e-05,0.00013169939,0.000103170336,0.0005046089,0.013914382,0.9850462,0.00026996582
ISIC_0034312,HAM_0004216,nv,3,9.83507e-05,0.00017635942,0.00023501128,7.795392e-05,0.04174441,0.9575502,0.00011771039
ISIC_0033628,HAM_0004508,nv,3,0.00025926507,4.4965607e-05,0.0191601,0.0001385038,0.027552996,0.95249045,0.00035368185
ISIC_0033332,HAM_0001118,nv,3,9.554137e-05,0.002949075,7.2826144e-05,0.00025000316,0.00013539442,0.99600995,0.0004870982
ISIC_0033809,HAM_0003998,nv,3,1.2313964e-05,9.99314e-05,0.00014797777,0.00045291954,0.0070883133,0.9921295,6.895059e-05
ISIC_0033535,HAM_0003017,nv,3,0.00022760282,0.0003598222,0.00036123052,9.349928e-05,0.00078986725,0.9978362,0.0003318076
ISIC_0033064,HAM_0001209,nv,3,1.3422499e-05,0.00033031852,0.00018384993,2.989567e-05,0.012443625,0.98082674,0.0061720833
ISIC_0033982,HAM_0006643,nv,3,0.00018559559,4.9757626e-05,0.00024539445,0.00040815867,0.116649546,0.8823701,9.151828e-05
ISIC_0033456,HAM_0002615,akiec,3,0.9998222,8.611289e-07,6.25681e-05,6.4757673e-06,0.00010425873,3.5972746e-06,3.093608e-09
ISIC_0030408,HAM_0002061,akiec,3,0.4349335,0.001071794,0.0036329206,0.55846566,0.00033397743,0.0015564082,5.7239963e-06
ISIC_0027700,HAM_0001383,akiec,3,0.24820581,0.029927557,0.63319707,0.007755777,0.032565467,0.047646377,0.0007019411
ISIC_0026927,HAM_0003501,akiec,3,0.94650394,0.03606046,0.017268239,2.327196e-05,0.00012507202,1.5870097e-05,3.1618442e-06
ISIC_0025539,HAM_0000967,akiec,3,0.02972045,4.512138e-05,0.9155909,0.0013968477,0.040188987,0.012983901,7.381365e-05
ISIC_0025696,HAM_0002472,akiec,3,0.9959571,0.00013446489,0.0005989629,8.629697e-06,0.0032609694,3.3275417e-05,6.590823e-06
ISIC_0029582,HAM_0003501,akiec,3,0.7277662,0.07383951,0.19171225,0.00072460435,0.00054482766,0.004382745,0.0010298705
ISIC_0024707,HAM_0005448,akiec,3,0.0072135483,0.0005481603,0.9833844,5.373975e-06,0.0073343045,0.0014648059,4.951477e-05
ISIC_0027650,HAM_0002648,akiec,3,0.99650097,0.00030646127,0.0016246702,1.810141e-05,0.0014952554,5.207216e-05,2.4070737e-06
ISIC_0026645,HAM_0003136,akiec,3,0.774658,0.12268845,0.061391134,0.0010562927,0.037932947,0.0021886413,8.453199e-05
ISIC_0029315,HAM_0004780,akiec,3,0.9131342,0.007367355,0.0119876275,0.004871902,0.058488842,0.0040865587,6.346061e-05
ISIC_0029811,HAM_0003157,akiec,3,0.99774843,4.3054864e-05,0.0015132963,0.0006236005,2.642192e-05,4.450842e-05,7.5541084e-07
ISIC_0029059,HAM_0002771,akiec,3,0.00025752283,0.9876281,0.0018344268,0.008062315,0.0009596207,0.0011757518,8.230924e-05
ISIC_0025953,HAM_0002461,akiec,3,0.99799097,0.00032575833,0.0005970439,8.0287655e-06,0.0010272013,3.982892e-05,1.1190464e-05
ISIC_0025811,HAM_0005255,akiec,3,0.9519488,7.2507887e-06,0.03763907,0.005294225,0.0043031243,0.00080597104,1.5558902e-06
ISIC_0033494,HAM_0002615,akiec,3,0.99837685,0.00043628272,9.031822e-05,6.0627735e-06,0.0010336373,5.657492e-05,2.1404207e-07
ISIC_0033413,HAM_0002615,akiec,3,0.9987804,0.000106672036,0.00084232446,2.8155078e-05,0.00021359783,2.8486962e-05,3.227032e-07
ISIC_0029851,HAM_0000769,akiec,3,0.002959264,2.3563245e-05,8.452368e-05,3.728803e-05,0.99652725,0.00036724377,7.604038e-07
ISIC_0029279,HAM_0000769,akiec,3,0.7077095,0.00058302295,0.0029877017,6.4148146e-05,0.28818315,0.00046847202,3.9746838e-06
ISIC_0030280,HAM_0003633,akiec,3,0.99059665,6.292857e-05,0.0001957358,9.80238e-06,0.009105278,2.8475142e-05,1.1436075e-06
ISIC_0031578,HAM_0003157,akiec,3,0.99886715,3.3242533e-05,0.00082771917,0.00021932373,4.8320388e-05,3.8107064e-06,4.143951e-07
ISIC_0030245,HAM_0004780,akiec,3,0.5182775,0.13148974,0.025980515,0.0704523,0.22975977,0.02381779,0.00022237384
ISIC_0031672,HAM_0004439,akiec,3,0.7563631,0.0073072948,0.111113556,0.0015911531,0.025508078,0.09757975,0.00053714967
ISIC_0030986,HAM_0004439,akiec,3,0.9723426,0.00080495304,0.0067628645,0.00010548379,0.01808953,0.0018016315,9.2907474e-05
ISIC_0031431,HAM_0004439,akiec,3,0.9727728,0.0004757341,0.008285654,6.707924e-05,0.0067741205,0.011582397,4.2141408e-05
ISIC_0026709,HAM_0001565,akiec,3,0.9975956,8.345288e-06,0.00049026165,9.4026065e-05,0.0016895946,0.00012179765,3.2232037e-07
ISIC_0030730,HAM_0004592,akiec,3,0.8534572,0.01382182,0.105991386,0.00077673374,0.017310012,0.008453237,0.00018960469
ISIC_0025247,HAM_0005231,akiec,3,0.9919668,0.004909126,0.0029833566,1.17481395e-05,3.262828e-05,9.1508264e-05,4.8402976e-06
ISIC_0029043,HAM_0005231,akiec,3,0.95339274,0.03297564,0.012060188,0.00039958974,0.00011951085,0.00095950265,9.271228e-05
ISIC_0030158,HAM_0005255,akiec,3,0.8431533,0.0003211336,0.103088334,0.04343773,0.00918542,0.00079016975,2.386106e-05
ISIC_0029549,HAM_0005718,akiec,3,0.13514133,0.85078955,0.01197107,0.0006185373,0.0006161259,0.0008274703,3.5862828e-05
ISIC_0024470,HAM_0006220,akiec,3,0.98781526,0.0041428115,0.001701452,0.0062586986,6.9324466e-05,9.2908695e-06,3.1610593e-06
ISIC_0024925,HAM_0006592,akiec,3,0.016727498,0.68670017,0.122160435,0.038911592,0.06496213,0.06845681,0.00208146
ISIC_0027562,HAM_0007622,akiec,3,0.9427238,0.00053638325,0.053706765,1.0245526e-05,0.0024669254,0.00055125233,4.7275335e-06
ISIC_0027767,HAM_0003934,akiec,3,0.18274216,0.098557934,0.44527906,0.02062359,0.20890202,0.043193646,0.0007015776
ISIC_0025780,HAM_0006587,akiec,3,0.9999465,9.74004e-07,1.2441324e-05,3.0949164e-07,3.0826417e-05,8.965525e-06,1.4029765e-08
ISIC_0024511,HAM_0001505,akiec,3,0.36134848,0.14971587,0.09312539,0.0143994,0.24497862,0.13119166,0.005240644
ISIC_0028517,HAM_0006220,akiec,3,0.99860626,4.0402087e-05,0.00091730506,0.00039854556,2.6652046e-05,1.0215248e-05,6.492237e-07
ISIC_0030133,HAM_0001152,akiec,3,0.99892575,2.0967032e-05,0.00075185334,1.7146249e-05,0.00027423797,9.28591e-06,7.445768e-07
ISIC_0029141,HAM_0004592,akiec,3,0.3317543,0.008061579,0.6357372,0.0014602583,0.01824511,0.004368049,0.00037356326
ISIC_0028619,HAM_0001565,akiec,3,0.019681135,0.0016401657,0.9552612,0.0004943945,0.006531478,0.016252624,0.0001389067
ISIC_0032534,HAM_0004332,bkl,3,0.00012572411,0.73665226,0.24674761,5.9387872e-05,0.0020827889,0.014320416,1.1832011e-05
ISIC_0033785,HAM_0004332,bkl,3,0.00015598319,0.030788748,0.8128826,0.00039444616,0.040828314,0.11484179,0.0001080464
ISIC_0033184,HAM_0004332,bkl,3,0.0004122871,0.05233758,0.93133676,0.00014671867,0.005837095,0.009848355,8.1184146e-05
ISIC_0033606,HAM_0002327,bkl,3,0.0031231965,0.0026583995,0.84344095,0.00053588365,0.02348672,0.12634957,0.00040529703
ISIC_0034103,HAM_0002327,bkl,3,0.010292688,0.004398819,0.50300187,0.0021839621,0.05239835,0.42689216,0.00083218294
ISIC_0032883,HAM_0002327,bkl,3,2.9375584e-05,3.3613556e-05,0.015216928,4.630463e-05,0.9808545,0.0037989062,2.0387652e-05
ISIC_0027068,HAM_0007296,bkl,3,0.013645617,0.001798018,0.64895076,0.00044581722,0.04390365,0.29079613,0.00045996896
ISIC_0029522,HAM_0002199,bkl,3,0.09476365,0.0064834766,0.09409507,0.04696871,0.52111757,0.23557524,0.0009962172
ISIC_0024371,HAM_0000806,bkl,3,0.002996183,0.0026570647,0.6501623,0.00933768,0.009690707,0.31872585,0.0064302343
ISIC_0024709,HAM_0004832,bkl,3,1.7227978e-05,4.2633287e-06,3.4937682e-05,0.99977416,0.00014295094,2.541162e-05,1.0225667e-06
ISIC_0029235,HAM_0005580,bkl,3,0.0065743104,0.00021050696,0.9549752,0.00017114096,0.031733997,0.0060713436,0.0002635197
ISIC_0027041,HAM_0003049,bkl,3,0.0004447313,0.0005000249,0.5101153,0.032706264,0.004430636,0.4510553,0.0007476998
ISIC_0031577,HAM_0005338,bkl,3,0.002045373,0.00080805045,0.537468,0.002065445,0.0016038646,0.45525312,0.00075613376
ISIC_0026967,HAM_0007027,bkl,3,5.1239458e-05,0.00034137932,0.9940639,0.0027221197,0.0002449277,0.002265065,0.0003114371
ISIC_0033310,HAM_0000119,mel,3,0.00029335695,0.004077695,7.431726e-05,0.014784167,0.97937644,0.0013160191,7.788382e-05
ISIC_0033024,HAM_0006184,mel,3,9.025205e-05,0.9898817,0.0010248421,0.0015079771,0.0031646937,0.003903286,0.00042721772
ISIC_0034134,HAM_0006184,mel,3,3.123484e-05,0.99517584,0.0009849431,0.00035054985,0.00056872074,0.0028643275,2.4325718e-05
ISIC_0030366,HAM_0002764,mel,3,0.0017055545,0.001292459,0.009969349,0.009531417,0.453899,0.52243453,0.0011676393
ISIC_0028718,HAM_0006380,mel,3,0.0050491183,2.8321445e-05,0.028724173,0.0031697017,0.10025722,0.86271363,5.7885274e-05
ISIC_0028051,HAM_0006636,mel,3,0.044809803,0.002289437,0.37831524,0.04315634,0.14945821,0.38016698,0.001804033
ISIC_0030747,HAM_0006380,mel,3,0.0014357254,5.4645716e-05,0.0022188143,0.00027161522,0.591214,0.40475088,5.4220465e-05
ISIC_0027663,HAM_0006355,mel,3,0.040304855,0.0010309247,0.03656384,0.39919123,0.23013346,0.29205453,0.0007211085
ISIC_0026586,HAM_0001976,mel,3,0.007139549,2.4498217e-05,0.00058092165,6.7246554e-05,0.9886236,0.003546434,1.7783796e-05
ISIC_0025732,HAM_0001976,mel,3,0.00013485525,4.6620526e-06,0.000411196,4.294884e-06,0.99738616,0.0020556,3.2673754e-06
ISIC_0031417,HAM_0006380,mel,3,0.0019381327,0.0001396117,0.00083378406,0.00051720295,0.028655019,0.9676397,0.00027656858
ISIC_0025573,HAM_0004936,mel,3,0.0005678997,4.2159236e-06,0.00072017463,9.7274875e-05,0.99446726,0.0041402737,3.0247772e-06
ISIC_0029705,HAM_0004936,mel,3,0.009583092,4.9278697e-05,0.015665414,0.00046572048,0.5878403,0.38626882,0.00012732089
ISIC_0031498,HAM_0001953,mel,3,5.736129e-05,3.326307e-05,0.00015024396,0.00024363193,0.85825014,0.14120434,6.1060775e-05
ISIC_0025611,HAM_0001953,mel,3,0.00013287303,2.0616933e-05,0.00030773462,0.00015353448,0.89960086,0.09975651,2.7851698e-05
ISIC_0025452,HAM_0004257,vasc,3,0.00093123474,0.0039901715,0.00116803,0.0025079825,0.002319505,0.0031388106,0.9859443
ISIC_0029034,HAM_0005921,bcc,3,1.9098236e-06,0.99946934,1.4137273e-06,6.191173e-05,0.0004636818,1.608233e-06,2.1765065e-07
ISIC_0030800,HAM_0005921,bcc,3,3.4697532e-06,0.99888605,7.5945885e-05,0.0005205186,0.00049886986,1.2349489e-05,2.83193e-06
ISIC_0026593,HAM_0004970,bcc,3,0.0007849851,0.89164287,0.018737312,0.00023477635,0.063713335,0.023715114,0.0011715177
ISIC_0027774,HAM_0004970,bcc,3,8.622045e-05,0.80729026,0.04379943,0.00024370778,0.03191942,0.11652856,0.0001325016
ISIC_0028980,HAM_0003741,bcc,3,0.00037615435,0.99876714,0.00050877273,9.079579e-05,4.1125186e-05,0.0002066194,9.393877e-06
ISIC_0034047,HAM_0002559,bcc,3,0.0008575288,0.8938324,0.0017526753,0.0018153887,0.09777097,0.0038752118,9.583698e-05
ISIC_0030181,HAM_0005985,bcc,3,6.529469e-05,0.9998747,2.8798035e-05,2.0681766e-05,4.3140176e-06,3.7774803e-06,2.282225e-06
ISIC_0030452,HAM_0004235,bcc,3,0.13677599,0.8394925,0.023217514,7.943411e-05,0.00010002264,0.00032350825,1.0919529e-05
ISIC_0028303,HAM_0005030,bcc,3,0.00039671187,0.9987551,0.000111352674,4.3606335e-05,0.0004304164,0.00021069207,5.2088108e-05
ISIC_0027038,HAM_0005985,bcc,3,0.00076509884,0.9988116,0.0002897614,2.782793e-05,5.9839454e-05,2.9913379e-05,1.5980235e-05
ISIC_0032030,HAM_0005985,bcc,3,0.00083785015,0.9988255,0.00015735054,6.6043394e-05,1.8537656e-05,7.974137e-05,1.4953723e-05
ISIC_0028978,HAM_0005026,bcc,3,0.05335749,0.026800368,0.08440549,0.76135164,0.055179067,0.016543508,0.002362463
ISIC_0028728,HAM_0005026,bcc,3,0.069666974,0.8380109,0.04119578,0.029369507,0.015303804,0.0063423035,0.000110735644
ISIC_0025843,HAM_0004098,nv,3,0.001015017,0.0023901372,0.0053300075,0.0041500013,0.002679442,0.9832683,0.0011671372
ISIC_0026555,HAM_0001335,nv,3,0.0043385746,0.00041778595,0.011217748,0.001769281,0.0074100667,0.97371644,0.0011301282
ISIC_0030013,HAM_0001530,nv,3,0.0007754807,0.006928679,0.008705376,0.006087726,0.0030461908,0.9712077,0.0032489926
ISIC_0027324,HAM_0003189,nv,3,0.00021404559,0.0051404713,0.05478167,0.0662085,0.0003030341,0.85026085,0.02309149
ISIC_0027784,HAM_0001723,nv,3,0.00018742554,9.761566e-05,0.0020387669,0.0005829767,0.08096247,0.9157716,0.00035916152
ISIC_0025416,HAM_0005683,nv,3,0.0014834007,0.0008927263,0.0043724827,0.002740408,0.0019806,0.9866716,0.0018587853
ISIC_0026283,HAM_0003654,nv,3,0.00064009236,0.001760461,0.31027246,0.01932833,0.008870786,0.654286,0.0048418385
ISIC_0026520,HAM_0000642,nv,3,0.0028982484,0.0033620268,0.008530912,0.016220478,0.005777944,0.95616895,0.0070413635
ISIC_0030880,HAM_0004803,nv,3,0.0004710666,0.00063388934,0.039990842,0.0006708296,0.021742642,0.93541867,0.0010719826
ISIC_0027886,HAM_0000003,nv,3,5.9970007e-05,5.0697457e-05,0.002040986,2.8217386e-05,0.00064450223,0.99708825,8.742644e-05
ISIC_0026594,HAM_0003383,nv,3,0.0034612364,4.712249e-05,0.0027588648,0.00055586407,0.0026864158,0.99041104,7.953426e-05
ISIC_0030566,HAM_0002464,nv,3,0.002416108,0.00031972214,0.0121033965,0.008046868,0.054243658,0.92015374,0.002716503
ISIC_0025375,HAM_0007600,nv,3,0.0006182035,0.00023857155,0.0005130095,0.0014109423,0.048966322,0.94768614,0.0005667417
ISIC_0025559,HAM_0002354,nv,3,0.00014898225,0.0031172945,0.00074196036,0.009307658,0.0012851264,0.9853007,9.827912e-05
ISIC_0025057,HAM_0005217,nv,3,0.00072753563,0.0005594575,0.0026340662,0.0009905465,0.005271824,0.9861631,0.0036534693
ISIC_0029300,HAM_0003914,nv,3,0.00070727896,0.0007412219,0.014596321,0.14745359,0.07081813,0.7636006,0.0020828722
ISIC_0030306,HAM_0001904,nv,3,2.223819e-05,7.5084026e-05,5.7456593e-05,0.005877927,0.00047246483,0.99335384,0.00014096205
ISIC_0032266,HAM_0002289,nv,3,0.0003741462,0.00070723676,0.0009383099,0.0008931584,0.0007572738,0.9948914,0.0014384572
ISIC_0030186,HAM_0006850,nv,3,0.00020575635,0.0023080844,0.00022953779,0.0009016549,0.00038741837,0.995567,0.0004004978
ISIC_0025740,HAM_0001308,nv,3,0.00056328153,0.0009196692,0.000511873,0.00072044815,0.0030952906,0.99290377,0.0012855924
ISIC_0027082,HAM_0000816,nv,3,0.011051495,0.0058265724,0.028788129,0.018753387,0.013363233,0.89393413,0.028283058
ISIC_0027453,HAM_0000780,nv,3,0.00074147276,0.0016450292,0.00039999452,0.0016362172,0.0030583492,0.9904394,0.0020795118
ISIC_0026240,HAM_0006429,nv,3,0.0013909036,0.00043938024,0.0025632647,0.0010896025,0.008118243,0.98481476,0.001583815
ISIC_0027638,HAM_0004527,nv,3,0.00039203966,0.0009487563,0.002955019,0.005999253,8.8766676e-05,0.988922,0.00069412496
ISIC_0029226,HAM_0000831,nv,3,0.0013284952,7.472932e-05,0.0077691455,0.0014922095,0.0060358625,0.9828851,0.0004143716
ISIC_0026109,HAM_0007503,nv,3,0.0026450723,0.00060507713,0.0028711988,0.008630613,0.0004426839,0.9844981,0.00030723767
ISIC_0030684,HAM_0007328,nv,3,0.00011481544,0.00023604654,0.00021969753,4.186863e-05,0.00022131254,0.9991048,6.139629e-05
ISIC_0029714,HAM_0006494,nv,3,0.00012635077,0.0007709749,0.0002393038,0.0008865204,0.0015050797,0.9376869,0.058784895
ISIC_0030857,HAM_0003479,nv,3,0.00028863063,8.4325045e-05,0.0029609716,9.630223e-05,0.000228772,0.99612904,0.00021199316
ISIC_0029050,HAM_0003481,nv,3,0.0061899535,0.005359575,0.0032730445,0.0041496553,0.006129799,0.9717319,0.0031661536
ISIC_0028752,HAM_0001695,nv,3,0.00093306345,0.0002248923,0.0021150473,0.00084542576,0.0065450957,0.9869162,0.0024201823
ISIC_0026564,HAM_0001659,nv,3,0.0004263507,0.000734513,0.000781885,0.0015174607,0.0038759175,0.9907712,0.0018926645
ISIC_0026469,HAM_0003553,nv,3,0.00018078563,0.00011558963,0.00028316857,8.581508e-05,0.000245661,0.9989894,9.945007e-05
ISIC_0029621,HAM_0007132,nv,3,0.00089597143,0.005428522,0.0006903276,0.002024038,0.00046618763,0.9892916,0.0012033087
ISIC_0029156,HAM_0001571,nv,3,0.0020109443,0.0004832714,0.0011024447,0.00022783582,0.0035622118,0.9920527,0.0005606046
ISIC_0030999,HAM_0006057,nv,3,0.0014477536,0.00012448124,0.0063815536,0.0006303186,0.001669612,0.98917234,0.00057391165
ISIC_0026221,HAM_0006676,nv,3,0.0003850314,0.00015863503,0.00025152529,0.0016092133,0.00034413024,0.9971933,5.8244696e-05
ISIC_0029137,HAM_0002048,nv,3,0.0013355339,0.00016122949,0.13850865,0.00039286015,0.010711977,0.84846836,0.0004214774
ISIC_0024956,HAM_0005904,nv,3,0.00068756606,0.00028774195,0.00200123,0.00039483595,0.0026349458,0.9930621,0.0009315677
ISIC_0026548,HAM_0006255,nv,3,0.0004456033,6.714477e-05,0.00047157102,0.00044909827,0.02456787,0.9737231,0.0002756027
ISIC_0027289,HAM_0003565,nv,3,0.004494088,0.009732471,0.0032943732,0.0105748195,0.0090982765,0.96102184,0.0017841366
ISIC_0027993,HAM_0004659,nv,3,6.4048894e-05,0.0002455245,0.00015008613,0.0001437737,0.0007120387,0.99843436,0.00025012268
ISIC_0028416,HAM_0003332,nv,3,0.00073371903,0.00021310778,0.0003919652,0.0021686638,0.0045787483,0.9916352,0.00027848835
ISIC_0024724,HAM_0000679,nv,3,5.122824e-06,1.3629294e-05,2.9079514e-05,2.6219892e-05,6.73483e-05,0.99983585,2.2735785e-05
ISIC_0029114,HAM_0007231,nv,3,0.0015221926,0.0019526262,0.007925737,0.0013109313,0.014357787,0.9689437,0.003987014
ISIC_0027521,HAM_0005554,nv,3,0.002143977,0.0030234922,0.006590626,0.004643032,0.0017635874,0.9781953,0.0036399118
ISIC_0027484,HAM_0001756,nv,3,0.00016726874,0.0002530695,0.000102649516,0.0021475693,0.0052597765,0.9916264,0.00044328423
ISIC_0028171,HAM_0005346,nv,3,0.0027180598,9.7792166e-05,0.00041494955,0.00093236775,0.0016411574,0.993915,0.00028076893
ISIC_0030638,HAM_0005976,nv,3,0.00094547967,0.0046401992,0.0005090528,0.0019928035,0.00065555447,0.9893637,0.0018932084
ISIC_0027809,HAM_0003085,nv,3,8.6323846e-05,5.622688e-05,0.0003375222,0.00016158946,0.00026772002,0.999041,4.9523223e-05
ISIC_0030776,HAM_0000543,nv,3,0.00033942066,8.366741e-05,0.00033875837,0.0005324215,0.013906768,0.98066896,0.0041299458
ISIC_0027664,HAM_0000422,nv,3,8.0219615e-05,0.00016284124,8.0219615e-05,0.00028565578,0.0002208455,0.99894553,0.00022476185
ISIC_0031877,HAM_0006476,nv,3,0.0017229195,0.0012229268,0.00158104,0.0018665624,0.00526631,0.98212975,0.0062105344
ISIC_0026271,HAM_0007103,nv,3,0.00048808102,0.0014743172,0.0008786372,0.0008482843,0.0012690804,0.99218905,0.002852595
ISIC_0027168,HAM_0006072,nv,3,0.00021263499,4.478888e-05,0.00031998317,0.000119160984,0.0010458597,0.99816966,8.803557e-05
ISIC_0025354,HAM_0000126,nv,3,4.6345755e-05,0.00012282236,0.000108390355,0.00033681307,0.0012810887,0.9971855,0.0009190801
ISIC_0029159,HAM_0005507,nv,3,0.00032250804,0.00017111555,0.0007759265,0.0005322454,0.0016563283,0.9948107,0.0017311617
ISIC_0030045,HAM_0006864,nv,3,0.003838763,0.009533559,0.002343154,0.0021397257,0.0025784823,0.9772094,0.0023569234
ISIC_0029507,HAM_0002783,nv,3,0.0004220267,0.00044314482,0.0004341495,0.00090927427,0.006117426,0.9903471,0.0013268676
ISIC_0030431,HAM_0005833,nv,3,0.0008100012,0.0021991255,0.0013711471,0.00061621645,0.0020553228,0.99094146,0.002006731
ISIC_0025263,HAM_0003705,nv,3,0.0007588003,0.00030703246,0.0026692457,0.000115178686,0.00060378795,0.9954378,0.00010820038
ISIC_0030301,HAM_0000788,nv,3,0.00016172901,0.00037383434,0.00044220855,0.00021404699,0.00059884577,0.9979527,0.00025668155
ISIC_0031147,HAM_0003307,nv,3,0.0023736258,0.0012557084,0.0022693574,0.00058510026,0.0028111904,0.9889514,0.0017536235
ISIC_0029415,HAM_0004504,nv,3,0.00034270927,0.0003786044,0.0005841078,0.002597101,0.003149573,0.99210644,0.00084161275
ISIC_0026180,HAM_0000755,nv,3,0.00040875335,0.0007329638,0.013803027,0.00015758845,0.0033887764,0.98098755,0.0005212741
ISIC_0028452,HAM_0001191,nv,3,0.00018347969,0.0010003936,0.0011461172,0.00041226824,0.00021159669,0.99621,0.0008360643
ISIC_0029821,HAM_0005707,nv,3,0.00035574727,0.00014829753,0.00047221,0.0003016241,0.009210753,0.98846465,0.0010466211
ISIC_0025034,HAM_0001205,nv,3,0.0012367954,0.00087616325,0.0021962307,0.0023677445,0.015621631,0.975008,0.0026935071
ISIC_0026632,HAM_0004150,nv,3,0.0011552621,0.0014776028,0.0036508574,0.0033988215,0.0010768228,0.98569864,0.0035419895
ISIC_0026519,HAM_0007255,nv,3,0.0150470575,0.012206321,0.011266974,0.0009003428,0.3625155,0.597687,0.00037678774
ISIC_0030672,HAM_0007255,nv,3,0.0056018415,0.00032246427,0.0026464458,0.0004859708,0.053703137,0.93715286,8.730011e-05
ISIC_0029986,HAM_0006711,nv,3,1.4383072e-05,5.2595385e-07,5.990067e-05,2.6240812e-07,0.9989794,0.00094539125,1.4719761e-07
ISIC_0027010,HAM_0006711,nv,3,0.00012483716,0.00015058236,8.155103e-05,7.6759876e-05,0.8223973,0.1771625,6.488159e-06
ISIC_0027034,HAM_0007426,nv,3,0.00032666404,0.00011796378,0.0009573103,0.00015355356,0.015909543,0.98236805,0.00016700667
ISIC_0031887,HAM_0007426,nv,3,0.00035102208,2.2243727e-05,0.0050141984,8.394695e-05,0.016281148,0.9781969,5.0520164e-05
ISIC_0033959,HAM_0002136,nv,3,0.0030083645,0.0023360627,0.015699811,0.004902169,0.4077182,0.56606066,0.00027467735
ISIC_0032914,HAM_0002136,nv,3,0.0015694841,0.00065681903,0.060173456,0.003022307,0.63565326,0.29850715,0.00041749957
ISIC_0033309,HAM_0002136,nv,3,0.0008723314,0.00025585396,0.047814086,0.0026375735,0.7523335,0.19587497,0.00021169652
ISIC_0027432,HAM_0007196,nv,3,3.3590775e-05,9.077575e-05,0.00015113263,9.292842e-05,0.027003039,0.9725619,6.654279e-05
ISIC_0024907,HAM_0007196,nv,3,0.0005978577,0.00012617739,0.0011878215,0.00020360958,0.016017526,0.98133886,0.00052812306
ISIC_0026883,HAM_0002797,nv,3,0.0010627016,0.025298275,0.0011694313,0.0025468005,0.0027672267,0.96614546,0.0010100836
ISIC_0031412,HAM_0002797,nv,3,0.000534446,0.021234013,0.0005535693,0.006457063,0.051815752,0.91845614,0.00094903854
ISIC_0029656,HAM_0000395,nv,3,0.029199978,0.030268341,0.08794728,0.0030211685,0.11270619,0.7363735,0.00048365304
ISIC_0025421,HAM_0000395,nv,3,0.09589594,0.0027686,0.010931328,0.00046087566,0.7396909,0.14998409,0.00026830187
ISIC_0033059,HAM_0001400,nv,3,0.0013262276,0.0016732375,0.001215827,0.00361917,0.031602524,0.9566075,0.0039555198
ISIC_0033113,HAM_0001400,nv,3,0.00032055745,0.00014604704,0.00026549207,0.00037403838,0.013288721,0.984939,0.00066614465
ISIC_0033547,HAM_0001400,nv,3,0.00010639734,4.1100026e-05,0.0002989821,0.0004676169,0.09194072,0.9070581,8.700875e-05
ISIC_0033233,HAM_0003137,nv,3,0.0024827307,0.005398015,0.0013744456,0.00061469007,0.005291751,0.9846332,0.00020509267
ISIC_0032770,HAM_0003137,nv,3,0.004847201,0.008383395,0.006852358,0.00479073,0.012489317,0.961448,0.0011890184
ISIC_0034184,HAM_0003137,nv,3,0.002397216,0.011619412,0.02822275,0.0020504475,0.0123884445,0.94285965,0.0004620065
ISIC_0033385,HAM_0001321,nv,3,0.0003860241,3.93579e-05,0.06978438,0.0002030235,0.79863995,0.13088466,6.264854e-05
ISIC_0033471,HAM_0001321,nv,3,0.00089973235,4.8340473e-05,0.050980918,0.00012489682,0.8827252,0.064951375,0.00026962152
ISIC_0032831,HAM_0001321,nv,3,0.00032806763,6.8364956e-05,0.2238229,4.0189687e-05,0.74253786,0.03227625,0.00092639966
ISIC_0033904,HAM_0005820,nv,3,0.00054510875,0.010991653,0.3047226,0.0010026084,0.019860538,0.6527019,0.010175549
ISIC_0033342,HAM_0005820,nv,3,0.0013304852,0.0728196,0.0076116836,0.02055978,0.37180007,0.5151861,0.010692345
ISIC_0033265,HAM_0005820,nv,3,0.00011247462,0.1007683,0.0045635337,0.0015801985,0.19141147,0.6987879,0.0027760442
ISIC_0032512,HAM_0003735,nv,3,0.0017790542,0.00014986217,0.01402755,0.00022234878,0.026802205,0.9568814,0.00013752125
ISIC_0034149,HAM_0003735,nv,3,0.0012469434,0.00042757858,0.0072815493,0.0009257451,0.017484596,0.9715555,0.0010780862
ISIC_0033800,HAM_0003735,nv,3,0.0008327403,0.00040190117,0.03681955,0.00045808995,0.047555067,0.9132106,0.00072208553
ISIC_0032995,HAM_0003346,nv,3,0.00051805197,8.069693e-05,0.008087884,0.0049629393,0.023517622,0.96262515,0.00020768304
ISIC_0032754,HAM_0003346,nv,3,0.007200981,5.173112e-05,0.007047062,0.0024443346,0.18456316,0.7985802,0.000112550646
ISIC_0032714,HAM_0003346,nv,3,0.002250628,0.00020690213,0.03287952,0.0022838388,0.030319627,0.9313172,0.00074217835
ISIC_0033013,HAM_0006078,nv,3,0.000253706,0.00070050475,0.0035635415,0.00085576554,0.025205282,0.96919686,0.00022433247
ISIC_0032809,HAM_0006078,nv,3,0.00037557515,0.0003829827,0.0024581926,0.00094789127,0.0067554647,0.98898566,9.4313335e-05
ISIC_0033343,HAM_0003003,nv,3,0.015506613,0.1977819,0.00721829,0.26510707,0.028507102,0.48098537,0.004893688
ISIC_0033502,HAM_0003003,nv,3,0.0012393255,0.00985333,0.0023018378,0.042738266,0.0012563857,0.93591106,0.00669973
ISIC_0032708,HAM_0003130,nv,3,3.3497403e-05,2.3476483e-05,0.00065658614,9.6550066e-05,0.017352086,0.9812909,0.00054699334
ISIC_0033574,HAM_0003130,nv,3,6.872542e-05,1.9047124e-05,0.0015116236,0.00013978145,0.003169008,0.9947009,0.00039087996
ISIC_0030504,HAM_0005014,nv,3,0.0055994876,0.006301824,0.026412107,0.11536093,0.02972676,0.80783254,0.008766321
ISIC_0031308,HAM_0002187,nv,3,0.0062444704,0.003348959,0.019990768,0.0032112403,0.052080475,0.91150296,0.0036210876
ISIC_0028981,HAM_0002187,nv,3,0.00243284,0.0008540071,0.0050065094,0.0014669712,0.2077478,0.7809754,0.0015164968
ISIC_0031623,HAM_0005625,nv,3,0.0016487187,0.0011353621,0.005262693,0.0018428745,0.17521505,0.789874,0.025021238
ISIC_0024428,HAM_0000923,nv,3,0.00015215541,0.00019864194,0.0017172617,0.00030467275,0.000790261,0.9965072,0.00032975167
ISIC_0026901,HAM_0001716,nv,3,0.0007407366,0.000107760454,0.0014285045,0.0004470911,0.022730734,0.974116,0.0004291243
ISIC_0029696,HAM_0005183,nv,3,0.10113051,0.0011602534,0.45014778,0.015783893,0.027506158,0.4019367,0.0023346385
ISIC_0032281,HAM_0004174,nv,3,3.2262335e-06,1.1260662e-05,5.5426925e-05,5.435487e-05,0.9545275,0.045346882,1.3660733e-06
ISIC_0030313,HAM_0003902,nv,3,1.671e-05,0.00022401442,0.00010336568,0.0004209735,0.000856223,0.5813095,0.4170692
ISIC_0030251,HAM_0001989,nv,3,0.00049739913,8.626635e-05,0.0012801151,0.0006172124,0.15719654,0.8398961,0.00042627982
ISIC_0030620,HAM_0006409,nv,3,0.018721195,0.0002235594,0.012945649,0.0020318627,0.009293719,0.9564705,0.0003134274
ISIC_0028987,HAM_0006409,nv,3,0.0059813084,0.00015186064,0.021338662,0.00075629534,0.00932217,0.962096,0.00035377685
ISIC_0030817,HAM_0000073,nv,3,0.0022047893,0.0005293392,0.020928677,0.0022836803,0.10107141,0.8714201,0.0015619037
ISIC_0029470,HAM_0000073,nv,3,0.00034054142,8.394369e-05,0.002468213,0.0006053048,0.2679366,0.7283271,0.00023820103
ISIC_0026182,HAM_0001265,nv,3,0.00022013369,0.0016305562,0.00033962048,0.00086387026,0.032543365,0.9641485,0.00025386765
ISIC_0025061,HAM_0001265,nv,3,4.2745043e-05,0.00031988084,0.00018823198,9.1916285e-05,0.018320942,0.98094225,9.4096016e-05
ISIC_0025956,HAM_0000741,nv,3,0.00020346978,5.0450177e-05,0.05809381,7.2691226e-05,0.7174699,0.22400501,0.00010473726
ISIC_0027607,HAM_0000741,nv,3,0.00028954618,6.152765e-05,0.2896759,8.1510894e-05,0.3719512,0.3373451,0.0005952717
ISIC_0033225,HAM_0001106,nv,3,0.00018077767,3.1414445e-05,0.002452823,0.00022106124,0.8281548,0.16890836,5.0692783e-05
ISIC_0033615,HAM_0001106,nv,3,0.001294161,0.00022401469,0.17049772,0.0007388323,0.28497285,0.5418407,0.00043179962
ISIC_0032562,HAM_0004191,nv,3,0.0029794371,0.00026034028,0.21508455,0.0020081284,0.19621958,0.5778489,0.005599032
ISIC_0033101,HAM_0004194,nv,3,0.00018546922,0.0003895828,0.00036957068,0.0071622217,0.35906127,0.6326386,0.00019323452
ISIC_0027345,HAM_0005091,nv,3,0.0009739015,0.0014506219,0.015342627,0.0010107213,0.3655084,0.6133081,0.0024057261
ISIC_0031148,HAM_0005091,nv,3,8.9836096e-05,0.00046978903,0.0018836292,0.0017816434,0.23818412,0.75694764,0.0006433809
ISIC_0027708,HAM_0005438,akiec,3,0.8382851,0.014547267,0.06907995,0.00011814658,0.077441454,0.0004493776,7.8702586e-05
ISIC_0031852,HAM_0004441,akiec,3,0.071871415,0.0016779191,0.15859954,0.0015367407,0.1711524,0.59389055,0.0012715169
ISIC_0028499,HAM_0004976,akiec,3,0.96302474,0.0011226417,0.035491664,5.814795e-05,3.8659306e-05,0.00025832062,5.802583e-06
ISIC_0031421,HAM_0004976,akiec,3,0.6869918,0.0012367638,0.3108634,0.00013029031,0.00011724858,0.0006425652,1.7910554e-05
ISIC_0031922,HAM_0000020,akiec,3,0.98743826,0.00010342087,0.0052631986,0.006972606,7.080294e-05,0.00014843317,3.3505326e-06
ISIC_0025076,HAM_0007409,bkl,3,0.006779382,0.001712423,0.20421211,0.0055494043,0.1224179,0.65663487,0.0026940193
ISIC_0029687,HAM_0007409,bkl,3,0.016164808,0.00080263993,0.0866426,0.003486509,0.37635827,0.51542646,0.0011187167
ISIC_0025642,HAM_0007409,bkl,3,0.00064755697,0.00029073888,0.0146665415,0.0011004565,0.01522103,0.9668519,0.0012216681
ISIC_0029413,HAM_0005801,bkl,3,0.0002368164,9.076745e-05,0.8871778,5.6800818e-05,0.097422875,0.014809547,0.00020534817
ISIC_0029576,HAM_0005801,bkl,3,0.00081778824,4.8209142e-05,0.3380731,4.9159982e-05,0.62668854,0.034200717,0.00012238714
ISIC_0032304,HAM_0006558,bkl,3,0.0026607106,0.00232525,0.8916256,0.00023753925,0.08366622,0.017031057,0.0024535563
ISIC_0031639,HAM_0006558,bkl,3,0.06201715,0.014802466,0.73802185,0.0006862623,0.16825117,0.016197901,2.3254397e-05
ISIC_0033321,HAM_0001354,bkl,3,0.00095677533,3.5084356e-06,0.4080858,0.00096522155,0.58000684,0.009945517,3.6274236e-05
ISIC_0033449,HAM_0003659,bkl,3,7.1122755e-05,4.2214915e-06,0.98034245,2.818038e-05,0.015753185,0.00378212,1.8698995e-05
ISIC_0033676,HAM_0003659,bkl,3,0.00026163715,1.411216e-05,0.9171882,0.00024056113,0.071280666,0.010952616,6.226576e-05
ISIC_0027513,HAM_0004748,bkl,3,0.0076092873,0.006530853,0.9621913,0.014446944,0.0003993584,0.0070237084,0.0017985608
ISIC_0024672,HAM_0005790,bkl,3,0.0061083985,0.00020779678,0.6542521,0.0008122773,0.17677875,0.1609589,0.00088171876
ISIC_0031686,HAM_0007261,bkl,3,0.0045915055,0.0008526674,0.96098423,0.0019346959,0.0015836857,0.02683838,0.003214792
ISIC_0030806,HAM_0005672,bkl,3,0.045181185,0.0007911709,0.7869011,2.1332526e-05,0.16206937,0.0046517486,0.0003840827
ISIC_0028388,HAM_0005672,bkl,3,0.0028022304,0.0006289365,0.92629886,1.2577645e-05,0.060266424,0.009819027,0.00017194168
ISIC_0024547,HAM_0005790,bkl,3,0.0032646472,6.163195e-05,0.15899837,0.00046077007,0.49166626,0.34525543,0.00029288325
ISIC_0031352,HAM_0004379,bkl,3,0.09264563,0.0011139179,0.8511218,0.0012771131,0.005219058,0.048440892,0.00018148728
ISIC_0026072,HAM_0006622,bkl,3,0.8855759,0.007868358,0.08109434,0.00026268262,0.02030956,0.004667543,0.0002216334
ISIC_0025939,HAM_0006622,bkl,3,0.22104868,0.00048543455,0.77455544,9.823753e-05,0.0009193955,0.0028639205,2.8925742e-05
ISIC_0028236,HAM_0002731,bkl,3,0.39758712,0.0039941394,0.39333904,0.014355385,0.063590705,0.12504527,0.0020883842
ISIC_0026205,HAM_0006912,bkl,3,3.519601e-06,6.6529906e-06,0.99752766,8.779419e-06,0.00019345821,0.0022513496,8.643306e-06
ISIC_0030021,HAM_0001164,df,3,3.667246e-05,7.900055e-06,4.7916255e-06,0.98583543,0.008512505,0.005599017,3.6452766e-06
ISIC_0027118,HAM_0001164,df,3,0.0022030799,0.00029295924,0.0020414994,0.79514796,0.09779026,0.10248332,4.0906278e-05
ISIC_0032247,HAM_0007225,df,3,0.017356828,0.017356828,0.11998125,0.33723593,0.13293691,0.36074293,0.014389317
ISIC_0031429,HAM_0007225,df,3,0.029235851,0.0033432348,0.05645686,0.31263134,0.30628526,0.29026836,0.0017790496
ISIC_0029039,HAM_0004317,df,3,0.12342271,0.021094525,0.7335103,0.038508587,0.0033441638,0.07926083,0.00085885223
ISIC_0025504,HAM_0004317,df,3,0.13014145,0.017552633,0.51875645,0.03378819,0.006231141,0.292992,0.0005381278
ISIC_0024553,HAM_0005330,df,3,0.0001524336,0.8775878,0.00012736306,0.11946655,0.00017717178,0.002224735,0.00026389657
ISIC_0030665,HAM_0005359,df,3,0.00020002852,1.3592186e-05,4.9234983e-05,0.9990631,5.524837e-05,0.00061568007,3.1229933e-06
ISIC_0027044,HAM_0002871,df,3,0.0072275763,0.016714599,0.10289051,0.4428088,0.007945696,0.41924295,0.003169852
ISIC_0028519,HAM_0003212,mel,3,0.07140587,0.003469346,0.01708089,0.5811796,0.3253761,0.0014805351,7.648686e-06
ISIC_0024767,HAM_0003212,mel,3,0.00027011288,0.0043149283,0.015141691,0.06687354,0.9124056,0.0009746155,1.956691e-05
ISIC_0027261,HAM_0005084,mel,3,0.0006878284,0.0009465987,0.0076950635,0.0019347221,0.97899467,0.009701383,3.9686067e-05
ISIC_0028505,HAM_0005084,mel,3,8.399945e-06,6.870265e-05,0.00479765,8.890783e-05,0.9618971,0.033107728,3.157747e-05
ISIC_0034006,HAM_0000709,mel,3,0.0002753627,0.0002131998,0.30315375,0.000104311956,0.6380271,0.057857912,0.0003683762
ISIC_0032875,HAM_0003625,mel,3,0.00035976365,1.6892227e-05,0.09916971,8.679702e-05,0.7724498,0.12783481,8.217777e-05
ISIC_0033802,HAM_0003625,mel,3,0.00041102222,6.0372226e-06,0.03284342,0.00012908151,0.8503581,0.11621283,3.936764e-05
ISIC_0033429,HAM_0003625,mel,3,0.0003860218,1.6279038e-05,0.0048071826,0.00017501613,0.9447052,0.049872346,3.7998034e-05
ISIC_0027100,HAM_0005352,mel,3,0.00023593698,0.0012680116,0.14771172,0.00016993903,0.7861421,0.06415347,0.0003187305
ISIC_0033299,HAM_0000107,mel,3,7.6892064e-08,2.0451059e-09,4.5121044e-07,4.582476e-08,0.9999962,3.0179242e-06,1.862646e-07
ISIC_0033901,HAM_0002342,mel,3,1.34000275e-05,1.2296555e-05,0.0014873174,6.725813e-05,0.9868644,0.01153417,2.1081201e-05
ISIC_0032917,HAM_0002342,mel,3,3.624928e-08,2.2595781e-08,8.605408e-06,7.903301e-07,0.99996614,2.4514526e-05,3.5967183e-08
ISIC_0032925,HAM_0002342,mel,3,3.5741068e-06,2.227899e-06,4.0585168e-05,1.8436644e-05,0.9972709,0.0026572403,7.09409e-06
ISIC_0032684,HAM_0003566,mel,3,8.413138e-06,6.577803e-06,0.000428415,1.6666294e-05,0.98240924,0.017102536,2.8074808e-05
ISIC_0034052,HAM_0003566,mel,3,7.24277e-06,4.3758355e-06,0.0003581252,6.9653042e-06,0.9926454,0.006954827,2.3152741e-05
ISIC_0033171,HAM_0003566,mel,3,4.455536e-05,8.115344e-05,0.0024113532,3.104396e-05,0.9382864,0.057684746,0.0014607754
ISIC_0033114,HAM_0000709,mel,3,2.8369514e-05,9.24766e-05,0.018540947,1.3244684e-05,0.9307561,0.050498053,7.076593e-05
ISIC_0032559,HAM_0000709,mel,3,0.031684365,0.034192123,0.6111216,0.011436161,0.069654204,0.23792051,0.0039910167
ISIC_0031208,HAM_0001299,mel,3,0.00026087716,4.9017366e-05,0.00037078123,0.0006264232,0.8794891,0.11902591,0.00017790277
ISIC_0026545,HAM_0001299,mel,3,0.00029429476,0.00016063152,0.00084000686,0.0008565744,0.8928376,0.104571745,0.0004392077
ISIC_0028965,HAM_0004281,mel,3,0.002508299,0.00083608244,0.26268932,0.00047175583,0.71267027,0.015845682,0.004978615
ISIC_0028288,HAM_0004709,mel,3,6.513729e-05,0.00010247534,0.0004975521,0.00025067403,0.98223996,0.016801635,4.2634725e-05
ISIC_0030910,HAM_0001598,mel,3,0.040737774,4.036321e-05,0.07340727,0.007947667,0.871863,0.0059380126,6.602981e-05
ISIC_0029238,HAM_0001598,mel,3,0.4677702,9.0287416e-05,0.21795863,0.02370335,0.27822942,0.012082126,0.00016606397
ISIC_0030246,HAM_0003149,mel,3,0.0010061208,8.5961234e-05,0.004227661,0.00011167748,0.9336577,0.0607452,0.00016569461
ISIC_0026558,HAM_0004709,mel,3,0.00017660427,7.551279e-05,0.0009505273,0.00039450126,0.55930954,0.43900704,8.623832e-05
ISIC_0030770,HAM_0002538,vasc,3,3.0260191e-05,0.0009033167,0.00015218051,0.00020023294,0.00068486226,0.0013573639,0.9966717
ISIC_0032240,HAM_0002538,vasc,3,9.271576e-07,0.0002261491,3.865545e-06,9.184216e-05,0.00015171815,4.2668882e-05,0.99948287
ISIC_0032692,HAM_0000940,vasc,3,6.8782566e-07,2.0216323e-06,1.2192001e-05,4.9736127e-07,0.002169866,4.2575048e-05,0.99777204
ISIC_0033608,HAM_0000940,vasc,3,5.0583105e-07,1.6585562e-06,1.992801e-06,3.700739e-07,0.0009491404,1.5281617e-05,0.99903107
ISIC_0033969,HAM_0000940,vasc,3,1.016621e-06,1.8553009e-06,3.294537e-06,1.004777e-06,0.002103273,3.83726e-05,0.99785113
ISIC_0029439,HAM_0002390,vasc,3,0.00011906111,0.000533074,0.00042458883,0.00031154722,0.0020164717,0.0012083604,0.995387
ISIC_0028457,HAM_0007446,bcc,3,0.0001588799,0.87965864,0.00010940994,0.11031745,0.00265076,0.0069553214,0.00014954565
ISIC_0026230,HAM_0005382,bcc,3,0.04142168,0.55692875,0.03831347,0.0008227188,0.26000962,0.101325266,0.0011784903
ISIC_0026395,HAM_0005382,bcc,3,0.0007654369,0.0016882747,0.029061384,0.00025489138,0.8088246,0.15895624,0.00044909908
ISIC_0026350,HAM_0003039,bcc,3,0.87076664,0.035556816,0.08982736,0.00015243507,0.0010832014,0.0025959287,1.761121e-05
ISIC_0031569,HAM_0003039,bcc,3,0.9735545,0.015281715,0.009359787,0.00012371814,0.00021798193,0.0014586857,3.685234e-06
ISIC_0027704,HAM_0001440,bcc,3,0.007868672,0.975269,0.009248951,0.0010377037,0.0003977331,0.0060732053,0.000104568644
ISIC_0032174,HAM_0005559,bcc,3,0.00045692784,0.9984692,0.00012298046,0.0002467349,9.3376046e-05,0.00055779325,5.2996646e-05
ISIC_0024743,HAM_0004495,bcc,3,0.0006702965,0.9979977,0.001060333,4.0377465e-05,3.1446e-05,0.00015448064,4.5486362e-05
ISIC_0029337,HAM_0002506,bcc,3,0.0024744195,0.9963043,0.00050516945,0.00051488157,2.9261164e-05,3.6989575e-05,0.00013503824
ISIC_0031318,HAM_0001424,bcc,3,0.0017887233,0.99650687,0.0010550077,4.4977034e-05,0.0002391403,0.00023451491,0.00013065473
ISIC_0031470,HAM_0001424,bcc,3,0.027745284,0.9563318,0.0030319279,0.00071733847,0.006860972,0.003664353,0.0016484306
ISIC_0027920,HAM_0001390,bcc,3,0.0006014129,0.97615004,0.022689393,2.5896632e-06,3.32569e-05,0.0005140391,9.362236e-06
ISIC_0024411,HAM_0001390,bcc,3,0.005970762,0.9642467,0.026876952,1.1690657e-05,0.00058401277,0.0023011612,8.6538885e-06
ISIC_0031845,HAM_0007203,nv,3,0.00011878118,0.00024419962,0.0008556764,0.0005417806,0.0007610544,0.9833961,0.014082294
ISIC_0030682,HAM_0002924,nv,3,0.010325831,0.0008191148,0.03213361,0.008648644,0.019192541,0.9285944,0.00028585645
ISIC_0025934,HAM_0006395,nv,3,0.0028301568,0.00094867847,0.014285266,0.00084955984,0.00030529572,0.9801879,0.00059308833
ISIC_0024580,HAM_0003405,nv,3,0.00035010098,0.00037413917,0.00083657436,0.0018121415,0.001119157,0.9939016,0.0016062525
ISIC_0028812,HAM_0004248,nv,3,1.3804596e-05,0.00082294736,2.0926518e-05,0.00011429366,6.031682e-05,0.9989447,2.293844e-05
ISIC_0027212,HAM_0003341,nv,3,0.0018227557,0.0008025485,0.4898501,0.007073154,0.00477893,0.49369204,0.001980516
ISIC_0027356,HAM_0000473,nv,3,0.00028001852,0.00014784788,0.014760347,0.0012941605,0.0011107442,0.98162544,0.000781506
ISIC_0028242,HAM_0000768,nv,3,0.00090019224,0.000878481,0.0053095724,0.00092334143,0.002744501,0.98814523,0.0010986387
ISIC_0028699,HAM_0002260,nv,3,0.0005422329,0.003085488,0.0036444801,0.008925975,0.003575735,0.9784671,0.0017589167
ISIC_0028921,HAM_0000507,nv,3,0.00023846638,0.0004710162,0.0017706662,0.0008364036,0.008681546,0.98692894,0.001072915
ISIC_0030761,HAM_0002949,nv,3,0.0012947457,5.9124406e-05,0.0005057934,0.00091945805,0.008275462,0.9888058,0.0001396332
ISIC_0028184,HAM_0007152,nv,3,0.0002249033,0.001289813,0.00067935186,0.0014259511,0.0006246271,0.99470526,0.0010501477
ISIC_0029848,HAM_0001993,nv,3,0.0005945641,0.0006992007,0.0005065749,0.00071718113,0.00388842,0.99226975,0.0013242607
ISIC_0030206,HAM_0000191,nv,3,0.0006328827,0.00028975485,0.0056244927,0.0012574092,0.03438592,0.9560808,0.0017287745
ISIC_0024687,HAM_0005247,nv,3,0.00032232967,6.285366e-05,0.008849134,0.00037317938,0.0057949084,0.98363715,0.00096042105
ISIC_0032108,HAM_0004823,nv,3,0.000107821055,3.825752e-05,0.00015942701,4.614738e-05,0.0008451846,0.99875224,5.0881346e-05
ISIC_0026696,HAM_0006473,nv,3,0.00032550946,0.00033192956,0.0010070555,0.00025825467,0.00044405056,0.99722856,0.00040470765
ISIC_0027730,HAM_0000010,nv,3,8.872528e-05,0.0003314298,0.00051345385,8.433219e-05,0.0006201,0.998161,0.0002009242
ISIC_0029688,HAM_0006369,nv,3,0.00011945698,0.001369451,0.00032156208,0.00041450988,0.0007827701,0.99674785,0.00024439275
ISIC_0025437,HAM_0007273,nv,3,0.003957936,0.00084104895,0.018408861,0.0033247892,0.010449434,0.96093833,0.0020795844
ISIC_0029148,HAM_0000697,nv,3,0.0006063875,4.1792402e-05,9.164027e-05,0.0014982608,0.0023519215,0.9953399,7.0125934e-05
ISIC_0026064,HAM_0003714,nv,3,0.0004921917,0.0010409529,0.0013113978,0.00086213794,0.0007630663,0.9927591,0.0027710656
ISIC_0031116,HAM_0004217,nv,3,0.006475614,0.004562842,0.014314261,0.0026253425,0.006750032,0.95965946,0.0056123915
ISIC_0025890,HAM_0000646,nv,3,0.0017396235,0.0002780853,0.00062301365,0.00097441196,0.0019050133,0.99407554,0.00040421676
ISIC_0028241,HAM_0007565,nv,3,0.0032369702,0.00013264286,0.0009499509,0.0013747666,0.0037095058,0.99016714,0.0004290135
ISIC_0027247,HAM_0001447,nv,3,0.0044958154,0.001259464,0.00065659947,0.014864085,0.001960244,0.97653097,0.00023274998
ISIC_0026695,HAM_0002713,nv,3,0.0004867181,0.00034648567,0.0009769765,0.0014375463,0.0019039743,0.9932909,0.001557397
ISIC_0028896,HAM_0005659,nv,3,0.0007853667,0.0010475786,0.0014395815,0.004052961,0.0007150845,0.9913032,0.00065619836
ISIC_0029866,HAM_0006761,nv,3,1.9736697e-05,0.00034458571,0.00014633486,1.1994314e-05,0.00035990705,0.99900085,0.00011661137
ISIC_0027081,HAM_0003823,nv,3,2.7565984e-05,6.297605e-05,2.236726e-05,0.00053638074,9.5186704e-05,0.9991192,0.00013634865
ISIC_0024434,HAM_0006716,nv,3,0.00062439113,0.0007186698,0.0012893256,0.0003884512,0.002182534,0.9904529,0.0043436675
ISIC_0030398,HAM_0003834,nv,3,0.00048774204,0.000559199,0.003175822,0.0023065254,0.0016102141,0.98956525,0.0022952906
ISIC_0025190,HAM_0006096,nv,3,0.0012522169,0.0012558908,0.0015645085,0.0005778031,0.008261732,0.9862016,0.00088622206
ISIC_0032503,HAM_0002487,nv,3,0.007642412,7.383405e-05,0.0018312566,0.009774795,0.0017697224,0.9787266,0.00018131894
ISIC_0028206,HAM_0004052,nv,3,0.00020046839,0.00024997466,0.0017659389,0.0028590632,0.004115967,0.98911196,0.0016966293
ISIC_0029648,HAM_0005099,nv,3,0.00042765882,0.0018360226,0.00020761168,0.002170108,0.00057491614,0.9928409,0.0019427807
ISIC_0024905,HAM_0007392,nv,3,0.00317713,5.4055057e-05,0.000174833,0.90226114,0.0006708582,0.09344059,0.0002214417
ISIC_0030132,HAM_0005857,nv,3,0.0017314962,0.00032357106,0.008231692,0.00015284415,0.00016494146,0.98935586,3.94843e-05
ISIC_0032105,HAM_0006102,nv,3,0.00011725706,0.00034413324,0.0004459943,0.00020579254,0.00012003773,0.99866366,0.00010307557
ISIC_0029262,HAM_0004353,nv,3,0.00040835995,0.0052544805,0.0029851547,0.0009356585,0.00317148,0.98580265,0.0014421175
ISIC_0029969,HAM_0006038,nv,3,0.00035312815,0.00026293562,0.0003002819,0.0029399702,0.002397338,0.99275315,0.0009932781
ISIC_0029987,HAM_0005071,nv,3,0.00062415825,0.00021612504,0.00024730508,0.00037968185,0.0023252657,0.9959019,0.0003056794
ISIC_0025660,HAM_0001952,nv,3,0.0031367282,0.00062159164,0.0041251653,0.0018521087,0.020097638,0.96505415,0.0051125875
ISIC_0029116,HAM_0007062,nv,3,0.00010731096,3.0775143e-05,0.00065383804,0.000233703,0.0009146606,0.9979177,0.00014188653
ISIC_0026294,HAM_0000848,nv,3,0.0006148965,0.00088424596,0.0012753122,0.0025300763,0.005232735,0.98785377,0.0016089999
ISIC_0028641,HAM_0004805,nv,3,0.00071955967,0.0014757197,0.001896713,0.00050528557,0.0017269768,0.99167925,0.0019964925
ISIC_0030498,HAM_0003098,nv,3,0.00087265944,0.0005858759,0.006457582,0.2890283,0.0031765073,0.69741726,0.0024618166
ISIC_0032448,HAM_0003232,nv,3,0.00035843634,0.00055569946,0.00087168056,0.0015985756,0.0070051956,0.9881859,0.0014245822
ISIC_0024631,HAM_0000046,nv,3,0.000101886,0.00023712349,9.000193e-05,0.00029067165,0.00017314474,0.99877435,0.0003327689
ISIC_0024852,HAM_0003870,nv,3,0.0007309677,0.00031871305,0.000813465,0.001871611,0.00033728618,0.995665,0.00026293538
ISIC_0030702,HAM_0002246,nv,3,0.00032685112,5.6576773e-05,0.0002795706,0.00024432252,0.05063881,0.9480486,0.00040518696
ISIC_0027341,HAM_0007041,nv,3,0.0030531846,0.0024342113,0.005668007,0.0050191246,0.019591032,0.95647585,0.007758604
ISIC_0030587,HAM_0001848,nv,3,0.00019467849,0.0002640232,0.00015220918,0.0015693969,0.0025166294,0.9949144,0.00038867973
ISIC_0031610,HAM_0004157,nv,3,0.00043916568,0.001425975,0.00045979244,0.002294052,0.0020441117,0.9930234,0.0003135512
ISIC_0025483,HAM_0007170,nv,3,0.0005647572,0.00148286,0.00067460694,0.0035342565,0.0012067345,0.9916237,0.00091311755
ISIC_0032495,HAM_0004770,nv,3,0.0013011456,0.0037659088,0.0020241293,0.0021736955,0.0021316526,0.9854791,0.0031243355
ISIC_0028614,HAM_0006966,nv,3,0.0004622394,0.2655607,0.019072307,0.0019196749,0.0018175117,0.69150794,0.01965972
ISIC_0029259,HAM_0003132,nv,3,0.0001797148,0.0006701712,5.1438896e-05,0.00024853653,0.0004353441,0.99793303,0.000481882
ISIC_0028292,HAM_0006686,nv,3,0.00030160596,0.0007483067,0.00029606133,0.0011491387,0.00032931412,0.99615735,0.0010183289
ISIC_0025347,HAM_0003776,nv,3,0.00011102546,0.00027479063,0.00014381798,0.00032362444,0.00022231502,0.9987419,0.00018251453
ISIC_0024650,HAM_0003324,nv,3,0.00012584514,0.00018984062,0.000266935,0.00019972993,0.0007265795,0.998059,0.00043201074
ISIC_0032301,HAM_0002020,nv,3,0.0007884732,0.0017951651,0.0028228124,0.003069375,0.000606317,0.9894099,0.0015079944
ISIC_0029717,HAM_0002802,nv,3,0.0009040779,0.0006473785,0.002987607,0.0016973073,0.0013179972,0.98950726,0.0029384175
ISIC_0029007,HAM_0000672,nv,3,0.004445962,0.0040205168,0.008603358,0.017575538,0.002352027,0.95538414,0.007618432
ISIC_0032428,HAM_0004410,nv,3,0.0003495163,0.00014260318,0.057642702,0.00054879347,0.098629765,0.8421047,0.00058191
ISIC_0032342,HAM_0004410,nv,3,0.00012637716,8.064461e-05,0.056765985,0.00029671923,0.05799876,0.8845076,0.00022397542
ISIC_0030426,HAM_0002670,nv,3,0.0007866138,0.0009286695,0.09145449,0.016263328,0.10807589,0.7808419,0.0016490781
ISIC_0027734,HAM_0002670,nv,3,0.0013503762,0.003085011,0.06772276,0.020378789,0.63072354,0.2760814,0.00065812084
ISIC_0026874,HAM_0001542,nv,3,0.009847682,0.01774499,0.3204281,0.0068146316,0.2191541,0.41466478,0.011345686
ISIC_0026501,HAM_0003583,nv,3,0.00010994701,0.0010999027,0.0005369666,0.00011726679,0.0013381212,0.9958248,0.00097303337
ISIC_0026006,HAM_0003583,nv,3,0.00035387423,0.004231818,0.016429475,0.00019015658,0.010003982,0.9680162,0.00077444356
ISIC_0025049,HAM_0001757,nv,3,4.001971e-05,1.8250928e-05,0.000337709,4.1451676e-05,0.47925934,0.52023107,7.2183815e-05
ISIC_0024730,HAM_0003188,nv,3,0.00016544812,4.6394147e-05,0.0074268486,0.00020231574,0.60545516,0.38635698,0.00034684988
ISIC_0030765,HAM_0003188,nv,3,5.1360847e-05,2.2437893e-05,0.0008897379,0.00015820254,0.082593694,0.91615295,0.00013166784
ISIC_0031202,HAM_0007350,nv,3,0.0021124072,5.0894425e-05,0.0012641506,0.0002928772,0.12651457,0.8696509,0.00011424522
ISIC_0030892,HAM_0007350,nv,3,0.0034821539,0.0036528313,0.020353971,0.0014276782,0.19634582,0.7735354,0.0012022256
ISIC_0033370,HAM_0001484,nv,3,0.00085206795,0.0008454371,0.004836731,0.00042098126,0.17420338,0.81819326,0.00064821914
ISIC_0033521,HAM_0001484,nv,3,0.0012245192,0.0002604607,0.011538768,0.0003015502,0.018046975,0.9681625,0.00046522924
ISIC_0032623,HAM_0001484,nv,3,0.0012791386,0.0009740682,0.00453162,0.00068601215,0.040696733,0.9510009,0.000831539
ISIC_0033706,HAM_0003993,nv,3,6.175749e-05,2.7673657e-05,0.0019381795,0.00016430607,0.012047986,0.9855446,0.00021534444
ISIC_0033097,HAM_0003993,nv,3,0.000244176,2.6839683e-05,0.0046524764,0.00014228758,0.016222889,0.9785114,0.00019987536
ISIC_0034014,HAM_0003993,nv,3,0.00021357983,1.9104964e-05,0.003518424,0.0010105094,0.03188433,0.96325475,9.932385e-05
ISIC_0033018,HAM_0007415,nv,3,0.0016032108,0.0019623775,0.004305104,0.0011809795,0.067244574,0.91836435,0.0053395065
ISIC_0032541,HAM_0007415,nv,3,0.00095791876,0.0003046779,0.0155281145,0.00085951184,0.06761593,0.9135693,0.0011645331
ISIC_0032515,HAM_0007415,nv,3,0.0021166361,0.001934762,0.023216138,0.0009959302,0.08421911,0.87758327,0.009934075
ISIC_0033145,HAM_0001912,nv,3,9.603991e-05,0.0006201728,0.0007451548,0.00014028416,0.022076387,0.97610587,0.00021600699
ISIC_0033799,HAM_0001912,nv,3,0.00071612233,0.0010625025,0.0014020995,0.000932177,0.0541776,0.9399091,0.0018003313
ISIC_0032882,HAM_0003193,nv,3,8.813911e-06,5.2118808e-06,9.494374e-05,3.919381e-05,0.09333117,0.90650064,2.009659e-05
ISIC_0034078,HAM_0003193,nv,3,0.0001810697,5.8213445e-05,0.001231059,0.0004226474,0.030155314,0.9678829,6.87263e-05
ISIC_0032818,HAM_0003193,nv,3,0.00091960334,3.1070133e-05,0.0021101383,0.0006840589,0.264879,0.73135436,2.1860573e-05
ISIC_0033220,HAM_0006372,nv,3,0.0010677624,0.0010677624,0.0011190055,0.0015765104,0.09555537,0.8977937,0.0018198761
ISIC_0032817,HAM_0006372,nv,3,3.6476693e-05,4.985773e-05,4.085196e-05,0.00010911219,0.04920275,0.9504038,0.00015721447
ISIC_0032820,HAM_0006372,nv,3,0.0004317378,0.0003019908,0.0006005805,0.0007474345,0.04285059,0.9545453,0.00052230316
ISIC_0032584,HAM_0003966,nv,3,0.00020719583,0.00039549917,0.0025922344,0.00011004086,0.043365277,0.95289314,0.000436497
ISIC_0033731,HAM_0003966,nv,3,5.0804076e-05,0.0005101053,0.002485212,4.800648e-05,0.01877133,0.9779472,0.0001872911
ISIC_0032644,HAM_0003966,nv,3,0.00049236097,0.00047165295,0.013385759,0.00020010087,0.022592744,0.9606679,0.002189437
ISIC_0033288,HAM_0000578,nv,3,6.3039544e-05,0.0009918994,0.0002170419,0.019066274,0.2035853,0.7758628,0.00021367698
ISIC_0033087,HAM_0000578,nv,3,1.6346721e-05,0.00021074903,7.7227975e-05,0.015544299,0.34223264,0.64187723,4.1580075e-05
ISIC_0028591,HAM_0000468,nv,3,0.0006865234,0.015125065,0.46564162,0.001042742,0.10688319,0.41012543,0.000495451
ISIC_0024524,HAM_0000468,nv,3,0.0002041317,0.012154265,0.019493718,0.0008248898,0.80456924,0.1625032,0.00025059638
ISIC_0032663,HAM_0000468,nv,3,0.00089721597,0.05214568,0.3655149,0.0010048343,0.037816755,0.54019594,0.0024246376
ISIC_0033329,HAM_0004586,nv,3,0.00034710352,8.3334715e-05,0.016578035,0.00030661703,0.005723624,0.9767694,0.00019187605
ISIC_0033769,HAM_0006284,nv,3,4.00553e-05,0.00038170782,4.8410373e-05,0.00013926167,0.0014646654,0.9977997,0.00012618156
ISIC_0032904,HAM_0006284,nv,3,0.00025864874,0.0012279337,0.00039132303,0.00027053265,0.0031006208,0.99388534,0.0008656483
ISIC_0034008,HAM_0006610,nv,3,5.6194727e-05,0.011635672,0.0005913089,0.00047143258,0.0017345626,0.9453322,0.040178552
ISIC_0033250,HAM_0006610,nv,3,2.5263795e-05,0.0006085097,0.00041740615,0.00013032056,0.0025875366,0.7816919,0.21453908
ISIC_0028425,HAM_0003867,nv,3,0.0003465615,0.0001369135,0.0027654665,0.00015758647,0.00328969,0.99253863,0.00076513516
ISIC_0027897,HAM_0003164,nv,3,0.0002963717,0.02342904,0.009806098,0.00086768874,0.0048089568,0.95712805,0.0036638242
ISIC_0026209,HAM_0001111,nv,3,0.19407389,0.0006958505,0.0017088439,0.0001715276,0.7497962,0.053472977,8.070802e-05
ISIC_0032436,HAM_0001207,nv,3,0.008943224,0.001837446,0.19074827,0.0038408025,0.009529314,0.78447694,0.00062393973
ISIC_0032176,HAM_0001769,nv,3,0.0021088922,5.2769312e-05,0.03140121,0.00013767753,0.55334795,0.41282272,0.00012883185
ISIC_0028186,HAM_0000634,nv,3,0.00052211696,2.3761055e-05,0.01021909,0.0009811752,0.22953922,0.75853306,0.00018149916
ISIC_0026099,HAM_0000634,nv,3,0.00047231637,4.0000785e-05,0.009636121,0.00036072568,0.05856904,0.93060154,0.00032021003
ISIC_0028202,HAM_0004942,nv,3,0.0010039079,6.214243e-05,0.010667285,0.0035504838,0.29892403,0.68558156,0.00021063612
ISIC_0028150,HAM_0002451,nv,3,0.0008490367,1.9581224e-05,0.001721814,0.0003616174,0.005819136,0.99113137,9.7328004e-05
ISIC_0030922,HAM_0005197,nv,3,0.0005176162,5.818846e-05,0.30029342,0.0008352655,0.17791794,0.5198749,0.00050267164
ISIC_0029771,HAM_0004656,nv,3,0.0007060907,0.00022612135,0.00032390386,0.000891711,0.056311265,0.9413367,0.00020428361
ISIC_0027475,HAM_0004656,nv,3,7.186953e-05,1.4318767e-05,0.00062435406,9.4563016e-05,0.0046507055,0.99451315,3.0971132e-05
ISIC_0028865,HAM_0004600,nv,3,0.0005070809,0.0010263344,0.20698248,0.0005916809,0.31808597,0.4719405,0.0008659498
ISIC_0028464,HAM_0004600,nv,3,0.0003081922,0.0059749032,0.002272806,0.0012478296,0.5133393,0.47568938,0.0011676573
ISIC_0031866,HAM_0003423,nv,3,0.0035547584,0.00015271621,0.049893394,0.0005597048,0.059134256,0.88611054,0.0005946401
ISIC_0028344,HAM_0003423,nv,3,0.023118738,0.0004684704,0.01743816,0.00093348615,0.09747621,0.86035293,0.00021198261
ISIC_0028118,HAM_0007514,nv,3,0.0029223922,0.00050191913,0.017359516,0.0009769687,0.2703578,0.70675474,0.0011266825
ISIC_0026371,HAM_0004360,nv,3,0.0034350906,0.0019764632,0.24081844,0.0006897505,0.030586744,0.721765,0.0007285216
ISIC_0024857,HAM_0004360,nv,3,0.00047884302,0.0011851479,0.92340755,0.00022930308,0.010983895,0.06308462,0.0006306578
ISIC_0026122,HAM_0000666,nv,3,0.0015431354,0.001063692,0.03508732,0.00025264904,0.06466163,0.89611983,0.0012718302
ISIC_0026024,HAM_0000666,nv,3,3.763998e-05,0.0003698964,0.00039375265,0.000101519836,0.36078426,0.6381623,0.00015062383
ISIC_0028720,HAM_0002589,nv,3,2.6257817e-06,5.2016317e-06,1.7631297e-05,2.728123e-05,0.010168983,0.9897646,1.3758112e-05
ISIC_0026318,HAM_0002589,nv,3,8.852929e-05,0.00018379153,0.00083340605,0.00026846174,0.05876962,0.9392761,0.0005801092
ISIC_0024507,HAM_0001017,nv,3,0.003139589,0.00010517303,0.0004949392,0.0009652661,0.0065450626,0.9885993,0.0001506534
ISIC_0034163,HAM_0005263,nv,3,0.00535282,0.03547176,0.18832523,0.0011689889,0.001440692,0.7610163,0.00722414
ISIC_0034277,HAM_0005263,nv,3,0.074809454,0.039311286,0.18669853,0.002415337,0.004789419,0.68961656,0.0023593858
ISIC_0034147,HAM_0005263,nv,3,0.004331697,0.0031846494,0.016613204,0.0012879717,0.002629874,0.9716983,0.0002543608
ISIC_0033247,HAM_0005263,nv,3,0.0040948465,0.007274723,0.0024048863,0.0015895329,0.0024595135,0.9816368,0.00053975603
ISIC_0033918,HAM_0005263,nv,3,0.013402894,0.0075348797,0.04300181,0.0015070708,0.0022980087,0.9288953,0.0033599488
ISIC_0032889,HAM_0005263,nv,3,0.066919975,0.0071364553,0.040668376,0.0008101265,0.0009829416,0.8832212,0.0002609628
ISIC_0033395,HAM_0004392,nv,3,6.0240986e-06,1.732947e-05,9.386538e-05,2.3872353e-05,0.16449107,0.8353546,1.3157842e-05
ISIC_0033355,HAM_0004392,nv,3,5.3857966e-06,4.734419e-06,0.00015330019,2.0889234e-05,0.16664298,0.8331625,1.02404265e-05
ISIC_0033095,HAM_0004392,nv,3,0.0014234642,0.0033881394,0.009765685,0.0031396428,0.18974322,0.7910854,0.0014543773
ISIC_0033690,HAM_0004347,nv,3,0.0002257879,5.223375e-05,0.0031260506,0.00011543384,0.0025389807,0.9937535,0.00018810095
ISIC_0032591,HAM_0004182,nv,3,0.00063654775,5.5838616e-05,0.010243307,0.0003929324,0.41358653,0.574208,0.0008768816
ISIC_0029143,HAM_0001410,nv,3,0.0060087806,0.00159645,0.15267771,8.49399e-05,0.006067007,0.83346766,9.738408e-05
ISIC_0024830,HAM_0001410,nv,3,0.0003394688,0.00021620137,0.15337841,0.00010999435,0.0016171446,0.8438597,0.0004791955
ISIC_0032455,HAM_0001337,akiec,3,0.99818283,0.00039311106,0.0011941337,2.2514836e-07,0.0002169376,1.2535135e-05,1.5779406e-07
ISIC_0026100,HAM_0000954,akiec,3,0.25090533,0.08800083,0.050417554,0.54642445,0.0032938856,0.05741722,0.0035407322
ISIC_0029567,HAM_0000954,akiec,3,0.5789669,0.0680757,0.12603848,0.108824514,0.010718675,0.102131374,0.005244311
