image_id,lesion_id,diagnosis,fold,p_akiec,p_bcc,p_bkl,p_df,p_mel,p_nv,p_vasc
ISIC_0029836,HAM_0007571,bkl,3,0.020433914,0.14449583,0.78880274,0.014440374,0.0024910488,0.023030628,0.0063054524
ISIC_0032129,HAM_0007571,bkl,3,0.025837976,0.15275541,0.775756,0.013038422,0.0029493133,0.027546797,0.0021160287
ISIC_0027815,HAM_0005388,bkl,3,0.00072098,0.00096263463,0.9830201,0.0006545394,0.0012852858,0.013069968,0.0002865061
ISIC_0030661,HAM_0003847,bkl,3,0.0023183748,0.0027855914,0.08196531,0.0015323521,0.17335118,0.73555994,0.0024872532
ISIC_0027053,HAM_0003847,bkl,3,0.00013439437,0.00014992776,0.9973808,0.00018677041,0.00038566833,0.0016452725,0.00011710644
ISIC_0028560,HAM_0003847,bkl,3,0.0005510609,0.0019555895,0.9250718,0.0004695098,0.04836128,0.023431705,0.00015911988
ISIC_0031650,HAM_0003847,bkl,3,0.0006171437,0.0024337105,0.32093957,0.0009502665,0.053321037,0.62104845,0.0006898196
ISIC_0031691,HAM_0007010,bkl,3,0.0005919781,0.0015330395,0.9889193,0.00018213691,0.00018464417,0.008357633,0.00023114377
ISIC_0025419,HAM_0007010,bkl,3,0.016984727,0.0069027776,0.7808941,0.0015016032,0.13689697,0.05585417,0.0009657282
ISIC_0030377,HAM_0001983,bkl,3,0.0012038996,0.0033550556,0.9216734,0.00068999245,0.062111136,0.00988516,0.0010812784
ISIC_0028052,HAM_0000700,bkl,3,0.00025695807,0.00055688043,0.046999738,0.00061161345,0.5692289,0.3821622,0.00018363967
ISIC_0029288,HAM_0000959,bkl,3,0.0021416452,0.00056886656,0.9662191,0.00057557214,0.012759067,0.017354632,0.00038117374
ISIC_0031008,HAM_0000959,bkl,3,0.00048128216,0.0001450727,0.991836,0.00024342604,0.003506219,0.003715985,7.19566e-05
ISIC_0029289,HAM_0001469,bkl,3,0.00036640943,0.000436825,0.03886362,0.0005994059,0.038787793,0.9197677,0.0011781729
ISIC_0029912,HAM_0001469,bkl,3,0.0012741698,0.0005659619,0.25322717,0.0006240203,0.04129785,0.6991826,0.0038281914
ISIC_0030189,HAM_0000959,bkl,3,0.0006491421,0.00027379245,0.98640615,0.00030484158,0.00687745,0.005335281,0.00015328398
ISIC_0026532,HAM_0000959,bkl,3,0.0035038816,0.0005389964,0.9840919,0.00086552976,0.004133246,0.0067187552,0.0001476415
ISIC_0028774,HAM_0004852,bkl,3,0.028019087,0.00085524115,0.90991825,0.00037399222,0.057491433,0.0030640918,0.00027792744
ISIC_0030565,HAM_0004852,bkl,3,0.77075565,0.000551664,0.09027316,0.00060825574,0.13237683,0.0044681784,0.00096631126
ISIC_0028646,HAM_0005077,bkl,3,0.000779588,0.0003885712,0.9398655,0.00022842923,0.0032558504,0.0553516,0.0001304095
ISIC_0029929,HAM_0003768,bkl,3,0.0067355568,0.0017472362,0.09049557,0.00081412884,0.8980473,0.0018079886,0.00035221016
ISIC_0032757,HAM_0000527,bkl,3,0.00026843522,9.133049e-05,0.89617497,0.0002868662,0.022435302,0.08063498,0.000108246015
ISIC_0032508,HAM_0000527,bkl,3,0.00016587187,9.581196e-05,0.9383146,0.00022190098,0.021555865,0.03949273,0.00015310707
ISIC_0034201,HAM_0000527,bkl,3,4.7284953e-05,5.2237545e-05,0.9938257,7.098312e-05,0.002072406,0.003871764,5.9540744e-05
ISIC_0033235,HAM_0001858,bkl,3,0.0039232275,0.0003638495,0.89044327,0.044506073,0.011993279,0.0477947,0.00097561534
ISIC_0026085,HAM_0001858,bkl,3,0.15216012,0.000518556,0.3503448,0.040669378,0.4001063,0.053648468,0.002552422
ISIC_0032826,HAM_0000581,bkl,3,0.00011497877,0.00016437813,0.99371004,0.00016151392,0.0012184603,0.0044776653,0.0001529183
ISIC_0034115,HAM_0000581,bkl,3,0.00030506065,0.00078357744,0.64484197,0.001543186,0.048810747,0.30223134,0.0014840673
ISIC_0025180,HAM_0003265,bkl,3,0.00017246733,0.00025489018,0.7978381,0.00027452756,0.002518045,0.19859762,0.00034433466
ISIC_0026107,HAM_0003265,bkl,3,0.00035783043,0.00018240529,0.2996972,0.0005424386,0.0045667994,0.6941002,0.00055313716
ISIC_0029472,HAM_0004029,bkl,3,0.00018526794,0.00013634145,0.071459144,0.00021282601,0.3079888,0.6197289,0.00028863488
ISIC_0029682,HAM_0004029,bkl,3,0.0003142615,0.0001211586,0.039506078,0.00021598855,0.5153333,0.44424507,0.00026411834
ISIC_0033629,HAM_0001309,bkl,3,0.0034624112,0.0023843304,0.72466916,0.002075592,0.048763633,0.21547063,0.0031741858
ISIC_0034037,HAM_0001309,bkl,3,0.0006328138,0.0014149701,0.8772535,0.0004240221,0.019937776,0.09997507,0.0003619776
ISIC_0032876,HAM_0001309,bkl,3,0.0028474312,0.0016271776,0.5192949,0.0018546691,0.047646064,0.42466477,0.002064996
ISIC_0030124,HAM_0004807,bkl,3,0.002728758,0.0032499877,0.49571195,0.00092932023,0.012673221,0.47301167,0.011695087
ISIC_0025136,HAM_0000308,bkl,3,0.26246196,0.0060708863,0.28378907,0.0050329417,0.29915613,0.13563263,0.007856311
ISIC_0027218,HAM_0001738,bkl,3,0.0025453495,0.0015318184,0.28127873,0.0010405368,0.040206697,0.672122,0.0012748924
ISIC_0026060,HAM_0005891,bkl,3,0.105847836,0.00017443542,0.8879857,0.0015684508,0.0003509955,0.0036245673,0.0004480541
ISIC_0025777,HAM_0002827,bkl,3,0.019455956,0.0001999909,0.4210958,0.0011111109,0.01366727,0.5438751,0.00059473474
ISIC_0024592,HAM_0000236,bkl,3,0.0018069748,0.00087721593,0.97904336,0.0027877863,0.0019386009,0.013093591,0.00045243482
ISIC_0027796,HAM_0000745,bkl,3,0.0010307939,0.00039469905,0.67039585,0.00043689206,0.0032479838,0.32418227,0.00031162341
ISIC_0026607,HAM_0007529,bkl,3,0.0059309998,0.6735853,0.030631794,0.002148066,0.13658014,0.14782263,0.0033010985
ISIC_0030731,HAM_0005865,bkl,3,0.020882687,0.07646965,0.8846006,0.0021502948,0.0069310768,0.007133655,0.0018320743
ISIC_0026301,HAM_0004917,bkl,3,0.00064720225,6.126673e-05,0.0046577686,7.729729e-05,0.9777129,0.01682248,2.1049518e-05
ISIC_0030227,HAM_0004917,bkl,3,0.02267939,0.00085732853,0.019135298,0.00019317312,0.7336405,0.22331111,0.00018325022
ISIC_0027584,HAM_0001546,bkl,3,0.027922723,0.0044974615,0.9624479,0.0029574388,0.0005903708,0.00095080904,0.0006333754
ISIC_0026634,HAM_0003768,bkl,3,0.0005295069,8.329068e-05,0.97625333,0.0001559117,0.02186515,0.0010258976,8.677794e-05
ISIC_0032348,HAM_0006294,bkl,3,0.0035825516,0.00020103104,0.9765104,9.422137e-05,0.016671037,0.0028527745,8.7995664e-05
ISIC_0032156,HAM_0007521,bkl,3,0.00064776477,5.2912772e-05,0.9364906,0.0003247637,0.059984885,0.002393992,0.000105024286
ISIC_0024453,HAM_0005514,bkl,3,6.0401224e-05,3.9612092e-05,0.9983908,3.4685505e-05,0.00097339955,0.00047015253,3.0970667e-05
ISIC_0029051,HAM_0000298,bkl,3,0.0013835481,0.00015941613,0.9788897,0.00035819886,0.0011125267,0.017928991,0.00016772056
ISIC_0030723,HAM_0000782,bkl,3,0.004401225,0.0047034165,0.9901917,0.00011751798,0.0003257475,0.00021572689,4.4604792e-05
ISIC_0028555,HAM_0002301,bkl,3,0.022361659,0.00032486627,0.7997123,0.0024311238,0.026626537,0.14649428,0.0020492116
ISIC_0029568,HAM_0002301,bkl,3,0.013592247,0.00010307109,0.96130204,0.0004044817,0.0035544166,0.02062475,0.00041895467
ISIC_0025275,HAM_0006123,bkl,3,0.0023093517,0.009053738,0.14162429,0.0008955665,0.29315948,0.03441123,0.5185463
ISIC_0026606,HAM_0006123,bkl,3,0.00037103193,0.00094469154,0.026863256,0.0003424789,0.90979594,0.05368546,0.007997184
ISIC_0025986,HAM_0006123,bkl,3,0.001571695,0.0014394542,0.08260488,0.0011886971,0.5266877,0.35291144,0.033596117
ISIC_0030007,HAM_0004105,bkl,3,0.0015232246,0.00016725322,0.9934729,0.0004039717,0.0019192591,0.002446991,6.639893e-05
ISIC_0025805,HAM_0004691,bkl,3,0.0004701194,0.0001129794,0.6937464,0.00045833306,0.05307967,0.25174952,0.0003829516
ISIC_0029166,HAM_0004691,bkl,3,0.0021133649,0.00020560532,0.37833548,0.0007594535,0.49925902,0.11881625,0.0005108697
ISIC_0026477,HAM_0006563,bkl,3,0.00015330073,3.4744684e-05,0.002419196,0.00022834075,0.14663222,0.8504282,0.000103931256
ISIC_0030026,HAM_0004400,bkl,3,0.00010534013,6.6567074e-05,0.9805474,8.076708e-05,0.016970398,0.0021712827,5.8174344e-05
ISIC_0031819,HAM_0005527,bkl,3,0.1242846,0.034113627,0.77862924,0.011193659,0.00635309,0.026532875,0.018892877
ISIC_0024740,HAM_0005420,bkl,3,0.0021067564,0.004196952,0.97017235,0.0010619331,0.0058327615,0.016385864,0.00024328008
ISIC_0030649,HAM_0005420,bkl,3,0.0007573498,0.029725099,0.9653208,0.00012631889,0.0004540042,0.0033686145,0.00024780387
ISIC_0032043,HAM_0005420,bkl,3,0.0026964713,0.013277357,0.84061307,0.0013479495,0.009477324,0.13222726,0.00036067617
ISIC_0031168,HAM_0001245,bkl,3,0.5001483,0.0069519747,0.4763136,0.006460997,0.006518033,0.0031411601,0.00046598073
ISIC_0025575,HAM_0001245,bkl,3,0.20439614,0.0013426824,0.61740714,0.09932331,0.07126099,0.0052280817,0.0010416053
ISIC_0025781,HAM_0005728,bkl,3,0.0005309392,0.00032550888,0.9952809,7.1365284e-05,0.0025095786,0.0012094121,7.220652e-05
ISIC_0024758,HAM_0005968,bkl,3,0.0008733961,0.00064976636,0.99704415,0.000121849254,0.0004498603,0.000797472,6.3586056e-05
ISIC_0031078,HAM_0003943,bkl,3,0.004385997,0.0002096931,0.15468724,0.00051495654,0.79949754,0.040589716,0.00011490233
ISIC_0031464,HAM_0003943,bkl,3,0.0026901918,0.00023108324,0.049318735,0.00022179696,0.91973466,0.027665302,0.00013825587
ISIC_0024772,HAM_0002400,bkl,3,0.024035351,0.0018482108,0.36552235,0.0020298625,0.27110314,0.3347677,0.00069332897
ISIC_0025973,HAM_0003943,bkl,3,0.0053564846,0.001962858,0.5538975,0.00042284286,0.41081852,0.027255654,0.0002861098
ISIC_0027355,HAM_0005968,bkl,3,0.00084117893,0.00011446476,0.99313945,5.8348804e-05,0.00528842,0.00051424943,4.395805e-05
ISIC_0025519,HAM_0006211,bkl,3,0.0008022062,0.00025107322,0.9905524,0.00012886334,0.0027808999,0.005415572,6.897557e-05
ISIC_0031783,HAM_0002357,bkl,3,0.49383405,0.0025018821,0.4833375,0.0008646273,0.016018314,0.0023548957,0.0010887302
ISIC_0030137,HAM_0002357,bkl,3,0.15968856,0.001590185,0.83181995,0.00082658994,0.004138748,0.0012050327,0.00073088927
ISIC_0031808,HAM_0005275,bkl,3,0.02420734,0.00020719678,0.9399584,0.00095526554,0.023279974,0.010980584,0.00041125598
ISIC_0026316,HAM_0002400,bkl,3,0.005997429,0.0055793105,0.14028479,0.0006496475,0.37395796,0.47272712,0.0008037759
ISIC_0031522,HAM_0005865,bkl,3,0.122440204,0.011704419,0.812569,0.006338773,0.03295031,0.010656995,0.0033402988
ISIC_0027916,HAM_0005952,bkl,3,0.00027415593,0.00029846656,0.04280791,7.672744e-05,0.94802344,0.008462369,5.7019e-05
ISIC_0031716,HAM_0002686,bkl,3,0.018646397,0.006523814,0.96482044,0.0015410883,0.0063571017,0.0018516602,0.0002595616
ISIC_0029080,HAM_0000186,bkl,3,0.0010388994,0.00029866878,0.99419314,0.00023465688,0.0011168919,0.0030624543,5.5194243e-05
ISIC_0027018,HAM_0006525,bkl,3,0.94085854,0.0014867574,0.01689912,0.036588077,0.002723904,0.0010782166,0.00036541454
ISIC_0031138,HAM_0004908,bkl,3,0.4300274,0.0046211598,0.5258525,0.009917666,0.00429899,0.024307914,0.00097434013
ISIC_0025389,HAM_0004921,bkl,3,0.4697736,0.033674907,0.10678373,0.37380534,0.005648288,0.0056814803,0.004632563
ISIC_0028710,HAM_0004908,bkl,3,0.6465925,0.0019598897,0.32133928,0.004917548,0.0054220087,0.019283796,0.00048500494
ISIC_0031630,HAM_0003682,bkl,3,0.0023520761,0.00047500347,0.93498254,0.000147293,0.0581592,0.0036728836,0.00021098748
ISIC_0027982,HAM_0004423,bkl,3,0.006989442,0.00030163318,0.9204787,0.0006348269,0.026471423,0.04467899,0.00044491512
ISIC_0030318,HAM_0004423,bkl,3,0.000222217,7.977741e-05,0.9953811,0.00010693371,0.001962309,0.0022030536,4.4663753e-05
ISIC_0026737,HAM_0004423,bkl,3,0.001992165,0.0006771385,0.97418857,0.0006653396,0.00983455,0.012353373,0.00028896722
ISIC_0028749,HAM_0005275,bkl,3,0.0011432861,4.1390795e-05,0.9648222,0.00024005571,0.030893246,0.0027789976,8.088111e-05
ISIC_0031537,HAM_0003877,bkl,3,0.99551,0.0005152252,0.0012820624,0.000239602,0.0022967104,7.539411e-05,8.1044214e-05
ISIC_0030608,HAM_0007029,bkl,3,0.00076758437,8.713574e-05,0.9918338,0.00011980034,0.002635022,0.0044823233,7.438572e-05
ISIC_0024446,HAM_0001475,bkl,3,0.0026406173,0.0019256189,0.99336386,0.000267763,0.00067053176,0.0010007066,0.00013100803
ISIC_0031287,HAM_0003205,bkl,3,0.0023242475,0.00020821141,0.9101516,0.00021190374,0.01031029,0.07663101,0.00016278987
ISIC_0026139,HAM_0002809,bkl,3,0.005756493,0.0008094976,0.9816595,0.00014872187,0.0080843335,0.0033208427,0.00022065693
ISIC_0027967,HAM_0002809,bkl,3,0.8970081,0.0036408927,0.074790426,0.00044558954,0.012550717,0.01093224,0.0006320748
ISIC_0024338,HAM_0002809,bkl,3,0.25108382,0.003182359,0.72653514,0.00081969536,0.0062064654,0.011882499,0.0002899969
ISIC_0028842,HAM_0001515,bkl,3,0.2783687,0.0022317246,0.5200612,0.0011420817,0.19244413,0.004403775,0.001348332
ISIC_0025066,HAM_0002749,bkl,3,0.037942808,0.0033676152,0.93465877,0.0008932012,0.0144648915,0.0085351905,0.00013751294
ISIC_0028124,HAM_0001294,bkl,3,0.019519733,0.00027925096,0.97131664,0.00014402712,0.005812438,0.0026995724,0.00022836358
ISIC_0027388,HAM_0002192,bkl,3,0.38291636,0.005814278,0.37477738,0.06841887,0.15410905,0.012141686,0.0018224111
ISIC_0030241,HAM_0001294,bkl,3,0.025754044,0.00035990466,0.95982957,0.000682979,0.0027197632,0.010400495,0.00025322454
ISIC_0026912,HAM_0007337,bkl,3,0.0005968525,0.00038012426,0.980646,0.00013265657,0.017786609,0.00038837933,6.93611e-05
ISIC_0031888,HAM_0003398,bkl,3,0.0019158876,0.00071775255,0.91753423,9.553792e-05,0.07939412,0.0002468404,9.57247e-05
ISIC_0028622,HAM_0000083,bkl,3,0.0005790796,0.040477853,0.8250165,0.00037315238,0.12334839,0.009801566,0.00040347394
ISIC_0031872,HAM_0000083,bkl,3,0.0013980764,0.66588223,0.076332375,0.000638837,0.14742216,0.10649575,0.0018305719
ISIC_0024877,HAM_0003574,bkl,3,0.0009471996,0.00032910635,0.9848919,0.0001480504,0.0017868042,0.0117611,0.00013585869
ISIC_0030835,HAM_0003574,bkl,3,0.0012394255,0.0009795092,0.97612756,0.00088664296,0.014212205,0.006062064,0.0004925282
ISIC_0026249,HAM_0007315,bkl,3,0.00039401735,0.0061043156,0.6361016,0.00053124485,0.0048638154,0.35128865,0.00071626564
ISIC_0031218,HAM_0007315,bkl,3,0.017323554,0.041607812,0.85469854,0.00127748,0.059716955,0.024483867,0.00089182483
ISIC_0026248,HAM_0004224,bkl,3,0.00027925207,0.00015391671,0.9962986,6.243137e-05,0.0013338642,0.0018014959,7.04682e-05
ISIC_0027194,HAM_0004224,bkl,3,0.00033745996,0.00015344787,0.9971513,3.4372857e-05,0.0018234006,0.00044925004,5.0899103e-05
ISIC_0030369,HAM_0003514,bkl,3,0.00043309486,0.0018831163,0.92266285,0.00020259137,0.028494893,0.04620663,0.00011679377
ISIC_0025339,HAM_0006755,bkl,3,0.018725341,0.0013445894,0.92724836,0.00039552385,0.04991624,0.0021194713,0.00025043008
ISIC_0028876,HAM_0003030,bkl,3,0.0004497082,4.010924e-05,0.97409385,6.1039944e-05,0.006692844,0.018624472,3.7974667e-05
ISIC_0029527,HAM_0003030,bkl,3,0.0025120762,2.7147284e-05,0.9858672,9.2017624e-05,0.0024520874,0.008956233,9.328431e-05
ISIC_0031987,HAM_0001781,bkl,3,0.00074561185,0.00048046384,0.98436487,0.0020031703,0.003601242,0.008658991,0.0001456771
ISIC_0028623,HAM_0001781,bkl,3,0.0002578301,0.00010316041,0.9965618,0.00013613254,0.001251546,0.0016367132,5.2895404e-05
ISIC_0025515,HAM_0001781,bkl,3,0.00011593286,3.887059e-05,0.9970753,8.793906e-05,0.0014873765,0.0011504785,4.413226e-05
ISIC_0029823,HAM_0001781,bkl,3,0.0003781443,0.00012181012,0.98896724,0.00019276034,0.0049810745,0.0053126924,4.6233905e-05
ISIC_0026631,HAM_0000985,bkl,3,0.0014739974,0.0002628896,0.9743323,0.00010385787,0.023229528,0.00052537746,7.208089e-05
ISIC_0024490,HAM_0000985,bkl,3,0.00059823535,0.000113176124,0.96108705,8.4105355e-05,0.037411243,0.0006452694,6.0934817e-05
ISIC_0025103,HAM_0001529,bkl,3,0.00040855882,0.00034945892,0.99014306,9.89552e-05,0.008319087,0.0006402474,4.0611136e-05
ISIC_0025710,HAM_0001529,bkl,3,0.00031097606,0.00016612871,0.99842536,6.556718e-05,0.0006958512,0.00032022144,1.6005286e-05
ISIC_0025466,HAM_0001620,bkl,3,0.0031574315,0.0015467189,0.9797601,0.00039183637,0.000746485,0.013880317,0.00051707507
ISIC_0028264,HAM_0003187,bkl,3,0.08685979,0.0014613116,0.8884608,0.0015374352,0.0107819075,0.009738264,0.001160517
ISIC_0025526,HAM_0003187,bkl,3,0.1585715,0.014778283,0.7912607,0.0010831545,0.025422616,0.0083671305,0.0005166669
ISIC_0027202,HAM_0001011,bkl,3,0.0014327645,0.00010940926,0.99289155,6.457012e-05,0.002708309,0.0027509588,4.2346113e-05
ISIC_0032498,HAM_0001011,bkl,3,0.0001090612,5.3778727e-05,0.9955492,6.798268e-05,0.002450908,0.0017311784,3.7838057e-05
ISIC_0026174,HAM_0006009,bkl,3,0.00020036934,0.000110330744,0.99832505,8.442846e-05,0.0006343673,0.0006234279,2.2045999e-05
ISIC_0027279,HAM_0006009,bkl,3,0.00016226058,0.00010904303,0.9934411,0.00011405314,0.0024101534,0.0037402166,2.3261991e-05
ISIC_0033305,HAM_0003218,bkl,3,5.6722765e-05,0.00021829162,0.99611014,3.4203098e-05,0.0022547464,0.0012887997,3.705467e-05
ISIC_0032681,HAM_0000208,bkl,3,0.00034182332,7.709483e-05,0.98857576,0.0002474112,0.007195197,0.0034827692,7.9853395e-05
ISIC_0033509,HAM_0000208,bkl,3,0.0017906968,0.0001422584,0.9744967,0.00017948059,0.014078044,0.009178667,0.00013416246
ISIC_0032694,HAM_0000208,bkl,3,0.002912792,0.006487604,0.8715594,0.0006117481,0.10490933,0.013108522,0.00041070822
ISIC_0033260,HAM_0004142,bkl,3,0.00017727057,0.00012351332,0.99693704,0.00018815152,0.00014426078,0.0023056245,0.00012423917
ISIC_0032643,HAM_0004142,bkl,3,0.00015778567,0.00013735458,0.9967091,0.00014338519,0.00015159289,0.0025967578,0.00010398488
ISIC_0033732,HAM_0004142,bkl,3,6.2233834e-05,4.809058e-05,0.9989825,4.194535e-05,0.000100719975,0.00073376147,3.0747873e-05
ISIC_0033246,HAM_0005749,bkl,3,0.0005223654,0.00021818,0.9820817,0.0003199398,0.006907745,0.009894889,5.527239e-05
ISIC_0032843,HAM_0005749,bkl,3,9.325481e-05,8.709297e-05,0.9971727,8.540844e-05,0.0007508316,0.0017890447,2.1679156e-05
ISIC_0027747,HAM_0005932,bkl,3,0.00028111567,0.00019170424,0.86628515,0.00082141784,0.0015965219,0.1302796,0.00054451695
ISIC_0031396,HAM_0004466,bkl,3,2.2158503e-05,2.354158e-05,0.99950767,3.7290145e-05,2.1351283e-05,0.00036007314,2.7847324e-05
ISIC_0032249,HAM_0005834,bkl,3,0.007198142,0.0022473691,0.9200323,0.026927788,0.00056545617,0.04114025,0.001888782
ISIC_0024337,HAM_0005136,bkl,3,0.00024136051,0.0002314351,0.99501234,0.0006892528,0.00011378817,0.0033253778,0.00038644703
ISIC_0026566,HAM_0004078,bkl,3,0.0008318024,0.00045356998,0.9891978,0.002303981,0.002158585,0.0046975487,0.00035670717
ISIC_0028681,HAM_0004309,bkl,3,2.980973e-05,3.3125503e-05,0.99729663,9.427367e-05,8.158706e-05,0.0024195071,4.5100678e-05
ISIC_0030959,HAM_0003011,bkl,3,6.0899256e-05,6.610552e-05,0.99878925,7.210809e-05,9.817582e-05,0.0007855231,0.00012804542
ISIC_0028497,HAM_0006533,bkl,3,0.0023343454,0.00034212225,0.99040705,0.00055099773,0.00036100045,0.0058863005,0.00011823429
ISIC_0026846,HAM_0003287,bkl,3,0.000609965,0.0011045039,0.99342054,0.00041191763,0.0001160733,0.004105734,0.00023129061
ISIC_0026907,HAM_0005291,bkl,3,0.00034620575,0.0011697701,0.9954005,0.00018767815,7.717354e-05,0.0026329018,0.00018585428
ISIC_0028826,HAM_0000865,bkl,3,0.00023321829,0.00027641316,0.9548959,0.00024015193,0.00026093714,0.04388288,0.00021048948
ISIC_0030067,HAM_0001589,bkl,3,6.137298e-05,0.00089485093,0.8509248,0.0006234877,0.0007218471,0.14614584,0.00062776444
ISIC_0027167,HAM_0003859,bkl,3,7.6412216e-05,3.634216e-05,0.99817276,5.8188147e-05,0.00010434117,0.001496302,5.5740828e-05
ISIC_0027954,HAM_0002034,bkl,3,4.700273e-05,7.438022e-05,0.96500945,7.73432e-05,0.00019463075,0.03447059,0.00012664864
ISIC_0031088,HAM_0001430,bkl,3,0.0011069846,0.0012421877,0.91455406,0.00109837,0.0026169023,0.077605605,0.0017758796
ISIC_0025392,HAM_0002161,bkl,3,6.130021e-05,0.00015112798,0.97253203,0.00021542636,0.00029187632,0.026479939,0.0002683644
ISIC_0031223,HAM_0002456,bkl,3,5.6963076e-05,7.740442e-05,0.9993538,6.2378684e-05,6.286792e-05,0.0003477293,3.8807528e-05
ISIC_0026262,HAM_0000974,bkl,3,0.00066186493,0.00015937077,0.94480455,0.0002238726,0.0054518166,0.047873218,0.0008253146
ISIC_0029048,HAM_0000452,bkl,3,5.6249817e-05,0.00018515791,0.9955521,0.00016924803,0.00019942292,0.0037371998,0.00010066861
ISIC_0027027,HAM_0007604,bkl,3,0.00018019385,4.883118e-05,0.9870062,0.00010812533,0.00045168202,0.012089443,0.000115549294
ISIC_0029880,HAM_0002366,bkl,3,7.728868e-05,9.115729e-05,0.99883443,3.7667494e-05,0.00015058678,0.0007562025,5.2603456e-05
ISIC_0025484,HAM_0000215,bkl,3,0.00016953854,0.00017136958,0.99726105,0.0001972452,9.2718205e-05,0.0020185427,8.9515204e-05
ISIC_0029248,HAM_0004756,df,3,0.13373587,0.007206391,0.014310643,0.7481073,0.042391203,0.051597547,0.0026510833
ISIC_0030442,HAM_0004756,df,3,0.13921525,0.033423644,0.037177693,0.5694738,0.12793837,0.089424476,0.0033467645
ISIC_0030321,HAM_0003555,df,3,0.0060338182,0.4075936,0.0053300285,0.48120156,0.0033780609,0.094754204,0.0017085777
ISIC_0027727,HAM_0004036,df,3,0.00068177405,0.000102913655,0.00017034,0.9980691,0.0006459637,0.00019021367,0.00013970798
ISIC_0027107,HAM_0004036,df,3,0.022409435,0.0008031183,0.03805929,0.8552979,0.0748812,0.0067178635,0.0018311889
ISIC_0027648,HAM_0004036,df,3,0.00079116516,0.00050117925,0.0019214508,0.9952147,0.00084879634,0.0004130648,0.00030967346
ISIC_0025954,HAM_0002706,df,3,0.48218954,0.103772864,0.21883067,0.012321492,0.010467331,0.17109253,0.0013255837
ISIC_0029783,HAM_0002706,df,3,0.47341248,0.23897843,0.17398873,0.006343731,0.011690718,0.09369961,0.0018862231
ISIC_0029578,HAM_0002895,df,3,0.012143346,0.0007732716,0.033957224,0.020040551,0.6961808,0.23547977,0.0014250447
ISIC_0031372,HAM_0007418,df,3,0.00013141953,0.0010801336,0.0011915194,0.9696056,0.013817182,0.01336594,0.00080819306
ISIC_0026313,HAM_0007418,df,3,9.964471e-05,0.0009244049,0.00029116106,0.9892833,0.004375769,0.0038559502,0.0011696989
ISIC_0024318,HAM_0002450,df,3,0.00011317408,0.00045024263,0.0002357599,0.9983789,0.00037674324,0.00023086146,0.0002143476
ISIC_0024396,HAM_0002450,df,3,2.367077e-05,9.9950055e-05,0.00011325825,0.99912137,0.00023648309,0.00020418492,0.00020106841
ISIC_0027745,HAM_0000902,df,3,9.499962e-05,8.51571e-05,0.000109343884,0.9991048,8.624509e-05,0.0002932631,0.0002262292
ISIC_0026254,HAM_0006816,df,3,0.00018991156,0.0005538374,0.9224974,0.014332558,0.003105693,0.058628745,0.0006919594
ISIC_0027598,HAM_0002848,df,3,0.00057225476,0.0004448028,0.24671534,0.39811894,0.009222204,0.34119493,0.0037315695
ISIC_0030870,HAM_0006707,df,3,0.00018200734,0.000120182085,0.0033546726,0.99499434,0.00091267715,0.00010021995,0.0003359089
ISIC_0025964,HAM_0000871,mel,3,0.00013604456,0.00014285221,0.0006318342,0.00014912419,0.9447594,0.0528849,0.0012958067
ISIC_0030623,HAM_0000871,mel,3,8.4899184e-05,6.127015e-05,0.000109225846,6.663814e-05,0.94953734,0.049061973,0.0010786405
ISIC_0031177,HAM_0005191,mel,3,0.00093931484,2.1429216e-05,0.00016937887,0.00011206197,0.9685014,0.030233575,2.2900564e-05
ISIC_0026120,HAM_0007310,mel,3,3.133913e-05,7.6127794e-06,1.1383582e-05,2.9729299e-05,0.9994742,0.00042301454,2.2683216e-05
ISIC_0028412,HAM_0007310,mel,3,3.6816622e-05,9.755433e-06,1.3438676e-05,2.4050798e-05,0.9994234,0.00047651358,1.608399e-05
ISIC_0025450,HAM_0003832,mel,3,4.6787438e-05,0.00013019747,0.0007365392,0.00021932105,0.060456373,0.9383373,7.346335e-05
ISIC_0024586,HAM_0003832,mel,3,0.00019700863,2.9627894e-05,0.0007292112,0.00043009635,0.026518326,0.9720415,5.4175667e-05
ISIC_0030486,HAM_0001150,mel,3,0.00080101204,0.00014977259,0.0051724943,0.00018386397,0.99052775,0.0030909006,7.4142816e-05
ISIC_0025277,HAM_0002720,mel,3,0.024202038,0.000959731,0.01488135,0.0003534103,0.9443523,0.014917725,0.00033329762
ISIC_0024729,HAM_0002011,mel,3,1.1588785e-05,2.4105977e-05,2.85707e-05,3.0592077e-05,0.997811,0.002062509,3.1779677e-05
ISIC_0031711,HAM_0002011,mel,3,2.5670239e-05,2.01488e-05,5.329279e-05,0.00013715525,0.9962351,0.0034688634,5.9860206e-05
ISIC_0032308,HAM_0003802,mel,3,0.0012521961,2.5485837e-05,0.0022585941,5.5340974e-05,0.99489105,0.0014935686,2.3801855e-05
ISIC_0026596,HAM_0004979,mel,3,0.00012198616,0.0003720923,0.016743787,0.00021535049,0.0035182673,0.97885805,0.00017035627
ISIC_0028056,HAM_0004979,mel,3,0.0011034256,0.0028176962,0.4442851,0.0003130645,0.06209671,0.48890567,0.00047829965
ISIC_0024792,HAM_0001847,mel,3,0.00024509686,0.00022890203,0.4066532,0.0001237248,0.53872794,0.053864755,0.0001564028
ISIC_0030898,HAM_0001847,mel,3,0.0018950836,0.00030249276,0.83395296,0.00016575234,0.15486957,0.008339076,0.00047495935
ISIC_0029547,HAM_0007165,mel,3,0.0013984536,0.00013257722,0.0073740324,0.002227097,0.9762384,0.012531407,9.794743e-05
ISIC_0026622,HAM_0007165,mel,3,0.0016335617,2.2573571e-05,0.0010579304,0.00017720844,0.994643,0.0024177867,4.797529e-05
ISIC_0028442,HAM_0001328,mel,3,0.0014474759,0.055767335,0.020276643,0.00021832284,0.91421276,0.0079778535,9.956579e-05
ISIC_0029370,HAM_0006433,mel,3,0.000681791,0.00010106741,0.0011807646,2.6262222e-05,0.9936567,0.004301694,5.162018e-05
ISIC_0031958,HAM_0006433,mel,3,0.00010105972,9.520116e-06,0.0052804486,2.675202e-05,0.99261135,0.0019520769,1.8822398e-05
ISIC_0027487,HAM_0004483,mel,3,0.01057469,0.0029537417,0.0014055053,0.0020914504,0.91053265,0.07145786,0.0009840797
ISIC_0029212,HAM_0002955,mel,3,0.0010847874,5.0341347e-05,0.00071647577,1.5353246e-05,0.9978498,0.00024875865,3.4464178e-05
ISIC_0025363,HAM_0001796,mel,3,0.0043212865,0.051726747,0.027505428,0.68939805,0.22207306,0.0012356536,0.0037397617
ISIC_0029473,HAM_0001796,mel,3,0.009404292,0.012509717,0.006112024,0.026291413,0.93956244,0.004389447,0.0017307231
ISIC_0027238,HAM_0006152,mel,3,2.487081e-05,2.1650378e-05,0.00030521577,5.919767e-05,0.94101125,0.05853421,4.3564454e-05
ISIC_0029571,HAM_0006152,mel,3,1.8779123e-05,1.7401804e-05,0.00015351833,4.4263823e-05,0.99032915,0.009410135,2.6742697e-05
ISIC_0025783,HAM_0000417,mel,3,0.00020025976,6.8041677e-06,0.00022280673,3.3952318e-05,0.001005891,0.9985102,2.0155412e-05
ISIC_0024400,HAM_0006751,mel,3,0.00020021656,0.00012504785,0.16095059,0.0002550825,0.8302463,0.008155362,6.7326626e-05
ISIC_0029884,HAM_0006635,mel,3,0.0025204604,3.6447345e-05,0.004000245,6.103783e-05,0.9913334,0.0019977463,5.060213e-05
ISIC_0028900,HAM_0006635,mel,3,0.00016132159,2.2947397e-05,0.0009573428,2.3082248e-05,0.99738485,0.0014350382,1.5376092e-05
ISIC_0027659,HAM_0005642,mel,3,0.0002562367,2.5321368e-05,0.07090871,0.000116856354,0.8843304,0.044286955,7.544813e-05
ISIC_0030223,HAM_0005642,mel,3,9.091651e-05,3.2607782e-05,0.031866692,6.535693e-05,0.953366,0.014476097,0.000102420025
ISIC_0033496,HAM_0001734,mel,3,3.5492463e-05,1.1935016e-05,0.0010790875,0.00019168315,0.9882543,0.010394248,3.3277025e-05
ISIC_0032927,HAM_0001734,mel,3,2.3529745e-05,2.7401811e-05,0.0013170736,0.0001289516,0.99511045,0.0033485177,4.41314e-05
ISIC_0024865,HAM_0001734,mel,3,0.00017161638,0.00014722196,0.0010718816,0.00013509845,0.9909253,0.007492283,5.653784e-05
ISIC_0026086,HAM_0005403,mel,3,5.504581e-05,3.1364158e-05,0.00093924825,3.010376e-05,0.99734616,0.0015760199,2.1981408e-05
ISIC_0033333,HAM_0006445,mel,3,4.638101e-05,9.442705e-05,0.00022941278,0.00022541537,0.6005734,0.39850837,0.00032257746
ISIC_0033717,HAM_0006445,mel,3,9.062303e-05,0.000156277,0.0004973754,0.00015506087,0.2398017,0.7591172,0.0001818164
ISIC_0034120,HAM_0006445,mel,3,3.487138e-05,0.00018271297,0.0004439055,0.00010974404,0.41923952,0.5797872,0.0002020474
ISIC_0033834,HAM_0001412,mel,3,0.0011383466,1.5054072e-05,0.00012616935,4.2551324e-05,0.99770314,0.0009474161,2.7366095e-05
ISIC_0033678,HAM_0001412,mel,3,0.00066498504,1.7188611e-05,0.00020655674,3.603466e-05,0.9974896,0.0015609284,2.4766241e-05
ISIC_0026188,HAM_0001409,mel,3,0.005257981,0.00017886708,0.0011893642,0.00031117452,0.9922563,0.00076305226,4.332259e-05
ISIC_0032017,HAM_0007368,mel,3,0.0010467988,0.0042601367,0.011420217,0.00012836262,0.9771146,0.005898751,0.00013115024
ISIC_0032733,HAM_0000321,mel,3,0.0034219355,0.0065622227,0.8952481,0.00043356582,0.09217264,0.0018541261,0.00030744422
ISIC_0033183,HAM_0000321,mel,3,0.006370634,0.10033704,0.4253323,0.002777693,0.45899653,0.0037487617,0.0024369846
ISIC_0032564,HAM_0000321,mel,3,0.0037336852,0.28274465,0.0345361,0.0025164885,0.6743065,0.0012157066,0.00094679324
ISIC_0033820,HAM_0002086,mel,3,0.004117636,0.15376052,0.78544915,0.0002125479,0.024856782,0.03072402,0.00087926746
ISIC_0033814,HAM_0002086,mel,3,0.0024076519,0.28377545,0.6610876,0.00070478424,0.025834192,0.024984399,0.0012059236
ISIC_0032685,HAM_0005608,mel,3,0.00037205595,3.9715418e-05,0.008702694,6.625151e-05,0.93668175,0.054097127,4.0419713e-05
ISIC_0032903,HAM_0005608,mel,3,0.00019573432,3.6348916e-05,0.0012196852,3.764954e-05,0.9886563,0.009845079,9.190446e-06
ISIC_0033323,HAM_0005608,mel,3,0.00032669434,2.382799e-05,0.00522134,8.905199e-05,0.93930185,0.05499522,4.19831e-05
ISIC_0032840,HAM_0003679,mel,3,0.0013613992,0.01819754,0.0022336347,0.02040019,0.9517645,0.005622216,0.00042050803
ISIC_0034313,HAM_0003679,mel,3,0.0016709632,0.005647278,0.0008904803,0.0025466706,0.9870768,0.0019449877,0.00022274302
ISIC_0033570,HAM_0003679,mel,3,0.00040689323,0.0042425133,0.0008381584,0.006355564,0.9841823,0.0036417937,0.00033274584
ISIC_0030564,HAM_0005613,mel,3,0.0065965382,0.00020592322,0.011036339,0.00015095118,0.97710276,0.0047258567,0.0001817266
ISIC_0026976,HAM_0000358,mel,3,0.0026363549,0.00012306336,0.6907352,0.001592796,0.13574843,0.16894168,0.00022240417
ISIC_0032603,HAM_0000064,mel,3,5.207586e-05,1.5081119e-05,0.00014944084,6.538157e-05,0.011842609,0.9878512,2.4241184e-05
ISIC_0033871,HAM_0000064,mel,3,3.219285e-05,1.4825575e-05,0.0002532782,8.506571e-05,0.005435195,0.99414164,3.778456e-05
ISIC_0032955,HAM_0000064,mel,3,0.00020629265,6.41566e-05,0.0035071108,0.0003258141,0.21376982,0.78193754,0.00018930476
ISIC_0034132,HAM_0003466,mel,3,0.00074649573,3.0319063e-05,0.0030004068,0.00012061891,0.9831287,0.012944384,2.8874203e-05
ISIC_0033038,HAM_0003466,mel,3,0.0012825077,3.907026e-05,0.003732867,0.0001477379,0.9866595,0.008105697,3.2644424e-05
ISIC_0033470,HAM_0003421,mel,3,1.332323e-05,1.4321685e-05,3.6643203e-05,2.2575223e-05,0.998609,0.0012866815,1.7547294e-05
ISIC_0034094,HAM_0003421,mel,3,2.0497991e-05,8.7304015e-06,3.7664777e-05,2.2077207e-05,0.9958406,0.004045997,2.4270757e-05
ISIC_0033560,HAM_0003421,mel,3,1.7001117e-05,1.50621545e-05,5.939771e-05,1.6868813e-05,0.9982388,0.0016290937,2.3835346e-05
ISIC_0024482,HAM_0007054,mel,3,0.0011928028,1.8209295e-05,0.000594204,6.739198e-05,0.9946392,0.0034633067,2.4840592e-05
ISIC_0032965,HAM_0005483,mel,3,3.9512553e-05,2.0781023e-05,0.00062781357,4.8317324e-05,0.93554443,0.0636646,5.4643875e-05
ISIC_0034242,HAM_0005483,mel,3,2.9261435e-05,1.0764681e-05,0.00010475886,3.5365032e-05,0.98663133,0.013169325,1.9152674e-05
ISIC_0033117,HAM_0005483,mel,3,4.7206355e-05,2.8969607e-05,8.7763496e-05,7.433858e-05,0.9710849,0.028644927,3.1941418e-05
ISIC_0033042,HAM_0002149,mel,3,0.0009435509,7.408527e-05,0.028968567,0.00014058912,0.96683115,0.00297817,6.386549e-05
ISIC_0032958,HAM_0006824,mel,3,0.0015134367,0.00024195803,0.015145868,0.00015837034,0.9820112,0.00088937784,3.9730676e-05
ISIC_0033538,HAM_0006824,mel,3,0.0064137704,0.00017293595,0.012135592,0.00011275158,0.98018783,0.0009472897,2.9876195e-05
ISIC_0032836,HAM_0003073,mel,3,0.0005922006,5.220272e-05,0.01688923,0.00020207727,0.8885286,0.09346749,0.00026823228
ISIC_0033444,HAM_0003073,mel,3,0.00026512163,6.6771914e-05,0.00035710877,0.0006691245,0.71120787,0.28735396,8.007175e-05
ISIC_0034183,HAM_0003073,mel,3,0.00023984654,4.797233e-05,0.003604579,0.00020157696,0.72481465,0.27084345,0.0002479439
ISIC_0033081,HAM_0007583,mel,3,0.0020042628,0.0007380475,0.019230679,0.0003981468,0.44004542,0.5370529,0.0005305584
ISIC_0030031,HAM_0007102,mel,3,0.06124888,0.021576628,0.4403641,0.0007271314,0.44642606,0.028629785,0.0010274242
ISIC_0028655,HAM_0007102,mel,3,0.052384112,0.00040546336,0.012018359,0.00027328066,0.9303459,0.004194193,0.00037867227
ISIC_0030391,HAM_0000337,mel,3,5.7378817e-05,1.726193e-05,0.00073948177,0.000114558025,0.22792788,0.77107006,7.3388626e-05
ISIC_0032462,HAM_0001274,mel,3,0.00023879408,8.014237e-05,0.02128666,0.00012077881,0.71882063,0.2593246,0.00012831751
ISIC_0034239,HAM_0004578,mel,3,7.698994e-05,6.370236e-05,0.0003850195,6.662925e-05,0.99691904,0.002397427,9.116036e-05
ISIC_0034287,HAM_0004578,mel,3,0.00010059268,5.269893e-05,0.00023606492,4.0091232e-05,0.9967462,0.0027589432,6.5329186e-05
ISIC_0032624,HAM_0004129,mel,3,7.1154274e-05,0.0023413962,0.00025673732,5.4237145e-05,0.9846156,0.0125651015,9.574854e-05
ISIC_0033977,HAM_0004129,mel,3,0.00018466619,0.0013622933,0.00049977365,2.7690488e-05,0.9880719,0.009772228,8.138687e-05
ISIC_0034002,HAM_0004129,mel,3,7.499474e-05,0.0019742143,0.00023167783,2.107077e-05,0.9883045,0.009299636,9.388094e-05
ISIC_0034205,HAM_0007583,mel,3,0.0010438791,0.00048639794,0.013464716,0.0005565699,0.15767278,0.82614625,0.0006294457
ISIC_0033612,HAM_0007583,mel,3,0.0005003819,0.0002588353,0.0028724778,0.0001704127,0.10964685,0.886347,0.00020395732
ISIC_0034049,HAM_0007589,mel,3,1.9678651e-05,3.9365652e-05,0.0019116198,2.5366786e-05,0.98831135,0.009670159,2.2429873e-05
ISIC_0033198,HAM_0004754,mel,3,0.006806124,0.00060389354,0.029874636,0.002367545,0.89115435,0.06885279,0.00034074427
ISIC_0032790,HAM_0004754,mel,3,0.00075655984,9.684556e-05,0.001646438,0.008149686,0.9785436,0.010567096,0.00023969506
ISIC_0033245,HAM_0004754,mel,3,0.0037441377,0.0003005114,0.0107549615,0.0041322587,0.94986904,0.030682942,0.00051620364
ISIC_0030883,HAM_0004326,mel,3,0.0058870427,0.000120082026,0.15216282,0.0004392418,0.741693,0.099401765,0.0002960472
ISIC_0033670,HAM_0003225,mel,3,0.00010737411,2.6519532e-05,0.0051232963,0.000103867475,0.17402321,0.820546,6.973332e-05
ISIC_0029740,HAM_0003225,mel,3,8.543177e-05,6.201682e-05,0.058513626,0.00014223544,0.5044943,0.43660343,9.890923e-05
ISIC_0033593,HAM_0003225,mel,3,8.149612e-05,2.7244516e-05,0.0066860723,9.677903e-05,0.7630559,0.23000766,4.4830966e-05
ISIC_0033392,HAM_0003174,mel,3,2.7120583e-05,2.2637976e-05,0.0003422184,1.0840626e-05,0.99943095,0.00015012594,1.6084114e-05
ISIC_0032873,HAM_0003174,mel,3,8.4547806e-05,9.395216e-05,0.0039330116,1.9426032e-05,0.9948666,0.00093691313,6.546121e-05
ISIC_0033520,HAM_0006462,mel,3,0.000103646526,8.969859e-05,0.008153648,0.00020174448,0.52659625,0.46471956,0.00013544485
ISIC_0034028,HAM_0006462,mel,3,7.847041e-05,4.376075e-05,0.003847965,0.00010979985,0.852297,0.14355023,7.271514e-05
ISIC_0033498,HAM_0002051,mel,3,0.054442946,0.0012980006,0.5650968,0.0018593001,0.2411537,0.13409123,0.0020580576
ISIC_0031784,HAM_0002051,mel,3,0.0018105734,0.0005614375,0.056380317,0.00048398937,0.30241725,0.6377213,0.0006251067
ISIC_0028225,HAM_0001349,mel,3,0.00026717753,0.00011879108,0.0054990314,0.00010964942,0.51926976,0.474651,8.456518e-05
ISIC_0032960,HAM_0000169,mel,3,0.18585706,0.004126216,0.030938743,0.00063587294,0.7643612,0.0133228395,0.00075807323
ISIC_0033708,HAM_0000169,mel,3,0.062520735,0.0051849084,0.10398922,0.00027385243,0.82274526,0.004868393,0.00041757515
ISIC_0033037,HAM_0004109,mel,3,0.0008020838,0.0107265245,0.1891137,0.00030443666,0.7686934,0.029922135,0.00043779222
ISIC_0033773,HAM_0004109,mel,3,0.0005232584,0.0018050737,0.16666605,0.0002535259,0.7935678,0.03682682,0.00035752886
ISIC_0030150,HAM_0005124,mel,3,0.059894823,0.0007748653,0.0023257788,0.00061657105,0.9278077,0.008490745,8.9522146e-05
ISIC_0026081,HAM_0000337,mel,3,5.7439473e-05,2.0281639e-05,0.0010005205,0.000131866,0.32811594,0.67062545,4.8558195e-05
ISIC_0033023,HAM_0004011,mel,3,4.467475e-05,4.9595532e-05,0.00017215712,1.6628652e-05,0.99952304,0.00017708073,1.6857559e-05
ISIC_0033258,HAM_0004011,mel,3,8.787746e-05,0.0001024386,0.00028492123,3.0339992e-05,0.9993001,0.0001643371,2.9928011e-05
ISIC_0027282,HAM_0006017,mel,3,0.0018820089,0.00054769585,0.010268872,0.0011823407,0.6124676,0.3729343,0.00071712583
ISIC_0032424,HAM_0001819,mel,3,0.00031317,0.00026243101,0.00641425,6.319089e-05,0.98891467,0.0024115038,0.0016207868
ISIC_0028584,HAM_0001819,mel,3,0.0003118669,0.00015959743,0.018810788,0.000117220974,0.9742775,0.0054157604,0.00090727676
ISIC_0031554,HAM_0000433,mel,3,0.00093577633,8.301433e-05,0.0007792026,0.00023055688,0.688624,0.3091771,0.00017033433
ISIC_0025472,HAM_0000433,mel,3,0.0006890647,4.1584102e-05,0.001046091,0.0001849167,0.8051724,0.19274515,0.00012079853
ISIC_0028465,HAM_0002491,mel,3,0.00010106762,5.233088e-05,0.00055469945,0.00023706371,0.5266985,0.47212946,0.00022687145
ISIC_0026770,HAM_0002491,mel,3,7.625558e-05,4.9814666e-05,0.00058905774,0.00021096005,0.7453362,0.25358787,0.00014988553
ISIC_0028463,HAM_0002186,mel,3,0.005104146,0.0003278943,0.09753862,0.0030064387,0.79000974,0.102020144,0.001992965
ISIC_0024552,HAM_0000653,mel,3,0.0004021502,4.1202766e-05,0.00063390797,0.00011945724,0.5975161,0.40115336,0.00013378575
ISIC_0029819,HAM_0007586,mel,3,0.0017712486,0.0038725429,0.06659556,0.008726911,0.4024078,0.5126809,0.0039450675
ISIC_0025524,HAM_0004642,mel,3,0.0036184103,0.00683309,0.16045715,0.0019653754,0.03566325,0.01845223,0.7730105
ISIC_0025963,HAM_0004642,mel,3,0.0048153475,0.008271566,0.108637765,0.0037355756,0.040535547,0.03518352,0.79882056
ISIC_0025121,HAM_0004642,mel,3,0.0036985422,0.008396062,0.04033013,0.002900185,0.029708546,0.016128615,0.8988379
ISIC_0026506,HAM_0000871,mel,3,0.0003001781,0.00023286753,0.00030135296,0.0003461783,0.8689832,0.010146497,0.11968962
ISIC_0032245,HAM_0004979,mel,3,0.001429246,0.004302507,0.14664379,0.00052888016,0.11199735,0.7346062,0.0004920085
ISIC_0031386,HAM_0000417,mel,3,0.019754088,0.00010477949,0.03132129,0.0037738176,0.2810785,0.6638186,0.00014892167
ISIC_0031543,HAM_0007188,mel,3,0.21692523,0.00046899368,0.19984089,0.0018119372,0.5103116,0.069740914,0.0009004846
ISIC_0028537,HAM_0000856,mel,3,0.00013100386,3.1421503e-05,0.00021394207,0.9991697,0.00024254652,0.0001518188,5.962753e-05
ISIC_0027171,HAM_0002696,mel,3,0.00028998702,7.550003e-05,0.002056372,0.000106680265,0.5702445,0.4270934,0.00013354594
ISIC_0026207,HAM_0002696,mel,3,0.00016625348,6.2428466e-05,0.0006777557,6.8698304e-05,0.6860521,0.31287298,9.97604e-05
ISIC_0030360,HAM_0000220,mel,3,0.003336485,4.3924527e-05,0.039084785,0.00013986477,0.9160126,0.04128176,0.00010054425
ISIC_0024516,HAM_0002523,mel,3,0.04338807,8.582874e-05,0.09069382,0.00047037288,0.07712132,0.7880792,0.00016129148
ISIC_0028418,HAM_0007114,mel,3,0.002241436,3.3327273e-05,0.0050659743,0.00011978193,0.9687092,0.023689382,0.00014086222
ISIC_0025268,HAM_0003749,mel,3,0.00036728394,0.000101098594,0.013358195,0.00019222651,0.976644,0.00920788,0.00012930707
ISIC_0025800,HAM_0004021,mel,3,0.4928094,2.9756098e-05,0.000656409,0.002655768,0.48897433,0.01467948,0.00019479357
ISIC_0032425,HAM_0001349,mel,3,0.0004224057,0.0009927296,0.041113473,9.877467e-05,0.85700625,0.10017923,0.00018707564
ISIC_0024351,HAM_0001349,mel,3,0.00055944646,0.0005260648,0.007813956,0.00010470707,0.60754544,0.38317406,0.0002764057
ISIC_0027702,HAM_0006004,mel,3,0.0008253419,2.2859616e-05,0.0032963243,0.00013180518,0.9762571,0.019409396,5.713332e-05
ISIC_0029839,HAM_0002113,mel,3,0.00015779288,9.786559e-06,0.0015273704,6.75353e-05,0.028331032,0.96986884,3.7662547e-05
ISIC_0030843,HAM_0001069,mel,3,0.00019527294,5.909142e-05,0.010223109,0.0003616255,0.822498,0.16644914,0.00021362923
ISIC_0028898,HAM_0001069,mel,3,9.949708e-05,2.8339851e-05,0.0041692015,7.703571e-05,0.9801303,0.0154451495,5.0324285e-05
ISIC_0025413,HAM_0007054,mel,3,0.002047169,4.426653e-05,0.00016463081,3.6698242e-05,0.99620986,0.0014559195,4.1584553e-05
ISIC_0028929,HAM_0000588,mel,3,0.027365364,7.277306e-05,0.0015464887,0.00010005353,0.9646623,0.006147921,0.00010506019
ISIC_0026746,HAM_0000588,mel,3,0.0015346674,2.3175038e-05,0.0023642068,0.00025958687,0.94256204,0.053175714,8.0731006e-05
ISIC_0026774,HAM_0007242,mel,3,0.0009810178,3.0223211e-05,0.001230472,0.00020613514,0.16570844,0.8317327,0.00011098459
ISIC_0030047,HAM_0007242,mel,3,0.00037236765,4.310469e-05,0.050911825,0.00041136923,0.6374265,0.31065688,0.00017796742
ISIC_0031339,HAM_0001744,mel,3,0.6376878,0.0009274148,0.009868933,0.0006034803,0.34874228,0.0018282454,0.00034184387
ISIC_0026229,HAM_0003445,mel,3,0.10387269,0.00068635156,0.0073072654,0.0019840854,0.8680183,0.016808368,0.0013229772
ISIC_0032476,HAM_0001744,mel,3,0.03332205,0.00013845926,0.026853578,0.0010997541,0.9355928,0.0026967821,0.00029657345
ISIC_0029353,HAM_0001744,mel,3,0.78435284,0.005490091,0.06900609,0.001219038,0.13763767,0.0017771577,0.00051718234
ISIC_0030950,HAM_0006160,mel,3,0.0019219846,0.00014907849,0.0009908031,0.00026317843,0.9956126,0.0010019931,6.023315e-05
ISIC_0029885,HAM_0000856,mel,3,0.001898715,0.00016109813,0.00040738066,0.9930896,0.0015425142,0.002762277,0.00013833384
ISIC_0028227,HAM_0006877,mel,3,0.10584477,0.00014574204,0.0048546763,0.0012726168,0.87933075,0.008396324,0.0001551416
ISIC_0024647,HAM_0006764,mel,3,0.050501402,0.040381357,0.12870823,0.008211986,0.7656699,0.005688277,0.0008389072
ISIC_0030183,HAM_0005532,mel,3,0.0011500093,0.000117251635,0.029399598,0.0008646883,0.90659153,0.061573945,0.0003029419
ISIC_0026738,HAM_0006137,mel,3,0.0005548558,5.651627e-05,0.030741125,9.1555965e-05,0.9676013,0.0009054702,4.910219e-05
ISIC_0026131,HAM_0006171,mel,3,0.00021784652,2.4525387e-05,0.000943514,2.5552228e-05,0.9935939,0.0051632333,3.149122e-05
ISIC_0025663,HAM_0006171,mel,3,0.00022898508,3.0838815e-05,0.0043715616,6.528576e-05,0.9749117,0.020352552,3.9213002e-05
ISIC_0031561,HAM_0006744,mel,3,0.0032766513,1.08231425e-05,0.0011141443,0.000103290564,0.98426986,0.011193548,3.1686966e-05
ISIC_0032149,HAM_0001964,mel,3,0.0012400738,0.0047629825,0.007504207,0.00014404044,0.9847787,0.0014928959,7.709929e-05
ISIC_0024733,HAM_0001964,mel,3,0.022229293,0.005824397,0.00921241,0.00024098922,0.9591614,0.0031977457,0.00013386896
ISIC_0027590,HAM_0006764,mel,3,0.0020351524,0.000119272634,0.0023005067,0.000103828446,0.9932679,0.0021193258,5.39708e-05
ISIC_0026516,HAM_0003520,mel,3,0.00014417576,0.00088318356,0.008641183,0.0007307562,0.7587233,0.2260372,0.004840169
ISIC_0025724,HAM_0003520,mel,3,0.00036914737,0.00158637,0.013396499,0.0011617471,0.15637685,0.8019405,0.025168888
ISIC_0029570,HAM_0002130,mel,3,0.00053128746,9.943678e-05,0.32050303,0.00043617244,0.57135844,0.10693653,0.00013511992
ISIC_0031377,HAM_0000022,mel,3,0.00017309813,0.00019011112,0.06861597,0.00027445744,0.5471359,0.3834574,0.00015305722
ISIC_0031025,HAM_0002911,mel,3,0.0011841209,6.202498e-05,0.0061862,0.00014169957,0.80001116,0.19225919,0.00015562652
ISIC_0028915,HAM_0006832,mel,3,0.00020120323,0.017520249,0.0020736784,0.00021459848,0.97734684,0.0025600258,8.338398e-05
ISIC_0029652,HAM_0006832,mel,3,0.00034621143,0.0025508476,0.0017771953,0.0013356152,0.9867063,0.007132665,0.00015124858
ISIC_0031295,HAM_0006832,mel,3,0.0005095767,0.010125763,0.0012676973,0.00023239166,0.985558,0.0022682059,3.842159e-05
ISIC_0028764,HAM_0004746,mel,3,0.010897996,4.0315044e-05,0.03480328,0.00053521164,0.8022393,0.15132627,0.00015759145
ISIC_0029021,HAM_0004746,mel,3,0.0037804598,2.8695536e-05,0.004771954,0.00025978815,0.94513714,0.045875877,0.00014601286
ISIC_0029272,HAM_0002911,mel,3,0.0011548336,4.3826e-05,0.004916942,0.00025667364,0.35791105,0.6355579,0.00015875096
ISIC_0032389,HAM_0003102,mel,3,0.007025534,0.0009625978,0.03393274,0.0004779185,0.9546019,0.0022098732,0.00078949495
ISIC_0025709,HAM_0003102,mel,3,0.22288428,0.006188349,0.1729057,0.0018400224,0.5860761,0.006027312,0.0040782834
ISIC_0031197,HAM_0006889,vasc,3,2.3820436e-05,0.000105460545,1.2577028e-05,6.936563e-05,0.00015191591,7.209364e-05,0.9995647
ISIC_0031270,HAM_0006889,vasc,3,2.8608025e-05,5.471428e-05,1.5223311e-05,7.559325e-05,0.0006045404,0.00010665562,0.9991146
ISIC_0029486,HAM_0001920,vasc,3,0.016368601,0.048772264,0.19346403,0.35932675,0.06305824,0.30376774,0.015242322
ISIC_0031901,HAM_0001920,vasc,3,0.022490848,0.045889813,0.12655127,0.3269693,0.16178253,0.31017354,0.0061426545
ISIC_0031759,HAM_0003925,vasc,3,0.00015412357,0.00039996137,3.9466417e-05,0.0004348966,0.00015188234,0.0002071935,0.9986123
ISIC_0029889,HAM_0006324,vasc,3,8.180634e-05,0.00014038572,0.00011214407,0.000118563476,0.00023156997,0.00031459265,0.99900097
ISIC_0026456,HAM_0006203,vasc,3,0.00302989,0.10112311,0.004482262,0.00040606607,0.0024203612,0.0012111061,0.88732713
ISIC_0033450,HAM_0005878,vasc,3,0.00016492062,0.0013781692,5.459791e-05,0.0003027436,0.025352195,0.000753333,0.97199404
ISIC_0033254,HAM_0005878,vasc,3,0.0011000707,0.0046473276,0.00029665884,0.00078926206,0.08928725,0.0021101132,0.9017693
ISIC_0026876,HAM_0002610,vasc,3,1.6242087e-05,6.634262e-05,2.4814646e-05,3.794883e-05,0.00030378395,0.00011175587,0.9994392
ISIC_0030606,HAM_0002610,vasc,3,9.587737e-06,4.213815e-05,1.1385719e-05,3.6753547e-05,0.00011692022,0.000121359095,0.9996618
ISIC_0026393,HAM_0005011,vasc,3,6.313548e-06,2.7653396e-05,8.027973e-06,4.2809508e-05,1.314572e-05,5.8570837e-05,0.9998435
ISIC_0029877,HAM_0006193,vasc,3,6.779534e-05,0.00015397742,0.0003137888,0.0063087735,0.0004226615,0.0057273996,0.9870056
ISIC_0031215,HAM_0005885,vasc,3,2.1746679e-05,0.00031684607,0.00015574359,5.3092688e-05,0.00032089415,0.0008047608,0.99832684
ISIC_0025606,HAM_0005376,vasc,3,1.388971e-05,6.298314e-05,3.6594512e-05,5.9167185e-05,4.8479855e-05,0.0005470215,0.9992318
ISIC_0029099,HAM_0000286,vasc,3,3.1277552e-05,0.00028199103,2.7227536e-05,5.8206348e-05,0.0003072589,0.0008090254,0.998485
ISIC_0031955,HAM_0001091,vasc,3,0.0009600563,0.015939608,0.027648965,0.0068088355,0.001304575,0.06422302,0.883115
ISIC_0028885,HAM_0005427,vasc,3,6.74734e-06,1.6217673e-05,1.3353328e-05,2.1443004e-05,1.8503084e-05,3.5892743e-05,0.9998878
ISIC_0032384,HAM_0007009,bcc,3,0.0024713958,0.99703217,6.579618e-05,3.7599526e-05,9.809887e-05,0.00024256004,5.2406085e-05
ISIC_0027146,HAM_0007009,bcc,3,0.0024898166,0.9886797,0.00027122637,0.00029614358,0.0022005436,0.0059394957,0.00012296972
ISIC_0026574,HAM_0005660,bcc,3,0.18789503,0.7022172,0.05430805,0.012284573,0.04075437,0.0016035365,0.00093716313
ISIC_0030261,HAM_0004871,bcc,3,0.0026663416,0.98373044,0.0011895541,0.0015712929,0.00089617044,0.009696093,0.00025007565
ISIC_0032139,HAM_0003738,bcc,3,0.0012207573,0.06639124,0.018077387,0.0009789921,0.54300994,0.366702,0.0036196792
ISIC_0031243,HAM_0003738,bcc,3,0.00088139455,0.04470206,0.0038586315,0.0016824219,0.4655788,0.47106686,0.012229817
ISIC_0027545,HAM_0000994,bcc,3,0.005764164,0.72745407,0.009229118,0.0022705444,0.060093306,0.18792354,0.0072652707
ISIC_0027609,HAM_0000994,bcc,3,0.014345517,0.36105257,0.015375473,0.0022720085,0.19534472,0.3806034,0.031006273
ISIC_0031824,HAM_0001326,bcc,3,0.0009704324,0.1097826,0.0066544074,0.004215366,0.17170323,0.7047739,0.0019000144
ISIC_0030145,HAM_0001326,bcc,3,0.0012350566,0.9923557,0.0038963591,0.000106608684,0.0008969928,0.0012584938,0.00025079446
ISIC_0027478,HAM_0003593,bcc,3,0.005808559,0.99223256,0.00093786075,0.0002554596,0.00055282254,0.00012535507,8.734119e-05
ISIC_0024795,HAM_0004420,bcc,3,0.018931137,0.96766895,0.003885734,0.0015187062,0.0032056957,0.004391304,0.00039850635
ISIC_0033354,HAM_0003887,bcc,3,0.00019305249,0.99920964,0.00033589383,4.7913985e-05,0.00012685443,6.9578404e-05,1.7084256e-05
ISIC_0032857,HAM_0003887,bcc,3,1.6088592e-05,0.9997093,1.7294285e-05,2.8905966e-05,8.903664e-05,0.00011404653,2.5236865e-05
ISIC_0032906,HAM_0003887,bcc,3,2.2846089e-05,0.99881697,1.6616905e-05,4.7988793e-05,0.0002773388,0.0006814942,0.0001367741
ISIC_0025644,HAM_0004536,bcc,3,2.4587613e-05,0.9980622,6.722882e-05,0.00012161685,0.0001711726,0.0012853493,0.00026784977
ISIC_0030314,HAM_0004536,bcc,3,0.00032643846,0.9740501,0.000119738696,0.0009515248,0.011574976,0.012638354,0.00033877997
ISIC_0033203,HAM_0000879,bcc,3,0.00045767528,0.03740203,0.0024790065,0.0008821923,0.3531321,0.603049,0.0025979765
ISIC_0033366,HAM_0000879,bcc,3,0.00023186754,0.23747244,0.0037641434,0.0007905498,0.035923067,0.7201262,0.0016916691
ISIC_0032816,HAM_0000879,bcc,3,0.00062929944,0.24606653,0.000990027,0.001263793,0.39398193,0.35523853,0.0018298513
ISIC_0034155,HAM_0003690,bcc,3,0.00020587696,0.99907327,0.0002466432,4.8566926e-05,0.00011571229,0.00026267854,4.7164714e-05
ISIC_0033146,HAM_0003690,bcc,3,0.0005582108,0.99848515,0.0007223785,3.1034153e-05,0.000114073846,6.8583846e-05,2.0592604e-05
ISIC_0032991,HAM_0004849,bcc,3,0.0009831528,0.9221973,0.0054144096,0.04262924,0.021719795,0.005091337,0.0019648029
ISIC_0024515,HAM_0003373,bcc,3,0.0002753951,0.028645113,0.9597776,0.00015060963,0.00677067,0.004315273,6.528444e-05
ISIC_0031225,HAM_0000352,bcc,3,0.02006391,0.38557404,0.39164594,0.0006182801,0.15901381,0.042382073,0.00070197287
ISIC_0031450,HAM_0003373,bcc,3,0.0016564826,0.0067462935,0.9861974,0.00046021325,0.0012894401,0.003434122,0.0002161193
ISIC_0031026,HAM_0001640,bcc,3,0.00039101488,0.994073,0.0016186356,0.00022674447,0.0014911342,0.0021371574,6.241369e-05
ISIC_0028818,HAM_0003694,bcc,3,0.0057832217,0.84747857,0.002078244,0.0037558707,0.005777576,0.13487858,0.0002479686
ISIC_0025576,HAM_0006115,bcc,3,2.5185393e-05,0.9996208,1.7124701e-05,5.0283168e-05,3.3659762e-05,0.00023478872,1.815808e-05
ISIC_0028570,HAM_0002818,bcc,3,0.00059022487,0.8743926,0.017714076,0.0005188409,0.03382121,0.06490623,0.008056811
ISIC_0031413,HAM_0004521,bcc,3,9.2297436e-05,0.9995449,8.989562e-05,4.22156e-05,7.230373e-05,0.000113472364,4.493827e-05
ISIC_0026213,HAM_0000953,bcc,3,8.0264545e-05,0.99950504,9.059706e-05,3.9695045e-05,3.4792105e-05,0.00017025223,7.932943e-05
ISIC_0026442,HAM_0000953,bcc,3,8.174754e-05,0.9982829,0.0003225294,0.00014673037,7.2992334e-05,0.0007084575,0.0003847
ISIC_0032439,HAM_0005547,bcc,3,0.0008112343,0.99584794,0.0017025629,0.00027560454,5.704108e-05,0.0009628943,0.0003426606
ISIC_0026855,HAM_0000457,bcc,3,0.0003565582,0.782193,0.011320644,0.0014578246,0.00038103978,0.1993205,0.004970437
ISIC_0024634,HAM_0005933,bcc,3,0.00015026522,0.9822077,0.00063635793,0.00033796715,0.003329803,0.0127442,0.0005937304
ISIC_0026056,HAM_0005304,bcc,3,0.0014627352,0.9653547,0.0030057374,0.00025617884,0.028116675,0.0013741126,0.0004298576
ISIC_0028937,HAM_0003610,bcc,3,0.028392179,0.919337,0.04440621,0.0013862225,0.005604417,0.00041096887,0.00046296805
ISIC_0027915,HAM_0000719,bcc,3,0.06562766,0.9220278,0.0012946185,0.0015831046,0.0076846275,0.0014149344,0.00036730978
ISIC_0026337,HAM_0000719,bcc,3,0.024051035,0.031385697,0.66020864,0.0061881365,0.26936612,0.007192397,0.0016079784
ISIC_0026902,HAM_0000719,bcc,3,0.06471611,0.65472746,0.022056207,0.0072308728,0.22715335,0.020740135,0.0033758292
ISIC_0030197,HAM_0006727,bcc,3,0.23862074,0.35094085,0.36922228,0.021904495,0.010474031,0.002674238,0.006163381
ISIC_0024582,HAM_0006727,bcc,3,0.0010251745,0.99763405,0.0004779887,0.000136279,0.00015609215,0.00037812022,0.00019237198
ISIC_0029655,HAM_0006727,bcc,3,0.003461448,0.9950767,0.00022964891,0.00019796973,0.00017832754,0.00064124214,0.00021468435
ISIC_0024472,HAM_0001654,bcc,3,3.3912773e-05,0.999297,4.4230594e-05,3.242306e-05,6.3172054e-05,0.00036970587,0.00015963084
ISIC_0031175,HAM_0001654,bcc,3,2.7659595e-05,0.99957937,2.9414747e-05,2.683479e-05,0.00019211872,0.000120206474,2.4385683e-05
ISIC_0030755,HAM_0001654,bcc,3,7.992378e-05,0.999645,1.7703269e-05,5.2287487e-05,5.565974e-05,0.000100491925,4.8880294e-05
ISIC_0029856,HAM_0001457,bcc,3,0.00036661956,0.99897087,0.00022171548,0.00016916712,8.7506014e-05,8.0535625e-05,0.000103611965
ISIC_0024799,HAM_0001573,bcc,3,0.0001031357,0.99827087,0.00019744493,0.00012538112,0.0003311427,0.00052761653,0.0004442977
ISIC_0031007,HAM_0000153,bcc,3,0.0006430603,0.99887305,0.0003263449,3.3372842e-05,5.49688e-05,4.408249e-05,2.5191142e-05
ISIC_0030690,HAM_0004514,bcc,3,5.2928608e-05,0.999137,9.631045e-05,2.3950168e-05,7.500665e-05,0.0005726597,4.219837e-05
ISIC_0030964,HAM_0007557,bcc,3,0.14834063,0.66093254,0.17581514,0.009745981,0.0003244938,0.002512771,0.0023284766
ISIC_0031009,HAM_0001434,bcc,3,0.00015620266,0.997366,0.0013297629,4.6900546e-05,0.00049520057,0.0005204884,8.5424996e-05
ISIC_0027337,HAM_0003778,bcc,3,0.81714356,0.05712091,0.014498955,0.06866588,0.0019747152,0.037625797,0.002970194
ISIC_0027819,HAM_0004827,bcc,3,0.00018878325,0.015932979,0.00086275506,0.00030523082,0.0024457888,0.94059825,0.039666243
ISIC_0032314,HAM_0007611,bcc,3,0.0001425379,0.9985905,0.0003457923,0.00022402471,3.1587835e-05,0.0004178186,0.00024760977
ISIC_0025630,HAM_0002017,bcc,3,0.0028153746,0.21508491,0.0048031644,0.00094487605,0.0027852932,0.2024486,0.5711177
ISIC_0030096,HAM_0003669,bcc,3,0.00012696267,0.99616337,0.0006884095,5.7619098e-05,3.1204825e-05,0.002831,0.000101421356
ISIC_0028283,HAM_0000655,bcc,3,7.599431e-05,0.9985474,5.7983045e-05,5.576175e-05,3.336196e-05,0.0008570618,0.00037253057
ISIC_0027175,HAM_0000655,bcc,3,0.00023678043,0.9992792,5.361247e-05,1.7456487e-05,3.0757004e-05,0.00019377425,0.00018836348
ISIC_0027525,HAM_0005721,bcc,3,0.009691889,0.98570746,0.0009138957,0.0015170948,0.0003064158,0.00096526626,0.00089797145
ISIC_0024550,HAM_0005721,bcc,3,0.018997977,0.97441024,0.0027888552,0.0022392676,0.00024625915,0.0004883121,0.0008290262
ISIC_0029919,HAM_0005721,bcc,3,0.03180806,0.948828,0.008484556,0.0027469767,0.000882284,0.004679615,0.0025704852
ISIC_0029123,HAM_0000451,bcc,3,0.0004713787,0.9876886,0.0035118614,0.00041721074,0.002291497,0.004814523,0.0008049805
ISIC_0029372,HAM_0000451,bcc,3,0.0053050527,0.57884955,0.11166852,0.005057176,0.068595715,0.22823563,0.0022883692
ISIC_0030782,HAM_0000451,bcc,3,0.0001980263,0.9943896,9.5759286e-05,0.00014431434,0.0006019753,0.0041683475,0.0004019822
ISIC_0027281,HAM_0006904,bcc,3,9.749749e-05,0.99285734,0.00017414788,0.0002357187,0.000484609,0.004818497,0.00133212
ISIC_0027291,HAM_0006904,bcc,3,0.00017028485,0.9803607,0.00025914676,0.00035768765,0.00093003904,0.015892547,0.0020295333
ISIC_0024436,HAM_0005392,bcc,3,5.5995326e-05,0.99882084,5.0095947e-05,8.39769e-05,3.686636e-05,0.00058548246,0.00036672113
ISIC_0029745,HAM_0003941,bcc,3,0.00034113575,0.99044865,0.00019878849,0.00012247004,0.0061240313,0.0026937425,7.115764e-05
ISIC_0028419,HAM_0003941,bcc,3,0.00042790172,0.9972928,0.0011545282,6.372625e-05,0.00038790054,0.00059991266,7.320535e-05
ISIC_0029680,HAM_0001237,bcc,3,0.000274554,0.9978818,9.187431e-05,0.0012373945,0.0001218326,0.00021846643,0.00017400662
ISIC_0032132,HAM_0000352,bcc,3,0.0043798885,0.07963183,0.7287138,0.00020226592,0.09558645,0.091120206,0.00036554164
ISIC_0028568,HAM_0001434,bcc,3,0.025263688,0.9704944,0.0025726699,0.0004783423,0.00024526953,0.0006973446,0.0002481607
ISIC_0027759,HAM_0003198,bcc,3,8.643702e-05,0.9974246,3.1427942e-05,5.462173e-05,0.0001296307,0.0021606542,0.00011262511
ISIC_0031263,HAM_0007289,bcc,3,0.010417906,0.986642,0.0007847333,0.000797091,0.00031153625,0.0007075641,0.00033916158
ISIC_0032164,HAM_0000807,bcc,3,4.7277324e-05,0.9995047,8.113138e-05,2.8563352e-05,6.130102e-05,9.379292e-05,0.0001832793
ISIC_0024931,HAM_0005488,bcc,3,0.0002256723,0.99859387,9.9410696e-05,6.082791e-05,5.8042395e-05,0.00087486045,8.730231e-05
ISIC_0028542,HAM_0001573,bcc,3,0.003234772,0.83113027,0.0059992485,0.0009884784,0.0031660162,0.009349846,0.14613128
ISIC_0031325,HAM_0002082,nv,3,2.0996042e-05,3.975981e-06,0.00014094739,2.2525468e-05,0.0014210875,0.99835604,3.4448007e-05
ISIC_0024415,HAM_0005586,nv,3,1.602008e-05,6.8231916e-06,0.00037914,4.098869e-05,4.1593525e-05,0.9993482,0.0001672288
ISIC_0025218,HAM_0003093,nv,3,0.0032887189,0.00033612788,0.04292034,0.0020211805,0.0007716619,0.9486585,0.002003494
ISIC_0026211,HAM_0005366,nv,3,0.00026117015,1.3363349e-05,0.0004132929,0.00014837494,0.022433199,0.9765045,0.00022602391
ISIC_0029303,HAM_0001180,nv,3,0.00016754564,7.333838e-05,0.01669423,0.00017696347,0.0028967753,0.97978055,0.00021056016
ISIC_0029347,HAM_0000256,nv,3,4.13708e-05,3.0381455e-06,5.0490955e-05,4.8037862e-05,0.0009582929,0.9988624,3.6438367e-05
ISIC_0030435,HAM_0002877,nv,3,1.3936167e-05,2.255109e-06,8.6354594e-05,3.2370932e-05,0.00020171396,0.99964094,2.237894e-05
ISIC_0024535,HAM_0001287,nv,3,1.3183219e-05,2.4770534e-06,6.742561e-05,2.5115269e-05,6.929471e-05,0.99976236,6.010149e-05
ISIC_0026011,HAM_0004513,nv,3,4.548102e-05,2.3048658e-05,0.0005345399,7.148184e-05,0.0013034422,0.9978806,0.00014146618
ISIC_0030993,HAM_0006998,nv,3,2.25337e-05,9.863491e-06,8.266669e-05,0.00021181951,0.0008948469,0.99872094,5.726154e-05
ISIC_0030791,HAM_0002265,nv,3,9.7574475e-06,5.3780605e-06,7.326948e-05,0.00011526907,0.00012218016,0.99962974,4.4461893e-05
ISIC_0027944,HAM_0003414,nv,3,1.4383922e-05,9.4622956e-05,0.00030608117,0.00023951379,0.00023078847,0.99903846,7.6180324e-05
ISIC_0031455,HAM_0000841,nv,3,0.00017033081,3.5529367e-05,0.030761875,0.00034040128,0.00029545708,0.96825445,0.00014190037
ISIC_0029526,HAM_0001061,nv,3,1.7309185e-05,1.984508e-05,0.00024324267,0.0004942512,0.00025277803,0.99861836,0.00035408884
ISIC_0030820,HAM_0002112,nv,3,2.6691378e-05,0.0002048804,0.0006621699,3.3807028e-05,0.00090618443,0.9981286,3.7640875e-05
ISIC_0032210,HAM_0001227,nv,3,6.2794395e-05,5.673e-05,0.0071107135,0.0015982782,9.7068085e-05,0.990417,0.00065753533
ISIC_0026255,HAM_0002221,nv,3,9.6812655e-06,6.6668385e-06,5.533229e-05,8.050801e-05,0.00019838553,0.99960405,4.5337656e-05
ISIC_0031671,HAM_0004264,nv,3,1.4559857e-05,6.177084e-06,0.00018950782,4.6543046e-05,0.00024285805,0.9994765,2.3771861e-05
ISIC_0025079,HAM_0005103,nv,3,0.000116318864,0.0008326364,0.00028986673,0.00033756733,0.0012177059,0.99552226,0.0016837178
ISIC_0030918,HAM_0001103,nv,3,0.00022425423,0.00014967758,0.24163951,0.00040330554,0.0011427561,0.7560231,0.0004173287
ISIC_0031652,HAM_0004789,nv,3,3.858324e-05,1.1360718e-05,0.0002472104,0.00016141364,0.005908031,0.9935781,5.5213994e-05
ISIC_0029149,HAM_0002545,nv,3,0.0023261667,0.00027191587,0.4091753,0.0017371217,0.0021714042,0.5838315,0.00048663965
ISIC_0026339,HAM_0004951,nv,3,2.6330594e-05,7.625315e-06,7.305695e-05,0.0001656443,0.0005229579,0.9991666,3.779057e-05
ISIC_0025053,HAM_0005661,nv,3,1.2168295e-05,9.607132e-06,6.6459164e-05,3.737134e-05,0.000100035315,0.9997296,4.4662167e-05
ISIC_0030428,HAM_0002508,nv,3,2.5837891e-05,1.0157866e-05,6.8674715e-05,0.00048800153,0.0005111715,0.99883217,6.413702e-05
ISIC_0026039,HAM_0000797,nv,3,8.201768e-06,2.9704834e-06,7.042133e-05,1.9887511e-05,9.000431e-05,0.99977666,3.1811203e-05
ISIC_0027634,HAM_0005725,nv,3,1.4813004e-05,1.1833045e-05,0.00021844746,3.0782634e-05,0.00044316537,0.9991359,0.00014521572
ISIC_0027268,HAM_0002317,nv,3,0.00074226025,0.0003631646,0.20823419,0.007864007,0.00035963536,0.779752,0.002684754
ISIC_0024861,HAM_0005892,nv,3,0.00066107383,0.00021420048,0.0018942911,0.34311423,0.042486917,0.60809374,0.0035355473
ISIC_0031604,HAM_0004792,nv,3,6.453932e-05,0.00013530196,0.0012252231,0.0001480208,0.0971179,0.9000841,0.0012249239
ISIC_0025487,HAM_0005690,nv,3,0.00015928259,3.873012e-05,0.00049859454,0.0028178426,0.014198823,0.9818978,0.00038887505
ISIC_0031997,HAM_0003250,nv,3,4.1126474e-05,2.6761507e-05,0.00010278791,6.714715e-05,0.021937417,0.9775688,0.00025589755
ISIC_0025636,HAM_0001579,nv,3,1.7445675e-05,5.106816e-06,0.00022036508,2.3384198e-05,0.0010319132,0.9986602,4.156489e-05
ISIC_0024407,HAM_0002775,nv,3,1.2552394e-05,6.6926186e-06,6.266616e-05,6.312683e-05,0.00023477378,0.9995572,6.300365e-05
ISIC_0025914,HAM_0006962,nv,3,5.2029923e-06,1.2287825e-05,0.00012513707,3.5451983e-05,2.6242966e-05,0.999739,5.6790588e-05
ISIC_0025224,HAM_0000572,nv,3,4.532756e-05,9.2268565e-06,0.0010981862,0.00013322511,6.659842e-05,0.998406,0.00024141627
ISIC_0026098,HAM_0000921,nv,3,1.5020047e-05,6.1043106e-06,0.00047000588,2.4499277e-05,3.7649927e-05,0.99934417,0.000102468126
ISIC_0025353,HAM_0003148,nv,3,1.4309595e-05,4.9646187e-06,0.0001028824,3.9664694e-05,6.552388e-05,0.9997166,5.6018183e-05
ISIC_0025722,HAM_0001590,nv,3,2.0040545e-05,1.2274489e-05,0.0009018048,0.00017439654,0.00017186052,0.998654,6.55822e-05
ISIC_0031099,HAM_0004544,nv,3,7.5993153e-06,4.75553e-06,0.00010816437,6.736914e-05,0.00011055553,0.99965703,4.4571792e-05
ISIC_0028136,HAM_0003560,nv,3,8.942897e-05,4.2657808e-05,0.0029716205,0.0009071786,0.07245424,0.9232287,0.00030610053
ISIC_0027416,HAM_0006192,nv,3,0.0002773261,5.9625578e-05,0.0037033418,0.00012524503,0.002311841,0.9932997,0.00022283777
ISIC_0024746,HAM_0004623,nv,3,0.0005598084,0.00027712525,0.3062883,0.001828385,0.0012789139,0.68754035,0.0022270966
ISIC_0031185,HAM_0000329,nv,3,6.492906e-05,1.5772315e-05,0.00022232275,6.5758606e-05,6.718667e-05,0.9993864,0.00017757602
ISIC_0024369,HAM_0004657,nv,3,2.1235905e-05,7.182942e-06,3.867923e-05,0.0002478557,0.0016575821,0.99799734,3.0123416e-05
ISIC_0028196,HAM_0002702,nv,3,3.1787364e-05,1.8469118e-05,0.00033244715,3.8870698e-05,0.0005190694,0.9990275,3.1880627e-05
ISIC_0027834,HAM_0002138,nv,3,4.6670913e-05,7.0876613e-06,0.0013962685,6.391629e-05,9.524951e-05,0.9983151,7.568043e-05
ISIC_0025922,HAM_0002473,nv,3,0.00015598595,0.0001127922,0.008335522,0.0023442642,0.00014913382,0.98823136,0.0006709873
ISIC_0030903,HAM_0005055,nv,3,7.8098865e-06,3.533969e-06,9.149899e-05,3.2434364e-05,0.0001282804,0.9996455,9.0942216e-05
ISIC_0024433,HAM_0001675,nv,3,8.899704e-06,2.579864e-06,0.00022041026,2.035174e-05,0.00031296036,0.99941385,2.0895495e-05
ISIC_0025366,HAM_0002276,bkl,3,1.3297945e-05,1.3693297e-05,0.000111043715,3.1744727e-05,0.0011201337,0.99866235,4.770104e-05
ISIC_0030936,HAM_0002066,nv,3,1.5127255e-05,3.483012e-05,0.0006863856,2.8650476e-05,0.00033005583,0.99864477,0.00026007774
ISIC_0024692,HAM_0004744,nv,3,1.183711e-05,9.928985e-06,0.0003455934,4.402317e-05,5.0819024e-05,0.9994791,5.8749953e-05
ISIC_0029729,HAM_0003008,nv,3,0.00046008872,0.03477363,0.0009835662,0.0005873142,0.45671275,0.50553495,0.00094773556
ISIC_0026778,HAM_0002344,nv,3,2.7336784e-05,6.4740607e-06,9.060192e-05,7.205801e-05,0.0001945633,0.9995586,5.028004e-05
ISIC_0031606,HAM_0006270,nv,3,7.360032e-05,0.00011354999,0.00031814794,0.0018673803,0.06717494,0.9255121,0.0049403543
ISIC_0027763,HAM_0000548,nv,3,0.00042516112,0.00011199831,0.036164295,0.0003675871,0.00014268956,0.9622962,0.0004922332
ISIC_0029822,HAM_0006332,nv,3,5.792765e-06,4.5556826e-06,0.00011147765,6.2308514e-05,7.4210286e-05,0.99969304,4.8644535e-05
ISIC_0027932,HAM_0005569,nv,3,0.0014233149,2.8463843e-05,0.0014156906,9.591653e-05,0.09881239,0.8980756,0.0001485584
ISIC_0026986,HAM_0006044,nv,3,5.873205e-06,2.823504e-06,6.397306e-05,2.5687035e-05,7.5526055e-05,0.9998118,1.4185728e-05
ISIC_0029876,HAM_0002286,nv,3,3.4823446e-05,6.392515e-05,0.0013876259,0.004538755,0.002808561,0.99068344,0.00048284009
ISIC_0028523,HAM_0001523,nv,3,4.4623743e-05,8.102814e-06,0.00020767738,4.1029107e-05,0.00028696208,0.9993573,5.4407843e-05
ISIC_0031069,HAM_0003122,nv,3,1.1474523e-05,4.6999457e-06,0.00015092596,3.7918595e-05,6.403101e-05,0.99961865,0.000112377915
ISIC_0024348,HAM_0002426,nv,3,4.6302357e-05,1.02310505e-05,0.007243988,0.00011139946,0.00017077872,0.9923678,4.948151e-05
ISIC_0028356,HAM_0000175,nv,3,2.0058118e-05,3.7103785e-06,0.00020576996,0.00013093912,8.863029e-05,0.9995297,2.1144257e-05
ISIC_0025175,HAM_0002124,nv,3,0.000121244106,3.528405e-05,0.0073416694,0.00018778654,0.00010022085,0.99209243,0.00012136257
ISIC_0025444,HAM_0000427,nv,3,3.3421973e-05,9.976469e-06,0.0009634704,0.00019930935,0.00036377762,0.9983918,3.809462e-05
ISIC_0028108,HAM_0005037,nv,3,7.744762e-05,2.548968e-05,0.008591995,9.828614e-05,0.0074502886,0.9834485,0.0003081113
ISIC_0030483,HAM_0006569,nv,3,4.4385357e-05,1.1069989e-05,0.0008261181,9.169753e-05,8.341006e-05,0.998884,5.932013e-05
ISIC_0030289,HAM_0002836,nv,3,5.8277023e-05,1.8141745e-05,0.00074584986,5.208636e-05,0.00030105643,0.99872154,0.00010308155
ISIC_0029618,HAM_0005655,nv,3,1.5373887e-05,1.388915e-05,0.0002765953,2.3396638e-05,0.0023633295,0.99724185,6.548946e-05
ISIC_0028466,HAM_0006261,nv,3,5.2948576e-06,7.933013e-06,6.0154238e-05,3.3301527e-05,0.00020240908,0.9996631,2.7743072e-05
ISIC_0030400,HAM_0001145,nv,3,1.2038291e-05,2.927152e-06,7.6756e-05,2.5139001e-05,0.0011007173,0.9987545,2.7935248e-05
ISIC_0024985,HAM_0002900,nv,3,1.6404278e-05,3.1677162e-06,0.00013017663,3.643004e-05,0.00017800639,0.99960977,2.6035374e-05
ISIC_0025514,HAM_0006791,nv,3,0.00010131321,1.5704683e-05,0.00014569248,0.00013874946,0.025602452,0.97395,4.606857e-05
ISIC_0029703,HAM_0000617,nv,3,9.3363284e-05,3.0251478e-05,0.0014704652,0.00012441311,0.0011595476,0.99638474,0.0007372783
ISIC_0027467,HAM_0002531,nv,3,3.9524624e-05,2.2741455e-05,9.917101e-05,5.455392e-05,0.056420945,0.94317013,0.00019303303
ISIC_0031402,HAM_0002505,nv,3,1.1262302e-05,6.11126e-06,6.525463e-05,1.5697357e-05,0.0013404462,0.9985297,3.1616768e-05
ISIC_0027106,HAM_0003576,nv,3,1.25767165e-05,6.117443e-06,6.340375e-05,5.2614916e-05,0.00028820822,0.99954,3.707348e-05
ISIC_0031909,HAM_0007266,nv,3,5.234005e-06,3.3139656e-06,5.310736e-05,4.460094e-05,3.4347337e-05,0.99982256,3.6885314e-05
ISIC_0030787,HAM_0005066,nv,3,1.549941e-05,1.0905197e-05,0.00012990177,0.0027531183,0.001344386,0.9956136,0.00013259328
ISIC_0027764,HAM_0000183,nv,3,4.810653e-05,0.000111197565,0.0041401857,0.00013597627,6.0103863e-05,0.99541783,8.6600754e-05
ISIC_0031250,HAM_0005812,nv,3,1.202461e-05,1.1208169e-05,0.00019063929,9.621115e-05,2.7903507e-05,0.99956995,9.2119655e-05
ISIC_0029132,HAM_0001632,nv,3,4.7399048e-05,1.0545218e-05,0.00064386486,3.7974787e-05,0.002023347,0.99719703,3.9875038e-05
ISIC_0026733,HAM_0006385,nv,3,6.075034e-05,1.0977361e-05,0.0011671721,0.00010766646,0.0022751915,0.9963469,3.145536e-05
ISIC_0025328,HAM_0004834,nv,3,8.843662e-05,6.847213e-05,0.0029689337,0.000248269,0.00017656559,0.9891011,0.007348181
ISIC_0032228,HAM_0003984,nv,3,1.28711845e-05,1.1788217e-05,3.468135e-05,8.71889e-05,0.0005335754,0.9992465,7.3420415e-05
ISIC_0027157,HAM_0002756,nv,3,2.5791462e-05,7.88133e-06,0.00011984226,4.5709636e-05,0.008558935,0.9912124,2.93973e-05
ISIC_0025868,HAM_0003251,nv,3,1.592346e-05,1.0628048e-05,0.0003886261,3.5779096e-05,0.00028950835,0.99915826,0.00010132968
ISIC_0024944,HAM_0003296,nv,3,7.789455e-05,1.0983252e-05,0.00015551812,7.858218e-05,0.00663868,0.9929951,4.3185824e-05
ISIC_0027227,HAM_0001833,nv,3,8.610699e-06,4.493423e-06,0.000107597356,3.6287816e-05,0.00019780523,0.9996044,4.0759667e-05
ISIC_0030569,HAM_0003924,nv,3,0.00018964669,3.4604753e-05,0.0002998165,0.00029030847,0.27876702,0.7202476,0.0001709972
ISIC_0028048,HAM_0002631,nv,3,0.0052205655,0.0009871615,0.041607868,0.0016564163,0.0024242348,0.9442204,0.0038833853
ISIC_0026689,HAM_0005003,nv,3,2.6657573e-05,1.8178886e-05,7.23214e-05,4.3908007e-05,0.0007484723,0.9988134,0.00027703328
ISIC_0026792,HAM_0001778,nv,3,2.7233566e-05,7.756962e-06,0.00029079377,2.6916283e-05,0.0009142665,0.9987061,2.6916283e-05
ISIC_0029335,HAM_0005119,nv,3,2.2229171e-05,6.221232e-06,0.00086652534,2.7908869e-05,0.00026157932,0.9987863,2.9391407e-05
ISIC_0026087,HAM_0002378,nv,3,3.7402064e-05,1.09485845e-05,0.0017062245,0.00013515115,0.00046407047,0.99762434,2.1901817e-05
ISIC_0024523,HAM_0006246,nv,3,0.00051576155,0.00011067324,0.059730478,0.013878901,0.0006331597,0.92345643,0.0016746825
ISIC_0026540,HAM_0002778,nv,3,7.1242494e-06,2.0939331e-05,0.0004242905,0.00015187754,0.003604963,0.9956594,0.00013131078
ISIC_0029381,HAM_0002681,nv,3,5.872379e-06,3.7619873e-06,9.421019e-05,3.668218e-05,0.00016177037,0.9996712,2.6369631e-05
ISIC_0024815,HAM_0005166,nv,3,1.2801613e-05,1.0907111e-05,9.596422e-05,1.5715528e-05,6.727245e-05,0.99968565,0.00011164707
ISIC_0026980,HAM_0005876,nv,3,4.072e-05,2.1125259e-05,0.004884532,7.416771e-05,0.007928378,0.98699725,5.383998e-05
ISIC_0028721,HAM_0007173,nv,3,0.005781432,0.004055846,0.0051571988,0.024021946,0.003927224,0.95534575,0.0017106577
ISIC_0026651,HAM_0001969,nv,3,0.00023057705,1.49286225e-05,0.0008251866,0.00036720384,0.001294245,0.99714893,0.000118922944
ISIC_0027881,HAM_0004473,nv,3,1.1142264e-05,1.1768577e-05,0.0001238046,6.719645e-05,0.00021360205,0.999532,4.05186e-05
ISIC_0028375,HAM_0006997,nv,3,2.0775711e-05,6.575785e-06,8.9718334e-05,5.8953756e-05,0.00020176427,0.9995241,9.815216e-05
ISIC_0031173,HAM_0005802,nv,3,1.4841841e-05,6.8350223e-06,4.2487423e-05,3.1236614e-05,0.0006837063,0.9991277,9.3255316e-05
ISIC_0026243,HAM_0002230,nv,3,3.284321e-05,1.5574755e-05,0.00015097823,0.00025038383,0.0008807798,0.9985013,0.00016809975
ISIC_0030524,HAM_0005419,nv,3,0.0006036425,0.0009759886,0.30545098,0.0013858054,0.0027749075,0.6870013,0.0018074311
ISIC_0026710,HAM_0003732,nv,3,1.4698913e-05,6.795695e-06,0.00021527836,4.3711767e-05,0.00033981403,0.99921644,0.00016324372
ISIC_0026128,HAM_0006033,nv,3,1.8584024e-05,3.812625e-06,0.00022365288,6.105379e-05,0.00028438517,0.99937004,3.8543767e-05
ISIC_0026129,HAM_0001035,nv,3,1.38298565e-05,4.3305604e-06,7.262267e-05,3.5040946e-05,2.3849225e-05,0.99979585,5.4564767e-05
ISIC_0030878,HAM_0007166,nv,3,0.00020444892,4.2938605e-05,0.00015675645,0.00028040534,0.004167062,0.99505424,9.4153605e-05
ISIC_0025390,HAM_0001631,nv,3,5.0593317e-05,1.7314664e-05,0.0005924513,9.036867e-05,0.00015568627,0.99893445,0.00015922269
ISIC_0031176,HAM_0003952,nv,3,0.00015947425,1.5828688e-05,0.00017790639,0.00010121963,0.00041884006,0.9990482,7.85226e-05
ISIC_0030337,HAM_0002640,nv,3,0.002368901,0.00016304127,0.0016947862,0.01293933,0.00016593256,0.9817857,0.00088225387
ISIC_0025474,HAM_0004271,nv,3,0.000114810326,5.1288575e-06,5.579039e-05,0.00058333966,0.000105923275,0.99906033,7.47085e-05
ISIC_0026449,HAM_0002284,nv,3,9.191215e-05,4.2868527e-05,0.00038980923,0.00013610291,0.015442161,0.98377603,0.00012105244
ISIC_0031355,HAM_0007466,nv,3,1.34962e-05,3.2370872e-06,2.9622704e-05,3.839082e-05,0.00010615584,0.99978834,2.0842173e-05
ISIC_0026364,HAM_0007022,nv,3,2.209966e-05,3.3791782e-06,7.0215436e-05,3.206075e-05,6.143768e-05,0.99977833,3.2565633e-05
ISIC_0030490,HAM_0001438,nv,3,3.696412e-05,3.7394257e-06,6.481072e-05,0.00015013863,0.00016445278,0.9995154,6.455805e-05
ISIC_0031820,HAM_0000161,nv,3,3.1441705e-05,9.078852e-06,0.0012256433,0.00032703075,6.774247e-05,0.9978613,0.00047774756
ISIC_0030971,HAM_0001700,nv,3,0.016237145,8.903257e-05,0.012485979,0.0007527761,0.002434742,0.96701664,0.0009837246
ISIC_0024563,HAM_0000497,nv,3,1.0387282e-05,1.7701262e-06,1.45060585e-05,1.4591305e-05,0.00025019053,0.999681,2.7621916e-05
ISIC_0027892,HAM_0004015,nv,3,0.00012552956,1.041538e-05,9.420111e-05,0.0010327322,0.00018533958,0.9984773,7.444648e-05
ISIC_0024404,HAM_0005076,nv,3,8.937674e-06,6.5902273e-06,3.562643e-05,9.655937e-05,3.6649802e-05,0.99976474,5.0957802e-05
ISIC_0029189,HAM_0006393,nv,3,0.00014883564,3.1937478e-05,0.00013007055,0.00070178276,0.13771214,0.8602274,0.0010478575
ISIC_0027971,HAM_0007082,nv,3,1.8366838e-05,9.380862e-06,8.677175e-05,0.00014756768,1.2722337e-05,0.9993332,0.00039193404
ISIC_0029940,HAM_0007297,nv,3,0.0001248629,7.1692025e-06,0.0001093336,8.212734e-05,0.0054885503,0.99414486,4.3151467e-05
ISIC_0031097,HAM_0004003,nv,3,1.3469987e-05,3.935332e-06,3.1967567e-05,2.4083301e-05,8.5195315e-05,0.9997973,4.4037184e-05
ISIC_0030493,HAM_0004981,nv,3,3.408374e-05,9.317977e-06,0.00022847077,5.696815e-05,0.003080129,0.9965191,7.1944196e-05
ISIC_0024822,HAM_0006131,nv,3,4.4638335e-05,7.555123e-06,4.1283714e-05,0.00012783201,3.4968663e-05,0.9996841,5.9687365e-05
ISIC_0028936,HAM_0005377,nv,3,1.7549979e-05,3.3790404e-06,3.409379e-05,3.0982177e-05,0.00013236464,0.99973756,4.407758e-05
ISIC_0030418,HAM_0005283,nv,3,1.2749642e-05,4.7641934e-06,2.588105e-05,4.6205594e-05,0.00037078426,0.999524,1.5651727e-05
ISIC_0026368,HAM_0005946,nv,3,6.0835996e-06,4.897866e-06,3.9361334e-05,3.8656603e-05,1.7620678e-05,0.9998516,4.1818166e-05
ISIC_0026000,HAM_0003071,nv,3,2.3635836e-05,2.2203812e-05,0.00012877626,8.445353e-05,0.00010459217,0.99959725,3.908324e-05
ISIC_0026908,HAM_0002976,nv,3,2.2728893e-05,1.4993568e-05,0.00014421326,8.4077794e-05,1.7495055e-05,0.9995328,0.00018361755
ISIC_0025087,HAM_0004359,nv,3,2.3937826e-05,3.2810228e-06,2.80135e-05,2.8399127e-05,0.00029882975,0.99959785,1.9729214e-05
ISIC_0028397,HAM_0006183,nv,3,2.8785975e-05,1.9363773e-05,0.00030267859,8.8364504e-05,1.481775e-05,0.999456,8.9887624e-05
ISIC_0030921,HAM_0000350,nv,3,5.206939e-05,7.4647683e-06,0.00022354403,4.1230516e-05,0.00415663,0.99547535,4.376127e-05
ISIC_0026884,HAM_0002763,nv,3,5.8084013e-05,5.4290995e-06,9.259167e-05,0.00015150683,0.0003453662,0.9993099,3.702877e-05
ISIC_0029772,HAM_0006805,nv,3,2.5660427e-05,4.305071e-06,1.892081e-05,7.476022e-05,8.5922526e-05,0.99975187,3.863388e-05
ISIC_0026572,HAM_0002583,nv,3,1.8881845e-05,4.4848307e-06,2.9130759e-05,1.2701454e-05,0.00024462448,0.99964345,4.6573554e-05
ISIC_0029748,HAM_0006260,nv,3,6.7600904e-06,3.62549e-06,2.1212505e-05,3.604847e-05,8.5062384e-05,0.9998227,2.4727386e-05
ISIC_0032339,HAM_0007072,nv,3,1.1429407e-05,2.7736776e-06,6.524393e-05,1.9234347e-05,0.00028264665,0.99958545,3.329894e-05
ISIC_0030866,HAM_0001636,nv,3,8.8858305e-06,2.0456343e-06,3.9455783e-05,2.6450587e-05,0.000101148216,0.9998068,1.5278554e-05
ISIC_0029484,HAM_0005296,nv,3,2.443233e-05,1.955247e-06,7.2091665e-05,2.7685455e-05,0.00031499218,0.99953735,2.1624715e-05
ISIC_0029264,HAM_0001691,nv,3,1.6685084e-05,9.341223e-06,0.000376244,5.0943956e-05,1.3995473e-05,0.99900514,0.0005277469
ISIC_0031033,HAM_0006767,nv,3,2.856568e-05,3.223815e-06,6.513257e-05,1.3786506e-05,0.00028949094,0.99958616,1.362589e-05
ISIC_0031165,HAM_0006413,nv,3,7.30518e-05,5.4499964e-05,0.0020813628,0.00032358116,4.058011e-05,0.99714667,0.0002803098
ISIC_0030402,HAM_0002019,nv,3,7.948824e-06,4.9839714e-06,8.160425e-05,9.588372e-05,4.2636526e-05,0.9997009,6.5988395e-05
ISIC_0031144,HAM_0006316,nv,3,2.5087875e-05,4.9934483e-06,0.00011487781,7.3629424e-05,7.903142e-05,0.9996475,5.490408e-05
ISIC_0031724,HAM_0006919,nv,3,0.0002148175,0.0002511471,0.003723614,0.092433244,0.00086215686,0.8995344,0.002980707
ISIC_0028552,HAM_0000240,nv,3,0.00026084087,1.16410265e-05,0.0009352053,0.00021403866,4.3590888e-05,0.99840134,0.00013335465
ISIC_0024965,HAM_0000733,nv,3,0.0004055024,0.00010536922,0.009930529,0.0005101062,5.1352854e-05,0.98851085,0.00048627166
ISIC_0024859,HAM_0003390,nv,3,1.3180795e-05,4.075252e-06,2.5831956e-05,0.00021065993,0.00011889659,0.9995784,4.897259e-05
ISIC_0027799,HAM_0000654,nv,3,6.301179e-06,2.3045316e-06,1.910809e-05,2.8074943e-05,7.9900004e-05,0.9998356,2.8642651e-05
ISIC_0028427,HAM_0002931,nv,3,3.11847e-05,1.1999313e-05,0.00010857988,8.0179154e-05,0.00013572499,0.9994172,0.00021518693
ISIC_0032239,HAM_0004858,nv,3,2.9765186e-05,3.6642105e-06,1.6583006e-05,6.796705e-05,0.001133412,0.9987281,2.0517313e-05
ISIC_0028695,HAM_0006010,nv,3,1.3626788e-05,2.1105581e-05,0.00015043437,6.590468e-05,3.3268658e-05,0.999652,6.359691e-05
ISIC_0030614,HAM_0001568,nv,3,1.1680329e-05,3.4594489e-06,4.6241734e-05,1.6520233e-05,7.076892e-05,0.99981755,3.3798155e-05
ISIC_0031535,HAM_0003298,nv,3,1.4669722e-05,9.216007e-06,0.00015267555,4.6032164e-05,0.0002474843,0.9991817,0.00034837035
ISIC_0027393,HAM_0007397,nv,3,6.325879e-06,1.9634972e-06,1.7161969e-05,2.0123243e-05,8.99223e-05,0.9998416,2.2936623e-05
ISIC_0030513,HAM_0006060,nv,3,1.096994e-05,1.1792036e-05,6.635131e-05,0.00015799011,2.5505875e-05,0.9995702,0.00015712462
ISIC_0028731,HAM_0002407,nv,3,4.5626733e-05,0.00016350784,0.00017345931,0.00033102147,2.9574132e-05,0.9991242,0.00013254206
ISIC_0026828,HAM_0000840,nv,3,3.1930213e-05,6.6668435e-06,1.9903517e-05,0.00012059166,0.0001905994,0.99960476,2.5606587e-05
ISIC_0030154,HAM_0000293,nv,3,3.3962762e-05,4.812242e-06,3.992033e-05,5.7155325e-05,4.8247253e-05,0.99979323,2.2712626e-05
ISIC_0024794,HAM_0006811,nv,3,2.2163526e-05,3.646473e-06,6.215914e-05,9.488556e-05,5.4935663e-05,0.9997342,2.7962651e-05
ISIC_0028772,HAM_0007594,nv,3,1.8334445e-05,9.093954e-06,0.00014176797,0.0001251098,6.6542714e-05,0.99952114,0.000118105054
ISIC_0025649,HAM_0005269,nv,3,7.5540606e-06,3.843195e-06,2.0294836e-05,0.00011551266,0.0002750112,0.9995435,3.438809e-05
ISIC_0031275,HAM_0001827,nv,3,2.8217433e-05,1.675096e-05,8.4324005e-05,0.0006006698,3.7859627e-05,0.9990393,0.0001927841
ISIC_0026537,HAM_0003278,nv,3,4.8354235e-05,2.9640653e-06,4.7837588e-05,6.00604e-05,0.00026063583,0.99956685,1.3258098e-05
ISIC_0029702,HAM_0000824,nv,3,1.7283524e-05,6.4081214e-06,0.00056128146,2.6509102e-05,0.00016937283,0.99908733,0.00013179504
ISIC_0030989,HAM_0000784,nv,3,1.1669385e-05,4.8787956e-06,3.3000393e-05,2.7425163e-05,3.4991783e-05,0.9998566,3.1458458e-05
ISIC_0029307,HAM_0001127,nv,3,1.0108561e-05,2.3453747e-06,5.8412686e-05,1.85381e-05,5.8957125e-05,0.9998253,2.6219614e-05
ISIC_0026983,HAM_0006404,nv,3,2.7878465e-05,4.067587e-06,0.00019728347,1.6892638e-05,7.723846e-05,0.9996487,2.7932967e-05
ISIC_0029423,HAM_0005177,nv,3,2.085082e-05,8.023022e-06,0.00018886013,5.3766948e-05,0.0003737637,0.9992268,0.00012803898
ISIC_0030385,HAM_0000997,nv,3,0.00012144131,1.9083904e-05,0.00068683707,0.00029932524,5.697401e-05,0.99856997,0.00024627836
ISIC_0025137,HAM_0004152,nv,3,1.4242144e-05,2.6629848e-06,3.7431557e-05,1.722971e-05,2.9366023e-05,0.9998746,2.4416717e-05
ISIC_0024306,HAM_0000550,nv,3,9.255414e-06,3.4788193e-06,3.7364323e-05,6.430807e-05,0.00031901803,0.9995419,2.4744595e-05
ISIC_0025698,HAM_0002654,nv,3,1.5472102e-05,3.7990144e-06,5.1681156e-05,3.0620075e-05,0.00013879643,0.99969995,5.9630052e-05
ISIC_0029864,HAM_0000276,nv,3,1.8500552e-05,3.8140786e-06,2.9795672e-05,2.616651e-05,7.610449e-05,0.99975103,9.448838e-05
ISIC_0026300,HAM_0005411,nv,3,1.7876891e-05,2.6623575e-06,7.928198e-05,0.00013162657,8.9139125e-05,0.99963903,4.0325558e-05
ISIC_0027378,HAM_0002989,nv,3,3.760268e-05,5.996271e-06,7.655526e-05,0.0001041798,0.0006743803,0.9990652,3.6056354e-05
ISIC_0030073,HAM_0005764,nv,3,3.0824303e-05,1.8953247e-05,0.00015231637,0.00011862409,0.00010727266,0.9995117,6.029215e-05
ISIC_0029517,HAM_0004031,nv,3,2.4475405e-05,1.1426668e-05,0.00015808726,0.00024168777,0.00010799054,0.99934584,0.00011044356
ISIC_0028741,HAM_0003549,nv,3,5.873017e-05,1.3666475e-05,3.1221833e-05,7.5854194e-05,0.0069019217,0.99282044,9.825852e-05
ISIC_0027570,HAM_0001071,nv,3,6.370229e-05,3.3307515e-05,0.00022061256,9.71344e-05,0.040430736,0.9587265,0.00042794974
ISIC_0030068,HAM_0005322,nv,3,5.4277178e-05,5.626583e-06,6.3518455e-05,9.2058486e-05,0.0018239364,0.99793136,2.9251762e-05
ISIC_0026699,HAM_0007210,nv,3,9.970687e-06,3.472803e-06,4.420807e-05,6.2617946e-05,7.745509e-05,0.999764,3.8371145e-05
ISIC_0024858,HAM_0004732,nv,3,1.4479176e-05,9.2938435e-06,9.70571e-05,3.0862673e-05,2.818323e-05,0.99977916,4.1006362e-05
ISIC_0024568,HAM_0007386,nv,3,7.5843154e-06,3.3720992e-06,4.4876506e-05,3.7404294e-05,4.6641406e-05,0.9996344,0.00022568693
ISIC_0031864,HAM_0001394,nv,3,3.8801867e-05,6.5608792e-06,4.2740547e-05,5.939735e-05,0.0005917461,0.99920815,5.257177e-05
ISIC_0029171,HAM_0004179,nv,3,1.0822385e-05,2.6417997e-06,0.00016601622,4.7680704e-05,3.880201e-05,0.99969995,3.4192533e-05
ISIC_0031954,HAM_0003799,nv,3,1.0346274e-05,3.881252e-06,2.4055811e-05,3.6824295e-05,0.00012717553,0.99963164,0.0001660454
ISIC_0026413,HAM_0005431,nv,3,8.011483e-06,2.3961056e-06,2.3917872e-05,3.9646275e-05,0.00014933155,0.9997404,3.627504e-05
ISIC_0029016,HAM_0006441,nv,3,1.41408855e-05,4.5196985e-06,2.6161913e-05,2.5983683e-05,0.00032436932,0.99957544,2.938592e-05
ISIC_0026904,HAM_0004626,nv,3,8.477609e-06,2.9701139e-06,0.000224044,1.3002775e-05,5.5714525e-05,0.99965227,4.3517823e-05
ISIC_0024874,HAM_0000403,nv,3,2.991203e-05,2.5041296e-05,9.3221606e-05,9.6086886e-05,3.7554742e-05,0.99876654,0.00095167314
ISIC_0028501,HAM_0000142,nv,3,1.8774723e-05,1.2878487e-05,3.770441e-05,1.994659e-05,5.4752545e-05,0.9998134,4.2662152e-05
ISIC_0026975,HAM_0006063,nv,3,3.0092166e-05,6.5078866e-06,0.0001063739,0.00086325506,5.4489872e-05,0.99891114,2.8158764e-05
ISIC_0030853,HAM_0000078,nv,3,2.2053042e-05,7.0692563e-06,0.00016405889,0.00010130226,1.9291441e-05,0.9996197,6.648432e-05
ISIC_0024414,HAM_0006226,nv,3,1.2777852e-05,2.1732615e-06,1.5443164e-05,2.5636124e-05,0.00013724077,0.99978095,2.5837191e-05
ISIC_0027496,HAM_0004139,nv,3,3.4227352e-05,4.7373887e-06,8.301418e-05,6.113614e-05,4.1650535e-05,0.99974114,3.409391e-05
ISIC_0026002,HAM_0007371,nv,3,5.6758243e-05,1.2838811e-05,0.00014116561,0.0001027759,0.0028353867,0.9967332,0.00011794827
ISIC_0029103,HAM_0004798,nv,3,1.0944418e-05,5.0107196e-06,2.3672497e-05,2.524851e-05,0.0006594871,0.9991943,8.134415e-05
ISIC_0027476,HAM_0001942,nv,3,9.7212105e-06,5.8847077e-06,2.3251752e-05,5.537102e-05,2.4486902e-05,0.9998153,6.607656e-05
ISIC_0025768,HAM_0002512,nv,3,1.1432026e-05,3.162183e-06,2.3297192e-05,7.29795e-05,2.823933e-05,0.99981457,4.6286776e-05
ISIC_0032106,HAM_0004526,nv,3,7.6153256e-06,3.836713e-06,4.092755e-05,6.430952e-05,3.5350728e-05,0.9998085,3.9417333e-05
ISIC_0030368,HAM_0006422,nv,3,5.715098e-05,3.9510083e-05,0.00033816317,0.00041090118,0.00018757394,0.9977666,0.0012000641
ISIC_0032502,HAM_0006650,nv,3,8.567033e-05,8.516983e-05,0.020041985,0.00015094459,0.00011709745,0.9789702,0.0005489067
ISIC_0027349,HAM_0000725,nv,3,4.4601096e-05,1.287865e-05,0.00015103098,5.2552936e-05,0.015240975,0.9843252,0.00017273564
ISIC_0028313,HAM_0004166,nv,3,4.062113e-05,6.8350364e-06,2.3258512e-05,5.7790676e-05,0.00071302947,0.9991297,2.8832837e-05
ISIC_0025629,HAM_0002977,nv,3,1.2313448e-05,3.174732e-06,2.0621143e-05,2.7479118e-05,4.2560485e-05,0.99986887,2.4922476e-05
ISIC_0026638,HAM_0005929,nv,3,0.00049470004,0.0029529878,0.002121771,0.5674305,0.0022084482,0.42003456,0.0047570327
ISIC_0026499,HAM_0001216,nv,3,8.216097e-06,5.826085e-06,1.4223894e-05,5.383792e-05,0.00029289836,0.9995691,5.5791555e-05
ISIC_0024866,HAM_0007068,nv,3,3.2514225e-05,1.3660251e-05,3.6272246e-05,7.248905e-05,0.0015258556,0.99820006,0.000119164615
ISIC_0031082,HAM_0001932,nv,3,1.3588756e-05,2.2598474e-06,2.1992204e-05,3.761147e-05,9.861035e-05,0.9997868,3.912884e-05
ISIC_0027132,HAM_0004987,nv,3,2.5683206e-05,8.954234e-06,5.6703135e-05,9.79264e-05,5.9134924e-05,0.99966276,8.8815395e-05
ISIC_0025998,HAM_0000370,nv,3,4.427693e-05,1.2057448e-05,0.0010236078,3.401467e-05,0.0023614385,0.9964439,8.0646314e-05
ISIC_0024648,HAM_0002304,nv,3,0.00017399837,2.0893058e-05,8.969798e-05,0.00021765752,0.00011305716,0.99929726,8.744916e-05
ISIC_0029399,HAM_0004059,nv,3,1.5293252e-05,2.3775808e-06,3.6401103e-05,4.2536427e-05,7.5055796e-05,0.9997917,3.666869e-05
ISIC_0028907,HAM_0005698,nv,3,1.4480118e-05,2.5910767e-06,4.2684307e-05,2.4679668e-05,4.9081384e-05,0.9998442,2.2252718e-05
ISIC_0030163,HAM_0006140,nv,3,2.4531473e-05,1.3130751e-05,0.00012229085,3.0262758e-05,3.6326048e-05,0.99968076,9.2693896e-05
ISIC_0030022,HAM_0002347,nv,3,1.5625345e-05,3.6824626e-06,7.634939e-05,3.878656e-05,2.5189653e-05,0.9997899,5.0488507e-05
ISIC_0024775,HAM_0004561,nv,3,1.4735736e-05,6.551728e-06,2.9105866e-05,9.339458e-05,5.1032523e-05,0.9997651,4.0016785e-05
ISIC_0029757,HAM_0001288,nv,3,3.230912e-05,6.094463e-06,8.894735e-05,7.3094685e-05,4.9121398e-05,0.99968266,6.7799876e-05
ISIC_0027185,HAM_0003849,nv,3,7.512091e-06,2.5658637e-06,2.01034e-05,6.461001e-05,6.073996e-05,0.99983144,1.29291275e-05
ISIC_0025058,HAM_0005959,nv,3,4.775431e-05,2.8183187e-05,0.0017607432,9.982054e-05,2.4012377e-05,0.99782676,0.00021276962
ISIC_0024616,HAM_0004241,nv,3,0.006597579,0.0011058009,0.29029056,0.01461951,0.0017464779,0.68023944,0.0054005845
ISIC_0024686,HAM_0001051,nv,3,1.5021972e-05,2.1475997e-05,5.843485e-05,0.0001216698,6.293681e-05,0.9994723,0.0002481614
ISIC_0029467,HAM_0006762,nv,3,9.52843e-06,4.370962e-06,7.892814e-05,4.9585284e-05,0.0005027537,0.9993166,3.824177e-05
ISIC_0028661,HAM_0006776,nv,3,9.834642e-06,2.9356434e-06,4.492318e-05,2.0258352e-05,0.00019801689,0.9996973,2.6707232e-05
ISIC_0026127,HAM_0000199,nv,3,7.217496e-05,4.4814453e-05,0.0062848045,0.000302979,0.00018812394,0.99290484,0.0002022221
ISIC_0027245,HAM_0006162,nv,3,1.1885544e-05,3.888935e-06,3.343163e-05,1.7634446e-05,0.00023399583,0.9996561,4.3095082e-05
ISIC_0027272,HAM_0004668,nv,3,3.538221e-05,5.6919944e-06,9.132745e-05,6.310642e-05,4.7057274e-05,0.99972206,3.5209865e-05
ISIC_0027940,HAM_0003436,nv,3,1.6812348e-05,2.9186963e-06,2.6604968e-05,8.0265985e-05,9.393214e-05,0.9997671,1.2506083e-05
ISIC_0028187,HAM_0006471,nv,3,0.00017589961,1.2569101e-05,0.0004691256,0.00027343817,2.9453246e-05,0.9989347,0.00010482951
ISIC_0030330,HAM_0002399,nv,3,2.0603142e-05,9.0537405e-06,0.00026086884,0.00033796046,0.00026254603,0.9989961,0.00011291276
ISIC_0029852,HAM_0002444,nv,3,6.759634e-06,3.8440085e-06,4.048809e-05,1.7110286e-05,0.00011855164,0.9997551,5.8195077e-05
ISIC_0028748,HAM_0005516,nv,3,1.3735688e-05,4.96503e-06,2.5461944e-05,3.5454126e-05,5.836841e-05,0.99979943,6.265074e-05
ISIC_0030987,HAM_0001254,nv,3,1.4089469e-05,5.254577e-06,7.182351e-05,2.9973404e-05,1.963785e-05,0.99983895,2.032067e-05
ISIC_0026535,HAM_0000691,nv,3,6.166906e-06,5.2748346e-06,2.377909e-05,4.508074e-05,9.164828e-05,0.9997805,4.7684545e-05
ISIC_0024399,HAM_0004064,nv,3,1.9237012e-05,5.565583e-06,3.253208e-05,0.00011746757,0.0010564775,0.9987482,2.0437736e-05
ISIC_0026338,HAM_0000905,nv,3,2.7018486e-05,4.537343e-06,0.0002303472,3.0705785e-05,4.4589477e-05,0.99956554,9.724981e-05
ISIC_0024603,HAM_0006141,nv,3,7.154307e-06,2.3317539e-06,2.0742144e-05,2.1337966e-05,6.829374e-05,0.99986017,1.9889172e-05
ISIC_0026387,HAM_0003240,nv,3,1.5708809e-05,2.1056103e-05,0.00021157159,0.00026783138,4.6351466e-05,0.9992582,0.00017920812
ISIC_0027296,HAM_0001746,nv,3,6.6424494e-05,3.7626418e-05,0.00011134877,0.00026894404,0.0045134434,0.9938554,0.0011467632
ISIC_0032416,HAM_0003347,nv,3,2.9126437e-05,1.5288717e-05,0.00010748059,0.005896965,5.263825e-05,0.9936559,0.00024268481
ISIC_0025480,HAM_0006990,nv,3,2.3894689e-05,6.9063776e-06,7.871194e-05,5.1156356e-05,1.7931285e-05,0.9997472,7.425056e-05
ISIC_0029622,HAM_0004276,nv,3,2.1061285e-05,0.0004005141,0.00016341038,0.0010900401,0.00017108544,0.997554,0.00059992325
ISIC_0025896,HAM_0005922,nv,3,1.8902423e-05,3.5760222e-06,9.206936e-05,4.7799946e-05,4.0369687e-05,0.99975616,4.112573e-05
ISIC_0029478,HAM_0002937,nv,3,1.230133e-05,2.434132e-06,4.0413368e-05,1.20869845e-05,3.8506256e-05,0.9998609,3.3503857e-05
ISIC_0026392,HAM_0004305,nv,3,9.0081285e-06,2.67322e-06,2.2208415e-05,4.6105855e-05,9.322738e-05,0.99980444,2.236075e-05
ISIC_0032264,HAM_0006814,nv,3,0.0026458958,0.0009512869,0.010259809,0.040213432,0.00018298025,0.94062525,0.005121309
ISIC_0028394,HAM_0004684,nv,3,7.6009e-06,3.101179e-06,3.1046722e-05,2.195102e-05,4.8605438e-05,0.99986553,2.2209771e-05
ISIC_0031551,HAM_0001674,nv,3,1.2802781e-05,3.2497194e-06,4.4143926e-05,6.827137e-05,2.2360135e-05,0.9997769,7.230285e-05
ISIC_0031608,HAM_0004816,nv,3,1.0991632e-05,2.9181865e-06,1.739388e-05,3.6287383e-05,0.00028598038,0.9995925,5.3918102e-05
ISIC_0024953,HAM_0000252,nv,3,2.6216065e-05,1.0530365e-05,6.3973064e-05,4.7101734e-05,0.00013667242,0.99968994,2.5608768e-05
ISIC_0028506,HAM_0006838,nv,3,1.7089264e-05,3.8851224e-05,8.387024e-05,4.7694575e-05,0.00014427933,0.99950254,0.00016570001
ISIC_0025858,HAM_0007473,nv,3,6.220352e-05,7.4074187e-06,0.00012280374,0.00022573283,2.8927325e-05,0.9994716,8.136673e-05
ISIC_0024844,HAM_0007217,nv,3,5.7370158e-05,1.8826517e-05,0.00048530524,0.00030052473,3.1161166e-05,0.99866295,0.00044392995
ISIC_0027391,HAM_0000037,nv,3,1.6761442e-05,5.2127752e-06,1.9749805e-05,4.0801933e-05,0.00021736568,0.9996643,3.58672e-05
ISIC_0031264,HAM_0006227,nv,3,1.6323434e-05,4.1393196e-06,1.990247e-05,3.6285925e-05,0.00033531242,0.9995522,3.5688492e-05
ISIC_0031680,HAM_0003731,nv,3,1.1632624e-05,5.5487862e-06,1.7651237e-05,9.0079135e-05,0.00021357111,0.99963117,3.0320418e-05
ISIC_0027804,HAM_0005841,nv,3,2.3359766e-05,1.16774045e-05,4.645644e-05,4.650183e-05,0.0021400687,0.99761677,0.00011520558
ISIC_0031828,HAM_0005788,nv,3,0.00015690159,2.1027963e-05,0.00064056914,0.00011913153,0.12662409,0.8721055,0.00033281004
ISIC_0025445,HAM_0007536,nv,3,1.940188e-05,5.9986937e-06,4.0953622e-05,9.653079e-05,0.00029158482,0.99946886,7.669846e-05
ISIC_0029586,HAM_0003864,nv,3,4.086575e-05,4.3247215e-05,0.00045443734,0.00064410426,1.7405333e-05,0.9982988,0.00050116994
ISIC_0027059,HAM_0007628,nv,3,2.2052396e-05,7.4664035e-06,0.0001257923,0.00018394506,1.6629772e-05,0.99959046,5.362917e-05
ISIC_0024549,HAM_0002385,nv,3,0.0003953094,8.485511e-06,0.00015932998,0.00059589784,0.000106760366,0.9986318,0.00010237009
ISIC_0032452,HAM_0002739,nv,3,9.184411e-05,1.3571654e-05,0.00014204271,5.505727e-05,0.0001466232,0.9995041,4.6726498e-05
ISIC_0030100,HAM_0002694,nv,3,3.792072e-05,2.1989737e-05,0.0018289079,8.63786e-05,0.00012543489,0.9977241,0.00017525806
ISIC_0024335,HAM_0004431,nv,3,1.9813942e-05,6.0547254e-06,1.7214654e-05,6.9665846e-05,0.0008608069,0.99900085,2.5541181e-05
ISIC_0024785,HAM_0004926,nv,3,1.4336436e-05,5.192313e-06,2.0778069e-05,0.000104829654,0.00019464993,0.9996375,2.2642655e-05
ISIC_0029631,HAM_0003170,nv,3,7.4489144e-05,5.732778e-06,0.00015532452,4.311101e-05,0.0006197435,0.9990495,5.2154377e-05
ISIC_0029754,HAM_0000389,nv,3,8.331587e-06,2.3000816e-06,4.2228734e-05,2.3503828e-05,4.3431155e-05,0.9998559,2.4368617e-05
ISIC_0028176,HAM_0002950,nv,3,2.5433483e-05,1.1955406e-05,7.049894e-05,0.0001138181,4.2927124e-05,0.9996575,7.795905e-05
ISIC_0028181,HAM_0006777,nv,3,4.4633518e-05,5.2327155e-06,0.00010466659,8.399937e-05,0.0001171066,0.99957615,6.815775e-05
ISIC_0026196,HAM_0006632,nv,3,1.8555033e-05,3.6323568e-06,8.307672e-05,2.345576e-05,7.1180824e-05,0.99976176,3.8333605e-05
ISIC_0025306,HAM_0005271,nv,3,1.40758675e-05,3.7333778e-06,5.012307e-05,1.9183148e-05,2.624587e-05,0.9998497,3.6976482e-05
ISIC_0026356,HAM_0001039,nv,3,8.56129e-06,1.823076e-05,6.590844e-05,1.96353e-05,7.7469755e-05,0.99970907,0.000101113634
ISIC_0027555,HAM_0003503,nv,3,1.7391227e-05,5.377038e-06,1.9477251e-05,2.6909767e-05,0.0024058374,0.9974897,3.5337696e-05
ISIC_0024993,HAM_0000147,nv,3,1.997944e-05,1.9027317e-05,5.8952675e-05,6.6541696e-05,0.0041409815,0.9956091,8.544123e-05
ISIC_0027619,HAM_0006286,nv,3,4.1117335e-05,2.4238934e-06,6.895951e-05,6.1064915e-05,0.0002370765,0.9995521,3.7328235e-05
ISIC_0030438,HAM_0006206,nv,3,1.91814e-05,3.8817448e-06,7.410652e-05,4.601379e-05,4.7706795e-05,0.99975866,5.038842e-05
ISIC_0030939,HAM_0004045,nv,3,1.1817211e-05,5.658897e-06,6.642806e-05,4.386342e-05,7.634632e-05,0.9997497,4.6193465e-05
ISIC_0031179,HAM_0001996,nv,3,2.1021979e-05,1.4279855e-05,7.3841155e-05,2.5731528e-05,5.474028e-05,0.9995894,0.00022096086
ISIC_0029990,HAM_0002858,nv,3,1.17698455e-05,1.0821734e-05,2.3111852e-05,4.1040705e-05,0.00018856951,0.99963975,8.491197e-05
ISIC_0026662,HAM_0005140,nv,3,3.1347914e-05,1.4692471e-05,0.00034396278,0.000580618,2.6449197e-05,0.9987785,0.00022445014
ISIC_0028013,HAM_0007363,nv,3,0.00010445238,4.527e-06,0.00013980313,0.00042519163,4.212023e-05,0.9992367,4.7310827e-05
ISIC_0030506,HAM_0000384,nv,3,3.39889e-05,1.0508726e-05,5.7704252e-05,0.00010327157,0.00012103182,0.99958605,8.7389046e-05
ISIC_0032122,HAM_0000018,nv,3,7.9031115e-06,2.3915557e-06,6.4183034e-05,1.826793e-05,4.803568e-05,0.9997929,6.642283e-05
ISIC_0029131,HAM_0006985,nv,3,3.9645456e-05,1.2329658e-05,0.00015588474,6.796812e-05,0.00043442324,0.9992317,5.790957e-05
ISIC_0029304,HAM_0001955,nv,3,9.815833e-06,3.5136413e-06,3.960741e-05,3.6720405e-05,0.00013936171,0.99973613,3.4970486e-05
ISIC_0029228,HAM_0003492,nv,3,1.4848363e-05,1.9177716e-05,0.00011144314,0.00011430899,0.00016486323,0.9956697,0.0039055555
ISIC_0027243,HAM_0007288,nv,3,8.361447e-06,6.6533194e-06,0.000109670895,1.1722642e-05,0.0003058947,0.99952734,3.040622e-05
ISIC_0031073,HAM_0001800,nv,3,2.4052346e-05,7.672592e-06,0.0001961352,0.00010391896,2.3725743e-05,0.99948764,0.00015693675
ISIC_0029325,HAM_0000026,nv,3,1.8194116e-05,8.07359e-06,0.00018306002,4.8642454e-05,2.7715636e-05,0.99965024,6.403303e-05
ISIC_0024766,HAM_0004386,nv,3,1.4850324e-05,6.6414764e-06,8.250555e-05,7.600767e-05,2.0617634e-05,0.99969876,0.0001005464
ISIC_0027923,HAM_0003643,nv,3,2.059515e-05,4.3296436e-06,6.719996e-05,7.795333e-05,0.00021803916,0.99958414,2.7767985e-05
ISIC_0025163,HAM_0002320,nv,3,4.0180294e-05,1.576559e-05,8.084998e-05,0.0003647075,0.00023589723,0.9989604,0.00030223324
ISIC_0025280,HAM_0001583,nv,3,4.411867e-05,2.491809e-05,0.00011916814,3.6149544e-05,5.1680792e-05,0.9996929,3.1102052e-05
ISIC_0029321,HAM_0007162,nv,3,1.8626139e-05,2.595717e-06,0.00017581617,2.3823193e-05,8.250403e-05,0.9996804,1.623015e-05
ISIC_0030419,HAM_0005063,nv,3,1.1432797e-05,2.8625723e-06,2.0722347e-05,2.0925707e-05,3.2111075e-05,0.99988186,3.0003977e-05
ISIC_0031274,HAM_0006305,nv,3,2.0323832e-05,6.370245e-06,2.3210545e-05,7.149351e-05,0.0007746561,0.99901843,8.556653e-05
ISIC_0031780,HAM_0005167,nv,3,3.9705494e-05,1.0088261e-05,7.7323166e-05,3.2091753e-05,4.4860608e-05,0.9997682,2.7773098e-05
ISIC_0025895,HAM_0000478,nv,3,8.954649e-06,7.964431e-06,6.036298e-05,4.4422024e-05,6.077703e-05,0.9997092,0.00010826744
ISIC_0030454,HAM_0001267,nv,3,2.0082363e-05,1.8500737e-05,5.4536238e-05,0.00057864067,4.5924113e-05,0.9987852,0.0004971174
ISIC_0030201,HAM_0005638,nv,3,7.5555863e-06,4.573753e-06,2.0378384e-05,6.263207e-05,0.00013517424,0.9997454,2.4294644e-05
ISIC_0028125,HAM_0003604,nv,3,1.2121168e-05,6.3998946e-06,7.436e-05,4.6126108e-05,6.403976e-05,0.9997553,4.1569852e-05
ISIC_0031516,HAM_0003499,nv,3,3.422508e-05,1.0448258e-05,0.00011420976,6.626111e-05,6.7337445e-05,0.9996748,3.26578e-05
ISIC_0029506,HAM_0005497,nv,3,7.0687514e-05,8.295316e-06,0.0019068174,3.6887708e-05,0.00046762812,0.9974492,6.046224e-05
ISIC_0027511,HAM_0005897,nv,3,2.220616e-05,2.1861888e-05,9.778701e-05,3.9240356e-05,6.388026e-05,0.999703,5.208666e-05
ISIC_0024354,HAM_0004117,nv,3,3.441077e-05,4.1184296e-05,0.00050172745,6.384981e-05,1.3998574e-05,0.99922645,0.000118301075
ISIC_0031616,HAM_0002071,nv,3,4.0085088e-05,2.1857828e-05,0.00014676843,0.00013507743,9.762574e-05,0.99951744,4.115608e-05
ISIC_0027342,HAM_0000510,nv,3,6.8729125e-05,8.971386e-06,9.9805155e-05,5.810224e-05,9.8498e-05,0.9996234,4.2425563e-05
ISIC_0025802,HAM_0001199,nv,3,4.6964706e-05,1.7566574e-05,7.295377e-05,5.90221e-05,1.8736078e-05,0.9997061,7.872793e-05
ISIC_0024384,HAM_0001029,nv,3,2.6930855e-05,9.003105e-06,0.00053828594,9.561814e-05,4.514476e-05,0.99924684,3.812724e-05
ISIC_0028002,HAM_0002168,nv,3,7.045243e-05,0.0002276454,0.00082349364,0.0004547209,5.5515175e-05,0.9980228,0.000345427
ISIC_0024954,HAM_0006175,nv,3,3.0977546e-05,7.2934267e-06,0.00012484354,3.4456854e-05,0.00017896664,0.9995881,3.5446632e-05
ISIC_0024326,HAM_0001812,nv,3,1.3026682e-05,9.474844e-06,2.9270203e-05,5.522058e-05,0.00018571742,0.99953616,0.00017111178
ISIC_0030601,HAM_0004488,nv,3,4.1875257e-05,8.67527e-06,0.0005166628,6.511151e-05,3.0338864e-05,0.999263,7.4287105e-05
ISIC_0031873,HAM_0004362,nv,3,8.56181e-06,1.0634553e-05,3.3730597e-05,7.030061e-05,3.1686966e-05,0.99976987,7.529276e-05
ISIC_0029765,HAM_0005348,nv,3,1.8285897e-05,3.1070356e-06,8.880041e-05,3.74653e-05,3.196763e-05,0.9997992,2.1232734e-05
ISIC_0029552,HAM_0005477,nv,3,2.137335e-05,1.3167738e-05,0.0005141755,0.0005409603,0.00010928736,0.99858826,0.00021277611
ISIC_0028657,HAM_0006597,nv,3,7.555329e-06,5.5818414e-06,3.5381832e-05,4.6282e-05,1.8517894e-05,0.99971133,0.00017535008
ISIC_0031628,HAM_0001315,nv,3,7.642572e-05,6.763325e-06,0.00031868115,6.69206e-05,0.0011263628,0.9983492,5.5696266e-05
ISIC_0027078,HAM_0001660,nv,3,1.6056236e-05,4.8398256e-06,0.000112656075,2.712651e-05,3.5657125e-05,0.9996494,0.00015421773
ISIC_0032000,HAM_0004688,nv,3,2.4128412e-05,6.7461774e-06,8.2910774e-05,9.296909e-05,3.5555167e-05,0.9997155,4.218159e-05
ISIC_0031425,HAM_0007087,nv,3,1.593115e-05,6.6281323e-06,2.302177e-05,9.530617e-05,0.0001677583,0.9996407,5.0579667e-05
ISIC_0029734,HAM_0003537,nv,3,1.2050219e-05,5.6810136e-06,8.5503336e-05,3.4160672e-05,8.927918e-05,0.9997441,2.9105257e-05
ISIC_0030217,HAM_0002137,nv,3,2.7894008e-05,5.644917e-06,0.00043251747,7.270568e-05,0.00017254835,0.99922967,5.9167058e-05
ISIC_0026938,HAM_0001929,nv,3,2.7872027e-05,4.7636872e-06,0.00014451388,7.393672e-05,0.00012406276,0.9994179,0.00020696866
ISIC_0026146,HAM_0006888,nv,3,1.2478428e-05,1.06942325e-05,0.00017557116,0.00018891299,2.2706115e-05,0.9995066,8.309608e-05
ISIC_0029842,HAM_0006865,nv,3,8.5108395e-06,7.251326e-06,4.664252e-05,4.3390777e-05,9.556414e-05,0.9996582,0.00014046095
ISIC_0025572,HAM_0003268,nv,3,0.00012614662,1.9045292e-05,0.0006894755,0.00044104806,9.786007e-05,0.99849796,0.00012850908
ISIC_0025535,HAM_0001268,nv,3,4.306811e-05,2.9509251e-06,0.00012857762,1.4216229e-05,0.0007537702,0.9990305,2.6977666e-05
ISIC_0030696,HAM_0003796,nv,3,7.1865834e-05,2.8005983e-05,0.00038201318,9.997089e-05,3.57503e-05,0.9993297,5.273243e-05
ISIC_0030030,HAM_0007382,nv,3,0.00042502538,6.4357504e-05,0.0002621064,0.0002479151,0.0015684025,0.9973839,4.829578e-05
ISIC_0029923,HAM_0000870,nv,3,3.4344397e-05,2.3102813e-05,0.00039037308,0.000104555715,1.767898e-05,0.9982735,0.0011563692
ISIC_0025342,HAM_0005293,nv,3,0.0002783893,0.014043556,0.00031762023,0.0010118623,0.00013674023,0.9835683,0.000643493
ISIC_0028471,HAM_0004085,nv,3,2.1555628e-05,1.1719591e-05,0.00016818765,8.575517e-05,0.000148027,0.9992673,0.0002975481
ISIC_0031098,HAM_0006504,nv,3,5.474524e-06,3.174606e-06,4.2145206e-05,3.5162095e-05,3.1611573e-05,0.9998292,5.3159605e-05
ISIC_0028799,HAM_0001727,nv,3,1.5513671e-05,8.961106e-06,2.3609371e-05,0.0004213566,0.00094954186,0.998478,0.00010310674
ISIC_0031246,HAM_0003538,nv,3,1.0440213e-05,1.3442824e-06,2.0581158e-05,1.6392712e-05,5.7601625e-05,0.999881,1.2568728e-05
ISIC_0031899,HAM_0002437,nv,3,9.912636e-06,5.463597e-06,3.8635135e-05,8.897812e-05,2.6065363e-05,0.9997843,4.6648398e-05
ISIC_0026542,HAM_0006929,nv,3,0.00010370263,1.2217332e-05,0.0016687795,9.7800905e-05,0.00013927485,0.9978942,8.406301e-05
ISIC_0030098,HAM_0003975,nv,3,1.2828828e-05,3.625612e-06,2.3595829e-05,3.824375e-05,4.775807e-05,0.99985623,1.7776314e-05
ISIC_0026381,HAM_0002274,nv,3,1.1999266e-05,0.00013219257,4.5595385e-05,9.5307754e-05,6.898361e-05,0.99941325,0.00023262904
ISIC_0031283,HAM_0000411,nv,3,9.55176e-06,2.1903672e-06,2.8838343e-05,1.5174494e-05,0.00011405785,0.9998086,2.1630583e-05
ISIC_0029256,HAM_0001783,nv,3,2.2822087e-05,5.4846187e-06,2.9476349e-05,2.2956203e-05,0.00017407167,0.99971825,2.689099e-05
ISIC_0029124,HAM_0001626,nv,3,0.0001810199,2.3525377e-05,0.00037347464,5.8912217e-05,0.00033213466,0.99881977,0.00021111764
ISIC_0031936,HAM_0002077,nv,3,1.793253e-05,3.1745662e-06,2.262461e-05,3.234502e-05,8.886432e-05,0.9998167,1.8411647e-05
ISIC_0027499,HAM_0001070,nv,3,9.971328e-06,2.4056947e-06,3.538597e-05,2.9943827e-05,7.238826e-05,0.9998282,2.1758126e-05
ISIC_0029244,HAM_0004315,nv,3,5.659122e-06,9.495775e-06,2.0781228e-05,2.5288231e-05,8.232189e-05,0.99978954,6.691905e-05
ISIC_0027424,HAM_0002840,nv,3,1.1474167e-05,7.3076835e-06,0.00012041309,6.2454244e-05,9.835031e-05,0.9995877,0.00011229215
ISIC_0030040,HAM_0003543,nv,3,9.587788e-06,4.555565e-06,3.4831748e-05,1.8088129e-05,0.00021599089,0.99966717,4.9772512e-05
ISIC_0029280,HAM_0006674,nv,3,0.0013973041,0.000105716084,0.014453991,0.0019835467,0.0010645712,0.9802106,0.00078419945
ISIC_0026073,HAM_0002751,nv,3,3.891779e-05,9.371033e-06,7.165071e-05,4.1589912e-05,0.022710714,0.97706735,6.0394897e-05
ISIC_0032229,HAM_0002849,nv,3,1.5223373e-05,5.9383174e-06,2.7836488e-05,0.00058251986,0.00020279335,0.99911875,4.693711e-05
ISIC_0026863,HAM_0002822,nv,3,0.0018486934,0.026889214,0.007376271,0.00097039493,0.00485641,0.86854804,0.08951104
ISIC_0026703,HAM_0005290,nv,3,6.2265735e-06,3.8888875e-06,3.7422917e-05,8.661642e-06,0.00025837502,0.9996438,4.1484116e-05
ISIC_0028199,HAM_0005460,nv,3,1.1034379e-05,1.0145512e-05,5.9360736e-05,7.248213e-05,1.8587702e-05,0.9995678,0.0002606361
ISIC_0026238,HAM_0001375,nv,3,0.00021508009,0.00016931359,0.002221574,0.0029045616,0.00010209392,0.99399453,0.00039289778
ISIC_0025864,HAM_0005630,nv,3,1.4057305e-05,3.3193958e-06,5.486955e-05,1.9045923e-05,0.00037957059,0.9995067,2.2397795e-05
ISIC_0032319,HAM_0002352,nv,3,8.396729e-06,2.127176e-06,2.1652218e-05,2.2558761e-05,9.35263e-05,0.9998317,2.0025029e-05
ISIC_0031886,HAM_0006949,nv,3,1.3130572e-05,8.815449e-06,7.1470095e-05,0.00010677977,2.2687595e-05,0.99966717,0.00011000806
ISIC_0025688,HAM_0007612,nv,3,9.3182665e-05,1.2524989e-05,0.00024821566,0.0001464538,0.0001217707,0.9993248,5.314576e-05
ISIC_0031509,HAM_0000560,nv,3,8.186072e-06,2.037674e-06,3.3274053e-05,2.4727176e-05,9.205222e-05,0.9998142,2.5586953e-05
ISIC_0030948,HAM_0001255,nv,3,7.4360305e-06,2.0292337e-05,1.5498017e-05,8.06506e-05,0.000111128014,0.9994205,0.0003445622
ISIC_0032332,HAM_0004449,nv,3,1.202711e-05,2.94737e-06,3.34357e-05,7.55327e-05,6.703272e-05,0.99977773,3.122643e-05
ISIC_0024487,HAM_0007053,nv,3,8.902827e-06,5.1727275e-06,2.1948805e-05,3.897543e-05,0.00013127402,0.9997646,2.9105853e-05
ISIC_0031316,HAM_0006089,nv,3,9.720685e-06,4.347359e-06,0.00010044841,3.2981137e-05,4.2039577e-05,0.99976116,4.936571e-05
ISIC_0025273,HAM_0004840,nv,3,5.8575202e-05,1.9165735e-05,0.00033429058,0.0020608183,7.233073e-05,0.99699295,0.0004617995
ISIC_0031458,HAM_0007561,nv,3,1.1771957e-05,3.7552022e-06,7.008129e-05,2.3138582e-05,2.586342e-05,0.9998191,4.6309593e-05
ISIC_0031962,HAM_0001092,nv,3,4.579885e-05,1.4495934e-05,0.00048962684,0.00018291554,5.396423e-05,0.9989832,0.00022993216
ISIC_0032299,HAM_0002090,nv,3,2.1461994e-05,4.288479e-06,4.6331166e-05,6.996004e-05,2.7396747e-05,0.99979657,3.3996057e-05
ISIC_0029005,HAM_0007318,nv,3,5.869283e-05,1.6717535e-05,0.00043020456,0.00028636822,7.7755365e-05,0.998995,0.00013527076
ISIC_0029292,HAM_0004295,nv,3,1.5925976e-05,6.9168955e-06,4.8626192e-05,4.0509847e-05,0.00054254534,0.9993161,2.943573e-05
ISIC_0027914,HAM_0001187,nv,3,1.4165369e-05,5.9050044e-06,0.0005619789,1.7767356e-05,1.81001e-05,0.9993524,2.969666e-05
ISIC_0031605,HAM_0000972,nv,3,1.3443358e-05,2.736932e-05,7.8579455e-05,2.8851358e-05,4.16518e-05,0.99977154,3.8521615e-05
ISIC_0026636,HAM_0005222,nv,3,7.321672e-06,6.9049943e-06,2.4793097e-05,2.1165279e-05,0.0003614966,0.99954695,3.1249725e-05
ISIC_0026801,HAM_0007417,nv,3,4.1848896e-05,1.6039927e-05,8.781887e-05,8.603624e-05,0.0010089673,0.9986339,0.00012524312
ISIC_0030720,HAM_0002663,nv,3,3.593859e-05,3.5688427e-06,4.3223394e-05,0.00011105055,7.80385e-05,0.9996996,2.8541035e-05
ISIC_0029716,HAM_0000098,nv,3,1.4968656e-05,2.0021862e-06,3.15189e-05,3.3502583e-05,7.248292e-05,0.9998229,2.266898e-05
ISIC_0031232,HAM_0004644,nv,3,2.5138583e-05,2.4385315e-06,9.696784e-05,4.2263975e-05,0.00010074449,0.9997136,1.8809551e-05
ISIC_0031027,HAM_0006499,nv,3,6.584993e-06,3.0444153e-06,1.2029143e-05,1.0698942e-05,0.00097159005,0.99897075,2.5193605e-05
ISIC_0024385,HAM_0006164,nv,3,5.2069183e-05,0.00096771406,8.247822e-05,0.00016775342,0.00018103079,0.99839216,0.00015682215
ISIC_0027096,HAM_0000656,nv,3,2.1943504e-05,5.78048e-06,2.9847119e-05,3.6569454e-05,0.00034560866,0.99952316,3.7036672e-05
ISIC_0028296,HAM_0006365,nv,3,3.5443187e-05,3.6598542e-06,4.6589194e-05,0.00010326175,0.0002979237,0.999491,2.2071747e-05
ISIC_0027079,HAM_0000246,nv,3,9.53366e-06,4.3478112e-06,4.2936037e-05,2.645213e-05,3.9361865e-05,0.99986506,1.2289374e-05
ISIC_0030364,HAM_0001709,nv,3,5.7676854e-05,2.9458455e-05,0.013705591,0.00027115957,7.052927e-05,0.9855446,0.0003209112
ISIC_0028838,HAM_0004541,nv,3,4.1081064e-05,3.7766167e-06,8.970739e-05,0.00015848261,3.2276403e-05,0.9996462,2.84005e-05
ISIC_0029376,HAM_0002637,nv,3,1.7311342e-05,2.3268747e-06,0.00018502715,2.4057905e-05,2.188359e-05,0.9997186,3.0710486e-05
ISIC_0025497,HAM_0007006,nv,3,1.0951202e-05,3.4865684e-06,3.1441756e-05,2.3502836e-05,8.984298e-05,0.99981374,2.7104488e-05
ISIC_0029939,HAM_0001557,nv,3,2.7145918e-05,1.0527186e-05,0.00014589209,3.280824e-05,0.00024265879,0.9993881,0.00015293094
ISIC_0028575,HAM_0003528,nv,3,1.6303635e-05,4.3116042e-06,3.61712e-05,4.6083303e-05,0.0005462665,0.9993154,3.547158e-05
ISIC_0029971,HAM_0004459,nv,3,1.5682712e-05,4.773624e-06,7.44536e-05,2.3404997e-05,0.00025571478,0.9995484,7.760873e-05
ISIC_0027280,HAM_0005618,nv,3,5.51674e-05,4.05193e-05,0.00012383696,4.7930265e-05,0.00011464237,0.9995492,6.872402e-05
ISIC_0029429,HAM_0003794,nv,3,1.4141168e-05,4.590965e-06,0.00024188097,3.729342e-05,7.820201e-05,0.99959546,2.8371338e-05
ISIC_0027862,HAM_0007271,nv,3,5.656916e-06,2.814504e-05,3.204861e-05,0.0001226152,0.00024012747,0.9993998,0.0001716428
ISIC_0026837,HAM_0007481,nv,3,1.4779357e-05,3.466121e-06,7.111344e-05,4.1591647e-05,3.726431e-05,0.9997912,4.064802e-05
ISIC_0030353,HAM_0000737,nv,3,1.9692412e-05,4.8874895e-06,0.00013816028,7.807538e-05,4.888219e-05,0.99968386,2.6499038e-05
ISIC_0030266,HAM_0007458,nv,3,0.0029365846,9.390217e-05,0.0016474759,0.00923386,0.00077480014,0.9846741,0.00063920306
ISIC_0032172,HAM_0007517,nv,3,0.00028089987,0.00015467382,0.0010563589,0.0008191857,9.217974e-05,0.99729604,0.00030077354
ISIC_0030424,HAM_0006452,nv,3,1.1476134e-05,2.947315e-06,2.3432802e-05,1.9106626e-05,0.000120669174,0.999759,6.337122e-05
ISIC_0031804,HAM_0005441,nv,3,9.738382e-05,7.2641915e-06,0.00015607549,0.00013963217,3.2051114e-05,0.9994778,8.984569e-05
ISIC_0028841,HAM_0007143,nv,3,1.3261227e-05,5.0927265e-06,4.7895628e-05,5.791437e-05,2.1546126e-05,0.99980277,5.1459832e-05
ISIC_0025385,HAM_0000596,nv,3,1.5895701e-05,1.0506417e-05,5.934878e-05,0.00010309775,0.00038587052,0.99936646,5.8944457e-05
ISIC_0024927,HAM_0002964,nv,3,1.5248616e-05,2.5161528e-06,5.414029e-05,2.8488166e-05,7.356867e-05,0.9997986,2.7450365e-05
ISIC_0026289,HAM_0005233,nv,3,2.0400497e-05,7.519596e-06,1.8502447e-05,0.00012743298,0.00091710634,0.99887747,3.162778e-05
ISIC_0030161,HAM_0000622,nv,3,9.868725e-06,4.5983556e-06,2.6487563e-05,2.8140848e-05,0.00064676814,0.99925095,3.3190416e-05
ISIC_0025042,HAM_0004610,nv,3,4.9798484e-05,2.2227803e-05,0.00022079668,5.3844997e-05,0.04652887,0.9529898,0.00013457547
ISIC_0024768,HAM_0003024,nv,3,0.013958102,0.00014817668,0.00856163,0.0046691047,0.0028468594,0.968556,0.0012602058
ISIC_0032131,HAM_0003173,nv,3,1.3803156e-05,2.6113264e-06,4.8793285e-05,4.6309473e-05,3.9379178e-05,0.9998165,3.255098e-05
ISIC_0028047,HAM_0002621,nv,3,2.3586737e-05,1.23567215e-05,9.0726775e-05,0.00010047443,8.196481e-05,0.999471,0.00021985854
ISIC_0025486,HAM_0006784,nv,3,9.532349e-06,6.1425385e-06,2.6448492e-05,0.0001151608,8.758299e-05,0.99972755,2.7609718e-05
ISIC_0029737,HAM_0000515,nv,3,0.00018573907,1.3438477e-05,8.669359e-05,8.7887e-05,0.00014356307,0.9994086,7.400826e-05
ISIC_0026990,HAM_0000568,nv,3,1.0167767e-05,2.3822624e-06,2.8239081e-05,9.588207e-05,4.0648614e-05,0.99980575,1.7011182e-05
ISIC_0028366,HAM_0002435,nv,3,2.0822257e-05,3.5207665e-06,4.449158e-05,5.4832562e-05,3.2218664e-05,0.99980885,3.524733e-05
ISIC_0027870,HAM_0005129,nv,3,0.00010224086,6.3971147e-06,8.856854e-05,0.00028832103,0.00014825199,0.9993211,4.510405e-05
ISIC_0025212,HAM_0003474,nv,3,4.2431922e-05,1.782699e-05,0.00068414817,0.0001446712,0.00018621556,0.9987974,0.00012729838
ISIC_0027516,HAM_0001685,nv,3,1.9187952e-05,0.00012150867,0.0009427619,0.00024212127,5.4661385e-05,0.9981487,0.0004710509
ISIC_0024350,HAM_0006264,nv,3,7.1961435e-06,4.700947e-06,3.485449e-05,3.4837478e-05,1.8465942e-05,0.99983156,6.846707e-05
ISIC_0024526,HAM_0000290,nv,3,8.027029e-06,6.852485e-06,4.3969587e-05,3.643427e-05,0.00012661048,0.9997259,5.2215175e-05
ISIC_0029908,HAM_0001646,nv,3,1.3781173e-05,1.438624e-05,0.000109996865,0.00051210914,5.0261973e-05,0.99919945,0.00010000669
ISIC_0029658,HAM_0005593,nv,3,2.1609325e-05,3.1131185e-06,2.1588234e-05,5.9898786e-05,5.7100027e-05,0.99980193,3.4700628e-05
ISIC_0031740,HAM_0005934,nv,3,0.00013577152,2.6039286e-05,0.00016963172,0.0001097366,0.0024564716,0.9968352,0.00026725934
ISIC_0031375,HAM_0000127,nv,3,7.764491e-06,8.781154e-06,7.039701e-05,7.8725505e-05,4.0405866e-05,0.9996754,0.00011844093
ISIC_0028532,HAM_0002041,nv,3,3.3208653e-05,3.590176e-06,4.796571e-05,6.113974e-05,4.0450384e-05,0.9998,1.3668791e-05
ISIC_0031751,HAM_0006858,nv,3,0.00012995792,1.5228483e-05,0.00019879206,2.8842198e-05,0.00014010693,0.9994541,3.300322e-05
ISIC_0032346,HAM_0001171,nv,3,5.4028576e-05,1.0321609e-05,0.00013959312,6.158218e-05,0.00043525794,0.99919814,0.00010103729
ISIC_0028475,HAM_0006897,nv,3,8.561345e-06,4.9452583e-06,8.356106e-05,4.3055574e-05,7.940428e-05,0.9997155,6.50139e-05
ISIC_0026723,HAM_0001549,nv,3,1.2432795e-05,9.403114e-06,3.8295704e-05,2.491949e-05,4.5366385e-05,0.9997491,0.000120447236
ISIC_0026776,HAM_0004751,nv,3,1.8792498e-05,2.6420198e-06,4.27234e-05,0.00010231312,2.509128e-05,0.9997832,2.5337511e-05
ISIC_0025055,HAM_0006660,nv,3,1.813758e-05,4.9779455e-06,0.00010879768,2.2838663e-05,0.0012715425,0.99849224,8.1366416e-05
ISIC_0030090,HAM_0005756,nv,3,1.2504478e-05,1.1208941e-05,3.0439322e-05,2.8069415e-05,0.00022175543,0.9996388,5.7146495e-05
ISIC_0032001,HAM_0003019,nv,3,7.734711e-06,3.7843508e-06,6.386695e-05,4.898045e-05,4.8908758e-05,0.9997389,8.776592e-05
ISIC_0028037,HAM_0001868,nv,3,2.1473767e-05,2.7194394e-06,3.4685585e-05,3.5961788e-05,0.00051319716,0.9993685,2.3469442e-05
ISIC_0028286,HAM_0005470,nv,3,8.990571e-06,4.172846e-06,2.9797324e-05,1.5686759e-05,6.106555e-05,0.99980646,7.385268e-05
ISIC_0026882,HAM_0001789,nv,3,3.6272177e-05,3.3639678e-06,4.8571797e-05,0.0003717417,0.00033111862,0.99917346,3.543193e-05
ISIC_0024440,HAM_0001879,nv,3,4.783646e-05,4.792283e-06,8.387366e-05,0.00019204145,9.49949e-05,0.9995433,3.3167722e-05
ISIC_0031484,HAM_0005930,nv,3,4.5194432e-05,1.7020378e-05,0.00024889436,7.502413e-05,0.00013218682,0.9993698,0.000111911926
ISIC_0027520,HAM_0002055,nv,3,1.4061188e-05,4.6641367e-06,5.0463506e-05,6.75753e-05,4.295348e-05,0.99978286,3.7482987e-05
ISIC_0027926,HAM_0006360,nv,3,2.9844796e-05,1.3308371e-05,0.00029551957,0.00013116804,3.220695e-05,0.9994454,5.253293e-05
ISIC_0031338,HAM_0005996,nv,3,2.0499476e-05,4.0841683e-06,4.310174e-05,3.5489167e-05,0.00199915,0.9978598,3.8000027e-05
ISIC_0030136,HAM_0001867,nv,3,2.5485413e-05,8.773186e-06,0.00020844364,6.5461725e-05,0.00080295734,0.99876827,0.00012052017
ISIC_0030112,HAM_0005152,nv,3,1.4171038e-05,6.5644526e-06,5.2395335e-05,2.3069353e-05,0.00013045769,0.99975234,2.0902571e-05
ISIC_0028783,HAM_0007326,nv,3,2.9018516e-05,8.233149e-06,8.508218e-05,7.077712e-05,9.326217e-05,0.9996892,2.4459914e-05
ISIC_0029403,HAM_0007506,nv,3,0.00013371595,1.7150147e-05,0.0002870435,0.00011617443,0.000102724014,0.9991529,0.00019032728
ISIC_0026408,HAM_0000271,nv,3,1.8718545e-05,2.3451898e-06,2.1692698e-05,2.5610214e-05,0.0001711269,0.9997464,1.404695e-05
ISIC_0029416,HAM_0005455,nv,3,5.8616633e-06,3.7771897e-06,2.0944392e-05,1.8357441e-05,0.00012260413,0.9997979,3.0593183e-05
ISIC_0026605,HAM_0006979,nv,3,6.49339e-05,2.2638653e-05,0.00017070252,0.00013428068,7.187527e-05,0.9994609,7.4738455e-05
ISIC_0024423,HAM_0006485,nv,3,1.3653972e-05,2.0816715e-06,4.8954236e-05,2.3454118e-05,0.00017220722,0.99969184,4.784357e-05
ISIC_0030430,HAM_0003185,nv,3,1.33128315e-05,7.903012e-06,6.501812e-05,3.4564597e-05,6.4354834e-05,0.99978036,3.4530858e-05
ISIC_0027011,HAM_0000307,nv,3,2.0395515e-05,5.1417082e-06,9.449229e-05,4.7420996e-05,1.630843e-05,0.9996093,0.00020699568
ISIC_0025737,HAM_0000091,nv,3,1.2300601e-05,3.8667777e-06,2.5462e-05,3.4329852e-05,0.00010240247,0.9998017,1.9985355e-05
ISIC_0028001,HAM_0005778,nv,3,1.0010177e-05,3.4526743e-06,7.030345e-05,1.5263695e-05,3.9110662e-05,0.9998104,5.1435105e-05
ISIC_0031576,HAM_0002195,nv,3,1.1912995e-05,1.6669279e-05,4.8140042e-05,0.00010722136,0.0056188363,0.9941677,2.9484947e-05
ISIC_0025760,HAM_0007015,nv,3,8.579017e-06,2.570862e-06,4.3313306e-05,1.3911526e-05,8.515604e-05,0.99982446,2.1950118e-05
ISIC_0028149,HAM_0004650,nv,3,1.7495147e-05,2.7465924e-06,3.3821718e-05,2.8066586e-05,0.0003593815,0.99953806,2.0374157e-05
ISIC_0029813,HAM_0007457,nv,3,4.783684e-05,8.728768e-06,0.0001306067,0.001969568,0.00012845633,0.99760085,0.00011397282
ISIC_0032506,HAM_0002917,nv,3,4.0196217e-05,1.7663622e-05,0.00021996754,0.0002247171,4.3760603e-05,0.9993563,9.746713e-05
ISIC_0028533,HAM_0001404,nv,3,1.4335261e-05,1.5805825e-05,8.185176e-05,0.00013967714,4.6866007e-05,0.9995555,0.0001458453
ISIC_0029996,HAM_0004001,nv,3,1.3003224e-05,5.172325e-06,5.566207e-05,8.069179e-05,3.3172484e-05,0.99968684,0.00012551874
ISIC_0026390,HAM_0004066,nv,3,1.121064e-05,5.3684294e-06,4.8388676e-05,5.3352567e-05,6.837238e-05,0.9997904,2.2935448e-05
ISIC_0028295,HAM_0007186,nv,3,1.2263545e-05,3.6678284e-06,7.747015e-05,4.292956e-05,3.6398284e-05,0.9997142,0.000113028414
ISIC_0032465,HAM_0004557,nv,3,2.2031898e-05,3.1931246e-05,0.000121541394,7.54852e-05,3.1344232e-05,0.999637,8.066807e-05
ISIC_0026288,HAM_0000932,nv,3,5.8995163e-05,3.6738402e-05,0.00023044318,0.00034203113,4.0349245e-05,0.9992499,4.1589432e-05
ISIC_0026121,HAM_0002415,nv,3,2.7719138e-05,4.372974e-06,7.966155e-05,5.922835e-05,1.8410909e-05,0.99977654,3.4028588e-05
ISIC_0030611,HAM_0001795,nv,3,1.0531488e-05,3.0232206e-06,2.0781374e-05,6.775795e-05,7.59131e-05,0.99979657,2.5387384e-05
ISIC_0027778,HAM_0006682,nv,3,1.4792757e-05,6.154506e-06,2.3204191e-05,0.00013297785,5.8107904e-05,0.9997209,4.3755193e-05
ISIC_0027860,HAM_0004900,nv,3,2.685908e-05,9.465326e-06,3.9079732e-05,5.8952777e-05,0.0031967848,0.9965836,8.519143e-05
ISIC_0027199,HAM_0006846,nv,3,0.0003016362,0.00013756071,0.006557228,0.004515523,0.00013023987,0.9856125,0.0027453306
ISIC_0025124,HAM_0004484,nv,3,2.6059648e-05,4.2257696e-05,0.00019359322,5.838323e-05,2.1646445e-05,0.99956506,9.2977796e-05
ISIC_0027565,HAM_0004733,nv,3,0.00010162333,1.6236938e-05,0.00056930573,5.3656426e-05,3.588278e-05,0.9991223,0.00010102962
ISIC_0028053,HAM_0002237,nv,3,0.0005471785,0.0006890018,0.0031835793,0.01502206,0.0278465,0.9495652,0.0031464894
ISIC_0028327,HAM_0000449,nv,3,2.32266e-05,1.8088895e-05,7.228033e-05,9.735884e-05,3.1530715e-05,0.9997094,4.80786e-05
ISIC_0030952,HAM_0003896,nv,3,1.5887492e-05,6.0243256e-06,5.2965122e-05,2.8965864e-05,4.1674422e-05,0.99982625,2.8212096e-05
ISIC_0027805,HAM_0003962,nv,3,1.0635025e-05,3.4124623e-06,1.8537894e-05,9.209718e-05,3.861743e-05,0.9998142,2.2448487e-05
ISIC_0029763,HAM_0005739,nv,3,0.0005375084,4.7969366e-05,0.00065969554,0.00016759311,3.9458526e-05,0.9984126,0.0001351919
ISIC_0027844,HAM_0004595,nv,3,1.7947925e-05,7.933293e-06,0.00014280058,4.69185e-05,4.16081e-05,0.9996984,4.437818e-05
ISIC_0028946,HAM_0003109,nv,3,1.5898995e-05,4.3465434e-06,2.4077912e-05,4.652484e-05,0.0003120947,0.9995735,2.3589157e-05
ISIC_0027986,HAM_0003725,nv,3,3.589823e-05,1.3257907e-05,0.00016006194,0.000112810274,5.918617e-05,0.9995524,6.6350134e-05
ISIC_0029069,HAM_0003792,nv,3,1.1037165e-05,5.453132e-06,2.7558397e-05,4.4709857e-05,5.9230933e-05,0.9998202,3.190592e-05
ISIC_0030257,HAM_0001370,nv,3,9.721168e-06,1.9598983e-05,3.416295e-05,5.0910417e-05,4.963404e-05,0.9998109,2.5239427e-05
ISIC_0031805,HAM_0005023,nv,3,1.049065e-05,3.2625715e-06,2.747771e-05,1.9014673e-05,8.955864e-05,0.99981767,3.250337e-05
ISIC_0029224,HAM_0006695,nv,3,1.671366e-05,5.953623e-06,8.297351e-05,7.956141e-05,3.510747e-05,0.99973935,4.029024e-05
ISIC_0028828,HAM_0002690,nv,3,1.764163e-05,3.5876162e-06,3.241625e-05,2.9717788e-05,0.0007954079,0.9990872,3.4005127e-05
ISIC_0026736,HAM_0001844,nv,3,1.1839998e-05,2.6470254e-06,0.0001293123,3.2215896e-05,6.0629663e-05,0.9997229,4.0486782e-05
ISIC_0027779,HAM_0001829,nv,3,1.7631786e-05,3.589118e-06,5.5407938e-05,3.2271855e-05,0.00034492815,0.9995054,4.0795447e-05
ISIC_0027630,HAM_0000108,nv,3,1.1980537e-05,5.2033315e-06,1.3722347e-05,3.5837205e-05,0.00010010386,0.9998042,2.88523e-05
ISIC_0025828,HAM_0006515,nv,3,1.2027002e-05,3.7623545e-06,2.1693184e-05,6.416582e-05,7.538464e-05,0.9997688,5.4138676e-05
ISIC_0029955,HAM_0003906,nv,3,1.0676389e-05,1.349622e-05,1.8628176e-05,3.722789e-05,2.7530661e-05,0.9997898,0.00010274558
ISIC_0027169,HAM_0003844,nv,3,8.579321e-06,2.268858e-06,2.9828027e-05,3.5874218e-05,4.5316057e-05,0.9998598,1.8340657e-05
ISIC_0025048,HAM_0005734,nv,3,1.5887346e-05,2.5260472e-06,5.327589e-05,3.730169e-05,3.275828e-05,0.9998171,4.1168416e-05
ISIC_0028341,HAM_0006804,nv,3,1.0950297e-05,3.5899282e-06,1.4792907e-05,5.2394218e-05,0.00016178004,0.999731,2.5410523e-05
ISIC_0027899,HAM_0005644,nv,3,3.4838853e-05,1.2253498e-05,4.9274808e-05,5.03449e-05,0.00091533305,0.9988952,4.2685457e-05
ISIC_0028315,HAM_0002516,nv,3,1.9028725e-05,9.8912715e-06,0.000108863,7.312286e-05,4.4808367e-05,0.9995797,0.00016457384
ISIC_0024942,HAM_0002220,nv,3,5.637182e-06,3.1621726e-06,1.9313988e-05,2.3826311e-05,6.3840394e-05,0.99981123,7.291247e-05
ISIC_0032262,HAM_0003061,nv,3,1.2530971e-05,3.3203764e-06,3.9959687e-05,4.6923364e-05,7.3622825e-05,0.99980205,2.1525082e-05
ISIC_0028234,HAM_0003618,nv,3,2.0719772e-05,1.02170425e-05,0.00013146554,3.1966298e-05,0.0027835409,0.9968329,0.00018919124
ISIC_0031689,HAM_0001478,nv,3,3.6735077e-05,8.407488e-06,0.00034008513,0.0001758533,0.00013945144,0.99915946,0.00014006563
ISIC_0028152,HAM_0004825,nv,3,1.04666315e-05,4.9634377e-06,0.000146387,0.00022859056,6.5030246e-05,0.99947876,6.576468e-05
ISIC_0025697,HAM_0003459,nv,3,7.267084e-06,3.4936015e-06,1.9296382e-05,2.5339858e-05,4.937137e-05,0.9998758,1.940978e-05
ISIC_0028439,HAM_0000684,nv,3,9.328641e-06,9.184013e-06,4.4722292e-05,2.0575579e-05,5.3630218e-05,0.99961,0.00025250448
ISIC_0031446,HAM_0002336,nv,3,0.00022598401,0.00014266558,0.0021388486,0.0030162598,0.00014892935,0.99267596,0.0016512615
ISIC_0025604,HAM_0004903,nv,3,2.6785272e-05,8.330167e-06,0.00011290794,4.696373e-05,3.8032387e-05,0.9996854,8.1583064e-05
ISIC_0027791,HAM_0005544,nv,3,0.00032945667,1.0284604e-05,0.00027580952,8.729733e-05,0.0035662889,0.99561584,0.00011497451
ISIC_0026031,HAM_0003261,nv,3,1.7209948e-05,4.2964634e-06,3.153053e-05,3.825658e-05,0.00013276064,0.9997036,7.2315204e-05
ISIC_0031409,HAM_0003403,nv,3,1.2481203e-05,7.4674376e-06,3.184076e-05,0.00010533633,4.708057e-05,0.99972886,6.688232e-05
ISIC_0032217,HAM_0006503,nv,3,8.44428e-06,4.746072e-06,4.176765e-05,5.6922603e-05,0.00019646062,0.9996195,7.21328e-05
ISIC_0028724,HAM_0006450,nv,3,0.00039010833,0.002238351,0.00981837,0.0014896079,0.15076171,0.7012117,0.13409023
ISIC_0032155,HAM_0002052,nv,3,1.780316e-05,5.140696e-06,9.709258e-05,0.0002295821,0.00016901479,0.9994124,6.894987e-05
ISIC_0029869,HAM_0004995,nv,3,1.00616135e-05,5.1590823e-06,0.00024394918,0.00048055346,8.850366e-05,0.9990767,9.508976e-05
ISIC_0029214,HAM_0004886,nv,3,2.8964203e-05,1.1702596e-05,0.003771399,0.00011266954,0.00015850207,0.9958711,4.5567085e-05
ISIC_0027112,HAM_0004886,nv,3,0.00010875564,3.6786067e-05,0.03337846,0.00012739681,0.00028597386,0.9659819,8.0820326e-05
ISIC_0027757,HAM_0007112,nv,3,7.505383e-05,3.3435284e-05,0.00072101265,0.00013818,0.0060090264,0.9929543,6.914282e-05
ISIC_0026819,HAM_0007112,nv,3,3.4320863e-05,1.4335034e-05,0.00087270123,0.00011576632,0.00126544,0.99758947,0.0001080115
ISIC_0028791,HAM_0006032,nv,3,3.9473143e-05,3.3565917e-05,0.00033636557,0.00024729487,0.00829391,0.99100995,3.9473143e-05
ISIC_0027501,HAM_0006032,nv,3,0.00033730562,0.00029709036,0.0014737992,0.001077202,0.44098702,0.55528647,0.0005411225
ISIC_0029190,HAM_0000965,nv,3,0.00040893315,0.0002584151,0.011150233,0.0005375325,0.04708197,0.9401418,0.00042109084
ISIC_0027855,HAM_0000965,nv,3,0.00013707967,7.001345e-05,0.002275904,0.00028044637,0.12173779,0.87526417,0.00023455068
ISIC_0027444,HAM_0006347,nv,3,0.00016569164,5.5553977e-05,0.00059406215,8.388647e-05,0.8882803,0.11074786,7.25977e-05
ISIC_0025702,HAM_0006347,nv,3,0.0005322465,0.00037815716,0.0056582857,0.00029973176,0.4876822,0.5051322,0.00031719872
ISIC_0031617,HAM_0000376,nv,3,0.00010762339,0.00015281436,5.1336585e-05,0.0013557163,0.972877,0.025325714,0.00012969186
ISIC_0025173,HAM_0000376,nv,3,0.0004934179,0.00091823214,0.0006274041,0.009063412,0.6375697,0.35072672,0.00060101633
ISIC_0027249,HAM_0001869,nv,3,3.4337783e-05,0.00025608865,0.00016574742,0.00022195112,0.0010750194,0.9980813,0.00016558562
ISIC_0031563,HAM_0001869,nv,3,1.6934033e-05,0.00039215584,0.00014359843,0.00037648864,0.0005383742,0.9981914,0.00034096054
ISIC_0029985,HAM_0004763,nv,3,0.00052616204,0.004243976,0.11631378,0.00033119877,0.0034109629,0.87298334,0.0021904863
ISIC_0024891,HAM_0004763,nv,3,0.0017511148,0.0064213607,0.057593897,0.0009851684,0.0035321712,0.92770475,0.0020115878
ISIC_0028461,HAM_0000072,nv,3,0.00048905204,9.573746e-05,0.00047400556,0.0119182775,0.6726844,0.31405166,0.0002869379
ISIC_0031474,HAM_0000072,nv,3,0.00040550952,0.00013216492,0.0061480748,0.8422366,0.07682496,0.07345021,0.0008025238
ISIC_0025943,HAM_0005162,nv,3,3.16305e-05,8.631713e-05,0.00016078989,0.00024410023,0.0011776892,0.99798834,0.00031099175
ISIC_0025568,HAM_0005162,nv,3,5.7447258e-05,0.0009426724,0.0026129892,0.00029431668,0.006129014,0.9893204,0.0006431607
ISIC_0026887,HAM_0005162,nv,3,6.974634e-05,9.440549e-05,0.002102989,0.00027828728,0.0033540095,0.99382657,0.00027397284
ISIC_0024604,HAM_0003767,nv,3,0.004227153,0.21617733,0.13292313,0.0025192231,0.034045927,0.60806316,0.0020441178
ISIC_0027358,HAM_0003767,nv,3,0.0053915326,0.14165355,0.0997631,0.0036091148,0.029715769,0.71797246,0.001894455
ISIC_0030247,HAM_0003767,nv,3,0.01578606,0.0012379701,0.9367151,0.009005613,0.006695671,0.028872425,0.0016871542
ISIC_0024986,HAM_0000837,nv,3,1.9793333e-05,1.7570204e-05,0.00081176613,8.7247034e-05,0.016513074,0.9824897,6.0848794e-05
ISIC_0031555,HAM_0000837,nv,3,3.3197284e-05,4.0674164e-05,0.0007010063,0.000100964884,0.011277818,0.9878136,3.281052e-05
ISIC_0024824,HAM_0005188,nv,3,9.01864e-05,0.000100217956,0.0077012987,0.00013846112,0.00072442245,0.9910954,0.00015000487
ISIC_0030666,HAM_0005188,nv,3,0.0004529807,0.00030530716,0.8718298,0.00080989464,0.0049087964,0.12126012,0.00043308223
ISIC_0029409,HAM_0003677,nv,3,0.0005230298,0.00020602507,0.31613842,0.00037015998,0.041387416,0.6411166,0.00025841332
ISIC_0032364,HAM_0003677,nv,3,0.0011842131,0.00010038977,0.6691395,0.00019693791,0.13998559,0.18910845,0.0002848689
ISIC_0030829,HAM_0005859,nv,3,7.375188e-05,0.00011557564,0.00093029015,0.00012545616,0.0015954726,0.9969194,0.00023994122
ISIC_0025367,HAM_0005859,nv,3,3.076172e-05,0.00010066698,0.00029761542,9.2648246e-05,0.0019388023,0.99748236,5.7134697e-05
ISIC_0025588,HAM_0002207,nv,3,0.00035517616,0.00067006826,0.0024587994,0.0016216001,0.16850543,0.82617927,0.0002096145
ISIC_0027772,HAM_0002207,nv,3,0.00027622955,0.00017067941,0.00028250413,9.4812036e-05,0.55879444,0.44031948,6.181598e-05
ISIC_0027768,HAM_0005227,nv,3,0.0006589231,0.00023220904,0.0052747414,0.00013334643,0.44171464,0.5518743,0.00011185119
ISIC_0027410,HAM_0005227,nv,3,0.003102909,0.00088553247,0.03802331,0.00054025894,0.38402185,0.57311714,0.00030903504
ISIC_0030194,HAM_0000589,nv,3,7.645991e-05,3.0235968e-05,0.014887109,8.33213e-05,0.04375565,0.9410348,0.00013236917
ISIC_0027103,HAM_0000589,nv,3,7.184984e-05,1.6867012e-05,0.0040711784,7.384159e-05,0.0014062747,0.99424076,0.00011927292
ISIC_0030930,HAM_0001975,nv,3,0.00023868302,8.3458974e-05,0.0018566481,0.0002516076,0.74274284,0.2546875,0.00013922257
ISIC_0028488,HAM_0001975,nv,3,0.00031355716,9.7706295e-05,0.28010046,0.00044478502,0.011916473,0.7069285,0.00019853203
ISIC_0029725,HAM_0004724,nv,3,0.00017848397,0.00014369628,0.0031544967,0.0003276417,0.68987405,0.30612975,0.0001918597
ISIC_0024924,HAM_0004724,nv,3,6.622676e-05,3.7514423e-05,0.0004405854,6.233593e-05,0.9831859,0.016173538,3.3891454e-05
ISIC_0026777,HAM_0000928,nv,3,0.0006446799,0.00017849742,0.004395918,0.00043239514,0.05993287,0.93385285,0.00056284916
ISIC_0031268,HAM_0000928,nv,3,0.002274582,7.73772e-05,0.022331001,0.0008557793,0.018315246,0.9560516,9.4434916e-05
ISIC_0027086,HAM_0006629,nv,3,0.0008894103,0.0016374742,0.45982695,0.00068997295,0.0042952527,0.5302923,0.0023685917
ISIC_0025689,HAM_0006629,nv,3,0.00039646385,0.0004483758,0.014833674,0.00015586511,0.0074116434,0.9759616,0.0007923218
ISIC_0026055,HAM_0006605,nv,3,2.4159797e-05,0.00013396527,0.00083580153,0.000293036,0.000539914,0.99808747,8.565392e-05
ISIC_0027645,HAM_0006605,nv,3,6.364277e-05,0.0009578695,0.004003352,0.00015906316,0.0005930148,0.99404305,0.00018006626
ISIC_0026237,HAM_0003299,nv,3,0.0014105502,0.0005822906,0.12187113,0.00089310476,0.011885599,0.8626383,0.00071903283
ISIC_0025547,HAM_0003299,nv,3,0.003719943,0.0055952137,0.8183279,0.002107177,0.012958542,0.15648594,0.00080528023
ISIC_0026341,HAM_0002176,nv,3,0.0003437498,0.00011446907,0.09988642,0.00033908206,0.07083008,0.8282112,0.0002751339
ISIC_0027697,HAM_0002176,nv,3,0.00012987955,0.00013141053,0.007849225,0.00019959595,0.07896531,0.9125785,0.0001460275
ISIC_0028235,HAM_0002231,nv,3,0.0004301695,0.0003141046,0.15956311,0.00038560142,0.0029307168,0.8360509,0.00032534375
ISIC_0025631,HAM_0006312,nv,3,0.00033310658,0.00017795121,0.0071082367,0.00015765605,0.25701764,0.73504084,0.00016457797
ISIC_0031337,HAM_0006312,nv,3,0.00035746404,0.00017904343,0.008048914,0.00011030547,0.17738292,0.81382734,9.398143e-05
ISIC_0031440,HAM_0002100,nv,3,0.00080711726,0.017005982,0.0038261763,0.0010064373,0.41973346,0.55714357,0.00047726804
ISIC_0033380,HAM_0000262,nv,3,0.00020412028,0.00013204761,0.0022970105,0.004628774,0.5749675,0.41738164,0.00038886827
ISIC_0030326,HAM_0000262,nv,3,0.00081549666,0.0005168449,0.06272848,0.0030972504,0.01066888,0.9217883,0.00038483736
ISIC_0029826,HAM_0005159,nv,3,0.005547213,0.004866798,0.008722731,0.010098801,0.38062373,0.58722323,0.002917472
ISIC_0025352,HAM_0005159,nv,3,0.0028639128,0.005629215,0.09165295,0.0018490809,0.5097036,0.38776204,0.0005391653
ISIC_0026403,HAM_0003663,nv,3,0.0049966206,0.00016049852,0.00629938,0.00021179703,0.9627061,0.0252575,0.000368103
ISIC_0029491,HAM_0003663,nv,3,0.0069073318,0.0002090932,0.004624926,0.00022301369,0.96538293,0.02222106,0.00043155265
ISIC_0025641,HAM_0003468,nv,3,0.00019042077,8.070801e-05,0.0005267965,0.00011053044,0.07856622,0.9204654,5.9860075e-05
ISIC_0025228,HAM_0004892,nv,3,0.0073311715,0.0003989188,0.0028126515,0.00014307477,0.964894,0.024084983,0.00033526786
ISIC_0032691,HAM_0007541,nv,3,0.00013490373,0.00021389792,5.0904542e-05,0.00017663628,0.07337875,0.9259225,0.00012235237
ISIC_0032540,HAM_0007541,nv,3,0.00012029432,0.00018128993,7.2677736e-05,0.00016997382,0.16872662,0.83050156,0.0002276107
ISIC_0032573,HAM_0007541,nv,3,0.00019147828,8.800826e-05,4.3143857e-05,0.0002713494,0.06366658,0.9355736,0.00016587255
ISIC_0033347,HAM_0006080,nv,3,0.000271876,0.00025690478,0.13973927,0.0006031833,0.0025062365,0.8560068,0.000615681
ISIC_0032668,HAM_0006080,nv,3,4.0623865e-05,2.7326894e-05,0.0023289758,0.00013543031,0.0010169575,0.996274,0.00017680702
ISIC_0032891,HAM_0006080,nv,3,0.00012594995,0.00010380617,0.0058818976,0.000278887,0.0022977674,0.991117,0.00019469448
ISIC_0034225,HAM_0002030,nv,3,2.9811697e-05,1.5375748e-05,6.999449e-05,0.000118138065,0.015901962,0.98381954,4.5235993e-05
ISIC_0032916,HAM_0002030,nv,3,4.5518846e-05,1.2395645e-05,8.290835e-05,0.000120395576,0.012571909,0.98707515,9.177119e-05
ISIC_0033756,HAM_0002030,nv,3,3.6858226e-05,3.2718417e-05,0.00020199656,0.00018663393,0.02210509,0.977375,6.172591e-05
ISIC_0029553,HAM_0005048,nv,3,0.00029056813,5.13886e-05,0.0034368036,0.00031479332,0.029408107,0.9662841,0.00021425153
ISIC_0034267,HAM_0005116,nv,3,0.00010172007,0.00038803357,0.0022021201,0.0003191877,0.00060571183,0.99035466,0.006028515
ISIC_0033137,HAM_0005116,nv,3,9.5603966e-05,0.00022293803,0.00036864108,0.00029105012,0.0019889665,0.99277675,0.0042561176
ISIC_0032953,HAM_0005116,nv,3,0.0001928656,0.00023676585,0.0005763529,0.00038506024,0.016631017,0.979891,0.0020869588
ISIC_0026584,HAM_0000459,nv,3,0.07866014,0.0023044986,0.3340951,0.0014114658,0.40142447,0.1802308,0.0018735441
ISIC_0034234,HAM_0004706,nv,3,1.43968045e-05,5.931562e-06,8.284789e-05,2.2849297e-05,0.0018563757,0.99798214,3.5458874e-05
ISIC_0033308,HAM_0004706,nv,3,2.1796403e-05,9.319749e-06,0.0004033133,4.001149e-05,0.0008147152,0.9986571,5.3788797e-05
ISIC_0034274,HAM_0004706,nv,3,4.996914e-05,1.9415915e-05,0.00016553116,5.8648493e-05,0.028317899,0.9713145,7.399398e-05
ISIC_0033331,HAM_0005995,nv,3,8.6279746e-05,4.686369e-05,0.00037892227,0.0001320758,0.01818188,0.9811317,4.2337815e-05
ISIC_0034192,HAM_0005995,nv,3,0.00057587086,3.4600616e-05,0.00088584976,0.00031973879,0.056960974,0.9411041,0.00011889569
ISIC_0033689,HAM_0005995,nv,3,5.800763e-05,2.6923417e-05,0.00040216153,8.6994776e-05,0.006237339,0.9931345,5.4069056e-05
ISIC_0033759,HAM_0002923,nv,3,0.00010318147,3.744291e-05,0.0030599004,0.00017967988,0.08541177,0.91111714,9.087965e-05
ISIC_0034144,HAM_0002923,nv,3,2.7667244e-05,1.1969461e-05,0.0013233543,5.6327714e-05,0.018986799,0.9795598,3.4097822e-05
ISIC_0032992,HAM_0002923,nv,3,0.000117657306,2.3487022e-05,0.0038962744,0.000112929134,0.034931194,0.9608644,5.3972748e-05
ISIC_0026177,HAM_0006583,nv,3,0.00027799758,0.00024943886,0.0017870655,0.00019162534,0.3820086,0.61523575,0.00024943886
ISIC_0025990,HAM_0000609,nv,3,0.00033563824,0.000106649706,0.083421305,7.7874334e-05,0.87096936,0.045002416,8.6705586e-05
ISIC_0025778,HAM_0000609,nv,3,0.0014904748,0.0006397944,0.42638585,0.00019512627,0.5648695,0.0061462536,0.00027303072
ISIC_0027847,HAM_0000249,nv,3,0.00041618972,0.00047716382,0.0070841406,0.00036585424,0.86949897,0.12140926,0.00074848806
ISIC_0030709,HAM_0000249,nv,3,0.00057210214,0.00029449293,0.0031452961,0.00050883816,0.24520856,0.7494178,0.00085297617
ISIC_0028780,HAM_0000138,nv,3,0.00010254585,1.9898842e-05,0.0011051666,6.129275e-05,0.0012316991,0.99741995,5.952311e-05
ISIC_0029902,HAM_0000138,nv,3,0.000100969526,5.177203e-05,0.0010356884,8.3380335e-05,0.015643137,0.9830473,3.7729555e-05
ISIC_0032666,HAM_0002574,nv,3,0.0008886392,2.8081231e-05,0.003652859,0.00081785367,0.040242527,0.9542635,0.00010660024
ISIC_0033157,HAM_0002574,nv,3,0.00037059886,7.722791e-05,0.028092146,0.00073630444,0.00858437,0.96169096,0.00044833918
ISIC_0032811,HAM_0002574,nv,3,0.00017830092,1.6232061e-05,0.005852848,0.00025144458,0.002584535,0.9910493,6.741155e-05
ISIC_0032785,HAM_0004963,nv,3,0.0003095093,0.00017635309,0.024206176,0.00017260466,0.0016987108,0.97069675,0.002739833
ISIC_0032563,HAM_0004963,nv,3,0.00086515024,0.0003620598,0.0051366338,0.0023379826,0.5239508,0.4112537,0.056093663
ISIC_0033071,HAM_0004963,nv,3,0.00039623072,0.0001747991,0.007599624,0.000877361,0.0652194,0.8863678,0.039364886
ISIC_0033753,HAM_0004167,nv,3,8.1911356e-05,1.5972555e-05,0.0065324926,4.712969e-05,0.021884374,0.97140324,3.4887267e-05
ISIC_0033984,HAM_0002878,nv,3,0.00011120834,5.3046617e-05,0.0008529995,0.00012552428,0.10110404,0.8976174,0.0001357241
ISIC_0032640,HAM_0002878,nv,3,8.947807e-05,4.6059362e-05,0.0011332126,0.00016586612,0.23264635,0.7658036,0.00011534179
ISIC_0032599,HAM_0003352,nv,3,0.00024709105,0.0007492944,0.0003797239,0.0010934155,0.95692056,0.04019725,0.0004125891
ISIC_0033472,HAM_0003352,nv,3,0.00024122235,0.00031894416,0.0007343607,0.0008712238,0.93236977,0.06508018,0.00038434454
ISIC_0032667,HAM_0003352,nv,3,0.0002943241,0.00027757406,0.00031979792,0.0022391607,0.90698814,0.08962876,0.00025224092
ISIC_0033825,HAM_0007552,nv,3,0.0012188115,0.00030487115,0.05082279,0.001313994,0.5188356,0.42678252,0.000721417
ISIC_0033857,HAM_0007552,nv,3,0.0003379681,0.00019144337,0.019642511,0.00022078074,0.9519909,0.027484814,0.00013157696
ISIC_0032731,HAM_0007552,nv,3,0.00035136202,5.4465054e-05,0.0059486446,0.00023984218,0.92884755,0.064455554,0.000102552185
ISIC_0032521,HAM_0005206,nv,3,9.479648e-05,0.00025493026,0.00012533988,0.00031757582,0.85191995,0.14688943,0.00039794054
ISIC_0032674,HAM_0005206,nv,3,0.00057101384,0.00050195336,0.00035943123,0.0007211246,0.25349936,0.74072313,0.0036239284
ISIC_0033958,HAM_0005206,nv,3,0.00016521089,0.00046425132,0.00011578722,0.00061323383,0.66530716,0.33193406,0.0014002834
ISIC_0026810,HAM_0007306,nv,3,0.000285053,3.8766557e-05,0.0009744987,0.00013478106,0.6521479,0.34635314,6.581546e-05
ISIC_0033729,HAM_0000439,nv,3,0.00012092105,7.828988e-06,0.0014312871,0.00020670047,0.005854821,0.99235207,2.6381871e-05
ISIC_0034307,HAM_0000439,nv,3,0.0004704039,2.197961e-05,0.003470753,0.0009619128,0.09759218,0.89744097,4.187322e-05
ISIC_0034137,HAM_0000439,nv,3,0.00015784621,2.054379e-05,0.01849569,0.00033350842,0.041437175,0.9394289,0.0001263385
ISIC_0032905,HAM_0003614,nv,3,0.0001023452,9.519587e-06,0.0001214193,3.401457e-05,0.99644095,0.003278523,1.3113785e-05
ISIC_0034001,HAM_0003614,nv,3,0.00011642379,1.332002e-05,0.00016053724,2.9609528e-05,0.99642026,0.0032465947,1.3242201e-05
ISIC_0032560,HAM_0003614,nv,3,7.210743e-05,2.43424e-05,0.0004847109,3.4732937e-05,0.99197584,0.0073839454,2.4247498e-05
ISIC_0033427,HAM_0001641,nv,3,9.459877e-05,2.2425334e-05,0.00032324294,0.00013006103,0.0034506714,0.99586123,0.000117730066
ISIC_0033948,HAM_0001641,nv,3,6.7425804e-05,1.5766742e-05,0.00010432919,0.000101218124,0.0025699786,0.99708396,5.727945e-05
ISIC_0033680,HAM_0001641,nv,3,0.0001424854,5.3242908e-05,0.0003880727,0.0001978214,0.041891295,0.95717317,0.00015391308
ISIC_0025009,HAM_0007278,nv,3,0.0002701828,1.1618681e-05,0.00031052323,0.00021688604,0.00071114197,0.99843305,4.6585355e-05
ISIC_0033492,HAM_0002253,nv,3,0.0001931759,0.00011334067,0.053982418,0.00048564418,0.7963706,0.14846915,0.00038567977
ISIC_0032548,HAM_0002253,nv,3,0.00029539745,0.00023551137,0.14687042,0.00063769036,0.57749015,0.27439007,8.075716e-05
ISIC_0033106,HAM_0002253,nv,3,0.00012671288,4.6706202e-05,0.01880586,0.00026851328,0.88685733,0.09383992,5.492597e-05
ISIC_0032942,HAM_0007483,nv,3,2.6135436e-05,7.658017e-06,3.7364236e-05,2.6676953e-05,0.00033596365,0.9995395,2.6781361e-05
ISIC_0032628,HAM_0007483,nv,3,9.4219286e-05,5.5334604e-05,4.5162782e-05,7.841625e-05,0.010648391,0.9889648,0.000113761205
ISIC_0033621,HAM_0001889,nv,3,0.00016149237,0.0005965114,0.007323994,0.00028958308,0.45135286,0.5401986,7.6881886e-05
ISIC_0034116,HAM_0001889,nv,3,0.00010193462,8.483751e-05,0.0014526299,0.00016740656,0.19277008,0.8052765,0.00014658608
ISIC_0034073,HAM_0001889,nv,3,7.132112e-05,0.00013747506,0.0026194197,0.00013324538,0.2998215,0.6971058,0.000111330686
ISIC_0034088,HAM_0006666,nv,3,0.00022274481,0.00038524455,0.0009275442,0.00012217333,0.9102335,0.088037565,7.126308e-05
ISIC_0034268,HAM_0006666,nv,3,0.0010863426,0.020618238,0.005856962,0.000958694,0.55293393,0.41819242,0.0003533733
ISIC_0032908,HAM_0006666,nv,3,0.0041777557,0.032130737,0.02730898,0.0006036286,0.16736948,0.76788604,0.0005234183
ISIC_0034282,HAM_0004882,nv,3,0.00012734096,0.0006473226,0.15578671,0.000786176,0.007469964,0.8339907,0.0011917717
ISIC_0033357,HAM_0004882,nv,3,0.00030874397,0.0049586035,0.0214657,0.0020549775,0.2491653,0.7209836,0.0010629896
ISIC_0034178,HAM_0004882,nv,3,0.00014417543,0.0016710813,0.052649997,0.0010335527,0.022402534,0.92057115,0.001527492
ISIC_0032707,HAM_0007124,nv,3,0.0004323939,0.00010190331,0.071730055,0.00072980276,0.47603333,0.4506993,0.00027324053
ISIC_0034311,HAM_0007124,nv,3,0.00059282983,5.7170626e-05,0.017805297,0.00078767625,0.33237162,0.64821506,0.00017034695
ISIC_0033637,HAM_0006873,nv,3,0.00035050066,0.0008229358,0.41479284,0.00039407844,0.0028618285,0.5803995,0.0003782421
ISIC_0033566,HAM_0006873,nv,3,0.0012449523,0.0003539091,0.052217897,0.00037234518,0.0015365605,0.94383997,0.0004344662
ISIC_0032974,HAM_0002135,nv,3,0.002070681,0.034538917,0.0053499993,0.010107996,0.16321447,0.7695811,0.015136899
ISIC_0033746,HAM_0002135,nv,3,0.001834453,0.0063159266,0.002144693,0.037682936,0.65056425,0.2932323,0.008225464
ISIC_0028863,HAM_0005651,nv,3,0.00015481046,4.2461393e-06,0.0006079676,0.00018357289,0.0013263033,0.99768984,3.333331e-05
ISIC_0030126,HAM_0005651,nv,3,0.0026394606,1.03306675e-05,0.003368512,0.00064951775,0.023889892,0.96930605,0.0001363459
ISIC_0033940,HAM_0002208,nv,3,0.0008457477,0.0003474333,0.0123435045,0.00016157147,0.1019475,0.88413894,0.00021530529
ISIC_0033818,HAM_0002208,nv,3,5.5225417e-05,5.0185197e-05,0.0006759114,5.7425346e-05,0.004344464,0.9947547,6.2212996e-05
ISIC_0034029,HAM_0002208,nv,3,0.00014657198,0.00014801037,0.001687285,0.00010434188,0.030319547,0.96746886,0.00012536965
ISIC_0032649,HAM_0006567,nv,3,4.8388447e-05,3.242308e-05,0.0004081298,0.00021771074,0.043820404,0.95540065,7.221528e-05
ISIC_0034109,HAM_0006567,nv,3,1.7680957e-05,7.4865875e-06,0.00018622959,0.00010647373,0.00515782,0.99449277,3.1643078e-05
ISIC_0033439,HAM_0006567,nv,3,0.00036711144,0.00010304415,0.0022406094,0.00085606397,0.1870374,0.80928594,0.00010990437
ISIC_0033214,HAM_0005513,nv,3,7.493236e-05,0.00019512043,0.0012209166,0.00038539976,0.0007137209,0.99717295,0.00023697459
ISIC_0033255,HAM_0005513,nv,3,5.768212e-05,0.00021641824,0.00077935203,0.0003824312,0.0010975876,0.9972529,0.0002136881
ISIC_0033229,HAM_0005513,nv,3,8.805172e-05,0.00033068508,0.002645873,0.0005333585,0.0018038882,0.99446046,0.0001377155
ISIC_0033406,HAM_0006550,nv,3,0.0010024323,0.0009407788,0.107682504,0.00029372546,0.8772951,0.012593629,0.00019187888
ISIC_0033493,HAM_0006550,nv,3,0.0012473059,0.0007506419,0.008915424,0.00047388644,0.7444067,0.24404514,0.00016091714
ISIC_0033007,HAM_0006550,nv,3,0.0003043694,0.00042422902,0.38870886,0.00018068547,0.60204405,0.008210459,0.00012737664
ISIC_0033181,HAM_0003097,nv,3,0.00020437647,0.17352977,0.004724839,0.002606757,0.0212063,0.7611761,0.036551856
ISIC_0033661,HAM_0003097,nv,3,0.00022233429,0.026166847,0.000932413,0.0016237008,0.07392621,0.47830802,0.4188205
ISIC_0034004,HAM_0003097,nv,3,0.00037567754,0.06738544,0.002385977,0.0017748399,0.023038963,0.8536246,0.05141455
ISIC_0033634,HAM_0001905,nv,3,0.019821666,0.00012412494,0.009063949,0.0006242326,0.8519414,0.11826269,0.00016188946
ISIC_0034226,HAM_0001905,nv,3,0.0072774077,0.000624889,0.0009792555,0.0039301827,0.15230916,0.83470994,0.00016917495
ISIC_0033116,HAM_0001905,nv,3,0.027315438,0.00021142686,0.001585298,0.017481845,0.40218216,0.5507926,0.0004312853
ISIC_0033136,HAM_0007494,nv,3,0.0012027423,0.0011276673,0.00210676,0.0012815635,0.019439735,0.87263584,0.102205664
ISIC_0033215,HAM_0007494,nv,3,0.0004131125,0.00024190948,0.0028168724,0.00040040235,0.019405838,0.9741737,0.0025481347
ISIC_0033080,HAM_0001667,nv,3,0.0032980358,0.0004551439,0.018657295,0.0009941256,0.34505978,0.6297231,0.0018124768
ISIC_0034129,HAM_0001667,nv,3,0.0006010193,7.456811e-05,0.007117464,0.00024883528,0.07035594,0.9213433,0.00025874775
ISIC_0033077,HAM_0007433,nv,3,0.00016530874,7.214756e-05,0.00036550206,5.923116e-05,0.09904432,0.90018356,0.000110011875
ISIC_0033951,HAM_0007433,nv,3,8.561768e-05,0.00010823088,0.0018919263,8.6796266e-05,0.27062395,0.7270618,0.00014171217
ISIC_0033149,HAM_0007433,nv,3,0.000112271024,7.0670285e-05,0.0011237006,8.375929e-05,0.29133934,0.70712495,0.00014528951
ISIC_0034278,HAM_0004375,nv,3,5.0949566e-05,1.0351033e-05,0.00014699617,0.00018819467,0.020715736,0.9788342,5.349908e-05
ISIC_0033102,HAM_0004375,nv,3,4.9046135e-05,1.6524938e-05,0.00018347845,0.0001438733,0.053575926,0.9459536,7.74624e-05
ISIC_0033541,HAM_0005601,nv,3,6.910703e-05,0.00011449594,0.00068696775,0.00019918823,0.0044458173,0.99438053,0.00010394475
ISIC_0032670,HAM_0005601,nv,3,3.9941464e-05,8.896084e-05,0.00039241783,0.0001252101,0.002376425,0.9969093,6.767784e-05
ISIC_0033441,HAM_0005601,nv,3,5.2771484e-05,5.5412165e-05,0.0006137479,0.00018204469,0.002814482,0.99617094,0.00011052357
ISIC_0032519,HAM_0005715,nv,3,0.00011159107,0.018548094,0.0006026668,0.015588583,0.0058221845,0.9587971,0.0005297781
ISIC_0034090,HAM_0005715,nv,3,9.486961e-05,0.07178348,0.00046514408,0.003963185,0.01403871,0.90933806,0.00031658175
ISIC_0032946,HAM_0003649,nv,3,0.0001142803,5.9287842e-05,0.0041523417,0.0031852657,0.010337539,0.9819032,0.00024815282
ISIC_0033153,HAM_0003649,nv,3,9.651982e-05,6.3299245e-05,0.0022226758,0.0020023903,0.022100203,0.97334933,0.00016547345
ISIC_0034063,HAM_0002596,nv,3,5.5653643e-05,8.6704604e-05,0.00055404357,0.0001246847,0.01779594,0.98116046,0.0002224917
ISIC_0033045,HAM_0002597,nv,3,2.9834015e-05,1.0953906e-05,0.00022951723,3.072099e-05,0.007400635,0.992278,2.0305335e-05
ISIC_0033143,HAM_0002599,nv,3,6.389671e-05,2.9083138e-05,0.0025176872,8.733645e-05,0.0031241463,0.99411845,5.944207e-05
ISIC_0032848,HAM_0002596,nv,3,3.1247622e-05,3.6318743e-05,0.00028247878,5.999655e-05,0.0018267664,0.99752957,0.00023366914
ISIC_0033228,HAM_0002606,nv,3,2.3390985e-05,3.1048607e-05,0.0015754743,5.8006426e-05,0.0012511807,0.9970009,6.0081988e-05
ISIC_0024854,HAM_0000226,nv,3,0.0014977811,0.00049463985,0.0029848814,0.0005369265,0.013566426,0.98031265,0.00060663756
ISIC_0026348,HAM_0001002,nv,3,0.0015981317,0.00012615712,0.0014110353,0.00085125165,0.13487956,0.86083066,0.00030322684
ISIC_0028280,HAM_0001002,nv,3,0.0037521508,0.00013031793,0.0034205453,0.0015016398,0.5608252,0.42999965,0.00037051688
ISIC_0029531,HAM_0004412,nv,3,0.00017341053,0.00037289123,0.00235876,0.00015544418,0.1443897,0.8522727,0.00027710924
ISIC_0030961,HAM_0004412,nv,3,0.00016416513,0.00024934602,0.0006323896,0.00021748345,0.545931,0.4525927,0.00021286082
ISIC_0025210,HAM_0006478,nv,3,0.00019133711,0.00019321477,0.00017319662,0.00016049384,0.8347572,0.16437343,0.00015106479
ISIC_0026372,HAM_0006478,nv,3,0.00010181558,8.777052e-05,0.000109019034,7.522087e-05,0.899056,0.10047803,9.216254e-05
ISIC_0032496,HAM_0005578,nv,3,0.00012550081,0.00041150127,0.0011174165,0.00022725259,0.00015772104,0.9972741,0.0006864483
ISIC_0027246,HAM_0002740,nv,3,0.00026358222,0.00018782265,0.0008174594,0.00012462908,0.48171481,0.5168045,8.717521e-05
ISIC_0025795,HAM_0000054,nv,3,0.0022228886,0.0016422595,0.0161862,0.0060174107,0.013683494,0.959287,0.0009607321
ISIC_0026498,HAM_0000054,nv,3,0.0022761868,0.00070962,0.008465324,0.0015743608,0.008374874,0.97798073,0.00061894156
ISIC_0030362,HAM_0000135,nv,3,0.001039325,0.0003898874,0.00955279,0.00036483738,0.13065442,0.85698056,0.0010182278
ISIC_0031460,HAM_0000135,nv,3,0.0009008597,0.0005571758,0.00698874,0.0003353143,0.5933762,0.3968208,0.0010208077
ISIC_0028734,HAM_0000861,nv,3,0.0006298334,0.00097360153,0.0023607728,0.00026877987,0.84460735,0.15054506,0.00061464275
ISIC_0026125,HAM_0000861,nv,3,0.005785958,0.011959287,0.007850756,0.0012648155,0.7765399,0.19329607,0.0033031846
ISIC_0029904,HAM_0007079,nv,3,0.00037388207,5.3027754e-05,0.0007934431,0.00026101174,0.6047753,0.39353478,0.00020850355
ISIC_0024682,HAM_0004864,nv,3,0.0013725725,0.01568431,0.0012497416,0.0017797134,0.5051674,0.46903205,0.0057142116
ISIC_0026913,HAM_0001134,nv,3,0.001010358,0.00033318068,0.016458334,0.0004018926,0.58159447,0.39972365,0.00047819238
ISIC_0024674,HAM_0007096,nv,3,0.00023834387,3.3377906e-05,0.0005560635,0.00045009408,0.020855943,0.97779024,7.610492e-05
ISIC_0028868,HAM_0004450,nv,3,0.0009515986,0.00025043075,0.00048745502,0.00056105736,0.2822437,0.71512574,0.00038000126
ISIC_0032021,HAM_0000335,nv,3,5.8271555e-05,1.3786747e-05,0.0006348697,4.9647984e-05,0.0434927,0.9556931,5.759267e-05
ISIC_0029276,HAM_0004719,nv,3,0.00025491387,0.00019279527,0.0309989,0.00072476506,0.0024078768,0.9643475,0.0010732275
ISIC_0028544,HAM_0003044,nv,3,0.0002856493,0.0011275604,0.0062890267,0.0009113446,0.016764693,0.97435445,0.0002672965
ISIC_0024975,HAM_0003276,nv,3,0.017314546,0.0008543668,0.0072839386,0.011481647,0.44430515,0.5164106,0.0023497858
ISIC_0025782,HAM_0003276,nv,3,0.020748578,0.0006146591,0.010932397,0.010826155,0.44639456,0.50781107,0.0026725663
ISIC_0027519,HAM_0004895,nv,3,0.00014514329,4.3537384e-05,0.0016131187,9.8304816e-05,0.0026466285,0.9952302,0.0002230529
ISIC_0024753,HAM_0004895,nv,3,0.00015257212,4.9099475e-05,0.0021529838,0.00011043148,0.0029127593,0.9943693,0.00025278018
ISIC_0027902,HAM_0000342,nv,3,0.002152101,0.0023659298,0.0005393748,0.0050467243,0.03463154,0.95448416,0.00078020076
ISIC_0027226,HAM_0000342,nv,3,0.0021935941,0.004810003,0.00067755586,0.004429019,0.056573544,0.9301502,0.0011661473
ISIC_0028360,HAM_0002300,nv,3,3.98521e-05,1.3244901e-05,7.533116e-05,9.402621e-05,0.0011818351,0.9985719,2.38433e-05
ISIC_0029861,HAM_0002300,nv,3,4.592489e-05,1.4982606e-05,8.9129746e-05,0.00010688289,0.0009152477,0.99880207,2.5686168e-05
ISIC_0024366,HAM_0002300,nv,3,4.592489e-05,1.4982606e-05,8.9129746e-05,0.00010688289,0.0009152477,0.99880207,2.5686168e-05
ISIC_0027208,HAM_0001715,nv,3,5.4126085e-05,9.488735e-06,0.00017455062,3.0451063e-05,0.016148113,0.98355955,2.3761677e-05
ISIC_0032368,HAM_0001715,nv,3,3.4792814e-05,1.23815535e-05,0.00019658607,3.3986842e-05,0.013738077,0.9859531,3.118808e-05
ISIC_0029504,HAM_0001715,nv,3,3.971849e-05,9.554499e-06,0.0001686561,3.1328e-05,0.0112850135,0.9884439,2.1785203e-05
ISIC_0031447,HAM_0000509,nv,3,0.00010474263,0.0017297039,0.0005226584,0.00038313263,0.025830694,0.9711846,0.00024448708
ISIC_0024837,HAM_0000509,nv,3,0.00012570481,0.0014584189,0.00024372627,0.00026663736,0.044579536,0.9531525,0.00017350423
ISIC_0031667,HAM_0000509,nv,3,0.0006158462,0.018129967,0.0014374895,0.0009918379,0.086874165,0.891215,0.00073563325
ISIC_0026027,HAM_0000509,nv,3,0.0003334527,0.011737408,0.0014871522,0.0006169176,0.04427489,0.94110835,0.0004417531
ISIC_0025020,HAM_0001669,nv,3,0.00010562251,1.0895906e-05,6.6161454e-05,5.6150493e-05,0.0030152379,0.99671006,3.5796147e-05
ISIC_0026106,HAM_0001669,nv,3,0.00013902251,1.7865616e-05,8.1567654e-05,7.991191e-05,0.0083935745,0.99123424,5.38603e-05
ISIC_0031905,HAM_0003320,nv,3,5.5344753e-05,4.552535e-05,0.0003064356,0.00013007016,0.03880546,0.96058774,6.9417874e-05
ISIC_0030367,HAM_0003320,nv,3,4.3888598e-05,3.6957907e-05,0.00028928046,0.000100168116,0.019446153,0.9800182,6.537187e-05
ISIC_0025545,HAM_0000751,nv,3,5.8257487e-05,3.7175643e-05,0.00021247363,0.00012724605,0.011634704,0.9877193,0.00021082016
ISIC_0032003,HAM_0000751,nv,3,8.5017615e-05,5.227563e-05,0.0002853727,0.00017667357,0.027613541,0.9715116,0.00027551435
ISIC_0028944,HAM_0007340,nv,3,0.0016660477,0.0004958609,0.21377976,0.000543534,0.20200767,0.5799798,0.001527359
ISIC_0030588,HAM_0002979,nv,3,0.0002746639,0.00078704284,0.0010694751,0.00046358313,0.05410876,0.94238883,0.0009076517
ISIC_0025511,HAM_0002979,nv,3,0.0002246879,0.0010178569,0.00062524894,0.00038370295,0.05606369,0.9408661,0.00081867
ISIC_0025412,HAM_0005110,nv,3,0.0001075721,2.421447e-05,0.00013039185,6.231878e-05,0.008999453,0.9906247,5.1262035e-05
ISIC_0025785,HAM_0005110,nv,3,0.00010633973,1.52898e-05,0.000102866885,3.4388857e-05,0.004037406,0.995669,3.4658577e-05
ISIC_0028494,HAM_0005110,nv,3,0.00011119949,1.6854321e-05,0.000110118846,2.9292793e-05,0.0023179424,0.99738115,3.338814e-05
ISIC_0030852,HAM_0002628,nv,3,6.463346e-05,7.0847454e-05,0.00082528545,0.00027802653,0.0007158835,0.99775547,0.00028980855
ISIC_0030652,HAM_0002628,nv,3,8.3288556e-05,8.660641e-05,0.0009793714,0.00035479138,0.0007270965,0.99742895,0.00033986932
ISIC_0031204,HAM_0002628,nv,3,7.509431e-05,8.103786e-05,0.0012528772,0.00026753556,0.000619765,0.99737823,0.0003253994
ISIC_0031857,HAM_0000391,nv,3,0.003260704,0.005849134,0.00037497396,0.00090923056,0.17479828,0.81459826,0.00020952128
ISIC_0028621,HAM_0000391,nv,3,0.0015619142,0.049403135,0.000738517,0.0008417672,0.15885352,0.788037,0.000564033
ISIC_0025683,HAM_0000391,nv,3,0.0019228978,0.0039677476,0.0006316323,0.00083596,0.1150803,0.8773273,0.00023418697
ISIC_0025386,HAM_0003686,nv,3,0.00023385829,8.089823e-05,0.0012379589,0.00014677415,0.60744685,0.39066818,0.0001855399
ISIC_0024870,HAM_0003686,nv,3,0.00030577093,0.00011719647,0.0032143332,0.00040075247,0.6252351,0.37043956,0.00028724517
ISIC_0030127,HAM_0004698,nv,3,0.00059437775,0.00032284213,0.0010879029,0.0010269927,0.034443837,0.96237886,0.00014523242
ISIC_0027390,HAM_0005261,nv,3,0.00044461858,5.8426563e-06,0.0009417173,0.000642509,0.03947982,0.95837843,0.00010705992
ISIC_0031510,HAM_0000525,nv,3,0.0028021047,0.00045254358,0.14988421,0.00045342828,0.7552513,0.09090936,0.00024700665
ISIC_0025181,HAM_0001347,nv,3,0.0001962365,1.0390002e-05,0.000505778,5.391067e-05,0.024310326,0.97487324,5.015222e-05
ISIC_0029589,HAM_0004069,nv,3,0.053752113,0.00018752931,0.0015458205,0.00020596063,0.8310286,0.11312842,0.00015156952
ISIC_0025340,HAM_0006968,nv,3,6.600128e-05,1.4107483e-05,0.0022995195,0.00012796842,0.036536988,0.9608866,6.8899084e-05
ISIC_0025657,HAM_0006730,nv,3,0.00035580253,0.00014977611,0.0058986656,0.0005116584,0.021629164,0.971392,6.292567e-05
ISIC_0029994,HAM_0007080,nv,3,0.011550469,0.0006148485,0.096286826,0.002548476,0.16620633,0.72196734,0.00082575466
ISIC_0025245,HAM_0004020,nv,3,0.00032236418,3.746241e-05,0.003787832,0.0025359,0.1147696,0.8783831,0.0001636856
ISIC_0030296,HAM_0005795,nv,3,0.0033591103,0.0005514475,0.007228514,0.0005717372,0.112632155,0.87559927,5.7839028e-05
ISIC_0028679,HAM_0005239,nv,3,0.006114138,0.00014185555,0.017815374,0.00022668451,0.6080975,0.36739185,0.0002125349
ISIC_0028998,HAM_0003253,nv,3,6.183828e-05,2.62608e-05,0.0002082789,9.49389e-05,0.0040290277,0.9955454,3.4317498e-05
ISIC_0032300,HAM_0007278,nv,3,7.99039e-05,1.956218e-05,0.0002323413,5.920582e-05,0.009408599,0.9901674,3.2888704e-05
ISIC_0032126,HAM_0000045,nv,3,0.075444005,0.00012433043,0.12414342,0.0018960958,0.5006808,0.29664358,0.0010677762
ISIC_0032067,HAM_0007442,nv,3,0.015166324,0.00015029122,0.0015335319,0.0005594913,0.005697762,0.9766384,0.0002541604
ISIC_0029978,HAM_0006040,nv,3,0.01870303,8.32535e-05,0.09364635,0.00045182568,0.8201173,0.06679544,0.0002028598
ISIC_0024425,HAM_0006342,nv,3,0.16753562,8.1773345e-05,0.04125733,0.005419717,0.0076057985,0.7777088,0.00039088147
ISIC_0028557,HAM_0005395,nv,3,0.0029721248,7.495266e-05,0.029365033,0.0003798983,0.35013548,0.616912,0.0001605452
ISIC_0027471,HAM_0005395,nv,3,0.00066910026,0.00073918136,0.820166,0.0006809658,0.08746385,0.089713044,0.00056785805
ISIC_0026226,HAM_0005755,nv,3,0.0787442,0.7875596,0.016598627,0.0021524255,0.008697883,0.1042173,0.0020299307
ISIC_0028174,HAM_0005755,nv,3,0.2525062,0.060838215,0.30877343,0.0037161412,0.10209648,0.2669603,0.0051092124
ISIC_0024566,HAM_0005755,nv,3,0.19653337,0.18826744,0.24699001,0.004608501,0.020765102,0.33726582,0.005569781
ISIC_0025112,HAM_0005755,nv,3,0.021114573,0.45377,0.030296965,0.0015585601,0.005036009,0.48682415,0.0013998157
ISIC_0028507,HAM_0003340,nv,3,0.0024506093,0.00024997906,0.018437803,0.0026549208,0.12501897,0.8510189,0.00016881424
ISIC_0029773,HAM_0003340,nv,3,0.00016379518,0.00017032004,0.002477302,0.00037603092,0.010363837,0.98632556,0.00012315708
ISIC_0029203,HAM_0005510,nv,3,0.12769312,0.023517277,0.4580478,0.008139268,0.012581746,0.3687713,0.0012494165
ISIC_0032444,HAM_0000949,nv,3,0.04629843,0.00020689653,0.06343714,0.01486667,0.23964316,0.635086,0.00046171746
ISIC_0030180,HAM_0000362,nv,3,0.0057155304,0.00041050883,0.05075575,0.0003343938,0.36314362,0.5791696,0.0004706507
ISIC_0026043,HAM_0000362,nv,3,0.00060552644,5.0536702e-05,0.0017928242,0.000105327534,0.05267618,0.94471383,5.582988e-05
ISIC_0029898,HAM_0004324,nv,3,0.005672996,2.754541e-05,0.005445021,0.0009485158,0.04064824,0.947089,0.00016873608
ISIC_0026885,HAM_0000482,nv,3,0.00043796544,8.007159e-05,0.05538055,0.00036736604,0.83473897,0.10864184,0.00035329247
ISIC_0028589,HAM_0002480,nv,3,0.005467595,0.021128979,0.0152019225,0.0010273308,0.07540415,0.8739801,0.007790015
ISIC_0029432,HAM_0002480,nv,3,0.0010138375,0.0019258051,0.043745596,0.00055013836,0.123770624,0.8278407,0.0011533248
ISIC_0025846,HAM_0001077,nv,3,0.0016908522,0.0025984629,0.67749125,0.0015141905,0.019497788,0.29597402,0.001233435
ISIC_0027928,HAM_0001077,nv,3,0.00271409,0.00082815497,0.21112716,0.0011165831,0.013248787,0.77076423,0.00020097583
ISIC_0031596,HAM_0002794,nv,3,0.010937192,6.355941e-05,0.014574573,0.0017689597,0.31116194,0.66130805,0.0001857201
ISIC_0028808,HAM_0005910,nv,3,0.00055638334,1.9499392e-05,0.0017486494,0.00028935343,0.029228022,0.9678992,0.00025886865
ISIC_0026513,HAM_0005910,nv,3,0.0011492637,3.819024e-05,0.003314967,0.002497081,0.3452261,0.64749163,0.00028274147
ISIC_0027540,HAM_0005910,nv,3,0.0009161192,3.2382468e-05,0.00052109774,0.00029778364,0.011372408,0.9864184,0.0004418182
ISIC_0031700,HAM_0004127,nv,3,0.008092445,0.00027461923,0.82666194,0.0008198614,0.030630175,0.13259742,0.0009235972
ISIC_0027073,HAM_0004127,nv,3,0.32456857,0.0017641218,0.40235734,0.010423056,0.050942123,0.20772348,0.002221365
ISIC_0024959,HAM_0000485,nv,3,8.1894024e-05,6.4207024e-06,0.000110739864,0.00017349668,0.0005140601,0.99909556,1.7797516e-05
ISIC_0028689,HAM_0002537,nv,3,0.000131793,5.487767e-06,0.00033676607,7.75528e-05,0.0030379181,0.9963924,1.8099438e-05
ISIC_0028151,HAM_0000764,nv,3,0.0028306786,0.00010938281,0.09695121,0.00050776056,0.0716271,0.8277731,0.00020079322
ISIC_0027466,HAM_0001454,nv,3,0.000878501,0.00013211674,0.011719828,0.00038378866,0.41032365,0.5763931,0.00016897987
ISIC_0029127,HAM_0003918,nv,3,0.0007820336,9.4640105e-05,0.00033585614,0.0005564436,0.25487253,0.74328244,7.604546e-05
ISIC_0025476,HAM_0006052,nv,3,0.0009525737,0.64231837,0.11812279,0.0015074154,0.10702815,0.12922674,0.0008439336
ISIC_0031708,HAM_0002865,nv,3,0.001147432,3.4819044e-05,0.0036832157,0.0004658737,0.4855965,0.50890076,0.00017138536
ISIC_0026560,HAM_0000896,nv,3,0.00011602582,6.681353e-06,0.00057204097,7.820093e-05,0.005205774,0.9939844,3.6975594e-05
ISIC_0025051,HAM_0000896,nv,3,0.0001754539,8.270449e-06,0.0010496317,8.8396235e-05,0.009980534,0.98864937,4.8342634e-05
ISIC_0029614,HAM_0006684,nv,3,0.0021398629,4.2444997e-05,0.00047173252,0.00029780867,0.062026586,0.9349132,0.000108387096
ISIC_0032189,HAM_0006028,nv,3,0.032108884,0.85532486,0.0054457784,0.05086707,0.033107918,0.021696804,0.0014486354
ISIC_0026610,HAM_0004279,nv,3,0.028620547,0.0005120604,0.5759829,0.00061525474,0.13977897,0.25409764,0.00039261035
ISIC_0028559,HAM_0000913,nv,3,0.0017061861,1.9363273e-05,0.002202316,0.0003043751,0.0040605804,0.99165255,5.4624772e-05
ISIC_0028032,HAM_0003058,nv,3,0.0009357852,0.00012072731,0.005227042,0.00022731732,0.96121776,0.03212914,0.00014225153
ISIC_0027469,HAM_0005884,nv,3,0.0030044208,5.405421e-05,0.0007461953,0.0009808552,0.4626263,0.5324796,0.000108554574
ISIC_0031076,HAM_0001961,nv,3,0.10134604,0.00014327596,0.02606597,0.0017050251,0.28064638,0.5883546,0.0017386536
ISIC_0031278,HAM_0001014,nv,3,0.0008381778,4.4162272e-05,0.0021836427,7.615668e-05,0.9576579,0.03914313,5.6927416e-05
ISIC_0026964,HAM_0004372,nv,3,0.09846669,0.0069168233,0.1422227,0.012934952,0.17717192,0.5570352,0.005251774
ISIC_0028905,HAM_0004399,nv,3,0.00022967762,0.00022655888,0.002770178,0.00042038414,0.036356557,0.9598836,0.00011303441
ISIC_0030167,HAM_0004372,nv,3,0.025026204,0.008146668,0.69363433,0.0059660524,0.09089621,0.17384356,0.002487021
ISIC_0032423,HAM_0001014,nv,3,0.0001756994,2.2120594e-05,0.002769957,7.4686985e-05,0.85513014,0.14179447,3.2884232e-05
ISIC_0032405,HAM_0001455,nv,3,0.0001619717,0.00014044887,0.008921422,0.00028931026,0.38948393,0.60089266,0.00011023958
ISIC_0031933,HAM_0001455,nv,3,0.00022992028,0.00017766863,0.004606812,0.0002476339,0.73244166,0.26218227,0.000114041315
ISIC_0031081,HAM_0006596,nv,3,0.013970776,4.9387803e-05,0.039354574,0.00028309916,0.61500823,0.33112472,0.00020915232
ISIC_0031113,HAM_0000707,nv,3,0.00010080654,7.303491e-05,0.00071388565,0.00018577407,0.032486953,0.9662443,0.00019526079
ISIC_0028166,HAM_0005510,nv,3,0.23094104,0.025910866,0.33503425,0.18126771,0.022765994,0.20261407,0.0014660798
ISIC_0026406,HAM_0005510,nv,3,0.007390069,0.00018536845,0.77470386,0.00072744105,0.0042822678,0.21262117,8.981358e-05
ISIC_0031894,HAM_0006613,nv,3,0.00019194874,2.6959555e-05,0.0003443646,0.00027846676,0.031471506,0.9676435,4.324986e-05
ISIC_0026096,HAM_0006543,nv,3,0.00018916455,2.4499974e-05,0.001697363,7.300069e-05,0.62845254,0.36944816,0.000115295705
ISIC_0026445,HAM_0004288,nv,3,0.0007187639,8.0998245e-05,0.0003549463,0.00022805428,0.39268208,0.60582674,0.000108358276
ISIC_0029026,HAM_0002905,nv,3,0.0039596483,0.0036728205,0.53716826,0.0013872551,0.22045343,0.23284522,0.00051334174
ISIC_0028281,HAM_0006300,nv,3,0.0025601962,0.029486474,0.5063324,0.0007946624,0.0063893646,0.4538734,0.0005635
ISIC_0026111,HAM_0000374,nv,3,0.006572363,0.68696785,0.106072575,0.0008012208,0.011546127,0.18309806,0.004941738
ISIC_0026581,HAM_0000889,nv,3,0.000103273866,1.8443796e-05,0.0064331545,0.00012978769,0.04496124,0.94826025,9.384844e-05
ISIC_0025936,HAM_0000889,nv,3,3.89686e-05,6.436436e-06,0.0009106178,7.25191e-05,0.018669214,0.9802556,4.6548303e-05
ISIC_0026231,HAM_0006581,nv,3,5.9556467e-05,9.973831e-05,0.006877072,0.00040818867,0.015452384,0.9767666,0.00033642328
ISIC_0027005,HAM_0006596,nv,3,0.010324185,6.35089e-05,0.46130052,0.00063891645,0.15391392,0.37357256,0.0001862988
ISIC_0027766,HAM_0001609,nv,3,0.004678918,6.8351015e-05,0.032175265,0.0002072719,0.1877047,0.77498114,0.00018435143
ISIC_0030809,HAM_0001609,nv,3,0.004730585,6.7428766e-05,0.25409073,0.000464406,0.25260627,0.48786327,0.0001773045
ISIC_0026401,HAM_0000889,nv,3,4.4117347e-05,1.7894785e-05,0.007135164,0.00014808562,0.07611328,0.9164468,9.46821e-05
ISIC_0030370,HAM_0000889,nv,3,0.00011595929,4.3415534e-05,0.0071531595,0.00021919416,0.24463828,0.7476749,0.00015512866
ISIC_0028472,HAM_0005769,nv,3,0.00019711167,1.957396e-05,0.0030638352,0.00024507,0.043616224,0.9528082,4.998386e-05
ISIC_0026671,HAM_0006526,nv,3,0.0025794522,0.00018998285,0.09899189,0.0007311291,0.26543397,0.6317878,0.0002857556
ISIC_0030603,HAM_0006921,nv,3,0.09007134,0.0010766392,0.86127555,0.0002456875,0.04359821,0.0032824506,0.0004501267
ISIC_0027298,HAM_0003451,nv,3,0.0024958304,0.000673879,0.0007069092,0.0006046514,0.8887941,0.10656679,0.00015773276
ISIC_0024561,HAM_0000707,nv,3,0.00022220427,0.00032647804,0.00077405584,0.0001360963,0.164237,0.83406436,0.00023979129
ISIC_0027098,HAM_0003451,nv,3,0.0013116667,0.0010518974,0.025609884,0.0005719067,0.84395194,0.12716907,0.00033359023
ISIC_0032340,HAM_0001881,nv,3,8.758718e-05,2.3344677e-05,0.00037602885,5.655053e-05,0.027411787,0.9719773,6.7550056e-05
ISIC_0024620,HAM_0001881,nv,3,0.0002731009,7.2506e-05,0.00525467,0.0001476149,0.09992598,0.8941164,0.00020980308
ISIC_0029079,HAM_0002888,nv,3,0.002263519,0.00012639628,0.03518335,0.0006148961,0.068349585,0.8933228,0.00013936248
ISIC_0025571,HAM_0002888,nv,3,0.005455184,0.00047672685,0.0062050642,0.00057842163,0.05126062,0.9356296,0.0003944493
ISIC_0025776,HAM_0003785,nv,3,0.00019011331,8.419765e-05,0.00043901536,5.877944e-05,0.010359582,0.98881334,5.4895576e-05
ISIC_0025908,HAM_0003785,nv,3,8.976375e-05,4.4090473e-05,0.00058419106,4.7953323e-05,0.008891796,0.9903116,3.0600284e-05
ISIC_0029671,HAM_0003754,nv,3,0.0004366923,3.276579e-05,0.001456184,4.022397e-05,0.015333919,0.982621,7.921752e-05
ISIC_0029119,HAM_0003932,nv,3,0.004329807,0.0015468586,0.28851348,0.0016889664,0.050430752,0.65271986,0.00077025057
ISIC_0026151,HAM_0003932,nv,3,0.0039029196,0.0014414233,0.30405045,0.0023557094,0.03368317,0.65381116,0.0007551391
ISIC_0032471,HAM_0003932,nv,3,0.0070329844,0.00046512304,0.024952365,0.0009923882,0.15894067,0.80716735,0.00044905517
ISIC_0024827,HAM_0001125,nv,3,0.0015325287,0.005900657,0.8873569,0.0007057661,0.014639964,0.08924383,0.00062040816
ISIC_0031304,HAM_0001125,nv,3,0.017789938,0.0012983306,0.21538076,0.00070313807,0.28926095,0.4750514,0.00051543256
ISIC_0029476,HAM_0004069,nv,3,0.06397684,0.005303075,0.008157607,0.0008784777,0.52994806,0.39152315,0.00021277212
ISIC_0028673,HAM_0004553,nv,3,9.9489385e-05,8.978003e-06,0.0017877674,5.478253e-05,0.0035105485,0.99451643,2.200483e-05
ISIC_0028649,HAM_0003754,nv,3,0.0006756702,2.8995642e-05,0.0019321031,4.429951e-05,0.008086934,0.98919386,3.8114053e-05
ISIC_0027959,HAM_0007083,nv,3,0.00019393174,3.5317596e-05,0.0018238722,0.0001492746,0.19823207,0.7994866,7.897006e-05
ISIC_0031045,HAM_0001454,nv,3,0.0008879922,4.6855504e-05,0.005368369,0.00020795109,0.075495936,0.91793424,5.8769972e-05
ISIC_0025763,HAM_0007508,nv,3,0.00040313863,4.461672e-05,0.004334149,0.00023768832,0.012131704,0.9827487,9.995792e-05
ISIC_0024716,HAM_0001058,nv,3,0.00037062468,7.745989e-05,0.007703034,0.00020851158,0.13363737,0.8579149,8.8117085e-05
ISIC_0028686,HAM_0005329,nv,3,9.384265e-05,2.2773644e-05,0.00133658,5.953363e-05,0.0008533238,0.9975962,3.776804e-05
ISIC_0029560,HAM_0006129,nv,3,0.00013875384,4.3152166e-05,0.00012584426,6.0086626e-05,0.0015526842,0.9980521,2.7375667e-05
ISIC_0027849,HAM_0006129,nv,3,0.0012966503,0.00010758503,0.63531446,0.0024224615,0.2458942,0.114574976,0.00038970535
ISIC_0030912,HAM_0001020,nv,3,0.00044843103,0.001096947,0.045607395,0.0014574825,0.08528909,0.8630733,0.0030272892
ISIC_0029208,HAM_0000604,nv,3,0.0013249241,0.012207595,0.0038469206,0.0013171836,0.6606797,0.32010844,0.000515313
ISIC_0025540,HAM_0001083,nv,3,6.248413e-05,4.2693773e-05,0.0013970111,0.00019096688,0.62766147,0.3704273,0.00021809104
ISIC_0032333,HAM_0001083,nv,3,0.0001839744,0.00013148058,0.00068890903,0.00035358258,0.19101539,0.80735236,0.0002742968
ISIC_0025141,HAM_0006599,nv,3,0.00011764094,0.000112253765,0.0002963275,0.0002597265,0.23133485,0.76745886,0.00042034444
ISIC_0026660,HAM_0006599,nv,3,5.6127097e-05,0.00012897904,0.00018277988,0.00022329147,0.08413001,0.9151446,0.00013424801
ISIC_0026218,HAM_0001541,nv,3,0.00013657291,0.00010698815,0.0036447325,0.0017174517,0.076794624,0.91745484,0.00014481433
ISIC_0028766,HAM_0001541,nv,3,3.4013352e-05,2.6959382e-05,0.00041224848,0.0001404318,0.0048831706,0.9944612,4.2000887e-05
ISIC_0027523,HAM_0001498,nv,3,0.00015042421,9.78829e-05,0.05514693,0.0002799338,0.0021511067,0.941893,0.00028075514
ISIC_0028531,HAM_0001498,nv,3,0.000107303335,4.310118e-05,0.012997791,0.00013095824,0.0052464562,0.9814177,5.6766195e-05
ISIC_0029328,HAM_0001169,nv,3,0.0023471431,0.0014056553,0.303537,0.00091467734,0.042882863,0.6476277,0.0012848728
ISIC_0030384,HAM_0001169,nv,3,0.006660406,0.0020592713,0.27235815,0.001025404,0.07872076,0.6382183,0.0009576502
ISIC_0031829,HAM_0006936,nv,3,0.00023603154,0.00016606892,0.000509534,0.00021575029,0.89816225,0.10037814,0.0003322083
ISIC_0027729,HAM_0006936,nv,3,0.0002506723,0.00016503835,0.0022832956,0.00017914744,0.4392819,0.5574777,0.00036224132
ISIC_0029650,HAM_0001329,nv,3,3.0339132e-05,9.565295e-06,0.00011556586,6.7639776e-05,0.0024290385,0.997322,2.5899799e-05
ISIC_0029879,HAM_0001329,nv,3,4.5991328e-05,1.962669e-05,0.0010884559,0.00010693305,0.0033428723,0.995375,2.1263e-05
ISIC_0029838,HAM_0002364,nv,3,0.0035179923,0.00029620042,0.47446477,0.0011510827,0.039482564,0.4800576,0.0010298105
ISIC_0025446,HAM_0002364,nv,3,0.0006893175,0.00024554378,0.65101486,0.0004641436,0.010522676,0.3364253,0.0006381373
ISIC_0024712,HAM_0002364,nv,3,0.00086554495,0.0004464154,0.17974542,0.00072318985,0.051901825,0.76567686,0.0006407107
ISIC_0027133,HAM_0004604,nv,3,7.137316e-05,6.944798e-05,0.01442208,0.00012898793,0.0071884193,0.9780465,7.3208575e-05
ISIC_0028756,HAM_0004604,nv,3,4.0679355e-05,7.6445656e-05,0.0009011045,0.00026140537,0.0027587076,0.99568826,0.00027341594
ISIC_0027266,HAM_0003430,nv,3,0.0004246898,0.00011308242,0.07684926,0.00066293136,0.0016821428,0.91990256,0.00036539114
ISIC_0025271,HAM_0003430,nv,3,0.00031114134,7.093271e-05,0.09005861,0.000612765,0.0063695884,0.9024815,9.5450385e-05
ISIC_0027867,HAM_0003430,nv,3,0.00015238355,0.00016573415,0.3202289,0.00069776684,0.00066972646,0.6779246,0.0001609491
ISIC_0030348,HAM_0002364,nv,3,0.0010482413,0.0073333047,0.08055262,0.00046971897,0.051957913,0.8576062,0.0010319897
ISIC_0032042,HAM_0002364,nv,3,0.0025617213,0.0007736883,0.20792216,0.00054223544,0.010326592,0.7770643,0.0008092362
ISIC_0029231,HAM_0004996,nv,3,0.00036474882,0.00017672584,0.046574958,0.0006144289,0.006430695,0.9446634,0.0011751262
ISIC_0030144,HAM_0004996,nv,3,0.00018670884,6.5413085e-05,0.0053378474,0.00036484492,0.010579357,0.97681296,0.0066527976
ISIC_0028909,HAM_0004996,nv,3,0.0001436819,7.919386e-05,0.01795685,0.00019486155,0.00060168304,0.98041075,0.0006129513
ISIC_0026889,HAM_0002833,nv,3,1.8239221e-05,1.6349533e-05,0.0002502526,9.344409e-05,0.001362465,0.9982216,3.7791717e-05
ISIC_0030963,HAM_0002833,nv,3,7.5987564e-06,4.9736623e-06,0.0002698345,2.9645571e-05,8.24759e-05,0.99958354,2.1859274e-05
ISIC_0024734,HAM_0007445,nv,3,7.660679e-05,1.7722206e-05,0.00044701924,7.475915e-05,0.008309952,0.9909894,8.4547915e-05
ISIC_0027012,HAM_0007445,nv,3,0.00024891132,0.00016452034,0.0018383219,0.00013040075,0.08276308,0.91445273,0.000402055
ISIC_0026190,HAM_0002571,nv,3,0.0005608237,0.10521715,0.0017140154,0.0033135447,0.10962242,0.77745545,0.0021165265
ISIC_0025881,HAM_0002571,nv,3,3.5842346e-05,0.00042590985,0.00029372552,0.00063253497,0.0023216384,0.9960492,0.00024114057
ISIC_0030300,HAM_0002284,nv,3,0.00044632063,0.0001511133,0.00062026037,0.0011258917,0.21740435,0.7798509,0.00040125314
ISIC_0030086,HAM_0000229,nv,3,7.0334027e-06,7.0609303e-06,0.00089722197,4.0513984e-05,0.0005560108,0.9984425,4.9784405e-05
ISIC_0032931,HAM_0002553,nv,3,0.0002233964,9.007074e-06,0.00023641491,6.05979e-05,0.20549285,0.7939129,6.488521e-05
ISIC_0032939,HAM_0003358,nv,3,0.00086194393,3.656289e-05,0.035040792,0.00032208487,0.5240521,0.43957567,0.000110875604
ISIC_0033474,HAM_0003364,nv,3,0.0010356791,5.8743688e-05,0.007922646,0.00021911353,0.30613375,0.6845144,0.00011569045
ISIC_0033484,HAM_0000556,nv,3,0.0055519897,0.0002882718,0.0078813415,0.28504097,0.12331504,0.5757986,0.0021238255
ISIC_0033540,HAM_0000556,nv,3,0.0008860048,8.645066e-05,0.0016185103,0.8701064,0.039136402,0.08802315,0.00014309092
ISIC_0034279,HAM_0000556,nv,3,0.0036902365,0.0008833825,0.11424071,0.5035617,0.22697303,0.14841709,0.0022338743
ISIC_0033589,HAM_0006925,nv,3,0.0005848529,2.7757578e-05,0.0060764793,0.00049830094,0.29450172,0.69824225,6.870066e-05
ISIC_0033888,HAM_0006925,nv,3,0.00028084614,8.195846e-06,0.0018811951,0.00018026854,0.02929781,0.96831703,3.457326e-05
ISIC_0033338,HAM_0006925,nv,3,0.0007089829,1.6641146e-05,0.0013519161,0.00032650353,0.15520518,0.84231514,7.5607095e-05
ISIC_0033335,HAM_0005313,nv,3,4.0944407e-05,1.32150435e-05,0.00017837623,0.00011675373,0.00912219,0.99050015,2.8306025e-05
ISIC_0032616,HAM_0007376,nv,3,6.20877e-05,1.9252666e-05,0.00044476325,5.6201225e-05,0.0017724367,0.99761057,3.4590772e-05
ISIC_0033436,HAM_0007184,nv,3,5.0805247e-05,4.7263293e-05,0.0007682576,0.00014304451,0.04364565,0.95531505,2.9925253e-05
ISIC_0033572,HAM_0003208,nv,3,0.0021193908,0.0022916077,0.6658928,0.00027854706,0.0917169,0.23743139,0.00026945028
ISIC_0033596,HAM_0003208,nv,3,0.0027787879,0.0026684224,0.8850876,0.00030454918,0.01083579,0.09814714,0.00017764195
ISIC_0033082,HAM_0002876,nv,3,0.00054059067,0.00015886471,0.0008012853,0.00068203727,0.8150639,0.18257713,0.000176191
ISIC_0034098,HAM_0002876,nv,3,0.0017766748,0.00023067156,0.0011167114,0.0006532831,0.7656013,0.23032461,0.00029676722
ISIC_0032868,HAM_0004572,nv,3,0.00021474036,0.0001453006,0.06425415,0.0005608148,0.0068521677,0.9277555,0.00021727165
ISIC_0033464,HAM_0000650,nv,3,4.8479444e-05,8.666459e-06,0.00033762498,5.9630736e-05,0.0032021238,0.9963003,4.324502e-05
ISIC_0032678,HAM_0004344,nv,3,1.901932e-05,5.2711694e-06,4.6343466e-05,9.1760856e-05,0.0007385103,0.9990858,1.3434137e-05
ISIC_0034309,HAM_0003810,nv,3,2.3985469e-05,5.1720463e-06,7.530082e-05,0.0001500326,6.529484e-05,0.99963295,4.723724e-05
ISIC_0029152,HAM_0003816,nv,3,1.3196852e-05,4.655206e-06,2.4824085e-05,5.6160883e-05,6.3514446e-05,0.99981934,1.8393725e-05
ISIC_0034072,HAM_0006237,nv,3,0.012002552,0.003658784,0.8592976,0.10598969,0.0024877747,0.01586396,0.0006996564
ISIC_0032849,HAM_0006231,nv,3,0.00015051366,6.863127e-06,0.0006413124,9.680006e-05,0.0016925232,0.9973749,3.7029324e-05
ISIC_0034228,HAM_0004213,nv,3,4.0255967e-05,6.6750936e-06,0.0013137092,7.4914846e-05,0.0015970641,0.9969399,2.7559629e-05
ISIC_0034082,HAM_0004211,nv,3,2.4353089e-05,7.0319998e-06,0.000112059024,4.852658e-05,0.001528905,0.99824333,3.5746332e-05
ISIC_0033567,HAM_0004200,nv,3,1.6392652e-05,1.8430754e-05,0.00014071487,0.0002065211,0.00070387364,0.99890137,1.2741701e-05
ISIC_0034312,HAM_0004216,nv,3,1.2874381e-05,1.1163632e-05,7.194793e-05,3.568644e-05,0.00033284634,0.9994947,4.0675666e-05
ISIC_0033628,HAM_0004508,nv,3,3.400953e-05,1.0785508e-05,0.00022101327,2.6229249e-05,0.009193484,0.99047273,4.175081e-05
ISIC_0033332,HAM_0001118,nv,3,3.485999e-05,0.002857178,3.005119e-05,0.00018955878,0.0007976827,0.9956045,0.00048618717
ISIC_0033809,HAM_0003998,nv,3,0.00011664807,6.5679933e-06,0.00015468457,0.000106729145,0.0012394744,0.9983398,3.6065376e-05
ISIC_0033535,HAM_0003017,nv,3,9.37083e-05,0.00025225012,0.00024785483,7.101159e-05,0.005066579,0.99422425,4.4437915e-05
ISIC_0033064,HAM_0001209,nv,3,9.804277e-05,0.0003579258,0.0069069723,0.00037546954,0.0017519075,0.98101336,0.0094961915
ISIC_0033982,HAM_0006643,nv,3,2.4841818e-05,2.1965687e-05,0.00014850436,0.00010316777,0.0069014137,0.99274737,5.264151e-05
ISIC_0033456,HAM_0002615,akiec,3,0.9981065,0.00013903268,0.0003884066,0.0008216548,0.00039413804,0.0001047426,4.549132e-05
ISIC_0030408,HAM_0002061,akiec,3,0.97200125,0.0022315513,0.004354257,0.012948729,0.007228199,0.00081894005,0.00041705
ISIC_0027700,HAM_0001383,akiec,3,0.021523047,0.01509537,0.91473657,0.00046065132,0.04269932,0.005381106,0.00010399679
ISIC_0026927,HAM_0003501,akiec,3,0.77269566,0.20000108,0.02407407,0.0010393101,0.00095372455,0.0007500505,0.00048616438
ISIC_0025539,HAM_0000967,akiec,3,0.5740729,0.00076614466,0.38316262,0.0016898358,0.033317298,0.0052612755,0.0017299091
ISIC_0025696,HAM_0002472,akiec,3,0.997489,0.00013826987,0.00087362586,5.409441e-05,0.0012275813,0.00012334058,9.401601e-05
ISIC_0029582,HAM_0003501,akiec,3,0.89597875,0.060615905,0.02971544,0.00448636,0.0022558835,0.005281064,0.0016666362
ISIC_0024707,HAM_0005448,akiec,3,0.37239987,0.00933452,0.61039656,0.00035036428,0.0054672556,0.0014794169,0.0005720394
ISIC_0027650,HAM_0002648,akiec,3,0.9976654,0.00063837453,0.0014467002,3.9506074e-05,0.00013951516,3.7185077e-05,3.3397653e-05
ISIC_0026645,HAM_0003136,akiec,3,0.6313636,0.25609237,0.01211287,0.0022199645,0.09329555,0.003922884,0.0009928296
ISIC_0029315,HAM_0004780,akiec,3,0.9814291,0.0024374754,0.006080126,0.0028580585,0.005346241,0.0011695134,0.0006795117
ISIC_0029811,HAM_0003157,akiec,3,0.9887116,0.006648888,0.0036988568,0.0005192576,0.00021289488,5.663232e-05,0.00015185223
ISIC_0029059,HAM_0002771,akiec,3,0.00022303063,0.9970763,0.0016953246,6.768917e-05,9.288225e-05,0.0007596783,8.523354e-05
ISIC_0025953,HAM_0002461,akiec,3,0.9987582,0.00034165426,0.00025953638,0.00011635557,0.00032331384,5.5991815e-05,0.00014494834
ISIC_0025811,HAM_0005255,akiec,3,0.9957573,0.0002859982,0.0026923586,0.0008129448,0.00019446324,0.00013549233,0.000121454555
ISIC_0033494,HAM_0002615,akiec,3,0.9863446,0.01236784,0.00033674942,0.0002532008,0.0004398479,0.00010350828,0.00015432578
ISIC_0033413,HAM_0002615,akiec,3,0.9987238,0.00018394268,0.00046754032,0.00019466202,0.00022724982,9.168283e-05,0.00011102345
ISIC_0029851,HAM_0000769,akiec,3,0.6397496,0.0021131637,0.002601775,0.0012854591,0.3526139,0.0009904199,0.0006457384
ISIC_0029279,HAM_0000769,akiec,3,0.9909518,9.5242016e-05,0.0008050808,0.00020965927,0.007617908,0.00020863803,0.000111785
ISIC_0030280,HAM_0003633,akiec,3,0.9705523,0.016312437,0.0030235813,0.00027740106,0.009404108,0.0003445576,8.559981e-05
ISIC_0031578,HAM_0003157,akiec,3,0.98247796,0.010025351,0.006555551,0.00016866447,0.00053653825,7.499073e-05,0.00016094076
ISIC_0030245,HAM_0004780,akiec,3,0.98496103,0.00898741,0.0027571132,0.000764502,0.0014960915,0.0008274314,0.0002063666
ISIC_0031672,HAM_0004439,akiec,3,0.9637935,0.0016596707,0.014966854,0.00018785372,0.0044807177,0.01421885,0.0006925297
ISIC_0030986,HAM_0004439,akiec,3,0.99403363,9.241814e-05,0.00050623796,0.000115466384,0.004796021,0.00033805144,0.00011820459
ISIC_0031431,HAM_0004439,akiec,3,0.9821379,0.0011692159,0.013122156,0.0002114794,0.0016122365,0.0012666954,0.0004803141
ISIC_0026709,HAM_0001565,akiec,3,0.8379353,0.0003560333,0.1580596,0.00052362017,0.002244713,0.0006977605,0.00018291264
ISIC_0030730,HAM_0004592,akiec,3,0.21015285,0.0025993385,0.6717891,0.0016202828,0.10650029,0.006908801,0.0004293322
ISIC_0025247,HAM_0005231,akiec,3,0.9954081,0.00041354867,0.0028510408,0.00040357452,0.0003170788,0.00045954832,0.00014702398
ISIC_0029043,HAM_0005231,akiec,3,0.97831,0.003811783,0.004440949,0.011152967,0.00064696535,0.0012313267,0.00040604846
ISIC_0030158,HAM_0005255,akiec,3,0.98206264,0.0020379017,0.01294298,0.0016697969,0.0006513525,0.0001801689,0.0004551616
ISIC_0029549,HAM_0005718,akiec,3,0.28566414,0.66548747,0.036035486,0.0008213994,0.0068674255,0.0045324476,0.0005916318
ISIC_0024470,HAM_0006220,akiec,3,0.53295773,0.047141284,0.00955398,0.3891594,0.011884317,0.005903306,0.0033999293
ISIC_0024925,HAM_0006592,akiec,3,0.004368951,0.94250983,0.01016804,0.0020577088,0.01344213,0.023838462,0.0036149202
ISIC_0027562,HAM_0007622,akiec,3,0.89461297,0.0064622094,0.07591348,0.00047306114,0.020322392,0.0017662386,0.00044963826
ISIC_0027767,HAM_0003934,akiec,3,0.0019300532,0.47923735,0.49444997,0.0004923018,0.014081364,0.009595625,0.00021339701
ISIC_0025780,HAM_0006587,akiec,3,0.99915755,0.00016192427,0.00022524908,6.5743545e-05,0.00024618272,7.567036e-05,6.769812e-05
ISIC_0024511,HAM_0001505,akiec,3,0.9261801,0.018239299,0.0049198386,0.0026501692,0.026752692,0.020451995,0.0008058914
ISIC_0028517,HAM_0006220,akiec,3,0.9586537,0.011690676,0.022900412,0.0030303982,0.0018042398,0.0006223119,0.0012982765
ISIC_0030133,HAM_0001152,akiec,3,0.997282,0.00012525692,0.0012890565,6.639365e-05,0.0009833297,0.00014903709,0.00010486069
ISIC_0029141,HAM_0004592,akiec,3,0.63680875,0.0073975376,0.34085917,0.0011391673,0.008807342,0.0046371785,0.00035083585
ISIC_0028619,HAM_0001565,akiec,3,0.53782386,0.0016333876,0.420497,0.0015106366,0.02908,0.008124663,0.0013305309
ISIC_0032534,HAM_0004332,bkl,3,3.7995454e-05,0.99579287,0.00104675,0.00035042482,0.00069826544,0.0018934538,0.00018020716
ISIC_0033785,HAM_0004332,bkl,3,6.994327e-05,0.99468803,0.0006627937,0.00038331468,0.0025142147,0.0015592069,0.00012251474
ISIC_0033184,HAM_0004332,bkl,3,3.299686e-05,0.9973117,0.0011392898,0.00013570384,0.0004069211,0.00081735064,0.00015604171
ISIC_0033606,HAM_0002327,bkl,3,0.00068545056,0.010738625,0.47967196,0.00057271536,0.4958659,0.011929455,0.0005359188
ISIC_0034103,HAM_0002327,bkl,3,0.00025622582,0.0014780819,0.009201426,0.00032644017,0.9542828,0.034220852,0.00023420936
ISIC_0032883,HAM_0002327,bkl,3,0.00029076298,0.0023769718,0.28194338,0.00017739303,0.70054775,0.014140322,0.0005234278
ISIC_0027068,HAM_0007296,bkl,3,0.000827582,0.0004669595,0.22590801,0.0005960849,0.008845364,0.76274574,0.00061022065
ISIC_0029522,HAM_0002199,bkl,3,0.0104468865,0.0011917293,0.3810702,0.006473962,0.1576175,0.44204918,0.0011505606
ISIC_0024371,HAM_0000806,bkl,3,0.017441379,0.005619007,0.91903394,0.0028378582,0.008913624,0.045222934,0.00093126803
ISIC_0024709,HAM_0004832,bkl,3,0.03468237,0.0010290678,0.0857559,0.83700097,0.03622279,0.0039718794,0.0013369248
ISIC_0029235,HAM_0005580,bkl,3,0.001707956,7.941548e-05,0.9735999,6.494374e-05,0.023808984,0.00066558726,7.316097e-05
ISIC_0027041,HAM_0003049,bkl,3,0.007639354,0.00035729734,0.24328913,0.47540754,0.01711654,0.2549648,0.0012253604
ISIC_0031577,HAM_0005338,bkl,3,0.001669063,0.00017201071,0.76973903,0.009432829,0.0029696207,0.21542525,0.000592224
ISIC_0026967,HAM_0007027,bkl,3,0.0002525717,0.00036214577,0.9935493,0.004177044,0.0007100864,0.00080267125,0.00014617728
ISIC_0033310,HAM_0000119,mel,3,0.0004457536,0.11275465,0.00014901743,0.0013851385,0.88170266,0.0027796733,0.00078308635
ISIC_0033024,HAM_0006184,mel,3,0.00051046157,0.93290395,0.0005492521,0.00028494824,0.044580057,0.020731652,0.00043961586
ISIC_0034134,HAM_0006184,mel,3,0.0005157022,0.98290104,0.00076813606,0.00032652225,0.012629258,0.002463508,0.00039578887
ISIC_0030366,HAM_0002764,mel,3,0.00016121841,0.00014144354,0.010341217,0.00037852259,0.26592332,0.72285444,0.00019985733
ISIC_0028718,HAM_0006380,mel,3,0.0030414292,0.00033792265,0.059790276,0.0014564462,0.188903,0.7456681,0.0008027565
ISIC_0028051,HAM_0006636,mel,3,0.30442646,0.0017856057,0.010938162,0.089812696,0.29853833,0.2939099,0.00058883027
ISIC_0030747,HAM_0006380,mel,3,0.00079049694,0.00019657818,0.004216388,0.00055455696,0.13972989,0.85427916,0.00023298686
ISIC_0027663,HAM_0006355,mel,3,0.007815011,0.00015255454,0.01925752,0.2720797,0.12554416,0.57486886,0.00028223966
ISIC_0026586,HAM_0001976,mel,3,0.08054864,0.00017482824,0.107967466,0.0007728864,0.7993373,0.010410768,0.0007881303
ISIC_0025732,HAM_0001976,mel,3,5.8315592e-05,1.478775e-05,0.0001293788,1.8511802e-05,0.9993825,0.00037583517,2.0732235e-05
ISIC_0031417,HAM_0006380,mel,3,0.00016282199,1.6343487e-05,0.0004401178,0.00021910094,0.0032291114,0.9959054,2.6998536e-05
ISIC_0025573,HAM_0004936,mel,3,0.0015989589,1.047798e-05,0.00091523933,8.687848e-05,0.9678861,0.029456861,4.5425466e-05
ISIC_0029705,HAM_0004936,mel,3,0.05080561,0.00015205445,0.023812111,0.00045751114,0.46040583,0.46401685,0.0003501015
ISIC_0031498,HAM_0001953,mel,3,0.00045864165,3.4111563e-05,6.360444e-05,0.000500532,0.9799544,0.018957386,3.1302527e-05
ISIC_0025611,HAM_0001953,mel,3,0.00034353454,9.948729e-05,0.00015125623,0.00014475315,0.9648398,0.03439729,2.3815637e-05
ISIC_0025452,HAM_0004257,vasc,3,5.517459e-06,1.1887599e-05,9.981076e-06,3.206237e-05,2.2405013e-05,8.926495e-05,0.9998288
ISIC_0029034,HAM_0005921,bcc,3,9.230193e-05,0.9995937,7.111675e-05,3.3626e-05,0.000112980306,5.7088135e-05,3.9236063e-05
ISIC_0030800,HAM_0005921,bcc,3,5.0403156e-05,0.99907494,0.00022534047,5.7562214e-05,0.0002574726,0.00021744976,0.00011684803
ISIC_0026593,HAM_0004970,bcc,3,9.360656e-05,0.99120706,0.0020785846,7.882464e-05,0.00361699,0.0025604507,0.00036448144
ISIC_0027774,HAM_0004970,bcc,3,0.0010592864,0.13109927,0.00875741,0.00078412576,0.4426377,0.4150083,0.0006538832
ISIC_0028980,HAM_0003741,bcc,3,3.483456e-05,0.9997478,4.3394666e-05,1.938835e-05,1.7809134e-05,9.4921605e-05,4.1813826e-05
ISIC_0034047,HAM_0002559,bcc,3,0.00016215444,0.98602784,0.00031966073,0.00037372124,0.011126277,0.0017025247,0.00028794457
ISIC_0030181,HAM_0005985,bcc,3,0.0008261883,0.9983594,0.00044520578,0.00014362259,4.1755757e-05,8.2717495e-05,0.00010105111
ISIC_0030452,HAM_0004235,bcc,3,0.7433433,0.20601621,0.038034804,0.0017513322,0.00063429045,0.008597239,0.0016228838
ISIC_0028303,HAM_0005030,bcc,3,0.000274662,0.9993717,6.725133e-05,0.00010164869,4.6176e-05,8.1756814e-05,5.690849e-05
ISIC_0027038,HAM_0005985,bcc,3,0.004742708,0.9945709,0.0003334785,0.00011373768,9.1034504e-05,6.6993656e-05,8.112606e-05
ISIC_0032030,HAM_0005985,bcc,3,0.005212521,0.99333066,0.00052270334,0.0002126399,0.00015832948,0.00028979406,0.00027330182
ISIC_0028978,HAM_0005026,bcc,3,0.0054310746,0.017251493,0.55398464,0.048738677,0.3301539,0.043582536,0.0008576441
ISIC_0028728,HAM_0005026,bcc,3,0.040141776,0.88941336,0.0053145317,0.053884946,0.0028280448,0.007382101,0.0010353118
ISIC_0025843,HAM_0004098,nv,3,7.8962184e-05,1.7177123e-05,0.0062239277,0.00016814528,0.00036780146,0.9929367,0.00020722658
ISIC_0026555,HAM_0001335,nv,3,2.358337e-05,9.985828e-06,0.00027354594,2.49577e-05,0.0003012393,0.9993284,3.8242222e-05
ISIC_0030013,HAM_0001530,nv,3,1.5986918e-05,1.1447673e-05,0.00051563734,5.283022e-05,0.00010429873,0.9992293,7.039996e-05
ISIC_0027324,HAM_0003189,nv,3,0.0012640925,0.0023227527,0.019923957,0.55573523,0.000891139,0.41057462,0.009288149
ISIC_0027784,HAM_0001723,nv,3,0.00010187133,1.9825953e-05,0.0044517578,0.00019256413,0.18563229,0.8095059,9.588635e-05
ISIC_0025416,HAM_0005683,nv,3,1.9550745e-05,4.5450056e-06,6.652799e-05,3.3681838e-05,0.0024915736,0.9973501,3.4112163e-05
ISIC_0026283,HAM_0003654,nv,3,0.000101452475,6.086748e-06,0.0009989451,0.0003286791,0.00010820674,0.99841714,3.9458704e-05
ISIC_0026520,HAM_0000642,nv,3,2.3497856e-05,6.349115e-06,0.0001348911,7.856612e-05,5.4634158e-05,0.9996019,0.00010021809
ISIC_0030880,HAM_0004803,nv,3,4.5959972e-05,8.435578e-06,0.0002150612,3.6678284e-05,0.0010656343,0.99858934,3.885365e-05
ISIC_0027886,HAM_0000003,nv,3,1.5561165e-05,5.042113e-06,0.0002885015,2.2225135e-05,4.0998213e-05,0.99958044,4.7188656e-05
ISIC_0026594,HAM_0003383,nv,3,2.0180225e-05,3.3922724e-06,0.00011218589,5.5447985e-05,3.9318507e-05,0.99973947,3.0117119e-05
ISIC_0030566,HAM_0002464,nv,3,4.2000804e-05,2.909311e-05,0.00026390242,0.00031957295,0.010418733,0.98864937,0.0002772434
ISIC_0025375,HAM_0007600,nv,3,8.060918e-05,1.4424229e-05,0.00018926122,0.00017796816,0.01703675,0.9824607,4.029604e-05
ISIC_0025559,HAM_0002354,nv,3,8.763599e-05,6.771985e-05,0.0019931258,0.013577382,0.0014190426,0.9820629,0.00079223025
ISIC_0025057,HAM_0005217,nv,3,1.1466694e-05,6.1979104e-06,0.00015709932,2.9025e-05,0.00080074323,0.9989366,5.880414e-05
ISIC_0029300,HAM_0003914,nv,3,0.0044886707,0.0001059766,0.024076693,0.034741793,0.61731833,0.31714824,0.002120298
ISIC_0030306,HAM_0001904,nv,3,1.8506815e-05,5.84622e-06,0.00023150061,0.0003594042,0.00016931522,0.99911326,0.00010211983
ISIC_0032266,HAM_0002289,nv,3,1.3646798e-05,1.3047324e-05,0.00012415276,0.00041959345,7.845525e-05,0.9991666,0.000184384
ISIC_0030186,HAM_0006850,nv,3,9.043515e-06,4.5740876e-06,3.271038e-05,2.4630881e-05,6.517954e-05,0.9998186,4.523681e-05
ISIC_0025740,HAM_0001308,nv,3,1.8296152e-05,3.1856107e-06,5.0467992e-05,2.1079319e-05,0.00048023186,0.99938357,4.3083335e-05
ISIC_0027082,HAM_0000816,nv,3,2.1811229e-05,7.3344404e-06,0.0011896903,0.00012625256,0.0031559165,0.99544036,5.859833e-05
ISIC_0027453,HAM_0000780,nv,3,4.4234395e-05,4.5720944e-06,0.00014472066,0.00031203515,4.915465e-05,0.99938285,6.250245e-05
ISIC_0026240,HAM_0006429,nv,3,1.4671345e-05,2.466236e-06,4.1227246e-05,3.5297988e-05,0.00055702764,0.99929214,5.7210425e-05
ISIC_0027638,HAM_0004527,nv,3,0.00055601035,4.8964695e-05,0.0017088735,0.027371876,0.0004450251,0.96866834,0.0012008758
ISIC_0029226,HAM_0000831,nv,3,2.7232196e-05,5.3466492e-06,0.00015509284,5.305834e-05,8.7606655e-05,0.9996315,4.016804e-05
ISIC_0026109,HAM_0007503,nv,3,0.034011144,0.0002218978,0.002072668,0.026513785,0.0013983346,0.93464315,0.0011390605
ISIC_0030684,HAM_0007328,nv,3,7.188047e-05,1.2975856e-05,0.00013991291,5.9069545e-05,0.00015838734,0.9995332,2.4527852e-05
ISIC_0029714,HAM_0006494,nv,3,1.5368329e-05,1.14430995e-05,0.00016668369,8.630562e-05,0.00016202935,0.99688125,0.0026770348
ISIC_0030857,HAM_0003479,nv,3,4.3224012e-05,2.8122206e-06,4.793816e-05,4.728722e-05,0.000124513,0.99971384,2.033798e-05
ISIC_0029050,HAM_0003481,nv,3,1.7772789e-05,3.7545972e-06,4.1363342e-05,0.00011404416,0.00012213514,0.999658,4.284339e-05
ISIC_0028752,HAM_0001695,nv,3,2.438691e-05,1.6662942e-05,0.0003396228,9.758905e-05,0.0022826882,0.9957326,0.0015065563
ISIC_0026564,HAM_0001659,nv,3,1.3233367e-05,5.315527e-06,8.507909e-05,5.4663626e-05,0.00010406309,0.99965286,8.470602e-05
ISIC_0026469,HAM_0003553,nv,3,3.8108985e-05,6.1186934e-06,6.158576e-05,3.507338e-05,6.14056e-05,0.99974424,5.3585067e-05
ISIC_0029621,HAM_0007132,nv,3,8.431528e-05,2.3620198e-05,0.0005054846,0.00016492016,5.857484e-05,0.9989359,0.0002271871
ISIC_0029156,HAM_0001571,nv,3,3.6361667e-05,3.2430783e-06,0.00015080694,1.2505047e-05,9.14802e-05,0.99968433,2.12718e-05
ISIC_0030999,HAM_0006057,nv,3,6.446483e-05,6.874635e-06,0.00062429794,0.00013455321,5.2154257e-05,0.9990472,7.0387134e-05
ISIC_0026221,HAM_0006676,nv,3,2.1564894e-05,7.840855e-06,4.619102e-05,5.1029037e-05,0.0001328935,0.99969685,4.3647447e-05
ISIC_0029137,HAM_0002048,nv,3,3.468972e-05,1.8750286e-05,0.00038908655,3.5512367e-05,0.004836485,0.99461925,6.621638e-05
ISIC_0024956,HAM_0005904,nv,3,6.288391e-05,6.8919426e-06,7.323213e-05,9.65914e-05,9.444605e-05,0.9996081,5.7761907e-05
ISIC_0026548,HAM_0006255,nv,3,2.1057573e-05,1.2068752e-05,0.000105127125,6.153006e-05,0.00028409567,0.999328,0.00018821178
ISIC_0027289,HAM_0003565,nv,3,0.00019737531,3.4449742e-05,0.00016636906,5.7467543e-05,9.391886e-05,0.9993818,6.864544e-05
ISIC_0027993,HAM_0004659,nv,3,7.511574e-06,8.528368e-06,5.3403208e-05,8.9630266e-05,2.921971e-05,0.9997626,4.907738e-05
ISIC_0028416,HAM_0003332,nv,3,1.1274331e-05,1.9591848e-06,1.4293905e-05,5.667168e-05,0.0003047231,0.9995962,1.4965261e-05
ISIC_0024724,HAM_0000679,nv,3,2.0082189e-05,4.1726203e-06,5.7629386e-05,2.8459048e-05,9.236168e-05,0.99975246,4.4772365e-05
ISIC_0029114,HAM_0007231,nv,3,2.2484634e-05,5.140993e-06,0.0001210769,2.2396976e-05,0.00031977487,0.9994702,3.896395e-05
ISIC_0027521,HAM_0005554,nv,3,2.3159773e-05,3.513718e-06,8.706332e-05,5.6930487e-05,3.4496377e-05,0.99975795,3.686493e-05
ISIC_0027484,HAM_0001756,nv,3,1.8069524e-05,4.0595123e-06,9.864154e-05,6.8360365e-05,0.00015153456,0.9996147,4.454815e-05
ISIC_0028171,HAM_0005346,nv,3,2.047733e-05,1.8660252e-06,1.6310014e-05,4.4033182e-05,0.00017288371,0.9997063,3.8070346e-05
ISIC_0030638,HAM_0005976,nv,3,0.00012354733,2.0446183e-05,0.00021651492,0.00015801945,0.0001891245,0.999161,0.00013125884
ISIC_0027809,HAM_0003085,nv,3,7.380682e-05,4.2876895e-06,8.355245e-05,7.4204305e-05,0.00012576437,0.9996125,2.5807622e-05
ISIC_0030776,HAM_0000543,nv,3,1.8479823e-05,4.663314e-06,0.00011210253,2.4102234e-05,0.0001248916,0.99960655,0.000109318695
ISIC_0027664,HAM_0000422,nv,3,1.142945e-05,5.976026e-06,5.9188344e-05,8.078245e-05,2.0777063e-05,0.99958915,0.0002327268
ISIC_0031877,HAM_0006476,nv,3,1.3965315e-05,4.793404e-06,6.578431e-05,2.090309e-05,6.954997e-05,0.99977714,4.796461e-05
ISIC_0026271,HAM_0007103,nv,3,2.1850734e-05,2.0208625e-05,0.00050342845,4.3455377e-05,8.483259e-05,0.999193,0.00013313498
ISIC_0027168,HAM_0006072,nv,3,5.1369803e-05,6.9725443e-06,0.00012857739,3.258892e-05,0.00023574062,0.9995166,2.8038588e-05
ISIC_0025354,HAM_0000126,nv,3,6.2393865e-06,7.4094546e-06,2.340963e-05,5.0387796e-05,5.59925e-05,0.99974626,0.00011029578
ISIC_0029159,HAM_0005507,nv,3,6.0595426e-06,4.3560085e-06,5.135906e-05,2.3663622e-05,8.3356346e-05,0.9997956,3.5505964e-05
ISIC_0030045,HAM_0006864,nv,3,0.00026471308,2.3130375e-05,0.00036023333,0.000102255515,0.0011552075,0.9975141,0.0005803078
ISIC_0029507,HAM_0002783,nv,3,2.0536621e-05,4.0597283e-06,7.857132e-05,2.2643346e-05,9.775971e-05,0.999668,0.00010847464
ISIC_0030431,HAM_0005833,nv,3,2.084141e-05,1.8810266e-05,4.951008e-05,7.724641e-05,3.376294e-05,0.9997516,4.8221696e-05
ISIC_0025263,HAM_0003705,nv,3,0.00020263564,3.4938766e-05,0.00094663474,0.000104716135,0.00076029426,0.9978543,9.6469026e-05
ISIC_0030301,HAM_0000788,nv,3,1.1910121e-05,4.6187447e-06,7.281598e-05,2.2957362e-05,8.3831146e-05,0.9997687,3.5142803e-05
ISIC_0031147,HAM_0003307,nv,3,4.1111794e-05,1.9438809e-05,9.84777e-05,3.0343554e-05,0.0002508967,0.9994174,0.00014230807
ISIC_0029415,HAM_0004504,nv,3,1.3467913e-05,4.954569e-06,3.3398574e-05,5.3947177e-05,0.00021874523,0.9996433,3.205642e-05
ISIC_0026180,HAM_0000755,nv,3,1.8517621e-05,4.2215706e-06,0.00019801677,1.5654432e-05,4.1832107e-05,0.99969673,2.5162717e-05
ISIC_0028452,HAM_0001191,nv,3,3.9078077e-05,1.589727e-05,0.00017841569,0.00013672929,2.2114325e-05,0.99946517,0.00014266274
ISIC_0029821,HAM_0005707,nv,3,8.953867e-06,2.5304914e-06,5.7960475e-05,1.2286385e-05,0.00025963402,0.99962187,3.6841917e-05
ISIC_0025034,HAM_0001205,nv,3,1.4675991e-05,4.4324265e-06,9.3642506e-05,2.0040121e-05,0.00021180086,0.9996087,4.6799894e-05
ISIC_0026632,HAM_0004150,nv,3,1.7076884e-05,9.692181e-06,0.0010411459,5.2857973e-05,5.168397e-05,0.9987784,4.9124916e-05
ISIC_0026519,HAM_0007255,nv,3,0.0008390293,8.071602e-05,0.0026696865,0.00015437343,0.07381346,0.9223565,8.625805e-05
ISIC_0030672,HAM_0007255,nv,3,0.0075990623,0.00017568462,0.0010090225,0.00019484533,0.89085805,0.09975648,0.00040688642
ISIC_0029986,HAM_0006711,nv,3,0.0006012426,0.00016356994,0.0006713899,0.000120373574,0.9907575,0.0075645265,0.000121317695
ISIC_0027010,HAM_0006711,nv,3,0.0002607896,0.0007317597,0.00083773857,8.5831474e-05,0.94323736,0.05479587,5.0655206e-05
ISIC_0027034,HAM_0007426,nv,3,4.650258e-05,1.0789466e-05,0.00040605958,4.7142723e-05,0.006663176,0.9927735,5.2900567e-05
ISIC_0031887,HAM_0007426,nv,3,0.00019131185,4.5886478e-05,0.0006214947,8.5060085e-05,0.02698735,0.97199684,7.20487e-05
ISIC_0033959,HAM_0002136,nv,3,0.00056241435,0.0009822601,0.0071210684,0.00175878,0.9441309,0.045381684,6.2855135e-05
ISIC_0032914,HAM_0002136,nv,3,0.0004040632,0.00039896593,0.018486822,0.0007720369,0.90654105,0.073259756,0.0001373414
ISIC_0033309,HAM_0002136,nv,3,0.00039244164,0.00059143046,0.03651911,0.0026056939,0.8459107,0.11381274,0.00016780094
ISIC_0027432,HAM_0007196,nv,3,4.8416226e-05,8.0137295e-05,0.0005722418,0.00024182965,0.03550722,0.9634468,0.000103301056
ISIC_0024907,HAM_0007196,nv,3,1.7359052e-05,2.8620241e-05,0.00011436191,7.584741e-05,0.002144197,0.9975909,2.8732256e-05
ISIC_0026883,HAM_0002797,nv,3,0.0053070057,0.015352581,0.0406963,0.010125164,0.0048462604,0.90567106,0.018001648
ISIC_0031412,HAM_0002797,nv,3,0.0055844705,0.058000043,0.05017035,0.25775793,0.07446443,0.5424856,0.011537188
ISIC_0029656,HAM_0000395,nv,3,0.0020456281,0.0008901846,0.17882507,0.0011430198,0.033698816,0.78287303,0.0005243356
ISIC_0025421,HAM_0000395,nv,3,0.0046897247,0.001977047,0.00087474275,0.0024846203,0.95927185,0.029567692,0.0011342142
ISIC_0033059,HAM_0001400,nv,3,1.1551216e-05,5.2167197e-06,3.391777e-05,3.3851593e-05,0.0033696764,0.99652064,2.5156369e-05
ISIC_0033113,HAM_0001400,nv,3,1.2251097e-05,6.0647326e-06,3.14374e-05,3.2372045e-05,0.0050893854,0.994806,2.248925e-05
ISIC_0033547,HAM_0001400,nv,3,0.000108413595,0.00011608386,9.85191e-05,0.00026545924,0.48990616,0.5094218,8.361207e-05
ISIC_0033233,HAM_0003137,nv,3,6.693187e-05,0.00019002054,0.00034249036,4.0005885e-05,0.00076487334,0.9985172,7.8480865e-05
ISIC_0032770,HAM_0003137,nv,3,7.248025e-05,0.0005997995,7.492723e-05,5.481793e-05,0.0020152722,0.9971047,7.798811e-05
ISIC_0034184,HAM_0003137,nv,3,8.645519e-05,0.00020348317,0.00059443107,5.331554e-05,0.00039356697,0.9986089,5.9944272e-05
ISIC_0033385,HAM_0001321,nv,3,0.00011740596,0.00058413355,0.026777709,0.00025643816,0.94026667,0.031861484,0.0001361933
ISIC_0033471,HAM_0001321,nv,3,0.0001662166,0.00025147767,0.03458524,0.00028607686,0.9184835,0.045639373,0.00058813917
ISIC_0032831,HAM_0001321,nv,3,0.00041781063,0.0007304216,0.66795856,0.000502011,0.22637545,0.103036724,0.0009790579
ISIC_0033904,HAM_0005820,nv,3,8.637198e-05,0.0014853266,0.005401357,0.0002670857,0.001376052,0.9908511,0.00053272175
ISIC_0033342,HAM_0005820,nv,3,0.00028608416,0.19403957,0.00097540097,0.0009490912,0.016505713,0.7856407,0.0016034599
ISIC_0033265,HAM_0005820,nv,3,0.00034330584,0.416726,0.0013485507,0.0006476739,0.004489167,0.5695969,0.006848506
ISIC_0032512,HAM_0003735,nv,3,0.009614228,0.0014614877,0.10633179,0.0012772246,0.15714821,0.72381306,0.00035398043
ISIC_0034149,HAM_0003735,nv,3,0.010321384,0.00027579523,0.05534915,0.00086965464,0.13901192,0.793733,0.00043900133
ISIC_0033800,HAM_0003735,nv,3,0.0066049425,0.00027684405,0.016730972,0.00034319476,0.053483382,0.9224445,0.00011608396
ISIC_0032995,HAM_0003346,nv,3,0.0001684601,2.1882415e-05,0.001857691,0.00021006186,0.0048137805,0.99285465,7.345117e-05
ISIC_0032754,HAM_0003346,nv,3,0.0008350834,3.8264552e-05,0.0076792846,0.001189794,0.057243578,0.9329308,8.3251616e-05
ISIC_0032714,HAM_0003346,nv,3,0.00010487392,1.1151209e-05,0.0009499147,0.00021382571,0.0041932673,0.99449015,3.6778274e-05
ISIC_0033013,HAM_0006078,nv,3,0.0008172396,2.3160674e-05,0.00936195,0.0003630022,0.01732045,0.9718794,0.00023483005
ISIC_0032809,HAM_0006078,nv,3,0.00068976654,8.2227925e-06,0.0026746604,0.00014632293,0.0018159621,0.9945392,0.00012589213
ISIC_0033343,HAM_0003003,nv,3,0.0005252961,0.010896411,0.0030885173,0.0023842917,0.0029658505,0.95720667,0.022932936
ISIC_0033502,HAM_0003003,nv,3,0.000755325,0.0035894054,0.013091091,0.0013217586,0.0012961936,0.96086156,0.019084664
ISIC_0032708,HAM_0003130,nv,3,3.9288952e-05,2.0947873e-05,0.0013125569,0.00047144698,0.0078006242,0.9902463,0.00010890485
ISIC_0033574,HAM_0003130,nv,3,4.519816e-05,3.4722383e-05,0.0016861398,0.0009001051,0.0055502784,0.9916745,0.00010906192
ISIC_0030504,HAM_0005014,nv,3,0.0002554657,0.00024045701,0.006617565,0.00089777925,0.64504325,0.3466181,0.00032738448
ISIC_0031308,HAM_0002187,nv,3,0.41676506,0.0033543468,0.017193552,0.0018779467,0.16740455,0.38770977,0.005694803
ISIC_0028981,HAM_0002187,nv,3,0.24885654,0.0027243453,0.070261784,0.0030511222,0.36385643,0.30579996,0.0054498464
ISIC_0031623,HAM_0005625,nv,3,0.0003562127,0.000105811676,0.00027877663,0.0002465005,0.53445596,0.4643434,0.0002133284
ISIC_0024428,HAM_0000923,nv,3,1.8403316e-05,7.0674496e-06,0.00033754896,3.0759624e-05,0.00018974116,0.9993643,5.222178e-05
ISIC_0026901,HAM_0001716,nv,3,8.230705e-05,1.2708775e-05,0.00025241188,6.479309e-05,0.018680984,0.98087364,3.309307e-05
ISIC_0029696,HAM_0005183,nv,3,0.011377411,0.00016991248,0.036816504,0.14653933,0.041292977,0.76332545,0.00047839643
ISIC_0032281,HAM_0004174,nv,3,0.0003788697,0.00033994843,0.0011399672,0.00037299588,0.8787149,0.11892113,0.00013208971
ISIC_0030313,HAM_0003902,nv,3,6.51667e-05,7.1992225e-05,0.00065471476,0.00015122148,0.00048541554,0.99232703,0.0062444517
ISIC_0030251,HAM_0001989,nv,3,0.0003110727,3.4969624e-05,0.00064611906,0.00019928065,0.092896886,0.90581393,9.769238e-05
ISIC_0030620,HAM_0006409,nv,3,0.00042938834,4.903037e-05,0.013917152,0.00038377524,0.017051652,0.968075,9.395637e-05
ISIC_0028987,HAM_0006409,nv,3,0.009636534,0.00075516035,0.40202668,0.0026357684,0.017095303,0.56694853,0.00090204505
ISIC_0030817,HAM_0000073,nv,3,0.0020471322,0.00035573824,0.16550775,0.000946443,0.0990224,0.7316821,0.000438421
ISIC_0029470,HAM_0000073,nv,3,0.00014744687,5.3506123e-05,0.00089531793,0.00036707908,0.32031548,0.67810786,0.00011327246
ISIC_0026182,HAM_0001265,nv,3,1.60761e-05,6.114641e-05,0.00017849494,6.722181e-05,0.0026409556,0.9969838,5.2301293e-05
ISIC_0025061,HAM_0001265,nv,3,6.3649415e-05,9.68644e-05,0.0017525371,0.0001447024,0.007546059,0.990271,0.00012510725
ISIC_0025956,HAM_0000741,nv,3,0.0015746482,0.00062757626,0.7297512,0.0011932588,0.09259642,0.17333113,0.00092568784
ISIC_0027607,HAM_0000741,nv,3,0.00012379131,0.0002495774,0.116570726,0.0004536951,0.86471885,0.017513819,0.00036957263
ISIC_0033225,HAM_0001106,nv,3,0.00063893036,8.504614e-05,0.00015043128,8.604863e-05,0.9493249,0.049629193,8.5379004e-05
ISIC_0033615,HAM_0001106,nv,3,0.0016470479,8.844875e-05,0.002192129,0.00013174402,0.8764152,0.11930693,0.00021848564
ISIC_0032562,HAM_0004191,nv,3,0.00019178286,4.2129108e-05,0.005095683,0.00028510235,0.323208,0.67099714,0.00018016333
ISIC_0033101,HAM_0004194,nv,3,0.0004822558,2.410996e-05,0.00028219153,7.072485e-05,0.0069377613,0.9921455,5.73867e-05
ISIC_0027345,HAM_0005091,nv,3,0.0001450552,0.00012504538,0.0054431553,0.00021229433,0.015597231,0.97824997,0.00022731416
ISIC_0031148,HAM_0005091,nv,3,0.000104003695,4.5391498e-05,0.00053918373,0.0001558234,0.0011775418,0.9978635,0.00011456085
ISIC_0027708,HAM_0005438,akiec,3,0.9587203,0.0030121678,0.02339936,0.00020283993,0.013823106,0.0005755845,0.00026662805
ISIC_0031852,HAM_0004441,akiec,3,0.0023873595,0.00027207242,0.27702126,0.00027207242,0.0041117906,0.7157371,0.0001982764
ISIC_0028499,HAM_0004976,akiec,3,0.14148895,0.014355536,0.83678347,0.0024344518,0.0012385488,0.003337264,0.00036184894
ISIC_0031421,HAM_0004976,akiec,3,0.17011872,0.009778375,0.81636035,0.0009690178,0.0004949259,0.0020058479,0.00027279073
ISIC_0031922,HAM_0000020,akiec,3,0.99071926,0.00078299013,0.006880591,0.0001446266,0.0011639846,0.00023452299,7.401246e-05
ISIC_0025076,HAM_0007409,bkl,3,0.0003904179,8.736961e-05,0.004902454,0.00097339693,0.02210039,0.9714584,8.771156e-05
ISIC_0029687,HAM_0007409,bkl,3,0.0005079077,0.00013172156,0.035816327,0.0007404461,0.065619476,0.8970458,0.0001383129
ISIC_0025642,HAM_0007409,bkl,3,0.00017845117,3.205708e-05,0.43332222,0.0009151433,0.019681612,0.54563504,0.0002354877
ISIC_0029413,HAM_0005801,bkl,3,0.0005045956,0.0002562165,0.24221605,0.00019415932,0.51377386,0.2426896,0.00036558235
ISIC_0029576,HAM_0005801,bkl,3,0.0011082683,0.0038045477,0.37871465,0.0014174967,0.5056504,0.107134774,0.0021698838
ISIC_0032304,HAM_0006558,bkl,3,0.0024291715,0.001435727,0.801806,0.00025022394,0.1803103,0.013338776,0.00042982234
ISIC_0031639,HAM_0006558,bkl,3,0.004499383,0.0013206315,0.96851724,0.00013543904,0.0199835,0.0053028627,0.00024097507
ISIC_0033321,HAM_0001354,bkl,3,0.0013301868,8.76497e-05,0.790776,0.0006101946,0.20468092,0.0024169039,9.8163e-05
ISIC_0033449,HAM_0003659,bkl,3,0.07283415,0.00065909134,0.795372,0.00028181553,0.1035182,0.026872803,0.00046192078
ISIC_0033676,HAM_0003659,bkl,3,0.044435162,0.001184157,0.8190078,0.00012826906,0.11258614,0.021986263,0.0006720819
ISIC_0027513,HAM_0004748,bkl,3,0.04817483,0.01704359,0.416167,0.503958,0.0016809647,0.010088136,0.002887478
ISIC_0024672,HAM_0005790,bkl,3,0.0006694025,4.4065728e-05,0.27484527,0.00021437218,0.6670914,0.057050835,8.4607775e-05
ISIC_0031686,HAM_0007261,bkl,3,0.018334322,0.07170384,0.8294696,0.0036226024,0.006296079,0.065414734,0.0051588225
ISIC_0030806,HAM_0005672,bkl,3,0.00081218145,0.00036380684,0.9903392,4.4350807e-05,0.0081279855,0.00027274498,3.967823e-05
ISIC_0028388,HAM_0005672,bkl,3,0.0061562536,0.0014459088,0.7841783,0.00023952115,0.20337,0.004279957,0.00032995432
ISIC_0024547,HAM_0005790,bkl,3,0.00083126454,7.9618374e-05,0.47016487,0.00019024994,0.13261609,0.39591852,0.00019938021
ISIC_0031352,HAM_0004379,bkl,3,0.010315841,0.0010515165,0.9485371,0.0005256467,0.0069471076,0.032110363,0.00051246816
ISIC_0026072,HAM_0006622,bkl,3,0.08421392,0.0035203327,0.90185523,0.00053409225,0.008158087,0.0014632001,0.00025526123
ISIC_0025939,HAM_0006622,bkl,3,0.946184,0.00037399965,0.048603088,0.00035687294,0.0027269777,0.0014727111,0.00028230972
ISIC_0028236,HAM_0002731,bkl,3,0.5342091,0.003953247,0.14604464,0.0224569,0.0017993544,0.28762192,0.0039148293
ISIC_0026205,HAM_0006912,bkl,3,3.414286e-05,0.00010203134,0.9962998,8.4339496e-05,7.284734e-05,0.0033656412,4.118415e-05
ISIC_0030021,HAM_0001164,df,3,3.03094e-05,4.630667e-05,4.8104317e-05,0.9982925,0.0007998363,0.0005202093,0.00026272974
ISIC_0027118,HAM_0001164,df,3,0.0020261458,0.00029389618,0.0029437095,0.5461071,0.06676991,0.3805003,0.0013589623
ISIC_0032247,HAM_0007225,df,3,0.005596901,0.0013254915,0.4494188,0.017126402,0.4564961,0.062599905,0.007436443
ISIC_0031429,HAM_0007225,df,3,0.13201569,0.0029712284,0.15047248,0.05701539,0.5552643,0.09748497,0.0047759116
ISIC_0029039,HAM_0004317,df,3,0.016935244,0.0013860627,0.34181842,0.047264714,0.00043529298,0.5917639,0.00039633873
ISIC_0025504,HAM_0004317,df,3,0.5001823,0.02254712,0.28555244,0.0058175027,0.0016457163,0.18328942,0.00096557895
ISIC_0024553,HAM_0005330,df,3,0.000108500055,0.0001977193,0.00015863936,0.9991702,0.00011216307,0.00013126005,0.0001215143
ISIC_0030665,HAM_0005359,df,3,1.8660385e-05,4.4851455e-05,8.249444e-05,0.99956423,7.8142315e-05,5.9071383e-05,0.00015251042
ISIC_0027044,HAM_0002871,df,3,0.0019411462,0.0016410067,0.26853096,0.6134741,0.0017197604,0.10629395,0.0063990513
ISIC_0028519,HAM_0003212,mel,3,0.74755025,0.19198678,0.019540993,0.022552028,0.01719022,0.00061464275,0.00056513055
ISIC_0024767,HAM_0003212,mel,3,0.07364832,0.8113629,0.0551062,0.011483405,0.045662344,0.0019838582,0.0007529877
ISIC_0027261,HAM_0005084,mel,3,0.0012181945,0.527254,0.0045794947,0.0047805584,0.4405372,0.019955652,0.0016748594
ISIC_0028505,HAM_0005084,mel,3,0.0014454388,0.0023098048,0.008989432,0.00066989794,0.9770387,0.009315635,0.00023105879
ISIC_0034006,HAM_0000709,mel,3,0.0013512695,0.01136387,0.4545936,0.00038413244,0.4745527,0.05487984,0.0028746398
ISIC_0032875,HAM_0003625,mel,3,9.457842e-05,3.981306e-05,0.0062714648,8.662069e-05,0.8959853,0.09743389,8.832913e-05
ISIC_0033802,HAM_0003625,mel,3,5.0307033e-05,1.12689495e-05,0.0005785516,3.917916e-05,0.942259,0.057030875,3.0872434e-05
ISIC_0033429,HAM_0003625,mel,3,5.9693713e-05,1.7958342e-05,0.00049155013,6.087106e-05,0.9713987,0.027935797,3.54365e-05
ISIC_0027100,HAM_0005352,mel,3,0.0009311945,0.0026391607,0.8141547,0.00012406966,0.18024877,0.0017593481,0.00014280331
ISIC_0033299,HAM_0000107,mel,3,0.00055120175,9.815177e-05,8.362635e-05,0.00018863902,0.99756986,0.0012903733,0.00021818496
ISIC_0033901,HAM_0002342,mel,3,0.00011244319,0.00021421482,9.276461e-05,0.000114102426,0.9958134,0.0035357836,0.00011726545
ISIC_0032917,HAM_0002342,mel,3,8.217459e-05,8.3062085e-05,0.0002511458,9.495256e-05,0.9986099,0.0007124845,0.00016632176
ISIC_0032925,HAM_0002342,mel,3,9.629764e-05,0.00013794,8.3746585e-05,8.5065396e-05,0.9970548,0.0024355126,0.00010669592
ISIC_0032684,HAM_0003566,mel,3,5.3241e-05,8.675691e-05,0.00013755827,4.634702e-05,0.97221166,0.0274184,4.5986344e-05
ISIC_0034052,HAM_0003566,mel,3,3.5883488e-05,8.054943e-05,0.000115156596,4.3199292e-05,0.975997,0.023589538,0.00013876978
ISIC_0033171,HAM_0003566,mel,3,3.4250537e-05,7.279218e-05,0.000113294576,5.526932e-05,0.98779804,0.011795804,0.00013052867
ISIC_0033114,HAM_0000709,mel,3,0.0016613443,0.015424537,0.8423054,0.00022660191,0.10148711,0.03154688,0.007348112
ISIC_0032559,HAM_0000709,mel,3,0.005747434,0.16961297,0.09266835,0.00053984096,0.43651888,0.28627607,0.008636351
ISIC_0031208,HAM_0001299,mel,3,0.0007321567,0.00014530095,0.0005820186,0.00055212143,0.84143966,0.15625988,0.00028896544
ISIC_0026545,HAM_0001299,mel,3,0.0004232494,0.00012523451,0.0008727022,0.00051958987,0.9626583,0.035202064,0.00019895502
ISIC_0028965,HAM_0004281,mel,3,0.0005218061,0.00020354555,0.0014828626,7.939882e-05,0.9925943,0.0041063274,0.0010117183
ISIC_0028288,HAM_0004709,mel,3,0.0046437625,0.0065495544,0.0048175626,0.00014561994,0.95370466,0.030005172,0.00013362836
ISIC_0030910,HAM_0001598,mel,3,0.8479749,0.000622541,0.022625368,0.03607588,0.08928866,0.0021475665,0.0012649576
ISIC_0029238,HAM_0001598,mel,3,0.9751687,0.00069660955,0.0015082209,0.0022159836,0.019750847,0.0005320268,0.00012760756
ISIC_0030246,HAM_0003149,mel,3,0.00017956042,1.3315773e-05,0.0010083773,1.8487119e-05,0.994159,0.0045948857,2.6378337e-05
ISIC_0026558,HAM_0004709,mel,3,0.0013949785,0.0001724836,0.0031721583,0.00015521845,0.82485133,0.1702177,3.6013575e-05
ISIC_0030770,HAM_0002538,vasc,3,0.00016893394,0.010036468,0.0013158552,0.00029303407,0.0036387963,0.032636274,0.9519107
ISIC_0032240,HAM_0002538,vasc,3,1.5859785e-05,0.0042538657,1.9018786e-05,0.00015254483,0.00012305295,0.00027293825,0.9951627
ISIC_0032692,HAM_0000940,vasc,3,8.1950006e-05,0.00025664942,8.546454e-05,9.5156545e-05,0.00046246836,0.00021569876,0.99880266
ISIC_0033608,HAM_0000940,vasc,3,3.8318547e-05,0.00020393658,2.363044e-05,5.0516566e-05,0.00019674734,0.000117856674,0.9993691
ISIC_0033969,HAM_0000940,vasc,3,4.6345536e-05,0.00025667093,4.5716217e-05,6.6907596e-05,0.00032945134,0.00012451252,0.9991304
ISIC_0029439,HAM_0002390,vasc,3,1.05219015e-05,1.4983874e-05,1.5057216e-05,2.3321074e-05,3.7049245e-05,3.6653386e-05,0.99986243
ISIC_0028457,HAM_0007446,bcc,3,0.0002489115,0.9897259,0.0001659728,0.006179616,0.00031867373,0.0031423992,0.00021859366
ISIC_0026230,HAM_0005382,bcc,3,0.003246184,0.009086384,0.0023622368,0.00023526764,0.9129127,0.07192505,0.00023207297
ISIC_0026395,HAM_0005382,bcc,3,0.00034395518,0.0043736715,0.0069678104,0.00031997592,0.41265002,0.57515013,0.00019445462
ISIC_0026350,HAM_0003039,bcc,3,0.06252838,0.26197204,0.6358461,0.0008273109,0.021778712,0.015078311,0.0019691712
ISIC_0031569,HAM_0003039,bcc,3,0.099503055,0.6113184,0.26395383,0.0012710416,0.010964052,0.010873418,0.0021161581
ISIC_0027704,HAM_0001440,bcc,3,0.0012588185,0.9827255,0.0041558193,0.0015727567,0.0011130753,0.008776417,0.00039765512
ISIC_0032174,HAM_0005559,bcc,3,0.00018291295,0.9989691,0.00013833986,0.00011844396,5.0299477e-05,0.00031790248,0.00022290913
ISIC_0024743,HAM_0004495,bcc,3,0.0002395252,0.999086,0.000173368,0.00012921417,2.6769212e-05,0.00016478397,0.00018027419
ISIC_0029337,HAM_0002506,bcc,3,0.009300818,0.9826554,0.006493017,0.00046215692,0.00012858724,0.0003139349,0.0006460426
ISIC_0031318,HAM_0001424,bcc,3,6.175587e-05,0.9990852,8.9067995e-05,3.324979e-05,8.070231e-05,0.0005578649,9.2164926e-05
ISIC_0031470,HAM_0001424,bcc,3,4.696116e-05,0.9996306,2.5407971e-05,1.2358694e-05,4.5962985e-05,0.00019800974,4.0641495e-05
ISIC_0027920,HAM_0001390,bcc,3,0.00063518964,0.99293035,0.0011849535,0.00036511512,0.0011688631,0.0031349205,0.0005806103
ISIC_0024411,HAM_0001390,bcc,3,0.00010757459,0.99744284,0.00012047783,6.22594e-05,0.00048447572,0.0016159159,0.00016645216
ISIC_0031845,HAM_0007203,nv,3,1.708984e-05,6.9863127e-06,0.00024917908,2.2618264e-05,6.8354995e-05,0.9995363,9.945593e-05
ISIC_0030682,HAM_0002924,nv,3,9.168351e-05,4.964571e-06,0.0011671123,7.504945e-05,0.0008796931,0.9977564,2.5113879e-05
ISIC_0025934,HAM_0006395,nv,3,7.8357465e-05,1.0761013e-05,0.005236611,0.00047748478,5.8974292e-05,0.9940308,0.000107101965
ISIC_0024580,HAM_0003405,nv,3,1.365426e-05,2.7203766e-06,2.5759853e-05,5.5068773e-05,0.00017204275,0.9997129,1.786076e-05
ISIC_0028812,HAM_0004248,nv,3,1.2000481e-05,7.518169e-05,5.1671566e-05,0.0002100046,5.832329e-05,0.99951446,7.825297e-05
ISIC_0027212,HAM_0003341,nv,3,0.000347284,0.00013362865,0.019774234,0.0030434171,0.0003555196,0.9744184,0.0019275596
ISIC_0027356,HAM_0000473,nv,3,2.0982232e-05,2.0217863e-05,0.0037562486,8.429318e-05,0.00019975546,0.9957526,0.0001660079
ISIC_0028242,HAM_0000768,nv,3,8.728873e-06,3.1986538e-06,0.00011945671,3.3330736e-05,0.00024057756,0.9995633,3.1341922e-05
ISIC_0028699,HAM_0002260,nv,3,1.6338841e-05,5.559011e-06,0.00016958182,0.00021749335,3.1709966e-05,0.9995191,4.0202765e-05
ISIC_0028921,HAM_0000507,nv,3,8.771769e-06,7.4154796e-06,4.111859e-05,5.1523923e-05,0.0012446586,0.998607,3.9620667e-05
ISIC_0030761,HAM_0002949,nv,3,6.437531e-05,6.1667764e-05,0.00022425348,0.002071279,0.0034132944,0.9937703,0.00039473188
ISIC_0028184,HAM_0007152,nv,3,7.18101e-06,5.2537393e-06,7.373972e-05,8.70565e-05,3.3399785e-05,0.99967957,0.0001137234
ISIC_0029848,HAM_0001993,nv,3,1.6105494e-05,1.09829925e-05,6.155806e-05,2.7316222e-05,0.0010330731,0.99880683,4.4208897e-05
ISIC_0030206,HAM_0000191,nv,3,1.3323595e-05,8.7378285e-06,0.0001939808,4.587245e-05,0.0010491625,0.9986363,5.274733e-05
ISIC_0024687,HAM_0005247,nv,3,1.6241453e-05,2.6930968e-06,0.00044850784,1.7837747e-05,9.03446e-05,0.99940014,2.4191571e-05
ISIC_0032108,HAM_0004823,nv,3,1.8863604e-05,2.8731195e-06,3.0380374e-05,1.5246404e-05,0.0002596422,0.99965346,1.95195e-05
ISIC_0026696,HAM_0006473,nv,3,1.6779739e-05,3.4932627e-06,4.390755e-05,4.1307787e-05,9.346429e-05,0.9997788,2.225126e-05
ISIC_0027730,HAM_0000010,nv,3,2.2933846e-05,6.1185483e-06,0.00012384496,2.1481332e-05,4.914725e-05,0.9997205,5.5963726e-05
ISIC_0029688,HAM_0006369,nv,3,3.0616302e-05,1.3467015e-05,8.482374e-05,0.00013396877,6.325148e-05,0.99957675,9.7203425e-05
ISIC_0025437,HAM_0007273,nv,3,3.4359444e-05,5.2846513e-06,0.000102428196,8.307048e-05,6.077566e-05,0.9996867,2.7420503e-05
ISIC_0029148,HAM_0000697,nv,3,2.6709298e-05,2.6731404e-06,3.386278e-05,9.678454e-05,3.9454513e-05,0.99977463,2.5912834e-05
ISIC_0026064,HAM_0003714,nv,3,2.7183718e-05,1.1069357e-05,0.0006963011,9.0358946e-05,2.5888274e-05,0.99882704,0.00032215417
ISIC_0031116,HAM_0004217,nv,3,1.3843246e-05,2.993812e-06,5.516705e-05,2.5862588e-05,8.808409e-05,0.9997869,2.715675e-05
ISIC_0025890,HAM_0000646,nv,3,0.00012387094,1.5353597e-05,0.0016818315,0.000104615836,9.0360794e-05,0.9978726,0.00011147178
ISIC_0028241,HAM_0007565,nv,3,5.8131453e-05,2.607038e-06,2.7272285e-05,7.344917e-05,0.0016385616,0.99817455,2.5395751e-05
ISIC_0027247,HAM_0001447,nv,3,0.0002505486,3.2908088e-06,0.00016050745,0.0025942565,0.00021005793,0.9967219,5.930745e-05
ISIC_0026695,HAM_0002713,nv,3,1.3457403e-05,1.9866372e-06,3.627862e-05,2.5190891e-05,5.7479807e-05,0.99983907,2.6503152e-05
ISIC_0028896,HAM_0005659,nv,3,2.092248e-05,1.604182e-05,0.00083492976,0.00025087505,6.425725e-05,0.9987519,6.101603e-05
ISIC_0029866,HAM_0006761,nv,3,3.215988e-05,7.8822944e-05,4.579777e-05,8.750503e-05,0.00038812222,0.99895966,0.0004078424
ISIC_0027081,HAM_0003823,nv,3,9.58811e-06,2.8287097e-06,2.2933393e-05,7.5582226e-05,0.00016912547,0.9997008,1.9161567e-05
ISIC_0024434,HAM_0006716,nv,3,1.7088554e-05,1.1540133e-05,0.00029864296,3.6602905e-05,2.2200786e-05,0.999461,0.00015290474
ISIC_0030398,HAM_0003834,nv,3,2.0293715e-05,9.909703e-06,0.00022080372,6.676836e-05,2.97007e-05,0.99948835,0.00016423769
ISIC_0025190,HAM_0006096,nv,3,8.781419e-06,3.0229455e-06,1.9596917e-05,1.912427e-05,0.00022825204,0.9997055,1.5808197e-05
ISIC_0032503,HAM_0002487,nv,3,1.4074334e-05,3.1992217e-06,8.217732e-05,5.0981474e-05,8.563884e-05,0.9997408,2.313677e-05
ISIC_0028206,HAM_0004052,nv,3,2.722321e-05,7.845415e-06,6.2497376e-05,3.312734e-05,0.0014462455,0.99832636,9.670335e-05
ISIC_0029648,HAM_0005099,nv,3,3.0554886e-05,8.779806e-06,0.00017376152,0.00016823052,3.0674473e-05,0.999522,6.5960485e-05
ISIC_0024905,HAM_0007392,nv,3,0.0006705729,9.566636e-05,0.0012394093,0.55835027,0.0021052202,0.43484363,0.0026952485
ISIC_0030132,HAM_0005857,nv,3,0.00021028168,2.1127942e-05,0.00054171344,0.00012217804,0.00031077617,0.99875855,3.5451816e-05
ISIC_0032105,HAM_0006102,nv,3,4.643706e-05,2.044596e-05,0.00016845555,0.00039248457,9.11861e-05,0.99915004,0.0001308734
ISIC_0029262,HAM_0004353,nv,3,1.1813656e-05,2.7253822e-05,5.3360392e-05,0.00014823477,0.00012491764,0.99944896,0.00018542657
ISIC_0029969,HAM_0006038,nv,3,1.2211427e-05,9.145936e-06,8.694388e-05,0.0002727548,0.00015590504,0.9993618,0.00010130085
ISIC_0029987,HAM_0005071,nv,3,1.1899e-05,2.5211034e-06,2.9421566e-05,1.8214823e-05,0.000109876266,0.9998111,1.7011273e-05
ISIC_0025660,HAM_0001952,nv,3,1.461554e-05,4.2202646e-06,5.513155e-05,1.7942344e-05,0.00043683097,0.9993875,8.371738e-05
ISIC_0029116,HAM_0007062,nv,3,1.4199299e-05,2.4819685e-06,3.6100188e-05,2.832153e-05,9.617376e-05,0.99979144,3.1242107e-05
ISIC_0026294,HAM_0000848,nv,3,1.2098815e-05,3.8897383e-06,2.1192649e-05,2.9668328e-05,4.3697342e-05,0.99986255,2.6816195e-05
ISIC_0028641,HAM_0004805,nv,3,2.060408e-05,1.2843436e-05,0.00030071204,3.6373793e-05,3.1663883e-05,0.9990415,0.0005563444
ISIC_0030498,HAM_0003098,nv,3,1.2048966e-05,4.8777392e-06,8.2138955e-05,0.0001296968,7.508108e-05,0.9996401,5.6068624e-05
ISIC_0032448,HAM_0003232,nv,3,1.1566339e-05,4.547171e-06,6.752537e-05,2.6218322e-05,5.4991637e-05,0.99977607,5.9170514e-05
ISIC_0024631,HAM_0000046,nv,3,1.1657258e-05,5.295548e-06,4.03121e-05,6.0250277e-05,2.391914e-05,0.99979347,6.511428e-05
ISIC_0024852,HAM_0003870,nv,3,3.5104604e-05,2.6160162e-06,4.907223e-05,0.00014884603,8.402673e-05,0.99965775,2.2643113e-05
ISIC_0030702,HAM_0002246,nv,3,3.129326e-05,6.767643e-06,7.821163e-05,3.9635728e-05,0.0027037289,0.9970373,0.000103159255
ISIC_0027341,HAM_0007041,nv,3,1.6501726e-05,6.226757e-06,6.1072315e-05,2.7797592e-05,8.2041464e-05,0.99967325,0.00013316034
ISIC_0030587,HAM_0001848,nv,3,9.078345e-06,2.5209652e-06,2.7050046e-05,6.041005e-05,0.00012173409,0.9997563,2.2889915e-05
ISIC_0031610,HAM_0004157,nv,3,1.1816409e-05,2.4104049e-05,6.803195e-05,4.446421e-05,0.00013881085,0.99968183,3.095021e-05
ISIC_0025483,HAM_0007170,nv,3,9.312505e-06,4.356167e-06,3.1812964e-05,3.668808e-05,7.348363e-05,0.99983203,1.2157665e-05
ISIC_0032495,HAM_0004770,nv,3,2.1315065e-05,6.4501387e-06,6.4322296e-05,4.128697e-05,5.033945e-05,0.99976295,5.3403226e-05
ISIC_0028614,HAM_0006966,nv,3,0.0003268427,0.0024398013,0.016311657,0.00020254527,6.627256e-05,0.97811764,0.0025352892
ISIC_0029259,HAM_0003132,nv,3,6.8533864e-06,3.912576e-06,2.1908008e-05,3.4770397e-05,2.8713292e-05,0.9998573,4.6458586e-05
ISIC_0028292,HAM_0006686,nv,3,1.9747797e-05,6.824656e-06,8.181239e-05,0.00016595291,7.209349e-05,0.9995627,9.082375e-05
ISIC_0025347,HAM_0003776,nv,3,2.179883e-05,1.5624631e-05,6.9888105e-05,2.896349e-05,6.995638e-05,0.99974424,4.9558083e-05
ISIC_0024650,HAM_0003324,nv,3,2.831794e-05,4.609253e-06,9.857424e-05,4.682537e-05,3.6897505e-05,0.99966466,0.00012012872
ISIC_0032301,HAM_0002020,nv,3,2.8090279e-05,4.7357976e-06,0.00011823563,0.00032829735,5.1064006e-05,0.9994054,6.417382e-05
ISIC_0029717,HAM_0002802,nv,3,1.849892e-05,4.5466563e-06,0.00016747556,4.3053307e-05,6.365973e-05,0.9996629,3.9934625e-05
ISIC_0029007,HAM_0000672,nv,3,2.5939557e-05,1.1806612e-05,0.0028331047,9.414457e-05,3.93989e-05,0.99690396,9.169468e-05
ISIC_0032428,HAM_0004410,nv,3,8.064754e-05,3.509494e-05,0.005566174,0.00018388435,0.018793382,0.97527903,6.171396e-05
ISIC_0032342,HAM_0004410,nv,3,4.7897538e-05,3.833671e-05,0.00654238,0.00017486006,0.021222435,0.971924,5.009825e-05
ISIC_0030426,HAM_0002670,nv,3,0.00089926284,0.007680753,0.9228012,0.0012533893,0.002928482,0.06428661,0.00015028189
ISIC_0027734,HAM_0002670,nv,3,0.0018816341,0.91923964,0.025373444,0.00442434,0.0056477753,0.043246064,0.0001870362
ISIC_0026874,HAM_0001542,nv,3,0.0003153582,0.0013303034,0.14529502,0.000610248,0.046620835,0.8056561,0.00017212835
ISIC_0026501,HAM_0003583,nv,3,3.7233716e-05,5.3700685e-05,0.00044028828,0.00012608312,0.0001628453,0.9989704,0.00020945516
ISIC_0026006,HAM_0003583,nv,3,7.842108e-05,0.0012706055,0.001036785,0.00037816662,0.00085889554,0.9958097,0.0005674182
ISIC_0025049,HAM_0001757,nv,3,0.0001828479,7.637137e-05,0.00033532493,7.387723e-05,0.96978194,0.029456971,9.26628e-05
ISIC_0024730,HAM_0003188,nv,3,9.790827e-05,6.875266e-05,0.00023740635,0.0001292017,0.2741775,0.7251888,0.00010042605
ISIC_0030765,HAM_0003188,nv,3,3.930096e-05,1.7405668e-05,0.00015058245,4.6398385e-05,0.03209088,0.96760297,5.242245e-05
ISIC_0031202,HAM_0007350,nv,3,0.0005614408,7.1658564e-05,0.000414385,0.00030884828,0.5245784,0.4739171,0.00014818703
ISIC_0030892,HAM_0007350,nv,3,0.00018878786,0.00014474866,0.001867074,0.00023563961,0.013655176,0.98383915,6.945118e-05
ISIC_0033370,HAM_0001484,nv,3,0.00017306476,0.00019841972,0.0043536224,0.00019458194,0.029218933,0.9657101,0.00015124488
ISIC_0033521,HAM_0001484,nv,3,0.0005614299,0.00016258957,0.07579292,0.00023426747,0.012157265,0.910809,0.0002825805
ISIC_0032623,HAM_0001484,nv,3,0.00086622254,0.00034422317,0.13328895,0.0003073567,0.012434179,0.8523422,0.00041683757
ISIC_0033706,HAM_0003993,nv,3,2.7452525e-05,8.843172e-06,0.0006990784,3.7633243e-05,0.0002909926,0.99890125,3.473715e-05
ISIC_0033097,HAM_0003993,nv,3,6.0654304e-05,2.207506e-05,0.0011877309,7.988445e-05,0.0009093319,0.99769056,4.9649847e-05
ISIC_0034014,HAM_0003993,nv,3,7.938395e-05,1.4584513e-05,0.004308895,6.823304e-05,0.002087719,0.993378,6.3228625e-05
ISIC_0033018,HAM_0007415,nv,3,0.00021584735,0.00013376116,0.0029637194,0.00027499665,0.0107933,0.98495644,0.0006619413
ISIC_0032541,HAM_0007415,nv,3,0.00012094854,8.626936e-05,0.001993915,0.00019902135,0.019182842,0.9781439,0.00027309463
ISIC_0032515,HAM_0007415,nv,3,0.0003885058,0.00027388238,0.019579334,0.0006196191,0.0038780565,0.9733315,0.0019291738
ISIC_0033145,HAM_0001912,nv,3,6.923508e-05,0.00022024362,0.0039809095,0.00026256946,0.0029771992,0.99233913,0.00015063376
ISIC_0033799,HAM_0001912,nv,3,2.4520758e-05,0.0001405571,0.00041231417,0.00011505594,0.0019479251,0.99729437,6.523758e-05
ISIC_0032882,HAM_0003193,nv,3,0.00025460697,2.8233308e-05,0.0011844261,0.00022490941,0.28250173,0.7157794,2.6626545e-05
ISIC_0034078,HAM_0003193,nv,3,0.00023362951,1.9786237e-05,0.001966691,0.000159166,0.053078003,0.9445124,3.0229394e-05
ISIC_0032818,HAM_0003193,nv,3,0.00069287553,4.5079545e-05,0.004223704,0.0005846004,0.1902482,0.80410975,9.580691e-05
ISIC_0033220,HAM_0006372,nv,3,2.5461799e-05,1.1342826e-05,5.1183713e-05,3.912911e-05,0.015541073,0.9842933,3.852247e-05
ISIC_0032817,HAM_0006372,nv,3,0.0003937235,4.2192834e-05,0.00018008379,0.00027540067,0.48878217,0.5102423,8.407452e-05
ISIC_0032820,HAM_0006372,nv,3,2.6976713e-05,9.525365e-06,9.081652e-05,2.9977371e-05,0.012453284,0.98735654,3.279534e-05
ISIC_0032584,HAM_0003966,nv,3,0.00050919986,0.00019459618,0.002524794,0.00020877123,0.0023793643,0.9925532,0.0016301295
ISIC_0033731,HAM_0003966,nv,3,0.0006004931,0.000560268,0.0031951265,0.00038132403,0.00448938,0.9895224,0.0012509242
ISIC_0032644,HAM_0003966,nv,3,0.0002488982,0.000121778074,0.0024796485,9.391918e-05,0.008162276,0.98870707,0.00018641613
ISIC_0033288,HAM_0000578,nv,3,0.0002557103,3.334593e-05,0.00020466794,0.00065617525,0.02572898,0.97304505,7.603201e-05
ISIC_0033087,HAM_0000578,nv,3,0.00026579812,3.3957847e-05,9.67369e-05,0.00043312152,0.060919426,0.93816614,8.470566e-05
ISIC_0028591,HAM_0000468,nv,3,0.0046021054,0.0369033,0.11358695,0.0013458445,0.5303749,0.30102035,0.012166446
ISIC_0024524,HAM_0000468,nv,3,0.00033979895,0.0008745126,0.010753043,0.00053353567,0.8235034,0.16247444,0.0015213869
ISIC_0032663,HAM_0000468,nv,3,0.0012097313,0.00853777,0.012225314,0.00045826632,0.4976662,0.46387592,0.016026773
ISIC_0033329,HAM_0004586,nv,3,6.289896e-05,2.0741874e-05,0.000986792,0.00021393038,0.00078118866,0.9978962,3.829946e-05
ISIC_0033769,HAM_0006284,nv,3,2.9104012e-05,3.629134e-05,0.00026620188,0.00017103564,0.0006797702,0.9987256,9.186224e-05
ISIC_0032904,HAM_0006284,nv,3,7.7977515e-05,7.9515485e-05,0.0007014625,0.00021635668,0.0008053359,0.99794334,0.0001760686
ISIC_0034008,HAM_0006610,nv,3,0.000100859426,0.00021561478,0.006137214,0.00093521696,0.0018434571,0.9896771,0.001090447
ISIC_0033250,HAM_0006610,nv,3,0.00017415412,0.000631455,0.034509957,0.0021487381,0.0036447675,0.95299274,0.005898195
ISIC_0028425,HAM_0003867,nv,3,0.00021337284,0.000121576195,0.00311261,0.00027965286,0.0066055027,0.98899776,0.0006695432
ISIC_0027897,HAM_0003164,nv,3,0.00010057756,0.0011700323,0.0018780553,0.0001831927,0.0009961501,0.9946517,0.0010202711
ISIC_0026209,HAM_0001111,nv,3,0.019795842,0.00010572119,0.00046783237,0.00013788643,0.9726294,0.0068279114,3.5274104e-05
ISIC_0032436,HAM_0001207,nv,3,0.003038107,0.00013472926,0.073714495,0.0034058427,0.010583345,0.908612,0.0005114509
ISIC_0032176,HAM_0001769,nv,3,0.0017635525,0.00022041138,0.014207303,0.0003619802,0.756245,0.22706592,0.00013579152
ISIC_0028186,HAM_0000634,nv,3,0.00392837,5.7063702e-05,0.008772039,0.00037722438,0.50585836,0.4808116,0.00019531958
ISIC_0026099,HAM_0000634,nv,3,0.000980699,1.89996e-05,0.011687707,0.00025570573,0.10789881,0.87905735,0.00010072427
ISIC_0028202,HAM_0004942,nv,3,0.0005142959,0.00016437884,0.007974544,0.00025360237,0.11729956,0.87353086,0.00026267662
ISIC_0028150,HAM_0002451,nv,3,0.0049599814,3.6512633e-05,0.011975606,0.00199547,0.04792276,0.93293965,0.00017015685
ISIC_0030922,HAM_0005197,nv,3,0.00015689901,4.3910997e-05,0.04541379,0.0001283076,0.21835634,0.7358101,9.0629e-05
ISIC_0029771,HAM_0004656,nv,3,0.0001236577,2.090887e-05,0.0003250002,0.00018239763,0.008979266,0.9903349,3.3938446e-05
ISIC_0027475,HAM_0004656,nv,3,0.00014892143,2.7094135e-05,0.0003828927,0.00012626461,0.03059568,0.9686826,3.660184e-05
ISIC_0028865,HAM_0004600,nv,3,0.0004935042,0.0012060262,0.019407334,0.00061899296,0.046555776,0.93145216,0.00026622554
ISIC_0028464,HAM_0004600,nv,3,0.00025256642,0.012641752,0.0024753697,0.000473703,0.041168313,0.9424929,0.00049546786
ISIC_0031866,HAM_0003423,nv,3,0.0012108668,2.4608595e-05,0.019821092,0.00032257574,0.023492204,0.9550338,9.488874e-05
ISIC_0028344,HAM_0003423,nv,3,0.0013472101,7.420751e-05,0.014155266,0.00023491157,0.0040873596,0.97984207,0.00025900966
ISIC_0028118,HAM_0007514,nv,3,0.0004840601,0.000112091824,0.0042329994,8.2974824e-05,0.13500518,0.8599512,0.00013156154
ISIC_0026371,HAM_0004360,nv,3,0.00034905705,0.0042275423,0.18692048,0.00064958207,0.009911261,0.79779774,0.00014437627
ISIC_0024857,HAM_0004360,nv,3,0.0004872633,0.008227111,0.84393936,0.0010215119,0.004700416,0.14131215,0.00031215258
ISIC_0026122,HAM_0000666,nv,3,0.0001615571,0.00044957205,0.009056389,0.00016029985,0.013319283,0.97665614,0.00019678747
ISIC_0026024,HAM_0000666,nv,3,0.00011073937,0.00032106147,0.0013220195,7.305144e-05,0.0007527125,0.99714166,0.00027867075
ISIC_0028720,HAM_0002589,nv,3,2.4675015e-05,2.1521932e-05,0.00010645317,9.607856e-05,0.005909442,0.9938154,2.6420774e-05
ISIC_0026318,HAM_0002589,nv,3,1.3344388e-05,1.8855393e-05,0.0006666256,3.7061556e-05,0.00098041,0.9982431,4.0664425e-05
ISIC_0024507,HAM_0001017,nv,3,0.00015317816,5.8960195e-06,0.0004342385,8.869602e-05,0.0014654278,0.99783176,2.0740536e-05
ISIC_0034163,HAM_0005263,nv,3,0.000114752285,0.0005241714,0.0029798006,0.00022821219,6.615461e-05,0.99563414,0.0004527474
ISIC_0034277,HAM_0005263,nv,3,0.001756586,0.0013707052,0.047943,0.0009104153,0.0011747184,0.9461818,0.0006628297
ISIC_0034147,HAM_0005263,nv,3,0.00063776254,0.00011496033,0.0011875766,6.4739295e-05,0.00038437484,0.99743915,0.0001714002
ISIC_0033247,HAM_0005263,nv,3,0.00064534304,0.001082859,0.0014486333,8.236728e-05,0.008247238,0.9883245,0.00016900669
ISIC_0033918,HAM_0005263,nv,3,0.0002835745,0.00017334562,0.009793431,0.00011401638,0.00014841523,0.9892491,0.00023809512
ISIC_0032889,HAM_0005263,nv,3,0.0034250254,0.00013628429,0.0018066249,0.00016828862,0.00028045764,0.9937831,0.00040017083
ISIC_0033395,HAM_0004392,nv,3,0.0002818796,0.0009983745,0.001370626,0.0005990747,0.46223268,0.5341089,0.0004085334
ISIC_0033355,HAM_0004392,nv,3,0.00010812542,0.0009736441,0.00072744756,0.0003931957,0.6080774,0.38954902,0.00017110481
ISIC_0033095,HAM_0004392,nv,3,0.00029441327,0.0015676734,0.0009130772,0.0006531844,0.26871073,0.7275838,0.0002771164
ISIC_0033690,HAM_0004347,nv,3,1.45738895e-05,1.0558867e-05,0.0007964848,3.2081964e-05,0.0006356335,0.9984877,2.283856e-05
ISIC_0032591,HAM_0004182,nv,3,0.00032313095,4.835858e-05,0.0011886198,0.00010439428,0.07449501,0.92362875,0.00021170762
ISIC_0029143,HAM_0001410,nv,3,7.71898e-05,3.7951402e-05,0.0015503987,4.1681455e-05,0.0016845859,0.9965829,2.5281082e-05
ISIC_0024830,HAM_0001410,nv,3,6.788724e-05,4.417507e-05,0.026493244,7.426887e-05,0.00026011138,0.9730207,3.9598275e-05
ISIC_0032455,HAM_0001337,akiec,3,0.99846363,0.0002584483,0.00055636204,0.0003014199,0.0002317847,9.29207e-05,9.549656e-05
ISIC_0026100,HAM_0000954,akiec,3,0.015897518,0.9682962,0.0007656423,0.01146174,0.0005939582,0.002114006,0.00087098207
ISIC_0029567,HAM_0000954,akiec,3,0.101641886,0.8884021,0.0030202586,0.00251491,0.0003390291,0.0033398585,0.0007419554
