image_id,lesion_id,diagnosis,fold,p_akiec,p_bcc,p_bkl,p_df,p_mel,p_nv,p_vasc
ISIC_0031326,HAM_0007207,bkl,4,0.00071478647,0.00019848903,0.98317885,2.2357013e-05,0.014441239,0.0014114938,3.284849e-05
ISIC_0031159,HAM_0005772,bkl,4,6.165613e-05,4.106571e-06,0.9955253,3.7177855e-05,0.0015502664,0.002818157,3.2485648e-06
ISIC_0031017,HAM_0005772,bkl,4,0.0002797459,9.572377e-06,0.9980604,6.002848e-05,0.00049433706,0.0010903273,5.5400674e-06
ISIC_0030105,HAM_0003670,bkl,4,0.018104073,0.013605748,0.39684242,0.0016029095,0.110360704,0.45676282,0.0027213208
ISIC_0033539,HAM_0001728,bkl,4,5.0130207e-06,1.3079197e-05,0.9996531,4.2676147e-05,7.533913e-05,0.0001876077,2.322529e-05
ISIC_0027023,HAM_0000746,bkl,4,0.0048916815,0.0009418353,0.64886934,0.0022770655,0.32627198,0.01614824,0.00059983734
ISIC_0027957,HAM_0001665,bkl,4,0.0013162958,0.002802974,0.19881997,0.0006949952,0.5741821,0.22093497,0.0012486803
ISIC_0031212,HAM_0001665,bkl,4,0.00055462425,0.0015283789,0.057801805,0.00091263663,0.54948044,0.3888797,0.00084240397
ISIC_0032382,HAM_0001417,bkl,4,3.6058387e-05,0.00015405165,0.9865175,1.2218594e-06,0.012762674,0.00051902316,9.443208e-06
ISIC_0027533,HAM_0001417,bkl,4,0.0019101395,0.35924068,0.635432,8.297602e-06,0.0020343259,0.001322469,5.2034353e-05
ISIC_0025906,HAM_0007179,bkl,4,0.00016682656,0.0007190222,0.9967619,0.00012941814,0.00040412342,0.0013363593,0.00048225748
ISIC_0027151,HAM_0007179,bkl,4,0.00017572756,0.003092115,0.93383944,0.0005025605,0.021130772,0.039767683,0.001491603
ISIC_0026794,HAM_0000566,bkl,4,0.050776046,0.41275454,0.36532333,0.0018097081,0.14320244,0.024970055,0.0011638801
ISIC_0032949,HAM_0006085,bkl,4,0.0010335699,0.00016643453,0.83738536,0.00031769334,0.10687828,0.053427804,0.00079091924
ISIC_0033322,HAM_0006085,bkl,4,0.00021847911,4.4560453e-05,0.94206643,4.7620008e-05,0.021348178,0.036031876,0.00024278086
ISIC_0033127,HAM_0006085,bkl,4,3.1250318e-05,4.8583624e-06,0.9612732,9.438188e-06,0.025467401,0.013186534,2.7310301e-05
ISIC_0033646,HAM_0003743,bkl,4,0.00015148724,0.00019796287,0.93566895,1.6377231e-05,0.056081645,0.0074648624,0.00041867833
ISIC_0033592,HAM_0003743,bkl,4,0.00014525831,0.0010082925,0.996992,1.3196172e-06,0.000858447,0.0009748877,1.9890304e-05
ISIC_0033899,HAM_0003743,bkl,4,3.9261176e-05,0.00107412,0.9914808,6.5612007e-06,0.0054845437,0.0018714971,4.320427e-05
ISIC_0033280,HAM_0001385,bkl,4,0.00013856462,0.0025352424,0.9812387,0.000100587116,0.0019132924,0.013739311,0.00033435258
ISIC_0033212,HAM_0001385,bkl,4,9.01299e-05,0.00078778155,0.992411,7.679164e-05,0.00068980455,0.005630861,0.000313664
ISIC_0033770,HAM_0001385,bkl,4,0.00011036499,0.0005301335,0.9918316,6.786123e-05,0.0035736114,0.0035928574,0.00029362654
ISIC_0033284,HAM_0003978,bkl,4,7.584972e-06,0.00018466654,0.991941,9.007378e-06,0.0016833021,0.0061332583,4.132557e-05
ISIC_0033908,HAM_0003978,bkl,4,2.077461e-05,0.0003268793,0.9916932,6.226428e-05,0.002479862,0.0053534117,6.349233e-05
ISIC_0033437,HAM_0000802,bkl,4,0.0003076746,2.0855894e-05,0.12243934,0.00012875984,0.851559,0.025217485,0.00032687886
ISIC_0033195,HAM_0000802,bkl,4,0.0010006273,7.0864685e-06,0.0024410097,0.00031671167,0.9413423,0.054792687,9.956047e-05
ISIC_0032553,HAM_0000802,bkl,4,9.472911e-05,2.7349129e-06,0.0011802509,7.377512e-05,0.9875422,0.011056647,4.9627095e-05
ISIC_0033264,HAM_0004255,bkl,4,8.080203e-05,7.052458e-07,0.94247043,7.8675845e-07,0.056599747,0.00084403454,3.5122605e-06
ISIC_0033635,HAM_0001837,bkl,4,0.001222235,0.00078299316,0.6967205,0.016808707,0.0944752,0.18936,0.0006303827
ISIC_0033868,HAM_0001837,bkl,4,0.00028117385,9.21796e-05,0.21150842,0.00019938214,0.015502225,0.77215606,0.00026055172
ISIC_0029014,HAM_0004373,bkl,4,0.0139087895,8.4130246e-05,0.72003394,4.1974137e-05,0.1001473,0.16576123,2.264335e-05
ISIC_0029548,HAM_0000113,bkl,4,0.00018763501,0.0006237006,0.10779798,0.0030520267,0.60596454,0.2790611,0.0033129437
ISIC_0027989,HAM_0000113,bkl,4,5.221483e-05,0.000102631784,0.098744236,0.0011688375,0.71691334,0.18161845,0.0014002821
ISIC_0028020,HAM_0003090,bkl,4,0.0002724499,0.000923488,0.8428667,0.037051063,0.0041468777,0.07794079,0.03679865
ISIC_0027139,HAM_0005440,bkl,4,0.72599804,0.0047412333,0.027605528,0.018533476,0.12311677,0.095696345,0.0043085185
ISIC_0031989,HAM_0007100,bkl,4,0.8499343,0.12633145,0.02030331,0.0003094961,0.0022602412,0.00076302385,9.815108e-05
ISIC_0029394,HAM_0004566,bkl,4,0.002834789,0.0013761795,0.076469295,0.0032916255,0.15798108,0.7383866,0.019660529
ISIC_0025885,HAM_0000582,bkl,4,0.00030027985,1.712359e-05,0.016832756,8.850289e-05,0.91903734,0.063650355,7.3658644e-05
ISIC_0028120,HAM_0001055,bkl,4,0.0003363944,5.6658064e-05,0.96813625,0.0003676574,0.011381776,0.019665943,5.5345583e-05
ISIC_0025326,HAM_0003000,bkl,4,0.023669042,0.0017518149,0.9707171,0.0013366205,0.0016715933,0.00062646146,0.00022733287
ISIC_0025743,HAM_0004382,bkl,4,0.001350976,0.0065762773,0.991376,1.5493846e-05,0.0005219296,0.00013332457,2.5998037e-05
ISIC_0031424,HAM_0004928,bkl,4,0.00071909267,3.9822637e-05,0.84685034,2.7050804e-05,0.14431418,0.007976381,7.310212e-05
ISIC_0029770,HAM_0004928,bkl,4,0.00036453764,2.4351055e-05,0.5448142,5.0645363e-06,0.44640476,0.008361911,2.5124038e-05
ISIC_0031060,HAM_0005674,bkl,4,0.001211026,5.5871325e-05,0.896851,0.00018248081,0.04319335,0.058464576,4.168255e-05
ISIC_0024773,HAM_0000844,bkl,4,0.009761665,7.8874575e-05,0.96131945,0.00011543623,0.02328021,0.0054093613,3.5068806e-05
ISIC_0025583,HAM_0004131,bkl,4,0.0006934574,5.046469e-07,0.9928067,1.2588092e-06,0.006345853,0.00015055764,1.6353961e-06
ISIC_0030744,HAM_0000847,bkl,4,0.007482907,0.0009283998,0.9037625,0.003278631,0.0074975365,0.07624184,0.00080818473
ISIC_0027344,HAM_0003069,bkl,4,0.00010167662,3.4019083e-06,0.9986706,8.999257e-05,0.0006456038,0.0004737197,1.5039267e-05
ISIC_0024748,HAM_0003420,bkl,4,0.00060607615,0.0020323878,0.54886043,0.00027856795,0.32902226,0.11893146,0.00026894468
ISIC_0030203,HAM_0001896,bkl,4,0.000563668,0.00091403053,0.9877802,5.2840507e-05,0.009349324,0.0012978313,4.204592e-05
ISIC_0025297,HAM_0007513,bkl,4,0.0050220634,0.0036811782,0.95214164,2.1149692e-05,0.036631238,0.0024727841,2.9942583e-05
ISIC_0024676,HAM_0007513,bkl,4,0.032295395,0.018563801,0.86292255,0.002872684,0.078023076,0.005091194,0.00023124341
ISIC_0027606,HAM_0002306,bkl,4,0.00032936456,7.8078294e-05,0.79355216,0.00021516044,0.15779313,0.045741394,0.0022907127
ISIC_0025703,HAM_0000110,bkl,4,0.00013582397,0.00040391457,0.072308965,0.00014888236,0.9249838,0.001897557,0.00012104052
ISIC_0026443,HAM_0002902,bkl,4,0.0010634973,0.0011634695,0.97635704,0.0001487878,0.0020720842,0.018832538,0.0003625441
ISIC_0032006,HAM_0003452,bkl,4,0.0004943932,0.0009511084,0.9894393,0.00015988023,0.005521568,0.0031361254,0.00029753108
ISIC_0028920,HAM_0003452,bkl,4,0.00013381563,0.00020166727,0.97960085,7.024097e-05,0.011460462,0.008230512,0.00030244293
ISIC_0032045,HAM_0001057,bkl,4,0.7948444,0.015226971,0.106733374,0.00063095207,0.07862343,0.0034209015,0.00052002165
ISIC_0024381,HAM_0001057,bkl,4,0.0030711005,0.00031136718,0.97747755,4.2428015e-05,0.018872574,0.00017828004,4.668915e-05
ISIC_0027706,HAM_0005596,bkl,4,0.0010658284,0.0008733086,0.9511746,0.00034099206,0.028779142,0.017575163,0.00019090598
ISIC_0029249,HAM_0005869,bkl,4,0.99185044,5.092605e-05,0.0072685494,4.737567e-05,0.0006397095,0.0001418526,1.1540357e-06
ISIC_0030822,HAM_0005869,bkl,4,0.97956574,0.00069838524,0.016351767,0.00022061677,0.0022178388,0.00091621885,2.9394341e-05
ISIC_0030636,HAM_0001226,bkl,4,8.7519526e-05,0.0022178283,0.9962023,6.6192355e-05,7.708501e-05,0.0013392824,9.85785e-06
ISIC_0027760,HAM_0003766,bkl,4,0.14841099,0.00054581056,0.5292547,0.0012616334,0.30810916,0.010729879,0.0016877949
ISIC_0026538,HAM_0003766,bkl,4,0.25351462,0.00036511343,0.6213571,0.00041778779,0.120455556,0.003400417,0.0004893984
ISIC_0029580,HAM_0001958,bkl,4,0.042654306,0.90136427,0.0520574,1.47055825e-05,0.0029984603,0.0008749482,3.5832392e-05
ISIC_0027527,HAM_0001979,bkl,4,0.0013264007,1.2572765e-05,0.9856574,4.5535535e-06,0.012652313,0.00027519237,7.150835e-05
ISIC_0024893,HAM_0002058,bkl,4,6.852392e-05,4.350745e-06,0.99081635,5.957499e-07,0.008656365,0.00045254093,1.3114433e-06
ISIC_0024471,HAM_0000299,bkl,4,9.229128e-06,0.00018976798,0.92902964,0.00013144843,0.00030862604,0.06970672,0.0006246605
ISIC_0029878,HAM_0000299,bkl,4,8.017008e-05,0.0007779104,0.64080375,0.00028701688,0.0032799263,0.3538854,0.0008858026
ISIC_0026787,HAM_0000386,bkl,4,0.009769444,0.0008618113,0.002649386,0.0048824935,0.87406605,0.10707682,0.0006938387
ISIC_0026245,HAM_0001938,bkl,4,0.0034316715,0.003667293,0.049767584,0.0023608555,0.5687262,0.3679151,0.004131309
ISIC_0031050,HAM_0006868,bkl,4,5.2250547e-05,3.250653e-05,0.99019754,7.086225e-05,0.0056347856,0.003976199,3.5771234e-05
ISIC_0024761,HAM_0005053,bkl,4,0.00037619326,0.002366611,0.9944905,0.00016873765,0.0015116729,0.00086659845,0.00021964598
ISIC_0026843,HAM_0005082,bkl,4,0.0026399677,0.002441571,0.10230856,0.0019427921,0.56785184,0.32166192,0.0011533166
ISIC_0025699,HAM_0005082,bkl,4,0.0010329948,0.0005245197,0.6884311,0.005129464,0.06044888,0.24213451,0.0022985232
ISIC_0029617,HAM_0005082,bkl,4,0.0034359938,0.00020796586,0.0377058,0.005490702,0.31416902,0.63836837,0.00062208524
ISIC_0024696,HAM_0001082,bkl,4,0.00034179236,0.00047360576,0.23501542,0.000107339874,0.7238985,0.039583057,0.0005802739
ISIC_0027470,HAM_0002548,bkl,4,0.0023846878,0.0009853869,0.109104946,0.004309686,0.021058217,0.85985476,0.0023023076
ISIC_0031150,HAM_0001094,bkl,4,0.0011383613,5.8589063e-05,0.8044321,0.00018546975,0.17879328,0.014697761,0.00069450843
ISIC_0031961,HAM_0006173,bkl,4,0.00047138846,0.0019144235,0.9925437,3.258355e-05,0.0041403435,0.0008594292,3.809403e-05
ISIC_0028656,HAM_0002548,bkl,4,0.0018118315,0.00095290516,0.345949,0.008953051,0.11851058,0.5183176,0.005505053
ISIC_0032445,HAM_0006173,bkl,4,0.0063558905,0.05582566,0.7873855,0.0020857411,0.14381427,0.0040086103,0.000524277
ISIC_0026704,HAM_0004338,bkl,4,0.115751304,0.0006593341,0.795665,0.0005084998,0.08264297,0.0038993852,0.00087347574
ISIC_0026523,HAM_0004338,bkl,4,0.0012419886,2.4191286e-05,0.9974383,6.7571546e-06,0.0011220432,0.00015575702,1.0925184e-05
ISIC_0026553,HAM_0007024,bkl,4,0.050328758,0.00030308924,0.8621222,0.0014014704,0.01971865,0.06596237,0.00016350437
ISIC_0032365,HAM_0003206,bkl,4,0.0074139396,0.0013344486,0.3375526,0.0029090166,0.25830558,0.38776258,0.0047218003
ISIC_0028229,HAM_0004158,bkl,4,0.0020717042,1.7067046e-06,0.99640405,4.730806e-06,0.0014719303,4.4361717e-05,1.5002896e-06
ISIC_0025199,HAM_0003206,bkl,4,0.005009286,0.0016390322,0.33054623,0.005480176,0.26978394,0.38045636,0.0070849513
ISIC_0024871,HAM_0001312,bkl,4,0.0008376007,9.812021e-05,0.99724907,1.6333604e-05,0.0012159528,0.0005510245,3.185497e-05
ISIC_0028830,HAM_0001312,bkl,4,0.0015284767,0.00022807697,0.98153275,5.291811e-05,0.0130884815,0.0031713601,0.00039794896
ISIC_0028451,HAM_0004338,bkl,4,0.10736549,0.00022366873,0.8478004,8.244399e-05,0.043805286,0.0006020861,0.00012066023
ISIC_0025434,HAM_0001878,bkl,4,7.585706e-05,2.3939518e-05,0.9986927,1.9049005e-05,0.00041968885,0.00073390687,3.4899887e-05
ISIC_0028165,HAM_0001878,bkl,4,0.049595688,9.481177e-05,0.9413013,0.0002103491,0.0010703293,0.007695399,3.213232e-05
ISIC_0027770,HAM_0004463,bkl,4,0.0018645003,4.9784394e-05,0.996494,2.035182e-05,0.0013694365,0.0001929042,8.9783025e-06
ISIC_0031825,HAM_0004453,bkl,4,0.23116079,0.0005652097,0.08090769,0.0022310861,0.6559485,0.027311567,0.001875097
ISIC_0030677,HAM_0004453,bkl,4,0.15415281,9.511385e-05,0.14396714,0.00038812394,0.6881715,0.012475719,0.00074959104
ISIC_0024705,HAM_0007355,bkl,4,2.9932002e-05,3.458636e-05,0.99943334,1.0084882e-05,0.0002427883,0.00021620412,3.3002536e-05
ISIC_0026803,HAM_0007355,bkl,4,1.2648819e-05,6.7177375e-06,0.9993973,3.0850886e-05,0.00015085569,0.0003732803,2.8338025e-05
ISIC_0024782,HAM_0004004,bkl,4,0.0004287479,0.0031479963,0.8155763,0.0001620999,0.15779817,0.022777429,0.000109254666
ISIC_0029872,HAM_0004004,bkl,4,0.00024110494,0.00053023384,0.997849,8.782247e-06,0.0005957215,0.00076768105,7.4533955e-06
ISIC_0026311,HAM_0006099,bkl,4,3.0792532e-06,5.1870834e-06,0.99863064,7.786734e-06,4.7374568e-05,0.0012867094,1.9272351e-05
ISIC_0029270,HAM_0006099,bkl,4,3.221713e-05,8.098176e-06,0.9987853,8.520032e-06,0.00083986437,0.00030447592,2.1545231e-05
ISIC_0024909,HAM_0002757,bkl,4,3.3085074e-05,1.7097393e-05,0.99026006,3.3279503e-05,0.0059868726,0.003533276,0.00013619958
ISIC_0028258,HAM_0002757,bkl,4,5.6235178e-05,4.0982133e-05,0.98177814,5.8589652e-05,0.012407134,0.0053154374,0.00034347447
ISIC_0024770,HAM_0000106,bkl,4,0.00016147176,0.0001073535,0.97043735,0.00019363422,0.027745105,0.0012250016,0.00012999985
ISIC_0032170,HAM_0004543,bkl,4,0.0038195134,0.004422067,0.12057492,0.57691854,0.045397848,0.2261453,0.022721829
ISIC_0034142,HAM_0000309,bkl,4,0.04156388,2.1511349e-05,0.9571406,6.459842e-05,0.00090138474,0.0003060823,1.9545168e-06
ISIC_0033660,HAM_0007427,bkl,4,6.5307206e-05,3.7944847e-05,0.9886567,0.00021686993,0.0064125773,0.0042178095,0.00039270072
ISIC_0034221,HAM_0007427,bkl,4,0.00042917058,0.00016225972,0.98282135,0.0007422648,0.006278962,0.008967886,0.00059817644
ISIC_0033945,HAM_0007427,bkl,4,0.00036870688,0.0006401866,0.9794707,0.0012719204,0.010087819,0.0075186254,0.00064206496
ISIC_0033491,HAM_0007427,bkl,4,0.00015474601,7.615729e-05,0.9899969,0.00023734613,0.0021951527,0.0069362707,0.0004033453
ISIC_0034280,HAM_0007427,bkl,4,3.0197329e-05,6.404316e-06,0.99460125,3.297152e-05,0.0035661357,0.0016927685,7.0279486e-05
ISIC_0031601,HAM_0001487,bkl,4,0.00023063387,0.0007034986,0.9848125,0.00017105811,0.00057082437,0.013196495,0.00031493144
ISIC_0032271,HAM_0002371,bkl,4,0.0018437732,0.0032138778,0.95137465,0.00040187134,0.009044404,0.033851065,0.00027033113
ISIC_0026046,HAM_0002190,bkl,4,0.00013223068,0.00044168756,0.996777,0.00034702322,0.00025166594,0.0018902419,0.00016012491
ISIC_0028587,HAM_0001735,bkl,4,4.8845895e-06,2.8274055e-05,0.9990907,2.5000549e-05,0.00015125188,0.0006803509,1.9584864e-05
ISIC_0026422,HAM_0003926,bkl,4,0.00025473727,0.00013112751,0.96367943,3.77157e-05,0.0013926494,0.034423083,8.126006e-05
ISIC_0028448,HAM_0001167,bkl,4,0.0004999797,0.0004438235,0.9182203,0.00027665484,0.0021995606,0.07791671,0.0004429575
ISIC_0028503,HAM_0003726,bkl,4,1.4097044e-05,9.355442e-05,0.99842465,3.055116e-05,3.139807e-05,0.0013801529,2.5576355e-05
ISIC_0027025,HAM_0000121,bkl,4,0.00013964885,0.0005621165,0.9927872,0.00037299047,0.0007690729,0.0050716233,0.00029737392
ISIC_0028525,HAM_0005722,bkl,4,0.003174762,0.00018443272,0.5683473,0.00020534811,0.40066406,0.027318835,0.00010529205
ISIC_0024850,HAM_0007393,bkl,4,0.0035392798,0.0057673026,0.14976096,0.057093192,0.013754211,0.7627803,0.007304807
ISIC_0025758,HAM_0005443,bkl,4,1.3292079e-05,0.00016320073,0.9962741,1.8928788e-05,4.5230776e-05,0.0034218943,6.328923e-05
ISIC_0029731,HAM_0000643,bkl,4,0.0005809753,0.06611052,0.83911145,0.00022530218,0.039092757,0.05448735,0.00039157495
ISIC_0028386,HAM_0005751,bkl,4,0.00039180744,3.2098753e-05,0.80116105,0.00015253758,0.0025412196,0.19556753,0.00015373396
ISIC_0029195,HAM_0003129,bkl,4,7.44391e-05,0.0006519078,0.98289984,0.0003873758,0.00038511268,0.015218906,0.00038248903
ISIC_0031125,HAM_0004713,bkl,4,0.007951328,0.006731749,0.92988193,0.0028629557,0.017661799,0.028759938,0.0061503127
ISIC_0025454,HAM_0001423,bkl,4,0.0001634836,0.003232747,0.93753505,0.0025250528,0.00802754,0.046495147,0.0020210268
ISIC_0025431,HAM_0000607,bkl,4,4.3689928e-05,0.00037157198,0.9909451,0.00010792262,0.00029653244,0.007521757,0.00071343145
ISIC_0029036,HAM_0000955,bkl,4,1.03275925e-05,5.442259e-06,0.9997774,3.3725814e-06,0.000116332216,8.453064e-05,2.6575303e-06
ISIC_0030583,HAM_0000465,bkl,4,0.000105997606,0.00022527522,0.9470175,0.0002781778,0.00075542746,0.05118,0.00043763506
ISIC_0027326,HAM_0005874,bkl,4,6.0062797e-05,3.0142544e-05,0.99279684,0.00019087919,0.0028200555,0.0039866366,0.00011554818
ISIC_0030244,HAM_0007526,df,4,0.00025174045,0.5971257,0.004787248,0.100082494,0.29675558,0.0003742346,0.00062306353
ISIC_0031827,HAM_0007526,df,4,0.00015739573,0.19596988,0.0006280075,0.8028093,0.0003688262,4.1300413e-05,2.5345245e-05
ISIC_0032410,HAM_0005518,df,4,0.0064605987,2.6666366e-05,0.44336697,0.5453507,0.0042625456,0.00049729546,3.5189467e-05
ISIC_0031344,HAM_0005861,df,4,0.2916385,0.6982393,0.00913521,0.00076802104,6.606851e-05,9.0304944e-05,6.2552404e-05
ISIC_0028346,HAM_0005861,df,4,0.008645807,0.040319342,0.00936741,0.9403436,0.00012401554,0.0010302888,0.00016950915
ISIC_0025154,HAM_0001177,df,4,0.0030241758,0.99576724,0.00039999202,0.0007380366,2.013934e-05,4.3306387e-05,7.0972424e-06
ISIC_0025911,HAM_0004648,df,4,1.6957128e-07,4.6274658e-07,7.8078934e-05,0.9998512,2.5463263e-05,3.3848843e-05,1.0656212e-05
ISIC_0026471,HAM_0006787,df,4,1.2286556e-06,4.955271e-06,0.00017378603,0.999785,3.8291364e-06,2.718323e-05,4.028607e-06
ISIC_0028651,HAM_0004496,df,4,1.8825672e-06,6.2454615e-06,1.2275878e-05,0.989061,5.8222795e-05,0.010382435,0.00047794782
ISIC_0029973,HAM_0002045,df,4,2.7844055e-05,0.004068357,0.00028844664,0.899354,0.00072799297,0.080134615,0.015398865
ISIC_0029130,HAM_0000049,df,4,1.1023296e-05,3.1402447e-05,0.075807184,0.92352057,8.552759e-05,0.00049121695,5.3105286e-05
ISIC_0025314,HAM_0000757,df,4,5.3030584e-07,4.3042284e-05,0.00030407097,0.9955107,0.00032053632,0.00013479896,0.003686299
ISIC_0029297,HAM_0002153,df,4,1.6055034e-07,8.713239e-07,4.04473e-06,0.9998729,9.222383e-06,5.4822696e-05,5.794673e-05
ISIC_0026993,HAM_0005186,mel,4,7.024509e-07,5.240603e-07,9.469193e-05,3.6847257e-05,0.9992787,0.00057920936,9.252976e-06
ISIC_0025451,HAM_0002143,mel,4,0.0005994319,4.346513e-05,0.008566808,0.00033592264,0.12509175,0.86492366,0.0004389823
ISIC_0029575,HAM_0001747,mel,4,0.00036602173,0.000138182,0.013647956,8.6374785e-06,0.98524135,0.0005960005,1.8752969e-06
ISIC_0028361,HAM_0001747,mel,4,6.652439e-05,8.118962e-05,0.07196223,1.3279752e-05,0.9259581,0.001903734,1.4930827e-05
ISIC_0027277,HAM_0004720,mel,4,4.9111066e-05,0.00016581641,0.005409255,0.00033041002,0.9288854,0.055134002,0.010025951
ISIC_0028642,HAM_0004720,mel,4,0.0011866104,0.0034842375,0.036271155,0.0006013449,0.8095605,0.13931337,0.009582783
ISIC_0029913,HAM_0007171,mel,4,2.3207094e-05,3.994193e-05,0.00011071484,0.005541629,0.27254298,0.72086555,0.00087595725
ISIC_0026909,HAM_0007171,mel,4,4.4393044e-05,0.0006730589,0.0002569656,0.005784608,0.52339035,0.46369818,0.0061524245
ISIC_0026113,HAM_0002714,mel,4,6.489183e-05,9.404895e-05,0.0016793122,2.9363515e-05,0.97853845,0.019569078,2.4871864e-05
ISIC_0032265,HAM_0002714,mel,4,4.5884077e-05,2.4559979e-05,0.0012285922,7.506134e-05,0.90066063,0.0979423,2.3026945e-05
ISIC_0028901,HAM_0006739,mel,4,0.00036819922,0.0033220297,0.00045555425,0.01023507,0.0482717,0.9369836,0.00036390958
ISIC_0032098,HAM_0006739,mel,4,0.00044179952,0.0072284373,0.0030191517,0.17547137,0.13245274,0.11274099,0.5686455
ISIC_0029651,HAM_0004643,mel,4,0.00024748407,2.6547199e-05,0.6248898,0.0009797749,0.33710274,0.036622442,0.00013118134
ISIC_0032044,HAM_0004643,mel,4,0.0001602014,2.461571e-05,0.08331118,0.018462596,0.8800728,0.017790016,0.00017871757
ISIC_0027253,HAM_0005697,mel,4,0.001293964,6.945374e-05,0.00026083895,1.4304624e-05,0.99741936,0.0009347418,7.2492307e-06
ISIC_0032046,HAM_0005697,mel,4,0.005534919,0.00057940185,0.14400756,0.00095340813,0.8287064,0.0196182,0.0006001337
ISIC_0025674,HAM_0000531,mel,4,0.0009562934,0.9959268,0.002056605,6.144053e-05,0.00097325194,1.4508148e-05,1.1037217e-05
ISIC_0031369,HAM_0000531,mel,4,0.0017636342,0.47674704,0.31204826,0.00064501434,0.20705856,0.0015933107,0.00014420353
ISIC_0025219,HAM_0005588,mel,4,2.6634785e-05,1.8664065e-06,0.0010955534,8.9215355e-06,0.99601233,0.0028527712,2.0418552e-06
ISIC_0026458,HAM_0005588,mel,4,3.2334765e-06,4.920107e-07,0.00024486482,1.86802e-05,0.9986732,0.0010584634,1.113103e-06
ISIC_0031972,HAM_0002182,mel,4,0.047357317,0.0087559465,0.19686654,0.0006814792,0.74007004,0.006211928,5.670927e-05
ISIC_0030539,HAM_0002182,mel,4,0.12593941,0.00020917386,0.46066725,0.0006293755,0.39867428,0.0137321055,0.00014832646
ISIC_0024967,HAM_0006975,mel,4,1.3174555e-05,6.235386e-06,0.0023493196,2.3436858e-06,0.9971558,0.0004692057,3.9867436e-06
ISIC_0027693,HAM_0004980,mel,4,0.00027978793,0.00012935333,0.0005808547,0.0057529584,0.26398337,0.7288814,0.0003922591
ISIC_0029017,HAM_0004980,mel,4,0.00027477258,0.000126046,0.00056379667,0.0019803748,0.17135464,0.82550967,0.0001907015
ISIC_0028127,HAM_0005911,mel,4,1.769679e-05,6.223373e-07,0.00030343884,5.9849594e-07,0.9992792,0.00039808455,3.5737824e-07
ISIC_0030165,HAM_0005911,mel,4,6.2116014e-05,3.266897e-05,0.0010262752,5.9844238e-06,0.97780573,0.021060945,6.1985556e-06
ISIC_0029241,HAM_0006092,mel,4,0.03340627,0.00011723203,0.008307361,2.1855827e-05,0.9573914,0.00072024023,3.5614357e-05
ISIC_0031890,HAM_0007420,mel,4,0.0016553649,0.0001782632,0.2872266,0.0007189504,0.6971428,0.012106804,0.00097124005
ISIC_0024875,HAM_0007617,mel,4,0.0014282127,0.37713215,0.46117038,0.00016532761,0.15937622,0.00056810374,0.00015961629
ISIC_0026950,HAM_0007617,mel,4,0.000120705336,0.008201745,0.0018625102,6.6002153e-06,0.9896147,0.00018513526,8.508015e-06
ISIC_0029216,HAM_0004153,mel,4,0.00013928534,0.0054881843,0.07350284,0.0050906325,0.7956505,0.11895786,0.0011707863
ISIC_0026489,HAM_0004153,mel,4,2.9394965e-05,0.0035467683,0.19592963,0.0027703303,0.70556974,0.09165119,0.0005030387
ISIC_0028878,HAM_0000062,mel,4,0.0014281768,7.971133e-05,0.8967539,0.00010155487,0.06874624,0.03272812,0.00016228422
ISIC_0028087,HAM_0002981,mel,4,0.0006114039,0.0004314385,0.0110619385,8.731033e-05,0.8600804,0.1275901,0.00013735841
ISIC_0026664,HAM_0002981,mel,4,0.0011667755,0.00094673084,0.090541326,0.00036074486,0.6625134,0.24372508,0.0007460059
ISIC_0029726,HAM_0004102,mel,4,0.061979577,6.398084e-05,0.17433603,0.00041965922,0.7602451,0.0028068935,0.0001487599
ISIC_0030824,HAM_0000330,mel,4,0.00020735055,0.0031621906,0.24395117,0.000199018,0.67357075,0.07812391,0.00078559556
ISIC_0025394,HAM_0003376,mel,4,0.0009032141,0.0112190535,0.08470884,0.0007145012,0.064317346,0.8373445,0.00079242693
ISIC_0030575,HAM_0002032,mel,4,0.00022867305,3.639395e-05,0.020186352,9.348135e-05,0.67504025,0.3042645,0.00015026063
ISIC_0034046,HAM_0000179,mel,4,2.2074214e-06,5.2336363e-06,0.0001285449,0.004286021,0.9727854,0.02278853,4.0442405e-06
ISIC_0032550,HAM_0000179,mel,4,1.0230016e-05,5.0444824e-06,0.0004628199,0.0021843985,0.9267033,0.07062715,7.0584992e-06
ISIC_0033700,HAM_0000179,mel,4,7.0226465e-06,6.4948863e-06,0.00021487116,0.017457062,0.9328644,0.049440004,1.0098848e-05
ISIC_0028746,HAM_0000878,mel,4,0.0035416747,0.0014772911,0.007924011,6.805584e-05,0.9850096,0.0019628347,1.6451337e-05
ISIC_0033432,HAM_0005893,mel,4,0.0006273666,4.6071887e-05,0.02340422,0.0012586816,0.6155078,0.35902253,0.00013331341
ISIC_0032833,HAM_0005893,mel,4,0.00021801222,1.3376982e-05,0.0007808866,0.00010178191,0.9511342,0.047725588,2.6037846e-05
ISIC_0034236,HAM_0005893,mel,4,0.0015967869,3.0204028e-05,0.004527771,0.0021910914,0.83445805,0.15709655,9.961717e-05
ISIC_0034118,HAM_0002824,mel,4,2.9616891e-05,5.663533e-06,0.00038053092,2.4078363e-05,0.9697845,0.029746126,2.9501425e-05
ISIC_0033476,HAM_0002824,mel,4,4.1374997e-06,1.1534389e-06,7.875806e-05,3.944765e-05,0.9645979,0.035272993,5.5894047e-06
ISIC_0033047,HAM_0002824,mel,4,5.655095e-05,8.80894e-06,0.00080780586,8.26032e-05,0.82976025,0.1692358,4.8182017e-05
ISIC_0025987,HAM_0002824,mel,4,0.0009995457,0.00018096731,0.0014607355,0.0002497804,0.96544814,0.031277686,0.0003831078
ISIC_0033068,HAM_0002671,mel,4,0.0010126423,1.6272212e-05,0.021482754,5.6243658e-05,0.9667028,0.010707682,2.155718e-05
ISIC_0034218,HAM_0002671,mel,4,0.011650718,9.928418e-05,0.047472607,0.00038583434,0.8974936,0.042804245,9.36339e-05
ISIC_0034263,HAM_0002671,mel,4,0.052340817,3.980097e-05,0.07918913,0.00031551422,0.85636646,0.011713082,3.512423e-05
ISIC_0033275,HAM_0003280,mel,4,0.00048243054,0.00070743763,0.053940337,7.7382356e-05,0.5598799,0.38479948,0.00011303134
ISIC_0033938,HAM_0003280,mel,4,9.602272e-05,0.0005945632,0.005926229,8.085924e-05,0.71820235,0.27473688,0.0003630944
ISIC_0032841,HAM_0003280,mel,4,5.923474e-05,0.00102164,0.0042824047,0.00033821972,0.5699952,0.42358446,0.00071881356
ISIC_0033317,HAM_0000662,mel,4,0.0020365897,5.8426078e-05,0.8539314,6.0516653e-05,0.12374342,0.020004248,0.00016546804
ISIC_0034269,HAM_0000662,mel,4,0.0011579414,5.023459e-05,0.76345545,0.00013391062,0.20588297,0.029029818,0.00028964528
ISIC_0033956,HAM_0000662,mel,4,0.00016344756,6.706873e-06,0.63920254,5.561024e-05,0.3448239,0.015661992,8.5795014e-05
ISIC_0024900,HAM_0004593,mel,4,0.0019081396,0.74320537,0.007103459,0.002015397,0.19808708,0.047604416,7.618623e-05
ISIC_0032072,HAM_0004593,mel,4,0.010594769,0.38047296,0.07903429,0.073123775,0.38987616,0.06508727,0.001810782
ISIC_0032940,HAM_0005628,mel,4,1.2206008e-06,8.7758135e-06,0.00089341064,2.5735537e-07,0.9990675,2.87467e-05,1.8464345e-07
ISIC_0032915,HAM_0001524,mel,4,0.187452,0.08358847,0.06736229,0.00017670493,0.66069245,0.0004628356,0.0002652655
ISIC_0033863,HAM_0007086,mel,4,6.0775947e-06,6.5971662e-06,0.002030693,2.3664687e-05,0.99302906,0.0048952233,8.739826e-06
ISIC_0034180,HAM_0007086,mel,4,2.5604497e-05,1.2213398e-05,0.006445183,0.00012701821,0.96877104,0.024586566,3.230396e-05
ISIC_0033267,HAM_0007086,mel,4,6.2197746e-06,3.1031607e-06,0.0002758137,1.5066885e-05,0.99660385,0.0030924473,3.475375e-06
ISIC_0033336,HAM_0003506,mel,4,0.00052478566,0.028332347,0.027180513,0.0014043992,0.02015451,0.9160568,0.0063465443
ISIC_0033405,HAM_0003506,mel,4,0.00019874399,0.004726607,0.011032702,0.0035993261,0.12382045,0.72023296,0.13638915
ISIC_0034188,HAM_0003506,mel,4,0.000114282186,0.009176608,0.014465055,0.0018336456,0.03910947,0.5851868,0.35011414
ISIC_0033269,HAM_0006189,mel,4,4.3474247e-06,4.0920117e-06,2.218611e-05,9.529582e-05,0.9997762,9.7674856e-05,3.9732743e-07
ISIC_0032610,HAM_0006802,mel,4,7.825664e-05,2.3960338e-05,4.9645885e-05,0.0023378015,0.46757084,0.5298272,0.00011231661
ISIC_0033426,HAM_0001143,mel,4,6.6942503e-06,3.611277e-06,4.096723e-05,4.8318358e-05,0.999801,9.8684e-05,7.2230085e-07
ISIC_0033279,HAM_0006802,mel,4,0.00013211771,2.7585413e-05,0.00015029493,0.00073545566,0.52379185,0.47505856,0.00010410626
ISIC_0032887,HAM_0006802,mel,4,0.00015517967,3.1588297e-05,0.0002588639,0.00050386984,0.93627244,0.06260394,0.00017413277
ISIC_0032698,HAM_0001686,mel,4,0.00038543207,3.998845e-06,0.07910914,0.0012213171,0.917819,0.0014524763,8.565345e-06
ISIC_0028520,HAM_0001793,mel,4,6.5259e-05,1.7701981e-05,0.001138254,2.530744e-05,0.9879269,0.010699726,0.0001267766
ISIC_0034000,HAM_0001793,mel,4,2.0714937e-05,7.970736e-06,0.0016200788,1.3192957e-05,0.9946557,0.0036509042,3.140197e-05
ISIC_0032807,HAM_0002488,mel,4,0.003930547,0.039891426,0.013466753,0.0019062648,0.92402536,0.016458571,0.0003210674
ISIC_0032645,HAM_0002488,mel,4,0.0020201772,0.0021609934,0.021996439,0.0004080261,0.4261314,0.54716355,0.00011944016
ISIC_0033925,HAM_0000206,mel,4,9.881811e-06,0.00036756744,0.79928833,7.2296875e-06,0.1951104,0.0046653696,0.00055124547
ISIC_0033431,HAM_0000206,mel,4,3.0975596e-05,0.0021609794,0.10483603,1.19888955e-05,0.8326914,0.011562969,0.04870569
ISIC_0033885,HAM_0005737,mel,4,2.4267788e-06,3.869837e-07,0.061284576,4.9406767e-06,0.93644494,0.002258604,4.111996e-06
ISIC_0032987,HAM_0001155,mel,4,0.13133223,0.00139488,0.0019384912,0.0008280548,0.85639375,0.0077667315,0.00034585941
ISIC_0033999,HAM_0002377,mel,4,1.1611795e-05,6.787355e-05,0.0008317283,0.037135694,0.9614907,0.00025218082,0.00021029385
ISIC_0033856,HAM_0002377,mel,4,2.7538101e-06,5.164931e-06,0.003306828,0.13884456,0.853855,0.0015797726,0.0024059268
ISIC_0026089,HAM_0002196,mel,4,0.00019821394,0.0018806015,0.0019139514,0.001207114,0.69757307,0.29710677,0.00012022284
ISIC_0024930,HAM_0002196,mel,4,0.00062017934,0.0007264806,0.002659952,0.0023110064,0.6643545,0.32887933,0.00044844678
ISIC_0031408,HAM_0000201,mel,4,0.0010017819,9.8706696e-05,0.0009292151,0.00031676757,0.51039183,0.4870193,0.00024240023
ISIC_0025439,HAM_0001214,mel,4,6.285599e-05,6.3215916e-06,0.00251814,0.00015211475,0.98945403,0.0077943834,1.2185188e-05
ISIC_0030187,HAM_0002622,mel,4,1.3546135e-05,0.00017948392,0.0062900623,0.001069816,0.9669311,0.021698698,0.003817212
ISIC_0029013,HAM_0003522,mel,4,0.006493016,0.0082400665,0.012700301,0.0040355446,0.095228,0.8663438,0.0069591897
ISIC_0027302,HAM_0006497,mel,4,0.00017429727,2.358857e-05,0.0008178351,0.0008999721,0.6776507,0.32009953,0.00033400397
ISIC_0029056,HAM_0004878,mel,4,0.00085453666,0.0013816423,0.38609573,8.395214e-05,0.55957586,0.051643617,0.0003646715
ISIC_0030512,HAM_0006833,mel,4,0.0011679108,0.00014419618,0.018180208,0.001170194,0.8906354,0.088012785,0.0006892665
ISIC_0030932,HAM_0000241,mel,4,0.0014514675,0.0002512439,0.10726577,5.7726767e-05,0.8842011,0.0065145623,0.00025820863
ISIC_0028228,HAM_0003608,mel,4,0.00012783459,0.0005842146,0.19847003,0.00025274415,0.7697816,0.029964494,0.00081906136
ISIC_0025651,HAM_0000075,mel,4,0.7542997,0.036292467,0.017696174,0.0015530846,0.18341058,0.0066093486,0.00013865413
ISIC_0025748,HAM_0002752,mel,4,0.0009880373,1.656582e-05,0.00039205575,0.00044469145,0.96888775,0.029257875,1.3053552e-05
ISIC_0029157,HAM_0007488,mel,4,0.028309692,6.841341e-05,0.007851727,0.001161654,0.8289479,0.13348451,0.00017606995
ISIC_0024952,HAM_0007488,mel,4,0.011559339,0.00014593755,0.0010709943,0.00023873788,0.97463596,0.012268856,8.012351e-05
ISIC_0027105,HAM_0005747,mel,4,0.0026983798,0.01989472,0.024850216,0.0006645032,0.8289755,0.12225733,0.000659332
ISIC_0027502,HAM_0005747,mel,4,0.0042300993,0.0013401901,0.022327067,0.0029791545,0.5470445,0.4210752,0.001003756
ISIC_0027021,HAM_0006940,mel,4,0.8009661,0.00053436216,0.0011423462,0.016451927,0.17767556,0.0031850717,4.472824e-05
ISIC_0029958,HAM_0004507,mel,4,0.012473244,1.2939018e-05,0.9755105,3.4824898e-06,0.011948637,4.1039882e-05,1.0076918e-05
ISIC_0032504,HAM_0001791,mel,4,0.0005713614,8.287251e-07,0.00041405568,2.063476e-05,0.9927429,0.0062470688,3.152106e-06
ISIC_0027956,HAM_0001791,mel,4,0.0025382794,5.7292236e-05,0.00062994094,0.00033292949,0.88270223,0.11354584,0.00019343894
ISIC_0024554,HAM_0004507,mel,4,0.021226933,1.7418926e-05,0.9570585,2.092932e-05,0.02025488,0.0013922283,2.9057484e-05
ISIC_0027089,HAM_0002800,mel,4,0.0003011803,0.0001439445,0.00050290657,0.0006681977,0.7370739,0.26076657,0.0005432409
ISIC_0026239,HAM_0002800,mel,4,8.368432e-05,8.8043664e-05,0.0005258112,0.0003004772,0.8211473,0.17758557,0.00026908313
ISIC_0026930,HAM_0002970,mel,4,0.068304874,0.000429405,0.09651363,0.00033246714,0.2164374,0.61777824,0.00020402852
ISIC_0027350,HAM_0002970,mel,4,0.0036240972,6.791859e-05,0.039134316,0.00014863786,0.71499336,0.24184301,0.00018863127
ISIC_0025543,HAM_0005735,mel,4,0.01038303,0.00011727596,0.51264673,2.647626e-05,0.47597635,0.0007617539,8.835181e-05
ISIC_0028860,HAM_0006779,mel,4,0.21924718,0.0055480246,0.029169098,0.010065815,0.6773102,0.057868227,0.0007915013
ISIC_0030795,HAM_0003601,mel,4,0.00047247834,6.6685265e-05,0.00073465286,0.00017776329,0.87708485,0.12104168,0.00042187568
ISIC_0027507,HAM_0003601,mel,4,0.0012225406,0.00045951465,0.0037970783,0.00076057675,0.52195,0.46970418,0.0021061813
ISIC_0026802,HAM_0004878,mel,4,0.0005271672,0.00050450227,0.010495782,0.00012327194,0.92743134,0.06081335,0.00010461953
ISIC_0028026,HAM_0007522,mel,4,0.0011695211,0.0002575377,0.0007809734,0.00025553352,0.98191476,0.01547327,0.00014847028
ISIC_0027904,HAM_0007522,mel,4,0.0006727763,6.73991e-05,0.014797791,0.00020598825,0.962258,0.021869717,0.0001284016
ISIC_0032232,HAM_0004878,mel,4,0.073980436,0.031960674,0.3943353,0.0070276875,0.37262067,0.101323135,0.018752052
ISIC_0028220,HAM_0004559,mel,4,0.0012280612,0.0020426044,0.07649861,0.0005179665,0.82646316,0.092726596,0.0005230496
ISIC_0026735,HAM_0007293,mel,4,6.6317084e-06,1.1323378e-06,0.0035721576,1.1369393e-05,0.9962807,0.00012703965,8.887821e-07
ISIC_0029094,HAM_0006527,mel,4,0.013565842,3.125152e-05,0.0033728909,0.0002345557,0.97454333,0.008212044,4.012775e-05
ISIC_0032287,HAM_0006223,mel,4,0.0032243843,0.00022092719,0.022283522,0.005300559,0.35250962,0.6150592,0.0014017678
ISIC_0025791,HAM_0006223,mel,4,0.003495279,0.001358119,0.6076605,0.0036380661,0.16483234,0.2179413,0.0010743607
ISIC_0024864,HAM_0003167,mel,4,0.0012979152,0.00036896512,0.0344016,0.001984891,0.4967192,0.4602883,0.0049391096
ISIC_0030951,HAM_0000590,mel,4,0.0015824136,0.00032782758,0.046790026,0.00017823678,0.9216253,0.029395051,0.000101160316
ISIC_0031957,HAM_0004081,mel,4,0.0018680897,0.00026058918,0.014283373,0.0013693956,0.82047,0.1615601,0.00018842996
ISIC_0026258,HAM_0000534,mel,4,0.0036005548,0.0013493764,0.16570175,0.0014280118,0.72118276,0.10178724,0.004950295
ISIC_0025235,HAM_0000534,mel,4,0.0030302028,0.0016604143,0.27652508,0.0043831617,0.5673926,0.13398023,0.013028324
ISIC_0027359,HAM_0000536,mel,4,0.00085791096,0.00092400645,0.040064678,0.0006463216,0.7678697,0.18928039,0.0003569327
ISIC_0031844,HAM_0000536,mel,4,0.0013124724,0.0017353509,0.22332576,0.004890734,0.2947051,0.47278062,0.0012499263
ISIC_0026693,HAM_0003839,vasc,4,9.718519e-07,0.00014205147,2.6525035e-05,1.3574148e-05,5.9338876e-05,6.9679714e-05,0.9996878
ISIC_0027983,HAM_0003839,vasc,4,2.4233948e-06,0.00043702638,2.7572254e-05,0.000116765696,4.376017e-05,2.600311e-05,0.99934644
ISIC_0033031,HAM_0003862,vasc,4,0.00046029605,0.0066461414,0.010604958,0.00030186953,0.71184814,0.0015300288,0.26860857
ISIC_0032775,HAM_0003862,vasc,4,0.00013503189,0.0004612899,0.00663817,0.00010073994,0.423493,0.0015213997,0.56765044
ISIC_0033458,HAM_0003862,vasc,4,2.4197441e-05,0.0003218667,0.0003125738,0.0007196932,0.7060892,0.0004812954,0.2920512
ISIC_0032614,HAM_0006946,vasc,4,2.3496181e-08,4.7477756e-06,3.8668838e-07,1.5779301e-06,1.33735e-05,1.6343909e-06,0.9999783
ISIC_0033349,HAM_0006946,vasc,4,1.2774737e-08,3.916899e-06,4.574166e-07,1.3470506e-06,8.1336775e-06,1.2004338e-06,0.999985
ISIC_0032919,HAM_0006946,vasc,4,2.540552e-08,3.0002498e-06,3.131509e-07,1.1726222e-06,1.1719744e-05,1.7950335e-06,0.9999819
ISIC_0032866,HAM_0006946,vasc,4,1.1609818e-07,3.385118e-05,6.3511384e-06,8.348414e-06,2.2994502e-05,7.981686e-06,0.99992037
ISIC_0031090,HAM_0001719,vasc,4,2.4276287e-05,0.00032040256,0.0027196272,0.0036811645,0.87133455,0.0030727258,0.11884719
ISIC_0031093,HAM_0000502,vasc,4,2.4624167e-06,6.9987116e-05,1.5777186e-05,1.7193006e-05,0.000115614836,8.3804516e-05,0.9996952
ISIC_0029608,HAM_0000502,vasc,4,2.3544764e-07,9.693996e-06,3.6615036e-06,5.0537956e-06,3.1995605e-05,7.958504e-06,0.99994147
ISIC_0030283,HAM_0007372,vasc,4,3.8726703e-06,8.559677e-05,7.2432515e-05,0.00016865751,6.705457e-05,0.00023103456,0.99937147
ISIC_0025612,HAM_0002177,vasc,4,1.6311946e-05,0.00038755836,0.00122963,0.00089430605,9.9922785e-05,0.0014455898,0.99592674
ISIC_0028406,HAM_0005215,vasc,4,3.6621896e-05,0.00043794428,0.00031451666,0.00025520127,0.00034307566,0.0005843042,0.99802834
ISIC_0024662,HAM_0007532,vasc,4,1.4929117e-05,0.00014026703,0.0005421803,0.00065767707,0.000102221464,0.0013607139,0.997182
ISIC_0027790,HAM_0004943,vasc,4,9.083731e-07,0.00011787475,1.7753031e-05,6.275583e-05,4.774212e-05,0.0012062917,0.99854666
ISIC_0026713,HAM_0006138,vasc,4,1.9613537e-06,0.0006293144,1.5731517e-05,4.8836533e-05,8.5460044e-05,0.00046869548,0.9987501
ISIC_0024867,HAM_0007568,vasc,4,1.6533745e-06,2.939275e-05,2.2536202e-05,3.285409e-05,6.7215e-05,3.8598326e-05,0.9998078
ISIC_0027665,HAM_0001860,vasc,4,2.3541868e-06,0.00019743208,2.5458628e-05,0.00024836184,5.4001288e-05,0.0017536886,0.9977187
ISIC_0026068,HAM_0004413,vasc,4,1.7247972e-05,0.00014427454,7.844071e-05,0.00021806736,0.0001706623,0.0003897925,0.9989814
ISIC_0034093,HAM_0003220,bcc,4,0.12407622,0.871412,0.00044661557,6.875879e-05,0.0038458265,0.00014246839,8.22812e-06
ISIC_0031749,HAM_0002791,bcc,4,3.304089e-07,0.99894077,6.025771e-05,0.00048272207,2.676532e-05,0.00038664896,0.00010250181
ISIC_0029847,HAM_0002791,bcc,4,9.940244e-06,0.5130631,0.00024036015,0.47081316,0.00016074105,0.0012362449,0.014476515
ISIC_0031943,HAM_0000393,bcc,4,0.006186647,0.45720306,0.011786142,0.014440684,0.41304854,0.07734471,0.019990252
ISIC_0027865,HAM_0000393,bcc,4,0.00029477553,0.99376994,0.00036328894,0.0005665325,0.003999322,0.00070782064,0.00029825026
ISIC_0029647,HAM_0003094,bcc,4,0.005297545,0.4025462,0.48367038,0.00051162735,0.10521576,0.0026624724,9.594435e-05
ISIC_0027858,HAM_0003094,bcc,4,0.008671399,0.37007004,0.11046602,0.00066589704,0.509793,0.0002808593,5.2771895e-05
ISIC_0031140,HAM_0003229,bcc,4,0.0006996983,0.9978363,0.0008249494,3.7556423e-05,0.00022103154,0.00034909238,3.1379568e-05
ISIC_0026275,HAM_0005804,bcc,4,0.024433149,0.8126287,0.10131586,0.00034595572,0.054019053,0.006162227,0.0010951587
ISIC_0024573,HAM_0005804,bcc,4,3.376272e-05,0.9987692,0.00030232297,1.5945998e-06,4.5521527e-05,0.00082602317,2.1587006e-05
ISIC_0032660,HAM_0002565,bcc,4,0.0007058726,0.025102526,0.95213866,0.000106570806,0.018939132,0.002522163,0.00048513862
ISIC_0033504,HAM_0002565,bcc,4,0.000511473,0.24599737,0.7474362,4.8229304e-05,0.002899107,0.00303231,7.528487e-05
ISIC_0027058,HAM_0005998,bcc,4,0.0018125597,0.6415459,0.2632899,0.0012678443,0.06647267,0.0216016,0.0040095756
ISIC_0030114,HAM_0005998,bcc,4,0.00032973036,0.32349765,0.55568826,0.00026032925,0.10481939,0.014414433,0.000990178
ISIC_0034306,HAM_0002526,bcc,4,1.857663e-05,0.9999484,2.8284512e-05,4.197337e-07,2.4438727e-06,1.3081108e-06,5.2236703e-07
ISIC_0032799,HAM_0002526,bcc,4,3.8546823e-05,0.9994492,0.00044373746,8.215111e-06,3.245968e-05,2.4240057e-05,3.6241358e-06
ISIC_0033666,HAM_0002664,bcc,4,4.6902547e-05,0.97050506,0.02796466,1.6049169e-06,0.0012265836,0.00021857614,3.659915e-05
ISIC_0033218,HAM_0002664,bcc,4,5.9160324e-05,0.93492335,0.06251374,9.78914e-07,0.0010114278,0.0010069928,0.00048434144
ISIC_0033054,HAM_0002664,bcc,4,0.00038319305,0.18940899,0.7974416,4.2237625e-06,0.010795858,0.00078472693,0.0011814709
ISIC_0033257,HAM_0003046,bcc,4,0.0028956318,0.3080295,0.40450194,0.008936611,0.13397805,0.06145954,0.080198735
ISIC_0034276,HAM_0003046,bcc,4,4.2245145e-05,0.99829286,0.00040061513,6.9650465e-05,0.00018675874,0.0004008108,0.00060714805
ISIC_0034119,HAM_0003046,bcc,4,4.668297e-05,0.9966246,0.00196668,1.4293226e-05,0.0005563551,4.677424e-05,0.0007446473
ISIC_0034161,HAM_0001243,bcc,4,2.7843997e-05,0.9993882,0.000118262455,0.00014927893,1.5927126e-05,0.00028957496,1.0776832e-05
ISIC_0033747,HAM_0001243,bcc,4,1.4803629e-06,0.9986526,5.9654903e-05,2.3292856e-05,9.711356e-05,0.00115907,6.699634e-06
ISIC_0033609,HAM_0002243,bcc,4,0.00041332352,0.9651994,0.0009780481,0.02174461,0.0063295877,0.000689488,0.0046455464
ISIC_0032777,HAM_0002243,bcc,4,5.097616e-05,0.8608995,0.0017673852,0.007155911,0.0010646705,0.0005995635,0.1284621
ISIC_0033019,HAM_0002243,bcc,4,0.0015402425,0.9291625,0.045922693,0.0018077737,0.008465858,0.0016363806,0.011464601
ISIC_0029546,HAM_0005482,bcc,4,0.019569311,0.9766407,0.00010149393,0.0001696387,0.0014544056,0.0020445413,1.9907427e-05
ISIC_0026988,HAM_0004937,bcc,4,4.169562e-06,0.9999957,4.4850722e-08,4.8298916e-09,3.8288e-08,3.9574717e-09,2.6259666e-09
ISIC_0031643,HAM_0003851,bcc,4,0.008322857,0.98576653,0.0013546943,0.00014222706,0.0040572267,0.00032875588,2.7679887e-05
ISIC_0025299,HAM_0007313,bcc,4,3.35803e-05,0.9999428,1.9632698e-05,1.1320692e-06,9.1498873e-07,1.9370311e-06,8.2650004e-08
ISIC_0028739,HAM_0007313,bcc,4,0.00045327668,0.99801564,0.00038747155,7.812397e-06,6.592543e-05,0.0010655421,4.331301e-06
ISIC_0029129,HAM_0004285,bcc,4,0.9950507,0.004203833,0.0005395706,6.7673636e-06,0.00019243681,5.353425e-06,1.3273775e-06
ISIC_0027189,HAM_0006708,bcc,4,0.047116622,0.9519241,0.0008342789,3.192873e-05,7.79513e-05,7.994394e-06,7.2506004e-06
ISIC_0032307,HAM_0001301,bcc,4,0.014566165,0.0026449356,0.69366044,0.0002481891,0.23234716,0.055946983,0.00058614434
ISIC_0026845,HAM_0001283,bcc,4,0.00042298262,0.84487206,0.01428789,0.0010696272,0.13160568,5.8946363e-05,0.0076828455
ISIC_0028989,HAM_0004487,bcc,4,0.087873414,0.87032443,0.033581767,0.0012510013,0.0030127412,0.0038159075,0.00014063285
ISIC_0028556,HAM_0002421,bcc,4,2.4776322e-05,0.9998466,9.460129e-05,3.4259292e-06,1.1102319e-05,1.629638e-05,3.1808677e-06
ISIC_0031976,HAM_0006851,bcc,4,0.002177514,0.9951959,0.0015755042,7.052783e-05,0.0008250798,0.0001419147,1.3566044e-05
ISIC_0024897,HAM_0003716,bcc,4,0.00027291302,0.9962863,0.0031524352,8.871853e-06,0.00018894907,3.41424e-05,5.6401346e-05
ISIC_0024432,HAM_0002083,bcc,4,0.01123151,0.851995,0.06111853,0.00047584946,0.010515026,0.06411425,0.000549843
ISIC_0029035,HAM_0006386,bcc,4,0.41061002,0.00037626064,0.5881717,0.00010853991,0.0007133202,1.690726e-05,3.2142266e-06
ISIC_0032246,HAM_0005509,bcc,4,0.0044852667,0.9201424,0.0014943284,0.07277839,0.0005502698,0.00046975235,7.958415e-05
ISIC_0026865,HAM_0005509,bcc,4,0.0005581765,0.9964755,0.0006703371,0.0018018158,8.944469e-05,0.0003019971,0.000102749334
ISIC_0031057,HAM_0005509,bcc,4,0.07276529,0.7807742,0.13009875,0.009521455,0.00084548997,0.005449055,0.0005458893
ISIC_0029263,HAM_0002689,bcc,4,0.973821,0.025900815,0.00021539614,6.2705108e-06,5.1789426e-05,1.4662862e-06,3.2658302e-06
ISIC_0026687,HAM_0002689,bcc,4,0.96339536,0.018609766,0.001575304,0.0027033382,0.012777809,0.0008317498,0.00010657449
ISIC_0028147,HAM_0006053,bcc,4,1.7362498e-05,0.9977889,0.00038151737,0.0016637221,2.4580879e-05,0.00011124495,1.267789e-05
ISIC_0029342,HAM_0007139,bcc,4,0.0026023337,0.9913182,0.0032457807,7.670708e-05,5.514223e-05,0.0026764325,2.5443962e-05
ISIC_0028577,HAM_0007139,bcc,4,0.21593042,0.7775953,0.0062646153,5.037174e-05,5.843224e-05,4.9397462e-05,5.1465653e-05
ISIC_0026154,HAM_0006658,bcc,4,3.8404396e-05,0.9996536,1.075866e-05,3.9733804e-06,0.00025561685,3.466161e-05,3.0884337e-06
ISIC_0029917,HAM_0007364,bcc,4,2.4755154e-05,0.9999684,3.101498e-06,2.4675364e-07,1.9370807e-06,1.5534512e-06,5.5490013e-08
ISIC_0030138,HAM_0006111,bcc,4,0.00018628422,0.9957563,0.0014803406,0.0001357571,0.000103480466,0.0014208517,0.00091692305
ISIC_0032185,HAM_0006111,bcc,4,4.6437246e-05,0.9972045,0.0015051042,2.5495256e-05,2.2324395e-05,0.00031242103,0.00088383356
ISIC_0024829,HAM_0007535,bcc,4,3.8366542e-07,0.99994254,1.113596e-05,9.506507e-06,3.9978854e-06,2.4766603e-05,7.57185e-06
ISIC_0031041,HAM_0002733,bcc,4,0.0010317827,0.9902795,0.007785665,3.5150846e-05,0.00074461807,9.242945e-05,3.083929e-05
ISIC_0031971,HAM_0006564,bcc,4,7.607953e-05,0.9755567,0.0006271302,0.00024036769,0.022499138,0.0009899923,1.0561019e-05
ISIC_0031721,HAM_0006564,bcc,4,0.0009099354,0.93011266,0.00035703243,0.013273825,0.039841738,0.006984575,0.008520156
ISIC_0029828,HAM_0006510,nv,4,0.0020429476,0.0012859567,0.014432342,0.00094635476,0.17275831,0.8082426,0.0002914543
ISIC_0032285,HAM_0006830,nv,4,0.00046075415,0.00015938793,0.00027539767,0.0006561439,0.015065599,0.9825471,0.000835541
ISIC_0031575,HAM_0000699,nv,4,0.0005798048,0.0019442905,0.0125001045,0.0015962092,0.0027987,0.97904426,0.0015365592
ISIC_0028266,HAM_0003882,nv,4,0.0004035423,0.00027198586,0.0062092906,0.0029774322,0.005744057,0.9818132,0.00258053
ISIC_0028298,HAM_0004140,nv,4,5.8636637e-05,0.000520331,0.00064693025,0.00025223067,0.00013448301,0.9980386,0.0003488224
ISIC_0026518,HAM_0003646,nv,4,0.014165687,0.030288598,0.01572599,0.005107975,0.6573555,0.27617577,0.001180525
ISIC_0024896,HAM_0003711,nv,4,0.016363878,0.15240198,0.006229251,0.02220897,0.021499414,0.76868844,0.012608035
ISIC_0030102,HAM_0005449,nv,4,0.003449451,0.015271801,0.02770434,0.002286637,0.08123894,0.8548366,0.01521226
ISIC_0031895,HAM_0007316,nv,4,0.00091681763,0.00019067989,0.042234246,0.0011623665,0.15784141,0.79690176,0.0007526821
ISIC_0024979,HAM_0006490,nv,4,0.00013197905,2.1377324e-05,0.0001465161,0.00074279966,0.0057618297,0.9929389,0.000256642
ISIC_0024462,HAM_0006693,nv,4,0.00050175225,8.2955274e-05,0.0002395707,0.0012528115,0.022956321,0.97422296,0.00074371736
ISIC_0025415,HAM_0005619,nv,4,0.002270231,0.00046803136,0.0018857672,0.0027545139,0.03635454,0.95515513,0.0011118378
ISIC_0031207,HAM_0001090,nv,4,0.00039975595,0.00012603472,0.0013603044,0.0007934584,0.028410845,0.9688093,0.00010028758
ISIC_0025407,HAM_0002226,nv,4,5.6889385e-05,6.2480765e-05,0.00016349343,0.00020090406,0.0002321442,0.9990362,0.00024784124
ISIC_0029870,HAM_0002151,nv,4,0.008511367,0.0001782072,0.0022508875,0.007806658,0.23991144,0.740424,0.0009174691
ISIC_0031164,HAM_0007230,nv,4,3.6722457e-05,0.009311756,0.000802212,0.0044825794,0.00818356,0.97567856,0.0015045952
ISIC_0032317,HAM_0001629,nv,4,0.0006124443,0.0033384399,0.0017395876,0.0018097683,0.0014930426,0.98969626,0.0013105475
ISIC_0030338,HAM_0001775,nv,4,7.846222e-05,5.6624696e-05,0.00014716043,0.00026803906,0.0008096249,0.9982799,0.000360158
ISIC_0028779,HAM_0003524,nv,4,0.0025692873,0.0007602219,0.020547314,0.0069636162,0.014919392,0.95209765,0.002142531
ISIC_0027585,HAM_0000785,nv,4,0.0014639125,0.0006611271,0.008634544,0.0023761645,0.007637652,0.97752017,0.0017064805
ISIC_0027752,HAM_0007241,nv,4,0.0009717839,0.0010589901,0.005586772,0.0022006684,0.07526292,0.90797967,0.0069392836
ISIC_0025432,HAM_0006920,nv,4,0.00069857296,0.002771016,0.51231545,0.0009474054,0.011538944,0.47104624,0.0006823906
ISIC_0025364,HAM_0000692,nv,4,0.00028477347,0.00019457832,0.0009652598,0.0027681661,0.0028620136,0.9924621,0.00046313668
ISIC_0027411,HAM_0001117,nv,4,0.001774605,0.0005817837,0.0023833325,0.0024891885,0.023628296,0.9671553,0.0019874633
ISIC_0027732,HAM_0006132,nv,4,0.011445466,0.0009857913,0.0038309442,0.020518646,0.031578813,0.92648005,0.005160135
ISIC_0025142,HAM_0004163,nv,4,0.00069166406,0.00028496934,0.0009334664,0.0065208017,0.0026984382,0.9854159,0.0034547271
ISIC_0025201,HAM_0000377,nv,4,1.4485889e-05,2.9607236e-05,4.054741e-05,0.000726039,0.00042138057,0.99829096,0.00047690424
ISIC_0026565,HAM_0002465,nv,4,2.7470991e-05,2.4381889e-06,6.9603724e-05,0.00020081585,0.06977103,0.92988664,4.197015e-05
ISIC_0027195,HAM_0006279,nv,4,0.00035477447,6.850804e-05,0.0052127363,0.0024363105,0.011265386,0.9780903,0.0025720005
ISIC_0028482,HAM_0004169,nv,4,0.0016183172,0.00018880308,0.0058157025,0.0034360292,0.027026463,0.961126,0.0007887048
ISIC_0030128,HAM_0002466,nv,4,0.0006677326,8.887992e-05,0.00034405512,0.0010561483,0.0035833865,0.9940591,0.00020068558
ISIC_0026242,HAM_0006306,nv,4,0.00037859878,0.00092431705,0.012391404,0.001951055,0.010583415,0.9729029,0.0008683155
ISIC_0031773,HAM_0007065,nv,4,0.0015567302,0.0039520254,0.0055461023,0.0031110817,0.049095113,0.7620003,0.17473854
ISIC_0031701,HAM_0005142,nv,4,0.00018089988,0.00014707053,0.022763295,0.00020943806,0.009601007,0.96697515,0.00012312229
ISIC_0029815,HAM_0006537,nv,4,0.003813043,0.007317604,0.005151092,0.010266704,0.0028530497,0.9551468,0.015451707
ISIC_0025966,HAM_0001553,nv,4,0.0006800563,0.0035148559,0.0062536816,0.21450362,0.111827716,0.63046116,0.03275895
ISIC_0028668,HAM_0003197,nv,4,9.174945e-05,0.0019378888,0.000927542,0.004339467,0.0001426605,0.9887707,0.003790036
ISIC_0026232,HAM_0000912,nv,4,3.6061276e-05,4.4269582e-05,0.0011001353,0.0003368355,0.00018475097,0.99822634,7.157648e-05
ISIC_0030885,HAM_0000631,nv,4,0.0008193942,0.001076022,0.0011123491,0.0014953682,0.01167615,0.98208433,0.0017363525
ISIC_0026562,HAM_0000429,nv,4,0.00059818337,0.0003415009,0.0024830357,0.0011045337,0.0057732305,0.9866794,0.003020078
ISIC_0027389,HAM_0005332,nv,4,0.00024165248,0.00016176318,0.00045992128,0.0035114002,0.00018856706,0.9952436,0.00019303881
ISIC_0025221,HAM_0002294,nv,4,0.00012719932,6.755505e-05,0.0005552331,0.0010006223,0.0007035961,0.99704593,0.0004998998
ISIC_0027124,HAM_0003636,nv,4,0.00016019131,0.00011161334,0.0004910205,0.0002554855,0.009023782,0.98943007,0.00052781805
ISIC_0024791,HAM_0002940,nv,4,0.00010938991,0.0021191828,0.00077732315,0.016084982,0.0004009139,0.03694495,0.9435632
ISIC_0025044,HAM_0000339,nv,4,0.0007739779,0.000468068,0.0006010112,0.0010104437,0.018192593,0.97788256,0.0010714183
ISIC_0025635,HAM_0004639,nv,4,0.00023215383,0.00034748466,0.0002093243,0.0009884427,0.0013820673,0.9951826,0.001657959
ISIC_0024493,HAM_0006689,nv,4,0.0006789013,0.0025224246,0.034364942,0.056685884,0.17926988,0.7258402,0.0006377688
ISIC_0025900,HAM_0000943,nv,4,0.0006115862,0.030882068,0.0017696833,0.011014028,0.00078682747,0.9513766,0.003559183
ISIC_0027939,HAM_0002741,nv,4,0.0010653936,7.627771e-05,0.0056205536,0.00102558,0.1859455,0.8061344,0.00013231189
ISIC_0027164,HAM_0004328,nv,4,0.0026947637,0.0034131606,0.0052555217,0.042796113,0.20090535,0.74354386,0.0013912154
ISIC_0027276,HAM_0000649,nv,4,0.00030313683,0.0030526172,0.0012012734,0.00095586985,0.00089795666,0.9866542,0.0069348253
ISIC_0031035,HAM_0004253,nv,4,0.00067445386,0.0019515968,0.020961165,0.50143605,0.0078020785,0.44685838,0.020316256
ISIC_0027564,HAM_0004826,nv,4,5.2288946e-05,0.0001882997,0.00013857259,0.00036366677,0.00032503516,0.9986971,0.00023503034
ISIC_0026256,HAM_0003960,nv,4,0.0006755177,0.00083008996,0.0005513415,0.00094706716,0.0010051986,0.99296254,0.0030281998
ISIC_0031153,HAM_0004861,nv,4,0.0008142222,0.00023834464,0.00027060788,0.00077013776,0.0010511125,0.9961054,0.00075009663
ISIC_0027661,HAM_0002414,nv,4,0.000532905,0.0002802732,0.0013890159,0.011366227,0.0014670932,0.9825183,0.0024461455
ISIC_0030204,HAM_0005104,nv,4,0.0005717585,0.00017369667,0.08927689,0.0054302425,0.008042664,0.89639693,0.00010785072
ISIC_0028935,HAM_0001336,nv,4,0.0011770389,8.5098036e-05,0.041654445,0.0001815655,0.41336456,0.5433575,0.00017980103
ISIC_0026136,HAM_0003145,nv,4,0.0005447378,0.0010266883,0.0010398055,0.0006545175,0.0026297534,0.9916648,0.002439558
ISIC_0029211,HAM_0001162,nv,4,0.0009009668,0.00036509155,0.0005480673,0.0014832689,0.0061389795,0.98899543,0.0015681749
ISIC_0031102,HAM_0004122,nv,4,0.00010433948,0.00026670052,0.004376384,0.00034648695,0.00050908286,0.99426514,0.00013189747
ISIC_0027318,HAM_0000927,nv,4,0.0008868138,0.00015837708,0.00038215952,0.0011459425,0.018163444,0.9782244,0.0010388173
ISIC_0030000,HAM_0004735,nv,4,0.0001374555,0.0025372282,0.01861091,0.00040086015,0.00093385,0.97719425,0.0001853282
ISIC_0028426,HAM_0003541,nv,4,3.401405e-05,0.0035971834,0.0011621461,0.27886763,0.001877161,0.69290537,0.021556525
ISIC_0031199,HAM_0006046,nv,4,0.00020707559,0.00022390211,0.0012580059,0.0004712315,0.0047615943,0.9922132,0.0008650363
ISIC_0026960,HAM_0005456,nv,4,0.00019416533,4.4006392e-05,0.0014644248,0.0005651376,0.65586483,0.3415899,0.0002775863
ISIC_0029972,HAM_0002997,nv,4,0.00016195791,0.00025679395,0.0028482582,0.0021046652,0.0016753246,0.9925568,0.00039617962
ISIC_0026225,HAM_0003781,nv,4,0.0027827404,0.0015300367,0.0016755005,0.0027597372,0.0072851535,0.97774863,0.0062182145
ISIC_0027554,HAM_0001123,nv,4,0.00042073376,0.0020790296,0.12442438,0.0020810608,0.0028864464,0.86536485,0.0027435287
ISIC_0025003,HAM_0004269,nv,4,8.062151e-05,0.00015631526,0.00025671555,0.0008093926,0.00023626658,0.9980849,0.0003757139
ISIC_0024556,HAM_0003151,nv,4,8.408358e-05,0.00045946072,0.0005558414,0.0012903602,0.00026436194,0.9971641,0.00018187062
ISIC_0030955,HAM_0000657,nv,4,4.9895134e-05,0.00016264405,0.00026789296,0.00031922,0.00028572808,0.99871063,0.00020400135
ISIC_0024738,HAM_0000203,nv,4,0.0003175871,0.00017573115,0.0007860357,0.0017587544,0.00040858716,0.99603075,0.000522591
ISIC_0029628,HAM_0004227,nv,4,0.0003129361,0.0012541115,0.00047438283,0.0009643818,0.0002635186,0.99301296,0.0037176704
ISIC_0028813,HAM_0001067,nv,4,0.0052866926,0.00042598043,0.04221728,0.015252802,0.22066334,0.71370256,0.0024513481
ISIC_0030943,HAM_0000518,nv,4,0.00453713,0.0068477197,0.0064801257,0.008719962,0.0029293913,0.94037527,0.030110464
ISIC_0030736,HAM_0004818,nv,4,0.00061407645,0.0006027875,0.0020372132,0.0011450073,0.002483888,0.9826901,0.0104269665
ISIC_0025104,HAM_0007128,nv,4,0.0008892008,0.00028254525,0.027906422,0.0008001941,0.0088069085,0.9581359,0.0031787674
ISIC_0028789,HAM_0003032,nv,4,3.9469876e-05,0.0029527114,0.00046695877,0.03971961,0.00020201667,0.9548292,0.0017900357
ISIC_0025607,HAM_0004757,nv,4,2.513489e-05,8.618787e-06,0.0002989664,0.00027751314,0.0007189362,0.9985911,7.972265e-05
ISIC_0025678,HAM_0006836,nv,4,0.0019223125,0.002914052,0.0063804328,0.030055346,0.0048044594,0.9483283,0.0055950833
ISIC_0024492,HAM_0006736,nv,4,0.0003873383,0.00048299276,0.060127374,0.0016891061,0.0063366042,0.92959255,0.001384004
ISIC_0027600,HAM_0001959,nv,4,0.0030649167,0.0004478399,0.0015846322,0.009684561,0.04820156,0.9356222,0.0013943422
ISIC_0028102,HAM_0004793,nv,4,0.00046388034,0.00075737684,0.00080151326,0.0039858483,0.00082614884,0.98439527,0.00876989
ISIC_0026910,HAM_0003661,nv,4,0.0005839046,0.003531296,0.0011521961,0.0054513817,0.00042469797,0.9859671,0.0028895575
ISIC_0032002,HAM_0005130,nv,4,0.00051967474,0.0007414977,0.0005136204,0.0012273076,0.00018602099,0.99629325,0.00051866076
ISIC_0031800,HAM_0003551,nv,4,1.7855229e-05,0.00022289714,0.0005892664,0.00058826024,0.00207085,0.9964796,3.1398165e-05
ISIC_0030202,HAM_0003644,nv,4,2.9881621e-05,0.0006192404,0.003580925,0.11986467,0.0015812858,0.77553326,0.09879075
ISIC_0030911,HAM_0005111,nv,4,0.0003818325,0.0004936457,0.00092225155,0.0018575494,0.002593474,0.99277896,0.0009721911
ISIC_0030285,HAM_0005178,nv,4,0.00059514894,0.014387491,0.009878717,0.0052529555,0.0028117043,0.9608085,0.0062655117
ISIC_0026201,HAM_0001339,nv,4,0.0011225245,0.0005649922,0.00029977222,0.002441664,0.0077652773,0.9872044,0.0006014311
ISIC_0027910,HAM_0001670,nv,4,0.001407373,4.0592433e-05,0.0031026364,0.03715738,0.067612655,0.8906221,5.724451e-05
ISIC_0025090,HAM_0007258,nv,4,0.00014664947,0.000115331524,0.0087082805,0.0002750496,0.14303687,0.84759194,0.00012592689
ISIC_0031637,HAM_0007159,nv,4,0.00027009446,0.0004341461,0.040876184,0.008021534,0.010084622,0.93580496,0.0045084697
ISIC_0027605,HAM_0005266,nv,4,3.594762e-05,0.001016235,0.0003801103,0.0023807676,0.0010017017,0.99508023,0.00010503868
ISIC_0029346,HAM_0004625,nv,4,0.00016674466,0.00020350334,0.17585255,0.002304088,0.28156096,0.5395522,0.00035996072
ISIC_0032091,HAM_0003114,nv,4,0.0015751251,0.0003839333,0.00050368614,0.0020856832,0.0041468637,0.98661125,0.004693566
ISIC_0024765,HAM_0005087,nv,4,0.0022094839,0.00026093825,0.0008489253,0.0007169642,0.014205067,0.98137075,0.00038790796
ISIC_0026144,HAM_0000023,nv,4,5.2384017e-05,0.00016926289,0.00029004246,0.00043159522,0.00011419395,0.9985607,0.00038181248
ISIC_0031231,HAM_0001875,nv,4,0.00029272077,3.2364776e-05,0.0002137412,0.00047629408,0.0012640925,0.9975007,0.00022009578
ISIC_0025093,HAM_0003970,nv,4,0.0015949194,0.0006182077,0.00012658157,0.0072392556,0.001132625,0.9883356,0.00095283496
ISIC_0028105,HAM_0005397,nv,4,0.00022776783,0.0005132828,0.014832802,0.002583855,0.053755112,0.92622614,0.0018610811
ISIC_0026854,HAM_0004842,nv,4,0.011164142,0.005133827,0.1348828,0.0037891453,0.016307306,0.8262572,0.0024656442
ISIC_0025822,HAM_0004404,nv,4,0.0011359379,7.844222e-05,0.0016592486,0.00027593767,0.20555237,0.7910468,0.00025124408
ISIC_0024816,HAM_0007434,nv,4,0.00053206104,0.00063060527,0.0036006426,0.0022521247,0.006524699,0.9828803,0.0035796065
ISIC_0029436,HAM_0006786,nv,4,0.0005730919,3.2617045e-05,0.0020110598,0.0010286546,0.076765224,0.9188966,0.0006926322
ISIC_0028770,HAM_0005682,nv,4,0.00024804423,5.9261885e-05,0.00028549714,0.0019249963,0.00032319486,0.99692935,0.00022962755
ISIC_0026929,HAM_0005224,nv,4,0.10573889,0.0036146545,0.013654891,0.007918295,0.18721579,0.6794777,0.0023798263
ISIC_0029999,HAM_0001373,nv,4,6.098234e-05,0.0064397966,0.0019535064,0.049070526,0.0016163535,0.7743684,0.16649053
ISIC_0030711,HAM_0002418,nv,4,0.00060485216,0.00022623758,0.0004836451,0.001090976,0.0020718256,0.9947608,0.0007616239
ISIC_0031978,HAM_0007286,nv,4,0.0017927578,0.0005657713,0.00064802694,0.0010549376,0.025734117,0.9684988,0.0017056571
ISIC_0024744,HAM_0004434,nv,4,0.0011783605,0.0022003925,0.0025400673,0.0005517474,0.004120923,0.98788804,0.0015204509
ISIC_0026292,HAM_0000477,nv,4,0.00058019656,0.0005734371,0.0023966422,0.0030207767,0.0035706598,0.98546314,0.0043952046
ISIC_0026533,HAM_0001159,nv,4,0.003997652,0.0015195619,0.0015449994,0.0036239426,0.0074542514,0.9786709,0.0031887626
ISIC_0027309,HAM_0003199,nv,4,0.00031259898,0.00029251465,0.0022785857,0.00056881417,0.0007506186,0.9938824,0.0019144332
ISIC_0028906,HAM_0002891,nv,4,0.00091205235,0.0007328546,0.0012674965,0.0012059155,0.003448779,0.9904669,0.0019660147
ISIC_0027110,HAM_0006348,nv,4,0.0044027045,0.000642687,0.0019365923,0.00066308805,0.01675413,0.9746918,0.0009089932
ISIC_0032454,HAM_0004634,nv,4,0.00013819225,1.2313264e-05,0.006140068,0.00050796045,0.06844077,0.92471385,4.683424e-05
ISIC_0026515,HAM_0002779,nv,4,0.00019011008,0.00024362987,0.0004176788,0.008299665,0.000618496,0.9868672,0.0033632067
ISIC_0029550,HAM_0002394,nv,4,0.0009213069,0.0016552886,0.00064569316,0.0043197777,0.017743967,0.9735299,0.0011841372
ISIC_0025493,HAM_0000614,nv,4,6.209448e-05,0.0008891608,0.0001457908,0.00029623613,0.0005865526,0.99674547,0.0012746847
ISIC_0030414,HAM_0003717,nv,4,0.00022830248,0.0003933173,0.00024878993,0.0018511586,0.008830305,0.988277,0.00017099065
ISIC_0030972,HAM_0002181,nv,4,0.00012799435,0.00016022763,0.00081848487,0.0060982415,0.004888126,0.98772347,0.00018334344
ISIC_0026233,HAM_0000094,nv,4,0.0056344788,0.00012472522,0.0002640433,0.00041136154,0.06057636,0.9328829,0.00010605986
ISIC_0030657,HAM_0005639,nv,4,3.780815e-05,2.9272993e-05,0.00035280772,0.0006024951,0.00018002065,0.9986557,0.00014185286
ISIC_0026220,HAM_0005042,nv,4,0.00029562262,0.00012323384,9.805888e-05,0.0003432633,0.0021875743,0.9966258,0.00032658593
ISIC_0030380,HAM_0002405,nv,4,0.0025265964,7.50679e-05,0.0042889756,0.00087862136,0.004618281,0.9873383,0.00027405118
ISIC_0028561,HAM_0005517,nv,4,0.0016553106,0.0049075787,0.0033799328,0.002504405,0.0020560476,0.9840571,0.001439564
ISIC_0024619,HAM_0006829,nv,4,0.0014537558,0.0032728915,0.0018092282,0.0011556444,0.0045667584,0.9869883,0.0007534624
ISIC_0025072,HAM_0006712,nv,4,0.00012326603,6.1800725e-05,0.00012557454,0.0002411076,0.0012476813,0.99786,0.0003405146
ISIC_0027951,HAM_0005080,nv,4,0.0032035299,0.0012459739,0.002117404,0.0014327072,0.018184716,0.9689058,0.0049099084
ISIC_0028083,HAM_0007496,nv,4,0.014771887,0.003327587,0.031756796,0.003528388,0.0109240655,0.93079257,0.0048986822
ISIC_0031320,HAM_0001206,nv,4,0.0022662282,0.0007285867,0.0025281603,0.0014390963,0.00087030255,0.99145305,0.00071449456
ISIC_0032080,HAM_0005871,nv,4,0.0053585786,0.0033878742,0.0036882923,0.0038804258,0.042582896,0.93570143,0.0054006064
ISIC_0029456,HAM_0006977,nv,4,0.0045567984,0.0007843968,0.0011913994,0.0022367218,0.0066046566,0.983334,0.0012919895
ISIC_0028279,HAM_0001843,nv,4,0.0028499553,0.00024501592,0.0025756632,0.002777826,0.0006627782,0.99054515,0.00034350916
ISIC_0026317,HAM_0004918,nv,4,0.00048802036,0.00019185952,0.00019717806,0.00058665633,0.0019072053,0.9959486,0.00068053324
ISIC_0028474,HAM_0004682,nv,4,0.002197114,0.00030026503,0.0005162844,0.0025190033,0.0067675877,0.9868978,0.000801983
ISIC_0026436,HAM_0000260,nv,4,0.00654036,0.0025788103,0.15268591,0.007943295,0.07890358,0.75081277,0.0005352949
ISIC_0031693,HAM_0007388,nv,4,0.0023653035,0.00070157624,0.013765105,0.0015565149,0.00419607,0.97638357,0.001031812
ISIC_0031540,HAM_0006374,nv,4,5.6341658e-05,0.00018258493,0.0008621778,0.00037794717,0.0009308719,0.99135184,0.0062383153
ISIC_0027457,HAM_0002457,nv,4,0.0009585142,0.0002181982,0.00053636666,0.001976129,0.0021719432,0.9937411,0.00039781607
ISIC_0025126,HAM_0002953,nv,4,0.00019946224,0.00036436788,0.003080754,0.00074254104,0.00044166285,0.9918664,0.0033047628
ISIC_0025162,HAM_0003353,nv,4,0.0022469014,0.00046548908,0.04679072,0.0060987705,0.14092445,0.8030832,0.00039045291
ISIC_0031104,HAM_0000945,nv,4,0.0008990306,0.0016911312,0.011813528,0.0010039209,0.027940718,0.9555735,0.0010781023
ISIC_0024977,HAM_0007224,nv,4,0.005990881,0.0012656832,0.007744736,0.0012231537,0.0038729645,0.9784823,0.0014202693
ISIC_0032075,HAM_0005534,nv,4,0.000116837306,0.0013164019,0.0009801794,0.003407824,0.038583778,0.2124882,0.7431067
ISIC_0027056,HAM_0005306,nv,4,0.0013635266,1.7417547e-05,0.0012598251,0.0010302494,0.09006252,0.90605307,0.0002134361
ISIC_0027636,HAM_0001109,nv,4,0.0016601211,0.001238526,0.008731392,0.004421075,0.018713664,0.9631141,0.0021212548
ISIC_0027936,HAM_0000428,nv,4,0.0015453269,0.00056517276,0.0015513754,0.003226247,0.0013269614,0.9904171,0.0013677474
ISIC_0032500,HAM_0006860,nv,4,0.017085098,0.0033589208,0.036359504,0.005399083,0.0050670183,0.9313356,0.0013947476
ISIC_0025119,HAM_0002859,nv,4,0.000227062,0.009570436,0.16076888,0.00042090644,0.004436563,0.8244639,0.000112184505
ISIC_0024574,HAM_0005390,nv,4,0.00066523644,0.0022242472,0.004497767,0.0017767913,0.00050608517,0.98551905,0.0048109163
ISIC_0030578,HAM_0002789,nv,4,0.00029186247,0.032696806,0.0005243819,0.00089549477,0.00037769807,0.96491784,0.00029588016
ISIC_0028934,HAM_0000514,nv,4,0.0015931486,0.0013560546,0.0069869542,0.0018283383,0.0020758293,0.98195,0.0042097024
ISIC_0029387,HAM_0000711,nv,4,0.0057184496,0.0003042158,0.002016944,0.0008350594,0.100757465,0.8893143,0.0010535542
ISIC_0025404,HAM_0000251,nv,4,0.0009467162,0.0001033031,0.00061393797,0.00052104244,0.015035001,0.98246855,0.0003114326
ISIC_0031240,HAM_0004602,nv,4,0.00081540825,0.0011112704,0.0015233831,0.0036552984,0.0020024495,0.98593444,0.0049578496
ISIC_0032320,HAM_0005990,nv,4,0.003771756,0.0038895851,0.00075809134,0.01116185,0.004534083,0.9757485,0.000136184
ISIC_0026252,HAM_0003651,nv,4,0.00014340831,0.0046662814,0.00034570252,0.0018793738,0.00030958327,0.9920142,0.0006414573
ISIC_0025714,HAM_0000458,nv,4,0.002940919,0.00051793206,0.0007044809,0.0024994316,0.0010826302,0.991983,0.00027160157
ISIC_0026261,HAM_0005067,nv,4,0.0004961384,0.0007631992,0.0013001487,0.000795153,0.0010431696,0.9948732,0.00072896125
ISIC_0025997,HAM_0001256,nv,4,0.002790737,0.0010618335,0.002070864,0.0045187674,0.0021241177,0.98151636,0.005917373
ISIC_0031383,HAM_0000030,nv,4,0.005717817,0.0009527477,0.027264861,0.008881912,0.008787011,0.94760585,0.00078985567
ISIC_0024362,HAM_0001758,nv,4,0.00029097078,0.00013838765,0.0001132801,0.00058663025,0.0004314993,0.9983387,0.00010055681
ISIC_0030562,HAM_0004093,nv,4,0.0015117548,0.0014970634,0.0112897055,0.0028464813,0.029632065,0.9501601,0.0030627886
ISIC_0026527,HAM_0002438,nv,4,0.0007158678,0.00072572223,0.0011722257,0.000796272,0.0031608706,0.992389,0.0010400568
ISIC_0024611,HAM_0000385,nv,4,0.006082971,0.00027393934,0.0020113452,0.0016995214,0.008088193,0.9811694,0.00067470386
ISIC_0032180,HAM_0004236,nv,4,0.004349727,0.00046164496,0.0074760807,0.0008700799,0.0026656785,0.9834858,0.0006909838
ISIC_0032083,HAM_0005491,nv,4,0.00530608,0.0010814223,0.0015475539,0.0017264212,0.02092967,0.96697783,0.0024310804
ISIC_0029906,HAM_0001644,nv,4,0.00020088644,0.00012856707,0.00034608523,0.00032959247,0.0027529146,0.99602616,0.00021573024
ISIC_0024820,HAM_0005843,nv,4,2.7671329e-05,4.828097e-05,1.6426773e-05,0.00038767498,0.00016365174,0.9990274,0.00032897535
ISIC_0032120,HAM_0000901,nv,4,0.00020430278,0.00019724506,0.00038206074,0.0005419583,0.00053695356,0.99726033,0.0008771117
ISIC_0025147,HAM_0004425,nv,4,0.0024976325,0.0013200215,0.0024951948,0.0023257772,0.0082174605,0.9804381,0.0027058644
ISIC_0025272,HAM_0004915,nv,4,0.0013468016,0.0032072323,0.0012541317,0.0011067673,0.00083217485,0.9906076,0.0016453085
ISIC_0024685,HAM_0006798,nv,4,8.678459e-05,8.6446256e-05,0.00017292917,0.0029680356,0.00064031756,0.99558455,0.0004609783
ISIC_0029556,HAM_0001831,nv,4,0.00094575813,0.00046363438,0.0025470972,0.0012298927,0.0015276397,0.9915901,0.0016959042
ISIC_0031141,HAM_0006278,nv,4,0.0016491716,0.0006439356,0.0006072891,0.0018086093,0.018400583,0.9746798,0.0022105512
ISIC_0025448,HAM_0003733,nv,4,0.00027728855,0.0005482324,0.00086417684,0.0013999605,0.00071224227,0.99122745,0.0049705664
ISIC_0029246,HAM_0003666,nv,4,0.0036853366,0.0009962633,0.001538529,0.0028575577,0.011913851,0.97552437,0.003484099
ISIC_0026119,HAM_0005827,nv,4,5.8385755e-05,1.929122e-05,4.0245635e-05,5.142471e-05,0.00017219283,0.99960834,5.013544e-05
ISIC_0028853,HAM_0001047,nv,4,0.006917545,0.0078692855,0.29702806,0.004590113,0.07131229,0.59767395,0.014608734
ISIC_0031635,HAM_0000434,nv,4,0.005431843,0.00073189667,0.0060715056,0.0006599233,0.45199233,0.5346616,0.00045090844
ISIC_0030042,HAM_0004436,nv,4,0.0017659396,0.0016785018,0.0014175874,0.002505009,0.0141434185,0.9737776,0.0047120745
ISIC_0025241,HAM_0002710,nv,4,0.0005085912,0.0004191736,0.00029579076,0.00094739377,0.0009784222,0.9962192,0.00063140853
ISIC_0028277,HAM_0005168,nv,4,0.0013487884,0.00038044323,0.003041026,0.00068153307,0.008429405,0.9853103,0.00080855057
ISIC_0027682,HAM_0002550,nv,4,0.00018897382,0.0005565108,0.00019270099,0.00093107054,0.0012419288,0.99447256,0.0024161926
ISIC_0024671,HAM_0001098,nv,4,0.0002496097,0.00020978232,0.00015021776,0.0003592995,0.0005508168,0.99736017,0.0011201763
ISIC_0024427,HAM_0003988,nv,4,0.00010803526,8.8680745e-06,0.00070036267,0.0022652182,0.0009835789,0.9958619,7.1967e-05
ISIC_0027116,HAM_0002656,nv,4,0.0007507178,0.0002458739,0.0013246465,0.0016635084,0.0009935688,0.99401385,0.0010077379
ISIC_0031525,HAM_0002633,nv,4,0.00014346377,1.6143415e-05,0.0013466029,9.47312e-05,0.0011098508,0.9972554,3.3843487e-05
ISIC_0029595,HAM_0007520,nv,4,0.00043337137,0.00011416111,0.00025106117,0.00022264518,0.0021206662,0.99632555,0.00053253555
ISIC_0029419,HAM_0002469,nv,4,0.0023685985,0.010476293,0.0018019347,0.012854638,0.00088681094,0.9706087,0.0010029277
ISIC_0028595,HAM_0003237,nv,4,0.002332326,0.00019834774,0.0006303478,0.0010241552,0.001370769,0.9940601,0.00038382167
ISIC_0026377,HAM_0001019,nv,4,0.00035063247,0.00029699726,0.00064806844,0.0006959553,0.0012470516,0.99638295,0.00037838434
ISIC_0026259,HAM_0000761,nv,4,0.0004382074,0.0003386204,0.0003629321,0.0005632192,0.00097173103,0.9957066,0.0016187249
ISIC_0028387,HAM_0004470,nv,4,0.0072365277,0.006198804,0.010096102,0.0115695875,0.01680901,0.9408816,0.007208315
ISIC_0029968,HAM_0001559,nv,4,0.00060977886,0.0019838286,0.0016374401,0.0012354013,0.0015979476,0.99117965,0.0017558591
ISIC_0028250,HAM_0004727,nv,4,0.003774518,0.001820787,0.0028743076,0.0070689647,0.003670914,0.9769398,0.0038508435
ISIC_0025343,HAM_0001476,nv,4,2.5175277e-05,1.2317471e-05,8.384647e-05,0.0008106094,0.0004870598,0.99824405,0.00033684148
ISIC_0032276,HAM_0005174,nv,4,0.0016370836,0.002827246,0.0036143372,0.0024408111,0.00057242997,0.98565555,0.0032525517
ISIC_0026412,HAM_0002873,nv,4,0.00014908322,0.00013182269,0.00013208041,0.00075562985,0.0006431762,0.9975908,0.00059746054
ISIC_0026999,HAM_0006075,nv,4,0.0008255348,0.00021305263,0.000532485,0.0011721763,0.026290659,0.9703066,0.0006594605
ISIC_0029762,HAM_0007587,nv,4,0.0021511423,0.00014851091,0.00046013406,0.0022433966,0.016220285,0.9783544,0.0004222427
ISIC_0032196,HAM_0002188,nv,4,0.0022265573,0.0050323457,0.0014277798,0.037549194,0.0066488953,0.94505,0.0020652707
ISIC_0030884,HAM_0006432,nv,4,0.020449191,0.0314969,0.015767226,0.022618622,0.008857578,0.87228584,0.028524635
ISIC_0032213,HAM_0003656,nv,4,0.0026815324,0.00061943743,0.0021389483,0.0011951636,0.019120172,0.9730461,0.00119867
ISIC_0027013,HAM_0001854,nv,4,0.006619019,0.0019893316,0.007655734,0.009268459,0.015859315,0.9530561,0.0055520427
ISIC_0025591,HAM_0006446,nv,4,0.0021008165,0.000930867,0.00069514755,0.002090583,0.018624071,0.9750245,0.0005340301
ISIC_0028249,HAM_0002118,nv,4,8.772311e-05,0.00020356436,0.00023202419,0.00046008534,0.0007656226,0.9946268,0.0036241564
ISIC_0027035,HAM_0003331,nv,4,0.00091856613,0.00030173,0.0011691413,0.0013068211,0.013764459,0.9820753,0.00046414483
ISIC_0026484,HAM_0002608,nv,4,0.0012321874,0.0022580547,0.002047467,0.00014291488,0.0035024704,0.9905338,0.0002831121
ISIC_0029663,HAM_0002039,nv,4,0.009727953,0.003739488,0.007924232,0.008402415,0.020624263,0.94499093,0.0045906743
ISIC_0031747,HAM_0003213,nv,4,0.0015361143,0.021471087,0.30618143,0.0010516389,0.0032015368,0.6622626,0.004295536
ISIC_0030510,HAM_0000895,nv,4,1.4720439e-05,0.021850333,0.0002802063,0.0019305286,6.369338e-05,0.9755917,0.00026868345
ISIC_0027592,HAM_0006960,nv,4,0.0014773691,0.009728196,0.007631089,0.0011294244,0.0054450464,0.9731101,0.0014788125
ISIC_0027460,HAM_0000137,nv,4,0.00077802764,0.0014507107,0.025840325,0.00047328215,0.002500491,0.96775913,0.0011979927
ISIC_0026860,HAM_0000334,nv,4,0.0017287321,0.007984798,0.0055749686,0.0016821024,0.027764423,0.95233005,0.0029349343
ISIC_0030256,HAM_0001586,nv,4,0.001835652,0.0005913113,0.021983892,0.0010276984,0.023573758,0.9471842,0.003803476
ISIC_0029767,HAM_0003734,nv,4,0.00042996494,0.0003164177,0.0006410566,0.00040827703,0.0011352986,0.9962471,0.00082192814
ISIC_0029414,HAM_0001422,nv,4,0.00016327586,0.0002812901,0.0002624474,0.00017346711,0.00022712925,0.9986815,0.00021088238
ISIC_0026357,HAM_0001718,nv,4,0.009777434,0.00298632,0.06453993,0.004319685,0.0067925015,0.9076318,0.0039523696
ISIC_0025935,HAM_0006029,nv,4,0.0013166869,0.0004874665,0.002047556,0.0006867669,0.00054860883,0.9938472,0.0010657649
ISIC_0025348,HAM_0002688,nv,4,0.00012960483,9.0126014e-05,0.0008660166,0.00032614486,0.00022790827,0.9981998,0.00016035349
ISIC_0029782,HAM_0007120,nv,4,0.0015288405,0.0008492675,0.0026146509,0.001092613,0.009643716,0.9827255,0.001545352
ISIC_0030103,HAM_0001148,nv,4,0.00064207724,0.00038415138,0.0010700393,0.00042938965,0.07123168,0.92555237,0.000690195
ISIC_0031739,HAM_0001748,nv,4,0.003256251,0.0032388086,0.0012251185,0.008054136,0.0036255228,0.9762333,0.0043668137
ISIC_0028074,HAM_0006440,nv,4,0.00015978939,0.0003777408,0.0005053361,0.0013258691,0.0006636034,0.996633,0.00033465977
ISIC_0028986,HAM_0007338,nv,4,0.0005194479,0.00045930737,0.0022116564,0.0016371558,0.0011126337,0.992945,0.001114809
ISIC_0032038,HAM_0001998,nv,4,0.0008753189,0.00016034418,0.0007479691,0.00044794317,0.005037112,0.9923105,0.00042080364
ISIC_0029261,HAM_0001977,nv,4,0.00049328536,0.0053999997,0.0013213898,0.0058259764,0.0056702145,0.9738167,0.007472487
ISIC_0030494,HAM_0004715,nv,4,0.00075607904,0.00052066095,0.014497901,0.0018585651,0.00808606,0.9712596,0.003021171
ISIC_0030527,HAM_0006713,nv,4,0.0017998723,0.003596994,0.004485283,0.00217106,0.0030112765,0.9818843,0.003051239
ISIC_0029122,HAM_0006050,nv,4,0.00041097018,9.152092e-05,0.0003045137,0.00080346275,0.0040014,0.9940435,0.00034472236
ISIC_0026635,HAM_0004057,nv,4,0.00082979805,0.00021773782,0.0018215394,0.00044807984,0.0025062151,0.993583,0.0005936093
ISIC_0027647,HAM_0002132,nv,4,0.0034693033,0.00015623594,0.0015034646,0.002305982,0.0042128405,0.98788387,0.00046825994
ISIC_0031992,HAM_0006431,nv,4,0.00036191067,0.00020560724,0.00029480652,0.0014635411,0.0021933508,0.9948455,0.00063517306
ISIC_0027879,HAM_0003863,nv,4,0.002063172,0.0006910761,0.0050395206,0.0076847617,0.0057468885,0.97691613,0.0018584678
ISIC_0028398,HAM_0003399,nv,4,0.0003647525,9.571053e-05,0.004226801,0.00080765976,0.032198906,0.9614252,0.0008809976
ISIC_0032275,HAM_0003489,nv,4,0.00025723316,0.000102120626,0.00021118135,0.0003145537,0.0006783813,0.99814594,0.00029063068
ISIC_0030823,HAM_0004902,nv,4,0.0008244808,0.0006547707,0.00020106354,0.0010685213,0.0019943123,0.9939879,0.0012689006
ISIC_0024508,HAM_0006598,nv,4,0.00022394978,5.016553e-05,0.00044974804,0.0031702584,0.008954383,0.98662657,0.0005247828
ISIC_0026066,HAM_0001599,nv,4,8.192629e-05,5.2075517e-05,5.608754e-05,0.00076543103,0.00034762782,0.99851364,0.00018336598
ISIC_0026918,HAM_0006573,nv,4,0.0011864195,0.00029046083,0.0008412974,0.00702692,0.0005373787,0.9888334,0.0012840787
ISIC_0025913,HAM_0003409,nv,4,0.0012764635,0.00033789902,0.0042491974,0.0026500067,0.006641005,0.98392963,0.0009158178
ISIC_0031590,HAM_0003786,nv,4,0.0012875783,0.00033851925,0.017396668,0.0009824118,0.010582571,0.96855956,0.0008527011
ISIC_0032064,HAM_0002482,nv,4,0.00018754548,0.0002479726,0.0039535183,0.00023068488,0.0013662995,0.99275595,0.0012580795
ISIC_0024689,HAM_0000610,nv,4,0.0045745634,0.0055612554,0.0034631928,0.006410348,0.02019378,0.927981,0.031815846
ISIC_0025333,HAM_0007515,nv,4,0.001988978,0.013559055,0.003211136,0.0058331,0.001135501,0.9716806,0.002591584
ISIC_0028691,HAM_0001161,nv,4,0.00027259442,0.00016826889,6.765562e-05,0.0001857118,0.0006781146,0.99853027,9.72915e-05
ISIC_0027508,HAM_0003880,nv,4,0.00012621407,8.14104e-05,0.00026589373,0.0002894717,0.00032801446,0.9980567,0.00085226
ISIC_0030624,HAM_0006771,nv,4,0.0014368023,0.0003238982,0.00068168656,0.0018083242,0.002477728,0.9922923,0.0009793359
ISIC_0025023,HAM_0006381,nv,4,0.0052472353,0.0017576036,0.01611534,0.0064165024,0.011785918,0.9532238,0.0054535978
ISIC_0029593,HAM_0004229,nv,4,0.00041441328,0.00041562915,0.0014521058,0.00035654954,0.0035555952,0.99360037,0.00020534989
ISIC_0024320,HAM_0005039,nv,4,8.651423e-05,0.00012428951,6.884057e-05,0.00012861112,0.0002095735,0.9992907,9.1466514e-05
ISIC_0025211,HAM_0003245,nv,4,6.345024e-05,0.00023782738,0.00026870533,0.0016472258,0.00043700455,0.9968598,0.00048608758
ISIC_0025762,HAM_0005189,nv,4,0.0017204013,0.0012271163,0.0010739745,0.0010328313,0.001395266,0.992739,0.00081147056
ISIC_0028470,HAM_0000811,nv,4,0.0015226926,0.0018996536,0.0011129383,0.0010485763,0.004204802,0.98934454,0.0008667572
ISIC_0026102,HAM_0006841,nv,4,0.0009372928,0.000873653,0.009099229,0.0010114778,0.0028023417,0.9827145,0.0025615476
ISIC_0029240,HAM_0006012,nv,4,0.002573326,0.0038254787,0.01538334,0.0026732238,0.020230897,0.9498766,0.0054371017
ISIC_0025204,HAM_0000919,nv,4,0.00023768326,0.00058028364,0.00037283433,0.0014760293,0.001592854,0.99334127,0.002399051
ISIC_0025882,HAM_0000978,nv,4,0.0014687125,0.008741462,0.0029701418,0.00075750647,0.0011032422,0.9845637,0.0003952986
ISIC_0028070,HAM_0000989,nv,4,0.00065731636,0.0007699831,0.0007874734,0.0010959709,0.0027943926,0.99202275,0.0018720629
ISIC_0030895,HAM_0006647,nv,4,0.0007108179,0.00012364231,0.0006103744,0.0044434215,0.0013829076,0.9921476,0.00058128685
ISIC_0031949,HAM_0007412,nv,4,0.0011062877,4.367744e-05,0.00036003697,0.0015698588,0.004203725,0.99259865,0.00011780364
ISIC_0032041,HAM_0000103,nv,4,0.0004077859,0.00054128474,0.00047027634,0.0022534442,0.0032448976,0.99213785,0.00094443426
ISIC_0029625,HAM_0004292,nv,4,0.0010987759,0.0024489255,0.0043712812,0.00029057852,0.00044611862,0.99116814,0.00017624478
ISIC_0025845,HAM_0005868,nv,4,0.0020205223,0.0007873938,0.0022540553,0.0020907768,0.033513546,0.95578754,0.0035461267
ISIC_0024614,HAM_0001257,nv,4,0.0013743937,0.00065911934,0.0011865381,0.0008012854,0.0052866274,0.9898985,0.00079349836
ISIC_0028259,HAM_0001348,nv,4,0.0020890476,0.0017050309,0.003876266,0.0017886029,0.039843146,0.93378603,0.016911888
ISIC_0032167,HAM_0000916,nv,4,0.003609664,0.0004734849,0.0015600964,0.0016590928,0.019628335,0.97196305,0.001106274
ISIC_0029158,HAM_0004689,nv,4,0.0074306102,0.0017840951,0.002715112,0.0029587613,0.012126768,0.9685366,0.0044481377
ISIC_0030577,HAM_0000281,nv,4,0.0031000217,0.0023537704,0.002206848,0.004801408,0.029729841,0.95515907,0.0026490008
ISIC_0025495,HAM_0001275,nv,4,0.0007353716,0.00041818456,0.0014071219,0.00056880625,0.0008939845,0.9958117,0.00016472577
ISIC_0024622,HAM_0004771,nv,4,0.002337098,0.0007075732,0.005434247,0.0015606484,0.0063552177,0.98280805,0.00079710124
ISIC_0029935,HAM_0002593,nv,4,0.0033797496,0.00026042748,0.0026768676,0.0017300043,0.00020321766,0.9890617,0.0026880007
ISIC_0025750,HAM_0007056,nv,4,0.0013905728,0.0105007235,0.0028700372,0.0028982025,0.010995264,0.969316,0.0020292075
ISIC_0028781,HAM_0005208,nv,4,0.009703828,0.00021877405,0.0025568607,0.0010715983,0.11027094,0.87585974,0.00031831433
ISIC_0031210,HAM_0004390,nv,4,0.00044573823,0.0001184554,0.0049129715,0.0011680732,0.0006485453,0.9922592,0.000447046
ISIC_0024558,HAM_0003041,nv,4,4.4822987e-06,2.9285404e-05,6.6578265e-05,0.001921157,0.0007961786,0.9971296,5.282227e-05
ISIC_0026985,HAM_0006607,nv,4,6.0767463e-05,6.1603976e-05,9.457917e-05,0.00041659028,0.00025634072,0.99857616,0.0005338688
ISIC_0028096,HAM_0002638,nv,4,0.0026644121,0.0022013385,0.0006846119,0.0034920583,0.004103615,0.98301864,0.0038352758
ISIC_0024670,HAM_0002935,nv,4,2.1449036e-05,0.00026092026,0.0010095319,0.00016805199,4.4355744e-05,0.9982175,0.0002781553
ISIC_0026405,HAM_0005964,nv,4,0.00054264226,0.00041484114,0.00036360192,0.00048927986,0.0021720205,0.9946261,0.0013914488
ISIC_0026164,HAM_0002872,nv,4,0.0012498589,0.00027109397,0.00046703813,0.00051949447,0.01592599,0.9805069,0.001059706
ISIC_0030471,HAM_0002540,nv,4,0.00023933104,0.026551249,0.011176825,0.05229031,0.005775854,0.90010756,0.003858837
ISIC_0028244,HAM_0001533,nv,4,0.0011596775,8.8512454e-05,0.000963286,0.00041410187,0.004656568,0.9918846,0.0008332476
ISIC_0027794,HAM_0002072,nv,4,0.0020387126,0.0010764264,0.0062243463,0.0016429579,0.007838114,0.9795793,0.0016002039
ISIC_0031300,HAM_0007626,nv,4,0.0035914597,0.00078394695,0.006088434,0.0007314329,0.0055260155,0.9827701,0.0005086317
ISIC_0029769,HAM_0004107,nv,4,0.0012729018,0.0035681985,0.0018775562,0.0023320972,0.010523426,0.9773588,0.003066981
ISIC_0026434,HAM_0007414,nv,4,0.0014989165,0.0014641943,0.0003991174,0.0009499821,0.0018365108,0.9931049,0.000746378
ISIC_0031758,HAM_0001007,nv,4,0.0015665721,0.0025291764,0.0024851067,0.0005374421,0.001225421,0.9908834,0.00077286334
ISIC_0030994,HAM_0001569,nv,4,0.0050703743,0.00018916048,0.002516153,0.021768108,0.10636448,0.86317873,0.00091307185
ISIC_0031028,HAM_0002941,nv,4,0.00020175733,0.00017223545,0.00016563722,0.0005956095,0.00018990402,0.9983923,0.0002825851
ISIC_0028624,HAM_0003750,nv,4,0.00050794624,0.00025591077,0.00037821158,0.0009993784,0.0017175211,0.99495596,0.001185054
ISIC_0026899,HAM_0001652,nv,4,0.0005901861,0.00012584208,0.00033154973,0.00048761198,0.0018811106,0.99608743,0.0004962591
ISIC_0027692,HAM_0003769,nv,4,0.000117240605,0.0001782476,0.00013949886,0.00024723072,0.0007380946,0.9975489,0.0010307649
ISIC_0029494,HAM_0003486,nv,4,8.97844e-05,5.7969162e-05,5.2370775e-05,0.0004898937,0.0007686441,0.9983083,0.00023311052
ISIC_0025496,HAM_0002996,nv,4,0.00018776231,0.0002913805,0.0035863272,0.00029539157,0.001497378,0.9939037,0.00023805018
ISIC_0026284,HAM_0001252,nv,4,0.00036479675,0.0003308563,0.000116425384,9.614375e-05,0.0006646057,0.998382,4.514976e-05
ISIC_0028892,HAM_0006335,nv,4,0.00027242652,0.00023784679,0.00021635059,0.0014669823,0.00011557817,0.99694115,0.0007496272
ISIC_0027777,HAM_0000819,nv,4,0.0004610489,0.0001118869,0.00027882223,0.00043481056,0.000832816,0.99768376,0.00019675153
ISIC_0029934,HAM_0006317,nv,4,0.015050583,0.003472462,0.0056528994,0.014813627,0.062948994,0.88872313,0.009338277
ISIC_0026309,HAM_0002285,nv,4,0.0030433075,0.0007501773,0.008198176,0.003592903,0.023589376,0.9561788,0.004647292
ISIC_0028708,HAM_0005004,nv,4,0.005618307,0.00050133857,0.026387893,0.002629393,0.01041851,0.95179963,0.0026448448
ISIC_0028794,HAM_0006606,nv,4,3.9773946e-05,0.0001208488,5.228187e-05,0.00066537503,0.00028933556,0.99661356,0.002218744
ISIC_0028811,HAM_0003795,nv,4,0.005601159,0.009240388,0.0023664744,0.006072583,0.0009186154,0.9744849,0.0013158558
ISIC_0026919,HAM_0001945,nv,4,0.007789619,0.0010954026,0.0017048971,0.0021467898,0.006051768,0.9804356,0.0007759986
ISIC_0025304,HAM_0007149,nv,4,1.2371842e-05,0.00016122579,9.430402e-06,0.00035039146,0.00010824188,0.99874145,0.0006169864
ISIC_0027594,HAM_0006933,nv,4,0.0018357614,0.0003445927,0.007183,0.000994195,0.0036348393,0.98401296,0.0019946473
ISIC_0025552,HAM_0000218,nv,4,0.02339191,0.0006183711,0.008490624,0.011941586,0.03369604,0.91967565,0.0021859028
ISIC_0029234,HAM_0006758,nv,4,0.00031844544,4.705616e-05,0.0004373938,0.0002394381,0.0059270347,0.9928879,0.00014269604
ISIC_0026287,HAM_0002412,nv,4,0.00019409509,5.5041877e-05,0.00014172593,0.00024971028,1.138074e-05,0.99922466,0.0001234346
ISIC_0025857,HAM_0002091,nv,4,0.00049117825,0.00079803995,0.0031798999,0.0024587363,0.00061667745,0.9907149,0.0017405279
ISIC_0029076,HAM_0005147,nv,4,0.00030079763,0.00039231408,0.0019329243,0.0003395195,0.00056004646,0.9964024,7.2006056e-05
ISIC_0030808,HAM_0001710,nv,4,0.0023984914,0.15765147,0.029241014,0.0099123875,0.007895131,0.7897488,0.0031527574
ISIC_0030489,HAM_0007447,nv,4,0.0020166794,0.00020124439,0.00054225203,0.0014718362,0.0042870664,0.9910033,0.00047760207
ISIC_0026944,HAM_0000331,nv,4,0.0012395567,0.00073872885,0.0012517209,0.00094208453,0.0071855923,0.9867742,0.0018680779
ISIC_0025283,HAM_0004693,nv,4,1.1058021e-05,1.016725e-05,7.242493e-05,2.1440153e-05,9.203302e-06,0.99975497,0.00012078659
ISIC_0030078,HAM_0005796,nv,4,0.0014474506,0.0034875462,0.0076351883,0.0021835165,0.001897072,0.98270756,0.0006416754
ISIC_0027676,HAM_0004115,nv,4,2.6902508e-05,0.014762371,0.00030016396,0.00294546,0.00029551034,0.9808019,0.0008677054
ISIC_0026063,HAM_0003139,nv,4,0.0014875921,0.00017182331,0.001523985,0.0015727454,0.0020591493,0.9930895,9.526123e-05
ISIC_0028321,HAM_0001032,nv,4,0.0015949997,0.0012605169,0.00051529834,0.02024462,0.0028489532,0.9725869,0.0009487047
ISIC_0031096,HAM_0005773,nv,4,0.00083008927,0.00048371416,0.00031940348,0.002424478,0.0006834799,0.9939318,0.0013271266
ISIC_0027441,HAM_0007455,nv,4,0.0007864467,0.00015868782,0.0011409257,0.0007431398,0.0008999062,0.9955788,0.00069200643
ISIC_0031251,HAM_0005012,nv,4,0.005772063,0.0028504108,0.0017578028,0.0039055732,0.014844205,0.9664552,0.0044148024
ISIC_0029957,HAM_0005418,nv,4,0.004790407,0.006043826,0.011723965,0.010255826,0.032071978,0.92726594,0.007848071
ISIC_0027383,HAM_0004037,nv,4,0.0014645547,0.0011976715,0.098643474,0.027963271,0.0034893488,0.8596722,0.007569517
ISIC_0025010,HAM_0002590,nv,4,0.00026131727,0.00012999463,0.00021919332,0.0014075042,0.00048677681,0.9972988,0.00019648361
ISIC_0028268,HAM_0004875,nv,4,0.0009897976,0.00052362814,0.0008383914,0.00308473,0.005796901,0.9863805,0.0023860235
ISIC_0031548,HAM_0003575,nv,4,5.0576073e-05,8.25755e-05,0.00036719773,0.00036185802,0.00018938673,0.998594,0.00035433963
ISIC_0028333,HAM_0002259,nv,4,0.027732695,0.11103206,0.29025403,0.012966356,0.007230974,0.5199665,0.030817438
ISIC_0026410,HAM_0002104,nv,4,0.0005133794,0.00018611537,0.00060255046,0.004543419,0.0028870038,0.9909753,0.0002922293
ISIC_0029078,HAM_0004808,nv,4,0.0006541603,0.0010443248,0.028980197,0.0018000315,0.0011661669,0.96533203,0.0010231262
ISIC_0025176,HAM_0002864,nv,4,0.014665209,0.0010711991,0.28065833,0.012967303,0.05296639,0.6361901,0.0014814145
ISIC_0029901,HAM_0006022,nv,4,0.000257126,6.590657e-05,0.0007003074,0.0017896078,0.006509458,0.9899657,0.0007120306
ISIC_0027430,HAM_0002330,nv,4,7.118413e-05,0.15224384,0.008296348,0.0013018218,0.00012251563,0.8359831,0.0019811678
ISIC_0024817,HAM_0000447,nv,4,0.0019728926,0.009644762,0.010014285,0.0014391767,0.0013935362,0.97518367,0.00035165367
ISIC_0029154,HAM_0001426,nv,4,0.0035492433,0.0020682344,0.007020702,0.0024274748,0.01078399,0.9688496,0.005300798
ISIC_0031109,HAM_0000869,nv,4,0.0018073035,0.00036183663,0.0017245411,0.008668598,0.034672175,0.9518786,0.00088685116
ISIC_0028119,HAM_0007564,nv,4,0.0035475434,0.00189146,0.003082159,0.014945291,0.038139682,0.9367601,0.0016337284
ISIC_0030472,HAM_0005161,nv,4,0.00043260722,8.5853535e-05,0.00021021915,0.0007625933,0.0015866669,0.9965133,0.0004087851
ISIC_0030983,HAM_0004920,nv,4,0.00033532907,0.0004719671,0.00043735155,0.0007556757,0.00039395833,0.99667764,0.00092813646
ISIC_0026035,HAM_0001043,nv,4,0.0006301929,0.00041007434,0.0005214289,0.0009272808,0.0020540005,0.99478686,0.00067018205
ISIC_0027918,HAM_0005844,nv,4,0.0011678201,0.0003579083,0.0017894291,0.00044891762,0.044382002,0.95078427,0.0010695609
ISIC_0032431,HAM_0000234,nv,4,0.0067436593,0.0026876868,0.006137174,0.015760072,0.0029924808,0.96250594,0.0031730602
ISIC_0025014,HAM_0000066,nv,4,0.0033820765,0.00089223153,0.0059473338,0.010114286,0.015970385,0.96328115,0.0004125021
ISIC_0029964,HAM_0006165,nv,4,0.0005323351,0.00028052085,0.014013562,0.00037162975,0.004605414,0.97955257,0.00064400263
ISIC_0030415,HAM_0005317,nv,4,0.0015853611,0.0020920741,0.004072152,0.0016679469,0.005312384,0.9828925,0.002377586
ISIC_0031641,HAM_0006405,nv,4,0.0023411468,0.0019135894,0.0015786941,0.0020620234,0.0023229276,0.9864355,0.0033461773
ISIC_0031439,HAM_0001779,nv,4,0.0018255304,0.0007121009,0.040152747,0.0008325303,0.16822597,0.78550255,0.0027484864
ISIC_0030516,HAM_0003312,nv,4,0.0019090442,0.00045277405,0.00082710554,0.0012010833,0.029673519,0.96458733,0.0013490961
ISIC_0031205,HAM_0002920,nv,4,0.0032532518,0.00041950293,0.0017252599,0.0006984308,0.05141392,0.9402624,0.0022272079
ISIC_0028330,HAM_0001184,nv,4,0.00014265874,0.00015546069,0.00020575091,0.00042258596,0.0020937975,0.9965134,0.00046639165
ISIC_0027977,HAM_0004512,nv,4,4.647471e-05,8.671555e-07,0.00013693067,9.733574e-05,0.0046081794,0.9950896,2.0643178e-05
ISIC_0029165,HAM_0004666,nv,4,0.012598367,0.0011031198,0.02053171,0.0038427536,0.01102746,0.9495183,0.001378228
ISIC_0029607,HAM_0003599,nv,4,2.8695937e-05,2.4306402e-05,0.00028131367,0.00028714235,0.00074626954,0.99827766,0.00035457348
ISIC_0030727,HAM_0005957,nv,4,0.0062723067,0.0028216338,0.082058564,0.0025047162,0.07025699,0.82633775,0.009748001
ISIC_0030751,HAM_0002813,nv,4,0.0038484465,0.0006964195,0.0036205805,0.0024617987,0.01822593,0.9692069,0.0019398505
ISIC_0029442,HAM_0007175,nv,4,0.0027318958,0.0007260042,0.0021453367,0.00088345894,0.01319966,0.97929376,0.0010198384
ISIC_0032208,HAM_0002665,nv,4,0.00010442415,0.00012869501,7.20505e-05,0.0032740186,0.00017815265,0.99507195,0.0011707409
ISIC_0028722,HAM_0002901,nv,4,0.00096533966,0.0006980295,0.0012060868,0.0009338137,0.010505846,0.983859,0.0018318928
ISIC_0028713,HAM_0003898,nv,4,0.00030394027,0.00031236582,0.0021273491,0.001863679,0.0037914843,0.9892693,0.0023318774
ISIC_0029620,HAM_0004800,nv,4,0.009645051,0.0019248974,0.004559338,0.008235762,0.029658122,0.9440557,0.0019211416
ISIC_0025999,HAM_0005286,nv,4,7.9681085e-05,6.6446126e-05,8.0306025e-05,0.00060390856,0.008231533,0.99030334,0.0006347477
ISIC_0024978,HAM_0003629,nv,4,0.0006297921,0.00199124,0.0024960884,0.001184099,0.00023168756,0.9931838,0.00028331563
ISIC_0025725,HAM_0000056,nv,4,0.0032990822,0.0010632393,0.009229943,0.00048678633,0.0036687297,0.9818564,0.0003957545
ISIC_0028251,HAM_0002884,nv,4,5.3287564e-05,0.00012185739,5.164808e-05,0.00069646357,0.00022944513,0.9980849,0.000762387
ISIC_0027075,HAM_0004261,nv,4,0.0018029899,0.0012367575,0.024324816,0.0023792612,0.00941131,0.95425475,0.0065902337
ISIC_0029282,HAM_0001059,nv,4,0.00067655044,0.001378061,0.0014900394,0.000224633,0.00019707976,0.9954521,0.0005815167
ISIC_0026881,HAM_0006021,nv,4,0.0009144034,0.0005761441,0.001631693,0.0026744902,0.0008342015,0.99108255,0.002286496
ISIC_0031818,HAM_0001395,nv,4,0.00031251667,0.002597575,0.00196171,0.00046051858,0.0037226717,0.98974705,0.0011979989
ISIC_0024325,HAM_0002044,nv,4,0.0012888879,0.00034605362,0.0006503125,0.00085649086,0.004115122,0.9920523,0.00069090334
ISIC_0024651,HAM_0001681,nv,4,0.0011896475,0.00055269746,0.0017479132,0.00066408125,0.010649911,0.9838076,0.0013881249
ISIC_0029011,HAM_0002248,nv,4,0.00389451,0.0035408011,0.0054520606,0.0031140838,0.004029924,0.97365034,0.0063183275
ISIC_0025344,HAM_0000937,nv,4,0.0016314887,0.00042768245,0.00042518385,0.0021398445,0.0016180021,0.99095845,0.0027994134
ISIC_0027701,HAM_0005653,nv,4,0.00046409748,0.0005603554,0.00055274635,0.0024811716,0.0010854001,0.9935502,0.00130605
ISIC_0027448,HAM_0003963,nv,4,0.0028104268,0.00027135966,0.0039267377,0.0005020399,0.0162243,0.9757338,0.00053129636
ISIC_0029134,HAM_0002829,nv,4,0.0101080155,0.0036346093,0.005448208,0.0047496916,0.010268448,0.95507574,0.010715363
ISIC_0027532,HAM_0005602,nv,4,0.0008840292,0.0149084795,0.004278657,0.0009881338,0.00055429287,0.9770593,0.0013270851
ISIC_0031885,HAM_0004821,nv,4,0.00034694155,0.00062334107,0.0003146623,0.005836637,0.00073807023,0.9887871,0.0033533361
ISIC_0026304,HAM_0007200,nv,4,0.0012238552,0.00046497682,0.0034932548,0.0031221728,0.00776338,0.98287535,0.0010570916
ISIC_0025460,HAM_0006820,nv,4,0.0004109199,0.00018868482,0.00024609137,0.001067929,0.006516353,0.9910143,0.00055565976
ISIC_0028553,HAM_0003075,nv,4,6.3652784e-05,5.2976542e-05,0.00013176,0.00016017942,0.0008394851,0.99809045,0.000661579
ISIC_0028604,HAM_0006449,nv,4,0.0004115747,0.00023200255,7.6059354e-05,0.00030038023,0.0003841922,0.99842656,0.00016924014
ISIC_0030680,HAM_0002381,nv,4,0.0015041585,0.00029445594,0.046884477,0.0020579493,0.050152555,0.8985763,0.0005300758
ISIC_0032406,HAM_0006304,nv,4,0.0022240137,0.0039281207,0.008884634,0.0027922636,0.01037705,0.96919125,0.002602676
ISIC_0031341,HAM_0006807,nv,4,0.00045857375,8.820676e-05,0.0017205285,0.0011360899,0.039775714,0.9561779,0.0006429145
ISIC_0026850,HAM_0003915,nv,4,0.0012446219,0.00017687003,0.0005977596,0.010461879,0.00041811928,0.9869437,0.00015700451
ISIC_0030685,HAM_0000585,nv,4,4.0202154e-05,3.7108366e-05,3.1187406e-05,0.00015186958,9.310839e-05,0.99950385,0.00014266826
ISIC_0030343,HAM_0006570,nv,4,3.7772872e-05,1.1078747e-05,4.2885953e-05,0.0003069872,0.07860701,0.9209432,5.1127652e-05
ISIC_0031328,HAM_0000424,nv,4,0.00091158843,0.00070994586,0.005302485,0.031698253,0.001398175,0.9557645,0.0042151427
ISIC_0026617,HAM_0003804,nv,4,0.0018306749,0.004018134,0.020405766,0.0014439466,0.021177238,0.95016706,0.0009571906
ISIC_0028162,HAM_0000416,nv,4,0.00055438175,0.0016049404,0.0008011255,0.0010107415,0.0002817713,0.9935747,0.0021723746
ISIC_0026033,HAM_0003319,nv,4,8.956312e-05,0.0004469137,0.00028463098,0.00045350843,0.00027641316,0.99779487,0.00065407687
ISIC_0032037,HAM_0002687,nv,4,0.00013092108,0.00085542083,4.2545373e-05,0.0006140061,0.0007678832,0.9975636,2.5704472e-05
ISIC_0028663,HAM_0000635,nv,4,0.00093669724,0.00018336905,0.00054158963,0.0016665852,0.010259043,0.98593384,0.0004788856
ISIC_0029800,HAM_0003702,nv,4,8.508262e-05,0.00046175253,0.0012782901,0.0005732591,0.00018331409,0.9972567,0.0001616162
ISIC_0024992,HAM_0004740,nv,4,0.00038801294,0.00017626282,0.00021511977,0.0013050418,0.00063258095,0.99709487,0.00018818131
ISIC_0030691,HAM_0006081,nv,4,0.0033964468,0.001478013,0.0073607904,0.0020560294,0.08109177,0.8986151,0.006001838
ISIC_0026640,HAM_0006309,nv,4,0.0024419231,0.0004941727,0.0037035428,0.0008588715,0.12354606,0.86768854,0.0012668532
ISIC_0024430,HAM_0007269,nv,4,0.002755589,0.00088418636,0.001699328,0.0010097724,0.019221205,0.973423,0.0010068184
ISIC_0025880,HAM_0005744,nv,4,0.0007552294,0.00052211137,0.00091543957,0.010553665,0.008040575,0.97586936,0.003343637
ISIC_0027551,HAM_0006035,nv,4,0.000772794,0.00012566333,0.011422861,0.0006610058,0.008835528,0.9773408,0.00084132125
ISIC_0029887,HAM_0000638,nv,4,0.0032362768,0.0025626067,0.005679842,0.0057383827,0.0069931513,0.9645765,0.011213286
ISIC_0029623,HAM_0004433,nv,4,0.0039421893,0.001172157,0.0023197578,0.005526899,0.044503342,0.94043785,0.002097774
ISIC_0028733,HAM_0006639,nv,4,0.0003434379,0.0012098886,0.0005211294,0.00038313263,0.001132154,0.9961593,0.0002510193
ISIC_0025050,HAM_0002807,nv,4,0.0011472589,0.0005024254,0.00063388597,0.0016749671,0.0012618646,0.99379975,0.0009798663
ISIC_0024840,HAM_0006705,nv,4,0.0013069782,0.00022557144,0.0009947821,0.00041978,0.0048229303,0.99183184,0.00039821668
ISIC_0031414,HAM_0000400,nv,4,0.0009183179,5.802215e-05,0.0027109731,0.0005646553,0.06400292,0.93137616,0.00036886625
ISIC_0029890,HAM_0000052,nv,4,0.0006536317,0.0018421282,0.001471544,0.00085332926,0.004099932,0.99032277,0.0007567465
ISIC_0024444,HAM_0005543,nv,4,0.00017020853,0.00020173322,0.00057524594,0.0020544159,0.021127129,0.9722953,0.0035760251
ISIC_0028240,HAM_0001635,nv,4,0.00055273395,0.00029759578,0.0005346828,0.047384415,0.0018698749,0.94803095,0.0013298301
ISIC_0027465,HAM_0002214,nv,4,0.0064907046,0.0007932001,0.03294643,0.004797644,0.016281815,0.93503684,0.003653421
ISIC_0032440,HAM_0005570,nv,4,0.0077425013,0.0044766422,0.010093196,0.007409623,0.031210914,0.93602926,0.003037935
ISIC_0029946,HAM_0001374,nv,4,0.0024934278,0.0009613022,0.0022220365,0.0036940556,0.061361555,0.92669755,0.0025700668
ISIC_0029965,HAM_0001360,nv,4,0.0008763749,0.0011897018,0.0012639599,0.0022161535,0.0018525699,0.9896344,0.0029669104
ISIC_0028402,HAM_0006957,nv,4,4.003581e-05,6.0690676e-05,2.3035584e-05,0.0003662798,0.0001286077,0.9992642,0.00011721305
ISIC_0028038,HAM_0005114,nv,4,0.0005517008,0.00094122824,0.0011944808,0.0029162243,0.0012677985,0.9858773,0.0072512827
ISIC_0025872,HAM_0004973,nv,4,0.00023663895,0.00025067388,0.00055289513,0.00069416355,0.0002922101,0.99673355,0.0012398995
ISIC_0028311,HAM_0000600,nv,4,0.00024710828,0.00025998085,0.00013356554,0.00927267,0.008143244,0.98159695,0.00034644266
ISIC_0025727,HAM_0000130,nv,4,0.000702049,0.00037431475,0.0013309546,0.0004532769,0.008980685,0.9866297,0.0015289303
ISIC_0029643,HAM_0005451,nv,4,0.00056274707,0.0005990412,0.0020186293,0.0021992405,0.00050051755,0.9909933,0.0031265141
ISIC_0026485,HAM_0006414,nv,4,0.0031522512,0.0020265696,0.0014433821,0.00084232853,0.00044085196,0.9919809,0.000113663285
ISIC_0031952,HAM_0000480,nv,4,0.013939152,0.0006284998,0.011957769,0.0004137935,0.0047495095,0.96818596,0.00012546258
ISIC_0025284,HAM_0003471,nv,4,0.00824658,0.0006061953,0.037212122,0.00092614465,0.05769157,0.8945511,0.0007663027
ISIC_0029250,HAM_0003720,nv,4,0.0022865024,0.0053835427,0.001496599,0.0020021286,0.0048523583,0.9819333,0.0020456084
ISIC_0029064,HAM_0000134,nv,4,0.00057395187,0.00018688159,0.0014198511,0.001452103,0.0023480935,0.99311346,0.0009056023
ISIC_0027322,HAM_0001044,nv,4,0.0004844523,0.0005227957,0.0009935463,0.0016880173,0.0006570147,0.9954484,0.00020573185
ISIC_0028379,HAM_0003333,nv,4,0.0031843863,0.0064578145,0.0021758084,0.013687892,0.0021233314,0.9565545,0.015816329
ISIC_0026971,HAM_0003407,nv,4,0.01647593,0.002359716,0.0038753464,0.009974876,0.008720444,0.95383847,0.004755134
ISIC_0029185,HAM_0000890,nv,4,0.0004352312,0.00032981558,0.0013127525,0.00060662365,0.002051555,0.9947556,0.00050834013
ISIC_0030958,HAM_0005999,nv,4,0.00020937827,0.00032747386,0.000139476,0.0002313084,0.00025478794,0.99835986,0.0004776363
ISIC_0024703,HAM_0001295,nv,4,0.0019428195,0.00045253462,0.00058220193,0.0017078477,0.020165717,0.9735382,0.0016106538
ISIC_0028835,HAM_0000820,nv,4,0.0027980627,0.022289656,0.004067184,0.011195635,0.0012698367,0.95334995,0.005029664
ISIC_0030632,HAM_0002811,nv,4,0.005110643,0.002218547,0.0040865145,0.0048010047,0.0070350533,0.9658653,0.010882978
ISIC_0027196,HAM_0007304,nv,4,0.0057206955,0.0011041445,0.0039956397,0.003947161,0.026349101,0.9559855,0.0028976921
ISIC_0030412,HAM_0002123,nv,4,0.0009988165,0.00032458504,0.0012775058,0.0018397977,0.0033355122,0.99051976,0.0017040289
ISIC_0025288,HAM_0007595,nv,4,0.00035576016,8.246243e-05,0.00016920191,0.00043059792,0.001526975,0.99722666,0.00020832526
ISIC_0030048,HAM_0003621,nv,4,0.0009424026,0.00033422397,0.00032616305,0.0009987835,0.0018251971,0.99436367,0.001209478
ISIC_0029936,HAM_0000575,nv,4,0.0012187728,0.00032468187,0.0007417541,0.0013530166,0.003027189,0.9927523,0.0005822094
ISIC_0029797,HAM_0003404,nv,4,0.00081710774,0.0015102474,0.0021622733,0.0011819389,0.0009693923,0.9918562,0.0015028912
ISIC_0031626,HAM_0007292,nv,4,8.805144e-05,0.00016627839,0.00012686907,0.00028010027,0.0047282935,0.99445724,0.0001530333
ISIC_0027624,HAM_0006256,nv,4,6.571947e-05,6.520804e-05,0.0002694891,0.0006405009,0.0017254055,0.99684274,0.00039095726
ISIC_0025643,HAM_0000156,nv,4,0.004801706,0.0036654521,0.0027452966,0.0060817916,0.009456531,0.9631804,0.010068882
ISIC_0030405,HAM_0006555,nv,4,0.00011105451,9.461962e-05,0.0010871025,0.0063543576,0.021266833,0.9692132,0.0018728498
ISIC_0025440,HAM_0007403,nv,4,0.0011638161,0.00025230812,0.0018766487,0.0003332761,0.0055958033,0.9905758,0.0002023397
ISIC_0029873,HAM_0005824,nv,4,0.0006795322,0.00025071934,0.0018132025,0.00049861503,0.0018539369,0.99399805,0.0009059664
ISIC_0030389,HAM_0005645,nv,4,0.00042442817,0.00010668531,0.0004894689,0.0005798414,0.0030337044,0.9950104,0.00035566345
ISIC_0029743,HAM_0005367,nv,4,0.0019609353,0.00035973795,0.0026933998,0.0016012501,0.008597305,0.98405635,0.0007309612
ISIC_0025609,HAM_0005906,nv,4,0.0010321543,0.0021085565,0.0010361939,0.00095365476,0.0009306542,0.9930576,0.0008811256
ISIC_0028024,HAM_0002360,nv,4,0.0006726764,0.00076672167,0.00041039652,0.0008942027,0.0024741015,0.9936259,0.0011560548
ISIC_0029037,HAM_0004311,nv,4,0.003488789,0.00097211887,0.000989358,0.003247149,0.0154912835,0.9697092,0.0061021238
ISIC_0032383,HAM_0005333,nv,4,0.00021551125,0.00037346256,0.00041419355,0.0035054549,0.0010241383,0.9930735,0.001393693
ISIC_0032289,HAM_0001782,nv,4,0.00082442554,0.00030686433,0.00038189878,0.0011334782,0.0045192568,0.9910138,0.001820159
ISIC_0027177,HAM_0005680,nv,4,0.000249798,0.00017151593,0.00029062096,0.0010067187,0.0009055065,0.9971384,0.00023742965
ISIC_0026799,HAM_0005369,nv,4,0.0039455146,0.012170854,0.0069178343,0.006744397,0.08345746,0.87903905,0.0077249417
ISIC_0031387,HAM_0004562,nv,4,0.0013201366,0.0055147302,0.0035710244,0.0029633755,0.02727732,0.9550079,0.004345503
ISIC_0028267,HAM_0006195,nv,4,0.0022267094,0.0020333903,0.0010809805,0.0014390764,0.015172281,0.97702205,0.0010254527
ISIC_0028743,HAM_0001075,nv,4,0.00076503877,0.00019705467,0.00030699777,0.0012423871,0.0010390674,0.9953253,0.0011240485
ISIC_0030780,HAM_0007501,nv,4,0.0020564727,8.712467e-05,0.00058102916,0.0014567896,0.0017662562,0.9936466,0.00040562372
ISIC_0025523,HAM_0002725,nv,4,0.0010372885,0.0005991651,0.0012833845,0.0018709641,0.0070437267,0.98637044,0.001794901
ISIC_0030162,HAM_0006468,nv,4,0.008832961,0.0037218933,0.008301851,0.0058382307,0.08258614,0.8809751,0.009743836
ISIC_0028738,HAM_0004576,nv,4,0.004073995,0.0005774275,0.0017742651,0.0012093531,0.0045504216,0.98652345,0.0012911267
ISIC_0024478,HAM_0002682,nv,4,0.0013469593,0.0002967558,0.001431732,0.0008453787,0.0087618595,0.98686117,0.0004560476
ISIC_0024888,HAM_0006199,nv,4,0.00054631976,0.001859037,0.0022622223,0.005681675,0.02952376,0.20867158,0.7514553
ISIC_0030969,HAM_0003413,nv,4,0.0030265523,0.019562904,0.03373571,0.036193132,0.020581987,0.88289416,0.0040056165
ISIC_0025138,HAM_0002174,nv,4,0.0051017418,0.00023439672,0.005852033,0.0019492094,0.025600687,0.96065867,0.0006032475
ISIC_0027464,HAM_0005380,nv,4,0.02049271,0.0022530966,0.006772643,0.007195374,0.037334684,0.91967857,0.006272853
ISIC_0025478,HAM_0005499,nv,4,0.001905985,0.0005675497,0.00073950185,0.003953547,0.0015701187,0.9907051,0.0005582053
ISIC_0029065,HAM_0004067,nv,4,0.014833897,0.0066179517,0.0067748926,0.020863043,0.017710557,0.8960436,0.03715609
ISIC_0026962,HAM_0007334,nv,4,0.0030623928,0.0004801837,0.0013908151,0.0035524378,0.002774759,0.9876414,0.0010980784
ISIC_0025706,HAM_0003138,nv,4,0.00038266572,0.009811423,0.00073186745,0.004114547,0.0012996083,0.9795202,0.004139737
ISIC_0028726,HAM_0005900,nv,4,0.001147106,0.0031549132,0.0011835191,0.0014514948,0.0013411029,0.98834455,0.003377299
ISIC_0027968,HAM_0000223,nv,4,3.4736244e-05,4.7201433e-05,0.00010637007,0.00046841105,0.00010139996,0.99790025,0.0013415652
ISIC_0029400,HAM_0000369,nv,4,0.001035774,0.00076001184,0.008426153,0.0003307301,0.014838993,0.9744066,0.0002017768
ISIC_0028300,HAM_0004092,nv,4,0.0005106638,8.559087e-05,0.00021101357,0.0006265956,0.0047559743,0.9934645,0.00034553243
ISIC_0030571,HAM_0003190,nv,4,0.00037848673,0.00018773081,0.0006357057,0.0023874422,0.00036648382,0.99567974,0.00036434276
ISIC_0025901,HAM_0005562,nv,4,0.0027144905,0.00094684644,0.0006469555,0.0071151573,0.0028684738,0.9830836,0.002624559
ISIC_0025862,HAM_0003515,nv,4,7.720697e-06,6.921821e-05,1.9258781e-05,0.00039469317,1.6962653e-05,0.9979274,0.0015646666
ISIC_0024419,HAM_0001792,nv,4,0.003320977,0.00061431894,0.0037815797,0.001702828,0.010554044,0.9782898,0.0017364131
ISIC_0028919,HAM_0000964,nv,4,0.0006112253,0.0006148173,0.00096253207,0.0016917727,0.018885124,0.9752662,0.0019682485
ISIC_0025569,HAM_0003009,nv,4,0.0060962248,0.0041674264,0.0049008466,0.003880677,0.009557983,0.9673537,0.0040431544
ISIC_0031420,HAM_0001197,nv,4,0.11552552,0.0018930007,0.007119735,0.009524677,0.009258719,0.8552934,0.0013849491
ISIC_0030656,HAM_0003825,nv,4,0.0012789555,0.00195972,0.0009720283,0.002377765,0.008343911,0.98200697,0.0030605737
ISIC_0028526,HAM_0004028,nv,4,0.001235872,0.0009202177,0.0035310017,0.0031009195,0.004735269,0.9848023,0.0016744551
ISIC_0032142,HAM_0000740,nv,4,0.0016896969,0.0001927523,0.0014340271,0.0027886676,0.0007238963,0.9927965,0.0003744538
ISIC_0028099,HAM_0003706,nv,4,7.9079764e-05,2.9752642e-05,6.292487e-05,0.00013623785,0.00028855642,0.99928266,0.00012070005
ISIC_0026982,HAM_0005358,nv,4,0.0042234263,0.0020423157,0.0059096366,0.004901653,0.013504195,0.96515375,0.0042648735
ISIC_0029077,HAM_0002945,nv,4,0.00022979878,0.0002644968,0.0005285894,0.0011601965,0.0051945653,0.9908761,0.001746345
ISIC_0025418,HAM_0006571,nv,4,0.0008443982,0.0004254202,0.0003280978,0.0007075911,0.0011362621,0.99538994,0.0011683308
ISIC_0026199,HAM_0001880,nv,4,0.0044373255,0.00027981686,0.0074130017,0.039588094,0.013793214,0.9341727,0.00031583788
ISIC_0028654,HAM_0002179,nv,4,3.0806008e-05,0.00013290356,0.00012279574,0.0006053817,2.012431e-05,0.99891853,0.00016948897
ISIC_0025380,HAM_0002967,nv,4,0.00021131754,2.3524664e-05,3.924281e-05,0.00014680486,0.0104233045,0.98908323,7.246107e-05
ISIC_0027158,HAM_0003953,nv,4,0.001122946,0.0005757895,0.00056410156,0.0027462675,0.0009521016,0.9914403,0.0025985274
ISIC_0025025,HAM_0004781,nv,4,0.00016189803,9.819613e-05,0.0002869283,0.0003151291,0.00056895573,0.99802065,0.0005482291
ISIC_0029481,HAM_0004421,nv,4,0.0002735234,0.0011583439,0.00024138355,0.065506384,0.014159833,0.9167359,0.0019247648
ISIC_0029356,HAM_0004876,nv,4,0.0024033398,0.00047905804,0.0060684206,0.0009677238,0.04590465,0.94388455,0.00029227088
ISIC_0031673,HAM_0002854,nv,4,0.0018875665,0.001537581,0.0008516241,0.0034371882,0.001999517,0.98834383,0.0019427357
ISIC_0031448,HAM_0004486,nv,4,0.00033419408,0.0003949322,0.00041106573,0.00054670504,0.0026863816,0.9952461,0.0003805451
ISIC_0027054,HAM_0005414,nv,4,0.0039040244,6.947414e-05,0.0003893923,0.0051719914,0.00046695268,0.9899479,5.0236195e-05
ISIC_0028716,HAM_0000864,nv,4,0.00026658984,7.168165e-05,0.00014536764,0.0009806362,0.0021671546,0.9957956,0.0005729784
ISIC_0027547,HAM_0000558,nv,4,0.0012810088,0.0025927676,0.0008752799,0.0017689776,0.0012367559,0.99129784,0.000947328
ISIC_0024797,HAM_0000828,nv,4,8.528006e-06,5.3995973e-06,3.2215805e-05,5.6928337e-05,2.769052e-05,0.99972016,0.00014907354
ISIC_0029804,HAM_0005851,nv,4,0.0029273897,0.0029117086,0.0017973587,0.003183864,0.004163708,0.9814711,0.0035449264
ISIC_0027493,HAM_0003478,nv,4,0.00038864315,0.00047571078,0.00024368215,0.0015851324,0.00059029966,0.9948207,0.001895882
ISIC_0031731,HAM_0005355,nv,4,0.00013205023,0.00016242455,8.2796476e-05,0.0009920603,0.000690881,0.9973628,0.0005769708
ISIC_0029694,HAM_0006590,nv,4,0.00077299174,0.00034200956,0.00081883743,0.0011882063,0.00033310958,0.995899,0.00064585876
ISIC_0026772,HAM_0002273,nv,4,0.0001285002,0.0003425437,0.0003097648,0.0021509817,0.0010072836,0.9955082,0.00055275497
ISIC_0028068,HAM_0002331,nv,4,0.0002142264,0.00030210766,0.00093010283,0.00014354417,0.0014470926,0.99684036,0.00012254028
ISIC_0030054,HAM_0001377,nv,4,0.002133786,0.0017933222,0.0011255249,0.0018922768,0.0058872593,0.98406017,0.003107674
ISIC_0025308,HAM_0001821,nv,4,0.0016967253,0.0041001528,0.0023327773,0.0032498292,0.0015815219,0.98147017,0.0055687837
ISIC_0026619,HAM_0000730,nv,4,4.997298e-05,8.385261e-05,0.00016021579,0.00079169625,0.00019194053,0.9963691,0.0023532042
ISIC_0028440,HAM_0001461,nv,4,0.0011222911,1.7124503e-05,0.0011360749,0.002112129,0.005666167,0.9898949,5.132442e-05
ISIC_0024983,HAM_0006584,nv,4,0.0004492062,0.00015313351,0.0006485049,0.00037790035,0.016562624,0.98159605,0.0002126048
ISIC_0026935,HAM_0003909,nv,4,0.0006317804,0.00036959548,0.0013335665,0.0007924302,0.0007725633,0.99534696,0.00075319427
ISIC_0028950,HAM_0007187,nv,4,0.0006701298,0.002198344,0.00081228744,0.0015695522,0.0009750332,0.988898,0.0048766444
ISIC_0030205,HAM_0007322,nv,4,0.00041611565,0.0003863503,0.00028265992,0.0049968297,0.004426541,0.987022,0.0024693864
ISIC_0030449,HAM_0007071,nv,4,0.005746951,0.0020361724,0.004908433,0.0038376527,0.026782054,0.9528994,0.0037892405
ISIC_0029395,HAM_0006958,nv,4,0.0025144394,0.0032539263,0.055251397,0.0013886053,0.076335326,0.85922796,0.0020283165
ISIC_0026061,HAM_0001973,nv,4,0.0011970554,0.00083160884,0.0018333303,0.0011223352,0.0033670748,0.9899338,0.0017147026
ISIC_0026840,HAM_0007253,nv,4,0.0007850472,0.00021960225,0.0017199414,0.00028280218,0.002438271,0.9942925,0.0002618048
ISIC_0030146,HAM_0006895,nv,4,0.004355086,0.0071943603,0.005633149,0.0045374264,0.049212568,0.92676115,0.0023062024
ISIC_0031906,HAM_0004893,nv,4,0.00023074525,6.007605e-05,0.0043305214,0.040115476,0.0024614402,0.94569343,0.0071082986
ISIC_0027632,HAM_0005548,nv,4,0.015478416,0.012220544,0.024843376,0.015134632,0.057089627,0.8567263,0.018507157
ISIC_0031254,HAM_0006906,nv,4,0.0017102889,8.7982015e-05,0.0020310183,0.0012703583,0.022039022,0.9725524,0.00030889202
ISIC_0024484,HAM_0000278,nv,4,0.0028518336,0.000988459,0.002627232,0.001907166,0.0069066426,0.98408484,0.0006338493
ISIC_0025134,HAM_0000357,nv,4,0.010977722,0.045268707,0.3537266,0.0043581156,0.10016367,0.48066226,0.0048428755
ISIC_0028004,HAM_0004745,nv,4,6.401982e-05,0.0001991301,0.0006148632,0.00020585283,0.0002103233,0.99798113,0.0007246628
ISIC_0028417,HAM_0000061,nv,4,0.00034308463,0.00020287427,0.0008102575,0.00079381006,0.094756976,0.9025479,0.00054504466
ISIC_0030646,HAM_0007074,nv,4,1.3043146e-05,1.768913e-05,0.00022125534,0.01580169,0.00022694509,0.98336095,0.00035843215
ISIC_0028755,HAM_0000288,nv,4,0.0005963671,0.00012660245,0.96371585,0.00027490963,0.012639315,0.02224777,0.0003992107
ISIC_0027062,HAM_0000288,nv,4,0.00022870256,0.00019258687,0.66206926,0.0005184179,0.29207504,0.04328608,0.0016299253
ISIC_0032363,HAM_0007003,nv,4,0.00023029634,0.0071958615,0.01445641,0.0014273652,0.050120194,0.9237916,0.0027783185
ISIC_0025638,HAM_0007003,nv,4,0.00021107882,0.4216121,0.13073696,0.0006668881,0.04328121,0.4015201,0.0019716118
ISIC_0027264,HAM_0005360,nv,4,0.004330895,0.0005426047,0.01780267,0.008382739,0.41621584,0.5524744,0.00025086044
ISIC_0028413,HAM_0005360,nv,4,0.016468836,0.028636798,0.024518283,0.11771503,0.07759622,0.73030484,0.0047600535
ISIC_0027198,HAM_0000960,nv,4,0.0011785735,0.00044342157,0.0009828134,0.0010289743,0.04938547,0.9465097,0.00047109879
ISIC_0025779,HAM_0000960,nv,4,0.0020433883,0.004546756,0.026267176,0.0021773006,0.14158362,0.8195455,0.0038362376
ISIC_0027839,HAM_0003230,nv,4,0.0005312091,7.273876e-05,0.015253702,4.160751e-05,0.94555813,0.03849789,4.4725613e-05
ISIC_0027640,HAM_0003230,nv,4,0.00018620545,4.4134786e-06,0.20741475,9.907151e-06,0.78277504,0.009606642,3.1296247e-06
ISIC_0027406,HAM_0004524,nv,4,0.00090827665,0.0006403018,0.5697513,0.00012583689,0.3164956,0.111100405,0.0009782524
ISIC_0030273,HAM_0004524,nv,4,0.0007082371,9.083712e-05,0.067931525,0.00011304863,0.8913338,0.03946963,0.00035300772
ISIC_0030858,HAM_0001813,nv,4,0.00010322156,7.391335e-05,0.0019571814,0.00049388735,0.8446211,0.15261991,0.00013073938
ISIC_0030609,HAM_0001813,nv,4,0.0009773696,0.00016111694,0.055868905,0.00047819622,0.54743,0.39429906,0.0007853385
ISIC_0025847,HAM_0005609,nv,4,0.00023257754,0.00042237915,0.0007573972,0.0008326508,0.9420978,0.055591535,6.572976e-05
ISIC_0025958,HAM_0005609,nv,4,0.0002545529,0.0010048118,0.01339182,0.0021313452,0.8333914,0.14971098,0.000115185045
ISIC_0031646,HAM_0003684,nv,4,0.0003196113,0.00039159597,0.003336632,0.00047652476,0.1724946,0.82292575,5.5215638e-05
ISIC_0031385,HAM_0003684,nv,4,0.00012572383,0.00079304876,0.64755744,0.00011810661,0.13841256,0.21270926,0.000283877
ISIC_0028371,HAM_0007464,nv,4,0.0001255975,0.0005055569,0.00014655183,0.0046592406,0.109597154,0.8842166,0.0007493568
ISIC_0030063,HAM_0007464,nv,4,5.858858e-05,0.00029407095,0.00014248141,0.00019975712,0.5224282,0.4756763,0.0012005791
ISIC_0025335,HAM_0007356,nv,4,0.00019324108,0.07720141,0.1277818,0.001411234,0.32503006,0.46832013,6.224798e-05
ISIC_0025869,HAM_0007356,nv,4,0.00013079499,0.0109569775,0.85828686,0.0006694415,0.06815164,0.061750524,5.3678155e-05
ISIC_0027209,HAM_0001849,nv,4,0.00042392415,0.0012459824,0.001623481,0.0031446596,0.27759808,0.7144312,0.0015325844
ISIC_0028966,HAM_0001849,nv,4,0.00019117759,0.00019418818,0.0001480194,0.0014883879,0.09768769,0.90007555,0.00021494673
ISIC_0032443,HAM_0005484,nv,4,3.5614543e-05,0.00027686649,0.00087047863,2.2549726e-05,0.026272282,0.97247326,4.8869835e-05
ISIC_0029543,HAM_0007419,nv,4,0.0038128572,0.0015307858,0.00052082364,0.0044795014,0.13020895,0.85907763,0.00036931926
ISIC_0031720,HAM_0003222,nv,4,0.000428227,0.010467857,0.029125812,0.00097449473,0.027602706,0.9302859,0.0011150837
ISIC_0026382,HAM_0003222,nv,4,0.0054790815,0.14550848,0.45392394,0.003836238,0.045485456,0.33798712,0.0077797435
ISIC_0031094,HAM_0005056,nv,4,0.000106000174,1.635118e-05,0.37014273,0.00015302912,0.50198793,0.12741917,0.00017476473
ISIC_0032345,HAM_0005056,nv,4,0.012127058,0.00050737185,0.19531505,0.00050935766,0.49875444,0.29263052,0.0001562582
ISIC_0025458,HAM_0001604,nv,4,0.00035285112,0.00031139,0.72009605,0.0005245446,0.15664688,0.121047325,0.0010210085
ISIC_0024664,HAM_0001604,nv,4,0.00032797127,0.0027784395,0.75107,0.0011996691,0.054834053,0.18842243,0.0013673919
ISIC_0025008,HAM_0002349,nv,4,4.4838318e-05,7.80813e-05,0.3334091,0.00056028954,0.6376616,0.028154032,9.200224e-05
ISIC_0025735,HAM_0002349,nv,4,0.0053165443,0.002015963,0.7685121,0.0006832228,0.1319915,0.090274476,0.0012061399
ISIC_0029402,HAM_0007579,nv,4,0.000113545924,0.00021171778,8.162448e-05,0.0025805894,0.17220245,0.8247473,6.282861e-05
ISIC_0027571,HAM_0007579,nv,4,3.0977957e-05,0.0004276375,0.00078195066,0.0012355989,0.012207899,0.9850655,0.00025041503
ISIC_0025094,HAM_0002067,nv,4,0.0016479583,0.009576411,0.61247367,0.0028641499,0.18353912,0.1806936,0.009205049
ISIC_0026421,HAM_0002067,nv,4,0.00010989275,0.0012177723,0.88699865,0.00044407317,0.0064606136,0.096268415,0.008500614
ISIC_0028534,HAM_0003653,nv,4,0.00042270363,0.0033673004,0.0005260632,0.001138973,0.19173297,0.8025099,0.00030209267
ISIC_0030139,HAM_0003653,nv,4,0.00062316156,0.01566862,0.001358454,0.0027016087,0.20398901,0.77437055,0.0012886729
ISIC_0030406,HAM_0007548,nv,4,0.0011779495,0.0046316627,0.059742566,0.0031585193,0.15322988,0.74762404,0.030435398
ISIC_0026633,HAM_0007548,nv,4,0.0003405641,0.0059054485,0.17165804,0.0028045594,0.034116514,0.7829606,0.0022142602
ISIC_0027421,HAM_0001968,nv,4,3.9919364e-06,9.132864e-05,0.9984546,1.6192008e-06,7.590174e-06,0.0014407921,1.1867714e-07
ISIC_0028222,HAM_0001968,nv,4,0.0007639804,0.012814932,0.96430904,0.0015342665,0.003387339,0.017018525,0.00017180404
ISIC_0030979,HAM_0003175,nv,4,0.0008624806,0.000663227,0.009469285,0.00035361582,0.093011335,0.8946148,0.0010252217
ISIC_0028145,HAM_0003175,nv,4,2.3151628e-05,6.531191e-05,0.007781061,2.0036065e-05,0.020320976,0.97149986,0.00028958023
ISIC_0028961,HAM_0005561,nv,4,2.1374035e-05,0.0017550591,0.00204113,4.5514742e-05,0.0029756327,0.9927861,0.00037518196
ISIC_0031080,HAM_0005561,nv,4,0.00022529167,0.013306517,0.067807436,0.0002754945,0.16139574,0.75655955,0.00043004088
ISIC_0025789,HAM_0007249,nv,4,0.00019449776,0.00021867969,0.0077995937,0.0003662196,0.04208193,0.94847256,0.00086658594
ISIC_0028509,HAM_0007249,nv,4,0.0067503485,0.12260995,0.05007392,0.0046078353,0.07221959,0.729392,0.014346419
ISIC_0030859,HAM_0006822,nv,4,0.0022052566,0.004587181,0.016851053,0.0011219436,0.08405479,0.88619554,0.0049842033
ISIC_0030350,HAM_0006822,nv,4,0.00039943337,0.003610881,0.0018669085,0.00074333046,0.10797513,0.8848487,0.0005556424
ISIC_0028195,HAM_0006221,nv,4,0.01789346,0.00059809705,0.022796856,0.003385143,0.06720027,0.88605493,0.0020713182
ISIC_0025300,HAM_0006221,nv,4,0.00018247747,0.00018390866,0.027214617,0.00036007565,0.036549814,0.9343836,0.0011254775
ISIC_0029354,HAM_0000269,nv,4,0.000899337,0.022957591,0.035194673,0.000631528,0.21080506,0.72863156,0.0008802214
ISIC_0031748,HAM_0000269,nv,4,0.00076641724,0.00079229183,0.0072176196,0.00030725077,0.4080196,0.58218247,0.0007143794
ISIC_0029728,HAM_0006155,nv,4,0.00013138988,0.90004534,0.00059812167,0.0015529253,0.0117668575,0.085535325,0.00036993428
ISIC_0033859,HAM_0001192,nv,4,0.00036712742,8.534694e-05,0.7079736,0.00176004,0.18217812,0.106471315,0.001164452
ISIC_0031546,HAM_0001192,nv,4,0.00023795197,0.000332305,0.00503758,0.00029787628,0.30627087,0.6875012,0.00032208106
ISIC_0033423,HAM_0006516,nv,4,0.0002244854,0.0003511018,0.00031319264,0.00030207814,0.023077725,0.9755569,0.00017448828
ISIC_0033846,HAM_0006516,nv,4,0.0004955655,0.0006469707,0.00065973104,0.0005280421,0.029341381,0.967865,0.00046327309
ISIC_0033315,HAM_0006516,nv,4,9.205424e-05,4.2063268e-05,0.00019260841,0.0009724317,0.1057944,0.8927532,0.0001532612
ISIC_0033686,HAM_0002494,nv,4,0.00038768572,0.00017508527,0.16845328,0.00809707,0.2047871,0.61617655,0.0019232227
ISIC_0033555,HAM_0003143,nv,4,0.0604544,0.00019678379,0.011188402,0.0026355104,0.13530795,0.7893622,0.0008547898
ISIC_0033963,HAM_0003143,nv,4,0.01942105,8.8586195e-05,0.021814357,0.00046054638,0.62609494,0.3318677,0.00025285195
ISIC_0033793,HAM_0003143,nv,4,0.006652752,9.919597e-05,0.012157374,0.00019195359,0.7233356,0.25741002,0.00015303874
ISIC_0032555,HAM_0002616,nv,4,0.0004411103,0.00017173207,0.066888295,0.00059940387,0.8228629,0.108358584,0.0006778883
ISIC_0034254,HAM_0002616,nv,4,0.0005553271,6.8697555e-05,0.025933929,0.00023240082,0.90708804,0.06596642,0.00015511498
ISIC_0033767,HAM_0005300,nv,4,0.0010910205,0.00014158167,0.0013684465,0.0022125482,0.3118078,0.68238235,0.0009963001
ISIC_0033755,HAM_0005300,nv,4,0.001583124,0.0004244309,0.006855823,0.0010628593,0.22201824,0.7658917,0.002163874
ISIC_0033625,HAM_0005300,nv,4,0.0002977763,4.9958184e-05,0.0036654947,0.00021322719,0.34356233,0.6519667,0.00024446618
ISIC_0032362,HAM_0007127,nv,4,0.0023481855,0.0007432315,0.012306617,0.0015087178,0.056891326,0.9253809,0.00082107703
ISIC_0025239,HAM_0003462,nv,4,0.0014469421,0.000845644,0.1692152,0.0003679942,0.5473013,0.28062817,0.0001946783
ISIC_0031694,HAM_0000523,nv,4,0.0005391703,0.0017592603,0.0032231598,0.0027921374,0.062380508,0.924767,0.0045387303
ISIC_0025978,HAM_0000523,nv,4,0.00047991984,0.0024277323,0.016878564,0.020485954,0.31304047,0.6435731,0.003114227
ISIC_0025261,HAM_0002796,nv,4,0.00018288428,0.00071489444,0.48205173,6.90095e-05,0.0010121086,0.5151498,0.00081963046
ISIC_0027654,HAM_0002796,nv,4,0.00047528552,0.00021506644,0.62625283,0.0002894035,0.002413699,0.35405126,0.016302472
ISIC_0025786,HAM_0004260,nv,4,0.0015429124,0.0017968148,0.013276765,0.0003565888,0.25495666,0.72772396,0.0003462934
ISIC_0025525,HAM_0004260,nv,4,0.00058319914,0.00016100242,0.005988704,0.00034084215,0.032406263,0.96008664,0.00043339684
ISIC_0025871,HAM_0003904,nv,4,0.0010943417,0.0007744903,0.018071791,0.0009771372,0.050807483,0.9165547,0.011720129
ISIC_0031988,HAM_0003904,nv,4,0.0002128209,6.722917e-05,0.010314546,0.00015003096,0.3097913,0.67929476,0.00016934457
ISIC_0028500,HAM_0006326,nv,4,0.00077645626,0.00037073312,0.002214079,0.00024503964,0.0894836,0.9055191,0.0013909582
ISIC_0030085,HAM_0000012,nv,4,9.7045115e-05,7.7522374e-05,0.026335984,0.00014739923,0.7518214,0.22137156,0.00014913671
ISIC_0029348,HAM_0000012,nv,4,0.00019203573,0.00011923768,0.1411094,0.00022363721,0.43720177,0.42045283,0.00070106686
ISIC_0030899,HAM_0004222,nv,4,0.00029011062,9.4185125e-05,0.016861064,0.0003746985,0.6401649,0.34131968,0.00089535065
ISIC_0031757,HAM_0004222,nv,4,6.518646e-05,2.027286e-05,0.22191824,9.5963755e-05,0.032284096,0.7448974,0.0007188426
ISIC_0032679,HAM_0005942,nv,4,0.008718951,0.0018911376,0.012993181,0.102249205,0.09766219,0.7749539,0.0015314899
ISIC_0032529,HAM_0005942,nv,4,0.00015072215,0.00047433906,0.00036654083,0.02640883,0.048289493,0.92369866,0.0006114472
ISIC_0033119,HAM_0005942,nv,4,0.00047511767,0.0005821263,0.0019539825,0.027939066,0.03068506,0.9379511,0.0004135964
ISIC_0033172,HAM_0001692,nv,4,0.00014022703,8.809527e-05,0.006661517,0.0002761646,0.14846529,0.8427575,0.0016110943
ISIC_0033326,HAM_0001692,nv,4,0.000110226654,4.15929e-05,0.0010047556,0.00016290443,0.10688319,0.89143306,0.00036425394
ISIC_0032743,HAM_0001692,nv,4,0.00012788079,9.55914e-05,0.0060336194,0.00025581586,0.06874834,0.9234428,0.0012959724
ISIC_0033633,HAM_0005265,nv,4,4.3087926e-05,6.845205e-05,0.03324569,7.576951e-05,0.94352996,0.022849403,0.00018753132
ISIC_0034199,HAM_0005265,nv,4,0.00030578917,0.0008900301,0.34329087,0.0004354637,0.56931704,0.08217824,0.0035825616
ISIC_0032998,HAM_0005265,nv,4,0.0006990414,0.0012633306,0.4266727,0.0004785706,0.37215057,0.195345,0.0033907674
ISIC_0032902,HAM_0005248,nv,4,0.00072600855,0.00027288383,0.012831163,0.0005925509,0.058811516,0.9253732,0.0013926016
ISIC_0032948,HAM_0005248,nv,4,0.0005767721,0.00015075416,0.034450926,0.00056121475,0.09183601,0.87131584,0.0011085051
ISIC_0034264,HAM_0005248,nv,4,0.022367813,0.0012405231,0.047468405,0.0027441692,0.1305535,0.7919652,0.0036603701
ISIC_0033242,HAM_0006883,nv,4,0.0046968143,0.39255068,0.08171879,0.028214984,0.060805213,0.35050833,0.081505224
ISIC_0032619,HAM_0006883,nv,4,0.0012867047,0.05773106,0.057281792,0.0029166734,0.07101042,0.7930708,0.016702544
ISIC_0034105,HAM_0004550,nv,4,1.461343e-05,4.876531e-05,4.6441386e-05,0.00019006585,0.019634942,0.9799161,0.0001491844
ISIC_0033138,HAM_0004550,nv,4,0.002587977,0.0037820688,0.006768654,0.0013988385,0.02198862,0.96089846,0.0025753714
ISIC_0032728,HAM_0004550,nv,4,1.6691798e-05,5.494451e-05,8.8836045e-05,2.110041e-05,0.004156778,0.9955108,0.00015082036
ISIC_0033069,HAM_0004503,nv,4,3.673633e-05,8.640846e-06,0.0022617257,5.5363605e-05,0.30414218,0.69347423,2.1013655e-05
ISIC_0032735,HAM_0004503,nv,4,0.001035441,0.00028725094,0.0439851,0.00013836393,0.27421954,0.68002677,0.00030757394
ISIC_0033840,HAM_0004503,nv,4,0.0002510133,0.00032610667,0.006442184,0.00014756309,0.67073596,0.3218226,0.00027460934
ISIC_0032749,HAM_0004145,nv,4,3.0551193e-05,0.0055907927,0.8914938,5.1564904e-05,0.022647442,0.08005727,0.00012862532
ISIC_0034091,HAM_0004145,nv,4,0.0002201148,0.08742392,0.4228176,0.00029968834,0.090287186,0.39875498,0.00019654041
ISIC_0033738,HAM_0004145,nv,4,0.00015779663,0.050902855,0.71167,0.00014536908,0.096502356,0.1404101,0.00021151075
ISIC_0034288,HAM_0003606,nv,4,0.0021384954,0.00037197786,0.003711262,0.000594419,0.59584785,0.39692026,0.0004157826
ISIC_0033420,HAM_0003606,nv,4,0.00091933744,0.0005037554,0.007075722,0.0028511828,0.5800786,0.40813628,0.00043511327
ISIC_0032661,HAM_0003606,nv,4,0.0012148299,0.00036227313,0.01325338,0.0005699356,0.65500516,0.3293573,0.00023712094
ISIC_0032704,HAM_0002890,nv,4,0.00042296774,0.00030644255,0.0342632,0.0011850846,0.114336975,0.84814894,0.0013363357
ISIC_0033289,HAM_0002890,nv,4,0.00027847328,0.00013026314,0.119589716,0.0018212018,0.36478248,0.5124202,0.000977679
ISIC_0034179,HAM_0001133,nv,4,0.0010724216,0.00182247,0.009368938,0.0038657119,0.014891323,0.9579936,0.010985536
ISIC_0034206,HAM_0001133,nv,4,4.3129614e-05,0.0002501404,7.2369716e-05,0.00026523494,0.047021043,0.9518502,0.0004979496
ISIC_0032980,HAM_0001133,nv,4,0.00056259567,0.0021778138,0.0042973957,0.005902594,0.13526392,0.82697517,0.024820533
ISIC_0028684,HAM_0006120,nv,4,0.0009954484,0.02978115,0.034783702,0.0007951922,0.31955278,0.6135527,0.00053910597
ISIC_0025372,HAM_0006120,nv,4,0.00040874083,0.019051064,0.0005923959,0.0010205739,0.010807372,0.96763724,0.00048255597
ISIC_0034190,HAM_0003325,nv,4,0.0003836518,0.08029682,0.00042300817,0.0013416942,0.080847606,0.18380125,0.652906
ISIC_0025587,HAM_0007510,nv,4,0.08164527,0.0028074225,0.019279158,0.0031564697,0.36841866,0.52260673,0.0020862992
ISIC_0033833,HAM_0000165,nv,4,0.00040153417,0.00039070344,0.028177222,0.00045233962,0.36647987,0.6018675,0.0022308463
ISIC_0033163,HAM_0004221,nv,4,2.9607803e-05,7.753887e-06,1.18927455e-05,2.754366e-05,0.015128961,0.9847542,4.003667e-05
ISIC_0033887,HAM_0004221,nv,4,5.4610875e-05,2.5396417e-05,0.00014095988,5.6234476e-05,0.019710463,0.9798502,0.00016224381
ISIC_0032646,HAM_0001076,nv,4,0.0009831482,5.557386e-05,0.18589687,0.0005493461,0.7965343,0.015782213,0.00019857177
ISIC_0033627,HAM_0001076,nv,4,0.0001410946,1.3751614e-06,0.035205647,0.0003606497,0.9422926,0.021988144,1.0442823e-05
ISIC_0033803,HAM_0005331,nv,4,3.3586505e-07,9.575437e-05,2.3730632e-05,1.5963138e-05,0.0001439199,2.6811662e-05,0.99969363
ISIC_0032860,HAM_0005331,nv,4,5.2244593e-07,0.0024097774,9.1183654e-05,0.0005208965,0.000586375,0.00019078684,0.9962004
ISIC_0034060,HAM_0001511,nv,4,2.793444e-05,2.1586062e-05,0.00025438395,0.00028573239,0.31549296,0.68373734,0.00018003325
ISIC_0033002,HAM_0001511,nv,4,5.459737e-05,1.23259215e-05,0.00022322692,0.00046797894,0.115860485,0.88327515,0.00010627196
ISIC_0033683,HAM_0001511,nv,4,0.000106755775,0.00012952877,0.0010394247,0.000593694,0.84171766,0.15631151,0.00010146992
ISIC_0033897,HAM_0000855,nv,4,0.0003097433,0.0012072442,0.02739637,0.00034621917,0.5611239,0.40892655,0.0006898852
ISIC_0033694,HAM_0000855,nv,4,0.00079455884,0.0011470797,0.029757425,0.0011493223,0.086274296,0.87989044,0.0009869151
ISIC_0034013,HAM_0000855,nv,4,0.011177274,0.0010718652,0.0077555142,0.0017229012,0.36130148,0.6157961,0.0011749165
ISIC_0033150,HAM_0002367,nv,4,0.000101561745,1.8604458e-05,0.00090830924,0.00015246223,0.09287653,0.90561545,0.0003272056
ISIC_0033698,HAM_0002367,nv,4,0.00016731306,1.0550728e-05,0.0014163706,0.00015933973,0.07171202,0.92634994,0.00018447664
ISIC_0034240,HAM_0002367,nv,4,0.00012486859,1.5089221e-05,0.0002615223,0.00023557455,0.052382313,0.94681174,0.00016885149
ISIC_0032969,HAM_0000676,nv,4,0.014639908,0.000150633,0.021290543,0.00042827617,0.8356291,0.12764828,0.00021325798
ISIC_0033894,HAM_0000676,nv,4,0.013350657,0.000159116,0.0028634148,0.00024026507,0.87581897,0.10729156,0.00027600382
ISIC_0032693,HAM_0006700,nv,4,2.7222333e-05,2.1367056e-05,0.00026030402,0.00018748995,0.116694994,0.8827139,9.4644856e-05
ISIC_0032734,HAM_0006700,nv,4,0.00017185979,0.00011719821,0.00088999013,0.0006685275,0.16246885,0.83481073,0.0008727761
ISIC_0032659,HAM_0006700,nv,4,0.0005866018,0.000846032,0.008026928,0.0006135539,0.023731098,0.9619233,0.0042724465
ISIC_0032478,HAM_0003254,nv,4,0.00010417134,0.00037221608,0.14525867,0.00030918123,0.7391266,0.11468485,0.00014434537
ISIC_0032765,HAM_0003254,nv,4,0.00049383036,0.0022745465,0.4596082,0.0012884259,0.49116522,0.044323154,0.0008466222
ISIC_0032794,HAM_0003133,nv,4,2.6569176e-05,1.5197912e-05,0.0004947577,0.00026625095,0.18343131,0.8156846,8.1360704e-05
ISIC_0032801,HAM_0003133,nv,4,1.5229651e-05,9.75648e-06,0.0003088976,0.00013054027,0.40148753,0.5980139,3.4186745e-05
ISIC_0032650,HAM_0002908,nv,4,0.001778872,0.0001367706,0.0009121149,0.00030462648,0.45839775,0.5380188,0.00045108894
ISIC_0034182,HAM_0002908,nv,4,0.00015627165,1.7447788e-05,0.0006201825,7.9426965e-05,0.95118415,0.047914892,2.7664513e-05
ISIC_0026429,HAM_0006118,nv,4,0.0008287416,0.9441066,0.0515234,5.313512e-05,0.00049728644,0.0027080672,0.0002827924
ISIC_0033083,HAM_0003803,nv,4,8.4740175e-05,0.00037682368,0.18088296,6.756076e-05,0.1344208,0.68397975,0.00018727133
ISIC_0033133,HAM_0003803,nv,4,0.00032119732,6.52552e-05,0.00021271352,0.00040722277,0.10072029,0.8977102,0.00056316867
ISIC_0033352,HAM_0003803,nv,4,0.00015330792,0.00040076932,0.010210573,0.00011415152,0.30147213,0.6873862,0.00026283093
ISIC_0033519,HAM_0001908,nv,4,0.00018846788,9.07818e-05,0.0019734933,0.0009750437,0.12293319,0.87356156,0.00027745156
ISIC_0032851,HAM_0001908,nv,4,0.00025953233,0.00065437856,0.0012699998,0.00042373815,0.011122149,0.98566204,0.00060816354
ISIC_0033742,HAM_0006628,nv,4,5.5417905e-07,1.2151758e-06,0.00010571102,5.4203218e-05,0.9621446,0.037598994,9.4666255e-05
ISIC_0034127,HAM_0006628,nv,4,6.9786965e-06,8.719121e-06,0.00027821914,0.00019103038,0.9162261,0.082923576,0.0003653552
ISIC_0033111,HAM_0006628,nv,4,5.3778963e-06,6.51237e-06,0.0003840804,0.0001529259,0.6453898,0.35364443,0.00041691537
ISIC_0033221,HAM_0005887,nv,4,0.00015343235,0.00044397122,0.0004885603,0.0009830713,0.15440314,0.84288675,0.0006409474
ISIC_0033340,HAM_0005887,nv,4,0.00013076849,0.00023864834,0.00036035888,0.0032079252,0.22649086,0.76920754,0.00036389526
ISIC_0033737,HAM_0004303,nv,4,0.0062019625,0.0003461523,0.036075283,0.0069935126,0.40566587,0.54269385,0.0020233376
ISIC_0033932,HAM_0004303,nv,4,0.0006810467,0.00016207901,0.011942857,0.0004943869,0.0754075,0.90972394,0.001588127
ISIC_0033669,HAM_0006182,nv,4,1.5608186e-05,0.0002289131,0.0010390247,0.0006198244,0.22024219,0.7777822,7.231263e-05
ISIC_0033789,HAM_0006182,nv,4,2.8905066e-05,0.006871985,0.00046832996,0.00040928327,0.16160707,0.8303826,0.00023184014
ISIC_0033419,HAM_0006182,nv,4,0.00045957926,0.001637325,0.00046408927,0.010252654,0.13805251,0.84898406,0.00014978749
ISIC_0033224,HAM_0001883,nv,4,0.00021822269,0.00017028426,0.025002398,0.000825174,0.4639933,0.50959694,0.00019371256
ISIC_0033360,HAM_0001883,nv,4,2.3203947e-05,0.0002640037,0.0036502467,0.005519277,0.61650544,0.37392947,0.000108346896
ISIC_0033294,HAM_0002431,nv,4,7.019359e-05,3.5572382e-05,0.008387185,0.00015849296,0.7162079,0.27504626,9.4455805e-05
ISIC_0033030,HAM_0002431,nv,4,6.887015e-05,8.0203456e-05,0.020506803,0.00017689959,0.2610474,0.7179649,0.00015489844
ISIC_0032657,HAM_0002431,nv,4,8.279548e-05,4.7175447e-05,0.0003271429,0.00021941894,0.45484033,0.5443726,0.00011054648
ISIC_0033954,HAM_0002015,nv,4,0.00042651655,0.00022652121,0.060994666,0.00088201906,0.02481312,0.9122049,0.0004522544
ISIC_0033771,HAM_0002015,nv,4,9.967747e-05,2.2857594e-05,0.0027178698,0.00011608044,0.0054262844,0.9915432,7.4074014e-05
ISIC_0034035,HAM_0002015,nv,4,0.00027040284,0.00020173281,0.0030765173,0.00017802857,0.021990161,0.9741942,8.89954e-05
ISIC_0034271,HAM_0000443,nv,4,0.0003774439,0.00047900126,0.00027319335,0.00041494606,0.006026549,0.99196726,0.00046155162
ISIC_0033845,HAM_0001739,nv,4,0.00018959606,4.1083185e-05,0.017764103,0.00020741874,0.1480125,0.833649,0.00013629446
ISIC_0032884,HAM_0001739,nv,4,0.0012194295,0.00088521093,0.016331729,0.00019106676,0.043663308,0.93721664,0.0004926941
ISIC_0032380,HAM_0003248,nv,4,7.961156e-06,3.8723865e-06,7.210962e-05,2.263497e-05,0.0005559442,0.9992982,3.9224466e-05
ISIC_0025447,HAM_0003248,nv,4,2.1577278e-05,6.6193693e-06,0.00021591038,6.536841e-05,0.0031929833,0.99637115,0.0001263706
ISIC_0032962,HAM_0007216,nv,4,4.293992e-05,0.00012945295,0.004241089,0.00010943698,0.002200248,0.9931431,0.00013382336
ISIC_0033792,HAM_0004043,nv,4,6.916781e-05,6.472382e-05,0.006719086,0.00010988409,0.011110402,0.9817406,0.00018619042
ISIC_0030492,HAM_0004043,nv,4,9.692022e-05,7.8029836e-05,0.002776284,0.0016138665,0.46078417,0.534519,0.00013170029
ISIC_0033926,HAM_0004043,nv,4,0.00011688261,0.00013907289,0.008004287,0.0017894899,0.12064689,0.86911666,0.00018677788
ISIC_0034122,HAM_0002448,nv,4,0.0012286303,0.0036608549,0.030832095,0.005821535,0.043374196,0.9116671,0.0034156262
ISIC_0033281,HAM_0002448,nv,4,0.0003526969,0.000730789,0.004480999,0.0012226466,0.102887385,0.88881135,0.0015141967
ISIC_0033285,HAM_0002448,nv,4,3.8529986e-05,0.0003229228,0.0027733296,0.00012413363,0.02137113,0.974918,0.00045185024
ISIC_0033148,HAM_0002519,nv,4,8.4022315e-05,1.021299e-05,2.4119856e-05,0.0012090452,0.017414642,0.98098916,0.00026885394
ISIC_0033109,HAM_0002519,nv,4,0.00024658092,4.951232e-05,5.799894e-05,0.0010824024,0.012597883,0.9852583,0.0007072621
ISIC_0032986,HAM_0002519,nv,4,0.00024383058,7.0544185e-05,5.3041946e-05,0.0069539114,0.16635248,0.8252377,0.0010885125
ISIC_0033026,HAM_0003057,nv,4,0.0053640245,0.00037077477,0.004893548,0.0018940149,0.3344632,0.6522942,0.0007202924
ISIC_0033774,HAM_0003057,nv,4,0.00440376,0.00016712294,0.019157104,0.0047199335,0.33381394,0.63719016,0.000547975
ISIC_0033462,HAM_0001175,nv,4,0.0038816931,0.017168697,0.033418294,0.0039815134,0.1736519,0.636434,0.13146392
ISIC_0033191,HAM_0001175,nv,4,0.00014263572,0.00019764369,0.00018712528,0.0004968762,0.024413025,0.9638138,0.01074891
ISIC_0033875,HAM_0004582,nv,4,0.0037718406,0.0016721105,0.0101223495,0.0019798712,0.1725704,0.8073635,0.0025199594
ISIC_0034181,HAM_0004587,nv,4,0.0051043276,0.00082094123,0.011894023,0.0005028124,0.03535329,0.9453207,0.0010038755
ISIC_0034209,HAM_0001547,nv,4,2.8768505e-05,7.988726e-06,0.036811966,0.052730702,0.2358615,0.67453665,2.2404934e-05
ISIC_0034297,HAM_0001547,nv,4,2.4645431e-05,3.564407e-06,0.0016236918,0.00076147367,0.10942875,0.88804615,0.00011175514
ISIC_0034171,HAM_0004172,nv,4,0.0002928425,0.0014011726,0.0018088304,0.0007262092,0.007973144,0.98725325,0.000544437
ISIC_0033996,HAM_0004172,nv,4,0.01055649,0.021990875,0.13178277,0.0067825834,0.08099104,0.73001784,0.017878454
ISIC_0033314,HAM_0001437,nv,4,4.6714777e-05,1.5893902e-05,0.005719735,0.00036280492,0.16666615,0.82679373,0.0003949765
ISIC_0033580,HAM_0001437,nv,4,0.0002158737,8.928926e-05,0.007882101,0.00028376063,0.039408028,0.9510469,0.0010740436
ISIC_0033697,HAM_0002603,nv,4,0.0016622172,5.7689074e-05,0.0038018352,0.00041802306,0.06413463,0.92965406,0.00027148201
ISIC_0033033,HAM_0001405,nv,4,0.00086265424,8.8384244e-05,0.024197347,0.00017103186,0.2523885,0.721802,0.0004900876
ISIC_0033390,HAM_0001405,nv,4,0.00017929265,3.1585285e-05,0.020481978,7.878745e-05,0.106274955,0.8726185,0.00033496274
ISIC_0033836,HAM_0001405,nv,4,0.0029395663,0.0004476167,0.0014548356,0.0005399288,0.076912336,0.9170683,0.00063743535
ISIC_0028210,HAM_0003857,nv,4,0.0010096813,0.000281201,0.0053039305,0.0019443118,0.1193542,0.8716403,0.00046634654
ISIC_0024695,HAM_0006529,nv,4,0.001373981,0.00026274152,0.0005508184,0.0048068007,0.074578546,0.9174688,0.000958257
ISIC_0031411,HAM_0004675,nv,4,0.0009008988,0.00018482484,0.026046816,0.0008059849,0.7560138,0.2140781,0.0019696667
ISIC_0027755,HAM_0002533,nv,4,0.0015335929,0.0005341524,0.13019322,0.00350016,0.49038532,0.37088597,0.0029676475
ISIC_0027582,HAM_0001269,nv,4,0.0008909733,0.00022615503,0.024532257,0.00039613998,0.7051336,0.26868606,0.00013477982
ISIC_0031948,HAM_0001276,nv,4,3.5225326e-05,2.1116331e-05,0.015760798,1.6349337e-05,0.9750861,0.009050665,2.9720693e-05
ISIC_0028540,HAM_0002023,nv,4,0.004536889,0.00015962526,0.0013509605,0.0017044417,0.106173396,0.8855132,0.0005615166
ISIC_0028538,HAM_0007276,nv,4,0.0007548957,0.0006173325,0.0055022244,0.007833614,0.09090727,0.8898829,0.004501762
ISIC_0031796,HAM_0000410,nv,4,0.00073356647,0.000572419,0.33534604,0.012983745,0.06387703,0.5671102,0.019377038
ISIC_0026402,HAM_0001452,nv,4,0.007004428,0.011402667,0.12648165,0.0005649401,0.16383934,0.6857594,0.0049475194
ISIC_0031923,HAM_0007195,nv,4,0.0007138826,0.00033721427,0.0005062186,0.0028721276,0.010363149,0.9838553,0.0013520678
ISIC_0028487,HAM_0003891,nv,4,4.6910358e-05,4.1886233e-05,0.00016453466,0.00021167973,0.0036048496,0.9956281,0.00030203507
ISIC_0024458,HAM_0005590,nv,4,2.5038285e-05,8.193719e-05,0.00042514803,0.0023186174,0.4963007,0.50019324,0.00065527466
ISIC_0030232,HAM_0005092,nv,4,0.0018628321,0.00028847804,0.0044944147,0.000828243,0.05297152,0.9389426,0.00061190204
ISIC_0030243,HAM_0000721,nv,4,0.00011095506,0.00014219113,0.0043299436,0.0010620054,0.051925365,0.9422258,0.00020367937
ISIC_0032058,HAM_0000721,nv,4,0.00015548724,0.00015099802,0.002859228,0.0008380972,0.05200336,0.9436411,0.00035176732
ISIC_0024936,HAM_0006363,nv,4,0.0015739388,0.0030486966,0.0021724312,0.013590119,0.100173295,0.85278136,0.026660183
ISIC_0025469,HAM_0005319,nv,4,0.00040165964,0.00019347268,0.06969299,0.0010769984,0.8691687,0.059147675,0.00031836008
ISIC_0025133,HAM_0005319,nv,4,0.0007985178,0.0010578642,0.13882373,0.001229543,0.8004373,0.057363946,0.00028920395
ISIC_0030615,HAM_0001236,nv,4,0.0018578195,0.0009847553,0.39961326,0.0012521627,0.048007473,0.5472745,0.0010100789
ISIC_0031079,HAM_0003387,nv,4,0.000730972,0.0058858865,0.0011124244,0.0003851952,0.00344917,0.9879225,0.00051380106
ISIC_0028524,HAM_0003387,nv,4,0.0023947267,0.01586149,0.0027215427,0.0005862802,0.012608888,0.96515876,0.00066824665
ISIC_0025665,HAM_0002661,nv,4,0.0007377433,5.666687e-05,0.0022382715,0.0009208302,0.35760692,0.63750327,0.000936245
ISIC_0030597,HAM_0002661,nv,4,0.00074045325,8.356475e-05,0.0031357445,0.0009876698,0.42373854,0.5702025,0.001111552
ISIC_0026692,HAM_0002661,nv,4,0.00096808054,7.3349605e-05,0.0025693018,0.0006647019,0.21358702,0.78126884,0.0008686296
ISIC_0031657,HAM_0003828,nv,4,0.00012996797,0.00012996797,0.00012425878,0.0003148366,0.032239895,0.9664169,0.0006441129
ISIC_0030077,HAM_0003828,nv,4,9.986387e-05,9.698061e-05,8.343939e-05,0.000275733,0.01514298,0.9837435,0.00055754016
ISIC_0029865,HAM_0003828,nv,4,0.00015922602,0.00019738743,0.00020686023,0.00037347976,0.04123181,0.9569406,0.00089069706
ISIC_0025240,HAM_0002348,nv,4,0.00022311379,4.541694e-05,0.0011667517,0.00028094268,0.7149355,0.28327298,7.5319906e-05
ISIC_0026933,HAM_0002348,nv,4,8.9272544e-05,2.3197344e-05,0.0005901436,0.00019537038,0.3247831,0.67426705,5.18692e-05
ISIC_0030179,HAM_0001507,nv,4,0.00030766265,0.0001902873,0.0003942758,0.0026668995,0.21572034,0.77987933,0.00084122835
ISIC_0029215,HAM_0001507,nv,4,0.0003626485,0.00022473422,0.00032066187,0.0023670758,0.20672344,0.7893625,0.00063895906
ISIC_0028362,HAM_0001507,nv,4,0.00014368887,0.00011842632,0.00017434038,0.002049529,0.21537809,0.78168947,0.00044649994
ISIC_0030894,HAM_0003284,nv,4,0.01781691,0.00034475533,0.7202591,0.0006003558,0.22487585,0.03450267,0.0016003718
ISIC_0030945,HAM_0004443,nv,4,0.033165354,0.019787626,0.9203444,0.0031029868,0.0023768202,0.019582774,0.0016399567
ISIC_0026052,HAM_0005770,nv,4,0.00028738836,4.7183516e-06,0.00014664035,0.0002691866,0.88734645,0.111935526,1.0027846e-05
ISIC_0029609,HAM_0000211,nv,4,0.0008628477,0.0010009209,0.0021439272,0.008815024,0.12243266,0.8531773,0.011567347
ISIC_0029482,HAM_0000211,nv,4,0.00013456025,0.00019655029,0.0005643112,0.0032082803,0.004985639,0.98697776,0.0039329077
ISIC_0028510,HAM_0002835,nv,4,0.013491238,0.014042375,0.23451257,0.0011470538,0.20216247,0.53262717,0.0020170778
ISIC_0028999,HAM_0006296,nv,4,0.000106987594,5.173582e-05,0.00534723,0.0005189536,0.8304675,0.16289121,0.0006162726
ISIC_0024406,HAM_0007480,nv,4,0.0019021635,0.02514188,0.06099339,0.00026873237,0.13758501,0.77340627,0.00070250576
ISIC_0032427,HAM_0005818,nv,4,0.007311796,0.020346856,0.19079655,0.017133772,0.043607317,0.70751196,0.013291772
ISIC_0028758,HAM_0004443,nv,4,0.06401975,0.00012751027,0.90119606,1.7256638e-05,0.03413371,0.00042550432,8.0262806e-05
ISIC_0032184,HAM_0004866,nv,4,0.0019694366,0.00026189,0.41380867,0.0005855855,0.09733301,0.4847372,0.0013042629
ISIC_0027323,HAM_0006077,nv,4,0.001856902,0.00028062417,0.0026938727,0.0011406575,0.37411886,0.6192319,0.0006771384
ISIC_0028825,HAM_0001517,nv,4,0.0009841939,0.00030668074,0.008584787,0.0023563516,0.15855458,0.8275277,0.0016856538
ISIC_0027045,HAM_0005016,nv,4,0.0070343674,0.0022770439,0.048566625,0.0011999178,0.3829399,0.5560871,0.0018951241
ISIC_0029641,HAM_0002675,nv,4,0.00042289458,0.0028299142,0.00088483765,0.014885725,0.008271007,0.9722393,0.00046627663
ISIC_0028484,HAM_0006258,nv,4,0.00026338472,0.00056141015,0.0005663662,0.00071875605,0.70654845,0.29110178,0.0002398145
ISIC_0030842,HAM_0006855,nv,4,0.0056161555,0.0002086032,0.0039727394,0.004356814,0.0333121,0.9518999,0.0006338181
ISIC_0028598,HAM_0006633,nv,4,0.02852455,0.0004863785,0.0119987,0.012860159,0.13109359,0.8133055,0.0017311104
ISIC_0026147,HAM_0006983,nv,4,0.0013813381,0.0009891279,0.0003013725,0.055339243,0.005102932,0.93599236,0.00089360256
ISIC_0030675,HAM_0003568,nv,4,0.006093961,0.0044934056,0.1006839,0.006330532,0.05468745,0.8012753,0.02643544
ISIC_0030532,HAM_0002766,nv,4,0.0032410808,0.00017636035,0.59688663,0.0015904115,0.33416972,0.062360875,0.0015749558
ISIC_0024862,HAM_0007422,nv,4,0.0024774596,0.00012926491,0.015796252,0.0026605232,0.47212023,0.50651103,0.0003052829
ISIC_0029926,HAM_0004030,nv,4,0.0013150808,0.0004195049,0.010813893,0.020287037,0.12527843,0.8412052,0.00068092375
ISIC_0031934,HAM_0002003,nv,4,0.003435539,0.032883234,0.04112416,0.0022486853,0.024323653,0.8931198,0.0028648993
ISIC_0026400,HAM_0007167,nv,4,0.010115745,0.0087331,0.014118234,0.0074698157,0.01741322,0.9394955,0.0026543569
ISIC_0027495,HAM_0000508,nv,4,0.008966347,0.00042461584,0.024047973,0.0037368173,0.07668595,0.8836442,0.0024941235
ISIC_0024937,HAM_0006318,nv,4,0.020608848,0.0008897118,0.0015223448,0.016234178,0.12649131,0.83129615,0.002957411
ISIC_0031126,HAM_0003434,nv,4,0.010263448,0.5592719,0.0820396,0.1886176,0.034517948,0.12406136,0.0012281904
ISIC_0030816,HAM_0002205,nv,4,0.0022325607,0.0011627704,0.0015224741,0.0004611651,0.3862441,0.60764724,0.0007297781
ISIC_0025118,HAM_0004909,nv,4,0.00032539977,0.00032571767,0.00063399854,0.00012076465,0.011719845,0.986241,0.0006333797
ISIC_0029183,HAM_0007491,nv,4,0.016901867,0.0012351756,0.037645195,0.0011490638,0.32679665,0.61532503,0.000947042
ISIC_0026340,HAM_0000794,nv,4,0.008194397,0.00017232628,0.002735414,0.98247194,0.0021158294,0.0041163797,0.00019375164
ISIC_0028551,HAM_0000667,nv,4,0.043955427,0.013431856,0.17762251,0.011567682,0.20665023,0.54074174,0.006030609
ISIC_0029577,HAM_0000886,nv,4,0.10312041,0.0048230053,0.0040534534,0.0010625822,0.09602497,0.78999776,0.00091779395
ISIC_0024560,HAM_0000886,nv,4,0.05218153,0.00044014023,0.008329202,0.0011021985,0.56320006,0.37370944,0.0010374439
ISIC_0026222,HAM_0005925,nv,4,0.0018564722,0.000870111,0.30319652,0.0011128889,0.37293807,0.31465933,0.0053666374
ISIC_0027963,HAM_0000891,nv,4,0.0016715933,0.0011443892,0.00026448446,0.66132534,0.050946157,0.2844325,0.00021544471
ISIC_0026921,HAM_0004275,nv,4,0.000989819,5.454818e-05,0.001700262,0.0011260015,0.49117374,0.5047896,0.00016606275
ISIC_0026712,HAM_0003980,nv,4,0.0035854375,0.0004545037,0.0026853685,0.012789302,0.23867975,0.7409515,0.00085411465
ISIC_0026655,HAM_0007036,nv,4,0.03469535,0.004443716,0.014464057,0.03013005,0.060422055,0.8517988,0.004046049
ISIC_0031612,HAM_0005873,nv,4,0.011684278,0.00021510501,0.26418573,0.0037208681,0.07794077,0.641219,0.0010342572
ISIC_0028529,HAM_0002171,nv,4,0.024259206,0.000135577,0.009862817,0.0018016419,0.09432122,0.8690576,0.00056195096
ISIC_0028364,HAM_0000777,nv,4,0.025034895,0.0062377667,0.019468656,0.0002151187,0.8937856,0.055110104,0.00014784877
ISIC_0027568,HAM_0006398,nv,4,0.5576004,0.00050846575,0.028948337,0.003084461,0.30914143,0.10055974,0.000157208
ISIC_0027917,HAM_0003117,nv,4,1.3150198e-05,0.00029523304,0.0003688615,0.00026986483,0.006528656,0.6604361,0.3320881
ISIC_0030209,HAM_0000266,nv,4,0.037804715,0.00059138914,0.019032914,0.0035181039,0.22721368,0.7108887,0.0009505907
ISIC_0030219,HAM_0006681,nv,4,0.56979936,0.0016544812,0.0033032065,0.019775514,0.17209019,0.23270614,0.0006710871
ISIC_0027382,HAM_0007510,nv,4,0.00956325,0.0009298799,0.003048959,0.0008000425,0.09337981,0.8911694,0.0011085817
ISIC_0032251,HAM_0001764,nv,4,0.02349295,0.00894308,0.051041566,0.021110423,0.7167085,0.17753385,0.0011696451
ISIC_0032253,HAM_0001764,nv,4,0.041994676,0.26360637,0.2461885,0.0036694543,0.19522718,0.24546832,0.0038455545
ISIC_0029665,HAM_0000347,nv,4,0.0043419795,0.00029779287,0.00220902,0.0027091927,0.74606645,0.24363568,0.000739929
ISIC_0024356,HAM_0000689,nv,4,0.0007905188,0.00096102647,0.00406985,0.0008905418,0.15452018,0.83859766,0.00017029517
ISIC_0028307,HAM_0000689,nv,4,0.0012438634,0.0001683386,0.0013768313,0.0013022852,0.061835162,0.93385005,0.0002234484
ISIC_0026103,HAM_0000039,nv,4,0.08319248,5.89659e-05,0.00055077934,0.00034737214,0.8891782,0.026538035,0.00013418573
ISIC_0032107,HAM_0003313,nv,4,0.0008087089,0.00016429917,0.004915391,0.0018242343,0.48976895,0.5013835,0.0011349072
ISIC_0028400,HAM_0006118,nv,4,6.693654e-05,0.9726011,0.023738148,2.1352458e-05,0.002348101,0.00037443743,0.00085001066
ISIC_0026998,HAM_0006094,nv,4,0.0053781355,0.059278354,0.059772454,0.0048968485,0.030328207,0.77665645,0.06368961
ISIC_0032218,HAM_0006094,nv,4,0.0013405983,0.20249076,0.6057076,0.0003993882,0.006748546,0.17869745,0.004615611
ISIC_0032028,HAM_0002518,nv,4,0.00011987217,1.0806803e-05,0.02927452,6.491928e-05,0.94513416,0.025285551,0.000110215944
ISIC_0025214,HAM_0004356,nv,4,0.16300027,0.0006899806,0.39639997,0.0005373574,0.4162358,0.022494778,0.00064187776
ISIC_0024363,HAM_0004534,nv,4,0.0022103204,0.00087066053,0.0013471893,0.0008817844,0.023009587,0.97077864,0.00090181414
ISIC_0031014,HAM_0002675,nv,4,0.0007356466,0.0013530611,0.00029347852,0.0026320808,0.0016753004,0.99326974,4.0739378e-05
ISIC_0024969,HAM_0002675,nv,4,0.006740663,0.007664324,0.011275747,0.0019321755,0.018794212,0.9522636,0.001329261
ISIC_0029983,HAM_0006619,nv,4,0.20669837,7.705231e-05,0.011133915,0.001143387,0.27223107,0.5085946,0.00012169474
ISIC_0028183,HAM_0003159,nv,4,0.001648025,0.0010343336,0.017005928,0.0016114215,0.024622958,0.9532995,0.00077771203
ISIC_0026108,HAM_0003159,nv,4,0.0022738455,0.00038148498,0.0046497085,0.00045836478,0.22700866,0.76496637,0.00026167897
ISIC_0026658,HAM_0005436,nv,4,0.003514274,0.00020296342,0.039517943,0.0019237837,0.03535454,0.9189569,0.00052954076
ISIC_0027091,HAM_0001617,nv,4,3.8520462e-05,1.6727531e-06,0.0035566706,1.948313e-05,0.4200229,0.5763502,1.0530907e-05
ISIC_0031644,HAM_0005925,nv,4,0.0063509378,0.0026970461,0.3767607,0.002707602,0.21446222,0.37971568,0.017305838
ISIC_0027036,HAM_0005925,nv,4,0.001969764,0.0006149903,0.40192807,0.00093591854,0.28168923,0.30816895,0.0046930276
ISIC_0030625,HAM_0007342,nv,4,0.0069171945,9.3874696e-05,0.03275927,0.007692235,0.061531983,0.8893186,0.0016868745
ISIC_0030740,HAM_0002319,nv,4,0.00061099883,0.0018719273,0.00253995,0.00013021626,0.1250394,0.8696422,0.00016525303
ISIC_0026600,HAM_0002319,nv,4,8.633653e-05,1.7816548e-05,0.0002562474,0.0001076576,0.058102936,0.9414041,2.4881192e-05
ISIC_0024441,HAM_0007516,nv,4,0.0014172397,0.00030830078,0.0034600715,0.0004013154,0.115480505,0.8786605,0.00027207448
ISIC_0031107,HAM_0006725,nv,4,0.005481155,0.053996187,0.011252093,0.0022715365,0.051548686,0.87102896,0.0044214693
ISIC_0026022,HAM_0006725,nv,4,0.0012425395,0.0012907755,0.0042654844,0.0008301383,0.07560752,0.91570693,0.0010565913
ISIC_0031121,HAM_0006205,nv,4,0.07376843,0.0062246593,0.31554458,0.00693056,0.2496163,0.34118503,0.0067304615
ISIC_0032034,HAM_0006205,nv,4,0.026026035,0.007438401,0.021969687,0.0049068895,0.40651974,0.52504915,0.008090094
ISIC_0030451,HAM_0006905,nv,4,0.045653593,0.0006058134,0.0929461,0.00029873016,0.79980147,0.060599424,9.492207e-05
ISIC_0030833,HAM_0000976,nv,4,0.008607135,0.00024952902,0.41481626,0.0016495326,0.10017686,0.47373503,0.00076560705
ISIC_0029833,HAM_0006664,nv,4,0.0045189233,0.022775954,0.48259225,0.0017168656,0.15698107,0.3310333,0.00038159097
ISIC_0030674,HAM_0006905,nv,4,0.031762652,0.0005526788,0.12039894,0.0011723083,0.6579,0.18739027,0.0008232125
ISIC_0024998,HAM_0007516,nv,4,0.0013594354,0.00046297646,0.00059331366,0.0006097609,0.27550143,0.720201,0.0012720923
ISIC_0024933,HAM_0000266,nv,4,0.09194516,0.0031217062,0.010539992,0.009238142,0.18321227,0.69958633,0.0023563877
ISIC_0027498,HAM_0007014,nv,4,0.00093691895,0.0023439408,0.047634266,0.004022376,0.02793446,0.9138386,0.0032893857
ISIC_0027922,HAM_0007178,nv,4,0.009274533,0.0168927,0.16263852,0.0019959887,0.27290073,0.5280888,0.008208761
ISIC_0025184,HAM_0007178,nv,4,0.004705961,0.0030772157,0.020213475,0.0009230459,0.11137385,0.85406035,0.005646065
ISIC_0028243,HAM_0002556,nv,4,0.046459176,9.9081095e-05,0.0129170045,0.0055055763,0.46922103,0.46556953,0.00022857769
ISIC_0025436,HAM_0002556,nv,4,0.039669793,0.00015349341,0.0063475594,0.006876766,0.38379985,0.5628053,0.00034725657
ISIC_0026217,HAM_0002205,nv,4,0.0049565886,0.011284969,0.004903629,0.0022781733,0.17956936,0.7953981,0.0016091687
ISIC_0031131,HAM_0004443,nv,4,0.045867573,0.02846592,0.88037527,0.0026789538,0.009160663,0.030307362,0.0031442726
ISIC_0031473,HAM_0004443,nv,4,0.032698605,2.7202012e-05,0.9389426,4.925648e-05,0.027859561,0.00039123424,3.1554882e-05
ISIC_0025488,HAM_0002295,nv,4,0.0004460895,4.6697176e-05,0.00012112326,0.000339367,0.015496528,0.9833907,0.00015952477
ISIC_0027999,HAM_0002295,nv,4,0.00026402719,0.00015551705,0.0013592985,0.0006935841,0.13730478,0.8593596,0.0008631794
ISIC_0030061,HAM_0000836,nv,4,0.02005809,0.0020732167,0.00060098816,0.0018529828,0.6059732,0.3689798,0.00046169455
ISIC_0030960,HAM_0000836,nv,4,0.117032394,0.041536063,0.038663916,0.0067590894,0.4552511,0.3376538,0.003103616
ISIC_0030311,HAM_0000836,nv,4,0.024899079,0.12881999,0.0064765085,0.0025214197,0.6291398,0.20787388,0.00026941404
ISIC_0025505,HAM_0000836,nv,4,0.04210696,0.0018320717,0.00072732585,0.0022556884,0.55573475,0.3963908,0.0009523244
ISIC_0027756,HAM_0003305,nv,4,0.009344484,0.120826595,0.007256201,0.0036808567,0.124783844,0.7223013,0.0118067665
ISIC_0032125,HAM_0003305,nv,4,0.0027540661,0.96390104,0.003677161,0.000427537,0.0041606696,0.023849659,0.0012298917
ISIC_0025172,HAM_0003305,nv,4,0.009655422,0.63093764,0.022515392,0.0021418289,0.0535913,0.27509844,0.0060599353
ISIC_0031064,HAM_0000798,nv,4,0.0038581665,0.0030283094,0.05072221,0.0013583174,0.51177615,0.42677066,0.0024861589
ISIC_0027538,HAM_0000798,nv,4,0.0062124594,0.004522993,0.22419009,0.0015830753,0.4868154,0.27361256,0.0030634005
ISIC_0026751,HAM_0000798,nv,4,0.0036495617,0.009023935,0.5395313,0.00076648523,0.30205908,0.14254333,0.0024263884
ISIC_0029332,HAM_0000798,nv,4,0.0006864065,0.012274252,0.07833695,0.0006423053,0.39666405,0.5093267,0.0020693413
ISIC_0030456,HAM_0000194,nv,4,0.001088966,0.00034165598,0.023649776,0.00028213844,0.48297033,0.490576,0.001091095
ISIC_0030942,HAM_0000194,nv,4,0.0064288117,0.001842785,0.03754117,0.0011464482,0.257929,0.6929553,0.0021565391
ISIC_0031880,HAM_0000976,nv,4,0.00356676,0.00015980337,0.1555626,0.0008792087,0.4328909,0.40586987,0.0010709355
ISIC_0025237,HAM_0001701,nv,4,0.02061274,0.7559386,0.04058009,0.002282396,0.12633002,0.048052,0.0062041953
ISIC_0029390,HAM_0001701,nv,4,0.0068603377,0.04340103,0.023599615,0.0010206945,0.70871395,0.21530287,0.0011014803
ISIC_0029145,HAM_0000500,nv,4,0.0056105414,0.6710388,0.00924119,0.004416685,0.05323134,0.24686141,0.009599939
ISIC_0029441,HAM_0000500,nv,4,7.725664e-05,0.99647236,6.965938e-05,2.4740984e-05,0.00026729258,0.0030145186,7.4296986e-05
ISIC_0027798,HAM_0007014,nv,4,0.00027254736,0.0016646709,0.004053254,0.000704866,0.022778984,0.96858704,0.0019386099
ISIC_0028141,HAM_0007014,nv,4,0.003326937,0.002396303,0.0034191632,0.0028097818,0.16030082,0.82367074,0.004076249
ISIC_0032310,HAM_0007014,nv,4,0.002096219,0.0015486769,0.002057683,0.0021085374,0.21236347,0.7767933,0.0030321619
ISIC_0030151,HAM_0004614,nv,4,0.00041392326,0.00010183327,0.8939588,0.000100450496,0.09855172,0.0066478434,0.00022548612
ISIC_0028608,HAM_0003434,nv,4,0.0046537654,0.87480825,0.016783418,0.06683503,0.004135104,0.032414135,0.00037025128
ISIC_0030810,HAM_0004956,nv,4,0.9331819,0.00021017026,0.058731437,0.0005483437,0.004023157,0.0032828036,2.2238479e-05
ISIC_0030839,HAM_0006926,nv,4,0.00022943158,5.6381173e-06,0.96543247,7.031518e-05,0.012786085,0.021412663,6.340052e-05
ISIC_0031599,HAM_0003263,nv,4,0.0018620436,0.03865808,0.016874038,0.0041069896,0.038662795,0.83313054,0.06670554
ISIC_0028226,HAM_0003263,nv,4,0.0009243457,0.06958993,0.0037866703,0.017707134,0.08276123,0.58210063,0.24313004
ISIC_0030847,HAM_0005153,nv,4,0.003192149,0.008770876,0.6400048,0.0032934789,0.17616774,0.16308771,0.0054833163
ISIC_0030210,HAM_0004534,nv,4,0.00013911212,0.00025091745,0.00023115598,0.0016611422,0.00091267866,0.9967282,7.682501e-05
ISIC_0031809,HAM_0004835,nv,4,0.0026449102,0.0038034874,0.028938401,0.013517495,0.34641486,0.5962177,0.008463165
ISIC_0026991,HAM_0003946,nv,4,6.3153006e-05,0.0005818796,0.00048381047,0.00017166768,0.01569638,0.9825477,0.0004553864
ISIC_0029792,HAM_0005250,nv,4,7.0362716e-05,0.0009586058,0.0021792217,0.0001113466,0.009369969,0.98706543,0.00024511077
ISIC_0024479,HAM_0006469,nv,4,8.808222e-06,1.4103017e-05,7.7743905e-05,8.275794e-05,0.008507747,0.98914075,0.002167967
ISIC_0032328,HAM_0006469,nv,4,8.0021e-06,7.5762355e-06,0.00010832898,2.7604678e-05,0.0543893,0.9454265,3.2717402e-05
ISIC_0026358,HAM_0006469,nv,4,1.3968078e-05,3.0509087e-05,0.0045456723,0.0015398054,0.08918726,0.90428483,0.00039797297
ISIC_0025193,HAM_0006469,nv,4,0.00016246266,0.00023135744,0.010910486,0.0027666963,0.059851866,0.9190293,0.007047779
ISIC_0026451,HAM_0005712,nv,4,5.901604e-05,0.00010791295,0.012053921,0.00013748469,0.038419675,0.9491824,3.954419e-05
ISIC_0032385,HAM_0005712,nv,4,2.3662458e-06,2.0163676e-05,0.0019530057,5.9496288e-05,0.006810006,0.9911459,8.965069e-06
ISIC_0030485,HAM_0002587,nv,4,0.0011135143,0.0009431834,0.0391188,0.0044385763,0.23811541,0.7053492,0.010921401
ISIC_0031803,HAM_0002587,nv,4,0.00013009606,0.00027061443,0.0126872305,0.0010202914,0.3923823,0.5913411,0.0021684107
ISIC_0031127,HAM_0000144,nv,4,0.00057974615,0.04136409,0.0912341,0.00033816294,0.6138059,0.25043374,0.0022442036
ISIC_0027558,HAM_0000144,nv,4,0.00028127476,0.00054323126,0.07198794,8.7989945e-05,0.6366283,0.29033336,0.00013788794
ISIC_0026816,HAM_0002416,nv,4,0.00035497424,0.00024781196,0.042789053,0.009065939,0.08288176,0.86028075,0.0043797223
ISIC_0028635,HAM_0002416,nv,4,1.9416066e-05,8.189227e-06,0.020717978,0.00019080596,0.018974788,0.96000576,8.303197e-05
ISIC_0029920,HAM_0004475,nv,4,0.0022512947,0.00052336353,0.0013364556,0.0014184878,0.41420013,0.5795702,0.00070014823
ISIC_0031188,HAM_0004475,nv,4,0.016776485,0.016268268,0.059973568,0.007928521,0.19549692,0.69039464,0.013161587
ISIC_0026742,HAM_0005193,nv,4,0.0026626675,0.00109169,0.00785281,0.00240787,0.09304092,0.8914105,0.0015335275
ISIC_0028665,HAM_0005193,nv,4,5.1456773e-05,0.00010914696,0.8656283,0.00010374272,0.00631266,0.1274138,0.00038096035
ISIC_0028903,HAM_0003872,nv,4,0.00069396495,0.00037877893,0.002529757,0.0022555122,0.034263488,0.95453924,0.005339177
ISIC_0025865,HAM_0005160,nv,4,6.421027e-05,0.00068763416,0.014248186,0.028464172,0.004322702,0.9203191,0.031893928
ISIC_0024935,HAM_0005160,nv,4,5.8046546e-05,0.0065762876,0.084825754,0.0034943456,0.0041053,0.8960723,0.004868029
ISIC_0030336,HAM_0006551,nv,4,4.9733677e-05,3.7614343e-05,0.00045245583,0.0005680613,0.23460692,0.7632602,0.0010251163
ISIC_0027970,HAM_0006551,nv,4,3.5566318e-05,0.00021829603,8.958851e-05,0.00096646504,0.26240623,0.7359364,0.0003474761
ISIC_0031896,HAM_0003027,nv,4,0.0050766636,0.00094092434,0.10337118,0.00069515046,0.22711024,0.6610272,0.0017785992
ISIC_0025355,HAM_0003027,nv,4,0.00015389487,0.00020467554,0.037036832,0.00051054993,0.1996335,0.76228994,0.00017067912
ISIC_0024540,HAM_0000159,nv,4,0.004282034,0.010500267,0.018186076,0.0020089098,0.3610435,0.60110164,0.0028776305
ISIC_0027948,HAM_0000159,nv,4,0.0021015347,0.0044576474,0.010153955,0.0014275351,0.45027363,0.52951676,0.0020689536
ISIC_0029970,HAM_0005712,nv,4,8.21389e-06,0.00017978545,0.0015372654,2.55988e-05,0.02014103,0.9780604,4.76384e-05
ISIC_0025101,HAM_0005712,nv,4,5.5348646e-05,4.145422e-05,0.02011377,0.0009189414,0.18842675,0.79021347,0.00023031165
ISIC_0031668,HAM_0000698,nv,4,2.1858306e-05,9.890871e-06,0.0010212873,6.564033e-05,0.010910398,0.98789424,7.674132e-05
ISIC_0027431,HAM_0000698,nv,4,0.00027843175,0.00020894344,0.00076204754,0.0006725046,0.10207568,0.8956857,0.00031673934
ISIC_0033140,HAM_0003360,nv,4,0.00032771434,6.291293e-05,0.0020239798,0.00016446358,0.5787957,0.41852254,0.000102717866
ISIC_0025897,HAM_0003539,nv,4,0.00071403966,4.8924307e-05,0.00031377398,0.00014778273,0.043875117,0.95472693,0.00017345174
ISIC_0032721,HAM_0001916,nv,4,0.0036110769,0.00018777011,0.115507804,0.000758773,0.12661298,0.7532054,0.000116134564
ISIC_0033537,HAM_0001916,nv,4,0.006095198,0.00058967,0.022127204,0.00065654085,0.21282698,0.7574904,0.00021398185
ISIC_0032837,HAM_0002425,nv,4,0.0007114825,4.7852915e-05,0.31035614,0.0006922915,0.033650935,0.65446246,7.889612e-05
ISIC_0032682,HAM_0002425,nv,4,0.0019358041,0.00018129291,0.44541186,0.00068285724,0.110439524,0.44108328,0.00026532973
ISIC_0033418,HAM_0000675,nv,4,0.00013065488,3.8621503e-05,0.0011275841,0.00029878007,0.4544559,0.5439125,3.592896e-05
ISIC_0034054,HAM_0000675,nv,4,0.0004362368,4.491392e-05,0.0035740572,0.00048051812,0.5614856,0.43388247,9.620356e-05
ISIC_0033997,HAM_0006353,nv,4,5.326832e-05,1.4619744e-05,0.00036903395,0.0021494636,0.0320718,0.96514076,0.00020103254
ISIC_0032712,HAM_0006353,nv,4,0.00013217353,4.977701e-05,0.0003743276,0.017379072,0.11091702,0.8707276,0.00042004662
ISIC_0033164,HAM_0006353,nv,4,6.639385e-05,1.6302323e-05,8.7273074e-05,0.0016247581,0.0143370805,0.98374313,0.0001250129
ISIC_0033176,HAM_0001490,nv,4,0.0022703165,0.009685238,0.04695624,0.0032679965,0.03795213,0.8964432,0.003424831
ISIC_0032528,HAM_0003945,nv,4,0.0004666486,0.00039295756,0.0030188826,0.0008070843,0.0129875755,0.9806464,0.0016804662
ISIC_0034260,HAM_0004705,nv,4,0.0017014205,0.00035524674,0.04496469,0.0017485857,0.25598922,0.6944931,0.0007476636
ISIC_0034027,HAM_0005059,nv,4,0.009305903,0.0004101476,0.6506048,0.00019602374,0.3127739,0.026411535,0.0002977352
ISIC_0032575,HAM_0002074,nv,4,0.00044872204,0.00017537922,0.011365495,0.0002369222,0.17926817,0.8081455,0.00035985478
ISIC_0032793,HAM_0002074,nv,4,0.00046569746,0.00013819871,0.026258966,0.0002148841,0.17857341,0.7940824,0.00026638497
ISIC_0034229,HAM_0005689,nv,4,0.00057092926,0.00030381104,0.007650147,0.00034900205,0.0036393497,0.9869192,0.0005675937
ISIC_0028066,HAM_0005689,nv,4,0.00046330347,0.00020760721,0.06236291,0.00095902896,0.014769157,0.92000306,0.0012350305
ISIC_0033895,HAM_0004348,nv,4,0.0010448396,2.9380455e-05,0.0046348767,0.0001353242,0.048746668,0.94527954,0.00012937971
ISIC_0034250,HAM_0004352,nv,4,0.002944418,7.7211866e-05,0.01657571,0.0006085057,0.0365957,0.94289416,0.0003041883
ISIC_0032900,HAM_0003811,nv,4,0.0004648824,0.00034244818,0.0013885603,0.00072425517,0.0035701345,0.99135053,0.0021590616
ISIC_0033898,HAM_0003812,nv,4,0.002152074,0.00020273152,0.0012800521,0.0021176748,0.08638507,0.90721303,0.0006493326
ISIC_0033043,HAM_0006232,nv,4,1.15374505e-05,5.449906e-06,0.00010925071,0.0030975656,0.085122645,0.9115868,6.6783614e-05
ISIC_0032571,HAM_0004181,nv,4,0.00086029334,7.041059e-05,0.0010853907,0.0049663843,0.014395288,0.9781382,0.0004839967
ISIC_0033623,HAM_0004202,nv,4,0.00018470893,0.0022131668,0.0001748789,0.003062567,0.008340178,0.98540944,0.00061517465
ISIC_0034075,HAM_0004209,nv,4,0.0025417162,0.0002868485,0.0034336394,0.0016832561,0.6978987,0.29378247,0.00037339097
ISIC_0032606,HAM_0004183,nv,4,0.00053005264,0.00010591372,0.005729293,0.00090341276,0.025390161,0.9668179,0.00052336603
ISIC_0033383,HAM_0004195,nv,4,0.0002354753,0.00017396804,0.00058508804,0.0010824656,0.031944722,0.9650792,0.0008991499
ISIC_0032956,HAM_0004187,nv,4,0.0010250187,0.00011124812,0.0037511939,0.0016078633,0.15542997,0.8369707,0.0011039886
ISIC_0033751,HAM_0005257,nv,4,7.482693e-06,0.00010011732,0.00073186826,0.02159822,0.1845866,0.7924663,0.0005094317
ISIC_0034154,HAM_0003561,nv,4,0.0016213614,0.002540815,0.02094416,0.00067324896,0.061558306,0.9063612,0.0063008717
ISIC_0033782,HAM_0003935,nv,4,1.4820704e-06,4.185705e-05,2.3044595e-06,7.111438e-05,7.0011854e-05,0.99980444,8.81666e-06
ISIC_0026391,HAM_0000057,nv,4,0.00048846356,0.0007654651,0.006523216,0.00042190513,0.5273606,0.4635797,0.00086063554
ISIC_0025122,HAM_0000057,nv,4,2.3341638e-05,1.9350897e-05,0.0047073453,2.3662953e-05,0.040191494,0.9549167,0.000118076474
ISIC_0025653,HAM_0005347,nv,4,0.004629743,0.00033244272,0.007821805,0.00302147,0.27626717,0.7068522,0.0010752362
ISIC_0027265,HAM_0005347,nv,4,0.00044728792,8.322618e-05,0.0048406017,0.0005453593,0.21596897,0.77773416,0.00038035054
ISIC_0027418,HAM_0001393,nv,4,0.001514653,0.00022845517,0.002010512,0.0024850767,0.36594793,0.62738067,0.00043268583
ISIC_0029030,HAM_0001393,nv,4,0.0009897079,0.00026689703,0.01560306,0.00068421295,0.2881504,0.6939423,0.00036338274
ISIC_0028008,HAM_0005018,nv,4,0.002858973,0.0061869062,0.003458698,0.003479023,0.042507533,0.93953437,0.0019745594
ISIC_0026440,HAM_0005018,nv,4,0.0021878676,0.029230498,0.040701594,0.0031035193,0.05793343,0.8622022,0.004640771
ISIC_0026326,HAM_0007609,nv,4,0.00029100833,0.9955466,0.0025213042,7.0690614e-05,3.1185507e-05,0.0014248074,0.00011429485
ISIC_0029915,HAM_0006002,akiec,4,6.164719e-05,0.0016576821,9.6418036e-05,0.99732685,0.00062627334,0.00020936599,2.1724896e-05
ISIC_0029360,HAM_0000549,akiec,4,0.0009459923,0.12293634,0.78154755,0.0072471765,0.0822941,0.0029946365,0.0020342031
ISIC_0026152,HAM_0000549,akiec,4,0.31054088,0.45537814,0.0018646647,0.17798068,0.05404302,0.00016647096,2.6134558e-05
ISIC_0029041,HAM_0006898,akiec,4,0.5946202,0.007216008,0.35437116,5.043464e-05,0.043242734,0.0003494027,0.00014998298
ISIC_0031040,HAM_0006898,akiec,4,0.37794164,0.00016862062,0.51860684,0.0006413587,0.10211973,0.0004124779,0.000109295754
ISIC_0031929,HAM_0001499,akiec,4,0.4021227,0.029825924,0.057959568,8.0866026e-05,0.50536096,0.0017769214,0.0028729837
ISIC_0031191,HAM_0005931,akiec,4,3.5962807e-05,0.00014391227,0.3263633,5.2942367e-05,0.6644427,0.007098519,0.0018626414
ISIC_0025948,HAM_0002672,akiec,4,0.03008994,0.11378026,0.0049360907,0.000114845396,0.84072876,0.010285186,6.49277e-05
ISIC_0030242,HAM_0006898,akiec,4,0.99538785,4.9632097e-05,0.0005765317,5.39724e-06,0.003935072,4.2040025e-05,3.5257967e-06
ISIC_0030714,HAM_0003989,akiec,4,0.9988533,0.0008598398,8.826811e-05,1.57639e-05,0.00015858906,1.8073404e-05,6.2095096e-06
ISIC_0029634,HAM_0003971,akiec,4,0.9981736,4.1911382e-05,0.00056606386,4.240542e-05,0.0010693596,9.5655465e-05,1.1062116e-05
ISIC_0030803,HAM_0004012,akiec,4,0.9572816,0.012264093,0.029077275,7.627558e-05,0.0010591396,0.00021060363,3.0938743e-05
ISIC_0025831,HAM_0004012,akiec,4,0.14054821,0.25313666,0.46422753,0.0011953759,0.046722796,0.08829706,0.005872366
ISIC_0028381,HAM_0004522,akiec,4,0.9849829,0.001953221,0.00050433015,0.010963565,0.0010552283,0.0005389579,1.7819768e-06
ISIC_0030602,HAM_0007555,akiec,4,0.864324,3.7884674e-05,0.08278481,0.0012521202,0.050506596,0.0010720416,2.2533779e-05
ISIC_0032349,HAM_0003086,akiec,4,0.18581155,0.00465852,0.78076947,6.570813e-05,0.02832865,0.00033304232,3.3169435e-05
ISIC_0028854,HAM_0005356,akiec,4,0.9988273,2.5239235e-05,0.0001171618,1.0603797e-05,0.0010022876,1.2062705e-05,5.4158895e-06
ISIC_0031609,HAM_0004363,akiec,4,0.18320356,0.0017238883,0.7653134,0.00042910973,0.033905804,0.015232257,0.00019190973
ISIC_0024517,HAM_0001894,akiec,4,0.9877103,0.011589238,0.0003845487,5.091196e-05,0.0001357163,0.000121417936,7.761988e-06
ISIC_0024771,HAM_0006301,akiec,4,0.9989159,7.003508e-05,0.0009936051,2.8320146e-06,1.3804199e-05,2.479795e-06,1.3535181e-06
ISIC_0027753,HAM_0006481,akiec,4,0.20799145,0.00023238077,0.023541998,0.0011987112,0.7637788,0.0031551006,0.00010151964
ISIC_0026492,HAM_0006481,akiec,4,0.061586443,0.001599295,0.041206103,0.034211133,0.8580987,0.0031251574,0.00017323722
ISIC_0030375,HAM_0007037,akiec,4,0.99405813,0.0008089859,0.0027048795,7.7208615e-06,0.0023074013,7.197709e-05,4.093129e-05
ISIC_0031292,HAM_0007008,akiec,4,0.9985423,2.7929313e-05,0.0014158114,1.2961059e-06,1.2106461e-05,3.3417032e-07,2.7167854e-07
ISIC_0031570,HAM_0001178,akiec,4,0.99956864,0.00012523799,4.5424687e-05,9.717361e-07,0.0002536061,3.5130527e-06,2.641453e-06
ISIC_0025637,HAM_0001460,akiec,4,0.20827253,0.00040600618,0.78908867,0.00024055068,0.00042466057,0.0015457777,2.1813743e-05
ISIC_0032277,HAM_0001624,akiec,4,0.29075855,0.0002584902,0.16827814,0.0003926139,0.527525,0.012098117,0.0006890588
ISIC_0032371,HAM_0006483,akiec,4,0.88453037,0.11512222,0.00018861108,4.332954e-06,0.00014532098,7.1998634e-06,1.99933e-06
ISIC_0029210,HAM_0004060,akiec,4,0.9923476,0.00084841985,0.0014977736,3.97587e-05,0.0028415811,0.0016627484,0.0007620055
ISIC_0032154,HAM_0002307,akiec,4,0.032008838,0.0016418067,0.5995551,0.00081116735,0.15397848,0.21128736,0.00071725226
ISIC_0026549,HAM_0002307,akiec,4,0.2294146,0.007623488,0.284954,0.0023570382,0.2066525,0.26664588,0.002352439
ISIC_0029598,HAM_0003401,akiec,4,0.017338358,0.9672002,0.014109756,0.0003126397,0.0008923689,0.00012681226,1.979216e-05
ISIC_0029002,HAM_0003401,akiec,4,0.12501167,0.81517845,0.056347176,0.0021912272,0.0011115448,7.417854e-05,8.571314e-05
ISIC_0026178,HAM_0007349,akiec,4,0.9680269,0.020647693,0.005683484,1.83921e-05,0.0056035724,9.467442e-06,1.052052e-05
ISIC_0032014,HAM_0007349,akiec,4,0.9046434,0.086816,0.008004482,1.8296365e-05,0.0004940323,1.1539372e-05,1.2283598e-05
ISIC_0027184,HAM_0007349,akiec,4,0.5273063,0.37906343,0.051394675,0.004170091,0.03391594,0.00324767,0.00090184546
ISIC_0029462,HAM_0007349,akiec,4,0.19169866,0.67105716,0.119377635,0.006132128,0.0054221633,0.0027424574,0.0035698595
ISIC_0025577,HAM_0000005,akiec,4,0.9939029,9.478226e-05,0.0033428217,0.0002468087,0.001221974,0.0011737273,1.6927272e-05
ISIC_0030591,HAM_0000005,akiec,4,0.9957885,3.7699603e-05,0.0026083312,3.353072e-05,0.00095011044,0.00057381426,7.917715e-06
ISIC_0024579,HAM_0000005,akiec,4,0.9718418,0.00059091655,0.026409514,0.00015309965,0.000433169,0.0005567435,1.4663858e-05
ISIC_0029638,HAM_0000005,akiec,4,0.9899733,0.00027317723,0.0020836138,0.0019083007,0.0015118029,0.004231167,1.8662702e-05
ISIC_0025029,HAM_0003105,akiec,4,0.6207513,0.0012632213,0.31458145,0.00021865912,0.061462704,0.0017015106,2.1107393e-05
ISIC_0026388,HAM_0003105,akiec,4,0.93907917,0.00010227396,0.058414023,1.9672418e-05,0.002286068,9.0964335e-05,7.825147e-06
ISIC_0027580,HAM_0005648,akiec,4,0.7564872,0.19504239,0.046191104,0.0009804418,0.001017509,0.00021162171,6.964927e-05
ISIC_0025803,HAM_0005024,akiec,4,0.8391475,0.00017684932,0.16015412,2.8422273e-05,0.00033592893,0.0001321956,2.4887373e-05
ISIC_0033000,HAM_0006442,akiec,4,0.99312145,0.0010955785,0.005701314,5.8006866e-05,1.8467827e-05,4.001756e-06,1.119963e-06
ISIC_0033295,HAM_0006442,akiec,4,0.29936537,0.19864288,0.07307663,0.42299822,0.0055748555,0.0001843511,0.00015768383
ISIC_0024468,HAM_0006301,akiec,4,0.9878591,0.00015411057,0.0047038067,7.055696e-05,0.006948382,0.0001917937,7.223017e-05
ISIC_0031823,HAM_0006301,akiec,4,0.99730194,0.0011637361,0.0014265357,5.2004566e-06,9.482819e-05,3.3445767e-06,4.3621503e-06
ISIC_0029460,HAM_0000545,akiec,4,0.9342865,0.0002696562,0.062471155,0.0004292294,0.0022950394,0.00023382422,1.4658765e-05
ISIC_0024539,HAM_0002551,akiec,4,0.009110716,0.012679894,0.9224239,0.00014503102,0.04481715,0.0107954955,2.778799e-05
ISIC_0027668,HAM_0001386,akiec,4,0.002003942,0.0030916655,0.23804505,0.0016580848,0.3504362,0.4033496,0.0014154676
ISIC_0029827,HAM_0002699,akiec,4,0.6723369,0.041699372,0.062460776,0.17693785,0.021974025,0.022561125,0.0020299782
ISIC_0026857,HAM_0004363,akiec,4,0.94177336,0.0071694925,0.0086607365,0.001591938,0.031633288,0.008918223,0.000252867
ISIC_0030825,HAM_0004060,akiec,4,0.9542024,0.029903788,0.01470978,0.00034610982,0.00031025082,0.0002695506,0.00025821367
ISIC_0030036,HAM_0007008,akiec,4,0.99156946,0.00010487271,0.007972889,0.00014963756,0.00016022443,3.610174e-05,6.8498844e-06
ISIC_0024654,HAM_0005705,akiec,4,0.00019923011,0.00032687493,0.9897451,1.7188924e-05,0.009459853,0.00019122388,6.0584e-05
ISIC_0026765,HAM_0001474,akiec,4,0.6424219,0.35616764,0.00073981413,0.00010942793,0.00051295495,2.707963e-05,2.1089638e-05
ISIC_0026650,HAM_0000545,akiec,4,0.98315376,0.00069957564,0.009036866,6.558102e-05,0.0066503654,0.00038483614,9.032819e-06
ISIC_0032947,HAM_0006442,akiec,4,0.11872475,0.48731816,0.097564995,0.25405478,0.040512577,0.0004666132,0.0013581247
ISIC_0029309,HAM_0005579,akiec,4,0.95470595,0.00058447925,0.024111588,0.00061733305,0.0175974,0.0016699114,0.000713327
ISIC_0028393,HAM_0005579,akiec,4,0.9572776,0.0011609627,0.016438732,0.0004449761,0.02363956,0.0006093992,0.00042876595
ISIC_0033705,HAM_0001576,akiec,4,0.8356411,1.24618655e-05,0.0016918228,8.975945e-06,0.16136484,0.0012489958,3.182249e-05
ISIC_0031430,HAM_0005705,akiec,4,3.1815741e-06,9.665423e-07,0.9981173,1.38201285e-05,0.0011629827,0.00041731482,0.00028441034
ISIC_0031967,HAM_0004341,bkl,4,0.00025583344,0.46709698,0.49625194,0.00088426867,0.0028433255,0.028618585,0.0040490814
ISIC_0031584,HAM_0004341,bkl,4,5.5605187e-06,0.006580482,0.91925275,5.5722216e-05,0.0003047823,0.070333526,0.0034672471
ISIC_0032306,HAM_0001853,bkl,4,0.0004894234,2.5884015e-06,0.99881184,5.0284057e-06,0.0005101638,0.00017213965,8.859667e-06
ISIC_0031542,HAM_0003014,bkl,4,0.26917312,0.43947864,0.11932827,0.033971786,0.09721471,0.039350282,0.0014831717
ISIC_0024741,HAM_0000770,bkl,4,0.009039651,1.2495785e-05,0.9873059,0.00030363345,0.002260057,0.0010492294,2.8940303e-05
ISIC_0027991,HAM_0002722,bkl,4,0.006219103,0.002853576,0.020788768,0.00016945676,0.94742596,0.02249998,4.3181422e-05
ISIC_0031289,HAM_0002722,bkl,4,0.047063317,0.23401277,0.6731824,0.006297428,0.032149293,0.0064783227,0.0008164192
ISIC_0030172,HAM_0002722,bkl,4,0.012598629,0.0012758855,0.87558347,0.000632844,0.09392238,0.015528297,0.0004584991
ISIC_0028201,HAM_0005049,bkl,4,0.00023350325,4.3067397e-05,0.748958,1.5174985e-06,0.24989146,0.00085772405,1.4796741e-05
ISIC_0029612,HAM_0004396,bkl,4,0.14750488,0.062214,0.78198063,1.5091271e-05,0.0012023655,0.00703711,4.5942827e-05
ISIC_0028913,HAM_0004396,bkl,4,0.00088060304,0.00025365574,0.9939235,3.9511946e-05,0.0009544863,0.0038289027,0.00011935137
ISIC_0029443,HAM_0004396,bkl,4,0.0002584838,0.0003634542,0.99616575,2.5119114e-06,0.00036755897,0.0028337727,8.398684e-06
ISIC_0029927,HAM_0000999,bkl,4,0.00023312794,2.0762125e-05,0.99887043,1.5918875e-05,0.0006831966,0.0001634663,1.3094507e-05
ISIC_0026567,HAM_0000999,bkl,4,0.00155568,0.00047364546,0.9943784,9.860511e-05,0.002585315,0.00081281055,9.5571355e-05
ISIC_0028094,HAM_0005404,bkl,4,0.019435419,0.08678511,0.3371786,0.07251167,0.23083575,0.24644434,0.006809162
ISIC_0029455,HAM_0005404,bkl,4,0.0007419058,0.00036870746,0.98330575,0.0028845738,0.008949336,0.002492736,0.0012571042
ISIC_0033553,HAM_0005898,bkl,4,3.7797934e-05,0.00027496106,0.98290735,0.00013192775,9.6898184e-05,0.016168956,0.00038211857
ISIC_0033401,HAM_0005898,bkl,4,8.4613175e-06,0.00028378025,0.9318059,7.872601e-05,8.234317e-05,0.067499794,0.00024107649
ISIC_0033391,HAM_0001186,bkl,4,0.0016272409,0.0044501084,0.9787732,0.00011985022,0.014029788,0.00096128794,3.8456354e-05
ISIC_0032740,HAM_0001561,bkl,4,0.0006105695,0.007471019,0.9837802,0.0013907999,0.003742932,0.002934277,7.026563e-05
ISIC_0030316,HAM_0000441,bkl,4,7.5361154e-06,1.240071e-05,0.99522346,2.855232e-05,7.5963566e-05,0.0046449457,7.1350514e-06
ISIC_0025330,HAM_0000453,bkl,4,2.9553572e-05,5.5537806e-05,0.9945372,4.8157937e-05,0.00023750508,0.0049798638,0.00011218945
ISIC_0025804,HAM_0001443,bkl,4,0.00018672935,3.2008076e-05,0.018210221,0.00081428984,0.0017999774,0.9788301,0.0001268419
ISIC_0027275,HAM_0002280,bkl,4,0.0010120793,0.001096458,0.6811112,0.0006624427,0.014007184,0.29872006,0.0033905471
ISIC_0025131,HAM_0006124,bkl,4,1.3199972e-05,2.101126e-05,0.9990796,5.385609e-06,0.00011155214,0.00075897784,1.03810335e-05
ISIC_0031761,HAM_0000296,bkl,4,0.0044105602,0.0021621673,0.94870275,0.011987683,0.002892516,0.02440869,0.005435688
ISIC_0027008,HAM_0005276,df,4,0.00024369064,0.009418589,0.00062472146,0.9737095,0.007931247,0.0026224812,0.005449731
ISIC_0028790,HAM_0005276,df,4,0.00062133,0.034323346,0.0001643148,0.96276575,0.0019736188,6.068463e-05,9.092066e-05
ISIC_0024386,HAM_0005112,df,4,5.440171e-08,4.0125283e-06,4.067764e-06,0.9996923,9.987973e-07,6.5768913e-06,0.00029193494
ISIC_0032079,HAM_0005555,mel,4,0.00011620839,0.0004849744,0.0034715547,4.402167e-05,0.98876625,0.0070436187,7.343501e-05
ISIC_0032182,HAM_0006651,mel,4,0.00012135493,0.04801114,0.0008699592,0.0005880692,0.9475266,0.000106054584,0.0027769005
ISIC_0033286,HAM_0005758,mel,4,0.024615264,6.029529e-06,0.0011600176,1.9349845e-05,0.9736979,0.0004944308,6.9671078e-06
ISIC_0032586,HAM_0005758,mel,4,0.0019398169,2.6244734e-06,0.0006507098,3.744728e-06,0.99703026,0.00037126147,1.5671444e-06
ISIC_0033241,HAM_0006545,mel,4,2.0831054e-05,1.6935528e-05,0.00013243001,0.00094796345,0.58915514,0.4096931,3.36146e-05
ISIC_0032598,HAM_0006545,mel,4,9.2358714e-05,6.9298376e-06,6.5620174e-05,4.754219e-05,0.8447313,0.15504356,1.26962295e-05
ISIC_0034289,HAM_0006545,mel,4,0.00035989974,6.554261e-05,0.0014550537,0.00023510781,0.44548514,0.5522538,0.00014541263
ISIC_0033651,HAM_0004998,mel,4,1.4529809e-06,1.8763481e-07,2.1539885e-05,4.478351e-05,0.9956163,0.004314389,1.3385487e-06
ISIC_0033304,HAM_0004998,mel,4,6.90418e-06,1.6398867e-06,0.00036340064,1.6692167e-05,0.98778546,0.011818715,7.1792115e-06
ISIC_0032081,HAM_0005078,mel,4,0.011492573,2.1291146e-06,0.004549162,1.5548863e-05,0.9833053,0.0006304161,4.9503396e-06
ISIC_0032869,HAM_0003495,mel,4,0.46025735,4.954207e-05,0.0008645397,0.00014391582,0.5359975,0.002636447,5.071693e-05
ISIC_0033524,HAM_0003495,mel,4,0.1430739,8.984353e-05,0.004165099,0.0006612708,0.84781134,0.0041155694,8.309169e-05
ISIC_0034101,HAM_0004853,mel,4,1.6310538e-06,2.8403117e-06,5.8516245e-05,4.2465558e-07,0.9998876,4.855907e-05,3.927422e-07
ISIC_0030333,HAM_0004853,mel,4,6.615847e-05,0.00016861192,0.0012648851,8.7988774e-05,0.9956923,0.0026119025,0.00010822804
ISIC_0032695,HAM_0004853,mel,4,1.11236495e-05,8.363836e-06,5.502052e-05,6.5010518e-06,0.9998129,0.00010368664,2.4150736e-06
ISIC_0033730,HAM_0001647,mel,4,5.1004276e-06,9.3067285e-07,0.00033656036,2.3079403e-06,0.99546474,0.0041891867,1.1226056e-06
ISIC_0032975,HAM_0001647,mel,4,0.00019998482,1.27347585e-05,0.00067538465,5.6961868e-05,0.99058795,0.008453891,1.308778e-05
ISIC_0029092,HAM_0004427,mel,4,0.00020488838,0.0019212792,0.010695127,0.00032107797,0.51230943,0.41650462,0.058043595
ISIC_0027838,HAM_0007016,mel,4,0.00010985625,0.00036020475,0.00081810047,0.03418038,0.8494103,0.111636214,0.0034849322
ISIC_0029937,HAM_0000766,mel,4,0.00024756967,0.0001325145,0.002900474,0.012910466,0.8849909,0.09871313,0.00010503252
ISIC_0028847,HAM_0006006,mel,4,0.01314974,0.00058980205,0.0045449827,0.004223997,0.8909999,0.08584133,0.00065030623
ISIC_0024961,HAM_0006006,mel,4,0.0066508767,0.0004965963,0.41836333,0.0450088,0.23422264,0.293781,0.0014767827
ISIC_0030784,HAM_0005078,mel,4,0.0048567047,2.1158026e-05,0.16714695,0.00064358773,0.8211208,0.0061706314,4.015088e-05
ISIC_0028685,HAM_0006423,mel,4,0.09870224,0.010107716,0.04523333,0.00016155148,0.80334747,0.042203296,0.00024441959
ISIC_0031170,HAM_0003428,mel,4,0.0013843274,0.003371478,0.21405438,0.000115421964,0.7753693,0.005279532,0.0004255073
ISIC_0024652,HAM_0003428,mel,4,0.0036837882,0.0007958975,0.0675671,0.00041452222,0.9164827,0.009688917,0.0013671534
ISIC_0028103,HAM_0002338,mel,4,0.053664975,0.047858972,0.3736017,0.0009819489,0.50175506,0.019483676,0.0026536197
ISIC_0028352,HAM_0006423,mel,4,0.0055003464,0.0007335662,0.68406516,0.0006237867,0.3035521,0.005395277,0.00012973527
ISIC_0028431,HAM_0004653,vasc,4,1.4022478e-06,8.278124e-05,3.477901e-05,7.566818e-05,6.291518e-05,0.00061376946,0.99912876
ISIC_0024375,HAM_0005245,vasc,4,6.822422e-06,0.00013510529,8.804356e-05,9.501204e-05,6.763732e-05,0.0003718556,0.9992355
ISIC_0028095,HAM_0001926,bcc,4,0.5137934,0.09522803,0.3291484,0.0007385249,0.039306376,0.021524975,0.00026026127
ISIC_0032414,HAM_0001926,bcc,4,0.12262526,0.6786263,0.11318855,0.003512748,0.027582727,0.05353179,0.00093260536
ISIC_0030659,HAM_0001618,bcc,4,0.21622013,0.16393034,0.2452489,0.0912187,0.23933388,0.042039163,0.0020088975
ISIC_0032497,HAM_0001759,bcc,4,0.75676125,0.23581137,0.0033002205,0.003192442,0.00080678175,0.000103375256,2.4553776e-05
ISIC_0025417,HAM_0002577,bcc,4,0.0007618843,0.9873569,0.0026043036,0.00010774205,0.0013074497,0.007407207,0.00045449781
ISIC_0028035,HAM_0002577,bcc,4,0.0003523852,0.9945418,0.00058783346,0.000103758764,0.00047977568,0.0035868778,0.00034760023
ISIC_0026074,HAM_0000968,bcc,4,5.1023875e-05,0.9995957,9.8207136e-05,2.5403292e-06,5.770481e-05,0.00015917257,3.5690045e-05
ISIC_0025266,HAM_0004300,bcc,4,0.000113563285,0.99888164,0.00088759244,3.2979394e-06,5.2043863e-05,4.0177125e-05,2.1673934e-05
ISIC_0032316,HAM_0000868,bcc,4,2.477564e-06,0.9999684,1.7363881e-06,4.0888035e-06,9.403772e-07,2.186769e-05,5.4212677e-07
ISIC_0026054,HAM_0002943,nv,4,0.0024789781,0.0012081575,0.024239106,0.0022748383,0.115655966,0.8004629,0.05368007
ISIC_0031463,HAM_0001263,nv,4,0.0010661528,0.00073958514,0.00024724661,0.0026207769,0.0005453358,0.9937236,0.0010573396
ISIC_0027836,HAM_0002994,nv,4,0.0012025272,0.00025428855,0.0008010558,0.0013942751,0.004932285,0.99058187,0.0008337801
ISIC_0028690,HAM_0002773,nv,4,0.00028194443,0.0035855917,0.0060681063,0.0023745648,0.004845008,0.9826026,0.00024210374
ISIC_0031157,HAM_0003238,nv,4,0.0023689708,0.008979779,0.040878333,0.004243818,0.003074671,0.93448424,0.0059701498
ISIC_0028539,HAM_0002215,nv,4,0.001454911,0.0011046783,0.0071342746,0.00092389504,0.004669642,0.9810433,0.0036692729
ISIC_0031777,HAM_0006909,nv,4,0.008208182,0.008152262,0.0053673093,0.0130495615,0.014300682,0.9413537,0.009568264
ISIC_0025052,HAM_0005424,nv,4,3.5874127e-05,0.00011312053,0.00039309816,0.00029283983,0.0018771988,0.9969324,0.00035548155
ISIC_0027843,HAM_0006671,nv,4,0.00019158705,2.9843506e-05,0.00094072503,0.00074127346,0.007112436,0.99065685,0.00032717607
ISIC_0030293,HAM_0007618,nv,4,0.0020046134,0.0051289676,0.007676968,0.15971339,0.0016361177,0.62371004,0.20012993
ISIC_0028319,HAM_0001464,nv,4,0.0019450673,0.00028407088,0.036379576,0.00093690614,0.029203279,0.93003154,0.0012195717
ISIC_0027485,HAM_0003060,nv,4,0.001562272,0.00047693157,0.0361877,0.0015186485,0.008690283,0.9507717,0.0007924944
ISIC_0028833,HAM_0001015,nv,4,0.0015792794,0.0015608803,0.0035278182,0.005066956,0.002836066,0.9829541,0.0024748691
ISIC_0028062,HAM_0004964,nv,4,0.0003519427,7.75268e-06,0.00098224,1.8309383e-05,0.0004727243,0.9981548,1.2244416e-05
ISIC_0024838,HAM_0002264,nv,4,7.943297e-05,0.0025909417,0.016303454,0.002276472,0.0033414871,0.9738143,0.0015938964
ISIC_0027456,HAM_0005323,nv,4,8.8624765e-05,3.3835844e-05,0.00021742897,0.00036164437,0.00088594726,0.99703014,0.001382269
ISIC_0026529,HAM_0007109,nv,4,0.0018683535,0.0003017415,0.0020113136,0.0012157608,0.05817956,0.9353099,0.001113468
ISIC_0027557,HAM_0005169,nv,4,0.0009964682,0.0031421257,0.0016793968,0.000437883,0.0045212614,0.98722655,0.0019962816
ISIC_0026227,HAM_0000986,nv,4,0.0003677764,0.002351818,0.00044797646,0.0074923313,0.00031704307,0.98851544,0.00050762383
ISIC_0025109,HAM_0005031,nv,4,0.0004804131,0.0016252164,0.0010452277,0.00083822536,0.0010847441,0.99391997,0.0010061677
ISIC_0024989,HAM_0002035,nv,4,0.0054363804,0.02166994,0.011100395,0.018096657,0.0019497924,0.9304717,0.011275201
ISIC_0029218,HAM_0005633,nv,4,0.0024148861,0.009887982,0.014348346,0.02326125,0.009839819,0.93966115,0.0005866148
ISIC_0029871,HAM_0003529,nv,4,0.0013392472,0.00018902043,0.000982689,0.002319668,0.06929666,0.9253699,0.0005028897
ISIC_0025017,HAM_0006874,nv,4,0.00022424314,0.0001323417,0.00038632395,0.00043224002,0.013645013,0.98406744,0.0011124203
ISIC_0027901,HAM_0004320,nv,4,4.4877648e-05,0.00047407317,0.000265153,0.0005724001,5.4344648e-05,0.99819654,0.00039263687
ISIC_0026235,HAM_0002649,nv,4,0.00077164033,0.0001320121,0.00031729968,0.008948151,0.007835262,0.9816166,0.00037901703
ISIC_0024393,HAM_0001432,nv,4,0.0035740267,0.00081957993,0.0018614376,0.0017623737,0.010033399,0.9794333,0.00251587
ISIC_0031343,HAM_0006505,nv,4,0.0011899282,0.00075932476,0.013296053,0.00046872094,0.013348091,0.96973026,0.0012074872
ISIC_0027148,HAM_0005949,nv,4,0.00067988026,0.0011672947,0.0006745894,0.0024699564,0.00048446713,0.99353653,0.0009872898
ISIC_0025430,HAM_0002972,nv,4,0.00020762242,8.241305e-06,0.0014517796,0.035121918,0.0002494641,0.96234417,0.0006168269
ISIC_0024621,HAM_0000314,nv,4,0.0001237551,5.5563334e-05,8.572267e-05,0.00021144169,0.0005226848,0.99888855,0.00011224102
ISIC_0030101,HAM_0004712,nv,4,0.00052999175,0.0009891884,0.00032461085,0.0067171026,0.00022179814,0.9886656,0.0025517042
ISIC_0029788,HAM_0004822,nv,4,0.0022406327,0.00024152534,0.00074759196,0.0014326023,0.049766604,0.9445452,0.0010258363
ISIC_0025200,HAM_0002388,nv,4,0.00029195318,9.731574e-05,0.000470199,0.00094013836,0.0068223597,0.99100643,0.00037159497
ISIC_0025059,HAM_0000450,nv,4,0.0005341554,0.0006052774,0.00037656,0.002557038,0.013628857,0.9771599,0.0051383167
ISIC_0029073,HAM_0001774,nv,4,0.0036104373,0.00045411114,0.005814713,0.0029756709,0.011362441,0.9750236,0.00075900916
ISIC_0026257,HAM_0002630,nv,4,0.0019692222,0.00038137852,0.0027947323,0.00086112996,0.02793785,0.96485186,0.0012037614
ISIC_0031227,HAM_0002252,nv,4,0.00018159591,8.068879e-06,2.9921024e-05,6.6642504e-05,0.0006341416,0.9990669,1.26446375e-05
ISIC_0028391,HAM_0005528,nv,4,0.00022184246,0.002325236,0.00073596777,0.0055847648,0.020323755,0.9659562,0.0048521277
ISIC_0029587,HAM_0003160,nv,4,0.0024806757,0.000993513,0.0012970513,0.0011302041,0.21685612,0.77636653,0.00087591645
ISIC_0030147,HAM_0004366,nv,4,0.002532539,0.0016952923,0.0023014038,0.0070276493,0.003139508,0.9749121,0.008391509
ISIC_0030924,HAM_0004049,nv,4,0.0049690525,0.006320313,0.0034784984,0.00087180606,0.00051703263,0.9835141,0.00032928842
ISIC_0025494,HAM_0000677,nv,4,0.0007129367,0.0003764257,0.0023262429,0.0008675574,0.052379344,0.94306695,0.00027060023
ISIC_0028563,HAM_0002126,nv,4,0.0008868079,3.6890015e-05,0.008956443,0.00042177175,0.009478384,0.98013043,8.9188616e-05
ISIC_0024903,HAM_0004238,nv,4,0.02020381,0.002074542,0.03249887,0.0033837964,0.06803177,0.8685714,0.0052358108
ISIC_0030216,HAM_0001951,nv,4,0.0057989657,0.00073689583,0.0020128952,0.0007844216,0.7062192,0.28422594,0.00022168881
ISIC_0030345,HAM_0004598,nv,4,0.00038477837,0.0063448697,0.001994553,0.001409524,0.00032275266,0.9887828,0.00076075253
ISIC_0026973,HAM_0003557,nv,4,0.002261127,0.00026742875,0.0043048337,0.0017243796,0.002773775,0.98825586,0.0004125869
ISIC_0031047,HAM_0002594,nv,4,0.015041002,0.000787905,0.006212501,0.0039857123,0.069214344,0.90197873,0.0027797595
ISIC_0027979,HAM_0003272,nv,4,0.0021069266,0.09897227,0.025868936,0.008037335,0.0026144418,0.86169577,0.000704355
ISIC_0027635,HAM_0006394,nv,4,0.0003204873,0.00057412696,0.00026208552,0.00035301916,0.008461487,0.98954344,0.00048535556
ISIC_0024521,HAM_0007330,nv,4,0.0022299478,0.00021545638,0.000657845,0.00033046238,0.005369976,0.9908834,0.0003128755
ISIC_0030811,HAM_0001156,nv,4,0.00012611134,3.467953e-05,0.00023377349,0.000170532,0.0008007541,0.9982187,0.00041552715
ISIC_0025764,HAM_0003270,nv,4,0.0014547975,0.009859554,0.0028539237,0.0018052281,0.00019940088,0.98192513,0.0019020515
ISIC_0030715,HAM_0003339,nv,4,0.0005344208,0.0002492579,0.0007419698,0.0008093428,0.006796426,0.99013597,0.0007326097
ISIC_0031393,HAM_0006247,nv,4,0.0011494525,0.00091911224,0.0022319152,0.001684738,0.0034636161,0.9884339,0.002117266
ISIC_0030195,HAM_0004110,nv,4,0.0004966729,0.0010250953,0.020349715,0.0020526294,0.0014107502,0.9709755,0.0036897082
ISIC_0025070,HAM_0002913,nv,4,0.0002449799,0.00018600722,9.3713155e-05,0.001163609,0.0051617334,0.99233574,0.00081431563
ISIC_0030628,HAM_0002707,nv,4,0.00029746228,0.00026716475,0.004975006,0.00042818062,0.010233002,0.98343116,0.000368035
ISIC_0030670,HAM_0000726,nv,4,0.00020407465,0.000111387715,0.004743269,0.0034181175,0.1490796,0.84130085,0.0011426919
ISIC_0030996,HAM_0007222,nv,4,0.0030365067,0.00033149717,0.16514131,0.00052151823,0.061049454,0.76959467,0.00032508542
ISIC_0027929,HAM_0003442,nv,4,0.0018240132,0.00074893906,0.0011979706,0.0015555971,0.0028604823,0.9897237,0.0020892003
ISIC_0029155,HAM_0007379,nv,4,0.0009908228,0.0006466324,0.0015137781,0.0038873353,0.0008916441,0.9902991,0.0017706504
ISIC_0029411,HAM_0002866,nv,4,0.019647723,0.0024081056,0.0036989148,0.00079410896,0.009059849,0.9639388,0.00045246963
ISIC_0030831,HAM_0002926,nv,4,0.0018370416,0.000999758,0.0005883017,0.0042816903,0.0019102211,0.98855317,0.0018298797
ISIC_0026012,HAM_0000028,nv,4,0.00028995826,0.0050772754,0.0046591703,0.0006458184,0.059165653,0.9237007,0.006461514
ISIC_0029752,HAM_0000028,nv,4,1.8149289e-05,9.262084e-05,0.00016543729,4.3622997e-05,0.0012842224,0.9971872,0.0012087739
ISIC_0027861,HAM_0003343,nv,4,0.00028416002,7.6930075e-05,0.017927099,8.871908e-05,0.9807,0.00089559366,2.7323324e-05
ISIC_0031615,HAM_0000569,nv,4,1.25449515e-05,6.210201e-06,0.9238911,9.47084e-05,0.0063665337,0.0695925,3.6370984e-05
ISIC_0031592,HAM_0000569,nv,4,0.00017495191,0.0003088546,0.7573328,0.0008153143,0.021068342,0.2191088,0.0011909183
ISIC_0026618,HAM_0006916,nv,4,3.451347e-05,0.00037985406,0.00029525338,0.021502404,0.0154876,0.96099514,0.0013052659
ISIC_0026670,HAM_0006916,nv,4,4.282577e-05,9.976756e-05,0.0005289066,0.004400459,0.024127902,0.9694495,0.0013506104
ISIC_0030429,HAM_0006146,nv,4,0.00040006047,0.43191785,0.18075484,0.0011132659,0.0029445444,0.36943892,0.0134305535
ISIC_0028159,HAM_0006146,nv,4,0.00012422024,0.48013458,0.04551807,0.0011224039,0.015657825,0.4484096,0.009033337
ISIC_0032542,HAM_0003852,nv,4,0.00015671045,8.875601e-06,6.913357e-05,0.0018535516,0.93998444,0.057902116,2.5087473e-05
ISIC_0034224,HAM_0003852,nv,4,0.00012698317,1.3862827e-05,0.0001662655,0.00023128807,0.51336485,0.4860441,5.2625208e-05
ISIC_0032587,HAM_0003288,nv,4,0.0012975732,1.3991724e-05,6.1976e-05,0.0030180532,0.311821,0.68374544,4.193506e-05
ISIC_0033824,HAM_0003288,nv,4,0.00016439173,2.22915e-05,0.0012356372,8.462161e-05,0.020030003,0.978385,7.810949e-05
ISIC_0033830,HAM_0003288,nv,4,0.00062654493,5.8563008e-05,0.00046243664,0.00059204333,0.4475348,0.55047715,0.00024849328
ISIC_0032858,HAM_0007148,nv,4,0.00016063591,0.00014371214,0.0012267202,9.443298e-05,0.04225196,0.956032,9.046126e-05
ISIC_0033965,HAM_0007148,nv,4,0.0005434366,0.0027773725,0.0052576754,0.0002492898,0.22269046,0.76821065,0.00027113056
ISIC_0032920,HAM_0005198,nv,4,0.02561688,0.009718324,0.23846166,0.0062991804,0.4969968,0.22205378,0.00085333426
ISIC_0033673,HAM_0005198,nv,4,0.0030958208,0.007948031,0.08109961,0.0016123767,0.64415777,0.26128194,0.00080444454
ISIC_0031290,HAM_0001872,nv,4,0.002264446,0.000891981,0.10910712,0.00072234817,0.29370168,0.5863816,0.00693085
ISIC_0033703,HAM_0005594,nv,4,1.6832651e-05,0.0040935013,0.010021427,3.705425e-05,0.3375843,0.64817387,7.297503e-05
ISIC_0034245,HAM_0005594,nv,4,3.1423093e-05,0.0017675122,0.007551312,7.656714e-05,0.6156017,0.3748427,0.00012872768
ISIC_0028290,HAM_0000348,nv,4,0.0011970414,0.0093330685,0.0069628935,0.0050743017,0.0037415554,0.9363247,0.037366364
ISIC_0025618,HAM_0001612,nv,4,0.0022876563,0.00078751065,0.6367862,0.0003913718,0.056683816,0.29845572,0.0046076733
ISIC_0030305,HAM_0007577,nv,4,2.8220551e-05,4.726053e-05,0.00012784169,0.00011161445,0.025456794,0.9741,0.00012834204
ISIC_0029188,HAM_0001872,nv,4,0.0025396552,0.0011051677,0.05319798,0.0006970205,0.32619554,0.6117987,0.0044659474
ISIC_0027800,HAM_0001872,nv,4,0.0030196246,0.0010405015,0.06799202,0.000719328,0.149673,0.769062,0.008493594
ISIC_0028092,HAM_0006039,nv,4,0.008141183,0.00015622881,0.0031287598,0.00872143,0.22301482,0.7559244,0.0009131925
ISIC_0028212,HAM_0006266,nv,4,0.001760601,0.00029393876,0.016630873,0.0018058763,0.25202352,0.72357917,0.003906064
ISIC_0027401,HAM_0007046,nv,4,0.0003175351,3.3995e-05,0.0047488916,0.000797504,0.7725588,0.2213418,0.00020144376
ISIC_0028637,HAM_0007046,nv,4,0.0016181046,5.8881924e-05,0.005918058,0.0032718547,0.8439485,0.14466482,0.00051970873
ISIC_0025443,HAM_0002497,nv,4,0.056433834,0.0002455067,0.0035448323,0.0009709978,0.10099794,0.8374274,0.00037950624
ISIC_0028857,HAM_0002107,nv,4,0.00068682944,0.00017952046,0.003418874,0.0005412086,0.30971697,0.68445826,0.0009983556
ISIC_0030981,HAM_0001552,nv,4,0.00010271888,2.6848207e-05,4.2569434e-05,0.00045365974,0.041278195,0.95801705,7.906554e-05
ISIC_0025899,HAM_0001552,nv,4,0.00046783182,0.0006197765,0.0004201816,0.00020719405,0.65875626,0.33909866,0.0004301459
ISIC_0024781,HAM_0003919,nv,4,0.0013309573,0.30237857,0.004205062,0.002033435,0.03560619,0.65021604,0.0042297733
ISIC_0025463,HAM_0007075,nv,4,0.0019647363,0.0010353433,0.0010373674,0.0020853325,0.59597677,0.39700615,0.0008942666
ISIC_0032195,HAM_0007075,nv,4,0.0019456336,0.00069577247,0.0115011055,0.0016082682,0.13787258,0.8445719,0.0018046963
ISIC_0031802,HAM_0003836,nv,4,0.0069495114,0.00034475207,0.0024762615,0.0015063351,0.23337542,0.75481784,0.0005298071
ISIC_0029174,HAM_0001381,nv,4,0.008350028,0.40906188,0.106553964,0.0039829803,0.03109995,0.18893547,0.2520157
ISIC_0028870,HAM_0001381,nv,4,0.0006971244,0.0142922355,0.056692734,0.00029003766,0.0040748487,0.31682488,0.60712814
ISIC_0028643,HAM_0005537,nv,4,0.014039402,0.0008913946,0.16690984,0.2659409,0.12623647,0.42455754,0.0014244445
ISIC_0024657,HAM_0005537,nv,4,0.006033651,8.5145824e-05,0.008892156,0.005565249,0.058147177,0.9211958,8.092997e-05
ISIC_0032279,HAM_0004991,nv,4,0.001205664,0.13116862,0.08160368,0.0009389722,0.17428003,0.6088914,0.0019116526
ISIC_0032412,HAM_0002234,nv,4,0.000592717,9.431848e-06,0.00044522702,0.00013096779,0.9238265,0.074948825,4.624419e-05
ISIC_0031011,HAM_0003919,nv,4,0.0025911406,0.047665484,0.084065,0.0026629698,0.49474937,0.3655185,0.0027475012
ISIC_0028809,HAM_0004991,nv,4,0.000646719,0.0014043116,0.010732093,0.0006530655,0.16199963,0.8243104,0.00025375388
ISIC_0032344,HAM_0003919,nv,4,0.0040197154,0.6577779,0.06437005,0.002299329,0.08346389,0.18427078,0.0037983642
ISIC_0026260,HAM_0000187,nv,4,0.0010777204,0.00018401646,0.0060670674,0.00015739762,0.21565418,0.7766006,0.00025899845
ISIC_0028596,HAM_0003322,nv,4,0.00087590556,0.00022407413,0.45818296,0.00047251562,0.002332627,0.5377667,0.00014523938
ISIC_0026295,HAM_0006967,nv,4,0.00032946843,0.011284349,0.0006059852,0.0055508106,0.24304357,0.72985816,0.009327686
ISIC_0030019,HAM_0006967,nv,4,0.0002272391,0.0019100965,0.00028557892,0.0018119785,0.4165137,0.578272,0.0009794001
ISIC_0033011,HAM_0006459,nv,4,4.393777e-05,7.665123e-06,0.0018528375,0.00019443133,0.037525438,0.96026236,0.00011330009
ISIC_0032979,HAM_0003359,nv,4,0.0014100278,0.00265494,0.0030261204,0.0010747898,0.9714266,0.020319443,8.805198e-05
ISIC_0033622,HAM_0003818,nv,4,0.00013488461,0.00014901234,0.00012305395,0.00019721659,0.013598314,0.9854997,0.000297797
ISIC_0034302,HAM_0004215,nv,4,0.0023890687,0.00023231462,0.00042645825,0.0031828242,0.048432983,0.94471586,0.0006204931
ISIC_0033187,HAM_0003034,nv,4,0.0030263893,0.0005764695,0.009965636,0.00084533665,0.68354475,0.30037344,0.0016680697
ISIC_0031649,HAM_0003322,nv,4,0.0115275355,0.0005810775,0.5928036,0.0010813633,0.011112344,0.3827428,0.00015128734
ISIC_0031624,HAM_0002092,bkl,4,0.00012165836,5.559058e-05,0.9686307,1.7020524e-05,0.0013448853,0.02976882,6.129326e-05
ISIC_0025510,HAM_0002092,bkl,4,0.00012911067,0.00028700457,0.9414733,0.000394594,0.01104672,0.046146493,0.0005227522
ISIC_0024623,HAM_0003458,bkl,4,0.00013581262,0.0018290591,0.9730875,3.598139e-06,0.023796452,0.00091283,0.00023466317
ISIC_0029613,HAM_0003458,bkl,4,3.50493e-06,7.581074e-06,0.9992072,4.017822e-07,0.00076130184,1.823941e-05,1.8433645e-06
ISIC_0032732,HAM_0005299,bkl,4,5.4970853e-05,4.6192877e-06,0.7343955,0.000110827496,0.060637113,0.20473245,6.451897e-05
ISIC_0032778,HAM_0005299,bkl,4,0.0019540724,4.654252e-05,0.49573842,0.00073951256,0.094798304,0.4061935,0.000529539
ISIC_0033466,HAM_0005299,bkl,4,0.004906857,5.8910864e-05,0.34652597,0.0005744248,0.27199134,0.37541643,0.00052609335
ISIC_0033379,HAM_0002008,bkl,4,1.3028684e-05,0.00010750152,0.9899747,9.330777e-05,0.00021950438,0.009517652,7.439144e-05
ISIC_0033438,HAM_0002008,bkl,4,4.8442776e-05,0.0004760579,0.9887644,0.0001350674,0.0004916495,0.009712456,0.00037184203
ISIC_0032983,HAM_0002008,bkl,4,3.0128253e-05,0.00013241384,0.9750354,5.7847326e-05,0.0017712453,0.022841237,0.00013164025
ISIC_0034024,HAM_0002008,bkl,4,2.0544054e-05,0.00019973384,0.99224746,6.55444e-05,0.0007953813,0.0065692156,0.000102113736
ISIC_0032654,HAM_0000790,bkl,4,0.00049886014,0.00028093043,0.90372366,5.9232265e-05,0.065978974,0.029363895,9.4468196e-05
ISIC_0032576,HAM_0000790,bkl,4,3.7930495e-05,1.8022387e-05,0.9940904,5.8054793e-06,0.0050363014,0.00081019814,1.2555229e-06
ISIC_0030118,HAM_0003613,bkl,4,0.00010416266,1.1021633e-05,0.9161955,1.1416004e-05,0.06495829,0.018647248,7.2433766e-05
ISIC_0026775,HAM_0001389,bkl,4,0.00090383645,0.001195636,0.98538625,0.000108370354,0.009957312,0.0022833666,0.00016524506
ISIC_0029031,HAM_0004143,bkl,4,0.18816026,0.33023152,0.47674486,0.00016727827,0.0035661038,0.0009440011,0.00018588484
ISIC_0029139,HAM_0007603,bkl,4,1.0818334e-05,1.1008538e-06,0.99932575,7.867447e-07,0.00041720847,0.00024052038,3.7680393e-06
ISIC_0026744,HAM_0001820,bkl,4,0.015162656,0.0017012028,0.7961384,0.00023385843,0.06115226,0.12547629,0.00013534685
ISIC_0031519,HAM_0000149,bkl,4,0.053712007,0.009318946,0.5726151,0.031219224,0.13337737,0.19905338,0.00070401316
ISIC_0025113,HAM_0000149,bkl,4,0.535319,0.022203404,0.32980046,0.07303359,0.027190901,0.011518975,0.00093360705
ISIC_0030605,HAM_0001820,bkl,4,0.0023124292,0.00053967966,0.50720924,0.00023256712,0.2540465,0.23541394,0.00024563982
ISIC_0024786,HAM_0002227,bkl,4,0.004299453,0.0112778805,0.71603006,0.0016804046,0.23797357,0.025142774,0.0035958374
ISIC_0032111,HAM_0006064,bkl,4,0.003103586,0.003929051,0.96658486,0.00023446482,0.0075117555,0.015283845,0.003352501
ISIC_0031132,HAM_0006064,bkl,4,0.00044379558,0.005732791,0.61282384,0.0004596753,0.128706,0.25052187,0.0013120531
ISIC_0029320,HAM_0006186,bkl,4,0.0002934719,0.00021428968,0.9008363,0.00231737,0.0048504933,0.09007018,0.0014179638
ISIC_0029427,HAM_0006186,bkl,4,0.0012125646,0.0011105407,0.8551966,0.022784654,0.016815737,0.09899619,0.0038837455
ISIC_0030173,HAM_0001982,bkl,4,0.0001631055,3.8214897e-05,0.9860167,3.2879023e-05,0.006007972,0.007699337,4.1725652e-05
ISIC_0029012,HAM_0001982,bkl,4,0.0002299482,0.00021643867,0.5760939,0.00018225962,0.117040575,0.30596116,0.00027575
ISIC_0033701,HAM_0004245,bkl,4,4.5855018e-06,2.8639345e-06,0.9945134,9.3356175e-06,0.00037638567,0.0050779614,1.5573265e-05
ISIC_0033884,HAM_0004245,bkl,4,5.354925e-06,4.3196433e-06,0.9972754,5.230878e-06,0.00013626328,0.0025654563,8.023009e-06
ISIC_0034151,HAM_0006238,bkl,4,3.4108587e-07,4.245516e-06,0.9994935,4.406024e-06,5.3794432e-05,0.00043305437,1.0735947e-05
ISIC_0032330,HAM_0000090,bkl,4,1.8944218e-06,6.5864037e-06,0.99918467,0.00014272721,2.6408325e-05,0.00059173227,4.6032303e-05
ISIC_0029202,HAM_0002355,bkl,4,0.00034235383,0.00035218798,0.9978756,0.00028078875,0.00017988002,0.0007926997,0.00017657319
ISIC_0031619,HAM_0005626,bkl,4,0.0010566436,2.5613672e-05,0.9882323,0.00014653537,0.0010872612,0.009445394,6.2891713e-06
ISIC_0031196,HAM_0000734,bkl,4,1.2297894e-05,8.321171e-06,0.9986059,0.00015632052,3.8702816e-05,0.0011590157,1.9499046e-05
ISIC_0028331,HAM_0002962,bkl,4,0.009992814,7.926545e-06,0.06744348,0.006347168,0.015556726,0.9006231,2.876846e-05
ISIC_0027612,HAM_0001990,bkl,4,0.0007131044,0.00077255705,0.9789513,0.001247876,0.0016307189,0.01664755,3.6989844e-05
ISIC_0033422,HAM_0003597,df,4,4.792322e-09,5.376837e-10,2.8066966e-08,0.9999993,5.4679595e-07,8.121446e-08,2.2904172e-09
ISIC_0027488,HAM_0003597,df,4,1.435895e-10,2.1342674e-11,5.1313824e-09,0.9999999,9.3934865e-08,4.644881e-09,4.37134e-10
ISIC_0027216,HAM_0007129,df,4,0.034418568,5.908722e-06,0.00052159856,0.8687989,0.00609455,0.090151064,9.479066e-06
ISIC_0029000,HAM_0005481,mel,4,0.000116508556,9.4535964e-05,0.00062371854,0.0002254551,0.8663352,0.13233887,0.000265651
ISIC_0025955,HAM_0005481,mel,4,4.9015933e-05,9.8052675e-05,0.00040641706,0.00013428414,0.80861884,0.19056916,0.00012419252
ISIC_0033931,HAM_0005490,mel,4,0.09388034,0.012502239,0.009263695,0.0059840125,0.8760467,0.0020083117,0.00031467303
ISIC_0033942,HAM_0000322,mel,4,1.322184e-05,4.1039425e-06,0.113824934,1.6134173e-06,0.8848719,0.0012818874,2.2487752e-06
ISIC_0033473,HAM_0000322,mel,4,0.0003264448,0.00070609176,0.23204046,1.336913e-05,0.7638092,0.0030477154,5.67276e-05
ISIC_0030034,HAM_0006207,mel,4,8.727036e-05,0.0011317392,0.00176662,0.9665718,0.00539659,0.016876195,0.008169765
ISIC_0030356,HAM_0005481,mel,4,0.002860391,0.0012742588,0.07629824,0.02572573,0.50610274,0.3797945,0.007944206
ISIC_0029591,HAM_0005121,mel,4,0.21774583,0.0025799798,0.031415246,0.0015345701,0.73662466,0.0067642326,0.0033354831
ISIC_0030110,HAM_0001655,mel,4,0.010093293,0.00015162103,0.011759991,0.0020168151,0.95683306,0.018646168,0.000499092
ISIC_0030423,HAM_0005121,mel,4,6.2543535e-05,1.8778972e-05,0.012393474,5.6946534e-05,0.9845355,0.0028461826,8.649456e-05
ISIC_0028897,HAM_0002109,mel,4,1.0895607e-05,5.016938e-07,0.00083809637,9.881887e-06,0.9986313,0.00050585513,3.4017746e-06
ISIC_0033483,HAM_0007471,bcc,4,0.0034973393,0.61819696,0.08836665,2.9528139e-05,0.23880215,0.05094331,0.00016405265
ISIC_0032536,HAM_0007471,bcc,4,0.055193216,0.6560889,0.101800494,0.0013937519,0.14300203,0.040237214,0.0022844838
ISIC_0025617,HAM_0004539,bcc,4,0.009735811,0.8188818,0.010485881,0.0010551078,0.10595536,0.053277705,0.00060826883
ISIC_0027531,HAM_0004662,bcc,4,0.259232,0.7341689,0.0029726736,0.00081706047,0.0023458442,0.00042720998,3.63223e-05
ISIC_0024331,HAM_0004662,bcc,4,0.15507698,0.8237306,0.01998723,0.0006577246,0.000116095296,0.0003398927,9.148089e-05
ISIC_0028973,HAM_0005665,bcc,4,0.004627406,0.992434,0.0019555439,0.00044975232,1.10847695e-05,0.000494922,2.7221568e-05
ISIC_0029082,HAM_0005665,bcc,4,9.7558426e-05,0.9993161,0.0001731541,0.00020377648,2.206459e-06,0.00020253652,4.6710734e-06
ISIC_0029351,HAM_0006224,nv,4,0.0004269552,5.9849637e-05,0.00071711326,0.00644169,8.966964e-05,0.9912074,0.0010572404
ISIC_0032391,HAM_0004481,nv,4,4.6482637e-05,6.4914e-05,0.00017203063,0.006531496,0.00020469083,0.9923477,0.00063265086
ISIC_0031833,HAM_0006703,nv,4,5.3262353e-05,0.005774834,0.00080752966,0.018677838,0.0009683758,0.14828189,0.8254362
ISIC_0024327,HAM_0005939,nv,4,0.00018993574,0.00028568477,0.0011310093,0.0007105376,0.001948492,0.9936953,0.002039013
ISIC_0032025,HAM_0001906,nv,4,0.0002877511,0.0031623433,0.038094997,0.0021241338,0.0005711448,0.9550489,0.0007108013
ISIC_0024544,HAM_0007336,nv,4,0.0037395025,0.0009957197,0.0031923251,0.06706561,0.0035060833,0.919505,0.001995756
ISIC_0025994,HAM_0006655,nv,4,0.03345557,0.123606496,0.037578393,0.004584447,0.25698987,0.5413976,0.0023876885
ISIC_0028962,HAM_0001322,nv,4,0.0011116087,0.00013289244,0.0008648767,0.0620704,0.002551963,0.93192613,0.0013421662
ISIC_0028694,HAM_0004841,nv,4,0.006624295,0.012267518,0.46304038,0.05041481,0.08237251,0.33514795,0.050132513
ISIC_0026137,HAM_0006669,nv,4,0.0001675768,3.351747e-05,0.0012060123,0.000133083,0.75577897,0.2425069,0.00017391231
ISIC_0031837,HAM_0005975,nv,4,1.7107139e-05,2.7767628e-05,0.00081705535,6.1245264e-05,0.00026383813,0.99859565,0.00021745161
ISIC_0024421,HAM_0001260,nv,4,0.0001989579,0.0011010623,0.0023564112,0.00089603197,0.0017296786,0.9932307,0.00048716413
ISIC_0030003,HAM_0005229,nv,4,0.00011141643,9.354758e-05,0.00016116285,0.00094019505,0.00011328155,0.9983516,0.00022883505
ISIC_0030658,HAM_0002474,nv,4,0.00015241407,2.6485595e-05,0.00055370945,0.00025624456,0.008427844,0.99043334,0.00015005111
ISIC_0028077,HAM_0002166,nv,4,0.00048623089,0.0001102013,0.004021276,0.0016946285,0.012712684,0.980736,0.00023882858
ISIC_0028660,HAM_0003674,nv,4,0.0004326916,0.00074398244,0.0008926069,0.0005632351,0.00083729916,0.99573475,0.00079545315
ISIC_0028939,HAM_0005218,nv,4,0.00010058692,0.0011212004,0.0003311027,0.0009585453,0.00026971084,0.99668914,0.00052961754
ISIC_0030570,HAM_0004885,nv,4,0.00011853959,0.000132499,0.0031692737,0.0008077013,0.0132279955,0.981396,0.001147975
ISIC_0030092,HAM_0002000,nv,4,0.0067514377,0.004992804,0.0033422043,0.051874015,0.27608064,0.6394042,0.017554704
ISIC_0030679,HAM_0005784,nv,4,0.00028243888,0.00029773285,0.010733848,0.0033878784,0.00031508334,0.98432577,0.00065733166
ISIC_0028712,HAM_0002160,nv,4,0.00015469326,0.00020057934,0.00017787705,0.00080915075,0.00075827324,0.9974214,0.00047812026
ISIC_0027610,HAM_0006996,nv,4,0.0047279866,0.0019805653,0.00497428,0.0103369625,0.07645501,0.90011525,0.0014099278
ISIC_0026920,HAM_0001806,nv,4,0.00567479,0.021458304,0.07872151,0.0036926563,0.0016692941,0.88522184,0.003561612
ISIC_0026814,HAM_0003917,nv,4,0.0030571015,0.001498668,0.0013486551,0.0024432917,0.012120627,0.9756386,0.0038929472
ISIC_0029508,HAM_0004966,nv,4,0.0067207636,0.00070767186,0.0025759477,0.0047762184,0.0029317865,0.98102725,0.0012603301
ISIC_0029639,HAM_0001543,nv,4,2.6595682e-05,0.00035342202,9.373902e-05,0.009026295,0.00137111,0.98873967,0.00038929703
ISIC_0026397,HAM_0000340,nv,4,0.00012876332,9.494412e-05,0.00065263815,0.00041850418,0.00102087,0.9975465,0.00013787331
ISIC_0031490,HAM_0005685,nv,4,0.025525749,0.103824586,0.024447693,0.0036298349,0.019632287,0.8150502,0.00788967
ISIC_0028133,HAM_0003087,nv,4,0.001900412,0.00031689368,0.0058379825,0.00031076436,0.0014341562,0.98998123,0.00021865005
ISIC_0029721,HAM_0006212,nv,4,0.00093802024,0.0005381339,0.001055675,0.0010838803,0.006552613,0.98925656,0.0005750826
ISIC_0028071,HAM_0000969,nv,4,9.279165e-05,0.00013009268,8.598602e-05,0.00033497237,0.00078123837,0.99805105,0.00052403467
ISIC_0031764,HAM_0003454,nv,4,0.00024771164,0.00198465,0.0012922249,0.00045339213,0.0008209871,0.9936499,0.0015511283
ISIC_0026838,HAM_0000250,nv,4,0.0016494507,0.0027921435,0.0052470653,0.004503419,0.007219319,0.9541243,0.024464417
ISIC_0030927,HAM_0002948,nv,4,0.0016988642,0.0005066165,0.000556953,0.0021888535,0.011002516,0.98270744,0.0013386728
ISIC_0028207,HAM_0000491,nv,4,0.0029508416,0.0032535496,0.018495724,0.002199313,0.012397752,0.9584271,0.0022757843
ISIC_0028729,HAM_0006989,nv,4,0.00044098322,0.00028667317,0.0060107904,0.00042450376,0.0004345706,0.99227625,0.00012609728
ISIC_0030327,HAM_0005815,nv,4,0.0006029793,0.00031681822,0.00040959302,0.0006519761,0.004015347,0.99361926,0.0003840263
ISIC_0024542,HAM_0000224,nv,4,0.0024588483,0.00025226266,0.00059112837,0.0018048707,0.0017561873,0.99233353,0.0008032564
ISIC_0031370,HAM_0007092,nv,4,0.016822256,0.0029440403,0.020079609,0.012813329,0.026793433,0.9160008,0.004546479
ISIC_0029497,HAM_0001300,nv,4,0.009315795,0.0017459048,0.014166794,0.006585759,0.0013321112,0.9636705,0.0031831104
ISIC_0032171,HAM_0006536,nv,4,0.00074358,0.0003286752,0.0028587966,0.0027600385,0.024360888,0.96269506,0.0062529575
ISIC_0027182,HAM_0000172,nv,4,0.001011335,0.00088469015,0.00058132823,0.0016058828,0.00207057,0.9912498,0.0025964428
ISIC_0029732,HAM_0006356,nv,4,0.001832974,0.0002674387,0.0009696899,0.0010786026,0.008600654,0.9863643,0.0008863683
ISIC_0028824,HAM_0003053,nv,4,0.00076391216,0.0013186334,0.0048310207,0.0013070947,0.0012053285,0.98998487,0.0005891537
ISIC_0027656,HAM_0002578,nv,4,0.0010044446,0.0005503902,0.0042154696,0.000753765,0.003332269,0.98931503,0.0008286577
ISIC_0031736,HAM_0004993,nv,4,0.0010444687,0.00027865503,0.0009491439,0.00394949,0.04359549,0.94864225,0.0015406127
ISIC_0028806,HAM_0004175,nv,4,0.0009777242,0.00016792357,0.0011886104,0.00035135256,0.010813472,0.98583406,0.00066675
ISIC_0025382,HAM_0003793,nv,4,0.0088252695,0.007395423,0.020322436,0.0039009217,0.025730766,0.9296849,0.0041403617
ISIC_0027131,HAM_0000088,nv,4,0.00090120663,0.0003257585,0.00022345348,0.0014240412,0.0049052946,0.99022514,0.001995026
ISIC_0031902,HAM_0005432,nv,4,0.001171743,0.0014928392,0.003112864,0.0016540369,0.0036428624,0.98426074,0.0046649827
ISIC_0031842,HAM_0006752,nv,4,0.0018561273,0.0014914401,0.0013487204,0.0018743423,0.002571949,0.98526067,0.005596777
ISIC_0031684,HAM_0001351,nv,4,0.0034247674,0.0010450052,0.0017706834,0.003223561,0.00585567,0.9792581,0.0054222248
ISIC_0029766,HAM_0004023,nv,4,0.0011739931,0.00026426572,0.0016188237,0.0015598512,0.037205823,0.9576787,0.0004985584
ISIC_0029616,HAM_0002842,nv,4,0.0012571025,0.00014594712,0.009955701,0.00075138354,0.0058326847,0.9804279,0.0016291962
ISIC_0031843,HAM_0001471,nv,4,0.012573688,0.00065978937,0.010291905,0.0047344635,0.038722888,0.9326887,0.0003285388
ISIC_0025270,HAM_0004764,nv,4,0.0020849353,0.0010837647,0.0242721,0.004114121,0.038767774,0.9237927,0.00588458
ISIC_0031124,HAM_0002510,nv,4,0.00086991343,0.00023482098,0.0034892142,0.002839136,0.008833132,0.9832977,0.00043614034
ISIC_0027699,HAM_0005461,nv,4,0.0023371018,0.0031341836,0.0036821673,0.0019337451,0.0048460294,0.98233,0.0017367867
ISIC_0030153,HAM_0005836,nv,4,0.024538912,0.00082391215,0.10551443,0.041299872,0.019112673,0.80833817,0.00037209233
ISIC_0030551,HAM_0004445,nv,4,0.00014242477,0.00024656905,0.7568641,0.02101422,0.014213724,0.20610842,0.0014106173
ISIC_0029173,HAM_0003292,nv,4,0.0002779208,0.00039040315,0.00048729006,0.0018074109,0.0012437314,0.9934875,0.0023057952
ISIC_0026004,HAM_0006479,nv,4,0.00070797687,0.0025383432,0.0017369264,0.0011181632,0.0012819805,0.9910815,0.0015350791
ISIC_0031879,HAM_0003065,nv,4,0.00022739696,3.7669306e-05,0.0002406486,0.000300958,0.004098182,0.9949883,0.00010689151
ISIC_0030393,HAM_0005238,nv,4,0.004232381,0.0027060746,0.0023533755,0.009639651,0.008851241,0.9681451,0.004072229
ISIC_0032130,HAM_0004072,nv,4,0.0006210218,0.00083731004,0.0035189725,0.000803662,0.0021750005,0.99089736,0.0011467044
ISIC_0028421,HAM_0000085,nv,4,4.065507e-05,6.407488e-06,4.4738154e-05,0.0005755178,0.00027172262,0.99898857,7.233409e-05
ISIC_0030622,HAM_0006134,nv,4,0.0004129072,0.00016185475,0.00026973544,0.00061023724,0.0016075649,0.99580705,0.001130649
ISIC_0026050,HAM_0005473,nv,4,0.0050242436,0.0024450365,0.008997229,0.0044122827,0.007358578,0.96448976,0.007272849
ISIC_0028191,HAM_0001677,nv,4,0.0030886903,0.0018042583,0.00119955,0.0048437947,0.002555618,0.9813976,0.0051104487
ISIC_0027882,HAM_0001823,nv,4,0.0058295177,0.0034437706,0.005425754,0.005049956,0.030129729,0.94743145,0.0026898803
ISIC_0031835,HAM_0006289,nv,4,0.00017318719,0.00014958857,0.0019408416,0.0002180756,0.0007167902,0.9951244,0.0016771742
ISIC_0026363,HAM_0006745,nv,4,0.0008387607,0.0008841792,0.0007548029,0.0044570575,0.000414002,0.9839282,0.008723033
ISIC_0027716,HAM_0004611,nv,4,0.0005958398,0.0004617802,0.00071243074,0.00069389143,0.0038018506,0.9924585,0.0012756387
ISIC_0026646,HAM_0004477,nv,4,0.019003538,0.03402667,0.0117593035,0.032843187,0.0030481874,0.8909439,0.00837532
ISIC_0030497,HAM_0004804,nv,4,0.0010378894,0.00055771647,0.0004724043,0.0014551077,0.0037918105,0.9917727,0.00091236335
ISIC_0024397,HAM_0001501,nv,4,0.0029512043,0.0007354653,0.0011984503,0.00061751215,0.0013015409,0.99302506,0.0001708084
ISIC_0029799,HAM_0003995,nv,4,0.0031981154,0.0038239064,0.063301764,0.0062524397,0.005558321,0.9140041,0.0038614322
ISIC_0024717,HAM_0004887,nv,4,0.00013387002,0.00046361613,0.0023891795,0.023182807,5.3982843e-05,0.9704753,0.0033012934
ISIC_0029875,HAM_0003584,nv,4,3.329155e-05,0.00011552008,4.6583264e-05,0.011714528,0.00077643886,0.9867567,0.00055706763
ISIC_0028332,HAM_0006197,nv,4,0.0017158712,0.00011631126,0.19035776,0.0053842366,0.54974365,0.251691,0.0009911323
ISIC_0032334,HAM_0006197,nv,4,0.0013937753,0.00015822057,0.018048296,0.0005468773,0.4818916,0.49718848,0.00077272835
ISIC_0031705,HAM_0004747,nv,4,0.00019857612,0.00026513392,0.6616557,0.00019741598,0.12751843,0.20983213,0.00033255242
ISIC_0031435,HAM_0004747,nv,4,0.0005658267,0.00064367516,0.45932198,0.0018552744,0.39134717,0.13953914,0.0067269285
ISIC_0027497,HAM_0004699,nv,4,0.0027254685,3.8162027e-05,0.01805216,0.00010516313,0.8372975,0.1410239,0.00075757474
ISIC_0028255,HAM_0004699,nv,4,0.0012360698,2.4479037e-05,0.0030162875,0.00015171987,0.45581776,0.53918666,0.0005670204
ISIC_0033971,HAM_0007451,nv,4,0.00028022227,5.8967675e-05,0.0006908529,0.00035701244,0.3245746,0.6738342,0.00020421573
ISIC_0032527,HAM_0007451,nv,4,0.0003653322,0.0001127334,0.00090863166,0.0022292063,0.15781306,0.8382639,0.00030704026
ISIC_0032964,HAM_0007451,nv,4,7.162882e-06,4.6428045e-06,0.0009594626,3.0631763e-05,0.09457928,0.90438116,3.7751368e-05
ISIC_0032374,HAM_0001279,nv,4,2.2781445e-05,0.99017197,0.0018994445,0.00021155014,0.0009955448,0.0066782446,2.0501082e-05
ISIC_0025855,HAM_0001279,nv,4,0.0028241863,0.5585419,0.049822144,0.021238135,0.0821328,0.2792117,0.0062291254
ISIC_0026084,HAM_0005879,nv,4,0.03351238,0.18893576,0.0026818968,0.049576476,0.46352857,0.25925532,0.0025095865
ISIC_0025262,HAM_0005879,nv,4,0.003726727,0.011518431,0.0042229355,0.0017863578,0.8182206,0.15800089,0.0025240935
ISIC_0032784,HAM_0003507,nv,4,0.015484828,0.0067417365,0.008940077,0.016395215,0.31391993,0.6110346,0.027483644
ISIC_0033459,HAM_0003507,nv,4,0.001914085,0.0016324144,0.022034274,0.0012589706,0.041936386,0.92691046,0.0043134573
ISIC_0032710,HAM_0003507,nv,4,0.0051977504,0.0034120989,0.0037219275,0.007956644,0.17637989,0.77216834,0.031163314
ISIC_0033475,HAM_0006857,nv,4,0.00056948885,9.954389e-05,0.009627472,0.00071849674,0.32653806,0.6622067,0.00024019666
ISIC_0033210,HAM_0006857,nv,4,0.00055520993,0.00012558943,0.009445849,0.0019435586,0.17927746,0.8081875,0.00046480214
ISIC_0033219,HAM_0006857,nv,4,0.0011047389,0.00046232616,0.58928263,0.0019144181,0.09867154,0.30811357,0.00045073516
ISIC_0034153,HAM_0000067,nv,4,0.0028955108,0.72957224,0.11025655,3.1544067e-05,0.14088263,0.01628249,7.899261e-05
ISIC_0034017,HAM_0000067,nv,4,0.077702135,0.0678475,0.10651782,0.0022139477,0.7176824,0.019945815,0.00809038
ISIC_0033010,HAM_0004099,nv,4,0.00013642412,5.642747e-05,0.00083000574,0.00097417296,0.04090034,0.9566925,0.0004100809
ISIC_0034293,HAM_0004099,nv,4,0.00025998903,2.3370154e-05,0.0017765942,0.00031025585,0.035720892,0.96170187,0.00020707899
ISIC_0033350,HAM_0004099,nv,4,0.00032142614,0.00014431328,0.0028286998,0.0018687436,0.063074045,0.930494,0.0012687845
ISIC_0033167,HAM_0006813,nv,4,0.00054575154,0.00021371937,0.06369934,0.00039155758,0.053640217,0.8810614,0.000448047
ISIC_0033937,HAM_0006813,nv,4,0.0005462598,0.00011836793,0.016960485,0.00023540274,0.07367299,0.9081005,0.00036602587
ISIC_0030156,HAM_0004954,nv,4,0.022388292,0.001638918,0.017784255,0.00061722216,0.36728773,0.5892213,0.0010623065
ISIC_0024538,HAM_0000397,nv,4,0.00032045448,0.00012500254,0.0045592203,0.00069652766,0.5550267,0.4390623,0.00020974912
ISIC_0029499,HAM_0000397,nv,4,0.00022021325,8.5732936e-05,0.00071923644,0.0008262207,0.6083006,0.389692,0.00015584988
ISIC_0025208,HAM_0000397,nv,4,9.92585e-05,8.228818e-05,0.0008483008,0.00036951102,0.5517081,0.44678685,0.00010566012
ISIC_0031839,HAM_0001027,nv,4,0.00037251282,6.678787e-05,0.0006040578,0.00071944104,0.3990468,0.59904015,0.0001502151
ISIC_0026455,HAM_0001027,nv,4,0.00050466094,6.6977416e-05,0.0009111495,0.00068509043,0.26450238,0.73317283,0.00015694855
ISIC_0028265,HAM_0001027,nv,4,0.00014668217,1.6913496e-05,0.00029659562,0.0006525867,0.27793515,0.72090894,4.3105847e-05
ISIC_0031621,HAM_0000597,nv,4,0.0008309772,0.00255959,0.0053791096,0.00058925105,0.12453823,0.8610964,0.0050065424
ISIC_0031822,HAM_0000597,nv,4,0.00023072047,0.00029625095,0.0033533683,0.00015369296,0.106507696,0.8883014,0.0011569143
ISIC_0030654,HAM_0000597,nv,4,0.00037661812,0.00094681774,0.004690077,0.00020080323,0.24952777,0.74204797,0.0022100334
ISIC_0024518,HAM_0004985,nv,4,0.00036960127,0.00050027564,0.00017322865,0.00051868253,0.053897895,0.94423276,0.00030760947
ISIC_0031092,HAM_0006492,nv,4,0.0012918409,0.0006649827,0.0011762346,0.006995571,0.06169971,0.92004967,0.008121941
ISIC_0030592,HAM_0006154,nv,4,0.032317813,0.0015832906,0.0052040997,0.0045635416,0.91495997,0.040953405,0.00041789463
ISIC_0028408,HAM_0006506,nv,4,0.0020212173,0.00060098176,0.003573424,0.00027676643,0.23407769,0.7585694,0.00088042126
ISIC_0027988,HAM_0007240,nv,4,0.0017379444,0.00020736523,0.0076787076,0.0076211607,0.022648321,0.9592767,0.00082981307
ISIC_0029369,HAM_0004505,nv,4,0.002255098,0.0001307507,0.0011768045,0.0034672755,0.1049031,0.88696253,0.0011044266
ISIC_0025902,HAM_0005966,nv,4,0.25274956,0.0012855016,0.007426505,0.009573143,0.11662476,0.61107004,0.0012705252
ISIC_0030704,HAM_0005966,nv,4,0.007959214,0.00021841183,0.0015369486,0.0051238216,0.31238994,0.67174387,0.0010278355
ISIC_0030082,HAM_0006154,nv,4,0.0013636572,0.00014613444,0.0079553295,0.020654716,0.94407845,0.025418142,0.00038351194
ISIC_0030742,HAM_0000603,nv,4,0.08359025,0.00070437783,0.024163371,0.009526256,0.56513214,0.31639186,0.00049173494
ISIC_0028441,HAM_0000603,nv,4,0.29498106,0.002835958,0.025116682,0.0069712456,0.18768457,0.48161522,0.00079524546
ISIC_0031374,HAM_0000603,nv,4,0.020067126,0.00019641922,0.027039552,0.006870133,0.1321866,0.81291044,0.0007297859
ISIC_0033765,HAM_0003366,nv,4,0.002021316,0.00022131565,0.019527335,0.0017630232,0.23661731,0.73886555,0.0009841492
ISIC_0033584,HAM_0003777,nv,4,0.023484726,0.08755509,0.50409085,0.0047712117,0.08071863,0.29374656,0.005632852
ISIC_0033118,HAM_0003777,nv,4,0.018642357,0.020399781,0.34026784,0.0026699959,0.066708915,0.550156,0.0011550992
ISIC_0033841,HAM_0000822,nv,4,0.00030195928,6.004281e-05,0.0007103523,9.764964e-05,0.009541607,0.9885972,0.00069119176
ISIC_0033417,HAM_0007301,nv,4,0.00032696367,0.01304777,0.0006432973,0.0011682785,0.005726651,0.9784797,0.0006072798
ISIC_0032945,HAM_0003696,nv,4,0.00022338005,0.0074117933,0.0008508849,0.00017227793,0.003205723,0.9879682,0.000167631
ISIC_0031738,HAM_0005766,akiec,4,0.7133593,0.023680473,0.0394088,0.0004175403,0.21713777,0.005775235,0.00022088946
ISIC_0026327,HAM_0002012,akiec,4,0.9973279,0.00028785138,1.7456463e-05,1.0860155e-05,0.00233828,1.6527445e-05,1.0732028e-06
ISIC_0028941,HAM_0001593,akiec,4,0.9840357,0.0015656527,0.013886539,7.614357e-05,0.00022467431,0.00018517335,2.6160778e-05
ISIC_0031506,HAM_0006902,akiec,4,0.33013645,0.009594365,0.6578382,0.0002081212,0.001865865,0.0003371549,1.9817357e-05
