image_id,lesion_id,diagnosis,fold,p_akiec,p_bcc,p_bkl,p_df,p_mel,p_nv,p_vasc
ISIC_0031326,HAM_0007207,bkl,4,0.013118302,0.0027306713,0.9600356,9.871852e-05,0.019427665,0.004267618,0.00032149264
ISIC_0031159,HAM_0005772,bkl,4,2.854921e-06,6.677329e-07,0.9984275,2.2613078e-06,0.00038336153,0.0011831424,2.4623154e-07
ISIC_0031017,HAM_0005772,bkl,4,4.1897265e-06,1.1950091e-05,0.999416,8.868434e-06,0.00014297837,0.0004147201,1.2683332e-06
ISIC_0030105,HAM_0003670,bkl,4,0.01547364,0.0051246784,0.62855226,0.0016048936,0.10891509,0.22465047,0.015678994
ISIC_0033539,HAM_0001728,bkl,4,3.870258e-05,0.00030211607,0.98797905,0.00860759,0.0018998071,0.000933977,0.0002388392
ISIC_0027023,HAM_0000746,bkl,4,0.019569969,0.0024135024,0.623823,0.0015464663,0.33410162,0.017699834,0.0008455941
ISIC_0027957,HAM_0001665,bkl,4,0.00031675654,0.001406565,0.23640932,0.0002343678,0.62435323,0.13599767,0.0012820654
ISIC_0031212,HAM_0001665,bkl,4,0.0009268442,0.0065133567,0.12675236,0.0006582227,0.6983119,0.16392648,0.0029107807
ISIC_0032382,HAM_0001417,bkl,4,0.025817415,0.007435071,0.8774932,0.00029290136,0.07984114,0.007397694,0.0017226511
ISIC_0027533,HAM_0001417,bkl,4,0.010146055,0.29612532,0.6636224,0.00015877941,0.025178788,0.0031131424,0.0016555841
ISIC_0025906,HAM_0007179,bkl,4,6.521918e-05,0.0009965405,0.9756343,0.00013004629,0.0048129316,0.015496787,0.0028641499
ISIC_0027151,HAM_0007179,bkl,4,0.0008725221,0.013993272,0.8110271,0.0017191996,0.047314234,0.1136394,0.011434289
ISIC_0026794,HAM_0000566,bkl,4,0.012594494,0.063629135,0.6718209,0.001084603,0.2347484,0.013725929,0.002396614
ISIC_0032949,HAM_0006085,bkl,4,0.000770153,2.7986422e-05,0.5088093,6.542943e-05,0.42708644,0.063127734,0.000112871356
ISIC_0033322,HAM_0006085,bkl,4,7.6312856e-05,2.9207959e-06,0.97838813,5.979965e-06,0.015001242,0.006508631,1.6627544e-05
ISIC_0033127,HAM_0006085,bkl,4,0.0007275501,3.5225214e-05,0.88846517,7.541994e-05,0.050973084,0.059503216,0.00022045278
ISIC_0033646,HAM_0003743,bkl,4,2.3119183e-05,1.29926775e-05,0.9662032,1.3179744e-06,0.03341332,0.0003341601,1.1975833e-05
ISIC_0033592,HAM_0003743,bkl,4,7.3011535e-05,0.00049477513,0.9966949,7.2790516e-07,0.002510655,0.00017330376,5.263595e-05
ISIC_0033899,HAM_0003743,bkl,4,3.3651057e-05,5.8449925e-05,0.9575276,8.996871e-07,0.040714756,0.0016383912,2.6397203e-05
ISIC_0033280,HAM_0001385,bkl,4,6.64325e-06,0.000493362,0.9974075,2.2138813e-06,0.00088226167,0.0011979868,1.0042551e-05
ISIC_0033212,HAM_0001385,bkl,4,3.564157e-05,0.0001526808,0.9928094,3.4969275e-05,0.004728742,0.0021592972,7.926803e-05
ISIC_0033770,HAM_0001385,bkl,4,3.5367062e-05,0.000103199076,0.9950413,1.6727818e-05,0.0040387604,0.00067957456,8.503055e-05
ISIC_0033284,HAM_0003978,bkl,4,1.3048614e-06,0.0002407035,0.95385534,2.9465155e-06,0.0421008,0.0037546284,4.4269345e-05
ISIC_0033908,HAM_0003978,bkl,4,9.074409e-07,0.00013060746,0.9695386,1.5673695e-05,0.023662241,0.0066180597,3.4002664e-05
ISIC_0033437,HAM_0000802,bkl,4,7.243576e-05,1.5514196e-06,0.0011803565,2.6835098e-05,0.982415,0.016293775,1.0014469e-05
ISIC_0033195,HAM_0000802,bkl,4,0.0012170867,9.697892e-05,0.0040786765,0.00096298684,0.7430288,0.25038493,0.00023042347
ISIC_0032553,HAM_0000802,bkl,4,0.00054567825,1.2388183e-05,0.0030077822,4.2533426e-05,0.95704246,0.03929218,5.694642e-05
ISIC_0033264,HAM_0004255,bkl,4,0.0024444899,1.732816e-05,0.66271687,2.8011678e-05,0.32419768,0.01051557,7.999298e-05
ISIC_0033635,HAM_0001837,bkl,4,0.00013774134,0.00013756004,0.9718461,0.0010656945,0.005090798,0.02140335,0.00031870892
ISIC_0033868,HAM_0001837,bkl,4,0.000754794,0.0015263729,0.5444872,0.00049662974,0.013349045,0.43687972,0.002506202
ISIC_0029014,HAM_0004373,bkl,4,0.015900582,0.008667494,0.49758852,0.0018782599,0.3266376,0.14422068,0.0051068836
ISIC_0029548,HAM_0000113,bkl,4,0.0004344038,0.0010036961,0.07395536,0.0027765224,0.6335387,0.27665696,0.011634307
ISIC_0027989,HAM_0000113,bkl,4,0.00033485246,0.0010002765,0.058726624,0.0020139213,0.6254598,0.2991203,0.013344271
ISIC_0028020,HAM_0003090,bkl,4,0.00063880783,0.0019333494,0.5877147,0.09717105,0.002936754,0.29624495,0.01336046
ISIC_0027139,HAM_0005440,bkl,4,0.3529323,0.012868505,0.045055244,0.21347037,0.08292819,0.28442314,0.008322247
ISIC_0031989,HAM_0007100,bkl,4,0.9946319,0.0028465388,0.001542825,1.9638092e-05,0.00085493707,0.00010277679,1.3922192e-06
ISIC_0029394,HAM_0004566,bkl,4,0.0006245575,0.0010188209,0.23915988,0.0013486608,0.06948594,0.6847367,0.0036254965
ISIC_0025885,HAM_0000582,bkl,4,0.0025437581,1.4534119e-05,0.03182844,5.634856e-05,0.9095234,0.056011204,2.2331977e-05
ISIC_0028120,HAM_0001055,bkl,4,0.0015005247,0.0001579805,0.7770954,0.00026761444,0.011625169,0.20926541,8.7920496e-05
ISIC_0025326,HAM_0003000,bkl,4,0.978297,0.0013236552,0.020141674,3.6484187e-05,0.00018635803,7.939716e-06,6.9453617e-06
ISIC_0025743,HAM_0004382,bkl,4,6.0434097e-05,0.00022035762,0.999645,1.9968525e-07,4.7665086e-05,2.560574e-05,7.531746e-07
ISIC_0031424,HAM_0004928,bkl,4,0.0017387826,0.00010305911,0.8518704,9.168164e-05,0.12514642,0.020820389,0.00022926563
ISIC_0029770,HAM_0004928,bkl,4,0.003781933,0.00045931013,0.42390096,7.027263e-05,0.53845644,0.03324867,8.242614e-05
ISIC_0031060,HAM_0005674,bkl,4,0.00064750307,8.509125e-05,0.9918515,9.339177e-06,0.003017591,0.0043771905,1.16633e-05
ISIC_0024773,HAM_0000844,bkl,4,0.32029617,0.00014188164,0.673807,0.000303922,0.0041181217,0.0012986427,3.421154e-05
ISIC_0025583,HAM_0004131,bkl,4,0.003909521,7.4629804e-07,0.9938905,3.8341627e-06,0.0018982765,0.00029619105,7.998931e-07
ISIC_0030744,HAM_0000847,bkl,4,0.050077025,0.02469196,0.78512186,0.005255325,0.016729513,0.11455305,0.0035712756
ISIC_0027344,HAM_0003069,bkl,4,0.0021929068,2.9967892e-05,0.992967,0.0002926064,0.0033068685,0.0011365302,7.407447e-05
ISIC_0024748,HAM_0003420,bkl,4,0.00048026934,0.00016436202,0.1253626,0.0003722273,0.5917609,0.2815835,0.0002762015
ISIC_0030203,HAM_0001896,bkl,4,0.00022480819,0.00030905352,0.9529988,1.0853357e-05,0.046195246,0.0002522633,8.99502e-06
ISIC_0025297,HAM_0007513,bkl,4,0.012743256,0.00028662206,0.96532357,1.5303845e-05,0.020896506,0.00071761897,1.6996613e-05
ISIC_0024676,HAM_0007513,bkl,4,0.14940982,0.0064496673,0.74834156,0.0007271906,0.09051304,0.0043007876,0.0002578765
ISIC_0027606,HAM_0002306,bkl,4,0.021061527,0.0005880515,0.8326651,0.0013650334,0.03754042,0.105051644,0.001728246
ISIC_0025703,HAM_0000110,bkl,4,0.00017710372,3.835718e-05,0.008621642,0.00028467187,0.98982286,0.0010325379,2.2925777e-05
ISIC_0026443,HAM_0002902,bkl,4,0.0015890808,0.002865279,0.95388967,0.00015302625,0.009073637,0.03182045,0.0006087963
ISIC_0032006,HAM_0003452,bkl,4,0.0001121332,2.4222538e-05,0.9972964,3.430821e-06,0.0018620153,0.0006885358,1.3343409e-05
ISIC_0028920,HAM_0003452,bkl,4,8.5313404e-05,1.4076651e-05,0.998395,3.3239326e-06,0.00081577094,0.0006726087,1.37803e-05
ISIC_0032045,HAM_0001057,bkl,4,0.5953919,0.0055008773,0.03924339,0.0010264209,0.35582536,0.002841457,0.00017054952
ISIC_0024381,HAM_0001057,bkl,4,0.006461232,0.0017909636,0.976641,3.669567e-05,0.01491027,0.00011321974,4.6612553e-05
ISIC_0027706,HAM_0005596,bkl,4,0.0017861382,0.0001614846,0.9579443,9.44831e-05,0.027128782,0.012797176,8.7632856e-05
ISIC_0029249,HAM_0005869,bkl,4,0.7090094,0.00027140445,0.27621832,0.000100341116,0.012981935,0.0013957742,2.2846723e-05
ISIC_0030822,HAM_0005869,bkl,4,0.94097537,0.0013190063,0.038863387,9.6427786e-05,0.015323089,0.0033060645,0.00011669443
ISIC_0030636,HAM_0001226,bkl,4,0.00061943266,0.00230385,0.99376845,0.00029479168,8.685559e-05,0.002897566,2.9067076e-05
ISIC_0027760,HAM_0003766,bkl,4,0.044275187,0.0023466344,0.6378923,0.0005855714,0.28717428,0.027109152,0.0006168523
ISIC_0026538,HAM_0003766,bkl,4,0.0391316,0.00037853405,0.904864,7.366995e-05,0.054261144,0.0010853257,0.00020567668
ISIC_0029580,HAM_0001958,bkl,4,0.42653564,0.54156446,0.028423859,1.2173648e-05,0.0031186093,0.00030642847,3.8857568e-05
ISIC_0027527,HAM_0001979,bkl,4,0.0035160934,2.565882e-05,0.9872514,5.621678e-06,0.008634568,0.00054491597,2.1787138e-05
ISIC_0024893,HAM_0002058,bkl,4,0.00038931082,6.5140586e-05,0.9774369,2.5128473e-05,0.020842403,0.0012222622,1.8925288e-05
ISIC_0024471,HAM_0000299,bkl,4,1.5199393e-05,7.041518e-05,0.38153937,0.00016504395,0.0007409063,0.61730564,0.0001634115
ISIC_0029878,HAM_0000299,bkl,4,0.000225498,0.0011214857,0.6701972,0.00035449775,0.018859742,0.30819854,0.0010430646
ISIC_0026787,HAM_0000386,bkl,4,0.025179964,0.00044882967,0.022620413,0.00031733108,0.8295867,0.12157316,0.00027352024
ISIC_0026245,HAM_0001938,bkl,4,0.0055993237,0.0014356007,0.09036876,0.002854902,0.78198177,0.11312947,0.004630204
ISIC_0031050,HAM_0006868,bkl,4,6.2297745e-06,1.27103385e-05,0.9900169,7.442693e-06,0.00916108,0.0007832858,1.2444224e-05
ISIC_0024761,HAM_0005053,bkl,4,0.00031184623,0.00061342306,0.9987501,8.845376e-06,0.0001669624,0.00012910002,1.9686351e-05
ISIC_0026843,HAM_0005082,bkl,4,0.00086849666,0.0011665553,0.042927474,0.0019135765,0.34807047,0.60372555,0.0013278592
ISIC_0025699,HAM_0005082,bkl,4,0.001594346,0.0010900693,0.5828684,0.0030699163,0.18728586,0.21947321,0.0046181055
ISIC_0029617,HAM_0005082,bkl,4,0.0013268153,0.00017487233,0.002463815,0.0031278578,0.42724732,0.5654806,0.00017873067
ISIC_0024696,HAM_0001082,bkl,4,0.009052358,0.007081016,0.83140516,0.00034491852,0.12713589,0.023632493,0.0013482206
ISIC_0027470,HAM_0002548,bkl,4,0.0036992268,0.0033144953,0.23669301,0.001119283,0.014937618,0.7375636,0.0026728224
ISIC_0031150,HAM_0001094,bkl,4,0.0009804388,2.3636741e-05,0.97043914,4.5825393e-05,0.02676974,0.0016344807,0.000106801344
ISIC_0031961,HAM_0006173,bkl,4,0.002679655,0.27049518,0.70459676,0.00010746686,0.019402824,0.0025775116,0.00014059147
ISIC_0028656,HAM_0002548,bkl,4,0.0009847819,0.0006179616,0.54862595,0.0044916365,0.02052982,0.42212528,0.0026245527
ISIC_0032445,HAM_0006173,bkl,4,0.0034339475,0.12701942,0.7698242,0.00016374214,0.098284446,0.0011461845,0.00012809793
ISIC_0026704,HAM_0004338,bkl,4,0.4372676,0.00039822524,0.48084337,9.683493e-05,0.0794507,0.001827397,0.00011588152
ISIC_0026523,HAM_0004338,bkl,4,0.0015903688,5.0334253e-05,0.9974789,1.107343e-05,0.0007001218,0.00015038157,1.884139e-05
ISIC_0026553,HAM_0007024,bkl,4,0.041097175,0.00022347683,0.9059988,0.00013536264,0.022660417,0.02979113,9.3608294e-05
ISIC_0032365,HAM_0003206,bkl,4,0.0038398064,0.0008732115,0.22267084,0.0010051461,0.18216586,0.5877165,0.0017285516
ISIC_0028229,HAM_0004158,bkl,4,0.07611386,0.0016986509,0.78239053,9.101179e-05,0.13916306,0.00036907897,0.00017374719
ISIC_0025199,HAM_0003206,bkl,4,0.0005352746,0.00038615617,0.44276592,0.0011748817,0.26108435,0.28936377,0.004689635
ISIC_0024871,HAM_0001312,bkl,4,0.022309786,0.00034760934,0.97454417,5.23074e-05,0.0020651808,0.0005852899,9.569222e-05
ISIC_0028830,HAM_0001312,bkl,4,0.0007098449,0.00090136135,0.9945475,2.3724233e-05,0.0023964695,0.0012419982,0.00017908479
ISIC_0028451,HAM_0004338,bkl,4,0.1551712,0.00027339326,0.76707417,3.4141667e-05,0.07682931,0.00051022944,0.00010752065
ISIC_0025434,HAM_0001878,bkl,4,3.1375715e-05,3.7273317e-06,0.9998254,5.9225084e-07,3.8800998e-05,9.5372336e-05,4.7890476e-06
ISIC_0028165,HAM_0001878,bkl,4,0.027233796,9.521683e-05,0.96904624,5.163438e-05,0.0025267776,0.0010006779,4.5574307e-05
ISIC_0027770,HAM_0004463,bkl,4,0.0053418623,3.7514903e-05,0.98561686,3.3202255e-06,0.008965196,3.3909928e-05,1.3445716e-06
ISIC_0031825,HAM_0004453,bkl,4,0.08310425,0.00018606998,0.31352437,0.0004666061,0.5797844,0.020646712,0.0022875404
ISIC_0030677,HAM_0004453,bkl,4,0.4702896,0.000701579,0.32155707,0.0002252174,0.20509581,0.0016022632,0.0005283759
ISIC_0024705,HAM_0007355,bkl,4,2.0065292e-05,4.687905e-05,0.9987436,1.4715894e-05,0.000562208,0.0005599279,5.2666433e-05
ISIC_0026803,HAM_0007355,bkl,4,2.8856482e-05,4.6988218e-05,0.99594814,9.409827e-05,0.0008719407,0.0027765573,0.00023347074
ISIC_0024782,HAM_0004004,bkl,4,0.002920982,0.0002073056,0.26470965,0.0001710865,0.5010358,0.23092647,2.8636723e-05
ISIC_0029872,HAM_0004004,bkl,4,5.5126005e-05,0.00081739377,0.99312496,1.8726298e-05,0.004459813,0.0015154955,8.479248e-06
ISIC_0026311,HAM_0006099,bkl,4,9.536016e-05,0.00027373762,0.99410194,6.7036315e-05,0.0012695327,0.003834946,0.00035757886
ISIC_0029270,HAM_0006099,bkl,4,0.00938997,7.841514e-05,0.9698467,8.8631976e-05,0.017334789,0.0030856102,0.00017577187
ISIC_0024909,HAM_0002757,bkl,4,0.00022543907,9.675729e-05,0.9746114,0.00033918198,0.020318322,0.0038073463,0.0006014972
ISIC_0028258,HAM_0002757,bkl,4,0.00016869763,0.00032287845,0.98716843,0.00012457941,0.008617637,0.0027518773,0.00084593066
ISIC_0024770,HAM_0000106,bkl,4,0.0001644976,7.1178e-05,0.9705648,6.7193345e-05,0.02813723,0.0008763573,0.00011880316
ISIC_0032170,HAM_0004543,bkl,4,0.001627135,0.009733322,0.33693293,0.025928607,0.021192601,0.5888388,0.015746597
ISIC_0034142,HAM_0000309,bkl,4,0.78478694,4.546236e-05,0.20610814,3.193154e-05,0.008780199,0.00024597402,1.417365e-06
ISIC_0033660,HAM_0007427,bkl,4,0.0002485588,0.00044421144,0.983411,0.0026295828,0.00741767,0.0041236025,0.0017252585
ISIC_0034221,HAM_0007427,bkl,4,0.000732801,0.00065492,0.9698861,0.0022525347,0.0149327535,0.009592378,0.0019485307
ISIC_0033945,HAM_0007427,bkl,4,0.00049451046,0.00023665166,0.98629653,0.00016973617,0.0073810653,0.0049934927,0.00042795885
ISIC_0033491,HAM_0007427,bkl,4,0.00050594105,0.00018603285,0.987253,0.00039412893,0.0067434683,0.004135769,0.0007816277
ISIC_0034280,HAM_0007427,bkl,4,0.00010179998,2.6635122e-05,0.99551684,3.9687307e-05,0.0032985855,0.00093389576,8.257028e-05
ISIC_0031601,HAM_0001487,bkl,4,5.1591305e-06,3.2163516e-05,0.99452305,2.4450694e-06,0.00012279501,0.0052780802,3.6355712e-05
ISIC_0032271,HAM_0002371,bkl,4,0.044989012,0.0011323057,0.8974749,0.0004048117,0.01936178,0.035956163,0.0006810496
ISIC_0026046,HAM_0002190,bkl,4,4.090627e-05,0.0011039282,0.9853079,9.7517426e-05,0.0011644254,0.012224512,6.0845512e-05
ISIC_0028587,HAM_0001735,bkl,4,2.2418826e-05,0.0003360583,0.99702495,9.388771e-05,0.0001483234,0.0022364256,0.00013787275
ISIC_0026422,HAM_0003926,bkl,4,0.00019929095,0.00018452453,0.81774735,4.478258e-05,0.027898714,0.15379414,0.00013113632
ISIC_0028448,HAM_0001167,bkl,4,0.00076475076,0.005071156,0.8795834,0.00086035614,0.014565122,0.09733371,0.001821492
ISIC_0028503,HAM_0003726,bkl,4,1.635299e-05,0.0002640704,0.99812037,1.5951202e-05,8.044481e-05,0.0014745784,2.8157436e-05
ISIC_0027025,HAM_0000121,bkl,4,0.00021856495,0.000906727,0.9884453,0.0006049613,0.0011573924,0.008286888,0.0003802876
ISIC_0028525,HAM_0005722,bkl,4,0.05015505,0.001237277,0.16395713,0.0006563926,0.68078935,0.102804035,0.0004007877
ISIC_0024850,HAM_0007393,bkl,4,0.0022920135,0.00034949146,0.056207113,0.005793154,0.0042244215,0.9301633,0.0009704653
ISIC_0025758,HAM_0005443,bkl,4,2.02704e-06,0.00011009828,0.9971625,1.0076123e-05,0.00014116112,0.002546272,2.7798631e-05
ISIC_0029731,HAM_0000643,bkl,4,6.97131e-05,0.013757501,0.9004373,3.4557448e-05,0.011545778,0.07400047,0.0001546393
ISIC_0028386,HAM_0005751,bkl,4,0.001225481,0.00010721734,0.9196045,0.0004368812,0.0084669385,0.06977914,0.00037981663
ISIC_0029195,HAM_0003129,bkl,4,2.7907759e-06,0.00020579128,0.96342033,1.9862387e-05,0.00040287155,0.035892606,5.5656004e-05
ISIC_0031125,HAM_0004713,bkl,4,7.307938e-05,1.5311613e-05,0.9956423,1.2628713e-05,0.0016576299,0.0024898867,0.00010910115
ISIC_0025454,HAM_0001423,bkl,4,0.00011371593,0.0018379656,0.976986,0.0016206282,0.0010741676,0.015877947,0.002489624
ISIC_0025431,HAM_0000607,bkl,4,7.765969e-05,0.001283998,0.9576889,0.0002967329,0.0018787966,0.035297524,0.0034763226
ISIC_0029036,HAM_0000955,bkl,4,0.0014646637,1.8414165e-05,0.9965005,1.4442255e-05,0.00049423066,0.0015003898,7.3748347e-06
ISIC_0030583,HAM_0000465,bkl,4,0.00026931305,0.00075314566,0.92308897,0.0007868027,0.0041228733,0.0696466,0.0013322977
ISIC_0027326,HAM_0005874,bkl,4,0.00094688934,0.0002381199,0.92350036,0.0012857195,0.039233427,0.032074075,0.0027213942
ISIC_0030244,HAM_0007526,df,4,6.8076704e-05,0.27076322,0.0015263226,0.7073621,0.019927558,0.00029889803,5.3811928e-05
ISIC_0031827,HAM_0007526,df,4,0.010129018,0.9684254,0.0006712639,0.020017223,0.000241383,0.0004558037,6.0037488e-05
ISIC_0032410,HAM_0005518,df,4,0.0035461832,0.00032408614,0.46444502,0.5112475,0.012021544,0.008384459,3.1169602e-05
ISIC_0031344,HAM_0005861,df,4,0.7942345,0.15634468,0.041731622,0.0064271847,0.00047323297,0.0006576217,0.00013117398
ISIC_0028346,HAM_0005861,df,4,0.18184067,0.3937275,0.031058054,0.38619444,0.0012763294,0.005564093,0.00033889984
ISIC_0025154,HAM_0001177,df,4,0.82185555,0.047845863,0.0059313993,0.12232462,0.0010959599,0.00085823255,8.842627e-05
ISIC_0025911,HAM_0004648,df,4,1.8878569e-06,9.903684e-05,7.447727e-05,0.9995468,6.510282e-05,5.964298e-05,0.0001529243
ISIC_0026471,HAM_0006787,df,4,0.0016626486,0.06292401,0.29339188,0.6116948,0.0016043775,0.028354567,0.00036772035
ISIC_0028651,HAM_0004496,df,4,1.4721661e-06,2.2087631e-06,5.4071647e-06,0.99843246,3.575675e-05,0.001498691,2.4000365e-05
ISIC_0029973,HAM_0002045,df,4,3.7376728e-06,0.001700955,4.4755958e-05,0.104249224,0.00016863101,0.8831098,0.010722916
ISIC_0029130,HAM_0000049,df,4,5.9931565e-08,4.345539e-08,0.0003006077,0.99963725,2.053799e-05,4.14624e-05,3.2900417e-08
ISIC_0025314,HAM_0000757,df,4,2.05532e-09,7.668287e-09,8.4771165e-07,0.9999962,5.880109e-07,2.1136893e-06,2.409055e-07
ISIC_0029297,HAM_0002153,df,4,5.8417764e-09,1.3630063e-07,1.1821783e-07,0.9999219,2.4716128e-06,4.298474e-05,3.2293956e-05
ISIC_0026993,HAM_0005186,mel,4,4.6991786e-07,1.0877745e-07,1.0477179e-05,2.615381e-06,0.999741,0.000243918,1.3097292e-06
ISIC_0025451,HAM_0002143,mel,4,0.00035281666,3.705604e-05,0.0021421362,0.00014782313,0.4418367,0.5552214,0.0002621322
ISIC_0029575,HAM_0001747,mel,4,0.018649798,0.029916586,0.045596894,0.0003716326,0.9033482,0.0020540168,6.2886575e-05
ISIC_0028361,HAM_0001747,mel,4,0.0003134344,0.0013389247,0.0011760921,0.00017671403,0.99610525,0.00087861763,1.0869643e-05
ISIC_0027277,HAM_0004720,mel,4,1.03369935e-07,1.132586e-06,9.531494e-05,1.4134049e-05,0.9996793,0.0002081975,1.7984858e-06
ISIC_0028642,HAM_0004720,mel,4,3.1094867e-05,0.0009061464,0.008231981,0.00012151955,0.89581376,0.09346396,0.001431509
ISIC_0029913,HAM_0007171,mel,4,1.781301e-05,5.962495e-05,0.00018620623,0.0033774634,0.8075262,0.18837997,0.0004526922
ISIC_0026909,HAM_0007171,mel,4,5.7836634e-05,0.00023748324,0.00038549412,0.009633724,0.1633051,0.8144739,0.011906424
ISIC_0026113,HAM_0002714,mel,4,0.0001264429,1.5720347e-05,0.0040223734,3.9162078e-05,0.80455214,0.19120105,4.3153534e-05
ISIC_0032265,HAM_0002714,mel,4,0.00015865598,6.49135e-05,0.0012584988,0.0005411627,0.89806896,0.09975017,0.00015764109
ISIC_0028901,HAM_0006739,mel,4,0.0025366477,0.012223045,0.004262559,0.4142115,0.11267135,0.44724563,0.0068492396
ISIC_0032098,HAM_0006739,mel,4,0.011112487,0.041079525,0.033710305,0.1776458,0.18475582,0.27150187,0.28019425
ISIC_0029651,HAM_0004643,mel,4,0.00028139557,3.1576703e-05,0.8909666,0.00017419507,0.072569616,0.0358664,0.0001102785
ISIC_0032044,HAM_0004643,mel,4,0.00051069167,7.421641e-05,0.30399805,0.008008535,0.66458434,0.022573223,0.00025099333
ISIC_0027253,HAM_0005697,mel,4,0.0039359443,0.00048306474,0.05262459,0.00037881543,0.9342405,0.008231492,0.00010560204
ISIC_0032046,HAM_0005697,mel,4,0.0010214865,0.0006559609,0.5151184,0.00037924226,0.3992551,0.08343434,0.00013545493
ISIC_0025674,HAM_0000531,mel,4,0.13623643,0.47516358,0.05731833,0.0047812616,0.32442766,0.0016498334,0.00042286937
ISIC_0031369,HAM_0000531,mel,4,0.088411085,0.011838566,0.4069193,0.0005675252,0.4908153,0.0010889041,0.00035926673
ISIC_0025219,HAM_0005588,mel,4,3.865473e-05,2.0260168e-05,0.0016217505,1.91193e-05,0.988434,0.009857789,8.446057e-06
ISIC_0026458,HAM_0005588,mel,4,9.865269e-06,1.9640122e-06,0.00017210969,3.8022647e-06,0.99846673,0.0013446708,8.28712e-07
ISIC_0031972,HAM_0002182,mel,4,0.8336617,0.005538516,0.08032607,0.0020014006,0.07434839,0.0038816533,0.00024226705
ISIC_0030539,HAM_0002182,mel,4,0.7316892,0.0008206171,0.07118099,0.0033233804,0.1887367,0.004065302,0.0001839105
ISIC_0024967,HAM_0006975,mel,4,5.1692623e-05,9.731003e-06,0.0007209979,2.1561644e-05,0.9990839,0.00011130141,9.108871e-07
ISIC_0027693,HAM_0004980,mel,4,0.0005948644,0.00053081714,0.004274265,0.0036236786,0.2807701,0.708214,0.0019922338
ISIC_0029017,HAM_0004980,mel,4,0.0008372698,0.0002537041,0.000874221,0.0010317077,0.61663216,0.3801916,0.00017927031
ISIC_0028127,HAM_0005911,mel,4,0.002256594,4.3664626e-05,0.0007362382,4.0094063e-05,0.9955843,0.0013160618,2.302975e-05
ISIC_0030165,HAM_0005911,mel,4,0.00037664408,0.0002531067,0.016117433,7.791541e-05,0.9647419,0.01838102,5.1958763e-05
ISIC_0029241,HAM_0006092,mel,4,0.15522453,0.00029169585,0.2741871,5.819588e-06,0.56874055,0.0015420219,8.332567e-06
ISIC_0031890,HAM_0007420,mel,4,2.9357185e-05,1.1032049e-06,0.027612144,1.1897356e-05,0.97196,0.00037822954,7.2389043e-06
ISIC_0024875,HAM_0007617,mel,4,0.0009028076,0.5538416,0.09049045,0.00088267744,0.34991282,0.0037661602,0.00020346575
ISIC_0026950,HAM_0007617,mel,4,0.00044000705,0.16218074,0.3901052,6.432552e-05,0.44528273,0.0018330744,9.395894e-05
ISIC_0029216,HAM_0004153,mel,4,2.2897833e-05,0.004047002,0.013225498,0.0006999331,0.9665573,0.0154231535,2.420667e-05
ISIC_0026489,HAM_0004153,mel,4,7.9325055e-06,0.00034102626,0.003001568,0.0011336849,0.9931443,0.0023566624,1.4771261e-05
ISIC_0028878,HAM_0000062,mel,4,0.04317043,0.00033282102,0.9206172,9.128694e-05,0.030949978,0.0047205393,0.00011761987
ISIC_0028087,HAM_0002981,mel,4,0.00017116607,0.000208431,0.0137287425,0.0002288536,0.7559844,0.22955178,0.00012663916
ISIC_0026664,HAM_0002981,mel,4,0.00028435,3.501989e-05,0.011938868,6.3382475e-05,0.87705636,0.110550635,7.136825e-05
ISIC_0029726,HAM_0004102,mel,4,0.01599224,0.00021981835,0.036553882,0.00020186407,0.9338334,0.013168446,3.0275207e-05
ISIC_0030824,HAM_0000330,mel,4,0.000654672,0.0012093144,0.7697687,0.00017686815,0.21233375,0.015666341,0.00019029928
ISIC_0025394,HAM_0003376,mel,4,0.0026423335,0.0024211095,0.0727896,0.00077250355,0.34143683,0.57864004,0.0012976405
ISIC_0030575,HAM_0002032,mel,4,0.0010747018,0.0004065965,0.28816283,0.00037033917,0.21390188,0.49508655,0.0009971366
ISIC_0034046,HAM_0000179,mel,4,8.071602e-05,7.1066825e-05,0.0005422768,0.007387357,0.9828289,0.009071291,1.8387409e-05
ISIC_0032550,HAM_0000179,mel,4,3.0087756e-06,1.652807e-06,0.00011054542,0.00048138047,0.9956707,0.0037317856,1.002158e-06
ISIC_0033700,HAM_0000179,mel,4,0.0003945694,0.00020187246,0.0019537304,0.008717984,0.95946366,0.02920177,6.642511e-05
ISIC_0028746,HAM_0000878,mel,4,0.00048360912,0.00010255277,0.0016425471,9.92292e-06,0.9947068,0.0030501005,4.53629e-06
ISIC_0033432,HAM_0005893,mel,4,0.0065889596,0.00013027665,0.009217502,0.0006809766,0.84383696,0.13938934,0.00015596385
ISIC_0032833,HAM_0005893,mel,4,0.0021427837,4.2076696e-05,0.010623094,0.0004321942,0.8980978,0.08861621,4.5935878e-05
ISIC_0034236,HAM_0005893,mel,4,0.006583371,0.00021612203,0.013063986,0.0018535989,0.8682314,0.10973884,0.00031260366
ISIC_0034118,HAM_0002824,mel,4,1.1776843e-05,1.7871853e-06,0.0021387087,5.1582706e-06,0.94564885,0.05218831,5.371723e-06
ISIC_0033476,HAM_0002824,mel,4,6.718563e-05,9.954598e-06,0.0010577452,4.9493865e-05,0.8287683,0.16999716,5.014677e-05
ISIC_0033047,HAM_0002824,mel,4,0.00036924673,4.1174757e-05,0.003216134,0.00022314931,0.7714925,0.22446884,0.00018903357
ISIC_0025987,HAM_0002824,mel,4,0.0024607456,0.00016354071,0.0025450457,0.0001312904,0.9500996,0.044343404,0.00025644712
ISIC_0033068,HAM_0002671,mel,4,0.00085718796,3.5918754e-05,0.06628801,0.00012377568,0.885896,0.046743024,5.603385e-05
ISIC_0034218,HAM_0002671,mel,4,0.0003217603,6.3000193e-06,0.018877152,0.00015376751,0.96951115,0.0110902935,3.957484e-05
ISIC_0034263,HAM_0002671,mel,4,0.005785157,2.4455769e-05,0.021104993,0.00016678219,0.9628196,0.0100765005,2.2543767e-05
ISIC_0033275,HAM_0003280,mel,4,0.0014687679,0.0013005107,0.013734493,0.00033421526,0.09282189,0.889834,0.0005061584
ISIC_0033938,HAM_0003280,mel,4,7.554005e-05,0.00029194096,0.014004048,3.341533e-05,0.849933,0.13550729,0.00015468504
ISIC_0032841,HAM_0003280,mel,4,3.2653545e-05,0.00018268716,0.0028264155,0.00017953184,0.896409,0.10008005,0.0002896062
ISIC_0033317,HAM_0000662,mel,4,0.002642412,0.0003236452,0.19510116,0.00020477304,0.7074669,0.093985364,0.000275665
ISIC_0034269,HAM_0000662,mel,4,0.010443479,0.0009581777,0.5284233,0.0009872853,0.36043862,0.09644654,0.0023026671
ISIC_0033956,HAM_0000662,mel,4,0.008304398,0.00013236022,0.48519433,0.0003772196,0.41376263,0.09159942,0.00062971195
ISIC_0024900,HAM_0004593,mel,4,0.009837304,0.05095935,0.009544805,0.0030419133,0.81157964,0.114755265,0.0002816942
ISIC_0032072,HAM_0004593,mel,4,0.08303242,0.19081491,0.074837886,0.12677701,0.45574886,0.06780453,0.0009844855
ISIC_0032940,HAM_0005628,mel,4,2.2734337e-06,2.3409442e-05,0.00046261097,1.7696377e-07,0.99946374,4.7441048e-05,3.7707218e-07
ISIC_0032915,HAM_0001524,mel,4,0.18915851,0.0330201,0.011471246,9.122008e-05,0.76609147,9.0250236e-05,7.7194825e-05
ISIC_0033863,HAM_0007086,mel,4,2.2071628e-05,1.3456662e-05,0.001918091,3.101661e-05,0.9889649,0.009040827,9.7321035e-06
ISIC_0034180,HAM_0007086,mel,4,4.653638e-05,5.9059175e-06,0.0014256833,4.7852784e-05,0.9938305,0.0046306835,1.2796954e-05
ISIC_0033267,HAM_0007086,mel,4,8.041293e-05,5.5636137e-06,0.00048061606,5.397834e-05,0.9978713,0.0014954471,1.2725356e-05
ISIC_0033336,HAM_0003506,mel,4,3.0185547e-05,0.0006353423,0.014619582,0.001058076,0.5377176,0.40658402,0.039355244
ISIC_0033405,HAM_0003506,mel,4,0.00023182515,0.0005061627,0.05442275,0.004196777,0.7640519,0.13270597,0.04388464
ISIC_0034188,HAM_0003506,mel,4,3.629076e-05,0.0057563726,0.036188487,0.0031598469,0.4710341,0.2392818,0.24454308
ISIC_0033269,HAM_0006189,mel,4,0.00035272771,4.8276743e-05,7.3472685e-05,0.00038746692,0.99892455,0.0001997787,1.3694645e-05
ISIC_0032610,HAM_0006802,mel,4,0.000136842,9.523285e-05,9.1441405e-05,0.0012542786,0.54733336,0.4506597,0.00042922923
ISIC_0033426,HAM_0001143,mel,4,0.00033105985,4.6293768e-05,6.6368375e-05,0.0007658652,0.99804014,0.00073549536,1.4732915e-05
ISIC_0033279,HAM_0006802,mel,4,0.00013170845,2.6919342e-05,4.051472e-05,6.348696e-05,0.77230436,0.22741607,1.6965858e-05
ISIC_0032887,HAM_0006802,mel,4,0.00034137446,5.727074e-05,0.0001410392,0.00019510408,0.97805196,0.021175,3.832547e-05
ISIC_0032698,HAM_0001686,mel,4,0.0053860666,0.00056235585,0.09389044,0.002207907,0.88567966,0.012028121,0.00024546878
ISIC_0028520,HAM_0001793,mel,4,4.3321445e-05,1.5567528e-05,0.00025198984,8.4261104e-05,0.9904497,0.009042105,0.000112916096
ISIC_0034000,HAM_0001793,mel,4,2.0553887e-05,9.905343e-06,0.001460573,1.1928179e-05,0.99061626,0.00782643,5.433971e-05
ISIC_0032807,HAM_0002488,mel,4,0.014331906,0.1020936,0.033882994,0.0023653768,0.81983644,0.027383335,0.00010636124
ISIC_0032645,HAM_0002488,mel,4,0.00030755525,0.0009023186,0.2910689,0.00021100903,0.6516303,0.055709627,0.00017028408
ISIC_0033925,HAM_0000206,mel,4,0.000580711,0.00070235215,0.6419422,1.52329285e-05,0.34554917,0.0063043702,0.0049059144
ISIC_0033431,HAM_0000206,mel,4,0.00031660098,0.0006131114,0.015747484,1.457305e-05,0.030459987,0.0021108463,0.9507374
ISIC_0033885,HAM_0005737,mel,4,2.1367801e-05,4.334809e-05,0.034142427,3.6191683e-05,0.9208079,0.044867765,8.10307e-05
ISIC_0032987,HAM_0001155,mel,4,0.24353619,0.0002948114,0.004158132,7.4317046e-05,0.7504593,0.0013739624,0.000103318234
ISIC_0033999,HAM_0002377,mel,4,1.1150933e-07,3.0902809e-06,1.8649811e-05,0.0003134602,0.99961436,4.030188e-05,9.975682e-06
ISIC_0033856,HAM_0002377,mel,4,3.1142108e-08,5.6468815e-07,3.2469146e-05,0.0037755936,0.9959771,0.00014545016,6.882128e-05
ISIC_0026089,HAM_0002196,mel,4,0.0005187357,0.0004342051,0.0018924017,0.0012353156,0.76294786,0.23277768,0.00019377582
ISIC_0024930,HAM_0002196,mel,4,0.0005490124,0.00041869594,0.0018284835,0.0014534609,0.3419625,0.6533511,0.00043663604
ISIC_0031408,HAM_0000201,mel,4,0.00033519004,2.8018692e-05,0.001011532,0.00016275072,0.9601845,0.03816546,0.00011263172
ISIC_0025439,HAM_0001214,mel,4,0.00022267629,1.2893986e-05,0.0032827954,8.178267e-05,0.9827193,0.013666274,1.4243108e-05
ISIC_0030187,HAM_0002622,mel,4,6.121355e-05,0.00010426479,0.015557299,0.0013202388,0.9539968,0.013073488,0.015886758
ISIC_0029013,HAM_0003522,mel,4,0.0038416511,0.0021025233,0.003555719,0.003552101,0.053929072,0.9240557,0.008963189
ISIC_0027302,HAM_0006497,mel,4,0.0003873293,8.600995e-05,0.0073622754,0.00077072106,0.38072714,0.61002874,0.0006377442
ISIC_0029056,HAM_0004878,mel,4,0.0074100397,0.006432633,0.79674214,0.00072282075,0.08843313,0.09828289,0.0019763394
ISIC_0030512,HAM_0006833,mel,4,0.0034351952,0.00031382902,0.0064445543,0.0009198736,0.8623541,0.12567255,0.00085998175
ISIC_0030932,HAM_0000241,mel,4,0.026990091,0.0007532387,0.20002386,0.0014056832,0.70761144,0.061703283,0.0015123297
ISIC_0028228,HAM_0003608,mel,4,0.00407738,0.0099992035,0.21716711,0.0030456348,0.5945121,0.16528302,0.0059155365
ISIC_0025651,HAM_0000075,mel,4,0.9826042,0.008408342,0.0009813291,0.00013265567,0.007673719,0.00019714638,2.6094149e-06
ISIC_0025748,HAM_0002752,mel,4,0.00020113449,3.1700677e-06,0.00034833007,2.2841234e-05,0.9932734,0.006144701,6.4403125e-06
ISIC_0029157,HAM_0007488,mel,4,0.014641229,0.0003668007,0.015507012,0.0006876858,0.8405498,0.12775557,0.00049191935
ISIC_0024952,HAM_0007488,mel,4,0.012818652,0.0007229627,0.0039795786,0.00030341776,0.95226216,0.029745184,0.00016799555
ISIC_0027105,HAM_0005747,mel,4,0.00096530665,0.06229105,0.038696706,0.0010657107,0.7789683,0.11758727,0.00042566677
ISIC_0027502,HAM_0005747,mel,4,0.011520434,0.001264775,0.023849335,0.0010233244,0.64741325,0.31472477,0.00020407084
ISIC_0027021,HAM_0006940,mel,4,0.72449964,0.0008247019,0.003545153,0.01551191,0.24152482,0.013979169,0.00011455374
ISIC_0029958,HAM_0004507,mel,4,0.013361926,9.5167445e-05,0.95107573,1.7170023e-05,0.035215713,0.00020389099,3.03674e-05
ISIC_0032504,HAM_0001791,mel,4,0.00052693713,1.8919545e-06,0.0003868885,2.2591372e-05,0.97522676,0.023827136,7.763089e-06
ISIC_0027956,HAM_0001791,mel,4,0.0012911417,5.2973293e-05,0.002298125,7.928871e-05,0.9535903,0.04251311,0.0001750213
ISIC_0024554,HAM_0004507,mel,4,0.6959407,0.00032952614,0.2151739,0.000107757936,0.08659054,0.0016759618,0.00018163898
ISIC_0027089,HAM_0002800,mel,4,0.0011275839,0.0003208959,0.0013934973,0.00063941313,0.37849796,0.6163928,0.0016278581
ISIC_0026239,HAM_0002800,mel,4,0.0018903858,0.00063408376,0.0035128007,0.00078998005,0.3927625,0.59854543,0.001864851
ISIC_0026930,HAM_0002970,mel,4,0.21288124,0.0014243536,0.06162333,0.00031625945,0.2732769,0.45030475,0.00017312706
ISIC_0027350,HAM_0002970,mel,4,0.028650459,0.0004539145,0.013688618,0.00023007544,0.78425246,0.1723288,0.00039565007
ISIC_0025543,HAM_0005735,mel,4,0.0038850843,1.715294e-05,0.9807742,2.3489947e-06,0.015174052,0.00014343599,3.5661076e-06
ISIC_0028860,HAM_0006779,mel,4,0.12918039,0.0006096267,0.039921053,0.0012560567,0.6149949,0.21377864,0.00025927759
ISIC_0030795,HAM_0003601,mel,4,0.0013409181,8.2381455e-05,0.0007215133,0.00022440504,0.92907596,0.06820177,0.00035313482
ISIC_0027507,HAM_0003601,mel,4,0.005701505,0.0005195566,0.012410382,0.0010576926,0.5671529,0.41190702,0.0012510071
ISIC_0026802,HAM_0004878,mel,4,0.018148994,0.0012402338,0.05819071,0.0007859369,0.84873986,0.07250064,0.0003937189
ISIC_0028026,HAM_0007522,mel,4,0.00029418463,0.00010746669,0.0007493653,0.00018075958,0.9875552,0.011021451,9.1506365e-05
ISIC_0027904,HAM_0007522,mel,4,0.00012859055,1.35641785e-05,0.0074498695,5.2427524e-05,0.9682357,0.024071867,4.8007354e-05
ISIC_0032232,HAM_0004878,mel,4,0.07276783,0.021614688,0.49671823,0.01063143,0.13149823,0.24832343,0.01844616
ISIC_0028220,HAM_0004559,mel,4,0.0065706405,0.0054395976,0.07509944,0.00033902214,0.84288836,0.068733945,0.00092902174
ISIC_0026735,HAM_0007293,mel,4,0.00013761323,2.7740492e-05,0.1355284,3.065595e-05,0.8595568,0.0046994495,1.9316387e-05
ISIC_0029094,HAM_0006527,mel,4,0.0053464337,6.549409e-05,0.0020916646,0.000144501,0.97671765,0.015584292,5.0043145e-05
ISIC_0032287,HAM_0006223,mel,4,0.02514682,0.0039568925,0.047372833,0.005472805,0.48419777,0.4291793,0.0046735588
ISIC_0025791,HAM_0006223,mel,4,0.017329298,0.0016427271,0.5988851,0.0007947725,0.10118251,0.27983236,0.00033309666
ISIC_0024864,HAM_0003167,mel,4,0.0011454414,0.00023476072,0.018584808,0.0006435727,0.20880508,0.76768464,0.0029018223
ISIC_0030951,HAM_0000590,mel,4,0.00045289853,0.000105023,0.010219257,0.00016463014,0.9783733,0.010579504,0.00010543485
ISIC_0031957,HAM_0004081,mel,4,0.02406738,0.022203265,0.30120346,0.024017576,0.36283898,0.25628033,0.009389027
ISIC_0026258,HAM_0000534,mel,4,0.0025085153,0.00024075175,0.082254395,0.00032679064,0.8375968,0.076270744,0.000802093
ISIC_0025235,HAM_0000534,mel,4,0.00070076284,0.0006731598,0.37347016,0.0009550304,0.45183963,0.16654173,0.0058196043
ISIC_0027359,HAM_0000536,mel,4,0.0011206373,0.0023985603,0.094350465,0.003309814,0.65127665,0.24543227,0.0021116107
ISIC_0031844,HAM_0000536,mel,4,0.0015281963,0.0022161251,0.57720137,0.0016434508,0.049236756,0.36732677,0.0008473644
ISIC_0026693,HAM_0003839,vasc,4,9.3229227e-07,2.9315519e-05,9.874113e-06,5.434293e-06,7.81887e-06,7.0675806e-06,0.99993956
ISIC_0027983,HAM_0003839,vasc,4,3.396843e-05,0.001809593,9.106693e-05,2.0310266e-05,0.000106559244,7.646786e-06,0.9979309
ISIC_0033031,HAM_0003862,vasc,4,0.00040091242,0.0045472216,0.003022074,0.00082245254,0.20607719,5.1723266e-05,0.7850784
ISIC_0032775,HAM_0003862,vasc,4,0.0005515554,0.004281198,0.011125688,0.00031932298,0.6551236,0.00021323492,0.32838547
ISIC_0033458,HAM_0003862,vasc,4,3.4294553e-05,0.00021177958,8.937413e-05,0.07293717,0.877913,8.433053e-05,0.048730064
ISIC_0032614,HAM_0006946,vasc,4,3.9553218e-08,9.694944e-06,1.2839251e-06,8.612946e-07,1.9941343e-05,1.2637269e-06,0.99996686
ISIC_0033349,HAM_0006946,vasc,4,2.1799653e-07,3.9208702e-05,2.4635115e-06,2.0630514e-06,2.6189015e-05,4.686927e-06,0.999925
ISIC_0032919,HAM_0006946,vasc,4,7.088635e-08,9.612067e-06,7.045982e-07,5.846522e-06,4.1300023e-05,2.6321168e-06,0.9999398
ISIC_0032866,HAM_0006946,vasc,4,9.4670827e-07,7.3267525e-05,3.1540935e-06,1.09586e-05,4.1580486e-05,2.5909398e-05,0.9998442
ISIC_0031090,HAM_0001719,vasc,4,0.00022814317,0.0016460841,0.005615036,0.008585252,0.90334374,0.004117034,0.07646473
ISIC_0031093,HAM_0000502,vasc,4,2.8563027e-06,5.158921e-05,2.8104849e-05,1.0588603e-05,0.000100553116,2.453105e-05,0.99978167
ISIC_0029608,HAM_0000502,vasc,4,3.3652937e-06,7.3111354e-05,3.1804448e-05,4.9443297e-05,6.42204e-05,3.7228263e-05,0.9997408
ISIC_0030283,HAM_0007372,vasc,4,5.1627353e-06,7.815996e-05,8.61148e-05,0.00035715112,4.9389404e-05,0.00010503048,0.99931896
ISIC_0025612,HAM_0002177,vasc,4,0.00013283773,0.0015223162,0.001940719,0.0022351337,0.0005561404,0.004576006,0.98903686
ISIC_0028406,HAM_0005215,vasc,4,3.9181637e-06,0.00010981791,7.777897e-05,7.508833e-05,5.9797054e-05,7.513325e-05,0.99959844
ISIC_0024662,HAM_0007532,vasc,4,4.2812876e-06,4.0611787e-05,0.00023691435,0.0002983367,3.4673652e-05,0.00067867007,0.9987066
ISIC_0027790,HAM_0004943,vasc,4,9.062705e-06,0.004353434,2.5708501e-05,0.00010621321,0.00017410587,0.0035710186,0.9917605
ISIC_0026713,HAM_0006138,vasc,4,5.1973224e-05,0.0114756925,0.00039472117,0.00022061638,0.0017844681,0.0055167335,0.9805557
ISIC_0024867,HAM_0007568,vasc,4,1.838432e-06,2.725054e-05,4.0432315e-05,5.30369e-05,4.7849957e-05,3.0988118e-05,0.9997986
ISIC_0027665,HAM_0001860,vasc,4,1.0368758e-05,0.00012264107,4.6409667e-05,0.0001986464,8.5787186e-05,0.0006580772,0.99887794
ISIC_0026068,HAM_0004413,vasc,4,1.5161022e-06,1.5525462e-05,7.975332e-06,6.2513995e-05,2.4202893e-05,3.2866246e-05,0.9998554
ISIC_0034093,HAM_0003220,bcc,4,0.964366,0.0225559,0.00021890448,5.2299125e-05,0.012664111,0.00013087099,1.19899605e-05
ISIC_0031749,HAM_0002791,bcc,4,5.860513e-05,0.9527224,0.013060645,0.009770215,0.0010228691,0.0142078195,0.0091574015
ISIC_0029847,HAM_0002791,bcc,4,0.00013965338,0.33443913,0.0014318628,0.6189888,0.0022611339,0.0028799311,0.039859504
ISIC_0031943,HAM_0000393,bcc,4,0.0011334765,0.61425036,0.07485437,0.00086609257,0.15284775,0.13570546,0.020342562
ISIC_0027865,HAM_0000393,bcc,4,0.21989827,0.18191187,0.04337713,0.026495814,0.44442037,0.06366277,0.02023376
ISIC_0029647,HAM_0003094,bcc,4,0.0037569888,0.70698756,0.2808862,0.002486416,0.0010042173,0.0048456755,3.2970944e-05
ISIC_0027858,HAM_0003094,bcc,4,0.073748074,0.6771836,0.15813684,0.066075504,0.01683269,0.005951026,0.002072224
ISIC_0031140,HAM_0003229,bcc,4,0.009111886,0.9853403,0.0010982954,0.0020950115,0.000906067,0.0014397807,8.648311e-06
ISIC_0026275,HAM_0005804,bcc,4,0.081294194,0.28128216,0.55661416,0.0003690399,0.06933077,0.007701967,0.0034078103
ISIC_0024573,HAM_0005804,bcc,4,0.00011621904,0.9978098,0.00059696264,1.0300507e-05,0.0005156532,0.0009214649,2.9475626e-05
ISIC_0032660,HAM_0002565,bcc,4,0.00038281246,0.013171334,0.92364645,3.1884098e-05,0.05847303,0.003686735,0.00060773833
ISIC_0033504,HAM_0002565,bcc,4,0.00930012,0.34667826,0.5628294,0.0007840944,0.074799046,0.0047682594,0.00084083993
ISIC_0027058,HAM_0005998,bcc,4,0.001035243,0.9516951,0.031341296,0.00027279588,0.005811096,0.0088199405,0.0010245057
ISIC_0030114,HAM_0005998,bcc,4,0.001912878,0.0151073905,0.97839373,4.5123925e-05,0.0025563056,0.0013680387,0.000616494
ISIC_0034306,HAM_0002526,bcc,4,0.00012948389,0.9980894,0.001718288,1.015354e-06,2.1651662e-05,3.7506208e-05,2.665699e-06
ISIC_0032799,HAM_0002526,bcc,4,3.474274e-05,0.9896343,0.0101303365,5.2407186e-06,0.00014393697,3.1184532e-05,2.0356143e-05
ISIC_0033666,HAM_0002664,bcc,4,0.0012901219,0.61367613,0.36151707,1.9847477e-05,0.020788519,0.0020304339,0.00067787257
ISIC_0033218,HAM_0002664,bcc,4,4.7371504e-05,0.029447606,0.96802974,1.33207e-07,0.0020548583,0.00014191371,0.00027833835
ISIC_0033054,HAM_0002664,bcc,4,0.0009316357,0.010543338,0.9459302,1.2238244e-06,0.034421496,0.00087717234,0.007294988
ISIC_0033257,HAM_0003046,bcc,4,0.009887276,0.6355699,0.07963873,0.017428175,0.083565556,0.008364461,0.16554587
ISIC_0034276,HAM_0003046,bcc,4,0.0005362429,0.9857663,0.0019742032,0.0005126256,0.0011988516,0.006086373,0.003925513
ISIC_0034119,HAM_0003046,bcc,4,0.002471601,0.98769706,0.0063691405,0.00062372774,0.0009965929,0.00038576362,0.0014561379
ISIC_0034161,HAM_0001243,bcc,4,0.00023383723,0.99482006,0.0004505287,0.0031416418,8.663421e-05,0.0012226964,4.471322e-05
ISIC_0033747,HAM_0001243,bcc,4,3.5341604e-05,0.9940719,0.0008099713,0.0008942842,0.00034086237,0.003826917,2.061719e-05
ISIC_0033609,HAM_0002243,bcc,4,6.411628e-07,0.9990607,0.000103510254,1.785832e-05,0.00014480665,0.00029292112,0.00037946433
ISIC_0032777,HAM_0002243,bcc,4,0.00049379334,0.991437,0.00096362707,8.6152155e-05,0.00034322124,0.000112970665,0.0065631927
ISIC_0033019,HAM_0002243,bcc,4,4.4504883e-05,0.99908125,0.0002876466,6.1303535e-06,0.0003876741,6.646384e-05,0.00012633075
ISIC_0029546,HAM_0005482,bcc,4,0.0007122611,0.992128,0.00070876704,7.447444e-05,0.0029213913,0.003434662,2.0317584e-05
ISIC_0026988,HAM_0004937,bcc,4,0.018543068,0.98134375,5.466539e-05,1.7946411e-06,5.4367953e-05,1.3523544e-06,1.0210181e-06
ISIC_0031643,HAM_0003851,bcc,4,0.009311193,0.9863275,0.00023423543,0.00012354928,0.0038534096,0.00013535722,1.4734624e-05
ISIC_0025299,HAM_0007313,bcc,4,0.0386063,0.9606701,0.0005453503,1.4372917e-05,0.000102742175,5.8771922e-05,2.2939805e-06
ISIC_0028739,HAM_0007313,bcc,4,0.0002236824,0.9910959,0.0006286696,2.971439e-05,0.002533734,0.0054706037,1.7664173e-05
ISIC_0029129,HAM_0004285,bcc,4,0.011601011,0.9879709,0.00013758198,7.113233e-06,0.0002721018,1.0444304e-05,8.797163e-07
ISIC_0027189,HAM_0006708,bcc,4,0.6291448,0.36484236,0.004717796,0.0009828348,0.00016938169,8.8788045e-05,5.4054264e-05
ISIC_0032307,HAM_0001301,bcc,4,0.015087252,0.008935654,0.64887923,0.0008233433,0.1954319,0.12909205,0.0017506102
ISIC_0026845,HAM_0001283,bcc,4,0.041523047,0.92921454,0.008997602,0.00038980838,0.017860204,0.000422065,0.0015927436
ISIC_0028989,HAM_0004487,bcc,4,0.48054183,0.4311911,0.077987626,0.00068291917,0.0022557233,0.007225175,0.00011569559
ISIC_0028556,HAM_0002421,bcc,4,2.6842536e-05,0.9995666,0.00033301604,1.9395775e-06,2.007974e-05,4.51147e-05,6.354507e-06
ISIC_0031976,HAM_0006851,bcc,4,0.0034411587,0.9935275,0.0017708932,0.00039170048,0.000717743,0.00012314058,2.7880922e-05
ISIC_0024897,HAM_0003716,bcc,4,0.009881643,0.97468626,0.014023271,6.7254405e-05,0.00082685566,0.000247165,0.0002675176
ISIC_0024432,HAM_0002083,bcc,4,0.02749874,0.08168579,0.6641857,0.004807251,0.12706141,0.09239779,0.0023633963
ISIC_0029035,HAM_0006386,bcc,4,0.81888914,0.0020853332,0.17800243,1.01485975e-05,0.0009779509,2.3969085e-05,1.1084899e-05
ISIC_0032246,HAM_0005509,bcc,4,0.0030073924,0.962255,0.00244553,0.028493853,0.0006400809,0.0030552428,0.000102785154
ISIC_0026865,HAM_0005509,bcc,4,8.506425e-06,0.99881965,0.00014795535,0.00023864837,3.9519888e-05,0.0007334964,1.2260087e-05
ISIC_0031057,HAM_0005509,bcc,4,0.0074855173,0.12741067,0.8621985,0.00082875456,0.00026550362,0.0017846136,2.6532756e-05
ISIC_0029263,HAM_0002689,bcc,4,0.06011011,0.9387979,0.00072748674,3.623938e-06,0.00031082443,1.9135618e-05,3.0948555e-05
ISIC_0026687,HAM_0002689,bcc,4,0.52306575,0.1366546,0.00808304,0.16388702,0.16199304,0.0058786813,0.00043793352
ISIC_0028147,HAM_0006053,bcc,4,0.0019911658,0.93648684,0.020600814,0.039291263,0.000593812,0.00065248786,0.00038351654
ISIC_0029342,HAM_0007139,bcc,4,0.003081183,0.9868181,0.00324993,0.00013113947,0.00030897718,0.006344382,6.628469e-05
ISIC_0028577,HAM_0007139,bcc,4,0.003797003,0.99578494,0.00039899995,9.644309e-07,7.816351e-06,8.13089e-06,2.2022843e-06
ISIC_0026154,HAM_0006658,bcc,4,0.0004626942,0.998978,2.6763535e-05,4.593773e-06,0.00044704118,7.8200675e-05,2.6528087e-06
ISIC_0029917,HAM_0007364,bcc,4,0.006829199,0.9128253,0.002950027,0.0041137864,0.04542106,0.027798504,6.2090614e-05
ISIC_0030138,HAM_0006111,bcc,4,0.00030796247,0.97386736,0.002526689,0.00023547988,0.0005075624,0.0062805596,0.016274411
ISIC_0032185,HAM_0006111,bcc,4,0.00017716625,0.99517375,0.002960888,2.1701637e-05,8.880859e-05,0.000876764,0.00070097885
ISIC_0024829,HAM_0007535,bcc,4,5.6269405e-06,0.99987245,2.3941091e-05,2.5200527e-05,1.0166836e-05,5.0855997e-05,1.1716294e-05
ISIC_0031041,HAM_0002733,bcc,4,0.01354817,0.9815793,0.0037909732,6.40179e-05,0.0008647128,0.000111568086,4.1321986e-05
ISIC_0031971,HAM_0006564,bcc,4,0.00609616,0.49748436,0.02883299,0.0034748125,0.38008478,0.0832579,0.0007690363
ISIC_0031721,HAM_0006564,bcc,4,0.00042277467,0.9758153,0.00041454408,0.00030717734,0.019153418,0.0009962061,0.0028905487
ISIC_0029828,HAM_0006510,nv,4,0.009981491,0.0023325484,0.13619578,0.008724654,0.3766823,0.4639145,0.0021687236
ISIC_0032285,HAM_0006830,nv,4,0.002294096,0.0007275286,0.0011888403,0.0018241754,0.02656571,0.96371454,0.003685176
ISIC_0031575,HAM_0000699,nv,4,0.00011455189,0.00061280286,0.009552977,0.00067589583,0.00072685437,0.98761123,0.00070567924
ISIC_0028266,HAM_0003882,nv,4,0.00074023276,0.0003582706,0.006187339,0.0014347001,0.0035087476,0.9864891,0.001281585
ISIC_0028298,HAM_0004140,nv,4,6.8237496e-05,0.001055786,0.004393597,0.00031147324,0.0012476158,0.9920312,0.00089203217
ISIC_0026518,HAM_0003646,nv,4,0.01244934,0.0073102047,0.0063836644,0.0041756816,0.33094817,0.6369723,0.0017606121
ISIC_0024896,HAM_0003711,nv,4,0.0006437429,0.011712122,0.0011878976,0.00045235406,0.009352088,0.97609067,0.00056105194
ISIC_0030102,HAM_0005449,nv,4,0.0019543953,0.0043566828,0.014243161,0.0018678571,0.12065936,0.846799,0.010119554
ISIC_0031895,HAM_0007316,nv,4,0.0006146803,0.00014054567,0.0044184993,0.00026428525,0.21007046,0.7842939,0.00019765075
ISIC_0024979,HAM_0006490,nv,4,0.0003316879,5.6411005e-05,0.00085797324,0.0013459192,0.0057493453,0.99105495,0.0006038127
ISIC_0024462,HAM_0006693,nv,4,0.00022267264,5.3170217e-05,0.00022552013,0.0013402011,0.010314013,0.9868656,0.0009788168
ISIC_0025415,HAM_0005619,nv,4,0.0020480873,0.0010693918,0.0062979097,0.0016282666,0.079909675,0.9064978,0.002548853
ISIC_0031207,HAM_0001090,nv,4,4.3289372e-05,0.00012500526,1.9122319e-05,2.5264535e-05,0.000119683085,0.9996283,3.9282728e-05
ISIC_0025407,HAM_0002226,nv,4,5.0846556e-05,2.2423677e-05,6.5594075e-05,0.00041709942,0.00020101192,0.9991646,7.852553e-05
ISIC_0029870,HAM_0002151,nv,4,0.0031837649,0.00033592628,0.008714618,0.00083045237,0.051241424,0.9341913,0.0015025393
ISIC_0031164,HAM_0007230,nv,4,0.00043468588,0.004399042,0.00799193,0.013400254,0.02464726,0.94584846,0.0032782925
ISIC_0032317,HAM_0001629,nv,4,9.3536604e-05,0.0018753819,0.023139235,0.00057441683,0.0021860462,0.97161734,0.0005141137
ISIC_0030338,HAM_0001775,nv,4,0.0005352973,0.000198125,0.00068202097,0.000483123,0.0011762606,0.9965887,0.00033638312
ISIC_0028779,HAM_0003524,nv,4,0.0019894608,0.0003046131,0.038460936,0.0040391968,0.016263261,0.9364637,0.0024787278
ISIC_0027585,HAM_0000785,nv,4,0.0011919573,0.00093579927,0.05345857,0.0005320905,0.00594963,0.9363516,0.0015803375
ISIC_0027752,HAM_0007241,nv,4,0.007175433,0.004015193,0.022977158,0.008734268,0.097475976,0.82829237,0.031329654
ISIC_0025432,HAM_0006920,nv,4,0.00030993976,0.0015248946,0.5576493,0.00063882966,0.010393759,0.42923287,0.00025042135
ISIC_0025364,HAM_0000692,nv,4,0.0017108037,0.00029895248,0.009412042,0.00047990924,0.02193339,0.96513957,0.0010253708
ISIC_0027411,HAM_0001117,nv,4,0.00573799,0.0027321696,0.012355133,0.010394375,0.009030872,0.9504061,0.009343436
ISIC_0027732,HAM_0006132,nv,4,0.03131902,0.0045464966,0.0029392499,0.008056813,0.022420028,0.9279338,0.0027845344
ISIC_0025142,HAM_0004163,nv,4,0.0001162992,4.023872e-05,0.0040222476,0.0053910795,0.0016102911,0.9858051,0.0030147713
ISIC_0025201,HAM_0000377,nv,4,2.476406e-06,8.329885e-06,3.138027e-06,0.00013576214,3.363728e-05,0.99978894,2.7746459e-05
ISIC_0026565,HAM_0002465,nv,4,0.00085051596,0.00010668851,0.00050879293,0.00083335943,0.017336324,0.9799453,0.0004190938
ISIC_0027195,HAM_0006279,nv,4,0.0062922537,0.0010949533,0.0057750274,0.014011761,0.01458414,0.9561257,0.0021161453
ISIC_0028482,HAM_0004169,nv,4,0.011281182,0.00044452466,0.0067676343,0.010793893,0.018146973,0.95140195,0.0011639019
ISIC_0030128,HAM_0002466,nv,4,0.005085282,0.0024808398,0.0033313541,0.005008474,0.03763522,0.94548684,0.00097188476
ISIC_0026242,HAM_0006306,nv,4,0.0044232006,0.054739367,0.05157305,0.015458452,0.1128548,0.7508756,0.010075461
ISIC_0031773,HAM_0007065,nv,4,0.0009215821,0.005124607,0.019373482,0.0013557973,0.070077784,0.42322153,0.47992527
ISIC_0031701,HAM_0005142,nv,4,0.001382067,0.0019544414,0.039158862,0.00065389025,0.019776309,0.9365426,0.0005317888
ISIC_0029815,HAM_0006537,nv,4,0.00023292501,0.00041166556,0.00023327403,0.0012049571,0.00025567735,0.99377173,0.0038898457
ISIC_0025966,HAM_0001553,nv,4,0.00016807973,0.0008957821,0.00032926665,0.18690293,0.06359957,0.7209288,0.027175626
ISIC_0028668,HAM_0003197,nv,4,0.00015836026,0.013058227,0.011313312,0.00065790856,0.00076440227,0.9720557,0.0019921314
ISIC_0026232,HAM_0000912,nv,4,0.00064925896,0.00020873352,0.0010416221,0.007526922,0.0008213713,0.98917645,0.00057566125
ISIC_0030885,HAM_0000631,nv,4,0.005138607,0.0031446777,0.022539217,0.0051474357,0.09214128,0.86097103,0.010917745
ISIC_0026562,HAM_0000429,nv,4,0.0015405664,0.0004349507,0.0025355902,0.00090078084,0.051794354,0.9410862,0.0017075659
ISIC_0027389,HAM_0005332,nv,4,0.0021449884,0.000279363,0.0012285357,0.05759223,0.0004037297,0.9372494,0.0011018742
ISIC_0025221,HAM_0002294,nv,4,0.0005959639,0.0001492582,0.0013782987,0.00127423,0.0076040667,0.9875777,0.0014205617
ISIC_0027124,HAM_0003636,nv,4,0.00068705954,0.000336965,0.0016873518,0.0009738128,0.01137546,0.98339903,0.0015403705
ISIC_0024791,HAM_0002940,nv,4,5.1161565e-05,0.00080535543,0.001403564,0.006014421,0.00015863079,0.24261585,0.74895096
ISIC_0025044,HAM_0000339,nv,4,0.0021457078,0.0013463772,0.0021269568,0.0027145392,0.002802682,0.984894,0.003969815
ISIC_0025635,HAM_0004639,nv,4,0.0015839991,0.0014585763,0.0010073928,0.0051244833,0.0023490218,0.9819834,0.0064931074
ISIC_0024493,HAM_0006689,nv,4,0.002410499,0.0017689505,0.06628664,0.38885194,0.05824304,0.47799262,0.0044463165
ISIC_0025900,HAM_0000943,nv,4,0.00018781106,0.00058959995,0.0010425171,0.00045740686,0.00055421446,0.9961473,0.0010211546
ISIC_0027939,HAM_0002741,nv,4,0.002062922,0.0001983763,0.002960621,0.0013367542,0.07950209,0.913491,0.00044822315
ISIC_0027164,HAM_0004328,nv,4,0.0005422608,0.0015520595,0.004220239,0.008494716,0.030485088,0.95289403,0.0018117211
ISIC_0027276,HAM_0000649,nv,4,0.0022326333,0.013071474,0.008537461,0.004031188,0.001949467,0.94747263,0.022705153
ISIC_0031035,HAM_0004253,nv,4,1.7860446e-05,7.012321e-05,0.00093417574,0.14177829,0.00033894257,0.8565293,0.00033132455
ISIC_0027564,HAM_0004826,nv,4,0.0062809284,0.01697842,0.003750846,0.01091998,0.005018091,0.94898725,0.008064522
ISIC_0026256,HAM_0003960,nv,4,0.0012078154,0.00042865632,0.0007344091,0.0007125924,0.0016587414,0.99333763,0.0019201144
ISIC_0031153,HAM_0004861,nv,4,0.0018441654,0.0005341585,0.0004579978,0.0023785383,0.0024444845,0.9902896,0.0020509525
ISIC_0027661,HAM_0002414,nv,4,0.00022822565,0.0001528249,0.0005195858,0.003276193,0.001515728,0.9936847,0.0006227373
ISIC_0030204,HAM_0005104,nv,4,0.00015426899,0.00010271289,0.53478783,0.0012762033,0.0031865113,0.46046427,2.8195744e-05
ISIC_0028935,HAM_0001336,nv,4,0.0050324206,0.0003203148,0.028600294,0.0007570038,0.44080207,0.5238719,0.00061598845
ISIC_0026136,HAM_0003145,nv,4,0.002194154,0.0007471101,0.009110015,0.0030446618,0.014249305,0.9679769,0.0026778067
ISIC_0029211,HAM_0001162,nv,4,0.002936848,0.0009896226,0.0011826459,0.0024397727,0.004166822,0.984991,0.0032932614
ISIC_0031102,HAM_0004122,nv,4,0.0002687156,0.0008229727,0.017588368,0.0006996546,0.004848714,0.97531044,0.00046111742
ISIC_0027318,HAM_0000927,nv,4,0.01541616,0.0021224248,0.0045233164,0.008395473,0.040837973,0.9234357,0.005269009
ISIC_0030000,HAM_0004735,nv,4,0.00012193049,0.0059168683,0.026346149,0.00039133776,0.011807443,0.9551952,0.00022111314
ISIC_0028426,HAM_0003541,nv,4,1.9806623e-06,2.5713754e-05,0.00017018664,0.8364408,3.7885227e-05,0.16208768,0.0012357478
ISIC_0031199,HAM_0006046,nv,4,0.00023204325,0.00011761892,0.0015885311,0.0005520213,0.016051652,0.9806795,0.00077866507
ISIC_0026960,HAM_0005456,nv,4,0.0005704376,0.00014652564,0.0058762543,0.00074994116,0.048013818,0.94406337,0.0005796155
ISIC_0029972,HAM_0002997,nv,4,0.00056740525,0.0004695368,0.0012640377,0.0015796049,0.0019118035,0.99269605,0.0015115723
ISIC_0026225,HAM_0003781,nv,4,0.004086943,0.0013153084,0.0031725501,0.0010698695,0.0073767304,0.9794114,0.0035671792
ISIC_0027554,HAM_0001123,nv,4,0.0029724077,0.0016800832,0.1345661,0.0020852997,0.031925667,0.82543623,0.0013342086
ISIC_0025003,HAM_0004269,nv,4,0.00023188432,0.00017946746,0.0014842238,0.0024960267,0.0006781854,0.9946891,0.0002410806
ISIC_0024556,HAM_0003151,nv,4,0.0015197926,0.021627577,0.0046263286,0.0038134172,0.0030943935,0.9644368,0.00088163506
ISIC_0030955,HAM_0000657,nv,4,0.0004567968,0.00075309543,0.00033324808,0.00042102102,0.0008566076,0.99589133,0.0012879829
ISIC_0024738,HAM_0000203,nv,4,0.0010744651,0.0001492359,0.0026856915,0.010720895,0.00031009337,0.9843612,0.00069838547
ISIC_0029628,HAM_0004227,nv,4,0.008253299,0.010292985,0.01561442,0.013627909,0.009537369,0.8758809,0.066793196
ISIC_0028813,HAM_0001067,nv,4,0.0017799031,8.6414235e-05,0.0028929594,0.0014218605,0.01993212,0.97202444,0.0018622829
ISIC_0030943,HAM_0000518,nv,4,0.00974655,0.006621806,0.020681635,0.011452536,0.023774995,0.86229753,0.0654249
ISIC_0030736,HAM_0004818,nv,4,0.0005940965,0.00038178035,0.0008731621,0.0007921763,0.003011319,0.99096346,0.0033839208
ISIC_0025104,HAM_0007128,nv,4,0.00021614159,0.00020326246,0.035696793,0.00026743073,0.004155441,0.95614904,0.0033120082
ISIC_0028789,HAM_0003032,nv,4,0.00031629956,0.0011732705,0.0007701014,0.6982336,0.00020771878,0.29453272,0.0047662617
ISIC_0025607,HAM_0004757,nv,4,0.0034339998,0.0002561914,0.0018483473,0.0035802983,0.008455433,0.9818138,0.0006119864
ISIC_0025678,HAM_0006836,nv,4,0.00022785344,0.00043064234,0.000121136414,0.012709803,0.00034495143,0.98582536,0.00034021563
ISIC_0024492,HAM_0006736,nv,4,0.0010561658,0.00507445,0.019226497,0.0006627371,0.0032747632,0.9703326,0.00037279038
ISIC_0027600,HAM_0001959,nv,4,0.00022426108,0.00012941821,0.0003612097,0.00037441865,0.006708833,0.9921146,8.724341e-05
ISIC_0028102,HAM_0004793,nv,4,0.00035025907,0.0009589066,0.0011789451,0.0015017263,0.0020559707,0.9879842,0.005969921
ISIC_0026910,HAM_0003661,nv,4,0.0010105763,0.003536045,0.0010234774,0.008011528,0.0007156696,0.97741413,0.008288536
ISIC_0032002,HAM_0005130,nv,4,0.0039586094,0.0030019227,0.02362929,0.0020583821,0.0018020772,0.9622217,0.0033280074
ISIC_0031800,HAM_0003551,nv,4,0.00088682474,0.0018457674,0.015377267,0.004690929,0.013909563,0.9614015,0.0018881246
ISIC_0030202,HAM_0003644,nv,4,2.29581e-05,2.1726322e-05,6.010598e-05,0.00055546017,0.00011874342,0.998185,0.0010359174
ISIC_0030911,HAM_0005111,nv,4,0.006278465,0.0030361412,0.005974527,0.010942588,0.039347295,0.93153274,0.0028882262
ISIC_0030285,HAM_0005178,nv,4,0.0018324447,0.08891501,0.022137193,0.009816301,0.03146562,0.84286594,0.0029674692
ISIC_0026201,HAM_0001339,nv,4,0.00026298838,2.4285328e-05,0.000170595,0.0005361055,0.0019189048,0.99700505,8.210452e-05
ISIC_0027910,HAM_0001670,nv,4,0.0008591606,0.00014971556,0.020152343,0.018098095,0.059305917,0.90131885,0.00011595511
ISIC_0025090,HAM_0007258,nv,4,0.0013658945,0.00029957836,0.5372454,0.00029186287,0.02253678,0.4379549,0.00030560972
ISIC_0031637,HAM_0007159,nv,4,0.0002106629,0.000548768,0.010442827,0.00082502957,0.0020703455,0.9795512,0.006351288
ISIC_0027605,HAM_0005266,nv,4,8.567632e-05,0.0018483562,0.00038319433,0.0015310775,0.00093797833,0.9923153,0.0028984216
ISIC_0029346,HAM_0004625,nv,4,0.022019012,0.0016249052,0.14334537,0.011784478,0.32572928,0.49163163,0.0038653042
ISIC_0032091,HAM_0003114,nv,4,0.00051896344,0.00019501882,0.00030192317,0.0017083929,0.007386496,0.9877628,0.0021264
ISIC_0024765,HAM_0005087,nv,4,4.7311405e-05,2.3996337e-05,3.368092e-05,0.0003889615,0.00097333064,0.9983935,0.00013924226
ISIC_0026144,HAM_0000023,nv,4,0.00014830199,0.00024193006,0.0003983776,0.0006681425,0.00023764337,0.9968849,0.0014207289
ISIC_0031231,HAM_0001875,nv,4,0.0028233952,0.00015594,0.00034873653,0.0005702422,0.008166341,0.987605,0.00033023773
ISIC_0025093,HAM_0003970,nv,4,0.0011735326,0.000115394556,6.842524e-05,0.0017282768,0.0006373605,0.99610955,0.0001675085
ISIC_0028105,HAM_0005397,nv,4,0.0015072575,0.0027194878,0.06761695,0.006064176,0.024379725,0.8847516,0.012960885
ISIC_0026854,HAM_0004842,nv,4,0.00087309047,0.02660306,0.073125914,0.0010878767,0.0025052805,0.893552,0.0022527569
ISIC_0025822,HAM_0004404,nv,4,0.0015853383,0.00034472308,0.006583671,0.002182839,0.011314683,0.9768952,0.001093594
ISIC_0024816,HAM_0007434,nv,4,0.00088112935,0.0019138927,0.0022663646,0.0042676344,0.00889392,0.9809523,0.00082459283
ISIC_0029436,HAM_0006786,nv,4,0.0067274286,0.00067348365,0.032622565,0.032255646,0.09347595,0.8318714,0.0023734923
ISIC_0028770,HAM_0005682,nv,4,0.00062748446,0.00026837114,0.0005018783,0.0039064256,0.0005162866,0.9934441,0.0007354168
ISIC_0026929,HAM_0005224,nv,4,0.013101272,0.0021496192,0.0020277442,0.007293418,0.3110322,0.66105044,0.0033453153
ISIC_0029999,HAM_0001373,nv,4,2.4880745e-05,0.00078071316,0.00026102277,0.0041519213,0.0012327586,0.91496813,0.07858055
ISIC_0030711,HAM_0002418,nv,4,3.9849838e-05,1.863401e-05,7.2236326e-05,0.0004872915,0.0001063592,0.9991019,0.00017386333
ISIC_0031978,HAM_0007286,nv,4,0.0011842925,0.00042303148,0.00023879018,0.0013598449,0.008385516,0.9862618,0.0021467928
ISIC_0024744,HAM_0004434,nv,4,6.281738e-05,0.00017944908,6.592283e-05,9.794793e-05,0.00022047262,0.999241,0.00013251457
ISIC_0026292,HAM_0000477,nv,4,0.0010488671,0.0010527419,0.0033234658,0.014454594,0.015583026,0.96092093,0.0036164548
ISIC_0026533,HAM_0001159,nv,4,0.0017313731,0.001256962,0.0005545878,0.0006749935,0.0019476416,0.99304575,0.00078872003
ISIC_0027309,HAM_0003199,nv,4,0.000102810416,0.00013717596,0.00080983853,0.00043212046,0.0002898194,0.9979679,0.0002602986
ISIC_0028906,HAM_0002891,nv,4,0.0074595907,0.0054651005,0.0063830796,0.018048024,0.0074524446,0.9287083,0.02648338
ISIC_0027110,HAM_0006348,nv,4,0.0062839887,0.00028483922,0.005743983,0.00078520575,0.046725545,0.9396155,0.0005609178
ISIC_0032454,HAM_0004634,nv,4,0.00014701764,3.6673075e-05,0.0027827432,0.0003951667,0.024172306,0.97234565,0.00012043562
ISIC_0026515,HAM_0002779,nv,4,1.26054365e-05,9.210719e-05,7.249094e-05,0.0022690555,5.4792607e-05,0.99444616,0.0030527322
ISIC_0029550,HAM_0002394,nv,4,0.0074984897,0.0062427972,0.0011614513,0.014147297,0.00795491,0.96005934,0.0029357127
ISIC_0025493,HAM_0000614,nv,4,5.6149212e-05,0.004981804,0.00012153911,0.0003645598,0.00044649214,0.9920671,0.0019622312
ISIC_0030414,HAM_0003717,nv,4,6.145483e-05,0.00027434324,0.00014784599,0.0025086822,0.0018694521,0.9947707,0.00036754197
ISIC_0030972,HAM_0002181,nv,4,0.00020007262,0.00018835026,0.00357267,0.003969064,0.008410357,0.9832976,0.00036193212
ISIC_0026233,HAM_0000094,nv,4,0.00448756,0.0005758205,0.0010595294,0.00091577775,0.08456102,0.9075449,0.0008554438
ISIC_0030657,HAM_0005639,nv,4,3.5224064e-05,4.2132448e-05,0.0005031528,0.00023817718,0.00024776926,0.9987765,0.00015713049
ISIC_0026220,HAM_0005042,nv,4,0.0013226413,0.00023469185,0.00025610294,0.0007318156,0.0022149377,0.9947502,0.00048969226
ISIC_0030380,HAM_0002405,nv,4,0.081508614,0.0010888199,0.008795877,0.0036949527,0.007438595,0.89678377,0.0006893775
ISIC_0028561,HAM_0005517,nv,4,0.0063195685,0.005361765,0.0038176775,0.017193824,0.0030364245,0.9507651,0.013505713
ISIC_0024619,HAM_0006829,nv,4,0.0014378853,0.0075086597,0.00031144204,0.00930534,0.0011868445,0.9796596,0.0005901717
ISIC_0025072,HAM_0006712,nv,4,0.00032412872,0.00011675759,0.00050190504,0.00039321728,0.0023662157,0.9955853,0.00071242085
ISIC_0027951,HAM_0005080,nv,4,0.006854874,0.0022593178,0.0038586666,0.002810931,0.087957375,0.8873431,0.008915792
ISIC_0028083,HAM_0007496,nv,4,0.009911163,0.0041871318,0.021759903,0.003959344,0.026971625,0.92576057,0.0074502104
ISIC_0031320,HAM_0001206,nv,4,0.021422124,0.005468582,0.009596475,0.022423796,0.0041974187,0.9259688,0.010922838
ISIC_0032080,HAM_0005871,nv,4,0.0058271186,0.0020891866,0.0037148357,0.0033118385,0.039583597,0.9408543,0.0046192035
ISIC_0029456,HAM_0006977,nv,4,0.08466897,0.007171198,0.0029297266,0.002468614,0.011941537,0.8889681,0.0018517819
ISIC_0028279,HAM_0001843,nv,4,0.00031557307,0.0007816441,0.0063322284,0.0024232361,0.0013503974,0.9887143,8.2498125e-05
ISIC_0026317,HAM_0004918,nv,4,0.0013272705,0.0009156835,0.00063067506,0.003117006,0.0021518841,0.9888515,0.0030059705
ISIC_0028474,HAM_0004682,nv,4,0.0009358139,0.00037345692,0.0009994749,0.00093474315,0.006200368,0.9896937,0.0008625411
ISIC_0026436,HAM_0000260,nv,4,0.05362374,0.087186135,0.1788683,0.017369842,0.054822735,0.5970837,0.011045593
ISIC_0031693,HAM_0007388,nv,4,0.0003292186,0.0007055594,0.0074837967,0.00027860756,0.00038079685,0.9903487,0.00047329918
ISIC_0031540,HAM_0006374,nv,4,7.913231e-05,0.0003510663,0.0038934986,0.00018950115,0.0038914443,0.936472,0.055123385
ISIC_0027457,HAM_0002457,nv,4,0.0029856935,0.008609752,0.0065229405,0.0025871303,0.0031530128,0.97546023,0.00068122783
ISIC_0025126,HAM_0002953,nv,4,8.5381e-05,9.239436e-05,0.00033908786,0.00021562626,0.0001151351,0.998767,0.00038535745
ISIC_0025162,HAM_0003353,nv,4,0.0015204704,0.0016457302,0.07481215,0.0113592595,0.23330006,0.67677045,0.000591901
ISIC_0031104,HAM_0000945,nv,4,3.0505129e-05,6.553799e-05,0.0015266659,2.089122e-05,0.0018455668,0.99644023,7.0555965e-05
ISIC_0024977,HAM_0007224,nv,4,0.0043931417,0.00014310968,0.0059244013,0.00010298399,0.0015381565,0.9877539,0.00014421888
ISIC_0032075,HAM_0005534,nv,4,3.7940757e-05,0.0032211717,0.0009698723,0.0039590816,0.008584541,0.025135554,0.9580919
ISIC_0027056,HAM_0005306,nv,4,0.008653631,0.00083382864,0.006700599,0.0059132944,0.06496856,0.9096434,0.003286699
ISIC_0027636,HAM_0001109,nv,4,0.0052713095,0.0007468859,0.03701672,0.00041056622,0.034730658,0.9215483,0.00027560274
ISIC_0027936,HAM_0000428,nv,4,0.00033037932,0.00011632939,0.0008215835,0.0021041294,0.00030071885,0.9961538,0.00017305712
ISIC_0032500,HAM_0006860,nv,4,0.004653331,0.004444285,0.011318415,0.0060836035,0.0016280164,0.9702223,0.0016500817
ISIC_0025119,HAM_0002859,nv,4,0.0005756184,0.05414688,0.061298933,0.0025807985,0.010075041,0.87031215,0.0010106735
ISIC_0024574,HAM_0005390,nv,4,0.00016309375,0.0031066148,0.0063775796,0.0002495897,0.00042232635,0.9865927,0.003088127
ISIC_0030578,HAM_0002789,nv,4,0.00037393445,0.10626101,0.0008444728,0.00024624015,0.00018757972,0.89196235,0.00012438174
ISIC_0028934,HAM_0000514,nv,4,0.007132403,0.019658696,0.080188125,0.0038277037,0.026447544,0.8439935,0.018752102
ISIC_0029387,HAM_0000711,nv,4,0.0021102093,0.00032022977,0.001643849,0.0005912991,0.009820113,0.9849592,0.0005551616
ISIC_0025404,HAM_0000251,nv,4,0.0018145337,0.00047647767,0.0022484686,0.0013353255,0.03832787,0.95382917,0.001968225
ISIC_0031240,HAM_0004602,nv,4,0.0010267792,0.001231863,0.0012668268,0.0006759341,0.001840258,0.9927505,0.0012077981
ISIC_0032320,HAM_0005990,nv,4,0.014945955,0.002605727,0.005447862,0.0018463103,0.019537754,0.95534265,0.00027375238
ISIC_0026252,HAM_0003651,nv,4,5.417467e-05,0.035727113,0.000864245,0.0017347513,0.0017346999,0.9541579,0.0057270825
ISIC_0025714,HAM_0000458,nv,4,0.010596189,0.0017714916,0.004577673,0.011363509,0.009011563,0.9611041,0.0015753899
ISIC_0026261,HAM_0005067,nv,4,0.00038851003,0.0005797797,0.000519632,0.00024138197,0.00048564633,0.9975485,0.00023656088
ISIC_0025997,HAM_0001256,nv,4,0.001202869,0.0005570822,0.00072780903,0.00096057693,0.0015477,0.9936488,0.0013551333
ISIC_0031383,HAM_0000030,nv,4,0.05664505,0.025857378,0.15529458,0.07082325,0.021095566,0.64085674,0.029427411
ISIC_0024362,HAM_0001758,nv,4,0.000469962,0.00030191112,0.00013319602,0.0027220577,0.00030875727,0.9957653,0.0002989067
ISIC_0030562,HAM_0004093,nv,4,0.0009641239,0.0012682261,0.014752425,0.0012873872,0.0075478293,0.97240645,0.0017735431
ISIC_0026527,HAM_0002438,nv,4,0.0028168445,0.0017885644,0.006062921,0.0032506727,0.0061392756,0.97334373,0.0065981275
ISIC_0024611,HAM_0000385,nv,4,0.0007371343,3.6062105e-05,0.0007821073,0.00012081901,0.009034232,0.9891611,0.00012857783
ISIC_0032180,HAM_0004236,nv,4,0.0049897158,0.0011084082,0.0030709996,0.0015181823,0.005954142,0.9823647,0.0009938244
ISIC_0032083,HAM_0005491,nv,4,0.007465547,0.0021994538,0.0041052955,0.0022253694,0.03607577,0.9458299,0.0020986323
ISIC_0029906,HAM_0001644,nv,4,0.0009070456,0.000891316,0.0020277526,0.0012506949,0.013448693,0.98037565,0.001098773
ISIC_0024820,HAM_0005843,nv,4,0.00040464097,0.00040746608,0.00047170682,0.0016337269,0.00037754598,0.9951871,0.001517772
ISIC_0032120,HAM_0000901,nv,4,0.000502061,0.0004055224,0.0008969495,0.0015465608,0.0017550703,0.9932105,0.0016833857
ISIC_0025147,HAM_0004425,nv,4,0.019536803,0.008640765,0.0140093,0.010030507,0.05116984,0.87868214,0.017930623
ISIC_0025272,HAM_0004915,nv,4,0.00085088133,0.0006400172,0.001947515,0.0013177734,0.0015573011,0.99239,0.0012965361
ISIC_0024685,HAM_0006798,nv,4,2.7228743e-05,1.0699856e-05,4.1959564e-05,0.0037140555,0.00018507072,0.9959596,6.143476e-05
ISIC_0029556,HAM_0001831,nv,4,0.0003273652,0.00019341258,0.0011828927,0.00033147185,0.00044836508,0.9963027,0.0012138069
ISIC_0031141,HAM_0006278,nv,4,0.0010436185,0.00023472651,0.00037599282,0.0019256194,0.0073204413,0.9879374,0.0011622255
ISIC_0025448,HAM_0003733,nv,4,0.00028601752,0.00022595833,0.00034741915,0.0008572833,0.0018899556,0.9948612,0.0015321159
ISIC_0029246,HAM_0003666,nv,4,0.0036132047,0.0010770984,0.0016297309,0.0017000869,0.0066910246,0.98405313,0.0012358224
ISIC_0026119,HAM_0005827,nv,4,0.000995832,0.00023961415,0.0004074773,0.00046537633,0.002914668,0.9934408,0.00153621
ISIC_0028853,HAM_0001047,nv,4,0.005925465,0.014632269,0.26073277,0.0029420336,0.025351739,0.6810984,0.009317372
ISIC_0031635,HAM_0000434,nv,4,0.009249011,0.0029534283,0.03624177,0.0020965643,0.102812424,0.844789,0.0018577382
ISIC_0030042,HAM_0004436,nv,4,0.0010585155,0.0002014362,0.00032387194,0.0007458021,0.012532209,0.98454475,0.000593496
ISIC_0025241,HAM_0002710,nv,4,0.0016562184,0.0008239262,0.0011838886,0.0015157119,0.004451842,0.9883199,0.0020486033
ISIC_0028277,HAM_0005168,nv,4,0.0025213156,0.0011380304,0.002656009,0.0014389099,0.016716681,0.9739705,0.0015585414
ISIC_0027682,HAM_0002550,nv,4,0.0002575009,0.00025581982,0.00030196688,0.00032430445,0.0063551194,0.99097717,0.0015280881
ISIC_0024671,HAM_0001098,nv,4,0.00018031373,0.00013765365,0.00011900076,0.0005509888,0.00048282422,0.99797946,0.0005498755
ISIC_0024427,HAM_0003988,nv,4,0.0012656918,0.00018317235,0.0039594597,0.0020105194,0.000821626,0.99106264,0.0006968997
ISIC_0027116,HAM_0002656,nv,4,0.0052253613,0.00045469162,0.0051434403,0.00062659447,0.001779431,0.9862991,0.00047141526
ISIC_0031525,HAM_0002633,nv,4,0.0011461109,0.0021434356,0.013261923,0.001467222,0.0050018383,0.975321,0.0016585934
ISIC_0029595,HAM_0007520,nv,4,0.0009063915,0.00029906642,0.0009932346,0.00033245687,0.005556,0.98979133,0.002121474
ISIC_0029419,HAM_0002469,nv,4,0.0003373623,0.0041280366,0.000823271,0.026974421,0.0003734255,0.9669631,0.00040035418
ISIC_0028595,HAM_0003237,nv,4,0.0005170237,6.7269335e-05,0.00040926886,0.00043920937,0.0021168399,0.9962179,0.00023260023
ISIC_0026377,HAM_0001019,nv,4,0.00026258136,0.0014970982,0.003775685,0.000401489,0.0030833015,0.9908749,0.00010501415
ISIC_0026259,HAM_0000761,nv,4,0.00021531503,0.00018121404,0.00021651201,0.00027778826,0.0002553915,0.99831414,0.000539685
ISIC_0028387,HAM_0004470,nv,4,0.0024986623,0.007075149,0.021426458,0.00739298,0.036817353,0.9223358,0.0024536615
ISIC_0029968,HAM_0001559,nv,4,0.0017890587,0.0029398385,0.021930933,0.0018748672,0.025088055,0.94254076,0.0038364795
ISIC_0028250,HAM_0004727,nv,4,0.002817202,0.0018220195,0.0026707922,0.002986028,0.0016780366,0.9848177,0.003208221
ISIC_0025343,HAM_0001476,nv,4,0.0001419865,0.00017014494,0.00058884587,0.0019052832,0.0014328148,0.9944847,0.0012763038
ISIC_0032276,HAM_0005174,nv,4,0.0009337928,0.0009905056,0.0015858822,0.0023379342,0.00045238543,0.99211323,0.0015862618
ISIC_0026412,HAM_0002873,nv,4,0.0033073297,0.0026403384,0.0014015572,0.012983769,0.005285214,0.9640551,0.010326638
ISIC_0026999,HAM_0006075,nv,4,0.002868259,0.0003323953,0.00090273493,0.0008727539,0.039890435,0.9543497,0.00078370376
ISIC_0029762,HAM_0007587,nv,4,0.0059503047,0.0009615709,0.001475377,0.0035355228,0.027509563,0.9584778,0.0020897945
ISIC_0032196,HAM_0002188,nv,4,0.01270313,0.026308559,0.0066916086,0.17099327,0.04237268,0.7237853,0.017145464
ISIC_0030884,HAM_0006432,nv,4,0.00086958415,0.000843332,0.0010999709,0.0009716226,0.0009842201,0.99412584,0.0011053777
ISIC_0032213,HAM_0003656,nv,4,0.0021882583,0.0010110692,0.0030909372,0.0013142251,0.010832871,0.9798465,0.0017161444
ISIC_0027013,HAM_0001854,nv,4,0.008872238,0.0020617235,0.01813418,0.0015822772,0.049136285,0.9169973,0.003215996
ISIC_0025591,HAM_0006446,nv,4,0.0012214731,0.00054112176,0.0004930237,0.004580618,0.004962919,0.9876181,0.0005827016
ISIC_0028249,HAM_0002118,nv,4,0.00023489277,0.00043677885,0.0005432414,0.00073462713,0.0008202176,0.964651,0.03257933
ISIC_0027035,HAM_0003331,nv,4,0.00074532785,2.4602177e-05,0.0006953699,0.00021749259,0.0018311491,0.99641585,7.019344e-05
ISIC_0026484,HAM_0002608,nv,4,0.0148641905,0.0049339514,0.0059181526,0.0012741754,0.269627,0.70140034,0.0019821504
ISIC_0029663,HAM_0002039,nv,4,0.0009036681,0.00028976082,0.0013314453,0.0064217867,0.04195834,0.9481066,0.000988417
ISIC_0031747,HAM_0003213,nv,4,0.0001458357,0.0022400287,0.023667363,5.7748897e-05,0.012347231,0.96060973,0.0009321254
ISIC_0030510,HAM_0000895,nv,4,0.00012799678,0.005860316,0.00050715695,0.0048622754,9.360124e-05,0.9881125,0.0004361782
ISIC_0027592,HAM_0006960,nv,4,0.000960749,0.00080952107,0.004585508,0.00044336062,0.0033714287,0.9889129,0.0009165442
ISIC_0027460,HAM_0000137,nv,4,0.00035463664,0.0004290384,0.030832965,0.00016907131,0.0022837878,0.96545935,0.00047110044
ISIC_0026860,HAM_0000334,nv,4,0.0006643995,0.0020226869,0.0016907911,0.00057932106,0.021742232,0.9705805,0.002720019
ISIC_0030256,HAM_0001586,nv,4,0.00019078235,0.0008857065,0.20861796,0.00010202253,0.009975228,0.77844167,0.0017866298
ISIC_0029767,HAM_0003734,nv,4,0.000850164,0.0003804702,0.00048157695,0.0012688941,0.0017415716,0.99254674,0.0027305097
ISIC_0029414,HAM_0001422,nv,4,0.00015217943,0.00044099218,0.00040579675,0.000116734445,0.0003253704,0.99818003,0.00037886493
ISIC_0026357,HAM_0001718,nv,4,0.00010391105,0.00025709378,0.019995324,0.0011128637,0.0010431152,0.9771031,0.0003846095
ISIC_0025935,HAM_0006029,nv,4,0.00079166534,0.00033187956,0.002587196,0.0001652866,0.00020949394,0.9955865,0.0003279849
ISIC_0025348,HAM_0002688,nv,4,0.005514477,0.0034667328,0.041774213,0.0050937897,0.00222514,0.9388663,0.0030593053
ISIC_0029782,HAM_0007120,nv,4,0.0026262642,0.0014905877,0.0020624748,0.0019230788,0.023896975,0.96598846,0.002012189
ISIC_0030103,HAM_0001148,nv,4,0.0005837915,0.00046430694,0.00486023,0.0005384427,0.03428404,0.95832986,0.0009394158
ISIC_0031739,HAM_0001748,nv,4,0.0006917228,0.00021699739,0.00012236804,0.0018385429,0.00032401073,0.9964547,0.00035156746
ISIC_0028074,HAM_0006440,nv,4,0.00010821126,0.00043055185,0.00042555731,0.0010260171,0.00032261544,0.99685466,0.00083231204
ISIC_0028986,HAM_0007338,nv,4,0.0005301344,0.00084228476,0.0030416262,0.0017380806,0.0007531583,0.991751,0.0013438321
ISIC_0032038,HAM_0001998,nv,4,0.0068694674,0.0010115771,0.0020846825,0.0020791588,0.013756681,0.97118866,0.0030097645
ISIC_0029261,HAM_0001977,nv,4,4.556413e-05,0.0042839274,0.0009634417,0.0004901486,0.0019501213,0.98851424,0.003752617
ISIC_0030494,HAM_0004715,nv,4,0.0006791743,0.0029544404,0.1856295,0.00042291835,0.004078269,0.8015683,0.0046674027
ISIC_0030527,HAM_0006713,nv,4,0.0019720404,0.0013435219,0.000555034,0.003359441,0.0009440222,0.9897289,0.0020970302
ISIC_0029122,HAM_0006050,nv,4,0.00012051248,4.0377596e-05,8.576026e-05,0.0003072286,0.00033956676,0.9988502,0.00025631502
ISIC_0026635,HAM_0004057,nv,4,0.0036023974,0.0006820576,0.008739062,0.0008999104,0.008041018,0.97643936,0.00159618
ISIC_0027647,HAM_0002132,nv,4,0.006864751,0.0013802153,0.0020068123,0.0035660623,0.027195197,0.9576921,0.0012948264
ISIC_0031992,HAM_0006431,nv,4,0.0020384328,0.0005133632,0.00088653044,0.0012577111,0.0029729877,0.9912412,0.0010896984
ISIC_0027879,HAM_0003863,nv,4,0.00029928843,5.033394e-05,0.00012993152,0.00047141899,0.000466998,0.99843866,0.00014331189
ISIC_0028398,HAM_0003399,nv,4,0.00041276365,0.0001073935,0.0053610895,0.00088228023,0.010663086,0.97768456,0.004888873
ISIC_0032275,HAM_0003489,nv,4,0.0031470826,0.0011711752,0.0046413494,0.00582081,0.009038617,0.9733661,0.0028148482
ISIC_0030823,HAM_0004902,nv,4,9.2841736e-05,3.4555393e-05,2.7404683e-05,0.00039242484,0.0010516567,0.99800724,0.00039405617
ISIC_0024508,HAM_0006598,nv,4,0.0036056512,0.0020543793,0.0026288393,0.0034428702,0.001970544,0.98457515,0.0017226874
ISIC_0026066,HAM_0001599,nv,4,0.00016226529,0.00016486699,0.00013506977,0.002401537,0.0002522223,0.9938624,0.003021612
ISIC_0026918,HAM_0006573,nv,4,0.00026491474,0.00011071793,0.000100401005,0.00036194376,5.8211026e-05,0.9988005,0.00030327064
ISIC_0025913,HAM_0003409,nv,4,0.0010301742,0.00029750675,0.0017019286,0.0012647172,0.0068046832,0.9874034,0.0014974937
ISIC_0031590,HAM_0003786,nv,4,0.00520937,0.00078449666,0.005521777,0.0022700033,0.003843402,0.9815646,0.000806436
ISIC_0032064,HAM_0002482,nv,4,0.00016424886,0.00026063112,0.0009474861,0.0001045832,0.0016145811,0.9944628,0.0024456072
ISIC_0024689,HAM_0000610,nv,4,0.0032893189,0.0017748083,0.005481513,0.0045971842,0.02526431,0.9423163,0.017276492
ISIC_0025333,HAM_0007515,nv,4,2.8133189e-05,0.00059740763,5.7708054e-05,0.0004065955,0.00010777973,0.9987237,7.866931e-05
ISIC_0028691,HAM_0001161,nv,4,0.00013867191,2.7138462e-05,3.6488087e-05,2.6667929e-05,0.00054447545,0.99919945,2.7129072e-05
ISIC_0027508,HAM_0003880,nv,4,0.00067855977,0.00033471896,0.0017523408,0.0039233677,0.002081256,0.98862016,0.0026096834
ISIC_0030624,HAM_0006771,nv,4,0.00058317604,0.00020132502,0.00033064198,0.0006517306,0.0012792965,0.9965647,0.00038915925
ISIC_0025023,HAM_0006381,nv,4,0.0017307457,0.0017860772,0.0097737955,0.0010522038,0.0051715504,0.9750828,0.0054028453
ISIC_0029593,HAM_0004229,nv,4,0.000191918,0.000499863,0.0014329171,0.00026364528,0.0024548254,0.9950842,7.256914e-05
ISIC_0024320,HAM_0005039,nv,4,0.0040582893,0.0029534765,0.0020597638,0.0028288541,0.00059786596,0.98460025,0.0029015364
ISIC_0025211,HAM_0003245,nv,4,0.0004195788,0.0010294269,0.005298513,0.005258796,0.0018476739,0.9828231,0.003322947
ISIC_0025762,HAM_0005189,nv,4,0.00086922024,0.0005087546,0.00062844594,0.0010188015,0.0008784838,0.9946228,0.0014734574
ISIC_0028470,HAM_0000811,nv,4,0.00042923546,0.00061585935,0.0008063765,0.0005201867,0.011196535,0.98611057,0.00032124837
ISIC_0026102,HAM_0006841,nv,4,0.0029395216,0.00094822847,0.014401859,0.0009361878,0.0124854045,0.9645567,0.003732061
ISIC_0029240,HAM_0006012,nv,4,0.0007477397,0.0010626692,0.0040144324,0.00073595124,0.01575984,0.9732255,0.004453868
ISIC_0025204,HAM_0000919,nv,4,2.3729399e-05,5.528738e-05,3.4839963e-05,0.00018277358,0.00023079947,0.99832696,0.0011455122
ISIC_0025882,HAM_0000978,nv,4,3.5598692e-05,0.00020342713,0.00010864315,2.8311355e-05,9.39013e-05,0.9995161,1.4009444e-05
ISIC_0028070,HAM_0000989,nv,4,0.00053059857,0.0027467657,0.00081817864,0.0009569478,0.001941148,0.9903391,0.002667235
ISIC_0030895,HAM_0006647,nv,4,0.00066630903,0.0001045753,0.002116139,0.0012380825,0.0011607583,0.99297285,0.0017413036
ISIC_0031949,HAM_0007412,nv,4,0.0055465708,0.00034767773,0.0011385763,0.009832512,0.0038886853,0.97810924,0.0011367066
ISIC_0032041,HAM_0000103,nv,4,0.0012888022,0.0014937249,0.00073122716,0.0022817883,0.022217216,0.9705071,0.00148009
ISIC_0029625,HAM_0004292,nv,4,0.0012222666,0.001147291,0.008407789,0.00011320824,0.0038317197,0.9848065,0.0004712231
ISIC_0025845,HAM_0005868,nv,4,0.00017501693,5.379989e-05,0.00030106923,0.00039841776,0.0015352042,0.99681526,0.00072115456
ISIC_0024614,HAM_0001257,nv,4,0.00047058272,0.0002186012,0.00030223897,0.00066223484,0.0046829483,0.9932909,0.0003724464
ISIC_0028259,HAM_0001348,nv,4,0.0014971968,0.0011663405,0.010454825,0.0022364007,0.025111366,0.87382334,0.085710555
ISIC_0032167,HAM_0000916,nv,4,0.0016324958,0.0004023844,0.0011059986,0.00108341,0.011930828,0.98221684,0.0016279708
ISIC_0029158,HAM_0004689,nv,4,0.003445985,0.001583408,0.0016442352,0.0015967006,0.00392637,0.98315525,0.004648062
ISIC_0030577,HAM_0000281,nv,4,0.0015273065,0.00087393523,0.00068103016,0.00906842,0.0073437747,0.9789394,0.0015660848
ISIC_0025495,HAM_0001275,nv,4,0.0015058555,0.007042379,0.0072617093,0.0005731265,0.00643604,0.9757465,0.0014344432
ISIC_0024622,HAM_0004771,nv,4,0.00051528536,0.000117482254,0.0009025709,0.00032304894,0.0010831521,0.996885,0.00017339288
ISIC_0029935,HAM_0002593,nv,4,5.368883e-05,0.0003044474,9.4182986e-05,0.00065251504,1.6868857e-05,0.9985642,0.00031408854
ISIC_0025750,HAM_0007056,nv,4,0.00038627384,0.0140294405,0.016615096,0.009650853,0.012890331,0.9439743,0.0024537728
ISIC_0028781,HAM_0005208,nv,4,0.0054963734,0.0003241424,0.0010429429,0.0023089277,0.037753977,0.95251,0.00056361785
ISIC_0031210,HAM_0004390,nv,4,0.0021442873,9.417155e-05,0.0011381741,0.0016305153,0.0006389737,0.9941577,0.00019619626
ISIC_0024558,HAM_0003041,nv,4,0.0001906843,0.0001094155,0.00014310062,0.010444046,0.0009572809,0.98792136,0.00023416955
ISIC_0026985,HAM_0006607,nv,4,0.0006482869,6.968494e-05,0.0002435774,0.004683736,0.00030939482,0.9935608,0.0004844836
ISIC_0028096,HAM_0002638,nv,4,0.012113155,0.0067654373,0.0005748258,0.0017204257,0.002311188,0.97570044,0.0008146091
ISIC_0024670,HAM_0002935,nv,4,7.2397976e-05,0.0053320243,0.0005261177,0.00041338886,9.5011004e-05,0.99332917,0.00023188815
ISIC_0026405,HAM_0005964,nv,4,0.00070268457,0.00071706396,0.0010548193,0.00045097413,0.0038918592,0.99006236,0.0031202752
ISIC_0026164,HAM_0002872,nv,4,0.0025560546,0.0003118924,0.0006336358,0.0011267847,0.019575665,0.9738481,0.0019477528
ISIC_0030471,HAM_0002540,nv,4,0.0018987363,0.5713454,0.08695931,0.0024668374,0.012442128,0.32377347,0.0011141034
ISIC_0028244,HAM_0001533,nv,4,0.0023927775,0.0004535998,0.0035013938,0.001827384,0.05404066,0.9353619,0.0024222485
ISIC_0027794,HAM_0002072,nv,4,0.0031167807,0.00089174206,0.0037777286,0.0017074014,0.011616232,0.9759881,0.0029019609
ISIC_0031300,HAM_0007626,nv,4,0.011452722,0.001299804,0.0112879565,0.0020081445,0.013729505,0.9591964,0.0010255225
ISIC_0029769,HAM_0004107,nv,4,0.000896008,0.00241778,0.0020487607,0.0008940349,0.0119159315,0.9809764,0.00085104315
ISIC_0026434,HAM_0007414,nv,4,0.001305359,0.001134201,0.0008634802,0.0013267882,0.0014343448,0.9929299,0.001005963
ISIC_0031758,HAM_0001007,nv,4,0.00031574865,0.00050138036,0.0004774861,0.00014491433,0.00093456183,0.9974227,0.00020317052
ISIC_0030994,HAM_0001569,nv,4,0.014736345,0.00026206678,0.0032782957,0.011427431,0.032682117,0.9366468,0.00096697506
ISIC_0031028,HAM_0002941,nv,4,8.921038e-05,4.0312367e-05,6.692811e-05,0.00087181357,0.00012806576,0.99867743,0.0001261243
ISIC_0028624,HAM_0003750,nv,4,0.0009781799,0.00012282422,0.00036771127,0.0007559113,0.0031120486,0.9941338,0.0005296437
ISIC_0026899,HAM_0001652,nv,4,0.0010662507,0.00035954747,0.0011605693,0.0020918478,0.0052632396,0.98860675,0.0014517622
ISIC_0027692,HAM_0003769,nv,4,0.00025968015,0.00040145245,0.0006398963,0.00045516473,0.0016011755,0.9951402,0.0015024369
ISIC_0029494,HAM_0003486,nv,4,0.0008172565,0.00029498688,0.00084813265,0.0011916576,0.0051328326,0.99036837,0.0013466978
ISIC_0025496,HAM_0002996,nv,4,0.0005574303,0.0013646883,0.015265851,0.0022395574,0.0053196386,0.97357494,0.0016777422
ISIC_0026284,HAM_0001252,nv,4,0.00024673538,0.00031623163,0.0002501388,8.29542e-05,0.003802309,0.9951563,0.00014541848
ISIC_0028892,HAM_0006335,nv,4,0.00018827098,0.0003533695,0.00014946719,0.00080912356,5.6197387e-05,0.9979954,0.00044822524
ISIC_0027777,HAM_0000819,nv,4,0.00281514,0.002628293,0.0009953633,0.0063776225,0.0024222047,0.9806969,0.004064482
ISIC_0029934,HAM_0006317,nv,4,0.0059498353,0.0014010532,0.0022140804,0.006156438,0.013282977,0.9671814,0.003814177
ISIC_0026309,HAM_0002285,nv,4,0.0042053345,0.0011708677,0.007045244,0.0020891463,0.00579783,0.9736787,0.006012901
ISIC_0028708,HAM_0005004,nv,4,0.011569435,0.00096576946,0.03727879,0.00397003,0.05379783,0.88958436,0.002833721
ISIC_0028794,HAM_0006606,nv,4,7.27571e-05,0.0001535705,0.00012555713,0.00063463417,0.00051685225,0.99729735,0.0011992675
ISIC_0028811,HAM_0003795,nv,4,0.00016993735,0.00027515928,0.00042391053,0.0011760069,0.000102896614,0.99776495,8.715218e-05
ISIC_0026919,HAM_0001945,nv,4,0.011910393,0.0024649173,0.017258512,0.00280805,0.020461652,0.94197935,0.0031170174
ISIC_0025304,HAM_0007149,nv,4,0.00013057665,0.00045578857,0.00011742168,0.0013014463,0.0007857069,0.99522203,0.0019869865
ISIC_0027594,HAM_0006933,nv,4,0.0018151605,0.00020641337,0.007968314,0.0002499651,0.0038060283,0.9852622,0.00069200376
ISIC_0025552,HAM_0000218,nv,4,0.06119899,0.0017734526,0.02445997,0.0031847386,0.018591436,0.8898586,0.0009328061
ISIC_0029234,HAM_0006758,nv,4,0.0007725589,0.0004295202,0.0011629274,0.0009393047,0.0042689643,0.9906155,0.0018112706
ISIC_0026287,HAM_0002412,nv,4,0.0009279933,0.00031056456,0.0003237483,0.0006224162,3.218684e-05,0.9974866,0.00029653448
ISIC_0025857,HAM_0002091,nv,4,0.0010170967,0.0019612352,0.003128151,0.000410116,0.00021709094,0.99266064,0.0006056184
ISIC_0029076,HAM_0005147,nv,4,0.0019357364,0.00027155993,0.008092397,0.00062618766,0.002253084,0.98661196,0.00020912921
ISIC_0030808,HAM_0001710,nv,4,7.119407e-05,0.19304934,0.0017534874,0.0013795706,0.0046385666,0.7988337,0.00027419048
ISIC_0030489,HAM_0007447,nv,4,0.0008992001,0.00020405694,0.0004986857,0.000554871,0.003737501,0.99360776,0.00049786933
ISIC_0026944,HAM_0000331,nv,4,0.0011062758,0.0004493387,0.0030274475,0.0009719341,0.011836765,0.9804371,0.0021711274
ISIC_0025283,HAM_0004693,nv,4,0.00012827413,0.00077649864,0.0016894529,0.00014639072,0.0007834095,0.9959531,0.0005228762
ISIC_0030078,HAM_0005796,nv,4,0.027448907,0.0016259553,0.036781058,0.024240104,0.009027974,0.8986142,0.0022617856
ISIC_0027676,HAM_0004115,nv,4,0.0002762946,0.0152767105,0.0036892511,0.0063186046,0.0031818845,0.9662691,0.0049880873
ISIC_0026063,HAM_0003139,nv,4,0.0009461667,0.00024746166,0.0034515976,0.0016675785,0.0006160215,0.9930515,1.96743e-05
ISIC_0028321,HAM_0001032,nv,4,0.0005312732,0.0010409615,0.0003159681,0.016569493,0.0009904442,0.9791691,0.0013827874
ISIC_0031096,HAM_0005773,nv,4,0.0016574092,0.00061918446,0.0008249902,0.0020206806,0.0025156916,0.99095273,0.0014093467
ISIC_0027441,HAM_0007455,nv,4,0.00065380445,0.0005119647,0.000910709,0.0012932353,0.00096770446,0.99296796,0.002694736
ISIC_0031251,HAM_0005012,nv,4,0.00789799,0.0011231732,0.0017690244,0.0029755593,0.010306845,0.9728318,0.0030955311
ISIC_0029957,HAM_0005418,nv,4,0.0053483504,0.0017159507,0.01020586,0.005820983,0.01351367,0.9560068,0.007388342
ISIC_0027383,HAM_0004037,nv,4,0.016172664,0.020290023,0.10700252,0.11133106,0.02164003,0.65890205,0.06466163
ISIC_0025010,HAM_0002590,nv,4,0.00146671,0.0006307669,0.00032435535,0.0039544357,0.0011381009,0.99160355,0.00088213163
ISIC_0028268,HAM_0004875,nv,4,8.745434e-05,2.7452621e-05,0.00028079812,0.00010960039,0.0009138817,0.99848574,9.504556e-05
ISIC_0031548,HAM_0003575,nv,4,0.00021760463,0.0004049542,0.0021403902,0.00045048606,0.0003966654,0.99595225,0.00043769876
ISIC_0028333,HAM_0002259,nv,4,0.0012958645,0.002432231,0.016628353,0.0025623734,0.009271124,0.9636625,0.004147654
ISIC_0026410,HAM_0002104,nv,4,0.0006832363,0.001959137,0.0046327044,0.0016797025,0.0149492845,0.97575,0.00034579684
ISIC_0029078,HAM_0004808,nv,4,0.0017808727,0.0007535808,0.057230357,0.0008212606,0.003504336,0.9350384,0.00087111734
ISIC_0025176,HAM_0002864,nv,4,0.004560699,0.00069914217,0.011244363,0.018143242,0.0079778135,0.9571925,0.0001823416
ISIC_0029901,HAM_0006022,nv,4,0.00023061235,0.00011092816,0.00050359464,0.0010111695,0.007724163,0.989767,0.00065247907
ISIC_0027430,HAM_0002330,nv,4,0.00012218126,0.029175008,0.025674019,0.00047217667,0.0010918655,0.9393862,0.004078692
ISIC_0024817,HAM_0000447,nv,4,0.00022902255,0.078535214,0.26930347,0.0007579362,0.002414847,0.6476274,0.0011320915
ISIC_0029154,HAM_0001426,nv,4,0.002033579,0.0006185901,0.0020234631,0.0004419102,0.014389368,0.9789823,0.0015106419
ISIC_0031109,HAM_0000869,nv,4,0.0043603517,0.0021746678,0.003483222,0.0967522,0.04177299,0.8455311,0.0059255413
ISIC_0028119,HAM_0007564,nv,4,0.0004456345,0.00027511426,0.0006679162,0.0023567805,0.0058824825,0.99003744,0.0003346908
ISIC_0030472,HAM_0005161,nv,4,0.00032017048,8.0994105e-05,0.0001635575,0.0003741224,0.0008950165,0.9975623,0.00060383434
ISIC_0030983,HAM_0004920,nv,4,0.0011185728,0.00084833027,0.00085437123,0.0032662938,0.0026740218,0.9887242,0.0025142303
ISIC_0026035,HAM_0001043,nv,4,0.0006908818,0.0003794143,0.00044637918,0.00085728127,0.00050038815,0.9950311,0.0020944716
ISIC_0027918,HAM_0005844,nv,4,0.00590031,0.0013020902,0.004402009,0.0018430436,0.11119876,0.8719586,0.0033951737
ISIC_0032431,HAM_0000234,nv,4,0.0013760437,0.00057316833,0.0028168298,0.024274964,0.0018388712,0.9652125,0.003907718
ISIC_0025014,HAM_0000066,nv,4,0.0016287677,0.00426407,0.0014630503,0.18369177,0.10382984,0.7040824,0.0010400688
ISIC_0029964,HAM_0006165,nv,4,0.0019122455,0.005553121,0.090390734,0.0013677442,0.012089448,0.87059295,0.01809377
ISIC_0030415,HAM_0005317,nv,4,0.00019431517,6.494457e-05,0.0005249182,0.000101377525,0.0008058642,0.9980268,0.00028176894
ISIC_0031641,HAM_0006405,nv,4,0.0004632632,0.00040306523,0.00040446612,0.00051855366,0.0011362317,0.99639004,0.00068436255
ISIC_0031439,HAM_0001779,nv,4,0.0023424537,0.0015812346,0.08629753,0.0015417385,0.11080921,0.7884527,0.008975151
ISIC_0030516,HAM_0003312,nv,4,0.004107756,0.001032313,0.002352887,0.0018567957,0.01558041,0.97029155,0.004778197
ISIC_0031205,HAM_0002920,nv,4,0.010095352,0.0010754197,0.006260784,0.0013298551,0.06309757,0.9125199,0.0056211855
ISIC_0028330,HAM_0001184,nv,4,0.00012368559,6.1801315e-05,0.00013364345,0.0009665361,0.00023096536,0.9981027,0.0003807311
ISIC_0027977,HAM_0004512,nv,4,0.007867776,0.0007922815,0.023062978,0.0044563184,0.011025998,0.9504954,0.0022993174
ISIC_0029165,HAM_0004666,nv,4,0.0014264203,0.00066383625,0.010616453,0.0008101705,0.0008090205,0.9841967,0.0014773747
ISIC_0029607,HAM_0003599,nv,4,7.296033e-05,0.00028972572,0.005907469,0.0007337471,0.004017632,0.98275363,0.006224859
ISIC_0030727,HAM_0005957,nv,4,0.005520571,0.0035103052,0.15517391,0.0010985094,0.21444151,0.53237164,0.08788354
ISIC_0030751,HAM_0002813,nv,4,0.0040289527,0.00080034527,0.0026749328,0.0062015215,0.01864975,0.9656931,0.0019514632
ISIC_0029442,HAM_0007175,nv,4,0.0025074773,0.00055508583,0.0013443399,0.0016233196,0.0023908874,0.9900752,0.0015036716
ISIC_0032208,HAM_0002665,nv,4,1.7032944e-06,2.8287936e-06,2.4142041e-06,0.001156915,5.4454295e-06,0.9987832,4.7510628e-05
ISIC_0028722,HAM_0002901,nv,4,0.00085662963,0.00048175955,0.0009713165,0.00043228388,0.0059103416,0.98972565,0.001622048
ISIC_0028713,HAM_0003898,nv,4,0.00027155966,0.00027502,0.0022627125,0.0015438366,0.0034326413,0.98987764,0.002336609
ISIC_0029620,HAM_0004800,nv,4,0.0018043852,0.0009281826,0.0023667775,0.005080078,0.06008025,0.92809993,0.0016404401
ISIC_0025999,HAM_0005286,nv,4,0.00024355727,0.0003678896,0.00027949474,0.0006234786,0.008991267,0.9887111,0.00078312645
ISIC_0024978,HAM_0003629,nv,4,0.00019659943,0.023204288,0.002486774,0.00014368878,0.00030466967,0.9731887,0.00047528744
ISIC_0025725,HAM_0000056,nv,4,0.021942858,0.0028645522,0.013035073,0.001163264,0.01500171,0.9458344,0.00015808534
ISIC_0028251,HAM_0002884,nv,4,6.9113594e-05,6.5663226e-05,6.309804e-05,0.00081043376,0.00014427745,0.9985624,0.00028498282
ISIC_0027075,HAM_0004261,nv,4,0.00018981419,0.00016910366,0.0013041605,0.0009232676,0.00054906943,0.9935861,0.0032784087
ISIC_0029282,HAM_0001059,nv,4,0.0007953361,0.00080732745,0.0010420786,0.00028126797,0.00036554298,0.99447083,0.0022375495
ISIC_0026881,HAM_0006021,nv,4,0.0029133805,0.0030918776,0.0061775306,0.0039118747,0.010992736,0.9706288,0.002283827
ISIC_0031818,HAM_0001395,nv,4,0.00024720386,0.003946829,0.020524425,0.00029004132,0.00724302,0.96544045,0.0023080157
ISIC_0024325,HAM_0002044,nv,4,0.0016919062,0.00045979043,0.0009008805,0.0029425928,0.0017095845,0.9912328,0.0010623443
ISIC_0024651,HAM_0001681,nv,4,0.0010775327,0.00088375027,0.0015761576,0.001270345,0.035592813,0.95758444,0.0020150223
ISIC_0029011,HAM_0002248,nv,4,0.011531514,0.0016753175,0.004254885,0.002961878,0.012438647,0.96290624,0.0042314995
ISIC_0025344,HAM_0000937,nv,4,0.001042358,0.00016579503,0.0005142499,0.0011834048,0.0012827467,0.9943743,0.001437128
ISIC_0027701,HAM_0005653,nv,4,0.00073494174,0.0005424369,0.0008575295,0.0019003536,0.0029807368,0.9902638,0.0027201495
ISIC_0027448,HAM_0003963,nv,4,0.0038086115,0.00048374763,0.0045007598,0.0011270475,0.17676805,0.8122961,0.0010155991
ISIC_0029134,HAM_0002829,nv,4,0.0001225956,6.153099e-05,0.00011860204,0.00021573686,0.00019483305,0.99887997,0.00040669166
ISIC_0027532,HAM_0005602,nv,4,0.0010879578,0.10811678,0.0053081037,0.00057420484,0.0019064875,0.88223183,0.00077460415
ISIC_0031885,HAM_0004821,nv,4,5.333424e-05,0.0004446536,0.0002893173,0.0011847503,0.0016516238,0.99461854,0.0017577931
ISIC_0026304,HAM_0007200,nv,4,0.026654791,0.017166551,0.026020512,0.03508603,0.030019902,0.8450699,0.019982392
ISIC_0025460,HAM_0006820,nv,4,0.0006304867,0.0008894062,0.00052190915,0.0017960024,0.0013025164,0.9934121,0.0014476718
ISIC_0028553,HAM_0003075,nv,4,0.00033453945,0.00017970572,0.00041555168,0.0004143388,0.0017143299,0.9958254,0.0011161078
ISIC_0028604,HAM_0006449,nv,4,0.0031168275,0.0012227085,0.00073036784,0.0005346049,0.012984824,0.9802536,0.0011571355
ISIC_0030680,HAM_0002381,nv,4,0.065323345,0.020339975,0.21949725,0.033571843,0.19608049,0.46007442,0.0051126257
ISIC_0032406,HAM_0006304,nv,4,0.0037374042,0.0052031204,0.0069463486,0.0062597506,0.016361732,0.95676637,0.004725382
ISIC_0031341,HAM_0006807,nv,4,0.003912359,0.0027309102,0.04165819,0.0065626525,0.10884266,0.82520086,0.0110924095
ISIC_0026850,HAM_0003915,nv,4,0.0019049487,0.00019859838,0.0015924466,0.007189129,0.0003897205,0.98852426,0.00020095319
ISIC_0030685,HAM_0000585,nv,4,0.0001670907,6.706745e-05,9.7405726e-05,0.00062956655,0.000195379,0.9983364,0.0005071428
ISIC_0030343,HAM_0006570,nv,4,0.00082205987,0.0004479522,0.0006268684,0.0011511805,0.018094055,0.97729945,0.0015584489
ISIC_0031328,HAM_0000424,nv,4,0.012612306,0.0026004943,0.050508793,0.070879616,0.011151352,0.84665364,0.00559376
ISIC_0026617,HAM_0003804,nv,4,0.0002400952,0.0002900535,0.0030160057,0.0001345681,0.001825372,0.9943546,0.00013936602
ISIC_0028162,HAM_0000416,nv,4,2.1999804e-06,6.5282584e-05,2.6800302e-05,2.2628481e-05,3.311378e-05,0.99978954,6.0349066e-05
ISIC_0026033,HAM_0003319,nv,4,0.00092449796,0.00084518443,0.003594383,0.0003863041,0.00085983094,0.9931397,0.00025008156
ISIC_0032037,HAM_0002687,nv,4,0.00032337938,0.0005764586,6.842818e-05,0.005311672,0.0016524607,0.9920454,2.2244063e-05
ISIC_0028663,HAM_0000635,nv,4,0.0013383153,0.00044699808,0.00087084714,0.0008109381,0.014365978,0.98040926,0.0017575597
ISIC_0029800,HAM_0003702,nv,4,0.0013217294,0.0027041382,0.023482203,0.0012993797,0.0022139552,0.9673757,0.0016029023
ISIC_0024992,HAM_0004740,nv,4,0.0011547359,0.00044941666,0.0005660319,0.0015804117,0.0017124255,0.99361366,0.0009233201
ISIC_0030691,HAM_0006081,nv,4,0.0019605372,0.0002169589,0.0009861664,0.00093064376,0.0147782145,0.9800513,0.0010762044
ISIC_0026640,HAM_0006309,nv,4,0.0073162685,0.0008186415,0.011243576,0.0014418022,0.1481517,0.82880116,0.0022268004
ISIC_0024430,HAM_0007269,nv,4,0.0053392807,0.0017744385,0.002891158,0.002646098,0.007111519,0.97695315,0.0032844231
ISIC_0025880,HAM_0005744,nv,4,2.792351e-05,1.1573205e-05,0.0003551891,0.0011476234,0.007431467,0.9905751,0.00045101647
ISIC_0027551,HAM_0006035,nv,4,0.004317923,0.0005866825,0.010159952,0.00372112,0.009941851,0.969928,0.0013443886
ISIC_0029887,HAM_0000638,nv,4,0.0015031507,0.00059013686,0.002633976,0.0009010805,0.0012637713,0.99192154,0.0011863563
ISIC_0029623,HAM_0004433,nv,4,0.00410725,0.0019542458,0.005138946,0.017125957,0.0058987006,0.95827127,0.007503624
ISIC_0028733,HAM_0006639,nv,4,9.8893914e-05,0.00013629475,0.00011826202,9.351067e-05,0.0003166954,0.99919385,4.2575906e-05
ISIC_0025050,HAM_0002807,nv,4,0.0014509066,0.00049354805,0.00062002393,0.0037987735,0.0023292853,0.9888061,0.0025013692
ISIC_0024840,HAM_0006705,nv,4,0.0023177403,0.00033704372,0.00052589906,0.0005826165,0.009620257,0.9861168,0.00049964595
ISIC_0031414,HAM_0000400,nv,4,0.013662956,0.00085268344,0.0032948235,0.005540998,0.16814025,0.80760604,0.0009022973
ISIC_0029890,HAM_0000052,nv,4,0.0013120066,0.00871441,0.00635869,0.005978335,0.004489509,0.9712425,0.0019045442
ISIC_0024444,HAM_0005543,nv,4,4.585526e-05,4.534913e-05,0.0002820311,0.00012569716,0.0029620505,0.9960407,0.00049821107
ISIC_0028240,HAM_0001635,nv,4,3.8368903e-06,6.819967e-06,2.2442791e-06,0.0005110897,2.45056e-05,0.9994429,8.553241e-06
ISIC_0027465,HAM_0002214,nv,4,0.003066801,0.0010367851,0.045564983,0.003460647,0.017353754,0.9274859,0.002031171
ISIC_0032440,HAM_0005570,nv,4,0.003039729,0.00034505138,0.00038483078,0.0010810662,0.003147263,0.99188,0.00012203683
ISIC_0029946,HAM_0001374,nv,4,0.0024491388,0.001214951,0.0030553394,0.0029214898,0.096708015,0.8830385,0.010612558
ISIC_0029965,HAM_0001360,nv,4,0.0013159299,0.0014348727,0.0018884038,0.0021695478,0.004094525,0.9847024,0.004394252
ISIC_0028402,HAM_0006957,nv,4,0.00014820298,0.00012366546,3.6848687e-05,0.0002527693,0.00032700924,0.9990374,7.429292e-05
ISIC_0028038,HAM_0005114,nv,4,0.0008703341,0.0007862633,0.0010085034,0.0021697276,0.0017022081,0.98667264,0.0067903064
ISIC_0025872,HAM_0004973,nv,4,0.00082044356,0.0006025949,0.00031503438,0.00046040313,0.00039964923,0.9958442,0.0015576821
ISIC_0028311,HAM_0000600,nv,4,0.00038439236,0.000968216,0.0002828504,0.0042032665,0.0074760267,0.9848608,0.0018243911
ISIC_0025727,HAM_0000130,nv,4,0.003616713,0.0017250499,0.005324956,0.0023131042,0.062215935,0.9190826,0.0057217237
ISIC_0029643,HAM_0005451,nv,4,0.00037624247,0.00056718814,0.0034856743,0.004081751,0.00048522453,0.98738503,0.0036188257
ISIC_0026485,HAM_0006414,nv,4,0.00052960403,0.00015388394,0.0011182689,0.00016603821,0.0030009507,0.9949614,6.993781e-05
ISIC_0031952,HAM_0000480,nv,4,0.123550184,0.011549586,0.19062492,0.001220722,0.022461418,0.64959085,0.0010022887
ISIC_0025284,HAM_0003471,nv,4,0.040731106,0.0007579587,0.012413711,0.0015913008,0.04131675,0.90254587,0.00064327975
ISIC_0029250,HAM_0003720,nv,4,0.0007281752,0.00060574425,0.00013950438,0.0011581345,0.0018302466,0.99528295,0.00025532462
ISIC_0029064,HAM_0000134,nv,4,0.0014845245,0.0005315503,0.00072540843,0.0010684842,0.00083923165,0.9949196,0.00043109315
ISIC_0027322,HAM_0001044,nv,4,0.0015250321,0.002454561,0.001986718,0.0013283297,0.00031225296,0.99218035,0.00021272813
ISIC_0028379,HAM_0003333,nv,4,0.00019988927,0.00033688717,0.00017746216,0.0009027145,0.00016468023,0.9974064,0.0008119663
ISIC_0026971,HAM_0003407,nv,4,0.0019682504,0.0004005927,0.0012439317,0.0018812619,0.0015163716,0.9913663,0.0016231511
ISIC_0029185,HAM_0000890,nv,4,7.0070923e-06,6.4117175e-06,2.9005587e-05,3.5073506e-05,2.4136287e-05,0.9998739,2.4499876e-05
ISIC_0030958,HAM_0005999,nv,4,5.1147472e-05,0.00011401343,4.4088345e-05,8.560468e-05,0.00024924328,0.9989504,0.0005055628
ISIC_0024703,HAM_0001295,nv,4,0.0008160215,0.00039428493,0.0005725493,0.00080143963,0.0016621957,0.986081,0.0096725
ISIC_0028835,HAM_0000820,nv,4,8.774949e-05,0.029743234,0.00014069007,0.0029928507,3.4307363e-05,0.96688896,0.00011208087
ISIC_0030632,HAM_0002811,nv,4,0.00079878967,0.0002814613,0.00029159777,0.0011666836,0.0017024904,0.99276745,0.0029915832
ISIC_0027196,HAM_0007304,nv,4,0.001704284,0.00021975553,0.0014232862,0.0008372656,0.018995218,0.97566265,0.0011575059
ISIC_0030412,HAM_0002123,nv,4,0.00026768976,0.00012441003,0.0011247371,0.0006103573,0.0015580031,0.9948467,0.0014680923
ISIC_0025288,HAM_0007595,nv,4,0.00014077977,4.4512726e-05,0.00024349861,0.0019969188,0.00073747424,0.9965497,0.0002871151
ISIC_0030048,HAM_0003621,nv,4,0.0023718267,0.0009886029,0.0009899047,0.0034022934,0.00429156,0.9834419,0.00451389
ISIC_0029936,HAM_0000575,nv,4,0.00013256216,0.00020416408,0.00043156932,0.0011709977,0.002450725,0.9953324,0.00027752863
ISIC_0029797,HAM_0003404,nv,4,0.0008541389,0.0004292837,0.0015834285,0.0018887285,0.0023886436,0.99130064,0.0015550725
ISIC_0031626,HAM_0007292,nv,4,0.0035928816,0.0017818592,0.0022695207,0.0056018415,0.010634073,0.9723316,0.003788222
ISIC_0027624,HAM_0006256,nv,4,0.00048097016,0.00017134528,0.00057945744,0.0017595381,0.0037835096,0.9915816,0.0016435756
ISIC_0025643,HAM_0000156,nv,4,0.001765801,0.00077532144,0.0009912001,0.0020034008,0.010082445,0.98160285,0.0027788957
ISIC_0030405,HAM_0006555,nv,4,0.0012481291,0.00052360276,0.055827685,0.011168105,0.014663008,0.9123513,0.004218213
ISIC_0025440,HAM_0007403,nv,4,0.002079134,0.00036453683,0.0024992453,0.0010271335,0.0013123814,0.9922941,0.00042348533
ISIC_0029873,HAM_0005824,nv,4,0.0039436105,0.0027065887,0.0040147044,0.002393233,0.004933281,0.9785397,0.0034689843
ISIC_0030389,HAM_0005645,nv,4,0.0003839055,7.181102e-05,0.0001512697,0.0006986167,0.006814399,0.99160177,0.00027829735
ISIC_0029743,HAM_0005367,nv,4,0.0028082014,0.00029478513,0.0012741485,0.0020126866,0.018210337,0.9749951,0.00040475943
ISIC_0025609,HAM_0005906,nv,4,6.359524e-05,8.272886e-05,0.0014180193,0.00027416775,0.00041947622,0.9976628,7.922703e-05
ISIC_0028024,HAM_0002360,nv,4,0.00056433794,0.00030984392,0.0003848661,0.0011495653,0.0022016373,0.99421954,0.0011703166
ISIC_0029037,HAM_0004311,nv,4,0.0006790756,0.00036115115,0.0002389807,0.0015084655,0.0049681994,0.9902694,0.0019747156
ISIC_0032383,HAM_0005333,nv,4,0.00014458717,0.00011885288,0.00013111524,0.0011610076,0.00077763194,0.99718314,0.00048354515
ISIC_0032289,HAM_0001782,nv,4,0.00057799555,0.000411662,0.00047281166,0.00092675374,0.0017444512,0.9942115,0.0016549038
ISIC_0027177,HAM_0005680,nv,4,0.00085252983,0.00017042304,0.00066246866,0.00074773806,0.0013745108,0.9960704,0.00012202187
ISIC_0026799,HAM_0005369,nv,4,0.0026650885,0.0034920252,0.0036767682,0.0036874167,0.020811016,0.9631517,0.0025159202
ISIC_0031387,HAM_0004562,nv,4,0.0007342285,0.003144563,0.004168719,0.0023699808,0.020559298,0.960771,0.008252135
ISIC_0028267,HAM_0006195,nv,4,0.0010533213,0.00024982393,0.00028999793,0.00030570006,0.00086174055,0.9970811,0.00015826119
ISIC_0028743,HAM_0001075,nv,4,0.0015293912,0.00040238618,0.000887524,0.000979242,0.007434557,0.9877176,0.0010492217
ISIC_0030780,HAM_0007501,nv,4,0.011758035,0.0003738073,0.002119862,0.0015955364,0.0073051625,0.97591716,0.00093044894
ISIC_0025523,HAM_0002725,nv,4,0.0009259234,0.0013901793,0.0008510038,0.0011588904,0.002507578,0.9900343,0.0031322138
ISIC_0030162,HAM_0006468,nv,4,0.035722222,0.007174521,0.0068652304,0.008967416,0.042475134,0.88945055,0.009344837
ISIC_0028738,HAM_0004576,nv,4,0.007461588,0.0032744734,0.0065527265,0.0019036968,0.017490542,0.96014774,0.0031693394
ISIC_0024478,HAM_0002682,nv,4,0.0036039008,0.0038327284,0.023663592,0.0011657417,0.008968368,0.9554739,0.0032916912
ISIC_0024888,HAM_0006199,nv,4,0.00246167,0.0046419986,0.0030747273,0.007343979,0.025457501,0.69382334,0.2631967
ISIC_0030969,HAM_0003413,nv,4,0.015000108,0.0027421198,0.008497398,0.049914684,0.0029795084,0.9200843,0.0007818955
ISIC_0025138,HAM_0002174,nv,4,0.0075826463,0.0011788337,0.008451944,0.0013728964,0.061134014,0.9180754,0.0022044003
ISIC_0027464,HAM_0005380,nv,4,0.009499766,0.00091261737,0.0046647443,0.0013532821,0.028546948,0.95364827,0.0013742975
ISIC_0025478,HAM_0005499,nv,4,0.0068051084,0.00036709913,0.010253901,0.011954146,0.0052952287,0.9646995,0.0006250235
ISIC_0029065,HAM_0004067,nv,4,0.010786291,0.0054430026,0.011779304,0.011160927,0.0147644505,0.90777165,0.038294394
ISIC_0026962,HAM_0007334,nv,4,0.004079556,0.0013577527,0.003666312,0.002256679,0.0015157086,0.9855524,0.0015715398
ISIC_0025706,HAM_0003138,nv,4,3.8426188e-05,0.006698694,0.00050589023,0.0003054893,0.0011546044,0.9898113,0.001485673
ISIC_0028726,HAM_0005900,nv,4,0.0012233533,0.0005684858,0.00042596585,0.0032752636,0.0021326921,0.9905218,0.0018524424
ISIC_0027968,HAM_0000223,nv,4,3.1669057e-05,4.887802e-05,4.6723428e-05,0.00032698363,0.00012242969,0.99906296,0.0003603434
ISIC_0029400,HAM_0000369,nv,4,0.004306246,0.0033769936,0.04094493,0.000759937,0.063480854,0.8864358,0.0006951642
ISIC_0028300,HAM_0004092,nv,4,0.0032095676,0.0011972554,0.002258954,0.0043772534,0.024978198,0.96080106,0.0031777176
ISIC_0030571,HAM_0003190,nv,4,0.00059185474,0.0006347316,0.00033343383,0.007098325,0.0007368294,0.9902712,0.0003336544
ISIC_0025901,HAM_0005562,nv,4,0.0042513143,0.00069725246,0.00040640598,0.0031242578,0.0012702016,0.9897097,0.0005408521
ISIC_0025862,HAM_0003515,nv,4,9.0501584e-05,0.00032773425,5.287063e-05,0.00028419,0.00030622396,0.99634016,0.0025984072
ISIC_0024419,HAM_0001792,nv,4,0.00940037,0.0038095354,0.022205807,0.0028755716,0.014866127,0.9413036,0.0055390345
ISIC_0028919,HAM_0000964,nv,4,0.0019981207,0.0010202915,0.0021719658,0.0042387806,0.007356363,0.9796682,0.003546352
ISIC_0025569,HAM_0003009,nv,4,0.0027031088,0.0020171583,0.0057002967,0.003234201,0.004478137,0.9756547,0.006212438
ISIC_0031420,HAM_0001197,nv,4,0.029800506,0.0018265332,0.011198166,0.0006558363,0.0014199588,0.9547906,0.00030838538
ISIC_0030656,HAM_0003825,nv,4,0.0009041037,0.00041971268,0.0004162632,0.00027384527,0.0074931565,0.9902104,0.0002824483
ISIC_0028526,HAM_0004028,nv,4,6.78965e-05,0.0002624531,0.00042074017,0.000600977,0.0003164295,0.99772674,0.0006047543
ISIC_0032142,HAM_0000740,nv,4,0.0005303407,0.00014019903,0.0003875751,0.0010092712,0.0004296643,0.99719197,0.0003110546
ISIC_0028099,HAM_0003706,nv,4,0.0012911379,0.00031573224,0.0007886026,0.0037891283,0.0017771521,0.99014914,0.0018890423
ISIC_0026982,HAM_0005358,nv,4,0.0013255744,0.00070022314,0.0039326353,0.0016982091,0.014988408,0.9761845,0.0011705585
ISIC_0029077,HAM_0002945,nv,4,0.00030433352,0.00025528512,0.0004425519,0.0018099423,0.0054662353,0.9903565,0.0013651671
ISIC_0025418,HAM_0006571,nv,4,0.0032162257,0.0019120113,0.0016757416,0.004442256,0.0021420177,0.98335224,0.0032595561
ISIC_0026199,HAM_0001880,nv,4,0.0010654307,0.002542877,0.0016591629,0.0025435246,0.005719163,0.9860642,0.0004055623
ISIC_0028654,HAM_0002179,nv,4,2.4018173e-05,4.5545068e-05,7.394281e-05,0.00050797476,4.624904e-06,0.9992429,0.000101063786
ISIC_0025380,HAM_0002967,nv,4,0.00045492945,9.725281e-05,5.9770242e-05,0.00028928107,0.009230754,0.98949987,0.00036825435
ISIC_0027158,HAM_0003953,nv,4,0.00034728402,0.0002613243,0.00015892832,0.001340196,0.0010296071,0.9964888,0.00037388378
ISIC_0025025,HAM_0004781,nv,4,0.00064238213,0.00024334453,0.00031138046,0.0008444341,0.00087864,0.9964484,0.0006313253
ISIC_0029481,HAM_0004421,nv,4,0.00019258168,0.0003822429,0.00016200633,0.045357496,0.0014209464,0.9506331,0.0018516533
ISIC_0029356,HAM_0004876,nv,4,0.0011142269,0.00021768225,0.004923083,0.0009478357,0.018777898,0.97358364,0.00043553498
ISIC_0031673,HAM_0002854,nv,4,0.0005182316,0.00043106184,0.00012591586,0.00082180084,0.000666039,0.99697185,0.00046499458
ISIC_0031448,HAM_0004486,nv,4,0.00014051779,0.0006348446,0.00059075066,0.00037660354,0.00090349646,0.9967474,0.00060640555
ISIC_0027054,HAM_0005414,nv,4,0.0034295698,0.00067438075,0.0015213008,0.00018996149,0.00028825927,0.9937873,0.00010942204
ISIC_0028716,HAM_0000864,nv,4,0.0025987907,0.0009823886,0.0016109028,0.00460753,0.00749965,0.9722301,0.01047065
ISIC_0027547,HAM_0000558,nv,4,0.0010217791,0.0017916764,0.0010181435,0.000566579,0.0010863761,0.9939985,0.0005168682
ISIC_0024797,HAM_0000828,nv,4,4.5253437e-05,3.083198e-05,0.00015593576,0.0008459553,0.00011145044,0.9975036,0.0013069988
ISIC_0029804,HAM_0005851,nv,4,0.00074358896,0.00019739135,0.00018868782,0.0015002836,0.00050174625,0.99624276,0.0006255082
ISIC_0027493,HAM_0003478,nv,4,0.0003589347,0.00016174273,0.00016557361,0.0012168827,0.0002461172,0.99751127,0.00033953114
ISIC_0031731,HAM_0005355,nv,4,7.021153e-05,0.00010921904,0.00010443006,0.00032576016,0.00035988036,0.9987011,0.0003294763
ISIC_0029694,HAM_0006590,nv,4,0.00077989616,0.00066730444,0.0024723092,0.00087213627,0.0004768478,0.99425286,0.00047868493
ISIC_0026772,HAM_0002273,nv,4,0.00013288003,0.00019669284,0.00016123013,0.007570926,0.00024677752,0.9913777,0.00031374287
ISIC_0028068,HAM_0002331,nv,4,0.0003891968,0.0001813316,0.0006344296,0.00032176924,0.0016068225,0.9965591,0.0003072977
ISIC_0030054,HAM_0001377,nv,4,0.0011997593,0.0009904474,0.0009833411,0.0025199698,0.0030256454,0.9890203,0.0022605115
ISIC_0025308,HAM_0001821,nv,4,0.004448804,0.013480915,0.0047559147,0.007425287,0.0032362046,0.94885826,0.017794706
ISIC_0026619,HAM_0000730,nv,4,9.3836075e-05,7.563311e-05,0.00010850538,0.0011416099,7.496091e-05,0.99723524,0.0012702446
ISIC_0028440,HAM_0001461,nv,4,0.0005494586,0.00027235085,0.00065809174,0.0042826645,0.000935052,0.99228364,0.001018855
ISIC_0024983,HAM_0006584,nv,4,0.0012068588,0.00027232405,0.0031440905,0.0008132084,0.010409315,0.9835986,0.00055552414
ISIC_0026935,HAM_0003909,nv,4,0.0032234478,0.00065665174,0.0051300507,0.0012955094,0.0030846896,0.98456407,0.0020455208
ISIC_0028950,HAM_0007187,nv,4,6.404968e-05,0.00022640097,0.0003523724,0.00020019451,0.00045028646,0.99768126,0.0010253458
ISIC_0030205,HAM_0007322,nv,4,0.00079697394,0.0009471961,0.0018704704,0.006479198,0.12954687,0.8544231,0.0059362384
ISIC_0030449,HAM_0007071,nv,4,0.0007765375,0.00035350956,0.0010907513,0.00049659313,0.0065317377,0.9900401,0.00071074965
ISIC_0029395,HAM_0006958,nv,4,0.011522048,0.0052820244,0.03603269,0.0048803804,0.07408071,0.85374683,0.014455326
ISIC_0026061,HAM_0001973,nv,4,0.0009330356,0.0015164433,0.0071344622,0.00097061304,0.0010128479,0.987066,0.0013664829
ISIC_0026840,HAM_0007253,nv,4,0.0067829206,0.0024561405,0.0038293947,0.002365542,0.00760736,0.97534716,0.0016115566
ISIC_0030146,HAM_0006895,nv,4,0.0062636985,0.0024504282,0.0069680423,0.0011341514,0.010668286,0.97127515,0.0012402785
ISIC_0031906,HAM_0004893,nv,4,0.0011441364,0.0008628626,0.013235185,0.041415386,0.012349399,0.90819,0.022803001
ISIC_0027632,HAM_0005548,nv,4,0.029817676,0.022050612,0.017602317,0.02975129,0.102625825,0.76605713,0.032095194
ISIC_0031254,HAM_0006906,nv,4,0.0009288318,0.00016917936,0.0020926497,0.0013778533,0.0060583176,0.9892966,7.658512e-05
ISIC_0024484,HAM_0000278,nv,4,0.024753423,0.011473032,0.009295035,0.027912252,0.04234679,0.875399,0.00882046
ISIC_0025134,HAM_0000357,nv,4,0.059601035,0.30627796,0.3449517,0.0074983644,0.10691614,0.16471787,0.010037014
ISIC_0028004,HAM_0004745,nv,4,0.011251783,0.02288781,0.010675899,0.018122585,0.0098974025,0.88572216,0.04144227
ISIC_0028417,HAM_0000061,nv,4,0.006121427,0.001603775,0.016683811,0.0024489327,0.2740467,0.6967597,0.0023355726
ISIC_0030646,HAM_0007074,nv,4,0.00016683908,0.00011707515,0.0068947487,0.00047031534,0.00010456566,0.9920853,0.00016116344
ISIC_0028755,HAM_0000288,nv,4,0.00035910823,0.00033924365,0.84565556,0.00034005003,0.023793988,0.12848148,0.0010306173
ISIC_0027062,HAM_0000288,nv,4,0.00035498707,0.0008535919,0.49161595,0.00045159075,0.16605736,0.3393059,0.001360604
ISIC_0032363,HAM_0007003,nv,4,0.0023914455,0.005649768,0.20210402,0.12651354,0.24858443,0.4080365,0.006720308
ISIC_0025638,HAM_0007003,nv,4,0.002246106,0.6119012,0.13084316,0.0120338965,0.15328653,0.087038554,0.002650547
ISIC_0027264,HAM_0005360,nv,4,0.038678735,0.011860504,0.013172336,0.021375919,0.24121006,0.67224234,0.0014601175
ISIC_0028413,HAM_0005360,nv,4,0.020612152,0.03348644,0.0070837755,0.009691173,0.06121663,0.8660216,0.0018882565
ISIC_0027198,HAM_0000960,nv,4,0.0025406657,0.0017405187,0.0056486004,0.0022375733,0.07700676,0.90865123,0.0021747677
ISIC_0025779,HAM_0000960,nv,4,0.00059460156,0.00071527075,0.0029424892,0.00086730084,0.2604928,0.7337684,0.0006191189
ISIC_0027839,HAM_0003230,nv,4,0.0017462993,2.9827377e-05,0.0035053038,3.7809652e-05,0.9875931,0.0070744175,1.3130124e-05
ISIC_0027640,HAM_0003230,nv,4,7.190942e-05,6.2447784e-06,0.0072439318,5.59966e-05,0.98629576,0.0063222474,3.892613e-06
ISIC_0027406,HAM_0004524,nv,4,6.883002e-05,0.00013327914,0.08463728,6.570727e-05,0.887211,0.027817618,6.6219574e-05
ISIC_0030273,HAM_0004524,nv,4,0.0017197678,0.0001617683,0.3845828,0.00027834636,0.55547756,0.0574008,0.0003790423
ISIC_0030858,HAM_0001813,nv,4,3.6519068e-05,0.00013475875,0.009725788,0.00043717047,0.84536105,0.14424601,5.8769812e-05
ISIC_0030609,HAM_0001813,nv,4,0.004337798,0.00057459116,0.10112369,0.0011059243,0.4861151,0.40479866,0.0019442359
ISIC_0025847,HAM_0005609,nv,4,0.022653518,0.00520428,0.0014203618,0.004016316,0.9434867,0.02312792,9.0948895e-05
ISIC_0025958,HAM_0005609,nv,4,6.9490285e-05,0.00025458273,0.030735556,0.00486523,0.8844642,0.07959863,1.2347283e-05
ISIC_0031646,HAM_0003684,nv,4,0.00048021908,0.0016758759,0.029743908,0.00028070188,0.4012748,0.5663468,0.0001975981
ISIC_0031385,HAM_0003684,nv,4,5.544e-05,0.0030829802,0.2392592,0.00011215873,0.3699984,0.38715988,0.00033194758
ISIC_0028371,HAM_0007464,nv,4,0.0013149674,0.0022061465,0.0015263922,0.008510755,0.46400395,0.52106243,0.0013753346
ISIC_0030063,HAM_0007464,nv,4,0.00054522994,0.008516956,0.0022166453,0.0022728317,0.26667383,0.7163028,0.0034716916
ISIC_0025335,HAM_0007356,nv,4,0.0016318482,0.02997576,0.06536801,0.0017848532,0.80242985,0.09847481,0.00033491026
ISIC_0025869,HAM_0007356,nv,4,0.00017321084,0.11462807,0.8274914,0.00025964834,0.029659957,0.027761986,2.5619649e-05
ISIC_0027209,HAM_0001849,nv,4,0.00013390162,0.00013981713,0.0005000425,0.0035154165,0.3218993,0.67344356,0.00036800074
ISIC_0028966,HAM_0001849,nv,4,0.00049566675,0.0001730906,0.00043736037,0.00088006794,0.08410471,0.9135703,0.0003388519
ISIC_0032443,HAM_0005484,nv,4,0.00045135437,0.0011483945,0.020728767,0.00040110914,0.03876011,0.9378409,0.000669336
ISIC_0029543,HAM_0007419,nv,4,0.0073663276,0.0027341635,0.0087155625,0.0037321635,0.050011527,0.92543036,0.0020099343
ISIC_0031720,HAM_0003222,nv,4,0.0007353739,0.014670132,0.1404391,0.0014629413,0.11190302,0.72674453,0.004044954
ISIC_0026382,HAM_0003222,nv,4,0.0019166608,0.011235137,0.069967836,0.0024051617,0.3168141,0.5941662,0.0034948823
ISIC_0031094,HAM_0005056,nv,4,0.00030497197,2.769572e-05,0.45246038,0.00023339145,0.4012304,0.14555398,0.00018918613
ISIC_0032345,HAM_0005056,nv,4,0.0007853618,0.00019041133,0.15715672,0.00045816952,0.4566052,0.38447416,0.00033000464
ISIC_0025458,HAM_0001604,nv,4,0.00010497607,0.0008635199,0.9030658,0.00016701077,0.030705905,0.06360447,0.001488321
ISIC_0024664,HAM_0001604,nv,4,0.0008323954,0.009172868,0.5209571,0.001070991,0.30639067,0.15937842,0.0021975397
ISIC_0025008,HAM_0002349,nv,4,0.00045505454,0.0004850475,0.69162816,2.074629e-05,0.30135113,0.0059100343,0.00014982198
ISIC_0025735,HAM_0002349,nv,4,0.003891088,0.0020649887,0.9095791,0.00015574878,0.023938287,0.059392884,0.0009778625
ISIC_0029402,HAM_0007579,nv,4,0.003495792,0.0015900704,0.0042653414,0.0022656417,0.40766495,0.58036643,0.000351764
ISIC_0027571,HAM_0007579,nv,4,0.00032017473,0.0013613346,0.014536276,0.0032542436,0.054967,0.92324287,0.0023180912
ISIC_0025094,HAM_0002067,nv,4,0.00025430258,0.00085620576,0.22141922,0.0009374104,0.5611465,0.21372922,0.0016570841
ISIC_0026421,HAM_0002067,nv,4,9.382017e-05,0.0013976068,0.61833256,0.0007523954,0.033247557,0.3353602,0.01081587
ISIC_0028534,HAM_0003653,nv,4,0.0003815815,0.003526078,0.0008501484,0.0023967877,0.83763766,0.15514837,5.9377464e-05
ISIC_0030139,HAM_0003653,nv,4,0.00035705973,0.010276773,0.00405677,0.0028307654,0.84897345,0.1331746,0.00033064006
ISIC_0030406,HAM_0007548,nv,4,0.0027882329,0.004356938,0.11068363,0.0017692419,0.12967637,0.7492146,0.001511009
ISIC_0026633,HAM_0007548,nv,4,0.0009015608,0.0018054041,0.17734364,0.00045417904,0.10513282,0.713717,0.00064544316
ISIC_0027421,HAM_0001968,nv,4,0.0018940315,0.004904884,0.9831942,0.00035212457,0.0006006999,0.009017041,3.7037174e-05
ISIC_0028222,HAM_0001968,nv,4,0.029975487,0.18260083,0.7424741,0.0029867804,0.012089855,0.027843244,0.0020297472
ISIC_0030979,HAM_0003175,nv,4,0.00051746867,0.0014224643,0.023602206,0.000810544,0.06878431,0.9043416,0.0005213537
ISIC_0028145,HAM_0003175,nv,4,1.5907723e-05,3.180563e-05,0.0069902753,3.05884e-05,0.016496783,0.97607523,0.00035942314
ISIC_0028961,HAM_0005561,nv,4,1.521781e-05,0.002459451,0.2088088,7.546827e-05,0.15556419,0.63297105,0.0001058433
ISIC_0031080,HAM_0005561,nv,4,0.00052397035,0.0020587193,0.09197452,0.00040434455,0.13797814,0.7661153,0.0009450423
ISIC_0025789,HAM_0007249,nv,4,4.1735144e-05,0.00050945015,0.026383262,0.00017028613,0.03702037,0.9350036,0.0008712482
ISIC_0028509,HAM_0007249,nv,4,0.0012008398,0.06943191,0.039647933,0.0036765046,0.1697194,0.70646507,0.009858308
ISIC_0030859,HAM_0006822,nv,4,0.0021537107,0.002590723,0.025627151,0.0026099358,0.20064737,0.7588628,0.007508315
ISIC_0030350,HAM_0006822,nv,4,0.00020742175,0.04030327,0.002538764,0.00053188513,0.11756787,0.83632565,0.0025251654
ISIC_0028195,HAM_0006221,nv,4,0.003331956,0.0010497972,0.30055484,0.0040175137,0.1270454,0.561549,0.0024514974
ISIC_0025300,HAM_0006221,nv,4,0.00019051523,0.00046783037,0.06802535,0.0003850507,0.054083146,0.87436944,0.0024786796
ISIC_0029354,HAM_0000269,nv,4,0.0008483844,0.0072713937,0.03228722,0.0007662367,0.7363954,0.2219368,0.0004945318
ISIC_0031748,HAM_0000269,nv,4,0.0002650602,0.0003104035,0.006191267,0.00024190068,0.684747,0.3079433,0.00030111804
ISIC_0029728,HAM_0006155,nv,4,8.78998e-06,0.92639095,0.00047256003,0.00091817713,0.015614043,0.05648766,0.00010787311
ISIC_0033859,HAM_0001192,nv,4,0.0004216053,0.00027864653,0.35101056,0.001298336,0.35815984,0.28312787,0.005703028
ISIC_0031546,HAM_0001192,nv,4,0.00012849882,0.0001591928,0.007481096,0.0001947627,0.33930442,0.6526236,0.00010851576
ISIC_0033423,HAM_0006516,nv,4,0.0017067925,0.0041417917,0.0005699561,0.00062154914,0.14054474,0.85222876,0.00018642296
ISIC_0033846,HAM_0006516,nv,4,0.0041845744,0.00706541,0.002186712,0.002166207,0.1520528,0.8317077,0.0006366005
ISIC_0033315,HAM_0006516,nv,4,0.00041315687,7.642356e-05,0.00090549944,0.0004242044,0.42202708,0.5759897,0.00016388948
ISIC_0033686,HAM_0002494,nv,4,0.0007522993,0.0002886202,0.009787138,0.0014376052,0.64635473,0.34106967,0.0003098818
ISIC_0033555,HAM_0003143,nv,4,0.011467788,0.0001035482,0.0058542406,0.00016819815,0.81232834,0.16992089,0.00015695234
ISIC_0033963,HAM_0003143,nv,4,0.0022523787,9.5692536e-05,0.10828674,0.00018224693,0.4834128,0.40511164,0.0006585962
ISIC_0033793,HAM_0003143,nv,4,0.0011376443,1.50573605e-05,0.0019786244,9.4616145e-05,0.83620226,0.16050184,6.99387e-05
ISIC_0032555,HAM_0002616,nv,4,0.0011341247,5.925377e-05,0.049934622,0.00035129843,0.806358,0.14194933,0.00021349013
ISIC_0034254,HAM_0002616,nv,4,0.0012710133,9.8985714e-05,0.018407274,0.00010617014,0.9399187,0.039999522,0.00019826663
ISIC_0033767,HAM_0005300,nv,4,6.665428e-05,6.432499e-05,0.0007062939,0.00022326695,0.114933416,0.88393575,7.031895e-05
ISIC_0033755,HAM_0005300,nv,4,0.0007288485,0.00073534047,0.012082999,0.00042621684,0.17400123,0.8115593,0.0004660479
ISIC_0033625,HAM_0005300,nv,4,0.0021885398,0.00084287743,0.025176581,0.0010179441,0.35148945,0.6178199,0.0014647174
ISIC_0032362,HAM_0007127,nv,4,0.003005988,0.0040401374,0.25138503,0.0020724619,0.2085852,0.5278557,0.0030555013
ISIC_0025239,HAM_0003462,nv,4,0.030874167,0.0014563784,0.109281376,0.012830798,0.297941,0.5453428,0.0022734797
ISIC_0031694,HAM_0000523,nv,4,0.0005860291,0.0044042966,0.086758964,0.0041451175,0.031677023,0.8627921,0.009636613
ISIC_0025978,HAM_0000523,nv,4,0.0003661269,0.0051211454,0.019153535,0.0036454787,0.22622056,0.7429779,0.0025152734
ISIC_0025261,HAM_0002796,nv,4,0.0017766259,0.0022073858,0.81250674,0.0006156184,0.03677849,0.12242198,0.023693101
ISIC_0027654,HAM_0002796,nv,4,0.0012967878,0.0010667146,0.1308365,0.008974085,0.019370962,0.7308348,0.10762006
ISIC_0025786,HAM_0004260,nv,4,0.0006161951,0.004757445,0.020936312,0.001224236,0.25847137,0.71275705,0.0012373627
ISIC_0025525,HAM_0004260,nv,4,0.0006069669,0.0013918171,0.028184073,0.0013586334,0.13166729,0.8356512,0.0011399618
ISIC_0025871,HAM_0003904,nv,4,0.00085761235,0.0019408156,0.2577515,0.001108867,0.07507425,0.6600048,0.0032620626
ISIC_0031988,HAM_0003904,nv,4,0.00051866355,0.00026439456,0.042624205,0.0006501052,0.18740062,0.7674695,0.0010724424
ISIC_0028500,HAM_0006326,nv,4,0.0014193446,0.0014283404,0.020991374,0.00046416177,0.10955107,0.8652994,0.0008462976
ISIC_0030085,HAM_0000012,nv,4,0.0005316682,6.67306e-05,0.3658925,0.00016293314,0.41189316,0.22098689,0.0004660973
ISIC_0029348,HAM_0000012,nv,4,7.496945e-05,6.628226e-05,0.7933274,3.30879e-05,0.08612288,0.120157704,0.00021768587
ISIC_0030899,HAM_0004222,nv,4,0.00033701587,9.049861e-05,0.041814294,0.0002701417,0.67351586,0.28363514,0.00033708592
ISIC_0031757,HAM_0004222,nv,4,0.00019541373,0.0002925023,0.12033437,0.00027944325,0.18305649,0.6949714,0.0008703685
ISIC_0032679,HAM_0005942,nv,4,0.020650208,0.025792243,0.11296925,0.058166288,0.10638352,0.663015,0.013023505
ISIC_0032529,HAM_0005942,nv,4,0.00047693774,0.0065219505,0.0033236723,0.016965233,0.044897463,0.9267471,0.0010675072
ISIC_0033119,HAM_0005942,nv,4,0.00047063216,0.0017521026,0.0012635567,0.015736813,0.07927496,0.9010459,0.00045604008
ISIC_0033172,HAM_0001692,nv,4,0.0004999264,0.00015436493,0.0047156564,0.0001283228,0.029282508,0.9646324,0.00058688514
ISIC_0033326,HAM_0001692,nv,4,0.00047401054,0.0002787279,0.0016547907,0.00047716097,0.09993132,0.89587855,0.0013054699
ISIC_0032743,HAM_0001692,nv,4,0.0006395227,0.00027057203,0.013500473,0.0002943049,0.088090435,0.8956613,0.0015434774
ISIC_0033633,HAM_0005265,nv,4,0.00014161048,0.000165829,0.46892223,0.00014118597,0.41462374,0.114496954,0.0015084669
ISIC_0034199,HAM_0005265,nv,4,7.124068e-05,0.0001694717,0.57090575,5.611655e-05,0.21062796,0.21751559,0.0006539092
ISIC_0032998,HAM_0005265,nv,4,0.00036604167,0.00076231704,0.59074473,0.00034154434,0.15979321,0.24703054,0.0009616187
ISIC_0032902,HAM_0005248,nv,4,0.0022812162,0.0007475891,0.06760174,0.0007721673,0.08685961,0.8393071,0.0024304541
ISIC_0032948,HAM_0005248,nv,4,0.0010851308,0.00014869956,0.043472234,0.0006342268,0.1748192,0.7789039,0.0009367245
ISIC_0034264,HAM_0005248,nv,4,0.0004572514,0.00018820474,0.02172108,0.00018066102,0.04069789,0.93635756,0.00039741144
ISIC_0033242,HAM_0006883,nv,4,0.010552061,0.05854529,0.45181572,0.001476639,0.28391397,0.14375411,0.049942296
ISIC_0032619,HAM_0006883,nv,4,0.00062812486,0.01755786,0.054395046,0.0005440822,0.37449867,0.53950673,0.012869502
ISIC_0034105,HAM_0004550,nv,4,0.0005704088,0.00094890466,0.00051100284,0.007064053,0.018453324,0.96810526,0.004347096
ISIC_0033138,HAM_0004550,nv,4,0.00055275485,0.0005137483,0.002255997,0.00032261436,0.028183786,0.968014,0.00015703097
ISIC_0032728,HAM_0004550,nv,4,9.669833e-05,0.00024647868,0.00051047344,0.00016068283,0.008781749,0.9899865,0.00021736302
ISIC_0033069,HAM_0004503,nv,4,0.00014763755,5.4172262e-05,0.009592723,0.00011557708,0.68993706,0.29993817,0.00021461908
ISIC_0032735,HAM_0004503,nv,4,0.0001691545,0.00046705993,0.048102982,0.00045712874,0.4192492,0.5311943,0.00036010935
ISIC_0033840,HAM_0004503,nv,4,0.00037882756,0.00029213633,0.021898601,0.00023022905,0.52877146,0.4481409,0.00028781942
ISIC_0032749,HAM_0004145,nv,4,8.5432075e-06,0.0005133916,0.775868,2.8098357e-05,0.056574803,0.16698994,1.7225033e-05
ISIC_0034091,HAM_0004145,nv,4,8.9923706e-05,0.00085136393,0.9742415,3.955973e-05,0.010042795,0.014707647,2.722367e-05
ISIC_0033738,HAM_0004145,nv,4,8.085269e-05,0.0026497142,0.6083174,4.7866644e-05,0.29269966,0.09614236,6.216519e-05
ISIC_0034288,HAM_0003606,nv,4,0.0010212099,0.00025777097,0.0058599766,0.00023474009,0.13005868,0.8622275,0.00034011595
ISIC_0033420,HAM_0003606,nv,4,0.0007139643,0.00019127074,0.0012225899,0.00022324547,0.91772544,0.079870716,5.277779e-05
ISIC_0032661,HAM_0003606,nv,4,0.0018872741,0.00012524675,0.0040832045,0.00018368322,0.7076793,0.28588656,0.00015472976
ISIC_0032704,HAM_0002890,nv,4,0.0017785687,0.00027737368,0.08773698,0.0008426057,0.42724407,0.48092514,0.0011952749
ISIC_0033289,HAM_0002890,nv,4,0.0011877228,9.540536e-05,0.3150893,0.00058175036,0.4475032,0.23429027,0.0012524228
ISIC_0034179,HAM_0001133,nv,4,0.00022893975,0.00065771013,0.006712784,0.0024544513,0.028772034,0.9548546,0.0063194996
ISIC_0034206,HAM_0001133,nv,4,0.0018857387,0.003839617,0.002899492,0.001243243,0.29899362,0.6897207,0.0014175138
ISIC_0032980,HAM_0001133,nv,4,0.0025203952,0.0034913921,0.005186639,0.001857087,0.25402096,0.73045117,0.0024723855
ISIC_0028684,HAM_0006120,nv,4,0.0016807567,0.14505723,0.13108091,0.0019036698,0.07780387,0.64181805,0.00065551896
ISIC_0025372,HAM_0006120,nv,4,0.006098077,0.10393145,0.021818064,0.00984185,0.06874171,0.78815633,0.0014124498
ISIC_0034190,HAM_0003325,nv,4,0.00054968556,0.076781385,0.003734247,0.00052460365,0.48890543,0.061608735,0.3678959
ISIC_0025587,HAM_0007510,nv,4,0.019426642,0.00090108457,0.010667443,0.00066653313,0.3370738,0.6307372,0.00052729197
ISIC_0033833,HAM_0000165,nv,4,0.0014014462,0.0035922488,0.1799005,0.0007389369,0.3291246,0.4822823,0.0029598998
ISIC_0033163,HAM_0004221,nv,4,0.00014090343,8.801658e-05,0.00016530437,6.1507686e-05,0.034833778,0.9644604,0.00025004914
ISIC_0033887,HAM_0004221,nv,4,0.00028614802,0.00017796809,0.0011024737,0.00022002756,0.049998544,0.9472533,0.00096151396
ISIC_0032646,HAM_0001076,nv,4,0.036381517,0.00094234676,0.13314973,0.00056030304,0.79945093,0.029217023,0.0002981849
ISIC_0033627,HAM_0001076,nv,4,0.00097220484,4.8167214e-05,0.01586735,6.5583474e-05,0.977949,0.005033102,6.463225e-05
ISIC_0033803,HAM_0005331,nv,4,3.8489275e-06,0.00023036584,0.00038244788,0.00010644002,0.0010750808,6.709541e-05,0.9981346
ISIC_0032860,HAM_0005331,nv,4,4.1257654e-06,0.0067846216,0.00086797494,0.0002977266,0.0035191309,0.0007041958,0.9878221
ISIC_0034060,HAM_0001511,nv,4,1.745332e-05,1.631125e-05,0.0007350726,0.00010331567,0.4357928,0.56324,9.5050236e-05
ISIC_0033002,HAM_0001511,nv,4,0.0006772711,0.00025213987,0.0023075084,0.0013565808,0.51140565,0.48375183,0.0002490597
ISIC_0033683,HAM_0001511,nv,4,0.000109308574,0.00014398285,0.014948372,0.00043039653,0.5179262,0.46610492,0.00033679913
ISIC_0033897,HAM_0000855,nv,4,0.0011125779,0.000921678,0.15524964,0.00052440085,0.084197834,0.75668716,0.0013067082
ISIC_0033694,HAM_0000855,nv,4,0.00050781725,0.0006154533,0.047235988,0.00090531027,0.04579933,0.90383124,0.0011048876
ISIC_0034013,HAM_0000855,nv,4,0.00014492667,0.00035115934,0.00029604172,0.00032252356,0.3625929,0.63618654,0.000105962994
ISIC_0033150,HAM_0002367,nv,4,0.0019725822,0.0009753063,0.0165905,0.002179851,0.2018663,0.77230275,0.004112728
ISIC_0033698,HAM_0002367,nv,4,0.0006973386,0.00028369183,0.003986051,0.000609652,0.10414675,0.88852614,0.0017503835
ISIC_0034240,HAM_0002367,nv,4,0.001091028,0.0001884652,0.0021239778,0.00040058518,0.039967578,0.9551135,0.0011148929
ISIC_0032969,HAM_0000676,nv,4,0.0011304063,0.00024690505,0.03200761,0.00030730703,0.86284876,0.10340219,5.6777168e-05
ISIC_0033894,HAM_0000676,nv,4,0.014220656,0.0003747725,0.0382444,0.00045309737,0.8509552,0.09506469,0.0006871792
ISIC_0032693,HAM_0006700,nv,4,0.000998833,0.0007840046,0.0063624918,0.0005404423,0.039814007,0.9498714,0.0016287557
ISIC_0032734,HAM_0006700,nv,4,0.002338304,0.002467107,0.029046008,0.00210226,0.19201745,0.7666872,0.005341567
ISIC_0032659,HAM_0006700,nv,4,0.0031387897,0.0070622265,0.06460461,0.001842054,0.028584106,0.8880343,0.0067338864
ISIC_0032478,HAM_0003254,nv,4,1.4279876e-05,0.00022944926,0.09476145,6.9954316e-05,0.7755765,0.12931068,3.7756206e-05
ISIC_0032765,HAM_0003254,nv,4,0.00021412632,0.0009843871,0.059217844,0.00056415447,0.912318,0.0264014,0.00030004323
ISIC_0032794,HAM_0003133,nv,4,0.00025134365,0.000110643996,0.0020816613,0.00022518828,0.34470156,0.6522017,0.00042796135
ISIC_0032801,HAM_0003133,nv,4,0.0009926236,0.0005063875,0.0032362991,0.0006813961,0.3286296,0.6645457,0.0014079693
ISIC_0032650,HAM_0002908,nv,4,0.0013880266,0.0005146321,0.00024951334,6.7937624e-05,0.04788855,0.94974667,0.00014476533
ISIC_0034182,HAM_0002908,nv,4,0.014812907,0.0003312758,0.020952616,0.0005458266,0.7051279,0.25747922,0.00075028645
ISIC_0026429,HAM_0006118,nv,4,5.6097182e-05,0.99704933,0.0022775764,5.2848927e-06,3.9005336e-05,0.0005205795,5.208909e-05
ISIC_0033083,HAM_0003803,nv,4,8.069303e-05,0.00037486223,0.057194974,0.00023489946,0.012617034,0.9287996,0.0006978584
ISIC_0033133,HAM_0003803,nv,4,0.00020557796,0.00021975345,0.002127796,0.00015042987,0.09957134,0.89719796,0.00052713294
ISIC_0033352,HAM_0003803,nv,4,0.0004838657,0.0007888285,0.022322787,0.0004233146,0.042824816,0.9311191,0.0020373226
ISIC_0033519,HAM_0001908,nv,4,0.0007003674,0.0013636362,0.00795344,0.00028870243,0.048538737,0.939844,0.001311111
ISIC_0032851,HAM_0001908,nv,4,0.0010772315,0.010807409,0.05276427,0.00029924224,0.021254966,0.9124233,0.0013735363
ISIC_0033742,HAM_0006628,nv,4,4.818627e-06,3.3582157e-06,8.507735e-05,5.4567972e-05,0.950023,0.049768362,6.07479e-05
ISIC_0034127,HAM_0006628,nv,4,3.1243576e-06,1.592037e-06,0.0002315817,4.6881345e-05,0.94755334,0.052151725,1.1750588e-05
ISIC_0033111,HAM_0006628,nv,4,6.891459e-05,2.0250442e-05,0.0013961622,0.00017205521,0.84109956,0.1568889,0.00035423634
ISIC_0033221,HAM_0005887,nv,4,0.00026124326,0.00017669542,0.00047682974,0.0010083104,0.28264922,0.7149368,0.0004909466
ISIC_0033340,HAM_0005887,nv,4,0.00043875893,0.0007865588,0.00074794225,0.0033401262,0.41882408,0.5748129,0.001049546
ISIC_0033737,HAM_0004303,nv,4,0.0014191772,0.00069542043,0.0051651,0.0035789034,0.77369004,0.21428621,0.0011651987
ISIC_0033932,HAM_0004303,nv,4,0.00016263143,7.0451686e-05,0.042582892,0.0002032131,0.35739413,0.59873515,0.00085151684
ISIC_0033669,HAM_0006182,nv,4,0.00019775273,0.0014829362,0.0028710125,0.0015159633,0.16723727,0.8264571,0.00023794753
ISIC_0033789,HAM_0006182,nv,4,3.9087718e-05,0.0035011133,0.008165376,0.00014151874,0.17903204,0.8088427,0.00027819257
ISIC_0033419,HAM_0006182,nv,4,0.0003999008,0.00816995,0.0016304946,0.00046623638,0.116283454,0.87272596,0.00032402144
ISIC_0033224,HAM_0001883,nv,4,0.00063110207,0.00011352295,0.037214685,0.00046769687,0.4990137,0.46233252,0.00022674706
ISIC_0033360,HAM_0001883,nv,4,0.0007589232,0.00012221718,0.0197396,0.0016546713,0.4587932,0.51876765,0.00016377926
ISIC_0033294,HAM_0002431,nv,4,4.9559625e-05,4.1191834e-05,0.004194115,9.14847e-05,0.4492539,0.54624677,0.00012293363
ISIC_0033030,HAM_0002431,nv,4,0.00032584462,0.0004890901,0.02365041,0.00038477313,0.1911813,0.7830564,0.00091226224
ISIC_0032657,HAM_0002431,nv,4,0.0012581993,0.000879194,0.0016168625,0.0005556992,0.76388764,0.23148574,0.00031660628
ISIC_0033954,HAM_0002015,nv,4,0.00016107348,3.2322525e-05,0.02522978,6.641328e-05,0.044803035,0.9296481,5.9294453e-05
ISIC_0033771,HAM_0002015,nv,4,0.00042856764,5.451121e-05,0.009877494,8.9766545e-05,0.020226382,0.969274,4.926481e-05
ISIC_0034035,HAM_0002015,nv,4,0.00090074516,0.00072328025,0.022249298,0.0004175676,0.034275483,0.9408394,0.00059424835
ISIC_0034271,HAM_0000443,nv,4,0.0053476603,0.115939245,0.033039633,0.0010616501,0.013680613,0.8295171,0.001414085
ISIC_0033845,HAM_0001739,nv,4,0.002356507,0.0014283733,0.072747454,0.0014389743,0.0446766,0.8757186,0.0016335
ISIC_0032884,HAM_0001739,nv,4,0.0030801764,0.0013000376,0.06962311,0.00067601807,0.028523423,0.8956182,0.0011789403
ISIC_0032380,HAM_0003248,nv,4,0.00063078856,0.0003521529,0.00924679,0.00044838537,0.046017446,0.94047034,0.0028341531
ISIC_0025447,HAM_0003248,nv,4,0.0003809949,0.00016802156,0.004108794,0.00031531727,0.07181205,0.92157835,0.0016364905
ISIC_0032962,HAM_0007216,nv,4,0.0004252414,0.0009891969,0.0474524,0.0003792614,0.012384717,0.93711174,0.0012575057
ISIC_0033792,HAM_0004043,nv,4,5.4067405e-05,6.5664586e-05,0.010817752,4.5254266e-05,0.034927767,0.95329726,0.00079224486
ISIC_0030492,HAM_0004043,nv,4,0.00048804926,0.00014844046,0.011012681,0.03653046,0.6020529,0.34879848,0.00096897496
ISIC_0033926,HAM_0004043,nv,4,0.0006657212,4.2553525e-05,0.03315045,0.0014843196,0.70173234,0.26229027,0.0006342994
ISIC_0034122,HAM_0002448,nv,4,0.00041877927,0.0018337462,0.02475439,0.0034846214,0.11427084,0.8536521,0.0015855297
ISIC_0033281,HAM_0002448,nv,4,6.640583e-05,0.00049552356,0.0014042499,0.000588611,0.06784829,0.92856914,0.0010277798
ISIC_0033285,HAM_0002448,nv,4,7.598414e-05,0.00022466449,0.0023010063,0.00014155555,0.026359398,0.97055995,0.00033750298
ISIC_0033148,HAM_0002519,nv,4,0.00040371285,0.0002227015,0.00029091246,0.0032361823,0.048721563,0.94398636,0.0031385543
ISIC_0033109,HAM_0002519,nv,4,0.00015324514,0.00010201281,0.00027044176,0.00029227286,0.0451375,0.95325285,0.0007916147
ISIC_0032986,HAM_0002519,nv,4,0.000782961,0.00035310007,0.00020695537,0.01630862,0.11019803,0.8685699,0.0035805178
ISIC_0033026,HAM_0003057,nv,4,0.010476022,0.0015904647,0.010795051,0.0037739135,0.2528986,0.7172292,0.0032367585
ISIC_0033774,HAM_0003057,nv,4,0.039786916,0.0022753691,0.087496094,0.007775063,0.30648318,0.55444074,0.0017426214
ISIC_0033462,HAM_0001175,nv,4,0.0002863848,0.0010915316,0.0062730485,0.00077776,0.031705163,0.94271785,0.01714817
ISIC_0033191,HAM_0001175,nv,4,0.00015978985,0.0003109114,0.00057824963,0.00024598022,0.0262998,0.9679386,0.0044665285
ISIC_0033875,HAM_0004582,nv,4,0.005490438,0.014401096,0.055034257,0.000789782,0.05840858,0.8650515,0.0008242269
ISIC_0034181,HAM_0004587,nv,4,0.0033670703,0.0014569706,0.029186733,0.0008914843,0.0702889,0.8930174,0.0017914918
ISIC_0034209,HAM_0001547,nv,4,0.0019103673,0.0002392791,0.29527992,0.009105875,0.4486118,0.24451412,0.00033863782
ISIC_0034297,HAM_0001547,nv,4,0.009715545,0.0005111165,0.041490354,0.010880183,0.08911815,0.8466597,0.0016248967
ISIC_0034171,HAM_0004172,nv,4,0.00043340007,0.0026678352,0.04643039,0.00033369925,0.01602709,0.9334658,0.00064175646
ISIC_0033996,HAM_0004172,nv,4,0.00040524913,0.009054727,0.3133986,0.00027527782,0.0498091,0.6253899,0.0016671394
ISIC_0033314,HAM_0001437,nv,4,0.00038839554,0.00023695771,0.04596529,0.00037691538,0.12083251,0.82558346,0.006616418
ISIC_0033580,HAM_0001437,nv,4,0.0009583667,0.0011203642,0.016686559,0.001028612,0.11983283,0.8515876,0.008785763
ISIC_0033697,HAM_0002603,nv,4,0.0033890367,0.00010849598,0.010499152,0.0006453047,0.038041703,0.9470393,0.00027695062
ISIC_0033033,HAM_0001405,nv,4,0.0032049352,0.0003015058,0.008390383,0.00054258935,0.58555746,0.4014941,0.0005091432
ISIC_0033390,HAM_0001405,nv,4,0.0007827497,0.0003630995,0.030252863,0.00053982,0.5434925,0.42340472,0.001164251
ISIC_0033836,HAM_0001405,nv,4,0.0035562348,0.0014414039,0.020753095,0.0020161914,0.30761036,0.66176283,0.0028598867
ISIC_0028210,HAM_0003857,nv,4,9.271189e-05,0.00017662233,0.009986551,0.0005513385,0.24033996,0.748444,0.00040877916
ISIC_0024695,HAM_0006529,nv,4,0.0010347461,0.0002676017,0.002214375,0.001849345,0.18477684,0.80898505,0.0008720144
ISIC_0031411,HAM_0004675,nv,4,0.0013117136,0.00017120414,0.008293784,0.00042815303,0.71638685,0.27135438,0.0020538738
ISIC_0027755,HAM_0002533,nv,4,0.00035588184,0.00023568181,0.022272428,0.0004329122,0.70088524,0.27512118,0.0006967336
ISIC_0027582,HAM_0001269,nv,4,0.00036831567,0.00032406233,0.036487754,0.019072194,0.3147012,0.62864786,0.00039865632
ISIC_0031948,HAM_0001276,nv,4,0.00043945733,0.0006665274,0.07426185,0.00039915802,0.8939343,0.029271265,0.0010273814
ISIC_0028540,HAM_0002023,nv,4,0.00040373206,4.051387e-05,0.00047910347,0.00035693627,0.035718184,0.96291274,8.8720444e-05
ISIC_0028538,HAM_0007276,nv,4,3.091019e-05,5.068746e-05,0.010976008,0.0005267645,0.022993464,0.96522117,0.00020098698
ISIC_0031796,HAM_0000410,nv,4,0.0002670541,0.0005874728,0.60401076,0.0025061239,0.030697782,0.35937592,0.0025548923
ISIC_0026402,HAM_0001452,nv,4,0.005571557,0.04802976,0.08964972,0.0015126934,0.09764,0.7456589,0.011937364
ISIC_0031923,HAM_0007195,nv,4,0.0029986745,0.0010699263,0.0015026289,0.0022513398,0.012809087,0.9782574,0.0011108988
ISIC_0028487,HAM_0003891,nv,4,0.002460435,0.0006849468,0.0013308953,0.0014150868,0.008496518,0.98477304,0.00083908625
ISIC_0024458,HAM_0005590,nv,4,0.0003608131,0.004304973,0.020012988,0.005370954,0.67575055,0.27861637,0.015583336
ISIC_0030232,HAM_0005092,nv,4,0.0023880946,0.00010091958,0.00082230923,0.00031762553,0.0298372,0.96650153,3.2270418e-05
ISIC_0030243,HAM_0000721,nv,4,2.6671518e-05,6.3966516e-05,0.0053055473,0.0028780885,0.031651843,0.9598758,0.00019814908
ISIC_0032058,HAM_0000721,nv,4,0.00036674214,0.00022650226,0.010098726,0.0146336295,0.1320626,0.84082925,0.0017824867
ISIC_0024936,HAM_0006363,nv,4,0.00029305095,0.0002600757,0.0023554943,0.004304326,0.5242873,0.45467052,0.013829259
ISIC_0025469,HAM_0005319,nv,4,0.00032892826,0.00011887456,0.024593236,0.0019020339,0.96133256,0.011499704,0.0002247524
ISIC_0025133,HAM_0005319,nv,4,0.00058137224,0.013933213,0.07494173,0.008168198,0.8731049,0.027495911,0.001774634
ISIC_0030615,HAM_0001236,nv,4,0.0037177417,0.00026932053,0.88069516,0.00020550253,0.016447306,0.09831788,0.000347103
ISIC_0031079,HAM_0003387,nv,4,0.0003869728,0.018559795,0.0027940075,0.0005770642,0.006375438,0.97006524,0.0012415483
ISIC_0028524,HAM_0003387,nv,4,0.0022939448,0.07538716,0.016339447,0.0012114171,0.050575256,0.8511067,0.003086072
ISIC_0025665,HAM_0002661,nv,4,0.005728458,0.00084829953,0.006263024,0.0035550578,0.3371144,0.6399501,0.00654066
ISIC_0030597,HAM_0002661,nv,4,0.0030896366,0.0005933106,0.0052685,0.0024446782,0.39030078,0.59028864,0.00801445
ISIC_0026692,HAM_0002661,nv,4,0.0014112967,0.0001496915,0.0017562866,0.0010732515,0.45668903,0.5372013,0.0017191842
ISIC_0031657,HAM_0003828,nv,4,0.00026236856,0.00039917056,0.00066896516,0.0005757638,0.06275883,0.9350018,0.00033309942
ISIC_0030077,HAM_0003828,nv,4,0.0004101617,0.00045222853,0.0018511987,0.00093575515,0.35720855,0.6386005,0.0005416283
ISIC_0029865,HAM_0003828,nv,4,5.855996e-05,3.7734007e-05,0.00027592882,0.00014049908,0.06183776,0.93747115,0.00017834597
ISIC_0025240,HAM_0002348,nv,4,0.00095254334,0.0004506595,0.0039198175,0.0011124444,0.72157043,0.27052546,0.0014685865
ISIC_0026933,HAM_0002348,nv,4,0.0008976824,0.00037001228,0.0028703036,0.0031256967,0.23363076,0.75724155,0.0018639583
ISIC_0030179,HAM_0001507,nv,4,0.00029860495,0.00014706102,0.0006253927,0.0010864132,0.70798737,0.28888527,0.00096994766
ISIC_0029215,HAM_0001507,nv,4,0.00011044794,2.9691299e-05,0.0002215483,0.0006046985,0.6706767,0.328039,0.0003179607
ISIC_0028362,HAM_0001507,nv,4,0.00014432278,6.574892e-05,0.00053842715,0.0009974721,0.7344945,0.26319495,0.0005646022
ISIC_0030894,HAM_0003284,nv,4,0.0035250618,5.5404376e-05,0.8655086,0.00029859415,0.12226624,0.008136809,0.00020925672
ISIC_0030945,HAM_0004443,nv,4,0.109954774,0.0033398732,0.85346085,0.00021939151,0.025429906,0.0049275486,0.002667645
ISIC_0026052,HAM_0005770,nv,4,0.00013634384,3.227465e-05,8.6656815e-05,0.0007850163,0.26628783,0.7324666,0.00020525494
ISIC_0029609,HAM_0000211,nv,4,0.0001259854,3.700839e-05,0.0002650217,0.0013644601,0.01221224,0.9845761,0.0014193007
ISIC_0029482,HAM_0000211,nv,4,0.0008749281,0.00013728296,0.00087127235,0.0045180926,0.0033209473,0.98833513,0.0019423832
ISIC_0028510,HAM_0002835,nv,4,0.0033664077,0.0048729023,0.50903136,0.0007373464,0.040047005,0.43191662,0.010028361
ISIC_0028999,HAM_0006296,nv,4,0.00016035503,3.5416386e-05,0.0014167042,0.00019443285,0.8167702,0.18106171,0.0003612528
ISIC_0024406,HAM_0007480,nv,4,0.0010100023,0.036438018,0.08779105,0.00048392155,0.067878775,0.8035851,0.002813089
ISIC_0032427,HAM_0005818,nv,4,0.0012192631,0.00177282,0.123399615,0.002524351,0.028781932,0.8376418,0.004660238
ISIC_0028758,HAM_0004443,nv,4,0.13852365,0.0002824586,0.8506852,8.149915e-06,0.010394868,7.829347e-05,2.7362195e-05
ISIC_0032184,HAM_0004866,nv,4,0.0014879733,0.000113505674,0.066306785,0.00017840811,0.34451655,0.58690083,0.0004959838
ISIC_0027323,HAM_0006077,nv,4,0.010612051,0.000926189,0.010066091,0.0024333415,0.5872695,0.38739675,0.0012960999
ISIC_0028825,HAM_0001517,nv,4,0.0013931044,0.0005424089,0.0032328076,0.0010320855,0.113640234,0.8780981,0.0020611812
ISIC_0027045,HAM_0005016,nv,4,0.019885262,0.00089723076,0.16679633,0.0010592571,0.16958682,0.6406263,0.0011487696
ISIC_0029641,HAM_0002675,nv,4,0.005819084,0.010787423,0.003943364,0.1143021,0.013980373,0.8497691,0.0013986527
ISIC_0028484,HAM_0006258,nv,4,0.0008594125,0.0018420033,0.0026388238,0.0011546102,0.16080856,0.8316817,0.0010148309
ISIC_0030842,HAM_0006855,nv,4,0.0042855158,0.0006251509,0.007675011,0.0047633373,0.1260499,0.8549386,0.0016623714
ISIC_0028598,HAM_0006633,nv,4,0.0019299636,0.00022799072,0.0012657366,0.00092146447,0.07135029,0.9241171,0.00018742347
ISIC_0026147,HAM_0006983,nv,4,0.0015447601,0.0019296162,0.0015650052,0.0925903,0.0060302154,0.8939687,0.002371281
ISIC_0030675,HAM_0003568,nv,4,0.0024594357,0.002124561,0.069291316,0.0009748643,0.04200027,0.8813518,0.0017977217
ISIC_0030532,HAM_0002766,nv,4,0.0076280357,0.00031268765,0.4467358,0.0006041499,0.513081,0.031153059,0.00048531432
ISIC_0024862,HAM_0007422,nv,4,0.0034794146,0.00010428358,0.099937215,0.0004440676,0.17795372,0.717771,0.00031031217
ISIC_0029926,HAM_0004030,nv,4,0.0009826113,0.0032054498,0.033031072,0.0042613912,0.10688339,0.8509504,0.00068573747
ISIC_0031934,HAM_0002003,nv,4,0.0019183614,0.00781971,0.08017929,0.0018539224,0.112069614,0.7890954,0.007063762
ISIC_0026400,HAM_0007167,nv,4,0.0073698615,0.12022823,0.023255,0.01031164,0.13871984,0.6991299,0.000985533
ISIC_0027495,HAM_0000508,nv,4,0.036711954,0.0010445537,0.055917166,0.0028777944,0.2793451,0.6220389,0.002064493
ISIC_0024937,HAM_0006318,nv,4,0.018538319,0.0011899201,0.0062805316,0.005400893,0.4028484,0.5624198,0.0033221995
ISIC_0031126,HAM_0003434,nv,4,0.40368927,0.24916546,0.12353537,0.05695293,0.10370286,0.05885533,0.0040988573
ISIC_0030816,HAM_0002205,nv,4,0.01806903,0.003930531,0.0080576185,0.0027199471,0.60975105,0.35440764,0.0030642143
ISIC_0025118,HAM_0004909,nv,4,0.0009071978,0.0010984321,0.0011665939,0.00019231433,0.04265608,0.95266986,0.0013095383
ISIC_0029183,HAM_0007491,nv,4,0.0067810537,0.0023538927,0.03632294,0.0009480015,0.037067052,0.9156449,0.00088220777
ISIC_0026340,HAM_0000794,nv,4,0.005331918,0.00037347848,0.007214089,0.76595074,0.09814487,0.12138162,0.0016033011
ISIC_0028551,HAM_0000667,nv,4,0.07882754,0.008470162,0.24297641,0.0038558538,0.15969382,0.5030706,0.00310555
ISIC_0029577,HAM_0000886,nv,4,0.01750206,0.0017349096,0.0024938718,0.0002356558,0.04887232,0.9288889,0.0002722107
ISIC_0024560,HAM_0000886,nv,4,0.019647928,0.0014681487,0.0104274275,0.00094702846,0.3890185,0.5768931,0.001597882
ISIC_0026222,HAM_0005925,nv,4,0.0010158601,0.00074618385,0.043304462,0.00096928043,0.61851645,0.33229327,0.003154435
ISIC_0027963,HAM_0000891,nv,4,0.0017893012,0.00067662157,0.00026913246,0.076669514,0.21584012,0.70414066,0.00061457074
ISIC_0026921,HAM_0004275,nv,4,0.0019182835,6.247993e-05,0.0051671923,0.00018774097,0.41176027,0.58068997,0.00021401368
ISIC_0026712,HAM_0003980,nv,4,0.00694673,0.0009667777,0.004965208,0.0022627756,0.071622826,0.91277486,0.00046085316
ISIC_0026655,HAM_0007036,nv,4,0.100610815,0.008435057,0.15950145,0.046157375,0.20003869,0.47947603,0.005780583
ISIC_0031612,HAM_0005873,nv,4,0.030402966,0.00062108634,0.59195936,0.002927054,0.14436907,0.22807129,0.0016492195
ISIC_0028529,HAM_0002171,nv,4,0.296876,0.011634377,0.07298704,0.013794351,0.1399535,0.45731735,0.0074373526
ISIC_0028364,HAM_0000777,nv,4,0.0040024696,0.014071594,0.020655852,0.00022178305,0.83301055,0.12782061,0.00021702386
ISIC_0027568,HAM_0006398,nv,4,0.96900594,0.0034021712,0.0034635824,0.00014211454,0.020340288,0.003629391,1.6551701e-05
ISIC_0027917,HAM_0003117,nv,4,0.00020010243,0.0018425267,0.0024893926,0.0008186368,0.044406015,0.6984658,0.25177747
ISIC_0030209,HAM_0000266,nv,4,0.04495519,0.0005271507,0.022097033,0.0011178517,0.06851294,0.86243635,0.00035351134
ISIC_0030219,HAM_0006681,nv,4,0.13450442,0.001284575,0.0057808184,0.0023850256,0.40851253,0.4471962,0.00033646042
ISIC_0027382,HAM_0007510,nv,4,0.03976068,0.0009559555,0.0023448109,0.0014911662,0.20156118,0.7531822,0.0007039976
ISIC_0032251,HAM_0001764,nv,4,0.06334687,0.052057583,0.031235546,0.0084897205,0.34654218,0.49360803,0.0047201244
ISIC_0032253,HAM_0001764,nv,4,0.060307708,0.20531075,0.43544054,0.0051610274,0.16705066,0.11841545,0.008313905
ISIC_0029665,HAM_0000347,nv,4,0.03720468,0.0016407007,0.009079993,0.0027476908,0.34068236,0.6059558,0.002688843
ISIC_0024356,HAM_0000689,nv,4,0.0022362117,0.0042279675,0.098856874,0.00087573024,0.09138134,0.8012495,0.0011724222
ISIC_0028307,HAM_0000689,nv,4,0.001037147,0.00022470577,0.0023944844,0.00042393713,0.04797546,0.94716483,0.00077943265
ISIC_0026103,HAM_0000039,nv,4,0.07988854,0.004392825,0.005354803,0.0015763862,0.58750385,0.31654942,0.0047341385
ISIC_0032107,HAM_0003313,nv,4,0.012309207,0.0028624546,0.032167308,0.0037761815,0.27072373,0.67104083,0.007120302
ISIC_0028400,HAM_0006118,nv,4,0.00058599544,0.8577405,0.13815743,4.7005633e-05,0.0012420842,0.0007928461,0.0014341002
ISIC_0026998,HAM_0006094,nv,4,0.0047996584,0.24994946,0.33155745,0.0008539568,0.018005515,0.3425206,0.052313376
ISIC_0032218,HAM_0006094,nv,4,0.003944782,0.18910335,0.2985644,0.0005636621,0.010799375,0.48309162,0.013932685
ISIC_0032028,HAM_0002518,nv,4,0.013038334,0.001674463,0.052887544,0.0046266895,0.8293785,0.09432306,0.004071471
ISIC_0025214,HAM_0004356,nv,4,0.3209137,0.00071861636,0.12566814,0.0013684038,0.53904253,0.012143955,0.00014472596
ISIC_0024363,HAM_0004534,nv,4,0.00092619,0.0003977543,0.0054657203,0.00042102113,0.025646148,0.9661054,0.0010377422
ISIC_0031014,HAM_0002675,nv,4,0.03852365,0.02989982,0.008475495,0.073925056,0.03261669,0.8146235,0.0019358287
ISIC_0024969,HAM_0002675,nv,4,0.040850632,0.13589409,0.14928786,0.015770275,0.043351278,0.60366064,0.011185187
ISIC_0029983,HAM_0006619,nv,4,0.027517006,0.00083763077,0.009415737,0.01306946,0.20188114,0.7454125,0.001866498
ISIC_0028183,HAM_0003159,nv,4,0.014403653,0.011264935,0.052173086,0.010446911,0.14458965,0.75587016,0.011251589
ISIC_0026108,HAM_0003159,nv,4,0.012627577,0.003676831,0.017633555,0.0042897603,0.43526053,0.5225083,0.0040033306
ISIC_0026658,HAM_0005436,nv,4,0.0058274283,0.0007775772,0.07064248,0.0011964601,0.036013268,0.8845704,0.0009723961
ISIC_0027091,HAM_0001617,nv,4,0.00015548395,3.4715995e-05,0.013564592,5.7818157e-05,0.15673445,0.8293617,9.1200374e-05
ISIC_0031644,HAM_0005925,nv,4,0.0029025523,0.0017980161,0.6370024,0.0007642009,0.050343484,0.30441666,0.0027726858
ISIC_0027036,HAM_0005925,nv,4,0.0009870301,0.0008579516,0.028988127,0.00050211576,0.36675397,0.60025024,0.0016605167
ISIC_0030625,HAM_0007342,nv,4,0.00535984,0.00020103963,0.011685879,0.0032525773,0.48845753,0.49012253,0.00092058274
ISIC_0030740,HAM_0002319,nv,4,0.0006585519,0.00043043226,0.0037731247,7.152345e-05,0.4514358,0.54355335,7.716025e-05
ISIC_0026600,HAM_0002319,nv,4,0.0009897836,0.00018006367,0.0019535234,0.0005219058,0.49482277,0.5011574,0.0003745787
ISIC_0024441,HAM_0007516,nv,4,0.011351495,0.0019595206,0.011850992,0.0021275396,0.3381281,0.6322383,0.0023441054
ISIC_0031107,HAM_0006725,nv,4,0.0020803672,0.013056796,0.03942702,0.0018266885,0.04095621,0.8991439,0.00350904
ISIC_0026022,HAM_0006725,nv,4,0.0018178921,0.0018694676,0.0058199014,0.0006336196,0.02100941,0.9680416,0.00080808875
ISIC_0031121,HAM_0006205,nv,4,0.03924428,0.0030731952,0.9028425,0.00022060033,0.012743672,0.041561205,0.00031452492
ISIC_0032034,HAM_0006205,nv,4,0.13172613,0.006914095,0.40520933,0.0014979683,0.074953526,0.3780278,0.0016711378
ISIC_0030451,HAM_0006905,nv,4,0.06553494,0.0018880499,0.07448825,0.002040462,0.68930924,0.16607262,0.0006665044
ISIC_0030833,HAM_0000976,nv,4,0.007399456,0.0002616594,0.35462156,0.0005171483,0.35477605,0.28184628,0.0005777826
ISIC_0029833,HAM_0006664,nv,4,0.02439739,0.016305313,0.5954994,0.048243914,0.08147745,0.22559045,0.00848612
ISIC_0030674,HAM_0006905,nv,4,0.031423427,0.0007794732,0.72897995,0.00062736636,0.09254809,0.14462064,0.0010211188
ISIC_0024998,HAM_0007516,nv,4,0.023407407,0.0035802724,0.0047823973,0.0029221082,0.33211178,0.6286667,0.004529384
ISIC_0024933,HAM_0000266,nv,4,0.052391987,0.002844734,0.016054356,0.0046821893,0.13143058,0.7912623,0.0013338049
ISIC_0027498,HAM_0007014,nv,4,0.00091860886,0.0024246015,0.14846653,0.002299108,0.037822343,0.8017191,0.0063496605
ISIC_0027922,HAM_0007178,nv,4,0.008631752,0.014413302,0.54811734,0.0020831255,0.061641533,0.35424757,0.010865352
ISIC_0025184,HAM_0007178,nv,4,0.004288052,0.0027370898,0.039093148,0.0008667926,0.09839879,0.84742147,0.0071948054
ISIC_0028243,HAM_0002556,nv,4,0.018330878,0.00013960525,0.002028901,0.0008675433,0.634724,0.3434945,0.0004144663
ISIC_0025436,HAM_0002556,nv,4,0.030390965,0.00021906433,0.0042517544,0.001819931,0.3173964,0.6454684,0.0004535034
ISIC_0026217,HAM_0002205,nv,4,0.0040331436,0.02704027,0.019885024,0.0026356056,0.43721494,0.50752467,0.0016663618
ISIC_0031131,HAM_0004443,nv,4,0.091224514,0.0032326651,0.768011,0.0031825139,0.11399031,0.016671764,0.0036873135
ISIC_0031473,HAM_0004443,nv,4,0.4295045,0.00040576493,0.54793894,6.830047e-05,0.021875795,0.00012598166,8.064995e-05
ISIC_0025488,HAM_0002295,nv,4,0.012766528,0.0032465975,0.0030923905,0.006852395,0.20945448,0.7616554,0.0029322424
ISIC_0027999,HAM_0002295,nv,4,0.0119928345,0.0071982127,0.021837851,0.005393485,0.17025986,0.7739838,0.009333902
ISIC_0030061,HAM_0000836,nv,4,0.015837688,0.002950312,0.00468424,0.0025576653,0.7389281,0.23338664,0.0016553404
ISIC_0030960,HAM_0000836,nv,4,0.008351331,0.05136639,0.029236648,0.0019005291,0.5529793,0.3552515,0.0009143496
ISIC_0030311,HAM_0000836,nv,4,0.007937175,0.07848996,0.023916127,0.0032174343,0.652219,0.23342042,0.00079990836
ISIC_0025505,HAM_0000836,nv,4,0.030351594,0.0013554589,0.0014810894,0.0025561135,0.77052695,0.19306095,0.0006679413
ISIC_0027756,HAM_0003305,nv,4,0.009283321,0.28525862,0.015232444,0.0036558143,0.23878609,0.44453064,0.0032530774
ISIC_0032125,HAM_0003305,nv,4,0.003265642,0.9346337,0.010641052,0.0006035078,0.015733732,0.032986734,0.0021356517
ISIC_0025172,HAM_0003305,nv,4,0.009415807,0.33767676,0.06105487,0.0032250485,0.27100503,0.31351092,0.0041115778
ISIC_0031064,HAM_0000798,nv,4,0.00800141,0.0021980503,0.15366752,0.0018386699,0.48589265,0.34433997,0.0040616863
ISIC_0027538,HAM_0000798,nv,4,0.003789382,0.0052079763,0.28479567,0.0016389077,0.44035602,0.260751,0.0034609656
ISIC_0026751,HAM_0000798,nv,4,0.0020735366,0.004565476,0.31387725,0.00069936056,0.581107,0.09495823,0.0027191078
ISIC_0029332,HAM_0000798,nv,4,0.0005325609,0.005744184,0.07188319,0.00048651046,0.59637827,0.32402447,0.0009507946
ISIC_0030456,HAM_0000194,nv,4,0.0019860761,0.0007445964,0.08116278,0.00060389313,0.47968948,0.43371612,0.0020970895
ISIC_0030942,HAM_0000194,nv,4,0.0026818214,0.0004038328,0.01768939,0.0010214588,0.5039856,0.47329187,0.00092604925
ISIC_0031880,HAM_0000976,nv,4,0.010898376,0.00030276383,0.83893204,0.00036414913,0.071403675,0.0777369,0.00036201737
ISIC_0025237,HAM_0001701,nv,4,0.099841975,0.5222871,0.111771636,0.006193933,0.15695101,0.098675705,0.0042786784
ISIC_0029390,HAM_0001701,nv,4,0.012364917,0.6329708,0.035760883,0.0030646236,0.11552054,0.19813666,0.0021815323
ISIC_0029145,HAM_0000500,nv,4,0.0022874596,0.9615042,0.01247945,0.0018147652,0.007266665,0.014131343,0.0005161131
ISIC_0029441,HAM_0000500,nv,4,0.0053721587,0.9099504,0.015432259,0.0028857593,0.024127789,0.03769712,0.0045346124
ISIC_0027798,HAM_0007014,nv,4,6.708701e-05,0.00727653,0.023316195,0.00022127348,0.029453851,0.9392194,0.00044575406
ISIC_0028141,HAM_0007014,nv,4,0.004037271,0.005855287,0.007971161,0.0033794225,0.278255,0.6938375,0.0066643246
ISIC_0032310,HAM_0007014,nv,4,0.004086653,0.0047251903,0.003990701,0.0026528563,0.19969663,0.7815958,0.0032521088
ISIC_0030151,HAM_0004614,nv,4,0.0010309505,0.00014269995,0.9798743,5.2811523e-05,0.016583228,0.0020511318,0.00026490205
ISIC_0028608,HAM_0003434,nv,4,0.17579232,0.27568215,0.037581652,0.3309641,0.099177934,0.07846836,0.002333525
ISIC_0030810,HAM_0004956,nv,4,0.9207211,0.00030643088,0.041061416,0.0021486958,0.032288577,0.0033938251,8.001011e-05
ISIC_0030839,HAM_0006926,nv,4,0.0022665425,3.794568e-05,0.86727095,0.00016801056,0.115093365,0.015020309,0.00014291545
ISIC_0031599,HAM_0003263,nv,4,0.0027637298,0.019226657,0.02709436,0.0013975067,0.24253434,0.7052453,0.0017381557
ISIC_0028226,HAM_0003263,nv,4,0.0001429412,0.001457896,0.00089333137,0.0012665906,0.021937924,0.9581219,0.01617956
ISIC_0030847,HAM_0005153,nv,4,0.0021729253,0.0052794027,0.35285664,0.00061995874,0.18945286,0.44759268,0.0020256015
ISIC_0030210,HAM_0004534,nv,4,0.0004152249,0.000756664,0.028888358,0.0009080518,0.0016636769,0.9670026,0.0003654284
ISIC_0031809,HAM_0004835,nv,4,0.0014272273,0.0013676683,0.00871305,0.0020144884,0.18117778,0.804255,0.001044799
ISIC_0026991,HAM_0003946,nv,4,0.0008140012,0.0012636108,0.009491237,0.0005888639,0.07424849,0.9128461,0.00074774347
ISIC_0029792,HAM_0005250,nv,4,7.8020385e-05,0.0006525192,0.0004612198,0.00017632321,0.0067602624,0.9915336,0.0003380811
ISIC_0024479,HAM_0006469,nv,4,4.2247306e-05,0.00013898552,0.0054142163,0.00024233057,0.02388463,0.9688404,0.0014371955
ISIC_0032328,HAM_0006469,nv,4,0.00042700698,0.00039905493,0.01280193,0.00066715386,0.29652622,0.6885865,0.00059219147
ISIC_0026358,HAM_0006469,nv,4,0.00026399197,0.00092987675,0.100628614,0.0019830274,0.028009767,0.86358327,0.0046013235
ISIC_0025193,HAM_0006469,nv,4,0.0004958747,0.0012123532,0.13619344,0.0027410956,0.008548872,0.84864104,0.0021673525
ISIC_0026451,HAM_0005712,nv,4,0.00030190012,0.009539988,0.16098814,0.0018437045,0.21496472,0.6116342,0.0007273303
ISIC_0032385,HAM_0005712,nv,4,0.00012591675,0.013754923,0.08672101,0.0010486617,0.4062469,0.49142447,0.00067808386
ISIC_0030485,HAM_0002587,nv,4,0.0007349686,0.000898136,0.017256748,0.003420538,0.3589915,0.61340356,0.0052945777
ISIC_0031803,HAM_0002587,nv,4,0.00010586017,0.0006231055,0.065310165,0.0006578279,0.33404034,0.59795666,0.0013060316
ISIC_0031127,HAM_0000144,nv,4,0.00030115037,0.22382574,0.13038623,0.00031455627,0.18759295,0.4564151,0.0011642742
ISIC_0027558,HAM_0000144,nv,4,0.0002094259,0.00076465216,0.056788877,0.0002935388,0.8690647,0.072668485,0.0002103655
ISIC_0026816,HAM_0002416,nv,4,0.0004931626,0.0023353153,0.024829641,0.011003889,0.044441767,0.89136904,0.025527233
ISIC_0028635,HAM_0002416,nv,4,0.00016751372,0.0004589418,0.0026504644,0.005520382,0.053816177,0.93463063,0.002755892
ISIC_0029920,HAM_0004475,nv,4,0.00023349392,0.00018724243,0.0007798347,0.00038352702,0.13027321,0.86788154,0.00026119224
ISIC_0031188,HAM_0004475,nv,4,0.004857313,0.0005751366,0.027223336,0.0011902647,0.55566,0.40988362,0.0006102937
ISIC_0026742,HAM_0005193,nv,4,0.02070834,0.02641379,0.2677181,0.030016704,0.1780585,0.46975297,0.0073316423
ISIC_0028665,HAM_0005193,nv,4,0.00065100944,0.0014435253,0.5782459,0.003569058,0.26928186,0.14381212,0.00299658
ISIC_0028903,HAM_0003872,nv,4,0.0030163499,0.0025109188,0.054079916,0.0073872083,0.04655107,0.8715397,0.014914802
ISIC_0025865,HAM_0005160,nv,4,0.000105611434,0.0019213867,0.014111183,0.0054165493,0.0018736988,0.9470652,0.029506309
ISIC_0024935,HAM_0005160,nv,4,0.00019443144,0.046951797,0.16461329,0.0016854979,0.017008714,0.76146847,0.008077739
ISIC_0030336,HAM_0006551,nv,4,0.0003477284,0.00014103853,0.0020296073,0.0007441425,0.13494833,0.86095583,0.00083340006
ISIC_0027970,HAM_0006551,nv,4,0.00027322717,0.0010457998,0.00055460416,0.00036108802,0.28788573,0.70959044,0.0002890939
ISIC_0031896,HAM_0003027,nv,4,0.0023681764,0.0013835852,0.12703516,0.0005942896,0.19108447,0.67538714,0.0021472028
ISIC_0025355,HAM_0003027,nv,4,9.113943e-06,4.8547954e-05,0.011969323,0.000110214634,0.091927014,0.8955048,0.0004309953
ISIC_0024540,HAM_0000159,nv,4,0.0011054452,0.00133521,0.026434224,0.00065795874,0.5059954,0.4628571,0.0016146321
ISIC_0027948,HAM_0000159,nv,4,0.0020385222,0.0009033067,0.011852627,0.00091297465,0.55455226,0.42863342,0.0011069066
ISIC_0029970,HAM_0005712,nv,4,0.0007872651,0.009464063,0.05690566,0.0012427794,0.080800265,0.8468738,0.0039261975
ISIC_0025101,HAM_0005712,nv,4,0.0011267962,0.01329858,0.18952107,0.005572785,0.16351418,0.62126297,0.0057036662
ISIC_0031668,HAM_0000698,nv,4,0.00026500414,0.00017899452,0.006109335,0.00039913625,0.17040174,0.822141,0.00050474843
ISIC_0027431,HAM_0000698,nv,4,0.0010819619,0.0009347548,0.010214495,0.0018803515,0.105516426,0.879334,0.0010380248
ISIC_0033140,HAM_0003360,nv,4,0.00431165,0.00023301512,0.010285999,0.00046917167,0.77721846,0.2069602,0.000521543
ISIC_0025897,HAM_0003539,nv,4,0.009986111,0.00071846304,0.009058897,0.00058797095,0.058927335,0.9199713,0.0007500438
ISIC_0032721,HAM_0001916,nv,4,0.027973175,0.0003944294,0.28655928,0.007993993,0.100575656,0.57633483,0.00016865288
ISIC_0033537,HAM_0001916,nv,4,0.02009963,0.00038868608,0.17351508,0.0028407918,0.24648745,0.5564919,0.00017649453
ISIC_0032837,HAM_0002425,nv,4,0.00050236256,8.610956e-05,0.6328829,0.00027895885,0.027317725,0.33890253,2.9403785e-05
ISIC_0032682,HAM_0002425,nv,4,0.0055891075,0.0014418374,0.62986034,0.0033343877,0.06432827,0.2950154,0.00043060217
ISIC_0033418,HAM_0000675,nv,4,0.0001716691,1.3332633e-05,0.0012600041,0.00028362882,0.68829757,0.30991384,5.9926035e-05
ISIC_0034054,HAM_0000675,nv,4,0.008276954,5.227079e-05,0.0059590833,0.0008549378,0.14079078,0.8439825,8.350412e-05
ISIC_0033997,HAM_0006353,nv,4,0.00013374613,6.265602e-05,0.00041112915,0.0008218157,0.07111231,0.92710066,0.00035769303
ISIC_0032712,HAM_0006353,nv,4,0.00059227657,6.8375615e-05,0.00092048326,0.020797232,0.3151983,0.6621393,0.00028400007
ISIC_0033164,HAM_0006353,nv,4,0.00048878696,0.00012406231,0.00032183976,0.0008982858,0.17727588,0.8207005,0.00019061721
ISIC_0033176,HAM_0001490,nv,4,0.0011762629,0.01633968,0.048643142,0.001334025,0.05455147,0.875863,0.002092323
ISIC_0032528,HAM_0003945,nv,4,0.0004566904,0.0010391852,0.018956661,0.0006529447,0.066341825,0.9107862,0.0017664714
ISIC_0034260,HAM_0004705,nv,4,0.007742447,0.00016316686,0.13498232,0.00085819786,0.37354264,0.4821419,0.0005693473
ISIC_0034027,HAM_0005059,nv,4,0.070962705,0.00045268433,0.72185594,4.1835545e-05,0.20182496,0.0047461004,0.00011572003
ISIC_0032575,HAM_0002074,nv,4,0.00040251607,0.0003394999,0.019486537,0.00036605075,0.19960074,0.77884924,0.0009553271
ISIC_0032793,HAM_0002074,nv,4,0.0023457059,0.0008441139,0.014799798,0.0016929818,0.15988919,0.81723326,0.0031948395
ISIC_0034229,HAM_0005689,nv,4,7.754931e-05,7.126533e-05,0.011849435,5.8059544e-05,0.008282315,0.9794948,0.00016665421
ISIC_0028066,HAM_0005689,nv,4,0.00015937825,5.3941112e-05,0.05061245,0.00014147667,0.023849688,0.924922,0.0002611345
ISIC_0033895,HAM_0004348,nv,4,0.014140389,0.0009803881,0.031658217,0.0015138728,0.03000269,0.9203341,0.0013703126
ISIC_0034250,HAM_0004352,nv,4,0.005847374,0.0005105348,0.053397883,0.0016665371,0.082654186,0.8542274,0.0016959744
ISIC_0032900,HAM_0003811,nv,4,0.0002308685,0.00041260215,0.0025659313,0.00048540995,0.006383911,0.9762211,0.013700296
ISIC_0033898,HAM_0003812,nv,4,0.013289156,0.0019881676,0.003832149,0.0049512726,0.084562786,0.88812464,0.0032518902
ISIC_0033043,HAM_0006232,nv,4,3.5449422e-05,2.6890886e-05,0.00018429797,0.0003112573,0.031329542,0.96787953,0.00023299536
ISIC_0032571,HAM_0004181,nv,4,0.0015777802,0.00019031735,0.00050302246,0.0014457698,0.0053498563,0.99059415,0.00033910104
ISIC_0033623,HAM_0004202,nv,4,0.0023529741,0.005939896,0.0017150982,0.07029901,0.09467072,0.82220834,0.0028139427
ISIC_0034075,HAM_0004209,nv,4,0.00017433485,4.9553597e-05,0.001279883,0.00040947544,0.58990765,0.40809423,8.4889994e-05
ISIC_0032606,HAM_0004183,nv,4,0.005761784,0.0011232749,0.024924448,0.0094107045,0.20665355,0.7448656,0.0072606397
ISIC_0033383,HAM_0004195,nv,4,0.00088394125,0.002335777,0.004713281,0.0007189456,0.034809582,0.952129,0.004409497
ISIC_0032956,HAM_0004187,nv,4,0.004074122,0.001447732,0.04003936,0.004828734,0.14847423,0.7931129,0.008022977
ISIC_0033751,HAM_0005257,nv,4,6.688474e-05,0.008896895,0.007878812,0.002992912,0.36237305,0.617473,0.0003184229
ISIC_0034154,HAM_0003561,nv,4,0.0004263296,0.001224885,0.033070903,0.00018946716,0.4134972,0.54928213,0.0023090148
ISIC_0033782,HAM_0003935,nv,4,0.00022201949,0.0017350882,0.00015807449,0.0013876179,0.0077309683,0.988492,0.00027423017
ISIC_0026391,HAM_0000057,nv,4,0.0015042656,0.0007275755,0.026347674,0.00047813164,0.76642114,0.20343879,0.0010824213
ISIC_0025122,HAM_0000057,nv,4,0.0018243727,0.0005602068,0.07257729,0.0009596795,0.18067995,0.74091977,0.0024787048
ISIC_0025653,HAM_0005347,nv,4,0.005090495,0.00093783677,0.028945373,0.0031985936,0.11952661,0.8398089,0.0024922183
ISIC_0027265,HAM_0005347,nv,4,0.0022870426,0.0006076933,0.019899994,0.0009887366,0.13911216,0.8363349,0.0007695737
ISIC_0027418,HAM_0001393,nv,4,0.00045315258,8.549509e-05,0.0007915046,0.00040221168,0.0889848,0.9091112,0.00017168387
ISIC_0029030,HAM_0001393,nv,4,0.00084283116,0.00080189615,0.007937006,0.000493498,0.2521495,0.737524,0.0002512837
ISIC_0028008,HAM_0005018,nv,4,0.0025689155,0.0034804493,0.0017186992,0.0012907054,0.07013664,0.92016584,0.00063878647
ISIC_0026440,HAM_0005018,nv,4,0.0015524165,0.011156967,0.009077352,0.0012699451,0.02391245,0.95161,0.0014207378
ISIC_0026326,HAM_0007609,nv,4,0.00048337143,0.9893516,0.0046900976,0.001173378,0.0007167549,0.0018578004,0.0017269931
ISIC_0029915,HAM_0006002,akiec,4,0.0004493113,0.0025934663,8.839865e-05,0.9966055,0.00016245361,8.662614e-05,1.4252758e-05
ISIC_0029360,HAM_0000549,akiec,4,0.020976815,0.14961314,0.6797184,0.003926711,0.112938344,0.008616234,0.024210336
ISIC_0026152,HAM_0000549,akiec,4,0.1626038,0.17257863,0.00043013837,0.65496176,0.009266306,0.00015103468,8.347003e-06
ISIC_0029041,HAM_0006898,akiec,4,0.6564957,0.041995663,0.25569868,9.4415176e-05,0.04448902,0.0009707231,0.0002558133
ISIC_0031040,HAM_0006898,akiec,4,0.3759527,0.022374602,0.39364415,0.00029645942,0.2062471,0.0013014493,0.0001834118
ISIC_0031929,HAM_0001499,akiec,4,0.92235386,0.0013991847,0.057147846,4.107552e-05,0.018856892,0.00017981527,2.14195e-05
ISIC_0031191,HAM_0005931,akiec,4,4.3073476e-05,0.00015814105,0.005802627,0.0004165159,0.9785558,0.0092168115,0.0058069974
ISIC_0025948,HAM_0002672,akiec,4,0.110782266,0.066285126,0.011827436,4.3785996e-05,0.77357274,0.037450206,3.842086e-05
ISIC_0030242,HAM_0006898,akiec,4,0.9975885,0.00014773055,0.001797759,2.5426277e-06,0.0004277841,2.9724473e-05,5.9116855e-06
ISIC_0030714,HAM_0003989,akiec,4,0.99597317,0.002253031,0.00044801246,0.00012367597,0.0011888546,1.1507541e-05,1.7323954e-06
ISIC_0029634,HAM_0003971,akiec,4,0.9808637,0.00022999407,0.0030756905,0.00014107015,0.0153753,0.00028102117,3.3139033e-05
ISIC_0030803,HAM_0004012,akiec,4,0.9724911,0.007758101,0.018257855,3.4554512e-05,0.0011049147,0.0003227598,3.0644067e-05
ISIC_0025831,HAM_0004012,akiec,4,0.2080111,0.10275312,0.5505414,0.00071106566,0.041216325,0.087460704,0.00930637
ISIC_0028381,HAM_0004522,akiec,4,0.92395544,0.0006416687,0.0022037367,0.06752648,0.004443309,0.0012198758,9.486953e-06
ISIC_0030602,HAM_0007555,akiec,4,0.90431786,0.0008422567,0.01798813,0.006491282,0.06745352,0.0027400027,0.00016701584
ISIC_0032349,HAM_0003086,akiec,4,0.48106486,0.053337943,0.3548654,0.00022747951,0.10913407,0.001345143,2.5128598e-05
ISIC_0028854,HAM_0005356,akiec,4,0.9995468,2.315368e-06,1.0537095e-05,2.6993487e-07,0.0004393009,6.453478e-07,3.3528437e-08
ISIC_0031609,HAM_0004363,akiec,4,0.021876393,0.00045885422,0.66726273,6.156199e-05,0.19484027,0.11524154,0.00025864688
ISIC_0024517,HAM_0001894,akiec,4,0.10432891,0.8904905,0.00065951305,0.0005047825,0.0012444798,0.0026497554,0.0001221547
ISIC_0024771,HAM_0006301,akiec,4,0.9994717,0.00026015512,0.0002140839,6.7377914e-07,3.6701906e-05,1.3512233e-05,3.175581e-06
ISIC_0027753,HAM_0006481,akiec,4,0.051548213,0.00017813999,0.017221577,0.0012029244,0.925653,0.004160799,3.544259e-05
ISIC_0026492,HAM_0006481,akiec,4,0.09566237,0.00038696197,0.05586943,0.0033345786,0.8352786,0.009260617,0.00020755954
ISIC_0030375,HAM_0007037,akiec,4,0.99979657,0.00013591292,5.084064e-05,2.3311017e-07,1.4753947e-05,1.4642125e-06,1.5334727e-07
ISIC_0031292,HAM_0007008,akiec,4,0.9989089,5.4512852e-06,0.0009728751,4.8332913e-07,0.00011066238,1.5383227e-06,1.3350612e-07
ISIC_0031570,HAM_0001178,akiec,4,0.9994271,0.00031051566,6.4418775e-05,9.963217e-07,0.00019405258,1.4200955e-06,1.4689784e-06
ISIC_0025637,HAM_0001460,akiec,4,0.14513147,0.00024666532,0.8541885,3.7382164e-05,0.00013422337,0.00026061677,1.0770863e-06
ISIC_0032277,HAM_0001624,akiec,4,0.5625597,0.00024596497,0.35038367,7.742023e-05,0.082773365,0.0038656972,9.419053e-05
ISIC_0032371,HAM_0006483,akiec,4,0.9994506,0.00036944333,0.00017187119,5.510312e-07,7.1690342e-06,3.1307113e-07,2.1095703e-08
ISIC_0029210,HAM_0004060,akiec,4,0.9687148,0.0006973336,0.0035438675,0.00040196246,0.023646567,0.00082500704,0.0021703872
ISIC_0032154,HAM_0002307,akiec,4,0.24785715,0.0029251394,0.55441254,0.0017857492,0.14111601,0.04993173,0.0019717275
ISIC_0026549,HAM_0002307,akiec,4,0.2930112,0.014190382,0.24080053,0.010907243,0.3009766,0.13388743,0.0062266067
ISIC_0029598,HAM_0003401,akiec,4,0.7878659,0.20600034,0.004568732,0.0006129101,0.0008619336,6.3263156e-05,2.70068e-05
ISIC_0029002,HAM_0003401,akiec,4,0.99276274,0.0069855438,0.0002021332,6.505057e-06,3.9099265e-05,3.900718e-06,1.3079676e-07
ISIC_0026178,HAM_0007349,akiec,4,0.9975682,0.0011981508,0.00076943455,1.7231589e-05,0.00044292852,1.6911706e-06,2.3047016e-06
ISIC_0032014,HAM_0007349,akiec,4,0.9770329,0.016852483,0.0059340457,1.9386518e-05,0.00014846711,4.214975e-06,8.419203e-06
ISIC_0027184,HAM_0007349,akiec,4,0.92786646,0.056949873,0.008671382,0.00023657503,0.0060702297,0.00014109009,6.4385655e-05
ISIC_0029462,HAM_0007349,akiec,4,0.030361926,0.9400929,0.017003033,0.0006609944,0.008576509,0.0029569687,0.00034766007
ISIC_0025577,HAM_0000005,akiec,4,0.9962691,6.882452e-05,0.003082115,2.1599237e-05,0.0005033248,4.8009428e-05,6.986546e-06
ISIC_0030591,HAM_0000005,akiec,4,0.9922288,0.00084756827,0.0015291757,3.41281e-05,0.005080654,0.00024839156,3.1286007e-05
ISIC_0024579,HAM_0000005,akiec,4,0.98488206,0.000938259,0.01163025,0.0001514253,0.0018907271,0.00046609505,4.1190113e-05
ISIC_0029638,HAM_0000005,akiec,4,0.99147344,0.000582203,0.0033075993,0.000346872,0.0037988268,0.00045412206,3.686485e-05
ISIC_0025029,HAM_0003105,akiec,4,0.3482068,0.015070435,0.44853044,0.014303815,0.12551665,0.04317997,0.005191832
ISIC_0026388,HAM_0003105,akiec,4,0.43511567,0.005039121,0.34697756,0.0015271694,0.20607169,0.004769631,0.0004991323
ISIC_0027580,HAM_0005648,akiec,4,0.4909206,0.46237168,0.044093303,0.00080962665,0.0014938856,0.00022452063,8.640907e-05
ISIC_0025803,HAM_0005024,akiec,4,0.38749322,0.00012438207,0.61146015,1.8547842e-05,0.0005991609,0.00029671044,7.83648e-06
ISIC_0033000,HAM_0006442,akiec,4,0.9992461,0.00012063396,0.000559093,6.852486e-05,4.837997e-06,6.742228e-07,2.9081168e-08
ISIC_0033295,HAM_0006442,akiec,4,0.36363134,0.1937347,0.21888065,0.19448513,0.028243678,0.0008464617,0.00017807675
ISIC_0024468,HAM_0006301,akiec,4,0.9997075,6.234836e-05,7.2706265e-05,3.840533e-07,0.00015077622,4.5204683e-06,1.7643183e-06
ISIC_0031823,HAM_0006301,akiec,4,0.9897405,0.0073759183,0.0026438045,4.498691e-06,0.00017930362,1.611498e-05,3.976445e-05
ISIC_0029460,HAM_0000545,akiec,4,0.6272278,0.00047591882,0.36358938,0.00016905442,0.007537634,0.0009561249,4.415578e-05
ISIC_0024539,HAM_0002551,akiec,4,0.0006962714,0.004741588,0.87427634,0.00082155486,0.10969485,0.009737848,3.1558793e-05
ISIC_0027668,HAM_0001386,akiec,4,0.0008599542,0.00023218532,0.20428179,0.0005183676,0.41164568,0.38230863,0.00015338414
ISIC_0029827,HAM_0002699,akiec,4,0.94450766,0.02730349,0.007966879,0.0053304713,0.0053306236,0.009075595,0.0004852637
ISIC_0026857,HAM_0004363,akiec,4,0.91322994,0.00612214,0.031107549,0.001036044,0.040338125,0.0075779017,0.00058829854
ISIC_0030825,HAM_0004060,akiec,4,0.96034855,0.029580815,0.0038743867,0.00067152106,0.004792947,0.0005540601,0.0001777648
ISIC_0030036,HAM_0007008,akiec,4,0.9998104,1.6178139e-05,0.00015970661,4.9100316e-07,1.1545708e-05,1.5160816e-06,1.18662086e-07
ISIC_0024654,HAM_0005705,akiec,4,0.0012425993,0.00024853018,0.98290956,0.00025749172,0.014127222,0.00047642237,0.0007381737
ISIC_0026765,HAM_0001474,akiec,4,0.5269001,0.46776822,0.0046765376,0.0001103707,0.000456982,6.1897066e-05,2.5880956e-05
ISIC_0026650,HAM_0000545,akiec,4,0.75026894,0.0014037677,0.23514006,0.00021371662,0.011713666,0.0012487428,1.1068957e-05
ISIC_0032947,HAM_0006442,akiec,4,0.39863148,0.09912933,0.21880744,0.26860398,0.013386155,0.0011519727,0.00028965218
ISIC_0029309,HAM_0005579,akiec,4,0.92993534,0.0010161707,0.034223493,0.00027493303,0.030221732,0.0040371614,0.00029123417
ISIC_0028393,HAM_0005579,akiec,4,0.97198343,0.0016031396,0.016922489,4.2189295e-05,0.008935567,0.00042098822,9.2155344e-05
ISIC_0033705,HAM_0001576,akiec,4,0.8738373,0.00010925965,0.0025908726,1.0697694e-05,0.120129995,0.003312917,8.97153e-06
ISIC_0031430,HAM_0005705,akiec,4,2.8095292e-05,4.854686e-05,0.9928885,0.0001344934,0.004460624,0.0011467597,0.0012930306
ISIC_0031967,HAM_0004341,bkl,4,8.3653795e-05,0.040914666,0.9364691,0.00039253538,0.0016908278,0.02004535,0.0004038559
ISIC_0031584,HAM_0004341,bkl,4,0.000101859725,0.035892993,0.92441463,0.000619958,0.0035894874,0.03166336,0.0037178043
ISIC_0032306,HAM_0001853,bkl,4,0.0028497824,6.642724e-07,0.9964516,5.713385e-06,0.00059262256,9.8494114e-05,1.0781743e-06
ISIC_0031542,HAM_0003014,bkl,4,0.43221688,0.03748211,0.43458554,0.004024312,0.055375703,0.03507461,0.0012408172
ISIC_0024741,HAM_0000770,bkl,4,0.37317818,0.00011517575,0.62460846,6.620215e-05,0.0012464643,0.00077172223,1.3871525e-05
ISIC_0027991,HAM_0002722,bkl,4,0.1527676,0.012777996,0.042493552,0.0038177655,0.65260696,0.13514209,0.0003940294
ISIC_0031289,HAM_0002722,bkl,4,0.013138849,0.0050859414,0.9674653,0.00095969514,0.011308614,0.0015277202,0.00051395636
ISIC_0030172,HAM_0002722,bkl,4,0.08867563,0.0010648777,0.894705,0.00039034575,0.0074436055,0.0074830893,0.00023747927
ISIC_0028201,HAM_0005049,bkl,4,0.0037516525,0.0017014393,0.68781024,1.4788515e-05,0.30580935,0.0008021153,0.000110453744
ISIC_0029612,HAM_0004396,bkl,4,0.002850495,0.008990595,0.96409446,7.308922e-05,0.0010571358,0.022760479,0.00017378491
ISIC_0028913,HAM_0004396,bkl,4,0.0010870732,0.00014649864,0.9975127,2.3040031e-05,0.00021115952,0.0009269013,9.255446e-05
ISIC_0029443,HAM_0004396,bkl,4,0.00079679955,0.032792825,0.89613897,0.00057395943,0.007070475,0.061503008,0.0011240159
ISIC_0029927,HAM_0000999,bkl,4,0.0886502,0.0008767724,0.90874726,5.7237386e-05,0.0013153104,0.00032581764,2.7354323e-05
ISIC_0026567,HAM_0000999,bkl,4,0.071194984,0.002861232,0.9120478,0.00043148018,0.0106916325,0.0015563238,0.0012165856
ISIC_0028094,HAM_0005404,bkl,4,0.02550495,0.13821167,0.43199316,0.0034283118,0.36779997,0.027429499,0.0056325225
ISIC_0029455,HAM_0005404,bkl,4,0.055358697,0.1249465,0.24354546,0.3746499,0.13141787,0.026496273,0.04358529
ISIC_0033553,HAM_0005898,bkl,4,0.0003232202,0.0015570178,0.97014827,0.00023981028,0.00079011277,0.02606059,0.00088089745
ISIC_0033401,HAM_0005898,bkl,4,0.00026702732,0.0014749068,0.9516233,0.00041167205,0.0009973206,0.044077814,0.0011480809
ISIC_0033391,HAM_0001186,bkl,4,0.00066308863,0.008539733,0.98280853,7.492016e-05,0.005278719,0.0025648323,7.023225e-05
ISIC_0032740,HAM_0001561,bkl,4,0.00021886709,0.00016312696,0.9585572,0.0001056712,0.036505386,0.0043641287,8.5671825e-05
ISIC_0030316,HAM_0000441,bkl,4,7.5305914e-05,2.6592747e-05,0.9963103,1.6463946e-05,0.00019713854,0.0033658375,8.30967e-06
ISIC_0025330,HAM_0000453,bkl,4,0.00019319245,0.00031236451,0.99574983,9.130631e-05,0.00039718623,0.002731218,0.00052476657
ISIC_0025804,HAM_0001443,bkl,4,0.0001908754,3.5980043e-05,0.0036625108,0.00062748493,0.00027423142,0.99516594,4.3072298e-05
ISIC_0027275,HAM_0002280,bkl,4,0.0007139743,0.0010685374,0.8357373,0.00046629642,0.008094405,0.15004662,0.0038728495
ISIC_0025131,HAM_0006124,bkl,4,2.7605038e-06,1.5977246e-05,0.9994166,3.0384313e-06,8.167726e-05,0.0004774848,2.549545e-06
ISIC_0031761,HAM_0000296,bkl,4,0.0012441876,0.00016635569,0.9340792,0.0013215565,0.00425616,0.05849419,0.00043836058
ISIC_0027008,HAM_0005276,df,4,0.0017306815,0.018997034,0.00017119097,0.9665228,0.011915141,0.00046084018,0.00020236448
ISIC_0028790,HAM_0005276,df,4,3.8054623e-06,2.4602161e-05,3.5220103e-07,0.9998087,0.00016150512,4.23699e-07,6.078162e-07
ISIC_0024386,HAM_0005112,df,4,1.2258879e-10,1.5314474e-09,2.8815648e-09,0.9999999,1.1288724e-08,1.6689089e-07,1.8743664e-08
ISIC_0032079,HAM_0005555,mel,4,7.161754e-05,0.00018096816,0.00039657552,3.229583e-05,0.9980525,0.001258298,7.848815e-06
ISIC_0032182,HAM_0006651,mel,4,0.0015937814,0.08839395,0.0021661909,0.009670641,0.89053345,0.0009516395,0.0066902777
ISIC_0033286,HAM_0005758,mel,4,0.034482654,1.6395878e-05,0.005176899,2.7958931e-05,0.95974797,0.00054453907,3.6656231e-06
ISIC_0032586,HAM_0005758,mel,4,0.0014055142,7.9231046e-07,0.0024153867,5.752723e-06,0.9957183,0.00045384356,4.1002343e-07
ISIC_0033241,HAM_0006545,mel,4,0.00013593794,3.520597e-05,0.00046746252,0.00062986254,0.7808776,0.21780945,4.448733e-05
ISIC_0032598,HAM_0006545,mel,4,0.0010197377,0.00010532787,0.000727955,0.00036798487,0.58426994,0.41336542,0.0001435922
ISIC_0034289,HAM_0006545,mel,4,0.00019517433,8.1373255e-05,0.00088377827,0.000112554015,0.28793216,0.71065515,0.00013979655
ISIC_0033651,HAM_0004998,mel,4,3.50613e-05,2.0032636e-05,0.00041320524,0.00014235787,0.9838045,0.0155530935,3.1699117e-05
ISIC_0033304,HAM_0004998,mel,4,2.7260574e-05,6.706791e-06,0.0014049661,7.6195497e-06,0.9845919,0.013957679,3.8173052e-06
ISIC_0032081,HAM_0005078,mel,4,0.018239409,7.3537176e-06,0.0049146996,9.885162e-06,0.97311425,0.003701741,1.2655366e-05
ISIC_0032869,HAM_0003495,mel,4,0.28162587,0.0002803185,0.0024684651,0.000439474,0.7130562,0.0020964951,3.3044995e-05
ISIC_0033524,HAM_0003495,mel,4,0.14389388,0.00017724113,0.0054260152,0.051863316,0.797319,0.0012946115,2.6020587e-05
ISIC_0034101,HAM_0004853,mel,4,3.1919792e-06,2.2859372e-06,0.000108963075,8.003235e-06,0.99981374,6.3131454e-05,7.462998e-07
ISIC_0030333,HAM_0004853,mel,4,0.00026520537,0.00042691742,0.004693558,0.00040539965,0.98867995,0.005269015,0.0002599293
ISIC_0032695,HAM_0004853,mel,4,4.2233456e-05,3.82349e-06,0.00012214527,1.3891857e-05,0.99974746,6.9329835e-05,1.1474682e-06
ISIC_0033730,HAM_0001647,mel,4,0.00050798664,5.095217e-05,0.007856589,0.00024688878,0.8910463,0.10022364,6.774521e-05
ISIC_0032975,HAM_0001647,mel,4,0.0003156425,1.9874513e-05,0.00045913778,0.00037859945,0.9581956,0.04060533,2.5856689e-05
ISIC_0029092,HAM_0004427,mel,4,0.00027920445,0.0018898839,0.030841196,0.0009822177,0.70996106,0.0804949,0.17555156
ISIC_0027838,HAM_0007016,mel,4,6.253501e-05,0.0003886468,0.0045767496,0.0046949256,0.44748226,0.39594677,0.14684816
ISIC_0029937,HAM_0000766,mel,4,0.0006678877,0.0010555579,0.028421918,0.009653831,0.8598201,0.099890225,0.0004904536
ISIC_0028847,HAM_0006006,mel,4,0.0677259,0.0034375167,0.019694556,0.006224613,0.78156793,0.11862257,0.0027269202
ISIC_0024961,HAM_0006006,mel,4,0.0041089356,0.0004957053,0.12474774,0.003318864,0.80358505,0.06341428,0.00032946255
ISIC_0030784,HAM_0005078,mel,4,0.117416814,5.1064286e-05,0.21434283,0.00055707153,0.6610839,0.006484893,6.346949e-05
ISIC_0028685,HAM_0006423,mel,4,0.3548409,0.026128713,0.08285696,0.002189439,0.49212608,0.034649648,0.0072083115
ISIC_0031170,HAM_0003428,mel,4,0.0064249635,0.0053617856,0.0692384,0.00049386255,0.90770066,0.009792906,0.0009874293
ISIC_0024652,HAM_0003428,mel,4,0.010458987,0.0016978448,0.041796826,0.001603095,0.9283442,0.014656767,0.0014422992
ISIC_0028103,HAM_0002338,mel,4,0.0011882251,0.0018094172,0.37401325,0.00011674276,0.602523,0.02011666,0.00023268277
ISIC_0028352,HAM_0006423,mel,4,0.004424949,0.0026471028,0.5137686,0.000691861,0.45886853,0.018515453,0.0010834852
ISIC_0028431,HAM_0004653,vasc,4,5.686375e-06,0.00014969986,1.7163558e-05,0.000119280354,3.746228e-05,0.00048978126,0.999181
ISIC_0024375,HAM_0005245,vasc,4,8.597555e-06,0.0008264622,0.00013968225,7.0325994e-05,0.0001389857,0.0003156181,0.99850035
ISIC_0028095,HAM_0001926,bcc,4,0.0041879034,0.371353,0.17924812,0.0007615672,0.30094767,0.14292964,0.000572117
ISIC_0032414,HAM_0001926,bcc,4,0.23678644,0.52137953,0.13476335,0.0071536703,0.032583535,0.062359393,0.00497408
ISIC_0030659,HAM_0001618,bcc,4,0.005587054,0.002983386,0.0004977576,0.98572516,0.004496548,0.0006629977,4.7081616e-05
ISIC_0032497,HAM_0001759,bcc,4,0.35796398,0.6334845,0.0013229102,0.00469594,0.002408948,0.00011220746,1.1525359e-05
ISIC_0025417,HAM_0002577,bcc,4,0.0024842247,0.94413316,0.021694647,0.00039079654,0.016567586,0.011837928,0.0028916835
ISIC_0028035,HAM_0002577,bcc,4,0.0026823408,0.995063,0.0010290556,3.0497964e-05,0.0006307064,0.00047521168,8.9224515e-05
ISIC_0026074,HAM_0000968,bcc,4,0.00011547079,0.9992975,0.00020365496,3.0571791e-06,7.681062e-05,0.0002799396,2.3533194e-05
ISIC_0025266,HAM_0004300,bcc,4,0.00025850645,0.99959725,9.752568e-05,2.3521638e-06,1.6503256e-05,2.3684439e-05,4.1384997e-06
ISIC_0032316,HAM_0000868,bcc,4,2.3409557e-05,0.9997441,2.9046358e-05,4.324528e-05,1.1215137e-05,0.00014596745,2.9438268e-06
ISIC_0026054,HAM_0002943,nv,4,0.0106184995,0.0012010761,0.021557247,0.0012049072,0.33484727,0.6166908,0.013880164
ISIC_0031463,HAM_0001263,nv,4,0.0010117581,0.00061458215,0.000498263,0.0019175358,0.00064046914,0.9936075,0.001709822
ISIC_0027836,HAM_0002994,nv,4,0.0007000556,0.00018325931,0.00075877924,0.0021670118,0.0025116992,0.9930379,0.0006412656
ISIC_0028690,HAM_0002773,nv,4,0.00044995156,0.0020358127,0.006582683,0.00070568384,0.005502228,0.98459333,0.00013038803
ISIC_0031157,HAM_0003238,nv,4,0.005019544,0.01195644,0.07346213,0.011070192,0.015374453,0.86919034,0.013926925
ISIC_0028539,HAM_0002215,nv,4,0.0003866442,0.0006445733,0.052263137,0.00029566296,0.0035208755,0.9407291,0.0021600446
ISIC_0031777,HAM_0006909,nv,4,0.0014202469,0.00036080516,0.00085279887,0.0018467542,0.0029247985,0.9912704,0.0013242726
ISIC_0025052,HAM_0005424,nv,4,0.00020061499,0.0006919023,0.0027730847,0.0005420731,0.0043451292,0.99065876,0.00078847405
ISIC_0027843,HAM_0006671,nv,4,0.002255089,0.0004793637,0.007898477,0.0041933013,0.04214217,0.9393746,0.0036569638
ISIC_0030293,HAM_0007618,nv,4,2.038263e-05,6.075573e-05,0.00023982287,0.18583678,0.0002536779,0.80832124,0.005267295
ISIC_0028319,HAM_0001464,nv,4,0.00013746168,0.00019264729,0.003877006,0.0002394196,0.0016088681,0.9932573,0.0006872736
ISIC_0027485,HAM_0003060,nv,4,0.00053234067,5.4326887e-05,0.01978754,0.0008581961,0.010533432,0.9680126,0.00022159843
ISIC_0028833,HAM_0001015,nv,4,0.00037721937,0.00043721634,0.010032789,0.00082709204,0.0026305355,0.9837552,0.0019399959
ISIC_0028062,HAM_0004964,nv,4,0.01218045,0.00045857625,0.018178403,7.673374e-05,0.0019280046,0.96701014,0.00016767209
ISIC_0024838,HAM_0002264,nv,4,4.2623382e-05,0.0011667168,0.023125857,0.00464503,0.0018537041,0.9656303,0.0035358393
ISIC_0027456,HAM_0005323,nv,4,0.0049404856,0.0020063063,0.0036962621,0.02010883,0.0110697625,0.9488126,0.00936577
ISIC_0026529,HAM_0007109,nv,4,0.0020470885,0.00027314367,0.0058195675,0.0015449766,0.020651707,0.96849626,0.001167222
ISIC_0027557,HAM_0005169,nv,4,1.6258715e-05,7.554205e-05,4.197753e-05,2.0151376e-05,0.0002663537,0.9993924,0.0001873362
ISIC_0026227,HAM_0000986,nv,4,5.7113197e-05,0.0010127911,4.4451222e-05,0.00014575648,4.4264158e-05,0.9986791,1.652837e-05
ISIC_0025109,HAM_0005031,nv,4,0.0077359173,0.036889866,0.009366149,0.009131587,0.010648738,0.8835459,0.04268183
ISIC_0024989,HAM_0002035,nv,4,0.0009942714,0.010710347,0.0076389275,0.0019818756,0.0008104921,0.9764712,0.0013928819
ISIC_0029218,HAM_0005633,nv,4,0.0003983442,0.010434255,0.099661276,0.0011386058,0.04887588,0.8391275,0.00036421468
ISIC_0029871,HAM_0003529,nv,4,0.00030241345,0.00012723505,0.0008616601,0.0005754039,0.025568193,0.97234994,0.0002151356
ISIC_0025017,HAM_0006874,nv,4,0.00033219726,0.0001490675,0.0005894509,0.0004933835,0.01607201,0.98113084,0.0012329649
ISIC_0027901,HAM_0004320,nv,4,1.8152276e-05,0.0010338437,2.4045656e-05,0.00014906378,9.129434e-06,0.9976253,0.0011405093
ISIC_0026235,HAM_0002649,nv,4,0.00094956293,4.1376003e-05,0.00057796057,0.003459169,0.003568304,0.9909991,0.00040465256
ISIC_0024393,HAM_0001432,nv,4,0.0068072965,0.0014672495,0.001715768,0.0014754075,0.004843041,0.98141575,0.0022755587
ISIC_0031343,HAM_0006505,nv,4,0.0078372685,0.0040204553,0.07614614,0.0018629282,0.02150338,0.8837275,0.004902485
ISIC_0027148,HAM_0005949,nv,4,0.0010505656,0.024258789,0.0054095276,0.0043563154,0.0027036304,0.95977795,0.0024431704
ISIC_0025430,HAM_0002972,nv,4,0.0007854651,0.0005689025,0.0033451838,0.01247371,0.00019262682,0.9776741,0.004959998
ISIC_0024621,HAM_0000314,nv,4,0.00082740345,0.00019622271,0.00053877,0.00059652043,0.0018661239,0.9954028,0.0005720916
ISIC_0030101,HAM_0004712,nv,4,4.8952603e-05,0.00012914598,5.0758532e-05,0.0022414776,9.387661e-05,0.99721223,0.00022369949
ISIC_0029788,HAM_0004822,nv,4,0.0010771072,0.0004429037,0.00028248172,0.0006465793,0.010869754,0.98585147,0.00082967384
ISIC_0025200,HAM_0002388,nv,4,0.017806698,0.00432348,0.008524922,0.0020921065,0.005731033,0.9597386,0.0017832044
ISIC_0025059,HAM_0000450,nv,4,0.00012213549,0.0001677199,9.489198e-05,0.0016059797,0.004909548,0.9922815,0.0008181069
ISIC_0029073,HAM_0001774,nv,4,0.00039307747,0.0011373108,0.005616189,0.0012093156,0.0017166405,0.9891834,0.00074402516
ISIC_0026257,HAM_0002630,nv,4,0.006609142,0.0016327929,0.0041383435,0.0028101765,0.06390554,0.91796225,0.0029418103
ISIC_0031227,HAM_0002252,nv,4,0.0029539156,2.434669e-05,6.357489e-05,0.00048416358,0.001973209,0.99448675,1.40806405e-05
ISIC_0028391,HAM_0005528,nv,4,0.000115714276,0.0046078255,0.0011008965,0.0010764292,0.033657987,0.95675886,0.0026823075
ISIC_0029587,HAM_0003160,nv,4,0.002290392,0.00047602464,0.001429239,0.00067514274,0.032604117,0.96173847,0.0007866495
ISIC_0030147,HAM_0004366,nv,4,2.278597e-05,1.9704405e-05,4.0613795e-05,9.134688e-05,0.0004792643,0.9992962,5.0089497e-05
ISIC_0030924,HAM_0004049,nv,4,0.0093875285,0.003110608,0.005107535,0.00056019466,0.00063205423,0.98067766,0.00052438973
ISIC_0025494,HAM_0000677,nv,4,0.008064623,0.00772507,0.003393041,0.0021752575,0.0055633713,0.97164065,0.0014380158
ISIC_0028563,HAM_0002126,nv,4,0.0017354253,0.0013696861,0.026561478,0.0022217308,0.03877296,0.9289816,0.00035713037
ISIC_0024903,HAM_0004238,nv,4,0.0030528686,0.0003601944,0.02240779,0.00010507606,0.023309942,0.9505461,0.00021811732
ISIC_0030216,HAM_0001951,nv,4,0.0043048854,0.002757249,0.026302615,0.0027623354,0.26440424,0.69492006,0.004548604
ISIC_0030345,HAM_0004598,nv,4,0.001158687,0.06547969,0.066668876,0.0026675637,0.0030453424,0.85846937,0.0025105632
ISIC_0026973,HAM_0003557,nv,4,0.0013233001,0.00035499924,0.0017776237,0.002075059,0.003713425,0.9893792,0.0013763746
ISIC_0031047,HAM_0002594,nv,4,0.00072962197,0.00022848738,0.0024477434,0.00043784166,0.0034419063,0.99137974,0.0013347171
ISIC_0027979,HAM_0003272,nv,4,0.0053710886,0.17439549,0.0107434485,0.0033737577,0.0005413535,0.80495757,0.00061721326
ISIC_0027635,HAM_0006394,nv,4,0.0003638734,0.0051506665,0.00086808734,0.00036954597,0.04462001,0.9482371,0.00039073374
ISIC_0024521,HAM_0007330,nv,4,0.082876705,0.0020094027,0.0069207675,0.0013884575,0.007897104,0.8980082,0.0008992924
ISIC_0030811,HAM_0001156,nv,4,0.00050312077,8.245469e-05,0.0005742968,0.00014802831,0.0022383197,0.99591476,0.00053899613
ISIC_0025764,HAM_0003270,nv,4,0.0012129947,0.04494129,0.016008668,0.0014043322,0.00064225885,0.9342023,0.001588162
ISIC_0030715,HAM_0003339,nv,4,0.0029616242,0.0009592052,0.0043951315,0.0032490278,0.00751481,0.97788936,0.0030308901
ISIC_0031393,HAM_0006247,nv,4,0.00071166176,0.00034684764,0.002225652,0.0007106719,0.00462971,0.9902264,0.0011490842
ISIC_0030195,HAM_0004110,nv,4,0.0012668035,0.0025404384,0.34969607,0.0060968543,0.0065271864,0.63008577,0.00378682
ISIC_0025070,HAM_0002913,nv,4,0.00042546735,0.00027001172,0.00028997465,0.0021214443,0.0040727668,0.991736,0.001084354
ISIC_0030628,HAM_0002707,nv,4,0.00032067212,0.00026768976,0.0024226122,0.00024782293,0.0014137577,0.99409735,0.0012301045
ISIC_0030670,HAM_0000726,nv,4,0.00048459115,0.00058078713,0.050178934,0.00059017376,0.02179893,0.9236376,0.00272898
ISIC_0030996,HAM_0007222,nv,4,0.08207928,0.04822986,0.17676857,0.012944833,0.02241182,0.6441741,0.013391476
ISIC_0027929,HAM_0003442,nv,4,0.0007117444,0.0002329987,0.00085749285,0.00058035395,0.0019495259,0.9943896,0.0012782506
ISIC_0029155,HAM_0007379,nv,4,0.0005429677,0.0005837856,0.0007273375,0.006941669,0.0007140835,0.98787236,0.0026178432
ISIC_0029411,HAM_0002866,nv,4,0.04642235,0.028011158,0.029432997,0.017489439,0.004924286,0.8733098,0.0004099676
ISIC_0030831,HAM_0002926,nv,4,0.0036641883,0.003011249,0.0021187796,0.003693211,0.0037414823,0.98265195,0.0011190944
ISIC_0026012,HAM_0000028,nv,4,0.0007897135,0.016275719,0.0090771075,0.0012075163,0.2664697,0.7043633,0.0018169327
ISIC_0029752,HAM_0000028,nv,4,5.482181e-05,0.0036586204,0.0053772517,0.0002599944,0.017373217,0.97084564,0.0024305698
ISIC_0027861,HAM_0003343,nv,4,0.00013382793,0.00034394825,0.04027713,0.00015721079,0.95739067,0.0016688871,2.8310777e-05
ISIC_0031615,HAM_0000569,nv,4,0.000141901,9.593658e-05,0.92269146,0.00025656557,0.02516876,0.051524404,0.00012087373
ISIC_0031592,HAM_0000569,nv,4,0.00024738524,0.001687254,0.70081997,0.00034893214,0.01682004,0.27970782,0.00036856867
ISIC_0026618,HAM_0006916,nv,4,0.0012833639,0.000119233766,0.040329978,0.11808125,0.17940454,0.660258,0.00052357605
ISIC_0026670,HAM_0006916,nv,4,0.002431683,0.0007243623,0.043131363,0.019770138,0.32431382,0.6089749,0.0006537612
ISIC_0030429,HAM_0006146,nv,4,1.972823e-05,0.14575258,0.015337162,0.0002730461,0.0021995276,0.1501028,0.68631524
ISIC_0028159,HAM_0006146,nv,4,4.3254427e-06,0.9314165,0.008190346,6.854766e-05,0.001989151,0.05272398,0.005607103
ISIC_0032542,HAM_0003852,nv,4,0.00046329194,0.0004438738,0.00059753045,0.0033041013,0.9214922,0.07362576,7.3300354e-05
ISIC_0034224,HAM_0003852,nv,4,0.00022522737,7.96224e-05,0.00044490627,0.0001693676,0.96247524,0.03660165,3.89747e-06
ISIC_0032587,HAM_0003288,nv,4,0.00028542054,3.448357e-05,0.00016880619,0.0019227507,0.4074466,0.5900989,4.2991367e-05
ISIC_0033824,HAM_0003288,nv,4,0.00015532009,5.266795e-05,0.007353747,5.471244e-05,0.00993082,0.9823496,0.00010322599
ISIC_0033830,HAM_0003288,nv,4,0.00076903444,6.419487e-05,0.00036680547,0.00056355324,0.2576122,0.74044096,0.00018330316
ISIC_0032858,HAM_0007148,nv,4,0.0025315234,0.0031623412,0.026599262,0.000967506,0.15554099,0.80895036,0.0022480027
ISIC_0033965,HAM_0007148,nv,4,0.0008877011,0.023471303,0.027426286,0.00053210865,0.39257878,0.554212,0.0008918063
ISIC_0032920,HAM_0005198,nv,4,0.054967497,0.083892904,0.4615708,0.006941383,0.26375473,0.12551422,0.003358468
ISIC_0033673,HAM_0005198,nv,4,0.015548234,0.011635603,0.1257525,0.0038093848,0.057596516,0.7810367,0.0046211425
ISIC_0031290,HAM_0001872,nv,4,0.00094661943,0.00086360204,0.0202407,0.0003596109,0.18699059,0.78813857,0.002460211
ISIC_0033703,HAM_0005594,nv,4,1.1463857e-05,0.00016957021,0.0078078513,2.1475984e-05,0.67237866,0.31957832,3.2706794e-05
ISIC_0034245,HAM_0005594,nv,4,6.271195e-07,1.0656575e-05,0.00514136,2.939515e-06,0.82436705,0.17047383,3.5390633e-06
ISIC_0028290,HAM_0000348,nv,4,0.01995352,0.052105904,0.034114026,0.024180686,0.015147676,0.8002001,0.054298185
ISIC_0025618,HAM_0001612,nv,4,0.0009727597,0.0008855954,0.1299587,0.00045599285,0.05372919,0.8090703,0.0049274666
ISIC_0030305,HAM_0007577,nv,4,0.0014593262,0.0013977524,0.0034929032,0.001650221,0.10061814,0.8894676,0.0019141238
ISIC_0029188,HAM_0001872,nv,4,0.0032181419,0.002440082,0.029758805,0.0013725775,0.25035334,0.7061137,0.0067433827
ISIC_0027800,HAM_0001872,nv,4,0.0021176897,0.0024956306,0.06448573,0.00074882054,0.49424797,0.42912343,0.0067807934
ISIC_0028092,HAM_0006039,nv,4,0.005959602,0.0002822415,0.0016172832,0.0036068868,0.5399264,0.44776163,0.0008459259
ISIC_0028212,HAM_0006266,nv,4,0.0062052305,0.00088800624,0.030292306,0.002228696,0.080484435,0.874639,0.0052623223
ISIC_0027401,HAM_0007046,nv,4,0.0002753202,3.4021745e-05,0.0019833054,0.00014362867,0.9663082,0.031132499,0.00012309017
ISIC_0028637,HAM_0007046,nv,4,0.014711041,0.00032598525,0.04383853,0.0029297238,0.6853228,0.25101876,0.0018531015
ISIC_0025443,HAM_0002497,nv,4,0.17740259,0.00030885293,0.23677799,0.00080967176,0.119385995,0.46501705,0.00029776487
ISIC_0028857,HAM_0002107,nv,4,0.006719494,0.0002552929,0.0049594636,0.0006862323,0.42285103,0.56331426,0.0012141791
ISIC_0030981,HAM_0001552,nv,4,0.0006842427,0.00021132623,0.00102495,0.0017792609,0.10170232,0.8941514,0.00044649487
ISIC_0025899,HAM_0001552,nv,4,9.055648e-05,0.00010141914,0.00013223801,0.00013143488,0.521264,0.47823113,4.929837e-05
ISIC_0024781,HAM_0003919,nv,4,0.0013115748,0.117623195,0.06830611,0.0026901413,0.29794064,0.5090152,0.0031130726
ISIC_0025463,HAM_0007075,nv,4,0.004818636,0.0016963452,0.0042698323,0.004163708,0.3241469,0.6593484,0.0015561491
ISIC_0032195,HAM_0007075,nv,4,0.0010433357,0.0005500738,0.014432924,0.00033714285,0.1360584,0.8472211,0.0003571205
ISIC_0031802,HAM_0003836,nv,4,0.0026333192,0.0002736245,0.0027469702,0.0007228529,0.042828463,0.950605,0.00018966886
ISIC_0029174,HAM_0001381,nv,4,3.8948732e-05,0.049682114,0.0035762829,6.7831884e-06,0.004277163,0.01485404,0.9275646
ISIC_0028870,HAM_0001381,nv,4,2.1607955e-06,0.0012024092,0.00040508792,4.0301575e-06,0.00048181947,0.01028766,0.98761684
ISIC_0028643,HAM_0005537,nv,4,0.015140027,0.0004378261,0.0664834,0.05178901,0.56732684,0.2985828,0.00024011605
ISIC_0024657,HAM_0005537,nv,4,0.1383548,0.0039161397,0.0404102,0.0063428916,0.5076341,0.30292127,0.00042063455
ISIC_0032279,HAM_0004991,nv,4,0.00077684445,0.022086006,0.03189812,0.0005612585,0.27734828,0.6668757,0.0004538135
ISIC_0032412,HAM_0002234,nv,4,0.0016583867,2.7475293e-05,0.00037623462,0.00016684987,0.97223425,0.025480177,5.660563e-05
ISIC_0031011,HAM_0003919,nv,4,0.010482874,0.2209881,0.1662429,0.0032682186,0.2877104,0.30523697,0.0060705035
ISIC_0028809,HAM_0004991,nv,4,0.017228829,0.030313672,0.14661835,0.0065515866,0.13217513,0.661542,0.0055704047
ISIC_0032344,HAM_0003919,nv,4,0.0054845973,0.22062302,0.2005908,0.0016684729,0.3013054,0.2672704,0.0030572764
ISIC_0026260,HAM_0000187,nv,4,0.0009769268,0.00020724846,0.029294208,0.00038592998,0.34363976,0.6247977,0.0006981434
ISIC_0028596,HAM_0003322,nv,4,0.0032282888,0.0018021365,0.65204453,0.0004248364,0.00591145,0.33624378,0.0003450651
ISIC_0026295,HAM_0006967,nv,4,0.0005801285,0.040447544,0.001984152,0.00809089,0.2053636,0.73660845,0.006925281
ISIC_0030019,HAM_0006967,nv,4,0.0003178213,0.012829229,0.00095174654,0.02007334,0.67931944,0.27612165,0.010386764
ISIC_0033011,HAM_0006459,nv,4,0.0020198564,0.00059747626,0.009055922,0.0012217639,0.556893,0.4285599,0.0016520922
ISIC_0032979,HAM_0003359,nv,4,0.008612007,0.0043125274,0.0020617216,0.0008034533,0.963803,0.020098967,0.0003083519
ISIC_0033622,HAM_0003818,nv,4,0.00044987933,0.00031367308,0.00028180747,0.00035796172,0.03179952,0.96636593,0.00043120922
ISIC_0034302,HAM_0004215,nv,4,0.00063123886,0.00035505678,0.0007194548,0.00128957,0.032200843,0.96311486,0.001689067
ISIC_0033187,HAM_0003034,nv,4,0.008291163,0.00031284313,0.022179881,0.0007404618,0.4781609,0.48952958,0.0007852419
ISIC_0031649,HAM_0003322,nv,4,0.0012958446,0.022344954,0.63772184,0.00043830185,0.016376548,0.32158867,0.00023392477
ISIC_0031624,HAM_0002092,bkl,4,1.84091e-05,3.60596e-05,0.9665395,1.6642452e-05,0.0015235099,0.03185274,1.3106511e-05
ISIC_0025510,HAM_0002092,bkl,4,0.0004633379,0.00018753762,0.9945299,7.212713e-05,0.0015841877,0.0030468984,0.000116049414
ISIC_0024623,HAM_0003458,bkl,4,0.00038804568,0.007793938,0.8579414,1.14801005e-05,0.13080837,0.00085518445,0.0022015523
ISIC_0029613,HAM_0003458,bkl,4,2.5261712e-05,0.000906826,0.94473445,3.976583e-05,0.053463392,0.000795223,3.5163073e-05
ISIC_0032732,HAM_0005299,bkl,4,0.00025195535,6.461271e-05,0.5560702,0.00019375107,0.2063471,0.23667361,0.00039871325
ISIC_0032778,HAM_0005299,bkl,4,0.0070653018,0.00022002221,0.34913996,0.00035497325,0.13255568,0.5101089,0.0005552336
ISIC_0033466,HAM_0005299,bkl,4,0.0030916415,0.00021088167,0.29255593,0.00039958343,0.26801422,0.4351626,0.0005651234
ISIC_0033379,HAM_0002008,bkl,4,1.0454823e-05,4.763718e-05,0.98453355,0.00013215914,0.002458057,0.012776523,4.159976e-05
ISIC_0033438,HAM_0002008,bkl,4,1.3743218e-06,9.756825e-06,0.9869997,6.112307e-06,0.002823565,0.010155654,3.87129e-06
ISIC_0032983,HAM_0002008,bkl,4,6.9083003e-06,9.407205e-06,0.97170883,4.29543e-06,0.0025327755,0.025730047,7.68639e-06
ISIC_0034024,HAM_0002008,bkl,4,2.0966634e-05,0.00014810858,0.97240055,3.315678e-05,0.013521641,0.013830837,4.4699053e-05
ISIC_0032654,HAM_0000790,bkl,4,0.000117372976,0.00044456433,0.9513824,1.5975858e-05,0.0372172,0.01077725,4.528477e-05
ISIC_0032576,HAM_0000790,bkl,4,0.0009202207,0.0001555315,0.35827488,0.00051838293,0.6243361,0.015746394,4.8417794e-05
ISIC_0030118,HAM_0003613,bkl,4,1.282881e-05,4.18415e-06,0.99858356,4.606053e-07,0.0004143071,0.0009803002,4.4222434e-06
ISIC_0026775,HAM_0001389,bkl,4,0.0016331086,0.00065799843,0.733435,2.3193064e-05,0.25643072,0.0077820844,3.7921065e-05
ISIC_0029031,HAM_0004143,bkl,4,0.15627152,0.39304885,0.4237539,3.3484237e-05,0.025561636,0.0012609271,6.977218e-05
ISIC_0029139,HAM_0007603,bkl,4,0.00035312911,4.457112e-06,0.9983374,1.9155732e-06,0.0009306681,0.00036121212,1.1221081e-05
ISIC_0026744,HAM_0001820,bkl,4,0.09437904,0.023153367,0.76434845,0.0004548904,0.044407945,0.072675325,0.000581002
ISIC_0031519,HAM_0000149,bkl,4,0.010750814,0.017755466,0.15205485,0.018155718,0.49665493,0.30387205,0.000756115
ISIC_0025113,HAM_0000149,bkl,4,0.9363895,0.014469458,0.00843559,0.00038946874,0.038178872,0.0020920082,4.5116733e-05
ISIC_0030605,HAM_0001820,bkl,4,0.008185176,0.00058738934,0.78427815,0.00048167276,0.15991604,0.046135537,0.00041596664
ISIC_0024786,HAM_0002227,bkl,4,0.00056087686,0.000750026,0.8671111,5.657917e-05,0.103201926,0.027846899,0.00047256835
ISIC_0032111,HAM_0006064,bkl,4,0.0005073893,0.00058951415,0.89448917,0.00012163275,0.009991446,0.093793325,0.00050755625
ISIC_0031132,HAM_0006064,bkl,4,0.0006759122,0.00095537404,0.31521395,0.0005785106,0.2256881,0.4554537,0.0014345337
ISIC_0029320,HAM_0006186,bkl,4,0.010193219,0.0015373259,0.4525448,0.011210845,0.011009013,0.51315844,0.0003463317
ISIC_0029427,HAM_0006186,bkl,4,0.00016111582,0.0001313971,0.95730925,0.0003524292,0.0043179602,0.037265066,0.00046274
ISIC_0030173,HAM_0001982,bkl,4,0.00095387606,0.0002482551,0.87512356,9.727485e-05,0.05226309,0.071176104,0.00013777817
ISIC_0029012,HAM_0001982,bkl,4,0.00013882428,0.00010878657,0.85691357,3.8801183e-05,0.028409809,0.11434125,4.8931644e-05
ISIC_0033701,HAM_0004245,bkl,4,0.0005393302,0.00048850256,0.7707148,0.00036176748,0.1073171,0.11948973,0.0010887722
ISIC_0033884,HAM_0004245,bkl,4,0.00028232293,0.00013529566,0.9063195,0.00020094884,0.049960963,0.042310473,0.00079045957
ISIC_0034151,HAM_0006238,bkl,4,7.037244e-07,2.2252423e-05,0.99450547,1.0081575e-05,0.000804057,0.004555527,0.00010189752
ISIC_0032330,HAM_0000090,bkl,4,1.4222222e-06,1.5933625e-05,0.997071,0.00014636984,0.00010398505,0.0026455529,1.5737725e-05
ISIC_0029202,HAM_0002355,bkl,4,3.5938036e-05,0.00013226962,0.99883884,3.571043e-05,0.000116748124,0.0007792998,6.1215906e-05
ISIC_0031619,HAM_0005626,bkl,4,0.0020148626,7.166945e-05,0.9928423,5.862676e-05,0.0008542652,0.004126919,3.122833e-05
ISIC_0031196,HAM_0000734,bkl,4,1.1178781e-05,8.9267706e-07,0.9983924,2.5116256e-05,8.012597e-05,0.0014894209,7.927173e-07
ISIC_0028331,HAM_0002962,bkl,4,0.0009225558,1.364649e-05,0.011549041,0.00016179874,0.0161963,0.9711004,5.622404e-05
ISIC_0027612,HAM_0001990,bkl,4,0.00090199383,0.012083192,0.7171526,0.15197627,0.02431498,0.092278875,0.0012920471
ISIC_0033422,HAM_0003597,df,4,4.1994994e-08,1.6202716e-08,2.1541316e-08,0.99999857,1.054539e-06,2.8473653e-07,6.8649944e-09
ISIC_0027488,HAM_0003597,df,4,9.650405e-10,5.385231e-10,2.7594413e-09,0.99999905,8.573902e-07,1.1005091e-07,1.1089936e-09
ISIC_0027216,HAM_0007129,df,4,4.7777103e-06,5.5485287e-08,1.7708476e-06,0.99974984,4.765056e-06,0.00023872146,4.46115e-08
ISIC_0029000,HAM_0005481,mel,4,0.00066283374,0.0001368296,0.0013733986,0.00016277828,0.93522435,0.062317125,0.00012281092
ISIC_0025955,HAM_0005481,mel,4,6.4390195e-05,1.1185262e-05,5.5522058e-05,3.968766e-05,0.9270774,0.072746605,5.100195e-06
ISIC_0033931,HAM_0005490,mel,4,0.0006406453,0.0019228739,0.007934337,0.0021612279,0.9857389,0.0015038714,9.825907e-05
ISIC_0033942,HAM_0000322,mel,4,4.8144597e-05,0.00032677563,0.038180348,0.00011338431,0.9574196,0.0038549853,5.667959e-05
ISIC_0033473,HAM_0000322,mel,4,0.00043238496,0.0009936752,0.2867942,0.00012733314,0.69493306,0.01664793,7.145971e-05
ISIC_0030034,HAM_0006207,mel,4,0.00010424468,0.021849139,0.009930852,0.5038421,0.08821774,0.31486,0.061196003
ISIC_0030356,HAM_0005481,mel,4,0.0021140184,0.000499437,0.58894354,0.0013788393,0.21792617,0.18720746,0.001930507
ISIC_0029591,HAM_0005121,mel,4,0.047028437,0.00032254055,0.03965022,0.00020494692,0.9113037,0.0011383579,0.00035173696
ISIC_0030110,HAM_0001655,mel,4,0.01099306,3.8448095e-05,0.021235382,0.00076472474,0.9592003,0.007688776,7.915724e-05
ISIC_0030423,HAM_0005121,mel,4,8.760486e-05,6.014727e-05,0.061844632,0.0001111507,0.9314282,0.006188141,0.0002801594
ISIC_0028897,HAM_0002109,mel,4,0.00088579766,0.00020130727,0.0056324494,0.0002255713,0.9861232,0.0068748016,5.687042e-05
ISIC_0033483,HAM_0007471,bcc,4,0.0066535757,0.08364897,0.29189402,1.737039e-05,0.60130256,0.016167326,0.00031619085
ISIC_0032536,HAM_0007471,bcc,4,0.21613553,0.048449256,0.30564973,0.0010050097,0.28211927,0.14158453,0.0050566955
ISIC_0025617,HAM_0004539,bcc,4,0.0002754118,0.91505396,0.0036341567,0.00041144982,0.034743443,0.045746773,0.00013480971
ISIC_0027531,HAM_0004662,bcc,4,0.01915238,0.94899154,0.0018270635,0.0010102221,0.028002167,0.00081314606,0.00020345427
ISIC_0024331,HAM_0004662,bcc,4,0.12719466,0.86378807,0.006727512,0.000581175,0.001387347,0.0002698873,5.131092e-05
ISIC_0028973,HAM_0005665,bcc,4,0.06364052,0.8915656,0.04134525,0.000622303,9.5884454e-05,0.002508357,0.00022207545
ISIC_0029082,HAM_0005665,bcc,4,0.09185187,0.8099929,0.023534343,0.070756294,0.00013080634,0.0031979627,0.0005358724
ISIC_0029351,HAM_0006224,nv,4,0.00033977343,0.0012672388,0.0006825251,0.001710181,9.050171e-05,0.99415463,0.0017551779
ISIC_0032391,HAM_0004481,nv,4,0.00018728733,0.000103389844,0.00083682674,0.0069153924,0.0003418384,0.9908659,0.00074951525
ISIC_0031833,HAM_0006703,nv,4,0.00020122156,0.0018694222,0.0013703255,0.019073734,0.002535697,0.09869255,0.87625706
ISIC_0024327,HAM_0005939,nv,4,5.041984e-05,5.6951845e-05,0.00018403016,0.00017995406,0.000833681,0.99695814,0.0017368984
ISIC_0032025,HAM_0001906,nv,4,0.00069789845,0.009286815,0.017564101,0.0039146915,0.0030932473,0.96339625,0.0020470207
ISIC_0024544,HAM_0007336,nv,4,4.000769e-05,9.837809e-06,2.5895308e-05,0.00907698,0.0002621569,0.9905032,8.20726e-05
ISIC_0025994,HAM_0006655,nv,4,0.017394101,0.046090342,0.033925217,0.005112686,0.1472668,0.7437723,0.0064385775
ISIC_0028962,HAM_0001322,nv,4,8.25334e-05,1.2745002e-05,5.2414318e-05,0.0024116668,8.817549e-05,0.9972506,0.00010190952
ISIC_0028694,HAM_0004841,nv,4,0.0051361537,0.006422115,0.5720842,0.031126326,0.041482493,0.32784382,0.015904963
ISIC_0026137,HAM_0006669,nv,4,0.0008484061,0.0001745828,0.009464497,0.00077675463,0.59257704,0.39512208,0.0010366684
ISIC_0031837,HAM_0005975,nv,4,0.00010695038,0.00018610206,0.00715742,0.00012291566,0.0034826768,0.98855793,0.00038604625
ISIC_0024421,HAM_0001260,nv,4,0.022981614,0.039082512,0.025731795,0.009944635,0.011255784,0.8768042,0.014199514
ISIC_0030003,HAM_0005229,nv,4,0.00010783535,2.2036007e-05,6.411586e-05,0.000605483,0.00015623581,0.99892944,0.00011483218
ISIC_0030658,HAM_0002474,nv,4,0.00051670184,0.00018640085,0.0008244392,0.001353022,0.024874339,0.9713098,0.0009352809
ISIC_0028077,HAM_0002166,nv,4,0.0018836629,0.00014243259,0.001551108,0.010945981,0.043753188,0.9411958,0.00052788015
ISIC_0028660,HAM_0003674,nv,4,0.000466864,0.0001710336,0.00054786337,0.00054286025,0.0015199918,0.9963865,0.00036486675
ISIC_0028939,HAM_0005218,nv,4,2.4521134e-05,5.3398682e-05,0.00023400786,3.9840885e-05,0.00016729243,0.9993767,0.00010430356
ISIC_0030570,HAM_0004885,nv,4,0.00048741445,0.00021492665,0.0035687308,0.0015075827,0.0022147007,0.98848397,0.003522621
ISIC_0030092,HAM_0002000,nv,4,0.0012102815,0.0007961293,0.002011281,0.0041033514,0.06351847,0.9095604,0.018800143
ISIC_0030679,HAM_0005784,nv,4,0.00020959054,0.0001597694,0.007408242,0.00037748428,0.0011106738,0.9903322,0.00040212338
ISIC_0028712,HAM_0002160,nv,4,0.0005890346,0.00082507974,0.0004782088,0.0019202861,0.0010505489,0.9943743,0.0007626204
ISIC_0027610,HAM_0006996,nv,4,0.005664247,0.0021204676,0.0059275064,0.0111464085,0.07563675,0.8964663,0.0030382948
ISIC_0026920,HAM_0001806,nv,4,0.00035924726,0.0074802404,0.008996836,0.00046930122,0.00051374256,0.9804566,0.001723985
ISIC_0026814,HAM_0003917,nv,4,0.0051522115,0.0016650682,0.002876047,0.003070438,0.05611,0.9188249,0.01230127
ISIC_0029508,HAM_0004966,nv,4,0.0062597296,0.0015471585,0.0037367842,0.0013150226,0.0021335848,0.98371947,0.001288203
ISIC_0029639,HAM_0001543,nv,4,0.000102231104,0.005742176,0.0016789492,0.0032269876,0.00045907096,0.9884701,0.00032038096
ISIC_0026397,HAM_0000340,nv,4,0.00072627846,0.0022726278,0.0017891319,0.000787527,0.0012013084,0.9926346,0.00058851455
ISIC_0031490,HAM_0005685,nv,4,0.005135539,0.0064382735,0.0019584345,0.00051708077,0.0040928177,0.9803634,0.0014944756
ISIC_0028133,HAM_0003087,nv,4,0.0015936894,0.00015732466,0.0054859854,0.00010478283,0.0007624251,0.9916875,0.00020837558
ISIC_0029721,HAM_0006212,nv,4,0.00029513624,0.0003380797,0.0003740478,0.0006400693,0.0019421361,0.99615,0.00026050102
ISIC_0028071,HAM_0000969,nv,4,0.0010999743,0.0015164264,0.0008553449,0.001443849,0.004942922,0.9888192,0.00132222
ISIC_0031764,HAM_0003454,nv,4,0.00027764912,0.0013238101,0.0062789945,0.00024562274,0.0050176587,0.9853365,0.0015198183
ISIC_0026838,HAM_0000250,nv,4,0.0014566977,0.0009395483,0.002502595,0.0015525547,0.028304577,0.96266514,0.0025788713
ISIC_0030927,HAM_0002948,nv,4,0.004433954,0.0012842116,0.002332145,0.0031120558,0.031021241,0.95530534,0.0025110047
ISIC_0028207,HAM_0000491,nv,4,0.00054613606,0.00038606688,0.003380326,0.00017928368,0.025836717,0.96662825,0.0030432597
ISIC_0028729,HAM_0006989,nv,4,0.00015946581,0.0013108015,0.005743431,0.0006890484,0.00047662752,0.9914507,0.00016991535
ISIC_0030327,HAM_0005815,nv,4,0.0009808808,0.006083897,0.0019417312,0.0049297637,0.007451161,0.9758169,0.0027956995
ISIC_0024542,HAM_0000224,nv,4,0.003650341,0.00091498694,0.0020448875,0.0026123999,0.005575793,0.98177356,0.0034280252
ISIC_0031370,HAM_0007092,nv,4,0.06421141,0.045729976,0.050926894,0.048532777,0.055831116,0.7056294,0.029138306
ISIC_0029497,HAM_0001300,nv,4,0.029592799,0.0013658127,0.009752585,0.011299805,0.0013068602,0.94574803,0.0009340466
ISIC_0032171,HAM_0006536,nv,4,0.0007652942,0.002183746,0.008895963,0.0039206985,0.013526312,0.9531774,0.017530676
ISIC_0027182,HAM_0000172,nv,4,0.00065798574,0.00019939635,0.00035462627,0.0015107204,0.001222755,0.9950067,0.0010478685
ISIC_0029732,HAM_0006356,nv,4,8.357954e-05,3.3328117e-05,6.421645e-05,0.00021799399,0.0006468398,0.9986644,0.00028965622
ISIC_0028824,HAM_0003053,nv,4,0.0005631474,0.0004634461,0.00054303487,0.0018684992,0.0044607427,0.99128425,0.0008168114
ISIC_0027656,HAM_0002578,nv,4,0.015709255,0.0018828863,0.007732706,0.0006785904,0.0025832038,0.97075653,0.0006567317
ISIC_0031736,HAM_0004993,nv,4,0.0004206137,7.9183184e-05,0.00026106252,0.00077932334,0.015583434,0.98232335,0.00055311935
ISIC_0028806,HAM_0004175,nv,4,0.005790237,0.00045534727,0.004925918,0.0019932415,0.058725413,0.92643654,0.0016732705
ISIC_0025382,HAM_0003793,nv,4,0.001950972,0.0012627706,0.0062660445,0.00031075053,0.03209346,0.9579166,0.00019944255
ISIC_0027131,HAM_0000088,nv,4,0.00015628451,5.081399e-05,0.00012342213,0.0001867889,0.011446618,0.98706645,0.00096962583
ISIC_0031902,HAM_0005432,nv,4,0.00043215018,0.0011137436,0.0031098186,0.0012405203,0.0035249814,0.98265797,0.007920819
ISIC_0031842,HAM_0006752,nv,4,0.002375997,0.0011452195,0.0029767265,0.0028056959,0.0030079659,0.9823925,0.0052958787
ISIC_0031684,HAM_0001351,nv,4,0.0016723862,0.0006066297,0.0016305464,0.0060163974,0.0018019198,0.9866181,0.0016539359
ISIC_0029766,HAM_0004023,nv,4,0.00080493133,5.1093768e-05,0.0009368876,0.0018463196,0.019536221,0.9766407,0.00018393941
ISIC_0029616,HAM_0002842,nv,4,0.0005117985,0.00032420733,0.0038023025,0.0005127404,0.010896934,0.9788249,0.0051271473
ISIC_0031843,HAM_0001471,nv,4,0.003119389,0.0016849537,0.010178798,0.0030892075,0.0043542394,0.97693676,0.00063671346
ISIC_0025270,HAM_0004764,nv,4,0.0024783742,0.0062170867,0.292325,0.0011601767,0.038222555,0.65521276,0.0043840557
ISIC_0031124,HAM_0002510,nv,4,0.00011013477,9.976538e-05,0.00020067833,0.00019141338,0.0008523069,0.99830014,0.0002457281
ISIC_0027699,HAM_0005461,nv,4,0.0025006882,0.0006187831,0.014542001,0.0006059803,0.024337854,0.9566483,0.00074627966
ISIC_0030153,HAM_0005836,nv,4,0.0013845676,0.00034047986,0.11406668,0.001000465,0.0017899994,0.88080233,0.0006155366
ISIC_0030551,HAM_0004445,nv,4,0.00010532525,0.00012337866,0.96331936,0.0011313073,0.004236158,0.030853689,0.00023085873
ISIC_0029173,HAM_0003292,nv,4,0.001033738,0.0006211327,0.0013448155,0.02317707,0.0016199988,0.9279603,0.04424288
ISIC_0026004,HAM_0006479,nv,4,8.380449e-05,0.00047163974,0.00021139169,0.00016445987,0.000680633,0.99791735,0.0004706876
ISIC_0031879,HAM_0003065,nv,4,0.00040154016,5.0201383e-05,0.00064933486,0.00017370068,0.0017896672,0.9967603,0.00017532016
ISIC_0030393,HAM_0005238,nv,4,0.006826691,0.0020297589,0.001879782,0.0065215044,0.010322363,0.9671399,0.005280009
ISIC_0032130,HAM_0004072,nv,4,0.00085226435,0.0013004368,0.005033712,0.0010410318,0.0030254796,0.98659873,0.002148406
ISIC_0028421,HAM_0000085,nv,4,4.1369338e-05,5.601965e-05,0.0001091948,0.00056106615,0.0002381438,0.9986822,0.00031195648
ISIC_0030622,HAM_0006134,nv,4,0.0018716999,0.00067762565,0.0004915107,0.0010611601,0.0026390608,0.9874178,0.00584108
ISIC_0026050,HAM_0005473,nv,4,0.0004333426,0.00013183441,0.00025029446,0.00020309244,0.00013551097,0.9986199,0.0002260741
ISIC_0028191,HAM_0001677,nv,4,0.0008472741,0.00022344082,0.00032756935,0.0011353929,0.0009041043,0.995948,0.0006142286
ISIC_0027882,HAM_0001823,nv,4,0.016440947,0.0060755378,0.012079706,0.015778378,0.021954233,0.9218077,0.005863525
ISIC_0031835,HAM_0006289,nv,4,0.0004746882,0.00022257281,0.0006417373,0.00042938543,0.0008435574,0.99464345,0.0027446123
ISIC_0026363,HAM_0006745,nv,4,0.00027857663,0.00032770334,0.00014388982,0.0013071289,0.00041388304,0.99650747,0.0010213105
ISIC_0027716,HAM_0004611,nv,4,0.009052317,0.006668694,0.006424747,0.025107024,0.021018008,0.89367205,0.0380572
ISIC_0026646,HAM_0004477,nv,4,0.025426611,0.018142773,0.02576749,0.059705656,0.012149581,0.84516734,0.013640614
ISIC_0030497,HAM_0004804,nv,4,0.00027176668,4.586072e-05,0.00014090912,0.00019205791,0.001158078,0.9980192,0.00017219555
ISIC_0024397,HAM_0001501,nv,4,0.00024711443,3.7447506e-05,0.00026700183,5.6205823e-05,3.5047207e-05,0.9993414,1.5696758e-05
ISIC_0029799,HAM_0003995,nv,4,0.094337806,0.07413299,0.3519539,0.029567968,0.06538511,0.35302994,0.031592235
ISIC_0024717,HAM_0004887,nv,4,0.00020778403,0.0022068308,0.0008774354,0.016091036,4.039757e-05,0.9800265,0.0005500342
ISIC_0029875,HAM_0003584,nv,4,4.882949e-05,0.00013187798,5.9315782e-05,0.0715321,0.00021894024,0.9271098,0.00089916284
ISIC_0028332,HAM_0006197,nv,4,0.012457014,0.0005359594,0.34799325,0.010660268,0.5447919,0.08180606,0.0017555195
ISIC_0032334,HAM_0006197,nv,4,0.0015659924,0.00014423249,0.015099206,0.00031527737,0.38288164,0.59982103,0.00017266253
ISIC_0031705,HAM_0004747,nv,4,0.00040637556,0.002599338,0.556207,0.00022192861,0.2650067,0.1740743,0.0014843874
ISIC_0031435,HAM_0004747,nv,4,0.0010509441,0.0009975992,0.44730878,0.0013642368,0.33744842,0.21018896,0.0016410467
ISIC_0027497,HAM_0004699,nv,4,0.0020071329,0.00086850894,0.35566783,0.00041565503,0.32052416,0.31636855,0.004148136
ISIC_0028255,HAM_0004699,nv,4,0.0012768393,9.212951e-05,0.01935512,0.00022474269,0.105512716,0.8708858,0.002652715
ISIC_0033971,HAM_0007451,nv,4,0.00026988197,8.6555454e-05,0.00065832137,0.00036311365,0.47766587,0.5208205,0.0001357334
ISIC_0032527,HAM_0007451,nv,4,0.00038297765,0.0002910319,0.0005724842,0.00085313123,0.123675965,0.8740555,0.00016891344
ISIC_0032964,HAM_0007451,nv,4,0.00020247513,0.00011962752,0.0026025162,0.00025284974,0.40310368,0.5934272,0.00029176293
ISIC_0032374,HAM_0001279,nv,4,0.003537709,0.39636618,0.3826437,0.05756733,0.045632668,0.111722976,0.0025294414
ISIC_0025855,HAM_0001279,nv,4,0.012060372,0.12620175,0.18514568,0.24315764,0.11872834,0.30475658,0.00994963
ISIC_0026084,HAM_0005879,nv,4,0.013762798,0.024751458,0.0102029275,0.040001456,0.7189118,0.19016147,0.0022080704
ISIC_0025262,HAM_0005879,nv,4,0.022726947,0.15379617,0.03649733,0.003356366,0.6664741,0.10482894,0.012320175
ISIC_0032784,HAM_0003507,nv,4,0.0006654734,0.00020880305,0.0028764724,0.00043747257,0.6457853,0.34902772,0.0009988429
ISIC_0033459,HAM_0003507,nv,4,0.0010169928,0.0010290913,0.0088276975,0.0010900347,0.19992936,0.7802157,0.007891171
ISIC_0032710,HAM_0003507,nv,4,0.0024572026,0.0011414201,0.005341452,0.001977444,0.37773022,0.6051037,0.006248555
ISIC_0033475,HAM_0006857,nv,4,0.00021011925,0.00013055936,0.012229049,0.00015536338,0.5231879,0.46400547,8.15924e-05
ISIC_0033210,HAM_0006857,nv,4,0.0002086596,5.576509e-05,0.033112682,0.0005271735,0.5001288,0.46585262,0.00011430997
ISIC_0033219,HAM_0006857,nv,4,0.00046509225,6.703268e-05,0.60935086,0.00059634005,0.09567027,0.29375574,9.47211e-05
ISIC_0034153,HAM_0000067,nv,4,0.0009838088,0.07515693,0.86095,0.00014844263,0.049985144,0.012580743,0.00019493111
ISIC_0034017,HAM_0000067,nv,4,0.16460052,0.4483018,0.1605886,0.0023465273,0.06588637,0.14016464,0.018111557
ISIC_0033010,HAM_0004099,nv,4,0.001908477,0.00044820047,0.009256055,0.0024199102,0.14002015,0.8429635,0.0029837363
ISIC_0034293,HAM_0004099,nv,4,0.0014832474,0.00041393194,0.0027069245,0.0015365224,0.15409198,0.8376681,0.0020993173
ISIC_0033350,HAM_0004099,nv,4,0.002013006,0.00080153364,0.0070820185,0.0026314482,0.18719447,0.7956166,0.0046608606
ISIC_0033167,HAM_0006813,nv,4,0.0017967991,0.001109256,0.039213534,0.0016943944,0.5744173,0.37896362,0.0028050928
ISIC_0033937,HAM_0006813,nv,4,0.00030902767,0.0001785296,0.01948283,0.0003648727,0.49272293,0.48601845,0.000923412
ISIC_0030156,HAM_0004954,nv,4,0.0024240534,0.013540058,0.2884982,0.001140854,0.20936367,0.47889498,0.0061381357
ISIC_0024538,HAM_0000397,nv,4,0.00026665,0.00010969153,0.00077765447,0.00070762227,0.67186046,0.32563218,0.0006457556
ISIC_0029499,HAM_0000397,nv,4,0.00019216546,6.411099e-05,0.0004775824,0.00021523851,0.8935315,0.10523992,0.0002793968
ISIC_0025208,HAM_0000397,nv,4,0.0007923869,0.00016595381,0.0015347217,0.00048321646,0.6326928,0.3635601,0.00077069935
ISIC_0031839,HAM_0001027,nv,4,7.0034e-05,3.3169463e-06,0.0004940561,0.000109198365,0.9270905,0.07220846,2.442e-05
ISIC_0026455,HAM_0001027,nv,4,9.0249276e-05,4.3297464e-06,0.000787749,0.000111977984,0.92113227,0.07784884,2.4631423e-05
ISIC_0028265,HAM_0001027,nv,4,2.8423681e-05,2.4898397e-06,0.0002403408,8.9122725e-05,0.96213776,0.037486985,1.4801791e-05
ISIC_0031621,HAM_0000597,nv,4,0.00012697415,0.0003975637,0.02371969,0.000105067586,0.21948552,0.75450134,0.0016638809
ISIC_0031822,HAM_0000597,nv,4,0.00033996656,0.0007175265,0.011773449,0.00013460775,0.1529361,0.832464,0.0016344904
ISIC_0030654,HAM_0000597,nv,4,0.00013018576,0.00028293653,0.0029929362,9.409669e-05,0.028848728,0.9667243,0.0009267705
ISIC_0024518,HAM_0004985,nv,4,0.002623442,0.0016453092,0.0013505608,0.00083028007,0.31196845,0.6807852,0.0007967576
ISIC_0031092,HAM_0006492,nv,4,0.0030001176,0.0012997505,0.0054872353,0.006621142,0.056614432,0.9130243,0.01395304
ISIC_0030592,HAM_0006154,nv,4,0.0012573955,0.00017298703,0.0005249743,0.0023709477,0.94061923,0.054482285,0.00057216344
ISIC_0028408,HAM_0006506,nv,4,0.009789308,0.00065127003,0.009385156,0.00020690155,0.16077733,0.81837285,0.00081710675
ISIC_0027988,HAM_0007240,nv,4,0.05237124,0.001500539,0.03019388,0.002587512,0.02036943,0.89227325,0.00070419087
ISIC_0029369,HAM_0004505,nv,4,0.004613108,0.0006672346,0.0021291794,0.0021398563,0.17201732,0.816625,0.0018082901
ISIC_0025902,HAM_0005966,nv,4,0.04873696,0.008968269,0.016629262,0.013330423,0.35952854,0.5369881,0.015818393
ISIC_0030704,HAM_0005966,nv,4,0.011111773,0.0003474317,0.00095585047,0.0030407936,0.29191008,0.6917004,0.00093367894
ISIC_0030082,HAM_0006154,nv,4,0.0028258883,0.00081598526,0.0009543947,0.0047122245,0.96000016,0.029019298,0.0016720018
ISIC_0030742,HAM_0000603,nv,4,0.102082305,0.0010637284,0.018423166,0.0018295345,0.6994601,0.17673106,0.00041010126
ISIC_0028441,HAM_0000603,nv,4,0.7586346,0.0054991376,0.015663216,0.0012147336,0.075855434,0.14284618,0.00028667605
ISIC_0031374,HAM_0000603,nv,4,0.01774618,0.00032591366,0.032915063,0.0010573443,0.5788926,0.36843097,0.0006319712
ISIC_0033765,HAM_0003366,nv,4,0.0018837122,0.00042256454,0.010609897,0.00090228894,0.25324574,0.73081404,0.0021217882
ISIC_0033584,HAM_0003777,nv,4,0.00395838,0.022699093,0.6978593,0.0014681382,0.0614266,0.21126851,0.0013200002
ISIC_0033118,HAM_0003777,nv,4,0.0104901,0.004573771,0.8753897,0.0015037805,0.049995974,0.057666283,0.00038040095
ISIC_0033841,HAM_0000822,nv,4,0.00075681985,0.00036782867,0.0005040279,0.00027954043,0.020634176,0.9749819,0.0024757092
ISIC_0033417,HAM_0007301,nv,4,0.0025450392,0.0072024385,0.0016721213,0.0062989485,0.010374396,0.97072047,0.0011866528
ISIC_0032945,HAM_0003696,nv,4,0.0023407044,0.0058953715,0.0055797705,0.0005548252,0.012434413,0.9725008,0.0006941462
ISIC_0031738,HAM_0005766,akiec,4,0.7876524,0.012472719,0.030913644,0.00021801435,0.16108954,0.007553909,9.982138e-05
ISIC_0026327,HAM_0002012,akiec,4,0.9934001,0.005309752,4.238413e-05,0.00024042767,0.0009637306,4.087619e-05,2.77753e-06
ISIC_0028941,HAM_0001593,akiec,4,0.9754617,0.0014713961,0.022825398,1.4511586e-05,3.832168e-05,0.00018463389,3.956343e-06
ISIC_0031506,HAM_0006902,akiec,4,0.18883416,0.03547604,0.7696225,0.00026654228,0.0038309188,0.001600012,0.00036978515
