image_id,lesion_id,diagnosis,fold,p_akiec,p_bcc,p_bkl,p_df,p_mel,p_nv,p_vasc
ISIC_0026769,HAM_0002730,bkl,2,0.53883445,0.060337592,0.0043474273,0.0002962798,0.3949904,0.0005312798,0.00066248095
ISIC_0025661,HAM_0002730,bkl,2,0.0029802902,0.075412855,0.031253096,0.00039961384,0.88871324,0.0010746567,0.0001662588
ISIC_0025767,HAM_0001949,bkl,2,3.8906415e-05,2.1050018e-05,0.99896944,3.88305e-05,2.945427e-05,0.00088723714,1.5161758e-05
ISIC_0032417,HAM_0001949,bkl,2,0.00010574902,6.741538e-05,0.9988789,6.6240704e-05,2.7938728e-05,0.0008309685,2.2758435e-05
ISIC_0025915,HAM_0001601,bkl,2,0.0002919212,0.006637611,0.9783976,0.0013818403,0.0042743306,0.008535354,0.0004812967
ISIC_0031029,HAM_0001601,bkl,2,0.000972156,0.0073536625,0.7457117,0.0031875768,0.06541459,0.17268144,0.0046788394
ISIC_0032128,HAM_0004884,bkl,2,0.0016584632,0.0023479618,0.98208743,0.0024510496,0.0054081017,0.0055859066,0.00046098855
ISIC_0025937,HAM_0004884,bkl,2,0.00026101948,0.0010803121,0.99131,0.00086509326,0.00077168737,0.0054223607,0.00028948707
ISIC_0027960,HAM_0003569,bkl,2,0.012214469,0.00076424784,0.97601753,0.0003918673,0.009620071,0.00085424684,0.00013755837
ISIC_0026955,HAM_0003569,bkl,2,0.21051352,0.0045698103,0.7745516,0.0029591483,0.0042636935,0.0023800654,0.00076220185
ISIC_0029022,HAM_0001473,bkl,2,5.2070198e-05,0.0001314168,0.9771901,0.00021020863,0.0053686667,0.016945355,0.000102147795
ISIC_0025388,HAM_0003007,bkl,2,0.0027729191,0.0008223793,0.9866252,0.001376554,0.00019879614,0.007894492,0.00030971086
ISIC_0028080,HAM_0003007,bkl,2,0.6830908,0.023864206,0.2281374,0.019539315,0.01099809,0.030071592,0.00429851
ISIC_0033041,HAM_0002040,bkl,2,0.0046824315,0.0008704023,0.8325402,0.00070487335,0.15043695,0.010435455,0.00032972285
ISIC_0033900,HAM_0002040,bkl,2,0.00102279,0.00022205959,0.99564785,0.00010780128,0.0019178338,0.0009693043,0.000112314745
ISIC_0033361,HAM_0002040,bkl,2,0.0011284407,0.0003482118,0.24994163,0.00027925006,0.74182844,0.006254875,0.0002191859
ISIC_0033482,HAM_0006663,bkl,2,0.00036518302,2.6518435e-05,0.99360013,7.539658e-05,0.0042388993,0.0016681019,2.5652396e-05
ISIC_0033201,HAM_0006663,bkl,2,0.000110042536,1.3104259e-05,0.99766386,5.1929674e-05,0.0010599783,0.0010893618,1.1723662e-05
ISIC_0033716,HAM_0006938,bkl,2,5.1030867e-05,0.0002406183,0.006977175,0.00024345465,0.90671813,0.08566605,0.00010348865
ISIC_0034011,HAM_0006938,bkl,2,0.00037352776,0.0005125502,0.95987165,0.001438887,0.03158673,0.00578335,0.0004332998
ISIC_0033613,HAM_0006938,bkl,2,0.00018138297,0.000109906956,0.991581,0.00015960164,0.0067008226,0.0011895346,7.7783625e-05
ISIC_0032877,HAM_0003770,bkl,2,0.0009673251,0.0050338926,0.8038685,0.0028100035,0.15312162,0.033358306,0.00084042666
ISIC_0034175,HAM_0003770,bkl,2,0.0073882807,0.0470293,0.28913313,0.0120982295,0.19988589,0.4413061,0.003159095
ISIC_0033523,HAM_0003770,bkl,2,0.0035857968,0.010836692,0.71403074,0.002909544,0.24676242,0.020723186,0.0011516992
ISIC_0033973,HAM_0005386,bkl,2,0.002475993,0.0017574574,0.35270283,0.0015464135,0.04291325,0.5976287,0.0009753108
ISIC_0033761,HAM_0005386,bkl,2,0.0006434139,0.0005689209,0.046493217,0.0007121943,0.017578036,0.9338412,0.00016283948
ISIC_0033505,HAM_0005386,bkl,2,0.00025120543,0.00015612939,0.97952765,0.0002971508,0.0036006467,0.016050536,0.00011670734
ISIC_0033736,HAM_0007625,bkl,2,0.009359951,0.0007690153,0.14231725,0.001226485,0.84168214,0.0043039084,0.00034124844
ISIC_0033378,HAM_0007625,bkl,2,0.041315403,0.0018250482,0.17419933,0.0016649741,0.7611341,0.018139923,0.0017211845
ISIC_0033778,HAM_0004975,bkl,2,0.0006279958,0.00015136314,0.70846343,0.0005011711,0.009309797,0.2807086,0.000237663
ISIC_0032863,HAM_0004975,bkl,2,0.0003821455,0.00020059141,0.0788955,0.0006719974,0.2942796,0.62542826,0.00014196306
ISIC_0034168,HAM_0004975,bkl,2,0.00060897716,0.00016104802,0.4828986,0.00037517992,0.017538125,0.49822748,0.00019050365
ISIC_0033410,HAM_0007384,bkl,2,0.001166619,0.030740906,0.9396581,0.007163876,0.008993195,0.011281372,0.0009959152
ISIC_0032725,HAM_0007384,bkl,2,0.0020876317,0.24993141,0.73890615,0.0029012216,0.0018119954,0.0038378679,0.0005237283
ISIC_0033587,HAM_0004091,bkl,2,0.00014556167,2.8831231e-05,0.05559855,9.965295e-05,0.9312395,0.012799513,8.846023e-05
ISIC_0032675,HAM_0004091,bkl,2,0.00051371113,0.00023336378,0.56999326,0.0006700056,0.22761504,0.20047764,0.00049693434
ISIC_0033642,HAM_0006018,bkl,2,0.00036728865,0.0013946191,0.99106824,0.00023437662,0.0021130843,0.0047167838,0.000105641826
ISIC_0033486,HAM_0006018,bkl,2,0.0003411339,0.0062447824,0.9722353,0.00030818878,0.003463251,0.017175175,0.00023217918
ISIC_0034003,HAM_0007402,bkl,2,0.0067629474,0.00019241293,0.98911476,0.00027240775,0.0023015388,0.0013184397,3.752015e-05
ISIC_0033079,HAM_0007402,bkl,2,0.006410599,0.0006468989,0.9091241,0.002872427,0.07943837,0.0013522089,0.00015546315
ISIC_0034125,HAM_0004406,bkl,2,0.00019250251,0.0006220129,0.927806,0.00041313775,0.049364373,0.021460652,0.00014138907
ISIC_0033060,HAM_0004406,bkl,2,0.00022918089,0.00024539547,0.8669988,0.0005297485,0.026828151,0.10476884,0.00039987513
ISIC_0032215,HAM_0002050,bkl,2,0.0012560997,0.00034659923,0.9897427,0.00040127756,0.0003958287,0.00775868,9.872219e-05
ISIC_0030705,HAM_0004141,bkl,2,6.632775e-05,3.2674678e-05,0.99921525,8.238516e-05,3.451134e-05,0.0005387948,3.0042593e-05
ISIC_0030272,HAM_0006697,bkl,2,0.00021350602,0.00010065631,0.9973767,0.00017290244,0.0001461683,0.0019188202,7.137602e-05
ISIC_0032063,HAM_0006630,bkl,2,6.495163e-05,0.0001573399,0.99875796,0.00016328837,0.00013696651,0.0005502942,0.00016913106
ISIC_0026298,HAM_0002529,bkl,2,0.0010841041,0.0004418844,0.9515552,0.00019551138,0.04556023,0.00084760564,0.0003154923
ISIC_0029010,HAM_0003293,bkl,2,0.035698675,0.295383,0.6144298,0.0081295,0.016222794,0.02754542,0.002590743
ISIC_0024581,HAM_0001995,bkl,2,0.00034625264,0.000100962265,0.9810586,0.0031141199,0.004259616,0.011037819,8.272551e-05
ISIC_0028970,HAM_0001435,bkl,2,0.00061000633,7.970346e-05,0.99835074,0.00013691066,0.0005857787,0.00022049856,1.6256117e-05
ISIC_0028354,HAM_0000122,bkl,2,0.00022338165,0.00030147485,0.9976708,0.00018196304,0.0008820907,0.0006747556,6.551763e-05
ISIC_0024626,HAM_0007621,bkl,2,0.0001842917,9.339448e-05,0.99671775,0.00014635733,0.0016155299,0.0011783454,6.4314525e-05
ISIC_0031321,HAM_0007621,bkl,2,0.0006719903,0.00014704117,0.98585004,0.00026008935,0.010268194,0.002748172,5.441131e-05
ISIC_0032486,HAM_0002121,bkl,2,0.00078751444,0.00017988526,0.31523356,0.00030480215,0.5641641,0.119182706,0.00014739268
ISIC_0028233,HAM_0002392,bkl,2,0.0017925705,0.024505189,0.9524533,0.0016052811,0.0020491797,0.016833933,0.0007605059
ISIC_0025485,HAM_0005260,bkl,2,0.0002047019,4.249086e-05,0.99628544,0.00014629385,0.0006834696,0.00259819,3.9374456e-05
ISIC_0028856,HAM_0004501,bkl,2,0.044952027,0.0005489886,0.8293439,0.0041689584,0.043019377,0.07669032,0.0012764368
ISIC_0024412,HAM_0003835,bkl,2,0.012536084,0.888339,0.039839596,0.031902786,0.0023669899,0.006677398,0.018338127
ISIC_0024883,HAM_0006541,bkl,2,7.029044e-05,0.0023271313,0.002343094,0.00031656187,0.029776176,0.96509284,7.395206e-05
ISIC_0028200,HAM_0005074,bkl,2,0.10687969,0.00049591885,0.8879286,0.0003152252,0.0016858836,0.0024746004,0.00022006263
ISIC_0026923,HAM_0000198,bkl,2,0.9892671,0.00077509554,0.009698434,6.3958556e-05,0.00010180702,3.6229576e-05,5.7444162e-05
ISIC_0029519,HAM_0005546,bkl,2,0.02311174,0.0020492813,0.95716286,0.00099874,0.012001929,0.004555418,0.00011998345
ISIC_0026644,HAM_0004259,bkl,2,0.00019198107,0.00024482922,0.9975533,0.00018408628,4.9837316e-05,0.0016845805,9.148599e-05
ISIC_0030812,HAM_0005558,bkl,2,0.30943796,0.49255264,0.18549703,0.0006496912,0.0042117685,0.006453615,0.0011973013
ISIC_0029802,HAM_0005558,bkl,2,0.0056956904,0.58439034,0.36713347,0.00055737945,0.036138766,0.005701255,0.00038308097
ISIC_0032230,HAM_0000744,bkl,2,0.039034776,0.00026352846,0.9531435,0.00019698856,0.0065713194,0.0006560721,0.00013381083
ISIC_0029525,HAM_0000744,bkl,2,0.7471401,0.00057036337,0.12707384,0.0003088922,0.12244464,0.0018885022,0.00057371514
ISIC_0029474,HAM_0000744,bkl,2,0.00016595893,9.3003655e-05,0.997405,5.263087e-05,0.002081902,0.00013798845,6.360907e-05
ISIC_0026265,HAM_0001597,bkl,2,0.00055701326,0.0012412306,0.9856974,0.0003142923,0.01152053,0.0005499865,0.00011952512
ISIC_0024426,HAM_0001597,bkl,2,0.010497041,0.01668437,0.90804917,0.0036534558,0.057485506,0.0030199608,0.0006105537
ISIC_0031016,HAM_0001603,bkl,2,0.004912799,0.0024537435,0.9807694,0.006643962,0.0010548267,0.004068319,9.687644e-05
ISIC_0026044,HAM_0006945,bkl,2,0.00042071234,8.801402e-05,0.10456606,0.0005307926,0.008186249,0.8858413,0.00036695186
ISIC_0026444,HAM_0001539,bkl,2,0.0037760108,0.00020056145,0.9915058,0.000257526,0.0030244954,0.0011740453,6.140719e-05
ISIC_0024422,HAM_0001605,bkl,2,0.0051561436,0.00048312158,0.21364374,0.0008765305,0.13766964,0.6415707,0.0006000814
ISIC_0027806,HAM_0001273,bkl,2,0.0038102204,0.0063684676,0.91787577,0.020022703,0.0018533297,0.0472873,0.0027821776
ISIC_0024760,HAM_0003856,bkl,2,0.053921152,0.0006748016,0.9391213,0.0010021736,0.0015704936,0.0025047448,0.0012053157
ISIC_0028881,HAM_0001605,bkl,2,0.027472092,0.0007095819,0.62648433,0.00059636193,0.13815898,0.20578718,0.0007915958
ISIC_0032116,HAM_0003275,bkl,2,0.0036908032,0.00014078614,0.046902943,0.00029285095,0.91845214,0.029959252,0.00056118716
ISIC_0026895,HAM_0003605,bkl,2,0.010842447,0.00218137,0.96463513,0.0008009153,0.013820383,0.007207654,0.00051208446
ISIC_0025064,HAM_0006541,bkl,2,0.00043165463,0.06233523,0.0010334651,0.0017088953,0.08193812,0.8521488,0.0004039211
ISIC_0026514,HAM_0007598,bkl,2,0.0005125395,0.0017020236,0.9903206,0.0017440883,0.0005075586,0.005098701,0.000114363014
ISIC_0026378,HAM_0004426,bkl,2,0.00044743944,8.58133e-05,0.9691796,0.0002341777,0.028310899,0.0016152299,0.00012682384
ISIC_0027192,HAM_0001024,bkl,2,0.017730054,0.00028324086,0.9530202,0.00023711928,0.0018183279,0.02656403,0.00034703396
ISIC_0028223,HAM_0006595,bkl,2,0.020903157,0.3723309,0.6031735,0.0012072411,0.0004342551,0.00091931794,0.0010316002
ISIC_0026614,HAM_0001232,bkl,2,0.0005166755,0.00019851646,0.9978248,0.0002802266,0.00010888433,0.00097289216,9.7985285e-05
ISIC_0028550,HAM_0000259,bkl,2,0.5524508,0.04885356,0.18888193,0.017347127,0.15643577,0.03478644,0.0012444096
ISIC_0024477,HAM_0000259,bkl,2,0.056185164,0.50928026,0.35002285,0.029481275,0.04806945,0.006646772,0.0003142311
ISIC_0026493,HAM_0000259,bkl,2,0.011496986,0.015504917,0.9070966,0.009256149,0.044963654,0.011252615,0.00042912757
ISIC_0029678,HAM_0000383,bkl,2,0.00013669342,5.2392123e-05,0.009333575,0.00019015104,0.8135371,0.17662835,0.000121815334
ISIC_0031937,HAM_0000833,bkl,2,0.000116994794,4.9635564e-05,0.9954574,0.00023312682,0.000971725,0.0030949283,7.6129974e-05
ISIC_0025719,HAM_0000833,bkl,2,0.0013960669,0.00076498155,0.9942794,0.00039531992,0.0014372213,0.0015589468,0.00016804413
ISIC_0030683,HAM_0001024,bkl,2,0.001402991,6.6117274e-05,0.97773355,0.00022763835,0.0005035603,0.019822145,0.00024398189
ISIC_0028237,HAM_0006327,bkl,2,0.00047233378,0.000108041124,0.998838,5.9958023e-05,9.875759e-05,0.00039888147,2.4036712e-05
ISIC_0029585,HAM_0006327,bkl,2,0.0004069234,8.385048e-05,0.9982918,0.000119175565,0.0001228386,0.0009019179,7.342194e-05
ISIC_0027990,HAM_0001073,bkl,2,8.8371e-05,4.0896153e-05,0.9990415,5.307883e-05,0.00062368496,0.00012450144,2.7943277e-05
ISIC_0029841,HAM_0003605,bkl,2,0.0021354738,0.006750375,0.96484727,0.00047928872,0.022100555,0.0030469995,0.00063993444
ISIC_0030965,HAM_0006475,bkl,2,0.004247606,5.441767e-05,0.11458047,9.989411e-05,0.8735168,0.0074184686,8.23313e-05
ISIC_0030458,HAM_0004494,bkl,2,0.0014871988,6.735135e-05,0.9247389,0.00016637093,0.013864285,0.059463985,0.00021196208
ISIC_0026335,HAM_0003856,bkl,2,0.124700084,0.0049017067,0.84142023,0.004892142,0.004892142,0.012474237,0.0067194956
ISIC_0026070,HAM_0002268,bkl,2,0.02668568,0.0049309335,0.0997198,0.0018300025,0.115338586,0.7499019,0.001593042
ISIC_0032024,HAM_0002303,bkl,2,0.54953766,0.0026410767,0.41158468,0.0008261964,0.015523905,0.018553335,0.0013332145
ISIC_0032235,HAM_0002268,bkl,2,0.004583249,0.00077990117,0.88760006,0.0005349718,0.02158962,0.0843526,0.00055955176
ISIC_0031459,HAM_0004494,bkl,2,0.000994531,0.00019679332,0.46045318,0.00023142673,0.41113842,0.12637357,0.0006121147
ISIC_0024612,HAM_0000383,bkl,2,0.00011196276,8.369262e-05,0.011555133,0.00025329948,0.8116611,0.17622106,0.00011372593
ISIC_0031707,HAM_0000383,bkl,2,0.00010803798,7.736221e-05,0.013176546,0.00029830242,0.5037062,0.48252097,0.00011256135
ISIC_0027681,HAM_0006531,bkl,2,0.00022938063,0.0003386717,0.99780434,9.34963e-05,0.0009533713,0.0005551131,2.5710675e-05
ISIC_0025040,HAM_0006541,bkl,2,4.564584e-05,0.00011565365,0.0017797757,0.00018070919,0.105351016,0.8924911,3.603838e-05
ISIC_0029302,HAM_0006737,bkl,2,8.161367e-05,8.814612e-06,0.9995722,2.6470216e-05,0.00010827904,0.00019425743,8.296751e-06
ISIC_0027953,HAM_0006907,bkl,2,0.00064676284,0.0002336708,0.9958333,0.000491311,0.00026195456,0.0024528047,8.012604e-05
ISIC_0028995,HAM_0006945,bkl,2,0.0006695048,0.00012192588,0.039989896,0.00048316896,0.10660129,0.85168827,0.00044598637
ISIC_0026142,HAM_0006945,bkl,2,0.000954194,0.00027284774,0.17727835,0.0013093331,0.09396811,0.7248206,0.0013965028
ISIC_0030372,HAM_0000881,bkl,2,0.006175954,0.9910732,0.0020077326,7.653848e-05,0.00023255385,0.00029918883,0.00013485497
ISIC_0028404,HAM_0000881,bkl,2,0.2161012,0.6854282,0.089733176,0.0025505112,0.0023542345,0.003031766,0.0008009879
ISIC_0029849,HAM_0003605,bkl,2,0.002085973,0.00048398465,0.89756775,0.00072654715,0.093136266,0.005624763,0.00037472553
ISIC_0024312,HAM_0001359,bkl,2,0.046169728,0.6314678,0.16667,0.0058612307,0.12879258,0.020853557,0.000185126
ISIC_0030976,HAM_0001722,bkl,2,0.07439226,0.21228631,0.14155997,0.029332256,0.27788934,0.11451988,0.1500199
ISIC_0024881,HAM_0004696,bkl,2,0.6357416,0.044223875,0.115269475,0.0012563738,0.036788408,0.044315748,0.122404516
ISIC_0028628,HAM_0001359,bkl,2,0.17288208,0.16051558,0.3892155,0.0037200705,0.25675377,0.01670479,0.00020823875
ISIC_0026539,HAM_0004696,bkl,2,0.010229278,0.03608048,0.93691075,0.0011677608,0.008781666,0.0050036423,0.0018264126
ISIC_0029764,HAM_0004696,bkl,2,0.2419974,0.24341953,0.43862882,0.0010334186,0.004882253,0.034130342,0.035908286
ISIC_0029329,HAM_0002844,bkl,2,0.0006573438,0.06391795,0.9130402,0.0014413901,0.005927903,0.012594259,0.0024209565
ISIC_0028121,HAM_0004389,bkl,2,0.0007040754,0.0006777538,0.99783164,5.3066353e-05,0.00062224566,9.534295e-05,1.5933407e-05
ISIC_0031831,HAM_0004448,bkl,2,9.72703e-05,0.00019353957,0.999288,5.9926486e-05,8.6683125e-05,0.0002466962,2.7841203e-05
ISIC_0031000,HAM_0002193,bkl,2,0.026023058,0.025694776,0.91824067,0.000327902,0.025197793,0.004037807,0.00047802733
ISIC_0029029,HAM_0001763,bkl,2,0.0013528316,0.0047255945,0.9872994,0.0006625446,0.002620415,0.0032318332,0.00010731576
ISIC_0027392,HAM_0002193,bkl,2,0.0097942185,0.0038326632,0.97780263,0.00047170056,0.0069570197,0.0010547213,8.691566e-05
ISIC_0031037,HAM_0002303,bkl,2,0.04723569,0.00024932678,0.08519933,0.0002814228,0.8454892,0.0209096,0.0006354359
ISIC_0026277,HAM_0000696,bkl,2,0.00020786593,8.7501765e-05,0.9882492,6.451974e-05,0.0017834543,0.009519637,8.784424e-05
ISIC_0026016,HAM_0003789,bkl,2,0.0004201664,0.00014344386,0.9961438,0.00020789592,0.00067044125,0.0023734414,4.0777537e-05
ISIC_0029505,HAM_0003789,bkl,2,0.00017195706,6.78675e-05,0.99775237,0.00016879586,0.0006015185,0.001202393,3.5071927e-05
ISIC_0027735,HAM_0005896,bkl,2,0.00028351878,0.0016523829,0.9264128,0.0011558045,0.056622025,0.012864409,0.0010090955
ISIC_0024814,HAM_0005896,bkl,2,0.00024395957,0.00037896057,0.97478414,0.0001987255,0.021243354,0.0028996472,0.00025121256
ISIC_0031277,HAM_0003789,bkl,2,7.8495235e-05,3.8405247e-05,0.99480647,9.0083144e-05,0.0017674546,0.0031973228,2.1669994e-05
ISIC_0031853,HAM_0003789,bkl,2,6.967942e-05,5.352951e-05,0.9967591,7.022593e-05,0.0016362381,0.0013940923,1.7075676e-05
ISIC_0024435,HAM_0003317,bkl,2,0.00024125757,6.7520254e-05,0.9868482,0.00013881344,0.011444221,0.0012007763,5.92383e-05
ISIC_0026590,HAM_0003317,bkl,2,0.0004733904,4.177032e-05,0.989002,7.431835e-05,0.009829305,0.0005210613,5.821932e-05
ISIC_0030998,HAM_0001053,bkl,2,0.00013985005,0.00010413091,0.99713457,0.00016885616,0.00011834197,0.0022859022,4.8378104e-05
ISIC_0029464,HAM_0003789,bkl,2,0.0024409723,0.00040416044,0.9346297,0.0005422663,0.0025172278,0.059399806,6.597738e-05
ISIC_0024915,HAM_0003789,bkl,2,0.0028431336,0.006982062,0.9135771,0.00054848194,0.007533759,0.068280056,0.00023543884
ISIC_0029555,HAM_0007090,bkl,2,0.00017604348,9.646387e-05,0.99585414,0.00015765033,0.00031815155,0.0033184546,7.903966e-05
ISIC_0024602,HAM_0002984,bkl,2,0.0005135724,0.00016334807,0.9855562,0.00024665552,0.0067452,0.0066666165,0.000108389046
ISIC_0028449,HAM_0004556,bkl,2,0.00037933583,6.0852362e-05,0.99899524,5.627923e-05,0.0002270897,0.0002286474,5.250927e-05
ISIC_0028123,HAM_0004556,bkl,2,0.0001880634,0.00034590153,0.9945258,0.00016923873,0.001855827,0.0028485134,6.659924e-05
ISIC_0025851,HAM_0005845,bkl,2,0.00025034245,8.926235e-05,0.8673695,0.00032460055,0.01616815,0.11556581,0.0002324351
ISIC_0034315,HAM_0000754,bkl,2,0.00016728633,8.4116844e-05,0.9878643,0.00022598941,0.007896691,0.0036579852,0.00010346549
ISIC_0032967,HAM_0000754,bkl,2,0.00049714244,0.00013445901,0.97856015,0.00032286556,0.016936002,0.0033709137,0.00017847748
ISIC_0032827,HAM_0006003,bkl,2,0.0042086714,0.00023830812,0.98627394,0.00043236392,0.005092765,0.0035444894,0.00020948627
ISIC_0033022,HAM_0006003,bkl,2,0.0009678524,9.5212374e-05,0.99452066,0.00016435166,0.0008420147,0.0033172492,9.2644186e-05
ISIC_0034165,HAM_0004113,bkl,2,0.0005927439,0.00021031988,0.12225497,0.00058870576,0.83058006,0.045594204,0.00017884512
ISIC_0033185,HAM_0004113,bkl,2,7.200998e-05,7.314397e-05,0.054168325,0.00016069996,0.92879975,0.016682528,4.3591037e-05
ISIC_0034283,HAM_0007281,bkl,2,5.3348584e-05,6.2859996e-05,0.99825245,4.0073475e-05,0.00027052988,0.0013001135,2.0587806e-05
ISIC_0032113,HAM_0003393,bkl,2,0.001723441,0.00051696575,0.7466615,0.0045829834,0.0015328601,0.2443067,0.0006755686
ISIC_0027142,HAM_0004322,bkl,2,9.134735e-05,0.000273246,0.967284,0.0003498284,0.00020465179,0.031706553,9.045963e-05
ISIC_0027370,HAM_0004308,bkl,2,4.243576e-05,2.2231432e-05,0.99888784,8.979266e-05,1.8003562e-05,0.00090554624,3.406481e-05
ISIC_0024383,HAM_0003668,bkl,2,7.9686804e-05,6.2181476e-05,0.9991173,0.00014136515,3.1175343e-05,0.0004800453,8.829144e-05
ISIC_0029801,HAM_0000716,bkl,2,6.064935e-05,4.6410732e-05,0.99955934,0.000114475726,3.5549612e-05,0.00013272934,5.0823102e-05
ISIC_0032124,HAM_0002536,bkl,2,0.00014441201,4.9277867e-05,0.99798214,0.0004877649,5.1541996e-05,0.0011182781,0.00016654216
ISIC_0026441,HAM_0005993,bkl,2,8.4370186e-05,3.530838e-05,0.99861073,0.00019521106,5.0774874e-05,0.0009769475,4.6684738e-05
ISIC_0026783,HAM_0000089,bkl,2,0.004288045,0.0004505245,0.9597949,0.0004383723,0.026415374,0.008385343,0.00022742456
ISIC_0028958,HAM_0002912,bkl,2,7.2021474e-05,3.2272965e-05,0.8777942,0.00019482107,0.0003974115,0.1206673,0.00084193645
ISIC_0029227,HAM_0007219,bkl,2,0.00030676392,0.00036571702,0.42360097,0.0054454915,0.001445027,0.56779516,0.0010408137
ISIC_0031362,HAM_0000105,bkl,2,9.60027e-05,6.174235e-05,0.99886644,0.0001410539,6.0903963e-05,0.00058643904,0.00018741429
ISIC_0028880,HAM_0004103,df,2,0.013536668,0.011477206,0.11028395,0.6929439,0.027677288,0.064296655,0.079784386
ISIC_0031309,HAM_0004103,df,2,0.005423412,0.0025568393,0.03728009,0.68981826,0.19571559,0.04418482,0.025021031
ISIC_0029760,HAM_0004330,df,2,0.0035815416,0.010074154,0.062317275,0.2889976,0.55380297,0.06569173,0.015534736
ISIC_0030555,HAM_0004330,df,2,0.004087012,0.012662862,0.1348156,0.24293041,0.49409905,0.05684808,0.054556932
ISIC_0031443,HAM_0000827,df,2,9.592586e-05,9.216095e-05,0.0003487897,0.9990421,0.00020860264,0.00016942719,4.302657e-05
ISIC_0025223,HAM_0000827,df,2,0.00013955566,9.438198e-05,0.00011197198,0.999418,8.0650396e-05,7.725835e-05,7.816905e-05
ISIC_0034135,HAM_0006371,df,2,0.00016117578,0.00011954196,0.0006906089,0.9896947,0.0055990214,0.0036576125,7.733298e-05
ISIC_0033626,HAM_0006371,df,2,6.8680965e-05,5.4437332e-05,0.00024540492,0.997948,0.0007622011,0.0008607399,6.049247e-05
ISIC_0033780,HAM_0006371,df,2,6.654543e-05,5.6531546e-05,0.00023557867,0.9985862,0.00043659392,0.0005475363,7.111448e-05
ISIC_0033891,HAM_0007396,df,2,5.4391967e-05,6.8489826e-05,0.0002748797,0.9971163,0.0014600932,0.0009547513,7.1079194e-05
ISIC_0033554,HAM_0007396,df,2,7.936924e-05,7.3047e-05,0.00033908786,0.9970811,0.00097640406,0.0013489998,0.00010201168
ISIC_0033810,HAM_0007396,df,2,9.999976e-05,0.00011004297,0.0006091427,0.9928082,0.0028325077,0.0033801508,0.00015995529
ISIC_0030830,HAM_0006794,df,2,0.0022820584,0.0002881546,0.016153054,0.9342334,0.024799416,0.02115001,0.0010938748
ISIC_0031257,HAM_0003023,df,2,0.000120386874,9.2303824e-05,0.003107852,0.9908669,0.0040376005,0.0016753329,9.960949e-05
ISIC_0026629,HAM_0004065,df,2,0.0028706675,0.00014785549,0.0071589467,0.9874449,0.00039452425,0.0018794723,0.00010362375
ISIC_0025771,HAM_0001841,df,2,4.8255493e-05,7.97154e-05,0.00038560663,0.9985002,0.0005129391,0.00030903151,0.00016420556
ISIC_0028069,HAM_0001811,mel,2,0.00027094307,6.201023e-05,0.014129362,0.0005309991,0.63891953,0.34602022,6.704905e-05
ISIC_0028579,HAM_0001811,mel,2,0.00025961778,7.644368e-05,0.011356333,0.00044335323,0.5246773,0.46302608,0.00016088581
ISIC_0031118,HAM_0006900,mel,2,0.000506332,0.0003704404,0.0022018235,0.00019731664,0.99082595,0.0056964746,0.00020160174
ISIC_0030080,HAM_0006900,mel,2,0.00060808397,0.00067046355,0.002229716,0.00016738122,0.97881913,0.017240899,0.00026435827
ISIC_0026115,HAM_0004910,mel,2,0.0017203616,5.4856348e-05,0.004928376,7.0712624e-05,0.97278756,0.02034791,9.026635e-05
ISIC_0026281,HAM_0004910,mel,2,0.0031307589,0.0006385417,0.04520453,0.00029406368,0.90265274,0.047652334,0.00042702525
ISIC_0025081,HAM_0001203,mel,2,0.001958828,0.00039409258,0.0038690553,0.0009307223,0.3653522,0.60946447,0.018030645
ISIC_0030134,HAM_0001203,mel,2,0.0010207614,0.00014435123,0.0018483602,0.000447246,0.43964982,0.55576944,0.0011199927
ISIC_0032244,HAM_0000152,mel,2,0.00014050117,0.00012423426,0.16369541,0.00062417256,0.72934586,0.105896324,0.00017349579
ISIC_0027102,HAM_0003782,mel,2,9.116007e-05,8.25979e-05,2.3071396e-05,0.00021964477,0.99691594,0.0025420904,0.00012545573
ISIC_0024624,HAM_0000210,mel,2,0.0011115584,0.00079517113,0.3692327,0.0006814756,0.6087618,0.019171394,0.00024585187
ISIC_0027651,HAM_0005742,mel,2,0.0005753905,0.012377709,0.021586098,0.001281556,0.33121327,0.6273059,0.005660015
ISIC_0030014,HAM_0005742,mel,2,0.000769284,0.00494583,0.032999553,0.0019992718,0.8841086,0.073571056,0.00160646
ISIC_0032220,HAM_0003521,mel,2,0.0040638493,0.10283109,0.21631595,0.006879169,0.09012988,0.5480834,0.03169655
ISIC_0031189,HAM_0006214,mel,2,0.00017917433,0.00034604274,0.11848004,0.00053753407,0.8585229,0.021767296,0.00016700882
ISIC_0032190,HAM_0006214,mel,2,0.00023302488,0.0002584393,0.20816103,0.00050798,0.7629099,0.02784332,8.6228836e-05
ISIC_0028219,HAM_0000233,mel,2,6.2458144e-05,0.00017312742,0.010361215,0.00061379006,0.2789516,0.70955074,0.00028711627
ISIC_0026314,HAM_0000233,mel,2,6.352496e-05,0.0010059021,0.0050785476,0.00036200837,0.22664051,0.766715,0.00013448235
ISIC_0030760,HAM_0005624,mel,2,0.00049791805,0.0004587036,0.013623037,0.0011397457,0.23530518,0.7477983,0.001177074
ISIC_0028565,HAM_0005624,mel,2,0.0038002592,0.007699258,0.25446695,0.008547307,0.58361936,0.13889275,0.0029741316
ISIC_0028415,HAM_0000796,mel,2,0.0007432263,0.00086215755,0.00936003,0.09288575,0.8376405,0.05812642,0.0003818336
ISIC_0028041,HAM_0000796,mel,2,0.0021608314,0.0023662664,0.012912127,0.13860466,0.792955,0.04956602,0.0014352131
ISIC_0028325,HAM_0001729,mel,2,0.0003463565,0.00035874965,0.051003832,0.00040890556,0.9111552,0.036593456,0.00013353232
ISIC_0024537,HAM_0001729,mel,2,4.7897393e-05,2.0802574e-05,6.708599e-05,3.247236e-05,0.9988637,0.00094712974,2.096573e-05
ISIC_0032408,HAM_0002115,mel,2,0.00012658659,0.0006288885,0.0005074278,0.00012523406,0.9971,0.0014402432,7.16355e-05
ISIC_0030440,HAM_0002509,mel,2,0.0006375661,0.00014792723,0.019641351,0.0007950151,0.63536495,0.3414174,0.001995742
ISIC_0024732,HAM_0002509,mel,2,5.514428e-05,0.000101227946,0.002635036,9.965855e-05,0.96085423,0.036039643,0.0002151383
ISIC_0028969,HAM_0005328,mel,2,0.007768821,0.00051642815,0.60996383,0.00015295432,0.36923987,0.011869196,0.00048894435
ISIC_0032441,HAM_0005328,mel,2,0.015171351,0.002587406,0.3950357,0.00060326495,0.5202798,0.06461388,0.0017085016
ISIC_0030324,HAM_0005095,mel,2,0.0072672195,0.0010430515,0.019404216,0.0038358716,0.95571816,0.012334071,0.0003974472
ISIC_0027260,HAM_0002391,mel,2,0.00011407795,0.000106332336,0.009313551,0.00038743118,0.966855,0.02305126,0.00017225764
ISIC_0027604,HAM_0002391,mel,2,0.00011709877,8.303546e-05,0.0053002946,0.000183504,0.97136277,0.02279969,0.00015362308
ISIC_0029434,HAM_0002391,mel,2,0.00015154963,7.665176e-05,0.0038347906,0.0001358482,0.97524536,0.020439202,0.00011665191
ISIC_0025324,HAM_0004121,mel,2,4.0494415e-05,3.856465e-05,0.0013073711,9.657354e-05,0.03022421,0.96820134,9.143398e-05
ISIC_0026996,HAM_0004121,mel,2,3.5452133e-05,7.161528e-05,0.02833285,0.00022670558,0.12022132,0.85096043,0.00015160954
ISIC_0024756,HAM_0007272,mel,2,0.0028114864,0.00060536043,0.0072737704,0.023690186,0.91093814,0.05449281,0.00018826588
ISIC_0025035,HAM_0007073,mel,2,0.0012657634,8.507043e-05,0.0016468663,0.00014959514,0.97021824,0.02657218,6.2238854e-05
ISIC_0032888,HAM_0002939,mel,2,0.0019467346,0.00045968866,0.126962,0.00023988476,0.7508693,0.11880478,0.00071756385
ISIC_0033968,HAM_0002939,mel,2,0.00037830768,0.0003519335,0.023132391,0.000327398,0.94040626,0.034793723,0.0006098707
ISIC_0033975,HAM_0003983,mel,2,0.0003918635,0.0122531755,0.024764186,0.011960568,0.7281463,0.21948487,0.0029991067
ISIC_0033278,HAM_0003983,mel,2,0.0013343806,0.002428078,0.028308291,0.080171674,0.8737919,0.013717432,0.00024828615
ISIC_0033679,HAM_0003983,mel,2,0.00025706753,0.004841044,0.023573855,0.7326453,0.20544477,0.032395165,0.0008428919
ISIC_0033636,HAM_0005500,mel,2,0.030372778,0.00027006044,0.010667056,0.00010868888,0.950422,0.00793289,0.00022652707
ISIC_0033362,HAM_0007234,mel,2,0.00016068577,0.00011506145,0.003354389,0.00012489803,0.8390265,0.15703379,0.0001845873
ISIC_0033947,HAM_0005545,mel,2,0.00010846096,3.604715e-05,0.95960873,0.00012829843,0.034010928,0.0060385643,6.894198e-05
ISIC_0033881,HAM_0005545,mel,2,0.00010019835,4.4549677e-05,0.9717358,8.620784e-05,0.014755027,0.013226323,5.198222e-05
ISIC_0029363,HAM_0005400,mel,2,0.004001926,0.0027652942,0.0065940353,0.0010272779,0.9598301,0.025628611,0.00015269124
ISIC_0032602,HAM_0004811,mel,2,0.00018734166,2.6056774e-05,0.00013546526,0.000109275425,0.98395973,0.015535806,4.6360587e-05
ISIC_0032724,HAM_0004811,mel,2,4.1777595e-05,1.988912e-05,0.00010100527,5.4969267e-05,0.99304587,0.006704172,3.234634e-05
ISIC_0033129,HAM_0004811,mel,2,0.00015532284,1.2024088e-05,7.459752e-05,0.00012952386,0.9936871,0.005920231,2.1226946e-05
ISIC_0034262,HAM_0000097,mel,2,0.00024322023,0.00057778496,0.00670015,0.00079593237,0.9005529,0.09092547,0.00020441232
ISIC_0033103,HAM_0000097,mel,2,0.00031496715,0.00032719437,0.0031989685,0.0002452967,0.9407395,0.055079393,9.45703e-05
ISIC_0034106,HAM_0000097,mel,2,6.372694e-05,4.2951695e-05,0.00044186693,7.435897e-05,0.98376137,0.015593466,2.2283046e-05
ISIC_0033240,HAM_0005303,mel,2,0.00024206702,0.00056117616,0.04224849,0.00018705489,0.95222664,0.0044682045,6.643644e-05
ISIC_0032782,HAM_0005303,mel,2,0.0037098436,0.0031887293,0.20715156,0.00074129115,0.5889684,0.19574444,0.00049573905
ISIC_0032522,HAM_0005303,mel,2,0.0010617112,0.0011246807,0.037609804,0.00040023477,0.8918343,0.06783705,0.00013224146
ISIC_0032718,HAM_0003202,mel,2,0.0006207381,0.008014557,0.008208623,0.0006022278,0.97795016,0.0044990527,0.00010465151
ISIC_0032736,HAM_0003202,mel,2,0.00012399074,0.0006628021,0.0017368967,0.00021612803,0.9959156,0.0013136416,3.1014806e-05
ISIC_0033911,HAM_0005711,mel,2,0.00022829454,8.219975e-05,0.005799344,0.0007633128,0.7401596,0.25281224,0.0001550764
ISIC_0033779,HAM_0005711,mel,2,0.0002487589,5.5886354e-05,0.0005674719,0.0014615257,0.9165742,0.08103343,5.8682897e-05
ISIC_0032638,HAM_0005711,mel,2,0.00014155697,5.7194186e-05,0.0005389465,0.0009175626,0.912722,0.08556222,6.0409104e-05
ISIC_0033848,HAM_0000002,mel,2,5.4098255e-05,5.9473357e-05,3.0228062e-05,9.024432e-05,0.9936708,0.0060605262,3.4589022e-05
ISIC_0032622,HAM_0000002,mel,2,6.258603e-05,4.1407253e-05,3.307728e-05,7.4395364e-05,0.9958448,0.0038986204,4.5211284e-05
ISIC_0034246,HAM_0000002,mel,2,6.2637635e-05,3.32991e-05,2.2095504e-05,4.148189e-05,0.996666,0.0031352127,3.931264e-05
ISIC_0033624,HAM_0007574,mel,2,0.00704884,0.0031585994,0.060477845,0.0007386018,0.77439475,0.1539838,0.00019763058
ISIC_0033238,HAM_0007574,mel,2,9.193732e-05,0.00028792745,0.011648165,0.00010357,0.9773415,0.010461761,6.519332e-05
ISIC_0034089,HAM_0007574,mel,2,0.0005332172,0.0007022711,0.0025475665,0.000115993986,0.97354037,0.022496533,6.405797e-05
ISIC_0032797,HAM_0001863,mel,2,0.00037984631,3.4094028e-05,0.00020702367,5.4695334e-05,0.9890625,0.010241468,2.0239535e-05
ISIC_0032596,HAM_0001863,mel,2,0.0007666882,0.0003318027,0.00021888028,5.676475e-05,0.99684745,0.0017436227,3.46996e-05
ISIC_0032856,HAM_0001863,mel,2,0.0064461906,6.7140776e-05,0.0012560744,4.088232e-05,0.97176534,0.020366268,5.8105496e-05
ISIC_0033193,HAM_0001863,mel,2,0.0015110967,2.3477445e-05,0.0017997366,1.591669e-05,0.99483985,0.0017813765,2.8485625e-05
ISIC_0033125,HAM_0001863,mel,2,0.00011808094,9.115682e-05,0.00019803827,5.093499e-05,0.9978543,0.0016670839,2.03796e-05
ISIC_0032810,HAM_0001863,mel,2,0.0005728983,0.0007060547,0.0012869552,0.0004453031,0.981657,0.015199663,0.00013201754
ISIC_0033141,HAM_0005274,mel,2,0.00023103355,0.00020750202,0.004389721,0.0010735175,0.86045724,0.13325034,0.00039070533
ISIC_0033261,HAM_0005274,mel,2,0.00031649845,0.000178932,0.0017739271,0.0007864071,0.69025636,0.3062994,0.00038854012
ISIC_0032766,HAM_0005274,mel,2,0.0002806403,0.00014291774,0.00092966825,0.0009891436,0.9809272,0.01661612,0.00011438991
ISIC_0033166,HAM_0005249,mel,2,0.00010193637,6.0513372e-05,0.00024262967,0.00021121242,0.86733186,0.13197455,7.739778e-05
ISIC_0033320,HAM_0005249,mel,2,2.4998119e-05,3.4842287e-05,0.00086395885,8.776475e-05,0.9663685,0.03255465,6.534874e-05
ISIC_0032526,HAM_0005249,mel,2,7.719172e-05,0.00015900705,0.00530948,0.00015502056,0.73127306,0.26278847,0.00023776724
ISIC_0033387,HAM_0001105,mel,2,0.0008768376,0.00082210544,0.15453821,0.00077078963,0.6005604,0.24123076,0.0012008379
ISIC_0025592,HAM_0001105,mel,2,0.00021129558,0.0001128777,0.0049981955,0.00020240879,0.62986326,0.3645369,7.504604e-05
ISIC_0032552,HAM_0001105,mel,2,0.00063436717,0.0006792487,0.8950018,0.00092299876,0.052197207,0.048748266,0.0018159895
ISIC_0032730,HAM_0004284,mel,2,2.3995757e-05,3.574157e-05,0.0003726688,2.6509055e-05,0.9971361,0.002363079,4.178613e-05
ISIC_0032709,HAM_0004284,mel,2,4.278414e-05,4.9052254e-05,0.00037277027,4.5454613e-05,0.9837589,0.015685067,4.590068e-05
ISIC_0033206,HAM_0004284,mel,2,9.80183e-05,7.875991e-05,0.0013953715,7.185192e-05,0.9884608,0.009823926,7.1292765e-05
ISIC_0033518,HAM_0002952,mel,2,2.86078e-05,1.6556924e-05,0.0047550406,3.0274929e-05,0.9913316,0.003805887,3.19767e-05
ISIC_0033843,HAM_0002952,mel,2,6.177132e-05,5.445166e-06,0.001047848,4.948945e-05,0.9964116,0.0024126433,1.1260384e-05
ISIC_0033878,HAM_0003351,mel,2,3.0323683e-05,5.7431953e-05,0.025199644,4.1936128e-05,0.9737229,0.00090014323,4.761276e-05
ISIC_0033607,HAM_0005627,mel,2,5.8248355e-05,3.3909673e-05,0.0011821521,0.0001991798,0.28019232,0.7182965,3.768149e-05
ISIC_0033568,HAM_0005627,mel,2,0.0005206817,6.555394e-05,0.00831359,0.00013062445,0.1871947,0.8036634,0.000111511006
ISIC_0027234,HAM_0005681,mel,2,0.001359321,0.00023300704,0.4115275,0.0007038304,0.24004188,0.3458647,0.0002697655
ISIC_0033807,HAM_0001974,mel,2,0.0002184143,0.0021780785,0.00013042115,0.00021650305,0.99666995,0.0003726253,0.0002139807
ISIC_0033533,HAM_0001974,mel,2,0.00027578464,0.00091135525,0.000120011675,0.0003415477,0.9974722,0.0004364198,0.00044264356
ISIC_0034173,HAM_0005021,mel,2,0.001161421,0.0006502269,0.013767358,0.0005422248,0.93364596,0.049384873,0.00084805576
ISIC_0033454,HAM_0005021,mel,2,0.0009463685,0.000715753,0.031646967,0.0007619151,0.667454,0.29734015,0.0011348692
ISIC_0031741,HAM_0006400,mel,2,5.3619293e-05,2.2659537e-05,0.00065486337,9.094266e-05,0.93977267,0.059377726,2.7493239e-05
ISIC_0033752,HAM_0000079,mel,2,0.0005220631,0.000109537286,0.124420375,0.00016735095,0.86364853,0.011053725,7.8435805e-05
ISIC_0033424,HAM_0000079,mel,2,0.0017244442,4.288698e-05,0.064914994,0.00012241249,0.9263774,0.006722771,9.514892e-05
ISIC_0031186,HAM_0000988,mel,2,0.24999177,0.00012737709,0.0022956093,0.00014575361,0.74633753,0.00081374263,0.00028817222
ISIC_0024806,HAM_0000373,mel,2,0.0002976088,7.5383145e-06,0.0017886867,1.8260938e-05,0.9858393,0.012028073,2.0531324e-05
ISIC_0025520,HAM_0005600,mel,2,2.6129423e-05,3.1029456e-05,0.00023794662,9.455624e-05,0.98863214,0.010918547,5.9577666e-05
ISIC_0024449,HAM_0001950,mel,2,0.00014391748,4.502108e-05,0.00035446417,0.00033658458,0.95366544,0.045394506,5.9993727e-05
ISIC_0027622,HAM_0006467,mel,2,5.268962e-05,2.166605e-05,0.00028042137,0.000115761,0.9715849,0.027886633,5.7868216e-05
ISIC_0026352,HAM_0001444,mel,2,3.6379683e-05,0.0001267298,0.0005356407,0.00052425556,0.52551574,0.472913,0.00034820783
ISIC_0024688,HAM_0001444,mel,2,3.229814e-05,5.5915283e-05,0.0004233722,0.00020694053,0.6364629,0.36264563,0.00017290529
ISIC_0026438,HAM_0004850,mel,2,2.715774e-05,1.750014e-05,0.00016750245,9.02726e-05,0.06951642,0.93011945,6.168092e-05
ISIC_0028126,HAM_0004850,mel,2,1.9765705e-05,1.588219e-05,0.00012888858,8.763725e-05,0.035667505,0.96402276,5.7530066e-05
ISIC_0027669,HAM_0002711,mel,2,0.00020701083,0.00016601331,0.005018782,0.00084144017,0.8064114,0.1867374,0.0006180202
ISIC_0031795,HAM_0002711,mel,2,0.00023284598,9.189895e-05,0.0071382914,0.00076198287,0.87914515,0.112208225,0.00042162958
ISIC_0025313,HAM_0001378,mel,2,0.00015135967,9.753446e-05,0.0028797525,0.00065427384,0.13259432,0.8629365,0.0006863431
ISIC_0024701,HAM_0000917,mel,2,0.0011023185,0.0002751938,0.0014057622,0.0021783505,0.1760306,0.8187405,0.00026724846
ISIC_0030390,HAM_0000917,mel,2,0.0014163038,0.00046522653,0.0008061979,0.0044949646,0.17700456,0.8152699,0.00054284366
ISIC_0027407,HAM_0000373,mel,2,0.003432501,3.8675436e-05,0.03214014,0.00015386324,0.8962601,0.06790791,6.682516e-05
ISIC_0031999,HAM_0003531,mel,2,0.0048958086,0.008757605,0.030821834,0.0019455174,0.48354918,0.46867192,0.0013581902
ISIC_0028543,HAM_0004669,mel,2,0.0010427218,0.00012514491,0.7448057,0.000263384,0.029506419,0.22406845,0.00018823204
ISIC_0024525,HAM_0005540,mel,2,0.020830633,0.00035683924,0.3943909,0.00053359073,0.35215145,0.23049594,0.0012406356
ISIC_0029089,HAM_0000624,mel,2,0.9344349,0.0004989675,0.0011310485,0.0039419685,0.057672802,0.0020025754,0.0003177831
ISIC_0032420,HAM_0003055,mel,2,0.0010039564,7.7719815e-05,0.24566005,0.00045606776,0.7420506,0.010517808,0.00023384833
ISIC_0026266,HAM_0002436,mel,2,0.00020570606,0.00021940106,0.042220745,0.0006473795,0.7646331,0.19182503,0.00024861397
ISIC_0029744,HAM_0003782,mel,2,8.291814e-05,0.000115796945,1.9946408e-05,0.00038792906,0.99785334,0.0014231489,0.00011681918
ISIC_0025127,HAM_0002436,mel,2,0.000111547175,0.0002000229,0.024371417,0.00019924309,0.85243624,0.12256548,0.00011599069
ISIC_0026811,HAM_0002525,mel,2,0.1687935,0.0018068167,0.22936547,0.0017375987,0.32599404,0.2684174,0.0038852668
ISIC_0027742,HAM_0005203,mel,2,0.00022569991,2.5298112e-05,0.0002869881,0.00019570885,0.75719064,0.24201268,6.298138e-05
ISIC_0031529,HAM_0001657,mel,2,4.1620824e-05,2.1216358e-05,0.0018949732,0.00017268206,0.08460834,0.91318554,7.5660544e-05
ISIC_0032192,HAM_0007070,mel,2,0.22786011,0.0002198901,0.017306726,0.0007015444,0.74566674,0.007916829,0.00032816565
ISIC_0031670,HAM_0006130,mel,2,0.001614182,5.3040523e-05,0.11299725,0.001272566,0.87501276,0.008872262,0.00017803742
ISIC_0030653,HAM_0003957,mel,2,0.00013225987,0.012819764,0.85778815,0.0007234182,0.042415813,0.08526494,0.0008557312
ISIC_0025409,HAM_0001877,mel,2,0.0004646444,0.0009918512,0.0059090545,0.0003174794,0.97262776,0.019603431,8.5782856e-05
ISIC_0030255,HAM_0002817,mel,2,0.00013877427,5.4664153e-05,0.003907837,0.0006004579,0.14635438,0.8488168,0.00012709796
ISIC_0029495,HAM_0002817,mel,2,0.000307924,0.0005674662,0.018019127,0.0014210481,0.76395124,0.21506189,0.0006712556
ISIC_0031350,HAM_0003435,mel,2,0.017320003,0.0022279476,0.019669307,0.0028495884,0.64992833,0.3076046,0.00040022994
ISIC_0026870,HAM_0003587,mel,2,0.00087220466,6.3677835e-05,0.073612556,0.00016260706,0.8880695,0.037159592,5.9819788e-05
ISIC_0025105,HAM_0006955,mel,2,0.008194376,7.117272e-05,0.010734551,0.0003825082,0.8862878,0.09414671,0.00018281394
ISIC_0031410,HAM_0003782,mel,2,0.000113789196,0.00025048776,7.303861e-05,0.00063933065,0.99502134,0.0033416848,0.00056036364
ISIC_0032207,HAM_0000513,mel,2,3.5874953e-05,0.00027726154,0.0015536308,0.0006157326,0.025500303,0.9719607,5.6439225e-05
ISIC_0030083,HAM_0005746,mel,2,9.013541e-05,1.3267235e-05,0.00014069937,6.724511e-05,0.9924716,0.0071883667,2.869669e-05
ISIC_0030002,HAM_0005746,mel,2,0.00020844616,3.664949e-05,0.0050848285,0.00043359143,0.95490605,0.03926002,7.05059e-05
ISIC_0029271,HAM_0005783,mel,2,0.008829436,0.011232527,0.20066288,0.017042052,0.66961604,0.09250034,0.000116764946
ISIC_0031821,HAM_0003957,mel,2,0.00016349817,0.0026181922,0.06481055,0.00070056,0.07315367,0.8570529,0.0015005675
ISIC_0024630,HAM_0007511,mel,2,6.1818e-05,1.432893e-05,0.00027671107,7.115208e-05,0.99521893,0.0043464913,1.0503764e-05
ISIC_0024333,HAM_0007511,mel,2,0.0005698741,0.00042515193,0.53454185,0.0014810305,0.37317035,0.08968054,0.00013119246
ISIC_0025128,HAM_0006899,mel,2,0.00010372779,0.0009363277,0.0033999505,0.00041589877,0.6419328,0.35312685,8.449497e-05
ISIC_0026045,HAM_0005909,mel,2,0.008414042,0.0011158745,0.24285166,0.0007594754,0.7378783,0.0086684255,0.00031229746
ISIC_0025550,HAM_0006899,mel,2,7.668985e-05,0.0039360807,0.0075155557,0.0005666656,0.030698126,0.95685774,0.00034911252
ISIC_0030925,HAM_0002613,mel,2,0.00069069373,3.440441e-05,0.017614294,0.00010912365,0.9542238,0.027281554,4.6115703e-05
ISIC_0030604,HAM_0002613,mel,2,0.005261408,0.00012905092,0.03677417,0.00018413624,0.9103053,0.047126837,0.00021909471
ISIC_0024958,HAM_0002613,mel,2,0.0019037657,0.00013885429,0.32552376,0.00033439777,0.49928138,0.17254703,0.0002708036
ISIC_0025188,HAM_0002525,mel,2,0.11338755,0.0006452395,0.07687184,0.0005795197,0.7020845,0.10496879,0.0014626145
ISIC_0032745,HAM_0000494,vasc,2,0.047311846,0.14197312,0.049148515,0.0151883755,0.61205333,0.038577117,0.095747724
ISIC_0032557,HAM_0000494,vasc,2,0.012161861,0.112166524,0.0035635808,0.0034404756,0.6123171,0.009916533,0.24643396
ISIC_0033092,HAM_0000494,vasc,2,0.016343666,0.096752934,0.03816286,0.003349729,0.28381786,0.004798265,0.55677474
ISIC_0031648,HAM_0005989,vasc,2,0.00071566115,0.0036017445,0.001124794,0.000378603,0.16840792,0.00489424,0.82087713
ISIC_0033565,HAM_0005989,vasc,2,6.8210065e-05,0.0010139073,0.00022387071,6.794414e-05,0.0047586025,0.0008240996,0.9930434
ISIC_0033123,HAM_0005989,vasc,2,1.4916746e-05,0.0012012962,4.9874798e-05,3.6560516e-05,0.0001584244,0.00023528213,0.99830353
ISIC_0033749,HAM_0001852,vasc,2,0.0025533678,0.0025409309,0.008208235,0.0041324007,0.73906213,0.025462784,0.21804006
ISIC_0034196,HAM_0001852,vasc,2,0.001985035,0.0009807461,0.011270039,0.001340521,0.4371025,0.013859846,0.5334613
ISIC_0032270,HAM_0005270,vasc,2,0.00034811694,0.000103710256,0.007830798,0.001294675,0.018083112,0.9691543,0.0031852422
ISIC_0031950,HAM_0005158,vasc,2,3.9669365e-05,0.0009035321,0.0001001191,0.00050031964,0.00018649992,0.00038642832,0.9978834
ISIC_0027159,HAM_0004877,vasc,2,0.0028575833,0.023815526,0.0044606244,0.3641743,0.44445613,0.14387167,0.01636416
ISIC_0028188,HAM_0004877,vasc,2,0.0011629204,0.028147476,0.0011974942,0.17981885,0.07503289,0.7070424,0.007598018
ISIC_0031719,HAM_0007020,vasc,2,0.004862064,0.0047355406,0.04642373,0.0027460791,0.022968793,0.8411613,0.077102445
ISIC_0030070,HAM_0007020,vasc,2,0.0018334119,0.0009236997,0.004615953,0.0005820014,0.008014691,0.037077658,0.94695246
ISIC_0026336,HAM_0006406,vasc,2,1.4998556e-05,1.3589823e-05,1.8520745e-05,1.1853253e-05,3.7121783e-05,3.8657134e-05,0.9998653
ISIC_0031201,HAM_0004549,vasc,2,1.1157039e-05,1.301845e-05,1.1124402e-05,1.1016293e-05,3.0730458e-05,4.2540203e-05,0.99988043
ISIC_0025677,HAM_0004097,vasc,2,2.7786698e-05,1.3489358e-05,5.8309695e-05,3.160969e-05,0.00011027479,0.00047714435,0.99928147
ISIC_0025596,HAM_0005938,vasc,2,1.6149312e-05,1.408568e-05,5.8099136e-05,2.1816328e-05,0.00010987659,0.00020978566,0.9995701
ISIC_0027563,HAM_0002788,vasc,2,0.00026312697,0.0032855682,0.0016744208,0.00062263774,0.0021774678,0.16996363,0.82201314
ISIC_0029742,HAM_0002650,vasc,2,2.3024268e-05,1.5778038e-05,3.323941e-05,1.8124978e-05,5.482929e-05,0.00010589284,0.9997491
ISIC_0025628,HAM_0005475,vasc,2,1.5716523e-05,4.0686013e-05,1.8142682e-05,1.6026503e-05,5.6129516e-05,0.000104416664,0.9997489
ISIC_0024370,HAM_0001780,vasc,2,1.2470441e-05,2.8545124e-05,8.202311e-06,1.4423646e-05,5.6285742e-05,3.728444e-05,0.99984276
ISIC_0025250,HAM_0004769,vasc,2,8.2911894e-05,0.0011007157,3.555564e-05,3.4529083e-05,0.00010369058,0.00086438365,0.99777824
ISIC_0026349,HAM_0003829,vasc,2,5.409575e-05,6.5061045e-05,2.9125527e-05,2.8450835e-05,0.00016304514,0.0001963102,0.999464
ISIC_0028155,HAM_0000781,bcc,2,0.107900545,0.076925,0.0319343,0.00603996,0.7600303,0.0042704437,0.012899472
ISIC_0024590,HAM_0004511,bcc,2,4.2968426e-05,0.9996425,3.9778122e-05,1.9329598e-05,4.5339402e-05,0.00012604479,8.4045976e-05
ISIC_0025932,HAM_0007262,bcc,2,0.00037426714,0.99935204,5.9174305e-05,4.4362805e-05,6.738148e-05,4.027463e-05,6.250052e-05
ISIC_0028747,HAM_0007262,bcc,2,0.0012564348,0.99825877,0.00011140608,3.1392854e-05,0.00018322968,4.987256e-05,0.000108825356
ISIC_0028994,HAM_0000687,bcc,2,0.22752616,0.5500877,0.046134546,0.00463082,0.16613688,0.0016969418,0.0037869539
ISIC_0027365,HAM_0002346,bcc,2,0.00018856612,0.8571119,0.046775773,0.0036122478,0.0043721204,0.086539395,0.0014001457
ISIC_0026343,HAM_0002346,bcc,2,0.00021773727,0.9974693,0.00023750844,0.0001970938,0.00029242583,0.0014386678,0.00014718459
ISIC_0029341,HAM_0002346,bcc,2,0.00018718862,0.9418057,0.0045962622,0.0010158927,0.0039315717,0.04809555,0.00036793196
ISIC_0025383,HAM_0001907,bcc,2,0.0013200619,0.9900899,0.0029144196,0.00053127384,0.0047328807,0.0002852047,0.00012631189
ISIC_0025513,HAM_0001907,bcc,2,0.2706967,0.66736865,0.036742296,0.0037061116,0.014444805,0.006243042,0.00079837814
ISIC_0031272,HAM_0006384,bcc,2,0.00022842422,0.99753296,0.00037076915,0.00025432845,0.0005505089,0.0009174104,0.00014547913
ISIC_0030010,HAM_0006548,bcc,2,1.8257957e-05,0.9972972,8.279103e-05,2.524984e-05,8.735941e-05,0.0020674954,0.00042168115
ISIC_0029201,HAM_0000009,bcc,2,0.0063797203,0.1479211,0.009089576,0.0024191055,0.17259985,0.02030443,0.6412862
ISIC_0026439,HAM_0000009,bcc,2,0.0074251676,0.86750174,0.06132597,0.0036011112,0.014505864,0.006754093,0.038886108
ISIC_0029779,HAM_0000009,bcc,2,0.008932509,0.106092006,0.020918826,0.003147878,0.062125128,0.01639334,0.78239024
ISIC_0030349,HAM_0006572,bcc,2,7.13855e-05,0.9994593,7.173491e-05,3.6460144e-05,1.9363837e-05,7.4519696e-05,0.00026730952
ISIC_0026091,HAM_0006572,bcc,2,0.00024243532,0.99919933,0.00013087987,4.7124617e-05,5.0114926e-05,7.081154e-05,0.00025927095
ISIC_0034160,HAM_0006572,bcc,2,0.0011733412,0.9151016,0.0009623406,0.000786207,0.003264311,0.005907297,0.07280503
ISIC_0027297,HAM_0003186,bcc,2,0.012591037,0.8887546,0.008768528,0.0027712912,0.025052495,0.061253227,0.00080885796
ISIC_0032959,HAM_0003427,bcc,2,0.00020614704,0.028199138,0.0014850431,0.0007525832,0.747061,0.094239034,0.12805693
ISIC_0034123,HAM_0006586,bcc,2,0.0004521899,0.99781287,0.00034670605,9.5155134e-05,0.0007346939,0.00040042252,0.00015796041
ISIC_0034026,HAM_0006586,bcc,2,0.0015065172,0.94594395,0.015074779,0.0020471348,0.029443014,0.004665391,0.0013191506
ISIC_0025102,HAM_0007248,bcc,2,3.7140737e-05,0.9993993,0.00012442446,4.658492e-05,0.00010056538,0.00020191152,9.005824e-05
ISIC_0032850,HAM_0007248,bcc,2,3.7141246e-05,0.99843746,0.00012024517,6.5696164e-05,0.00010810332,0.0011453194,8.5935346e-05
ISIC_0030712,HAM_0007248,bcc,2,7.2256065e-05,0.99888605,0.0001478261,9.609839e-05,0.00020344027,0.00047945106,0.000114902454
ISIC_0029392,HAM_0002983,bcc,2,0.0010618987,0.9980083,0.00061192224,3.8679656e-05,4.1659627e-05,9.6672535e-05,0.00014079515
ISIC_0024632,HAM_0001666,bcc,2,0.009109717,0.9738105,0.013267511,0.0011062138,0.00012278763,0.002248843,0.00033442394
ISIC_0026668,HAM_0001666,bcc,2,0.017981345,0.9703104,0.009099163,0.00024142122,0.00039959414,0.0015582042,0.00040987
ISIC_0026716,HAM_0000504,bcc,2,0.0012958818,0.9974355,0.0007619026,7.931995e-05,2.9351659e-05,0.00036659266,3.148973e-05
ISIC_0025971,HAM_0000504,bcc,2,0.0004735697,0.9990858,0.00022827764,1.7624385e-05,9.847841e-06,9.8975215e-05,8.590722e-05
ISIC_0028765,HAM_0004511,bcc,2,3.7776015e-05,0.9997576,3.5940677e-05,1.1342417e-05,2.3988458e-05,5.6819383e-05,7.649618e-05
ISIC_0026496,HAM_0005757,bcc,2,3.434856e-05,0.9983944,0.00013745255,1.6904429e-05,0.00020048112,0.000976736,0.00023959327
ISIC_0025433,HAM_0005410,bcc,2,0.00018644314,0.999042,5.492444e-05,3.694661e-05,0.00024844852,0.00027682623,0.00015449135
ISIC_0029412,HAM_0002024,bcc,2,0.7414224,0.15878561,0.077612974,0.019272288,0.0013263074,0.0011344507,0.00044599606
ISIC_0030511,HAM_0005599,bcc,2,4.046878e-05,0.99830306,4.375719e-05,6.2556974e-05,4.0311013e-05,9.986819e-05,0.0014099538
ISIC_0030813,HAM_0006465,bcc,2,9.3717106e-05,0.99918455,2.495411e-05,1.43579555e-05,4.7031972e-05,0.00021792541,0.00041735327
ISIC_0025940,HAM_0001503,bcc,2,0.96747106,0.0011585237,0.02511131,0.00050071377,0.0047044726,0.000822319,0.00023149312
ISIC_0031122,HAM_0003389,bcc,2,3.725277e-05,0.9994815,0.00017698963,1.9630828e-05,1.3571347e-05,0.00021785714,5.325801e-05
ISIC_0025826,HAM_0005585,bcc,2,0.00023225026,0.99900466,0.00031628806,7.198291e-05,1.5643594e-05,0.0003311334,2.810645e-05
ISIC_0025601,HAM_0001528,bcc,2,0.00924171,0.97070616,0.0020711862,0.0004330856,0.00053062756,0.013244605,0.0037724734
ISIC_0032461,HAM_0001528,bcc,2,0.0022197647,0.9960989,0.0007157863,0.000107220025,4.684096e-05,0.00074929104,6.217551e-05
ISIC_0031925,HAM_0001707,bcc,2,0.0033446173,0.9915276,0.0038196729,0.0006073182,2.6879854e-05,0.00031676932,0.00035719833
ISIC_0029644,HAM_0005184,bcc,2,0.00064092694,0.9989679,0.000102304584,5.4652854e-05,1.5102624e-05,0.0001476939,7.14201e-05
ISIC_0031552,HAM_0006588,bcc,2,5.0391285e-05,0.99786466,0.0001865875,2.9192734e-05,6.0902326e-05,0.001157025,0.0006512544
ISIC_0024564,HAM_0002666,bcc,2,0.048140217,0.1006272,0.02738932,0.8214179,0.0013223247,0.0004999412,0.0006030442
ISIC_0025322,HAM_0002666,bcc,2,0.01225977,0.031405937,0.015845966,0.93866426,0.001032474,0.00037687013,0.0004147201
ISIC_0030915,HAM_0003043,bcc,2,0.002496799,0.9893064,0.006054566,0.00023304783,0.00017938334,0.0013628822,0.00036699392
ISIC_0029053,HAM_0002812,bcc,2,0.115781374,0.7183084,0.12865989,0.012298977,0.005647404,0.007817706,0.01148632
ISIC_0030352,HAM_0001129,bcc,2,0.00051209383,0.9991696,6.896679e-05,2.811109e-05,6.763285e-05,9.754412e-05,5.60696e-05
ISIC_0025509,HAM_0002269,bcc,2,8.0163205e-05,0.9846881,6.230935e-05,5.5203025e-05,9.879519e-05,0.0012950327,0.013720451
ISIC_0024443,HAM_0002269,bcc,2,3.4137098e-05,0.9980792,6.383881e-05,3.126484e-05,8.149176e-05,0.00094962615,0.00076044246
ISIC_0030249,HAM_0003444,bcc,2,0.43687478,0.53318334,0.027792433,0.0010999576,0.00052879716,0.00028084207,0.00023974825
ISIC_0028687,HAM_0003444,bcc,2,0.0023042576,0.9953733,0.0013622309,0.00038245664,4.9923034e-05,0.00038283033,0.00014502248
ISIC_0027120,HAM_0003444,bcc,2,0.003704008,0.99542063,0.00054626714,0.0001116331,5.515456e-05,0.0001218887,4.0430827e-05
ISIC_0027788,HAM_0002812,bcc,2,0.00015906288,0.9996387,5.7146488e-05,5.3214393e-05,1.9329524e-05,4.6143257e-05,2.6368773e-05
ISIC_0025031,HAM_0002934,bcc,2,0.00011971595,0.9993967,8.559893e-05,1.3649941e-05,1.9362624e-05,0.00033379014,3.1123218e-05
ISIC_0026957,HAM_0001369,bcc,2,0.00033624758,0.49041337,0.0065851943,0.0035381643,0.010090372,0.48850146,0.00053522724
ISIC_0025564,HAM_0004161,bcc,2,0.0015641241,0.8916103,0.0020934849,0.000478898,0.091977574,0.012117969,0.00015761565
ISIC_0025775,HAM_0004516,nv,2,6.4621227e-06,6.667253e-06,9.445153e-05,6.485216e-05,0.00012528077,0.9996661,3.6183897e-05
ISIC_0025384,HAM_0002623,nv,2,2.165133e-05,2.2513821e-05,0.0021073613,0.00017691207,0.0013303946,0.9958929,0.00044824518
ISIC_0029624,HAM_0006489,nv,2,1.977356e-05,2.8103896e-05,0.00044117792,0.00027753506,0.006068751,0.99307793,8.682007e-05
ISIC_0026824,HAM_0004408,nv,2,9.121474e-06,1.1329708e-05,0.0007140714,4.5293815e-05,0.00055639097,0.9986374,2.6497164e-05
ISIC_0025320,HAM_0006653,nv,2,8.502137e-06,3.5930072e-06,0.00025213533,5.634147e-05,0.0010268621,0.99863607,1.6484606e-05
ISIC_0031403,HAM_0006421,nv,2,9.264994e-06,9.652905e-06,5.1273844e-05,0.00018659282,0.0030447228,0.9966757,2.2797112e-05
ISIC_0030517,HAM_0005093,nv,2,7.853753e-06,4.8765064e-06,0.00020508871,2.7358803e-05,0.0003300594,0.9993874,3.7322083e-05
ISIC_0031486,HAM_0005487,nv,2,3.707852e-06,7.2607065e-05,0.00019388009,0.00042481924,0.00040064266,0.99884915,5.5074954e-05
ISIC_0025723,HAM_0005552,nv,2,7.0939e-05,1.4525166e-05,0.0026723845,4.5179724e-05,0.0038317544,0.9932079,0.0001572314
ISIC_0027278,HAM_0007236,nv,2,8.469099e-05,0.00013990485,0.0021320502,0.0007398813,0.001591772,0.99460715,0.0007046222
ISIC_0028090,HAM_0005407,nv,2,1.1695366e-05,5.622469e-06,0.000366149,3.0099398e-05,0.00040370988,0.99915123,3.151311e-05
ISIC_0031371,HAM_0001079,nv,2,1.1024112e-05,1.4547637e-05,0.00018222835,0.0003950223,0.008505959,0.99086624,2.5038067e-05
ISIC_0031100,HAM_0006178,nv,2,1.0440185e-05,1.05632525e-05,0.00046591455,0.00015229786,0.00036055862,0.99890244,9.775642e-05
ISIC_0031297,HAM_0003323,nv,2,4.081585e-06,7.9602e-06,0.00034735003,0.00010108462,0.002268327,0.99722856,4.2655873e-05
ISIC_0029997,HAM_0000526,nv,2,4.0482537e-05,7.2027105e-05,0.0060789627,0.00022272745,0.02159393,0.9717056,0.0002862671
ISIC_0030421,HAM_0007183,nv,2,8.43054e-06,1.4090949e-05,0.00042254227,0.00013473973,0.0032708272,0.99604553,0.00010371289
ISIC_0026755,HAM_0001931,nv,2,6.160687e-06,8.637204e-06,0.0001703976,0.00020678448,0.00079904933,0.9987722,3.661342e-05
ISIC_0031966,HAM_0005792,nv,2,3.20995e-06,1.0987125e-05,0.00014316314,0.0002420173,0.00037265383,0.99918264,4.527431e-05
ISIC_0026038,HAM_0000724,nv,2,7.0518918e-06,5.364797e-06,0.00047035664,3.9834817e-05,0.0003196609,0.99911386,4.3921216e-05
ISIC_0028917,HAM_0003349,nv,2,1.325386e-05,3.1357945e-06,0.00021432465,3.68821e-05,0.00046904333,0.9992473,1.6049777e-05
ISIC_0032087,HAM_0001323,nv,2,3.1984916e-06,3.424785e-06,5.9618884e-05,2.4719719e-05,0.00037957286,0.9995127,1.6791662e-05
ISIC_0027808,HAM_0006668,nv,2,2.275106e-05,1.3853222e-05,0.0002855442,6.4811735e-05,0.0010098735,0.99855524,4.797622e-05
ISIC_0027854,HAM_0002105,nv,2,4.563536e-06,3.8730227e-06,0.00018184533,3.4418892e-05,0.0002893138,0.9994624,2.3494578e-05
ISIC_0027339,HAM_0000776,nv,2,1.4728655e-05,8.133936e-06,0.00027595286,0.0003190138,0.003973693,0.99538875,1.9665335e-05
ISIC_0028339,HAM_0000472,nv,2,5.953167e-06,4.849353e-06,5.2186395e-05,2.3067289e-05,0.00022371841,0.9996629,2.7233049e-05
ISIC_0030642,HAM_0007023,nv,2,8.1642565e-06,5.0891426e-06,0.00020222084,0.00039898578,0.00026487498,0.99909925,2.1384285e-05
ISIC_0025675,HAM_0000557,nv,2,2.0031157e-05,5.064669e-06,0.001342605,5.5905122e-05,0.0003624174,0.9981862,2.7756241e-05
ISIC_0029293,HAM_0000580,nv,2,9.90899e-05,3.6667352e-05,0.0027230396,0.00027682103,0.1352361,0.8614221,0.0002061181
ISIC_0026036,HAM_0003038,nv,2,2.411701e-05,1.6607766e-05,0.00029618197,0.00026246675,0.012640183,0.9866375,0.00012295564
ISIC_0026214,HAM_0002256,nv,2,8.248931e-06,8.919222e-06,0.0004898347,0.00013628812,0.0016266262,0.99770075,2.9359464e-05
ISIC_0030888,HAM_0005838,nv,2,1.3338329e-05,1.5870624e-05,0.000485177,0.0010794387,0.0005486378,0.99778986,6.773762e-05
ISIC_0025501,HAM_0003483,nv,2,1.4206406e-05,2.0913852e-05,0.0051676715,0.00013697607,0.00014524181,0.99444795,6.711633e-05
ISIC_0026399,HAM_0003344,nv,2,4.254838e-06,5.033047e-06,0.00011975633,5.1986623e-05,4.02114e-05,0.99973375,4.510065e-05
ISIC_0029290,HAM_0005226,nv,2,1.04825085e-05,7.639268e-06,0.00076677126,0.00023939763,0.003790802,0.9951467,3.82686e-05
ISIC_0029336,HAM_0005863,nv,2,1.7818644e-05,1.6641272e-05,0.0016388167,7.214535e-05,0.0017685257,0.9963819,0.000104153965
ISIC_0026585,HAM_0006507,nv,2,0.0001193336,0.0001873718,0.15571009,0.0009150991,0.00047013353,0.84176075,0.00083728554
ISIC_0026169,HAM_0006785,nv,2,7.2483135e-06,6.1156247e-06,0.00023973832,2.3581353e-05,0.00042790183,0.9992429,5.2522286e-05
ISIC_0025813,HAM_0001915,nv,2,8.711798e-06,4.4322037e-06,0.00016506323,6.000127e-05,0.00018754412,0.9995584,1.577503e-05
ISIC_0027422,HAM_0002539,nv,2,8.665152e-06,7.828312e-06,6.765933e-05,8.6961176e-05,0.0017037032,0.9980976,2.7537797e-05
ISIC_0029561,HAM_0005046,nv,2,1.5740412e-05,1.7423048e-05,0.004263279,8.908847e-05,8.151301e-05,0.9954189,0.00011400154
ISIC_0028054,HAM_0004890,nv,2,1.5614192e-05,3.767662e-05,0.0013123527,0.006499173,0.0026029258,0.9893673,0.00016494337
ISIC_0030235,HAM_0002896,nv,2,1.18594935e-05,1.1767202e-05,0.00095415284,0.0009701256,0.0005572323,0.997465,2.9756584e-05
ISIC_0030968,HAM_0006194,nv,2,0.0011483369,0.0010766578,0.09033717,0.038513545,0.0003655996,0.8638175,0.0047411676
ISIC_0029015,HAM_0002321,nv,2,2.7029808e-05,2.2850465e-05,0.00057549396,0.00013369658,0.00017267866,0.997059,0.0020092844
ISIC_0031730,HAM_0003648,nv,2,0.00021699414,1.3630259e-05,0.002872328,0.0002551827,0.00050761533,0.9960084,0.0001258321
ISIC_0030469,HAM_0005810,nv,2,1.3140916e-05,3.9771578e-05,0.004360832,0.00018570664,0.00048957055,0.9946097,0.00030128448
ISIC_0031330,HAM_0002495,nv,2,4.963818e-06,8.232046e-06,0.00018540386,9.578787e-05,3.7037866e-05,0.9995553,0.00011330744
ISIC_0028007,HAM_0006969,nv,2,3.3456495e-06,3.6601516e-06,9.497664e-05,0.000103921404,0.00019683539,0.9995722,2.4963792e-05
ISIC_0030729,HAM_0003048,nv,2,1.1324283e-05,1.816698e-05,0.00024956584,0.00016902968,0.0010745784,0.9981592,0.0003180716
ISIC_0027691,HAM_0001482,nv,2,9.869324e-06,8.262249e-06,0.00042006432,4.1067316e-05,0.0021145954,0.9973617,4.4578148e-05
ISIC_0028546,HAM_0007512,nv,2,3.849127e-06,9.287838e-06,0.00018643739,0.0005201392,0.00012530573,0.99913317,2.1806793e-05
ISIC_0030376,HAM_0000053,nv,2,8.712673e-06,5.4842926e-06,0.00012648612,6.044842e-05,0.000108143104,0.9996588,3.193194e-05
ISIC_0027301,HAM_0003092,nv,2,1.1200545e-05,7.1473646e-06,0.00013376237,3.240985e-05,0.00087170815,0.99889,5.380134e-05
ISIC_0025508,HAM_0000705,nv,2,5.5928413e-06,2.025895e-05,0.00027135978,0.00012277515,0.0017299755,0.9977762,7.388738e-05
ISIC_0029118,HAM_0000444,nv,2,0.00027323148,7.1416034e-05,0.13400492,0.00030184956,0.0048431437,0.8602745,0.00023098449
ISIC_0024863,HAM_0002359,nv,2,0.0004464261,0.00012240418,0.067760505,0.0003951255,0.0020916478,0.9281255,0.0010584438
ISIC_0025615,HAM_0006568,nv,2,8.492388e-05,3.4245397e-05,0.0057255435,0.0005383102,0.09779058,0.89575946,6.6918416e-05
ISIC_0024637,HAM_0006812,nv,2,1.4701419e-05,1.0084412e-05,6.177452e-05,4.095026e-05,0.0023916552,0.9974368,4.4019107e-05
ISIC_0024879,HAM_0001387,nv,2,0.0001053823,0.00011461503,0.07789082,0.0002744107,0.17484535,0.74625975,0.0005096715
ISIC_0031947,HAM_0002961,nv,2,9.863345e-06,7.833086e-06,0.0005356356,0.0001760312,0.00051285705,0.9987062,5.147875e-05
ISIC_0031571,HAM_0003233,nv,2,4.1239422e-05,8.444009e-06,0.0007730184,0.00031809925,0.0011686833,0.9976369,5.3576652e-05
ISIC_0031219,HAM_0004851,nv,2,5.7522257e-06,7.924026e-06,0.00019665428,4.4980432e-05,0.0031166337,0.9965822,4.5778095e-05
ISIC_0031477,HAM_0005464,nv,2,6.259345e-06,5.301871e-06,0.00067766005,4.105591e-05,0.00020561775,0.99903417,2.9832516e-05
ISIC_0029469,HAM_0003976,nv,2,3.7238515e-05,2.4613157e-05,0.008953192,0.0011494411,0.00029984963,0.9893897,0.0001458499
ISIC_0032193,HAM_0007492,nv,2,2.9090455e-05,4.167015e-05,0.0032557684,0.0014071426,0.0026263224,0.99242836,0.0002116185
ISIC_0024887,HAM_0003457,nv,2,1.05945155e-05,8.28331e-06,9.718778e-05,5.401397e-05,0.0018454762,0.99795294,3.144459e-05
ISIC_0030282,HAM_0005211,nv,2,1.537297e-05,7.079619e-06,4.6937726e-05,5.8357924e-05,0.000713031,0.99913186,2.743206e-05
ISIC_0028869,HAM_0002283,nv,2,7.413496e-06,1.2439542e-05,0.00013920106,0.00010299184,0.0033234905,0.99639183,2.2569138e-05
ISIC_0031461,HAM_0001241,nv,2,1.1708122e-05,2.4689463e-05,0.0012613909,0.00013763954,0.00020471339,0.9982893,7.054009e-05
ISIC_0030862,HAM_0006428,nv,2,1.369125e-05,6.2195313e-06,0.00014626344,4.2089734e-05,0.0051183384,0.9946203,5.3154476e-05
ISIC_0026021,HAM_0004013,nv,2,5.8735786e-06,6.5780964e-06,0.0001094015,6.492912e-05,0.0018526464,0.99792445,3.6156143e-05
ISIC_0030957,HAM_0003371,nv,2,1.9753463e-05,1.6995322e-05,9.600339e-05,9.205547e-05,0.04191861,0.95779717,5.9435475e-05
ISIC_0031288,HAM_0005182,nv,2,8.2782084e-05,6.664731e-05,0.0043978365,0.00012021221,0.00750292,0.9874987,0.00033094556
ISIC_0029274,HAM_0003632,nv,2,2.5848332e-05,3.5746943e-05,0.002400653,5.3141026e-05,9.802807e-05,0.9972861,0.00010045079
ISIC_0027165,HAM_0005476,nv,2,4.943864e-06,1.0283792e-05,0.00014201376,3.4687848e-05,0.00032495742,0.9994337,4.939776e-05
ISIC_0025084,HAM_0001522,nv,2,2.9087103e-05,3.6058358e-05,0.007159205,0.00032469703,7.544621e-05,0.99231404,6.145725e-05
ISIC_0027373,HAM_0007616,nv,2,2.5106941e-05,6.0110902e-05,0.0008418061,0.0002087857,0.06894836,0.9297542,0.00016165251
ISIC_0024309,HAM_0000484,nv,2,3.763819e-05,1.6156397e-05,0.0003809684,0.0003156027,0.0048626917,0.9941664,0.00022054145
ISIC_0026202,HAM_0006219,nv,2,4.9272905e-05,2.1233443e-05,0.007185326,9.2775896e-05,0.00047080987,0.9920517,0.00012880657
ISIC_0030871,HAM_0004533,nv,2,1.8751489e-05,1.3880596e-05,0.0026451733,5.177452e-05,0.0005485342,0.9966276,9.421044e-05
ISIC_0032201,HAM_0000227,nv,2,4.210395e-06,5.322438e-06,0.00021663857,0.00016984965,0.0005796133,0.99899954,2.4852221e-05
ISIC_0030804,HAM_0000702,nv,2,0.00019613843,6.195925e-05,0.06407971,0.00048450002,0.002572602,0.9324935,0.00011153823
ISIC_0026858,HAM_0007093,nv,2,4.4843605e-06,7.3073247e-06,5.5032295e-05,0.00013744218,0.00022910714,0.99953866,2.8066603e-05
ISIC_0027331,HAM_0004499,nv,2,0.00011136528,3.209419e-05,0.0039334362,0.00014105413,0.002478366,0.9930326,0.00027109357
ISIC_0029305,HAM_0002459,nv,2,2.6365267e-05,2.2683933e-05,0.00473377,0.0012330702,0.0021641052,0.9917276,9.2384e-05
ISIC_0031437,HAM_0001376,nv,2,3.5616772e-06,2.3958717e-06,3.7569345e-05,9.1576956e-05,0.00020801586,0.99964285,1.4059219e-05
ISIC_0027333,HAM_0000564,nv,2,0.0013849627,0.0002740502,0.3300704,0.001188097,0.01018372,0.6564234,0.00047536957
ISIC_0025482,HAM_0000328,nv,2,5.6684194e-06,4.237166e-06,4.788007e-05,3.996625e-05,0.000402464,0.99947804,2.1771755e-05
ISIC_0026051,HAM_0005813,nv,2,5.2018904e-06,5.5590567e-06,0.00012911353,0.0001775577,0.00013740709,0.99952734,1.7787826e-05
ISIC_0025634,HAM_0004135,nv,2,0.00041891198,0.00027796757,0.10742367,0.0009702022,0.0038876731,0.8855027,0.0015189077
ISIC_0026994,HAM_0002930,nv,2,5.2719854e-05,1.8615163e-05,0.0022725642,0.0001148139,0.0002299009,0.9971419,0.00016935283
ISIC_0030274,HAM_0005100,nv,2,1.0300468e-05,1.0922043e-05,0.00021343178,7.4347634e-05,0.0005011748,0.99910104,8.880884e-05
ISIC_0031256,HAM_0005065,nv,2,9.680453e-06,4.915406e-06,0.00010838747,5.476323e-05,0.0002611332,0.9995202,4.0915747e-05
ISIC_0025461,HAM_0000852,nv,2,0.0003321626,0.0002225683,0.026854875,0.004414009,0.11895303,0.84858686,0.00063651963
ISIC_0027868,HAM_0003900,nv,2,0.0014946623,0.0019820405,0.06518901,0.01321085,0.0062989118,0.9034287,0.00839579
ISIC_0027440,HAM_0003025,nv,2,0.00012338061,0.00014623221,0.0339438,0.00027913073,0.005764722,0.9539809,0.005761908
ISIC_0027758,HAM_0007145,nv,2,1.4014984e-05,1.2392361e-05,0.0008042674,9.2556795e-05,0.0005606473,0.9984459,7.020751e-05
ISIC_0031963,HAM_0005521,nv,2,9.215041e-05,2.7054037e-05,0.0008666482,0.000117517375,0.0005841886,0.9979527,0.00035968854
ISIC_0031625,HAM_0001862,nv,2,2.5484922e-05,7.74216e-06,0.0026456318,5.805142e-05,0.0004325206,0.9968003,3.0264095e-05
ISIC_0030743,HAM_0003513,nv,2,0.0022498474,0.00046746692,0.65695804,0.0031297104,0.0010350969,0.33488664,0.0012731911
ISIC_0025246,HAM_0001042,nv,2,9.248999e-06,1.5918533e-05,0.0008196606,0.00011300646,0.002058615,0.9969002,8.340715e-05
ISIC_0031018,HAM_0005097,nv,2,2.5468844e-05,2.0827703e-05,0.00045453577,0.000491148,0.00075198006,0.99811894,0.00013701263
ISIC_0029085,HAM_0007467,nv,2,3.519964e-06,3.865924e-06,0.00016223034,3.3972137e-05,0.00019312422,0.9995809,2.2421344e-05
ISIC_0027111,HAM_0000368,nv,2,7.525302e-06,6.461925e-06,5.6260335e-05,3.476268e-05,0.00022436865,0.99963546,3.510382e-05
ISIC_0030193,HAM_0000671,nv,2,3.309737e-05,0.000120828925,0.02084285,0.0045696334,0.002819396,0.97146755,0.000146604
ISIC_0026032,HAM_0006370,nv,2,0.0002502544,0.00031083892,0.8636841,0.00058699545,0.00069503515,0.13270919,0.0017636041
ISIC_0025318,HAM_0000760,nv,2,5.150928e-06,6.152825e-06,0.00019825767,0.0001226061,0.00016863951,0.99944776,5.1366267e-05
ISIC_0024322,HAM_0001538,nv,2,2.5904028e-06,9.681073e-06,0.00017089039,3.582932e-05,0.00017151734,0.99958414,2.5307741e-05
ISIC_0026112,HAM_0000301,nv,2,2.1981634e-05,8.574571e-06,0.001710771,0.00048823317,0.00037894477,0.9973564,3.5126548e-05
ISIC_0030477,HAM_0000141,nv,2,8.637564e-06,4.8169272e-06,7.531264e-05,2.9942672e-05,0.0010462793,0.99881387,2.1315636e-05
ISIC_0026302,HAM_0003751,nv,2,9.355472e-06,7.075687e-06,0.00024881837,0.00011073642,0.0010000812,0.9985769,4.7187335e-05
ISIC_0028817,HAM_0003294,nv,2,1.4954042e-05,9.903341e-06,0.0005694267,0.00033344366,0.000147244,0.99884677,7.835358e-05
ISIC_0027215,HAM_0006950,nv,2,6.0122857e-06,3.5413502e-06,3.243869e-05,4.3971915e-05,9.244307e-05,0.9997788,4.2723215e-05
ISIC_0027307,HAM_0002262,nv,2,1.880294e-05,1.2722706e-05,0.00010931866,9.65205e-05,0.00034069442,0.9993623,5.9639024e-05
ISIC_0026731,HAM_0001213,nv,2,6.4872593e-06,6.0467905e-06,8.058974e-05,3.3268327e-05,0.0001734645,0.99964213,5.7961646e-05
ISIC_0031086,HAM_0004159,nv,2,7.704304e-06,6.5641493e-06,4.6372243e-05,6.1403254e-05,0.00012431081,0.9997061,4.7518308e-05
ISIC_0030461,HAM_0004252,nv,2,9.42099e-06,5.9301506e-06,8.0436774e-05,5.394998e-05,0.00011502361,0.9996953,3.9857994e-05
ISIC_0025931,HAM_0001407,nv,2,3.496543e-05,3.196099e-05,0.0005160761,9.579134e-05,0.070250906,0.9289961,7.416653e-05
ISIC_0025213,HAM_0003150,nv,2,6.033632e-06,6.3479397e-06,3.6423007e-05,4.1353363e-05,0.00045159186,0.9994168,4.1454445e-05
ISIC_0030099,HAM_0000474,nv,2,1.9070812e-05,9.276236e-06,9.442146e-05,0.00023395225,0.0017150242,0.99788505,4.3144944e-05
ISIC_0027055,HAM_0005294,nv,2,6.0684943e-06,4.3709724e-06,0.00010601538,2.1747042e-05,0.00052482844,0.99931896,1.7923603e-05
ISIC_0031367,HAM_0006891,nv,2,2.8862945e-05,6.2237896e-06,0.0005464684,6.776692e-05,0.00012139892,0.9991968,3.248319e-05
ISIC_0030596,HAM_0006285,nv,2,5.3131007e-06,8.229092e-06,0.00046355525,5.5472017e-05,0.00021016858,0.9991966,6.0627335e-05
ISIC_0027871,HAM_0004310,nv,2,4.432757e-06,5.7029006e-06,8.21425e-05,2.9303113e-05,0.00012491643,0.99968326,7.0225906e-05
ISIC_0028554,HAM_0000942,nv,2,2.1381533e-05,1.2350537e-05,0.00088637223,5.4813358e-05,0.0019134597,0.9970215,9.010756e-05
ISIC_0031636,HAM_0003469,nv,2,8.066107e-06,1.3640749e-05,0.00024140466,8.380489e-05,0.00087412016,0.9987237,5.52296e-05
ISIC_0025397,HAM_0004402,nv,2,3.2050982e-06,2.7575763e-06,7.15062e-05,2.40791e-05,0.00025786547,0.9996228,1.7806908e-05
ISIC_0032088,HAM_0007045,nv,2,9.753938e-06,5.6012154e-06,0.0004586361,3.5090994e-05,0.00012215112,0.99927014,9.858346e-05
ISIC_0029367,HAM_0003304,nv,2,1.593009e-05,7.9633555e-06,0.00024329725,4.5115477e-05,4.2839798e-05,0.99957424,7.05275e-05
ISIC_0025866,HAM_0001882,nv,2,3.242485e-06,3.7692647e-05,7.138851e-05,6.654141e-05,0.00026941742,0.99950147,5.0375456e-05
ISIC_0024641,HAM_0005860,nv,2,4.9441787e-06,5.6907147e-06,9.285807e-05,7.1913e-05,0.00029821665,0.9994973,2.904129e-05
ISIC_0029689,HAM_0006976,nv,2,5.8701908e-06,5.050547e-06,4.1917672e-05,0.00015124645,0.00047878627,0.9992987,1.8474131e-05
ISIC_0027283,HAM_0000265,nv,2,6.5132124e-05,1.2862904e-05,0.00019905982,5.5061413e-05,0.0009349382,0.99860364,0.00012927795
ISIC_0032507,HAM_0004725,nv,2,6.078281e-06,5.138459e-06,4.704519e-05,3.6088415e-05,0.0009073982,0.99897754,2.0723834e-05
ISIC_0024392,HAM_0006311,nv,2,8.8010975e-06,6.962241e-06,4.702398e-05,3.4504414e-05,0.001834854,0.99803966,2.8189199e-05
ISIC_0026145,HAM_0005326,nv,2,3.6037465e-05,3.339437e-05,0.00070066325,7.1250346e-05,0.060025685,0.9389597,0.00017327357
ISIC_0027579,HAM_0004726,nv,2,1.1915662e-05,1.581655e-05,3.984054e-05,0.0013867106,0.0001607587,0.9982822,0.000102734775
ISIC_0025082,HAM_0000158,nv,2,4.6176583e-06,8.831503e-06,0.00013862306,5.0673116e-05,8.387284e-05,0.99953353,0.00017987123
ISIC_0031581,HAM_0003329,nv,2,1.1120665e-05,9.605354e-06,9.464778e-05,3.2021973e-05,0.00014626268,0.99954456,0.00016163144
ISIC_0029181,HAM_0003126,nv,2,7.930206e-06,1.0485318e-05,0.0002590464,6.155897e-05,0.00027696794,0.9993094,7.461775e-05
ISIC_0028745,HAM_0003214,nv,2,1.1120268e-05,9.255109e-06,0.00020508864,0.00011402367,0.00011649991,0.999509,3.496254e-05
ISIC_0030556,HAM_0001771,nv,2,9.804023e-06,5.820047e-06,0.00014398115,0.00010136524,0.0011887342,0.99853325,1.6939832e-05
ISIC_0026591,HAM_0001766,nv,2,9.508281e-06,2.3857172e-05,0.0006652813,3.5018413e-05,5.3868076e-05,0.9991529,5.956833e-05
ISIC_0026448,HAM_0002659,nv,2,2.1479633e-05,2.1270893e-05,0.00021810492,0.00014664336,0.009535798,0.98992693,0.00012979202
ISIC_0032143,HAM_0004796,nv,2,7.5657545e-06,4.913524e-06,7.964953e-05,4.4701155e-05,0.00069380214,0.9991375,3.188414e-05
ISIC_0027813,HAM_0007153,nv,2,6.929421e-06,4.5890215e-06,3.4476172e-05,4.0662548e-05,0.00068574294,0.99917233,5.5254408e-05
ISIC_0028208,HAM_0002398,nv,2,5.4980315e-05,0.00026383784,0.0051765656,0.0005695609,0.0002252321,0.9922759,0.0014339752
ISIC_0026510,HAM_0002428,nv,2,9.180448e-06,5.261601e-06,0.00037983322,3.9800234e-05,0.00032251768,0.9992219,2.1512593e-05
ISIC_0026093,HAM_0004704,nv,2,8.52766e-06,4.8589145e-06,0.0001549678,4.0366594e-05,8.264508e-05,0.99967957,2.9018236e-05
ISIC_0030441,HAM_0000479,nv,2,1.737184e-05,1.3823014e-05,0.00011590834,0.0001175613,0.0013827141,0.99832577,2.6853533e-05
ISIC_0027775,HAM_0001754,nv,2,2.5157176e-05,7.657535e-06,0.000119084194,9.4065465e-05,0.0001475168,0.9994766,0.0001300243
ISIC_0025894,HAM_0000017,nv,2,4.973595e-06,3.0462415e-06,8.550932e-05,0.00014598989,0.00016147777,0.99956995,2.8986731e-05
ISIC_0030692,HAM_0001828,nv,2,7.982808e-06,1.01505175e-05,0.00012459805,5.0354454e-05,0.0016610095,0.9981096,3.6410907e-05
ISIC_0031055,HAM_0004180,nv,2,1.4166878e-05,1.267433e-05,0.00010927586,0.00013706263,0.00014715448,0.99945885,0.00012092782
ISIC_0032352,HAM_0004244,nv,2,5.102792e-06,4.55628e-06,6.3267136e-05,3.0178555e-05,0.0019952764,0.9978733,2.835013e-05
ISIC_0031273,HAM_0006687,nv,2,4.849083e-06,5.9180584e-06,5.3630072e-05,3.8666032e-05,0.00022524044,0.99960726,6.451672e-05
ISIC_0024778,HAM_0001115,nv,2,4.89746e-06,5.703388e-06,3.9089944e-05,7.875208e-05,7.899277e-05,0.9997687,2.3848575e-05
ISIC_0028979,HAM_0004608,nv,2,3.8137584e-06,2.9528057e-06,5.4531112e-05,2.302238e-05,0.00022679905,0.99966717,2.1712172e-05
ISIC_0032361,HAM_0001690,nv,2,3.8362627e-06,4.30481e-06,3.1808482e-05,2.2955583e-05,0.000228695,0.99969125,1.709249e-05
ISIC_0030752,HAM_0001483,nv,2,8.622584e-06,9.341464e-06,0.0004666576,4.1906438e-05,0.00029866028,0.99903095,0.00014396502
ISIC_0026953,HAM_0001332,nv,2,5.2443443e-06,3.646869e-06,6.284496e-05,2.3734172e-05,4.321904e-05,0.99984276,1.8520328e-05
ISIC_0027477,HAM_0000641,nv,2,2.722189e-05,1.6382422e-05,0.004152082,0.00021802021,0.000997831,0.9943861,0.00020242493
ISIC_0029087,HAM_0000911,nv,2,6.7541536e-05,1.6231625e-05,0.0005340512,2.7881882e-05,0.0024160547,0.9968465,9.1599904e-05
ISIC_0025639,HAM_0004647,nv,2,8.144334e-05,3.4150147e-05,0.002281132,6.2201325e-05,0.033439253,0.9639684,0.00013349288
ISIC_0026407,HAM_0001736,nv,2,6.462512e-06,4.0679024e-06,8.658364e-05,3.717103e-05,0.000105426094,0.99972624,3.40435e-05
ISIC_0028459,HAM_0006109,nv,2,5.397522e-06,6.459988e-06,0.00043937535,2.836397e-05,0.00014583993,0.9993358,3.873111e-05
ISIC_0030265,HAM_0003374,nv,2,7.0263413e-06,6.261575e-06,0.0002887284,8.707379e-05,0.00017382347,0.9993901,4.690403e-05
ISIC_0030505,HAM_0007190,nv,2,6.8111863e-06,6.42356e-06,0.00010226327,2.7362987e-05,0.00026177676,0.9995402,5.5086148e-05
ISIC_0030248,HAM_0006403,nv,2,1.0737689e-05,4.1967346e-06,8.5308115e-05,2.3752915e-05,0.00018223605,0.9996556,3.8217408e-05
ISIC_0028392,HAM_0002634,nv,2,6.412175e-06,6.412175e-06,0.00011046461,3.205886e-05,8.61613e-05,0.9997193,3.9068927e-05
ISIC_0027695,HAM_0005445,nv,2,3.6025694e-06,5.2519554e-06,0.00016094872,0.00012213731,0.0003491068,0.9993401,1.8857692e-05
ISIC_0026727,HAM_0005920,nv,2,0.000261501,5.5351495e-05,0.006397763,0.0004531589,0.0014507226,0.99120086,0.000180783
ISIC_0026945,HAM_0003999,nv,2,1.882709e-05,1.5187201e-05,0.0001579455,8.404822e-05,0.0009637614,0.9986934,6.6813045e-05
ISIC_0029322,HAM_0001371,nv,2,2.4533576e-05,8.816325e-06,0.0037493564,5.6322686e-05,0.0002616443,0.9958688,3.0652034e-05
ISIC_0029449,HAM_0000957,nv,2,6.2983063e-06,6.335319e-06,0.00012612902,2.4668205e-05,0.0004304754,0.99937975,2.6361944e-05
ISIC_0026906,HAM_0005782,nv,2,4.8684847e-06,7.644257e-06,0.000107547916,7.7771794e-05,6.2278166e-05,0.9996941,4.5719677e-05
ISIC_0028221,HAM_0003930,nv,2,0.00017304804,0.00027788355,0.0016100784,0.0003309631,0.001211204,0.99626887,0.00012784709
ISIC_0025844,HAM_0006840,nv,2,3.7576963e-05,1.1118584e-05,0.0003205987,4.862821e-05,0.00013244362,0.9993575,9.219005e-05
ISIC_0027927,HAM_0006614,nv,2,7.2803405e-06,4.9454047e-06,4.521141e-05,9.6761025e-05,6.0987313e-05,0.9997452,3.96852e-05
ISIC_0025377,HAM_0007211,nv,2,9.49077e-06,6.916525e-06,3.7683636e-05,0.00044560852,0.00019800327,0.9992625,3.9801853e-05
ISIC_0030357,HAM_0004026,nv,2,1.0725697e-05,6.7382393e-06,0.00029771266,2.4407931e-05,0.0010666219,0.9985392,5.4522807e-05
ISIC_0032198,HAM_0001093,nv,2,0.00010883439,0.00046724727,0.010107948,0.00087763404,0.0005222711,0.98767465,0.00024145962
ISIC_0026678,HAM_0002075,nv,2,5.946531e-05,9.21779e-06,0.0004649983,3.5543053e-05,0.0019730704,0.99742496,3.2743792e-05
ISIC_0028301,HAM_0005069,nv,2,6.523154e-06,6.163948e-06,5.1736257e-05,5.080996e-05,0.00053256337,0.99930084,5.12585e-05
ISIC_0027491,HAM_0007495,nv,2,3.1170614e-05,1.4270947e-05,0.00042043184,0.00033650943,0.00020425284,0.99896574,2.756175e-05
ISIC_0028603,HAM_0007559,nv,2,3.9342162e-06,4.7086405e-06,6.538276e-05,0.00021188417,0.0001858947,0.99951375,1.4418899e-05
ISIC_0025701,HAM_0000359,nv,2,2.2351562e-05,0.0002595747,0.0030769706,0.00085137255,0.0012061363,0.9945257,5.7975536e-05
ISIC_0025685,HAM_0003029,nv,2,1.3977082e-05,8.313558e-06,0.00041764666,0.0015796492,0.00021561685,0.99769235,7.238147e-05
ISIC_0027417,HAM_0007615,nv,2,1.0727487e-05,7.54773e-06,0.000111265654,3.379356e-05,0.0010920983,0.99870586,3.8744507e-05
ISIC_0025648,HAM_0004298,nv,2,1.665096e-05,8.421829e-06,0.00043598353,0.00013532545,0.0004668294,0.9989109,2.5890446e-05
ISIC_0027534,HAM_0001885,nv,2,1.112322e-05,6.118877e-06,5.607615e-05,5.4536955e-05,4.8152204e-05,0.9997743,4.968072e-05
ISIC_0027259,HAM_0004520,nv,2,0.00010974817,8.563906e-05,0.00048565233,0.0014230622,0.002835976,0.99402386,0.0010360632
ISIC_0026896,HAM_0002328,nv,2,8.610811e-06,7.70362e-06,0.00014763666,7.305424e-05,6.0092774e-05,0.99961734,8.545077e-05
ISIC_0025135,HAM_0000530,nv,2,2.3957287e-05,9.566848e-06,0.0002870542,8.0298036e-05,0.00011007642,0.99943393,5.5161036e-05
ISIC_0025917,HAM_0003500,nv,2,9.657191e-06,1.0731374e-05,0.0007679153,3.197545e-05,4.3876316e-05,0.9990677,6.8222944e-05
ISIC_0027740,HAM_0003397,nv,2,1.35164655e-05,0.0002268346,0.00014446674,0.000116195704,9.539349e-05,0.9993358,6.777635e-05
ISIC_0027981,HAM_0006648,nv,2,1.073801e-05,4.8589436e-06,0.00013664261,2.6421561e-05,9.789277e-05,0.9996855,3.7884118e-05
ISIC_0026972,HAM_0001251,nv,2,1.1230376e-05,4.7831854e-06,0.00023478293,1.9010462e-05,0.00010574747,0.9995962,2.828836e-05
ISIC_0026653,HAM_0001535,nv,2,0.0051633976,8.3611514e-05,0.038073547,0.0030469133,0.0014114222,0.95171887,0.0005022761
ISIC_0025125,HAM_0006338,nv,2,9.920034e-05,9.7091804e-05,0.0070090247,0.01469391,0.00039196198,0.9772071,0.0005018168
ISIC_0029106,HAM_0006337,nv,2,9.348093e-06,6.1787123e-06,8.265007e-05,4.2596577e-05,7.165002e-05,0.99973994,4.7705904e-05
ISIC_0029722,HAM_0003338,nv,2,5.2739824e-06,7.4375066e-06,7.685995e-05,0.00017731404,9.6251104e-05,0.9996189,1.7999155e-05
ISIC_0024731,HAM_0001298,nv,2,2.667307e-06,3.73953e-06,5.5545486e-05,0.00019058769,0.00018827531,0.9995433,1.5976333e-05
ISIC_0026966,HAM_0006344,nv,2,1.5227729e-05,8.761645e-06,0.000220005,8.2561855e-05,0.0021397206,0.99745446,7.932146e-05
ISIC_0031471,HAM_0004154,nv,2,8.312552e-06,4.9733553e-06,0.00010168878,4.1479056e-05,0.000264987,0.99952185,5.6667464e-05
ISIC_0026191,HAM_0003084,nv,2,7.630418e-05,4.0922536e-05,0.0032731784,0.008716812,0.0015166053,0.9861114,0.0002647718
ISIC_0024849,HAM_0004573,nv,2,5.192791e-06,2.8013003e-06,5.203719e-05,4.862256e-05,0.00014179753,0.99972945,2.002298e-05
ISIC_0030529,HAM_0001459,nv,2,6.059281e-06,5.213235e-06,7.8071214e-05,4.694395e-05,7.681393e-05,0.99975246,3.4445697e-05
ISIC_0029874,HAM_0003527,nv,2,7.744559e-06,8.40664e-06,4.582467e-05,3.1295516e-05,0.00078228954,0.99905854,6.5769134e-05
ISIC_0027439,HAM_0006915,nv,2,0.00011911681,6.7342546e-05,0.0022907797,0.0007916723,0.00057976576,0.9958527,0.0002985836
ISIC_0025259,HAM_0003306,nv,2,3.60945e-05,2.2367856e-05,0.00029471063,5.0802086e-05,0.029186253,0.9702987,0.00011107037
ISIC_0027720,HAM_0006412,nv,2,7.912285e-06,6.5211916e-06,7.551082e-05,4.7023295e-05,0.0008302583,0.99900025,3.254029e-05
ISIC_0026299,HAM_0004856,nv,2,5.1325023e-06,5.3265444e-06,6.172283e-05,3.19511e-05,8.653594e-05,0.99977034,3.8918603e-05
ISIC_0028991,HAM_0001194,nv,2,9.663173e-06,5.28465e-06,8.1146136e-05,2.0337422e-05,0.00017288027,0.9996865,2.42695e-05
ISIC_0029758,HAM_0004314,nv,2,8.919656e-06,2.1147856e-05,0.0019055293,8.91228e-05,0.00018202179,0.99774927,4.394698e-05
ISIC_0024583,HAM_0004652,nv,2,6.999503e-06,4.519219e-06,2.4430668e-05,5.4387387e-05,0.00041604778,0.99946946,2.4169636e-05
ISIC_0027205,HAM_0005706,nv,2,1.390989e-05,5.6531303e-06,0.0003182538,0.00025577092,0.00060994073,0.99873096,6.565133e-05
ISIC_0029483,HAM_0003433,nv,2,1.178064e-05,1.8752018e-05,0.00027084004,4.840212e-05,0.00096933835,0.99860424,7.6594704e-05
ISIC_0032370,HAM_0003916,nv,2,3.1189531e-06,4.811896e-06,3.8089507e-05,4.5698598e-05,0.00016593869,0.9997212,2.1251823e-05
ISIC_0029071,HAM_0000096,nv,2,2.498668e-05,1.7546023e-05,0.00055619894,5.8039066e-05,0.0027130884,0.99658823,4.176317e-05
ISIC_0024500,HAM_0004465,nv,2,2.6881144e-06,7.2643625e-06,0.0001581891,3.847362e-05,0.0002589697,0.99950135,3.300478e-05
ISIC_0029458,HAM_0002762,nv,2,1.0027355e-05,7.110459e-06,8.6475215e-05,5.1372648e-05,0.0002203375,0.999572,5.2693737e-05
ISIC_0032121,HAM_0006000,nv,2,1.1074603e-05,1.1009902e-05,0.00015243293,5.7744124e-05,0.00043023104,0.99930036,3.7209666e-05
ISIC_0032137,HAM_0006354,nv,2,4.2709282e-05,1.5650614e-05,0.0009644942,8.9799585e-05,0.0012653299,0.9975026,0.00011931416
ISIC_0031939,HAM_0002028,nv,2,4.250299e-05,9.067102e-06,0.0008977283,0.00021903313,0.00026722084,0.99851817,4.631714e-05
ISIC_0027173,HAM_0005472,nv,2,9.852559e-06,5.746946e-06,7.856317e-05,7.12537e-05,0.00023603985,0.99956435,3.4154527e-05
ISIC_0028778,HAM_0006534,nv,2,1.9745798e-05,7.450873e-06,0.0021315,6.449156e-05,0.00016404293,0.99751127,0.00010150901
ISIC_0030584,HAM_0005458,nv,2,6.9709217e-06,5.220979e-06,0.00030181487,0.00032253773,3.6955564e-05,0.9992841,4.241116e-05
ISIC_0028839,HAM_0004994,nv,2,6.9327266e-06,4.2378906e-06,0.00010527006,2.2865119e-05,0.0001845631,0.9996489,2.7126498e-05
ISIC_0032377,HAM_0000196,nv,2,7.4083314e-06,6.5891063e-06,0.00020136022,6.625581e-05,8.181501e-05,0.99959475,4.184827e-05
ISIC_0025521,HAM_0004969,nv,2,4.4467404e-05,2.0598642e-05,0.00064049213,0.00032597536,0.00012349995,0.9987778,6.714575e-05
ISIC_0026821,HAM_0007321,nv,2,1.6275393e-05,6.0579596e-06,0.00012847182,2.61864e-05,0.00025483876,0.9995345,3.3689743e-05
ISIC_0031884,HAM_0004753,nv,2,4.3389596e-06,1.0676287e-05,4.9705275e-05,3.2202017e-05,0.00010822227,0.99978024,1.4607012e-05
ISIC_0028409,HAM_0005133,nv,2,1.9724364e-05,2.0470075e-05,0.0009959826,0.00011883704,0.00043130503,0.9983766,3.7138983e-05
ISIC_0030799,HAM_0005771,nv,2,7.091735e-06,4.7891454e-06,0.0001069705,2.1589593e-05,0.000906432,0.9988889,6.426606e-05
ISIC_0026507,HAM_0006091,nv,2,1.8212932e-05,9.80597e-06,0.00091697235,5.6374378e-05,0.00016772853,0.99873155,9.932735e-05
ISIC_0030861,HAM_0002496,nv,2,2.4908513e-05,1.909802e-05,0.00018786384,5.768824e-05,0.00029321553,0.9993087,0.000108621134
ISIC_0024735,HAM_0006378,nv,2,4.520095e-06,3.98897e-06,4.5584526e-05,9.451758e-05,0.00016911913,0.99966323,1.9142146e-05
ISIC_0032449,HAM_0006127,nv,2,1.8655624e-05,5.2015323e-05,0.00013784747,7.6349956e-05,0.00027602285,0.9993093,0.00012981224
ISIC_0031665,HAM_0007007,nv,2,3.297283e-05,6.9735346e-05,0.00010874908,0.00010397197,0.0011243729,0.9985337,2.6494414e-05
ISIC_0031135,HAM_0000401,nv,2,1.09464445e-05,1.2307418e-05,0.00032178193,3.280795e-05,9.001247e-05,0.9993793,0.00015291091
ISIC_0029299,HAM_0000071,nv,2,3.8199676e-05,5.4611744e-05,0.00198043,0.00027304154,3.7387737e-05,0.9972422,0.0003741158
ISIC_0032255,HAM_0005145,nv,2,2.4756384e-05,1.12241505e-05,0.00023365236,6.6640845e-05,0.00051882357,0.999042,0.00010291342
ISIC_0026162,HAM_0005525,nv,2,1.7623739e-05,1.6235748e-05,0.0006717402,9.715212e-05,7.121697e-05,0.9990491,7.685365e-05
ISIC_0028855,HAM_0005201,nv,2,2.4659179e-05,1.1114763e-05,0.00070052425,0.00010800743,2.9919445e-05,0.99901414,0.00011159931
ISIC_0026380,HAM_0000533,nv,2,2.9835242e-05,1.21728235e-05,0.0014097379,0.00011537981,0.000113369366,0.9981502,0.00016935861
ISIC_0029710,HAM_0002068,nv,2,1.1421205e-05,6.5330764e-06,0.0001338738,4.9659924e-05,0.00086153345,0.9988681,6.884506e-05
ISIC_0026750,HAM_0000906,nv,2,3.4022476e-05,1.5425248e-05,0.000223022,7.6596e-05,0.0009543264,0.9986211,7.548216e-05
ISIC_0030395,HAM_0002980,nv,2,2.6677859e-05,6.2995264e-06,9.593003e-05,5.5655753e-05,0.00019932611,0.9995734,4.2672746e-05
ISIC_0029949,HAM_0002337,nv,2,3.656776e-05,2.7068907e-05,0.00026278466,5.854935e-05,0.0029913015,0.99655294,7.076207e-05
ISIC_0031235,HAM_0007055,nv,2,9.852726e-06,6.311893e-06,6.334449e-05,8.133594e-05,0.0002263371,0.9995814,3.1403768e-05
ISIC_0029768,HAM_0002479,nv,2,1.5990563e-05,2.6936525e-05,0.0005624496,0.0050142827,0.0005970093,0.993618,0.0001653288
ISIC_0031878,HAM_0004950,nv,2,8.083125e-05,3.0860374e-05,0.00050698646,8.75703e-05,0.00041665402,0.99872893,0.00014809181
ISIC_0024460,HAM_0007135,nv,2,1.3308156e-05,1.692195e-05,0.000121131074,0.00023586392,0.0020902057,0.99747914,4.3465647e-05
ISIC_0025608,HAM_0003624,nv,2,3.1558282e-06,6.130728e-06,6.1451305e-05,2.5887059e-05,0.00011692768,0.99975604,3.0517305e-05
ISIC_0025429,HAM_0007547,nv,2,5.1112834e-06,3.9036786e-06,8.7737215e-05,4.774267e-05,0.0003076943,0.9995339,1.3921072e-05
ISIC_0031687,HAM_0004741,nv,2,7.5059784e-06,4.218704e-06,0.0006440963,3.114181e-05,0.00022433954,0.99901783,7.090247e-05
ISIC_0028895,HAM_0003567,nv,2,0.00013442726,0.0008234667,0.0013184687,0.9594064,0.0010273259,0.03669509,0.000594861
ISIC_0029175,HAM_0002806,nv,2,1.5333953e-05,1.05594645e-05,0.0004907279,4.4500444e-05,0.00084790174,0.99854434,4.663606e-05
ISIC_0030763,HAM_0002157,nv,2,1.1387769e-05,2.0904445e-05,0.00014012709,3.6190257e-05,0.0018238627,0.997891,7.654e-05
ISIC_0029941,HAM_0001089,nv,2,1.1919329e-05,8.87501e-06,0.00013798376,3.455715e-05,0.0011646695,0.99858934,5.259055e-05
ISIC_0029691,HAM_0002880,nv,2,4.7280832e-06,3.950461e-06,9.860606e-05,4.3563643e-05,8.714578e-05,0.999728,3.3894285e-05
ISIC_0024769,HAM_0002863,nv,2,1.1995344e-05,1.718254e-05,0.00019202988,4.6343506e-05,0.00059283094,0.9990866,5.308123e-05
ISIC_0028742,HAM_0004062,nv,2,2.0000502e-05,5.9179138e-06,3.4693025e-05,3.020075e-05,0.0003060611,0.9995828,2.0275824e-05
ISIC_0028046,HAM_0003719,nv,2,6.7301426e-06,7.094577e-06,2.4786703e-05,4.931832e-05,0.00058948697,0.99928916,3.3386743e-05
ISIC_0026082,HAM_0002379,nv,2,1.2234689e-05,7.1783693e-06,0.00013578526,3.3748092e-05,0.00045242725,0.9993119,4.6717516e-05
ISIC_0029379,HAM_0002781,nv,2,5.2133023e-06,3.4932161e-06,4.7940634e-05,9.197472e-05,4.6738718e-05,0.99976546,3.9185365e-05
ISIC_0032483,HAM_0004104,nv,2,7.821203e-06,4.0417676e-06,2.9719376e-05,2.5124174e-05,0.0007717304,0.9991406,2.0930624e-05
ISIC_0032032,HAM_0000681,nv,2,4.6907753e-06,1.45051545e-05,0.00011430098,9.678127e-05,6.443875e-05,0.99961865,8.658488e-05
ISIC_0027749,HAM_0000466,nv,2,3.4192149e-06,3.0411127e-06,6.2105144e-05,1.9927611e-05,4.6028672e-05,0.9998379,2.7518545e-05
ISIC_0029446,HAM_0000749,nv,2,5.7466323e-06,4.8014913e-06,0.00016618738,4.743944e-05,0.00024351927,0.9995098,2.2573533e-05
ISIC_0027603,HAM_0003922,nv,2,3.1404797e-05,2.5185225e-05,0.0002997114,9.816101e-05,0.040977925,0.95850736,6.0298327e-05
ISIC_0028432,HAM_0004778,nv,2,7.4069767e-06,1.4530508e-05,9.944356e-05,7.027544e-05,0.00028294278,0.99941194,0.00011348496
ISIC_0028521,HAM_0002446,nv,2,6.08273e-06,3.4523232e-06,0.00017985885,3.918314e-05,4.3477805e-05,0.9997087,1.9124333e-05
ISIC_0029433,HAM_0001445,nv,2,2.881483e-05,2.9097602e-05,0.00024419694,2.9211487e-05,0.0010247247,0.9985057,0.0001384108
ISIC_0025721,HAM_0001963,nv,2,9.98932e-06,6.8387853e-06,7.316575e-05,2.5015239e-05,0.0001543257,0.9996778,5.290557e-05
ISIC_0024528,HAM_0002857,nv,2,6.6141906e-06,2.787399e-05,0.00027776248,6.461938e-05,8.89735e-05,0.99948823,4.5911584e-05
ISIC_0027934,HAM_0001398,nv,2,2.0981757e-05,1.6662898e-05,0.0004993619,3.5621528e-05,0.0036691518,0.99573,2.8289238e-05
ISIC_0031574,HAM_0005928,nv,2,9.60572e-06,3.7543145e-06,0.00016632129,4.0009487e-05,0.00017051505,0.9995827,2.696623e-05
ISIC_0027161,HAM_0005494,nv,2,2.0703936e-05,1.414646e-05,0.0008306582,5.0055696e-05,0.0010113039,0.9980184,5.4761098e-05
ISIC_0032224,HAM_0005033,nv,2,2.9291035e-05,1.5375115e-05,0.012026402,0.00016847598,7.923347e-05,0.9876294,5.1810563e-05
ISIC_0031840,HAM_0006991,nv,2,6.4482642e-06,6.7974356e-06,0.0003367623,2.6884376e-05,7.9676225e-05,0.99947244,7.096937e-05
ISIC_0025991,HAM_0000595,nv,2,6.2499876e-06,5.72412e-06,0.00019452636,3.6001333e-05,0.00020930864,0.99949086,5.7389683e-05
ISIC_0024607,HAM_0002563,nv,2,1.1678631e-05,4.906561e-06,0.00017325809,4.1001975e-05,5.4798304e-05,0.9996722,4.226222e-05
ISIC_0030931,HAM_0007493,nv,2,1.4471644e-05,3.940903e-06,9.62517e-05,2.1660959e-05,0.00056966173,0.99925905,3.4885597e-05
ISIC_0028717,HAM_0005803,nv,2,1.2516753e-05,4.0123323e-06,4.880867e-05,2.8511577e-05,0.00024462448,0.99964345,1.8070044e-05
ISIC_0025853,HAM_0003897,nv,2,0.00021773053,0.0010176491,0.003707893,0.0007715449,0.0002126868,0.99354976,0.00052281865
ISIC_0031514,HAM_0005029,nv,2,9.544947e-06,9.4153365e-06,0.00053636794,7.910356e-05,9.839792e-05,0.99909544,0.00017172672
ISIC_0024413,HAM_0001110,nv,2,5.030881e-06,6.523171e-06,0.0001670479,0.00019599138,0.00014731132,0.99930346,0.00017464848
ISIC_0026428,HAM_0004931,nv,2,9.985701e-06,5.397412e-06,6.457668e-05,2.4546473e-05,0.0005446686,0.9993156,3.5298817e-05
ISIC_0032351,HAM_0006963,nv,2,2.6195044e-05,1.8180252e-05,0.0002594752,0.00063124823,0.00013578571,0.99888843,4.0650993e-05
ISIC_0030667,HAM_0004530,nv,2,5.6793174e-06,1.103303e-05,8.010317e-05,0.00016282337,0.00025197037,0.9994456,4.262564e-05
ISIC_0029136,HAM_0005416,nv,2,2.319783e-05,7.679773e-06,0.0007413065,0.00016784864,0.0005075057,0.9984712,8.120594e-05
ISIC_0025203,HAM_0004048,nv,2,1.1491633e-05,6.446222e-06,0.00028321578,4.3538712e-05,0.00028321578,0.9991559,0.00021618369
ISIC_0026627,HAM_0003519,nv,2,4.6011064e-06,3.7847667e-06,3.0149842e-05,3.9457438e-05,3.0135121e-05,0.9998487,4.307183e-05
ISIC_0029487,HAM_0006582,nv,2,2.7609814e-05,9.902435e-06,0.00018657173,0.00019127615,0.0026925646,0.9968065,8.562756e-05
ISIC_0024591,HAM_0006068,nv,2,9.464363e-06,1.6513433e-05,0.00027253389,4.7829886e-05,0.0010854186,0.99843043,0.00013769261
ISIC_0029237,HAM_0006477,nv,2,0.00017190633,7.386383e-05,0.0017281575,0.00018569363,0.008446276,0.98872966,0.0006644771
ISIC_0024506,HAM_0004340,nv,2,5.462721e-06,7.3652654e-06,5.703415e-05,0.00011062949,0.00017426786,0.999624,2.116691e-05
ISIC_0028072,HAM_0000081,nv,2,4.3992917e-05,1.1521154e-05,0.0007775119,6.444837e-05,0.018636115,0.9804308,3.5626552e-05
ISIC_0027330,HAM_0001985,nv,2,1.5990485e-05,1.3677386e-05,0.00014979963,8.690929e-05,0.0001918892,0.9994522,8.9624315e-05
ISIC_0031067,HAM_0005615,nv,2,1.1015511e-05,1.5564732e-05,0.00034566017,7.085479e-05,0.003549972,0.9959116,9.534554e-05
ISIC_0025111,HAM_0005819,nv,2,0.009248168,0.0017754164,0.10178503,0.010592729,0.00047227973,0.8741515,0.0019748262
ISIC_0024633,HAM_0006254,nv,2,5.3737617e-06,1.694488e-05,0.00041315105,0.00014919566,0.00039926826,0.99883074,0.0001854052
ISIC_0029853,HAM_0001485,nv,2,9.3290055e-06,5.430942e-06,0.00020781408,2.3089508e-05,5.8217323e-05,0.99964905,4.7030866e-05
ISIC_0031856,HAM_0007197,nv,2,2.2768183e-05,7.192367e-06,0.00013442397,7.571863e-05,0.00041193757,0.9993068,4.1147407e-05
ISIC_0029283,HAM_0001873,nv,2,1.7831331e-05,1.1136788e-05,0.00040023064,0.00016048856,0.0001517251,0.99904066,0.00021781425
ISIC_0026721,HAM_0002790,nv,2,9.642315e-06,5.419423e-06,0.0002223162,5.5868302e-05,0.00014117485,0.999479,8.669969e-05
ISIC_0026078,HAM_0005108,nv,2,5.7303594e-05,3.2586893e-05,0.0005549462,0.050494183,0.0052600442,0.94349635,0.00010457724
ISIC_0030071,HAM_0002883,nv,2,6.560701e-06,2.3904488e-05,0.00014398663,0.0005596919,2.9202713e-05,0.999181,5.55796e-05
ISIC_0026077,HAM_0005592,nv,2,1.8979172e-05,0.00020374666,0.00019318626,0.00019854156,0.0001570593,0.998926,0.00030251808
ISIC_0030745,HAM_0000115,nv,2,0.0002051568,8.7721346e-05,0.001437519,0.0003449177,0.025790434,0.97156674,0.0005675635
ISIC_0026504,HAM_0002114,nv,2,1.003836e-05,1.5217246e-05,0.0006874412,0.00027844726,0.00019575676,0.9987166,9.650525e-05
ISIC_0027050,HAM_0004597,nv,2,4.5294196e-06,4.052223e-06,5.9714403e-05,2.0259838e-05,0.0001237435,0.9997707,1.6977394e-05
ISIC_0030750,HAM_0005277,nv,2,1.016733e-05,6.5773556e-06,6.895721e-05,2.148224e-05,0.00010264409,0.99976283,2.7395823e-05
ISIC_0025570,HAM_0003985,nv,2,2.5545904e-05,3.4241755e-05,0.00026975997,6.3909574e-05,0.00024427372,0.9991855,0.00017671868
ISIC_0030788,HAM_0004785,nv,2,9.384662e-06,3.5620162e-06,4.144753e-05,5.5502078e-05,0.00013454766,0.99973804,1.7515744e-05
ISIC_0026278,HAM_0001081,nv,2,7.305609e-06,1.1858174e-05,0.00025285894,7.755187e-05,0.0002334285,0.99930394,0.00011300272
ISIC_0027890,HAM_0006717,nv,2,8.444155e-06,5.6913264e-06,0.00010832223,7.868151e-05,0.00014519521,0.99960476,4.8902195e-05
ISIC_0027001,HAM_0003134,nv,2,9.257412e-06,6.3999096e-06,0.000105704865,2.9679708e-05,5.4776243e-05,0.9997577,3.643543e-05
ISIC_0024513,HAM_0003712,nv,2,7.685111e-06,9.867878e-06,0.00017171774,0.00024322735,0.0003138005,0.9991652,8.851149e-05
ISIC_0031607,HAM_0002270,nv,2,3.667016e-06,6.473634e-06,9.364309e-05,7.5992015e-05,0.00029116494,0.99949276,3.631922e-05
ISIC_0024530,HAM_0001235,nv,2,8.793422e-06,9.054853e-06,0.000375186,4.3707492e-05,0.00039821505,0.99911875,4.6254565e-05
ISIC_0029718,HAM_0003545,nv,2,5.790392e-05,6.8084205e-06,0.0014502456,0.000106086394,0.012750381,0.9855672,6.13981e-05
ISIC_0028697,HAM_0001585,nv,2,3.7870907e-06,1.37448005e-05,0.0005458265,3.0703344e-05,0.00086628617,0.99851054,2.9183117e-05
ISIC_0030017,HAM_0002643,nv,2,1.0692943e-05,5.472098e-06,0.00015533893,4.6858062e-05,0.0003687472,0.9993861,2.68296e-05
ISIC_0026332,HAM_0004339,nv,2,1.6499134e-05,2.6885557e-05,0.00097402115,0.00015501816,0.0027801527,0.9956195,0.00042791438
ISIC_0024316,HAM_0002718,nv,2,2.9571722e-05,1.5044873e-05,0.00024054036,8.2290535e-05,0.00044681766,0.9990428,0.00014295103
ISIC_0027864,HAM_0000944,nv,2,1.1743313e-05,5.579746e-06,6.604489e-05,8.300081e-05,0.00047000207,0.99933606,2.7464475e-05
ISIC_0030325,HAM_0004493,nv,2,9.197268e-06,9.143535e-06,6.8827394e-05,0.00012469119,0.0006341623,0.9990995,5.444695e-05
ISIC_0027792,HAM_0003929,nv,2,2.3569582e-05,1.5367004e-05,0.00024584067,5.7937865e-05,0.010566308,0.9890382,5.2804568e-05
ISIC_0031066,HAM_0006488,nv,2,7.1956333e-06,5.305727e-06,7.558675e-05,3.6667552e-05,9.352108e-05,0.9997607,2.0964075e-05
ISIC_0025582,HAM_0007423,nv,2,8.423541e-06,5.250766e-06,0.00023976591,5.2618172e-05,0.00054349605,0.99911386,3.6590194e-05
ISIC_0031983,HAM_0006890,nv,2,8.188441e-05,4.4001114e-05,0.033817917,0.00033153922,4.306586e-05,0.9654105,0.00027112346
ISIC_0028040,HAM_0001463,nv,2,7.670779e-06,4.8568345e-06,0.00013353341,4.731153e-05,0.0005086469,0.99925154,4.6351157e-05
ISIC_0025479,HAM_0005220,nv,2,1.2263453e-05,4.3641367e-06,0.00011192404,2.2911147e-05,9.674253e-05,0.9997067,4.5077413e-05
ISIC_0028638,HAM_0001320,nv,2,6.4992046e-06,4.626664e-06,0.00021448973,7.478003e-05,0.00015445345,0.99952877,1.6307116e-05
ISIC_0024802,HAM_0002156,nv,2,4.564588e-05,7.293102e-06,0.0001599531,2.3450639e-05,7.4525975e-05,0.9995435,0.00014564783
ISIC_0029178,HAM_0000594,nv,2,8.874231e-05,0.00014832542,0.005697861,0.04033107,0.0005947139,0.95263463,0.0005047271
ISIC_0031020,HAM_0005515,nv,2,7.150492e-06,3.0100202e-06,0.00020502627,6.0576065e-05,0.00037434915,0.99932706,2.292482e-05
ISIC_0024417,HAM_0003473,nv,2,2.0627562e-05,9.9553745e-06,0.00060488976,0.00022383418,0.00075206265,0.9982286,0.00015996708
ISIC_0027835,HAM_0007126,nv,2,7.7368415e-05,2.3184884e-05,9.178759e-05,7.339415e-05,0.0056510367,0.9940235,5.9785678e-05
ISIC_0032488,HAM_0002383,nv,2,1.2119207e-05,6.0464963e-06,0.00024035,2.6290447e-05,7.953038e-05,0.99959356,4.2094147e-05
ISIC_0029787,HAM_0004136,nv,2,3.2111937e-05,1.0243566e-05,0.0001642767,9.638484e-05,0.00015736742,0.99942064,0.0001189613
ISIC_0025538,HAM_0000661,nv,2,1.0791622e-05,1.0078563e-05,3.8938102e-05,5.0784856e-05,0.0029980675,0.99685824,3.311094e-05
ISIC_0025233,HAM_0003718,nv,2,1.139566e-05,1.2837534e-05,0.00027042118,0.00014749283,0.0009097005,0.9985825,6.570571e-05
ISIC_0024353,HAM_0002847,nv,2,9.62348e-06,5.314591e-06,0.00023134114,7.368878e-05,0.00016943885,0.99947685,3.378664e-05
ISIC_0032012,HAM_0001980,nv,2,1.45557915e-05,1.3022267e-05,0.0004501719,9.641039e-05,0.00014772784,0.9991974,8.079023e-05
ISIC_0027741,HAM_0000419,nv,2,4.823683e-05,5.5088185e-05,0.0007832691,0.0003320621,0.00014094764,0.998114,0.00052644
ISIC_0031480,HAM_0007256,nv,2,2.4477788e-05,9.004873e-06,0.00028385106,4.075309e-05,0.00012922879,0.9994431,6.945887e-05
ISIC_0025565,HAM_0003153,nv,2,1.4023555e-05,5.7665075e-06,0.00024219362,8.241229e-05,0.000541875,0.9990565,5.728078e-05
ISIC_0025012,HAM_0000873,nv,2,2.1889738e-05,4.227606e-05,0.00042174122,0.00016851648,0.0021556802,0.9970741,0.00011570652
ISIC_0026307,HAM_0001365,nv,2,1.9135026e-05,1.5987913e-05,0.00027828466,3.2045136e-05,0.0003173071,0.9992914,4.581298e-05
ISIC_0025401,HAM_0000842,nv,2,1.1116599e-05,1.665543e-05,0.0002831878,4.465938e-05,0.013976856,0.98561144,5.601541e-05
ISIC_0026579,HAM_0002022,nv,2,3.762254e-06,4.221762e-06,3.3044988e-05,3.1872292e-05,0.00016257372,0.9997421,2.255674e-05
ISIC_0030637,HAM_0004173,nv,2,0.00012170972,2.1525044e-05,0.028921543,0.00031723623,0.0013291088,0.9690396,0.00024924488
ISIC_0032177,HAM_0002520,nv,2,1.3668836e-05,1.4241128e-05,0.00023586582,0.00078670465,6.623729e-05,0.9988274,5.5831882e-05
ISIC_0030320,HAM_0006646,nv,2,1.741248e-05,6.118328e-06,8.729104e-05,2.6706892e-05,0.000114532006,0.9996846,6.338197e-05
ISIC_0029063,HAM_0001185,nv,2,1.1338335e-05,5.4401926e-06,0.00015013928,5.2968284e-05,0.00033313924,0.99939775,4.91074e-05
ISIC_0025459,HAM_0002727,nv,2,6.9738553e-06,6.5130557e-06,4.7471854e-05,6.447575e-05,0.0001281002,0.99970454,4.185287e-05
ISIC_0025715,HAM_0007111,nv,2,9.54835e-06,1.07145515e-05,8.2969884e-05,4.9495226e-05,0.00034558395,0.9994517,4.9980943e-05
ISIC_0030331,HAM_0006163,nv,2,6.0942116e-06,7.809855e-06,0.00023319399,2.453051e-05,4.1241656e-05,0.9996414,4.565035e-05
ISIC_0031415,HAM_0001704,nv,2,5.003797e-06,3.3267436e-06,3.221724e-05,6.624281e-05,0.00010936267,0.9997646,1.9237794e-05
ISIC_0030563,HAM_0007136,nv,2,7.4406366e-06,1.231555e-05,9.583428e-05,8.249338e-05,0.0016544986,0.9980883,5.9041788e-05
ISIC_0025532,HAM_0000438,nv,2,4.563069e-06,1.0818707e-05,0.00010393107,4.3082324e-05,0.0004385287,0.99936014,3.8845687e-05
ISIC_0029285,HAM_0006276,nv,2,1.1528309e-05,5.4243574e-06,8.983983e-05,5.6744328e-05,0.0013455679,0.998437,5.382948e-05
ISIC_0032323,HAM_0003070,nv,2,1.4802077e-05,1.2835174e-05,0.0001564408,4.754895e-05,0.0032340365,0.9964508,8.361416e-05
ISIC_0026939,HAM_0000254,nv,2,2.7981829e-05,5.752723e-05,0.0009830277,0.00017902265,0.00022886168,0.99846774,5.5866312e-05
ISIC_0030062,HAM_0001293,nv,2,7.366039e-06,7.841108e-06,0.000121463585,3.2947883e-05,4.126541e-05,0.999729,6.018758e-05
ISIC_0027446,HAM_0002968,nv,2,8.00906e-06,4.829361e-06,5.0891438e-05,3.1429943e-05,0.00045028035,0.9994381,1.6385451e-05
ISIC_0027787,HAM_0004220,nv,2,8.013614e-05,3.0565127e-05,0.0003926903,0.00032588968,7.729229e-05,0.99888104,0.00021226767
ISIC_0028320,HAM_0005577,nv,2,7.674379e-06,5.378549e-06,4.21818e-05,7.847e-05,0.00011716642,0.9997205,2.868134e-05
ISIC_0025590,HAM_0006819,nv,2,1.0969968e-05,8.0258e-06,6.519533e-05,2.3658347e-05,0.0002769057,0.9995727,4.2547876e-05
ISIC_0027233,HAM_0007375,nv,2,3.5070032e-06,3.3009655e-06,7.501507e-05,4.2536703e-05,4.3951302e-05,0.99979824,3.3452714e-05
ISIC_0026851,HAM_0001166,nv,2,4.520321e-06,3.2942444e-06,2.6012653e-05,0.00010642032,0.00012869689,0.9997131,1.7825916e-05
ISIC_0026894,HAM_0006984,nv,2,2.5089195e-05,5.2649055e-05,0.00013405074,0.000306658,6.733916e-05,0.9987244,0.0006898003
ISIC_0027115,HAM_0007576,nv,2,0.00011158118,5.2399293e-05,0.001535075,6.066564e-05,0.014585736,0.9833662,0.00028829125
ISIC_0024751,HAM_0004870,nv,2,5.3972726e-05,1.5313171e-05,0.00011063675,4.066126e-05,0.002515623,0.997191,7.2770235e-05
ISIC_0030749,HAM_0006153,nv,2,3.4578318e-06,5.2622763e-06,5.6093428e-05,2.2004077e-05,0.000543094,0.99935013,1.995683e-05
ISIC_0026903,HAM_0005394,nv,2,6.9716884e-06,4.7728863e-06,4.80869e-05,2.5352392e-05,0.00049596524,0.99939394,2.4886322e-05
ISIC_0025405,HAM_0007279,nv,2,9.288823e-06,1.0221721e-05,0.00018904696,5.2573396e-05,0.000406912,0.9992391,9.2902104e-05
ISIC_0028018,HAM_0002468,nv,2,1.3409743e-05,9.270533e-06,7.490317e-05,2.8639033e-05,0.0006135267,0.9992212,3.9068538e-05
ISIC_0028019,HAM_0005041,nv,2,1.4725804e-05,1.7082231e-05,0.00041416785,3.4709843e-05,0.0003682786,0.99909127,5.985621e-05
ISIC_0029712,HAM_0004438,nv,2,2.3742938e-05,1.2833395e-05,8.409387e-05,6.428838e-05,0.0034488658,0.9963127,5.355782e-05
ISIC_0029796,HAM_0000860,nv,2,1.1615608e-05,7.2405237e-06,9.417203e-05,7.330544e-05,0.0016131491,0.99816895,3.1512885e-05
ISIC_0028522,HAM_0004906,nv,2,7.966557e-06,2.4017148e-05,0.00016880078,0.00012304584,0.0015894619,0.99802506,6.169034e-05
ISIC_0026181,HAM_0001560,nv,2,3.0229717e-06,2.7417163e-06,4.970806e-05,2.2055126e-05,0.00018922922,0.9997142,1.9031284e-05
ISIC_0030558,HAM_0007192,nv,2,5.6454915e-06,4.607716e-06,0.00031569708,2.4763554e-05,0.00029154468,0.99933136,2.64122e-05
ISIC_0025705,HAM_0004961,nv,2,3.654251e-05,1.3208996e-05,5.3533746e-05,6.7937865e-05,0.030785661,0.96900314,4.0055784e-05
ISIC_0027985,HAM_0004357,nv,2,9.030654e-06,0.0007345855,0.000119654585,0.00013453126,0.00046426678,0.9983967,0.00014126318
ISIC_0025788,HAM_0003591,nv,2,1.9919786e-05,4.3079563e-06,0.00029783734,4.7972113e-05,0.0011079516,0.99846977,5.2277042e-05
ISIC_0026189,HAM_0000926,nv,2,3.1799053e-05,1.6954447e-05,0.00012339535,5.690981e-05,0.0022555636,0.99744475,7.054927e-05
ISIC_0030650,HAM_0000538,nv,2,4.3871096e-05,1.7281127e-05,0.0014247112,6.29653e-05,0.001358142,0.99699956,9.3420895e-05
ISIC_0026394,HAM_0007134,nv,2,1.9049035e-05,8.07375e-06,9.360254e-05,0.00010424287,7.1018076e-05,0.99967,3.3892316e-05
ISIC_0030259,HAM_0000665,nv,2,3.9071947e-05,1.5078293e-05,0.00023127392,0.000114782764,0.00018749721,0.99930835,0.0001037989
ISIC_0027369,HAM_0003228,nv,2,6.9952366e-06,6.065709e-06,0.00018596885,0.00015075621,0.0007536417,0.99886024,3.636719e-05
ISIC_0030949,HAM_0001271,nv,2,1.30447415e-05,8.948017e-06,0.0001570277,4.4345794e-05,8.871042e-05,0.99896884,0.00071920815
ISIC_0027286,HAM_0005832,nv,2,0.000102382415,2.7555852e-05,0.0002975581,7.231696e-05,0.05745705,0.94191283,0.00013031125
ISIC_0030938,HAM_0006098,nv,2,1.8089017e-05,6.0946677e-06,7.9793e-05,3.2754975e-05,0.00012706603,0.9997162,1.9983647e-05
ISIC_0025977,HAM_0001225,nv,2,1.2751877e-05,4.020401e-06,4.6371923e-05,3.792165e-05,0.000118342585,0.99969923,8.138525e-05
ISIC_0031912,HAM_0002183,nv,2,3.0731557e-05,1.2835862e-05,0.0011565764,0.00014154725,6.0641374e-05,0.9984524,0.00014525815
ISIC_0026005,HAM_0003889,nv,2,1.5946714e-05,2.6394593e-05,0.0002743673,8.503653e-05,0.00062466884,0.9986651,0.0003085171
ISIC_0028089,HAM_0006059,nv,2,3.552815e-05,1.3858783e-05,0.0014836479,0.0004505029,0.0028361653,0.99506146,0.00011878993
ISIC_0026373,HAM_0003736,nv,2,8.100279e-06,1.5705451e-05,0.00020914177,0.00013774367,0.00045808498,0.9990446,0.00012655508
ISIC_0029326,HAM_0005081,nv,2,7.703819e-06,1.30026565e-05,4.916745e-05,3.1652027e-05,0.00021077647,0.9996432,4.4397406e-05
ISIC_0025801,HAM_0004132,nv,2,3.7327166e-06,5.9999165e-06,0.00017203583,3.753379e-05,7.473604e-05,0.99967265,3.333438e-05
ISIC_0031478,HAM_0004658,nv,2,0.0024901177,3.6114223e-05,0.0030080583,0.00022339744,0.0059793177,0.98804516,0.00021779662
ISIC_0031441,HAM_0007267,nv,2,4.381378e-05,3.9428134e-05,0.00010428586,0.0006597509,0.0014523306,0.99764365,5.6699242e-05
ISIC_0032357,HAM_0007098,nv,2,7.3226734e-06,4.7371163e-06,0.0001432874,5.2699626e-05,8.065215e-05,0.99968374,2.7554635e-05
ISIC_0027267,HAM_0002870,nv,2,8.706507e-06,8.878228e-06,9.1883e-05,6.150687e-05,0.0008173463,0.9989513,6.031722e-05
ISIC_0028262,HAM_0004959,nv,2,1.1564661e-05,6.449287e-06,4.9142847e-05,2.6679394e-05,0.00023490576,0.9996309,4.0364634e-05
ISIC_0029529,HAM_0007034,nv,2,0.00030989238,9.8854296e-05,0.002283671,0.0005655437,0.003420672,0.99300474,0.00031662226
ISIC_0030848,HAM_0003166,nv,2,6.0454655e-05,2.4047202e-05,0.0015023475,0.00017188326,0.00081045576,0.9973241,0.000106620566
ISIC_0028852,HAM_0000800,nv,2,3.526076e-05,8.828676e-06,0.00042249143,3.5226345e-05,0.00013418192,0.9992136,0.00015038674
ISIC_0029761,HAM_0005948,nv,2,7.598424e-06,4.915503e-06,0.00014496442,3.889063e-05,0.00016293813,0.99953985,0.0001009239
ISIC_0028064,HAM_0006392,nv,2,5.5382325e-06,4.18865e-06,8.0730686e-05,3.02037e-05,0.00011741945,0.9996805,8.148314e-05
ISIC_0030044,HAM_0001776,nv,2,7.841465e-06,3.4525508e-06,8.5461594e-05,2.318279e-05,7.080909e-05,0.99977463,3.4547524e-05
ISIC_0029198,HAM_0006749,nv,2,1.0407231e-05,5.1519523e-06,0.0001186401,2.8400511e-05,0.00016125377,0.99964654,2.9676408e-05
ISIC_0029253,HAM_0000306,nv,2,1.4682295e-05,1.7131848e-05,7.4054886e-05,4.207176e-05,0.00011073613,0.9980868,0.0016544961
ISIC_0028396,HAM_0005977,nv,2,1.0216282e-05,1.1154838e-05,5.4372456e-05,0.0002572836,0.0028829256,0.99675864,2.5434132e-05
ISIC_0031946,HAM_0000190,nv,2,6.2759477e-06,4.213472e-06,8.367451e-05,2.2956463e-05,0.00011204792,0.9997296,4.1265437e-05
ISIC_0029834,HAM_0004454,nv,2,6.391597e-06,5.125771e-06,0.00016459766,7.6808254e-05,0.0012715003,0.9984591,1.6481683e-05
ISIC_0025673,HAM_0005089,nv,2,3.3907043e-05,8.607881e-05,0.00026352805,0.00018948803,0.00020750306,0.99912816,9.127319e-05
ISIC_0029110,HAM_0001233,nv,2,1.6145099e-05,1.7836126e-05,0.00031545895,0.000118484306,0.0001745962,0.9993093,4.815331e-05
ISIC_0026250,HAM_0003955,nv,2,6.4228107e-06,5.6349963e-06,0.00015299236,3.7506124e-05,0.0003313633,0.9994236,4.2500007e-05
ISIC_0028536,HAM_0003903,nv,2,8.729805e-06,4.8969764e-06,7.4172356e-05,3.041056e-05,0.00017967634,0.99967,3.2151336e-05
ISIC_0031241,HAM_0000404,nv,2,0.0020386055,0.0002957757,0.0028924951,0.00039878782,0.01577472,0.9778553,0.00074430654
ISIC_0026719,HAM_0000602,nv,2,1.5836535e-05,9.4934385e-06,4.441466e-05,3.3232573e-05,0.00031254283,0.9995435,4.0916704e-05
ISIC_0030590,HAM_0000950,nv,2,2.5793055e-05,1.2718709e-05,0.000118106844,6.01466e-05,0.00069509645,0.9990483,3.9754475e-05
ISIC_0026595,HAM_0004795,nv,2,2.7320426e-05,2.1739244e-05,0.00015238111,6.1808496e-05,0.0016673031,0.9979855,8.390666e-05
ISIC_0026353,HAM_0002278,nv,2,1.1157377e-05,3.490835e-05,0.0037062098,0.00016556546,0.0007177802,0.99504024,0.0003241614
ISIC_0030437,HAM_0003746,nv,2,7.728298e-06,7.698169e-06,0.0003017756,5.1640323e-05,0.00059156964,0.99891007,0.0001294756
ISIC_0025393,HAM_0004358,nv,2,1.22456195e-05,1.5121321e-05,0.0006894747,0.00021961739,0.0006204601,0.9982529,0.00019006303
ISIC_0028078,HAM_0005637,nv,2,1.35973405e-05,7.838857e-06,0.0001496884,9.638691e-05,0.002199118,0.99749184,4.143525e-05
ISIC_0032353,HAM_0000535,nv,2,1.138336e-05,7.523942e-06,0.00028860616,3.3197186e-05,0.00015543733,0.9994548,4.9014376e-05
ISIC_0027728,HAM_0000644,nv,2,3.6920817e-05,7.1994887e-06,0.0003397663,6.0221744e-05,0.0011769595,0.99834454,3.4413988e-05
ISIC_0029579,HAM_0003082,nv,2,2.8782717e-06,5.091144e-06,5.0080682e-05,3.3820164e-05,0.0003977807,0.99949205,1.8244611e-05
ISIC_0027750,HAM_0000461,nv,2,8.5615675e-06,5.8157198e-06,6.672008e-05,7.1057846e-05,5.8650712e-05,0.9997415,4.7729278e-05
ISIC_0027773,HAM_0007360,nv,2,1.4394019e-05,1.3157199e-05,0.00021204854,5.7769514e-05,0.0018059536,0.997789,0.000107506894
ISIC_0031432,HAM_0007063,nv,2,1.3339495e-05,1.1841243e-05,9.377746e-05,5.2348154e-05,0.0018780605,0.9978771,7.342728e-05
ISIC_0025115,HAM_0006995,nv,2,6.4701194e-06,2.6402127e-05,0.00015297592,0.00036966774,0.0004182753,0.9989502,7.602496e-05
ISIC_0030886,HAM_0003334,nv,2,0.00012644634,1.7707665e-05,0.0001850595,0.00024349379,0.0014541849,0.9979424,3.0655923e-05
ISIC_0026797,HAM_0002318,nv,2,1.1904781e-05,1.2163315e-05,5.3982443e-05,2.2111122e-05,0.0005462692,0.9993204,3.312796e-05
ISIC_0024610,HAM_0002676,nv,2,4.398469e-06,6.7199767e-06,6.8770045e-05,5.45612e-05,7.7395795e-05,0.9997304,5.7797188e-05
ISIC_0031242,HAM_0003242,nv,2,4.562616e-05,2.980571e-05,0.0010050236,0.0001083878,0.0051817754,0.99327457,0.0003548697
ISIC_0025220,HAM_0006638,nv,2,1.4601584e-05,2.6908927e-05,0.0012191811,6.111582e-05,6.543976e-05,0.9984332,0.00017967322
ISIC_0024894,HAM_0003879,nv,2,7.3792817e-06,9.8718965e-06,0.00013696108,3.7219783e-05,0.00017695976,0.9995721,5.9535152e-05
ISIC_0031267,HAM_0006679,nv,2,3.1312213e-06,6.4752394e-06,6.142036e-05,6.954744e-05,8.738124e-05,0.99974066,3.1316886e-05
ISIC_0029727,HAM_0000929,nv,2,7.5244075e-06,3.926551e-06,1.847816e-05,5.8010988e-05,0.0003832993,0.9995166,1.2189487e-05
ISIC_0031084,HAM_0006562,nv,2,6.058028e-06,3.9113565e-06,6.857293e-05,3.3526016e-05,0.0003149948,0.99954563,2.728309e-05
ISIC_0026800,HAM_0003013,nv,2,4.2549327e-06,3.3923284e-06,5.9706228e-05,2.973768e-05,0.00012892253,0.9997559,1.8036813e-05
ISIC_0026856,HAM_0004697,nv,2,6.5131676e-06,5.1122443e-06,7.779293e-05,3.6648227e-05,9.310595e-05,0.9997217,5.899421e-05
ISIC_0032324,HAM_0002117,nv,2,1.707139e-05,5.4138827e-06,0.0001627095,2.8091046e-05,0.0012965759,0.9984572,3.303476e-05
ISIC_0030503,HAM_0005919,nv,2,8.460992e-06,5.1923435e-06,8.981671e-05,4.413803e-05,9.2148905e-05,0.9996433,0.00011687883
ISIC_0024639,HAM_0003797,nv,2,2.7136859e-05,1.905591e-05,0.0003614068,0.00014005094,0.00019973403,0.9990546,0.00019798624
ISIC_0028348,HAM_0006319,nv,2,1.7052656e-05,1.1606211e-05,0.0002614933,0.0001982306,6.837299e-05,0.9993113,0.00013192116
ISIC_0025229,HAM_0000857,nv,2,3.4032964e-05,6.3706255e-05,0.004228469,0.00049356074,7.051639e-05,0.9950346,7.5211065e-05
ISIC_0026756,HAM_0000390,nv,2,2.4911465e-06,6.7716383e-06,0.00013521736,2.7151029e-05,0.00023080001,0.9995763,2.1290283e-05
ISIC_0030619,HAM_0003379,nv,2,2.0450176e-05,2.751872e-05,9.9535166e-05,7.33568e-05,0.0003866209,0.9993561,3.645638e-05
ISIC_0030453,HAM_0003116,nv,2,3.9657652e-06,5.2129008e-06,4.7890146e-05,3.2057866e-05,0.00018683726,0.9996884,3.5693352e-05
ISIC_0029677,HAM_0000567,nv,2,6.15407e-06,6.05866e-06,7.280734e-05,0.00011789341,0.00012552369,0.99965,2.1606042e-05
ISIC_0029601,HAM_0001131,nv,2,1.4355326e-05,2.4755382e-05,0.000500758,0.0001900199,0.00011896949,0.99900156,0.00014958593
ISIC_0031869,HAM_0005002,nv,2,3.6367608e-05,4.5883262e-05,0.00036703088,0.00019526205,0.00039343035,0.9988716,9.0362984e-05
ISIC_0027494,HAM_0003554,nv,2,5.4202415e-06,4.9159453e-06,0.00011951754,5.458236e-05,0.00014557155,0.99962986,4.0207222e-05
ISIC_0026315,HAM_0000808,nv,2,1.2383305e-05,2.2910228e-05,0.00085134536,8.7055385e-05,0.009010925,0.9899519,6.3504755e-05
ISIC_0024873,HAM_0004925,nv,2,1.639738e-05,3.9876748e-05,0.00012549649,0.00042808792,8.533081e-05,0.99918944,0.00011538719
ISIC_0030600,HAM_0007157,nv,2,1.3121909e-05,8.24362e-06,0.00020733877,2.418207e-05,0.00067500013,0.99900764,6.452526e-05
ISIC_0026176,HAM_0002223,nv,2,1.7896873e-05,6.368875e-06,0.0006851553,3.7300284e-05,0.00026602772,0.9988036,0.00018373296
ISIC_0029447,HAM_0006263,nv,2,3.903832e-06,4.811183e-06,6.903677e-05,4.8733797e-05,0.00027609573,0.9995732,2.426675e-05
ISIC_0024609,HAM_0003498,nv,2,1.5290376e-05,2.0858684e-05,7.949237e-05,6.9878275e-05,0.00016759857,0.9996037,4.3303742e-05
ISIC_0032118,HAM_0007540,nv,2,2.5874293e-05,1.28588335e-05,0.00025947744,6.790391e-05,0.0012237745,0.9982876,0.00012241893
ISIC_0028031,HAM_0005765,nv,2,3.4731533e-05,1.0633977e-05,0.00095118314,8.722983e-05,0.0010942706,0.99776495,5.70951e-05
ISIC_0025191,HAM_0001341,nv,2,3.1247793e-05,8.987682e-06,0.0001942168,3.7216545e-05,0.000140591,0.99948514,0.000102708014
ISIC_0028574,HAM_0004686,nv,2,6.488109e-06,4.3644263e-06,2.7103386e-05,5.2858966e-05,0.00010920352,0.9997731,2.6761476e-05
ISIC_0029750,HAM_0002395,nv,2,8.0115005e-06,3.6110662e-06,6.211415e-05,1.3815623e-05,0.00012398194,0.99974257,4.5968132e-05
ISIC_0028061,HAM_0002059,nv,2,9.514102e-06,4.994033e-06,7.645938e-05,4.9414117e-05,6.19338e-05,0.9997646,3.301347e-05
ISIC_0031688,HAM_0000116,nv,2,1.0801162e-05,5.1824536e-06,0.0001091678,2.538468e-05,0.0001235524,0.99969006,3.597336e-05
ISIC_0029739,HAM_0007352,nv,2,1.4197171e-05,7.2795865e-06,0.00015609156,6.832884e-05,4.5428005e-05,0.99964166,6.70727e-05
ISIC_0027946,HAM_0007226,nv,2,9.982542e-06,9.694327e-06,0.0008118172,3.8080598e-05,3.8567123e-05,0.99899954,9.238229e-05
ISIC_0028342,HAM_0006008,nv,2,9.709285e-06,0.0002711501,0.00017143025,0.00026759884,4.7049853e-05,0.99858874,0.00064429134
ISIC_0024531,HAM_0006552,nv,2,2.7247681e-05,1.2946529e-05,0.00021455518,5.3714302e-05,0.00042914902,0.9992237,3.861347e-05
ISIC_0024368,HAM_0003465,nv,2,2.0443587e-05,1.4468386e-05,0.00026456284,6.484282e-05,0.00056620623,0.99903417,3.539241e-05
ISIC_0029200,HAM_0000849,nv,2,1.9051242e-05,6.741073e-05,0.0020605454,0.0003834025,0.014081272,0.98332477,6.357437e-05
ISIC_0025356,HAM_0005320,nv,2,1.0272952e-05,9.353629e-06,7.454836e-05,2.9812987e-05,0.0014548228,0.9983802,4.1029038e-05
ISIC_0028178,HAM_0006083,nv,2,6.614357e-06,5.5265023e-06,3.425299e-05,3.3754895e-05,0.0003863043,0.9995134,2.0274416e-05
ISIC_0028437,HAM_0002990,nv,2,1.1750241e-05,1.5087609e-05,0.00016945289,5.4812204e-05,0.001683647,0.9979747,9.054673e-05
ISIC_0028444,HAM_0007411,nv,2,1.3429718e-05,4.998755e-06,5.128067e-05,3.11033e-05,0.0010985725,0.9987571,4.3521337e-05
ISIC_0027633,HAM_0007291,nv,2,2.4375031e-05,9.508185e-06,0.00022484397,0.00010749517,0.00045389944,0.99914277,3.702258e-05
ISIC_0026673,HAM_0004251,nv,2,1.7424962e-05,1.1472296e-05,0.00012154526,4.151554e-05,0.00031388202,0.9994247,6.962737e-05
ISIC_0032161,HAM_0005216,nv,2,1.6960385e-05,1.165669e-05,0.0010699974,3.9127197e-05,0.0010200021,0.99779403,4.8268477e-05
ISIC_0026932,HAM_0001096,nv,2,3.295596e-05,2.9197363e-05,0.0010733829,0.010354455,0.00012352716,0.9883239,6.241739e-05
ISIC_0030985,HAM_0004679,nv,2,1.4966008e-05,6.838569e-06,9.704418e-05,4.8689773e-05,0.000102799815,0.99964607,8.3636885e-05
ISIC_0030388,HAM_0000936,nv,2,1.5244369e-05,8.652116e-06,0.00097117544,0.00016277586,0.00027205393,0.99854445,2.5679541e-05
ISIC_0031365,HAM_0006728,nv,2,7.406554e-06,1.4055169e-05,0.00035843946,0.00014016144,3.724805e-05,0.9993549,8.7710796e-05
ISIC_0031452,HAM_0002588,nv,2,6.04424e-06,7.291834e-05,0.00015436813,0.00020863987,0.0002722755,0.9992205,6.517235e-05
ISIC_0029511,HAM_0006627,nv,2,1.5219239e-05,5.239123e-06,0.0004686267,6.7743225e-05,0.0005578683,0.99884737,3.7852355e-05
ISIC_0026813,HAM_0000731,nv,2,2.9814762e-06,9.346451e-06,4.4524153e-05,0.000106339554,0.00025497083,0.99956435,1.754694e-05
ISIC_0027223,HAM_0004772,nv,2,8.577585e-06,3.761936e-06,4.001248e-05,1.9634286e-05,0.00023733315,0.9996575,3.304219e-05
ISIC_0028910,HAM_0006136,nv,2,5.482117e-06,4.2115025e-06,3.0132156e-05,7.885644e-05,0.00059062353,0.9992623,2.8472885e-05
ISIC_0031416,HAM_0003592,nv,2,1.2337604e-05,1.3683182e-05,0.0005352165,7.2469054e-05,0.0008494469,0.9979247,0.00059214147
ISIC_0025092,HAM_0001984,nv,2,8.025269e-06,3.8355547e-06,8.134972e-05,2.2136852e-05,0.00031745297,0.9995067,6.0527822e-05
ISIC_0024917,HAM_0007280,nv,2,2.8592585e-05,2.5932346e-05,0.0005418785,0.00045353087,0.00017412755,0.9985753,0.00020061538
ISIC_0025669,HAM_0003860,nv,2,2.7554785e-05,3.3959222e-05,0.0002694022,0.00037206977,0.0003156559,0.99871325,0.00026815542
ISIC_0029774,HAM_0004393,nv,2,1.2073403e-05,4.618488e-06,5.02142e-05,1.8195262e-05,0.00014679716,0.9997131,5.4854092e-05
ISIC_0029886,HAM_0007459,nv,2,1.6733113e-05,5.782809e-06,0.00046661968,0.00018669924,0.0013189313,0.9979748,3.0418345e-05
ISIC_0028904,HAM_0003269,nv,2,2.5749248e-05,1.2871891e-05,0.00033934545,0.0001379137,8.064098e-05,0.9993013,0.00010208918
ISIC_0027186,HAM_0005688,nv,2,1.558827e-05,1.6240925e-05,0.0017125476,0.0004964368,0.00029513612,0.9974177,4.6356545e-05
ISIC_0030164,HAM_0002828,nv,2,9.600036e-06,8.195325e-06,0.00011893921,5.271457e-05,0.0007753918,0.9989912,4.3915825e-05
ISIC_0026020,HAM_0001550,nv,2,5.375728e-06,4.3026785e-06,0.00018701903,0.00016906076,0.00042001583,0.99919623,1.8009121e-05
ISIC_0028247,HAM_0003155,nv,2,0.00017792168,0.02514754,0.0450058,0.0016361373,0.051297944,0.87615347,0.0005811083
ISIC_0028988,HAM_0003155,nv,2,0.00013619603,0.0015240619,0.07733425,0.004653362,0.02112137,0.89372885,0.0015018994
ISIC_0026730,HAM_0003277,nv,2,1.793005e-05,8.114549e-05,0.009489701,0.00022936305,0.0011169019,0.9889972,6.779959e-05
ISIC_0026890,HAM_0003277,nv,2,4.981474e-05,6.6381624e-05,0.14252822,0.00049652177,0.000591942,0.8562041,6.309484e-05
ISIC_0030629,HAM_0004935,nv,2,0.00082997995,0.00042184742,0.02900178,0.0002799154,0.00046694253,0.9641659,0.0048336852
ISIC_0031178,HAM_0004935,nv,2,0.00012753256,3.1652497e-05,0.0009820395,6.687758e-05,0.0009149146,0.99673367,0.001143365
ISIC_0028423,HAM_0006439,nv,2,2.6603757e-05,7.259955e-05,0.0013176963,0.00021653064,0.094176635,0.9040556,0.0001343157
ISIC_0025621,HAM_0006439,nv,2,7.04405e-06,1.6409926e-05,0.00017856833,5.806472e-05,0.011394148,0.98830414,4.157811e-05
ISIC_0026251,HAM_0004380,nv,2,0.00016254082,0.83229715,0.0019869322,0.00036916425,0.0069928807,0.15791866,0.00027273683
ISIC_0029072,HAM_0004380,nv,2,8.178653e-05,0.007902333,0.036167253,0.007011342,0.0067378045,0.9419194,0.00018003926
ISIC_0024842,HAM_0000977,nv,2,2.9444556e-05,2.4746423e-05,0.00028466352,0.00018401709,0.010503483,0.9889352,3.8402944e-05
ISIC_0028803,HAM_0000977,nv,2,6.435655e-05,0.00010264081,0.0015502254,0.0010705868,0.17673513,0.8204135,6.360678e-05
ISIC_0031145,HAM_0004267,nv,2,0.00010260189,2.5242085e-05,0.0047868593,0.00019318899,0.17632341,0.8185022,6.650403e-05
ISIC_0028430,HAM_0004267,nv,2,1.885734e-05,1.5152296e-05,0.0006293671,6.5690154e-05,0.0028372032,0.9963981,3.557588e-05
ISIC_0024798,HAM_0000044,nv,2,3.2811404e-05,0.0009014535,0.0037336855,0.00039314342,0.00063347805,0.9936452,0.0006603231
ISIC_0025152,HAM_0000044,nv,2,3.2415533e-05,9.602181e-05,0.0033881925,0.0004630419,0.00030471,0.9951702,0.00054546347
ISIC_0027235,HAM_0003091,nv,2,4.736259e-05,7.082247e-05,0.0008535757,0.0002616001,0.87335575,0.1253283,8.26383e-05
ISIC_0027152,HAM_0003091,nv,2,4.0078987e-05,9.861692e-05,0.0015933458,0.0002958568,0.0905365,0.90727043,0.00016515225
ISIC_0024934,HAM_0002652,nv,2,7.2775794e-05,4.003392e-05,0.01482084,0.00025154394,0.0048540984,0.9798902,7.053671e-05
ISIC_0025442,HAM_0002652,nv,2,0.000105611274,6.557553e-05,0.0029107658,0.0002588502,0.25296724,0.743512,0.00018000205
ISIC_0027987,HAM_0006457,nv,2,4.1515515e-05,0.00013375224,0.0022012272,0.00020655348,0.110934176,0.88630575,0.00017701996
ISIC_0032257,HAM_0006457,nv,2,4.2726508e-05,0.00012755778,0.0015246596,5.840021e-05,0.01754278,0.98051685,0.00018705112
ISIC_0027077,HAM_0003848,nv,2,0.004903763,0.0012017188,0.038722046,0.014786309,0.019103399,0.9075113,0.013771424
ISIC_0032096,HAM_0003848,nv,2,0.0027800936,0.0076667205,0.84991884,0.0021026277,0.012933526,0.122681804,0.0019163346
ISIC_0030786,HAM_0000682,nv,2,0.000648131,0.8540001,0.003243617,0.09433066,0.0013156692,0.014367524,0.032094393
ISIC_0029389,HAM_0004575,nv,2,0.0039698337,0.004309214,0.186664,0.020568151,0.16344845,0.6090665,0.011973887
ISIC_0024789,HAM_0004575,nv,2,0.0022136911,0.0068922904,0.19465403,0.026466042,0.29050314,0.47709143,0.002179371
ISIC_0030312,HAM_0004762,nv,2,0.0021090952,0.0018110654,0.026432104,0.8951938,0.008865002,0.06510143,0.0004874416
ISIC_0026080,HAM_0004762,nv,2,0.00095311156,0.0028593934,0.10973522,0.0154577335,0.019265663,0.851414,0.0003149173
ISIC_0028385,HAM_0006359,nv,2,5.324466e-05,8.071409e-05,0.024579378,0.00029988922,0.0064244494,0.96848786,7.4357304e-05
ISIC_0027403,HAM_0006359,nv,2,4.6360285e-05,4.338167e-05,0.57058185,0.000558204,0.0011768234,0.42734608,0.00024721818
ISIC_0027031,HAM_0006742,nv,2,0.0016849107,0.0050154994,0.030306466,0.004720837,0.51309586,0.44404742,0.0011289885
ISIC_0024813,HAM_0006742,nv,2,0.00031370943,0.00036676344,0.002903897,0.0009211433,0.3487599,0.64649874,0.00023587709
ISIC_0031293,HAM_0004418,nv,2,3.9106995e-05,4.829069e-05,0.006785554,0.0002975547,0.15293767,0.83979297,9.889272e-05
ISIC_0026376,HAM_0004418,nv,2,4.905248e-06,7.5530106e-06,0.00018582905,4.1231884e-05,0.002277721,0.9974546,2.8090259e-05
ISIC_0025108,HAM_0007476,nv,2,4.0191666e-05,8.409447e-05,0.0025368517,0.00016497087,0.14708085,0.84970456,0.00038846937
ISIC_0029296,HAM_0007476,nv,2,4.1018655e-05,0.000102118756,0.0027533402,0.00014916345,0.2088107,0.78804326,0.000100339385
ISIC_0030064,HAM_0006048,nv,2,0.03639591,0.6594652,0.08572512,0.043179028,0.043634713,0.060704798,0.07089533
ISIC_0025129,HAM_0006826,nv,2,0.00032039324,0.011316332,0.017087655,0.008782024,0.050964527,0.9113425,0.00018651906
ISIC_0027049,HAM_0006826,nv,2,6.476337e-05,0.00021653913,0.010453838,0.000581189,0.006278955,0.98234046,6.425938e-05
ISIC_0026911,HAM_0006303,nv,2,6.138097e-05,4.624238e-05,0.0017554726,0.0008053835,0.29583842,0.70141137,8.179444e-05
ISIC_0030464,HAM_0006303,nv,2,1.8279428e-05,3.0374053e-05,0.0023964716,0.0003137353,0.018039292,0.97915787,4.4021697e-05
ISIC_0024340,HAM_0001160,nv,2,0.00084514526,0.00012561963,0.15012085,0.0007583234,0.0021586807,0.8455238,0.000467646
ISIC_0027361,HAM_0001160,nv,2,0.0006927818,0.00018609587,0.22501409,0.00071547145,0.013167926,0.7597275,0.00049607677
ISIC_0025823,HAM_0007425,nv,2,0.00016417808,6.063413e-05,0.002532068,0.00016037491,0.004360093,0.9925007,0.00022200715
ISIC_0027458,HAM_0007425,nv,2,0.000128099,6.479075e-05,0.0076067233,0.00014487194,0.6728042,0.31905407,0.00019724449
ISIC_0028368,HAM_0002409,nv,2,1.3829296e-05,2.1294096e-05,0.00069389225,0.00014228669,0.0060679344,0.9929443,0.00011647173
ISIC_0028843,HAM_0002409,nv,2,5.19495e-05,5.5084365e-05,0.0008148122,0.00019207565,0.39932778,0.599462,9.629917e-05
ISIC_0024831,HAM_0007468,nv,2,0.00092198694,0.037500046,0.041569617,0.007960864,0.0066710664,0.8124268,0.09294957
ISIC_0026869,HAM_0007468,nv,2,0.00090069673,0.004512004,0.058913916,0.005147841,0.0041729216,0.7905722,0.13578032
ISIC_0025402,HAM_0002703,nv,2,0.013007106,0.0031883067,0.8120233,0.0066775274,0.084506944,0.07907742,0.0015193445
ISIC_0025598,HAM_0004986,nv,2,0.0057837456,0.0002701134,0.33762842,0.00087877543,0.27826855,0.37665173,0.00051862735
ISIC_0031158,HAM_0006709,nv,2,3.6402023e-05,0.0007963777,0.00026248928,0.012536771,0.003673434,0.9823956,0.0002988952
ISIC_0033712,HAM_0000407,nv,2,0.0001480366,0.00024075691,0.00430309,0.0015068431,0.79751545,0.1962045,8.127595e-05
ISIC_0032771,HAM_0000407,nv,2,4.06336e-05,0.00015790874,0.0032835654,0.00038892418,0.18112436,0.81492007,8.4687694e-05
ISIC_0033297,HAM_0000407,nv,2,8.111841e-05,0.00016644417,0.0029287636,0.0009974353,0.19354275,0.80221236,7.116851e-05
ISIC_0033852,HAM_0004708,nv,2,4.695483e-05,0.00010981482,0.0012046412,0.0003134449,0.635939,0.3623471,3.9079277e-05
ISIC_0033775,HAM_0004708,nv,2,3.8200014e-05,6.957778e-05,0.0068052732,0.00019820864,0.42891228,0.56379455,0.00018188648
ISIC_0033561,HAM_0004708,nv,2,4.421625e-05,8.0851e-05,0.0018505222,0.00018525061,0.38589132,0.6118538,9.4155876e-05
ISIC_0025456,HAM_0003158,nv,2,8.0797356e-05,7.385477e-05,0.042596288,0.0011023786,0.0014772686,0.95445657,0.00021287268
ISIC_0034079,HAM_0005374,nv,2,5.988025e-05,3.6675625e-05,0.0010211307,0.00012310651,0.64784664,0.3508549,5.769886e-05
ISIC_0033327,HAM_0005374,nv,2,2.886455e-05,1.945459e-05,0.0001584202,3.7646474e-05,0.9341384,0.065586805,3.0427555e-05
ISIC_0032871,HAM_0005374,nv,2,2.968467e-05,2.5790492e-05,0.0004695906,4.8560887e-05,0.79643154,0.2029488,4.606641e-05
ISIC_0030851,HAM_0000077,nv,2,1.6860455e-05,1.4005133e-05,0.000540899,5.8906266e-05,0.011302547,0.98804796,1.8882814e-05
ISIC_0026979,HAM_0002060,nv,2,0.00014706557,0.00081826583,0.010421444,0.00042554835,0.0004197699,0.98601365,0.0017542936
ISIC_0034136,HAM_0002750,nv,2,0.00022813331,0.00022284864,0.016581833,0.00031549693,0.45390055,0.5285946,0.00015648766
ISIC_0033386,HAM_0002750,nv,2,0.00049675175,0.0010312832,0.23156632,0.0023514272,0.1053994,0.6583839,0.00077088823
ISIC_0033003,HAM_0002750,nv,2,2.394835e-05,2.2062255e-05,0.0013056217,0.00013580921,0.07629065,0.92217773,4.4220156e-05
ISIC_0033919,HAM_0002386,nv,2,1.788889e-05,5.8876185e-06,0.00024105133,3.4213397e-05,0.001313011,0.9983581,3.0016821e-05
ISIC_0033640,HAM_0002386,nv,2,1.7222064e-05,7.179224e-06,0.00025310728,3.8962422e-05,0.006060046,0.9935921,3.1307183e-05
ISIC_0033927,HAM_0002386,nv,2,4.0011942e-05,1.607184e-05,0.00048270822,5.137635e-05,0.0065092193,0.99283385,6.674616e-05
ISIC_0032664,HAM_0000294,nv,2,0.00013925716,0.00014172668,0.04299092,0.0007797541,0.12685189,0.8287953,0.0003012097
ISIC_0033461,HAM_0000294,nv,2,1.6932192e-05,3.7200643e-05,0.0011824105,0.0006174081,0.0058542304,0.99225193,3.9910465e-05
ISIC_0031466,HAM_0002567,nv,2,0.0039908537,0.00046169295,0.007451346,0.0005547368,0.0045078304,0.97975343,0.0032799824
ISIC_0031048,HAM_0002567,nv,2,0.00059020583,0.000102863305,0.0006903575,0.0001436508,0.0044514234,0.9936917,0.00032978473
ISIC_0026502,HAM_0005107,nv,2,0.00017563217,0.0001493485,0.010338056,0.00037036376,0.012494457,0.9762156,0.00025654348
ISIC_0032082,HAM_0005107,nv,2,0.0002451876,0.0031334036,0.18955114,0.002495729,0.025904704,0.7780325,0.00063721155
ISIC_0026384,HAM_0005127,nv,2,1.9336605e-05,6.7349642e-06,0.0015481446,9.135329e-05,0.0041027875,0.99416274,6.8822534e-05
ISIC_0028436,HAM_0005127,nv,2,4.38551e-05,4.4458793e-05,0.0018693245,0.00049823243,0.100626625,0.8968754,4.2092743e-05
ISIC_0029636,HAM_0001220,nv,2,0.000100351324,5.1960003e-05,0.0019504988,0.00054037914,0.3701146,0.62713164,0.00011064574
ISIC_0027931,HAM_0001220,nv,2,0.00023513079,0.000112377165,0.008568475,0.0010798268,0.58107895,0.40884012,8.5158725e-05
ISIC_0032711,HAM_0006869,nv,2,1.5757525e-05,1.5124296e-05,0.0003500325,5.2123043e-05,0.012691963,0.98681706,5.7864225e-05
ISIC_0033207,HAM_0006869,nv,2,2.6912405e-05,3.825024e-05,0.0009355843,8.94571e-05,0.047904383,0.9509755,3.0022955e-05
ISIC_0032558,HAM_0006869,nv,2,3.444767e-05,6.744525e-05,0.0015923041,0.00021184343,0.03137901,0.9666858,2.9235354e-05
ISIC_0032651,HAM_0004714,nv,2,2.2677186e-05,5.5472676e-05,0.00022769338,5.974642e-05,0.08266332,0.91692525,4.5898734e-05
ISIC_0033699,HAM_0004714,nv,2,2.0383284e-05,3.3869932e-05,0.0009505115,8.333914e-05,0.11463183,0.8842097,7.031579e-05
ISIC_0033915,HAM_0004714,nv,2,7.4501375e-05,5.1504903e-05,0.0001488889,0.00011755099,0.8783651,0.12121836,2.409276e-05
ISIC_0032821,HAM_0006391,nv,2,4.8278394e-05,2.8884704e-05,0.00031961617,6.199068e-05,0.07554266,0.92389995,9.857832e-05
ISIC_0032783,HAM_0006391,nv,2,6.939302e-05,1.8102251e-05,0.0011409208,3.7654714e-05,0.0040095206,0.99460286,0.00012143227
ISIC_0034139,HAM_0006391,nv,2,2.794707e-05,1.3997883e-05,0.00032146167,3.519067e-05,0.0081526125,0.9914015,4.726183e-05
ISIC_0034320,HAM_0002244,nv,2,0.00011591825,0.00013394328,0.009947073,0.00013900721,0.0070054783,0.9824523,0.0002062434
ISIC_0032549,HAM_0002244,nv,2,8.153613e-05,0.0001381569,0.0026119258,0.0001656754,0.018487947,0.97835153,0.00016310686
ISIC_0033990,HAM_0006379,nv,2,0.0005773566,0.00088036375,0.85366005,0.0006869684,0.027068239,0.116664074,0.00046301392
ISIC_0032937,HAM_0006379,nv,2,0.0009434636,0.0012257112,0.7825091,0.0021957618,0.008211197,0.20373139,0.0011833685
ISIC_0033231,HAM_0005364,nv,2,9.276977e-05,4.898181e-05,0.0006821421,0.00011545385,0.67252374,0.32648408,5.2858628e-05
ISIC_0033035,HAM_0005364,nv,2,7.16521e-05,3.8054142e-05,0.000816469,7.931165e-05,0.38450542,0.6144379,5.1207448e-05
ISIC_0032525,HAM_0005364,nv,2,8.43902e-05,6.546693e-05,0.0008246774,9.525382e-05,0.51016146,0.48870474,6.3950385e-05
ISIC_0032815,HAM_0004615,nv,2,3.0423198e-05,6.365556e-05,0.0008133945,7.784024e-05,0.44119257,0.55771965,0.0001025191
ISIC_0033094,HAM_0004615,nv,2,3.2778033e-05,3.2906322e-05,0.0002574418,9.7857126e-05,0.25894418,0.7405505,8.4358115e-05
ISIC_0033162,HAM_0004615,nv,2,7.019104e-05,0.00013398194,0.0030755834,0.00013062288,0.45257327,0.5437793,0.0002369899
ISIC_0033988,HAM_0005961,nv,2,2.4582463e-05,0.00013684243,0.0165759,0.00010825128,0.0025185228,0.98046607,0.00016980496
ISIC_0032859,HAM_0005961,nv,2,2.5951116e-05,3.731875e-05,0.0025631392,9.4002746e-05,0.01726117,0.9799699,4.8577855e-05
ISIC_0032795,HAM_0005961,nv,2,2.1941672e-05,0.0001377309,0.0033532477,8.444023e-05,0.0026708324,0.9936008,0.00013091136
ISIC_0033510,HAM_0000547,nv,2,0.0010656015,0.0018474981,0.0016296156,0.00022710132,0.95469415,0.04041826,0.000117818614
ISIC_0033222,HAM_0000547,nv,2,8.482203e-05,4.166318e-05,0.0005256185,3.786074e-05,0.99614596,0.0031458412,1.8272534e-05
ISIC_0032546,HAM_0000547,nv,2,0.0003567677,0.040360242,0.0065162415,0.00061523647,0.8462492,0.105713844,0.0001883709
ISIC_0032989,HAM_0005135,nv,2,0.0003013791,0.0005929599,0.0028809088,0.00031646006,0.57778823,0.41779408,0.00032586852
ISIC_0033618,HAM_0005135,nv,2,6.6437104e-05,0.00023008374,0.0008755647,0.00026276388,0.4047802,0.59357095,0.00021404316
ISIC_0033016,HAM_0005135,nv,2,0.00011224808,0.00049381296,0.0015685683,0.00034880065,0.5872533,0.40996885,0.0002544415
ISIC_0033091,HAM_0003824,nv,2,0.0001047507,0.00012151293,0.0020027305,0.00031456558,0.046594575,0.950615,0.00024690534
ISIC_0034138,HAM_0003824,nv,2,5.9226702e-05,5.3298263e-05,0.0038891379,0.00025328048,0.01043841,0.9847297,0.0005769408
ISIC_0032971,HAM_0003824,nv,2,0.00010073306,6.340758e-05,0.34629703,0.00086511683,0.004551741,0.646968,0.0011539551
ISIC_0033170,HAM_0001358,nv,2,0.00010717142,5.1321073e-05,0.0018791321,0.00020337562,0.654238,0.3434151,0.00010592283
ISIC_0032680,HAM_0001358,nv,2,4.5650337e-05,3.9661703e-05,0.001976489,0.0001948408,0.3757337,0.62190473,0.00010490364
ISIC_0033674,HAM_0001358,nv,2,0.00015873143,4.0527444e-05,0.0054658568,0.0003669055,0.25675702,0.73716944,4.148852e-05
ISIC_0034314,HAM_0006042,nv,2,1.4621142e-05,2.1566486e-05,0.0004109231,5.5612396e-05,0.013266741,0.98619485,3.5696292e-05
ISIC_0034174,HAM_0006042,nv,2,2.7983053e-05,2.5528674e-05,0.0002143761,4.2752483e-05,0.0049997643,0.99461865,7.090115e-05
ISIC_0033983,HAM_0006042,nv,2,0.00023228412,9.394297e-05,0.0020447078,0.00013325935,0.031175112,0.9660483,0.00027236444
ISIC_0032702,HAM_0004814,nv,2,0.0002935579,0.00084695313,0.006264298,0.00049984676,0.7905724,0.20145574,6.7186054e-05
ISIC_0033667,HAM_0004814,nv,2,0.00059968367,0.00015341108,0.67060363,0.0004837453,0.08231242,0.24573952,0.000107517364
ISIC_0033107,HAM_0004814,nv,2,0.00063838495,0.00021466908,0.27308413,0.00065480144,0.06627179,0.6589445,0.00019167793
ISIC_0033121,HAM_0001824,nv,2,1.938823e-05,2.3570094e-05,0.00011299702,0.000115789684,0.052213877,0.94746107,5.3323914e-05
ISIC_0034158,HAM_0001824,nv,2,1.28410165e-05,1.0059363e-05,6.9825815e-05,3.4063632e-05,0.012622919,0.9872163,3.4096916e-05
ISIC_0033213,HAM_0001824,nv,2,7.635812e-05,5.6633817e-05,0.00027551374,0.00026085117,0.4771894,0.5220468,9.447403e-05
ISIC_0032705,HAM_0007367,nv,2,7.0806906e-05,0.00017835655,0.04432968,0.0004414367,0.7512455,0.20259029,0.001143882
ISIC_0034198,HAM_0007367,nv,2,3.3404278e-05,0.00010289241,0.0050652986,0.00027454886,0.2765559,0.71733147,0.0006364778
ISIC_0033658,HAM_0007367,nv,2,8.046509e-05,0.00030785237,0.018732565,0.0004175097,0.21712187,0.76079583,0.002543857
ISIC_0033046,HAM_0007367,nv,2,6.620014e-05,0.000107243766,0.008370981,0.0002532759,0.9107097,0.08004457,0.00044799942
ISIC_0032689,HAM_0007367,nv,2,0.00020179841,0.000119095464,0.0045884275,0.00044119888,0.7589499,0.23511171,0.0005879284
ISIC_0033194,HAM_0003634,nv,2,3.7967566e-05,6.702674e-05,0.00520125,0.00034072244,0.0010274425,0.99312055,0.00020505038
ISIC_0034258,HAM_0003634,nv,2,4.232032e-05,0.0006051181,0.0072151567,0.00031454486,0.0030580747,0.98841816,0.00034647353
ISIC_0034023,HAM_0003634,nv,2,5.8591184e-05,0.0018620746,0.0084776925,0.00085387385,0.006468411,0.9818038,0.00047548447
ISIC_0033104,HAM_0006496,nv,2,4.3258602e-05,3.839992e-05,0.0004164825,0.00021230339,0.7319915,0.26718903,0.00010896472
ISIC_0032579,HAM_0006496,nv,2,0.0002797031,0.000117512085,0.07371396,0.00050548866,0.39002383,0.5351859,0.00017367161
ISIC_0033189,HAM_0006496,nv,2,0.00021608369,0.00016993762,0.0050940174,0.00032884537,0.8483566,0.14570475,0.00012978772
ISIC_0033128,HAM_0007348,nv,2,4.9062244e-05,4.64512e-05,0.0005102428,0.00019197163,0.27645645,0.7226975,4.8396036e-05
ISIC_0033115,HAM_0007348,nv,2,2.8349286e-05,4.1328607e-05,0.005149991,0.00027669672,0.10173724,0.89271593,5.0538063e-05
ISIC_0032625,HAM_0007348,nv,2,0.0001293824,0.00012491283,0.039169867,0.000966339,0.17114604,0.788286,0.00017753695
ISIC_0032530,HAM_0003676,nv,2,0.0022591578,0.0009697558,0.012946712,0.001195152,0.20777929,0.7511706,0.023679307
ISIC_0033249,HAM_0003676,nv,2,0.0015536686,0.0007797093,0.007911881,0.0017434281,0.4102599,0.5585726,0.019178743
ISIC_0026279,HAM_0003243,nv,2,0.00013379581,0.00032537774,0.025126202,0.0006090741,0.231282,0.74077743,0.0017461394
ISIC_0031814,HAM_0003243,nv,2,0.0020563737,0.001325104,0.18912885,0.00204436,0.48865035,0.3016373,0.015157609
ISIC_0034237,HAM_0002170,nv,2,1.7433857e-05,8.939193e-06,0.00025838715,2.8912486e-05,0.9430284,0.056633256,2.4633748e-05
ISIC_0034032,HAM_0002170,nv,2,3.4817862e-05,1.6160217e-05,0.0011720246,5.6075165e-05,0.734659,0.26400527,5.6625457e-05
ISIC_0033075,HAM_0002170,nv,2,9.999812e-05,4.979357e-05,0.0014526078,0.00015488012,0.41791865,0.58022255,0.00010157286
ISIC_0033645,HAM_0006191,nv,2,4.31776e-05,2.9908248e-05,0.00021959536,6.872861e-05,0.24282281,0.7567635,5.2183947e-05
ISIC_0028829,HAM_0006191,nv,2,1.5574406e-05,7.088824e-06,8.301064e-05,3.5929777e-05,0.003304534,0.9965306,2.3288801e-05
ISIC_0033530,HAM_0006191,nv,2,7.788323e-05,5.2698433e-05,0.00030833515,0.000118526026,0.3431201,0.6562343,8.808106e-05
ISIC_0033339,HAM_0000316,nv,2,0.0002345438,0.0003611462,0.029455919,0.0009778698,0.0017977001,0.9065559,0.060616944
ISIC_0034285,HAM_0001673,nv,2,5.6408648e-05,4.8913054e-05,0.009730427,0.00017375086,0.049997676,0.93970907,0.00028368284
ISIC_0033966,HAM_0001673,nv,2,0.00027060325,0.00034543147,0.1293886,0.00039914536,0.093013264,0.77575433,0.00082864705
ISIC_0033764,HAM_0007299,nv,2,0.0004768235,0.00022087904,0.047883272,0.00044098968,0.6610082,0.2899033,6.657948e-05
ISIC_0033934,HAM_0007299,nv,2,0.00042030102,0.00014440354,0.010924723,0.00031295183,0.70694315,0.28120255,5.18925e-05
ISIC_0032565,HAM_0007299,nv,2,0.0009197069,0.00012704772,0.019246234,0.00036192534,0.5116234,0.46766165,6.0013095e-05
ISIC_0032772,HAM_0005496,nv,2,4.7998354e-05,0.00014357675,0.002725015,0.000100821766,0.0016407439,0.9951212,0.0002206455
ISIC_0034041,HAM_0005496,nv,2,1.1456083e-05,2.3187167e-05,0.0011020496,4.3531367e-05,0.0006987973,0.9980122,0.00010874537
ISIC_0033598,HAM_0005496,nv,2,3.1758755e-05,4.87109e-05,0.0024250746,0.00020953424,0.018033119,0.97882277,0.00042909745
ISIC_0034021,HAM_0005496,nv,2,7.5891753e-06,2.1325981e-05,0.0003849974,5.3456668e-05,0.0010970234,0.99832314,0.000112451686
ISIC_0034220,HAM_0002502,nv,2,9.6477495e-05,7.4261385e-05,0.00033871844,9.2059476e-05,0.81928295,0.17997259,0.00014286327
ISIC_0032973,HAM_0002502,nv,2,7.1951166e-05,3.128003e-05,0.00015366527,5.1370997e-05,0.96030974,0.039328262,5.362645e-05
ISIC_0033425,HAM_0002502,nv,2,3.3734075e-05,1.0771533e-05,6.901533e-05,1.5550524e-05,0.9930611,0.006783303,2.650405e-05
ISIC_0033443,HAM_0004118,nv,2,1.4620309e-05,8.297924e-06,9.6224976e-05,2.5961908e-05,0.003975399,0.99581605,6.338381e-05
ISIC_0032593,HAM_0004118,nv,2,1.9188463e-05,2.5770516e-05,7.080809e-05,5.9976788e-05,0.06752984,0.93222064,7.37007e-05
ISIC_0033935,HAM_0004118,nv,2,1.5167801e-05,1.0713649e-05,6.18941e-05,2.0853759e-05,0.0062887557,0.993529,7.360881e-05
ISIC_0032605,HAM_0006334,nv,2,0.0004103375,3.688483e-05,0.00042068423,7.364136e-05,0.01320908,0.9857517,9.7558936e-05
ISIC_0032779,HAM_0006334,nv,2,6.85172e-05,1.3426118e-05,0.000108161745,2.9497673e-05,0.001259182,0.9984894,3.1770243e-05
ISIC_0033950,HAM_0006334,nv,2,0.00025971097,6.15664e-05,0.0010063263,0.00011614993,0.12273373,0.8755576,0.00026483333
ISIC_0033442,HAM_0002417,nv,2,3.5925645e-05,2.7012375e-05,0.00054454856,0.00014992907,0.5578481,0.44129416,0.00010036314
ISIC_0032943,HAM_0002417,nv,2,4.9537284e-05,2.6002543e-05,0.00011687722,7.165524e-05,0.87162644,0.12804633,6.3112144e-05
ISIC_0032752,HAM_0007052,nv,2,0.00024122698,8.719616e-05,0.95077735,0.000159753,0.0018656736,0.04669364,0.00017511201
ISIC_0033794,HAM_0007052,nv,2,9.617716e-05,2.4317396e-05,0.99289423,4.798457e-05,0.00032031888,0.006573498,4.3435197e-05
ISIC_0034200,HAM_0004583,nv,2,5.9203117e-06,5.6052386e-06,0.00032434476,7.700103e-05,0.0034819308,0.99608934,1.5967838e-05
ISIC_0034249,HAM_0004584,nv,2,0.00020358071,7.577597e-05,0.049042255,0.0001401924,0.0012760336,0.94915575,0.00010644464
ISIC_0032824,HAM_0004590,nv,2,1.048603e-05,2.4285699e-05,0.00024141523,0.0004378408,0.0037478965,0.995481,5.6908808e-05
ISIC_0033955,HAM_0000432,nv,2,0.00015959128,9.774691e-05,0.008127722,0.01508482,0.49083635,0.48511794,0.0005758338
ISIC_0033822,HAM_0000432,nv,2,2.0584997e-05,2.2964225e-05,0.00010608185,0.0003265956,0.01281224,0.9864878,0.000223809
ISIC_0027397,HAM_0003699,nv,2,0.024676124,0.0039549368,0.77836156,0.010909271,0.019029863,0.16220027,0.0008679363
ISIC_0032966,HAM_0004076,nv,2,7.422988e-05,9.184088e-05,0.001464968,0.0006570965,0.109968364,0.88548034,0.002263178
ISIC_0033864,HAM_0004076,nv,2,8.186558e-05,9.6838776e-05,0.108715,0.00084476895,0.021013707,0.86857563,0.00067219435
ISIC_0033177,HAM_0006295,nv,2,7.3815776e-05,0.0005024726,0.01150343,0.00044386383,0.14686593,0.8402176,0.00039285768
ISIC_0033086,HAM_0006295,nv,2,0.00024842945,0.0022055951,0.0036293163,0.012223981,0.5159839,0.46433526,0.0013735032
ISIC_0032720,HAM_0006295,nv,2,2.1709198e-05,0.00017617644,0.0038186715,0.0003541527,0.002731748,0.9927208,0.00017669333
ISIC_0033463,HAM_0007533,nv,2,0.00019683235,0.00010659868,0.015408953,0.0005541906,0.61731434,0.36574665,0.00067240983
ISIC_0033757,HAM_0007533,nv,2,0.0010282088,0.00085241493,0.2017673,0.0015435241,0.3836356,0.40837798,0.0027949612
ISIC_0033873,HAM_0002598,nv,2,0.00015095805,0.0003195782,0.020842226,0.004248853,0.5364793,0.43786165,9.746585e-05
ISIC_0029393,HAM_0001755,nv,2,4.8692702e-05,2.7528358e-05,0.00026659336,0.00014186346,0.17714927,0.8223359,3.0174993e-05
ISIC_0029306,HAM_0000897,nv,2,0.000112519425,8.232097e-05,0.0021771507,0.00044632866,0.07253873,0.9243053,0.0003375652
ISIC_0029654,HAM_0000312,nv,2,2.5517087e-05,0.00018167854,0.0061350293,0.0005927994,0.0008073482,0.99222744,3.0184152e-05
ISIC_0031053,HAM_0001052,nv,2,4.5155964e-05,3.72169e-05,0.00092092744,0.000102859565,0.019582432,0.9792061,0.00010529881
ISIC_0024424,HAM_0006333,nv,2,0.034595907,0.8441375,0.01079346,0.004442624,0.057248272,0.04678175,0.0020004928
ISIC_0031970,HAM_0005421,nv,2,0.00013948495,5.724451e-05,0.033667386,0.00031433417,0.030475412,0.9351887,0.00015744095
ISIC_0028060,HAM_0005421,nv,2,0.0005158195,0.0004352128,0.10774836,0.0010625353,0.024018442,0.8659117,0.0003080099
ISIC_0025993,HAM_0005232,nv,2,0.00017406713,8.667586e-05,0.0006530846,9.154795e-05,0.32725778,0.67148936,0.00024739926
ISIC_0026049,HAM_0000773,nv,2,0.00016890591,0.00018120957,0.71561974,0.0010530226,0.12880573,0.15236424,0.0018070645
ISIC_0027505,HAM_0005805,nv,2,6.170163e-05,2.8359627e-05,0.0009213989,0.00015019866,0.059133016,0.93956256,0.0001427618
ISIC_0030074,HAM_0000140,nv,2,3.3054013e-05,3.4437933e-05,0.0002402167,0.00039431374,0.017562717,0.98163134,0.000103923056
ISIC_0027285,HAM_0005902,nv,2,0.00044516913,0.0062665767,0.16161714,0.0018632823,0.102329604,0.7130883,0.014389937
ISIC_0026886,HAM_0001041,nv,2,3.8108535e-06,6.5333224e-06,0.00026879707,9.378249e-05,0.0006882431,0.99890566,3.311421e-05
ISIC_0027942,HAM_0001041,nv,2,6.4456663e-06,9.657211e-06,0.00039916884,0.00012305443,0.00033278606,0.99906975,5.9157588e-05
ISIC_0031521,HAM_0001637,nv,2,7.292467e-05,3.4955483e-05,0.00010354568,0.0001060012,0.010961257,0.98862994,9.137874e-05
ISIC_0029664,HAM_0006754,nv,2,0.000114065995,0.00012047769,0.02742469,0.00061784044,0.025264807,0.94620514,0.00025306648
ISIC_0030116,HAM_0000182,nv,2,5.21648e-05,5.6293542e-05,0.0006407944,0.00019957795,0.06295095,0.93596166,0.00013851386
ISIC_0026270,HAM_0000182,nv,2,0.0002643471,0.00020748843,0.0022252712,0.00054665917,0.3908547,0.60536754,0.00053399586
ISIC_0025096,HAM_0000182,nv,2,0.00011486838,0.00012517646,0.0009208802,0.00031530883,0.19586742,0.80238956,0.0002668163
ISIC_0032347,HAM_0007585,nv,2,3.6149857e-05,0.00026194687,0.0006774509,0.000328876,0.062245708,0.93638533,6.457008e-05
ISIC_0027398,HAM_0001567,nv,2,1.897447e-05,1.6198057e-05,0.0002753776,0.000145433,0.004697629,0.994785,6.1430044e-05
ISIC_0032407,HAM_0001567,nv,2,2.4714693e-05,1.9323155e-05,0.00031692573,0.00015468369,0.01368156,0.98574,6.286514e-05
ISIC_0030840,HAM_0002154,nv,2,0.0016754454,0.0001335582,0.5172368,0.0002883193,0.27256468,0.20735627,0.0007449279
ISIC_0032291,HAM_0000032,nv,2,0.00011767637,8.848048e-05,0.00014432098,0.00046998647,0.007438486,0.9915263,0.00021475561
ISIC_0024503,HAM_0001142,nv,2,2.0912179e-05,3.4952976e-05,0.00027681226,0.00014339811,0.0051070573,0.9943684,4.8432714e-05
ISIC_0029667,HAM_0001142,nv,2,1.345746e-05,2.1047868e-05,0.00028012594,0.000109960325,0.0045628627,0.9949733,3.924587e-05
ISIC_0029450,HAM_0004239,nv,2,4.5446022e-06,1.0838242e-05,0.00022648816,0.00010729278,0.00039534568,0.9992112,4.4226796e-05
ISIC_0027887,HAM_0004239,nv,2,5.353151e-06,1.23979235e-05,0.00022174243,8.957428e-05,0.000740535,0.99889416,3.6262034e-05
ISIC_0024928,HAM_0004239,nv,2,4.7157787e-06,1.0879188e-05,0.0002433244,8.73871e-05,0.0005400365,0.9990758,3.7861013e-05
ISIC_0025078,HAM_0001512,nv,2,0.00010832269,2.6701617e-05,0.00016908934,0.00025457793,0.22323361,0.7761242,8.337895e-05
ISIC_0025516,HAM_0001512,nv,2,0.00010989894,4.653414e-05,0.0002964115,0.00033950576,0.15596294,0.8431277,0.00011698681
ISIC_0029835,HAM_0001512,nv,2,0.00014134741,2.9802139e-05,0.00022215364,0.00041666205,0.22863741,0.7704549,9.771745e-05
ISIC_0028101,HAM_0001512,nv,2,9.4491166e-05,3.9543942e-05,0.00033369422,0.00030771387,0.26564404,0.73346674,0.000113755705
ISIC_0032227,HAM_0000963,nv,2,0.0001509103,2.7725424e-05,0.000885503,0.0004345465,0.009075787,0.98931855,0.00010690698
ISIC_0029938,HAM_0001895,nv,2,0.00017500305,0.00031258658,0.03584893,0.00075426284,0.023350136,0.9391157,0.00044340827
ISIC_0024777,HAM_0001895,nv,2,0.00017500305,0.00031258658,0.03584893,0.00075426284,0.023350136,0.9391157,0.00044340827
ISIC_0029196,HAM_0001895,nv,2,0.00012309363,0.0001887984,0.007857277,0.00057927275,0.01476559,0.9762373,0.000248656
ISIC_0024349,HAM_0000025,nv,2,9.8389355e-06,5.56243e-06,3.6236193e-05,5.52536e-05,0.0055758012,0.9942908,2.6433412e-05
ISIC_0026126,HAM_0000025,nv,2,1.187046e-05,6.2309064e-06,3.1922493e-05,6.342349e-05,0.007302179,0.9925547,2.9610099e-05
ISIC_0028271,HAM_0000025,nv,2,1.2229488e-05,7.74323e-06,7.065129e-05,9.437791e-05,0.01056782,0.98917973,6.7415924e-05
ISIC_0027658,HAM_0000222,nv,2,0.00011535462,0.00024325366,0.0060273684,0.00091355806,0.040669978,0.9513042,0.0007262213
ISIC_0028678,HAM_0000222,nv,2,0.00015020254,0.00028503433,0.005604748,0.0017554504,0.06893304,0.92231387,0.0009576896
ISIC_0030610,HAM_0001130,nv,2,2.1109152e-05,2.5712376e-05,0.00032667464,0.00033344314,0.0033057467,0.9959233,6.388781e-05
ISIC_0024694,HAM_0001130,nv,2,1.7484783e-05,2.218934e-05,0.000280747,0.00034952324,0.002281126,0.99699664,5.2199914e-05
ISIC_0029661,HAM_0001699,nv,2,0.00020675723,0.0006214971,0.007608445,0.0006872631,0.2756419,0.7149607,0.00027337437
ISIC_0024328,HAM_0002701,nv,2,0.00044451287,1.6510729e-05,0.0041076723,5.6956713e-05,0.9286714,0.06661897,8.401231e-05
ISIC_0031559,HAM_0006760,nv,2,1.1560068e-05,1.6080943e-05,0.0003008067,0.0001819814,0.0021815505,0.9972843,2.3719722e-05
ISIC_0028115,HAM_0007168,nv,2,0.0002103982,0.00011000924,0.0031938187,0.0002235307,0.26712883,0.7289734,0.0001600625
ISIC_0028518,HAM_0002919,nv,2,2.994145e-05,3.762841e-05,0.00049360417,0.00011772888,0.9049636,0.09427122,8.630068e-05
ISIC_0026764,HAM_0002701,nv,2,0.0007503316,4.745458e-05,0.0026777901,0.0002250705,0.51743954,0.47855335,0.0003064355
ISIC_0025969,HAM_0004369,nv,2,0.00019900569,0.00089362526,0.34066194,0.0011643695,0.00091303204,0.65408313,0.0020848548
ISIC_0026030,HAM_0003580,nv,2,7.974701e-05,3.483889e-05,0.0025211554,0.0001096418,0.95315343,0.043974243,0.00012693855
ISIC_0028757,HAM_0003662,nv,2,0.0031926173,0.00042485617,0.01797735,0.00032958837,0.016368562,0.96160597,0.00010110947
ISIC_0031603,HAM_0002128,nv,2,0.13837516,0.0011971798,0.082225114,0.0010441988,0.006832344,0.7687858,0.0015402144
ISIC_0029867,HAM_0002128,nv,2,0.17153727,0.0063590477,0.18188858,0.001931839,0.0032383825,0.63237846,0.0026664236
ISIC_0031070,HAM_0000632,nv,2,0.00063193456,6.758826e-05,0.0052730693,0.000405228,0.026376566,0.9668452,0.00040050698
ISIC_0031354,HAM_0002823,nv,2,0.0011357111,0.00044215252,0.5335766,0.00084069837,0.33586594,0.12748033,0.0006585842
ISIC_0032163,HAM_0001427,nv,2,0.00045479133,3.569165e-05,0.0008747091,0.0005771602,0.30014655,0.6978616,4.9456256e-05
ISIC_0026454,HAM_0006210,nv,2,0.0010669358,8.530038e-05,0.0032928188,0.0006162902,0.80023706,0.1945804,0.000121236284
ISIC_0027874,HAM_0002684,nv,2,2.620304e-05,1.6333515e-05,0.0008734642,0.00022569751,0.032244723,0.9665617,5.180652e-05
ISIC_0030967,HAM_0005881,nv,2,0.00022006352,3.9339793e-05,0.001827784,0.00024621887,0.38677406,0.6108625,3.0045272e-05
ISIC_0032015,HAM_0005643,nv,2,0.0005109635,5.9612226e-05,0.07687762,0.00032163187,0.38511536,0.5367724,0.0003423753
ISIC_0026615,HAM_0002532,nv,2,0.0003350032,0.003608665,0.004764392,0.0048441486,0.100827985,0.88128823,0.0043316786
ISIC_0028135,HAM_0002944,nv,2,5.9144357e-05,1.4536472e-05,0.00015967575,0.00011785254,0.0056397687,0.99398094,2.796511e-05
ISIC_0029438,HAM_0002738,nv,2,0.00014385924,0.0010403899,0.0014970361,0.0008516329,0.0051611434,0.9912538,5.220422e-05
ISIC_0031353,HAM_0000168,nv,2,0.029603343,0.011735218,0.080430955,0.004372302,0.3159434,0.55666816,0.0012465838
ISIC_0029693,HAM_0002305,nv,2,0.00027736282,3.4144443e-05,0.0015335621,0.00015422497,0.30505767,0.6928499,9.3177485e-05
ISIC_0024841,HAM_0002368,nv,2,0.00026811854,0.0003947087,0.01973714,0.00043947017,0.8214062,0.15768938,6.506675e-05
ISIC_0029121,HAM_0002368,nv,2,0.0004475158,0.000102622325,0.0027490743,0.0005021738,0.5368938,0.45922962,7.52269e-05
ISIC_0027237,HAM_0003850,nv,2,0.010188927,0.026139308,0.17149323,0.013471798,0.35085186,0.42320812,0.0046466445
ISIC_0029001,HAM_0005664,nv,2,0.035403304,0.4257037,0.44352722,0.03888767,0.0012121741,0.05174468,0.0035212697
ISIC_0027671,HAM_0000971,nv,2,0.0001674505,6.785463e-05,0.0006113133,0.00015776673,0.061810013,0.9371238,6.190312e-05
ISIC_0026546,HAM_0000971,nv,2,0.00014553136,5.879998e-05,0.0005532671,0.00018595575,0.096610084,0.90240026,4.606258e-05
ISIC_0025013,HAM_0001154,nv,2,2.5325455e-05,1.1172448e-05,7.0750095e-05,0.00019813309,0.00910497,0.99056304,2.6592737e-05
ISIC_0027724,HAM_0001154,nv,2,6.542045e-05,1.6834205e-05,0.00016511069,0.00027169034,0.06726409,0.93218625,3.0661944e-05
ISIC_0030796,HAM_0006793,nv,2,0.00032185443,0.00026115522,0.003927696,0.00080049655,0.8718705,0.122695215,0.00012312029
ISIC_0024790,HAM_0001941,nv,2,0.0005396809,2.2449998e-05,0.002414552,0.00012669204,0.2688518,0.7279657,7.912716e-05
ISIC_0030733,HAM_0006245,nv,2,0.00041952802,8.301432e-05,0.006559319,0.00028028587,0.6981034,0.29444316,0.000111272464
ISIC_0025597,HAM_0000284,nv,2,7.642949e-05,3.9189144e-05,0.012288839,0.00014334795,0.36194924,0.6253922,0.000110770714
ISIC_0025225,HAM_0000284,nv,2,3.5680674e-05,1.7525757e-05,0.0051526446,0.00011229098,0.04664824,0.9479994,3.4113298e-05
ISIC_0027569,HAM_0005009,nv,2,0.00018014571,0.011210716,0.01314511,0.001270151,0.007362945,0.9667127,0.00011814244
ISIC_0030544,HAM_0003562,nv,2,4.746469e-05,0.00058192044,0.002157878,0.00039336272,0.0003552001,0.99565685,0.000807325
ISIC_0030962,HAM_0003562,nv,2,4.9579106e-05,0.0011628147,0.0015032334,0.00055371795,0.00040234884,0.9943251,0.002003286
ISIC_0025926,HAM_0005854,nv,2,0.02750963,0.0034583986,0.05315582,0.093656495,0.6375308,0.1828341,0.0018547665
ISIC_0031117,HAM_0005176,nv,2,0.00096933317,0.0007788811,0.069431275,0.000952443,0.288911,0.63847816,0.0004789184
ISIC_0031046,HAM_0002657,nv,2,0.0015905689,7.5840624e-05,0.002066153,0.0002002041,0.13605599,0.85990024,0.000110995934
ISIC_0032243,HAM_0004701,nv,2,0.0021142464,6.543857e-05,0.008982082,0.0003678497,0.07204297,0.9161972,0.00023019446
ISIC_0029109,HAM_0003820,nv,2,0.0016468661,3.5925023e-05,0.011566267,0.00042877244,0.03916641,0.9470637,9.2096816e-05
ISIC_0028675,HAM_0001799,nv,2,0.0012121083,0.1532706,0.008904011,0.0039938036,0.0011254045,0.57730854,0.2541855
ISIC_0028297,HAM_0001630,nv,2,0.0002792308,8.959682e-05,0.06570801,0.00026748673,0.8621589,0.07132537,0.00017135842
ISIC_0029452,HAM_0005429,nv,2,0.00034189402,3.806093e-05,0.028131835,8.814931e-05,0.96681887,0.0045433277,3.791255e-05
ISIC_0026452,HAM_0003311,nv,2,6.0137572e-05,2.8406976e-05,0.0005626843,0.00036320763,0.08320451,0.9157459,3.5146513e-05
ISIC_0027007,HAM_0003311,nv,2,2.207552e-05,0.00010770868,0.00082726614,0.00017414683,0.016605943,0.9822432,1.9672758e-05
ISIC_0029544,HAM_0007013,nv,2,0.0045100823,0.0003991216,0.35169375,0.0013608007,0.16483554,0.4760368,0.0011639545
ISIC_0026601,HAM_0002899,nv,2,0.00011999273,0.0001411101,0.0011180762,0.0013322942,0.9295996,0.06760353,8.54206e-05
ISIC_0024439,HAM_0005631,nv,2,0.027601726,0.00016268968,0.038134545,0.0011974366,0.078247,0.8544821,0.00017454055
ISIC_0025492,HAM_0005631,nv,2,0.056334753,0.0007697749,0.2390384,0.00038330557,0.1391578,0.5634316,0.00088427676
ISIC_0030006,HAM_0003546,nv,2,5.7533147e-05,2.5480365e-05,0.013433224,0.00012990643,0.07521775,0.9109863,0.0001498137
ISIC_0026974,HAM_0003603,nv,2,0.00022233238,3.2344342e-05,0.0047676233,0.00035947416,0.046989955,0.94751245,0.000115795956
ISIC_0029881,HAM_0000217,nv,2,0.0008375226,9.451964e-05,0.0045143594,0.00024230903,0.9310983,0.06311501,9.79017e-05
ISIC_0031115,HAM_0000217,nv,2,0.0002462259,2.4860514e-05,0.0009981542,5.4833225e-05,0.98191994,0.016698034,5.7915433e-05
ISIC_0025289,HAM_0006110,nv,2,0.0008244499,4.990039e-05,0.0022063423,0.0015119594,0.060572196,0.9219512,0.012883979
ISIC_0031049,HAM_0001688,nv,2,0.0076140673,0.0025995842,0.011190535,0.0025894493,0.11238754,0.86351866,0.00010011013
ISIC_0026795,HAM_0003603,nv,2,0.00030119368,4.076213e-05,0.009351578,0.000654663,0.044963796,0.9446169,7.1121816e-05
ISIC_0026818,HAM_0001330,nv,2,0.00065125927,0.00012749134,0.00080498355,0.00020452794,0.11613419,0.88191,0.0001675842
ISIC_0029191,HAM_0003415,nv,2,0.00028484687,2.3726683e-05,0.01095297,0.00013415852,0.004490702,0.9840311,8.2491395e-05
ISIC_0024476,HAM_0002007,nv,2,0.024988456,0.00035923676,0.73887783,0.00034144972,0.19770446,0.037329398,0.00039919512
ISIC_0026551,HAM_0004802,nv,2,0.00052501226,9.3396986e-05,0.00021864405,0.00027992323,0.21180508,0.7869513,0.00012666511
ISIC_0024596,HAM_0004802,nv,2,8.827504e-05,3.0507035e-05,0.00036198038,0.00017453023,0.12799598,0.8712837,6.508993e-05
ISIC_0030966,HAM_0004802,nv,2,0.00066501833,6.307635e-05,0.00039209117,0.00045173508,0.45637253,0.54195577,9.981618e-05
ISIC_0028951,HAM_0007116,nv,2,0.00029321344,9.71648e-05,0.0022218784,0.0011929936,0.6514497,0.34463346,0.00011161778
ISIC_0028130,HAM_0007263,nv,2,0.0058435467,0.00010348244,0.053500634,0.000652753,0.1076529,0.8320014,0.00024534937
ISIC_0032292,HAM_0003685,nv,2,0.0012240739,0.00015321081,0.085312866,0.00024483018,0.56728196,0.34542054,0.00036254295
ISIC_0031838,HAM_0002517,nv,2,0.00014746729,3.2616466e-05,0.0013855338,0.00012700068,0.12314839,0.8750908,6.824462e-05
ISIC_0029733,HAM_0005750,nv,2,0.0017800743,0.09881572,0.1497957,0.002036883,0.09814252,0.6487793,0.00064975664
ISIC_0028478,HAM_0002154,nv,2,0.015801558,0.0004275198,0.07078311,0.00057304796,0.21802731,0.6928894,0.001498031
ISIC_0026674,HAM_0004836,nv,2,0.00022816978,0.00020978971,0.0027936238,0.00038586234,0.67487144,0.32128698,0.00022419404
ISIC_0025169,HAM_0002025,nv,2,0.00021494646,0.00018457303,0.0031382458,0.00036850397,0.39629743,0.59957886,0.00021748019
ISIC_0031681,HAM_0006069,nv,2,0.0057337536,0.0006480384,0.73752797,0.0008501683,0.006556951,0.2484927,0.00019044064
ISIC_0030008,HAM_0007317,nv,2,0.0001238325,0.00055012247,0.029140009,0.00055606384,0.013818639,0.9556068,0.00020456445
ISIC_0027197,HAM_0006244,nv,2,3.8816244e-05,0.00010886285,0.00088842836,0.0005876455,0.021783693,0.9764231,0.00016943537
ISIC_0027627,HAM_0006244,nv,2,4.7154674e-05,0.00020825946,0.0006157057,0.0007948395,0.09057921,0.90769845,5.6326633e-05
ISIC_0024514,HAM_0002201,nv,2,0.0007778507,5.607285e-05,0.0038578024,0.00021790815,0.67150503,0.32345268,0.00013268527
ISIC_0025533,HAM_0004836,nv,2,0.0012172742,0.00045753524,0.009071696,0.0015645383,0.6367517,0.35027677,0.00066052924
ISIC_0031754,HAM_0003940,nv,2,0.00019448537,4.365057e-05,0.003251147,7.736093e-05,0.07341993,0.92283034,0.00018305928
ISIC_0029803,HAM_0003940,nv,2,0.00016811058,3.320006e-05,0.0018179802,5.3261192e-05,0.053285055,0.9445001,0.00014225623
ISIC_0027271,HAM_0006757,nv,2,0.3301247,0.00062374485,0.04496202,0.0019175207,0.3301247,0.29076555,0.0014817452
ISIC_0024497,HAM_0006757,nv,2,0.00083777285,0.00020172771,0.014893448,0.00046266214,0.62285876,0.36048302,0.0002625892
ISIC_0031594,HAM_0006835,nv,2,0.018881524,0.023868484,0.94970614,0.0021163805,0.00035750246,0.004881247,0.00018875886
ISIC_0028091,HAM_0002025,nv,2,8.0065474e-05,7.135093e-05,0.0010057456,0.0002551941,0.10991406,0.888507,0.00016654517
ISIC_0028023,HAM_0002025,nv,2,0.0010890467,0.00042772805,0.027705496,0.0027850547,0.02342168,0.9438348,0.0007361666
ISIC_0026825,HAM_0000204,nv,2,0.02612182,0.00019142778,0.5216055,0.00036611524,0.105351485,0.34543422,0.000929446
ISIC_0026023,HAM_0000815,nv,2,6.659906e-05,0.07232498,0.0029637858,0.0009767564,0.008903487,0.9144099,0.00035444938
ISIC_0032144,HAM_0007176,nv,2,0.0005127889,5.573598e-05,0.0021929198,0.00019954037,0.008576307,0.98838645,7.6182056e-05
ISIC_0028205,HAM_0000311,nv,2,0.0008046232,0.00013525622,0.004826505,0.0006889031,0.26338965,0.7300884,6.669565e-05
ISIC_0027255,HAM_0007284,nv,2,0.00039916192,6.936395e-05,0.0042704926,0.00043075482,0.01022439,0.98452455,8.1253216e-05
ISIC_0026577,HAM_0006835,nv,2,0.4164656,0.00729276,0.5378949,0.0009163685,0.0010839718,0.035896216,0.0004501051
ISIC_0027639,HAM_0000204,nv,2,0.122990526,0.00015831538,0.29822537,0.00071229733,0.39124495,0.18517235,0.0014961985
ISIC_0031314,HAM_0000204,nv,2,0.12567964,0.00038960142,0.52964807,0.0014112536,0.08445977,0.25612107,0.0022906906
ISIC_0025667,HAM_0000762,nv,2,0.00022190114,5.073652e-05,0.0018918271,0.0001832453,0.022834346,0.97474116,7.676191e-05
ISIC_0028982,HAM_0000762,nv,2,0.00060448295,0.00018562147,0.0023451073,0.0002943139,0.10519312,0.8911535,0.00022390223
ISIC_0027137,HAM_0000762,nv,2,0.001087312,2.6487718e-05,0.0038777462,0.00020793553,0.009979835,0.984726,9.464364e-05
ISIC_0026956,HAM_0003142,nv,2,0.001830683,0.48152336,0.009032965,0.0015658662,0.057904247,0.440148,0.007994952
ISIC_0031806,HAM_0003142,nv,2,0.00075715175,0.6883576,0.0068313032,0.00076011516,0.020260513,0.27757895,0.0054543735
ISIC_0031192,HAM_0006932,nv,2,0.049473997,0.18872944,0.61942464,0.005380048,0.02993798,0.1065938,0.00046011122
ISIC_0029221,HAM_0006458,nv,2,0.0008672427,5.7145025e-05,0.15121406,0.00031872938,0.13849106,0.70883185,0.00021991665
ISIC_0028261,HAM_0005429,nv,2,0.00061116705,8.279329e-05,0.9350714,0.000114275535,0.04747267,0.016583305,6.447948e-05
ISIC_0030198,HAM_0005695,nv,2,6.2878236e-05,6.226718e-05,0.0049513276,0.00014562631,0.83676106,0.15783809,0.00017877392
ISIC_0030923,HAM_0005750,nv,2,0.0014223168,0.036646225,0.06344279,0.0010467042,0.429759,0.46741098,0.0002719846
ISIC_0025027,HAM_0004479,nv,2,0.00013652416,0.942551,0.00025907732,0.00033266188,0.0017843583,0.05265833,0.002277915
ISIC_0032090,HAM_0004479,nv,2,0.00029791787,0.59973294,0.0005157623,0.0021097767,0.002949947,0.39331448,0.0010791481
ISIC_0027789,HAM_0003415,nv,2,0.00018792751,3.1838168e-05,0.0294012,0.0006007421,0.009233447,0.9604132,0.00013170803
ISIC_0028761,HAM_0003415,nv,2,0.0003289801,5.875293e-05,0.011273126,0.0004730866,0.10853471,0.8790721,0.0002592301
ISIC_0027351,HAM_0002293,nv,2,0.0012001841,0.005147595,0.12630819,0.10129345,0.6814833,0.08332172,0.0012455588
ISIC_0027346,HAM_0002326,nv,2,0.051323477,0.0005247363,0.67936337,0.00046853677,0.20081943,0.06506932,0.0024310995
ISIC_0031875,HAM_0002326,nv,2,0.0052130697,8.766081e-05,0.856813,0.00018703345,0.11260913,0.024906622,0.0001834159
ISIC_0027578,HAM_0006458,nv,2,0.00079299975,8.556364e-05,0.0897101,0.00045007613,0.47651786,0.43218294,0.00026048406
ISIC_0031238,HAM_0002238,nv,2,0.00778376,0.003542413,0.9721929,0.004184185,0.0051365937,0.005268685,0.0018914933
ISIC_0026374,HAM_0002238,nv,2,0.013897459,0.005053026,0.9563762,0.008201871,0.00774644,0.0067730807,0.001951924
ISIC_0027379,HAM_0002154,nv,2,0.0023882969,0.00022520422,0.31402943,0.00038159173,0.46774542,0.21414946,0.0010807028
ISIC_0027468,HAM_0002154,nv,2,0.0011394444,0.00017052502,0.04424403,0.00026827352,0.095511995,0.8579658,0.00069993775
ISIC_0028016,HAM_0005664,nv,2,0.074595295,0.18087745,0.39817125,0.15931234,0.0013229325,0.18390536,0.0018153116
ISIC_0030639,HAM_0000815,nv,2,2.7339885e-05,0.004969047,0.017798372,0.000442538,0.002807873,0.973658,0.00029681594
ISIC_0026323,HAM_0006104,nv,2,0.00022888921,0.023324547,0.0064793653,0.00062097143,0.04734751,0.9217409,0.00025785022
ISIC_0030663,HAM_0006104,nv,2,0.00063198037,0.0018126938,0.016750814,0.0013857746,0.3933488,0.5858913,0.00017860674
ISIC_0030978,HAM_0002007,nv,2,0.6082125,0.00166877,0.30582842,0.000826101,0.056738555,0.026065744,0.00065991277
ISIC_0025918,HAM_0003078,nv,2,0.054938857,0.015747933,0.21644028,0.09295353,0.6058373,0.013595468,0.00048658598
ISIC_0026124,HAM_0003078,nv,2,0.019608574,0.0017751185,0.1408775,0.42512485,0.3840683,0.028166959,0.00037868347
ISIC_0028504,HAM_0006910,nv,2,1.6310438e-05,4.8781885e-06,4.8267873e-05,9.783762e-05,0.0039832448,0.9958346,1.4850822e-05
ISIC_0029862,HAM_0006910,nv,2,2.7663082e-05,1.1155086e-05,0.000106770814,0.00017339078,0.01254762,0.987094,3.9317165e-05
ISIC_0031794,HAM_0006616,nv,2,0.0003740829,0.00020699207,0.49194294,0.0007586258,0.35364184,0.15269475,0.0003807167
ISIC_0028947,HAM_0002486,nv,2,0.00031397896,6.937735e-05,0.012615548,0.0002530294,0.0018187737,0.9847147,0.00021453365
ISIC_0031965,HAM_0002511,nv,2,0.0071233553,7.57126e-05,0.032104433,0.0012375513,0.038162205,0.920981,0.00031566425
ISIC_0025148,HAM_0002511,nv,2,0.0033446592,6.6985456e-05,0.027664715,0.00046679107,0.10001438,0.867374,0.0010684953
ISIC_0030140,HAM_0006512,nv,2,0.0005151493,0.00012624277,0.010316782,0.00024476933,0.5828626,0.40531734,0.00061715546
ISIC_0027614,HAM_0006512,nv,2,8.7236825e-05,6.741139e-05,0.0005124147,0.00024016394,0.34383714,0.655042,0.00021360624
ISIC_0025243,HAM_0001933,nv,2,0.00021485057,6.450984e-05,0.9355118,0.00042520012,0.0043876297,0.059224073,0.00017196423
ISIC_0030434,HAM_0005733,nv,2,7.240532e-05,3.5773293e-05,0.00038441145,0.000111270856,0.14892322,0.8503247,0.00014813147
ISIC_0026580,HAM_0005008,nv,2,0.0019354252,0.00017267227,0.0027275553,0.00024976884,0.004541109,0.99022967,0.00014371061
ISIC_0030919,HAM_0005008,nv,2,0.42381126,0.0019022516,0.118033424,0.0037536386,0.33006454,0.120950565,0.0014843713
ISIC_0029963,HAM_0007025,nv,2,5.6540415e-05,3.1716296e-05,0.0010508124,6.295232e-05,0.005711232,0.9929079,0.00017880985
ISIC_0030937,HAM_0005173,nv,2,0.0003006707,0.00013342183,0.003606571,0.0008811351,0.2547921,0.7401509,0.00013525847
ISIC_0025400,HAM_0005173,nv,2,6.0606202e-05,9.313823e-05,0.023744361,0.0005722148,0.028529506,0.9466145,0.0003856704
ISIC_0029498,HAM_0001356,nv,2,3.0204106e-05,2.3893412e-05,0.0010955834,0.00015779522,0.064095795,0.93455106,4.578669e-05
ISIC_0026333,HAM_0001356,nv,2,5.0169885e-05,2.9957804e-05,0.0024928371,0.00029382756,0.031287123,0.9657394,0.000106625346
ISIC_0031036,HAM_0005254,nv,2,7.951388e-05,4.3740536e-05,0.0019273857,8.853106e-05,0.0036988428,0.99403256,0.00012944243
ISIC_0026820,HAM_0005254,nv,2,7.5125274e-05,4.8980517e-05,0.0016443401,0.00010069797,0.045943726,0.95209736,8.973773e-05
ISIC_0028586,HAM_0000690,nv,2,0.00012525998,9.290369e-05,0.006300348,0.0003277678,0.0033673972,0.9895453,0.00024097381
ISIC_0030182,HAM_0000690,nv,2,0.00019269975,0.00019269975,0.013748863,0.00047880318,0.0040740906,0.9809625,0.00035029984
ISIC_0025647,HAM_0002798,nv,2,4.3590193e-05,7.6652745e-05,0.0011885582,0.0007159858,0.5857753,0.4121444,5.5535347e-05
ISIC_0025323,HAM_0002798,nv,2,5.08189e-05,5.9762457e-05,0.008463371,0.00066419836,0.2522142,0.7384086,0.00013895187
ISIC_0028562,HAM_0003619,nv,2,0.0010628441,0.2768424,0.0043860488,0.0016111754,0.0021137176,0.7124864,0.0014973872
ISIC_0025553,HAM_0003619,nv,2,0.00054542057,0.9977679,0.0005993199,3.9664774e-05,6.012821e-05,0.00079087453,0.00019676813
ISIC_0029091,HAM_0002832,nv,2,7.53619e-06,5.6839104e-05,0.00022002477,0.0001263496,0.0023957114,0.9971789,1.4697618e-05
ISIC_0032026,HAM_0002832,nv,2,6.098968e-06,7.576608e-05,0.00022372427,0.000100717414,0.0030383107,0.99652123,3.415045e-05
ISIC_0032388,HAM_0000378,nv,2,0.001186443,0.005995907,0.007993868,0.0017862876,0.5006372,0.48145807,0.00094222714
ISIC_0031973,HAM_0000378,nv,2,4.788721e-05,8.722211e-05,0.00022535493,0.00011058258,0.04652545,0.9529198,8.3717016e-05
ISIC_0032008,HAM_0004667,nv,2,0.0007200906,0.00011075346,0.95346075,0.00027897852,0.0014230097,0.043816928,0.00018950511
ISIC_0031317,HAM_0004667,nv,2,0.0005350856,0.00011348214,0.5937096,0.00042494427,0.0153500205,0.38936424,0.00050266646
ISIC_0025062,HAM_0001418,nv,2,4.9355353e-05,3.506661e-05,0.0005231593,7.933311e-05,0.7060247,0.29316747,0.000120968536
ISIC_0026749,HAM_0004777,nv,2,7.810505e-05,7.1254486e-05,0.012112583,0.0003807104,0.042650275,0.94453245,0.0001746427
ISIC_0029895,HAM_0004777,nv,2,0.0002653395,0.00023143325,0.047594063,0.000999427,0.10354971,0.84692687,0.00043321954
ISIC_0032020,HAM_0007437,nv,2,0.000101584905,9.035149e-05,0.0075219637,0.0002104842,0.16854492,0.82315105,0.00037965178
ISIC_0024745,HAM_0007437,nv,2,3.198537e-05,4.4147855e-05,0.0010594686,8.0411206e-05,0.05432711,0.94434553,0.00011142208
ISIC_0031395,HAM_0005974,nv,2,0.43354583,0.0016195588,0.22890925,0.00075022853,0.32407728,0.010225936,0.00087198167
ISIC_0032589,HAM_0006218,nv,2,0.00013726449,2.2060412e-05,0.0021991702,8.037904e-05,0.015896635,0.981571,9.34236e-05
ISIC_0033381,HAM_0003363,nv,2,0.00030780386,9.694941e-05,0.0041223937,0.00030630454,0.19027403,0.8042189,0.0006736198
ISIC_0032912,HAM_0003357,nv,2,2.999535e-05,1.1164746e-05,0.0003921561,4.5204593e-05,0.026847215,0.97263205,4.2300228e-05
ISIC_0028252,HAM_0001259,nv,2,0.0005715336,0.0005143245,0.00953084,0.00013351605,0.010411507,0.97740775,0.001430535
ISIC_0034053,HAM_0001442,nv,2,2.3871617e-05,7.195612e-06,0.00023523688,4.2018914e-05,0.015419578,0.98425794,1.4226579e-05
ISIC_0032930,HAM_0000488,nv,2,0.011331355,0.0002918948,0.006559687,0.0021484185,0.4315858,0.54771084,0.0003718836
ISIC_0033614,HAM_0007333,nv,2,2.8196642e-05,1.4571196e-05,0.00010563648,2.6128615e-05,0.003422173,0.9963553,4.8010967e-05
ISIC_0033907,HAM_0005316,nv,2,0.00042854476,0.00015581612,0.25852275,0.0003730541,0.009462783,0.7307316,0.00032538353
ISIC_0033139,HAM_0005316,nv,2,0.0009693773,0.00042101543,0.30755818,0.0006847115,0.008756764,0.6810162,0.00059372693
ISIC_0033457,HAM_0005434,nv,2,0.0005295196,9.643268e-05,0.039982174,0.00036535753,0.14739576,0.8109442,0.000686589
ISIC_0034018,HAM_0002569,nv,2,4.307497e-05,1.5269125e-05,0.00037530425,0.00023780196,0.057876527,0.9414059,4.612253e-05
ISIC_0033495,HAM_0003968,nv,2,1.5856718e-05,9.6002535e-05,0.0018462605,0.00047323373,0.016082197,0.98145986,2.6503192e-05
ISIC_0033161,HAM_0003968,nv,2,1.0370218e-05,0.00027459717,0.0026027625,0.00047655104,0.0043418133,0.99220806,8.5817184e-05
ISIC_0032796,HAM_0003968,nv,2,1.0390425e-05,0.00027674905,0.001565595,0.00051326223,0.015007049,0.9825592,6.775408e-05
ISIC_0033098,HAM_0004071,nv,2,3.7994447e-05,0.00029479145,0.0025342053,0.000679413,0.029372985,0.96701694,6.362873e-05
ISIC_0032607,HAM_0004071,nv,2,0.000108179855,0.00017905651,0.020455,0.0006731177,0.019442204,0.9589929,0.00014960731
ISIC_0032523,HAM_0002755,nv,2,2.4642764e-05,1.2512762e-05,0.00015744838,3.1765783e-05,0.0013733264,0.9983492,5.11597e-05
ISIC_0033159,HAM_0002755,nv,2,1.3071508e-05,6.5343675e-06,6.980655e-05,1.9718706e-05,0.00079694565,0.99906546,2.8467275e-05
ISIC_0033842,HAM_0005353,nv,2,0.000111953785,0.00013636728,0.0034827804,0.00015094482,0.00044975866,0.99535984,0.00030836056
ISIC_0032923,HAM_0005353,nv,2,0.000145063,0.00020159679,0.010431222,0.0001568505,0.00044595366,0.9879032,0.00071612006
ISIC_0032935,HAM_0004016,nv,2,3.695992e-05,5.3671436e-05,0.0014756381,0.00019651376,0.21825683,0.77985656,0.0001238187
ISIC_0033173,HAM_0003813,nv,2,2.9073874e-05,2.190329e-05,0.0007007613,0.00035367385,0.018488757,0.98030716,9.87406e-05
ISIC_0027689,HAM_0003819,nv,2,2.9973642e-05,1.0480717e-05,0.0022898829,0.00040835413,0.009966243,0.98723376,6.1262144e-05
ISIC_0033741,HAM_0006236,nv,2,6.9921654e-05,0.00018639053,0.0039570895,0.018864395,0.023940166,0.95255834,0.0004237456
ISIC_0032632,HAM_0006230,nv,2,0.000961589,0.00011251419,0.006991664,0.0009104142,0.029652392,0.9610808,0.00029070184
ISIC_0033826,HAM_0004206,nv,2,3.174438e-06,5.0826543e-06,7.126445e-05,2.8348772e-05,8.65774e-05,0.9997763,2.917734e-05
ISIC_0033892,HAM_0004208,nv,2,1.6607526e-05,1.7575336e-05,0.00087115244,5.5854307e-05,0.00076131814,0.99825317,2.4258381e-05
ISIC_0033066,HAM_0004192,nv,2,5.752435e-05,2.0430976e-05,0.0006640619,0.000105493964,0.048273128,0.950838,4.127171e-05
ISIC_0034081,HAM_0004210,nv,2,1.8520059e-05,1.0802655e-05,0.00020881776,0.00010090374,0.011459666,0.9881799,2.1233354e-05
ISIC_0032634,HAM_0004184,nv,2,0.0014036729,0.00035698968,0.084170304,0.00037412197,0.019113988,0.8943735,0.00020741842
ISIC_0033481,HAM_0004198,nv,2,0.00045620234,5.9028156e-05,0.00081764854,0.00025218504,0.106517166,0.89185727,4.0569415e-05
ISIC_0033025,HAM_0003236,nv,2,4.257981e-05,4.68562e-05,0.0004217746,5.6299017e-05,0.0086883595,0.99060154,0.00014250656
ISIC_0033053,HAM_0003236,nv,2,1.548064e-05,1.5816833e-05,0.00020121911,2.7705242e-05,0.0013813289,0.9983,5.836631e-05
ISIC_0033065,HAM_0001619,nv,2,1.6195914e-05,1.1965467e-05,0.0004170358,5.2383268e-05,0.0067544864,0.9927127,3.516846e-05
ISIC_0032852,HAM_0002164,nv,2,2.5321573e-05,1.6802042e-05,0.00058257615,5.0555056e-05,0.018425677,0.98078626,0.000112820424
ISIC_0034045,HAM_0002282,nv,2,2.7505934e-05,0.0018364205,0.001456635,0.00021299672,0.0013710571,0.9949975,9.789867e-05
ISIC_0029355,HAM_0007069,nv,2,4.15482e-05,6.2983316e-05,0.004123718,0.00037688206,0.032498967,0.96283317,6.2615356e-05
ISIC_0027138,HAM_0004370,nv,2,0.0005243859,0.0013508874,0.0026539646,0.0013561746,0.915359,0.077069454,0.001686139
ISIC_0024757,HAM_0004370,nv,2,9.976634e-05,0.00031643812,0.0009671129,0.00033882615,0.9713329,0.02613917,0.0008056892
ISIC_0031216,HAM_0006861,nv,2,4.8499995e-05,0.0022913818,0.005719194,0.0017239345,0.024976842,0.9651137,0.00012653868
ISIC_0031769,HAM_0006861,nv,2,9.867286e-05,0.00045893996,0.09643028,0.00038010319,0.026157416,0.8764253,4.922972e-05
ISIC_0025816,HAM_0007122,nv,2,1.7871036e-05,0.0007826787,0.0038103866,0.0006153824,0.0012202538,0.99347335,8.0092424e-05
ISIC_0031209,HAM_0007069,nv,2,4.1299383e-05,3.4506924e-05,0.0018950858,0.0007900375,0.0038770882,0.9932505,0.00011160749
ISIC_0031359,HAM_0002408,nv,2,0.00011885226,0.027453916,0.02050188,0.0020418903,0.00067071884,0.94813883,0.001073901
ISIC_0031454,HAM_0002408,nv,2,0.00023503587,0.010077283,0.10956458,0.0014811269,0.00096472923,0.8770748,0.0006025342
ISIC_0024955,HAM_0001956,nv,2,0.00011069467,0.00014297004,0.00071010884,0.0001837565,0.112268716,0.8865182,6.558442e-05
ISIC_0030038,HAM_0001956,nv,2,0.00011956938,9.893308e-05,0.0008114923,0.00020882863,0.05045407,0.94828695,2.021759e-05
ISIC_0031791,HAM_0004742,nv,2,3.3417666e-05,1.029183e-05,0.0034153587,0.00013730032,0.003954155,0.99243104,1.831137e-05
ISIC_0028338,HAM_0004742,nv,2,3.078032e-05,1.1569358e-05,0.0064045647,0.00017609372,0.0010203002,0.9922546,0.0001020148
ISIC_0028399,HAM_0007122,nv,2,5.9427974e-05,4.433597e-05,0.1503472,0.0009804266,0.0131628765,0.8353001,0.0001057351
ISIC_0025652,HAM_0003965,nv,2,1.3137073e-05,8.819814e-06,0.0009756028,4.0425537e-05,0.0006911307,0.99821055,6.027249e-05
ISIC_0028585,HAM_0002554,nv,2,0.0007462109,0.0006495867,0.024423217,0.0002293664,0.15925938,0.81353873,0.0011534989
ISIC_0032102,HAM_0002554,nv,2,0.0004340377,0.00036980474,0.33163932,0.00039135528,0.001646059,0.6647164,0.0008030089
ISIC_0028380,HAM_0003965,nv,2,1.8040866e-05,1.8182362e-05,0.001015769,8.465109e-05,0.021060184,0.9777704,3.2859763e-05
ISIC_0025178,HAM_0005282,akiec,2,0.0090532955,0.0018728197,0.0014366419,0.9859035,0.0011259826,0.00046052563,0.00014733663
ISIC_0028730,HAM_0005282,akiec,2,0.0153631,0.0005717536,0.007939198,0.97397196,0.0015879394,0.00035053137,0.00021553476
ISIC_0024913,HAM_0001495,akiec,2,0.013785607,0.94290626,0.019379219,0.008075502,0.013215478,0.0010534725,0.0015845413
ISIC_0031198,HAM_0003422,akiec,2,0.99657744,0.00027695353,5.0671486e-05,8.510775e-05,0.0029651988,2.4170407e-05,2.0433186e-05
ISIC_0028816,HAM_0003123,akiec,2,0.9986437,0.00018019437,0.00048057974,0.0001855516,0.00042255982,6.4564774e-05,2.2797556e-05
ISIC_0028232,HAM_0003123,akiec,2,0.9942168,0.0006853471,0.00385254,0.00011063041,0.0008110928,0.00021366258,0.00010976948
ISIC_0025331,HAM_0001258,akiec,2,0.9961803,0.00038183335,0.0031737213,8.616075e-05,6.038532e-05,5.4129054e-05,6.353096e-05
ISIC_0030794,HAM_0002185,akiec,2,0.9854564,0.0006038943,0.002999811,0.008001494,0.0023986746,0.00026356438,0.0002762131
ISIC_0029930,HAM_0005889,akiec,2,0.99783117,4.0926465e-05,0.001790226,2.7262902e-05,0.00022871577,3.3403205e-05,4.8223163e-05
ISIC_0030991,HAM_0001453,akiec,2,0.90232766,0.0030878882,0.09164004,0.0010130702,0.0004033652,0.0012995383,0.00022848783
ISIC_0029541,HAM_0004636,akiec,2,0.9951409,0.00016590592,0.0036030856,0.000116274314,0.0007015663,0.00011051717,0.00016174649
ISIC_0031940,HAM_0001234,akiec,2,0.9928358,0.00049560616,0.0016297977,0.0007071553,0.00408732,0.00017177942,7.2452414e-05
ISIC_0025358,HAM_0004398,akiec,2,0.9994449,5.3778684e-05,0.00039737372,3.2523e-05,3.7069956e-05,1.4417906e-05,1.9978223e-05
ISIC_0029860,HAM_0001967,akiec,2,0.8555783,0.031624306,0.10729754,0.00038546667,0.0036252034,0.0005351675,0.0009540392
ISIC_0024450,HAM_0005505,akiec,2,0.9870123,0.008100681,0.0035467101,0.0005517969,0.0005704258,0.00012372519,9.4309165e-05
ISIC_0031743,HAM_0005505,akiec,2,0.8949715,0.07218367,0.008395741,0.0007474419,0.02278024,0.00067922566,0.00024218537
ISIC_0026522,HAM_0005505,akiec,2,0.96876,0.003953305,0.023736939,0.0003769866,0.0029318908,0.00019982542,4.0995394e-05
ISIC_0032203,HAM_0005954,akiec,2,0.5332085,0.38181195,0.080975525,0.0012661031,0.0021286225,0.00047218506,0.00013714556
ISIC_0028314,HAM_0006434,akiec,2,0.9992607,0.00022226766,0.0003519028,4.6215984e-05,7.538313e-05,8.658322e-06,3.47836e-05
ISIC_0030821,HAM_0006604,akiec,2,0.27900448,0.0009215826,0.6745463,0.00078366615,0.0168211,0.024594354,0.003328484
ISIC_0028644,HAM_0001176,akiec,2,0.098702624,9.693935e-05,0.0076311305,0.0013355953,0.4528446,0.438912,0.0004771522
ISIC_0026212,HAM_0003262,akiec,2,0.99129546,0.00018257454,0.005106213,8.8287285e-05,0.002724498,0.00019359188,0.000409434
ISIC_0024522,HAM_0005650,akiec,2,0.0061338665,0.0893914,0.8801865,0.0042095697,0.0006275324,0.019013949,0.00043723342
ISIC_0030387,HAM_0005650,akiec,2,0.03708071,0.54689616,0.37514246,0.010751655,0.0012859846,0.02785705,0.0009859985
ISIC_0029573,HAM_0006879,akiec,2,0.9215254,0.006964156,0.03324036,0.0077652847,0.013535653,0.0055822115,0.011387038
ISIC_0025350,HAM_0005701,akiec,2,0.68530875,0.2419797,0.069328345,0.0007067462,0.0024499814,0.00014025807,8.624188e-05
ISIC_0026149,HAM_0005480,akiec,2,0.9979183,6.290035e-05,0.0005314371,2.4297653e-05,0.0010880447,0.000113011454,0.00026199085
ISIC_0025992,HAM_0005480,akiec,2,0.9974905,7.4664e-05,0.0005161243,3.088237e-05,0.001428897,0.00010265331,0.00035620196
ISIC_0028224,HAM_0001625,akiec,2,0.9983367,0.0002922517,0.00046304325,0.00021329455,0.00061156345,6.170961e-05,2.1493533e-05
ISIC_0030549,HAM_0002094,akiec,2,0.038699128,0.95608634,0.0016895621,0.0017195239,0.0011864358,0.00054398616,7.4999276e-05
ISIC_0026905,HAM_0006180,akiec,2,0.1508389,0.014449089,0.7949838,0.033640277,0.002966852,0.0028309901,0.00029005232
ISIC_0028076,HAM_0006434,akiec,2,0.99823487,0.0001077652,0.00046651348,8.821346e-05,0.0010016931,8.591791e-05,1.5003375e-05
ISIC_0030142,HAM_0006434,akiec,2,0.99586415,0.0014805008,0.0023462765,6.1918516e-05,0.00018145626,3.807246e-05,2.7691674e-05
ISIC_0025471,HAM_0001967,akiec,2,0.07399481,0.39458048,0.51866627,0.0011279493,0.007241123,0.0026148888,0.0017745135
ISIC_0026171,HAM_0000356,akiec,2,0.00069526426,6.0544222e-05,0.9949077,0.00018413675,0.0035707196,0.0004889407,9.268024e-05
ISIC_0026457,HAM_0007303,akiec,2,0.1527509,0.007023198,0.76819444,0.000603871,0.06811458,0.002800464,0.0005124987
ISIC_0028763,HAM_0000832,akiec,2,0.24575347,0.0019133586,0.030186811,0.0007776097,0.6772231,0.0419,0.0022456981
ISIC_0032135,HAM_0003144,akiec,2,0.701034,0.0003743366,0.28103915,0.0010852965,0.0070477114,0.0076055233,0.0018139833
ISIC_0026468,HAM_0001023,akiec,2,0.4960528,0.20377856,0.20537682,0.01554582,0.017190857,0.061155554,0.0008995887
ISIC_0027452,HAM_0004033,akiec,2,0.28059858,0.0018432576,0.017390944,0.00067150674,0.5493853,0.14931612,0.0007943251
ISIC_0026984,HAM_0001903,akiec,2,0.47003472,0.0005546706,0.104878925,0.00020726524,0.41969377,0.004288895,0.0003417226
ISIC_0029713,HAM_0006036,akiec,2,0.999044,0.0004372676,0.00021818753,3.9176215e-05,0.00022347078,1.6849479e-05,2.1092745e-05
ISIC_0033866,HAM_0000239,akiec,2,0.0058146785,0.0001283376,0.9923084,5.933384e-05,0.0011991396,0.00040905265,8.109975e-05
ISIC_0025368,HAM_0004472,akiec,2,0.97678655,0.021537919,0.0011774144,0.00015599687,8.5145984e-05,0.00013713006,0.0001198408
ISIC_0026194,HAM_0003910,akiec,2,0.97824895,0.00020616477,0.00893925,5.5380224e-05,0.012194666,0.00024530536,0.00011035205
ISIC_0033811,HAM_0004282,akiec,2,0.0017868188,0.00045509962,0.88796556,0.00034085388,0.10481682,0.003996786,0.00063804386
ISIC_0027615,HAM_0006180,akiec,2,0.008572736,0.0044539967,0.48267752,0.46418643,0.019679863,0.019492183,0.0009372625
ISIC_0028990,HAM_0006180,akiec,2,0.012649117,0.010394724,0.2993609,0.1512649,0.45558017,0.06925412,0.0014960401
ISIC_0033358,HAM_0004282,akiec,2,0.1857365,0.00037356795,0.6833884,0.0006159094,0.123969086,0.0046771476,0.0012393206
ISIC_0030655,HAM_0000356,akiec,2,0.00914885,0.00033487802,0.97703904,0.0007628096,0.0043226657,0.008157046,0.00023469752
ISIC_0033151,HAM_0004282,akiec,2,0.01207492,0.0007170571,0.9596982,0.00051849824,0.02206865,0.0040703467,0.00085235835
ISIC_0032854,HAM_0000239,akiec,2,0.07421474,0.00031538072,0.9201538,9.196045e-05,0.004485322,0.0005778124,0.00016108071
ISIC_0032258,HAM_0003521,mel,2,0.000422346,0.011621163,0.015763521,0.0010784982,0.011111349,0.9229017,0.037101433
ISIC_0025276,HAM_0001396,bkl,2,0.03095657,0.01850759,0.8569555,0.0049292305,0.01050676,0.07487994,0.0032643918
ISIC_0026153,HAM_0002957,bkl,2,0.00026722776,0.00026592612,0.99428684,5.9336136e-05,0.0017799516,0.0032970936,4.3581153e-05
ISIC_0025876,HAM_0002957,bkl,2,2.0318952e-05,1.8902392e-05,0.9997545,2.571066e-05,1.0971962e-05,0.00016028986,9.293614e-06
ISIC_0032688,HAM_0006801,bkl,2,0.0032079485,0.00093311054,0.99179685,0.00068535015,0.00014792815,0.002701693,0.0005270179
ISIC_0033252,HAM_0006801,bkl,2,0.032134417,0.006075214,0.8569983,0.014022216,0.0123927025,0.06865005,0.009727145
ISIC_0032570,HAM_0006801,bkl,2,0.0019021574,0.0006662545,0.99185854,0.00073964027,0.00018921476,0.0041475995,0.00049657095
ISIC_0033507,HAM_0006281,bkl,2,0.00021721811,0.00069573196,0.7995781,0.00017867875,0.18299794,0.016194474,0.00013780282
ISIC_0033791,HAM_0006281,bkl,2,0.0002798205,0.0018734098,0.8132206,0.00034553217,0.17280681,0.0113312565,0.00014263947
ISIC_0031345,HAM_0002691,bkl,2,0.002304445,0.0008798088,0.9819372,0.010383426,0.0023834077,0.0012664365,0.0008452779
ISIC_0027374,HAM_0004690,bkl,2,0.00028959193,0.0003828984,0.9984712,0.00023543657,0.00012825489,0.0003917872,0.000100766774
ISIC_0025874,HAM_0003689,bkl,2,0.0067021856,0.0001868363,0.19704166,0.0007462036,0.78236496,0.012807318,0.00015071478
ISIC_0025842,HAM_0004274,bkl,2,0.7158557,0.021386,0.25325987,0.002617319,0.0054870173,0.0011501415,0.00024392453
ISIC_0029100,HAM_0001788,bkl,2,0.00069007435,0.00020170756,0.99619836,0.000119158154,0.0020247782,0.0005723712,0.00019341278
ISIC_0028254,HAM_0005935,bkl,2,0.010421915,0.00025189438,0.91463053,0.0005621362,0.02735104,0.046616647,0.00016584292
ISIC_0030561,HAM_0004377,bkl,2,0.0003430257,3.9553295e-05,0.06536913,0.0064126505,0.014614339,0.9130301,0.00019129581
ISIC_0026679,HAM_0005935,bkl,2,0.00017777641,6.975435e-05,0.942884,0.00015265537,0.05186025,0.004730455,0.00012508134
ISIC_0025351,HAM_0007591,bkl,2,0.0075364425,0.000117427764,0.593129,0.00032045107,0.31012467,0.08867883,9.3256574e-05
ISIC_0031702,HAM_0006827,bkl,2,0.0067862375,0.6976442,0.06320238,0.0039352514,0.011177693,0.20885798,0.008396268
ISIC_0031226,HAM_0002209,bkl,2,4.7676374e-05,5.045473e-05,0.98844576,9.744418e-05,0.00017252959,0.011110077,7.603796e-05
ISIC_0027332,HAM_0003582,bkl,2,0.001042221,0.00111814,0.4304329,0.0030187126,0.0012425121,0.55053204,0.012613432
ISIC_0028797,HAM_0001838,bkl,2,0.000269209,0.0036196075,0.6152987,0.044659227,0.015953895,0.31921273,0.0009866508
ISIC_0026417,HAM_0005663,df,2,1.9772322e-05,3.2408596e-05,0.00020062184,0.9988513,0.00012514812,0.0006589389,0.00011185387
ISIC_0028735,HAM_0005663,df,2,0.00023136732,0.00030058346,0.06402658,0.86001897,0.007361121,0.06775775,0.0003035332
ISIC_0032400,HAM_0006803,mel,2,0.00021827943,0.00017885175,0.0004880723,0.0003012805,0.9921713,0.004554459,0.00208773
ISIC_0024545,HAM_0006803,mel,2,4.833196e-05,8.675204e-05,0.0002241404,8.3022256e-05,0.9981311,0.0012710826,0.00015571305
ISIC_0032019,HAM_0003194,mel,2,0.00032219148,0.00025165916,0.0011177842,0.00082395086,0.99577725,0.0016203223,8.6801396e-05
ISIC_0030818,HAM_0002838,mel,2,0.00010135236,0.00023019243,0.00055436423,0.00089500187,0.28716776,0.710747,0.00030436038
ISIC_0029562,HAM_0005719,mel,2,0.0013318635,0.20433936,0.06268622,0.011091821,0.026744664,0.6912712,0.002534848
ISIC_0029453,HAM_0005719,mel,2,0.00014307893,0.005076908,0.0083400635,0.0046328874,0.04093114,0.938895,0.0019809387
ISIC_0033204,HAM_0006886,mel,2,2.0296886e-05,1.2926707e-05,9.389768e-05,1.5024559e-05,0.99769384,0.0021277305,3.625385e-05
ISIC_0033953,HAM_0006886,mel,2,0.00010853287,8.6361106e-05,0.006400949,0.00010643365,0.9753666,0.017690852,0.00024032085
ISIC_0032823,HAM_0006886,mel,2,6.3675725e-05,2.6337426e-05,0.0011182566,2.7333153e-05,0.99650216,0.0022012314,6.0997612e-05
ISIC_0033804,HAM_0000611,mel,2,3.2852608e-05,4.37784e-05,0.00038696715,0.00038133998,0.11075524,0.8883395,6.030729e-05
ISIC_0033801,HAM_0000611,mel,2,1.3059259e-05,1.1279793e-05,4.3071297e-05,7.540814e-05,0.0075320248,0.9922978,2.7458105e-05
ISIC_0033216,HAM_0000611,mel,2,7.748913e-06,1.151945e-05,6.5357795e-05,7.373533e-05,0.004093206,0.995723,2.5407706e-05
ISIC_0033806,HAM_0004881,mel,2,4.18162e-05,1.5996124e-05,0.013345159,5.244927e-05,0.97855353,0.00795321,3.792565e-05
ISIC_0032913,HAM_0004881,mel,2,5.9878035e-05,3.1987867e-05,0.027587617,7.94806e-05,0.95929164,0.012879646,6.973159e-05
ISIC_0034051,HAM_0004056,mel,2,0.00018818608,0.00058420026,0.023541799,0.00064036646,0.2996823,0.67271155,0.0026516546
ISIC_0033377,HAM_0004056,mel,2,0.00015470778,0.00050331966,0.035771165,0.0009806519,0.11751843,0.8432794,0.0017922822
ISIC_0033050,HAM_0003439,mel,2,0.0001045059,4.765975e-05,0.012933847,0.0002468099,0.7089279,0.27762017,0.0001191166
ISIC_0033526,HAM_0003439,mel,2,0.00016218114,8.267239e-05,0.024640612,0.00031506416,0.49588752,0.47875687,0.00015505687
ISIC_0032152,HAM_0003869,mel,2,0.0008143383,0.0001561799,0.0044956785,0.00051460083,0.5681992,0.42556155,0.00025850497
ISIC_0033089,HAM_0000880,mel,2,0.00020475437,0.00011088901,0.05524136,0.00010664091,0.9379937,0.0062526227,9.015213e-05
ISIC_0033562,HAM_0000880,mel,2,0.0006300916,8.535693e-05,0.017969858,6.232662e-05,0.9734858,0.0076835863,8.289251e-05
ISIC_0024640,HAM_0005467,mel,2,8.6724074e-05,9.8463366e-05,0.01512137,0.0004780726,0.96428066,0.01939727,0.0005375115
ISIC_0027561,HAM_0004565,mel,2,0.00022399993,3.1033996e-05,0.984922,3.953834e-05,0.013537357,0.0012127074,3.3359713e-05
ISIC_0026954,HAM_0003194,mel,2,0.010386446,0.0003851293,0.0026525233,0.002499126,0.47392932,0.50944597,0.0007014773
ISIC_0025766,HAM_0003869,mel,2,0.0010613847,0.00021860171,0.003164457,0.00038141652,0.83021414,0.16476104,0.00019903912
ISIC_0028666,HAM_0004622,mel,2,0.007850193,0.00012220448,0.10416618,0.0024786305,0.10789339,0.777243,0.0002463782
ISIC_0027903,HAM_0006156,vasc,2,0.0021594428,0.015429493,0.0030334298,0.0016817757,0.12307808,0.84273034,0.011887384
ISIC_0031996,HAM_0003480,vasc,2,0.000105308194,0.0003668445,0.0017682632,7.614752e-05,0.0018675441,0.0020717299,0.9937441
ISIC_0032890,HAM_0003480,vasc,2,4.5827757e-05,9.3209615e-05,0.000380911,3.4795892e-05,0.00068768096,0.0010941592,0.9976634
ISIC_0033844,HAM_0003480,vasc,2,4.9116654e-05,0.00010097786,9.284366e-05,2.5581114e-05,0.000646038,0.00047508097,0.9986104
ISIC_0024457,HAM_0006843,bcc,2,0.0025432976,0.9904434,0.0028077096,0.00036741572,0.0029512676,0.000304301,0.00058255956
ISIC_0034015,HAM_0003216,bcc,2,0.18415858,0.10380925,0.278623,0.0006590109,0.42734605,0.0050981776,0.00030587052
ISIC_0034223,HAM_0003216,bcc,2,0.40629807,0.50171113,0.006064773,0.0009187788,0.08359906,0.0009647544,0.00044342552
ISIC_0029564,HAM_0004515,bcc,2,0.0009163708,0.8282429,0.013743303,0.0074076233,0.002153637,0.14004485,0.0074912827
ISIC_0028084,HAM_0004940,bcc,2,0.00010530569,0.9946913,9.560143e-05,2.7230246e-05,0.00015777409,0.0043782596,0.00054436974
ISIC_0026970,HAM_0004940,bcc,2,8.703729e-05,0.9984835,3.977082e-05,1.4180722e-05,0.000100669655,0.00094862015,0.0003261977
ISIC_0028814,HAM_0005375,bcc,2,0.00018275804,0.9990983,0.00034340154,2.564365e-05,3.6661157e-05,0.00019284256,0.00012044232
ISIC_0029979,HAM_0004233,nv,2,1.6130793e-05,3.195485e-05,0.0011565435,0.00022662764,0.00956146,0.9887212,0.0002860648
ISIC_0031269,HAM_0001965,nv,2,1.3713097e-05,1.40382945e-05,0.0014573386,6.593463e-05,0.00023829633,0.99815506,5.563108e-05
ISIC_0031926,HAM_0007391,nv,2,0.0004217576,0.00023291667,0.022318715,0.0003227418,0.6334168,0.34304008,0.00024697187
ISIC_0029273,HAM_0004538,nv,2,1.0852862e-05,2.1752774e-05,9.834979e-05,7.13246e-05,0.00310472,0.9966582,3.4896886e-05
ISIC_0025205,HAM_0007204,nv,2,8.900355e-06,8.492778e-06,0.00026023353,8.4816114e-05,8.940889e-05,0.9994869,6.118032e-05
ISIC_0032453,HAM_0000132,nv,2,0.00013425254,6.517438e-05,0.0028972,0.00018242939,0.03240444,0.9637902,0.00052633276
ISIC_0028864,HAM_0005800,nv,2,9.3223325e-06,5.5449163e-06,6.426896e-05,1.3537446e-05,0.0009055881,0.998934,6.7649926e-05
ISIC_0026891,HAM_0002287,nv,2,2.8113389e-05,1.8401235e-05,0.0031006623,0.00012283663,0.0012400005,0.9953556,0.00013438369
ISIC_0029751,HAM_0004786,nv,2,0.00010594526,4.4772514e-05,0.012511544,0.0006751759,0.00015175957,0.98618025,0.00033050368
ISIC_0025256,HAM_0006774,nv,2,9.612513e-05,5.7962217e-05,0.14635286,0.00044231306,0.0038415801,0.848808,0.00040116053
ISIC_0030944,HAM_0000858,nv,2,1.3064777e-05,6.4172027e-06,0.00014929961,4.6910438e-05,0.0011945739,0.99855095,3.877635e-05
ISIC_0024856,HAM_0004009,nv,2,6.6389453e-06,1.5557076e-05,0.0001879573,0.00016717268,0.00026869465,0.99931777,3.6206624e-05
ISIC_0026875,HAM_0007539,nv,2,1.0786123e-05,5.910308e-06,0.00010263614,0.00011993523,0.0014071957,0.9982982,5.520607e-05
ISIC_0024548,HAM_0007441,nv,2,9.0864205e-06,3.462831e-05,0.00094235543,0.00015549673,9.542527e-05,0.99869317,6.988284e-05
ISIC_0031682,HAM_0002144,nv,2,9.609311e-05,3.4870653e-05,0.00819768,0.0003238114,0.008482718,0.9823858,0.0004790298
ISIC_0032005,HAM_0000455,nv,2,5.414547e-06,3.8469952e-06,3.7584407e-05,7.052617e-05,0.0012866439,0.99857974,1.6339434e-05
ISIC_0030502,HAM_0002991,nv,2,2.1008687e-05,1.0021188e-05,0.00069097255,0.000100129015,0.0001597715,0.9989573,6.0790655e-05
ISIC_0030974,HAM_0005292,nv,2,1.4812139e-05,7.835998e-06,0.00051782967,0.00022119847,0.00012335618,0.99907756,3.7456546e-05
ISIC_0031898,HAM_0001008,nv,2,4.8310594e-06,3.3333308e-06,5.969367e-05,2.0260222e-05,9.106643e-05,0.99978966,3.121156e-05
ISIC_0031156,HAM_0003209,nv,2,1.498741e-05,7.65482e-06,0.00060809776,4.6663055e-05,0.000102821235,0.9991223,9.74443e-05
ISIC_0028647,HAM_0005849,nv,2,6.8518816e-06,3.7325867e-06,6.404787e-05,2.8483586e-05,0.00022382208,0.99963784,3.5292956e-05
ISIC_0026385,HAM_0000577,nv,2,1.9859339e-05,3.016382e-05,0.0020940967,0.00017926583,0.00012662291,0.99738604,0.00016394227
ISIC_0025242,HAM_0002747,nv,2,4.8737948e-06,5.490468e-06,5.1434963e-05,7.672445e-05,0.001010153,0.9988317,1.9637235e-05
ISIC_0027589,HAM_0004718,nv,2,5.2902935e-05,0.0005416557,0.0032348568,0.0009832092,0.00035801253,0.9947588,7.049685e-05
ISIC_0024456,HAM_0003612,nv,2,3.060911e-05,9.353501e-06,0.00076214847,5.5588556e-05,0.00044023703,0.99836653,0.00033544144
ISIC_0025626,HAM_0007177,nv,2,4.944855e-06,7.208788e-06,3.2720312e-05,2.6342912e-05,0.0002763823,0.999634,1.8444272e-05
ISIC_0027016,HAM_0002369,nv,2,2.8690249e-05,1.6833217e-05,0.0015049549,6.284912e-05,0.00012020209,0.9980798,0.00018681007
ISIC_0029806,HAM_0006204,nv,2,5.941779e-06,4.954855e-06,6.974872e-05,4.97742e-05,0.00011405952,0.9997011,5.4346892e-05
ISIC_0028667,HAM_0003806,nv,2,1.6119602e-05,8.815578e-06,0.00012516236,2.4033536e-05,7.291639e-05,0.99968183,7.1123024e-05
ISIC_0024826,HAM_0000522,nv,2,7.740686e-06,8.840141e-06,8.6197964e-05,7.956453e-05,0.0012276985,0.99855894,3.1097126e-05
ISIC_0030221,HAM_0001350,nv,2,0.00011730856,5.0453782e-05,0.030023318,0.0005165797,0.0016935156,0.96741796,0.00018098272
ISIC_0028976,HAM_0003100,nv,2,7.976249e-06,6.889399e-06,0.000105040825,3.3811608e-05,0.0005685389,0.9992392,3.8501104e-05
ISIC_0029383,HAM_0005344,nv,2,1.50339265e-05,1.150442e-05,4.6172285e-05,8.8912544e-05,0.0015009072,0.99831593,2.1493086e-05
ISIC_0027518,HAM_0000346,nv,2,1.0567286e-05,7.291208e-06,4.0786406e-05,3.4682653e-05,0.0005900598,0.99928397,3.2676926e-05
ISIC_0025258,HAM_0006519,nv,2,3.1363765e-05,7.1084073e-06,0.0003488314,6.4669264e-05,0.00020259792,0.9992836,6.182849e-05
ISIC_0028204,HAM_0002401,nv,2,8.989916e-06,5.46332e-06,3.9452898e-05,1.3157119e-05,0.0001536951,0.9997336,4.565456e-05
ISIC_0028161,HAM_0005150,nv,2,1.0567623e-05,9.27141e-06,0.0002526768,6.1589424e-05,0.00030256223,0.99931574,4.7546164e-05
ISIC_0028000,HAM_0001496,nv,2,1.040405e-05,3.6736274e-06,0.00012155734,2.9900022e-05,0.00048021143,0.9993411,1.312629e-05
ISIC_0031262,HAM_0007602,nv,2,1.9400915e-05,1.0163836e-05,4.6494948e-05,0.00028081148,0.00017887633,0.9994192,4.5108478e-05
ISIC_0030982,HAM_0006054,nv,2,1.9005405e-05,1.4346033e-05,0.00013531618,0.00018378498,0.0031775448,0.99640685,6.311249e-05
ISIC_0030212,HAM_0000605,nv,2,4.7972615e-05,6.952762e-05,0.0034563695,0.0004364344,0.0040985323,0.99071,0.0011811497
ISIC_0031994,HAM_0002669,nv,2,1.94324e-05,1.7015578e-05,8.889444e-05,0.00018235503,0.00053297007,0.9990879,7.142869e-05
ISIC_0028672,HAM_0003888,nv,2,3.9656106e-06,3.6963554e-06,4.388043e-05,9.421963e-05,0.00018591993,0.9996493,1.8992914e-05
ISIC_0027761,HAM_0000663,nv,2,2.8381699e-05,1.0060683e-05,0.00028725798,5.5136225e-05,0.0005500999,0.9989844,8.473209e-05
ISIC_0031683,HAM_0002579,nv,2,1.7113432e-05,1.4723913e-05,0.00041838278,0.00023260943,0.00021668352,0.998963,0.00013753082
ISIC_0024722,HAM_0005452,nv,2,6.892764e-06,4.213462e-06,7.067619e-05,3.7922713e-05,0.00012945502,0.9997272,2.3754617e-05
ISIC_0030001,HAM_0001658,nv,2,1.8602046e-05,3.9916677e-06,0.0002425638,3.681439e-05,0.0032276888,0.9964393,3.103112e-05
ISIC_0026534,HAM_0000365,nv,2,1.0558301e-05,8.995785e-06,4.4539014e-05,3.992451e-05,0.0033827478,0.9964862,2.698791e-05
ISIC_0027666,HAM_0001856,nv,2,2.5048896e-05,1.3565755e-05,0.00053244014,5.185072e-05,0.00023661519,0.99906963,7.094077e-05
ISIC_0027762,HAM_0006345,nv,2,4.5982277e-05,2.9804587e-05,0.0012057507,7.449098e-05,0.0012337418,0.9971246,0.00028555308
ISIC_0025091,HAM_0000124,nv,2,5.101154e-06,7.2928074e-06,3.0914474e-05,0.00014204258,0.0002751344,0.99950314,3.6390597e-05
ISIC_0030055,HAM_0006743,nv,2,2.6234033e-05,3.0136269e-05,0.00037577245,4.1030806e-05,0.001065457,0.9984232,3.8170292e-05
ISIC_0031182,HAM_0004079,nv,2,3.277694e-05,5.1658467e-06,0.00026989888,7.01382e-05,0.0010347072,0.9984347,0.00015267318
ISIC_0025022,HAM_0001158,nv,2,1.5775126e-05,5.7807197e-06,7.806607e-05,4.008698e-05,0.00021366117,0.9995646,8.203255e-05
ISIC_0028627,HAM_0000980,nv,2,6.919557e-06,5.315781e-06,9.39603e-05,3.5868507e-05,9.5091076e-05,0.99970067,6.2217776e-05
ISIC_0025556,HAM_0005311,nv,2,6.2392496e-06,5.4526095e-06,8.726255e-05,6.472939e-05,7.576876e-05,0.9997243,3.6150683e-05
ISIC_0030872,HAM_0004580,nv,2,0.00026584015,0.00036621024,0.0066055385,0.027037105,0.0016508853,0.9596284,0.004446132
ISIC_0026396,HAM_0004734,nv,2,1.2334187e-05,1.4196563e-05,0.0002578593,9.873633e-05,0.0057948134,0.9937589,6.3252875e-05
ISIC_0029461,HAM_0007344,nv,2,1.0856865e-05,5.3955728e-06,0.00049964566,9.988662e-05,0.00037130513,0.99897504,3.789418e-05
ISIC_0032097,HAM_0003006,nv,2,6.652674e-06,6.128731e-06,8.198149e-05,3.635243e-05,0.00037548633,0.99943036,6.305721e-05
ISIC_0025357,HAM_0005118,nv,2,1.1222516e-05,7.92693e-06,0.00014417425,4.3104406e-05,0.0007960331,0.9988965,0.000101006786
ISIC_0026010,HAM_0004916,nv,2,2.5907444e-05,1.0884534e-05,0.00019068524,2.667768e-05,0.004021669,0.99566984,5.426005e-05
ISIC_0024759,HAM_0006249,nv,2,7.111859e-06,8.330861e-06,0.00010156503,2.4581597e-05,4.70365e-05,0.9997688,4.261861e-05
ISIC_0024605,HAM_0001045,nv,2,4.188127e-06,4.4669537e-06,7.0182665e-05,5.3810916e-05,0.0002774423,0.99955565,3.4221e-05
ISIC_0025912,HAM_0007449,nv,2,2.3937602e-05,4.6502824e-05,0.0012128685,0.00025685134,0.020969853,0.977387,0.00010296971
ISIC_0030499,HAM_0001086,nv,2,5.5383216e-06,4.4328162e-06,5.0496124e-05,2.8180904e-05,0.00018385232,0.9996966,3.0996038e-05
ISIC_0025893,HAM_0007156,nv,2,2.617127e-05,7.1828304e-06,0.00023084007,0.00015984946,0.0015724108,0.9979818,2.1739163e-05
ISIC_0029520,HAM_0002249,nv,2,1.5605772e-05,1.8103012e-05,0.00040762027,0.00037938773,0.0005463746,0.99853754,9.5410396e-05
ISIC_0032205,HAM_0001921,nv,2,2.629401e-05,1.6230939e-05,0.0007729393,0.00019296429,9.2675735e-05,0.9987532,0.00014572822
ISIC_0032069,HAM_0006535,nv,2,8.2161285e-05,5.5919805e-05,0.028185837,0.0005040367,0.00020494605,0.9705686,0.0003985312
ISIC_0024594,HAM_0000892,nv,2,6.844879e-06,1.4238117e-05,0.0007475941,8.7474946e-05,0.0024321908,0.9966677,4.402814e-05
ISIC_0029845,HAM_0000892,nv,2,3.311991e-05,3.417125e-05,0.0008605579,0.00018545103,0.22379687,0.775049,4.081783e-05
ISIC_0032376,HAM_0000174,nv,2,0.0045956974,0.03517293,0.09797289,0.0044586547,0.012425484,0.84223413,0.0031401203
ISIC_0031091,HAM_0000174,nv,2,0.0058539524,0.09068133,0.1782403,0.014291932,0.019411149,0.6872802,0.004241222
ISIC_0031733,HAM_0005237,nv,2,0.00041254095,0.01060262,0.015797375,0.0034339828,0.0023077193,0.8452058,0.12224001
ISIC_0027240,HAM_0005237,nv,2,0.0002596361,0.18347393,0.036554024,0.0006107878,0.013779821,0.7589944,0.006327372
ISIC_0024314,HAM_0002198,nv,2,0.0001532675,6.241135e-05,0.38927,0.00094531727,0.018117718,0.5912518,0.00019950845
ISIC_0026722,HAM_0002198,nv,2,0.00055202696,0.0036527852,0.1463381,0.008159647,0.023187991,0.81780404,0.00030545425
ISIC_0031560,HAM_0004663,nv,2,4.5507284e-05,5.6194e-05,0.001359961,0.00028621394,0.11694218,0.881135,0.00017495907
ISIC_0025809,HAM_0004663,nv,2,0.00028214508,0.0001916561,0.012946661,0.0009341967,0.76132226,0.22416906,0.00015400001
ISIC_0026215,HAM_0005519,nv,2,7.222205e-05,0.036724184,0.032251112,0.0057219206,0.00060589006,0.9206824,0.0039422275
ISIC_0032029,HAM_0005519,nv,2,0.00014887602,0.0030091123,0.00926476,0.0026091018,0.00047128243,0.9826769,0.0018198907
ISIC_0027709,HAM_0007312,nv,2,6.984994e-05,0.00018839422,0.03307409,0.00033980788,0.012738751,0.9534417,0.00014729582
ISIC_0033511,HAM_0006147,nv,2,6.824065e-05,5.580529e-05,0.0015795357,0.00034520353,0.09151081,0.90635026,9.022778e-05
ISIC_0032641,HAM_0006147,nv,2,0.00010601668,0.0001076862,0.0014038455,0.00087861135,0.58927214,0.40817687,5.4893415e-05
ISIC_0033345,HAM_0006147,nv,2,3.2895157e-05,2.863568e-05,0.001170688,0.00012305868,0.1563922,0.8421522,0.00010033953
ISIC_0033657,HAM_0006491,nv,2,0.00015156264,0.00023520376,0.0027529083,0.00023451567,0.017415913,0.9791464,6.342799e-05
ISIC_0034038,HAM_0006491,nv,2,0.004132271,0.03366583,0.014310801,0.0092172185,0.6002479,0.33736682,0.0010591843
ISIC_0033070,HAM_0006491,nv,2,0.00013888914,0.0007298622,0.00087267795,0.00090921565,0.3459289,0.6513491,7.13545e-05
ISIC_0033992,HAM_0006980,nv,2,0.0003692109,0.00033715667,0.8834955,0.00057520554,0.0019621148,0.113204814,5.601536e-05
ISIC_0033715,HAM_0006980,nv,2,0.00042055437,0.00039123488,0.41139778,0.0008825228,0.0021160287,0.5847142,7.7718796e-05
ISIC_0033920,HAM_0006980,nv,2,0.000668967,0.00036513462,0.17255463,0.0009944793,0.002056543,0.8232121,0.00014810511
ISIC_0032838,HAM_0001264,nv,2,8.28842e-05,0.0001319322,0.00072693074,0.00063033606,0.46703678,0.5312933,9.785239e-05
ISIC_0034230,HAM_0001264,nv,2,1.6633552e-05,3.5628313e-05,0.00035642332,0.0001104957,0.020872494,0.97856617,4.222711e-05
ISIC_0033057,HAM_0001264,nv,2,4.574626e-05,6.131833e-05,0.00062095857,0.0002287169,0.1337301,0.86524355,6.9754715e-05
ISIC_0032744,HAM_0002607,nv,2,4.480747e-05,8.5529326e-05,0.003629703,9.0160705e-05,0.0013530137,0.99469095,0.00010592449
ISIC_0030626,HAM_0001031,nv,2,8.478967e-05,0.00020499513,0.00412146,9.096604e-05,0.007368854,0.9880167,0.00011232805
ISIC_0031163,HAM_0001031,nv,2,0.00014422147,6.487886e-05,0.0026452735,0.000102869315,0.020464117,0.9764341,0.00014450341
ISIC_0028429,HAM_0000279,nv,2,2.1904087e-05,1.6860176e-05,0.0008076844,0.00018592531,0.155416,0.84345937,9.221965e-05
ISIC_0032375,HAM_0000279,nv,2,6.9942726e-05,2.9156465e-05,0.0031906795,0.00018809261,0.12377149,0.8726739,7.6667166e-05
ISIC_0031956,HAM_0001588,nv,2,5.7129473e-06,4.2289503e-06,0.00028028348,7.419524e-05,0.00012407175,0.99949026,2.1205455e-05
ISIC_0024938,HAM_0001817,nv,2,0.00062847626,0.00045355945,0.0010659466,0.0006383733,0.60585254,0.39116782,0.00019317774
ISIC_0030065,HAM_0001817,nv,2,0.0010297605,0.0003693301,0.0014902669,0.0006412688,0.8507541,0.14554687,0.00016843242
ISIC_0025231,HAM_0001817,nv,2,0.0007374446,0.00041245882,0.0005676314,0.0013946488,0.43160293,0.5651195,0.00016535155
ISIC_0027667,HAM_0000146,nv,2,8.0374346e-05,3.110835e-05,0.0014700727,0.00041541297,0.158361,0.8395332,0.000108791086
ISIC_0028450,HAM_0004839,nv,2,0.16683927,0.0078567015,0.36512288,0.012579518,0.11283399,0.32953906,0.005228583
ISIC_0031285,HAM_0006025,nv,2,0.00076020916,0.00042727243,0.2949412,0.0016125093,0.08769678,0.6135107,0.001051331
ISIC_0031932,HAM_0004291,nv,2,7.212768e-05,0.00039297677,0.006744778,0.0004349856,0.04351155,0.9486668,0.00017678288
ISIC_0031942,HAM_0003408,nv,2,0.00018419728,3.0394134e-05,0.00082955573,0.00015556475,0.4305606,0.5681763,6.3346815e-05
ISIC_0028859,HAM_0000336,nv,2,0.0009066904,5.779321e-05,0.0067389566,0.00046626863,0.23455961,0.7571677,0.00010302753
ISIC_0024599,HAM_0004839,nv,2,0.46136853,0.0005933013,0.014290396,0.011172932,0.09354981,0.41762662,0.0013984564
ISIC_0032145,HAM_0003760,nv,2,0.0003099039,3.86378e-05,0.0002534307,0.00025417426,0.27254504,0.72652483,7.40412e-05
ISIC_0028648,HAM_0005670,nv,2,0.0005506077,0.00020454507,0.007586075,0.0007742099,0.44522506,0.5455011,0.00015836919
ISIC_0030253,HAM_0005670,nv,2,0.00015500071,0.00029818874,0.009043812,0.0026050499,0.08316534,0.9046512,8.1361206e-05
ISIC_0032459,HAM_0003590,nv,2,0.000114871924,5.3004685e-05,0.084739186,0.0002815478,0.0027459713,0.91103214,0.001033385
ISIC_0024684,HAM_0002481,nv,2,0.027264828,0.010879675,0.7399798,0.0068751397,0.034262523,0.17456323,0.006174884
ISIC_0027262,HAM_0003590,nv,2,0.00016179262,8.009315e-05,0.07888675,0.00026108106,0.008314601,0.9116706,0.0006250789
ISIC_0024916,HAM_0003590,nv,2,0.0001257912,4.4503187e-05,0.05339138,0.00016567265,0.0025278174,0.9426952,0.0010496429
ISIC_0031750,HAM_0007484,nv,2,3.19367e-05,0.00021824773,0.027329145,0.00018414234,0.002958875,0.96904695,0.00023074077
ISIC_0030710,HAM_0007484,nv,2,2.64861e-05,5.7512978e-05,0.020556182,0.00013582749,0.00017203773,0.9789131,0.00013877724
ISIC_0025253,HAM_0005365,nv,2,3.543145e-05,2.6433472e-05,0.0014731216,8.8900844e-05,0.08586818,0.91241467,9.334943e-05
ISIC_0027961,HAM_0005365,nv,2,0.00015257974,0.00010144171,0.0036004721,0.00023265634,0.0021181593,0.99344844,0.00034620232
ISIC_0032580,HAM_0002724,nv,2,9.7984266e-05,5.48034e-05,0.0007705649,0.00032953997,0.017319905,0.9813859,4.128706e-05
ISIC_0033692,HAM_0002724,nv,2,0.00068318215,9.058184e-05,0.00045866676,0.0005755781,0.17130066,0.826863,2.8336319e-05
ISIC_0033543,HAM_0000181,nv,2,3.42139e-05,1.9995807e-05,0.0010285983,3.9379956e-05,0.00037262458,0.99837273,0.00013250706
ISIC_0034185,HAM_0000181,nv,2,4.7819907e-05,2.1386388e-05,0.00025203082,3.512272e-05,0.017772555,0.9817869,8.4172796e-05
ISIC_0033896,HAM_0004349,nv,2,5.3651147e-05,1.3433307e-05,0.0017203385,0.00011949614,0.012575856,0.9854584,5.892425e-05
ISIC_0032578,HAM_0007460,nv,2,1.51608465e-05,0.00042130717,0.00020504068,0.000119249285,0.00021021078,0.99890935,0.00011971602
ISIC_0034019,HAM_0000627,nv,2,7.635447e-06,2.2529664e-05,0.00041922877,0.00024408662,0.00073882943,0.9985421,2.5579364e-05
ISIC_0024562,HAM_0002745,akiec,2,0.03781578,0.008355841,0.12123921,0.3416881,0.13446192,0.35564655,0.00079254346
ISIC_0028231,HAM_0003688,akiec,2,0.31211725,0.00060606876,0.015645992,0.0014229808,0.6467077,0.023338798,0.00016122079
ISIC_0025825,HAM_0002232,akiec,2,0.99536586,0.00010045338,0.0010177683,9.793492e-05,0.0028509197,0.00041799733,0.00014904155
ISIC_0030707,HAM_0001890,akiec,2,0.080693625,0.039341338,0.7803188,0.0017236914,0.057108697,0.030679295,0.010134572
ISIC_0033853,HAM_0004458,bkl,2,4.6582863e-05,1.2080872e-05,0.9983797,2.2263564e-05,0.0004981303,0.0010087105,3.2456624e-05
ISIC_0033453,HAM_0004458,bkl,2,0.0003927962,6.739667e-05,0.96410453,0.0001081211,0.027564049,0.007616976,0.00014606229
ISIC_0034126,HAM_0004458,bkl,2,0.0008335485,0.00011116809,0.9645363,0.00014442527,0.014002357,0.020116296,0.00025596167
ISIC_0032997,HAM_0003162,bkl,2,0.00012732417,8.109039e-05,0.9863972,0.00013008925,0.006329562,0.006803904,0.00013085372
ISIC_0033529,HAM_0003162,bkl,2,0.00043344003,0.00043006695,0.9379397,0.00054259476,0.016201306,0.044125818,0.00032717772
ISIC_0031620,HAM_0007431,bkl,2,0.020206202,0.045120396,0.8530238,0.0050921175,0.00885874,0.06450587,0.0031927952
ISIC_0030721,HAM_0006769,bkl,2,0.0016489851,0.006129715,0.9669854,0.0003412857,0.0027480791,0.021763584,0.0003829691
ISIC_0028952,HAM_0006065,bkl,2,0.0019684562,0.023459531,0.041097444,0.01032405,0.4359991,0.47605374,0.011097742
ISIC_0025928,HAM_0005606,bkl,2,0.07717723,0.0020031827,0.07598071,0.0023741964,0.836241,0.006155191,6.8478235e-05
ISIC_0030240,HAM_0003392,bkl,2,0.022740422,0.0010450513,0.97262967,0.0003618661,0.0016626646,0.0012519845,0.00030831379
ISIC_0030130,HAM_0001743,bkl,2,0.021633908,0.02598105,0.066897936,0.65549767,0.15105158,0.06589295,0.013044968
ISIC_0028294,HAM_0002042,bkl,2,0.0012604105,0.0017546125,0.98492974,0.00041563925,0.010369402,0.00095001515,0.00032024155
ISIC_0028662,HAM_0002042,bkl,2,0.08493121,0.0088646915,0.7933121,0.00047349615,0.11098774,0.0008573908,0.00057338085
ISIC_0031349,HAM_0002042,bkl,2,0.00027249672,0.00012635202,0.9981724,7.930108e-05,0.00094048545,0.00034938057,5.9568014e-05
ISIC_0026263,HAM_0002042,bkl,2,0.012128243,0.0025809915,0.781382,0.00048875745,0.20028393,0.0021734128,0.0009625641
ISIC_0026069,HAM_0000524,bkl,2,0.00058192684,0.00029033408,0.9778412,0.00023443186,0.00093355606,0.02001887,9.965321e-05
ISIC_0026524,HAM_0000524,bkl,2,0.000103666076,4.645298e-05,0.995596,0.00012964601,7.673774e-05,0.0040292325,1.822681e-05
ISIC_0027820,HAM_0001310,bkl,2,0.0005416874,0.00034264033,0.993846,0.0001719542,0.00071377517,0.004244091,0.00013979779
ISIC_0032315,HAM_0005463,bkl,2,4.733661e-05,6.3079344e-05,0.021014905,0.00030064097,0.023489654,0.95493007,0.000154304
ISIC_0028411,HAM_0005463,bkl,2,1.4349202e-05,1.1175169e-05,0.9985753,4.3598484e-05,4.6004232e-05,0.0012929359,1.6548118e-05
ISIC_0031024,HAM_0002677,bkl,2,2.372113e-05,2.3674844e-05,0.9992933,6.323354e-05,5.2679046e-05,0.00051794155,2.5548661e-05
ISIC_0030443,HAM_0006722,mel,2,0.0008868262,0.00016549452,0.03234869,0.00020475799,0.86244947,0.10381278,0.00013194374
ISIC_0031499,HAM_0006722,mel,2,0.0009210301,4.448256e-05,0.0019467291,2.9573956e-05,0.98940873,0.0076134773,3.5952788e-05
ISIC_0031953,HAM_0000060,mel,2,0.00013988427,0.00026082832,0.006507166,0.00036071244,0.39867175,0.59381974,0.00023981744
ISIC_0031406,HAM_0000060,mel,2,0.000121004705,0.00041498872,0.007834088,0.0006909151,0.6076254,0.38322452,8.904918e-05
ISIC_0030445,HAM_0003031,mel,2,0.025888085,0.025658416,0.004858886,0.0036676798,0.74911696,0.01529518,0.17551477
ISIC_0028326,HAM_0002471,mel,2,0.00062475837,0.0014957932,0.33001596,0.0014413026,0.3820782,0.27953437,0.004809655
ISIC_0027060,HAM_0002471,mel,2,8.5425054e-05,0.00011054824,0.007511586,0.00015712072,0.90811276,0.083810315,0.00021225656
ISIC_0024702,HAM_0000903,mel,2,0.00028215154,0.0077158976,0.00016250138,0.00013211269,0.9900693,0.0010386395,0.0005993599
ISIC_0028029,HAM_0007243,mel,2,0.0005478517,0.0022290372,0.73323643,0.0023497385,0.19657852,0.062891655,0.0021667955
ISIC_0025489,HAM_0002770,mel,2,2.7486107e-05,3.257687e-05,0.0005869978,5.6068344e-05,0.9506037,0.048639745,5.339639e-05
ISIC_0025265,HAM_0002770,mel,2,4.3816144e-05,3.8970888e-05,0.0013099018,0.00014822811,0.6965052,0.30191267,4.1241932e-05
ISIC_0033813,HAM_0000423,mel,2,0.00032672807,0.00031853665,0.007267583,0.00060035824,0.88680303,0.10427149,0.00041221708
ISIC_0032656,HAM_0006923,mel,2,0.0023482023,0.00996749,0.0007119773,0.0016651247,0.95104015,0.008245454,0.026021508
ISIC_0032592,HAM_0006923,mel,2,0.004473823,0.025552522,0.006788538,0.0011602483,0.70129657,0.046007745,0.2147205
ISIC_0033957,HAM_0002617,mel,2,0.00011587362,3.9733215e-05,0.00027285636,8.026331e-05,0.049374413,0.9500015,0.00011530921
ISIC_0034172,HAM_0002617,mel,2,0.00010881088,7.066643e-05,0.00026127874,0.00013228037,0.22119474,0.7781007,0.00013150756
ISIC_0033393,HAM_0002617,mel,2,0.00011593125,2.816157e-05,0.0002105403,8.180714e-05,0.10047315,0.8990124,7.8060926e-05
ISIC_0029502,HAM_0003617,mel,2,0.00019716809,0.00095544924,0.015315118,0.0015046011,0.22178134,0.75912064,0.0011257943
ISIC_0028481,HAM_0000396,mel,2,0.00094193825,8.295118e-05,0.11058775,0.00033194554,0.8715407,0.016373321,0.00014138056
ISIC_0029172,HAM_0000396,mel,2,0.0011236094,5.805616e-05,0.0063346736,0.00011591035,0.98238534,0.009917298,6.501981e-05
ISIC_0026916,HAM_0000320,mel,2,0.00044069352,9.7981865e-06,0.00076536404,8.187913e-05,0.99404824,0.0046394607,1.4651474e-05
ISIC_0027863,HAM_0000320,mel,2,0.017190505,0.00013889985,0.002614138,0.00012896414,0.9740538,0.0057947645,7.883419e-05
ISIC_0026604,HAM_0002906,mel,2,0.020239936,0.00088624645,0.71802574,0.00059849425,0.13153064,0.12798281,0.00073616055
ISIC_0027517,HAM_0002906,mel,2,0.007862596,0.001665889,0.38218543,0.0012379836,0.48501852,0.12144014,0.0005893686
ISIC_0031550,HAM_0002693,mel,2,0.0002932512,6.711585e-05,0.03729941,0.00016006193,0.65985775,0.30210492,0.00021750056
ISIC_0029574,HAM_0005986,mel,2,0.052902523,0.00039225395,0.0017752118,0.00019685281,0.9142101,0.030438757,8.433526e-05
ISIC_0028508,HAM_0001607,mel,2,0.00010804148,3.661595e-05,0.001867068,0.00010699153,0.97095054,0.026905699,2.5018728e-05
ISIC_0025616,HAM_0007031,mel,2,0.0016911427,8.98025e-05,0.27032456,0.00020435905,0.6548386,0.07261489,0.00023659809
ISIC_0032715,HAM_0006852,vasc,2,1.5684396e-05,0.00012172186,7.979575e-06,9.681768e-06,4.8880822e-05,0.00014018227,0.99965584
ISIC_0033991,HAM_0006852,vasc,2,3.534184e-05,0.00014874022,1.2601521e-05,1.0884429e-05,6.3746316e-05,0.00017153365,0.9995571
ISIC_0027856,HAM_0007118,vasc,2,3.9268e-05,9.843095e-05,0.00013355736,6.4552594e-05,6.7189656e-05,0.00016613369,0.99943084
ISIC_0030104,HAM_0001122,vasc,2,1.4195117e-05,1.6824226e-05,4.4586417e-05,2.0453059e-05,0.000101562204,0.00030543766,0.99949694
ISIC_0027888,HAM_0004409,vasc,2,1.1980847e-05,8.90341e-06,2.0162353e-05,2.3641342e-05,2.4994628e-05,8.03789e-05,0.99983
ISIC_0025425,HAM_0002787,vasc,2,1.1298884e-05,1.4722138e-05,6.564886e-06,1.4953978e-05,2.3896388e-05,0.00011022635,0.9998184
ISIC_0025144,HAM_0004831,bcc,2,0.0021595762,0.99692696,0.00045267175,0.0002371476,8.439259e-05,4.9418428e-05,8.9835456e-05
ISIC_0031407,HAM_0001575,bcc,2,0.15225057,0.7838357,0.002521721,0.00020160891,0.059331752,0.0014368333,0.0004218336
ISIC_0028652,HAM_0001575,bcc,2,0.0006032918,0.9987564,0.00014487733,1.7515644e-05,0.00027681465,0.0001558867,4.5254998e-05
ISIC_0031697,HAM_0003177,bcc,2,6.446555e-05,0.9990583,5.739287e-05,4.8047285e-05,0.000119850854,0.00061163213,4.0262792e-05
ISIC_0028671,HAM_0001713,bcc,2,0.0008297259,0.99775046,0.00029784086,0.00010237967,0.00081060425,0.000106354106,0.00010268005
ISIC_0029961,HAM_0000727,nv,2,1.6796816e-05,8.186115e-06,0.00018430187,3.28224e-05,0.0018273873,0.99786854,6.186164e-05
ISIC_0029153,HAM_0004124,nv,2,4.0124996e-05,6.263423e-05,0.001110659,0.0001903073,0.0058171283,0.99175745,0.0010215957
ISIC_0031579,HAM_0003020,nv,2,6.0444713e-06,9.435286e-06,7.3313844e-05,0.00015892478,0.00047970313,0.9992587,1.3944448e-05
ISIC_0030617,HAM_0006778,nv,2,1.1395722e-05,7.862813e-06,0.00016046478,0.000109127344,0.0010951732,0.9985879,2.8012537e-05
ISIC_0028932,HAM_0000789,nv,2,3.928887e-05,3.6908474e-05,0.0018618758,0.00045783448,0.0014457882,0.9960634,9.4802956e-05
ISIC_0029008,HAM_0000629,nv,2,2.056346e-05,3.470741e-05,0.0011872844,0.0065882755,0.0066659367,0.9854557,4.762508e-05
ISIC_0028888,HAM_0003838,nv,2,0.003749301,0.00078666396,0.7962935,0.0012448691,0.009527541,0.15557925,0.032818846
ISIC_0030774,HAM_0002889,nv,2,7.1221475e-05,4.5626188e-05,0.0032681073,0.0011316702,0.009775841,0.9855456,0.00016207513
ISIC_0031938,HAM_0004613,nv,2,1.9355744e-05,2.012679e-05,0.00038410048,0.0006339708,0.0017941489,0.99709225,5.6007702e-05
ISIC_0028597,HAM_0000652,nv,2,6.994976e-06,2.2273447e-05,0.002719172,0.00021246268,5.6379537e-05,0.996874,0.00010878058
ISIC_0030836,HAM_0001554,nv,2,2.5473682e-05,1.3215573e-05,0.002211692,0.0002714714,0.0010255234,0.9963607,9.19136e-05
ISIC_0026460,HAM_0006792,nv,2,0.00033763665,0.00037263634,0.3133193,0.0007092143,0.0002694504,0.6843523,0.0006394716
ISIC_0031438,HAM_0005001,nv,2,1.2219723e-05,2.7376693e-05,0.0012039744,0.00014627278,0.0062684584,0.99225837,8.3343715e-05
ISIC_0031797,HAM_0001064,nv,2,2.9605562e-05,1.170748e-05,0.0019727445,0.00017569051,0.001473195,0.99628675,5.0262493e-05
ISIC_0032133,HAM_0007104,nv,2,2.3531144e-05,2.2986045e-05,0.0009068129,0.00090880756,0.00046485395,0.99711525,0.0005577938
ISIC_0025406,HAM_0002073,nv,2,4.9921866e-05,0.0004932353,0.0012213654,0.00043146973,6.549301e-05,0.9972959,0.0004425653
ISIC_0026740,HAM_0003657,nv,2,5.2640335e-06,5.5382507e-06,6.4442946e-05,5.8590085e-05,0.00015271497,0.99968386,2.9677514e-05
ISIC_0027384,HAM_0005565,nv,2,2.604596e-05,1.3805914e-05,0.006298986,5.772908e-05,0.0003287587,0.9932034,7.1216324e-05
ISIC_0028058,HAM_0001005,nv,2,5.0505437e-06,4.228137e-06,0.00015324417,6.9550595e-05,0.00043764585,0.9992981,3.223367e-05
ISIC_0028912,HAM_0006448,nv,2,3.4613753e-05,1.7001705e-05,0.00050069846,0.00019812142,0.0027336467,0.99632543,0.00019043847
ISIC_0032411,HAM_0000034,nv,2,3.19118e-05,9.10724e-06,0.000100675425,3.2036703e-05,0.004635464,0.99513346,5.7335124e-05
ISIC_0032487,HAM_0004301,nv,2,8.876627e-06,4.9793366e-06,0.000118753465,2.6013535e-05,0.0010330363,0.99877125,3.7081165e-05
ISIC_0024656,HAM_0003779,nv,2,2.2155398e-05,9.660091e-06,0.0004445687,5.9697617e-05,6.262369e-05,0.99936765,3.3717028e-05
ISIC_0025379,HAM_0000587,nv,2,6.9441576e-06,6.9849652e-06,0.0004393787,6.367048e-05,0.00010033906,0.99934345,3.9187955e-05
ISIC_0027994,HAM_0007525,nv,2,5.7654065e-06,6.1492424e-06,0.00072548236,6.108262e-05,0.0003052448,0.99886584,3.0415784e-05
ISIC_0026474,HAM_0003950,nv,2,6.6662064e-06,6.4611086e-06,9.91018e-05,2.3795865e-05,0.00032088227,0.9995092,3.3919976e-05
ISIC_0028182,HAM_0000426,nv,2,7.889881e-05,3.556248e-05,0.0007662294,7.528577e-05,0.00085656636,0.99797016,0.00021720931
ISIC_0025549,HAM_0005128,nv,2,1.5221857e-05,1.2375282e-05,0.0001136344,3.90988e-05,0.0026985414,0.99706984,5.1244053e-05
ISIC_0032250,HAM_0005875,nv,2,1.4790786e-05,6.349025e-06,7.19195e-05,6.606152e-05,0.00017865552,0.9995877,7.456567e-05
ISIC_0031969,HAM_0004528,nv,2,1.9827523e-05,2.2205775e-05,0.00023457472,0.000104703606,0.007558518,0.9919059,0.00015428921
ISIC_0030916,HAM_0006642,nv,2,1.2066043e-05,1.5134208e-05,8.511544e-05,8.611875e-05,0.00065685646,0.9991037,4.093866e-05
ISIC_0027325,HAM_0005951,nv,2,4.868378e-06,6.693388e-06,0.00018977643,6.218564e-05,2.3135182e-05,0.9996722,4.1142357e-05
ISIC_0027048,HAM_0001281,nv,2,2.405466e-06,4.682159e-06,4.653227e-05,0.0001074537,8.5441105e-05,0.99973315,2.0358242e-05
ISIC_0028193,HAM_0007554,nv,2,2.7726888e-05,1.6751643e-05,0.00043224156,0.000108861714,0.00027579532,0.99907994,5.858329e-05
ISIC_0030867,HAM_0007578,nv,2,7.1159804e-05,2.3511891e-05,0.0040796082,0.00012986438,0.00086289196,0.99435544,0.00047758242
ISIC_0027885,HAM_0002133,nv,2,1.0570748e-05,5.906534e-06,0.0002242537,1.4618813e-05,6.899727e-05,0.9996113,6.424976e-05
ISIC_0026648,HAM_0003994,nv,2,5.5597307e-06,5.5057e-06,0.00012756832,8.355546e-05,7.853142e-05,0.99964845,5.0877294e-05
ISIC_0028796,HAM_0002420,nv,2,2.5357501e-06,4.467798e-06,0.00012374028,3.1332303e-05,7.001621e-05,0.9997446,2.3363913e-05
ISIC_0025174,HAM_0000817,nv,2,5.3664153e-06,6.385234e-06,5.9787977e-05,6.778174e-05,0.00039775015,0.9994153,4.757412e-05
ISIC_0026771,HAM_0006698,nv,2,5.997087e-06,4.194827e-06,6.036177e-05,5.0213e-05,0.00065884786,0.99920124,1.9133298e-05
ISIC_0030228,HAM_0002777,nv,2,6.9435496e-06,5.1903316e-06,4.967921e-05,2.5078049e-05,0.0006280978,0.99925596,2.8921086e-05
ISIC_0024613,HAM_0001291,nv,2,2.284886e-05,2.4705509e-05,0.00039756024,0.00028568855,0.00010042087,0.99893814,0.00023070899
ISIC_0030043,HAM_0002549,nv,2,4.164906e-05,3.3926644e-05,0.0011872279,9.4224946e-05,0.00025738365,0.9977551,0.0006304935
ISIC_0029960,HAM_0001451,nv,2,5.849228e-06,4.1396306e-06,4.516195e-05,3.073768e-05,0.00026631213,0.99962723,2.055585e-05
ISIC_0028469,HAM_0002145,nv,2,7.917988e-06,4.3387e-06,0.00015391836,3.9088056e-05,5.160657e-05,0.9997204,2.273316e-05
ISIC_0031003,HAM_0001578,nv,2,4.3694495e-06,6.955139e-06,5.832003e-05,2.1952805e-05,0.00091094343,0.99897075,2.6792275e-05
ISIC_0030267,HAM_0000877,nv,2,4.5553617e-05,0.00012664031,0.0014528644,0.00019884444,4.672506e-05,0.9975231,0.00060619874
ISIC_0025282,HAM_0003923,nv,2,1.5806167e-05,5.473144e-06,0.00019369011,0.00012728893,6.3841035e-05,0.9995771,1.685847e-05
ISIC_0027386,HAM_0001724,nv,2,2.6609085e-05,5.754618e-06,5.7358386e-05,4.53078e-05,0.00088289456,0.9989458,3.644141e-05
ISIC_0032390,HAM_0000155,nv,2,4.5295237e-05,2.220486e-05,9.607749e-05,0.00013157909,0.0057837716,0.99380434,0.00011668651
ISIC_0026464,HAM_0006168,nv,2,3.8149996e-05,0.0003965627,0.00039443845,0.00039270887,0.00062862044,0.9978923,0.00025716782
ISIC_0029977,HAM_0003252,nv,2,6.5647923e-06,3.439192e-06,7.1935065e-05,2.4606483e-05,5.270597e-05,0.9998041,3.67229e-05
ISIC_0028112,HAM_0004018,nv,2,2.482473e-05,1.7162036e-05,0.00024029319,5.7102512e-05,0.0015846047,0.99789447,0.0001816487
ISIC_0029817,HAM_0003572,nv,2,5.284461e-06,6.166106e-06,4.3688084e-05,0.00018820362,8.2300416e-05,0.9996507,2.3683311e-05
ISIC_0024667,HAM_0000248,nv,2,9.648492e-06,1.4740955e-05,0.00043306104,0.00088695803,0.0023840768,0.99622005,5.1501258e-05
ISIC_0026375,HAM_0004041,nv,2,2.3961888e-05,2.277545e-05,0.0015581729,0.00013482849,0.00047689388,0.99767536,0.0001080208
ISIC_0026161,HAM_0007407,nv,2,3.3921006e-06,3.365703e-06,4.0842802e-05,3.9528255e-05,0.0001965702,0.99968886,2.7407174e-05
ISIC_0025294,HAM_0006015,nv,2,1.0246426e-05,4.7371923e-06,4.9531685e-05,4.662168e-05,0.00015957825,0.9996997,2.9620078e-05
ISIC_0025279,HAM_0000756,nv,2,1.6358532e-05,1.8428349e-05,0.0001530232,0.00021685356,0.00077182165,0.998771,5.2497486e-05
ISIC_0032491,HAM_0001513,nv,2,3.2429386e-06,7.673771e-06,7.524632e-05,8.550498e-05,0.00015848184,0.9996413,2.8511517e-05
ISIC_0031911,HAM_0003753,nv,2,8.467047e-05,3.2643376e-05,0.012990455,0.00020915255,0.007049007,0.9789499,0.0006841126
ISIC_0031006,HAM_0001638,nv,2,2.395352e-05,1.7253073e-05,6.698278e-05,9.084211e-05,0.0024314239,0.99732697,4.261844e-05
ISIC_0028630,HAM_0003488,nv,2,1.2652564e-05,1.3259772e-05,0.00019154926,8.098833e-05,0.019263834,0.9803572,8.051518e-05
ISIC_0030889,HAM_0002356,nv,2,3.3305405e-05,3.1104748e-05,0.00077828043,8.588295e-05,0.0001508029,0.9988036,0.00011704467
ISIC_0027866,HAM_0004329,nv,2,6.260365e-05,1.8797024e-05,0.00070984464,0.00012377484,0.0018894669,0.99709845,9.7151984e-05
ISIC_0025741,HAM_0005732,nv,2,7.082912e-06,4.287621e-06,0.0002582367,4.728167e-05,4.707434e-05,0.99959654,3.9486025e-05
ISIC_0029907,HAM_0003285,nv,2,1.5395222e-05,2.3798066e-05,9.673236e-05,0.00013508879,0.0068346495,0.99279165,0.000102770144
ISIC_0028845,HAM_0001016,nv,2,1.8330076e-05,9.145215e-06,3.988048e-05,7.061031e-05,0.00052583555,0.999283,5.3143536e-05
ISIC_0027074,HAM_0000264,nv,2,1.9856667e-05,7.9759475e-06,0.00020624297,0.00013669321,0.00038807403,0.9992015,3.960556e-05
ISIC_0027222,HAM_0005741,nv,2,0.00013173869,3.947795e-05,0.0001967999,0.00041111864,0.00024289683,0.9989041,7.382657e-05
ISIC_0026426,HAM_0006034,nv,2,2.2123288e-05,9.349311e-06,8.414726e-05,6.754822e-05,0.0037791554,0.9959721,6.5533946e-05
ISIC_0026630,HAM_0001682,nv,2,1.0086502e-05,4.7645262e-06,0.00010686322,5.5277724e-05,6.819225e-05,0.9995939,0.00016085208
ISIC_0030108,HAM_0005165,nv,2,5.0823096e-06,3.4121015e-06,6.0985076e-05,2.2688533e-05,0.00016740143,0.9997085,3.196473e-05
ISIC_0026589,HAM_0004089,nv,2,3.727659e-05,2.2742264e-05,0.0013282369,0.00019294565,0.000100637975,0.9981692,0.0001488786
ISIC_0025370,HAM_0004869,nv,2,1.7853323e-05,2.8307513e-05,0.003908315,0.00010104725,0.0053212065,0.9905522,7.102622e-05
ISIC_0031713,HAM_0006145,nv,2,6.409405e-05,5.83583e-05,0.0038772856,0.0002693195,0.586217,0.4092454,0.00026853164
ISIC_0032027,HAM_0006145,nv,2,6.660379e-05,7.43019e-05,0.0032628719,0.00089726155,0.3470955,0.64845973,0.0001437812
ISIC_0028823,HAM_0007138,nv,2,9.1627364e-05,0.21189024,0.0020833937,0.00062007434,0.004668069,0.7750623,0.005584305
ISIC_0031501,HAM_0007138,nv,2,0.00018513728,0.006551857,0.1313408,0.005584979,0.039014302,0.8156353,0.0016875932
ISIC_0032739,HAM_0001790,nv,2,4.647579e-05,1.7674707e-05,0.00047654787,9.4805e-05,0.40799478,0.59131455,5.519137e-05
ISIC_0032874,HAM_0001790,nv,2,4.8753845e-05,3.3312233e-05,0.0010634008,0.00011810212,0.6325327,0.36608183,0.00012185109
ISIC_0032590,HAM_0005351,nv,2,3.0123258e-05,0.00010784427,0.0007646579,0.00040402997,0.07740914,0.921191,9.3331444e-05
ISIC_0033549,HAM_0005351,nv,2,0.00029899267,0.00046581027,0.08671143,0.00029608706,0.01815796,0.89302707,0.0010425684
ISIC_0033921,HAM_0005351,nv,2,0.00024021199,0.0005751143,0.041679796,0.0007101713,0.10417083,0.8520069,0.0006170075
ISIC_0032767,HAM_0006520,nv,2,0.00035862374,3.888444e-05,0.007231343,0.00020897921,0.13057914,0.86152,6.299252e-05
ISIC_0033503,HAM_0006520,nv,2,0.0009460273,0.00010993922,0.011972378,0.00022121753,0.71441877,0.2722241,0.00010760244
ISIC_0033795,HAM_0006520,nv,2,0.00013143531,0.00011133005,0.045001555,0.00025834504,0.7746414,0.17973126,0.00012468375
ISIC_0034273,HAM_0002016,nv,2,1.5212268e-05,2.792505e-05,0.0001530395,5.222184e-05,0.012966823,0.9867583,2.6490596e-05
ISIC_0032805,HAM_0002016,nv,2,1.14132035e-05,2.8028122e-05,0.00033943687,5.858701e-05,0.00718739,0.9923367,3.8535032e-05
ISIC_0032753,HAM_0002016,nv,2,1.7550972e-05,1.0439306e-05,0.00011877355,3.0473795e-05,0.0009733409,0.9988182,3.116601e-05
ISIC_0033188,HAM_0001935,nv,2,3.4026943e-05,3.3044525e-05,0.0008349301,0.00014145157,0.030874927,0.96802396,5.765612e-05
ISIC_0033067,HAM_0001935,nv,2,3.3823133e-05,2.2841221e-05,0.008390176,0.00010479482,0.0062839515,0.98504424,0.00012014786
ISIC_0032787,HAM_0001935,nv,2,0.00015711716,0.00012356379,0.14284164,0.00032364528,0.0045337128,0.85140914,0.0006111792
ISIC_0034213,HAM_0005194,nv,2,0.00018210568,0.00012491508,0.0008281843,0.019850679,0.013069345,0.9658454,9.939666e-05
ISIC_0032561,HAM_0005194,nv,2,0.0028882804,0.001469438,0.010439256,0.13862258,0.040380884,0.8055462,0.00065333396
ISIC_0033839,HAM_0005194,nv,2,6.985321e-05,8.442378e-05,0.00091901317,0.008379181,0.014393343,0.9760977,5.645848e-05
ISIC_0032601,HAM_0001645,nv,2,0.000102535676,0.013734576,0.00084686297,0.0012650995,0.04979937,0.9341556,9.594782e-05
ISIC_0032878,HAM_0001645,nv,2,0.00026467923,0.0008049848,0.0012437446,0.0011197956,0.073963806,0.9224317,0.00017122384
ISIC_0033960,HAM_0003535,nv,2,2.4766157e-05,2.3311135e-05,0.0012789747,8.79753e-05,0.0010597896,0.99748623,3.8962633e-05
ISIC_0033259,HAM_0003535,nv,2,3.5680117e-05,3.351837e-05,0.0014155278,0.00017005418,0.00091795856,0.9973678,5.9519996e-05
ISIC_0033403,HAM_0003535,nv,2,0.000104394036,7.2170544e-05,0.0060732495,0.00020761232,0.0024961105,0.9909067,0.00013965684
ISIC_0033724,HAM_0005052,nv,2,2.3263736e-05,7.778332e-05,0.00049843383,0.00019959887,0.01143188,0.98771125,5.7803652e-05
ISIC_0033786,HAM_0005052,nv,2,4.9326114e-05,0.00010081604,0.0012040127,0.00022520439,0.020491196,0.97772616,0.00020325661
ISIC_0029775,HAM_0002432,nv,2,0.0006767417,0.00017044003,0.78538585,0.0008689536,0.016260415,0.19397661,0.0026609285
ISIC_0025226,HAM_0004919,nv,2,1.1007448e-05,1.18092685e-05,0.00014239868,0.000119502554,0.0044930675,0.9951826,3.963934e-05
ISIC_0028117,HAM_0006116,nv,2,0.024008676,0.01498944,0.018510617,0.0042269337,0.715737,0.22215846,0.00036898485
ISIC_0024996,HAM_0005658,nv,2,0.00014364769,0.0036544167,0.0032140072,0.0005867449,0.00054000714,0.9917312,0.00013002858
ISIC_0031798,HAM_0005051,nv,2,5.5339315e-05,3.615092e-05,0.0002037118,0.00022736793,0.0065225116,0.9929201,3.483397e-05
ISIC_0029528,HAM_0003707,nv,2,0.002045778,0.014062512,0.069421194,0.012904487,0.0033434029,0.8976341,0.00058841927
ISIC_0030399,HAM_0005870,nv,2,0.0011877815,8.202229e-05,0.006765481,0.0014084608,0.034610517,0.9557697,0.00017603149
ISIC_0026404,HAM_0003727,nv,2,0.0027944904,0.00044128986,0.41231614,0.0001935398,0.57468474,0.009275316,0.0002945371
ISIC_0026698,HAM_0004824,nv,2,0.00012350809,5.1687337e-05,0.0038534973,0.00019736539,0.32364434,0.67190295,0.0002267229
ISIC_0027181,HAM_0003640,nv,2,0.0017816805,0.0006651155,0.15866813,0.0024447998,0.008772951,0.8265045,0.0011627632
ISIC_0026359,HAM_0007504,nv,2,0.0024243013,0.0001905361,0.005204801,0.0014469097,0.6811122,0.30940914,0.00021214363
ISIC_0029182,HAM_0000277,nv,2,0.001559098,0.0032399332,0.45659414,0.040783092,0.01805987,0.47944206,0.00032173804
ISIC_0030635,HAM_0003640,nv,2,0.0017745995,0.00088971434,0.041631132,0.0009983808,0.0028860907,0.9512287,0.0005915211
ISIC_0026488,HAM_0005387,nv,2,0.00030609273,0.00015725559,0.07273596,0.00038693746,0.51888365,0.40727642,0.0002537598
ISIC_0028945,HAM_0002370,nv,2,7.747885e-05,0.066300854,0.019200666,0.0003052401,0.024871785,0.88882995,0.00041396698
ISIC_0030401,HAM_0002370,nv,2,9.285301e-05,0.004124578,0.0036765449,0.00024178503,0.07883864,0.9128959,0.00012967121
ISIC_0027984,HAM_0007413,nv,2,0.00083856215,8.425409e-05,0.032944746,0.00060222676,0.15778574,0.80758685,0.0001577151
ISIC_0028477,HAM_0005531,nv,2,9.845068e-05,0.00039783606,0.00075717526,0.001177326,0.8642642,0.13305795,0.00024702202
ISIC_0024577,HAM_0005531,nv,2,0.00046322358,0.0012276036,0.00722572,0.0020739979,0.30750814,0.6809054,0.0005959537
ISIC_0030404,HAM_0002084,nv,2,0.00025684564,0.00021969172,0.012136153,0.00028821587,0.0029632207,0.98310906,0.0010268154
ISIC_0027311,HAM_0002084,nv,2,0.00011142269,7.6579614e-05,0.005948355,0.00015651858,0.050737713,0.94250804,0.0004613834
ISIC_0032631,HAM_0001834,nv,2,4.5410903e-05,2.8141252e-05,0.0017258027,4.796347e-05,0.009541524,0.98858845,2.2656339e-05
ISIC_0032828,HAM_0005308,nv,2,3.8662984e-05,3.2684922e-05,0.00017531798,3.7181824e-05,0.08598377,0.91364294,8.945626e-05
ISIC_0032655,HAM_0003807,bkl,2,5.683572e-05,1.476868e-05,0.9845408,0.00011719016,0.00020728825,0.015037315,2.5869267e-05
ISIC_0033072,HAM_0004193,nv,2,1.9521474e-05,7.980363e-06,8.930192e-05,2.156614e-05,0.0020107855,0.99780387,4.7058806e-05
ISIC_0033375,HAM_0001147,nv,2,1.6331995e-05,2.2279632e-05,0.0007686906,0.00018509336,0.0017802913,0.99715084,7.6557946e-05
ISIC_0033353,HAM_0001000,nv,2,8.1138955e-05,0.00031965968,0.0030934194,0.036374815,0.05962156,0.9004197,8.963739e-05
ISIC_0032789,HAM_0004430,nv,2,5.5095064e-05,0.0011563287,0.013573791,0.0016523256,0.004504665,0.97893095,0.00012685497
ISIC_0033620,HAM_0003807,bkl,2,0.00010888734,6.6302e-05,0.71035266,0.00024466356,0.00092199905,0.28813177,0.00017366195
ISIC_0028335,HAM_0001219,akiec,2,0.7796462,0.005022452,0.1318278,0.002795416,0.05530394,0.02486438,0.00053980335
ISIC_0024646,HAM_0006252,akiec,2,0.89137775,0.00022265017,0.101982325,0.00035858442,0.002389044,0.00331524,0.0003544068
ISIC_0027930,HAM_0004899,akiec,2,0.004434609,0.0035916937,0.0022334026,0.00075396354,0.92780644,0.060837947,0.00034183508
ISIC_0026040,HAM_0006252,akiec,2,0.8400101,0.0004565011,0.14511907,0.0008645965,0.0061109,0.007098293,0.00034057052
