image_id,lesion_id,diagnosis,fold,p_akiec,p_bcc,p_bkl,p_df,p_mel,p_nv,p_vasc
ISIC_0026769,HAM_0002730,bkl,2,0.7297038,0.057111215,0.120695956,0.0030412194,0.057884414,0.016625816,0.014937563
ISIC_0025661,HAM_0002730,bkl,2,0.06792961,0.6725264,0.15152158,0.010899267,0.034516,0.060693026,0.0019140751
ISIC_0025767,HAM_0001949,bkl,2,0.021459276,0.0036573817,0.9196214,0.0026445745,0.012075325,0.036892638,0.0036493528
ISIC_0032417,HAM_0001949,bkl,2,3.4438715e-05,5.6286076e-06,0.99888474,1.5220149e-06,2.2890366e-05,0.0010496246,1.1677643e-06
ISIC_0025915,HAM_0001601,bkl,2,0.008443985,0.062742084,0.52285373,0.00051442586,0.21887179,0.18515772,0.0014163073
ISIC_0031029,HAM_0001601,bkl,2,0.05099694,0.04676616,0.22018042,0.0014097461,0.4830078,0.19513658,0.002502394
ISIC_0032128,HAM_0004884,bkl,2,0.000120867466,0.0686381,0.91051286,0.00017750193,0.00041648682,0.019225989,0.0009081956
ISIC_0025937,HAM_0004884,bkl,2,0.00020949084,0.03835872,0.93802047,1.5142273e-05,0.0022314661,0.02115143,1.3361353e-05
ISIC_0027960,HAM_0003569,bkl,2,0.029460609,0.00019788112,0.0780729,0.0041255723,0.8800558,0.0073653916,0.00072183454
ISIC_0026955,HAM_0003569,bkl,2,0.70332134,0.026821159,0.10646662,0.02415437,0.11510302,0.0017000163,0.022433508
ISIC_0029022,HAM_0001473,bkl,2,0.0011288701,0.00048438995,0.8879493,4.085702e-05,0.10094488,0.009399189,5.2539755e-05
ISIC_0025388,HAM_0003007,bkl,2,0.00016464407,0.00010125093,0.9980837,1.0157206e-05,0.000111031775,0.0015213501,7.795728e-06
ISIC_0028080,HAM_0003007,bkl,2,0.20115,0.008569205,0.72680837,0.0050498513,0.03808255,0.018276125,0.0020638278
ISIC_0033041,HAM_0002040,bkl,2,0.006628216,0.0013665059,0.8941831,0.0013458226,0.05729311,0.03907869,0.00010457608
ISIC_0033900,HAM_0002040,bkl,2,0.13398221,0.013535296,0.39806062,0.017973337,0.29410833,0.13835539,0.0039848676
ISIC_0033361,HAM_0002040,bkl,2,0.0006210376,0.00018650862,0.13215347,0.0026605374,0.77088904,0.09341369,7.5670134e-05
ISIC_0033482,HAM_0006663,bkl,2,0.04519847,0.0012187025,0.5971543,0.00051065744,0.33330068,0.02223844,0.00037869014
ISIC_0033201,HAM_0006663,bkl,2,0.0043418193,0.0017363101,0.8954051,0.0002498126,0.087612,0.010520288,0.00013465754
ISIC_0033716,HAM_0006938,bkl,2,0.001277957,0.0034835774,0.066316545,0.00019263137,0.8587841,0.069757916,0.00018734093
ISIC_0034011,HAM_0006938,bkl,2,0.008255467,0.008858829,0.23176599,0.0010837675,0.6813476,0.06717091,0.0015174146
ISIC_0033613,HAM_0006938,bkl,2,0.015772996,0.005701696,0.91084707,0.00096905173,0.044728894,0.021071462,0.0009087781
ISIC_0032877,HAM_0003770,bkl,2,0.06513285,0.0004034242,0.60741526,0.00044841244,0.20583113,0.1206828,8.6099906e-05
ISIC_0034175,HAM_0003770,bkl,2,0.09229882,0.0012955973,0.628963,0.0004407863,0.13652422,0.14025927,0.00021833909
ISIC_0033523,HAM_0003770,bkl,2,0.010488014,0.0017695815,0.3861037,0.0008053883,0.43344456,0.16649999,0.0008887858
ISIC_0033973,HAM_0005386,bkl,2,0.0005678551,0.007103403,0.026598493,0.00010959554,0.07491613,0.89063084,7.36675e-05
ISIC_0033761,HAM_0005386,bkl,2,0.018248536,0.028062763,0.36764517,0.0006315222,0.026893295,0.5582348,0.00028389881
ISIC_0033505,HAM_0005386,bkl,2,0.00042922565,0.0013735273,0.23939556,0.00015285288,0.11652352,0.6419854,0.00013998279
ISIC_0033736,HAM_0007625,bkl,2,0.034366872,0.0047958423,0.10962448,0.025703624,0.8115913,0.0127852075,0.0011327141
ISIC_0033378,HAM_0007625,bkl,2,0.4074192,0.019195143,0.18794776,0.0031299072,0.33476922,0.046961404,0.0005774015
ISIC_0033778,HAM_0004975,bkl,2,0.00038672658,0.00037794965,0.89848614,0.00036783615,0.020030947,0.07964273,0.000707697
ISIC_0032863,HAM_0004975,bkl,2,0.0005452559,0.00048758893,0.53576046,0.00012023403,0.23307547,0.22968295,0.00032810544
ISIC_0034168,HAM_0004975,bkl,2,0.00063816353,0.00077049853,0.85257185,0.00044474498,0.024831505,0.11980397,0.00093917194
ISIC_0033410,HAM_0007384,bkl,2,0.123891346,0.53508884,0.27183247,0.0025720084,0.010257715,0.056160584,0.0001970669
ISIC_0032725,HAM_0007384,bkl,2,0.00025487595,0.019824283,0.9523493,0.00023851627,0.00029799782,0.027022751,1.22563615e-05
ISIC_0033587,HAM_0004091,bkl,2,0.0007640692,2.6081036e-05,0.10814197,0.00013488461,0.51817906,0.37265012,0.00010380786
ISIC_0032675,HAM_0004091,bkl,2,0.0020018606,0.00016178186,0.10879548,0.00068599475,0.061938997,0.8259386,0.0004773157
ISIC_0033642,HAM_0006018,bkl,2,8.5581545e-05,0.00083816354,0.32988194,0.00021423062,0.54661256,0.122324415,4.315854e-05
ISIC_0033486,HAM_0006018,bkl,2,0.00031446462,0.0004533886,0.24901116,0.00031418956,0.35677037,0.39299703,0.0001394384
ISIC_0034003,HAM_0007402,bkl,2,0.0008665337,6.0455674e-05,0.9691797,0.00036481142,0.00825599,0.021255786,1.6671975e-05
ISIC_0033079,HAM_0007402,bkl,2,0.00018052521,0.00014622346,0.96057165,0.0006391208,0.026418757,0.011966883,7.684785e-05
ISIC_0034125,HAM_0004406,bkl,2,0.000106846834,1.4028573e-05,0.1104429,0.0005476871,0.29876423,0.5901206,3.7492155e-06
ISIC_0033060,HAM_0004406,bkl,2,0.00020374851,0.00015464993,0.8833631,0.00017310228,0.014960303,0.10109528,4.9809445e-05
ISIC_0032215,HAM_0002050,bkl,2,0.0010713135,0.0006509111,0.9698711,4.9875285e-05,0.0112646585,0.017064448,2.7751039e-05
ISIC_0030705,HAM_0004141,bkl,2,0.00025936868,5.218634e-05,0.993723,8.480104e-05,0.00042374487,0.0053640525,9.27176e-05
ISIC_0030272,HAM_0006697,bkl,2,0.0023107913,0.00042556974,0.9243267,0.0002958347,0.0016547863,0.07074823,0.00023816984
ISIC_0032063,HAM_0006630,bkl,2,1.581404e-06,4.8569286e-06,0.99899083,5.8477567e-06,0.0005078548,0.00045944328,2.9491157e-05
ISIC_0026298,HAM_0002529,bkl,2,0.00026683052,1.0174634e-05,0.99390393,9.760524e-06,0.005575567,0.00022855024,5.2586483e-06
ISIC_0029010,HAM_0003293,bkl,2,0.002418534,0.0003902923,0.9854659,0.00062894,0.004890607,0.006037824,0.00016784309
ISIC_0024581,HAM_0001995,bkl,2,0.0012220321,0.00024585612,0.98921657,0.00049028924,0.006386771,0.0021512953,0.00028716234
ISIC_0028970,HAM_0001435,bkl,2,0.0019801054,0.0021696182,0.98758113,0.0005281285,0.0063674,0.0012935961,8.001703e-05
ISIC_0028354,HAM_0000122,bkl,2,0.014935804,0.017314252,0.37213382,0.0026611702,0.48384932,0.10171557,0.007390028
ISIC_0024626,HAM_0007621,bkl,2,0.0029302284,3.0001473e-05,0.98994166,4.322289e-05,0.004222484,0.0028155958,1.6886068e-05
ISIC_0031321,HAM_0007621,bkl,2,0.047806934,0.0024921813,0.556746,0.009331417,0.35246855,0.030536067,0.00061880663
ISIC_0032486,HAM_0002121,bkl,2,0.0015858336,0.0002795308,0.11888724,0.00028876608,0.76928216,0.10924106,0.00043534776
ISIC_0028233,HAM_0002392,bkl,2,8.962277e-05,0.0006308141,0.8322305,0.00017952295,0.00302691,0.16361323,0.00022936318
ISIC_0025485,HAM_0005260,bkl,2,0.00029731184,1.0969021e-05,0.9917406,0.000113437694,0.0047851903,0.0030413128,1.11868585e-05
ISIC_0028856,HAM_0004501,bkl,2,0.032176156,0.007881559,0.33580533,0.011134185,0.15455167,0.45790794,0.000543073
ISIC_0024412,HAM_0003835,bkl,2,0.0107270405,0.116675824,0.018657804,0.8240158,0.016160252,0.012706698,0.0010565568
ISIC_0024883,HAM_0006541,bkl,2,0.003348374,0.020878375,0.0064304164,0.0011065975,0.22041282,0.74706984,0.0007535867
ISIC_0028200,HAM_0005074,bkl,2,0.09952487,0.00018648544,0.76322395,0.00016471585,0.13130431,0.0055505126,4.5150955e-05
ISIC_0026923,HAM_0000198,bkl,2,0.65376216,0.0001777218,0.3444516,0.00027480978,0.0006753847,0.00059862423,5.969672e-05
ISIC_0029519,HAM_0005546,bkl,2,0.003067564,0.0002086329,0.9598593,7.7067e-05,0.03366047,0.003107857,1.89801e-05
ISIC_0026644,HAM_0004259,bkl,2,0.007647946,0.0134918215,0.90800834,0.0007407962,0.02659066,0.040958535,0.002561871
ISIC_0030812,HAM_0005558,bkl,2,0.628783,0.323479,0.015447193,0.0014296479,0.0073732394,0.020404067,0.0030838072
ISIC_0029802,HAM_0005558,bkl,2,0.0046838145,0.99139047,0.0018012803,1.1380289e-05,0.0016909213,0.00035980868,6.226166e-05
ISIC_0032230,HAM_0000744,bkl,2,0.08795155,0.00032356725,0.79423517,6.196249e-05,0.11105182,0.005738332,0.00063768064
ISIC_0029525,HAM_0000744,bkl,2,0.13503243,0.00025209412,0.061814025,7.090245e-05,0.78713644,0.01484234,0.00085174566
ISIC_0029474,HAM_0000744,bkl,2,0.0014203005,3.7875434e-05,0.6929241,2.1893875e-05,0.30434147,0.001203381,5.1071867e-05
ISIC_0026265,HAM_0001597,bkl,2,0.0008288185,0.00018539945,0.977874,2.456733e-05,0.011895681,0.009069504,0.00012204403
ISIC_0024426,HAM_0001597,bkl,2,0.0052976133,0.012331071,0.75229174,0.0004775258,0.016490951,0.21139868,0.0017124161
ISIC_0031016,HAM_0001603,bkl,2,0.016573284,7.13678e-05,0.9816669,0.0008694698,0.00015032248,0.000664344,4.222384e-06
ISIC_0026044,HAM_0006945,bkl,2,0.0013609745,0.00044820056,0.0068062125,0.0024622437,0.05965924,0.9281775,0.0010856632
ISIC_0026444,HAM_0001539,bkl,2,0.0014958878,0.0005828043,0.992392,0.0011694427,0.0018335254,0.0024533772,7.299373e-05
ISIC_0024422,HAM_0001605,bkl,2,0.025946511,0.0022404154,0.14338134,0.0022315353,0.75103414,0.07428673,0.00087935966
ISIC_0027806,HAM_0001273,bkl,2,0.0025956363,0.15612692,0.78275436,0.004683546,0.021516211,0.030961398,0.0013619852
ISIC_0024760,HAM_0003856,bkl,2,0.09285646,0.001453095,0.8441388,0.00020775726,0.022486098,0.038414188,0.0004435939
ISIC_0028881,HAM_0001605,bkl,2,0.034871254,0.00073599315,0.047476567,0.00016163416,0.8381617,0.07835195,0.00024096032
ISIC_0032116,HAM_0003275,bkl,2,0.0042917607,0.00010884603,0.74669087,0.00013131728,0.23581186,0.012525539,0.00043976784
ISIC_0026895,HAM_0003605,bkl,2,0.03364897,0.002389081,0.50858855,0.0003444728,0.40173593,0.052866515,0.00042648907
ISIC_0025064,HAM_0006541,bkl,2,0.042407535,0.06818918,0.0057830247,0.0037131594,0.37425938,0.50425816,0.0013895396
ISIC_0026514,HAM_0007598,bkl,2,0.0007343689,0.017620532,0.7528951,0.010775306,0.077622615,0.14005694,0.00029519325
ISIC_0026378,HAM_0004426,bkl,2,0.000106671156,4.8882316e-06,0.9954364,5.301249e-06,0.0041411873,0.00030398244,1.5527918e-06
ISIC_0027192,HAM_0001024,bkl,2,0.005981062,0.0006317656,0.8935437,0.00013037995,0.054360434,0.04424708,0.0011055985
ISIC_0028223,HAM_0006595,bkl,2,0.0005091279,0.053763963,0.94498914,7.0403958e-06,0.0001536249,0.00056788576,9.2819855e-06
ISIC_0026614,HAM_0001232,bkl,2,0.0015151699,0.00030608382,0.98695314,0.0001945841,0.009827225,0.0010730001,0.00013083585
ISIC_0028550,HAM_0000259,bkl,2,0.44493198,0.037141006,0.08045927,0.00078901806,0.41735455,0.018390888,0.0009333123
ISIC_0024477,HAM_0000259,bkl,2,0.016654242,0.6685666,0.16527821,0.0072437376,0.10039534,0.039650925,0.0022109752
ISIC_0026493,HAM_0000259,bkl,2,0.0020210254,0.00024260563,0.9591941,0.00071978016,0.031856876,0.0059411237,2.4596953e-05
ISIC_0029678,HAM_0000383,bkl,2,0.00016195718,0.0003934526,0.010217884,0.0009059547,0.77083045,0.2173401,0.00015021708
ISIC_0031937,HAM_0000833,bkl,2,0.00056494976,4.9825976e-06,0.99907184,8.601676e-07,0.00025340027,0.000102111015,1.9645242e-06
ISIC_0025719,HAM_0000833,bkl,2,0.0107600335,0.00019983258,0.9796053,1.0007039e-05,0.008725699,0.0006637177,3.553709e-05
ISIC_0030683,HAM_0001024,bkl,2,0.009460827,0.0042062276,0.9263852,0.00010408001,0.013391173,0.04616621,0.00028624505
ISIC_0028237,HAM_0006327,bkl,2,0.002090322,0.00022343437,0.99054,9.678783e-05,0.0014641499,0.0055231815,6.2076026e-05
ISIC_0029585,HAM_0006327,bkl,2,0.04880315,0.0028027035,0.92157197,0.00072997966,0.005410088,0.020372093,0.00031002454
ISIC_0027990,HAM_0001073,bkl,2,0.0017407115,5.2731855e-05,0.9859607,0.00022822226,0.009722887,0.0022148737,7.9813544e-05
ISIC_0029841,HAM_0003605,bkl,2,0.011226598,0.0048571215,0.42454192,0.0003104124,0.54376876,0.01490252,0.00039266123
ISIC_0030965,HAM_0006475,bkl,2,0.009115665,0.00014247214,0.63398725,0.0005792681,0.34506825,0.010943552,0.00016363293
ISIC_0030458,HAM_0004494,bkl,2,0.10061467,0.0008864037,0.18788497,0.00027400127,0.5294395,0.17991365,0.0009867908
ISIC_0026335,HAM_0003856,bkl,2,0.38262329,0.008206418,0.5836454,0.00026440172,0.0062286532,0.018332727,0.0006991108
ISIC_0026070,HAM_0002268,bkl,2,0.11919306,0.10564785,0.156742,0.024620833,0.29192352,0.29783818,0.0040344954
ISIC_0032024,HAM_0002303,bkl,2,0.7164841,0.0010197739,0.1747587,0.046198785,0.054991513,0.0064467243,0.00010025014
ISIC_0032235,HAM_0002268,bkl,2,0.0041789524,0.0003052712,0.3319939,0.0006020197,0.6370532,0.025807668,5.896741e-05
ISIC_0031459,HAM_0004494,bkl,2,0.007510862,0.0007818198,0.63131493,0.0008407158,0.08050627,0.2779025,0.0011428873
ISIC_0024612,HAM_0000383,bkl,2,0.00038175812,0.000613499,0.019570393,0.00091728347,0.7212744,0.25702655,0.00021609267
ISIC_0031707,HAM_0000383,bkl,2,0.0013208783,0.00039224586,0.034161147,0.0008942084,0.7956315,0.16640548,0.0011945739
ISIC_0027681,HAM_0006531,bkl,2,0.026160698,0.00196387,0.6584816,0.00078441715,0.3091795,0.0026492013,0.00078071514
ISIC_0025040,HAM_0006541,bkl,2,0.00058635126,0.00030941417,0.0014717707,0.00049285963,0.079278976,0.917605,0.00025555448
ISIC_0029302,HAM_0006737,bkl,2,0.0003420627,1.8705463e-05,0.9760602,0.00042442943,0.0043287426,0.018783633,4.2065065e-05
ISIC_0027953,HAM_0006907,bkl,2,0.004195293,0.0004272108,0.98520744,0.0016038581,0.0008388067,0.0076056654,0.000121697245
ISIC_0028995,HAM_0006945,bkl,2,0.0037251431,0.00075341796,0.024490353,0.003160421,0.07962421,0.8861718,0.0020746253
ISIC_0026142,HAM_0006945,bkl,2,0.0010941133,0.00019150185,0.033603534,0.0009814291,0.1371282,0.82634664,0.0006545879
ISIC_0030372,HAM_0000881,bkl,2,0.013492083,0.81238925,0.11259672,0.004721246,0.019030126,0.028209647,0.009560907
ISIC_0028404,HAM_0000881,bkl,2,0.00087560894,0.9881788,0.0050338553,7.152327e-05,0.00029278992,0.005340065,0.0002073253
ISIC_0029849,HAM_0003605,bkl,2,0.013994616,0.0004652183,0.8944714,0.0004500156,0.073200054,0.01716169,0.0002569346
ISIC_0024312,HAM_0001359,bkl,2,0.5352411,0.0015528592,0.1414016,0.00070737244,0.30416974,0.016880702,4.6598307e-05
ISIC_0030976,HAM_0001722,bkl,2,0.002778457,0.5943215,0.020029753,0.015334478,0.33151597,0.00869505,0.027324803
ISIC_0024881,HAM_0004696,bkl,2,0.074491,0.8255161,0.021529801,0.0012278126,0.014722599,0.0019091006,0.060603496
ISIC_0028628,HAM_0001359,bkl,2,0.3414934,0.0024614478,0.42542827,0.0026938852,0.20764993,0.020123703,0.00014933672
ISIC_0026539,HAM_0004696,bkl,2,0.3161991,0.51262546,0.12667623,0.02847729,0.012641727,0.0016486137,0.001731551
ISIC_0029764,HAM_0004696,bkl,2,0.006872368,0.82891005,0.01500487,0.00012632666,0.0067602643,0.0022725025,0.14005363
ISIC_0029329,HAM_0002844,bkl,2,0.00036966935,0.19617906,0.7910591,6.9508445e-05,0.0041312343,0.0081164,7.505763e-05
ISIC_0028121,HAM_0004389,bkl,2,0.0012200393,0.00020505142,0.99239737,4.223464e-05,0.0058980705,0.00021412018,2.3128554e-05
ISIC_0031831,HAM_0004448,bkl,2,0.0034989219,0.09821196,0.8552089,0.0006522421,0.035568483,0.0061115315,0.00074794906
ISIC_0031000,HAM_0002193,bkl,2,0.53101176,0.44638062,0.019983632,2.176721e-05,0.0023004473,0.00028017542,2.1613867e-05
ISIC_0029029,HAM_0001763,bkl,2,0.009967707,0.020933773,0.9210112,0.009910475,0.018959649,0.018494934,0.00072225626
ISIC_0027392,HAM_0002193,bkl,2,0.015857177,0.19091664,0.7878533,0.00013759272,0.003318465,0.0018014561,0.00011546736
ISIC_0031037,HAM_0002303,bkl,2,0.2850635,0.00022352551,0.44458407,0.0071760514,0.24350095,0.019383145,6.884769e-05
ISIC_0026277,HAM_0000696,bkl,2,0.0005598733,0.00016540292,0.987603,2.7865797e-06,0.011190859,0.00046293027,1.5089112e-05
ISIC_0026016,HAM_0003789,bkl,2,0.00010904369,0.0003161944,0.9960788,0.00010213973,0.0011081148,0.0022596342,2.6115835e-05
ISIC_0029505,HAM_0003789,bkl,2,0.00057569024,0.0015337896,0.9848769,0.0012644543,0.0058868825,0.0055572856,0.0003050065
ISIC_0027735,HAM_0005896,bkl,2,0.00062440836,0.0001518531,0.6151029,0.0001916936,0.26972073,0.11333673,0.00087170856
ISIC_0024814,HAM_0005896,bkl,2,0.00069621095,9.495836e-05,0.9401754,3.6205078e-05,0.04988019,0.008993278,0.00012373443
ISIC_0031277,HAM_0003789,bkl,2,0.000115476025,0.00014143549,0.8610028,9.3276816e-05,0.106604815,0.03201809,2.412876e-05
ISIC_0031853,HAM_0003789,bkl,2,4.507663e-05,0.00025158707,0.99709284,0.00014052467,0.0007227098,0.0017424809,4.929905e-06
ISIC_0024435,HAM_0003317,bkl,2,1.7644637e-05,1.0456513e-05,0.9953057,1.3188141e-05,0.0035286937,0.0011196249,4.66491e-06
ISIC_0026590,HAM_0003317,bkl,2,0.0003418332,7.411319e-05,0.9196115,0.00031418164,0.055024117,0.024485225,0.00014894587
ISIC_0030998,HAM_0001053,bkl,2,6.338236e-05,0.00033680355,0.98146904,4.37052e-05,0.00085810036,0.017211819,1.7180273e-05
ISIC_0029464,HAM_0003789,bkl,2,0.0003067625,0.00095560466,0.9786773,0.00012507806,0.008917129,0.01092009,9.815533e-05
ISIC_0024915,HAM_0003789,bkl,2,0.0028582287,0.025609078,0.9122307,0.0010748472,0.02268904,0.03519961,0.0003385781
ISIC_0029555,HAM_0007090,bkl,2,0.00036902618,0.0004973653,0.97417724,0.00025106574,0.0051815705,0.019345107,0.00017866312
ISIC_0024602,HAM_0002984,bkl,2,0.0041960087,0.015424901,0.71105266,0.029097721,0.14751849,0.091887206,0.00082308234
ISIC_0028449,HAM_0004556,bkl,2,0.00036828226,0.0001404301,0.9959448,8.091033e-06,0.0028444254,0.00065793033,3.592561e-05
ISIC_0028123,HAM_0004556,bkl,2,0.013483943,0.0009849421,0.97373,0.00020170996,0.009056335,0.0025156715,2.7364862e-05
ISIC_0025851,HAM_0005845,bkl,2,1.3450212e-05,4.236311e-06,0.9986085,1.6595797e-05,0.00040567524,0.00094812847,3.3508304e-06
ISIC_0034315,HAM_0000754,bkl,2,0.0003634086,3.9542774e-05,0.4404875,0.0068016024,0.43956095,0.11257008,0.00017697808
ISIC_0032967,HAM_0000754,bkl,2,0.0007508925,4.0037146e-05,0.94112134,0.00094619015,0.020738438,0.036207587,0.00019553336
ISIC_0032827,HAM_0006003,bkl,2,0.011524003,0.000611706,0.9212826,0.0014597083,0.046847925,0.018006263,0.0002678781
ISIC_0033022,HAM_0006003,bkl,2,0.007981563,0.00030641822,0.95011616,0.0005517064,0.032816023,0.008052189,0.00017605584
ISIC_0034165,HAM_0004113,bkl,2,0.00018571794,3.688094e-05,0.28898644,0.0002411181,0.66399187,0.046485417,7.265145e-05
ISIC_0033185,HAM_0004113,bkl,2,0.0001654232,3.4179353e-05,0.85727185,9.1636684e-05,0.11907353,0.023302259,6.108617e-05
ISIC_0034283,HAM_0007281,bkl,2,0.00023144003,0.0005411691,0.88000953,0.000101407146,0.0053930664,0.11369732,2.6170688e-05
ISIC_0032113,HAM_0003393,bkl,2,0.007982266,0.005919953,0.9372521,0.003826186,0.0007460971,0.043564018,0.0007093369
ISIC_0027142,HAM_0004322,bkl,2,2.0315147e-05,0.00057570235,0.79592645,0.00015914148,0.0001510665,0.20306522,0.00010223132
ISIC_0027370,HAM_0004308,bkl,2,1.6841614e-05,3.6434078e-06,0.9974717,2.2071228e-05,4.0901963e-05,0.002430861,1.39868425e-05
ISIC_0024383,HAM_0003668,bkl,2,0.0002933995,0.0009956589,0.99503005,0.00022207107,0.00019203132,0.0031445762,0.00012233244
ISIC_0029801,HAM_0000716,bkl,2,1.629796e-05,3.7112615e-05,0.9993476,3.0494339e-05,5.4589276e-05,0.00049974216,1.4208544e-05
ISIC_0032124,HAM_0002536,bkl,2,0.00065616216,0.00021674421,0.99600714,0.00038770906,0.00062813424,0.0018944328,0.0002096886
ISIC_0026441,HAM_0005993,bkl,2,0.00014283655,8.376496e-06,0.99434906,0.00047140807,0.00012668902,0.0048734513,2.8250599e-05
ISIC_0026783,HAM_0000089,bkl,2,0.00066957023,2.4561377e-05,0.89817375,0.000102560174,0.019057885,0.081938334,3.329908e-05
ISIC_0028958,HAM_0002912,bkl,2,1.7131251e-05,0.00016684123,0.99262047,6.075943e-05,7.967627e-05,0.007044038,1.10732e-05
ISIC_0029227,HAM_0007219,bkl,2,0.0006350063,0.0016419463,0.2224344,0.03363821,0.0010612998,0.73597115,0.0046179728
ISIC_0031362,HAM_0000105,bkl,2,4.3146224e-06,4.2332085e-06,0.9990464,1.5815018e-05,4.5206656e-05,0.0008776709,6.3133716e-06
ISIC_0028880,HAM_0004103,df,2,0.0020162798,0.006586157,0.07022639,0.64490503,0.106171556,0.09155604,0.07853851
ISIC_0031309,HAM_0004103,df,2,0.02418356,0.014135869,0.1653541,0.44397992,0.10641535,0.22704521,0.018885996
ISIC_0029760,HAM_0004330,df,2,0.010075854,0.13739273,0.36913452,0.21020806,0.21037586,0.020825686,0.04198729
ISIC_0030555,HAM_0004330,df,2,0.0049704625,0.04108876,0.31451657,0.26053408,0.24395451,0.04640759,0.08852803
ISIC_0031443,HAM_0000827,df,2,0.08531583,0.14457402,0.012257063,0.73714197,0.005571455,0.008953495,0.006186151
ISIC_0025223,HAM_0000827,df,2,6.667787e-06,0.00017161734,1.5493072e-06,0.99979967,1.6436523e-05,2.589583e-06,1.425319e-06
ISIC_0034135,HAM_0006371,df,2,9.723172e-06,8.593752e-07,1.5079016e-05,0.99973565,0.00019520668,4.2827516e-05,6.2888523e-07
ISIC_0033626,HAM_0006371,df,2,2.305016e-06,1.7436042e-07,3.643198e-06,0.99995434,3.0614465e-05,8.750429e-06,1.8387665e-07
ISIC_0033780,HAM_0006371,df,2,2.0440627e-06,5.6104994e-07,5.856017e-06,0.9999404,3.5023528e-05,1.5582113e-05,6.3762053e-07
ISIC_0033891,HAM_0007396,df,2,1.9065952e-05,0.0001362831,0.00011419973,0.9957449,0.0024049894,0.0015299584,5.0620994e-05
ISIC_0033554,HAM_0007396,df,2,5.1323486e-06,2.8448078e-06,4.3185522e-05,0.99866545,0.0006126257,0.00066897477,1.7558491e-06
ISIC_0033810,HAM_0007396,df,2,2.382257e-05,4.172666e-05,0.00030718948,0.9979359,0.0003158337,0.0013692494,6.291546e-06
ISIC_0030830,HAM_0006794,df,2,2.1735345e-06,2.053362e-08,6.368312e-06,0.998681,0.0003657689,0.00094421423,4.8821323e-07
ISIC_0031257,HAM_0003023,df,2,0.0001040055,1.1802515e-05,0.00027137756,0.67810184,0.30313754,0.018240672,0.00013283502
ISIC_0026629,HAM_0004065,df,2,0.00034687144,4.7234676e-05,0.1950261,0.7968759,0.000335781,0.007350478,1.759532e-05
ISIC_0025771,HAM_0001841,df,2,1.0575437e-07,7.069002e-08,8.151201e-07,0.99999666,7.642061e-07,1.453587e-06,5.5782877e-08
ISIC_0028069,HAM_0001811,mel,2,0.001321164,0.00036764733,0.007858656,0.022555726,0.051657975,0.9160517,0.00018703213
ISIC_0028579,HAM_0001811,mel,2,0.00080151414,0.00014403944,0.024888594,0.00076143,0.12379521,0.8492568,0.00035237893
ISIC_0031118,HAM_0006900,mel,2,0.0025152634,0.0025472143,0.15288024,0.0070230006,0.31908602,0.5142596,0.0016887323
ISIC_0030080,HAM_0006900,mel,2,0.0037590156,0.005396112,0.032283776,0.0024783546,0.7449362,0.21001475,0.0011316816
ISIC_0026115,HAM_0004910,mel,2,0.0026037404,0.0008152825,0.004870413,0.00032378105,0.8480678,0.14220981,0.0011090607
ISIC_0026281,HAM_0004910,mel,2,0.0067724017,0.0025144161,0.03630443,7.318446e-05,0.8242968,0.12983564,0.0002031235
ISIC_0025081,HAM_0001203,mel,2,0.00012446828,0.0005121541,0.0015660215,0.057561845,0.7910638,0.14423594,0.004935763
ISIC_0030134,HAM_0001203,mel,2,3.4507295e-05,0.0004931752,0.00033920136,0.01735258,0.84251004,0.13878736,0.00048309375
ISIC_0032244,HAM_0000152,mel,2,0.00010501001,8.5140724e-05,0.017231833,0.0001267315,0.9732005,0.009121105,0.00012957351
ISIC_0027102,HAM_0003782,mel,2,1.4015107e-07,7.382024e-07,1.5680849e-06,4.580798e-05,0.999782,0.00016907328,7.436432e-07
ISIC_0024624,HAM_0000210,mel,2,0.003601735,0.0005667435,0.8606823,0.0010541474,0.11838136,0.015557559,0.00015612775
ISIC_0027651,HAM_0005742,mel,2,0.0023754458,0.012778935,0.15031119,0.0036626873,0.5431827,0.24410619,0.04358284
ISIC_0030014,HAM_0005742,mel,2,0.00424679,0.27145022,0.49116465,0.0018831433,0.12796922,0.09773132,0.0055546644
ISIC_0032220,HAM_0003521,mel,2,0.0005042273,0.6228328,0.021418596,9.597683e-05,0.0075826244,0.0074918154,0.34007403
ISIC_0031189,HAM_0006214,mel,2,0.0011736067,0.00031285896,0.012141155,0.00018787415,0.9737641,0.0123449005,7.5471595e-05
ISIC_0032190,HAM_0006214,mel,2,0.017990151,0.011681983,0.20308243,0.0017295916,0.7448049,0.02063702,7.394338e-05
ISIC_0028219,HAM_0000233,mel,2,0.0008721101,0.00685094,0.029773002,0.006178289,0.12754163,0.8260762,0.0027078388
ISIC_0026314,HAM_0000233,mel,2,0.001314588,0.02428759,0.022293875,0.0021754699,0.16755077,0.77384603,0.008531722
ISIC_0030760,HAM_0005624,mel,2,0.00017302237,0.0007201416,0.04078492,0.0002500111,0.58163214,0.3763111,0.00012869659
ISIC_0028565,HAM_0005624,mel,2,0.011362881,0.17893435,0.3480173,0.056608953,0.27376124,0.12959613,0.0017190342
ISIC_0028415,HAM_0000796,mel,2,7.128376e-06,3.4447373e-06,5.3994325e-05,0.9967589,0.002598464,0.00057683623,1.2188307e-06
ISIC_0028041,HAM_0000796,mel,2,0.0022085966,0.0006182132,0.002027511,0.9856952,0.007829669,0.0015716364,4.9276925e-05
ISIC_0028325,HAM_0001729,mel,2,0.0036307888,0.00075935933,0.09281209,0.0007479271,0.88516074,0.016859015,3.0115727e-05
ISIC_0024537,HAM_0001729,mel,2,0.00060833694,1.6849632e-05,0.0028943466,3.0063053e-05,0.9866664,0.009764924,1.9153336e-05
ISIC_0032408,HAM_0002115,mel,2,1.1092011e-05,0.009933872,0.0010553004,7.6163133e-06,0.98689646,0.0020697434,2.6039606e-05
ISIC_0030440,HAM_0002509,mel,2,0.00018712708,1.3237919e-05,0.007759875,4.5093024e-05,0.8998704,0.09195736,0.0001670006
ISIC_0024732,HAM_0002509,mel,2,2.275073e-05,1.2940333e-05,0.015623495,2.7015847e-05,0.8228818,0.16127653,0.00015542941
ISIC_0028969,HAM_0005328,mel,2,0.02265039,0.00040504397,0.9022846,3.286134e-05,0.031588074,0.04293378,0.000105243176
ISIC_0032441,HAM_0005328,mel,2,0.005686819,0.0019533215,0.3509137,0.003722661,0.48830363,0.14910464,0.00031522542
ISIC_0030324,HAM_0005095,mel,2,0.24713911,0.004156006,0.5170268,0.008300003,0.20566233,0.017349988,0.00036576204
ISIC_0027260,HAM_0002391,mel,2,0.0038929065,0.00025248647,0.009210718,0.0006676741,0.91734004,0.06815256,0.00048354457
ISIC_0027604,HAM_0002391,mel,2,0.00034740573,3.0686777e-05,0.0027768696,0.00012140005,0.9698519,0.026778866,9.285721e-05
ISIC_0029434,HAM_0002391,mel,2,9.0877045e-05,2.1880269e-06,0.00066341576,1.0334251e-05,0.97414124,0.025088284,3.6503668e-06
ISIC_0025324,HAM_0004121,mel,2,1.795375e-05,6.5467198e-06,0.012390026,2.777397e-05,0.08910751,0.89835393,9.6256386e-05
ISIC_0026996,HAM_0004121,mel,2,0.00018859544,0.00014976379,0.011467242,0.0014981877,0.29817152,0.68798995,0.0005347152
ISIC_0024756,HAM_0007272,mel,2,0.008235692,0.003349735,0.0027348502,0.01695892,0.915207,0.053251967,0.00026188343
ISIC_0025035,HAM_0007073,mel,2,0.004743405,0.000235881,0.0035721231,0.00028003473,0.93813574,0.052841872,0.00019084016
ISIC_0032888,HAM_0002939,mel,2,0.0001412298,4.083914e-05,0.05512577,0.00040760677,0.7877223,0.15639973,0.00016257899
ISIC_0033968,HAM_0002939,mel,2,0.00015626907,0.00010452999,0.037170045,0.0003378442,0.61018574,0.3515399,0.0005056613
ISIC_0033975,HAM_0003983,mel,2,0.0005107139,0.0022723898,0.000696023,0.9785342,0.0092832185,0.008549415,0.00015407281
ISIC_0033278,HAM_0003983,mel,2,0.00039730343,6.555761e-05,0.00041747585,0.996097,0.0014045524,0.0016038945,1.4261892e-05
ISIC_0033679,HAM_0003983,mel,2,0.0010148823,0.0013249841,0.0017836796,0.9753051,0.018970279,0.001406877,0.00019420317
ISIC_0033636,HAM_0005500,mel,2,0.01875467,6.015814e-05,0.06599995,0.00022997125,0.9115292,0.0033977504,2.8275203e-05
ISIC_0033362,HAM_0007234,mel,2,0.00013945151,0.00020889858,0.016914865,0.00014378695,0.7547573,0.22755046,0.00028519926
ISIC_0033947,HAM_0005545,mel,2,0.0017007244,0.00010341175,0.93480986,0.00021459542,0.03242841,0.030641451,0.00010151213
ISIC_0033881,HAM_0005545,mel,2,0.00061478425,9.011515e-05,0.97032857,0.0003163531,0.015355426,0.013211509,8.328537e-05
ISIC_0029363,HAM_0005400,mel,2,0.36906838,0.049564425,0.032102957,0.00066267233,0.51359034,0.03424522,0.00076598517
ISIC_0032602,HAM_0004811,mel,2,1.3348864e-07,2.747915e-07,1.7543463e-06,1.57773e-05,0.9983866,0.0015945949,8.458566e-07
ISIC_0032724,HAM_0004811,mel,2,6.4257273e-07,6.9378234e-07,5.902805e-06,6.313528e-05,0.9912116,0.0087133795,4.719565e-06
ISIC_0033129,HAM_0004811,mel,2,3.6164303e-05,0.00011349532,7.635348e-05,0.0012511209,0.9822634,0.016155403,0.00010405029
ISIC_0034262,HAM_0000097,mel,2,0.011807308,0.0008605832,0.52438277,0.00082482625,0.33656284,0.12549557,6.607895e-05
ISIC_0033103,HAM_0000097,mel,2,0.001824085,7.276081e-05,0.09499656,0.0005350636,0.87350124,0.02905093,1.9368448e-05
ISIC_0034106,HAM_0000097,mel,2,0.00025153792,1.8603087e-05,0.026543168,0.0036633434,0.934227,0.035286024,1.0274256e-05
ISIC_0033240,HAM_0005303,mel,2,0.029108256,0.002739655,0.1783876,0.0015571358,0.77461946,0.012989083,0.0005988287
ISIC_0032782,HAM_0005303,mel,2,0.001783266,0.000451079,0.018904326,0.0005940981,0.7764223,0.20130254,0.0005422716
ISIC_0032522,HAM_0005303,mel,2,0.001718363,1.5667172e-05,0.01129451,2.3390192e-05,0.98062354,0.006313699,1.0869807e-05
ISIC_0032718,HAM_0003202,mel,2,0.00065886794,0.6379113,0.009223308,7.4307114e-05,0.34241062,0.009669636,5.1947256e-05
ISIC_0032736,HAM_0003202,mel,2,0.0005766484,0.010940788,0.008235249,0.00024034684,0.97580886,0.0041676653,3.053424e-05
ISIC_0033911,HAM_0005711,mel,2,2.5746689e-05,1.9165293e-05,0.0013524089,0.002519008,0.7889488,0.20684113,0.0002937661
ISIC_0033779,HAM_0005711,mel,2,7.1589648e-06,4.389931e-06,0.0001931672,0.00035715426,0.83656454,0.16285156,2.200333e-05
ISIC_0032638,HAM_0005711,mel,2,3.3095116e-06,9.5275e-06,0.00013160073,0.0014318419,0.94413155,0.054255992,3.6207668e-05
ISIC_0033848,HAM_0000002,mel,2,8.743677e-07,8.07455e-07,2.8898363e-05,1.7971248e-05,0.99734026,0.0026035616,7.749634e-06
ISIC_0032622,HAM_0000002,mel,2,1.4220674e-06,1.1526746e-06,7.671142e-05,2.9530302e-05,0.9980527,0.0018292894,9.162292e-06
ISIC_0034246,HAM_0000002,mel,2,3.7265744e-07,1.8170137e-07,5.9718663e-05,2.2056022e-06,0.9978236,0.0021128778,1.0865547e-06
ISIC_0033624,HAM_0007574,mel,2,0.059890386,0.0046237637,0.52905077,0.00072711776,0.36863396,0.03666324,0.0004108276
ISIC_0033238,HAM_0007574,mel,2,0.001107088,0.0013168636,0.39997658,0.00015667819,0.4898515,0.10750796,8.3291736e-05
ISIC_0034089,HAM_0007574,mel,2,0.0019087773,0.0013488404,0.036592107,0.00025125843,0.91257286,0.04711824,0.00020782335
ISIC_0032797,HAM_0001863,mel,2,0.00020252445,2.1676757e-05,0.000667172,4.69533e-05,0.99411714,0.0049257656,1.873328e-05
ISIC_0032596,HAM_0001863,mel,2,0.007879707,4.306326e-05,0.0004885189,0.0004452304,0.9876956,0.0034424714,5.5780874e-06
ISIC_0032856,HAM_0001863,mel,2,0.011621062,0.00016692838,0.0020362353,0.000279908,0.9774136,0.008436251,4.6062603e-05
ISIC_0033193,HAM_0001863,mel,2,0.0023418183,3.0635907e-05,0.0035627882,8.863408e-05,0.9911355,0.0028225384,1.8126628e-05
ISIC_0033125,HAM_0001863,mel,2,0.0046304837,5.006868e-05,0.01193413,0.00082554185,0.9629846,0.01956936,5.833484e-06
ISIC_0032810,HAM_0001863,mel,2,0.029134482,5.2985284e-05,0.0025012633,0.00085530506,0.9558057,0.011628278,2.1922793e-05
ISIC_0033141,HAM_0005274,mel,2,0.00015953665,1.6967086e-05,0.0009192839,0.00018026568,0.8879197,0.11079701,7.352885e-06
ISIC_0033261,HAM_0005274,mel,2,0.0006080407,4.147377e-05,0.0031795984,0.0008262775,0.9123835,0.082894914,6.628887e-05
ISIC_0032766,HAM_0005274,mel,2,0.038406968,0.00018968074,0.012490227,0.007426284,0.809679,0.1317852,2.2658176e-05
ISIC_0033166,HAM_0005249,mel,2,0.00088120543,0.00036607194,0.00952669,0.002035989,0.5370131,0.44955367,0.0006232631
ISIC_0033320,HAM_0005249,mel,2,0.0002264942,0.00011928293,0.0044227154,0.00058933947,0.7632565,0.23106869,0.00031701272
ISIC_0032526,HAM_0005249,mel,2,6.359711e-05,0.00010628888,0.013768377,0.00060644664,0.35619485,0.62915736,0.000103072576
ISIC_0033387,HAM_0001105,mel,2,0.0021962991,0.0057313913,0.02194395,0.0011889482,0.7830702,0.18450925,0.001359911
ISIC_0025592,HAM_0001105,mel,2,0.00364438,0.0014361832,0.005929759,0.0033180022,0.60887706,0.37476858,0.0020260424
ISIC_0032552,HAM_0001105,mel,2,0.0019507477,0.0011620132,0.6326725,0.00046687882,0.09571822,0.26729634,0.0007332815
ISIC_0032730,HAM_0004284,mel,2,6.0226225e-06,1.1120377e-05,0.0001795094,5.0872684e-05,0.9722839,0.027389752,7.888977e-05
ISIC_0032709,HAM_0004284,mel,2,6.0946186e-06,4.9750706e-06,0.00017988414,4.1501393e-05,0.9482303,0.051509153,2.7958433e-05
ISIC_0033206,HAM_0004284,mel,2,1.0199547e-05,3.2255673e-06,0.0018033448,2.835884e-05,0.9795289,0.018616213,9.873841e-06
ISIC_0033518,HAM_0002952,mel,2,2.9922026e-07,1.0968324e-08,2.3850962e-05,1.1561592e-06,0.9997218,0.0002528352,6.8097115e-09
ISIC_0033843,HAM_0002952,mel,2,2.9228655e-05,7.023796e-07,0.0009318003,1.0264647e-05,0.99626285,0.0027638348,1.3059843e-06
ISIC_0033878,HAM_0003351,mel,2,0.00028503846,0.00013551553,0.15915503,3.5567933e-05,0.8372177,0.0031169585,5.419802e-05
ISIC_0033607,HAM_0005627,mel,2,0.0017947684,7.574085e-05,0.007924318,0.00039057416,0.8803102,0.10937689,0.00012747762
ISIC_0033568,HAM_0005627,mel,2,0.003833841,0.00022225705,0.002983877,0.00033321074,0.9356467,0.056873,0.0001070725
ISIC_0027234,HAM_0005681,mel,2,0.00047027454,0.0002407832,0.51758087,0.0006558613,0.45443854,0.02619858,0.0004150398
ISIC_0033807,HAM_0001974,mel,2,0.007905092,0.002677234,0.008770103,0.003654593,0.9697949,0.006971002,0.0002269868
ISIC_0033533,HAM_0001974,mel,2,0.00019430858,0.00017319864,0.004769845,0.00053060026,0.99217093,0.0021037546,5.7317397e-05
ISIC_0034173,HAM_0005021,mel,2,0.0005102548,0.00021808046,0.004984462,0.00023287296,0.342784,0.6510367,0.00023364108
ISIC_0033454,HAM_0005021,mel,2,0.00023272504,6.730787e-05,0.009568256,0.0010997945,0.40340766,0.5853746,0.00024960216
ISIC_0031741,HAM_0006400,mel,2,0.0003338489,6.21512e-05,0.0021129472,0.0007049618,0.4133872,0.5831298,0.00026913552
ISIC_0033752,HAM_0000079,mel,2,0.4716129,0.00027001766,0.47062278,0.0002295796,0.039476346,0.017680269,0.00010816999
ISIC_0033424,HAM_0000079,mel,2,0.16189513,0.0001780966,0.7744266,0.00059935683,0.045875095,0.016927028,9.8744975e-05
ISIC_0031186,HAM_0000988,mel,2,0.5976144,0.0007104884,0.061220955,0.000118347954,0.33843172,0.0017104058,0.00019373692
ISIC_0024806,HAM_0000373,mel,2,0.000935724,0.0003154491,0.0027833406,0.001593701,0.66394585,0.33021984,0.00020607476
ISIC_0025520,HAM_0005600,mel,2,6.658761e-05,0.0001175631,0.00085283245,0.00023226315,0.91126263,0.087167494,0.0003006362
ISIC_0024449,HAM_0001950,mel,2,0.00013103211,7.438452e-05,0.0012106084,5.3592546e-05,0.9835384,0.014694719,0.0002971998
ISIC_0027622,HAM_0006467,mel,2,9.737472e-05,0.00011423063,0.00033490764,0.00016781609,0.9610895,0.038097445,9.871347e-05
ISIC_0026352,HAM_0001444,mel,2,7.424031e-05,9.970287e-06,0.00021837991,4.1347845e-05,0.90134066,0.09829019,2.5202018e-05
ISIC_0024688,HAM_0001444,mel,2,3.5937905e-05,2.61646e-06,9.67221e-05,1.3722049e-05,0.9660836,0.03375964,7.827012e-06
ISIC_0026438,HAM_0004850,mel,2,0.0021876756,0.00172588,0.007287729,0.0031556815,0.46282628,0.5156368,0.0071800007
ISIC_0028126,HAM_0004850,mel,2,0.0015146018,0.0011465806,0.0037847243,0.0037419405,0.20765287,0.77655655,0.0056026047
ISIC_0027669,HAM_0002711,mel,2,9.1229886e-05,2.3843764e-05,0.03395053,0.0012772644,0.9473516,0.01710506,0.00020046117
ISIC_0031795,HAM_0002711,mel,2,0.0005196895,3.105338e-05,0.025145626,0.0028533356,0.9339531,0.03702871,0.00046841404
ISIC_0025313,HAM_0001378,mel,2,0.0022192595,0.0010994779,0.0030334534,0.0033107577,0.26393548,0.72308356,0.0033179894
ISIC_0024701,HAM_0000917,mel,2,0.002377686,0.00021525988,0.032320574,0.0014382773,0.5317829,0.43032184,0.0015433988
ISIC_0030390,HAM_0000917,mel,2,0.002061982,0.00035905454,0.0052548004,0.0057803383,0.6179428,0.36569625,0.00290482
ISIC_0027407,HAM_0000373,mel,2,0.00019076516,2.5522659e-05,0.0041998606,3.19922e-05,0.98539543,0.010145807,1.0648522e-05
ISIC_0031999,HAM_0003531,mel,2,0.012502281,0.2795112,0.108898506,0.01644317,0.014032254,0.5672881,0.0013244906
ISIC_0028543,HAM_0004669,mel,2,0.013619828,0.0002744518,0.17561878,0.00036573358,0.33932725,0.4704986,0.0002953118
ISIC_0024525,HAM_0005540,mel,2,0.0008500429,3.1192772e-05,0.22297606,0.00030075212,0.6887066,0.0870623,7.310918e-05
ISIC_0029089,HAM_0000624,mel,2,0.8539979,0.0028341096,0.011084677,0.0011584524,0.12812996,0.002710801,8.418153e-05
ISIC_0032420,HAM_0003055,mel,2,0.0010608679,0.00016028546,0.45793128,0.00058994495,0.51528865,0.024341645,0.0006272539
ISIC_0026266,HAM_0002436,mel,2,0.004782547,0.0006070147,0.123374514,0.0006893106,0.69793946,0.17154889,0.0010583118
ISIC_0029744,HAM_0003782,mel,2,1.3531428e-07,2.2649407e-05,1.1904715e-05,0.00021585899,0.99898523,0.00075900427,5.265986e-06
ISIC_0025127,HAM_0002436,mel,2,0.001927352,0.0008616463,0.020103026,0.00036136128,0.7756947,0.20079887,0.00025308182
ISIC_0026811,HAM_0002525,mel,2,0.04032832,0.0009120308,0.67980456,0.004220712,0.19942255,0.07394749,0.0013643721
ISIC_0027742,HAM_0005203,mel,2,0.00014644553,5.4350435e-06,0.00042024488,0.00013218599,0.5352505,0.46401212,3.3108103e-05
ISIC_0031529,HAM_0001657,mel,2,0.0014268602,0.00068140245,0.013912944,0.003265427,0.1124145,0.86542505,0.0028738691
ISIC_0032192,HAM_0007070,mel,2,0.927069,0.000567682,0.0108569125,0.00024088066,0.056568384,0.004628893,6.832492e-05
ISIC_0031670,HAM_0006130,mel,2,0.0027859358,0.00010558684,0.137237,0.0006400458,0.8515457,0.0074917753,0.00019396094
ISIC_0030653,HAM_0003957,mel,2,0.0030647067,0.053843293,0.041975595,0.0016929809,0.16750461,0.72964114,0.0022776814
ISIC_0025409,HAM_0001877,mel,2,0.0011744316,0.011956718,0.029698793,0.0042397683,0.6658017,0.28579772,0.0013309291
ISIC_0030255,HAM_0002817,mel,2,0.0052488986,0.0026352075,0.015105443,0.002540427,0.7058627,0.2662966,0.0023107117
ISIC_0029495,HAM_0002817,mel,2,0.0022347094,0.0037960107,0.026106464,0.002495733,0.2966018,0.6677865,0.0009788411
ISIC_0031350,HAM_0003435,mel,2,0.035077874,0.002207358,0.061706405,0.0018218998,0.6040774,0.29307368,0.0020353713
ISIC_0026870,HAM_0003587,mel,2,0.03152812,0.004554998,0.19371437,0.0020368027,0.71818906,0.04458625,0.005390424
ISIC_0025105,HAM_0006955,mel,2,0.046492882,0.00031476436,0.027128203,0.0036142692,0.77216923,0.14952011,0.0007605462
ISIC_0031410,HAM_0003782,mel,2,3.301261e-06,2.832404e-05,0.00012044624,0.0008210815,0.9954112,0.0033981933,0.00021741446
ISIC_0032207,HAM_0000513,mel,2,0.012142461,0.16057882,0.20968087,0.014291939,0.35997862,0.2177413,0.025585994
ISIC_0030083,HAM_0005746,mel,2,0.00013409958,9.789033e-06,0.00018264851,0.00068302924,0.98784596,0.011038371,0.00010612198
ISIC_0030002,HAM_0005746,mel,2,0.000230599,3.4533172e-05,0.00558606,0.0016209069,0.95461255,0.037844203,7.116608e-05
ISIC_0029271,HAM_0005783,mel,2,0.0050787563,0.014385378,0.69831246,0.041108545,0.04419238,0.19066387,0.006258623
ISIC_0031821,HAM_0003957,mel,2,0.003483478,0.041988913,0.11837122,0.0024888776,0.08652467,0.7443254,0.0028174692
ISIC_0024630,HAM_0007511,mel,2,0.002082933,0.001315346,0.0031627335,0.032201942,0.9219687,0.03817928,0.0010890815
ISIC_0024333,HAM_0007511,mel,2,0.0016013564,0.0029349034,0.035279017,0.034578267,0.8658437,0.058819644,0.0009431096
ISIC_0025128,HAM_0006899,mel,2,0.008718892,0.0061015645,0.044096686,0.0016177576,0.43916655,0.495856,0.00444254
ISIC_0026045,HAM_0005909,mel,2,0.00307351,0.0009322744,0.3044424,0.00050575176,0.6734087,0.016747411,0.00088994054
ISIC_0025550,HAM_0006899,mel,2,0.0014640873,0.0038092784,0.014314948,0.0006954075,0.334872,0.64334905,0.0014952208
ISIC_0030925,HAM_0002613,mel,2,0.0035183402,0.00018512423,0.362886,0.00082517933,0.5968124,0.035300527,0.00047233925
ISIC_0030604,HAM_0002613,mel,2,0.018009748,0.0001988021,0.14339377,8.499819e-05,0.8243495,0.013810193,0.00015292002
ISIC_0024958,HAM_0002613,mel,2,0.0051626307,0.0006522118,0.20914032,0.00036868628,0.76770616,0.016492909,0.00047702403
ISIC_0025188,HAM_0002525,mel,2,0.08134614,0.00022858684,0.2681967,0.001670795,0.5380305,0.11017154,0.0003557709
ISIC_0032745,HAM_0000494,vasc,2,0.0013418722,0.019049764,0.25981644,0.0048719556,0.27153185,0.18380225,0.2595859
ISIC_0032557,HAM_0000494,vasc,2,0.0009380152,0.024495272,0.23056982,0.0073882807,0.2696531,0.15551794,0.3114376
ISIC_0033092,HAM_0000494,vasc,2,0.0022053395,0.08748105,0.1889286,0.0058221878,0.077193886,0.02317696,0.615192
ISIC_0031648,HAM_0005989,vasc,2,1.3138765e-07,4.0054197e-06,2.1433161e-05,2.5589095e-05,0.01768124,0.0001492739,0.98211825
ISIC_0033565,HAM_0005989,vasc,2,6.7592254e-10,5.405414e-07,5.378833e-07,4.0065558e-07,0.00022086976,4.2855343e-05,0.9997348
ISIC_0033123,HAM_0005989,vasc,2,5.36779e-09,2.3534683e-06,4.1272818e-07,3.1434476e-07,5.3726304e-05,7.0591223e-06,0.9999361
ISIC_0033749,HAM_0001852,vasc,2,0.012747639,0.028221073,0.24306047,0.013215614,0.6587702,0.03744452,0.0065405075
ISIC_0034196,HAM_0001852,vasc,2,0.0040865787,0.035079174,0.3149729,0.0018472981,0.31002793,0.18149224,0.15249383
ISIC_0032270,HAM_0005270,vasc,2,3.782903e-05,0.006315795,0.006430409,0.0020035484,0.061780915,0.5787012,0.34473026
ISIC_0031950,HAM_0005158,vasc,2,2.1908968e-06,0.0002212986,4.8835936e-05,6.7974725e-05,0.00062477903,0.0006255541,0.99840945
ISIC_0027159,HAM_0004877,vasc,2,4.253629e-05,0.044429697,0.0051113428,0.050621543,0.07990782,0.07284684,0.74704015
ISIC_0028188,HAM_0004877,vasc,2,9.699852e-06,0.0060657505,0.0012866317,0.030263234,0.093016125,0.4462196,0.42313892
ISIC_0031719,HAM_0007020,vasc,2,0.0009109228,0.0024062344,0.7283474,0.003393032,0.022396231,0.09207814,0.15046805
ISIC_0030070,HAM_0007020,vasc,2,2.1835724e-06,0.00030460925,0.00021599206,1.2775417e-05,0.0023232077,0.0039657387,0.99317557
ISIC_0026336,HAM_0006406,vasc,2,4.329789e-06,0.00024198489,8.2796556e-05,1.9017238e-05,0.00023370385,0.00020656949,0.99921167
ISIC_0031201,HAM_0004549,vasc,2,2.6265583e-09,1.1144678e-06,1.664296e-07,3.287478e-07,4.460223e-06,5.7516813e-06,0.9999883
ISIC_0025677,HAM_0004097,vasc,2,2.5620554e-06,8.407128e-05,4.0616196e-05,2.9198784e-05,0.00018847144,0.00019690176,0.99945825
ISIC_0025596,HAM_0005938,vasc,2,1.1361885e-05,0.0002452952,0.00019481045,0.0001049082,0.00051516376,0.0006995538,0.99822885
ISIC_0027563,HAM_0002788,vasc,2,4.952731e-06,0.00011514946,0.0001640354,6.7484485e-05,0.00041202526,0.0021036477,0.99713266
ISIC_0029742,HAM_0002650,vasc,2,5.5222915e-07,4.7295653e-05,2.020501e-05,1.2359665e-05,0.00011339179,9.516864e-05,0.999711
ISIC_0025628,HAM_0005475,vasc,2,6.1437197e-07,3.4731554e-05,8.301936e-06,1.6874134e-05,0.000116588875,5.3271484e-05,0.9997696
ISIC_0024370,HAM_0001780,vasc,2,1.3089451e-09,4.4805623e-07,8.804291e-08,1.6146167e-07,3.2240641e-06,3.6839458e-06,0.9999924
ISIC_0025250,HAM_0004769,vasc,2,1.5983277e-07,1.298564e-05,2.1235462e-06,1.5829964e-06,8.190422e-05,1.8899456e-05,0.99988234
ISIC_0026349,HAM_0003829,vasc,2,4.439831e-08,5.5212763e-06,5.3894706e-07,5.561887e-07,8.915321e-06,4.6764784e-05,0.99993765
ISIC_0028155,HAM_0000781,bcc,2,0.0034562137,0.94205785,0.021036712,0.000299912,0.030379083,0.0023094423,0.00046066722
ISIC_0024590,HAM_0004511,bcc,2,7.859479e-06,0.9999502,8.9624555e-06,1.5043388e-06,3.871936e-06,2.6670026e-05,9.130726e-07
ISIC_0025932,HAM_0007262,bcc,2,0.004840395,0.9894521,0.00012966471,0.0051607247,0.00022049517,2.1732601e-05,0.00017483505
ISIC_0028747,HAM_0007262,bcc,2,0.0145852715,0.983651,0.00034070044,0.00018592362,0.0005434537,5.566916e-05,0.0006379774
ISIC_0028994,HAM_0000687,bcc,2,0.62747973,0.33871773,0.019223087,5.207176e-05,0.013666152,0.0006461841,0.00021509458
ISIC_0027365,HAM_0002346,bcc,2,0.00025573742,0.96800005,0.0018444816,0.0014604491,0.010756638,0.017316356,0.00036629898
ISIC_0026343,HAM_0002346,bcc,2,7.8738616e-05,0.99466914,0.00013584005,0.0004620555,0.00022376362,0.0040793293,0.00035107406
ISIC_0029341,HAM_0002346,bcc,2,0.0011773822,0.30224493,0.25441322,0.010967096,0.093669906,0.33034283,0.007184638
ISIC_0025383,HAM_0001907,bcc,2,0.0069225365,0.8868908,0.016529094,0.004128051,0.046675026,0.03868815,0.00016627806
ISIC_0025513,HAM_0001907,bcc,2,0.0066233207,0.014769356,0.007102774,0.14855297,0.5630754,0.25759435,0.002281792
ISIC_0031272,HAM_0006384,bcc,2,0.00085757853,0.99540883,0.0010185075,0.00012855332,0.0010170996,0.0009816681,0.0005877223
ISIC_0030010,HAM_0006548,bcc,2,5.7519787e-06,0.9919179,0.00034605322,0.0001596,0.00040250708,0.005333078,0.0018349885
ISIC_0029201,HAM_0000009,bcc,2,3.0641673e-05,0.014344445,0.00518521,0.0004236772,0.0047995388,0.0030497136,0.9721667
ISIC_0026439,HAM_0000009,bcc,2,0.000118088516,0.77858984,0.07629161,0.00025562744,0.0014772592,0.024184974,0.119082585
ISIC_0029779,HAM_0000009,bcc,2,0.0024318686,0.08602008,0.27437192,0.0040836884,0.1208042,0.02660095,0.4856873
ISIC_0030349,HAM_0006572,bcc,2,8.9436326e-05,0.9988331,0.000102905535,0.00077608466,1.7021137e-05,1.7306602e-05,0.000164143
ISIC_0026091,HAM_0006572,bcc,2,0.00019176715,0.9952697,0.0001018219,0.0043919324,1.2462773e-05,2.6549269e-05,5.707626e-06
ISIC_0034160,HAM_0006572,bcc,2,0.0026007257,0.5452808,0.104189344,0.26558593,0.0076708025,0.004992567,0.069679745
ISIC_0027297,HAM_0003186,bcc,2,0.0043055317,0.9051248,0.018313814,0.0010333754,0.022405077,0.04816739,0.0006499947
ISIC_0032959,HAM_0003427,bcc,2,0.0006524293,0.2778298,0.3158448,0.0025087881,0.091606244,0.298582,0.01297593
ISIC_0034123,HAM_0006586,bcc,2,6.815542e-05,0.9918732,0.0012338876,1.4276265e-05,0.006113656,0.0006775579,1.9225257e-05
ISIC_0034026,HAM_0006586,bcc,2,0.0003069335,0.99640745,0.0002940027,1.8990779e-05,0.002819753,0.00014179874,1.1007814e-05
ISIC_0025102,HAM_0007248,bcc,2,1.0849593e-05,0.9983907,0.00010338226,3.026052e-06,0.00017999194,0.0013108642,1.2546471e-06
ISIC_0032850,HAM_0007248,bcc,2,2.3023229e-05,0.99770015,4.98943e-05,2.1687394e-05,0.0002862568,0.0019068962,1.2172836e-05
ISIC_0030712,HAM_0007248,bcc,2,8.376749e-06,0.99856144,5.182573e-05,1.351282e-05,0.00021854517,0.0011416073,4.676604e-06
ISIC_0029392,HAM_0002983,bcc,2,0.0032338584,0.9907548,0.00068140146,0.00027055482,0.004616481,0.00017503285,0.00026781033
ISIC_0024632,HAM_0001666,bcc,2,0.012000967,0.9048168,0.06810886,0.0023034504,0.0004736,0.011994593,0.0003017146
ISIC_0026668,HAM_0001666,bcc,2,0.051333077,0.9229072,0.017068973,4.190316e-05,0.0027640807,0.0058349385,4.9784536e-05
ISIC_0026716,HAM_0000504,bcc,2,0.0013012124,0.9981376,0.00020190967,5.3535856e-05,0.00011976119,0.00018339328,2.6280698e-06
ISIC_0025971,HAM_0000504,bcc,2,1.3549298e-05,0.997931,6.515172e-05,1.27854455e-05,9.671093e-06,0.0019600287,7.8146695e-06
ISIC_0028765,HAM_0004511,bcc,2,2.8353244e-05,0.9998634,2.3305422e-05,4.4856124e-06,1.0974833e-05,6.316411e-05,6.3042935e-06
ISIC_0026496,HAM_0005757,bcc,2,3.826967e-05,0.99480444,0.0027460358,2.958783e-05,0.0012231314,0.0010941508,6.441569e-05
ISIC_0025433,HAM_0005410,bcc,2,0.004260715,0.88780695,0.0022417975,0.008077817,0.055986837,0.04087549,0.00075038086
ISIC_0029412,HAM_0002024,bcc,2,0.21556906,0.7650763,0.0070606824,0.010834617,0.00082343037,0.00011734295,0.00051854906
ISIC_0030511,HAM_0005599,bcc,2,5.515615e-05,0.99541414,0.00034847346,0.002888529,0.00022276206,0.00033222072,0.000738762
ISIC_0030813,HAM_0006465,bcc,2,2.4146857e-06,0.9999813,4.0023815e-06,3.9046716e-07,4.3743157e-06,7.2235507e-06,2.983814e-07
ISIC_0025940,HAM_0001503,bcc,2,0.8703712,0.0026975495,0.026333438,8.1082646e-05,0.098262176,0.0021212578,0.00013327025
ISIC_0031122,HAM_0003389,bcc,2,0.0018072582,0.9570262,0.02106189,0.0027113257,0.0017998003,0.015092002,0.0005014726
ISIC_0025826,HAM_0005585,bcc,2,0.0006541979,0.9945201,0.0008735045,0.0010355741,0.0008338704,0.001974462,0.00010830164
ISIC_0025601,HAM_0001528,bcc,2,0.028934333,0.87589914,0.013437794,0.00067016215,0.03573668,0.045025807,0.00029610604
ISIC_0032461,HAM_0001528,bcc,2,0.12451028,0.61100435,0.08431929,0.00869396,0.09233376,0.078694575,0.00044380708
ISIC_0031925,HAM_0001707,bcc,2,0.027085945,0.23948307,0.64624363,0.056120746,0.0012097721,0.0077591985,0.022097671
ISIC_0029644,HAM_0005184,bcc,2,0.00062961364,0.9885594,0.009140501,0.0003462847,0.00012221675,0.0011362158,6.568233e-05
ISIC_0031552,HAM_0006588,bcc,2,7.4551704e-06,0.99800473,0.00036704124,1.068986e-05,0.000524404,0.0010570082,2.8657956e-05
ISIC_0024564,HAM_0002666,bcc,2,0.004051135,0.9759419,0.018564167,0.0011139687,2.3623828e-05,0.0002715092,3.3699675e-05
ISIC_0025322,HAM_0002666,bcc,2,0.00087116385,0.99371654,0.004033593,0.00085936475,6.923481e-06,0.0005060431,6.4590704e-06
ISIC_0030915,HAM_0003043,bcc,2,0.3746683,0.15222023,0.4125742,0.0068181492,0.014002668,0.037737075,0.0019793806
ISIC_0029053,HAM_0002812,bcc,2,0.65323603,0.19267955,0.0316803,0.09413938,0.017557647,0.003091546,0.0076155085
ISIC_0030352,HAM_0001129,bcc,2,0.0003986299,0.99872893,6.8603076e-05,6.40879e-05,3.8437574e-05,0.0006444088,5.6936417e-05
ISIC_0025509,HAM_0002269,bcc,2,2.6428522e-06,0.99804974,2.4877227e-05,4.440535e-06,3.5008186e-05,0.0017715881,0.00011174503
ISIC_0024443,HAM_0002269,bcc,2,3.6777343e-05,0.99803823,0.0001551426,9.945492e-05,0.0006034133,0.0007229971,0.00034395672
ISIC_0030249,HAM_0003444,bcc,2,0.001418065,0.99105155,0.0021446077,0.0024161385,9.244313e-05,0.002772527,0.000104674094
ISIC_0028687,HAM_0003444,bcc,2,0.0031324816,0.99533314,0.00045821138,0.00038017533,0.00014286641,0.00046056663,9.2582646e-05
ISIC_0027120,HAM_0003444,bcc,2,0.12252511,0.7723316,0.028755683,0.035591822,0.030282604,0.009192278,0.0013208858
ISIC_0027788,HAM_0002812,bcc,2,0.0022183764,0.9930835,0.0011776844,0.0019125541,6.6724875e-05,0.0014959945,4.5242014e-05
ISIC_0025031,HAM_0002934,bcc,2,0.00038334078,0.99128866,0.007455579,0.0001924102,0.00011797963,0.00051391806,4.8065223e-05
ISIC_0026957,HAM_0001369,bcc,2,0.0019351668,0.35593492,0.061401565,0.0020287104,0.01473512,0.56318533,0.000779189
ISIC_0025564,HAM_0004161,bcc,2,0.5827618,0.037805516,0.22597076,0.0012322058,0.109496094,0.042573124,0.00016042289
ISIC_0025775,HAM_0004516,nv,2,0.00059825584,0.0005641595,0.0033540216,0.0028429688,0.0005465727,0.9900737,0.0020203618
ISIC_0025384,HAM_0002623,nv,2,0.0003408358,0.0007156722,0.00093401264,0.017482027,0.006435616,0.96792734,0.0061645247
ISIC_0029624,HAM_0006489,nv,2,0.0010449159,0.0006232285,0.0012959,0.0010488095,0.0055429824,0.98911077,0.0013333043
ISIC_0026824,HAM_0004408,nv,2,0.00035047368,0.00024707042,0.0015611177,0.0012426835,0.025299914,0.97061193,0.00068684894
ISIC_0025320,HAM_0006653,nv,2,0.00071374106,7.457519e-05,0.0043814997,0.0006897335,0.03492328,0.9588951,0.00032213735
ISIC_0031403,HAM_0006421,nv,2,0.00048535454,0.0004000841,0.0003873967,0.0034055943,0.0010724316,0.99369,0.0005591039
ISIC_0030517,HAM_0005093,nv,2,0.00012833295,0.00011277209,0.0034413198,0.0013386292,0.0013990235,0.99317753,0.0004024928
ISIC_0031486,HAM_0005487,nv,2,8.333148e-05,0.022075627,0.0016948088,0.03978802,0.0008450447,0.93510187,0.00041129687
ISIC_0025723,HAM_0005552,nv,2,0.011583614,6.286953e-05,0.0043963925,0.0001025168,0.014413114,0.9693821,5.942305e-05
ISIC_0027278,HAM_0007236,nv,2,0.0007154955,0.0002575085,0.001247979,0.0008814689,0.00011217937,0.9966581,0.00012729592
ISIC_0028090,HAM_0005407,nv,2,0.0006556036,0.0019149315,0.025223128,0.0029093467,0.0602908,0.90692544,0.0020807148
ISIC_0031371,HAM_0001079,nv,2,0.0009439081,0.0001822559,0.00056690926,0.009707198,0.0020431376,0.98641276,0.00014379689
ISIC_0031100,HAM_0006178,nv,2,1.9146113e-05,0.0002790693,6.8695575e-05,0.0015434609,0.0003124912,0.9975769,0.00020022414
ISIC_0031297,HAM_0003323,nv,2,0.00035404912,0.00021008468,0.005449395,0.00113087,0.0027151247,0.9884576,0.0016827954
ISIC_0029997,HAM_0000526,nv,2,0.00015638184,2.9423627e-05,0.0010197746,0.0006639915,0.0034385736,0.9944483,0.00024353935
ISIC_0030421,HAM_0007183,nv,2,0.0005851398,0.00071715564,0.003300615,0.0034588054,0.013556618,0.9740127,0.0043690554
ISIC_0026755,HAM_0001931,nv,2,0.00011020986,0.00034624097,0.00036811212,0.0021667972,0.00017261066,0.99501675,0.0018193898
ISIC_0031966,HAM_0005792,nv,2,0.00014122871,0.00078793516,0.0004542135,0.001595593,0.0008974908,0.9923273,0.0037963083
ISIC_0026038,HAM_0000724,nv,2,0.0016857475,0.0010963993,0.040671416,0.0027284953,0.0274749,0.9212902,0.0050528054
ISIC_0028917,HAM_0003349,nv,2,0.0001570959,7.436865e-05,0.0006801396,0.0012061477,0.0025568348,0.9949444,0.00038110823
ISIC_0032087,HAM_0001323,nv,2,0.0015930807,0.0007775825,0.019838337,0.0027518629,0.01140126,0.9621411,0.0014967711
ISIC_0027808,HAM_0006668,nv,2,0.00031151716,0.00029206421,0.0015187992,0.00088173884,0.0015234391,0.9947377,0.0007346885
ISIC_0027854,HAM_0002105,nv,2,0.0005100331,0.00045499482,0.007845753,0.0009514444,0.0013806695,0.98606586,0.002791207
ISIC_0027339,HAM_0000776,nv,2,0.0001169937,9.9788405e-05,0.0007697733,0.0038199127,0.0019701838,0.99300086,0.00022241812
ISIC_0028339,HAM_0000472,nv,2,0.00054730865,0.00010638519,0.0014290697,0.0007942127,0.0019428943,0.99458164,0.00059848774
ISIC_0030642,HAM_0007023,nv,2,1.0346961e-05,2.2057438e-05,0.00023288134,0.0011945531,7.511493e-05,0.99842787,3.7332935e-05
ISIC_0025675,HAM_0000557,nv,2,0.001960105,0.00029751626,0.6393114,0.00049124914,0.0046462673,0.35278144,0.0005120054
ISIC_0029293,HAM_0000580,nv,2,0.0002815834,0.0005357329,0.008085126,0.004257031,0.24458729,0.74127203,0.0009811164
ISIC_0026036,HAM_0003038,nv,2,0.00025557325,0.00043779064,0.045580264,0.004698316,0.13898541,0.8094816,0.00056098617
ISIC_0026214,HAM_0002256,nv,2,0.00041555543,3.429356e-05,0.009752822,0.0018003781,0.022978488,0.964639,0.000379465
ISIC_0030888,HAM_0005838,nv,2,3.442275e-05,2.7879078e-05,0.00035396032,0.028029865,0.00013250012,0.9713769,4.4471006e-05
ISIC_0025501,HAM_0003483,nv,2,0.00047217702,0.0008206162,0.0065983026,0.014751223,0.0011289318,0.97435397,0.0018747556
ISIC_0026399,HAM_0003344,nv,2,0.00025925555,0.00043352196,0.00041661732,0.0011427911,0.0004716939,0.99598724,0.0012888785
ISIC_0029290,HAM_0005226,nv,2,0.0049318504,0.0018610879,0.049964093,0.010215445,0.016544186,0.9035865,0.012896827
ISIC_0029336,HAM_0005863,nv,2,0.00018774837,5.9114558e-05,0.0022332487,6.506491e-05,0.005867251,0.9913838,0.00020369516
ISIC_0026585,HAM_0006507,nv,2,0.0004402369,0.00018247026,0.22568592,0.0017602493,0.0010748951,0.7698314,0.0010248753
ISIC_0026169,HAM_0006785,nv,2,0.0018843103,0.0007814928,0.007890258,0.0051081567,0.0076631275,0.9715694,0.0051033194
ISIC_0025813,HAM_0001915,nv,2,0.0018606831,0.00265829,0.025964132,0.009758704,0.0096647395,0.94419235,0.0059010675
ISIC_0027422,HAM_0002539,nv,2,0.0007539009,0.00010096003,0.003115296,0.008126635,0.019502696,0.9674037,0.0009968418
ISIC_0029561,HAM_0005046,nv,2,0.0004912801,0.0018311567,0.026561124,0.000657553,0.0011979061,0.9682893,0.0009716523
ISIC_0028054,HAM_0004890,nv,2,0.00048610344,0.0009848642,0.003170913,0.012530975,0.0024335487,0.97007126,0.010322249
ISIC_0030235,HAM_0002896,nv,2,0.0012214629,0.002493409,0.0051025995,0.013854809,0.0029707362,0.96490633,0.0094505595
ISIC_0030968,HAM_0006194,nv,2,0.00013857821,0.00033655338,0.07254096,0.011047818,0.00019108404,0.9146655,0.0010794571
ISIC_0029015,HAM_0002321,nv,2,5.8277983e-05,0.0001870753,0.00058016815,0.00033074064,0.0020006755,0.555557,0.44128603
ISIC_0031730,HAM_0003648,nv,2,0.004821649,0.0006423576,0.008399143,0.054066613,0.015716765,0.9109327,0.0054208026
ISIC_0030469,HAM_0005810,nv,2,2.5474332e-05,0.0004690098,0.94774634,0.00013661831,0.00055856345,0.050602656,0.0004614482
ISIC_0031330,HAM_0002495,nv,2,0.00014812981,0.00024957853,0.0008992504,0.0008541359,0.00024330048,0.9942444,0.0033612116
ISIC_0028007,HAM_0006969,nv,2,0.0004843035,0.0005656649,0.0009996288,0.0024094996,0.0009287553,0.992409,0.0022031742
ISIC_0030729,HAM_0003048,nv,2,0.0005060297,0.0015935365,0.00079629465,0.0027966849,0.0011181823,0.98977166,0.003417553
ISIC_0027691,HAM_0001482,nv,2,0.00016444667,9.869044e-05,0.002658554,0.00017522092,0.0033404178,0.992993,0.0005697495
ISIC_0028546,HAM_0007512,nv,2,0.00039612982,0.0006352725,0.008102363,0.07648764,0.0006283796,0.9117228,0.0020274236
ISIC_0030376,HAM_0000053,nv,2,0.00012647235,8.481014e-05,0.004504381,0.0037836109,0.0012187542,0.9895587,0.00072327815
ISIC_0027301,HAM_0003092,nv,2,0.00020432516,0.00022595542,0.00034851595,0.00034357372,0.008000138,0.9902019,0.0006755488
ISIC_0025508,HAM_0000705,nv,2,0.00058702275,0.0006700747,0.0030483804,0.0011550045,0.003955651,0.98776954,0.0028143215
ISIC_0029118,HAM_0000444,nv,2,0.00018396121,0.00027314268,0.12132167,0.0005071099,0.0018321887,0.8754928,0.0003891767
ISIC_0024863,HAM_0002359,nv,2,0.00029515554,8.1620165e-05,0.02066584,9.0070076e-05,0.0040657762,0.97410166,0.00069985114
ISIC_0025615,HAM_0006568,nv,2,0.00076766487,0.002133967,0.013943541,0.0012631965,0.046463378,0.9346167,0.0008116223
ISIC_0024637,HAM_0006812,nv,2,0.0042068237,0.003469349,0.007273382,0.0065023466,0.12223858,0.8443324,0.011977071
ISIC_0024879,HAM_0001387,nv,2,0.00047460175,0.00097045966,0.0030133978,0.00087815477,0.07897737,0.91420263,0.0014833857
ISIC_0031947,HAM_0002961,nv,2,0.001403808,0.0004613943,0.0041620224,0.01518648,0.0003738718,0.97747767,0.0009347014
ISIC_0031571,HAM_0003233,nv,2,0.0004854782,8.579335e-05,0.013706549,0.0014051287,0.0008542966,0.98325807,0.0002046969
ISIC_0031219,HAM_0004851,nv,2,0.00031888208,0.00018605549,0.0016003104,0.00038558303,0.015137953,0.9808187,0.0015524734
ISIC_0031477,HAM_0005464,nv,2,0.00026384878,0.00014913641,0.0014946511,0.0009542336,0.0020457767,0.9936314,0.0014609154
ISIC_0029469,HAM_0003976,nv,2,0.00067397894,0.0004116585,0.03283903,0.0736587,0.0012090054,0.89072835,0.0004792915
ISIC_0032193,HAM_0007492,nv,2,0.00030701637,3.5988436e-05,0.0028057175,0.40039244,0.022064954,0.5741938,0.00020004362
ISIC_0024887,HAM_0003457,nv,2,0.00023552035,4.3311164e-05,0.0029249091,0.00010594646,0.010969822,0.9854864,0.0002340504
ISIC_0030282,HAM_0005211,nv,2,0.00027541182,3.605224e-05,0.00048686704,0.00024414939,0.0085650245,0.9902136,0.00017903623
ISIC_0028869,HAM_0002283,nv,2,0.001778398,0.0003985788,0.0028372305,0.0075028283,0.0120138945,0.9730777,0.0023913682
ISIC_0031461,HAM_0001241,nv,2,0.00020051972,0.012390907,0.007602695,0.0002729964,0.0011025246,0.97781265,0.00061763125
ISIC_0030862,HAM_0006428,nv,2,0.002030789,0.00043871542,0.0035133536,0.0031219507,0.014164076,0.9748005,0.0019305852
ISIC_0026021,HAM_0004013,nv,2,0.00010904289,6.1584506e-05,0.0001751457,0.00028534236,0.007974794,0.99116486,0.00022923245
ISIC_0030957,HAM_0003371,nv,2,0.000109052475,9.326991e-06,0.00024893644,0.00030447828,0.43049237,0.568775,6.0742994e-05
ISIC_0031288,HAM_0005182,nv,2,0.00015824381,0.0018732577,0.0008692047,0.0007644225,0.0076697827,0.98803085,0.00063434005
ISIC_0029274,HAM_0003632,nv,2,1.51304475e-05,7.8013065e-05,0.006322811,0.00010331563,3.1677613e-05,0.99342334,2.5671301e-05
ISIC_0027165,HAM_0005476,nv,2,0.00048312137,0.0011251069,0.0012352765,0.0013190199,0.0054328875,0.9867879,0.0036166902
ISIC_0025084,HAM_0001522,nv,2,2.723185e-05,0.0005033021,0.028745614,0.00036734733,0.0005373334,0.96959686,0.00022237978
ISIC_0027373,HAM_0007616,nv,2,0.0004150613,0.0002911149,0.005000941,0.001461018,0.00861863,0.9836338,0.0005793573
ISIC_0024309,HAM_0000484,nv,2,0.0007497974,0.0020861716,0.003105566,0.01118878,0.0015288398,0.97217125,0.009169659
ISIC_0026202,HAM_0006219,nv,2,0.00044967388,0.0014695247,0.19096489,0.0060625095,0.0013862764,0.7991554,0.00051180215
ISIC_0030871,HAM_0004533,nv,2,0.001446201,0.004256371,0.1460923,0.038178124,0.0034685016,0.79812104,0.008437535
ISIC_0032201,HAM_0000227,nv,2,2.043501e-05,5.8922047e-05,0.00020967599,0.0006169344,0.00082393864,0.9978962,0.00037391958
ISIC_0030804,HAM_0000702,nv,2,0.004313235,0.0008535951,0.03035816,0.0020778414,0.008620779,0.95115006,0.0026263758
ISIC_0026858,HAM_0007093,nv,2,0.00047816618,0.0006960585,0.0038905342,0.0043739635,0.0004070568,0.98740315,0.0027510058
ISIC_0027331,HAM_0004499,nv,2,0.0020911645,0.0002616775,0.1260742,0.0013223593,0.0052513033,0.8626519,0.0023473403
ISIC_0029305,HAM_0002459,nv,2,0.022943966,0.021853723,0.1522728,0.20422669,0.074240655,0.44365963,0.08080249
ISIC_0031437,HAM_0001376,nv,2,0.0016575463,0.00092471176,0.001976234,0.051689047,0.0024410496,0.9402101,0.0011012824
ISIC_0027333,HAM_0000564,nv,2,0.004053003,0.0003098805,0.394493,0.004500933,0.072889,0.5230062,0.00074802304
ISIC_0025482,HAM_0000328,nv,2,0.00029795564,0.00011557902,0.00033549243,0.0010714787,0.0016986207,0.99612755,0.00035343578
ISIC_0026051,HAM_0005813,nv,2,0.0007293137,0.0007141596,0.0016362313,0.017934686,0.00051081076,0.9778186,0.00065616926
ISIC_0025634,HAM_0004135,nv,2,0.0028337196,0.5300901,0.03581093,0.0011391288,0.012779896,0.41628382,0.0010623885
ISIC_0026994,HAM_0002930,nv,2,0.0009996655,0.0005735239,0.03239833,0.00034235572,0.0010828226,0.96383435,0.00076882966
ISIC_0030274,HAM_0005100,nv,2,3.9070164e-05,0.00023998288,0.00024245745,0.0014628757,0.00078384177,0.9939727,0.0032591107
ISIC_0031256,HAM_0005065,nv,2,0.00034655727,0.00017822176,0.00031101817,0.0016148618,0.005612427,0.9913521,0.0005848162
ISIC_0025461,HAM_0000852,nv,2,0.0055931965,0.0012881897,0.7385732,0.0067662452,0.01248352,0.23447151,0.0008241355
ISIC_0027868,HAM_0003900,nv,2,9.314472e-05,0.005558667,0.016170304,0.00046928343,0.002392946,0.9337972,0.04151856
ISIC_0027440,HAM_0003025,nv,2,0.0007363423,0.0015052924,0.20057191,0.0006995208,0.0075067496,0.7862896,0.0026906312
ISIC_0027758,HAM_0007145,nv,2,0.0011644312,0.0008515862,0.032263026,0.014492362,0.0016287076,0.94724625,0.0023537683
ISIC_0031963,HAM_0005521,nv,2,0.0022881837,0.00022572225,0.045358192,0.015794417,0.012857209,0.9221553,0.0013209289
ISIC_0031625,HAM_0001862,nv,2,0.0017463808,0.00068701,0.043325525,0.003404094,0.010225614,0.9388564,0.0017549893
ISIC_0030743,HAM_0003513,nv,2,0.0016209936,0.0013690034,0.9538873,0.0022657209,0.0009785584,0.039559893,0.00031852935
ISIC_0025246,HAM_0001042,nv,2,7.4262043e-06,1.2413196e-05,0.00031225485,0.00027480052,0.00079919706,0.9985216,7.230848e-05
ISIC_0031018,HAM_0005097,nv,2,9.4882846e-05,0.00015814735,0.003400834,0.0017809931,0.0007567881,0.9934501,0.0003582983
ISIC_0029085,HAM_0007467,nv,2,0.00028165337,0.00013018744,0.0035539104,0.00035484743,0.0007456075,0.9945692,0.00036465374
ISIC_0027111,HAM_0000368,nv,2,0.0005896033,0.0002823549,0.0021309406,0.0011793659,0.009083931,0.9852952,0.0014386202
ISIC_0030193,HAM_0000671,nv,2,0.00035319442,0.00211387,0.7170594,0.0068979473,0.013329313,0.24972689,0.010519348
ISIC_0026032,HAM_0006370,nv,2,4.0861476e-05,8.47045e-05,0.9737127,2.5464356e-05,0.00050358544,0.025448555,0.0001842566
ISIC_0025318,HAM_0000760,nv,2,0.00046900706,0.00074294617,0.0017029162,0.0018903562,0.006187662,0.9858375,0.003169559
ISIC_0024322,HAM_0001538,nv,2,1.3893583e-05,9.599142e-05,3.7268772e-05,6.851613e-05,0.00034792375,0.999233,0.00020341703
ISIC_0026112,HAM_0000301,nv,2,0.001227667,0.0018939949,0.09847791,0.009986226,0.0062535163,0.88154876,0.00061193533
ISIC_0030477,HAM_0000141,nv,2,0.0005439255,0.0002788889,0.0017401717,0.001069961,0.013817838,0.9813797,0.0011694185
ISIC_0026302,HAM_0003751,nv,2,0.0004558978,0.00077197223,0.00058591604,0.078390926,0.0137257185,0.9055295,0.00054009043
ISIC_0028817,HAM_0003294,nv,2,7.472987e-05,0.00015658997,0.0034053219,0.001157265,0.00018309616,0.9948986,0.00012432734
ISIC_0027215,HAM_0006950,nv,2,2.5403462e-05,0.00018464739,1.5469686e-05,0.0003631297,0.0001577607,0.9988844,0.00036917752
ISIC_0027307,HAM_0002262,nv,2,0.0009557833,0.001175755,0.0020708404,0.0024795376,0.0019189045,0.990694,0.0007052332
ISIC_0026731,HAM_0001213,nv,2,0.0018301317,0.0015516086,0.0010208273,0.0014786243,0.0016892975,0.9904721,0.0019574796
ISIC_0031086,HAM_0004159,nv,2,0.0001555231,0.00039997272,5.2553885e-05,0.00042783073,6.917776e-05,0.9986539,0.00024099034
ISIC_0030461,HAM_0004252,nv,2,0.00022318591,7.149761e-05,0.0007809122,0.0006641112,0.00096762204,0.9970209,0.00027165905
ISIC_0025931,HAM_0001407,nv,2,0.00033012236,0.00021083558,0.0013604088,0.00062174443,0.063693665,0.9314803,0.002302936
ISIC_0025213,HAM_0003150,nv,2,7.651714e-05,4.9997307e-05,0.00016644342,0.0004364469,0.0011923076,0.9975636,0.0005147613
ISIC_0030099,HAM_0000474,nv,2,0.012319204,0.010687184,0.010126019,0.009849797,0.02184855,0.92743105,0.007738179
ISIC_0027055,HAM_0005294,nv,2,0.0010708631,0.002915652,0.007958344,0.0014766507,0.011868992,0.97313935,0.0015702302
ISIC_0031367,HAM_0006891,nv,2,0.0010337619,0.00017481037,0.06325852,0.0011910674,0.010879141,0.9225707,0.000892035
ISIC_0030596,HAM_0006285,nv,2,0.003327656,0.0020126726,0.0052930634,0.001128445,0.042747963,0.9443522,0.0011380496
ISIC_0027871,HAM_0004310,nv,2,0.0014169264,0.002789524,0.0022255152,0.0032322481,0.0037228821,0.97957706,0.007035957
ISIC_0028554,HAM_0000942,nv,2,0.013762114,0.007225442,0.022995066,0.0020870166,0.03648141,0.91424257,0.0032063988
ISIC_0031636,HAM_0003469,nv,2,0.0027083347,0.0017837733,0.49862358,0.0006820281,0.0153232375,0.4801206,0.000758411
ISIC_0025397,HAM_0004402,nv,2,0.0029154082,0.0015723191,0.0045091854,0.004193494,0.0047986438,0.97791654,0.0040944987
ISIC_0032088,HAM_0007045,nv,2,0.00010102084,0.0002672112,0.0005981546,0.00023445283,0.0022324226,0.9963676,0.00019912636
ISIC_0029367,HAM_0003304,nv,2,0.000801621,0.0010366571,0.000707105,0.0030317106,0.000722838,0.99250484,0.0011952687
ISIC_0025866,HAM_0001882,nv,2,0.0007080838,0.0059520616,0.0025374303,0.0018478385,0.00794913,0.97991097,0.0010945027
ISIC_0024641,HAM_0005860,nv,2,0.0017910642,0.0019174217,0.0018547435,0.0039004192,0.0028293384,0.9809161,0.006790943
ISIC_0029689,HAM_0006976,nv,2,0.00048092354,0.00022193471,0.0005057193,0.0022275036,0.01583528,0.9790086,0.0017199751
ISIC_0027283,HAM_0000265,nv,2,0.00012301226,5.845682e-05,6.2899315e-05,0.00025173117,0.0015906532,0.9978077,0.00010566765
ISIC_0032507,HAM_0004725,nv,2,0.0001286914,0.000111509806,0.00023105169,0.00015123996,0.0038669955,0.99524057,0.0002698768
ISIC_0024392,HAM_0006311,nv,2,0.00025404835,8.4258616e-05,0.002245637,0.0008128955,0.13984247,0.8562681,0.0004925697
ISIC_0026145,HAM_0005326,nv,2,0.00020059002,0.00055614446,0.0032590427,0.0010358436,0.09316674,0.90141815,0.00036355393
ISIC_0027579,HAM_0004726,nv,2,9.996494e-06,6.579233e-05,2.6920636e-05,0.0003509026,1.9868821e-05,0.99937266,0.00015398284
ISIC_0025082,HAM_0000158,nv,2,0.0033253294,0.004658278,0.0044736275,0.068914555,0.0022723188,0.90290767,0.013448205
ISIC_0031581,HAM_0003329,nv,2,3.9044986e-05,2.7081007e-05,8.454582e-05,0.00010714903,0.00013344084,0.999546,6.2820436e-05
ISIC_0029181,HAM_0003126,nv,2,0.0006008822,0.002747999,0.00035639238,0.00064533553,0.0012834508,0.99397165,0.00039424203
ISIC_0028745,HAM_0003214,nv,2,0.0010158761,0.00079858745,0.0020492903,0.0015594327,0.0010682185,0.99327785,0.00023083432
ISIC_0030556,HAM_0001771,nv,2,0.0012463741,0.00097208057,0.008502342,0.0024477197,0.02042179,0.9652433,0.00116645
ISIC_0026591,HAM_0001766,nv,2,0.005838309,0.004549282,0.0038942478,0.003735721,0.0019172127,0.97589344,0.004171787
ISIC_0026448,HAM_0002659,nv,2,0.00068139407,0.00019370807,0.0017978171,0.00081470335,0.17398804,0.821823,0.00070131896
ISIC_0032143,HAM_0004796,nv,2,0.0008931426,0.00019868207,0.0009921237,0.0002636157,0.0015075908,0.99579936,0.00034538298
ISIC_0027813,HAM_0007153,nv,2,0.00025348313,0.0008700982,0.00036251338,0.0004970815,0.0023665957,0.9951984,0.00045187178
ISIC_0028208,HAM_0002398,nv,2,0.00030275376,0.0013796655,0.00040847738,0.00096476503,0.0006441603,0.9952733,0.0010270276
ISIC_0026510,HAM_0002428,nv,2,0.00076105923,0.00034356746,0.0030364546,0.0005750795,0.010236601,0.9842594,0.0007878747
ISIC_0026093,HAM_0004704,nv,2,0.00018287668,0.0004981165,0.00029572519,0.0009676419,0.00027850867,0.9969068,0.000870443
ISIC_0030441,HAM_0000479,nv,2,0.004229945,0.0013257647,0.0016903313,0.024617478,0.0028265195,0.96353114,0.0017788976
ISIC_0027775,HAM_0001754,nv,2,0.00021779184,0.00078517525,0.0011170106,0.0014534086,0.000272557,0.9942002,0.0019538857
ISIC_0025894,HAM_0000017,nv,2,0.00032941383,0.0002585298,0.00049334666,0.001246125,0.012430473,0.9844386,0.00080352585
ISIC_0030692,HAM_0001828,nv,2,0.00091551454,0.00031156925,0.0009431017,0.0027418267,0.0037868847,0.99107915,0.00022202029
ISIC_0031055,HAM_0004180,nv,2,5.019497e-05,0.0001906883,4.051413e-05,0.000318177,0.0005325279,0.99794453,0.0009232489
ISIC_0032352,HAM_0004244,nv,2,0.00028883546,0.00023188117,0.0004669853,0.00027602827,0.045163624,0.95226854,0.001304045
ISIC_0031273,HAM_0006687,nv,2,0.00016359705,0.00043577087,0.0005226393,0.00093817274,0.0016884663,0.99303895,0.0032124084
ISIC_0024778,HAM_0001115,nv,2,0.00024776073,0.00039700713,0.0004072695,0.0004440515,0.00031210107,0.99777573,0.00041601688
ISIC_0028979,HAM_0004608,nv,2,0.0002672835,0.00045150358,0.0013153007,0.0008211971,0.0009896647,0.9953862,0.0007688814
ISIC_0032361,HAM_0001690,nv,2,0.00069914677,0.00048668034,0.0010529462,0.0017675108,0.003766693,0.9905425,0.0016844858
ISIC_0030752,HAM_0001483,nv,2,0.0013047913,0.0016870174,0.021740302,0.0020762228,0.0118642,0.9568553,0.0044721486
ISIC_0026953,HAM_0001332,nv,2,0.0011146733,0.0011384147,0.0024504836,0.007699628,0.0030979526,0.9824157,0.0020831525
ISIC_0027477,HAM_0000641,nv,2,0.0021804024,0.0016906017,0.04642295,0.021760626,0.018582445,0.9078403,0.0015227587
ISIC_0029087,HAM_0000911,nv,2,0.0028790534,0.00025282966,0.0022764113,0.00040772257,0.053751685,0.9398077,0.00062463345
ISIC_0025639,HAM_0004647,nv,2,0.0037077097,0.0016960923,0.008399642,0.0007052451,0.088170804,0.8967324,0.0005881388
ISIC_0026407,HAM_0001736,nv,2,0.00070398796,0.00041340388,0.0031380872,0.0029020528,0.0075715436,0.9843741,0.0008967047
ISIC_0028459,HAM_0006109,nv,2,0.00034931768,0.00065746775,0.0058964263,0.00043895433,0.0019035331,0.99015933,0.000594912
ISIC_0030265,HAM_0003374,nv,2,0.0026551324,0.0032865382,0.0048579993,0.015594763,0.011900624,0.9584725,0.0032324314
ISIC_0030505,HAM_0007190,nv,2,0.00023320488,0.00028638958,0.00048967695,0.00085285597,0.00271988,0.9927422,0.0026757186
ISIC_0030248,HAM_0006403,nv,2,0.003847093,0.0021485856,0.0030696767,0.003931205,0.009824741,0.97095156,0.0062271114
ISIC_0028392,HAM_0002634,nv,2,0.00654888,0.0039842334,0.004364109,0.004368196,0.004161485,0.9695113,0.007061882
ISIC_0027695,HAM_0005445,nv,2,0.00034664528,0.00027765348,0.0031626998,0.000510595,0.09640687,0.89906603,0.00022940637
ISIC_0026727,HAM_0005920,nv,2,0.010655262,0.0052638547,0.048207607,0.004946915,0.023568682,0.90162957,0.0057281717
ISIC_0026945,HAM_0003999,nv,2,0.03973115,0.0015986973,0.048009586,0.0009252329,0.01614503,0.8931175,0.00047280322
ISIC_0029322,HAM_0001371,nv,2,0.0012578106,0.00027470238,0.0028398528,0.0006499754,0.010723903,0.98396814,0.00028560933
ISIC_0029449,HAM_0000957,nv,2,0.0017934416,0.0013602548,0.0047066696,0.002671156,0.0045000473,0.9782707,0.0066977427
ISIC_0026906,HAM_0005782,nv,2,0.00014981191,0.00041634106,9.588575e-05,0.00018569244,8.8384724e-05,0.99886715,0.00019684988
ISIC_0028221,HAM_0003930,nv,2,0.035114992,0.23223796,0.30305037,0.043485787,0.07143576,0.29232475,0.022350421
ISIC_0025844,HAM_0006840,nv,2,0.013159174,0.008937794,0.013243804,0.030146206,0.014006024,0.9003519,0.0201551
ISIC_0027927,HAM_0006614,nv,2,0.00021626719,4.3642263e-05,0.00012630703,0.0020324446,0.0002881895,0.9971938,9.931374e-05
ISIC_0025377,HAM_0007211,nv,2,0.00059052673,0.0008972244,0.001093916,0.006815206,0.0059185475,0.98293185,0.0017526448
ISIC_0030357,HAM_0004026,nv,2,0.0005778733,0.00013906507,0.0037857748,0.00045035456,0.0068767113,0.9878379,0.00033231123
ISIC_0032198,HAM_0001093,nv,2,0.003997737,0.0022822083,0.07530453,0.0006849355,0.00062703027,0.917022,8.1482234e-05
ISIC_0026678,HAM_0002075,nv,2,0.073902056,0.0058655357,0.059180774,0.0034194563,0.25968552,0.5940683,0.003878382
ISIC_0028301,HAM_0005069,nv,2,0.0028631438,0.0009642687,0.0038312532,0.0021532688,0.005808348,0.9821875,0.0021921124
ISIC_0027491,HAM_0007495,nv,2,0.034938153,0.004587482,0.012364817,0.0019109058,0.011486245,0.9325188,0.0021936481
ISIC_0028603,HAM_0007559,nv,2,4.3958913e-05,0.00013475193,0.00012939071,0.00028491174,0.00012878295,0.99914205,0.00013620089
ISIC_0025701,HAM_0000359,nv,2,7.230482e-05,0.004723468,0.01674431,0.00085555174,0.0034880138,0.97405136,6.501036e-05
ISIC_0025685,HAM_0003029,nv,2,0.0010262093,0.010132072,0.0015783092,0.025419887,0.0035991387,0.95474476,0.0034996138
ISIC_0027417,HAM_0007615,nv,2,0.002577505,0.0015530912,0.0047366247,0.0033556449,0.05169075,0.9277333,0.0083530685
ISIC_0025648,HAM_0004298,nv,2,0.00058257673,0.00045662542,0.0010092423,0.0023625058,0.0055720727,0.9890336,0.0009833548
ISIC_0027534,HAM_0001885,nv,2,0.00011515579,3.6994443e-05,0.00029907646,0.00051319104,0.00068091106,0.99805415,0.00030052834
ISIC_0027259,HAM_0004520,nv,2,0.0003920599,0.0002830888,0.0054192706,0.008387526,0.07666625,0.90225405,0.006597733
ISIC_0026896,HAM_0002328,nv,2,0.00087790814,0.00016905609,0.00054157083,0.00047618282,0.00043600565,0.9970071,0.000492182
ISIC_0025135,HAM_0000530,nv,2,0.0014699545,0.0047603142,0.0011269859,0.019354204,0.0013535554,0.97150236,0.00043269593
ISIC_0025917,HAM_0003500,nv,2,5.484428e-05,0.0002536213,0.0012338251,0.00011302672,0.00033984793,0.99786466,0.00014018272
ISIC_0027740,HAM_0003397,nv,2,1.1936434e-05,0.00036051648,1.3233829e-05,2.5011885e-05,4.205656e-06,0.9995466,3.8407168e-05
ISIC_0027981,HAM_0006648,nv,2,0.00056252547,0.00033141876,0.00067086576,0.0008164611,0.0014698562,0.9951538,0.0009951332
ISIC_0026972,HAM_0001251,nv,2,0.0004452453,0.0001560801,0.0013188665,0.00044250605,0.0010875069,0.9962119,0.00033797178
ISIC_0026653,HAM_0001535,nv,2,0.005290202,0.00016514507,0.51384294,0.000541745,0.0072852816,0.4726327,0.00024195894
ISIC_0025125,HAM_0006338,nv,2,9.527405e-05,7.798901e-05,0.0057536047,0.118558735,0.00053426146,0.8748995,8.058905e-05
ISIC_0029106,HAM_0006337,nv,2,4.859445e-05,0.00015017559,0.00015935011,0.00012101566,0.0002117902,0.9992048,0.000104193365
ISIC_0029722,HAM_0003338,nv,2,0.004206766,0.008611853,0.0023180016,0.08361212,0.0021843594,0.89400554,0.005061417
ISIC_0024731,HAM_0001298,nv,2,7.317117e-05,0.00019062201,0.0029684051,0.0032571454,0.0005486088,0.99261814,0.00034393472
ISIC_0026966,HAM_0006344,nv,2,0.0012773537,0.0007946731,0.0036015625,0.0019732714,0.023948595,0.966398,0.0020064823
ISIC_0031471,HAM_0004154,nv,2,0.0012186362,0.00078811584,0.0020188678,0.0019840265,0.015590235,0.9744455,0.0039544874
ISIC_0026191,HAM_0003084,nv,2,0.001500685,0.00020349435,0.047620136,0.0068029584,0.0010602121,0.9425618,0.00025070843
ISIC_0024849,HAM_0004573,nv,2,0.0020925556,0.00051404326,0.00059214793,0.024298007,0.00081838307,0.9708161,0.00086870807
ISIC_0030529,HAM_0001459,nv,2,0.002277679,0.0042886124,0.0027148183,0.0065320944,0.00210566,0.97397804,0.008103019
ISIC_0029874,HAM_0003527,nv,2,0.00012960889,0.0001031133,0.00020712051,0.00073273067,0.0034673444,0.994584,0.00077603495
ISIC_0027439,HAM_0006915,nv,2,0.00092740153,0.00014319488,0.034002542,0.0026446676,0.00071258505,0.9611376,0.0004320174
ISIC_0025259,HAM_0003306,nv,2,0.0007897994,0.0005753211,0.0057445867,0.0010618013,0.39895034,0.59076154,0.0021166487
ISIC_0027720,HAM_0006412,nv,2,0.00035468844,0.00022649254,0.0014212809,0.0005533549,0.0059150076,0.99106497,0.00046417976
ISIC_0026299,HAM_0004856,nv,2,3.188722e-05,0.0006477368,5.456792e-05,0.005146113,0.0002188065,0.9934702,0.00043084443
ISIC_0028991,HAM_0001194,nv,2,0.00022029584,0.000236244,0.0010753387,0.00045798125,0.00053914735,0.9970182,0.0004527926
ISIC_0029758,HAM_0004314,nv,2,0.0002326581,0.0023071098,0.0037555522,0.0014047567,0.0010386411,0.99060726,0.0006539432
ISIC_0024583,HAM_0004652,nv,2,9.386441e-05,0.0010983489,8.0260616e-05,0.00025113235,0.00038156591,0.99785405,0.0002408451
ISIC_0027205,HAM_0005706,nv,2,0.005511832,0.0010213658,0.0072613037,0.0030287479,0.04488765,0.93693054,0.0013585134
ISIC_0029483,HAM_0003433,nv,2,0.00092728244,0.00081906683,0.00126356,0.00067047926,0.047482707,0.94743377,0.001403212
ISIC_0032370,HAM_0003916,nv,2,0.0001440189,0.00017975342,0.00034230296,0.0012684871,0.00038378383,0.99671304,0.0009685449
ISIC_0029071,HAM_0000096,nv,2,0.0007327847,0.00040630013,0.0010133774,0.0013355677,0.0030949975,0.9925168,0.0009001864
ISIC_0024500,HAM_0004465,nv,2,0.0018054456,0.0031685187,0.07414907,0.002788719,0.005892626,0.899171,0.013024586
ISIC_0029458,HAM_0002762,nv,2,0.0021031466,0.001560095,0.0030843965,0.0028914823,0.0064484505,0.98122555,0.0026868726
ISIC_0032121,HAM_0006000,nv,2,0.0015290608,0.01046301,0.0014959816,0.0012917628,0.00047263852,0.9834907,0.0012569437
ISIC_0032137,HAM_0006354,nv,2,0.005691276,0.0013843585,0.029119123,0.0021606234,0.0052295094,0.9540803,0.0023347987
ISIC_0031939,HAM_0002028,nv,2,0.0059286975,0.000566506,0.0068864175,0.009376451,0.0012656616,0.9753567,0.00061956
ISIC_0027173,HAM_0005472,nv,2,0.0002683354,3.4272587e-05,0.00027869781,0.00018178935,0.0001449105,0.99900717,8.488356e-05
ISIC_0028778,HAM_0006534,nv,2,0.00012180836,3.7911108e-05,0.00023935686,0.00041931946,0.005394703,0.99276966,0.001017286
ISIC_0030584,HAM_0005458,nv,2,0.0001628849,0.0006248526,0.00022219903,0.00060023216,0.00021422621,0.9980751,0.000100405894
ISIC_0028839,HAM_0004994,nv,2,0.0002826448,0.00018788509,0.00028140785,0.0006527771,0.0011549176,0.9965797,0.0008605752
ISIC_0032377,HAM_0000196,nv,2,0.0003680244,0.0002217936,0.0022335341,0.0008626996,0.000668353,0.9947748,0.00087077526
ISIC_0025521,HAM_0004969,nv,2,0.010056473,0.023282817,0.15242176,0.045519833,0.0066632493,0.7301244,0.03193152
ISIC_0026821,HAM_0007321,nv,2,0.00878569,0.0038405315,0.009852277,0.0068581942,0.016372724,0.9417746,0.012515801
ISIC_0031884,HAM_0004753,nv,2,0.00016361644,0.006618085,0.00015334385,0.0003357473,0.0024198913,0.9901841,0.00012528551
ISIC_0028409,HAM_0005133,nv,2,0.0044918517,0.0016317402,0.008568448,0.00285497,0.05595507,0.91968036,0.0068175485
ISIC_0030799,HAM_0005771,nv,2,0.000111984584,7.6778124e-05,0.0011057769,0.00014099508,0.011061715,0.98659945,0.00090333546
ISIC_0026507,HAM_0006091,nv,2,8.439873e-05,7.1627255e-05,0.000974902,8.632417e-05,0.00018043137,0.99844486,0.00015753647
ISIC_0030861,HAM_0002496,nv,2,6.2971376e-05,8.117448e-05,0.00071949506,0.00039685375,0.004214306,0.99373066,0.00079463574
ISIC_0024735,HAM_0006378,nv,2,0.0011413964,2.4703872e-05,0.0012042047,0.00846346,0.0010651944,0.98802865,7.233701e-05
ISIC_0032449,HAM_0006127,nv,2,0.0061781206,0.0037806416,0.008155905,0.0025314477,0.039959937,0.9342774,0.005116545
ISIC_0031665,HAM_0007007,nv,2,0.0023263034,0.002649378,0.0013561265,0.0013542764,0.011452072,0.9794048,0.0014571191
ISIC_0031135,HAM_0000401,nv,2,0.00028766348,0.006081032,0.00030061262,0.00022025949,0.00097108603,0.99103177,0.0011076569
ISIC_0029299,HAM_0000071,nv,2,0.00019674277,0.0018518523,0.0012731823,0.0018015811,6.1827086e-05,0.9918166,0.002998207
ISIC_0032255,HAM_0005145,nv,2,0.00020377382,3.923001e-05,0.0004494017,0.00039637648,0.008098718,0.9905558,0.00025667343
ISIC_0026162,HAM_0005525,nv,2,0.010497114,0.008146924,0.005413569,0.006792539,0.0016040233,0.96597356,0.0015722023
ISIC_0028855,HAM_0005201,nv,2,0.00030124284,0.00025000045,0.0007213983,0.0012081512,0.0001683422,0.9969049,0.0004459512
ISIC_0026380,HAM_0000533,nv,2,0.00080799055,0.00026474288,0.0033666051,0.0004764781,0.00808085,0.9861259,0.00087747374
ISIC_0029710,HAM_0002068,nv,2,0.0019564002,0.0004068366,0.002542804,0.0022055109,0.08161246,0.90898806,0.0022879671
ISIC_0026750,HAM_0000906,nv,2,6.834541e-05,0.00014951834,0.0005357453,0.00024345744,0.01016428,0.9885539,0.00028478834
ISIC_0030395,HAM_0002980,nv,2,0.0014610053,0.00032086883,0.02292955,0.0014901308,0.0054989206,0.96775657,0.0005429368
ISIC_0029949,HAM_0002337,nv,2,0.00024561363,0.00016273286,0.00019063719,0.00019749183,0.0017243674,0.99739456,8.450202e-05
ISIC_0031235,HAM_0007055,nv,2,0.00049686857,0.0004426065,0.00045429962,0.0038844561,0.00023500746,0.9936098,0.000876998
ISIC_0029768,HAM_0002479,nv,2,0.011214169,0.0032480275,0.003633643,0.05168728,0.004102952,0.9237508,0.0023630997
ISIC_0031878,HAM_0004950,nv,2,0.0012285513,0.00084623555,0.0041797343,0.00040652903,0.0018462625,0.9910206,0.00047210278
ISIC_0024460,HAM_0007135,nv,2,0.013483065,0.0073675755,0.0086871665,0.027037904,0.009556362,0.89384335,0.040024623
ISIC_0025608,HAM_0003624,nv,2,9.289644e-05,0.00018629438,0.00028303714,0.00077755726,0.00093996903,0.996603,0.0011171923
ISIC_0025429,HAM_0007547,nv,2,8.009611e-05,7.723924e-05,0.00044785274,0.00016080716,0.014945098,0.98421496,7.3859956e-05
ISIC_0031687,HAM_0004741,nv,2,0.00081730774,0.00021667301,0.0076655666,0.0006940192,0.005074302,0.98452294,0.0010092523
ISIC_0028895,HAM_0003567,nv,2,3.3208624e-05,0.0008935764,2.0557794e-05,0.00139951,2.4656392e-05,0.9975817,4.679961e-05
ISIC_0029175,HAM_0002806,nv,2,0.006628176,0.00063962553,0.017491408,0.0007321746,0.15891674,0.8149376,0.00065426296
ISIC_0030763,HAM_0002157,nv,2,0.001071907,0.0013084335,0.0035696514,0.0012490287,0.023709357,0.9644993,0.004592357
ISIC_0029941,HAM_0001089,nv,2,0.00038740886,0.00030180987,0.00045686334,0.0016592344,0.0033331062,0.9924144,0.0014471893
ISIC_0029691,HAM_0002880,nv,2,6.1816776e-05,5.3320047e-05,0.00011281536,8.6156055e-05,0.00011523139,0.9994498,0.00012081687
ISIC_0024769,HAM_0002863,nv,2,0.0034770963,0.0015451544,0.005605943,0.0023570813,0.021851247,0.9542089,0.010954577
ISIC_0028742,HAM_0004062,nv,2,0.0004450727,0.00018802936,0.001957951,0.0025018526,0.013037314,0.98058003,0.0012896796
ISIC_0028046,HAM_0003719,nv,2,0.0004338372,5.4613007e-05,0.00063497183,0.00019490471,0.005347958,0.99314994,0.00018391784
ISIC_0026082,HAM_0002379,nv,2,0.00051761727,0.00019385877,0.0007132757,0.0008510776,0.004620041,0.9921698,0.0009342812
ISIC_0029379,HAM_0002781,nv,2,6.151888e-05,3.5525467e-05,5.0576982e-05,0.00030434295,2.7079705e-05,0.9994407,8.032745e-05
ISIC_0032483,HAM_0004104,nv,2,0.0006667092,0.00024020456,0.00081451953,0.0011661369,0.011492944,0.9845725,0.0010469226
ISIC_0032032,HAM_0000681,nv,2,0.00022608376,0.0008188719,0.0018659332,0.0017312471,0.0020337724,0.9895858,0.0037382885
ISIC_0027749,HAM_0000466,nv,2,0.000101221594,0.00012908172,0.00027993714,0.00089130236,0.00040521086,0.9964908,0.0017024187
ISIC_0029446,HAM_0000749,nv,2,0.001459962,0.0005079785,0.009319141,0.0013586244,0.0023527045,0.98067605,0.004325489
ISIC_0027603,HAM_0003922,nv,2,0.00075330073,0.0003652529,0.0023287027,0.000926783,0.10416229,0.8909407,0.00052295165
ISIC_0028432,HAM_0004778,nv,2,0.0001684188,0.009500947,0.00078418927,0.00048357053,0.00034609737,0.9876436,0.0010732452
ISIC_0028521,HAM_0002446,nv,2,0.00023530092,0.00015355955,0.0013124896,0.00068534655,0.0043755267,0.9925742,0.0006635433
ISIC_0029433,HAM_0001445,nv,2,0.00035582052,0.00061329274,0.0009037333,0.0005586661,0.0022794087,0.9942504,0.0010386888
ISIC_0025721,HAM_0001963,nv,2,0.00025407833,3.301408e-05,0.00036617334,0.0006530056,0.0018171316,0.9967051,0.00017146755
ISIC_0024528,HAM_0002857,nv,2,6.731209e-05,0.0012473626,0.0015775437,0.0009262729,0.0004569589,0.9956454,7.9212405e-05
ISIC_0027934,HAM_0001398,nv,2,0.0009066754,0.0021809519,0.003619147,0.00060925435,0.0077445856,0.9829258,0.0020135834
ISIC_0031574,HAM_0005928,nv,2,0.0008775372,0.00055502664,0.0021190853,0.0013441455,0.009647554,0.9838027,0.0016539169
ISIC_0027161,HAM_0005494,nv,2,0.00045607108,0.0013038784,0.0015308232,0.0012564762,0.0133862095,0.9805948,0.0014717719
ISIC_0032224,HAM_0005033,nv,2,9.097629e-05,0.00088430516,0.0043848646,0.0002599141,5.8607937e-05,0.9942373,8.400037e-05
ISIC_0031840,HAM_0006991,nv,2,0.00057351077,0.00035722525,0.0011099431,0.0015910221,0.0022730995,0.99240375,0.0016913277
ISIC_0025991,HAM_0000595,nv,2,0.002548418,0.0015876301,0.0040935404,0.0029197617,0.007869731,0.97712654,0.0038543502
ISIC_0024607,HAM_0002563,nv,2,8.376828e-05,7.5216485e-05,0.00024620563,0.00022078972,0.0003185214,0.9985637,0.00049178215
ISIC_0030931,HAM_0007493,nv,2,0.006404355,0.004435605,0.0034917044,0.009296478,0.037266295,0.9273955,0.011709935
ISIC_0028717,HAM_0005803,nv,2,0.0015731831,0.00028229324,0.0020994176,0.00066137564,0.0045244023,0.9905061,0.00035319634
ISIC_0025853,HAM_0003897,nv,2,0.00062436267,0.005243363,0.011358161,0.00038709855,0.0045391032,0.9763715,0.0014763521
ISIC_0031514,HAM_0005029,nv,2,0.0009174399,0.00045392208,0.0012359149,0.0004905567,0.00030559578,0.9959637,0.0006328494
ISIC_0024413,HAM_0001110,nv,2,6.0672224e-05,0.00028852638,0.0008912472,0.0018497448,0.0010061027,0.9927133,0.0031903822
ISIC_0026428,HAM_0004931,nv,2,0.00028124853,0.0001303984,0.0003898236,0.000502694,0.013067279,0.98511595,0.00051257183
ISIC_0032351,HAM_0006963,nv,2,0.00042430582,0.00067962066,0.0026429447,0.0007179772,0.0028513018,0.9922591,0.0004246869
ISIC_0030667,HAM_0004530,nv,2,6.20223e-05,0.00020521058,6.499993e-05,0.00037782447,0.0002211761,0.9988508,0.0002180139
ISIC_0029136,HAM_0005416,nv,2,0.0032040465,0.0009875136,0.0054266835,0.003246937,0.009207506,0.97672254,0.0012048859
ISIC_0025203,HAM_0004048,nv,2,0.0009779264,0.0008476597,0.0017130953,0.0016572236,0.004573638,0.9866555,0.0035749474
ISIC_0026627,HAM_0003519,nv,2,5.8862755e-05,0.00018004635,9.172036e-05,0.0017087911,0.00031236163,0.9958754,0.0017727334
ISIC_0029487,HAM_0006582,nv,2,0.0044196052,0.00032172207,0.0041688518,0.0027486088,0.011916229,0.97539943,0.0010254959
ISIC_0024591,HAM_0006068,nv,2,0.00858603,0.0043075867,0.011808495,0.008029083,0.031525273,0.8980252,0.03771832
ISIC_0029237,HAM_0006477,nv,2,0.006217388,0.002515685,0.004080886,0.0041627376,0.04604029,0.9301931,0.0067898985
ISIC_0024506,HAM_0004340,nv,2,0.00033444507,0.00019875435,0.0023843816,0.000413119,0.000861138,0.9954731,0.00033512354
ISIC_0028072,HAM_0000081,nv,2,0.0007527745,0.00022429894,0.0021248304,0.0013859163,0.08834683,0.9060166,0.0011487677
ISIC_0027330,HAM_0001985,nv,2,0.0001811752,0.00043494077,0.000133341,0.00020429352,0.0006784458,0.997866,0.0005019973
ISIC_0031067,HAM_0005615,nv,2,0.0018507472,0.00048232684,0.010663045,0.0009625869,0.04949103,0.9350806,0.0014697243
ISIC_0025111,HAM_0005819,nv,2,0.016511375,0.015370553,0.06500021,0.0049455776,0.003088047,0.88304985,0.012034384
ISIC_0024633,HAM_0006254,nv,2,1.4945507e-05,0.00017757788,4.893009e-05,0.0040124357,0.00026163243,0.98992634,0.005558189
ISIC_0029853,HAM_0001485,nv,2,8.9309215e-05,8.51642e-05,0.00014680249,0.00041163614,0.0008754512,0.9974496,0.0009419921
ISIC_0031856,HAM_0007197,nv,2,0.00051126984,9.827148e-05,0.0004317274,0.00046637838,0.0019280647,0.99618286,0.00038140998
ISIC_0029283,HAM_0001873,nv,2,0.00023077792,0.00029271355,0.0010184264,0.0006404488,0.0019737375,0.99274534,0.0030985416
ISIC_0026721,HAM_0002790,nv,2,0.00061172753,0.00020597219,0.00031190814,0.0006163869,0.0012249406,0.99647444,0.00055453664
ISIC_0026078,HAM_0005108,nv,2,0.0037649297,0.00083566946,0.00085690594,0.10089754,0.0045997733,0.8876283,0.0014167718
ISIC_0030071,HAM_0002883,nv,2,0.0006112396,0.000591015,0.0002565276,0.0020133967,0.000661306,0.9955799,0.0002865295
ISIC_0026077,HAM_0005592,nv,2,4.3155185e-05,0.0006549483,0.00018167555,0.00021327977,0.00038520584,0.99753666,0.0009850329
ISIC_0030745,HAM_0000115,nv,2,0.004762825,0.0051173414,0.00737373,0.0022796537,0.015478445,0.94806755,0.016920427
ISIC_0026504,HAM_0002114,nv,2,0.008815637,0.011910978,0.014413713,0.04539293,0.019043753,0.8656616,0.034761395
ISIC_0027050,HAM_0004597,nv,2,0.00054206525,0.00031756668,0.0018366227,0.00089441705,0.0029931504,0.9923828,0.0010333048
ISIC_0030750,HAM_0005277,nv,2,0.0006097946,0.0006384635,0.00094488816,0.0017058669,0.0044532865,0.9894065,0.0022411996
ISIC_0025570,HAM_0003985,nv,2,3.5192097e-06,5.5073933e-06,2.7375205e-05,1.688383e-05,4.5157627e-05,0.9998872,1.4305132e-05
ISIC_0030788,HAM_0004785,nv,2,7.286797e-05,1.3623225e-05,8.084733e-05,0.00161148,0.00040550792,0.99777836,3.7259262e-05
ISIC_0026278,HAM_0001081,nv,2,0.00022179855,0.00057281536,0.00065987284,0.000298353,0.003911762,0.99391985,0.00041548972
ISIC_0027890,HAM_0006717,nv,2,0.00030804978,0.0014055311,0.00065504044,0.0073745097,0.00052877964,0.9861604,0.0035677126
ISIC_0027001,HAM_0003134,nv,2,3.0334355e-05,1.4390147e-05,9.147279e-05,4.5396035e-05,0.00026914902,0.999488,6.119398e-05
ISIC_0024513,HAM_0003712,nv,2,8.3273735e-05,8.1691265e-05,0.0013109404,0.0005507384,0.0010852737,0.98806304,0.008824883
ISIC_0031607,HAM_0002270,nv,2,0.0002833321,0.0004940664,0.00027834869,0.0014362392,0.0003812621,0.9957937,0.0013330732
ISIC_0024530,HAM_0001235,nv,2,0.0012561437,0.0011940901,0.0012066922,0.0014782778,0.023466622,0.9701198,0.0012784202
ISIC_0029718,HAM_0003545,nv,2,0.005066354,0.0011818792,0.017702585,0.0010614623,0.07629552,0.8976997,0.0009925278
ISIC_0028697,HAM_0001585,nv,2,0.00025291843,0.0002536506,0.0069064843,0.00056697713,0.015188993,0.9757052,0.0011257044
ISIC_0030017,HAM_0002643,nv,2,0.00042896633,0.00017465351,0.0030317311,0.00034700872,0.0060418877,0.98933476,0.0006410356
ISIC_0026332,HAM_0004339,nv,2,0.00527408,0.004398761,0.0072297705,0.005476472,0.0060260817,0.96591204,0.0056828326
ISIC_0024316,HAM_0002718,nv,2,0.003643035,0.0005725308,0.0013628602,0.0027973608,0.0023476637,0.98870325,0.000573246
ISIC_0027864,HAM_0000944,nv,2,0.00058207003,0.00047427954,0.0015484485,0.0068090586,0.00069737586,0.9886009,0.001287875
ISIC_0030325,HAM_0004493,nv,2,0.00047847547,0.000100738354,0.00033445668,0.00046638265,0.0024573463,0.99599874,0.0001639858
ISIC_0027792,HAM_0003929,nv,2,0.001805354,0.00019857993,0.008924907,0.0008792536,0.009905524,0.9776308,0.0006555973
ISIC_0031066,HAM_0006488,nv,2,0.00043528154,0.00038227084,0.0005123688,0.0018985384,0.0010178864,0.994995,0.0007586574
ISIC_0025582,HAM_0007423,nv,2,0.0003113615,2.8756755e-05,0.0038846973,0.00015026436,0.0019455086,0.9936237,5.5639986e-05
ISIC_0031983,HAM_0006890,nv,2,0.00116875,0.00026980528,0.38142455,0.0003985135,0.0014723088,0.61494577,0.0003203415
ISIC_0028040,HAM_0001463,nv,2,0.0012007967,0.00030117456,0.010760793,0.0010744232,0.0038440486,0.9816389,0.0011799278
ISIC_0025479,HAM_0005220,nv,2,0.006840252,0.0019525166,0.005667743,0.0028944244,0.018255929,0.96099776,0.0033913394
ISIC_0028638,HAM_0001320,nv,2,0.0017474106,0.00082396995,0.012284684,0.040791087,0.0039625675,0.93913454,0.0012557297
ISIC_0024802,HAM_0002156,nv,2,0.00027188714,0.00024856336,0.0005810764,0.00022673604,0.003459322,0.9948639,0.00034840472
ISIC_0029178,HAM_0000594,nv,2,3.0298705e-05,0.0005130322,0.0001125185,0.00019742001,9.4143315e-06,0.9991278,9.504162e-06
ISIC_0031020,HAM_0005515,nv,2,0.003742991,0.00055564096,0.0058033788,0.003077848,0.012304631,0.9731644,0.0013510939
ISIC_0024417,HAM_0003473,nv,2,0.00048398314,0.000375672,0.0035826708,0.00048468175,0.0012064666,0.9929733,0.00089307956
ISIC_0027835,HAM_0007126,nv,2,0.00026691306,9.626297e-05,0.00067311036,0.0019074753,0.016986273,0.97982776,0.00024235662
ISIC_0032488,HAM_0002383,nv,2,0.0075310958,0.004552491,0.008019451,0.009731423,0.01624125,0.942093,0.011831287
ISIC_0029787,HAM_0004136,nv,2,0.0067627425,0.0032865468,0.015914833,0.008740141,0.003791668,0.954635,0.0068689813
ISIC_0025538,HAM_0000661,nv,2,0.0003566428,0.00012204199,0.00075967284,0.0006990836,0.0052445224,0.99169594,0.0011222399
ISIC_0025233,HAM_0003718,nv,2,4.873312e-05,5.714255e-05,0.00042078822,0.00064701575,0.0037906403,0.9943434,0.0006923272
ISIC_0024353,HAM_0002847,nv,2,0.0058698445,0.0012669623,0.0039538015,0.0034786966,0.005475337,0.97627527,0.0036801274
ISIC_0032012,HAM_0001980,nv,2,0.0011288051,0.002371783,0.0016728711,0.0017661728,0.0013631003,0.9908669,0.0008304053
ISIC_0027741,HAM_0000419,nv,2,0.0026778274,0.0017961512,0.004266436,0.007304576,0.0020341126,0.97824836,0.0036724918
ISIC_0031480,HAM_0007256,nv,2,0.009851564,0.00364692,0.0153524075,0.005052746,0.006776307,0.95374197,0.005578098
ISIC_0025565,HAM_0003153,nv,2,0.00072682754,0.00052506296,0.0013955135,0.00056866504,0.0035369445,0.99159414,0.0016527813
ISIC_0025012,HAM_0000873,nv,2,0.000353962,0.0005454719,0.00086064095,0.0003037371,0.022571938,0.974704,0.00066012744
ISIC_0026307,HAM_0001365,nv,2,0.00029281556,0.00039023408,0.003866738,0.00035737597,0.0021183784,0.99280727,0.0001672102
ISIC_0025401,HAM_0000842,nv,2,7.9295234e-05,5.946034e-05,0.00086869585,0.00018025485,0.022355497,0.9763849,7.1843344e-05
ISIC_0026579,HAM_0002022,nv,2,0.00030689294,6.4119515e-05,0.00027790986,0.00040338814,0.00394952,0.99454135,0.0004569206
ISIC_0030637,HAM_0004173,nv,2,0.0006029103,0.0004209442,0.06854648,0.0038982746,0.0016507672,0.9244273,0.00045340284
ISIC_0032177,HAM_0002520,nv,2,0.0003650156,0.0007572357,0.00052947114,0.002586864,0.00010404194,0.9948489,0.00080835796
ISIC_0030320,HAM_0006646,nv,2,0.0007869822,0.00021768133,0.0014506519,0.0028803076,0.005323023,0.98871124,0.000630041
ISIC_0029063,HAM_0001185,nv,2,0.0002450762,4.5847104e-05,0.0002830055,0.0008784577,0.0028738417,0.9953318,0.000341984
ISIC_0025459,HAM_0002727,nv,2,0.00042282228,0.0003676791,0.00034922204,0.0011049889,0.0006305293,0.9964348,0.00069000584
ISIC_0025715,HAM_0007111,nv,2,0.0089575825,0.0051780427,0.0066160657,0.014017791,0.03535222,0.91503197,0.014846251
ISIC_0030331,HAM_0006163,nv,2,6.44818e-05,0.000633177,0.00034277816,0.00023860873,0.00025686016,0.9983728,9.12987e-05
ISIC_0031415,HAM_0001704,nv,2,0.0019527668,0.0005244162,0.001087614,0.0026512682,0.0007140966,0.99266714,0.00040264946
ISIC_0030563,HAM_0007136,nv,2,0.0016392207,0.00019226794,0.0010512535,0.0012350588,0.04264744,0.95268536,0.0005494473
ISIC_0025532,HAM_0000438,nv,2,0.001902488,0.0014538356,0.005725962,0.0009826662,0.061361287,0.9257218,0.0028518913
ISIC_0029285,HAM_0006276,nv,2,0.0013508123,0.00044405705,0.00053327694,0.006169092,0.0053638904,0.98479766,0.0013410813
ISIC_0032323,HAM_0003070,nv,2,4.4547345e-05,2.756212e-05,9.495416e-05,8.628969e-05,0.0006531645,0.99893254,0.00016093449
ISIC_0026939,HAM_0000254,nv,2,0.001035182,0.0014683172,0.023399344,0.0017325501,0.0011550526,0.969911,0.0012985002
ISIC_0030062,HAM_0001293,nv,2,0.00020436734,0.00047143773,0.0004611093,0.0011776652,0.0012587287,0.9958703,0.0005563294
ISIC_0027446,HAM_0002968,nv,2,3.5604087e-05,9.538336e-06,0.00012173143,4.7000267e-05,0.00039855717,0.9992817,0.000105811436
ISIC_0027787,HAM_0004220,nv,2,0.00042833257,0.00036442486,0.00085302594,0.00091668573,0.00029782648,0.9968472,0.00029249134
ISIC_0028320,HAM_0005577,nv,2,0.00026183238,0.000114798655,0.0002885749,0.00056395755,0.00078369136,0.9976031,0.00038413645
ISIC_0025590,HAM_0006819,nv,2,0.00016183092,7.30506e-05,0.0003348289,0.00081572734,0.005177259,0.9926738,0.000763582
ISIC_0027233,HAM_0007375,nv,2,0.00012791515,0.00011353694,0.00021672637,7.7125085e-05,4.4459757e-05,0.99921095,0.00020930512
ISIC_0026851,HAM_0001166,nv,2,0.00463142,0.00046386034,0.0009655369,0.012242696,0.0014130517,0.97998846,0.0002950243
ISIC_0026894,HAM_0006984,nv,2,0.0002212749,0.0038160477,0.0011822234,0.09112266,0.00014200121,0.90011847,0.0033974408
ISIC_0027115,HAM_0007576,nv,2,0.0010919885,0.0005093744,0.0027309908,0.0034708206,0.022692708,0.9644162,0.0050877947
ISIC_0024751,HAM_0004870,nv,2,0.000726235,0.00038228926,0.00050315954,0.00040295147,0.0035687354,0.99409026,0.00032640595
ISIC_0030749,HAM_0006153,nv,2,0.00041108206,0.00017893635,0.0004909186,0.00093636377,0.005379534,0.9920149,0.0005882933
ISIC_0026903,HAM_0005394,nv,2,0.00019363512,6.6922774e-05,0.00024730928,0.0003159058,0.0013387448,0.99762696,0.00021048599
ISIC_0025405,HAM_0007279,nv,2,0.003982545,0.0029141759,0.004616473,0.004954498,0.0058675185,0.9728229,0.0048419014
ISIC_0028018,HAM_0002468,nv,2,0.0005387598,0.0018142655,0.0004908791,0.0032401376,0.0020666379,0.9898783,0.0019709484
ISIC_0028019,HAM_0005041,nv,2,0.0006260293,0.0019301218,0.0012457359,0.0005833073,0.0012048619,0.99283034,0.001579634
ISIC_0029712,HAM_0004438,nv,2,0.0036632475,0.0006632882,0.0020516969,0.0019345802,0.044612788,0.94474506,0.002329329
ISIC_0029796,HAM_0000860,nv,2,0.0026365651,0.0005973527,0.005006875,0.0022525608,0.009703115,0.9787442,0.0010593244
ISIC_0028522,HAM_0004906,nv,2,0.00018676415,0.00065150985,7.87006e-05,0.0013747494,0.0006805791,0.9965012,0.00052652176
ISIC_0026181,HAM_0001560,nv,2,0.00036765743,0.00019456231,0.0004936678,0.0019624897,0.0015808099,0.994276,0.0011248109
ISIC_0030558,HAM_0007192,nv,2,0.00056252757,0.00019739514,0.00076693523,0.0011108116,0.0050078207,0.991899,0.00045558106
ISIC_0025705,HAM_0004961,nv,2,0.0006994212,0.00018931636,0.00062793517,0.0011282716,0.09163666,0.90523666,0.0004818044
ISIC_0027985,HAM_0004357,nv,2,0.0007442096,0.08372024,0.003234221,0.002417488,0.012268416,0.8906331,0.0069822404
ISIC_0025788,HAM_0003591,nv,2,0.0020474915,0.00040507602,0.00361692,0.00691983,0.055761572,0.92901623,0.0022327953
ISIC_0026189,HAM_0000926,nv,2,0.00040920332,0.00022131334,0.000803099,0.00093539787,0.0041180984,0.9927165,0.0007964208
ISIC_0030650,HAM_0000538,nv,2,0.00060304743,0.00023173622,0.0028725043,0.00035750252,0.0063360105,0.9889676,0.0006316183
ISIC_0026394,HAM_0007134,nv,2,0.0003067804,7.732759e-05,0.0005266442,0.0005475494,0.004076221,0.9942668,0.000198658
ISIC_0030259,HAM_0000665,nv,2,0.00013367862,1.7050543e-05,0.00012034101,0.00082097645,0.00024119497,0.99863106,3.574651e-05
ISIC_0027369,HAM_0003228,nv,2,0.0019974303,0.0020412868,0.007073864,0.0029697844,0.02908795,0.9516193,0.005210337
ISIC_0030949,HAM_0001271,nv,2,0.00029075018,0.0005295451,0.00030031678,0.0007039014,0.0022520558,0.9869484,0.008975
ISIC_0027286,HAM_0005832,nv,2,0.0033492104,0.00025592936,0.0038022238,0.0009770108,0.17175703,0.81885797,0.0010005276
ISIC_0030938,HAM_0006098,nv,2,0.00034630083,0.00019551384,0.0013775441,0.00023816018,0.0011261469,0.99640584,0.00031051046
ISIC_0025977,HAM_0001225,nv,2,0.0002563774,0.00034035073,0.00044961832,0.0015946664,0.0010693186,0.99249977,0.003789845
ISIC_0031912,HAM_0002183,nv,2,0.0012826131,0.0075689335,0.028784495,0.011483102,0.0022925304,0.93615687,0.012431455
ISIC_0026005,HAM_0003889,nv,2,0.0013836619,0.0027595744,0.008784335,0.0010928164,0.010607861,0.9718043,0.0035674085
ISIC_0028089,HAM_0006059,nv,2,0.00091255567,5.3370633e-05,0.0003974141,0.01727712,0.005614417,0.97553015,0.0002150445
ISIC_0026373,HAM_0003736,nv,2,0.0005155988,0.0005047477,0.0016343705,0.0016626512,0.0017693235,0.9919281,0.0019851145
ISIC_0029326,HAM_0005081,nv,2,0.00013716605,0.0010511823,0.00040177512,0.00027736224,0.0017671145,0.9954093,0.00095604087
ISIC_0025801,HAM_0004132,nv,2,0.00012854821,0.0009997049,0.00017829392,0.0007560226,0.0013592549,0.9964045,0.00017375016
ISIC_0031478,HAM_0004658,nv,2,0.0026932447,0.000101139434,0.008258099,0.0024809442,0.01429013,0.9720532,0.00012324225
ISIC_0031441,HAM_0007267,nv,2,0.037997,0.02093771,0.035638668,0.0062262793,0.026882546,0.85880184,0.01351599
ISIC_0032357,HAM_0007098,nv,2,0.00020160203,0.000369415,0.00068791077,0.00044098144,0.00052673725,0.9975134,0.00025993426
ISIC_0027267,HAM_0002870,nv,2,0.00018107718,0.00023155662,0.0040197643,0.0016912997,0.0028618115,0.9905714,0.00044309898
ISIC_0028262,HAM_0004959,nv,2,0.00042781173,0.00060711196,0.00039970386,0.0009880853,0.002394787,0.99324375,0.0019387724
ISIC_0029529,HAM_0007034,nv,2,0.00026212446,5.2327738e-05,0.012719505,0.0002520468,0.0066502714,0.9799801,8.353635e-05
ISIC_0030848,HAM_0003166,nv,2,0.001166247,0.027664917,0.14366208,0.001271193,0.017778184,0.80646634,0.0019909593
ISIC_0028852,HAM_0000800,nv,2,0.009199718,0.0011564948,0.009005275,0.0060589323,0.024882639,0.9381569,0.011540072
ISIC_0029761,HAM_0005948,nv,2,0.0003661443,0.0003897013,0.0004856398,0.0009912953,0.0009804175,0.9940621,0.0027246408
ISIC_0028064,HAM_0006392,nv,2,0.00010742088,0.00011209007,0.00015604966,0.0003945358,0.00051213236,0.99657625,0.002141475
ISIC_0030044,HAM_0001776,nv,2,0.00025451794,6.181838e-05,0.00020395816,7.0772054e-05,0.0014372553,0.99782336,0.00014832173
ISIC_0029198,HAM_0006749,nv,2,0.0017127297,0.0011252115,0.0020197034,0.004086024,0.0052685696,0.9828708,0.0029170155
ISIC_0029253,HAM_0000306,nv,2,0.0031199683,0.0021930991,0.0027449792,0.0032441812,0.0036212292,0.9486418,0.03643474
ISIC_0028396,HAM_0005977,nv,2,0.0006226775,0.0006793672,0.00048091693,0.0058670347,0.020715222,0.97036284,0.0012720054
ISIC_0031946,HAM_0000190,nv,2,3.753338e-05,7.925792e-05,8.336116e-05,0.00011774927,0.0001093921,0.9992499,0.0003229635
ISIC_0029834,HAM_0004454,nv,2,0.024775784,0.001137322,0.0113587165,0.0036642689,0.13786517,0.81981933,0.0013793968
ISIC_0025673,HAM_0005089,nv,2,0.0005985633,0.00613465,0.00047002028,0.0005168754,0.0004217021,0.9915173,0.00034095533
ISIC_0029110,HAM_0001233,nv,2,0.003950178,0.006173658,0.0033815342,0.0054763746,0.0041490397,0.9739199,0.0029493854
ISIC_0026250,HAM_0003955,nv,2,0.00040929858,9.400554e-05,0.00056992803,0.00030929,0.0030485797,0.99516404,0.00040495125
ISIC_0028536,HAM_0003903,nv,2,6.864441e-05,9.629763e-05,5.0355276e-05,0.0015235901,0.0011192324,0.9968521,0.0002898777
ISIC_0031241,HAM_0000404,nv,2,0.047949366,0.01744961,0.029469106,0.0016552209,0.02493349,0.8735908,0.0049523944
ISIC_0026719,HAM_0000602,nv,2,0.0011209975,0.0006937671,0.00015467433,0.0008282868,0.0021502357,0.99468154,0.0003704621
ISIC_0030590,HAM_0000950,nv,2,0.0024660653,0.000645473,0.0048997756,0.0058782226,0.08348124,0.900936,0.0016931767
ISIC_0026595,HAM_0004795,nv,2,0.0015250277,0.0016941407,0.003470869,0.00061210344,0.009822759,0.9812278,0.0016472632
ISIC_0026353,HAM_0002278,nv,2,0.0060096807,0.004666112,0.020533599,0.009120078,0.011202247,0.9429892,0.005479143
ISIC_0030437,HAM_0003746,nv,2,0.0032969036,0.0013160314,0.0032169428,0.0025816932,0.01180159,0.9734943,0.004292659
ISIC_0025393,HAM_0004358,nv,2,0.0014857464,0.0008444277,0.0023472616,0.0030828908,0.008451831,0.98155034,0.002237468
ISIC_0028078,HAM_0005637,nv,2,0.0005543222,0.00011009373,0.00026239752,0.0008781821,0.0039199092,0.99399394,0.00028120072
ISIC_0032353,HAM_0000535,nv,2,0.0061879684,0.005193049,0.004952764,0.008306779,0.013035469,0.9536666,0.008657319
ISIC_0027728,HAM_0000644,nv,2,0.003575023,0.000736172,0.0017121425,0.0027237872,0.0069292034,0.98308784,0.0012357876
ISIC_0029579,HAM_0003082,nv,2,0.0004141899,0.0003995724,0.0004571198,0.00059381145,0.0019995184,0.9953176,0.00081811706
ISIC_0027750,HAM_0000461,nv,2,0.00040842462,0.00054529234,0.0005964832,0.009860298,0.0011304336,0.9868836,0.00057540165
ISIC_0027773,HAM_0007360,nv,2,0.00074909115,0.00053975545,0.002415732,0.001387221,0.019339897,0.97184765,0.0037205992
ISIC_0031432,HAM_0007063,nv,2,0.0021278858,0.0011456729,0.002497884,0.0028737816,0.01509387,0.9726465,0.0036144264
ISIC_0025115,HAM_0006995,nv,2,0.00043358223,0.0008072747,0.0008110718,0.0011530826,0.0011269839,0.9952108,0.00045732217
ISIC_0030886,HAM_0003334,nv,2,0.01742195,0.00066552457,0.0014044823,0.022055704,0.0017584877,0.9561092,0.0005846499
ISIC_0026797,HAM_0002318,nv,2,0.0015732963,0.0002015233,0.00362866,0.00040305988,0.0055226334,0.98843527,0.00023556864
ISIC_0024610,HAM_0002676,nv,2,7.613512e-05,0.00092883984,0.00046090336,0.0020296639,0.0013717619,0.98657715,0.00855545
ISIC_0031242,HAM_0003242,nv,2,0.00024042133,5.354466e-05,0.0030722627,0.0006839489,0.011552209,0.9837426,0.00065502385
ISIC_0025220,HAM_0006638,nv,2,0.0015253051,0.006115845,0.021340653,0.0011335656,0.0026600396,0.9616296,0.0055949353
ISIC_0024894,HAM_0003879,nv,2,0.00020533345,0.00011419147,0.00044340923,0.0007092112,0.005157265,0.9924752,0.00089547376
ISIC_0031267,HAM_0006679,nv,2,3.8522227e-05,9.675523e-05,2.7636659e-05,0.0007521567,0.000313725,0.9986143,0.00015683251
ISIC_0029727,HAM_0000929,nv,2,0.0002184182,0.00021504957,0.00028298184,0.0009042035,0.0005158318,0.99764156,0.00022197311
ISIC_0031084,HAM_0006562,nv,2,0.004502119,0.002209221,0.003574425,0.0039027599,0.005006053,0.9750171,0.0057883263
ISIC_0026800,HAM_0003013,nv,2,0.00050764426,0.00041217176,0.0009458021,0.0021126543,0.0024490512,0.9918148,0.001757933
ISIC_0026856,HAM_0004697,nv,2,0.00013210463,0.00021995787,0.00020307423,0.00064498803,0.0010730135,0.9964927,0.0012341073
ISIC_0032324,HAM_0002117,nv,2,0.0076307207,0.0009117774,0.0030605358,0.0046518343,0.21925953,0.761079,0.0034066201
ISIC_0030503,HAM_0005919,nv,2,0.0002358767,0.00040811824,0.00020275883,0.0015194142,0.0006602191,0.9944195,0.0025540644
ISIC_0024639,HAM_0003797,nv,2,0.008320375,0.0022489664,0.036364634,0.018722871,0.028927295,0.8958283,0.009587573
ISIC_0028348,HAM_0006319,nv,2,0.00091533206,0.0014283117,0.0011747063,0.001566169,0.0007160757,0.9908887,0.0033106094
ISIC_0025229,HAM_0000857,nv,2,0.00073365436,0.0020212382,0.05042115,0.0005317951,0.0004891549,0.9456096,0.00019324681
ISIC_0026756,HAM_0000390,nv,2,0.00032326498,0.00053434214,0.00048650298,0.0019433663,0.0062224884,0.9898142,0.00067576393
ISIC_0030619,HAM_0003379,nv,2,0.000408205,0.0014164002,0.0009487281,0.00026184646,0.0028618702,0.9935662,0.0005367038
ISIC_0030453,HAM_0003116,nv,2,0.00026735247,0.00033726008,0.00036821282,0.0024487616,0.00085598166,0.99251646,0.0032059557
ISIC_0029677,HAM_0000567,nv,2,8.2826016e-05,0.00011004784,0.00014610412,5.6847202e-05,0.00025477514,0.9992155,0.00013396621
ISIC_0029601,HAM_0001131,nv,2,0.0095827915,0.010138883,0.0075991563,0.0074030687,0.005411404,0.9506178,0.009246933
ISIC_0031869,HAM_0005002,nv,2,1.4547885e-05,3.8030132e-06,9.6812764e-05,8.595511e-05,1.3724359e-05,0.9997811,4.108161e-06
ISIC_0027494,HAM_0003554,nv,2,0.0053661,0.0018715753,0.004219201,0.00888752,0.018521944,0.95810723,0.0030264978
ISIC_0026315,HAM_0000808,nv,2,0.00436523,0.0022400736,0.014295194,0.0013129759,0.0341795,0.94197875,0.0016283299
ISIC_0024873,HAM_0004925,nv,2,9.168774e-06,6.003297e-05,8.646545e-05,0.00010665803,2.590347e-05,0.9996631,4.8687078e-05
ISIC_0030600,HAM_0007157,nv,2,0.0004228724,0.00031986542,0.0026108127,0.00081179844,0.041866176,0.95305085,0.0009177094
ISIC_0026176,HAM_0002223,nv,2,0.0002084392,6.526329e-05,0.00015364286,0.0001262638,0.00042209084,0.9987508,0.00027345616
ISIC_0029447,HAM_0006263,nv,2,0.002214506,0.0011183398,0.0051122555,0.0025031022,0.011908862,0.97247183,0.0046711043
ISIC_0024609,HAM_0003498,nv,2,0.0032462562,0.01112841,0.0010747556,0.0047606654,0.0031586217,0.97468626,0.0019450132
ISIC_0032118,HAM_0007540,nv,2,0.000542066,0.0003260276,0.006311001,0.0011998044,0.005844297,0.9844961,0.0012807101
ISIC_0028031,HAM_0005765,nv,2,0.009156509,0.00892452,0.041279413,0.012320848,0.021702748,0.8797331,0.026882814
ISIC_0025191,HAM_0001341,nv,2,0.0013058372,0.00073547236,0.00017367843,0.00027708407,0.00040567416,0.9969131,0.00018909984
ISIC_0028574,HAM_0004686,nv,2,6.330008e-05,3.2196553e-05,4.551905e-05,0.00092066784,0.00041345347,0.9984139,0.00011086248
ISIC_0029750,HAM_0002395,nv,2,0.00023983406,0.00025147386,0.00032679483,0.0007772728,0.001396292,0.9961739,0.0008344791
ISIC_0028061,HAM_0002059,nv,2,0.000977005,0.0006989289,0.000888252,0.0014755247,0.0021248295,0.99278873,0.0010465982
ISIC_0031688,HAM_0000116,nv,2,0.0001950166,8.387055e-05,0.005266285,0.0020949075,0.0022953944,0.989661,0.00040355948
ISIC_0029739,HAM_0007352,nv,2,0.0004418345,0.00036810376,0.0013592702,0.0026369647,0.0011312623,0.9929367,0.0011259008
ISIC_0027946,HAM_0007226,nv,2,0.0025672552,0.0009296214,0.0019214216,0.00065219885,0.0010468069,0.99212635,0.0007564186
ISIC_0028342,HAM_0006008,nv,2,0.0009751075,0.0019897514,0.0009727567,0.0014252785,0.00035645813,0.99194545,0.0023351503
ISIC_0024531,HAM_0006552,nv,2,0.00027701573,0.00019140744,0.0044571967,0.0016368465,0.003848534,0.98817855,0.0014104794
ISIC_0024368,HAM_0003465,nv,2,0.00028761476,0.0013266837,0.0069051674,0.00079376943,0.00509689,0.9837795,0.0018104276
ISIC_0029200,HAM_0000849,nv,2,0.000963499,0.0020667282,0.006636301,0.0028125457,0.016192477,0.97074807,0.0005804719
ISIC_0025356,HAM_0005320,nv,2,0.00031477053,0.00012881223,0.00082979945,0.00051577523,0.03838007,0.9593424,0.00048837997
ISIC_0028178,HAM_0006083,nv,2,0.0037273169,0.0015827816,0.003595017,0.005979884,0.011656846,0.96962446,0.0038338236
ISIC_0028437,HAM_0002990,nv,2,0.0001489968,4.3913224e-05,0.00073140184,0.0005899551,0.01108866,0.9871191,0.00027813102
ISIC_0028444,HAM_0007411,nv,2,0.0006413901,0.00015909437,0.0018699804,0.003111575,0.015931468,0.97762877,0.00065774616
ISIC_0027633,HAM_0007291,nv,2,0.00021108788,2.9724788e-06,0.00034303736,0.00081263017,0.00045820588,0.9981572,1.4964826e-05
ISIC_0026673,HAM_0004251,nv,2,0.0012080077,0.00047777014,0.0021342854,0.00061524747,0.012598604,0.9821094,0.00085664203
ISIC_0032161,HAM_0005216,nv,2,0.0020894895,0.0002820164,0.014788521,0.0007888438,0.006524691,0.9748523,0.00067412376
ISIC_0026932,HAM_0001096,nv,2,8.742636e-06,0.0013635802,0.00014097914,0.0004235124,3.954904e-05,0.99798113,4.2489533e-05
ISIC_0030985,HAM_0004679,nv,2,0.00045981936,0.00022909451,0.00069545774,0.00047419514,0.0015595611,0.99426335,0.0023184696
ISIC_0030388,HAM_0000936,nv,2,0.0050351275,0.004431056,0.0064192554,0.020431712,0.01684181,0.93837047,0.008470545
ISIC_0031365,HAM_0006728,nv,2,0.0009885447,0.0056647235,0.0028426636,0.000829752,0.00064958236,0.9884349,0.00058984605
ISIC_0031452,HAM_0002588,nv,2,0.00011191997,0.001800502,0.00048369422,5.6435776e-05,0.00039164216,0.99710256,5.3171494e-05
ISIC_0029511,HAM_0006627,nv,2,0.00013028673,0.0002517191,0.0008847048,0.0012242825,0.00039342642,0.9968856,0.00023002645
ISIC_0026813,HAM_0000731,nv,2,0.00093168265,0.0043544043,0.0010775942,0.02112117,0.0011306502,0.96766794,0.003716562
ISIC_0027223,HAM_0004772,nv,2,4.9098642e-05,4.8918322e-05,6.582925e-05,0.00014865142,0.0006176503,0.99894124,0.00012867752
ISIC_0028910,HAM_0006136,nv,2,0.0015963203,0.0065821097,0.0023003912,0.030483328,0.019967964,0.9210739,0.017996002
ISIC_0031416,HAM_0003592,nv,2,0.00032624323,0.0002392446,0.004645861,0.00011658082,0.010408583,0.9831566,0.0011068109
ISIC_0025092,HAM_0001984,nv,2,0.0002128251,0.00012023793,0.00029798254,0.00031013158,0.0031444633,0.995227,0.00068739126
ISIC_0024917,HAM_0007280,nv,2,0.0007413435,0.00089697813,0.00057493825,0.000885566,0.00032027182,0.9961085,0.00047241314
ISIC_0025669,HAM_0003860,nv,2,0.00036124792,0.0018271286,0.00033427723,0.0038919775,0.0011200437,0.99142927,0.0010359515
ISIC_0029774,HAM_0004393,nv,2,0.0020683461,0.0024213318,0.0010865041,0.005273012,0.007170154,0.9772897,0.0046909787
ISIC_0029886,HAM_0007459,nv,2,0.00024067923,9.1053626e-05,0.0045853266,0.0001807467,0.012042285,0.9827601,9.981676e-05
ISIC_0028904,HAM_0003269,nv,2,0.002024115,0.0008433641,0.0011504187,0.0034860554,0.0006019981,0.99007016,0.0018239236
ISIC_0027186,HAM_0005688,nv,2,0.00086207455,0.0008214429,0.099255666,0.0031511732,0.0031642215,0.891429,0.0013165103
ISIC_0030164,HAM_0002828,nv,2,0.0017814297,0.00052048714,0.0068811513,0.0010190799,0.034522936,0.9528135,0.0024614227
ISIC_0026020,HAM_0001550,nv,2,0.00046374855,0.00017874358,0.0005090824,0.003785783,0.0038740784,0.9907375,0.000451176
ISIC_0028247,HAM_0003155,nv,2,0.0030248926,0.018728271,0.012862655,0.0117411,0.02645027,0.9259359,0.0012568753
ISIC_0028988,HAM_0003155,nv,2,0.0007015735,0.0030446337,0.008568281,0.0012496456,0.22000693,0.765917,0.00051193143
ISIC_0026730,HAM_0003277,nv,2,0.00015215925,0.0002172036,0.012645492,0.00017007241,0.0026353002,0.9839049,0.00027479007
ISIC_0026890,HAM_0003277,nv,2,0.00015881802,0.00022003568,0.12337288,0.000599569,0.010655057,0.8647527,0.0002410032
ISIC_0030629,HAM_0004935,nv,2,7.800194e-05,6.5508495e-05,0.0009825235,0.00044540703,0.0013997254,0.9953328,0.0016960261
ISIC_0031178,HAM_0004935,nv,2,0.0005333447,0.0014895707,0.002869401,0.005817141,0.049307562,0.93684,0.0031428908
ISIC_0028423,HAM_0006439,nv,2,0.00054061157,0.00028176422,0.00920207,0.0012460882,0.07551563,0.91218555,0.0010282723
ISIC_0025621,HAM_0006439,nv,2,0.0010642242,0.00092708174,0.017387137,0.0012105831,0.08841886,0.8890658,0.0019263222
ISIC_0026251,HAM_0004380,nv,2,0.0006333941,0.14401388,0.0043230816,0.0005485658,0.035140622,0.81131023,0.004030216
ISIC_0029072,HAM_0004380,nv,2,0.001056432,0.12833695,0.004510597,0.0022327073,0.025149107,0.8329023,0.0058118505
ISIC_0024842,HAM_0000977,nv,2,0.0023204617,0.0024304143,0.0051061646,0.0014866662,0.035461172,0.95268124,0.00051392784
ISIC_0028803,HAM_0000977,nv,2,0.0014216101,0.0034382169,0.012440029,0.0007039447,0.09335652,0.8881548,0.00048485288
ISIC_0031145,HAM_0004267,nv,2,0.00013446322,3.8149574e-05,0.0033612042,0.0003241211,0.0073332624,0.98870975,9.904433e-05
ISIC_0028430,HAM_0004267,nv,2,0.0016409251,0.0005664116,0.025119508,0.0017695883,0.11349697,0.85628605,0.0011205056
ISIC_0024798,HAM_0000044,nv,2,0.00039272077,0.0013927199,0.003335274,0.0010183557,0.025929477,0.9667172,0.0012142741
ISIC_0025152,HAM_0000044,nv,2,4.4803775e-05,0.00023016219,0.0014534973,0.00029839846,0.0029116864,0.9892,0.005861492
ISIC_0027235,HAM_0003091,nv,2,0.0008765145,0.00045610307,0.016389629,0.0020803446,0.70779896,0.27059966,0.0017988572
ISIC_0027152,HAM_0003091,nv,2,0.0006271357,0.00035344038,0.09128334,0.0014099361,0.4604633,0.44065705,0.005205834
ISIC_0024934,HAM_0002652,nv,2,0.00022967282,9.024903e-05,0.014382947,0.00031967176,0.24098298,0.7431461,0.0008483773
ISIC_0025442,HAM_0002652,nv,2,0.00071512506,0.00018234384,0.023784542,0.0007246171,0.51869804,0.45525682,0.00063847844
ISIC_0027987,HAM_0006457,nv,2,0.0019769578,0.007078708,0.0030307674,0.0036207435,0.08872598,0.8944253,0.001141522
ISIC_0032257,HAM_0006457,nv,2,0.011423652,0.18855071,0.008808813,0.009726367,0.21274705,0.56420213,0.00454125
ISIC_0027077,HAM_0003848,nv,2,0.0044885115,0.0048383344,0.33181137,0.009312726,0.104261816,0.4893057,0.055981502
ISIC_0032096,HAM_0003848,nv,2,0.0008060242,0.01702247,0.72845143,0.0020283265,0.1409293,0.107018545,0.0037439044
ISIC_0030786,HAM_0000682,nv,2,0.0012619592,0.7829827,0.004054181,0.19823593,0.0014963079,0.005377292,0.006591636
ISIC_0029389,HAM_0004575,nv,2,0.012464849,0.03981871,0.17158665,0.5328023,0.16723001,0.059586976,0.01651053
ISIC_0024789,HAM_0004575,nv,2,0.09924396,0.19148822,0.13680464,0.12562656,0.1699461,0.21051787,0.066372655
ISIC_0030312,HAM_0004762,nv,2,3.2494638e-05,0.092160344,0.007186293,0.78309286,0.0025636116,0.11474096,0.00022347372
ISIC_0026080,HAM_0004762,nv,2,0.0015766878,0.0039613987,0.060663003,0.85254127,0.003519279,0.07713821,0.0006001876
ISIC_0028385,HAM_0006359,nv,2,4.917693e-05,4.8894195e-05,0.0015305199,0.00015534571,0.017225856,0.9809163,7.401153e-05
ISIC_0027403,HAM_0006359,nv,2,0.00010303737,0.0002095853,0.0054918714,0.0051293955,0.11035251,0.8767716,0.0019420219
ISIC_0027031,HAM_0006742,nv,2,0.0017694386,0.0003693437,0.025363212,0.005633471,0.19475013,0.7718349,0.00027947593
ISIC_0024813,HAM_0006742,nv,2,0.0069294134,0.001844821,0.031573392,0.0023735245,0.63611805,0.32045546,0.0007053964
ISIC_0031293,HAM_0004418,nv,2,0.00019490256,0.00021498739,0.04007007,0.00031867882,0.3944264,0.5641116,0.000663357
ISIC_0026376,HAM_0004418,nv,2,0.0001939779,0.00014564022,0.04554214,0.00068131334,0.1126371,0.8403775,0.00042229076
ISIC_0025108,HAM_0007476,nv,2,0.0011725598,0.0018806303,0.035178106,0.0037718827,0.089842424,0.8637826,0.0043717464
ISIC_0029296,HAM_0007476,nv,2,0.0010740601,0.0012816368,0.0435656,0.0015267291,0.30085295,0.6505623,0.0011367772
ISIC_0030064,HAM_0006048,nv,2,0.0030787836,0.08788619,0.046152964,0.103358164,0.65720755,0.054596428,0.047719862
ISIC_0025129,HAM_0006826,nv,2,0.0033297811,0.009382343,0.025045462,0.007930392,0.40406007,0.54704815,0.003203777
ISIC_0027049,HAM_0006826,nv,2,0.0050034127,0.0030143794,0.043793134,0.006088755,0.08556554,0.8549547,0.0015801594
ISIC_0026911,HAM_0006303,nv,2,0.002471124,0.0019083788,0.01672443,0.0028169132,0.11009271,0.8631226,0.0028639063
ISIC_0030464,HAM_0006303,nv,2,0.00036941073,0.0006322006,0.001777794,0.0015394675,0.014563082,0.97804606,0.0030719924
ISIC_0024340,HAM_0001160,nv,2,0.00031486573,1.3059485e-05,0.8971354,8.114122e-05,0.0081223985,0.09429348,3.9675244e-05
ISIC_0027361,HAM_0001160,nv,2,0.025415102,0.0045354716,0.32583958,0.010362674,0.12354166,0.5002364,0.010069113
ISIC_0025823,HAM_0007425,nv,2,0.0028876776,0.00013785709,0.04519882,0.0011650892,0.094509326,0.8556314,0.0004696656
ISIC_0027458,HAM_0007425,nv,2,0.00030070377,5.9720664e-05,0.012645192,0.00023707973,0.115054466,0.87147343,0.00022945093
ISIC_0028368,HAM_0002409,nv,2,0.0020508503,0.0005782234,0.0054520248,0.0013284453,0.01728725,0.97279006,0.0005131193
ISIC_0028843,HAM_0002409,nv,2,0.0011870995,0.00047280279,0.00763418,0.0005741566,0.32273468,0.66664374,0.00075336127
ISIC_0024831,HAM_0007468,nv,2,0.00013461734,0.010951434,0.01954139,0.0006881364,0.0049746046,0.944359,0.019350806
ISIC_0026869,HAM_0007468,nv,2,3.9899864e-05,0.001908809,0.004314659,0.0010776648,0.0019368845,0.9396706,0.05105143
ISIC_0025402,HAM_0002703,nv,2,0.0023740935,0.0018575344,0.28190434,0.0011291503,0.47122902,0.24114175,0.00036418356
ISIC_0025598,HAM_0004986,nv,2,0.0014766873,0.0006534064,0.25561807,0.009243209,0.13012801,0.59963465,0.003246013
ISIC_0031158,HAM_0006709,nv,2,0.0019880615,0.20034663,0.0027363822,0.17527996,0.358024,0.21800397,0.043621052
ISIC_0033712,HAM_0000407,nv,2,0.0008219061,0.01097274,0.025868716,0.05839,0.67736554,0.22586465,0.00071645825
ISIC_0032771,HAM_0000407,nv,2,0.0001345512,0.00017482603,0.004249057,0.005326391,0.28085902,0.70904994,0.00020625252
ISIC_0033297,HAM_0000407,nv,2,0.00059126003,0.001158293,0.0095777875,0.09535632,0.4111542,0.4812465,0.00091559684
ISIC_0033852,HAM_0004708,nv,2,0.0015829123,0.00038169837,0.02142546,0.0053730546,0.569532,0.4014459,0.00025897098
ISIC_0033775,HAM_0004708,nv,2,9.152844e-05,0.0001516399,0.019225636,0.00054813805,0.25778994,0.7220527,0.0001404205
ISIC_0033561,HAM_0004708,nv,2,0.004124841,0.001033696,0.0636786,0.006472259,0.63535964,0.28636312,0.0029678186
ISIC_0025456,HAM_0003158,nv,2,0.0019819534,0.00197751,0.0061589,0.0063261585,0.006112347,0.9742799,0.003163334
ISIC_0034079,HAM_0005374,nv,2,0.000829713,0.00016087152,0.005449794,0.0013080465,0.7229988,0.26886338,0.00038939432
ISIC_0033327,HAM_0005374,nv,2,0.00042780768,5.9858197e-05,0.00097102346,0.00028906474,0.73756164,0.26043257,0.00025798814
ISIC_0032871,HAM_0005374,nv,2,0.000203104,4.988008e-05,0.0013537569,0.00018905378,0.7558788,0.24213152,0.00019387272
ISIC_0030851,HAM_0000077,nv,2,0.00013815743,0.00013697996,0.0010694235,0.0003301872,0.06195262,0.93616015,0.00021247682
ISIC_0026979,HAM_0002060,nv,2,2.4344978e-05,0.004906524,0.0062171826,0.00038315536,0.0057196906,0.9822449,0.00050420256
ISIC_0034136,HAM_0002750,nv,2,0.0013989146,0.00038617183,0.021707067,0.005889002,0.0710607,0.89913183,0.00042629184
ISIC_0033386,HAM_0002750,nv,2,0.00019816676,3.3739936e-05,0.016301481,0.0003040329,0.6814368,0.3016546,7.1196075e-05
ISIC_0033003,HAM_0002750,nv,2,0.0018113849,0.00041139324,0.016840361,0.001207013,0.66167444,0.31712666,0.00092882797
ISIC_0033919,HAM_0002386,nv,2,0.0016290767,0.0014466733,0.021013424,0.002715308,0.09027712,0.8805665,0.0023519332
ISIC_0033640,HAM_0002386,nv,2,0.0007828453,0.0004858419,0.0073305853,0.00079103565,0.0445194,0.94499123,0.0010990463
ISIC_0033927,HAM_0002386,nv,2,0.0012981624,0.0007896568,0.007065027,0.0022718096,0.2177803,0.76901335,0.0017816706
ISIC_0032664,HAM_0000294,nv,2,0.0045892852,0.0003492799,0.04176427,0.0025979197,0.099234514,0.8511674,0.0002973384
ISIC_0033461,HAM_0000294,nv,2,0.001995295,0.00035618825,0.0206086,0.00052915124,0.2618385,0.7144779,0.00019438475
ISIC_0031466,HAM_0002567,nv,2,0.018388199,0.00062838953,0.012403976,0.0011402199,0.035064418,0.93188995,0.0004847594
ISIC_0031048,HAM_0002567,nv,2,0.0029342608,0.0009234141,0.0030259637,0.006425419,0.32538033,0.6610032,0.0003074167
ISIC_0026502,HAM_0005107,nv,2,0.0030306452,0.0010625252,0.013160948,0.0025093763,0.39900652,0.5799133,0.0013166599
ISIC_0032082,HAM_0005107,nv,2,0.005261688,0.014288972,0.10292216,0.0031784135,0.39320308,0.47918615,0.0019595984
ISIC_0026384,HAM_0005127,nv,2,0.0007768109,0.00032317542,0.07924681,0.00314443,0.15535894,0.7579393,0.0032105718
ISIC_0028436,HAM_0005127,nv,2,0.0005334441,0.00042207207,0.010859543,0.0032583915,0.625414,0.35787982,0.0016326666
ISIC_0029636,HAM_0001220,nv,2,0.0013072086,0.00036089882,0.017203286,0.0022856933,0.22668707,0.751085,0.0010708983
ISIC_0027931,HAM_0001220,nv,2,0.0035240252,0.0015343352,0.057366706,0.005852936,0.5340805,0.39607632,0.0015651643
ISIC_0032711,HAM_0006869,nv,2,0.0021005853,0.0002562893,0.0049491758,0.005645338,0.47058913,0.5162137,0.00024575632
ISIC_0033207,HAM_0006869,nv,2,0.0005659315,0.00012717771,0.0060581863,0.0012848232,0.31984463,0.671967,0.00015215998
ISIC_0032558,HAM_0006869,nv,2,0.0006909048,0.0001773925,0.04934178,0.0020089918,0.30840454,0.6392876,8.875908e-05
ISIC_0032651,HAM_0004714,nv,2,6.5524896e-06,2.0249043e-05,0.00010472302,0.00019710782,0.022947652,0.9767061,1.7680319e-05
ISIC_0033699,HAM_0004714,nv,2,1.3152256e-05,1.3333841e-05,0.0018428237,0.0017046082,0.1893591,0.8070069,6.0097093e-05
ISIC_0033915,HAM_0004714,nv,2,0.00096868654,0.00019654018,0.0044819238,0.017224176,0.65402067,0.32302228,8.568021e-05
ISIC_0032821,HAM_0006391,nv,2,0.0026724276,0.0015281832,0.012742739,0.004374356,0.28902012,0.6849333,0.00472894
ISIC_0032783,HAM_0006391,nv,2,2.3570321e-05,1.0701002e-05,0.0009383261,0.00017547049,0.0069861975,0.9917129,0.00015277888
ISIC_0034139,HAM_0006391,nv,2,0.00020612584,0.00012857329,0.0028013056,0.00094077765,0.035662632,0.9594047,0.00085585297
ISIC_0034320,HAM_0002244,nv,2,0.00014999411,1.12344205e-05,0.15820563,0.00010708694,0.21300702,0.62840223,0.000116814415
ISIC_0032549,HAM_0002244,nv,2,0.00031895548,2.2002805e-05,0.10760835,0.0002949774,0.3255972,0.56605434,0.00010429318
ISIC_0033990,HAM_0006379,nv,2,6.149122e-05,0.0005538519,0.3035356,0.00094969774,0.26447377,0.43012217,0.00030342472
ISIC_0032937,HAM_0006379,nv,2,0.00024196948,0.0016411962,0.11160155,0.0002762414,0.14343755,0.7425534,0.0002479849
ISIC_0033231,HAM_0005364,nv,2,0.0017402618,0.0003800021,0.0055131833,0.0010994462,0.41808885,0.57289183,0.00028639808
ISIC_0033035,HAM_0005364,nv,2,4.439523e-05,7.0113114e-05,0.0006112375,0.0001300298,0.33185536,0.6672018,8.7021835e-05
ISIC_0032525,HAM_0005364,nv,2,0.00013429529,0.00011154557,0.001191875,0.0003953359,0.20062137,0.79744947,9.608431e-05
ISIC_0032815,HAM_0004615,nv,2,0.00050066056,0.00078279857,0.0045371195,0.0011525311,0.4165715,0.57541335,0.0010420119
ISIC_0033094,HAM_0004615,nv,2,4.378939e-05,3.422709e-05,0.001207818,0.00023661659,0.5359068,0.46253532,3.5388184e-05
ISIC_0033162,HAM_0004615,nv,2,0.0028543277,0.006392147,0.012176757,0.011558499,0.60827345,0.35333014,0.0054146303
ISIC_0033988,HAM_0005961,nv,2,0.00046051378,0.0017327006,0.10811468,0.0016403886,0.19694062,0.69014454,0.0009665302
ISIC_0032859,HAM_0005961,nv,2,0.0028361406,0.00060061144,0.048964746,0.0010650961,0.3032935,0.64239615,0.0008437766
ISIC_0032795,HAM_0005961,nv,2,0.00032669405,0.00072179595,0.014423087,0.0007977116,0.14655225,0.83664113,0.0005374155
ISIC_0033510,HAM_0000547,nv,2,0.0015199258,0.0007442032,0.0025257042,5.1817336e-05,0.76500183,0.2299862,0.00017027883
ISIC_0033222,HAM_0000547,nv,2,0.001795174,0.00014367227,0.012532031,0.00010007698,0.9335089,0.051688265,0.00023192605
ISIC_0032546,HAM_0000547,nv,2,4.894869e-05,0.0008800178,0.0017373189,1.2618543e-05,0.9653854,0.03192691,8.837874e-06
ISIC_0032989,HAM_0005135,nv,2,0.0003103632,4.8482572e-05,0.00087840395,0.000115262956,0.9529108,0.045714963,2.167791e-05
ISIC_0033618,HAM_0005135,nv,2,2.8946302e-05,4.5733992e-05,0.00015179484,4.620298e-05,0.85888666,0.14081636,2.4205456e-05
ISIC_0033016,HAM_0005135,nv,2,3.4204331e-06,6.2131744e-06,0.00016560924,2.8917968e-05,0.8451413,0.15464091,1.3608951e-05
ISIC_0033091,HAM_0003824,nv,2,0.0011595733,0.00068947044,0.005834063,0.0011544067,0.02087029,0.9685361,0.0017561076
ISIC_0034138,HAM_0003824,nv,2,0.00050652976,0.00015600615,0.0024956805,0.00021332156,0.031309567,0.96470016,0.00061869854
ISIC_0032971,HAM_0003824,nv,2,0.0003435954,0.00027637568,0.008260052,0.00090759253,0.040737934,0.9482592,0.0012152558
ISIC_0033170,HAM_0001358,nv,2,0.00026080498,0.00010715998,0.054817237,0.0008966207,0.4336802,0.50974226,0.00049573364
ISIC_0032680,HAM_0001358,nv,2,0.0001628031,5.4311316e-05,0.044545326,0.0025282053,0.75839764,0.19412991,0.00018175252
ISIC_0033674,HAM_0001358,nv,2,0.012057109,0.0015057289,0.020820644,0.0035003286,0.6020435,0.35928717,0.0007855857
ISIC_0034314,HAM_0006042,nv,2,0.00043004428,0.0011239584,0.0068396907,0.00035622742,0.46755427,0.5234542,0.00024156562
ISIC_0034174,HAM_0006042,nv,2,0.0023228256,0.005299199,0.0032894267,0.0011382302,0.46419743,0.5231756,0.0005773652
ISIC_0033983,HAM_0006042,nv,2,0.0040616393,0.00022255055,0.050796017,0.00016661256,0.11928144,0.82536185,0.000109977984
ISIC_0032702,HAM_0004814,nv,2,0.027157731,0.008910284,0.02324943,0.019461423,0.5464375,0.37446517,0.00031839038
ISIC_0033667,HAM_0004814,nv,2,0.011060399,0.0009120192,0.1377114,0.0019296734,0.5623978,0.2853598,0.00062889827
ISIC_0033107,HAM_0004814,nv,2,0.022638224,0.0009177286,0.037073083,0.0068993885,0.44809705,0.48366,0.0007145213
ISIC_0033121,HAM_0001824,nv,2,0.00029607472,0.00011499091,0.002271719,0.0007543489,0.081089556,0.9148748,0.00059850677
ISIC_0034158,HAM_0001824,nv,2,3.812021e-05,3.0580042e-05,0.0004892872,0.0002588471,0.007132532,0.9915365,0.0005140828
ISIC_0033213,HAM_0001824,nv,2,0.00016802375,6.468645e-05,0.0017749699,0.0004982416,0.13060671,0.8667255,0.00016192424
ISIC_0032705,HAM_0007367,nv,2,0.003785378,0.0044077258,0.3595667,0.007996907,0.20709099,0.4087657,0.008386575
ISIC_0034198,HAM_0007367,nv,2,2.2584192e-05,2.5257854e-05,0.008742304,0.00011619688,0.35773122,0.63302344,0.00033890005
ISIC_0033658,HAM_0007367,nv,2,0.00058094313,0.0017197827,0.11034822,0.0024438938,0.22116286,0.65756667,0.006177673
ISIC_0033046,HAM_0007367,nv,2,0.0005066451,0.00022374289,0.033175565,0.0011231113,0.6602352,0.30396658,0.00076913356
ISIC_0032689,HAM_0007367,nv,2,0.00063628086,0.0003350037,0.0064720293,0.0013331723,0.29997617,0.68811595,0.0031314213
ISIC_0033194,HAM_0003634,nv,2,0.0005734157,0.00263242,0.012918667,0.0016142391,0.03215408,0.93469465,0.015412611
ISIC_0034258,HAM_0003634,nv,2,0.00013709138,0.001587269,0.0030421768,0.00028508334,0.027906751,0.9654696,0.0015720746
ISIC_0034023,HAM_0003634,nv,2,0.0002487939,0.018310163,0.026259746,0.00044951442,0.049140137,0.903401,0.0021905748
ISIC_0033104,HAM_0006496,nv,2,0.00010039285,9.262278e-05,0.00037203787,0.00091440085,0.37082753,0.6271907,0.00050233834
ISIC_0032579,HAM_0006496,nv,2,8.851387e-05,0.0016671855,0.0016615808,0.10006685,0.4762836,0.41967785,0.0005543424
ISIC_0033189,HAM_0006496,nv,2,9.034929e-05,0.00017857029,0.00081606075,0.017365756,0.11758666,0.8638655,9.710791e-05
ISIC_0033128,HAM_0007348,nv,2,0.003485798,0.000735757,0.0068656234,0.0030975903,0.5068137,0.47845063,0.00055091304
ISIC_0033115,HAM_0007348,nv,2,0.0038312494,0.0010523734,0.016215399,0.004332922,0.36267266,0.60946393,0.0024313973
ISIC_0032625,HAM_0007348,nv,2,0.0006635857,0.0009616584,0.119873405,0.0014454526,0.14365228,0.7331966,0.00020706464
ISIC_0032530,HAM_0003676,nv,2,0.0039800117,0.00256386,0.67645746,0.041817006,0.08079502,0.18522912,0.009157463
ISIC_0033249,HAM_0003676,nv,2,0.001986372,0.004034346,0.2121469,0.015482907,0.24914324,0.4966629,0.02054332
ISIC_0026279,HAM_0003243,nv,2,0.0002210174,0.0015535739,0.0028701897,0.000984069,0.2422067,0.75171083,0.00045358433
ISIC_0031814,HAM_0003243,nv,2,0.0012154059,0.000852716,0.06733294,0.00091538276,0.18622385,0.7372837,0.0061760563
ISIC_0034237,HAM_0002170,nv,2,0.0002929393,9.738915e-05,0.0019130138,0.001099223,0.18223472,0.8141082,0.00025449967
ISIC_0034032,HAM_0002170,nv,2,0.00036762437,0.00014929232,0.007015712,0.0007710593,0.080924824,0.91034913,0.00042232577
ISIC_0033075,HAM_0002170,nv,2,0.0007713968,0.0003113764,0.029241268,0.00042982795,0.13633834,0.83257455,0.00033322006
ISIC_0033645,HAM_0006191,nv,2,0.00021089187,6.448588e-05,0.0033662347,0.0003453692,0.17476642,0.8209175,0.00032906258
ISIC_0028829,HAM_0006191,nv,2,0.0003152509,0.00020574954,0.0010202145,0.00073010457,0.041806567,0.9545531,0.0013690159
ISIC_0033530,HAM_0006191,nv,2,0.00018977023,5.088164e-05,0.0015638466,0.00042244687,0.06260079,0.93496823,0.00020405054
ISIC_0033339,HAM_0000316,nv,2,0.00022161966,0.0030250736,0.0387295,0.0005024253,0.02297291,0.14292783,0.7916206
ISIC_0034285,HAM_0001673,nv,2,3.4149034e-05,0.00016612805,0.004712126,5.418346e-05,0.5886194,0.40604827,0.00036574827
ISIC_0033966,HAM_0001673,nv,2,0.000254682,0.0035064393,0.031134317,0.00050070364,0.23862812,0.72517675,0.00079906144
ISIC_0033764,HAM_0007299,nv,2,0.029627636,0.0035625508,0.09889001,0.010737339,0.61422014,0.23963197,0.0033304049
ISIC_0033934,HAM_0007299,nv,2,0.078246236,0.0005076888,0.037582487,0.0012276565,0.78499204,0.0972273,0.000216504
ISIC_0032565,HAM_0007299,nv,2,0.00030072784,1.9679665e-05,0.0020582692,0.000119025084,0.9544209,0.04306566,1.5728425e-05
ISIC_0032772,HAM_0005496,nv,2,0.00020146201,0.0009387968,0.014726751,0.00066667737,0.029853743,0.95236194,0.0012506145
ISIC_0034041,HAM_0005496,nv,2,0.00039833822,0.0035784417,0.082753144,0.0009154647,0.014049502,0.89627606,0.0020290418
ISIC_0033598,HAM_0005496,nv,2,8.214116e-05,0.00020539628,0.0056286366,0.00025977354,0.028067239,0.9569303,0.008826481
ISIC_0034021,HAM_0005496,nv,2,0.0019708415,0.0055552404,0.04988788,0.0042423583,0.0425482,0.8887902,0.0070052613
ISIC_0034220,HAM_0002502,nv,2,0.00019674568,6.8860245e-05,0.007863188,0.00026564603,0.4739941,0.5173745,0.00023694934
ISIC_0032973,HAM_0002502,nv,2,5.122481e-05,2.2478864e-05,0.00046872994,8.241763e-05,0.45930088,0.5400006,7.3688905e-05
ISIC_0033425,HAM_0002502,nv,2,4.935201e-05,1.5075345e-05,0.00019557808,5.790517e-05,0.5084704,0.49114603,6.5673696e-05
ISIC_0033443,HAM_0004118,nv,2,0.00022531043,0.0003052041,0.002336101,0.0021897105,0.13338804,0.8547613,0.006794271
ISIC_0032593,HAM_0004118,nv,2,9.450011e-05,4.2046133e-05,0.0003782767,0.00040028294,0.100113794,0.8987611,0.00021011963
ISIC_0033935,HAM_0004118,nv,2,0.0002312429,0.00019850742,0.0012709775,0.00022677027,0.13660519,0.859422,0.0020452987
ISIC_0032605,HAM_0006334,nv,2,0.0055871443,0.000671597,0.0069062095,0.002162487,0.4296794,0.5533014,0.0016917923
ISIC_0032779,HAM_0006334,nv,2,0.0024023063,0.0005769357,0.0053482316,0.0031011058,0.17931543,0.80686456,0.0023913663
ISIC_0033950,HAM_0006334,nv,2,0.0023052797,0.0003308432,0.013010673,0.0018973731,0.23903844,0.742392,0.0010254764
ISIC_0033442,HAM_0002417,nv,2,0.00013800229,3.0409708e-05,0.019056108,0.00011784886,0.18940046,0.7907201,0.00053704693
ISIC_0032943,HAM_0002417,nv,2,0.00015895652,1.7392855e-05,0.013830591,0.00014703935,0.45383388,0.53180134,0.0002107853
ISIC_0032752,HAM_0007052,nv,2,0.00083932874,3.4175522e-05,0.31393558,0.0006657514,0.09069089,0.59376526,6.8983274e-05
ISIC_0033794,HAM_0007052,nv,2,0.000649616,4.9570444e-05,0.6700105,0.00045736058,0.017642958,0.31112728,6.266172e-05
ISIC_0034200,HAM_0004583,nv,2,0.0033462425,0.000753333,0.011597306,0.0015829225,0.14760447,0.83411616,0.0009995505
ISIC_0034249,HAM_0004584,nv,2,0.0016375909,0.00042852847,0.048097294,0.00033949927,0.08956215,0.85964864,0.00028625317
ISIC_0032824,HAM_0004590,nv,2,3.7839734e-05,0.000104808285,0.0010504308,0.00024118126,0.018501116,0.98002803,3.65951e-05
ISIC_0033955,HAM_0000432,nv,2,9.935641e-05,3.0210751e-05,0.0020612695,0.6531507,0.32192576,0.021679174,0.0010535518
ISIC_0033822,HAM_0000432,nv,2,0.00019720827,0.00019298011,0.0023677624,0.026340002,0.27099034,0.6951891,0.004722484
ISIC_0027397,HAM_0003699,nv,2,0.20574678,0.014718252,0.42856622,0.042793654,0.13239154,0.16432568,0.011457791
ISIC_0032966,HAM_0004076,nv,2,0.00070929585,0.0015080473,0.001613241,0.00092021615,0.07991392,0.912978,0.002357322
ISIC_0033864,HAM_0004076,nv,2,0.0013275844,0.023010615,0.042622387,0.0012384624,0.051464107,0.87829226,0.0020445897
ISIC_0033177,HAM_0006295,nv,2,0.00014896391,0.0024325983,0.0025846825,0.0018835975,0.4227043,0.56719035,0.0030554289
ISIC_0033086,HAM_0006295,nv,2,9.14553e-05,0.0011494505,0.0008356069,0.020681914,0.72755605,0.24051152,0.009174017
ISIC_0032720,HAM_0006295,nv,2,0.0002755746,0.008620239,0.0016831075,0.0023362879,0.010754448,0.9735494,0.002780911
ISIC_0033463,HAM_0007533,nv,2,0.0025452962,0.00025201618,0.106773436,0.002747946,0.16552185,0.72128934,0.0008700733
ISIC_0033757,HAM_0007533,nv,2,0.0003480368,0.00041057807,0.2206392,0.001787549,0.07389999,0.6965598,0.0063548083
ISIC_0033873,HAM_0002598,nv,2,6.9361784e-05,0.0018419841,0.00079063495,0.0030695302,0.19462697,0.79943734,0.00016417628
ISIC_0029393,HAM_0001755,nv,2,2.0016352e-05,9.4411844e-05,0.0060349526,0.0003926623,0.36250174,0.63082516,0.00013110536
ISIC_0029306,HAM_0000897,nv,2,0.0034585646,0.0019050472,0.007976839,0.004501899,0.13360089,0.84131455,0.0072420966
ISIC_0029654,HAM_0000312,nv,2,0.0006730969,0.0023800493,0.047273155,0.022442432,0.07161283,0.8493812,0.006237126
ISIC_0031053,HAM_0001052,nv,2,0.00038962043,0.00027954674,0.002547575,0.00057894876,0.12502238,0.8698949,0.0012869308
ISIC_0024424,HAM_0006333,nv,2,0.19205943,0.13922171,0.35421377,0.11585351,0.05640654,0.11528528,0.026959822
ISIC_0031970,HAM_0005421,nv,2,0.00032812468,0.00018804854,0.010842603,0.0003718434,0.26096642,0.7268658,0.00043720152
ISIC_0028060,HAM_0005421,nv,2,0.0003048316,0.00014065372,0.008915774,0.00053349003,0.09733471,0.8916008,0.0011698604
ISIC_0025993,HAM_0005232,nv,2,0.00087442057,0.0011608719,0.0048049395,0.0024020472,0.5168756,0.4704706,0.003411561
ISIC_0026049,HAM_0000773,nv,2,4.14384e-05,4.590458e-05,0.006628432,0.00049003615,0.3411691,0.64677036,0.00485473
ISIC_0027505,HAM_0005805,nv,2,0.00029444337,5.1903615e-05,0.007369109,0.0002473417,0.2854936,0.7060393,0.0005042136
ISIC_0030074,HAM_0000140,nv,2,0.00047086537,0.0003926278,0.0021016072,0.001480038,0.01742002,0.97716296,0.0009718076
ISIC_0027285,HAM_0005902,nv,2,0.0005429383,0.0065845298,0.26824996,0.0008787082,0.22379571,0.49754167,0.0024064074
ISIC_0026886,HAM_0001041,nv,2,3.2995085e-05,3.7493162e-05,0.00024481816,0.00012654389,0.01694629,0.9824845,0.00012741289
ISIC_0027942,HAM_0001041,nv,2,4.4353666e-05,3.247036e-05,0.00037189145,8.67646e-05,0.022909336,0.97644967,0.00010550771
ISIC_0031521,HAM_0001637,nv,2,0.00038491414,0.00012489934,0.0026000133,0.00043184418,0.21162033,0.7842867,0.0005512502
ISIC_0029664,HAM_0006754,nv,2,0.0015199434,0.00094057084,0.019846952,0.0014774752,0.20717682,0.7666938,0.0023444844
ISIC_0030116,HAM_0000182,nv,2,0.0069486066,0.0048989616,0.110686414,0.0062582265,0.07936644,0.7798512,0.011990131
ISIC_0026270,HAM_0000182,nv,2,0.00424013,0.0034431464,0.05569231,0.0063973116,0.09310452,0.8222364,0.014886073
ISIC_0025096,HAM_0000182,nv,2,0.00418174,0.0032847854,0.09154859,0.0076358225,0.0930246,0.78726405,0.013060369
ISIC_0032347,HAM_0007585,nv,2,0.00016668095,0.020236483,0.00319641,0.00035351233,0.15700586,0.8183035,0.000737462
ISIC_0027398,HAM_0001567,nv,2,0.0012740114,0.00043330004,0.0034721538,0.0011019061,0.056321025,0.9354931,0.0019045676
ISIC_0032407,HAM_0001567,nv,2,0.0003075246,0.00017844896,0.001536051,0.00033215142,0.017527005,0.9794428,0.00067611516
ISIC_0030840,HAM_0002154,nv,2,0.006936855,0.00031959068,0.33373094,0.0009382066,0.4023067,0.25513798,0.0006297313
ISIC_0032291,HAM_0000032,nv,2,0.0001635507,0.0009300217,0.0007526405,0.0002393204,0.12878336,0.8688376,0.0002934884
ISIC_0024503,HAM_0001142,nv,2,0.0006141607,0.007498513,0.0054515866,0.00060091284,0.033282887,0.95157504,0.0009769725
ISIC_0029667,HAM_0001142,nv,2,0.00059219677,0.005378919,0.0055220686,0.0009993998,0.042719834,0.943883,0.0009045997
ISIC_0029450,HAM_0004239,nv,2,9.436834e-05,0.00022161433,0.0006702523,0.0004495887,0.0058441884,0.99254894,0.00017104315
ISIC_0027887,HAM_0004239,nv,2,0.0001636143,0.00028423974,0.0009481044,0.00075687026,0.0057730894,0.99163216,0.0004419883
ISIC_0024928,HAM_0004239,nv,2,0.00010154028,0.00024863507,0.0009848175,0.00038027743,0.0046500503,0.9933286,0.0003061062
ISIC_0025078,HAM_0001512,nv,2,0.0022472767,0.0019485587,0.009050218,0.0036974868,0.35037568,0.62503797,0.0076427334
ISIC_0025516,HAM_0001512,nv,2,0.002290948,0.0017428538,0.009707295,0.0032592546,0.48689967,0.49064726,0.005452585
ISIC_0029835,HAM_0001512,nv,2,0.0019045438,0.0017467295,0.0072857034,0.0042239483,0.5059244,0.4722854,0.0066292654
ISIC_0028101,HAM_0001512,nv,2,0.0005983936,0.0005649914,0.010308056,0.0015522977,0.27318582,0.7119321,0.0018582825
ISIC_0032227,HAM_0000963,nv,2,0.0006115141,0.0001486547,0.0019830402,0.0005193207,0.032493435,0.96343595,0.00080809445
ISIC_0029938,HAM_0001895,nv,2,0.0018851996,0.010654783,0.43235263,0.012702252,0.29708856,0.24045452,0.0048620473
ISIC_0024777,HAM_0001895,nv,2,0.0018851996,0.010654783,0.43235263,0.012702252,0.29708856,0.24045452,0.0048620473
ISIC_0029196,HAM_0001895,nv,2,0.00059727917,0.029257817,0.12121884,0.0034990741,0.49562702,0.34654886,0.0032511263
ISIC_0024349,HAM_0000025,nv,2,2.9749624e-05,4.2211952e-05,7.9344354e-05,0.00016662081,0.081610665,0.9179939,7.73878e-05
ISIC_0026126,HAM_0000025,nv,2,7.4260347e-06,1.0749511e-05,2.2830254e-05,6.704204e-05,0.09769596,0.90217006,2.6006266e-05
ISIC_0028271,HAM_0000025,nv,2,3.0580013e-05,6.880595e-05,0.00010985748,0.00021006365,0.09284487,0.90655303,0.00018273498
ISIC_0027658,HAM_0000222,nv,2,0.00080983015,0.0028778177,0.014596625,0.007995738,0.33354893,0.6391334,0.0010376043
ISIC_0028678,HAM_0000222,nv,2,0.001441707,0.0039573302,0.019300038,0.012306495,0.4325669,0.5292066,0.001220951
ISIC_0030610,HAM_0001130,nv,2,0.00021734016,0.00012007003,0.0043910304,0.0006704109,0.04582025,0.94798434,0.0007967104
ISIC_0024694,HAM_0001130,nv,2,0.0001425667,8.205481e-05,0.0021396214,0.00047926893,0.020761725,0.97592986,0.00046489591
ISIC_0029661,HAM_0001699,nv,2,1.6927448e-05,0.0001057672,0.011727359,5.451854e-05,0.8388447,0.14909188,0.00015879203
ISIC_0024328,HAM_0002701,nv,2,0.000829201,0.000354756,0.112634,0.000647069,0.78278077,0.10199858,0.0007555947
ISIC_0031559,HAM_0006760,nv,2,0.0003739535,0.00011902189,0.001794507,0.00078811194,0.087168455,0.9093981,0.00035781067
ISIC_0028115,HAM_0007168,nv,2,0.0013064959,0.00039147618,0.028786944,0.0017073923,0.21850306,0.74673045,0.0025741886
ISIC_0028518,HAM_0002919,nv,2,0.000322022,0.0003255671,0.0048308526,0.00074098684,0.63533807,0.35790822,0.00053429214
ISIC_0026764,HAM_0002701,nv,2,0.0076033585,0.0013513743,0.04220847,0.0011545068,0.6223547,0.3235828,0.0017448876
ISIC_0025969,HAM_0004369,nv,2,0.0007691072,0.0053853416,0.57972413,0.0011476757,0.00474085,0.40485907,0.003373789
ISIC_0026030,HAM_0003580,nv,2,0.00014503124,4.7683723e-05,0.00079994736,0.000160889,0.92562234,0.07316537,5.871472e-05
ISIC_0028757,HAM_0003662,nv,2,0.054658692,0.04047951,0.009825844,0.011010707,0.11415925,0.7637481,0.0061178966
ISIC_0031603,HAM_0002128,nv,2,0.8365784,0.008004574,0.04187981,0.00012541605,0.08935647,0.022408215,0.0016471148
ISIC_0029867,HAM_0002128,nv,2,0.29200974,0.03084536,0.049739446,0.000550198,0.5511003,0.07235555,0.0033994245
ISIC_0031070,HAM_0000632,nv,2,0.017485917,0.00020481423,0.008626921,0.000780751,0.32968986,0.6430572,0.00015448501
ISIC_0031354,HAM_0002823,nv,2,0.0046920376,0.00020351486,0.08757686,0.00033504207,0.64163387,0.26529446,0.0002641783
ISIC_0032163,HAM_0001427,nv,2,0.002887617,0.00052724656,0.006839094,0.014067137,0.18684122,0.7877915,0.0010461777
ISIC_0026454,HAM_0006210,nv,2,0.003341467,0.00036289793,0.0016488975,0.0071561923,0.52373004,0.4628385,0.0009220681
ISIC_0027874,HAM_0002684,nv,2,0.00024437127,3.6926966e-05,0.003282538,0.00038785845,0.21589707,0.7796615,0.0004897849
ISIC_0030967,HAM_0005881,nv,2,0.0026494574,0.0006963369,0.020276425,0.0026056143,0.4936055,0.4781838,0.001982795
ISIC_0032015,HAM_0005643,nv,2,0.0030761717,0.00024027801,0.05668377,0.0009334191,0.28059757,0.65784377,0.0006250329
ISIC_0026615,HAM_0002532,nv,2,0.0003520801,0.024832886,0.009106108,0.0038201867,0.023656448,0.9199993,0.018232942
ISIC_0028135,HAM_0002944,nv,2,0.0001548254,0.00021387801,0.0006507284,0.0016507199,0.022008916,0.973825,0.0014960181
ISIC_0029438,HAM_0002738,nv,2,0.13155308,0.3391297,0.009026378,0.013149251,0.121504046,0.37587297,0.0097645745
ISIC_0031353,HAM_0000168,nv,2,0.012628157,0.0063878093,0.056075215,0.0049155243,0.52600485,0.38990793,0.00408053
ISIC_0029693,HAM_0002305,nv,2,0.0005428809,5.9508424e-05,0.0063077374,0.0003195891,0.7058301,0.28660697,0.0003332371
ISIC_0024841,HAM_0002368,nv,2,0.034408394,0.0038562387,0.24335814,0.0033530544,0.4340657,0.27848393,0.00247456
ISIC_0029121,HAM_0002368,nv,2,0.00809867,0.0002652006,0.015475964,0.001184774,0.6579261,0.31671554,0.00033377396
ISIC_0027237,HAM_0003850,nv,2,0.013140428,0.29121038,0.07099541,0.0011856066,0.594087,0.027516443,0.0018647854
ISIC_0029001,HAM_0005664,nv,2,0.009227593,0.36614162,0.012628209,0.040374056,0.068761356,0.50113744,0.0017297947
ISIC_0027671,HAM_0000971,nv,2,0.0008340559,0.0011802625,0.0010459818,0.00027616447,0.58727646,0.40929687,9.019992e-05
ISIC_0026546,HAM_0000971,nv,2,0.00016207677,0.00014284306,0.0003247642,0.00024280585,0.18620266,0.81288993,3.4840836e-05
ISIC_0025013,HAM_0001154,nv,2,0.00026026167,3.6599748e-05,0.0003632037,0.0034628247,0.004392465,0.9914095,7.508378e-05
ISIC_0027724,HAM_0001154,nv,2,0.00019953072,4.4057684e-05,0.0001388265,0.0012233478,0.0036282188,0.99473286,3.3062286e-05
ISIC_0030796,HAM_0006793,nv,2,0.0013901244,0.00022041537,0.0056198444,0.00043540355,0.6971947,0.29475352,0.00038596988
ISIC_0024790,HAM_0001941,nv,2,0.0009899369,0.00039104492,0.009873756,0.0010472392,0.2021105,0.78470474,0.0008828909
ISIC_0030733,HAM_0006245,nv,2,0.0018338602,0.00048230749,0.073450305,0.001348947,0.13323615,0.78877634,0.00087210623
ISIC_0025597,HAM_0000284,nv,2,0.00047859194,0.00034433178,0.008778907,0.0016830249,0.21958973,0.76849055,0.0006348136
ISIC_0025225,HAM_0000284,nv,2,0.00017516919,0.0001453872,0.001320207,0.001051705,0.31686348,0.6800483,0.0003957691
ISIC_0027569,HAM_0005009,nv,2,0.00090209127,0.34418482,0.007956869,0.0006297054,0.21508569,0.43090582,0.00033497665
ISIC_0030544,HAM_0003562,nv,2,0.0001969436,0.0003594439,0.002440543,0.0002394755,0.00042485245,0.9921267,0.0042120493
ISIC_0030962,HAM_0003562,nv,2,4.466192e-05,0.00016530168,0.00037412622,0.00012277688,0.00031966274,0.99492365,0.0040498124
ISIC_0025926,HAM_0005854,nv,2,0.01531786,0.0033875466,0.011653835,0.009214618,0.78249514,0.17551102,0.0024198636
ISIC_0031117,HAM_0005176,nv,2,0.022430109,0.0027918871,0.063649446,0.001429573,0.17221905,0.7351254,0.0023544556
ISIC_0031046,HAM_0002657,nv,2,0.003305848,0.00027914316,0.0133744115,0.0011368254,0.16576113,0.81473327,0.0014093271
ISIC_0032243,HAM_0004701,nv,2,0.018500086,0.00034521185,0.17604043,0.0016120466,0.06782631,0.7352916,0.0003843631
ISIC_0029109,HAM_0003820,nv,2,0.00056481187,6.6601224e-06,0.0024343915,0.0012046355,0.30533326,0.69043463,2.1599428e-05
ISIC_0028675,HAM_0001799,nv,2,6.227851e-05,0.0017245966,0.0036023364,0.003906311,0.00132453,0.96055484,0.028825171
ISIC_0028297,HAM_0001630,nv,2,0.0019607106,9.018769e-05,0.004858784,0.000142741,0.39747545,0.5954163,5.585976e-05
ISIC_0029452,HAM_0005429,nv,2,0.0010774833,6.410635e-05,0.16638559,0.00011841932,0.8266592,0.005488424,0.00020669762
ISIC_0026452,HAM_0003311,nv,2,0.0013756542,0.0004655241,0.00084853097,0.0019199565,0.059880633,0.93500704,0.0005026829
ISIC_0027007,HAM_0003311,nv,2,0.0062630083,0.0029197126,0.0016234057,0.003978151,0.25492704,0.72973293,0.0005557419
ISIC_0029544,HAM_0007013,nv,2,0.041023787,0.016572142,0.6897864,0.0066249426,0.068329535,0.17363127,0.0040319827
ISIC_0026601,HAM_0002899,nv,2,4.5232107e-05,1.23458085e-05,0.00011666854,0.000226369,0.9197918,0.079796106,1.144999e-05
ISIC_0024439,HAM_0005631,nv,2,0.0086765755,0.0007483032,0.012712835,0.0037555029,0.15761425,0.81551725,0.0009753126
ISIC_0025492,HAM_0005631,nv,2,0.15549168,0.006461033,0.11665746,0.0398227,0.37834108,0.29586774,0.0073582893
ISIC_0030006,HAM_0003546,nv,2,0.00045850882,0.0002812143,0.0054434263,0.0013517751,0.12683046,0.8642014,0.0014331626
ISIC_0026974,HAM_0003603,nv,2,0.00066980993,0.00018861044,0.003984741,0.0013600872,0.025433535,0.9678393,0.00052387797
ISIC_0029881,HAM_0000217,nv,2,0.0050603654,0.00023372406,0.025123361,0.0016879897,0.81807977,0.14897025,0.0008445793
ISIC_0031115,HAM_0000217,nv,2,0.0019561576,3.9510887e-05,0.009766704,7.067059e-05,0.92355037,0.064497046,0.000119552315
ISIC_0025289,HAM_0006110,nv,2,0.00228407,0.001278435,0.0020563034,0.019751783,0.7331497,0.21385975,0.027619926
ISIC_0031049,HAM_0001688,nv,2,0.0005624777,0.00080138276,0.001538503,0.0047067194,0.23858467,0.7532791,0.00052713713
ISIC_0026795,HAM_0003603,nv,2,0.00033383194,8.881515e-05,0.0009162584,0.0012972301,0.011173533,0.9859767,0.00021356299
ISIC_0026818,HAM_0001330,nv,2,0.0100829415,0.0039357673,0.024228439,0.0009486954,0.08549422,0.87498754,0.00032240126
ISIC_0029191,HAM_0003415,nv,2,0.00053708703,0.00085950067,0.04776592,0.00063529913,0.014879576,0.9337639,0.001558793
ISIC_0024476,HAM_0002007,nv,2,0.0019261955,0.00023182349,0.04303925,8.43031e-05,0.9450762,0.009443482,0.00019876816
ISIC_0026551,HAM_0004802,nv,2,0.0013855178,3.454572e-05,0.0010946789,0.00025161623,0.052388195,0.94475955,8.5899504e-05
ISIC_0024596,HAM_0004802,nv,2,0.005337164,9.256755e-05,0.0047002328,0.0018369505,0.64791036,0.33990997,0.00021274552
ISIC_0030966,HAM_0004802,nv,2,0.0020027764,7.629694e-05,0.0015672735,0.00051890337,0.31231716,0.683308,0.00020958632
ISIC_0028951,HAM_0007116,nv,2,0.012297871,0.00042372334,0.017019564,0.03001261,0.1390256,0.7998277,0.001392895
ISIC_0028130,HAM_0007263,nv,2,0.0023599172,0.00039287138,0.13263692,0.0029660594,0.0567099,0.8034477,0.0014865478
ISIC_0032292,HAM_0003685,nv,2,0.01677879,0.0015129661,0.2945961,0.004199486,0.17937505,0.49824214,0.0052955467
ISIC_0031838,HAM_0002517,nv,2,0.00091387826,0.0004066245,0.0030545443,0.0009414382,0.2538678,0.7391981,0.0016176578
ISIC_0029733,HAM_0005750,nv,2,0.00034338303,0.050067376,0.03829491,0.00044835336,0.032131266,0.87863106,8.363025e-05
ISIC_0028478,HAM_0002154,nv,2,0.0072728945,0.0008199609,0.1576363,0.0033783852,0.3352713,0.49453843,0.0010826788
ISIC_0026674,HAM_0004836,nv,2,0.0011539796,0.0004834164,0.04151498,0.00088957616,0.4251745,0.53012896,0.00065461564
ISIC_0025169,HAM_0002025,nv,2,0.0033009197,0.00019891711,0.007095656,0.00062298717,0.060188588,0.9284311,0.0001618936
ISIC_0031681,HAM_0006069,nv,2,0.063655466,0.007852406,0.31780922,0.008922214,0.2772717,0.32133162,0.0031574143
ISIC_0030008,HAM_0007317,nv,2,0.0023676516,0.004111294,0.04853285,0.0060679107,0.30749762,0.6261719,0.005250791
ISIC_0027197,HAM_0006244,nv,2,0.002134361,0.008824853,0.0020283335,0.0006807881,0.11074475,0.87453294,0.001053991
ISIC_0027627,HAM_0006244,nv,2,0.002621074,0.0035729806,0.0144047225,0.0030595558,0.32589382,0.649291,0.0011568742
ISIC_0024514,HAM_0002201,nv,2,0.00028997572,2.6860847e-05,0.0015202961,8.72269e-05,0.96648306,0.031435702,0.0001568188
ISIC_0025533,HAM_0004836,nv,2,0.00663542,0.0035133131,0.119175404,0.004730891,0.45172712,0.40916798,0.0050499546
ISIC_0031754,HAM_0003940,nv,2,0.00038231935,4.4563818e-05,0.0028200506,0.00039178279,0.55182695,0.4443954,0.00013892495
ISIC_0029803,HAM_0003940,nv,2,7.771178e-05,1.7768032e-05,0.0026262642,7.456546e-05,0.2994521,0.6976564,9.507182e-05
ISIC_0027271,HAM_0006757,nv,2,0.0035899787,0.00076897803,0.01501354,0.00027414376,0.65468127,0.32547814,0.00019399988
ISIC_0024497,HAM_0006757,nv,2,0.0011694675,0.00051810197,0.01920598,0.00032429877,0.7496318,0.2289143,0.00023607284
ISIC_0031594,HAM_0006835,nv,2,0.54939204,0.017606819,0.37836844,0.0018042692,0.023129696,0.028973488,0.0007252836
ISIC_0028091,HAM_0002025,nv,2,0.0011613765,0.00041849946,0.001621979,0.0018412237,0.14390998,0.8504547,0.0005922198
ISIC_0028023,HAM_0002025,nv,2,0.03658592,0.003365627,0.032400522,0.0055708317,0.040343747,0.8806762,0.0010572034
ISIC_0026825,HAM_0000204,nv,2,0.089791246,0.0003104051,0.035611484,0.00031333484,0.6622418,0.2113676,0.00036417533
ISIC_0026023,HAM_0000815,nv,2,0.00757935,0.38119662,0.0113326525,0.0014350667,0.11453014,0.48065212,0.0032739418
ISIC_0032144,HAM_0007176,nv,2,0.003936525,0.0022015208,0.012640504,0.0028028074,0.29709008,0.67888165,0.0024469474
ISIC_0028205,HAM_0000311,nv,2,0.0017633042,0.00016293464,0.0027280473,0.0038482626,0.04919899,0.9421,0.0001984461
ISIC_0027255,HAM_0007284,nv,2,0.0052893334,0.003197651,0.019130921,0.0039335154,0.37638724,0.590525,0.001536377
ISIC_0026577,HAM_0006835,nv,2,0.057638396,0.0012243384,0.6227698,0.0017681738,0.20672092,0.109480165,0.00039819
ISIC_0027639,HAM_0000204,nv,2,0.4816396,0.0024884779,0.34159163,0.0008471652,0.09170778,0.080484055,0.0012413275
ISIC_0031314,HAM_0000204,nv,2,0.097497314,0.0005772967,0.11594593,0.0006170809,0.24582066,0.53863966,0.00090204686
ISIC_0025667,HAM_0000762,nv,2,0.00052003225,0.0033910023,0.0040121065,0.0046058246,0.33090836,0.6559236,0.0006390482
ISIC_0028982,HAM_0000762,nv,2,0.00011814003,0.00024257872,0.007263692,0.00066291756,0.26351646,0.7279799,0.00021633522
ISIC_0027137,HAM_0000762,nv,2,0.0007741988,0.00026696795,0.008403652,0.003035019,0.09782291,0.8893931,0.000304136
ISIC_0026956,HAM_0003142,nv,2,0.00028114658,0.98098516,0.00027858754,3.8556464e-05,0.0007444502,0.017600805,7.131389e-05
ISIC_0031806,HAM_0003142,nv,2,0.000992119,0.998382,0.00025822615,4.4571625e-06,0.0002199275,0.00013140828,1.1921752e-05
ISIC_0031192,HAM_0006932,nv,2,0.002347839,0.13173941,0.30127394,0.0013653733,0.27295953,0.28961754,0.0006963719
ISIC_0029221,HAM_0006458,nv,2,0.00201778,0.0006590655,0.45986325,0.001589119,0.4716966,0.062425707,0.0017485518
ISIC_0028261,HAM_0005429,nv,2,0.0018508215,0.000106954154,0.77090144,9.3482646e-05,0.2204321,0.0064175287,0.0001976668
ISIC_0030198,HAM_0005695,nv,2,0.0004626212,0.0002779063,0.011112842,0.00038495203,0.58878314,0.3984354,0.0005430496
ISIC_0030923,HAM_0005750,nv,2,0.010328123,0.43747503,0.05501241,0.00862465,0.30935895,0.17761782,0.0015829477
ISIC_0025027,HAM_0004479,nv,2,1.8645493e-05,0.9985056,2.2569591e-05,8.0007485e-06,2.464912e-05,0.0014056222,1.4977245e-05
ISIC_0032090,HAM_0004479,nv,2,1.736194e-05,0.94011134,3.3324483e-05,0.0041917623,0.0015923296,0.053916376,0.00013747026
ISIC_0027789,HAM_0003415,nv,2,0.000489005,0.000489508,0.0065577817,0.00063282665,0.036457643,0.9546814,0.00069179246
ISIC_0028761,HAM_0003415,nv,2,0.001820122,0.00046371104,0.01693051,0.0011570989,0.39017937,0.5882429,0.0012062421
ISIC_0027351,HAM_0002293,nv,2,0.021882327,0.037719477,0.0059843855,0.031116191,0.6225786,0.2800401,0.0006789217
ISIC_0027346,HAM_0002326,nv,2,0.0057296753,0.00011573064,0.08131006,0.00025065543,0.8154869,0.096604265,0.00050266396
ISIC_0031875,HAM_0002326,nv,2,0.01102176,2.4113107e-05,0.08845224,0.00028398572,0.8477242,0.052403864,8.993167e-05
ISIC_0027578,HAM_0006458,nv,2,0.0026559178,0.00015738756,0.0463753,0.0008876515,0.81294185,0.13566624,0.0013156263
ISIC_0031238,HAM_0002238,nv,2,0.053726804,0.022646977,0.37975773,0.0054362407,0.14217022,0.067883186,0.32837886
ISIC_0026374,HAM_0002238,nv,2,0.11587079,0.023821931,0.44846135,0.012390418,0.17382216,0.048232395,0.177401
ISIC_0027379,HAM_0002154,nv,2,0.009830151,0.00043628583,0.5177518,0.00072470616,0.2092699,0.26161328,0.00037388605
ISIC_0027468,HAM_0002154,nv,2,0.011083331,0.0025109677,0.2779728,0.003519661,0.23155913,0.4718941,0.0014600902
ISIC_0028016,HAM_0005664,nv,2,0.20719874,0.19620238,0.1702583,0.08493637,0.025092997,0.31482112,0.001490081
ISIC_0030639,HAM_0000815,nv,2,0.0036747586,0.43037525,0.009079654,0.001569818,0.075912565,0.47568113,0.0037068506
ISIC_0026323,HAM_0006104,nv,2,0.00019886628,0.012790064,0.002211411,0.0009442545,0.1979491,0.78463346,0.0012728797
ISIC_0030663,HAM_0006104,nv,2,0.0004401239,0.0011085811,0.004182812,0.000489903,0.59136766,0.40200076,0.00041014573
ISIC_0030978,HAM_0002007,nv,2,0.04410071,0.0011261752,0.24498935,0.00018722014,0.69354886,0.015720371,0.00032723817
ISIC_0025918,HAM_0003078,nv,2,0.058003187,0.0019434801,0.09876754,0.14243104,0.4047261,0.29116052,0.0029680973
ISIC_0026124,HAM_0003078,nv,2,0.055572,0.0011940614,0.04267151,0.02320931,0.6546515,0.22137214,0.0013295105
ISIC_0028504,HAM_0006910,nv,2,0.0018132649,0.0006641736,0.001076592,0.0016796537,0.017162435,0.9771314,0.00047242804
ISIC_0029862,HAM_0006910,nv,2,0.0037665595,0.00080184283,0.0024144817,0.006036708,0.05552188,0.9309163,0.0005421469
ISIC_0031794,HAM_0006616,nv,2,0.0008693817,0.0005268593,0.12149406,0.00091256987,0.41388807,0.46129626,0.0010127787
ISIC_0028947,HAM_0002486,nv,2,0.0011298558,0.00023041868,0.009475277,0.000263231,0.0018013782,0.9870862,1.3679921e-05
ISIC_0031965,HAM_0002511,nv,2,0.013499044,0.0032695553,0.16641572,0.017864717,0.21947433,0.5770346,0.0024420577
ISIC_0025148,HAM_0002511,nv,2,0.012511059,0.0069063017,0.029753093,0.0079434095,0.43238795,0.4995123,0.010985881
ISIC_0030140,HAM_0006512,nv,2,0.0019861087,0.00039440766,0.0067802495,0.00077465305,0.35123938,0.6377972,0.0010280187
ISIC_0027614,HAM_0006512,nv,2,0.0001840455,9.65237e-05,0.0015122207,0.00016211317,0.5576474,0.44026226,0.0001354071
ISIC_0025243,HAM_0001933,nv,2,0.0007849635,0.00033462755,0.17024423,0.00088449195,0.1838694,0.6429642,0.0009180576
ISIC_0030434,HAM_0005733,nv,2,0.0021459004,0.0033234262,0.043754976,0.0047615077,0.17261584,0.76709557,0.0063027623
ISIC_0026580,HAM_0005008,nv,2,0.00846245,0.088062085,0.005790808,0.0033668922,0.008512642,0.8846933,0.0011117978
ISIC_0030919,HAM_0005008,nv,2,0.026797544,0.010831161,0.25627592,0.031485863,0.16641042,0.5078289,0.00037021414
ISIC_0029963,HAM_0007025,nv,2,0.00032225312,0.00016254437,0.0028158636,0.00033421765,0.013914938,0.9819978,0.0004523995
ISIC_0030937,HAM_0005173,nv,2,0.0007312897,0.000109156164,0.002209317,0.024729893,0.18206197,0.7901214,3.6951453e-05
ISIC_0025400,HAM_0005173,nv,2,0.0049811425,0.001993334,0.07585015,0.001119504,0.072971195,0.8422116,0.0008730909
ISIC_0029498,HAM_0001356,nv,2,0.00018445266,9.883977e-05,0.0026883483,0.00032044464,0.03185178,0.9646356,0.00022043401
ISIC_0026333,HAM_0001356,nv,2,0.00032878487,0.0002077924,0.008012868,0.0004314303,0.050853416,0.93947166,0.00069416023
ISIC_0031036,HAM_0005254,nv,2,0.0006386819,8.672688e-05,0.002213045,0.00020846206,0.13523611,0.86122423,0.0003928013
ISIC_0026820,HAM_0005254,nv,2,0.0011588635,0.00037856697,0.011678494,0.0007161454,0.36583385,0.6193241,0.00090998586
ISIC_0028586,HAM_0000690,nv,2,0.00090914266,0.00091209455,0.04409829,0.0008413188,0.0638392,0.887933,0.0014669043
ISIC_0030182,HAM_0000690,nv,2,0.0072539006,0.0022944824,0.32352573,0.001438137,0.08215478,0.58070314,0.0026297506
ISIC_0025647,HAM_0002798,nv,2,0.00063259335,0.0004551949,0.038127344,0.0027022571,0.3257133,0.631266,0.001103337
ISIC_0025323,HAM_0002798,nv,2,0.00057139696,0.0006593189,0.0064627985,0.0125025045,0.3462429,0.6323422,0.0012189603
ISIC_0028562,HAM_0003619,nv,2,0.0023052115,0.94731873,0.013367492,0.0026350885,0.0012863368,0.030128159,0.002958906
ISIC_0025553,HAM_0003619,nv,2,0.00035210903,0.9922168,0.002346392,0.00044442166,0.0012871135,0.0023536903,0.0009994763
ISIC_0029091,HAM_0002832,nv,2,0.0024167015,0.004468434,0.011910468,0.0032807544,0.21364434,0.7615524,0.0027269311
ISIC_0032026,HAM_0002832,nv,2,0.0015060627,0.006341084,0.00839658,0.0018623003,0.123893626,0.8568392,0.001161217
ISIC_0032388,HAM_0000378,nv,2,0.0013573155,0.0016094871,0.024545753,0.007174832,0.41601136,0.54862976,0.0006715176
ISIC_0031973,HAM_0000378,nv,2,0.006464518,0.0014955858,0.041261323,0.0013061749,0.3349992,0.6140926,0.0003805168
ISIC_0032008,HAM_0004667,nv,2,0.0005462918,0.00013218289,0.92250216,0.0004007101,0.03028637,0.04602652,0.00010583359
ISIC_0031317,HAM_0004667,nv,2,0.0024164673,0.0004442351,0.8463686,0.00041214636,0.045508217,0.104459606,0.00039067332
ISIC_0025062,HAM_0001418,nv,2,0.00041686383,0.00010718432,0.0023586212,0.00047262118,0.834337,0.16192156,0.0003861708
ISIC_0026749,HAM_0004777,nv,2,8.589172e-06,0.0001055539,0.00024724245,1.5999436e-05,0.047627628,0.95198727,7.78407e-06
ISIC_0029895,HAM_0004777,nv,2,0.00041152007,0.00038005176,0.02558886,0.0011099397,0.14957505,0.8226078,0.000326722
ISIC_0032020,HAM_0007437,nv,2,0.0023361857,0.001050842,0.11332323,0.001418333,0.48193923,0.3982605,0.0016716017
ISIC_0024745,HAM_0007437,nv,2,0.0017894353,0.0006965617,0.05408453,0.0029176148,0.13134465,0.80497956,0.0041876924
ISIC_0031395,HAM_0005974,nv,2,0.0412157,0.001046046,0.1732728,0.00020142065,0.51301765,0.27074987,0.00049650064
ISIC_0032589,HAM_0006218,nv,2,0.00055102457,5.8883386e-05,0.06152009,0.0006681885,0.056526117,0.8804916,0.00018414076
ISIC_0033381,HAM_0003363,nv,2,0.00059286546,0.00048803515,0.008729389,0.0028691487,0.32329214,0.6636237,0.0004047885
ISIC_0032912,HAM_0003357,nv,2,2.6000362e-05,2.0691688e-05,0.00076294,7.9728816e-05,0.14525202,0.8537583,0.00010038952
ISIC_0028252,HAM_0001259,nv,2,0.0014148408,0.00020498768,0.17016077,0.00025490057,0.1101441,0.71746266,0.0003577051
ISIC_0034053,HAM_0001442,nv,2,0.0005045736,0.0001417707,0.009364464,0.00091342593,0.23732075,0.7513204,0.0004345711
ISIC_0032930,HAM_0000488,nv,2,0.011849201,0.011479739,0.01285443,0.005241849,0.17509176,0.78276813,0.00071485486
ISIC_0033614,HAM_0007333,nv,2,6.306947e-05,2.9578903e-05,0.00076048775,0.00015857069,0.26122746,0.7376185,0.00014241417
ISIC_0033907,HAM_0005316,nv,2,0.016813235,0.0052375663,0.60080564,0.0018210736,0.1729671,0.20163985,0.000715586
ISIC_0033139,HAM_0005316,nv,2,0.0049598133,0.0019776772,0.6207145,0.0019417705,0.059814565,0.31008306,0.00050865434
ISIC_0033457,HAM_0005434,nv,2,0.003329779,9.089815e-05,0.18089946,0.00044320186,0.25798672,0.55658376,0.00066618994
ISIC_0034018,HAM_0002569,nv,2,0.00206942,0.00029617213,0.0039451,0.0041334475,0.11560088,0.87279725,0.0011577728
ISIC_0033495,HAM_0003968,nv,2,0.0016503232,0.020730646,0.03654824,0.0018611564,0.7033611,0.23333332,0.0025151877
ISIC_0033161,HAM_0003968,nv,2,0.00068210356,0.008201554,0.028250458,0.0012048705,0.035765722,0.91999024,0.005905074
ISIC_0032796,HAM_0003968,nv,2,0.0010657439,0.033730503,0.021009654,0.0023483504,0.3458733,0.59178674,0.0041856784
ISIC_0033098,HAM_0004071,nv,2,0.0011849514,0.0034196596,0.007829041,0.00063768006,0.41515577,0.5714473,0.00032559448
ISIC_0032607,HAM_0004071,nv,2,0.0015649894,0.01507477,0.0057594846,0.0037479221,0.08698521,0.88410485,0.0027628355
ISIC_0032523,HAM_0002755,nv,2,0.00029961285,0.00022104307,0.0032741334,0.00072975917,0.060305715,0.9340045,0.0011653698
ISIC_0033159,HAM_0002755,nv,2,0.00014859415,0.00013234992,0.0020655622,0.0004048529,0.10328397,0.893472,0.0004926082
ISIC_0033842,HAM_0005353,nv,2,0.00043656878,0.0015611801,0.040463887,0.0029122422,0.105864964,0.8389238,0.009837324
ISIC_0032923,HAM_0005353,nv,2,5.7834528e-05,0.0010456842,0.16175467,0.00036308236,0.01044409,0.8041914,0.022143262
ISIC_0032935,HAM_0004016,nv,2,6.0337068e-05,3.6574158e-05,0.001912337,6.8950736e-05,0.06638727,0.9313923,0.00014227928
ISIC_0033173,HAM_0003813,nv,2,0.0012129188,0.00025328808,0.0012632476,0.0006379949,0.032560024,0.96335566,0.0007169053
ISIC_0027689,HAM_0003819,nv,2,0.0008392447,0.00048524715,0.009756898,0.0018181608,0.037123382,0.949754,0.00022299825
ISIC_0033741,HAM_0006236,nv,2,1.5713516e-05,6.196115e-05,0.00023042932,0.0004348303,0.00019537866,0.9989278,0.00013387554
ISIC_0032632,HAM_0006230,nv,2,0.00045714184,0.00014808904,0.013044781,0.048452586,0.0059287553,0.9315894,0.00037922978
ISIC_0033826,HAM_0004206,nv,2,4.6768335e-05,0.00016986759,0.00012288369,0.00018496935,0.0019048642,0.99435234,0.0032183847
ISIC_0033892,HAM_0004208,nv,2,5.4114167e-05,0.0009564019,0.007912271,0.0005067711,0.013379395,0.97701454,0.0001764563
ISIC_0033066,HAM_0004192,nv,2,0.00034499934,0.0005743344,0.01058373,0.0043269065,0.06711939,0.91635,0.00070059026
ISIC_0034081,HAM_0004210,nv,2,0.00089083245,0.00023253274,0.003026402,0.0063673826,0.0549117,0.9337114,0.0008596987
ISIC_0032634,HAM_0004184,nv,2,0.0033611213,0.0007003187,0.02583628,0.0010691017,0.2678397,0.6998131,0.0013803383
ISIC_0033481,HAM_0004198,nv,2,0.00013712322,3.136554e-05,0.0003655047,0.0002524763,0.17100991,0.82806027,0.00014336935
ISIC_0033025,HAM_0003236,nv,2,5.7575244e-06,9.580398e-06,0.0036163393,2.0225476e-05,0.0038206666,0.9924919,3.5488254e-05
ISIC_0033053,HAM_0003236,nv,2,2.1178064e-05,4.5151137e-05,0.010382944,3.3182874e-05,0.010965812,0.9784218,0.00012994335
ISIC_0033065,HAM_0001619,nv,2,0.00014188612,6.0203383e-05,0.0010830526,0.0013037472,0.025861163,0.9711996,0.00035042828
ISIC_0032852,HAM_0002164,nv,2,6.960544e-05,8.219958e-05,0.00040999101,0.0002180461,0.025581157,0.9731689,0.0004699992
ISIC_0034045,HAM_0002282,nv,2,0.0022391696,0.33975923,0.0016216021,0.00030777,0.027192155,0.6286402,0.00023989275
ISIC_0029355,HAM_0007069,nv,2,0.0005993763,0.0005204266,0.50321126,0.0016337351,0.070896335,0.42270955,0.00042932827
ISIC_0027138,HAM_0004370,nv,2,0.0030861772,0.004188811,0.04580589,0.0122785,0.46964344,0.3845383,0.080458894
ISIC_0024757,HAM_0004370,nv,2,0.00090553996,0.00048584226,0.046186775,0.006164252,0.23660523,0.69431645,0.01533589
ISIC_0031216,HAM_0006861,nv,2,0.0011308518,0.004040298,0.008299824,0.00061250123,0.3616647,0.62394154,0.00031026884
ISIC_0031769,HAM_0006861,nv,2,0.0014758892,0.0014200889,0.09160398,0.010120656,0.20463684,0.690476,0.00026655997
ISIC_0025816,HAM_0007122,nv,2,0.00030852124,0.0066391956,0.018998422,0.0022801112,0.17241272,0.7969626,0.002398434
ISIC_0031209,HAM_0007069,nv,2,0.0007528281,0.0002763114,0.016598808,0.005538017,0.0224719,0.9540202,0.00034192772
ISIC_0031359,HAM_0002408,nv,2,0.0021134096,0.4115627,0.36144292,0.00012164186,0.0041391454,0.21143577,0.009184384
ISIC_0031454,HAM_0002408,nv,2,0.0008715289,0.6687048,0.20225525,0.000183537,0.001335388,0.12043079,0.006218781
ISIC_0024955,HAM_0001956,nv,2,0.0007112022,0.00077274186,0.0020877726,0.00028982683,0.61882615,0.3769333,0.00037903246
ISIC_0030038,HAM_0001956,nv,2,0.0026185943,0.0004630839,0.002491952,0.006164026,0.5849808,0.40289956,0.00038199592
ISIC_0031791,HAM_0004742,nv,2,0.0007536152,0.00032695814,0.27700117,0.001559372,0.035330534,0.68475103,0.00027742176
ISIC_0028338,HAM_0004742,nv,2,0.00065203826,0.00034578424,0.03593735,0.0006184574,0.006836953,0.954639,0.00097034854
ISIC_0028399,HAM_0007122,nv,2,0.004836959,0.005061739,0.28509063,0.009680521,0.18105817,0.5114285,0.0028435325
ISIC_0025652,HAM_0003965,nv,2,0.00011071594,9.845571e-05,0.0076921103,0.00027947192,0.020789346,0.97070384,0.00032603025
ISIC_0028585,HAM_0002554,nv,2,6.0012964e-05,0.00045818923,0.014205863,0.00015033242,0.030722452,0.9538703,0.0005329424
ISIC_0032102,HAM_0002554,nv,2,1.1136688e-05,0.00017492363,0.91229486,8.6899396e-05,0.0005345603,0.08687206,2.5565829e-05
ISIC_0028380,HAM_0003965,nv,2,1.914437e-05,1.9888646e-05,0.001121393,5.4114636e-05,0.02303841,0.9757101,3.6972724e-05
ISIC_0025178,HAM_0005282,akiec,2,0.07381955,0.003351814,0.000675732,0.9181059,0.0033517308,0.0006170743,7.822531e-05
ISIC_0028730,HAM_0005282,akiec,2,0.1272558,0.000104457395,0.015449496,0.8551092,0.0005348647,0.0015257533,2.0392486e-05
ISIC_0024913,HAM_0001495,akiec,2,0.23772259,0.73154384,0.017394556,0.0016109857,0.009643283,0.0004567764,0.001628
ISIC_0031198,HAM_0003422,akiec,2,0.99981695,4.2978216e-05,1.4303649e-05,5.7160054e-05,6.545932e-05,2.542787e-06,5.940588e-07
ISIC_0028816,HAM_0003123,akiec,2,0.99687886,0.001101059,0.0002149528,3.5450678e-06,0.0017405193,5.0196435e-05,1.0984449e-05
ISIC_0028232,HAM_0003123,akiec,2,0.9982091,0.00059219444,0.00039862387,1.0671614e-05,0.0006622972,0.00011693987,1.0183071e-05
ISIC_0025331,HAM_0001258,akiec,2,0.99859256,0.00024190044,0.0009135133,7.5473486e-06,0.000102762104,0.00013593645,5.8639457e-06
ISIC_0030794,HAM_0002185,akiec,2,0.99459356,0.00083363656,0.0023119575,0.002165764,3.74231e-05,5.1403156e-05,6.2378845e-06
ISIC_0029930,HAM_0005889,akiec,2,0.9983171,1.3126026e-05,0.0003554751,8.6169774e-07,0.001298386,1.2175092e-05,2.8644365e-06
ISIC_0030991,HAM_0001453,akiec,2,0.94745123,0.00033832176,0.05070299,0.00051152875,0.00045540844,0.0005160274,2.4576453e-05
ISIC_0029541,HAM_0004636,akiec,2,0.70044297,0.000830623,0.15961967,0.00094781443,0.12711065,0.0097964,0.0012518885
ISIC_0031940,HAM_0001234,akiec,2,0.96702695,0.001094986,0.00080860604,0.0011908379,0.028720632,0.0011024467,5.5475517e-05
ISIC_0025358,HAM_0004398,akiec,2,0.9983802,0.00012397958,0.0009447048,0.00021633189,0.00019678393,0.0001275807,1.0481224e-05
ISIC_0029860,HAM_0001967,akiec,2,0.8870011,0.018403046,0.066614725,8.2460094e-05,0.027225725,0.00063600077,3.692151e-05
ISIC_0024450,HAM_0005505,akiec,2,0.9928179,0.006382042,0.00011448413,1.0776313e-05,0.00064340787,2.421119e-05,7.340345e-06
ISIC_0031743,HAM_0005505,akiec,2,0.93593526,0.05353832,0.002494102,0.00022549294,0.0076555014,9.764668e-05,5.365569e-05
ISIC_0026522,HAM_0005505,akiec,2,0.9947954,0.0005239701,0.0045453496,1.1687145e-05,0.00011494256,8.184613e-06,5.075778e-07
ISIC_0032203,HAM_0005954,akiec,2,0.660727,0.18468204,0.1045922,0.0022192767,0.0230149,0.024438987,0.00032561255
ISIC_0028314,HAM_0006434,akiec,2,0.9999074,3.349506e-05,3.9470066e-05,1.6755774e-06,1.591746e-05,1.8965624e-06,1.5663316e-07
ISIC_0030821,HAM_0006604,akiec,2,0.0036114121,0.000110995905,0.91840345,7.147733e-05,0.064116694,0.013508748,0.00017723652
ISIC_0028644,HAM_0001176,akiec,2,0.029225692,0.00065092655,0.045707583,0.0019668245,0.72712886,0.19498499,0.00033507726
ISIC_0026212,HAM_0003262,akiec,2,0.8552105,0.005794545,0.025915047,0.0010751194,0.102558374,0.0020880755,0.0073583894
ISIC_0024522,HAM_0005650,akiec,2,0.009452126,0.01215094,0.8779614,0.010058526,0.0038736288,0.08637535,0.00012796673
ISIC_0030387,HAM_0005650,akiec,2,0.058445644,0.10246077,0.38206467,0.022081444,0.019919023,0.4135242,0.0015042269
ISIC_0029573,HAM_0006879,akiec,2,0.79359436,0.0054712878,0.16187611,0.008749833,0.026946312,0.0017477782,0.0016143324
ISIC_0025350,HAM_0005701,akiec,2,0.840866,0.08608599,0.028620364,0.042090338,0.0019262008,0.00025610634,0.00015492966
ISIC_0026149,HAM_0005480,akiec,2,0.9315224,0.00039443644,0.041226264,8.414865e-05,0.024937464,0.0012902053,0.0005450188
ISIC_0025992,HAM_0005480,akiec,2,0.98117125,0.00011083528,0.0038810866,4.3767236e-06,0.014498385,0.00024006885,9.398237e-05
ISIC_0028224,HAM_0001625,akiec,2,0.99621826,0.00038140937,0.0010398092,0.0016352941,0.000530881,0.00018434958,9.973128e-06
ISIC_0030549,HAM_0002094,akiec,2,0.8942122,0.07927658,0.0007760323,0.0036355013,0.0022545524,0.019687472,0.00015764442
ISIC_0026905,HAM_0006180,akiec,2,0.103128865,0.0060174884,0.40111235,0.33881468,0.13546208,0.013303223,0.0021612959
ISIC_0028076,HAM_0006434,akiec,2,0.94325846,0.0026767703,0.024593057,0.00016132824,0.024955854,0.0041229706,0.0002315531
ISIC_0030142,HAM_0006434,akiec,2,0.8558757,0.08765483,0.050070718,0.005148,0.0008366663,0.00034334534,7.077697e-05
ISIC_0025471,HAM_0001967,akiec,2,0.25424942,0.25480253,0.37778863,0.0026392592,0.105825454,0.0043801395,0.00031448656
ISIC_0026171,HAM_0000356,akiec,2,0.009492082,0.0009526556,0.9749688,0.00010816834,0.012018832,0.0023960348,6.3457795e-05
ISIC_0026457,HAM_0007303,akiec,2,0.86578435,0.0004711526,0.10993032,1.3429665e-05,0.023088623,0.0006888236,2.3362882e-05
ISIC_0028763,HAM_0000832,akiec,2,0.81463575,0.0042630443,0.010964688,0.0010810418,0.116001576,0.052829415,0.00022447853
ISIC_0032135,HAM_0003144,akiec,2,0.86309576,7.875997e-05,0.124493346,0.00042674958,0.009579642,0.0022130772,0.000112591864
ISIC_0026468,HAM_0001023,akiec,2,0.47947943,0.11766232,0.16489701,0.047623105,0.09328077,0.092412904,0.0046443767
ISIC_0027452,HAM_0004033,akiec,2,0.5698271,0.00015099497,0.12096959,0.00030596738,0.10404727,0.20454423,0.00015490006
ISIC_0026984,HAM_0001903,akiec,2,0.1949682,0.0013877461,0.029578384,0.00011121509,0.7722837,0.0014168192,0.000254036
ISIC_0029713,HAM_0006036,akiec,2,0.94157255,0.05112407,0.0036344307,0.000321912,0.002652028,0.00012440745,0.000570675
ISIC_0033866,HAM_0000239,akiec,2,0.14807054,0.0011656358,0.8283,0.0025563117,0.015415885,0.0042795185,0.0002121194
ISIC_0025368,HAM_0004472,akiec,2,0.995503,0.0023900717,0.0015042236,0.000100044526,0.000315257,7.649487e-05,0.00011082319
ISIC_0026194,HAM_0003910,akiec,2,0.6179098,0.0012256661,0.17829654,0.00015834488,0.1982604,0.0037019188,0.00044738207
ISIC_0033811,HAM_0004282,akiec,2,0.002022602,2.986952e-05,0.94862163,0.000100090496,0.039053522,0.010152277,2.005643e-05
ISIC_0027615,HAM_0006180,akiec,2,0.0018760535,0.0019546875,0.18938762,0.7944904,0.0041120527,0.0065651312,0.0016140272
ISIC_0028990,HAM_0006180,akiec,2,0.046402495,0.0022034128,0.5861015,0.114401735,0.21807976,0.030449506,0.0023616296
ISIC_0033358,HAM_0004282,akiec,2,0.004933658,6.507949e-06,0.67776954,6.396549e-05,0.29838148,0.018822452,2.2398968e-05
ISIC_0030655,HAM_0000356,akiec,2,0.074783824,0.0010892145,0.8365782,6.227489e-05,0.013177523,0.07424352,6.537209e-05
ISIC_0033151,HAM_0004282,akiec,2,0.03850389,0.00011421849,0.8799185,0.00017074768,0.06496435,0.016220737,0.00010757723
ISIC_0032854,HAM_0000239,akiec,2,0.055461586,2.9845547e-05,0.92706233,9.3903145e-06,0.016898515,0.000530463,7.8555595e-06
ISIC_0032258,HAM_0003521,mel,2,0.0001232759,0.9142619,0.01417666,0.00027963019,0.0143608255,0.05287644,0.003921275
ISIC_0025276,HAM_0001396,bkl,2,0.0010632257,0.28149655,0.4844526,0.0015423484,0.10193483,0.12387502,0.0056354166
ISIC_0026153,HAM_0002957,bkl,2,0.28824988,0.07349421,0.37766656,0.00067995634,0.20376876,0.055539455,0.0006010857
ISIC_0025876,HAM_0002957,bkl,2,4.299096e-06,3.2709027e-05,0.9994647,2.0582488e-06,7.552316e-05,0.00041920535,1.4908233e-06
ISIC_0032688,HAM_0006801,bkl,2,0.0005398526,0.0017064407,0.9923574,0.0013559887,0.00036687485,0.0036449404,2.853038e-05
ISIC_0033252,HAM_0006801,bkl,2,0.016479835,0.010077011,0.5977103,0.1450706,0.1559989,0.0544759,0.0201875
ISIC_0032570,HAM_0006801,bkl,2,0.00036481707,0.0009245708,0.9861524,0.0018971006,0.0009635429,0.009290533,0.00040694364
ISIC_0033507,HAM_0006281,bkl,2,0.0014428891,0.009534046,0.16296226,0.0002247607,0.75815845,0.06697829,0.000699291
ISIC_0033791,HAM_0006281,bkl,2,0.001562553,0.022279698,0.035823062,0.00031844358,0.9159013,0.022863388,0.0012514981
ISIC_0031345,HAM_0002691,bkl,2,0.27527407,0.001581616,0.68648696,0.021191355,0.00931992,0.0052224295,0.000923677
ISIC_0027374,HAM_0004690,bkl,2,0.00027602003,0.04206971,0.92343485,2.7815635e-05,0.0073017385,0.026867593,2.2219618e-05
ISIC_0025874,HAM_0003689,bkl,2,0.04257517,0.00042905143,0.06638219,0.0009060788,0.8788913,0.009673337,0.0011428944
ISIC_0025842,HAM_0004274,bkl,2,0.99391055,0.0006797566,0.0036530097,0.00026124914,0.00143133,5.412359e-05,1.0058234e-05
ISIC_0029100,HAM_0001788,bkl,2,0.00017081421,0.0011608728,0.5825678,5.009071e-05,0.33885235,0.07698644,0.00021162233
ISIC_0028254,HAM_0005935,bkl,2,0.016010182,0.0002224286,0.16085163,0.00052465627,0.7851789,0.03679959,0.00041263734
ISIC_0030561,HAM_0004377,bkl,2,0.0054673525,0.0006170374,0.019040063,0.15740286,0.015453671,0.8016116,0.00040747647
ISIC_0026679,HAM_0005935,bkl,2,0.00081204495,1.4199017e-05,0.9601844,4.7022815e-05,0.027240038,0.0116716605,3.0516789e-05
ISIC_0025351,HAM_0007591,bkl,2,0.17983598,0.0007968148,0.22892523,0.0005157722,0.5643249,0.02504956,0.00055177795
ISIC_0031702,HAM_0006827,bkl,2,0.027703723,0.1826051,0.23151888,0.0013537339,0.48545006,0.06851177,0.0028567105
ISIC_0031226,HAM_0002209,bkl,2,0.0008799856,0.0010970423,0.9795258,0.004015797,0.0013471993,0.011461126,0.0016731179
ISIC_0027332,HAM_0003582,bkl,2,0.0013522463,0.0023462768,0.14446518,0.017172953,0.00079941296,0.8316692,0.0021946905
ISIC_0028797,HAM_0001838,bkl,2,0.0002562817,0.0053082253,0.34560218,0.24267162,0.0064005367,0.39446536,0.005295807
ISIC_0026417,HAM_0005663,df,2,1.1540963e-06,1.7567803e-06,7.3212445e-06,0.9994486,5.9059654e-05,0.0004775167,4.5230618e-06
ISIC_0028735,HAM_0005663,df,2,0.0005142946,0.00045685022,0.025966484,0.48552537,0.02518399,0.4621735,0.00017959777
ISIC_0032400,HAM_0006803,mel,2,4.155959e-05,0.00012526473,0.0029073667,0.00016000347,0.97244275,0.023271143,0.001051909
ISIC_0024545,HAM_0006803,mel,2,0.0005943118,0.0005049937,0.027526455,0.005284676,0.8344274,0.094309434,0.037352696
ISIC_0032019,HAM_0003194,mel,2,2.0876203e-05,0.00020109993,2.9082476e-05,0.0023694548,0.99370146,0.0036413867,3.6639995e-05
ISIC_0030818,HAM_0002838,mel,2,0.0014221778,0.0025126738,0.0011990806,0.0017376721,0.70979387,0.28287473,0.00045975167
ISIC_0029562,HAM_0005719,mel,2,0.020730421,0.59770596,0.017141558,0.10537057,0.042829935,0.20459364,0.0116278995
ISIC_0029453,HAM_0005719,mel,2,0.01783667,0.1510472,0.02260021,0.013353438,0.14752303,0.6434457,0.0041938024
ISIC_0033204,HAM_0006886,mel,2,1.877727e-05,5.1040695e-07,0.0010030363,3.5078062e-06,0.990035,0.008935396,3.758166e-06
ISIC_0033953,HAM_0006886,mel,2,0.0010590939,2.3382938e-05,0.21680495,0.00021156487,0.6197266,0.16207546,9.893026e-05
ISIC_0032823,HAM_0006886,mel,2,0.000113345646,6.2104405e-06,0.0013498056,3.421497e-05,0.976146,0.022321658,2.8779297e-05
ISIC_0033804,HAM_0000611,mel,2,0.00021620908,7.096187e-05,0.0013550473,0.0004112094,0.7672735,0.23056805,0.000105022176
ISIC_0033801,HAM_0000611,mel,2,0.00051087735,0.00042927178,0.010599616,0.0006951146,0.6666727,0.32033738,0.00075498427
ISIC_0033216,HAM_0000611,mel,2,0.00038580428,0.00021612474,0.003195617,0.00030477947,0.2682629,0.7274374,0.00019739578
ISIC_0033806,HAM_0004881,mel,2,0.00011109661,5.2907444e-06,0.14938945,8.1274746e-05,0.8432816,0.0071224733,8.862273e-06
ISIC_0032913,HAM_0004881,mel,2,0.000113786045,5.7538136e-06,0.03956413,7.047808e-05,0.951569,0.008664704,1.21714065e-05
ISIC_0034051,HAM_0004056,mel,2,8.4072926e-05,7.1874354e-05,0.0028300402,0.0025545643,0.7294178,0.26315182,0.0018899024
ISIC_0033377,HAM_0004056,mel,2,0.00057551905,0.0015934735,0.028295,0.010878984,0.73884964,0.2175025,0.0023048613
ISIC_0033050,HAM_0003439,mel,2,0.00013025996,1.1865548e-05,0.2878338,0.00024367675,0.46883395,0.24278821,0.00015819147
ISIC_0033526,HAM_0003439,mel,2,8.864793e-05,1.440957e-05,0.27224624,0.00019721796,0.19466369,0.5326656,0.00012420375
ISIC_0032152,HAM_0003869,mel,2,0.007064419,0.0015373346,0.005855263,0.00018598264,0.9043729,0.08080217,0.00018197278
ISIC_0033089,HAM_0000880,mel,2,0.0010361463,0.00026940243,0.018672293,1.720551e-05,0.9126784,0.06722632,0.000100235906
ISIC_0033562,HAM_0000880,mel,2,0.01449948,0.00030377653,0.17498533,0.00011648126,0.6904631,0.119085446,0.00054633204
ISIC_0024640,HAM_0005467,mel,2,1.8742963e-05,1.0061454e-05,0.0024527162,0.00051021925,0.95754945,0.039060887,0.00039786633
ISIC_0027561,HAM_0004565,mel,2,0.00022554606,4.4443248e-05,0.9824536,3.7986563e-05,0.012965889,0.004223486,4.9081067e-05
ISIC_0026954,HAM_0003194,mel,2,0.008773731,0.0020488354,0.0023520768,0.019301679,0.71063566,0.2546072,0.0022808246
ISIC_0025766,HAM_0003869,mel,2,0.004240101,0.009570423,0.007970027,0.00023582618,0.7687624,0.20839179,0.0008295273
ISIC_0028666,HAM_0004622,mel,2,0.0038137294,0.0027205544,0.85066444,0.024438674,0.016859934,0.10089421,0.0006084845
ISIC_0027903,HAM_0006156,vasc,2,0.0010435361,0.03745737,0.008956897,0.005294598,0.51184994,0.004527565,0.43087012
ISIC_0031996,HAM_0003480,vasc,2,6.151087e-09,4.350437e-07,5.621011e-07,3.901033e-06,0.000107409345,0.00022121491,0.99966645
ISIC_0032890,HAM_0003480,vasc,2,4.4596533e-08,1.2906515e-05,2.8789814e-06,1.903327e-05,0.00031138211,0.00042235275,0.99923146
ISIC_0033844,HAM_0003480,vasc,2,7.090613e-07,0.00010308609,3.687673e-05,5.960779e-05,0.0023115107,0.0010820802,0.99640614
ISIC_0024457,HAM_0006843,bcc,2,0.001141671,0.69775075,0.008198384,0.0016610264,0.28478092,0.0036244546,0.0028428563
ISIC_0034015,HAM_0003216,bcc,2,0.23155831,0.26785916,0.34294897,7.623421e-05,0.13553928,0.021866081,0.00015198404
ISIC_0034223,HAM_0003216,bcc,2,0.93884206,0.0315427,0.009989371,0.0004967421,0.012769888,0.0062964214,6.283173e-05
ISIC_0029564,HAM_0004515,bcc,2,0.0003200465,0.44987318,0.29904914,0.0001993569,0.00076367834,0.2487835,0.0010111056
ISIC_0028084,HAM_0004940,bcc,2,0.015963877,0.84450513,0.015307749,0.0008748199,0.019507619,0.0545271,0.049313657
ISIC_0026970,HAM_0004940,bcc,2,0.026593165,0.8882951,0.008657364,0.00026699182,0.008150114,0.063794665,0.0042426875
ISIC_0028814,HAM_0005375,bcc,2,0.0006177903,0.99893147,0.00022156873,5.417147e-06,8.7646215e-05,0.00011378784,2.2332897e-05
ISIC_0029979,HAM_0004233,nv,2,0.0014323612,0.0013991692,0.0050873836,0.0022604566,0.014827152,0.9705771,0.004416277
ISIC_0031269,HAM_0001965,nv,2,0.011880634,0.005347407,0.013801676,0.006812465,0.008204235,0.9463612,0.0075923484
ISIC_0031926,HAM_0007391,nv,2,0.0029136934,0.0005080525,0.0075136684,0.000680908,0.09788844,0.88984376,0.00065145304
ISIC_0029273,HAM_0004538,nv,2,0.00010852913,0.00014122669,0.003585245,0.0006379044,0.005386855,0.9896913,0.00044886456
ISIC_0025205,HAM_0007204,nv,2,0.0011331565,0.0010483623,0.016039578,0.007819824,0.0019422489,0.9667906,0.005226258
ISIC_0032453,HAM_0000132,nv,2,0.0027290327,8.569099e-05,0.0029021322,0.00026311996,0.43832764,0.5554244,0.00026799118
ISIC_0028864,HAM_0005800,nv,2,2.409483e-05,3.917386e-05,0.00016213115,9.93918e-05,0.0045157736,0.9949044,0.00025511067
ISIC_0026891,HAM_0002287,nv,2,0.0019509168,0.000100818696,0.025537712,0.0019806095,0.0049191257,0.96501344,0.00049738365
ISIC_0029751,HAM_0004786,nv,2,0.0014540949,0.0007482341,0.04419222,0.004271221,0.0011628233,0.9472978,0.0008735429
ISIC_0025256,HAM_0006774,nv,2,0.008018355,0.0013816745,0.1577546,0.0018548274,0.0118857585,0.8161554,0.0029494883
ISIC_0030944,HAM_0000858,nv,2,0.0036006942,0.00071099424,0.03204834,0.0060050385,0.013638233,0.93963146,0.0043653375
ISIC_0024856,HAM_0004009,nv,2,1.6439588e-05,7.579185e-05,0.00039855522,0.000500731,0.00043392568,0.99821955,0.00035493632
ISIC_0026875,HAM_0007539,nv,2,0.0009508183,0.0006321487,0.0015952165,0.0030469305,0.008071688,0.9826256,0.0030776372
ISIC_0024548,HAM_0007441,nv,2,0.0013950776,0.004837162,0.005476178,0.0013992009,0.007222164,0.9786739,0.0009963725
ISIC_0031682,HAM_0002144,nv,2,9.243706e-05,0.00015338892,0.0053801,0.00062909006,0.004773808,0.98834187,0.00062929466
ISIC_0032005,HAM_0000455,nv,2,0.00016885051,0.00045130562,0.00053867005,0.0022268477,0.012175529,0.9832841,0.0011547117
ISIC_0030502,HAM_0002991,nv,2,0.000568657,0.00023928208,0.0011164807,0.00073419034,0.005310447,0.9916298,0.00040116027
ISIC_0030974,HAM_0005292,nv,2,7.03749e-05,4.9693597e-05,0.00041311953,0.0029264558,0.0013353638,0.99514353,6.139414e-05
ISIC_0031898,HAM_0001008,nv,2,0.0008010143,0.00053767784,0.00071745814,0.0012492983,0.0024437804,0.991922,0.0023287602
ISIC_0031156,HAM_0003209,nv,2,0.0004416855,0.000935409,0.008754393,0.0004258916,0.00049430423,0.98827106,0.00067722134
ISIC_0028647,HAM_0005849,nv,2,0.0032074286,0.00024874334,0.00059843925,0.00033754358,0.029829161,0.9655277,0.0002509935
ISIC_0026385,HAM_0000577,nv,2,0.00026283265,0.0001912469,0.012316287,0.0008349443,0.019092336,0.9670863,0.00021605163
ISIC_0025242,HAM_0002747,nv,2,6.447331e-05,0.0001240998,9.084306e-05,0.00010744951,0.000754136,0.9986879,0.0001711072
ISIC_0027589,HAM_0004718,nv,2,0.0035693403,0.0070371777,0.0025934144,0.0031724505,0.0017030928,0.98178077,0.00014368346
ISIC_0024456,HAM_0003612,nv,2,0.0007765303,0.00038128064,0.0008830332,0.0005745793,0.0019108254,0.9952127,0.00026103543
ISIC_0025626,HAM_0007177,nv,2,0.00073377887,0.0013954188,0.0017472011,0.00074532244,0.023031877,0.9716287,0.0007177433
ISIC_0027016,HAM_0002369,nv,2,0.00019123622,7.402079e-05,0.0015627149,0.00023908382,0.0020012306,0.9956409,0.00029079453
ISIC_0029806,HAM_0006204,nv,2,1.2359166e-05,2.905123e-05,6.712017e-06,0.00012592699,4.616163e-05,0.9997125,6.721661e-05
ISIC_0028667,HAM_0003806,nv,2,0.00010381738,5.59049e-05,0.0006233132,0.00033334893,0.00063089427,0.99775773,0.0004950135
ISIC_0024826,HAM_0000522,nv,2,0.0033604272,0.004383544,0.003302733,0.0065860916,0.011061352,0.9649718,0.0063340124
ISIC_0030221,HAM_0001350,nv,2,0.002339918,0.002309405,0.37337258,0.01942214,0.017932236,0.5831367,0.0014869297
ISIC_0028976,HAM_0003100,nv,2,0.00011972949,3.7108475e-05,0.00067025906,0.00016239895,0.001549553,0.9971162,0.0003447504
ISIC_0029383,HAM_0005344,nv,2,0.001956523,0.0014378092,0.003571201,0.0042674458,0.05874631,0.92677146,0.0032493544
ISIC_0027518,HAM_0000346,nv,2,0.0006152143,0.00017994909,0.00029955656,0.00025538215,0.0073743276,0.9911204,0.00015528996
ISIC_0025258,HAM_0006519,nv,2,0.0019694383,0.0011185008,0.007588135,0.0017462365,0.0031929666,0.9816621,0.0027225905
ISIC_0028204,HAM_0002401,nv,2,0.0057995315,0.0025675157,0.0070524006,0.008947249,0.026017955,0.93245506,0.017160337
ISIC_0028161,HAM_0005150,nv,2,0.000890039,0.00022759892,0.0150541635,0.003543433,0.0090938825,0.9685915,0.0025994447
ISIC_0028000,HAM_0001496,nv,2,0.0011595135,0.00070378743,0.00415851,0.0015731395,0.01081647,0.9786592,0.0029293196
ISIC_0031262,HAM_0007602,nv,2,0.0055549187,0.002299777,0.0019402306,0.06308147,0.023720495,0.89578825,0.007614936
ISIC_0030982,HAM_0006054,nv,2,0.00049891457,0.0005282147,0.00054038345,0.0014440739,0.005211523,0.99034506,0.0014317719
ISIC_0030212,HAM_0000605,nv,2,0.00015991098,0.00011659173,0.0038968518,0.00034891616,0.008193824,0.9864862,0.00079777493
ISIC_0031994,HAM_0002669,nv,2,0.0003896613,0.0006823625,0.0003772371,0.00051111076,0.0003348941,0.9973265,0.00037823044
ISIC_0028672,HAM_0003888,nv,2,0.0034551022,0.00076070445,0.0019105305,0.0367327,0.003069713,0.9530814,0.0009898562
ISIC_0027761,HAM_0000663,nv,2,0.014675707,0.006056521,0.015800748,0.01113456,0.17237356,0.7754555,0.0045034285
ISIC_0031683,HAM_0002579,nv,2,5.2633033e-05,0.00020914612,0.00028838037,0.00019815858,0.00029893985,0.998293,0.0006598279
ISIC_0024722,HAM_0005452,nv,2,0.001956256,0.00042348664,0.050970856,0.010598709,0.0022220346,0.9323924,0.0014362723
ISIC_0030001,HAM_0001658,nv,2,0.007282065,0.0012397197,0.009477932,0.0037759747,0.1570528,0.81983346,0.0013381109
ISIC_0026534,HAM_0000365,nv,2,0.0003741679,0.00010433416,0.00068913365,0.0014574567,0.008646596,0.98843235,0.00029597917
ISIC_0027666,HAM_0001856,nv,2,0.00022427896,9.153549e-05,0.002368265,0.00017487632,0.0016734154,0.9949208,0.0005468548
ISIC_0027762,HAM_0006345,nv,2,0.011272429,0.008831973,0.037805527,0.0051337867,0.02436248,0.88778955,0.024804294
ISIC_0025091,HAM_0000124,nv,2,0.00015125016,0.000359095,4.0501724e-05,0.0030313455,0.00025051567,0.9957806,0.00038669616
ISIC_0030055,HAM_0006743,nv,2,0.0013440115,0.001753093,0.002461055,0.00055758655,0.0019764388,0.99026954,0.0016382949
ISIC_0031182,HAM_0004079,nv,2,0.00063477166,0.0002590061,0.0023186156,0.00048395537,0.0010936921,0.9943942,0.000815692
ISIC_0025022,HAM_0001158,nv,2,3.2383057e-05,3.8957564e-06,5.7410605e-05,0.0012856214,0.0020245533,0.99651957,7.651977e-05
ISIC_0028627,HAM_0000980,nv,2,9.696369e-05,8.1665865e-05,0.00028979414,0.00038988964,0.0007442335,0.9962379,0.0021594574
ISIC_0025556,HAM_0005311,nv,2,0.00026434602,0.0001640728,0.00050382316,0.00033659898,0.00072380435,0.9977071,0.00030016177
ISIC_0030872,HAM_0004580,nv,2,0.00287406,0.0039963303,0.014863461,0.14312895,0.015590804,0.7851105,0.034435887
ISIC_0026396,HAM_0004734,nv,2,0.0018381255,0.0006036988,0.0053719543,0.0016703549,0.025389064,0.9607202,0.0044066003
ISIC_0029461,HAM_0007344,nv,2,0.0013884349,0.0022874442,0.0023512212,0.0024845202,0.003178265,0.98708665,0.0012234824
ISIC_0032097,HAM_0003006,nv,2,0.001307858,0.00066610106,0.00088741677,0.0012700311,0.0020977259,0.99133086,0.0024399785
ISIC_0025357,HAM_0005118,nv,2,0.0011943519,0.0004512734,0.0014890702,0.0011300147,0.018864298,0.9756309,0.0012401714
ISIC_0026010,HAM_0004916,nv,2,0.009616333,0.002986817,0.0014029026,0.0014814786,0.004058859,0.97849053,0.0019630857
ISIC_0024759,HAM_0006249,nv,2,0.0006131476,0.0006895255,0.00020735645,0.00095902145,0.0003215513,0.9963277,0.0008816415
ISIC_0024605,HAM_0001045,nv,2,0.0007797788,0.009504035,0.001021326,0.011905917,0.0017589153,0.9417242,0.033305883
ISIC_0025912,HAM_0007449,nv,2,0.0036832963,0.0007616832,0.01650565,0.0007824911,0.0076665008,0.969041,0.0015592778
ISIC_0030499,HAM_0001086,nv,2,0.0006381839,0.00043155398,0.0007410462,0.0013044858,0.004796963,0.99012554,0.001962244
ISIC_0025893,HAM_0007156,nv,2,0.0016610434,0.00019051986,0.000693736,0.0010223497,0.0022664075,0.9938021,0.000363826
ISIC_0029520,HAM_0002249,nv,2,0.0028606984,0.0029386994,0.009007822,0.0059345695,0.004971445,0.9665822,0.0077045267
ISIC_0032205,HAM_0001921,nv,2,0.00019390928,0.00020549085,0.004056565,0.006107958,0.00039338577,0.9870351,0.002007676
ISIC_0032069,HAM_0006535,nv,2,0.00052095915,0.00013817637,0.16672526,0.0021809484,0.0006135862,0.829447,0.00037413655
ISIC_0024594,HAM_0000892,nv,2,0.0014372425,0.0010190059,0.05904796,0.021937853,0.036712006,0.8795769,0.00026909736
ISIC_0029845,HAM_0000892,nv,2,8.704197e-05,0.0001417703,0.0016342284,0.007092732,0.5307441,0.46022093,7.917466e-05
ISIC_0032376,HAM_0000174,nv,2,0.0015483869,0.12547472,0.02851185,0.003716657,0.36239848,0.3596817,0.11866825
ISIC_0031091,HAM_0000174,nv,2,0.00079707755,0.081512176,0.0441477,0.001426615,0.1031278,0.46710157,0.30188704
ISIC_0031733,HAM_0005237,nv,2,0.00010985357,0.008423096,0.11614302,0.0016698951,0.019018123,0.69922614,0.15540986
ISIC_0027240,HAM_0005237,nv,2,0.0003563703,0.09759729,0.07651307,0.0005308206,0.0176235,0.78563595,0.021743005
ISIC_0024314,HAM_0002198,nv,2,0.0008872021,0.001101177,0.21015829,0.009206041,0.0701873,0.70580286,0.0026571425
ISIC_0026722,HAM_0002198,nv,2,0.0003595951,0.013904983,0.0239257,0.00051609834,0.23915558,0.7217907,0.00034730934
ISIC_0031560,HAM_0004663,nv,2,0.0001370541,2.5919244e-05,0.005342509,0.0006296293,0.4657016,0.52801085,0.00015234892
ISIC_0025809,HAM_0004663,nv,2,0.0011362189,0.0003906121,0.018610457,0.0012841772,0.65338165,0.3239661,0.0012308311
ISIC_0026215,HAM_0005519,nv,2,0.0044886204,0.048062913,0.042408533,0.013154282,0.066545114,0.80353713,0.021803424
ISIC_0032029,HAM_0005519,nv,2,0.00060677656,0.06794751,0.027996674,0.008239693,0.1628247,0.72761554,0.0047691576
ISIC_0027709,HAM_0007312,nv,2,6.7604095e-05,5.663286e-05,0.033592355,0.00020742028,0.01339583,0.95258635,9.3712755e-05
ISIC_0033511,HAM_0006147,nv,2,0.0017232932,0.0010217048,0.022147218,0.0035628874,0.24324006,0.72661,0.0016948361
ISIC_0032641,HAM_0006147,nv,2,0.00062393525,0.0003936311,0.0058487738,0.0039993557,0.6209669,0.3679475,0.00021984764
ISIC_0033345,HAM_0006147,nv,2,0.00200594,0.0026376415,0.04427145,0.002310692,0.6554064,0.2895402,0.0038276354
ISIC_0033657,HAM_0006491,nv,2,0.0047335555,0.003882163,0.016234271,0.0056423037,0.6449668,0.3237698,0.00077112025
ISIC_0034038,HAM_0006491,nv,2,0.0040044063,0.0021743828,0.013210434,0.0008913642,0.86843324,0.111167714,0.00011859188
ISIC_0033070,HAM_0006491,nv,2,0.016083071,0.019266626,0.09707586,0.009265713,0.5356649,0.32148802,0.0011557981
ISIC_0033992,HAM_0006980,nv,2,0.00019981294,0.00031857353,0.6123704,0.00048222637,0.033245962,0.3531789,0.000204205
ISIC_0033715,HAM_0006980,nv,2,0.00021466454,0.0009894118,0.21792653,0.00081904203,0.21529752,0.5641514,0.00060132664
ISIC_0033920,HAM_0006980,nv,2,0.0002688198,0.0010094317,0.1813229,0.0006329423,0.16642132,0.64982504,0.0005195653
ISIC_0032838,HAM_0001264,nv,2,0.0005902789,0.00010538265,0.0027995894,0.00022536305,0.721716,0.27446058,0.00010281509
ISIC_0034230,HAM_0001264,nv,2,0.000624776,0.00034658838,0.013119978,0.00075335137,0.30971384,0.675333,0.00010846785
ISIC_0033057,HAM_0001264,nv,2,0.00020944347,5.3787273e-05,0.0015859645,0.00019190712,0.87754804,0.12032198,8.890717e-05
ISIC_0032744,HAM_0002607,nv,2,0.00088878203,4.5639732e-05,0.11677297,0.0002582988,0.047848422,0.8340195,0.00016636516
ISIC_0030626,HAM_0001031,nv,2,0.0012917283,0.0027525744,0.088128276,0.0013677828,0.14248475,0.7624851,0.0014897095
ISIC_0031163,HAM_0001031,nv,2,0.0020110642,0.0034124767,0.10637374,0.0014408173,0.27379006,0.6090663,0.0039055424
ISIC_0028429,HAM_0000279,nv,2,0.0033817787,0.0020190598,0.025137438,0.009434933,0.27683598,0.6753712,0.007819566
ISIC_0032375,HAM_0000279,nv,2,0.00021539319,0.000121463265,0.0040266253,0.0011725123,0.010122863,0.983863,0.00047805844
ISIC_0031956,HAM_0001588,nv,2,0.00012197758,0.00012778716,0.00208775,0.008056543,0.025895605,0.96363384,7.6525066e-05
ISIC_0024938,HAM_0001817,nv,2,0.0007984555,0.0056580566,0.033548146,0.0008563503,0.80379677,0.15411717,0.0012250587
ISIC_0030065,HAM_0001817,nv,2,0.00020444338,0.0010843145,0.011472502,0.0005927891,0.9058073,0.080207475,0.00063129154
ISIC_0025231,HAM_0001817,nv,2,0.0010699538,0.010400924,0.0308064,0.0007346665,0.8281564,0.12813896,0.00069262524
ISIC_0027667,HAM_0000146,nv,2,0.00035001783,0.00024160341,0.00079183694,0.008012591,0.022290315,0.96805423,0.000259278
ISIC_0028450,HAM_0004839,nv,2,0.14064299,0.003556223,0.017841011,0.012157866,0.5840822,0.24077496,0.00094482483
ISIC_0031285,HAM_0006025,nv,2,0.000515363,9.251814e-05,0.0143776,0.0024290388,0.5537561,0.42852294,0.00030643994
ISIC_0031932,HAM_0004291,nv,2,0.04013611,0.0031530343,0.6818658,0.032413937,0.07210044,0.1686761,0.0016545827
ISIC_0031942,HAM_0003408,nv,2,0.0007485422,4.4453314e-05,0.0015954468,0.000692499,0.83797425,0.15862839,0.00031640258
ISIC_0028859,HAM_0000336,nv,2,0.0004936076,4.3776665e-05,0.0004166816,0.00061192916,0.8779787,0.120264605,0.0001907058
ISIC_0024599,HAM_0004839,nv,2,0.1411313,0.004296433,0.008815605,0.33481577,0.052284814,0.45506728,0.0035888096
ISIC_0032145,HAM_0003760,nv,2,0.002286719,0.00012547945,0.0009482889,0.0010370143,0.23719369,0.7580717,0.00033700155
ISIC_0028648,HAM_0005670,nv,2,0.012222002,0.002295638,0.004940926,0.008105085,0.29776528,0.6714003,0.0032707523
ISIC_0030253,HAM_0005670,nv,2,0.004133932,0.0018015618,0.018601611,0.00377481,0.76713616,0.20182756,0.0027243805
ISIC_0032459,HAM_0003590,nv,2,3.9908962e-05,0.0007320824,0.016411157,0.0005873058,0.05028187,0.92047244,0.01147519
ISIC_0024684,HAM_0002481,nv,2,0.0154375015,0.0011255488,0.902188,0.0016620739,0.050106212,0.028565828,0.0009148362
ISIC_0027262,HAM_0003590,nv,2,0.00014718741,0.0011287184,0.03273052,0.0008330684,0.09024799,0.8683256,0.0065868995
ISIC_0024916,HAM_0003590,nv,2,0.00019738062,0.010933382,0.14565536,0.0023361044,0.07168444,0.7508426,0.018350644
ISIC_0031750,HAM_0007484,nv,2,0.00029276108,0.0014253764,0.019123137,0.001219774,0.25143167,0.7259675,0.00053968
ISIC_0030710,HAM_0007484,nv,2,0.00024191207,0.00073693047,0.009557288,0.006200679,0.017837435,0.9644483,0.0009774946
ISIC_0025253,HAM_0005365,nv,2,0.00016986826,3.638433e-05,0.049032617,0.00045117424,0.012125745,0.938031,0.00015315395
ISIC_0027961,HAM_0005365,nv,2,0.0001861438,4.5052777e-05,0.14112107,0.0014598707,0.033881225,0.82296765,0.0003390134
ISIC_0032580,HAM_0002724,nv,2,0.0019234414,0.000106414765,0.0035096903,0.00051193667,0.19271068,0.8010623,0.00017559057
ISIC_0033692,HAM_0002724,nv,2,0.0029178907,0.00019579247,0.005912212,0.0005423393,0.6127765,0.3768834,0.0007719178
ISIC_0033543,HAM_0000181,nv,2,0.0019141941,0.001528637,0.041742496,0.0009860186,0.009411778,0.9407602,0.003656624
ISIC_0034185,HAM_0000181,nv,2,0.00046083244,0.000757251,0.02411279,0.00042241064,0.06659526,0.9072054,0.0004460205
ISIC_0033896,HAM_0004349,nv,2,0.0020258513,0.0002286284,0.015383935,0.0011193822,0.076365076,0.90394247,0.0009346083
ISIC_0032578,HAM_0007460,nv,2,0.0009772959,0.016600292,0.0031449557,0.00065333943,0.008248904,0.96523386,0.005141324
ISIC_0034019,HAM_0000627,nv,2,0.0004639943,0.0014851181,0.0005095582,0.0011331622,0.012099739,0.9838144,0.00049404206
ISIC_0024562,HAM_0002745,akiec,2,0.028103596,0.003726822,0.037827756,0.03499605,0.61430204,0.27990258,0.0011411407
ISIC_0028231,HAM_0003688,akiec,2,0.6685402,0.002736249,0.041019786,0.0006061182,0.2802733,0.0066052014,0.00021918013
ISIC_0025825,HAM_0002232,akiec,2,0.986324,2.0281206e-05,0.002562599,2.4457062e-05,0.010914363,0.000141859,1.2333147e-05
ISIC_0030707,HAM_0001890,akiec,2,0.90387285,0.002410993,0.079371475,8.035517e-05,0.013308255,0.0006070607,0.00034896602
ISIC_0033853,HAM_0004458,bkl,2,0.00013810351,1.6711425e-05,0.9784147,4.617787e-05,0.013501452,0.007854974,2.7870643e-05
ISIC_0033453,HAM_0004458,bkl,2,0.0006142901,1.2145986e-05,0.9279827,0.000119920944,0.05399976,0.017234555,3.6600202e-05
ISIC_0034126,HAM_0004458,bkl,2,0.00042474666,2.3027307e-05,0.98022664,0.00010676221,0.006756017,0.012444451,1.8376293e-05
ISIC_0032997,HAM_0003162,bkl,2,0.0002670405,0.00012230047,0.73967564,5.8815483e-05,0.2185591,0.041104212,0.00021288774
ISIC_0033529,HAM_0003162,bkl,2,0.0009716846,0.00021479564,0.57426304,0.0003500288,0.24628998,0.1775127,0.00039772323
ISIC_0031620,HAM_0007431,bkl,2,0.023752345,0.035857394,0.14195682,0.00020545906,0.64457256,0.15341057,0.0002447876
ISIC_0030721,HAM_0006769,bkl,2,8.34568e-05,0.0033819496,0.9871802,8.628331e-05,0.001164028,0.0080582285,4.5750796e-05
ISIC_0028952,HAM_0006065,bkl,2,0.0006774861,0.06934268,0.8306004,0.0015984747,0.03755164,0.05921694,0.0010124623
ISIC_0025928,HAM_0005606,bkl,2,0.21251279,0.0071784263,0.021763576,0.050968923,0.67895824,0.028047843,0.0005701619
ISIC_0030240,HAM_0003392,bkl,2,0.007182103,0.00018725409,0.9803992,4.468571e-05,0.011889107,0.0002765199,2.1171621e-05
ISIC_0030130,HAM_0001743,bkl,2,0.0018691397,0.019649697,0.6457915,0.0058865966,0.32310423,0.003130841,0.00056805805
ISIC_0028294,HAM_0002042,bkl,2,0.0027702383,0.007299555,0.9847735,0.0003591206,0.0036960167,0.0009426524,0.00015883973
ISIC_0028662,HAM_0002042,bkl,2,0.50993794,0.007532791,0.11034671,0.0005635483,0.36897984,0.0012018484,0.0014371956
ISIC_0031349,HAM_0002042,bkl,2,0.010227535,0.001728631,0.98164016,4.2592725e-05,0.0024845907,0.003855784,2.0706846e-05
ISIC_0026263,HAM_0002042,bkl,2,0.0014193552,0.00034668754,0.9847825,4.48576e-05,0.012878671,0.00050026836,2.7557116e-05
ISIC_0026069,HAM_0000524,bkl,2,0.0006844199,0.0034959815,0.9319586,0.00010628025,0.0064992667,0.05724256,1.2932602e-05
ISIC_0026524,HAM_0000524,bkl,2,0.012253815,0.004019322,0.9728871,0.00020326309,0.0027879581,0.0077964235,5.2115975e-05
ISIC_0027820,HAM_0001310,bkl,2,0.008331706,0.00059432397,0.98153335,8.2383216e-05,0.0065910285,0.002804269,6.2931096e-05
ISIC_0032315,HAM_0005463,bkl,2,0.00048152875,0.00040219174,0.025780365,0.00082094775,0.20814997,0.76357496,0.00079005054
ISIC_0028411,HAM_0005463,bkl,2,4.4657456e-05,9.27853e-05,0.9908484,6.0199633e-05,0.0010909679,0.007775063,8.789244e-05
ISIC_0031024,HAM_0002677,bkl,2,6.385126e-05,2.1554746e-05,0.99042964,6.307302e-05,0.001207218,0.008192452,2.2217746e-05
ISIC_0030443,HAM_0006722,mel,2,0.0008345516,0.00010283679,0.114227355,0.0001707088,0.763144,0.12132071,0.0001997675
ISIC_0031499,HAM_0006722,mel,2,0.014574841,0.0004467697,0.041810934,0.00057997793,0.8552522,0.086712964,0.0006222783
ISIC_0031953,HAM_0000060,mel,2,0.00036917385,0.0007128432,0.031396188,0.00074068847,0.5049887,0.46161088,0.00018150928
ISIC_0031406,HAM_0000060,mel,2,0.010825266,0.004288277,0.0298696,0.006873324,0.7175469,0.22979014,0.0008065538
ISIC_0030445,HAM_0003031,mel,2,0.6304979,0.0071451073,0.07170087,0.019501166,0.22006086,0.043857075,0.0072370125
ISIC_0028326,HAM_0002471,mel,2,0.00011130424,6.587964e-05,0.031124663,3.6756715e-05,0.83783376,0.13066761,0.0001599672
ISIC_0027060,HAM_0002471,mel,2,4.1513806e-05,3.7972684e-05,0.0073884334,0.00014440603,0.7586564,0.233628,0.00010327225
ISIC_0024702,HAM_0000903,mel,2,3.2428354e-06,0.0014839983,0.00015548896,0.00012849101,0.9627628,0.0037872063,0.031678773
ISIC_0028029,HAM_0007243,mel,2,0.0005991938,0.00017249507,0.6889024,0.00017691302,0.25915414,0.050477054,0.000517839
ISIC_0025489,HAM_0002770,mel,2,0.000100391095,5.4869102e-05,0.001167931,0.00016250931,0.58708423,0.41110116,0.0003289824
ISIC_0025265,HAM_0002770,mel,2,0.00025337454,0.00013868719,0.0025661504,0.000366733,0.4686956,0.5278793,0.00010012765
ISIC_0033813,HAM_0000423,mel,2,6.0439223e-05,8.275308e-06,0.002613624,0.00012317742,0.9362315,0.06091101,5.1910178e-05
ISIC_0032656,HAM_0006923,mel,2,0.000100407044,0.007575053,0.0011676989,0.0062123514,0.64242613,0.026153287,0.316365
ISIC_0032592,HAM_0006923,mel,2,2.6033236e-05,0.0023247038,0.00038801008,0.00134822,0.09745184,0.0012402807,0.8972209
ISIC_0033957,HAM_0002617,mel,2,0.00013633286,2.3700974e-05,0.0006149339,9.317899e-05,0.50139236,0.49740866,0.0003308508
ISIC_0034172,HAM_0002617,mel,2,8.815073e-05,2.8601273e-05,0.0019057391,8.114958e-05,0.617721,0.3798511,0.00032426944
ISIC_0033393,HAM_0002617,mel,2,0.0025258618,0.00027177492,0.005285565,0.00036200974,0.5870473,0.40286765,0.0016398638
ISIC_0029502,HAM_0003617,mel,2,0.0024925896,0.0030063107,0.10206022,0.0025494015,0.1234538,0.75898117,0.0074565634
ISIC_0028481,HAM_0000396,mel,2,0.00073804427,8.131241e-05,0.39880055,0.00011141957,0.5949074,0.005271123,9.014129e-05
ISIC_0029172,HAM_0000396,mel,2,0.00018927136,2.4430838e-05,0.13103715,0.00022659017,0.8591295,0.009304951,8.823023e-05
ISIC_0026916,HAM_0000320,mel,2,0.0009867013,3.2114578e-05,0.09417324,6.584402e-05,0.8897497,0.014895984,9.641097e-05
ISIC_0027863,HAM_0000320,mel,2,0.00421702,4.686668e-05,0.0025703302,6.1649866e-05,0.9910547,0.0020249793,2.4446039e-05
ISIC_0026604,HAM_0002906,mel,2,0.035589043,0.0014093184,0.8109782,0.01391281,0.052496657,0.084308155,0.0013059173
ISIC_0027517,HAM_0002906,mel,2,0.017239766,0.0026166958,0.4761546,0.00032845486,0.44400027,0.059141412,0.00051872473
ISIC_0031550,HAM_0002693,mel,2,0.00020596989,4.4860586e-05,0.015002396,0.00023697552,0.46970093,0.51458335,0.000225596
ISIC_0029574,HAM_0005986,mel,2,0.668244,0.0025504497,0.004229379,0.0035146815,0.31512338,0.0058271936,0.0005109451
ISIC_0028508,HAM_0001607,mel,2,8.0662474e-05,2.3916044e-05,0.0021110727,1.9349045e-05,0.98864996,0.009064759,5.0349736e-05
ISIC_0025616,HAM_0007031,mel,2,0.0049343747,0.0007548214,0.37331843,0.0010094637,0.58977574,0.02908606,0.0011211563
ISIC_0032715,HAM_0006852,vasc,2,2.6067755e-06,0.00011433941,3.9269704e-05,5.2349164e-06,0.00017957194,0.000112245885,0.9995466
ISIC_0033991,HAM_0006852,vasc,2,1.1449908e-06,7.965041e-05,1.103295e-05,5.697808e-06,7.895177e-05,7.815752e-05,0.9997453
ISIC_0027856,HAM_0007118,vasc,2,1.50667165e-05,0.0003159891,0.00041606196,7.440468e-05,0.00022645328,0.0010412108,0.9979109
ISIC_0030104,HAM_0001122,vasc,2,7.626915e-07,8.515404e-05,3.3804008e-05,1.547101e-05,0.00024544145,0.0008218752,0.9987974
ISIC_0027888,HAM_0004409,vasc,2,1.5218943e-08,5.2432065e-06,5.54621e-07,9.783338e-07,7.850986e-06,1.9879506e-05,0.9999654
ISIC_0025425,HAM_0002787,vasc,2,1.6308684e-05,0.00011653586,6.234569e-05,8.743462e-05,0.00030448695,0.00069340377,0.9987196
ISIC_0025144,HAM_0004831,bcc,2,0.00011421246,0.9996927,2.9160792e-05,6.329804e-05,5.6350706e-05,4.0668594e-05,3.6792017e-06
ISIC_0031407,HAM_0001575,bcc,2,0.84731865,0.09960034,0.015043458,0.000459787,0.034246776,0.0026744306,0.00065656286
ISIC_0028652,HAM_0001575,bcc,2,0.09814416,0.8927997,0.0038032308,0.00048751105,0.0032870772,0.0011854396,0.00029287676
ISIC_0031697,HAM_0003177,bcc,2,0.06527968,0.88769317,0.0030628813,0.016595658,0.010519347,0.016605107,0.0002441695
ISIC_0028671,HAM_0001713,bcc,2,6.032808e-07,0.99995863,7.893695e-06,2.1880368e-07,2.2821067e-05,9.442508e-06,4.0810443e-07
ISIC_0029961,HAM_0000727,nv,2,0.00033603853,8.007704e-05,0.0017769132,0.00049491104,0.021694608,0.97496855,0.0006489706
ISIC_0029153,HAM_0004124,nv,2,0.00025330542,0.016692685,0.0049243723,0.01845407,0.007133288,0.9499679,0.0025744252
ISIC_0031579,HAM_0003020,nv,2,0.01167554,0.003911549,0.01455602,0.013840844,0.0056320666,0.93888414,0.011499829
ISIC_0030617,HAM_0006778,nv,2,0.00015717623,0.00015441806,0.011306403,0.009426572,0.0020261463,0.97653836,0.00039096788
ISIC_0028932,HAM_0000789,nv,2,0.00022705333,0.00010681307,0.0022702173,0.0019838205,0.000877577,0.9944877,4.6812136e-05
ISIC_0029008,HAM_0000629,nv,2,0.0008280145,0.00080450124,0.008129027,0.046136368,0.0048950776,0.9386863,0.00052074913
ISIC_0028888,HAM_0003838,nv,2,0.00035678264,9.40643e-06,0.99280167,1.0105514e-05,0.0008466608,0.005962678,1.2757266e-05
ISIC_0030774,HAM_0002889,nv,2,0.015127913,0.0020533523,0.5113363,0.015259579,0.004798162,0.4499621,0.0014625962
ISIC_0031938,HAM_0004613,nv,2,0.0016464074,0.00022225355,0.00667619,0.0073144953,0.0027446053,0.9808303,0.0005656833
ISIC_0028597,HAM_0000652,nv,2,0.0012025473,0.0005374558,0.016253147,0.0045524347,0.0012682851,0.97432774,0.001858396
ISIC_0030836,HAM_0001554,nv,2,0.0016441529,0.0009415141,0.021620054,0.02984145,0.00079299574,0.9439951,0.001164626
ISIC_0026460,HAM_0006792,nv,2,0.00046799585,0.012014939,0.7599841,0.0002552869,0.0015517836,0.22547175,0.0002540819
ISIC_0031438,HAM_0005001,nv,2,0.00013591474,0.00012865585,0.00055289833,0.0004175189,0.0065047643,0.9915952,0.00066510355
ISIC_0031797,HAM_0001064,nv,2,0.005664533,0.003411892,0.17966752,0.04794007,0.0155646,0.73719573,0.010555637
ISIC_0032133,HAM_0007104,nv,2,0.00045524986,0.00045942946,0.0015429608,0.00360325,0.0035890688,0.9900107,0.0003393473
ISIC_0025406,HAM_0002073,nv,2,0.004270713,0.017367238,0.014502765,0.022574086,0.001797276,0.9263164,0.013171537
ISIC_0026740,HAM_0003657,nv,2,6.9429865e-05,8.51295e-05,0.00010591133,0.00019166344,0.0002492395,0.9988324,0.0004661748
ISIC_0027384,HAM_0005565,nv,2,0.00026586704,6.650398e-05,0.0015680585,4.4919652e-05,0.0039216364,0.9939029,0.00023020923
ISIC_0028058,HAM_0001005,nv,2,0.0010160449,0.00047870315,0.0029877976,0.0010628549,0.004848093,0.9877422,0.0018642979
ISIC_0028912,HAM_0006448,nv,2,0.00034466924,0.00021494516,0.0011794281,0.0003765475,0.0062633133,0.9910999,0.0005212603
ISIC_0032411,HAM_0000034,nv,2,0.000619041,0.0001828186,0.000263892,0.00062714313,0.012582215,0.98492044,0.0008044292
ISIC_0032487,HAM_0004301,nv,2,0.00074526627,0.00014134658,0.001051818,0.00046632608,0.010131546,0.9867931,0.0006705196
ISIC_0024656,HAM_0003779,nv,2,0.00024738436,9.826484e-05,0.006556921,0.000910763,0.0005613133,0.9915217,0.00010374165
ISIC_0025379,HAM_0000587,nv,2,0.00010893508,0.00012601848,0.0018352526,0.0027104462,0.0010270965,0.9928135,0.0013787432
ISIC_0027994,HAM_0007525,nv,2,0.0024844685,0.0008534206,0.0052488768,0.004248358,0.010838625,0.9720801,0.004246181
ISIC_0026474,HAM_0003950,nv,2,4.6452904e-05,2.284148e-05,0.00041555395,0.000111602436,0.0012460456,0.9979347,0.00022282364
ISIC_0028182,HAM_0000426,nv,2,0.05481439,0.09590275,0.051015068,0.029899208,0.06531582,0.5339558,0.16909692
ISIC_0025549,HAM_0005128,nv,2,0.0008910626,0.00045198816,0.0026871806,0.00091066543,0.028015688,0.9648591,0.0021842625
ISIC_0032250,HAM_0005875,nv,2,0.0006785738,0.00062366127,0.0013128724,0.00035622774,0.00085273664,0.9955863,0.0005895363
ISIC_0031969,HAM_0004528,nv,2,0.0014451778,0.00049495284,0.001349363,0.0012877289,0.0035273514,0.9909264,0.0009690683
ISIC_0030916,HAM_0006642,nv,2,0.0009420608,0.0047127553,0.0004054105,0.0007178302,0.0010984027,0.9916162,0.0005072912
ISIC_0027325,HAM_0005951,nv,2,0.00027103652,0.0019336662,0.011974338,0.024346707,0.0005944356,0.9600153,0.00086460885
ISIC_0027048,HAM_0001281,nv,2,0.002879706,0.011476959,0.0022647833,0.005383489,0.002252529,0.96639186,0.009350579
ISIC_0028193,HAM_0007554,nv,2,0.000104102175,8.092499e-05,0.00359306,0.0013528096,0.00048285024,0.99421436,0.00017190674
ISIC_0030867,HAM_0007578,nv,2,0.0001973646,8.023859e-05,0.10774194,0.00016015161,0.0018760209,0.8890383,0.0009059883
ISIC_0027885,HAM_0002133,nv,2,0.00064409705,0.0002995831,0.0013164559,0.0008178446,0.0013418152,0.9942008,0.0013793741
ISIC_0026648,HAM_0003994,nv,2,0.00037211564,0.00022602006,0.0029484688,0.0031527302,0.0007658461,0.9920298,0.0005050965
ISIC_0028796,HAM_0002420,nv,2,0.0033689514,0.0038512496,0.0027212324,0.0068964968,0.004515851,0.9680075,0.010638688
ISIC_0025174,HAM_0000817,nv,2,0.0003643245,0.0008492396,0.00039195686,0.0019900315,0.0006716507,0.99390763,0.001825164
ISIC_0026771,HAM_0006698,nv,2,0.0002335085,0.00017891174,0.006821471,0.0004940218,0.007234367,0.9844826,0.0005552466
ISIC_0030228,HAM_0002777,nv,2,0.0046213293,0.0020606485,0.0019433656,0.0032400566,0.00676817,0.9774793,0.0038871553
ISIC_0024613,HAM_0001291,nv,2,0.0010126395,0.003712321,0.0006056881,0.002118138,0.00029265767,0.9913856,0.0008728949
ISIC_0030043,HAM_0002549,nv,2,0.00047768946,8.848863e-05,0.0055620014,0.004460401,0.0062360526,0.9799295,0.0032459456
ISIC_0029960,HAM_0001451,nv,2,0.0010510749,0.00030500084,0.0017920374,0.00083295215,0.0034522698,0.9911301,0.001436647
ISIC_0028469,HAM_0002145,nv,2,8.488929e-05,6.96282e-05,0.00038571254,0.00033535773,0.0014237536,0.99742943,0.00027116793
ISIC_0031003,HAM_0001578,nv,2,0.01568661,0.008784759,0.017006095,0.013061453,0.06787003,0.84870476,0.028886272
ISIC_0030267,HAM_0000877,nv,2,7.8902856e-05,0.007905802,0.00074774533,5.057923e-05,2.8343547e-05,0.99113804,5.0473514e-05
ISIC_0025282,HAM_0003923,nv,2,0.0021385693,8.3411294e-05,0.080873035,0.0053489786,0.01207232,0.8991859,0.0002977914
ISIC_0027386,HAM_0001724,nv,2,0.00023069757,0.0002513292,0.00080374785,0.0004287309,0.014887251,0.9830141,0.000384073
ISIC_0032390,HAM_0000155,nv,2,0.0011684679,0.004258141,0.0011817302,0.0024266057,0.010482661,0.97898877,0.0014935534
ISIC_0026464,HAM_0006168,nv,2,0.000106395455,0.012128867,0.0012210916,0.000117296135,0.000492214,0.98374015,0.0021940046
ISIC_0029977,HAM_0003252,nv,2,0.00036966064,0.00024557553,0.00022987636,0.0015982816,0.0018617547,0.9936439,0.0020509467
ISIC_0028112,HAM_0004018,nv,2,0.00089409587,0.0008670188,0.002825147,0.001594777,0.013162433,0.9658722,0.014784292
ISIC_0029817,HAM_0003572,nv,2,0.0001787129,0.00030632791,0.00035769655,0.0006756448,0.00142435,0.9961396,0.0009175572
ISIC_0024667,HAM_0000248,nv,2,0.0018524227,0.00030719608,0.0021440375,0.018842753,0.0012968867,0.97469646,0.0008602076
ISIC_0026375,HAM_0004041,nv,2,0.0007294075,0.001075091,0.002689962,0.00035008203,0.0018958829,0.991901,0.001358555
ISIC_0026161,HAM_0007407,nv,2,0.0014795312,0.00081680913,0.0016760051,0.0014827653,0.0046481052,0.9863175,0.0035792352
ISIC_0025294,HAM_0006015,nv,2,0.0018307362,0.00082966057,0.0018343388,0.002816627,0.0040619406,0.98520976,0.0034169888
ISIC_0025279,HAM_0000756,nv,2,0.00016974057,0.00026906838,0.00039062154,0.00025794524,0.0010260177,0.9976422,0.00024443786
ISIC_0032491,HAM_0001513,nv,2,3.3158296e-05,0.00038831594,4.4849658e-05,0.00018867145,0.0002924113,0.9986761,0.0003764179
ISIC_0031911,HAM_0003753,nv,2,0.0042033964,0.0037131084,0.40346554,0.0083371075,0.04024394,0.52962327,0.010413615
ISIC_0031006,HAM_0001638,nv,2,0.00042142987,0.0014119915,0.0005722529,0.0006917569,0.0052375216,0.9896395,0.0020254094
ISIC_0028630,HAM_0003488,nv,2,0.0003506443,0.00074297516,0.00047782628,0.010426713,0.025963895,0.9582829,0.0037550954
ISIC_0030889,HAM_0002356,nv,2,0.0010626189,0.00060761033,0.0011412578,0.0015719767,0.0015671492,0.99287957,0.0011698059
ISIC_0027866,HAM_0004329,nv,2,0.009303765,0.0060440544,0.07709665,0.004218326,0.08140824,0.8177996,0.0041293083
ISIC_0025741,HAM_0005732,nv,2,0.0003336915,0.00019340008,0.0024060817,0.00036490697,0.0013216805,0.9943514,0.0010287979
ISIC_0029907,HAM_0003285,nv,2,0.0007430444,0.00031116846,0.0008705402,0.0008290355,0.009903953,0.9868456,0.00049663254
ISIC_0028845,HAM_0001016,nv,2,0.00629683,0.0012988929,0.0036683436,0.0027904534,0.0061478214,0.97885495,0.0009427108
ISIC_0027074,HAM_0000264,nv,2,6.235906e-05,7.738656e-05,0.0006930986,0.0011463425,0.0012810291,0.9964,0.00033965844
ISIC_0027222,HAM_0005741,nv,2,0.00797525,0.0045610475,0.0013507127,0.0016399488,0.00092053786,0.9826903,0.00086221745
ISIC_0026426,HAM_0006034,nv,2,0.00037810032,0.00020695696,0.003242122,0.00046435714,0.011818307,0.98258775,0.0013024298
ISIC_0026630,HAM_0001682,nv,2,0.001988122,0.00097063236,0.00069944136,0.004270184,0.004434548,0.9842473,0.003389732
ISIC_0030108,HAM_0005165,nv,2,0.00023745162,0.0002750098,0.00027092363,0.00048742053,0.0012667155,0.9965737,0.00088877144
ISIC_0026589,HAM_0004089,nv,2,0.001717155,0.000602597,0.004228249,0.0029602398,0.0011111354,0.98633647,0.0030442306
ISIC_0025370,HAM_0004869,nv,2,0.0008173177,0.0012140212,0.010179864,0.0014246345,0.39554194,0.5890898,0.0017323924
ISIC_0031713,HAM_0006145,nv,2,0.00016387933,0.0002094468,0.008429055,0.0003688576,0.18308532,0.80727696,0.00046649453
ISIC_0032027,HAM_0006145,nv,2,0.00086538657,0.0015355655,0.067308486,0.0051968493,0.47399855,0.45041665,0.0006785517
ISIC_0028823,HAM_0007138,nv,2,0.00018075787,0.02794512,0.0071860687,0.00020793817,0.0036224478,0.95839894,0.0024587733
ISIC_0031501,HAM_0007138,nv,2,0.0004136365,0.010688402,0.09570858,0.033750825,0.021550085,0.83438236,0.003506068
ISIC_0032739,HAM_0001790,nv,2,0.00024345405,6.6734414e-05,0.003170613,0.0005695582,0.5900333,0.40551755,0.00039882906
ISIC_0032874,HAM_0001790,nv,2,0.00028683888,5.8811467e-05,0.0051561813,0.0004341793,0.7095994,0.28411573,0.00034881
ISIC_0032590,HAM_0005351,nv,2,0.0015352368,0.0045766877,0.014594237,0.00069419184,0.15696312,0.81945896,0.002177646
ISIC_0033549,HAM_0005351,nv,2,0.0013128242,0.0026636969,0.21418354,0.0008088299,0.091487475,0.6888311,0.00071247964
ISIC_0033921,HAM_0005351,nv,2,0.0067089866,0.00928685,0.097341925,0.0018507482,0.25104514,0.6325045,0.0012618388
ISIC_0032767,HAM_0006520,nv,2,0.002638118,9.3670606e-05,0.012577363,0.0005745144,0.7741122,0.20949188,0.0005122161
ISIC_0033503,HAM_0006520,nv,2,0.00307804,0.00017738786,0.033211127,0.00044949568,0.7261782,0.23651615,0.00038958545
ISIC_0033795,HAM_0006520,nv,2,0.00033109973,3.058187e-05,0.024101553,0.00021659429,0.60681194,0.368443,6.5230175e-05
ISIC_0034273,HAM_0002016,nv,2,4.9993025e-05,0.00010259272,0.00015850233,0.0005704248,0.0061630495,0.9927047,0.00025071623
ISIC_0032805,HAM_0002016,nv,2,9.802623e-05,6.4905355e-05,0.002245295,0.00043817575,0.021856498,0.9751202,0.0001769774
ISIC_0032753,HAM_0002016,nv,2,0.00021179517,0.00012017582,0.0023809138,0.00056431274,0.007368004,0.98920155,0.00015328637
ISIC_0033188,HAM_0001935,nv,2,0.00036702314,0.00012979275,0.03642044,0.0013909008,0.40700218,0.5543568,0.0003328644
ISIC_0033067,HAM_0001935,nv,2,4.9808514e-05,6.6530054e-05,0.10306458,0.00018858245,0.07074031,0.82565546,0.00023478152
ISIC_0032787,HAM_0001935,nv,2,6.502886e-05,0.00014984584,0.4183132,0.00023384651,0.045174237,0.53580123,0.00026261396
ISIC_0034213,HAM_0005194,nv,2,0.015639758,0.0019893139,0.0017373333,0.016956603,0.02460042,0.9376283,0.0014483074
ISIC_0032561,HAM_0005194,nv,2,0.052868415,0.00085738755,0.0032561172,0.04130426,0.06486378,0.8359743,0.000875791
ISIC_0033839,HAM_0005194,nv,2,0.0044554444,0.0010250595,0.0007906551,0.003442324,0.03252253,0.95727646,0.00048743235
ISIC_0032601,HAM_0001645,nv,2,0.011984121,0.66137904,0.0023011486,0.002112693,0.035816383,0.28615484,0.00025180378
ISIC_0032878,HAM_0001645,nv,2,0.00066582544,0.0031418663,0.0016419992,0.012274918,0.07103529,0.9104042,0.0008359052
ISIC_0033960,HAM_0003535,nv,2,0.0012334464,0.0011480565,0.0028934125,0.0011245142,0.009999085,0.98257416,0.0010274634
ISIC_0033259,HAM_0003535,nv,2,0.004855659,0.01520808,0.005947371,0.0026703374,0.013344534,0.95619524,0.0017786949
ISIC_0033403,HAM_0003535,nv,2,0.0048994953,0.011791534,0.0050173146,0.003919336,0.02250364,0.9493691,0.0024995815
ISIC_0033724,HAM_0005052,nv,2,0.0031818524,0.0040873196,0.054917928,0.0020336735,0.035803594,0.8886004,0.011375283
ISIC_0033786,HAM_0005052,nv,2,0.0049641347,0.009111049,0.017030282,0.0026409505,0.10650504,0.856317,0.0034315486
ISIC_0029775,HAM_0002432,nv,2,0.00081115955,0.0018051754,0.07387263,0.0018686398,0.10800371,0.8042916,0.009347009
ISIC_0025226,HAM_0004919,nv,2,0.0010278064,0.0003868533,0.003524224,0.0017421778,0.22007239,0.7718068,0.0014397523
ISIC_0028117,HAM_0006116,nv,2,0.014910227,0.026022315,0.013933333,0.0017285886,0.6237905,0.31921515,0.00039988448
ISIC_0024996,HAM_0005658,nv,2,0.0033086655,0.057277054,0.04661358,0.0027126113,0.09651306,0.79225874,0.0013162808
ISIC_0031798,HAM_0005051,nv,2,0.006055873,0.003020798,0.005145684,0.01462058,0.044592887,0.9255926,0.00097156665
ISIC_0029528,HAM_0003707,nv,2,0.009707771,0.22665045,0.026392255,0.029979631,0.013620045,0.6924906,0.0011592826
ISIC_0030399,HAM_0005870,nv,2,0.00061638036,0.00021736682,0.0069177793,0.007679087,0.15964927,0.8245517,0.00036851814
ISIC_0026404,HAM_0003727,nv,2,0.013536659,0.00042837174,0.9419498,0.00026081683,0.036669992,0.0069838287,0.00017061026
ISIC_0026698,HAM_0004824,nv,2,0.00030851178,2.9546516e-05,0.0014053117,0.00019924708,0.7573516,0.2405432,0.00016265748
ISIC_0027181,HAM_0003640,nv,2,0.0015412419,0.0033254193,0.032500677,0.0020090565,0.009095661,0.95077944,0.00074842735
ISIC_0026359,HAM_0007504,nv,2,0.007955939,0.0030337465,0.01369344,0.009327279,0.33668384,0.62399054,0.0053152945
ISIC_0029182,HAM_0000277,nv,2,0.033072792,0.023631833,0.5302668,0.087322704,0.089075364,0.22741285,0.009217613
ISIC_0030635,HAM_0003640,nv,2,0.0018089382,0.008057814,0.054435078,0.0010686328,0.022257255,0.91137093,0.0010013971
ISIC_0026488,HAM_0005387,nv,2,0.00864234,0.0037800565,0.18992469,0.0013399847,0.23752193,0.55790067,0.0008903217
ISIC_0028945,HAM_0002370,nv,2,0.003196116,0.0029994037,0.052754954,0.0009836429,0.13468608,0.8029282,0.0024515977
ISIC_0030401,HAM_0002370,nv,2,0.0037839862,0.003146378,0.14382738,0.00046253527,0.24461207,0.60244197,0.0017257946
ISIC_0027984,HAM_0007413,nv,2,0.0020994176,0.0013850204,0.011571219,0.0031009896,0.70615804,0.2747087,0.0009766225
ISIC_0028477,HAM_0005531,nv,2,0.00033917642,0.0016162702,0.0062480303,0.0010228199,0.12876885,0.859726,0.00227894
ISIC_0024577,HAM_0005531,nv,2,0.001360725,0.004131581,0.0028336802,0.0020572944,0.3390816,0.64955956,0.0009755689
ISIC_0030404,HAM_0002084,nv,2,0.0011955327,0.00032268176,0.18378435,0.0017690957,0.0118193235,0.79957986,0.0015292503
ISIC_0027311,HAM_0002084,nv,2,0.0016478134,0.00044762724,0.058546584,0.0028266723,0.04435161,0.8900888,0.0020907943
ISIC_0032631,HAM_0001834,nv,2,0.007233345,0.02858331,0.0642543,0.0017646177,0.044267334,0.8517211,0.0021759346
ISIC_0032828,HAM_0005308,nv,2,0.0005436746,0.000254662,0.007313089,0.0007668087,0.036913965,0.9521181,0.0020896536
ISIC_0032655,HAM_0003807,bkl,2,0.0002513246,0.0011844069,0.07941754,0.00040104476,0.0070592123,0.91154236,0.0001440204
ISIC_0033072,HAM_0004193,nv,2,0.00044510566,0.00041663944,0.0042149876,0.0009926679,0.114329524,0.8776403,0.0019608422
ISIC_0033375,HAM_0001147,nv,2,7.753839e-05,6.719476e-05,0.0005815437,0.0005075174,0.011352518,0.98716694,0.00024672755
ISIC_0033353,HAM_0001000,nv,2,0.0003045217,0.00716327,0.0054363906,0.013366933,0.22266674,0.7504462,0.000615851
ISIC_0032789,HAM_0004430,nv,2,0.002498644,0.0034629614,0.049674936,0.016562788,0.097516395,0.8300969,0.00018734459
ISIC_0033620,HAM_0003807,bkl,2,0.00023798179,0.0015025112,0.14678985,0.00044827,0.0070426795,0.8438753,0.00010341979
ISIC_0028335,HAM_0001219,akiec,2,0.050404705,0.015577096,0.83499336,0.082272656,0.011101115,0.0051236735,0.0005273207
ISIC_0024646,HAM_0006252,akiec,2,0.9501113,0.00034623183,0.024358293,0.00061025494,0.006184025,0.018352496,3.7300862e-05
ISIC_0027930,HAM_0004899,akiec,2,0.092925996,0.0720007,0.1425623,0.0133080585,0.18937492,0.48400763,0.005820451
ISIC_0026040,HAM_0006252,akiec,2,0.726997,0.00016382207,0.1727123,0.00024913173,0.09493847,0.0049185026,2.0694726e-05
