image_id,lesion_id,diagnosis,fold,p_akiec,p_bcc,p_bkl,p_df,p_mel,p_nv,p_vasc
ISIC_0031633,HAM_0001466,bkl,0,0.0075257327,0.013997568,0.91616297,0.00090475345,0.056334347,0.0050275247,4.7179365e-05
ISIC_0027850,HAM_0001466,bkl,0,0.0024802461,0.005990978,0.3589901,0.015135973,0.5899464,0.027235562,0.00022074608
ISIC_0025033,HAM_0003301,bkl,0,0.070686154,0.13258554,0.62761587,0.04489934,0.042723984,0.08130045,0.00018863441
ISIC_0027310,HAM_0003301,bkl,0,0.01930541,0.0011323056,0.27981278,0.54725415,0.034875523,0.1175462,7.364608e-05
ISIC_0024981,HAM_0005612,bkl,0,0.0021821966,0.011675807,0.059804562,0.00064531877,0.6926863,0.2319757,0.0010300921
ISIC_0025016,HAM_0007125,bkl,0,0.10672574,0.22712773,0.6649023,0.000101563746,0.00048036553,0.00061580056,4.6521538e-05
ISIC_0029147,HAM_0007125,bkl,0,0.0052506886,0.87301755,0.12112466,2.4191157e-05,0.00017803303,0.00039477253,1.016178e-05
ISIC_0024698,HAM_0001751,nv,0,0.0005729986,0.0006755661,0.01692241,0.0011431826,0.53770906,0.4424302,0.0005465767
ISIC_0024635,HAM_0003410,bkl,0,0.0010442173,3.455889e-05,0.22390947,4.66349e-05,0.74142694,0.033518553,1.9697183e-05
ISIC_0029425,HAM_0003410,bkl,0,0.0002046702,5.141266e-05,0.1503832,1.5873673e-05,0.84283274,0.0065000677,1.2010632e-05
ISIC_0032463,HAM_0003326,bkl,0,0.005392607,0.00026207467,0.80285037,0.0001997158,0.14102952,0.050175995,8.966116e-05
ISIC_0025548,HAM_0003326,bkl,0,0.025284095,0.0005089248,0.70010644,0.0006339098,0.15737838,0.11572244,0.00036589763
ISIC_0034318,HAM_0000344,bkl,0,8.3644445e-05,0.035704553,0.5038875,0.00010940006,0.0030451734,0.45367056,0.0034992131
ISIC_0032972,HAM_0000344,bkl,0,5.182116e-05,0.002409392,0.97781926,0.00014493146,0.0026543087,0.016342502,0.00057774637
ISIC_0030276,HAM_0004075,bkl,0,0.022141827,0.0020593724,0.970335,0.00013162277,0.0049639256,0.00027628956,9.197308e-05
ISIC_0033691,HAM_0006654,bkl,0,0.0026569918,0.7436309,0.051860407,0.00014145601,0.067187086,0.13440007,0.0001230659
ISIC_0033910,HAM_0006654,bkl,0,0.011766663,0.06719701,0.08480027,0.00254157,0.33172294,0.5006061,0.0013653218
ISIC_0032556,HAM_0006654,bkl,0,0.00018306664,0.0014579752,0.9607548,1.7251095e-05,0.030071817,0.007508603,6.383825e-06
ISIC_0032978,HAM_0000779,bkl,0,0.014710276,0.0011207686,0.17294966,0.0008232145,0.8087891,0.0015283835,7.865749e-05
ISIC_0033400,HAM_0005258,bkl,0,0.00011479006,3.3697983e-05,0.99758744,5.4088937e-06,0.000121835226,0.0021357832,1.0436324e-06
ISIC_0033677,HAM_0005258,bkl,0,7.846992e-06,1.0523192e-05,0.9989176,9.496211e-06,7.627965e-05,0.0009774639,8.715247e-07
ISIC_0033262,HAM_0005258,bkl,0,0.08562001,0.023833828,0.8591236,0.001356705,0.0063865827,0.02342517,0.0002541278
ISIC_0033952,HAM_0000516,bkl,0,0.0037309718,1.1031939e-05,0.23174694,1.5005525e-05,0.75479126,0.009684444,2.0395859e-05
ISIC_0032567,HAM_0003927,bkl,0,0.00042700896,0.00039124273,0.06802063,0.00035292952,0.04763346,0.8827995,0.00037520958
ISIC_0033088,HAM_0003927,bkl,0,0.0027681007,0.0021567335,0.08943781,0.0027434544,0.09613997,0.8052104,0.0015435523
ISIC_0032756,HAM_0003927,bkl,0,7.071818e-05,0.00016597811,0.052862026,5.3821517e-05,0.22212572,0.7246499,7.1893104e-05
ISIC_0033581,HAM_0001855,bkl,0,0.00046738976,0.00013274662,0.7544267,0.00023524952,0.020279655,0.22400953,0.000448781
ISIC_0033913,HAM_0001855,bkl,0,0.0018264411,0.0005393145,0.69512075,0.0024263195,0.027676862,0.26909104,0.0033193107
ISIC_0034303,HAM_0002372,bkl,0,0.48379737,0.02291196,0.09192646,0.006080874,0.2669022,0.11744266,0.010938539
ISIC_0034031,HAM_0002372,bkl,0,0.004710522,0.0019455936,0.04508681,0.03728806,0.5028382,0.40255073,0.005580094
ISIC_0033124,HAM_0002372,bkl,0,0.05481321,0.024162883,0.04090942,0.004633874,0.5003592,0.24958411,0.12553732
ISIC_0032898,HAM_0007341,bkl,0,0.0014801426,0.03578555,0.7425181,0.00017855689,0.06919768,0.1477845,0.0030554505
ISIC_0033488,HAM_0007341,bkl,0,0.00039080068,0.35761368,0.5438394,4.3174543e-05,0.022952583,0.073174395,0.001985988
ISIC_0033758,HAM_0007341,bkl,0,0.002320088,0.13980347,0.36075166,0.0010456084,0.01729246,0.47835374,0.0004330863
ISIC_0029600,HAM_0001927,bkl,0,2.2973249e-05,0.0015792573,0.0046101636,8.6575696e-05,0.7458042,0.06159478,0.18630207
ISIC_0031876,HAM_0002810,bkl,0,0.0008024617,0.05997887,0.24604334,0.0007371029,0.058222182,0.63348716,0.00072892784
ISIC_0030542,HAM_0002810,bkl,0,0.0013452416,0.015595305,0.2614773,0.000814365,0.056223426,0.66316384,0.0013805198
ISIC_0027652,HAM_0004958,bkl,0,0.024448005,0.00031452818,0.9189377,0.0005536536,0.037562065,0.018001748,0.0001823118
ISIC_0032325,HAM_0002184,bkl,0,0.004373586,0.002414812,0.49437243,0.0018431745,0.029214052,0.46710902,0.0006728727
ISIC_0025867,HAM_0007220,bkl,0,0.0101534,0.0017160149,0.96324414,0.002235197,0.019757055,0.0026536724,0.00024053224
ISIC_0028701,HAM_0006128,bkl,0,0.011483393,0.0010637161,0.72886866,0.0038838624,0.041388888,0.21249825,0.0008132455
ISIC_0027713,HAM_0001562,bkl,0,0.33766827,0.0011692989,0.6024149,0.0016583569,0.040512174,0.015665185,0.0009117932
ISIC_0029003,HAM_0004947,bkl,0,0.003856054,0.019274186,0.9373224,0.00025876422,0.017526506,0.021239359,0.00052267476
ISIC_0024711,HAM_0004947,bkl,0,0.005612218,0.009448494,0.2584559,0.00020233901,0.64183766,0.08341356,0.0010298343
ISIC_0032335,HAM_0005498,bkl,0,0.021342296,0.29740342,0.65180475,0.0008874901,0.023396399,0.004656115,0.0005094765
ISIC_0024890,HAM_0007439,bkl,0,0.0041627795,0.00038069798,0.2629219,0.008636316,0.654297,0.06947769,0.00012364889
ISIC_0027780,HAM_0007332,bkl,0,0.057358745,0.0063679726,0.50137466,0.0058919955,0.30637828,0.11614759,0.006480732
ISIC_0027042,HAM_0002078,bkl,0,0.0022864966,1.1902488e-05,0.12456481,9.32821e-05,0.8670075,0.0059854095,5.0503608e-05
ISIC_0024708,HAM_0003868,bkl,0,0.001413458,0.00031292764,0.30346668,0.00026556494,0.451598,0.24233343,0.0006099062
ISIC_0029340,HAM_0005157,bkl,0,0.09943259,0.14990403,0.6413808,0.0011096401,0.010429438,0.09750394,0.00023949545
ISIC_0027649,HAM_0006987,bkl,0,0.0011319164,0.0002456034,0.38978043,0.00079098536,0.49674687,0.11053747,0.0007666464
ISIC_0024971,HAM_0005325,bkl,0,0.052891776,0.0024663392,0.9126662,9.229576e-05,0.01100422,0.020801822,7.738357e-05
ISIC_0026728,HAM_0000884,bkl,0,0.31827405,0.10139946,0.050639875,0.008975555,0.07782947,0.4400824,0.002799195
ISIC_0030706,HAM_0003089,bkl,0,0.02420618,0.002225651,0.026836056,0.00027577727,0.8489603,0.09649447,0.001001562
ISIC_0027026,HAM_0002585,bkl,0,0.34307802,0.002783989,0.05643174,0.40699056,0.10744402,0.07598974,0.0072819684
ISIC_0028496,HAM_0003830,bkl,0,0.00024779938,5.7368426e-05,0.9717818,1.3705879e-05,0.025072213,0.002798267,2.8805503e-05
ISIC_0027394,HAM_0006472,bkl,0,0.005796302,0.0021831542,0.86226934,0.00083903543,0.085254304,0.043240804,0.00041705585
ISIC_0024358,HAM_0000933,bkl,0,0.024683084,0.00050875155,0.54743487,0.00029623552,0.23659976,0.18997258,0.0005046885
ISIC_0027771,HAM_0000933,bkl,0,0.009740794,0.0012253638,0.36633775,0.0013511861,0.44298702,0.17545545,0.0029024961
ISIC_0027367,HAM_0005022,bkl,0,0.0013763806,7.639203e-05,0.029098248,0.00014935882,0.9002162,0.06885491,0.00022841342
ISIC_0030783,HAM_0006513,bkl,0,0.011020076,0.0012400288,0.6174971,0.0006093614,0.10870193,0.26041502,0.00051656266
ISIC_0029358,HAM_0004945,bkl,0,0.0018682654,7.989166e-05,0.14105651,5.5739863e-05,0.8395698,0.017198125,0.00017163047
ISIC_0031766,HAM_0004945,bkl,0,2.553852e-05,2.4675132e-06,0.009814323,5.0459544e-06,0.98771125,0.0024309384,1.043486e-05
ISIC_0030258,HAM_0004945,bkl,0,0.00081828854,2.8025095e-05,0.9583253,2.1025991e-05,0.034782693,0.006004326,2.0204325e-05
ISIC_0032051,HAM_0001947,bkl,0,0.00012687764,0.00010952076,0.9819589,5.1984895e-05,0.0040106354,0.0137011865,4.0804305e-05
ISIC_0032481,HAM_0002769,bkl,0,0.012422301,0.29342064,0.6888427,0.000599646,0.0032636737,0.0012541144,0.00019688383
ISIC_0027996,HAM_0003152,bkl,0,0.000101180085,0.010375518,0.9664529,0.000108609085,0.00033253038,0.022550572,7.871838e-05
ISIC_0030522,HAM_0001325,bkl,0,0.0011399898,0.052193128,0.05401127,0.00036851596,0.01948707,0.87252027,0.00027971817
ISIC_0030208,HAM_0003152,bkl,0,0.00026443062,0.00042324432,0.9969163,4.802188e-05,6.039214e-05,0.002284125,3.5575968e-06
ISIC_0032373,HAM_0001493,bkl,0,0.012303191,0.014837291,0.97192186,0.00021060987,4.002992e-05,0.0006741725,1.2891641e-05
ISIC_0029217,HAM_0002316,bkl,0,0.0058475095,2.2075437e-05,0.993095,1.3346148e-05,0.0006092216,0.00041129268,1.5842588e-06
ISIC_0031591,HAM_0004249,bkl,0,0.104129635,0.0007166328,0.81986284,0.0006858332,0.071072556,0.003509306,2.319075e-05
ISIC_0026481,HAM_0007332,bkl,0,0.00018974679,3.4840697e-05,0.71652013,0.00065303606,0.19238862,0.09014165,7.20258e-05
ISIC_0031770,HAM_0006128,bkl,0,0.05417859,0.06931492,0.5332872,0.05773391,0.18892045,0.08789876,0.0086660925
ISIC_0029789,HAM_0001562,bkl,0,0.00087280764,3.9602615e-05,0.18860903,8.9767935e-05,0.78132296,0.029038718,2.7075566e-05
ISIC_0026286,HAM_0005157,bkl,0,0.28707087,0.003323599,0.7017156,0.0003615365,0.00034971195,0.0071701887,8.554867e-06
ISIC_0024880,HAM_0005157,bkl,0,0.00075915415,0.0053973743,0.9519503,5.959788e-05,0.0016055553,0.04017877,4.9218015e-05
ISIC_0027219,HAM_0000202,bkl,0,0.0034754984,0.00069752114,0.9474231,0.00041897252,0.03912907,0.008650175,0.00020577785
ISIC_0027801,HAM_0003840,bkl,0,0.0033985574,0.0018868167,0.9869888,0.0003838905,0.0020439522,0.005226742,7.130373e-05
ISIC_0030346,HAM_0005146,bkl,0,0.007182784,0.17888187,0.7504134,0.00067077606,0.04730731,0.015110871,0.00043295443
ISIC_0026526,HAM_0005146,bkl,0,0.061820623,0.017321644,0.8347015,0.0017443477,0.062518306,0.021444952,0.00044863243
ISIC_0029991,HAM_0003899,bkl,0,0.9233168,0.008576287,0.060852777,0.004453191,0.002496287,0.00029916086,5.4624493e-06
ISIC_0027006,HAM_0007018,bkl,0,7.0717826e-05,5.5463082e-05,0.91506594,6.215559e-05,0.02838415,0.056337804,2.3786382e-05
ISIC_0029596,HAM_0007018,bkl,0,0.017953001,0.09123964,0.31797698,0.0016705533,0.26822153,0.2918047,0.011133549
ISIC_0025716,HAM_0001200,bkl,0,0.005040289,0.0017198616,0.015281521,1.7771408e-05,0.9749596,0.0010878787,0.0018930055
ISIC_0030365,HAM_0004801,bkl,0,0.047682993,0.0019601362,0.014897702,0.0010550718,0.8890838,0.044121075,0.001199239
ISIC_0028043,HAM_0000979,bkl,0,0.0019619046,0.011903532,0.98391867,1.8919738e-05,0.0019376085,0.00023215254,2.7244712e-05
ISIC_0030188,HAM_0006240,bkl,0,0.0047279964,0.011234245,0.02768072,0.0012547373,0.94403106,0.008791661,0.0022794863
ISIC_0027437,HAM_0004125,bkl,0,0.05758186,0.0018464586,0.34522507,0.0012130582,0.1940077,0.39803413,0.0020917712
ISIC_0026290,HAM_0002350,bkl,0,0.00023835643,6.9490984e-06,0.24997069,1.364636e-05,0.6360159,0.113717325,3.7169582e-05
ISIC_0030876,HAM_0005199,bkl,0,0.9909333,0.000116040355,0.007366505,4.5537477e-06,0.0012874051,0.00027124822,2.0976286e-05
ISIC_0024982,HAM_0005199,bkl,0,0.96263605,0.0041151526,0.02996637,3.699038e-05,0.001335613,0.0013261535,0.00058367813
ISIC_0030319,HAM_0003508,bkl,0,0.0047142343,7.866976e-05,0.28873613,0.00011431197,0.6994432,0.006823225,9.024936e-05
ISIC_0025374,HAM_0006031,bkl,0,0.0004342526,8.3201114e-05,0.5131874,7.2050105e-05,0.41888827,0.067282565,5.2157917e-05
ISIC_0030533,HAM_0003664,bkl,0,0.001898288,0.058027174,0.8849329,0.013384795,0.0008120999,0.040425945,0.0005187597
ISIC_0032456,HAM_0003015,bkl,0,0.017454907,0.0027002983,0.19338042,0.005310273,0.25678673,0.52316856,0.0011987941
ISIC_0024495,HAM_0006466,bkl,0,0.0027299738,0.002636894,0.12582424,0.0029921324,0.20332816,0.6599321,0.00255655
ISIC_0027893,HAM_0000237,bkl,0,0.0010135133,7.798783e-05,0.80998373,8.1565166e-05,0.15282632,0.03582344,0.00019339725
ISIC_0028593,HAM_0003120,bkl,0,0.0951942,0.00032692935,0.7250738,0.00012523109,0.15781172,0.021146167,0.0003219331
ISIC_0032358,HAM_0006267,bkl,0,0.00053308526,0.0002279213,0.8166704,0.00015781264,0.028958919,0.15240145,0.0010503866
ISIC_0031200,HAM_0006267,bkl,0,0.0008525353,0.0005151611,0.88894445,0.0007757745,0.036000215,0.07061124,0.002300635
ISIC_0030231,HAM_0003938,bkl,0,0.92028666,0.0040516504,0.0682958,0.00012985189,0.0068871616,0.00017628323,0.00017262025
ISIC_0029032,HAM_0006472,bkl,0,0.0006891191,0.00053334626,0.99382037,7.318466e-05,0.0019201279,0.0029130646,5.07953e-05
ISIC_0029243,HAM_0003120,bkl,0,0.00022655577,1.2882427e-06,0.9994161,1.6792313e-07,0.00027099613,8.410566e-05,8.6348746e-07
ISIC_0031951,HAM_0001292,bkl,0,0.0003336449,0.0001326281,0.8109591,0.0004088289,0.16920114,0.018839626,0.00012495884
ISIC_0030935,HAM_0000237,bkl,0,0.0013959409,0.00012343048,0.27055654,4.550004e-05,0.7103865,0.017391313,0.000100755904
ISIC_0029213,HAM_0000237,bkl,0,0.00022409455,7.932607e-06,0.89992136,1.2334265e-05,0.07549871,0.024304852,3.0736002e-05
ISIC_0032040,HAM_0000237,bkl,0,0.0013297263,2.0461577e-05,0.14773975,5.3428932e-05,0.8160136,0.034817338,2.573785e-05
ISIC_0025083,HAM_0003015,bkl,0,0.0017272681,0.00017958194,0.8927913,0.00022964414,0.051748738,0.053209785,0.00011365412
ISIC_0025292,HAM_0004630,bkl,0,0.0006570567,0.00024546587,0.9989405,8.740118e-07,4.6590896e-05,0.000108004,1.3775625e-06
ISIC_0028376,HAM_0004630,bkl,0,9.491696e-05,3.4903765e-06,0.999881,3.8480155e-07,6.6623043e-06,1.3264872e-05,2.1815872e-07
ISIC_0026576,HAM_0004630,bkl,0,0.0007300867,0.00010006915,0.99776614,2.7843787e-06,0.0006206062,0.0007730371,7.2648545e-06
ISIC_0027504,HAM_0004660,bkl,0,0.00251236,0.30558667,0.6808461,0.0002422029,0.008996215,0.0017525849,6.3881904e-05
ISIC_0026409,HAM_0000893,bkl,0,0.73909616,0.08075095,0.12168008,0.045211,0.010459679,0.0026571478,0.00014499643
ISIC_0025345,HAM_0000893,bkl,0,0.0071834526,0.00016064219,0.85274297,0.12321191,0.011224696,0.0054253126,5.0995804e-05
ISIC_0032303,HAM_0000893,bkl,0,0.0005579934,0.00018182445,0.8797297,0.10583285,0.0041554295,0.009512862,2.9228288e-05
ISIC_0032103,HAM_0000893,bkl,0,0.44368723,0.011286756,0.27502015,0.26230296,0.004514098,0.0031350802,5.377085e-05
ISIC_0024825,HAM_0000893,bkl,0,0.19589338,0.0010718857,0.6446445,0.0021067236,0.15395123,0.0023109526,2.1348484e-05
ISIC_0027094,HAM_0001292,bkl,0,0.0013181082,2.1138247e-05,0.9806935,4.1963878e-05,0.017101541,0.00082105055,2.6995792e-06
ISIC_0028414,HAM_0001733,bkl,0,0.002298547,0.00048293563,0.6866279,0.00058231433,0.22372955,0.08545511,0.00082361675
ISIC_0026871,HAM_0001240,bkl,0,0.80328506,0.003902653,0.10848828,0.0004265423,0.041739516,0.039246418,0.0029115009
ISIC_0031261,HAM_0004383,bkl,0,0.0077329786,0.00021928803,0.9917966,2.100326e-06,8.870555e-05,0.00015604845,4.2641486e-06
ISIC_0026015,HAM_0002350,bkl,0,0.004080262,0.00010992014,0.74167454,9.021835e-05,0.22560398,0.028057236,0.00038388604
ISIC_0031496,HAM_0001733,bkl,0,0.0021447612,0.00015767476,0.1882339,0.000972927,0.77921844,0.028903682,0.000368756
ISIC_0025623,HAM_0000821,bkl,0,0.0018374394,0.0049635805,0.9378196,6.646535e-05,0.010713163,0.04440579,0.00019381415
ISIC_0031465,HAM_0000821,bkl,0,0.00046219802,0.0005184803,0.9860591,1.9601739e-05,0.0017462785,0.011130466,6.380741e-05
ISIC_0028931,HAM_0001733,bkl,0,0.0006425881,0.000103491824,0.97914505,5.5753088e-05,0.0086881565,0.011330952,3.3923065e-05
ISIC_0030383,HAM_0003996,bkl,0,8.2161976e-05,0.00028519164,0.98509604,4.4338954e-05,0.010415608,0.0039220713,0.00015457999
ISIC_0025465,HAM_0003996,bkl,0,0.0010376622,0.003791627,0.92023134,0.0004915406,0.05408368,0.019911217,0.0004529338
ISIC_0024489,HAM_0000710,bkl,0,0.017494967,0.001639346,0.90152645,0.0030689714,0.07492997,0.0011946855,0.00014565523
ISIC_0026276,HAM_0000710,bkl,0,0.048502576,0.0022388406,0.9216434,0.0034322063,0.02359974,0.0004439252,0.00013943526
ISIC_0027435,HAM_0007500,bkl,0,0.0027443462,0.004325565,0.9881918,3.9690567e-05,0.0023598187,0.0022462264,9.260901e-05
ISIC_0028180,HAM_0007500,bkl,0,8.516514e-05,0.42315724,0.46862528,0.00063689705,0.003294861,0.10406553,0.00013508723
ISIC_0032395,HAM_0005967,bkl,0,0.11810478,0.0052229706,0.8268035,0.0002530185,0.047299348,0.0020713697,0.00024503336
ISIC_0032031,HAM_0005967,bkl,0,0.051928494,0.009585312,0.7995954,0.00067310815,0.13517448,0.002777713,0.00026548555
ISIC_0026280,HAM_0006346,bkl,0,0.00020301346,4.781038e-05,0.97632754,4.2534302e-05,0.020758497,0.0024944998,0.00012612151
ISIC_0027811,HAM_0006346,bkl,0,0.0001277781,7.0484115e-05,0.9535465,0.00033839894,0.042020064,0.0038719052,2.4891591e-05
ISIC_0029232,HAM_0005632,bkl,0,7.109084e-05,5.487647e-05,0.99851316,1.1217182e-05,0.00071772,0.0006126094,1.9286852e-05
ISIC_0025470,HAM_0005632,bkl,0,4.0478564e-05,2.4708375e-05,0.99583024,6.5398594e-06,0.0025024258,0.0015820857,1.3576374e-05
ISIC_0025753,HAM_0004912,bkl,0,0.056291994,0.0032457528,0.8711894,0.00018024386,0.053578805,0.015331851,0.00018182494
ISIC_0031600,HAM_0004912,bkl,0,0.0019352215,0.00057046505,0.81976485,3.477305e-05,0.16448858,0.01304204,0.00016399681
ISIC_0028490,HAM_0001642,bkl,0,0.11772229,0.00031750198,0.7905689,0.0018524117,0.01068401,0.078660436,0.0001944151
ISIC_0029924,HAM_0003010,bkl,0,0.2084115,0.002218609,0.74815077,0.00014110556,0.011013928,0.029970076,9.408401e-05
ISIC_0027083,HAM_0007381,bkl,0,0.00028305664,0.0008020513,0.9902104,5.0323368e-05,0.0069834706,0.0016263936,4.4278397e-05
ISIC_0029778,HAM_0007381,bkl,0,0.0005373139,0.0015990225,0.99479115,6.4160085e-05,0.0018244099,0.00114331,4.065658e-05
ISIC_0027831,HAM_0001678,bkl,0,0.00020922188,0.0019246503,0.93300897,8.55221e-06,0.056968663,0.007846498,3.346608e-05
ISIC_0028209,HAM_0002096,bkl,0,0.0001321194,6.180317e-05,0.9948796,5.8253017e-06,0.0026004913,0.0023086793,1.1433004e-05
ISIC_0029518,HAM_0002096,bkl,0,0.001393684,0.00023955762,0.94047886,4.22948e-05,0.056853004,0.00075593597,0.0002365809
ISIC_0032179,HAM_0005903,bkl,0,0.0008829924,0.013349789,0.02243178,0.0009961571,0.33383426,0.62588733,0.0026177336
ISIC_0031428,HAM_0006277,bkl,0,1.1184302e-05,2.2566092e-06,0.9922924,1.3408708e-06,0.0055282824,0.0021635182,1.1079948e-06
ISIC_0033783,HAM_0004258,bkl,0,3.4492117e-05,0.002625957,0.95021874,5.223213e-06,0.03660909,0.010396162,0.000110382134
ISIC_0033693,HAM_0004258,bkl,0,0.002553293,0.083327666,0.52575964,0.00021630751,0.33200684,0.054857403,0.0012787771
ISIC_0034167,HAM_0003728,bkl,0,2.9222101e-06,1.9411975e-05,0.98680633,2.6992217e-07,0.012536261,0.00062525476,9.559279e-06
ISIC_0033949,HAM_0003728,bkl,0,6.919886e-06,7.694252e-06,0.999343,7.5185056e-07,0.00024153042,0.0003987586,1.3034696e-06
ISIC_0033784,HAM_0000332,bkl,0,0.0008326525,0.0017872668,0.26696417,0.0003029588,0.688722,0.039807137,0.0015838128
ISIC_0033307,HAM_0000332,bkl,0,0.00037484785,0.0013162865,0.44527766,0.00014949984,0.5123961,0.03994341,0.0005421576
ISIC_0033631,HAM_0000948,bkl,0,0.0005184717,0.00045592102,0.9971551,0.000120588,8.6420354e-05,0.0016505761,1.2913248e-05
ISIC_0034186,HAM_0000825,bkl,0,0.0005825369,0.17566471,0.56268877,0.00015746779,0.23901355,0.021605697,0.00028727215
ISIC_0030323,HAM_0004232,bkl,0,0.0032660966,0.0029015418,0.9373159,0.017686442,0.0014220369,0.037388623,1.9282747e-05
ISIC_0026511,HAM_0002242,bkl,0,0.00043164167,0.0019515145,0.9561756,0.00037079793,0.0016593663,0.03909394,0.00031715937
ISIC_0024643,HAM_0005101,bkl,0,2.0955476e-05,0.0002136568,0.99501795,0.0008932106,0.00015344747,0.0036011718,9.959577e-05
ISIC_0031133,HAM_0007395,bkl,0,5.9751037e-06,9.1651025e-05,0.9929877,5.4794695e-05,0.00013325382,0.0065953503,0.00013130807
ISIC_0029251,HAM_0001997,bkl,0,0.0022759554,0.00019792435,0.88405305,0.00083735265,0.035044897,0.0773602,0.00023070227
ISIC_0027875,HAM_0001429,bkl,0,0.0011412362,0.00021020863,0.56855667,0.00097432535,0.08580721,0.34228173,0.0010286609
ISIC_0026291,HAM_0000685,bkl,0,3.314903e-05,9.5536925e-05,0.9971468,0.0001363683,0.00048728037,0.0019756716,0.00012526358
ISIC_0031558,HAM_0001402,bkl,0,0.00042631023,0.0014091287,0.37032455,0.013572218,0.005248531,0.60859066,0.00042854607
ISIC_0026135,HAM_0006772,bkl,0,2.049313e-06,2.2969643e-05,0.99217564,9.332438e-05,5.9863778e-05,0.0076346486,1.1625328e-05
ISIC_0029233,HAM_0003757,bkl,0,3.3110832e-06,4.9637718e-05,0.9962205,1.6108064e-05,0.00014747649,0.0034651824,9.77675e-05
ISIC_0030207,HAM_0001399,bkl,0,3.101796e-05,0.0006669773,0.9766535,3.317026e-05,0.0001876621,0.022209909,0.00021774146
ISIC_0030226,HAM_0000069,bkl,0,0.0003159083,0.0009274791,0.97867113,0.0009447543,0.0007777175,0.017190648,0.001172335
ISIC_0025879,HAM_0004289,bkl,0,0.00031092204,0.0009274529,0.921588,0.0007957414,0.0016838922,0.073283404,0.0014106568
ISIC_0029676,HAM_0002503,bkl,0,0.0022178749,0.0006007903,0.44817546,0.0010694226,0.043113764,0.5043544,0.00046827737
ISIC_0027428,HAM_0003691,bkl,0,4.5626955e-05,0.0011923669,0.9738106,0.0016514442,0.00057630974,0.021825261,0.0008983693
ISIC_0026416,HAM_0003979,bkl,0,5.0588416e-05,0.0034638182,0.95896834,0.000504821,0.0003115142,0.036381032,0.00031984696
ISIC_0029741,HAM_0005096,bkl,0,1.9968957e-06,3.814413e-06,0.9997081,2.448305e-06,4.6934398e-05,0.00023123322,5.406891e-06
ISIC_0025654,HAM_0002742,bkl,0,4.30826e-06,2.9140238e-05,0.9983565,4.170408e-06,9.252177e-05,0.0015012168,1.1969947e-05
ISIC_0025387,HAM_0000792,bkl,0,1.7101702e-05,8.8381574e-05,0.9967248,6.385197e-05,0.0007520135,0.002254284,9.952542e-05
ISIC_0026042,HAM_0007000,bkl,0,0.012453627,0.06905564,0.64259815,0.0033695397,0.1740313,0.087546535,0.010945279
ISIC_0030789,HAM_0001223,bkl,0,0.0039102132,0.0023208112,0.9127485,0.0011174399,0.027425263,0.050421495,0.0020562483
ISIC_0032642,HAM_0002909,df,0,3.5290876e-05,1.0843837e-06,0.005174495,0.035619915,0.9506753,0.008491303,2.6663997e-06
ISIC_0033790,HAM_0002909,df,0,0.00821329,1.1194371e-05,0.00217081,0.629017,0.3551819,0.0053006406,0.00010521039
ISIC_0033675,HAM_0002909,df,0,0.0011395479,1.7377364e-05,0.011170511,0.61560893,0.332106,0.03988294,7.471755e-05
ISIC_0028926,HAM_0000720,df,0,0.6873688,0.0022604004,0.0011590525,0.28838548,0.018583382,0.0020962704,0.00014658498
ISIC_0024973,HAM_0007227,df,0,0.00014988854,0.98745525,0.0011346143,0.0005939275,0.007192931,0.0031483988,0.00032497867
ISIC_0029891,HAM_0007227,df,0,0.01253943,0.9777548,0.0030040962,0.00044161378,0.005967269,0.000117801115,0.00017492141
ISIC_0029962,HAM_0007410,df,0,0.08275326,0.002030734,0.32591933,0.4672557,0.090492435,0.030493954,0.0010545491
ISIC_0031457,HAM_0007410,df,0,0.27014837,0.0004388017,0.4423074,0.16507207,0.09331372,0.028291008,0.00042859456
ISIC_0029824,HAM_0005362,df,0,1.1199568e-05,4.1981116e-06,7.5874427e-06,0.999059,0.00076463,0.00013219913,2.120419e-05
ISIC_0025622,HAM_0005362,df,0,2.1629516e-05,4.1004292e-05,4.927122e-05,0.98022676,0.019379783,0.00018979912,9.182857e-05
ISIC_0030015,HAM_0006542,df,0,0.00021941848,1.3054276e-05,0.00022694192,0.99419594,0.004774851,0.0005526759,1.7130598e-05
ISIC_0025980,HAM_0005529,df,0,9.1982314e-05,0.00028302893,0.0034505164,0.73284644,0.004424958,0.25877726,0.00012583983
ISIC_0025903,HAM_0002129,df,0,0.0002228401,9.874672e-05,0.00023446768,0.97038525,0.00010870742,0.028773159,0.00017679232
ISIC_0027190,HAM_0000040,mel,0,5.3858348e-05,7.508758e-06,0.0017547003,1.8232584e-05,0.96758,0.030511752,7.400489e-05
ISIC_0032248,HAM_0002119,mel,0,0.00020789194,0.0102933515,0.00021930036,7.948751e-06,0.9884276,0.0007531851,9.078152e-05
ISIC_0028445,HAM_0000492,mel,0,0.0008369583,0.00076836435,0.011685577,0.0021908355,0.46269825,0.5202205,0.0015995017
ISIC_0027076,HAM_0000492,mel,0,0.0012031619,0.00087389594,0.018248469,0.0006757322,0.6647914,0.31389254,0.00031472946
ISIC_0029081,HAM_0006453,mel,0,6.137891e-05,5.215046e-05,0.0018431507,0.0013740071,0.9697437,0.026890116,3.5473557e-05
ISIC_0025744,HAM_0006453,mel,0,0.0013831637,0.00045539963,0.035871953,0.002218939,0.83582675,0.123097144,0.0011466558
ISIC_0032214,HAM_0007454,mel,0,0.09657174,0.35667408,0.058807667,0.13577677,0.072251454,0.27883637,0.0010819101
ISIC_0027043,HAM_0007390,mel,0,0.0010854566,0.0007360841,0.0020306723,0.0007624871,0.27975094,0.7154251,0.00020932451
ISIC_0027174,HAM_0007390,mel,0,0.014987129,0.0070516993,0.0035871966,0.10949603,0.59301865,0.27124885,0.00061047275
ISIC_0025234,HAM_0004739,mel,0,1.211011e-05,0.29671133,0.017247194,2.569928e-05,0.6698348,0.0058124843,0.010356316
ISIC_0026754,HAM_0001446,mel,0,0.055262282,0.0005544947,0.015047314,0.00083386013,0.92697364,0.001134066,0.00019427596
ISIC_0030060,HAM_0004126,mel,0,2.6357095e-06,8.33097e-06,0.0008191487,4.169439e-07,0.9983973,0.00074911513,2.2997148e-05
ISIC_0030211,HAM_0004126,mel,0,2.4855031e-05,5.340056e-05,0.00020728266,5.7125753e-06,0.997359,0.0023078923,4.1953692e-05
ISIC_0025603,HAM_0004579,mel,0,0.00034147955,0.00056808576,0.010269703,4.7636233e-05,0.92606574,0.06252145,0.00018599116
ISIC_0025904,HAM_0006908,mel,0,0.00050747604,0.0030024494,0.0048536886,0.001028485,0.96610796,0.023444673,0.0010552699
ISIC_0032450,HAM_0006908,mel,0,0.0028446112,0.009300256,0.006805725,6.346985e-05,0.97731316,0.0026209771,0.0010517893
ISIC_0029163,HAM_0006692,mel,0,0.00024860547,3.140248e-05,0.2429391,4.625642e-06,0.7558107,0.00095200795,1.3591499e-05
ISIC_0029630,HAM_0006692,mel,0,0.0031607975,0.00010203374,0.03711031,4.862213e-06,0.9571682,0.0022719812,0.00018190434
ISIC_0031941,HAM_0007538,mel,0,3.1166364e-06,0.00015489552,0.0017016018,3.329911e-07,0.9906669,0.0074729766,1.4963138e-07
ISIC_0024315,HAM_0007538,mel,0,2.6508285e-05,4.05275e-05,0.0016370952,2.980512e-05,0.90099263,0.09726179,1.1646012e-05
ISIC_0026360,HAM_0003990,mel,0,1.0077877e-06,4.0063227e-08,7.605548e-05,1.3713704e-06,0.9995876,0.00033368904,3.7315428e-07
ISIC_0025996,HAM_0003990,mel,0,1.10930405e-05,1.0777752e-06,0.008442268,0.00063750776,0.96495605,0.025947543,4.5329925e-06
ISIC_0026296,HAM_0004265,mel,0,0.0035964812,0.0051480373,0.15849544,0.011116686,0.011299069,0.80818677,0.0021574914
ISIC_0025018,HAM_0004265,mel,0,0.0022992957,0.004421389,0.052289028,0.0035415972,0.03533785,0.9008381,0.0012728161
ISIC_0026369,HAM_0006522,mel,0,0.0004997512,0.0012633974,0.0077904463,0.00028221167,0.2476498,0.7416743,0.0008400733
ISIC_0030521,HAM_0006522,mel,0,0.00049212144,0.0006795058,0.07848192,0.0005923944,0.6927028,0.22636004,0.0006912311
ISIC_0030089,HAM_0007620,mel,0,3.708287e-05,0.97482204,0.008718599,0.0004829275,0.000525095,0.012523733,0.0028904723
ISIC_0027616,HAM_0007620,mel,0,0.00039334522,0.6132905,0.13875467,0.0046937545,0.016100898,0.21911313,0.0076537565
ISIC_0026247,HAM_0004676,mel,0,0.0018719707,0.0055854674,0.52828336,0.00026190164,0.108139105,0.35534936,0.0005089017
ISIC_0028467,HAM_0004676,mel,0,0.0011263498,0.0013234031,0.11125793,0.00031960773,0.6027543,0.28241223,0.00080617785
ISIC_0029513,HAM_0000645,mel,0,0.008429278,0.00045064575,0.2609551,0.015498059,0.67505133,0.03893767,0.0006779219
ISIC_0024853,HAM_0000645,mel,0,0.0010079354,1.248175e-05,0.0006640442,0.0013905895,0.97307557,0.023832235,1.7217491e-05
ISIC_0028916,HAM_0006208,mel,0,0.0012551161,0.000596529,0.24389663,0.000106040534,0.7408304,0.012655785,0.0006594302
ISIC_0028489,HAM_0005785,mel,0,0.00082399603,0.0009895518,0.050691888,0.00057942915,0.26225528,0.68268853,0.0019713098
ISIC_0026236,HAM_0005785,mel,0,0.0020043752,0.0023458654,0.0392505,0.0020510762,0.70801246,0.2419738,0.0043619815
ISIC_0028317,HAM_0005752,mel,0,0.00019255531,0.0034042664,0.34462857,9.345849e-05,0.5394055,0.11212702,0.00014859923
ISIC_0031013,HAM_0005752,mel,0,0.00060378085,0.001503136,0.018582974,1.6118636e-05,0.9535748,0.025559647,0.00015960264
ISIC_0034141,HAM_0000483,mel,0,0.0015272814,0.0054806783,0.06619953,0.00051030295,0.7304484,0.19527644,0.0005573323
ISIC_0033643,HAM_0000483,mel,0,0.00025374352,0.000107832864,0.0030993435,0.0010813059,0.06331319,0.9319644,0.00018010312
ISIC_0032629,HAM_0000483,mel,0,0.00043156094,0.0013239535,0.0044150264,0.00084039633,0.19621082,0.7964613,0.00031703932
ISIC_0032976,HAM_0006330,mel,0,4.2218402e-05,9.259155e-06,0.0020342052,2.3349261e-05,0.9902237,0.0076559503,1.1278632e-05
ISIC_0033274,HAM_0006330,mel,0,0.00017523553,5.678376e-05,0.0011459705,0.0001515002,0.9294184,0.068978935,7.314057e-05
ISIC_0026745,HAM_0006330,mel,0,1.6167198e-05,2.1803685e-06,0.00042340916,6.3974007e-06,0.99087876,0.0086629465,1.0088143e-05
ISIC_0033416,HAM_0003386,mel,0,7.71726e-05,4.7044417e-05,0.0010743858,0.00016827487,0.31796443,0.6805057,0.00016298782
ISIC_0032662,HAM_0003386,mel,0,0.00014698946,5.5485438e-05,0.01640625,0.00041203268,0.35608995,0.6266159,0.00027342333
ISIC_0033452,HAM_0003386,mel,0,0.0001676468,0.000120920056,0.004949386,0.00044595907,0.23676005,0.7572247,0.0003313192
ISIC_0033902,HAM_0000048,mel,0,0.00022153552,8.293571e-05,0.00048450424,0.0001816101,0.9962941,0.002673846,6.143436e-05
ISIC_0032774,HAM_0000048,mel,0,0.0005189271,0.0002913214,0.0024307666,0.0011427475,0.9894958,0.0014994903,0.0046210005
ISIC_0029632,HAM_0005535,mel,0,0.0002808283,2.4928046e-05,0.008572597,5.087234e-06,0.9847403,0.00632803,4.820056e-05
ISIC_0032892,HAM_0003354,mel,0,6.482191e-05,6.1112826e-07,1.3981215e-05,3.665093e-05,0.9998536,3.018146e-05,7.6080255e-08
ISIC_0033337,HAM_0005581,mel,0,0.00018416533,5.3985597e-05,0.028004328,0.0001282556,0.7213938,0.2501952,4.016444e-05
ISIC_0033594,HAM_0005581,mel,0,0.00076056,0.00025412542,0.09421053,0.0002039528,0.48879847,0.4157248,4.7628888e-05
ISIC_0029209,HAM_0000319,mel,0,0.041020434,0.0056083207,0.31867516,0.004847234,0.12176234,0.5053466,0.002739847
ISIC_0033595,HAM_0005280,mel,0,0.013779474,0.014893745,0.0050252415,0.001563052,0.91487354,0.048411038,0.0014538502
ISIC_0034059,HAM_0005280,mel,0,0.005443798,0.02336566,0.012921796,0.00019299139,0.93468475,0.022886908,0.00050406327
ISIC_0033063,HAM_0005280,mel,0,0.00020227015,1.5165805e-05,0.0022423337,4.3357336e-06,0.9961733,0.0013570823,5.4978373e-06
ISIC_0032726,HAM_0007180,mel,0,0.0012335327,1.1295915e-05,0.665981,1.3860108e-05,0.33162698,0.0011216549,1.1689516e-05
ISIC_0033272,HAM_0007180,mel,0,0.0009413455,1.8555951e-05,0.46661785,5.3582724e-05,0.5260782,0.0062522353,3.8225688e-05
ISIC_0032812,HAM_0005748,mel,0,0.00022167475,0.00068579096,0.00054643414,0.0013372395,0.018301597,0.9788256,8.171197e-05
ISIC_0033619,HAM_0005748,mel,0,0.0020956318,0.0039773756,0.0014383905,0.0017093898,0.6591461,0.33127886,0.00035436187
ISIC_0034065,HAM_0005748,mel,0,0.0002858604,0.000717285,0.00024257941,0.00072285486,0.38857538,0.60922205,0.0002339892
ISIC_0034005,HAM_0006763,mel,0,0.0013515854,0.02234662,0.2709975,0.00234859,0.18171409,0.52091646,0.00032518146
ISIC_0033569,HAM_0006566,mel,0,0.0005295111,0.0050445343,0.008498906,7.948353e-05,0.9797942,0.0043684626,0.001684883
ISIC_0032535,HAM_0006566,mel,0,0.00062480837,0.0029106722,0.020743366,0.00018714278,0.9297236,0.04355412,0.0022562677
ISIC_0033324,HAM_0004304,mel,0,1.4740982e-06,0.0021641646,0.0010857622,4.559887e-06,0.9966652,6.472954e-05,1.4205802e-05
ISIC_0034316,HAM_0004304,mel,0,2.018091e-05,0.0029213217,0.020071136,1.2390179e-05,0.9765337,0.00038198684,5.9349342e-05
ISIC_0033710,HAM_0004304,mel,0,0.0010811028,0.03618212,0.09588487,0.00029658724,0.863564,0.0027106805,0.00028065257
ISIC_0031709,HAM_0000282,mel,0,0.23589523,0.0028517826,0.25820863,0.00390026,0.30593312,0.19190252,0.0013085007
ISIC_0033754,HAM_0004687,mel,0,2.1806267e-05,2.8126024e-06,2.468524e-05,0.005591371,0.99283445,0.0015111106,1.372102e-05
ISIC_0032938,HAM_0004687,mel,0,3.450771e-05,2.3629658e-05,7.572487e-05,0.001320321,0.99728525,0.0011923442,6.8251546e-05
ISIC_0025531,HAM_0004767,mel,0,0.24876426,0.0018649888,0.72570163,8.926078e-05,0.0198302,0.0035683578,0.0001812745
ISIC_0033120,HAM_0007558,mel,0,3.6613874e-05,9.198561e-06,0.0033907539,0.0001037257,0.9548391,0.041605484,1.509847e-05
ISIC_0034211,HAM_0007558,mel,0,0.00044108887,0.00017807499,0.029415209,0.00044674537,0.6551145,0.31412256,0.00028189571
ISIC_0028410,HAM_0007558,mel,0,0.0008968056,0.00029420873,0.006063937,0.0005328329,0.37922785,0.612205,0.00077934033
ISIC_0033545,HAM_0007558,mel,0,6.528741e-05,5.2499418e-06,0.000955849,4.4393808e-05,0.9478052,0.05109053,3.34623e-05
ISIC_0034036,HAM_0003843,mel,0,4.1814355e-06,2.6855294e-06,1.5265634e-05,5.0519193e-06,0.9987012,0.0012602949,1.1245443e-05
ISIC_0031479,HAM_0000274,mel,0,1.9954863e-05,8.165011e-06,2.917421e-05,1.8381948e-05,0.9975568,0.00235929,8.141591e-06
ISIC_0033300,HAM_0003700,mel,0,0.0009271681,0.00062240625,0.013537825,0.0010807529,0.069006935,0.91364604,0.001178865
ISIC_0033616,HAM_0003700,mel,0,0.0035099331,0.00059094036,0.06470158,0.0021120291,0.12292716,0.8040626,0.0020958427
ISIC_0029606,HAM_0003700,mel,0,0.0005951859,0.0005925682,0.013734895,0.00051175733,0.36606237,0.6172495,0.0012537803
ISIC_0033099,HAM_0003700,mel,0,0.001231001,0.00032160067,0.07759119,0.0012271137,0.2105599,0.7073947,0.0016743944
ISIC_0033344,HAM_0006540,mel,0,0.0034121159,7.16329e-05,0.3608609,9.653242e-05,0.58312166,0.05236721,6.990515e-05
ISIC_0032988,HAM_0006540,mel,0,0.001275308,0.00014974026,0.13283958,3.590772e-05,0.80526996,0.06038718,4.238483e-05
ISIC_0033611,HAM_0000799,mel,0,0.00054252305,0.00016190267,0.04299726,0.00055747596,0.6865729,0.26866928,0.0004986904
ISIC_0033586,HAM_0000799,mel,0,0.0021411278,0.0009573287,0.045561552,0.0020640078,0.41010988,0.53608584,0.003080279
ISIC_0033226,HAM_0000799,mel,0,0.0010137146,0.00027822956,0.03136959,0.00049689715,0.57046556,0.3952189,0.0011570615
ISIC_0032509,HAM_0003335,mel,0,0.0002658996,0.0033113854,0.004959134,0.0006308515,0.1120666,0.87838477,0.00038127866
ISIC_0034068,HAM_0003335,mel,0,0.008140064,0.041313145,0.042488664,0.001416017,0.3142244,0.5908523,0.0015653644
ISIC_0033487,HAM_0005673,mel,0,0.03804361,0.08281849,0.15249811,0.0009233255,0.34766018,0.34911454,0.028941665
ISIC_0033995,HAM_0005673,mel,0,0.08010889,0.013186829,0.49000612,0.0015370527,0.3904321,0.023309486,0.0014195737
ISIC_0034216,HAM_0003843,mel,0,0.00014538545,7.3836236e-05,0.00032937713,8.8409346e-05,0.99582064,0.0034532156,8.911075e-05
ISIC_0034243,HAM_0002723,mel,0,0.0004664683,7.232836e-05,0.010435454,0.34005535,0.6279385,0.020953381,7.848961e-05
ISIC_0034050,HAM_0002723,mel,0,0.00061039865,5.5602803e-05,0.013141312,0.04070297,0.9202558,0.025197761,3.6162564e-05
ISIC_0033394,HAM_0004844,mel,0,3.8011876e-05,2.0686832e-05,0.0019425366,7.111719e-07,0.9945545,0.003413103,3.0387846e-05
ISIC_0034233,HAM_0004844,mel,0,6.53954e-05,6.0809998e-05,0.007809279,5.22989e-07,0.990105,0.0018542686,0.0001047394
ISIC_0033122,HAM_0004620,mel,0,0.0002595335,0.000118940836,0.030417088,0.00074837124,0.380994,0.5868916,0.0005704583
ISIC_0033713,HAM_0004620,mel,0,0.00037460515,0.000103735205,0.012633888,0.00048284506,0.64428544,0.34168923,0.00043027406
ISIC_0026268,HAM_0001428,mel,0,0.0025546702,0.00036984432,0.023579229,0.00032136924,0.886473,0.0856943,0.0010075108
ISIC_0032110,HAM_0002834,mel,0,0.0005349897,0.00028840415,0.0017475979,0.0032490909,0.55477947,0.43801412,0.0013864031
ISIC_0026500,HAM_0002834,mel,0,0.0026918505,0.0022991726,0.008034902,0.01879245,0.6400505,0.32354832,0.0045827837
ISIC_0025512,HAM_0001986,mel,0,8.5277505e-05,0.00065926014,0.00064142665,0.00013373497,0.9845889,0.013308998,0.0005823263
ISIC_0024999,HAM_0001986,mel,0,0.0020865465,0.05580456,0.014813297,0.00071054033,0.9097527,0.014673432,0.0021588479
ISIC_0032134,HAM_0002430,mel,0,5.1938787e-05,2.848457e-05,0.0019318702,0.0007195245,0.9463562,0.05041319,0.00049885205
ISIC_0028114,HAM_0002430,mel,0,0.00028119923,0.00022132411,0.004776912,0.0066080973,0.8726471,0.11418555,0.001279922
ISIC_0027673,HAM_0002430,mel,0,5.329136e-05,2.7768134e-05,0.0014636023,0.0008267627,0.95863366,0.03856823,0.00042674597
ISIC_0027793,HAM_0006870,mel,0,0.0010395668,0.00020966759,0.0020894702,0.00027379184,0.02069535,0.97543836,0.00025371497
ISIC_0030192,HAM_0006453,mel,0,0.056932155,0.008602489,0.08916925,0.0012370151,0.14688072,0.69404,0.0031384313
ISIC_0029859,HAM_0000492,mel,0,0.004573883,0.0075485525,0.038447008,0.0045618857,0.27300662,0.66973865,0.0021234243
ISIC_0028003,HAM_0003484,mel,0,0.00027768002,0.00015151159,0.009599291,0.0031377801,0.034338962,0.95222044,0.00027429295
ISIC_0030107,HAM_0004888,mel,0,0.002066655,0.00028300987,0.0062137954,0.00048128792,0.70060015,0.29000607,0.00034905714
ISIC_0024571,HAM_0006699,mel,0,0.28587925,0.014271406,0.04827837,0.000579465,0.61390036,0.027381394,0.009709818
ISIC_0027155,HAM_0000282,mel,0,0.09870586,0.0014297391,0.06207893,0.0013244466,0.51179296,0.32337645,0.0012916134
ISIC_0027328,HAM_0004651,mel,0,0.0568061,0.002216522,0.24877764,0.00016456499,0.6879719,0.0033088962,0.00075443607
ISIC_0030382,HAM_0005640,mel,0,0.005613923,0.0005886198,0.00901708,0.0011588809,0.9620251,0.019307356,0.0022889792
ISIC_0029033,HAM_0002719,mel,0,2.251127e-05,1.9194197e-06,0.0001141147,7.789238e-05,0.9553182,0.044458825,6.4771707e-06
ISIC_0027030,HAM_0004254,mel,0,3.5166224e-05,4.0659284e-06,0.0051770434,3.6808417e-06,0.9782707,0.016485475,2.3858782e-05
ISIC_0025132,HAM_0000247,mel,0,0.0028218587,4.3126664e-05,0.0059924084,0.0003518699,0.88550615,0.105189025,9.559987e-05
ISIC_0028777,HAM_0000125,mel,0,0.00044993564,0.02730541,0.03972583,9.717719e-06,0.9171377,0.015270307,0.00010113502
ISIC_0026877,HAM_0004354,mel,0,0.00044739462,6.0122708e-05,0.0028369045,0.00034224053,0.59831005,0.39781687,0.0001863699
ISIC_0027964,HAM_0000125,mel,0,0.0004011992,0.02363577,0.13278873,0.0001225997,0.8367849,0.0061135623,0.0001532505
ISIC_0025546,HAM_0007498,mel,0,0.00043745493,3.8055867e-05,0.02757075,4.4754343e-05,0.9191434,0.0526942,7.147374e-05
ISIC_0031239,HAM_0000767,mel,0,0.0026420325,3.8953112e-05,0.003712534,0.00020095654,0.97204506,0.021187482,0.00017303623
ISIC_0027420,HAM_0001551,mel,0,0.0008710851,4.3267602e-05,0.001751415,0.00013659526,0.88911635,0.10799353,8.780641e-05
ISIC_0030616,HAM_0005623,mel,0,0.35926834,0.013757145,0.2881934,0.0069335396,0.32633483,0.0052201473,0.0002925542
ISIC_0025391,HAM_0005535,mel,0,1.4361176e-05,7.1465905e-08,0.00018837264,1.9285106e-07,0.9922093,0.0075868904,8.7508306e-07
ISIC_0032372,HAM_0000125,mel,0,6.9058275e-05,0.195987,0.58903295,2.0321846e-05,0.2087126,0.006020272,0.00015775593
ISIC_0031915,HAM_0000136,mel,0,0.0002040021,0.00016272665,0.030725855,0.000104189654,0.58790135,0.38072163,0.00018026547
ISIC_0028065,HAM_0000136,mel,0,0.00121716,0.00021391148,0.0032374407,0.00040594352,0.043534417,0.9507776,0.0006135506
ISIC_0029995,HAM_0001835,mel,0,0.011824022,4.746542e-05,0.010249661,0.025537245,0.928442,0.023646927,0.00025266083
ISIC_0027101,HAM_0001835,mel,0,0.0058678864,6.7102774e-05,0.00553919,0.039192602,0.9000023,0.04866979,0.0006611772
ISIC_0026652,HAM_0001835,mel,0,0.052465893,6.832472e-05,0.037333053,0.0260145,0.68589586,0.19773483,0.00048746468
ISIC_0025814,HAM_0002194,mel,0,0.05265499,0.0010918576,0.017959343,0.004866107,0.9051472,0.017073039,0.0012075104
ISIC_0026853,HAM_0002194,mel,0,0.00069163716,3.6367383e-06,0.049244493,0.00047587688,0.93080217,0.018731903,5.028076e-05
ISIC_0027163,HAM_0006964,mel,0,0.0008709108,0.00011117809,0.026945954,0.00012125511,0.89428216,0.07711964,0.00054900267
ISIC_0029642,HAM_0006964,mel,0,0.0029349085,0.0006521913,0.043656692,0.00043955958,0.66969854,0.28044504,0.0021729523
ISIC_0029893,HAM_0006699,mel,0,0.033881884,0.003057562,0.04557991,0.0011293851,0.9002561,0.014261986,0.0018331372
ISIC_0032269,HAM_0003256,mel,0,0.010445472,0.00027716256,0.22335827,0.01516205,0.74005276,0.0105054425,0.00019883808
ISIC_0028218,HAM_0003256,mel,0,0.0033700499,0.0012903772,0.005429643,0.007209065,0.80062884,0.18155202,0.00051993155
ISIC_0032433,HAM_0005504,mel,0,0.0002282642,9.707804e-05,0.10643936,0.0003368156,0.45216712,0.4403367,0.00039468007
ISIC_0027480,HAM_0005504,mel,0,0.000245784,0.00029354598,0.26286107,0.00034465684,0.19675946,0.5389094,0.00058610266
ISIC_0028773,HAM_0004354,mel,0,0.000428973,6.4262524e-05,0.0016750129,0.00017270056,0.7713769,0.22614782,0.00013443417
ISIC_0028156,HAM_0007498,mel,0,0.0042151087,0.0002641997,0.10073276,0.00040765086,0.67814326,0.2155767,0.0006602808
ISIC_0028930,HAM_0002591,mel,0,0.018689804,0.12576199,0.11465511,0.004196255,0.32103214,0.4120708,0.0035938234
ISIC_0031389,HAM_0002591,mel,0,0.00082444184,0.03397314,0.02203075,0.00018711868,0.83945554,0.1032932,0.00023577017
ISIC_0031778,HAM_0003509,mel,0,0.00013629245,0.001438254,0.0709898,2.3594801e-05,0.45767123,0.46966848,7.234372e-05
ISIC_0031303,HAM_0004547,mel,0,0.0022332899,0.0008524393,0.7299528,0.00014403679,0.26278892,0.0030600142,0.0009685171
ISIC_0028285,HAM_0004767,mel,0,0.026356138,0.0015018624,0.32790807,0.0001764346,0.608324,0.027237454,0.008496086
ISIC_0027832,HAM_0003509,mel,0,0.000106830455,5.058692e-05,0.019548927,1.4206115e-05,0.96299434,0.017265694,1.9427756e-05
ISIC_0026092,HAM_0002914,vasc,0,1.5333831e-05,0.0013082537,6.90803e-05,0.00020380829,0.00054795464,7.001803e-05,0.99778545
ISIC_0024904,HAM_0002914,vasc,0,0.00020296303,0.0076047946,0.0004201407,0.00046876117,0.0044850754,0.00060723035,0.986211
ISIC_0025578,HAM_0002218,vasc,0,1.9006557e-05,0.0018131362,0.00070208486,1.9901498e-05,0.017733559,0.0008004059,0.978912
ISIC_0029448,HAM_0002218,vasc,0,1.8053077e-05,0.0002908863,0.00040053728,2.9683477e-05,0.01609968,0.018189767,0.96497136
ISIC_0027385,HAM_0004455,vasc,0,2.215343e-06,0.0010316466,5.0863313e-05,1.1025001e-05,0.0005231517,0.0015944707,0.9967867
ISIC_0030882,HAM_0004455,vasc,0,2.030719e-06,0.00048199555,1.7115779e-05,3.0336305e-06,0.00014634382,0.0001330434,0.9992163
ISIC_0026163,HAM_0003771,vasc,0,7.934805e-07,5.0481016e-05,4.02323e-06,2.770145e-06,6.495616e-05,6.2830026e-05,0.9998141
ISIC_0025807,HAM_0003771,vasc,0,2.2452746e-06,0.00012498588,1.9708008e-05,5.908338e-06,0.00021819511,0.00021775067,0.99941134
ISIC_0028146,HAM_0005471,vasc,0,0.00015220993,0.0038686227,0.0021033285,5.5950073e-05,0.003584194,0.036042586,0.95419306
ISIC_0024402,HAM_0004542,vasc,0,4.981548e-07,2.2462036e-05,4.9827045e-06,5.3562353e-06,7.214676e-05,6.0718092e-05,0.9998338
ISIC_0027256,HAM_0004542,vasc,0,5.7370485e-06,9.643416e-05,4.730358e-05,9.360983e-05,0.00073261274,0.004039724,0.9949845
ISIC_0032839,HAM_0002498,vasc,0,1.3772901e-06,0.000103203674,8.266768e-06,8.4635553e-07,0.0001407151,3.9806037e-06,0.99974173
ISIC_0032932,HAM_0002498,vasc,0,1.9085528e-06,8.440859e-05,9.414091e-06,1.7926342e-06,0.00019444038,7.923508e-06,0.99970007
ISIC_0031706,HAM_0000934,vasc,0,4.6034846e-05,0.0005177535,0.00026283987,7.1492446e-05,0.0023027114,0.0010658446,0.99573344
ISIC_0025197,HAM_0000460,vasc,0,0.0006435581,0.006184144,0.00084484223,0.00052188325,0.0078053586,0.05860609,0.9253941
ISIC_0032409,HAM_0001238,vasc,0,5.2206115e-06,6.0072623e-05,4.515291e-05,6.1479695e-06,0.00052992406,0.00029239908,0.99906117
ISIC_0027522,HAM_0007113,vasc,0,8.933309e-06,0.0003627476,5.9524256e-05,1.6034339e-05,0.00027083844,0.00036168558,0.9989203
ISIC_0026490,HAM_0006291,vasc,0,5.08304e-06,7.7576056e-05,7.2211464e-05,3.4195436e-06,0.00027605743,0.00081721117,0.9987484
ISIC_0027937,HAM_0006280,vasc,0,3.51325e-06,0.0002752377,2.6231437e-05,5.0211324e-06,0.00022441764,4.855381e-05,0.99941707
ISIC_0032057,HAM_0004862,vasc,0,8.392705e-06,0.00010155557,3.494914e-05,1.8856073e-05,0.001310959,0.00041850045,0.9981067
ISIC_0024431,HAM_0002134,bcc,0,0.01569762,0.94861853,0.011085884,6.457021e-05,0.01207869,0.012438671,1.5976548e-05
ISIC_0026656,HAM_0002134,bcc,0,0.0774747,0.41398785,0.035517044,0.006016955,0.011942955,0.45390627,0.0011542982
ISIC_0026321,HAM_0006047,bcc,0,0.03595263,0.52317405,0.032177947,0.015110312,0.07617084,0.016236922,0.30117723
ISIC_0025467,HAM_0006047,bcc,0,0.014499699,0.72476155,0.06263103,0.0041060783,0.036368888,0.01598189,0.14165094
ISIC_0031585,HAM_0004219,bcc,0,0.0054379776,0.9918379,0.002175165,2.4836298e-05,0.00051282224,7.1992936e-06,4.098202e-06
ISIC_0030446,HAM_0003805,bcc,0,0.0013948769,0.6956257,0.11897323,0.04413018,0.0025593934,0.0052153766,0.13210124
ISIC_0031527,HAM_0003805,bcc,0,0.0021687432,0.93966335,0.022880469,0.0022630966,0.0020165825,0.0016273424,0.02938041
ISIC_0030893,HAM_0002467,bcc,0,0.000118289245,0.9760405,0.006306868,0.00063028024,0.005005416,0.003217929,0.008680735
ISIC_0028085,HAM_0000065,bcc,0,5.168911e-05,0.6517984,0.3054451,0.004137513,0.0005004825,0.037708182,0.0003585264
ISIC_0025691,HAM_0000065,bcc,0,0.002091044,0.5566947,0.0063821888,0.024084894,0.011896693,0.3791375,0.01971295
ISIC_0030335,HAM_0004603,bcc,0,1.20037375e-05,0.9418434,0.025654882,1.8905434e-05,0.00075276784,0.031569824,0.00014832756
ISIC_0025793,HAM_0004603,bcc,0,1.7252527e-06,0.9926957,0.00045894535,2.2725659e-05,0.0011000148,0.005696528,2.4309658e-05
ISIC_0026282,HAM_0005309,bcc,0,0.0012022109,0.98351973,0.009753564,3.5655048e-05,0.0017073465,0.0023920895,0.0013893441
ISIC_0027744,HAM_0005309,bcc,0,0.0022373488,0.97488075,0.015569608,1.7216234e-05,0.0023098344,0.0039213407,0.0010639966
ISIC_0031442,HAM_0005982,bcc,0,5.479655e-06,0.97861606,0.01028484,1.4058753e-06,0.006441095,0.004409059,0.00024207073
ISIC_0026766,HAM_0005982,bcc,0,0.31881532,0.035248693,0.17126516,0.018393494,0.42228535,0.032139175,0.0018528557
ISIC_0032415,HAM_0000463,bcc,0,0.00012907534,0.96706736,0.026553245,0.00031141785,0.00197184,0.0027141904,0.0012528626
ISIC_0030177,HAM_0000463,bcc,0,4.321438e-05,0.984395,0.0011518993,5.3699696e-06,0.0003362849,0.0008401973,0.013227894
ISIC_0026324,HAM_0005058,bcc,0,0.0029677963,0.99437463,0.00071825535,0.0014795748,0.00023952006,5.4478136e-05,0.00016564163
ISIC_0025700,HAM_0005058,bcc,0,0.058146305,0.7758764,0.1480104,0.003812298,0.011242972,0.002287957,0.0006236931
ISIC_0024885,HAM_0005243,bcc,0,0.0003231236,0.99879515,0.00047720675,4.9004833e-05,8.841254e-06,0.0003382917,8.319543e-06
ISIC_0033720,HAM_0005396,bcc,0,0.0030880303,0.8905779,0.03219769,0.00048625894,0.009646079,0.06369169,0.00031238308
ISIC_0034255,HAM_0005396,bcc,0,0.012581394,0.9270062,0.050446905,0.0002812452,0.0054970747,0.0033414161,0.00084578956
ISIC_0032834,HAM_0005396,bcc,0,5.4540138e-05,0.98649967,0.013029943,5.163561e-06,0.00014868505,0.000251268,1.067313e-05
ISIC_0027544,HAM_0000998,bcc,0,0.00025912048,0.9347779,0.064461485,2.353807e-05,0.00017593133,0.00029938086,2.6085831e-06
ISIC_0032652,HAM_0004083,bcc,0,0.00032679003,0.5725022,0.043168463,0.00018371224,0.09166368,0.29025778,0.00189735
ISIC_0033551,HAM_0004083,bcc,0,0.00012618919,0.81768185,0.002365911,0.00017961203,0.01757646,0.1619454,0.00012449242
ISIC_0033571,HAM_0004083,bcc,0,1.8447827e-06,0.9974148,0.00024110901,8.3398646e-07,0.00015746763,0.0021708163,1.3147173e-05
ISIC_0024666,HAM_0005435,bcc,0,0.15534683,0.4215052,0.14679071,0.004215406,0.22022131,0.051657848,0.0002627208
ISIC_0028890,HAM_0005435,bcc,0,0.011620647,0.04851031,0.16263098,0.0011430768,0.66719484,0.1085587,0.00034141706
ISIC_0025752,HAM_0005435,bcc,0,0.29753518,0.05842965,0.13314198,0.014809323,0.45594916,0.039918166,0.00021659049
ISIC_0033372,HAM_0001749,bcc,0,8.796396e-05,0.9010367,0.08216595,3.435263e-05,0.0007674948,0.015596521,0.00031103418
ISIC_0034066,HAM_0001749,bcc,0,0.002686739,0.9783261,0.010807725,0.00029161494,0.00045191584,0.0068732616,0.0005628035
ISIC_0027090,HAM_0001018,bcc,0,0.001353709,0.22889534,0.12745076,0.00020423542,0.3603263,0.28056347,0.0012061662
ISIC_0027814,HAM_0006631,bcc,0,0.17734405,0.80605346,0.0018023609,0.003017444,0.0005719038,0.011044016,0.00016669431
ISIC_0028677,HAM_0001711,bcc,0,0.016302112,0.8068677,0.0019923311,0.0099824695,0.0004349282,0.16423938,0.00018106126
ISIC_0028059,HAM_0004273,bcc,0,0.00013002327,0.9955711,0.00064282934,1.2606355e-05,0.0021723183,0.0012914928,0.000179727
ISIC_0029331,HAM_0002069,bcc,0,0.09373123,0.8722087,0.01599931,0.005381743,0.007979893,0.001293561,0.00340549
ISIC_0027601,HAM_0005842,bcc,0,4.3324893e-05,0.9985593,0.00023131202,3.3009324e-05,7.318805e-06,0.00045213653,0.00067362393
ISIC_0028316,HAM_0001296,bcc,0,0.09847555,0.895383,0.0013031268,0.00038066515,0.0021248597,0.0013045083,0.0010282645
ISIC_0029278,HAM_0002224,bcc,0,0.27387178,0.7135406,0.011243649,0.0004623004,0.00052540976,0.0003163952,3.9870938e-05
ISIC_0030737,HAM_0003119,bcc,0,0.87017554,0.0034963835,0.12402721,0.00017927612,0.0013265251,0.00077437575,2.0613323e-05
ISIC_0026952,HAM_0002167,bcc,0,0.0013260194,0.9980444,0.0006033175,1.3163866e-05,5.8148958e-06,5.420529e-06,1.7959042e-06
ISIC_0028583,HAM_0004880,bcc,0,0.34668216,0.6112914,0.0069092666,0.0003049187,0.033360973,0.0013748418,7.641973e-05
ISIC_0024403,HAM_0003680,bcc,0,0.10630425,0.8535268,0.017859483,0.002884514,0.0065858294,0.012060344,0.0007789019
ISIC_0025975,HAM_0005835,bcc,0,0.0028942681,0.96312714,0.025092956,0.0002900124,0.004706345,0.00358932,0.00029997443
ISIC_0031236,HAM_0002744,bcc,0,0.38330805,0.19894572,0.37518135,0.0019387685,0.018045409,0.022023482,0.00055715407
ISIC_0026156,HAM_0005068,bcc,0,0.0028727376,0.98981655,0.0071970243,4.133088e-05,4.0094314e-05,2.2108929e-05,1.0190606e-05
ISIC_0029974,HAM_0004627,bcc,0,0.6993126,0.19762342,0.019092835,0.0016489223,0.060883075,0.015271018,0.006168102
ISIC_0031597,HAM_0004627,bcc,0,0.0015445059,0.033707455,0.6848539,0.010368675,0.05194444,0.21692018,0.00066077895
ISIC_0026798,HAM_0005536,bcc,0,0.2176915,0.56864893,0.0120701585,0.091026425,0.0011329401,0.10680693,0.002623078
ISIC_0027966,HAM_0005417,bcc,0,1.140001e-05,0.9987835,0.00044220916,1.4739496e-06,8.948478e-05,0.00066575245,6.110103e-06
ISIC_0024448,HAM_0005417,bcc,0,5.407283e-07,0.9999844,2.7650026e-06,5.1414185e-07,1.3010016e-06,9.938496e-06,5.984382e-07
ISIC_0032022,HAM_0005417,bcc,0,1.6624583e-05,0.9999275,1.2587198e-05,5.3849185e-06,8.4272815e-06,2.613292e-05,3.4157013e-06
ISIC_0028815,HAM_0004967,bcc,0,9.803377e-06,0.9998282,8.473729e-05,5.3728886e-06,4.7867557e-06,6.439617e-05,2.7312296e-06
ISIC_0032225,HAM_0001388,bcc,0,0.10905866,0.61603034,0.2358544,0.001172247,0.029578043,0.008032512,0.00027379606
ISIC_0025711,HAM_0005501,bcc,0,0.0032028933,0.9717853,0.019561833,0.00014002156,0.0043019033,0.00035748258,0.00065047026
ISIC_0027046,HAM_0005371,bcc,0,0.00016455079,0.9934729,0.0018035076,1.8214085e-05,0.00045870277,0.004066126,1.6026988e-05
ISIC_0031154,HAM_0005371,bcc,0,0.68070614,0.036372203,0.2165559,0.001149554,0.032334633,0.032093704,0.00078787236
ISIC_0028168,HAM_0005371,bcc,0,0.0286207,0.071884744,0.6217112,0.002777647,0.14427826,0.12811351,0.0026139445
ISIC_0031056,HAM_0007507,bcc,0,0.00023790626,0.9985837,5.342525e-05,0.0001846263,2.3392487e-05,0.0008432515,7.376102e-05
ISIC_0026118,HAM_0007627,bcc,0,0.034105264,0.786979,0.16108978,0.0006076256,0.0017974545,0.015103732,0.00031718338
ISIC_0029820,HAM_0007627,bcc,0,0.07983615,0.1651019,0.74939686,0.002026292,0.0015331516,0.0018999994,0.00020568348
ISIC_0031063,HAM_0003764,bcc,0,5.237965e-05,0.9988423,0.00088163617,6.359119e-06,0.00011485107,8.005008e-05,2.2479513e-05
ISIC_0028877,HAM_0003764,bcc,0,0.0012595073,0.98674446,0.0061148605,3.3514578e-05,0.0017755802,0.003552883,0.00051920075
ISIC_0030514,HAM_0006872,bcc,0,0.56988245,0.0391085,0.01095641,0.37614468,0.0009500214,0.0020128821,0.0009450875
ISIC_0024345,HAM_0006872,bcc,0,0.23875691,0.21213356,0.038359795,0.49990854,0.0022590857,0.00565117,0.0029309231
ISIC_0031651,HAM_0006631,bcc,0,0.19894724,0.73769426,0.008892052,0.0028251566,0.0045425817,0.04596915,0.0011295788
ISIC_0030868,HAM_0001693,bcc,0,0.03529528,0.8706075,0.0541635,0.01428678,0.0049308524,0.020431638,0.0002844687
ISIC_0026995,HAM_0001693,bcc,0,0.0021390263,0.80387634,0.029785624,0.0035801048,0.005226946,0.1551869,0.00020508641
ISIC_0030094,HAM_0003101,bcc,0,0.00022550627,0.9851725,0.0012475922,4.0695024e-05,4.8771617e-05,0.00089116726,0.012373659
ISIC_0029220,HAM_0002258,bcc,0,0.0027164177,0.98916596,0.0067427177,2.5251371e-05,0.0007250172,0.00052774686,9.68043e-05
ISIC_0031986,HAM_0000658,bcc,0,0.9902002,0.004089518,0.0045332722,0.00016411135,0.0009827684,2.3272456e-05,6.7766637e-06
ISIC_0026829,HAM_0007497,bcc,0,0.01730989,0.44680065,0.3044947,0.0010982784,0.06438934,0.16335768,0.0025494595
ISIC_0032222,HAM_0001415,bcc,0,0.056617618,0.68388915,0.2278468,0.0012832347,0.011690204,0.017937714,0.0007352746
ISIC_0025019,HAM_0001415,bcc,0,0.014435098,0.95256484,0.018325327,0.001072953,0.006411327,0.0069744918,0.00021587338
ISIC_0032318,HAM_0006444,bcc,0,0.022547962,0.6961254,0.0026772823,0.016537223,0.26125544,0.00052650983,0.00033018162
ISIC_0032115,HAM_0000701,nv,0,1.7637105e-05,1.7235954e-05,3.5603916e-05,0.00012229379,7.889475e-05,0.99964,8.8297034e-05
ISIC_0025251,HAM_0000956,nv,0,0.000699786,0.0008562199,0.013113602,0.0006148229,0.0045859464,0.9787571,0.0013726335
ISIC_0031282,HAM_0003042,nv,0,0.00041103468,0.00034588372,0.0031594702,0.0036171465,0.0055749915,0.9853226,0.0015688167
ISIC_0026583,HAM_0007329,nv,0,0.0003424623,0.00015094345,0.00022337842,0.00020589933,0.0007046385,0.9982274,0.00014539476
ISIC_0025457,HAM_0002108,nv,0,0.0031763364,0.0053755837,0.006953428,0.0028847612,0.0062923646,0.97291595,0.0024015398
ISIC_0029594,HAM_0003227,nv,0,0.0015985296,0.0020826785,0.0030060152,0.0012555614,0.0029333807,0.9855269,0.0035969557
ISIC_0024968,HAM_0000128,nv,0,0.00018710642,0.00013810079,0.00030238525,0.0010886143,0.00084507087,0.9972217,0.0002170048
ISIC_0024828,HAM_0001587,nv,0,5.04821e-05,0.00024881618,0.00045293287,0.00034599187,8.5814405e-05,0.99772185,0.0010941405
ISIC_0027725,HAM_0005775,nv,0,9.511305e-05,5.28791e-05,0.005868696,0.00024432843,0.6431469,0.34941173,0.0011803278
ISIC_0031974,HAM_0000758,nv,0,0.003137113,0.0047282763,0.014410366,0.011120839,0.032705296,0.92679095,0.007107182
ISIC_0029569,HAM_0005853,nv,0,0.00037362854,7.3190604e-05,0.004717764,0.012282488,0.0036403246,0.97866184,0.00025083814
ISIC_0030072,HAM_0005384,nv,0,0.00064241816,0.0007334445,0.00037656122,0.0010743377,0.0011181833,0.9943228,0.0017322098
ISIC_0024872,HAM_0005823,nv,0,0.00059864426,0.014911919,0.0073189475,0.001203072,0.018660953,0.95691097,0.00039540997
ISIC_0031935,HAM_0001270,nv,0,0.0017496649,0.0018365214,0.03387954,0.0014528054,0.009977804,0.94879115,0.0023125627
ISIC_0028185,HAM_0005252,nv,0,0.004392862,0.0137154255,0.020661986,0.022094091,0.012519148,0.92214507,0.004471426
ISIC_0028879,HAM_0005858,nv,0,6.664408e-05,0.00028291217,0.006697464,0.00010020953,0.00021346941,0.99239665,0.0002426872
ISIC_0029540,HAM_0003516,nv,0,7.033115e-05,0.026879637,0.003938164,0.00014178087,0.0022460984,0.9662901,0.00043380787
ISIC_0028924,HAM_0001149,nv,0,5.8873124e-05,0.00020045161,0.00015455483,8.1258004e-05,0.0006273587,0.9985989,0.00027854063
ISIC_0032016,HAM_0007551,nv,0,0.0006416628,0.0030598757,0.02382933,0.0004497882,0.0019179501,0.9692263,0.0008750565
ISIC_0030523,HAM_0006362,nv,0,0.00064544776,0.0022052184,0.002116396,0.0020693424,0.002768777,0.98854095,0.0016538722
ISIC_0029637,HAM_0001807,nv,0,0.00013183556,5.3412266e-05,0.00043555844,0.00023321556,0.001936286,0.9967494,0.00046024172
ISIC_0025143,HAM_0000561,nv,0,0.0008974977,0.0007572847,0.0018870137,0.001906236,0.0085496325,0.98415434,0.0018479653
ISIC_0029829,HAM_0006992,nv,0,0.00010600101,0.0003435923,0.00032108134,0.00023109841,0.00024631593,0.9980749,0.0006770291
ISIC_0032169,HAM_0005044,nv,0,0.00018647852,0.00046476867,0.0017925957,0.0008672591,0.0007017035,0.9939965,0.0019907467
ISIC_0029373,HAM_0003671,nv,0,3.516317e-05,3.7790942e-05,7.076611e-05,6.285196e-05,0.0005651525,0.999164,6.4344356e-05
ISIC_0024357,HAM_0005676,nv,0,0.00075527496,0.00014495119,0.0019500591,0.00016618276,0.0017380172,0.99517244,7.305667e-05
ISIC_0032387,HAM_0005867,nv,0,0.004471121,0.0005354644,0.084988534,0.0012858979,0.101225294,0.8050936,0.0024001235
ISIC_0025206,HAM_0004395,nv,0,0.0003804433,0.0063924924,0.4935198,0.0006458842,0.008821785,0.48189336,0.008346232
ISIC_0029496,HAM_0001448,nv,0,0.00022945752,0.0003597937,0.0010489218,0.00027300208,0.00058745604,0.99686027,0.0006410546
ISIC_0031331,HAM_0004419,nv,0,0.00016810342,6.512451e-05,0.0012603857,0.00017194157,0.0023817196,0.9956086,0.0003440618
ISIC_0026557,HAM_0000598,nv,0,0.00049753056,0.0014937557,0.0059607266,0.001020445,0.0021440438,0.98783654,0.0010468521
ISIC_0030669,HAM_0007244,nv,0,0.00054891023,0.0024295722,0.0024152007,0.0011181468,0.038033944,0.95350975,0.0019445429
ISIC_0030050,HAM_0001662,nv,0,0.0002711254,0.00026666783,0.007697004,0.00025130998,0.0011255576,0.98996335,0.00042482372
ISIC_0024365,HAM_0001534,nv,0,0.00012003695,0.00013328441,0.01847669,0.00025296365,0.0008610103,0.9785058,0.0016501313
ISIC_0029966,HAM_0003064,nv,0,0.00095464784,0.0061720703,0.028525949,0.0024133816,0.017759789,0.93924946,0.0049246745
ISIC_0031106,HAM_0004100,nv,0,6.812147e-05,0.0001320597,0.019192591,0.005542924,0.0056123203,0.96473867,0.004713314
ISIC_0028395,HAM_0006001,nv,0,0.00095965195,0.00044892082,0.013608884,0.00090399466,0.0016528842,0.9818555,0.0005703185
ISIC_0027316,HAM_0004437,nv,0,7.379654e-05,4.6600588e-05,0.00087821134,0.00013514905,0.0027086707,0.99579513,0.0003624099
ISIC_0032153,HAM_0001627,nv,0,0.0005930745,0.0004699709,0.0034062536,0.0018203175,0.006409115,0.98635536,0.00094591087
ISIC_0028682,HAM_0002651,nv,0,0.00014726611,0.0005729017,0.004004949,0.000662339,0.016077964,0.977844,0.00069055625
ISIC_0029112,HAM_0003883,nv,0,0.00014067287,0.0017713236,0.00011648696,0.00026169157,0.0010681663,0.9964457,0.00019600577
ISIC_0029258,HAM_0002786,nv,0,0.0008887955,0.0011611906,0.016030315,0.0045988015,0.0035131024,0.96661437,0.0071935127
ISIC_0032100,HAM_0000101,nv,0,0.00016307378,0.000614249,0.0012554304,0.000976726,0.00023087494,0.99565965,0.0010999552
ISIC_0030214,HAM_0006216,nv,0,0.0025736573,0.0019986744,0.0062764958,0.0041143503,0.019438857,0.9605864,0.0050115637
ISIC_0028282,HAM_0002624,nv,0,0.00019621025,0.00076311256,0.004322669,4.3925214e-05,0.0017941153,0.9928311,4.8858998e-05
ISIC_0026435,HAM_0006532,nv,0,0.0002463907,0.00013198951,0.00039099815,0.00024540533,0.002224644,0.99634343,0.00041722227
ISIC_0029943,HAM_0002632,nv,0,0.0008681899,0.0004202218,0.0033942647,0.002584153,0.024489312,0.96746004,0.0007837076
ISIC_0028848,HAM_0004828,nv,0,0.00029431787,0.005348173,0.012738709,0.0006014669,0.03428291,0.94408566,0.002648813
ISIC_0031704,HAM_0002918,nv,0,0.0031562108,0.0013685474,0.0093663875,0.014672825,0.019257676,0.9384645,0.013713885
ISIC_0025930,HAM_0000154,nv,0,0.004676488,0.0040826104,0.0043919953,0.003772639,0.029079776,0.9480064,0.005990096
ISIC_0031234,HAM_0006177,nv,0,0.00111073,0.0015825703,0.007438592,0.004191375,0.0026509892,0.9818802,0.0011454851
ISIC_0025056,HAM_0007155,nv,0,0.0012067745,0.0023075438,0.0046607754,0.005009676,0.0018148272,0.9818974,0.003102918
ISIC_0032011,HAM_0002433,nv,0,0.00042067494,0.0003753551,0.0038794442,0.0007415373,0.0008989728,0.99192095,0.0017630685
ISIC_0030540,HAM_0000529,nv,0,0.00477917,0.0037012096,0.044484273,0.0022352336,0.002402366,0.9386422,0.0037555085
ISIC_0031151,HAM_0003438,nv,0,0.00044978253,0.0006225593,0.0014242855,0.00082183507,0.00231378,0.9940153,0.00035238123
ISIC_0029184,HAM_0005454,nv,0,0.0007246991,0.00039913264,0.0025718699,0.0009944174,0.005914878,0.98831,0.0010850512
ISIC_0030308,HAM_0006250,nv,0,0.00030017464,0.0002774944,0.018833896,0.00015573969,0.0051317946,0.97509253,0.00020832485
ISIC_0032366,HAM_0004046,nv,0,0.00010441368,0.0004875977,0.0015893953,0.0010790133,0.010663533,0.98315156,0.0029245112
ISIC_0028827,HAM_0001816,nv,0,7.0456554e-05,3.253616e-05,0.0002926705,0.00027203045,0.0017926712,0.99735236,0.00018723287
ISIC_0025558,HAM_0004933,nv,0,0.0001801694,0.00069100846,0.0019473351,0.0036887415,0.0020506792,0.99057895,0.00086306356
ISIC_0028768,HAM_0000148,nv,0,0.0007193447,0.001763147,0.002713246,0.0009075691,0.004027217,0.98820055,0.001668994
ISIC_0026383,HAM_0004039,nv,0,0.0037936976,0.0016039354,0.08441408,0.0042631687,0.011517683,0.8932735,0.0011339571
ISIC_0025794,HAM_0001810,nv,0,0.00011647171,0.00016297074,0.0004122879,0.00032553935,0.0013122328,0.9971813,0.00048920326
ISIC_0028805,HAM_0006166,nv,0,0.00042786018,0.0031089194,0.0025194485,0.00091936125,0.0010684629,0.99075973,0.0011961908
ISIC_0028462,HAM_0004702,nv,0,0.000122013145,0.0001006153,0.0011995386,0.00015076617,0.00053050177,0.99758947,0.00030708374
ISIC_0031422,HAM_0003375,nv,0,0.016189355,0.002302959,0.21049361,0.005407863,0.06662094,0.6964197,0.002565552
ISIC_0029784,HAM_0005563,nv,0,0.0017708569,0.033799414,0.008271858,0.014323471,0.0010364213,0.9351084,0.005689499
ISIC_0026700,HAM_0006901,nv,0,0.0002997569,0.0001882074,0.0035337298,0.00010068656,0.0045350646,0.99007285,0.0012696823
ISIC_0031319,HAM_0002845,nv,0,0.00055924396,0.00067290926,0.0025491093,0.00071464304,0.0031539872,0.9918184,0.00053177925
ISIC_0029385,HAM_0005187,nv,0,0.0024729464,0.00032902395,0.0064990837,0.0013600155,0.085267626,0.90341747,0.0006538875
ISIC_0024464,HAM_0005604,nv,0,0.0004851013,0.0001779022,0.0015747867,0.00041287634,0.027174408,0.96858716,0.0015877663
ISIC_0031237,HAM_0001978,nv,0,0.00048665155,0.00048173408,0.0012730084,0.0017876585,0.008349621,0.98594564,0.0016755513
ISIC_0024788,HAM_0001121,nv,0,0.0005476227,0.00044324473,0.004650149,0.0029301913,0.0027014893,0.98684585,0.0018813986
ISIC_0028975,HAM_0004819,nv,0,0.00040061268,0.0004876988,0.0007298681,0.0005986522,0.0006963059,0.99617684,0.00090999063
ISIC_0026185,HAM_0001897,nv,0,0.00020839645,5.4999193e-05,0.002510611,0.00045251157,0.031952173,0.9645933,0.00022805556
ISIC_0030041,HAM_0000925,nv,0,0.0010608835,0.0015647952,0.0015000588,0.01006557,0.00031083493,0.9847168,0.0007810978
ISIC_0026936,HAM_0000574,nv,0,0.00097631605,0.003915716,0.012827572,0.00069881947,0.005655352,0.9698425,0.00608378
ISIC_0025120,HAM_0000551,nv,0,0.00035404053,7.975312e-05,0.099538974,0.015859403,0.2512192,0.6327001,0.0002485046
ISIC_0027220,HAM_0005797,nv,0,0.00320087,0.0033571776,0.018012974,0.014085722,0.017079057,0.9379549,0.0063092858
ISIC_0029675,HAM_0001314,nv,0,0.0001766298,0.0005129696,0.0004952543,0.00069451105,0.0011585897,0.9965689,0.00039314805
ISIC_0029604,HAM_0001804,nv,0,0.001161646,0.0012944695,0.0026283336,0.0021521824,0.119163424,0.8595616,0.014038262
ISIC_0031771,HAM_0001582,nv,0,0.000236984,0.0003057631,0.10373937,0.027686602,0.0060795094,0.8608882,0.001063603
ISIC_0025274,HAM_0001504,nv,0,0.002897879,0.005231689,0.015310305,0.000841037,0.041886255,0.9320426,0.0017902444
ISIC_0030120,HAM_0000729,nv,0,0.005717045,0.011811194,0.013376192,0.0031819846,0.0043730033,0.95913994,0.002400623
ISIC_0026057,HAM_0000038,nv,0,0.00014917257,0.00032515544,0.0002357152,0.000119551514,2.7491265e-05,0.9990734,6.945741e-05
ISIC_0025192,HAM_0004982,nv,0,2.183426e-05,1.9964447e-05,0.00034959495,0.000185522,9.943185e-05,0.99922836,9.535766e-05
ISIC_0027085,HAM_0007026,nv,0,0.0023951584,0.0012503237,0.02976241,0.00049984985,0.0031030125,0.96251005,0.00047930653
ISIC_0031995,HAM_0006649,nv,0,0.00093029666,0.00080705533,0.0064320774,0.0019593078,0.004929748,0.98239523,0.002546351
ISIC_0026168,HAM_0002013,nv,0,0.0011514205,0.00096079084,0.0064243567,0.0006916959,0.0045355423,0.9843529,0.0018831923
ISIC_0028933,HAM_0001572,nv,0,0.0007129181,0.0008937367,0.0061670365,0.001537658,0.004757293,0.98414004,0.0017913241
ISIC_0028613,HAM_0004080,nv,0,0.004152514,0.0020816498,0.0022692287,0.002567941,0.0057671275,0.98055375,0.0026078254
ISIC_0027591,HAM_0001614,nv,0,0.00014080583,4.5076064e-05,0.00015498555,0.0009153445,0.00080925645,0.99786323,7.131562e-05
ISIC_0031699,HAM_0003611,nv,0,5.874788e-05,0.0017857207,0.0005087772,9.667891e-05,0.00088217884,0.99656373,0.00010423359
ISIC_0031213,HAM_0005225,nv,0,0.000100081736,0.000117455274,0.00023516596,0.00027527506,0.0012114944,0.99763656,0.00042385096
ISIC_0026659,HAM_0006641,nv,0,0.00049003115,0.0006564916,0.0050928006,0.0009769497,0.0026265974,0.98879063,0.0013666237
ISIC_0029950,HAM_0000232,nv,0,9.110687e-05,3.658564e-05,0.0006447501,0.00031499314,0.002172865,0.99618584,0.0005539799
ISIC_0025536,HAM_0005035,nv,0,0.000105245614,0.0002884017,0.0014230615,0.00026212813,0.00089948485,0.9967706,0.0002510466
ISIC_0025833,HAM_0003131,nv,0,0.0015680294,0.0010562701,0.0039610956,0.002203243,0.011876785,0.976926,0.0024085136
ISIC_0028819,HAM_0003536,nv,0,0.00045940583,0.00051295385,0.00090998755,0.00031586125,0.002262789,0.99452364,0.001015363
ISIC_0029142,HAM_0000016,nv,0,0.015811875,0.0025766578,0.028711516,0.00091667584,0.04764799,0.90116423,0.0031710786
ISIC_0031021,HAM_0006780,nv,0,6.695073e-05,0.00032763247,0.00016804755,0.0012630875,4.9045775e-05,0.99803513,9.016408e-05
ISIC_0024901,HAM_0001606,nv,0,0.0008134789,0.0010858949,0.004498384,0.0025073276,0.005222043,0.9851614,0.0007114583
ISIC_0029699,HAM_0005241,nv,0,0.00051467156,0.00075037073,0.000532109,0.00089982373,0.000619671,0.99656004,0.00012335635
ISIC_0032288,HAM_0006100,nv,0,0.00029709964,0.0012647893,0.004482327,0.00065533194,0.003175254,0.98945767,0.0006675709
ISIC_0027657,HAM_0004070,nv,0,0.014158378,0.01761645,0.13133235,0.0043762736,0.016295373,0.8086342,0.007586822
ISIC_0026620,HAM_0000435,nv,0,5.6267734e-05,2.2334934e-05,0.00024992682,0.00024013278,0.00053584063,0.99880445,9.092759e-05
ISIC_0024534,HAM_0003207,nv,0,0.0005473298,0.00017380815,0.021839298,0.0017035345,0.013254848,0.96206206,0.000419062
ISIC_0031313,HAM_0004094,nv,0,0.0021803095,0.001195729,0.06647522,0.0027348497,0.0021873456,0.9243791,0.0008475022
ISIC_0026862,HAM_0002211,nv,0,0.00035228423,0.000116258074,0.0016905548,0.0029141302,0.0060594985,0.98872674,0.00014063164
ISIC_0026114,HAM_0006375,nv,0,0.0013834367,0.0004661813,0.008998585,0.0001462752,0.008361287,0.97988063,0.0007635871
ISIC_0030875,HAM_0001544,nv,0,4.2811753e-05,0.00012538822,0.02524081,0.00020381478,0.00048683432,0.9737486,0.00015166595
ISIC_0029266,HAM_0004750,nv,0,0.0020943587,0.0025709977,0.0053384886,0.0048399083,0.0014894147,0.9798315,0.003835326
ISIC_0027938,HAM_0006885,nv,0,0.00028146204,0.0017955848,0.00062731956,0.0005758238,0.0016878643,0.9939476,0.0010843255
ISIC_0026269,HAM_0007205,nv,0,0.00014400885,0.00023702368,0.00048614718,0.0020794626,0.0029235922,0.9932334,0.00089633133
ISIC_0027935,HAM_0005219,nv,0,0.0019154972,0.000963432,0.06329036,0.002498458,0.004410802,0.9256232,0.0012983091
ISIC_0030734,HAM_0004692,nv,0,0.00022685809,0.00014952451,0.0017314969,0.0010048811,0.0007166336,0.995615,0.00055549
ISIC_0027156,HAM_0005172,nv,0,0.38873708,0.0076533747,0.08262186,0.0016204689,0.016892452,0.5019175,0.0005572381
ISIC_0028160,HAM_0006659,nv,0,0.00029857247,0.008986193,0.0074634547,0.00017293172,0.0010068526,0.98072666,0.0013453417
ISIC_0031364,HAM_0000723,nv,0,9.7927754e-05,0.00060217985,0.00940924,0.00062735716,0.17411056,0.81489974,0.00025298676
ISIC_0027869,HAM_0001411,nv,0,0.0012217595,0.003783831,0.12338331,0.0010451509,0.011814109,0.85742307,0.0013288389
ISIC_0030374,HAM_0007095,nv,0,0.0011852253,0.0013631827,0.0034192693,0.003578492,0.0019224305,0.98654455,0.0019869034
ISIC_0029984,HAM_0004523,nv,0,0.0005377921,0.00013166557,0.00438507,0.0006360097,0.012764976,0.9809043,0.0006402254
ISIC_0032166,HAM_0001960,nv,0,0.0027505674,0.006920659,0.0023456302,0.0033938892,0.03365904,0.9466459,0.0042842804
ISIC_0031734,HAM_0000810,nv,0,3.3227647e-05,5.6771012e-05,0.0017231094,0.000100849946,0.0020649175,0.99589694,0.00012427359
ISIC_0029471,HAM_0000205,nv,0,4.8838396e-05,0.0022756138,0.0059674922,0.00021639037,0.00047047355,0.9878243,0.003196736
ISIC_0031504,HAM_0006103,nv,0,0.0008865131,0.035413265,0.042373136,0.0044946037,0.0011631711,0.9146237,0.0010456182
ISIC_0026830,HAM_0006461,nv,0,0.0010848254,0.0053864447,0.02232645,0.013959971,0.010793968,0.6327306,0.31371784
ISIC_0024379,HAM_0003772,nv,0,3.7305358e-06,6.1270907e-06,5.9785252e-05,1.9930916e-05,0.0010014443,0.9988961,1.2976395e-05
ISIC_0031390,HAM_0007544,nv,0,1.8713729e-06,0.0037068597,2.5716945e-05,3.1041123e-05,1.1655951e-05,0.9962095,1.342398e-05
ISIC_0032467,HAM_0003234,nv,0,0.00027664195,0.00014201927,0.00070757867,0.0001553863,0.00066980283,0.9978345,0.0002141333
ISIC_0030239,HAM_0001648,nv,0,7.423537e-05,0.00039571038,0.0004261117,0.00016214218,0.0042041205,0.99444073,0.0002968503
ISIC_0026208,HAM_0007201,nv,0,0.00011325978,0.00025297055,9.145478e-05,0.00083441485,0.0002521134,0.9981102,0.00034561774
ISIC_0024835,HAM_0006357,nv,0,9.362853e-06,8.244038e-05,0.00016086844,0.00010182981,3.4668254e-05,0.99959916,1.155933e-05
ISIC_0024661,HAM_0000743,nv,0,0.0010390298,0.00031125353,0.003129352,0.0006128215,0.0020828948,0.9922225,0.0006021778
ISIC_0032223,HAM_0003059,nv,0,0.00023555843,0.00062508153,0.00048459688,0.00045971878,0.0012597719,0.99635726,0.000578066
ISIC_0030509,HAM_0000027,nv,0,9.4577335e-05,8.699256e-05,0.00010424155,1.9748328e-05,0.00033712655,0.99932563,3.1708423e-05
ISIC_0025806,HAM_0003948,nv,0,0.0004739644,0.0003039427,0.0010477017,0.00054112484,0.008194887,0.98883575,0.0006025819
ISIC_0032188,HAM_0003865,nv,0,0.00031540275,0.0006361038,0.0005791628,0.00017756115,0.0032644263,0.9784514,0.016575975
ISIC_0026173,HAM_0004130,nv,0,6.470305e-05,1.9115314e-05,0.0004872537,0.0025949108,0.0039721373,0.9920155,0.0008463902
ISIC_0031357,HAM_0003289,nv,0,0.00026146497,0.00024658846,0.0005020709,0.00039891314,0.0030856666,0.99492043,0.0005848938
ISIC_0025551,HAM_0003022,nv,0,0.0002072615,0.00023657233,0.00017134866,0.0004460429,0.00021018957,0.99830675,0.00042186998
ISIC_0024585,HAM_0004230,nv,0,0.0012444993,0.0011855921,0.0024383306,0.0016305874,0.002030034,0.98819566,0.0032753577
ISIC_0025527,HAM_0001500,nv,0,0.040745296,0.010866696,0.024182126,0.013882401,0.0521307,0.8478858,0.0103070745
ISIC_0030484,HAM_0007274,nv,0,0.0010623736,0.0006314672,0.005412438,0.0008323421,0.019463113,0.9717771,0.0008211522
ISIC_0032398,HAM_0002555,nv,0,2.6288482e-05,0.004079993,7.5470365e-05,0.00014046734,0.0002283496,0.99301344,0.002435987
ISIC_0025481,HAM_0001909,nv,0,0.0012118685,0.0017747047,0.001911136,0.00045991133,0.001923734,0.991734,0.0009846691
ISIC_0030815,HAM_0000305,nv,0,0.000108890476,4.3877364e-05,0.00047822794,0.0007773062,0.0041668424,0.9940088,0.00041604377
ISIC_0028021,HAM_0002239,nv,0,9.653188e-06,0.00010903485,6.0032195e-05,7.8704674e-05,1.7378936e-05,0.9997017,2.3472723e-05
ISIC_0029312,HAM_0006502,nv,0,0.00015159145,0.0001348623,0.0016571571,0.00029001918,0.00025989514,0.9973471,0.00015942378
ISIC_0026570,HAM_0002728,nv,0,0.00019972335,0.00043811725,0.0006604918,0.00029379834,0.0010525434,0.99687505,0.00048022022
ISIC_0028088,HAM_0001196,nv,0,2.5761532e-05,2.746237e-05,0.0010583438,1.9530107e-05,0.0010653442,0.99746096,0.00034261358
ISIC_0030307,HAM_0003798,nv,0,0.0011515742,0.8394769,0.0034041135,2.802867e-05,0.0006462085,0.15498975,0.00030343092
ISIC_0026832,HAM_0000630,nv,0,0.00036970802,0.00062805,0.0011781253,0.00023628579,0.0007381992,0.99611294,0.0007366788
ISIC_0027553,HAM_0002974,nv,0,0.0043281247,0.0020866634,0.0067442073,0.0009105196,0.001609405,0.982765,0.0015561045
ISIC_0025944,HAM_0005634,nv,0,0.0014288917,0.00038817216,0.0004963145,0.00012984611,0.0066696415,0.99084866,3.8584836e-05
ISIC_0029287,HAM_0000715,nv,0,1.0281184e-05,3.999658e-05,2.946922e-05,2.2950544e-05,0.00032268633,0.99955183,2.2706752e-05
ISIC_0028769,HAM_0004242,nv,0,9.241921e-05,0.00014852801,0.0023252498,0.0015283474,0.00028191015,0.9950896,0.0005340167
ISIC_0027438,HAM_0006808,nv,0,0.001284581,0.0020483108,0.0015474767,0.0013934531,0.0020839896,0.99005604,0.001586088
ISIC_0030896,HAM_0003406,nv,0,0.000224698,0.0010329683,0.00033239296,0.004042235,0.0003806253,0.9842286,0.009758448
ISIC_0032505,HAM_0007077,nv,0,3.628977e-05,0.00013227604,0.00010676069,8.437987e-05,0.000687057,0.99872535,0.00022783718
ISIC_0024395,HAM_0000813,nv,0,4.2041193e-05,0.0001921167,0.00035205123,0.0010170176,0.00044900854,0.9978154,0.0001323596
ISIC_0029088,HAM_0007430,nv,0,8.6481654e-05,2.5539606e-05,0.00081532786,0.0035603433,0.013205661,0.9821437,0.00016304922
ISIC_0027299,HAM_0000475,nv,0,0.00044462728,0.0050278595,0.037327632,0.0007829639,0.0028871326,0.95229924,0.0012305641
ISIC_0027206,HAM_0007158,nv,0,0.0012733537,0.00059351366,0.001806312,0.0008546597,0.006982005,0.98738515,0.0011050313
ISIC_0031675,HAM_0006939,nv,0,0.0005651137,0.002561273,0.0024913056,0.0010770352,0.007715487,0.98515344,0.00043644494
ISIC_0028318,HAM_0001886,nv,0,3.764895e-05,5.4372056e-05,9.1213195e-05,0.000110352616,0.00029542227,0.99921155,0.0001995078
ISIC_0031998,HAM_0002868,nv,0,0.0019575853,0.005009523,0.007823238,0.000977399,0.008208358,0.9721797,0.0038442106
ISIC_0029128,HAM_0001436,nv,0,0.0019919712,0.0018235365,0.0052718217,0.004120815,0.004148454,0.9794592,0.003184064
ISIC_0027617,HAM_0000363,nv,0,0.00013020851,9.0383175e-05,0.00020315728,8.617854e-05,0.0007061439,0.9986929,9.101166e-05
ISIC_0029980,HAM_0000379,nv,0,0.0035129946,0.00070095423,0.0036515484,0.00039041016,0.005979713,0.98515075,0.00061358017
ISIC_0025449,HAM_0004482,nv,0,0.00023036957,0.0025102962,0.00039201876,9.757384e-05,0.0001602756,0.99625933,0.00035014906
ISIC_0030291,HAM_0004983,nv,0,7.1093076e-05,0.0013217299,0.00018960162,6.1575476e-05,0.0002638596,0.9980134,7.863765e-05
ISIC_0026503,HAM_0004148,nv,0,0.00018995727,0.00010334743,0.00034635744,0.00010480925,0.0011170846,0.99791056,0.00022784786
ISIC_0025720,HAM_0004464,nv,0,1.9800736e-05,5.9718106e-05,5.630123e-05,0.0008756034,0.0006999799,0.9972473,0.0010414323
ISIC_0029844,HAM_0002999,nv,0,0.0031038874,0.003161614,0.014774388,0.00441734,0.010330472,0.9573731,0.0068392796
ISIC_0024974,HAM_0006093,nv,0,0.00012817065,0.000103112536,0.00023478748,0.0003018842,0.00031132568,0.99877125,0.0001493955
ISIC_0027230,HAM_0001687,nv,0,0.01650035,0.012122409,0.023101317,0.0063626156,0.0066928295,0.9227742,0.012446353
ISIC_0032084,HAM_0003067,nv,0,0.0010016231,0.0005862073,0.003803361,0.00084883964,0.010759585,0.9810106,0.0019897907
ISIC_0029440,HAM_0000829,nv,0,0.00039008734,0.00093469705,0.0010046314,0.000758609,0.000559395,0.9952774,0.0010751158
ISIC_0031004,HAM_0001408,nv,0,0.0004987412,0.00063118443,0.001010572,0.0003970425,0.002262992,0.9947807,0.0004186274
ISIC_0030373,HAM_0007362,nv,0,3.9587332e-05,0.048374973,0.0049134777,0.000120321514,0.00140596,0.9280098,0.017135954
ISIC_0030468,HAM_0003703,nv,0,0.00014776287,0.0001481752,0.0003139332,0.00027199634,0.0019652634,0.9968546,0.00029821123
ISIC_0025296,HAM_0006862,nv,0,0.00026326283,0.00013013069,0.00066889497,0.00022087053,0.0030277309,0.99492186,0.0007673546
ISIC_0030037,HAM_0002568,nv,0,0.0003884907,0.00013648203,0.0005418223,0.00019730598,0.0011390821,0.997361,0.000235684
ISIC_0024919,HAM_0006349,nv,0,0.002916352,0.0003388704,0.0023308012,0.0008781841,0.02997554,0.96270376,0.0008564175
ISIC_0027214,HAM_0004938,nv,0,0.0016969799,0.0017282184,0.0025219542,0.0023303065,0.0015684384,0.9879474,0.0022066643
ISIC_0028383,HAM_0005556,nv,0,0.013383434,0.0045261886,0.013811219,0.0092737,0.019584414,0.92923856,0.010182569
ISIC_0024307,HAM_0003577,nv,0,0.00010880795,0.00010708426,0.00044038275,0.00027249593,0.00037510437,0.99856085,0.00013531453
ISIC_0027353,HAM_0004471,nv,0,0.0002614973,0.00022699246,0.00040525667,0.00029564966,0.000320293,0.99827707,0.00021329238
ISIC_0027225,HAM_0000405,nv,0,0.0028028048,0.00029008076,0.014807464,0.0019051583,0.036866143,0.9432644,6.390351e-05
ISIC_0028275,HAM_0000991,nv,0,0.00029486898,0.00053404795,0.0005942905,0.0012042981,0.0018848518,0.9941361,0.0013515821
ISIC_0027304,HAM_0005825,nv,0,0.004194038,0.002825957,0.004874118,0.0054711597,0.01802304,0.9574515,0.0071601863
ISIC_0031964,HAM_0007181,nv,0,9.508901e-05,0.00030815363,0.00029864113,0.00017405883,0.002284038,0.9966337,0.00020632205
ISIC_0030409,HAM_0001181,nv,0,0.0027524955,0.0005197958,0.0008629336,0.0010684539,0.0035584217,0.9908332,0.000404635
ISIC_0027232,HAM_0003708,nv,0,0.0010004247,0.0017421237,0.69666517,0.0012181374,0.008924515,0.28812116,0.0023284107
ISIC_0026683,HAM_0006731,nv,0,0.00054124754,0.000764828,0.001228332,0.0011320486,0.0013684523,0.9922651,0.0027000029
ISIC_0031089,HAM_0003467,nv,0,0.00027382057,0.00033012845,0.00068568176,0.00038432353,0.0020585437,0.9956281,0.0006394092
ISIC_0029009,HAM_0001705,nv,0,0.0014557613,0.00043486207,0.0016850318,0.0010766981,0.0050633266,0.98945564,0.0008286775
ISIC_0026505,HAM_0003047,nv,0,0.0012281406,0.00058668526,0.0013582789,0.0011836435,0.008033488,0.9867004,0.0009092983
ISIC_0025290,HAM_0001340,nv,0,0.00021250876,0.00044225925,0.00095117005,0.0005416235,0.01864812,0.97859573,0.0006085761
ISIC_0028911,HAM_0006058,nv,0,0.00042901476,0.0003278555,0.00031271752,0.0010351576,0.0010323887,0.9965205,0.00034237702
ISIC_0030764,HAM_0001074,nv,0,0.00038123722,0.0034029097,0.000416564,0.0042373487,0.00042857561,0.99057394,0.0005594229
ISIC_0030718,HAM_0005373,nv,0,7.5181066e-05,0.00014367064,0.00025372836,0.00026454174,0.00025671875,0.9988115,0.00019459668
ISIC_0030897,HAM_0007213,nv,0,0.00031588716,0.00029799208,0.0013186873,7.0034555e-05,0.0021475758,0.99568427,0.00016557325
ISIC_0030837,HAM_0007531,nv,0,0.00019053981,0.010381307,0.0034501052,0.0028569691,3.537685e-05,0.9824552,0.00063046085
ISIC_0029510,HAM_0001364,nv,0,0.011518421,0.016986959,0.05423927,0.0026862817,0.0021534269,0.904824,0.0075917104
ISIC_0030220,HAM_0004810,nv,0,0.00066177454,0.0027292569,0.0029502718,0.007192684,0.0026502924,0.9828582,0.000957519
ISIC_0028192,HAM_0006656,nv,0,0.006851597,0.0027833278,0.009577846,0.00073194015,0.03640156,0.94046414,0.0031896483
ISIC_0029364,HAM_0002635,nv,0,0.0006045509,0.0005218099,0.00091642916,0.0012216456,0.0010436531,0.9932033,0.0024886339
ISIC_0028927,HAM_0000680,nv,0,0.00575562,0.0014159663,0.019991742,0.0049715447,0.019342897,0.9466095,0.001912726
ISIC_0029006,HAM_0001054,nv,0,7.7247816e-05,0.00035429266,0.00040286954,0.00011440411,0.00083764514,0.9972939,0.000919707
ISIC_0024588,HAM_0006931,nv,0,0.00032135955,0.00010659721,0.0016881321,0.00013262796,0.0024286623,0.9947929,0.000529726
ISIC_0031423,HAM_0002982,nv,0,0.0001359488,0.00017264207,0.00013055891,0.0002564389,0.0007524508,0.9980882,0.00046381977
ISIC_0032054,HAM_0005350,nv,0,0.0010866794,0.00034321597,0.0010696896,0.004615671,0.010156922,0.9820464,0.00068140775
ISIC_0030295,HAM_0007404,nv,0,8.131623e-05,0.0006537109,8.76916e-05,0.0006153427,0.00024460666,0.99784875,0.0004685365
ISIC_0030342,HAM_0006508,nv,0,0.000103110084,8.4434876e-05,0.00066234614,0.000112867354,0.0026114918,0.99615544,0.00027032616
ISIC_0031801,HAM_0000990,nv,0,0.00047719225,0.00031023403,0.0005647139,0.0010291312,0.0020518675,0.99474055,0.0008263681
ISIC_0025884,HAM_0001999,nv,0,0.00014403302,0.00034997056,0.0022877778,0.0003988397,0.0021184664,0.9941147,0.0005862141
ISIC_0032479,HAM_0006500,nv,0,0.00014282054,0.00029390486,0.0017950136,0.00023482674,0.0072770226,0.98977226,0.00048416006
ISIC_0024990,HAM_0005430,nv,0,1.0717606e-05,9.021652e-06,5.4668675e-05,9.048134e-05,5.142395e-05,0.9997547,2.898532e-05
ISIC_0026536,HAM_0006480,nv,0,0.0016102821,0.0007710018,0.0013750814,0.0009914717,0.0030918845,0.99099004,0.0011702116
ISIC_0026065,HAM_0004554,nv,0,0.0005259762,0.0033644342,0.002614084,0.00016481045,0.0005130352,0.99233973,0.00047789322
ISIC_0028157,HAM_0004865,nv,0,0.0005808885,0.00020311191,0.00093073567,0.0006677424,0.0029155544,0.9941514,0.0005506013
ISIC_0026597,HAM_0002339,nv,0,0.0014279657,0.002715397,0.0023270142,0.00040484883,0.00070616964,0.9915172,0.0009015308
ISIC_0024311,HAM_0000981,nv,0,0.001689718,0.0008665327,0.006421779,0.0007631242,0.0049583833,0.9837393,0.0015611666
ISIC_0031128,HAM_0004287,nv,0,0.0031950537,0.0029354456,0.13274248,0.0018795473,0.011757147,0.8470043,0.00048597794
ISIC_0029378,HAM_0006620,nv,0,0.0010893362,0.00083667407,0.0019582883,0.0004761371,0.013525996,0.9816087,0.0005048228
ISIC_0029225,HAM_0003226,nv,0,0.0026444541,0.0027936436,0.0027060546,0.002470785,0.0024633326,0.98326045,0.0036612654
ISIC_0031870,HAM_0003028,nv,0,2.7544611e-05,0.00011000405,7.214668e-05,0.00013367938,0.00020475674,0.99938285,6.9039765e-05
ISIC_0027500,HAM_0006082,nv,0,0.0012713682,0.03838572,0.0031290795,0.0010861602,0.002180289,0.9511136,0.002833822
ISIC_0026762,HAM_0002056,nv,0,0.0002175899,0.0020351603,0.00455494,0.00066541054,0.0011418408,0.9857808,0.00560439
ISIC_0025332,HAM_0001261,nv,0,4.585979e-05,0.000186399,0.00010227468,0.00023268655,0.0005733086,0.99857974,0.00027967797
ISIC_0030612,HAM_0000467,nv,0,4.865902e-06,3.3421766e-05,8.025551e-05,1.2021272e-05,0.0007390942,0.99910563,2.4646532e-05
ISIC_0028997,HAM_0001163,nv,0,0.0055569345,0.010165788,0.005834168,0.00066507445,0.0005015864,0.9710561,0.006220362
ISIC_0030855,HAM_0007610,nv,0,0.0014626295,0.0019058437,0.0018573583,0.00019921204,0.00045676803,0.9936178,0.00050042756
ISIC_0024950,HAM_0006493,nv,0,4.7516e-05,0.0003777986,0.00063625316,8.765657e-05,0.00024399094,0.9982876,0.00031907597
ISIC_0027434,HAM_0001668,nv,0,0.00021961133,0.00013226176,0.0006481807,0.00036267974,0.009601551,0.9886141,0.00042174023
ISIC_0026550,HAM_0004672,nv,0,0.0041505545,0.007829943,0.0057159266,0.0020608138,0.105977915,0.87247914,0.0017857322
ISIC_0026143,HAM_0002776,nv,0,4.470989e-05,0.00049515185,0.00033512822,0.000319021,9.111115e-05,0.99842596,0.00028900907
ISIC_0027660,HAM_0000171,nv,0,2.3524717e-05,3.6025936e-05,6.9346774e-05,6.3540545e-05,0.00030788724,0.9993616,0.00013818163
ISIC_0026165,HAM_0005950,nv,0,1.7071603e-05,0.0009040629,3.5990724e-05,0.0005173267,5.021046e-05,0.9979346,0.00054068636
ISIC_0028324,HAM_0006710,nv,0,0.00023242779,0.000310742,0.0002480002,0.0003433804,0.0005188107,0.99798125,0.00036546483
ISIC_0027366,HAM_0005839,nv,0,0.0048590824,0.0025119649,0.0047912076,0.0039910437,0.019985002,0.9595872,0.004274497
ISIC_0024388,HAM_0002667,nv,0,0.0011814684,0.000630224,0.0067198067,0.0003569252,0.0012033485,0.9897306,0.00017759527
ISIC_0032469,HAM_0002892,nv,0,4.841853e-06,7.6466466e-05,0.00065708713,0.00036340448,4.898366e-06,0.99887663,1.6691754e-05
ISIC_0027273,HAM_0004606,nv,0,0.0019334247,0.0010841746,0.008801522,0.00085869076,0.008098863,0.9783886,0.0008346746
ISIC_0031861,HAM_0000033,nv,0,0.00094686873,0.0005434074,0.002727999,0.002709467,0.0035288155,0.9885804,0.0009630785
ISIC_0028245,HAM_0006067,nv,0,4.2342628e-05,0.0014298852,0.00014213152,0.00028151838,0.00020799221,0.98820376,0.009692325
ISIC_0032117,HAM_0006336,nv,0,4.888024e-05,0.00012163896,0.0010954196,0.00025489434,0.00026759587,0.99793136,0.0002802798
ISIC_0025107,HAM_0001887,nv,0,0.0008249431,0.0005975909,0.003319213,0.0017030502,0.0034117117,0.9889416,0.0012019015
ISIC_0031723,HAM_0006818,nv,0,6.952608e-05,0.000117822055,0.00011945763,0.0003192322,0.00058131205,0.99868494,0.00010769674
ISIC_0025408,HAM_0000469,nv,0,0.0021277226,0.0016005946,0.005249534,0.0018186743,0.007929561,0.9789097,0.0023641994
ISIC_0028492,HAM_0004323,nv,0,7.388274e-05,0.00048357347,0.014323622,0.00014864055,0.0021376188,0.98058766,0.0022448506
ISIC_0031669,HAM_0004325,nv,0,0.0033451212,0.002367665,0.009753695,0.016191129,0.009434911,0.9574282,0.0014791684
ISIC_0025307,HAM_0002362,nv,0,0.00045293407,0.00043975466,0.0014785607,0.00014793624,0.003098268,0.9940063,0.00037628078
ISIC_0025369,HAM_0004896,nv,0,0.0011745099,0.00024208888,0.0007753422,0.0014673095,0.001916187,0.9941034,0.0003211751
ISIC_0030379,HAM_0003416,nv,0,0.0020480626,0.0004998721,0.0023773548,0.001981542,0.009296821,0.98165834,0.0021379243
ISIC_0028782,HAM_0000528,nv,0,0.0031588518,0.0006153629,0.0034215758,0.0034893733,0.11591679,0.87183356,0.0015644766
ISIC_0032093,HAM_0004005,nv,0,0.00033772617,0.00023017704,0.0006242095,0.00041354893,0.0029114233,0.99486864,0.0006142695
ISIC_0024737,HAM_0003219,nv,0,0.00158377,0.0012441234,0.0007629583,0.0011434604,0.002374748,0.98970443,0.0031864687
ISIC_0028140,HAM_0002814,nv,0,0.00023622584,0.00052491156,0.00056431256,0.00031799337,0.009326209,0.9885401,0.00049032626
ISIC_0028407,HAM_0001345,nv,0,0.00088228256,9.40459e-05,0.00054501847,0.00019545484,0.017548695,0.9805862,0.00014823263
ISIC_0027193,HAM_0002308,nv,0,0.00082614424,0.00057744276,0.0030928925,0.0018801646,0.0018591835,0.9902293,0.0015348135
ISIC_0031767,HAM_0005899,nv,0,2.8664716e-05,0.0009965107,0.000292348,2.0847321e-05,0.001451311,0.9971269,8.349934e-05
ISIC_0031990,HAM_0004736,nv,0,0.003755015,0.00254465,0.0070792595,0.003344347,0.0057243276,0.97469884,0.0028535905
ISIC_0031382,HAM_0003954,nv,0,4.4910365e-05,6.0046976e-05,0.00014883741,0.0002457788,0.00033039355,0.998949,0.00022106899
ISIC_0026344,HAM_0000221,nv,0,0.0052222996,0.009726422,0.010462343,0.0038621442,0.007769617,0.9585993,0.0043578553
ISIC_0026864,HAM_0000420,nv,0,0.00016129197,0.00026045422,0.0005556817,0.000334018,0.0024870583,0.9957307,0.00047076514
ISIC_0027380,HAM_0005343,nv,0,0.0003607811,0.0001761809,0.001165114,0.00033899216,0.023568086,0.9736791,0.0007116591
ISIC_0032403,HAM_0004032,nv,0,0.0012351304,0.0045599127,0.006429158,0.0042244755,0.0014342042,0.9665445,0.01557263
ISIC_0025920,HAM_0007194,nv,0,0.00021905712,0.0022071395,0.00027345683,0.054138355,0.0006139129,0.9341581,0.008389926
ISIC_0027321,HAM_0006215,nv,0,0.00027513204,0.0031836855,0.0016776994,0.00028746884,0.0014989323,0.9922822,0.00079491205
ISIC_0029868,HAM_0000008,nv,0,0.00057166495,0.00022428628,0.0052232943,0.00033821983,0.017088516,0.9760572,0.0004967621
ISIC_0026685,HAM_0002475,nv,0,2.8174401e-05,6.3328414e-05,0.0018810683,8.606858e-05,0.010231108,0.98766065,4.9528036e-05
ISIC_0029882,HAM_0007440,nv,0,0.00029110597,0.00013316354,0.00083255494,0.00020165688,0.0017793552,0.9962901,0.000472059
ISIC_0031862,HAM_0004446,nv,0,0.000121583886,0.00027708343,0.0035181162,0.00059046,0.00015094175,0.99514884,0.00019298085
ISIC_0030178,HAM_0003533,nv,0,6.420863e-05,3.617189e-05,0.00024824313,9.575063e-05,0.0029915713,0.99640334,0.00016068155
ISIC_0030475,HAM_0006051,nv,0,3.076311e-05,0.00034364182,7.037656e-05,0.00011313699,9.4619056e-05,0.99930024,4.7155634e-05
ISIC_0032464,HAM_0001865,nv,0,0.00022046968,0.00091362145,0.0008010331,0.0009976317,0.0002942764,0.9965364,0.00023658833
ISIC_0029948,HAM_0001988,nv,0,5.7547953e-05,0.0008214316,7.149886e-05,8.985053e-05,4.1594492e-05,0.99882644,9.15866e-05
ISIC_0025586,HAM_0004498,nv,0,0.0006338211,0.0004668993,0.0018834965,0.000634585,0.0028036276,0.9924204,0.0011570624
ISIC_0032062,HAM_0007366,nv,0,6.4489686e-05,2.2663387e-05,0.00043635606,0.000105538624,0.0028399716,0.9963831,0.00014779132
ISIC_0031493,HAM_0007146,nv,0,0.0001767822,0.000373809,0.00040170702,9.043594e-05,0.000279683,0.9984634,0.0002141314
ISIC_0032473,HAM_0004631,nv,0,9.147102e-05,0.00034426776,0.0002704883,0.000716259,0.00026485062,0.99814177,0.00017090976
ISIC_0025624,HAM_0006783,nv,0,1.834041e-05,0.00020834708,0.00012378719,6.041128e-05,6.940185e-05,0.99932575,0.00019395891
ISIC_0026667,HAM_0003660,nv,0,0.000115777715,7.2281655e-05,0.00065689516,0.00021053234,0.0021230683,0.9966388,0.00018271439
ISIC_0026639,HAM_0002410,nv,0,0.000603596,0.000117508374,0.0006277567,0.0018859796,0.017113274,0.97876793,0.00088392437
ISIC_0031979,HAM_0003318,nv,0,0.0031365003,0.0028606898,0.004372787,0.0045229397,0.034385256,0.94619584,0.004525928
ISIC_0026917,HAM_0001898,nv,0,0.001159282,0.0003244256,0.0023820135,0.00036301438,0.018886339,0.9765934,0.00029154355
ISIC_0025207,HAM_0007353,nv,0,0.0007554718,0.00038871577,0.0008243279,0.000601152,0.0034154733,0.9930864,0.0009285237
ISIC_0031627,HAM_0002210,nv,0,7.883492e-05,0.00020866527,0.00020303998,0.00026293373,0.0007117426,0.99834764,0.00018724427
ISIC_0025395,HAM_0000371,nv,0,0.00097048905,0.00082216965,0.0009973983,0.0013896445,0.002927348,0.9916488,0.0012442409
ISIC_0030304,HAM_0000493,nv,0,0.00023312953,0.00026307345,0.0019965125,0.0006536346,0.007149847,0.98957574,0.0001280578
ISIC_0024509,HAM_0002966,nv,0,3.3614757e-05,0.0001172834,3.1319672e-05,1.5264368e-05,2.3663524e-05,0.9997094,6.947188e-05
ISIC_0027483,HAM_0005181,nv,0,0.00033956306,0.00042330765,0.00071958004,0.00053297874,0.0017736215,0.99568236,0.0005286604
ISIC_0032160,HAM_0004874,nv,0,0.0015126783,0.0001224461,0.00090250344,0.002071989,0.0031017582,0.9921022,0.000186471
ISIC_0028788,HAM_0002351,nv,0,0.00070896425,0.001373459,0.0018733755,0.00089276,0.003223447,0.9900163,0.0019115693
ISIC_0030169,HAM_0005240,nv,0,0.00023637738,6.799558e-05,0.0005466293,0.00022807565,0.00030409926,0.99848914,0.00012772465
ISIC_0030779,HAM_0002716,nv,0,0.001490881,0.0013624772,0.027039938,0.0009861388,0.021070514,0.9451863,0.002863694
ISIC_0025962,HAM_0006297,nv,0,0.00013351174,0.0008735593,0.0017882525,0.0014277534,0.0015543737,0.99320424,0.0010182871
ISIC_0030572,HAM_0000809,nv,0,0.00014478409,0.00010397909,0.0012835378,0.0006095225,0.00036706345,0.9973877,0.00010336158
ISIC_0030084,HAM_0004616,nv,0,0.0005517925,0.00045701122,0.0004761024,0.00022228269,0.0004649872,0.9976476,0.0001801919
ISIC_0031324,HAM_0003628,nv,0,0.00024477133,0.00024158026,0.00041605526,0.0001291543,0.0012682998,0.99726224,0.00043790136
ISIC_0031058,HAM_0003180,nv,0,0.0007664433,0.00012426142,0.056019608,0.0009982078,0.021319238,0.920596,0.00017626364
ISIC_0030288,HAM_0003626,nv,0,5.496641e-05,6.539205e-05,0.00012734486,0.00017365722,2.1438089e-05,0.9995147,4.257313e-05
ISIC_0028753,HAM_0001303,nv,0,8.896916e-05,0.00038286642,0.00034067882,8.975465e-05,0.00034835492,0.9985335,0.00021588775
ISIC_0024442,HAM_0001439,nv,0,0.00014079949,0.00039136008,0.00048638685,6.3705134e-05,0.00086902827,0.9972494,0.000799286
ISIC_0027746,HAM_0003450,nv,0,0.00026876637,0.00021595613,0.0008604687,8.02175e-05,0.00023727144,0.9979176,0.00041982692
ISIC_0031155,HAM_0001797,nv,0,0.00056725513,0.00046560584,0.0018200293,0.00030178696,0.022259625,0.97420776,0.0003778815
ISIC_0024847,HAM_0003570,nv,0,0.00040191173,0.00037302988,0.00084883475,0.00060694385,0.013344791,0.98356515,0.00085948413
ISIC_0031129,HAM_0006848,nv,0,0.00026292063,0.0043844813,0.0035731383,0.007822078,0.0006593637,0.98099935,0.0022986305
ISIC_0032127,HAM_0001595,nv,0,0.0007160543,0.00066840166,0.010920107,0.00082682335,0.06271207,0.92271763,0.0014387897
ISIC_0030686,HAM_0001592,nv,0,6.391771e-05,0.00017146683,0.00019199037,0.00016546343,0.00045011094,0.9986791,0.00027793727
ISIC_0025185,HAM_0006971,nv,0,0.0040466613,0.016338978,0.022208929,0.0034430802,0.008499115,0.9415238,0.0039394577
ISIC_0029186,HAM_0006275,nv,0,0.000111633206,1.2017735e-05,0.00017892981,0.000109594046,0.0049272687,0.99463403,2.6565682e-05
ISIC_0027618,HAM_0006518,nv,0,0.00016861777,5.8059733e-05,0.0018051193,0.0008555053,0.00057056034,0.9961979,0.00034420993
ISIC_0028274,HAM_0007597,nv,0,0.00023788953,0.0020025042,0.0015344158,0.0008584384,0.0012838999,0.9935569,0.0005258929
ISIC_0030631,HAM_0000883,nv,0,0.0012199412,0.0017495184,0.002321165,0.0017035397,0.0022737042,0.98982036,0.0009118291
ISIC_0031214,HAM_0002148,nv,0,0.00032365232,0.00021071691,0.00057338364,0.0005228401,0.002338531,0.9952519,0.00077894254
ISIC_0024889,HAM_0000197,nv,0,0.0017149624,0.00041305274,0.0037657784,0.0009427163,0.004790313,0.9879503,0.0004228422
ISIC_0024921,HAM_0005936,nv,0,0.0006536846,0.0018136007,0.012676789,0.00040605915,0.0009929537,0.9827247,0.0007322272
ISIC_0029709,HAM_0003763,nv,0,0.00042730584,0.0010850708,0.00097541104,0.00025967916,0.0001654238,0.99669987,0.0003872132
ISIC_0030474,HAM_0005399,nv,0,0.0005173008,0.0014320889,0.0031666795,0.000397041,0.00071555364,0.99340856,0.00036279266
ISIC_0031280,HAM_0004843,nv,0,0.00013195745,0.00012070517,0.00062930986,0.0004086475,0.00020584243,0.99756914,0.00093444233
ISIC_0026508,HAM_0005807,nv,0,0.00038499996,0.0006805164,0.0010863235,0.00022962973,0.0072180824,0.989592,0.00080839917
ISIC_0024438,HAM_0002251,nv,0,1.4370334e-05,0.00011512983,2.90492e-05,9.940061e-05,1.9208717e-05,0.9996055,0.0001173916
ISIC_0025796,HAM_0002830,nv,0,0.0006712547,0.00011241341,0.0018690561,0.0008678728,0.0083343955,0.9879117,0.00023328613
ISIC_0027694,HAM_0007405,nv,0,0.00058920693,0.00049568166,0.002130886,0.0009760663,0.0013020666,0.99378055,0.0007256072
ISIC_0025537,HAM_0007257,nv,0,0.0097829215,0.0066760415,0.013168209,0.013766474,0.038560625,0.90657157,0.011474135
ISIC_0030149,HAM_0003693,nv,0,9.585847e-06,2.3660576e-05,1.5291764e-05,0.00010237812,8.159672e-05,0.9995677,0.00019977315
ISIC_0028189,HAM_0006849,nv,0,0.00033684715,0.00016847836,0.0007160191,0.00042828437,0.0016262983,0.99627644,0.00044763013
ISIC_0030046,HAM_0001917,nv,0,5.0266808e-05,0.0068697343,0.004188144,9.500986e-05,0.001605619,0.9868362,0.00035497092
ISIC_0027524,HAM_0002026,nv,0,0.00013066905,0.000117177464,0.00023027217,0.000245833,0.0025749754,0.99625504,0.00044597045
ISIC_0031847,HAM_0003431,nv,0,0.00048092534,0.0006653357,0.0014320643,0.0012192315,0.007458698,0.98749566,0.0012480312
ISIC_0026198,HAM_0004729,nv,0,5.012721e-06,0.00011600495,0.00012255453,2.7669454e-05,1.9659603e-06,0.99971825,8.580184e-06
ISIC_0027450,HAM_0004146,nv,0,0.0007621345,0.00025444236,0.0007289642,0.00097180717,0.0043846853,0.99237365,0.00052420015
ISIC_0027586,HAM_0001421,nv,0,0.00074612774,0.0007182321,0.0017945829,0.004294942,0.004191483,0.9861406,0.0021140245
ISIC_0031180,HAM_0002612,nv,0,0.006619246,0.0076936577,0.0129401935,0.008540832,0.0016013847,0.9506092,0.01199558
ISIC_0026616,HAM_0007105,nv,0,0.0057994556,0.01694808,0.008748536,0.004483053,0.004025698,0.9553036,0.00469152
ISIC_0027481,HAM_0004794,nv,0,0.00021293736,0.017420461,0.00048745054,0.00048568397,0.00057552714,0.9787047,0.002113261
ISIC_0027906,HAM_0000185,nv,0,0.00086928386,0.00079019135,0.0030037279,0.00030245766,0.0014015628,0.9934789,0.00015381402
ISIC_0025202,HAM_0007039,nv,0,0.00061772275,0.0012090878,0.0017180769,0.0010659276,0.00081951026,0.9929386,0.0016310604
ISIC_0026386,HAM_0002885,nv,0,0.0034472297,0.0009691442,0.002794009,0.0018093906,0.016543293,0.9720772,0.0023598755
ISIC_0028434,HAM_0000712,nv,0,0.0020410714,0.0019013025,0.0014560603,0.0015794702,0.0026275597,0.988193,0.0022015483
ISIC_0025468,HAM_0001939,nv,0,0.0059243487,0.0030790302,0.01790851,0.0041412236,0.011650564,0.9518096,0.005486814
ISIC_0028569,HAM_0005709,nv,0,3.0092585e-06,7.72682e-06,7.460932e-06,1.088109e-05,0.00013754547,0.9997919,4.153927e-05
ISIC_0026354,HAM_0005288,nv,0,0.0015761092,0.00039459078,0.0013169877,0.0013703095,0.022974107,0.97033983,0.0020281442
ISIC_0025269,HAM_0004155,nv,0,0.004115773,0.0018737107,0.005089836,0.0034377826,0.0065901615,0.9743576,0.004535265
ISIC_0026898,HAM_0005726,nv,0,0.0009535998,0.0010898171,0.0017732567,0.0011301406,0.028045373,0.9654956,0.0015121786
ISIC_0027443,HAM_0000738,nv,0,8.47015e-05,0.000102754726,0.00026369563,0.0003175987,0.0004023741,0.9987123,0.00011656557
ISIC_0027830,HAM_0001516,nv,0,0.00021629056,0.00015831656,0.0002967901,0.0007286807,0.0004540825,0.9976878,0.00045801816
ISIC_0029180,HAM_0005595,nv,0,0.00048111498,0.00029998308,0.0010218258,0.0007978498,0.00040646724,0.9959793,0.0010133205
ISIC_0027396,HAM_0001491,nv,0,3.2227905e-05,0.00011942665,4.6151003e-05,5.6728113e-05,0.00033856256,0.9992918,0.00011512455
ISIC_0027980,HAM_0004144,nv,0,0.00019114027,0.0004259987,0.00017510568,0.0024447585,0.001347025,0.99459475,0.00082118454
ISIC_0027039,HAM_0004035,nv,0,0.00020818444,2.3014081e-05,0.0002832637,0.00015026357,0.0019496288,0.9972619,0.0001236487
ISIC_0024390,HAM_0003645,nv,0,0.0013509247,0.000105730935,0.013588091,0.0003056851,0.003044144,0.9813548,0.0002505953
ISIC_0031307,HAM_0004299,nv,0,0.0002863811,5.02127e-05,0.00075855333,0.00020192267,0.019153483,0.9793347,0.00021467762
ISIC_0024912,HAM_0007613,nv,0,0.0004665566,0.0006071133,0.0018080876,0.0005474913,0.0065697962,0.98831046,0.0016905419
ISIC_0031772,HAM_0006282,nv,0,0.00011152215,0.000117634714,0.00037190202,0.00013098992,0.00095030706,0.9980988,0.0002187664
ISIC_0029151,HAM_0004755,nv,0,0.0018141408,0.0016048931,0.003077882,0.0034704756,0.012525649,0.9725878,0.00491915
ISIC_0029807,HAM_0002380,nv,0,0.001986131,0.0011630553,0.009332623,0.0016418446,0.216014,0.76916647,0.0006958797
ISIC_0024691,HAM_0001201,nv,0,0.001543603,0.007831975,0.004766659,0.0006969291,0.002534677,0.97875845,0.0038676937
ISIC_0029444,HAM_0001128,nv,0,6.140317e-05,0.02452922,0.0071838805,0.0006756575,0.0016952034,0.88924825,0.076606415
ISIC_0031512,HAM_0003124,nv,0,9.114442e-05,0.0002545689,0.0011565435,0.0014251332,0.00027299047,0.9929289,0.0038707298
ISIC_0025371,HAM_0002272,nv,0,0.0011552819,0.0009929592,0.011914414,0.0044682994,0.004474847,0.9724698,0.004524395
ISIC_0027095,HAM_0000537,nv,0,2.0518928e-06,5.6649988e-06,1.5214361e-05,2.051661e-05,3.090556e-05,0.9997907,0.00013495378
ISIC_0026472,HAM_0004277,nv,0,0.00025849656,7.236821e-05,0.00016221654,0.00043587026,0.00076775305,0.9980387,0.0002645736
ISIC_0028153,HAM_0004294,nv,0,0.0011184159,0.0018565053,0.025102913,0.0016359644,0.2463574,0.72163516,0.002293648
ISIC_0025694,HAM_0007057,nv,0,0.00014099754,0.00038990454,0.00026922903,0.00085185276,0.00051650073,0.9974548,0.0003767465
ISIC_0024391,HAM_0002449,nv,0,0.00034842617,0.061702207,0.0061410177,5.0890267e-05,0.00094918674,0.9300847,0.0007235746
ISIC_0028801,HAM_0003855,nv,0,0.0007596445,0.0035275847,0.0021541351,0.002846041,0.0009970822,0.9886,0.0011154391
ISIC_0031858,HAM_0005192,nv,0,0.005411791,0.006257282,0.0025714156,0.010703091,0.0018418153,0.97054404,0.0026706308
ISIC_0031568,HAM_0001380,nv,0,0.0009817606,0.0009328308,0.0019721189,0.004163227,0.009465603,0.9806158,0.0018686388
ISIC_0027313,HAM_0001108,nv,0,0.0006101387,0.00070968806,0.0016489353,0.0014603978,0.018985618,0.97582257,0.00076262385
ISIC_0026926,HAM_0006313,nv,0,0.0029099039,0.0022855222,0.0043342523,0.0006289923,0.001584609,0.9856818,0.0025749742
ISIC_0026462,HAM_0001845,nv,0,0.0002959252,0.00032165047,0.000489357,0.0012247734,3.4886052e-05,0.99729,0.0003433342
ISIC_0026879,HAM_0002393,nv,0,0.0010406871,0.0014897556,0.0017055058,0.00021650082,0.005484525,0.9897943,0.00026865912
ISIC_0032435,HAM_0002963,nv,0,0.00028976367,5.3314376e-05,0.0006592868,0.00034003847,0.020739496,0.977607,0.00031119346
ISIC_0029437,HAM_0005235,nv,0,0.005826294,0.00089320366,0.022882646,0.0015488786,0.009026158,0.95692843,0.0028943773
ISIC_0031765,HAM_0001489,nv,0,0.00012972139,0.0008863953,0.0006458904,0.00028756025,0.00165945,0.9956108,0.00078021345
ISIC_0024527,HAM_0001278,nv,0,0.0018291582,0.00028577968,0.002042459,0.0011900268,0.0027975899,0.9911562,0.0006987378
ISIC_0030576,HAM_0004414,nv,0,0.00012277758,7.653496e-05,0.00026693338,0.0003605326,0.00033039766,0.9984927,0.0003501242
ISIC_0030234,HAM_0002152,nv,0,0.0010734056,0.0015863564,0.0054091425,0.0011550551,0.0022964259,0.9859489,0.002530726
ISIC_0026925,HAM_0000285,nv,0,0.001980012,0.00055116694,0.0030138,0.0012740025,0.006817788,0.98527414,0.0010890356
ISIC_0027685,HAM_0005120,nv,0,0.0015896684,0.006564237,0.0027614958,0.004686484,0.02149168,0.95778626,0.0051201666
ISIC_0025921,HAM_0007099,nv,0,0.00054747536,0.00074771093,0.0015242323,0.0017362781,0.0009921292,0.9928311,0.0016209794
ISIC_0026793,HAM_0004478,nv,0,5.3820193e-05,7.759641e-05,0.00045682682,0.0045186756,0.0010216985,0.993658,0.00021347571
ISIC_0025841,HAM_0001210,nv,0,0.0003140691,0.0003071406,0.0007660073,0.0029479086,0.03226768,0.9631301,0.0002670686
ISIC_0029896,HAM_0001352,nv,0,0.0015384672,0.0005014641,0.003481316,0.0006392914,0.0689246,0.9231429,0.0017719913
ISIC_0031755,HAM_0003928,nv,0,0.0009245159,0.0021305478,0.0039367275,0.0006609114,0.00072521495,0.9904874,0.0011347046
ISIC_0025098,HAM_0005337,nv,0,0.0016518475,0.0020060572,0.0020637563,0.0015399453,0.0005304619,0.9911833,0.001024666
ISIC_0030052,HAM_0003722,nv,0,0.04386461,0.00037871624,0.051336866,0.13246858,0.0165062,0.7548877,0.0005573637
ISIC_0030433,HAM_0005582,nv,0,0.0010248632,0.0019015709,0.008066307,0.0019479995,0.1498777,0.83505785,0.0021236863
ISIC_0025679,HAM_0003695,nv,0,0.02276848,0.008130321,0.016438095,0.0052911094,0.0018392472,0.9392702,0.006262535
ISIC_0027818,HAM_0006930,nv,0,0.00015893785,0.00047746924,0.0016745537,0.0014284076,0.00049177586,0.9953289,0.0004399551
ISIC_0029646,HAM_0002674,nv,0,0.00053010596,0.00031845344,0.0017155437,0.00052918616,0.004555551,0.99133086,0.0010202734
ISIC_0027817,HAM_0004401,nv,0,0.0011239174,0.0016422097,0.0017206713,0.0006450512,0.0018591858,0.99147636,0.0015325584
ISIC_0030029,HAM_0005437,nv,0,4.4902263e-05,0.00042269484,0.00050339854,4.8535e-05,0.00046076576,0.9984755,4.419988e-05
ISIC_0024628,HAM_0002454,nv,0,6.5999066e-06,0.0024966053,2.2253877e-05,4.5630795e-06,3.4035038e-05,0.9973706,6.537554e-05
ISIC_0031768,HAM_0004312,nv,0,0.00051507185,0.00085229665,0.0008743446,0.00050168316,0.0019896897,0.99419665,0.001070264
ISIC_0026609,HAM_0000162,nv,0,0.0008965618,0.0006983462,0.0019679368,0.0012074593,0.0012738452,0.9932087,0.0007471879
ISIC_0030028,HAM_0004645,nv,0,0.00020571216,0.00053994876,0.00064720487,3.3697466e-05,0.003627652,0.9948939,5.190866e-05
ISIC_0027128,HAM_0004955,nv,0,8.284224e-05,0.00010379019,0.00019197653,0.00022047843,0.0001225848,0.99916923,0.00010922981
ISIC_0027583,HAM_0001925,nv,0,2.3320537e-05,3.3381373e-05,3.2472355e-05,6.136297e-05,4.1143277e-05,0.99977463,3.371156e-05
ISIC_0024638,HAM_0002850,nv,0,0.00034522638,0.00018980696,0.0011776744,0.0005330385,0.011922964,0.98462117,0.0012101204
ISIC_0028676,HAM_0006198,nv,0,3.3452634e-05,0.0010980754,7.895515e-05,0.00014085899,0.00038968708,0.99812955,0.000129407
ISIC_0029565,HAM_0001859,nv,0,0.00010327535,2.0948171e-05,0.00030932698,0.0005049227,0.00731704,0.99157494,0.00016950074
ISIC_0028837,HAM_0005164,nv,0,0.00022759051,0.00021863198,0.0012086348,0.0037504176,0.00045425218,0.9938571,0.0002834369
ISIC_0032033,HAM_0005943,nv,0,0.0047092764,0.0026818616,0.0067388695,0.0014458491,0.0017016245,0.9802002,0.0025222306
ISIC_0025995,HAM_0000914,nv,0,0.001803968,0.0011945101,0.0031546457,0.0005215016,0.0014973587,0.9898915,0.0019364507
ISIC_0031500,HAM_0007486,nv,0,0.0016780335,0.0012963981,0.01668456,0.021649528,0.037362963,0.90828514,0.013043363
ISIC_0024678,HAM_0000011,nv,0,0.0001244648,0.0011475227,0.0008744812,0.00013309847,0.00063109875,0.9929051,0.0041843243
ISIC_0030530,HAM_0001244,nv,0,0.0018350399,0.0018040421,0.002630656,0.0020537197,0.0030665074,0.9859276,0.0026824423
ISIC_0024606,HAM_0006576,nv,0,1.942054e-05,7.411614e-05,9.008376e-05,0.00029669763,5.6072604e-05,0.997416,0.0020476005
ISIC_0028028,HAM_0004509,nv,0,0.0061681857,0.0023389864,0.006736695,0.0030045484,0.0055420594,0.9727137,0.003495848
ISIC_0029468,HAM_0003266,nv,0,0.00034740573,0.00040847962,0.0005655318,0.0008724801,0.0009288596,0.9960763,0.0008008733
ISIC_0031224,HAM_0000753,nv,0,0.0007609506,0.00013540298,0.0040763277,0.00041361988,0.004268206,0.98998535,0.0003602216
ISIC_0027336,HAM_0006943,nv,0,0.00015997223,0.00029379484,0.0003879816,0.00042717188,0.0036093313,0.9942095,0.0009122269
ISIC_0031562,HAM_0001132,nv,0,0.0018551156,0.00051766104,0.005715711,0.0013965832,0.0050360104,0.9844504,0.0010285828
ISIC_0030662,HAM_0006179,nv,0,6.8657296e-06,6.7950896e-05,9.990117e-05,0.0011080843,1.14276745e-05,0.99869365,1.2222387e-05
ISIC_0030531,HAM_0000257,nv,0,0.013313816,0.0052017216,0.027684173,0.002080622,0.02730919,0.9199496,0.004460995
ISIC_0030735,HAM_0004837,nv,0,6.960186e-05,4.315331e-05,0.00082413404,6.514346e-05,0.0012607579,0.99748105,0.0002561285
ISIC_0031083,HAM_0002439,nv,0,0.00036390527,0.0010937981,0.0037622696,0.00042831685,0.005186931,0.9863876,0.0027771522
ISIC_0032381,HAM_0004904,nv,0,0.00044892431,0.00030239372,0.001786424,0.0006046274,0.0054045934,0.99063617,0.00081686495
ISIC_0030860,HAM_0004911,nv,0,8.3769715e-05,2.5682852e-05,0.0004943319,0.00025339652,0.0004955541,0.9985398,0.00010745458
ISIC_0026264,HAM_0004782,nv,0,0.0023801539,0.00016346175,0.006830454,0.0009269408,0.011423721,0.97759527,0.00067991606
ISIC_0030997,HAM_0006825,nv,0,0.0009742836,0.00073681085,0.0055371732,0.00065147405,0.0016174716,0.988257,0.0022257995
ISIC_0028762,HAM_0001080,nv,0,0.0020988744,0.0006769162,0.0024691427,0.002662433,0.014145411,0.97603613,0.0019110979
ISIC_0028948,HAM_0001333,nv,0,0.0006942243,0.00042713172,0.00078994373,0.0008277232,0.0016169623,0.9945703,0.0010736462
ISIC_0032394,HAM_0005667,nv,0,0.0007428508,0.0004514235,0.002005699,0.0019395247,0.0031970511,0.99047345,0.0011900447
ISIC_0030027,HAM_0002860,nv,0,0.00011423603,0.004057835,0.0009302296,0.00058165804,0.0056967875,0.7819742,0.20664506
ISIC_0024401,HAM_0002178,nv,0,0.0003045073,0.00012455798,0.00045688968,0.00040356495,0.0005769081,0.9978447,0.0002888692
ISIC_0024567,HAM_0000628,nv,0,0.00014922574,0.000112543246,0.00024842427,0.00035323112,0.00023715143,0.99869967,0.00019976935
ISIC_0027877,HAM_0007580,nv,0,0.0019320298,0.0005352139,0.0026346012,0.0014691368,0.011395994,0.98085046,0.0011824986
ISIC_0026669,HAM_0000511,nv,0,0.00016232491,0.00034978404,0.00029527623,0.00075609965,0.0005747392,0.9976058,0.0002559852
ISIC_0029700,HAM_0001787,nv,0,1.4355949e-05,9.877752e-06,2.0042635e-05,4.1027e-05,0.00051362824,0.99937564,2.551283e-05
ISIC_0027104,HAM_0000636,nv,0,8.855772e-06,2.4338759e-05,4.1497835e-05,3.368892e-05,0.0002772329,0.9993643,0.00025014085
ISIC_0030651,HAM_0004374,nv,0,0.0003183912,0.00071179564,0.0008298751,0.006003093,9.7222895e-05,0.9914622,0.00057749136
ISIC_0028664,HAM_0002695,nv,0,0.0007129901,0.00044026095,0.0025715826,0.0021839458,0.0048587495,0.9872481,0.0019843036
ISIC_0029988,HAM_0002212,nv,0,0.00066832703,0.0008034298,0.0016585665,0.008039975,0.0010133892,0.9859307,0.0018855904
ISIC_0030676,HAM_0005054,nv,0,9.894562e-05,0.022496376,0.002208384,0.00029414243,0.0005021348,0.9739518,0.00044825906
ISIC_0031790,HAM_0006729,nv,0,4.2852727e-05,6.8550275e-05,9.2120696e-05,0.00023150504,0.0016160927,0.99780124,0.00014766978
ISIC_0029832,HAM_0000325,nv,0,0.0015909317,0.0009196097,0.006257148,0.006403477,0.0035580453,0.98000205,0.0012687134
ISIC_0031868,HAM_0005446,nv,0,0.0009162835,0.0019531494,0.004452106,0.000359363,0.0012361043,0.99086916,0.00021385694
ISIC_0026013,HAM_0004671,nv,0,3.2162636e-05,5.6174216e-05,0.00035728866,0.0002060692,0.0003328693,0.996307,0.0027084094
ISIC_0028530,HAM_0006425,nv,0,4.9190883e-05,9.890298e-05,0.00010780044,0.00015201182,0.00011375772,0.9990233,0.00045511528
ISIC_0028959,HAM_0004974,nv,0,0.00042857314,0.00025074044,0.0006592706,0.00029632568,0.0004906105,0.99756694,0.00030762787
ISIC_0026059,HAM_0006970,nv,0,0.00017925385,0.00025067895,0.000798659,0.0006357914,0.0012357156,0.9960001,0.00089979434
ISIC_0031072,HAM_0003878,nv,0,0.00011018024,0.0010855537,0.0033241324,0.005944816,7.547328e-05,0.9866195,0.0028403357
ISIC_0030805,HAM_0003200,nv,0,8.0393016e-05,7.990803e-05,0.00080895616,0.0077664047,0.0019563562,0.9705207,0.01878729
ISIC_0028844,HAM_0003184,nv,0,0.0015693743,0.0012552916,0.0031543062,0.0041877194,0.0046654693,0.9822333,0.002934523
ISIC_0028547,HAM_0005699,nv,0,0.0058781095,0.0048176367,0.003609212,0.007047105,0.004297802,0.96802896,0.006321091
ISIC_0029777,HAM_0001189,nv,0,0.000112518945,0.0003030101,0.00025570794,0.0010525279,0.00032946782,0.99700063,0.0009461037
ISIC_0028953,HAM_0000660,nv,0,0.0002830384,9.0685375e-05,0.0005897159,0.00033038133,0.0013245422,0.9971284,0.00025321482
ISIC_0031944,HAM_0004162,nv,0,0.0010648019,0.00031514908,0.03430178,0.0007145102,0.00072683266,0.9625155,0.0003615008
ISIC_0031161,HAM_0001195,nv,0,0.0018393256,0.0007609244,0.0082811825,0.0009248856,0.0022419265,0.9844291,0.0015226174
ISIC_0024486,HAM_0002002,nv,0,9.8772995e-05,0.0007969212,0.00013459977,7.53962e-05,0.000965627,0.99781215,0.000116498064
ISIC_0029255,HAM_0007599,nv,0,0.0016089622,0.0007969408,0.0039811907,0.0019435083,0.0019823697,0.9880492,0.0016377252
ISIC_0030347,HAM_0006019,nv,0,0.0011068792,0.0010519194,0.0017428633,0.0011451509,0.0011710861,0.99251395,0.0012680392
ISIC_0030190,HAM_0003956,nv,0,0.0009220829,0.0017788348,0.004032487,0.0006201968,0.001395832,0.99043626,0.00081422826
ISIC_0032418,HAM_0004594,nv,0,0.00030939849,0.00031112265,0.0025819442,0.0014187401,0.005366428,0.9896075,0.00040489482
ISIC_0031139,HAM_0006683,nv,0,6.15235e-05,0.00030145366,0.00095241494,0.00062992366,0.00020663375,0.9969199,0.00092810084
ISIC_0029916,HAM_0001222,nv,0,3.1601565e-05,0.00023824479,0.00039510813,3.0698713e-05,8.6486994e-05,0.99917525,4.253043e-05
ISIC_0024569,HAM_0002046,nv,0,0.00057597324,0.00016845299,0.00737744,0.00023060746,0.0026044308,0.9889346,0.00010851423
ISIC_0032261,HAM_0005025,nv,0,0.0005701728,0.0002872391,0.0018045866,0.00056513364,0.0021813656,0.9937298,0.0008615829
ISIC_0030051,HAM_0003581,nv,0,0.022029215,0.008067342,0.030749243,0.0057483152,0.06478587,0.86176646,0.00685356
ISIC_0025399,HAM_0001992,nv,0,0.008520958,0.021550184,0.0035440782,0.004464814,0.0015580106,0.9558323,0.004529711
ISIC_0028956,HAM_0000786,nv,0,9.784955e-06,5.386552e-05,0.00033059344,3.836529e-05,3.2645865e-05,0.9994542,8.0607795e-05
ISIC_0030739,HAM_0002678,nv,0,5.6379966e-05,0.014297418,5.702671e-05,0.00015560105,5.2953874e-05,0.9852695,0.00011110649
ISIC_0032077,HAM_0004334,nv,0,0.00033159976,0.0017831303,0.00032858524,0.0005477873,0.00014756879,0.9966568,0.00020446068
ISIC_0027414,HAM_0000620,nv,0,0.0001993988,0.00023580961,0.00019442859,0.00041528838,0.00035323846,0.99811625,0.0004855695
ISIC_0027123,HAM_0003780,nv,0,0.0001174979,0.00090489077,0.00015212595,0.00033873648,0.00010092821,0.9935457,0.004840057
ISIC_0025002,HAM_0006023,nv,0,0.00033669695,0.0008501224,0.0008920259,0.0005754825,0.0006605163,0.99605113,0.0006339829
ISIC_0032477,HAM_0000430,nv,0,0.013636481,0.0027227693,0.0035085948,0.007687038,0.0015900973,0.96900505,0.0018499508
ISIC_0027029,HAM_0000838,nv,0,0.002604583,0.10532708,0.0027949945,0.0005643361,0.01238267,0.8758424,0.00048397484
ISIC_0031920,HAM_0005005,nv,0,0.0031298976,0.002191323,0.01784201,0.002493546,0.0019414627,0.9707745,0.0016271798
ISIC_0028700,HAM_0001717,nv,0,0.00074655656,0.001693437,0.0051098806,0.001819259,0.028365048,0.96201915,0.00024667694
ISIC_0031589,HAM_0002947,nv,0,8.476648e-05,0.00028487507,0.00058613386,0.00024454002,0.00016192977,0.9983991,0.00023852741
ISIC_0025961,HAM_0007290,nv,0,0.00027328957,0.00032791324,0.00430748,0.0010163637,0.016745215,0.9769462,0.0003835718
ISIC_0028129,HAM_0005963,nv,0,0.0003635034,0.0005964103,0.0033644377,0.00021201058,0.00073553,0.99242073,0.0023073952
ISIC_0026878,HAM_0007436,nv,0,0.0017938139,0.003006056,0.005608952,0.0022936633,0.0034740444,0.9811856,0.0026378224
ISIC_0025625,HAM_0004497,nv,0,0.0020148584,0.0010821794,0.0009872271,0.0026158749,0.0043646945,0.9881441,0.0007910522
ISIC_0030075,HAM_0003563,nv,0,0.0001339643,5.4030545e-05,0.00037733864,0.000186245,0.0006781985,0.9983107,0.0002595802
ISIC_0031347,HAM_0003494,nv,0,0.0007503599,0.0007268155,0.0012759063,0.0010181468,0.0138764195,0.98009276,0.0022595746
ISIC_0032119,HAM_0000874,nv,0,0.000105597814,0.000564799,0.0003182744,4.7271595e-05,0.00037468984,0.9984995,8.989078e-05
ISIC_0029509,HAM_0001826,nv,0,0.0006902305,0.0013918541,0.0061321445,0.0018717633,0.0019750379,0.98579234,0.0021465654
ISIC_0031815,HAM_0002760,nv,0,0.0003592271,0.00032239192,0.0011365319,0.0005949949,0.0013320945,0.99579924,0.00045552655
ISIC_0030728,HAM_0006842,nv,0,3.0264879e-05,0.00067407696,0.0002766591,4.9268598e-05,0.00011858947,0.997334,0.0015171797
ISIC_0027690,HAM_0004999,nv,0,0.0003829294,0.00050716556,0.0071609747,0.00015757892,0.0021757944,0.9889348,0.00068070693
ISIC_0029333,HAM_0001946,nv,0,0.00043412775,0.0001623068,0.0007832523,0.0001728154,0.016185129,0.9820373,0.00022515873
ISIC_0030726,HAM_0002255,nv,0,0.003310098,0.0017911626,0.03935743,0.0039904816,0.00241318,0.9476408,0.0014968823
ISIC_0030270,HAM_0002029,nv,0,0.010720285,0.025830235,0.012946748,0.0137769645,0.005300568,0.9116492,0.019775935
ISIC_0025349,HAM_0006139,nv,0,0.00023354896,0.0053569567,0.0004837293,0.0009336935,0.00020963865,0.99184227,0.00094011874
ISIC_0025888,HAM_0000584,nv,0,0.00021291593,0.0002645744,0.000965979,0.0006983309,0.004022637,0.9924096,0.0014260276
ISIC_0029105,HAM_0005047,nv,0,0.002888694,0.007285387,0.0043036966,0.0011176802,0.002409064,0.9778079,0.0041875793
ISIC_0032296,HAM_0006151,nv,0,0.0004878152,0.0012292197,0.0007608076,0.00088318496,0.001678028,0.9939983,0.0009626148
ISIC_0031807,HAM_0005511,nv,0,0.0056362827,0.0035620502,0.003265426,0.0036646992,0.007930753,0.97240126,0.0035395839
ISIC_0025761,HAM_0006073,nv,0,0.0011489037,0.0031385953,0.0033573534,0.0017173892,0.006426084,0.9823225,0.0018891157
ISIC_0026110,HAM_0003295,nv,0,0.00014483531,0.00061430456,0.00020944886,0.0006380611,0.0018825445,0.9956495,0.00086119527
ISIC_0026582,HAM_0003747,nv,0,0.0006143812,0.0004105114,0.004639721,0.0004322809,0.004475138,0.98854405,0.0008838463
ISIC_0029686,HAM_0006530,nv,0,0.00014913928,0.00018448778,0.00021310573,0.00034638605,0.0024282052,0.9964927,0.00018594219
ISIC_0030109,HAM_0000606,nv,0,0.00031005027,0.0012878518,0.0008384489,0.00011358252,0.0041293814,0.99169123,0.0016293928
ISIC_0031136,HAM_0001970,nv,0,0.0004209645,0.00022663787,0.0020740833,0.00020808929,0.0026217308,0.9929691,0.0014792811
ISIC_0028012,HAM_0002927,nv,0,0.0015337258,0.0028929235,0.0042783865,0.00075952377,0.014296817,0.9727738,0.0034647875
ISIC_0027921,HAM_0003547,nv,0,2.5696007e-05,1.2737464e-05,8.5562155e-05,0.00013231026,0.00045910402,0.99916184,0.00012276346
ISIC_0030673,HAM_0001144,nv,0,6.4597893e-06,5.6819745e-06,0.00022709797,8.506394e-05,0.0018199686,0.9978271,2.8572715e-05
ISIC_0032457,HAM_0005691,nv,0,4.4864413e-05,0.00076547754,6.674993e-05,0.00012661911,7.556296e-05,0.9987381,0.00018266951
ISIC_0030618,HAM_0001379,nv,0,0.0013938029,0.0013691821,0.0010442192,0.00020040454,0.00028670154,0.9938216,0.0018839969
ISIC_0029204,HAM_0005877,nv,0,0.0007990638,0.0004614267,0.0007759064,0.0007958826,0.06634242,0.9299758,0.0008494714
ISIC_0025774,HAM_0002233,nv,0,0.00020778005,0.00024308266,0.0017314816,0.00064668845,0.00085827726,0.9957112,0.0006015043
ISIC_0028914,HAM_0001518,nv,0,0.0006095341,0.0012450948,0.0067165075,0.010561104,0.0009072367,0.9763812,0.0035794512
ISIC_0025177,HAM_0001248,nv,0,0.0008136532,0.0133106,0.004458484,0.024513386,0.08270933,0.8737992,0.00039532484
ISIC_0027530,HAM_0001248,nv,0,0.0018025233,0.0068052723,0.006795512,0.053156245,0.053600486,0.8767125,0.0011274057
ISIC_0029534,HAM_0000854,nv,0,0.00504203,0.059570465,0.01579623,0.15850045,0.09500569,0.021271594,0.6448136
ISIC_0030640,HAM_0007311,nv,0,0.00059058063,0.0025401106,0.16776666,0.00017905337,0.37517425,0.45329723,0.00045201444
ISIC_0026367,HAM_0007311,nv,0,0.0026650918,0.0033991262,0.014275471,0.00016372839,0.31708795,0.6615011,0.0009075551
ISIC_0027644,HAM_0001107,nv,0,0.0048825974,0.0036318495,0.34828162,0.0038142141,0.02433237,0.6113578,0.0036995206
ISIC_0029653,HAM_0006738,nv,0,0.0017783155,0.013648785,0.020896807,0.0005001882,0.021893993,0.9405643,0.0007176877
ISIC_0029374,HAM_0006738,nv,0,0.00063925644,0.015683316,0.044378188,0.0007763856,0.022463834,0.91495466,0.0011044128
ISIC_0032158,HAM_0004318,nv,0,0.00014142942,0.00022792675,0.087721094,0.00015195043,0.7357527,0.1754901,0.00051489245
ISIC_0031678,HAM_0004318,nv,0,0.0020939359,0.0010249983,0.53596807,0.0017849405,0.18516728,0.27105832,0.0029025006
ISIC_0027662,HAM_0002314,nv,0,6.6646804e-05,0.0105979815,0.0013018862,0.00019683508,0.0024146382,0.9271897,0.058232244
ISIC_0029430,HAM_0003327,nv,0,0.002182705,0.030472562,0.14401355,0.008364312,0.069340385,0.74339867,0.0022278172
ISIC_0027312,HAM_0003327,nv,0,0.0007202666,0.0032015224,0.30939505,0.00093565544,0.06464565,0.620613,0.00048884493
ISIC_0031143,HAM_0006853,nv,0,0.002532271,0.001769026,0.04614553,0.0059209643,0.5654468,0.37644136,0.0017441029
ISIC_0031863,HAM_0006853,nv,0,0.00052758004,0.00011920073,0.031340264,7.9159676e-05,0.26647958,0.7013307,0.00012343837
ISIC_0031418,HAM_0002942,nv,0,0.00051020604,0.01272902,0.09780489,0.0016293036,0.06315722,0.82252836,0.0016409669
ISIC_0027911,HAM_0002942,nv,0,0.016828958,0.016126296,0.38854748,0.0049604247,0.102060266,0.46629396,0.005182539
ISIC_0028401,HAM_0005342,nv,0,0.001439347,0.0009899562,0.0053399294,0.0027613847,0.13453183,0.8521208,0.0028166687
ISIC_0030371,HAM_0005342,nv,0,9.312285e-05,9.7019256e-05,0.046010274,0.00028525558,0.086477645,0.86685646,0.00018032444
ISIC_0028367,HAM_0003912,nv,0,0.0013146637,0.0024461162,0.041489627,0.002528644,0.0175334,0.9308845,0.003802992
ISIC_0030741,HAM_0003912,nv,0,6.7992274e-05,0.00043282972,0.08491736,0.0012181883,0.013815611,0.89905214,0.00049588445
ISIC_0027462,HAM_0006914,nv,0,1.809075e-05,9.27376e-06,0.000634095,8.621246e-05,0.98239464,0.016845664,1.216111e-05
ISIC_0025254,HAM_0006914,nv,0,4.238693e-05,0.00010005853,0.09737436,0.00072853314,0.2777862,0.62281173,0.0011566671
ISIC_0029475,HAM_0006397,nv,0,0.0005826082,0.0049100085,0.17062679,0.004770421,0.028411303,0.787948,0.0027507606
ISIC_0029894,HAM_0006397,nv,0,0.01830916,0.019628385,0.5594346,0.0015776446,0.19214255,0.20832485,0.00058283296
ISIC_0026541,HAM_0006974,nv,0,0.001259868,0.0028984924,0.056146268,0.001209937,0.3007466,0.62972623,0.008012543
ISIC_0031281,HAM_0006974,nv,0,0.000382127,0.0003313644,0.024612201,0.00037697822,0.061987594,0.9086645,0.0036452678
ISIC_0030688,HAM_0003475,nv,0,0.0036474164,0.004685062,0.4019711,0.0008570628,0.20143151,0.3847672,0.0026406392
ISIC_0029825,HAM_0003475,nv,0,0.016845595,0.008495846,0.10730115,0.0019415886,0.6529102,0.21199208,0.0005135905
ISIC_0027408,HAM_0001696,nv,0,0.04041664,0.00863232,0.07299678,0.009942528,0.33250058,0.5308069,0.0047041997
ISIC_0030460,HAM_0001696,nv,0,0.016720088,0.0050908923,0.32533365,0.005513869,0.37782905,0.26347646,0.006035923
ISIC_0028527,HAM_0006484,nv,0,0.0014444535,0.024922814,0.22772872,0.00024089773,0.7115731,0.031010753,0.0030792519
ISIC_0027244,HAM_0006484,nv,0,0.00024807162,8.246102e-05,0.7382206,0.00011069423,0.22034866,0.040819135,0.00017038985
ISIC_0026148,HAM_0002975,nv,0,0.0005223832,0.0020337356,0.0137567185,0.0019632136,0.8117486,0.16943224,0.0005430602
ISIC_0028810,HAM_0002975,nv,0,0.025197372,0.045386843,0.32672194,0.055094913,0.3919228,0.15160312,0.00407298
ISIC_0031676,HAM_0007553,nv,0,0.0009792425,0.0013435358,0.008802868,0.044802774,0.58667797,0.35669237,0.00070119364
ISIC_0032151,HAM_0007553,nv,0,0.0012735043,0.001475293,0.0016183481,0.09602944,0.5365562,0.36284298,0.00020423303
ISIC_0028015,HAM_0002575,nv,0,0.009711494,0.0017630928,0.41761607,0.0023312797,0.19427665,0.37285486,0.0014465563
ISIC_0026781,HAM_0002575,nv,0,0.0044057644,0.005677232,0.030038234,0.0043240427,0.11660992,0.83065253,0.00829227
ISIC_0025812,HAM_0001767,nv,0,0.00013801244,0.025690585,0.0059719603,0.0002964863,0.02159774,0.9443839,0.001921244
ISIC_0029357,HAM_0001767,nv,0,0.0015492749,0.06868431,0.052348886,0.006523711,0.045151815,0.8213912,0.00435079
ISIC_0032309,HAM_0006185,nv,0,0.00041595427,0.005362292,0.06378397,0.0019331155,0.04103599,0.8872299,0.000238726
ISIC_0028759,HAM_0006185,nv,0,9.367526e-05,0.0013057826,0.030061347,0.00070451695,0.4420666,0.5254677,0.00030040872
ISIC_0029846,HAM_0002484,nv,0,0.00049087073,0.0040261913,0.0110317385,0.0007411457,0.01617538,0.9555746,0.011960105
ISIC_0029194,HAM_0002484,nv,0,6.9029076e-05,0.00055647176,0.0023525078,0.00021429666,0.014502112,0.9728795,0.009426068
ISIC_0029982,HAM_0005886,nv,0,0.00019106631,0.018924879,0.118400805,0.00010816538,0.019037936,0.8422933,0.0010438535
ISIC_0031622,HAM_0005886,nv,0,7.080471e-05,0.33853427,0.23579514,2.7762764e-05,0.03135926,0.38836727,0.005845463
ISIC_0028045,HAM_0003892,nv,0,0.0022143675,0.0063102674,0.05515895,0.0057359366,0.23152173,0.6934546,0.0056041535
ISIC_0028793,HAM_0004783,nv,0,0.00017397395,0.0001854428,0.053031478,0.00012250183,0.044080347,0.90225697,0.00014933823
ISIC_0025671,HAM_0004783,nv,0,0.0042606685,0.00182359,0.15639953,0.0015693291,0.055755865,0.7775825,0.0026084876
ISIC_0025850,HAM_0005611,nv,0,0.0010902144,0.0033908521,0.069657035,0.0010989279,0.019232769,0.89945483,0.00607538
ISIC_0029187,HAM_0005611,nv,0,0.0014101242,0.0013400612,0.6991221,0.0005761435,0.04080128,0.2546718,0.002078451
ISIC_0028098,HAM_0002541,nv,0,1.27954345e-05,2.2292748e-05,0.9983393,1.774655e-05,0.00017572958,0.0014262821,5.777809e-06
ISIC_0030473,HAM_0005244,nv,0,2.3940092e-05,4.6410432e-06,0.0001589856,3.639496e-05,0.9445079,0.05524581,2.2274138e-05
ISIC_0026186,HAM_0002106,nv,0,0.00014663352,0.00035248708,0.014849612,0.0007764303,0.060197655,0.92332387,0.00035337752
ISIC_0025156,HAM_0002106,nv,0,0.0011697339,0.0027402088,0.096693814,0.001212806,0.071568355,0.8249551,0.00166
ISIC_0027852,HAM_0005060,nv,0,0.0013187081,0.007314927,0.22227961,0.0007899691,0.40870556,0.35931084,0.00028038598
ISIC_0031975,HAM_0005060,nv,0,0.008888062,0.23323502,0.27350283,0.00079699693,0.44257224,0.038429692,0.0025751053
ISIC_0028751,HAM_0005034,nv,0,0.019241082,0.009662845,0.019962072,0.011108076,0.11073891,0.8105472,0.018739829
ISIC_0027024,HAM_0005034,nv,0,0.0006931997,0.0002811621,0.0007527385,0.00023459869,0.06392488,0.9337265,0.0003868882
ISIC_0026544,HAM_0002581,nv,0,0.0032383993,0.8130922,0.16253397,0.0005654877,0.0021340104,0.018311493,0.00012448289
ISIC_0032470,HAM_0002581,nv,0,0.0014873028,0.5960979,0.22077836,0.013957714,0.013335145,0.15230328,0.002040336
ISIC_0029179,HAM_0007300,nv,0,0.00067335623,0.00011492224,0.010925846,0.0012541193,0.68640757,0.29996723,0.0006570081
ISIC_0025158,HAM_0007300,nv,0,0.0006870898,0.0004434409,0.10644751,0.004383296,0.63700056,0.2505003,0.00053783966
ISIC_0025336,HAM_0007300,nv,0,0.0014111627,0.0011104428,0.057555277,0.003681257,0.12908237,0.8056532,0.0015062604
ISIC_0026423,HAM_0005267,nv,0,0.00057377864,0.0004506283,0.006504049,8.7801855e-05,0.47478482,0.5172121,0.0003868023
ISIC_0032633,HAM_0007462,nv,0,0.00206817,0.0055830986,0.024501504,0.0019073457,0.06382709,0.89786863,0.0042440793
ISIC_0034298,HAM_0007462,nv,0,0.0026167193,0.0073583485,0.13772303,0.0032771563,0.112001285,0.73173445,0.005289022
ISIC_0033251,HAM_0001651,nv,0,0.0019033903,0.013925524,0.18861954,0.0003745184,0.60755825,0.18735768,0.000261131
ISIC_0033402,HAM_0001651,nv,0,0.0047382736,0.017625356,0.024204776,0.0018367665,0.4817846,0.46881118,0.0009989961
ISIC_0034204,HAM_0001651,nv,0,0.0014286719,0.04838552,0.025660364,0.00054296054,0.3872637,0.5362793,0.0004394069
ISIC_0033032,HAM_0003505,nv,0,0.0006596894,0.000229152,0.0004185105,0.00069989334,0.016762843,0.98030245,0.00092748087
ISIC_0034227,HAM_0003505,nv,0,0.0008441529,0.0006846522,0.0015513425,0.0010461475,0.03656999,0.9582566,0.0010471747
ISIC_0033563,HAM_0003505,nv,0,0.0014487524,0.0012842427,0.003107251,0.0018782562,0.036277253,0.9534844,0.002519694
ISIC_0027643,HAM_0003215,nv,0,0.0004424074,0.00022279123,0.012850993,0.00021681738,0.26773018,0.71814924,0.00038757187
ISIC_0028110,HAM_0002803,nv,0,0.00013544224,0.0010121757,0.0023779734,0.00013268128,0.04776566,0.94839865,0.00017730317
ISIC_0034110,HAM_0000268,nv,0,0.000284949,0.004429714,0.010665495,0.00066984125,0.6295593,0.2525142,0.1018765
ISIC_0025160,HAM_0000268,nv,0,0.000423236,0.0012211199,0.001415399,0.0008315141,0.07554813,0.073495366,0.8470652
ISIC_0033389,HAM_0000268,nv,0,0.000115676194,0.0012547787,0.006396714,0.0002666293,0.39051872,0.60002124,0.0014262671
ISIC_0032950,HAM_0001097,nv,0,0.034742255,0.00860076,0.17999585,0.017140733,0.11767004,0.63707304,0.0047774026
ISIC_0034156,HAM_0001097,nv,0,0.0010208671,0.0014875082,0.005314811,0.0018946322,0.0416507,0.9474052,0.0012261871
ISIC_0025713,HAM_0003178,nv,0,0.00058433344,0.0014516455,0.0016309518,0.0010285062,0.03983351,0.95514166,0.00032945248
ISIC_0028214,HAM_0006187,nv,0,0.0008652205,0.4070893,0.5325925,5.4124528e-05,0.028802728,0.029129451,0.0014667134
ISIC_0025453,HAM_0006187,nv,0,0.0013796863,0.036236644,0.80704814,8.216682e-06,0.13648005,0.018428277,0.00041893366
ISIC_0029405,HAM_0003394,nv,0,2.701386e-05,0.9893028,0.00020307537,1.1216426e-06,1.7719905e-05,0.00033424745,0.010114005
ISIC_0032009,HAM_0001107,nv,0,0.00015527199,0.002139715,0.04099483,0.00064663816,0.0053286003,0.95039606,0.00033879865
ISIC_0033652,HAM_0005363,nv,0,0.0005357412,0.00023327189,0.001975672,0.00067867216,0.13172625,0.8640186,0.00083180604
ISIC_0033944,HAM_0005363,nv,0,0.0013647365,0.0007695205,0.010760657,0.0023740262,0.113367125,0.8692876,0.002076314
ISIC_0032717,HAM_0005363,nv,0,0.00045992923,0.00029216817,0.008206679,0.00039756251,0.11706525,0.8727928,0.00078565395
ISIC_0033850,HAM_0004574,nv,0,0.00054014655,0.0010876649,0.048083007,0.0011357353,0.16748777,0.78091794,0.00074768474
ISIC_0032671,HAM_0004574,nv,0,0.0050473833,0.00443549,0.34702975,0.001380195,0.26833874,0.37286526,0.00090316305
ISIC_0032566,HAM_0004574,nv,0,0.0007574208,0.0007761267,0.40424234,0.00064466376,0.12692416,0.4660448,0.00061043364
ISIC_0034131,HAM_0005106,nv,0,0.00065723644,0.0067948694,0.002531644,0.00091654225,0.10957271,0.8782894,0.0012376006
ISIC_0032901,HAM_0005106,nv,0,0.0012200322,0.0049410197,0.0039043226,0.0041172984,0.31046024,0.6732215,0.0021355958
ISIC_0034308,HAM_0004272,nv,0,0.0044483645,0.006695441,0.072967686,0.0041824663,0.1575561,0.74861205,0.005537925
ISIC_0032957,HAM_0004272,nv,0,0.0041445703,0.011826323,0.11067449,0.0022315271,0.12922947,0.73642755,0.0054660533
ISIC_0033334,HAM_0004272,nv,0,0.0025332943,0.019413257,0.013823703,0.0031312082,0.029866396,0.9274819,0.0037502612
ISIC_0033837,HAM_0000402,nv,0,0.00089476653,0.0011035933,0.0120746605,0.0010347936,0.30410197,0.68036115,0.00042899587
ISIC_0032612,HAM_0000402,nv,0,0.0007802233,0.0005945549,0.0089336885,0.0011328487,0.33682454,0.65066344,0.0010707302
ISIC_0034039,HAM_0000402,nv,0,0.00017990486,0.000560109,0.001972111,0.0038258363,0.2812849,0.71069366,0.0014834866
ISIC_0034086,HAM_0003460,nv,0,5.718776e-06,4.798718e-07,0.00079328433,1.116193e-06,0.98697877,0.012218104,2.3732132e-06
ISIC_0032577,HAM_0003460,nv,0,0.0011559082,0.00059680984,0.114251785,0.0007261156,0.24127102,0.64054036,0.0014580395
ISIC_0032742,HAM_0000579,nv,0,0.0009749823,0.00043266767,0.026983242,0.0011628723,0.42943978,0.54027146,0.00073500484
ISIC_0032961,HAM_0000579,nv,0,0.0013195513,0.0012784669,0.0047610337,0.001597766,0.14201634,0.84661144,0.002415446
ISIC_0034112,HAM_0000579,nv,0,0.0033231685,0.0046961075,0.014022509,0.0024331354,0.07954651,0.8927949,0.0031837649
ISIC_0032520,HAM_0004548,nv,0,0.00094524765,0.00096235145,0.103589065,0.0018723677,0.07705287,0.81363994,0.0019381528
ISIC_0032832,HAM_0004548,nv,0,0.00026118098,0.0011857175,0.08316947,0.0015775417,0.41784355,0.4955605,0.00040213906
ISIC_0033917,HAM_0004548,nv,0,0.0005799767,0.0003839951,0.4851332,0.0014383241,0.24808256,0.26397157,0.00041029355
ISIC_0032802,HAM_0003947,nv,0,0.0004728451,0.00024088976,0.012068244,0.00086923176,0.04456472,0.9408699,0.0009141501
ISIC_0032551,HAM_0003947,nv,0,0.0006017128,0.00022043778,0.032459397,0.000424817,0.032196585,0.93221277,0.0018842128
ISIC_0033544,HAM_0003947,nv,0,0.00017432822,4.3845364e-05,0.033866506,0.00011143001,0.023056721,0.942446,0.0003011527
ISIC_0033351,HAM_0001870,nv,0,0.0018217651,0.0013409513,0.05056855,0.00085512147,0.29049534,0.6542728,0.0006453968
ISIC_0033131,HAM_0001870,nv,0,0.00074149965,0.00047142993,0.41570455,0.010929828,0.026323475,0.54535437,0.00047478703
ISIC_0033090,HAM_0001870,nv,0,0.0010093929,0.0013727881,0.50889313,0.00093270873,0.118262716,0.36828116,0.0012481456
ISIC_0033832,HAM_0005383,nv,0,0.004964405,0.004598287,0.067273475,0.004298658,0.4034718,0.50773853,0.0076548937
ISIC_0032893,HAM_0005383,nv,0,0.0036417232,0.011413053,0.45996884,0.0011999747,0.20058818,0.32128376,0.0019045523
ISIC_0032683,HAM_0005383,nv,0,0.0038960448,0.0037308924,0.13557905,0.0029634757,0.3023257,0.5434356,0.008069333
ISIC_0032781,HAM_0001040,nv,0,0.0010733039,0.0008558178,0.07996797,0.002301863,0.3272184,0.58672124,0.0018613422
ISIC_0033237,HAM_0001040,nv,0,0.0003520666,0.00026858607,0.036902536,0.0007014061,0.4021081,0.55888957,0.0007777078
ISIC_0032747,HAM_0001040,nv,0,0.0019668476,0.00073240267,0.04442679,0.0018926237,0.44443977,0.50560176,0.0009398247
ISIC_0034286,HAM_0004176,nv,0,4.5667144e-05,0.0074525718,0.059312347,0.00025209418,0.16252269,0.77035284,6.180409e-05
ISIC_0033373,HAM_0004176,nv,0,7.7313656e-05,0.016042428,0.8547533,0.00052370375,0.009505382,0.11886983,0.00022805377
ISIC_0032761,HAM_0001740,nv,0,7.8043e-05,0.00013876293,0.00017110817,0.0003283593,0.022228235,0.976839,0.00021635587
ISIC_0033160,HAM_0001740,nv,0,1.5910326e-05,3.4636632e-05,6.865533e-05,4.5002045e-05,0.007459851,0.9923199,5.608794e-05
ISIC_0033930,HAM_0001740,nv,0,0.00043058256,0.0008788446,0.00071586587,0.0013136487,0.034428198,0.960325,0.0019078016
ISIC_0033096,HAM_0006158,nv,0,0.020367865,0.033266768,0.23555622,0.04718975,0.060009744,0.6006276,0.0029820243
ISIC_0033972,HAM_0006158,nv,0,0.035344593,0.01274865,0.8248404,0.014877942,0.026055409,0.08170137,0.004431538
ISIC_0033367,HAM_0006158,nv,0,0.016922886,0.019335946,0.24002144,0.048470717,0.18836774,0.47831216,0.008569124
ISIC_0034292,HAM_0007475,nv,0,0.0016058587,0.00044116497,0.04893603,0.0021586772,0.009457423,0.93653244,0.0008684129
ISIC_0034207,HAM_0007475,nv,0,0.00016734056,8.035102e-05,0.007627623,0.00013297336,0.0037923402,0.98805934,0.00014003245
ISIC_0033408,HAM_0007475,nv,0,8.884682e-05,0.00020351248,0.0034326292,9.8946824e-05,0.0011741181,0.9949196,8.231631e-05
ISIC_0032524,HAM_0004411,nv,0,0.00015644467,7.1654824e-05,0.86264735,0.00046732282,0.023935173,0.11259798,0.00012417324
ISIC_0033376,HAM_0004411,nv,0,0.0007126712,0.00042589763,0.7486691,0.0006954512,0.022118747,0.22662397,0.0007542405
ISIC_0033796,HAM_0004411,nv,0,0.0012899106,0.00060919824,0.4299223,0.0021373094,0.023639154,0.541101,0.0013011912
ISIC_0033936,HAM_0000216,nv,0,0.0006656544,0.0012456228,0.01760695,0.0028342002,0.61484915,0.36171824,0.0010802031
ISIC_0034121,HAM_0000216,nv,0,0.00018533554,0.00064435956,0.004697339,0.00044197074,0.010096085,0.9836791,0.0002558345
ISIC_0034232,HAM_0000216,nv,0,0.0004010926,0.0027514028,0.0074624745,0.00092654716,0.014523753,0.9715296,0.0024052088
ISIC_0033517,HAM_0001683,nv,0,0.00015933442,7.768628e-05,0.024121983,0.00015403492,0.11049398,0.86485815,0.0001347187
ISIC_0033513,HAM_0001683,nv,0,0.00015641206,6.633086e-05,0.016547078,0.00014191585,0.41030058,0.5725936,0.00019400373
ISIC_0033649,HAM_0001683,nv,0,0.0022795915,0.00026021464,0.055382352,0.00080520456,0.20821881,0.73254645,0.0005073487
ISIC_0033404,HAM_0006623,nv,0,0.0018958129,0.00046382818,0.25712317,0.0006746115,0.5513659,0.18635328,0.0021233505
ISIC_0033478,HAM_0006623,nv,0,0.0015528194,0.00012945833,0.065548494,0.00011778798,0.8779478,0.054245263,0.0004582834
ISIC_0032853,HAM_0004773,nv,0,0.0013061442,0.0021762562,0.26157635,0.0005757449,0.39773598,0.33521166,0.0014178872
ISIC_0034148,HAM_0004773,nv,0,0.00030324573,0.0004173148,0.07489741,0.00044056194,0.4047017,0.51914424,9.549169e-05
ISIC_0034241,HAM_0004773,nv,0,0.0002496968,0.00026305483,0.0072609913,0.003252387,0.67770797,0.31115922,0.00010668218
ISIC_0033243,HAM_0003106,nv,0,0.00058870297,0.004085882,0.942069,0.0004365652,0.003794373,0.0480428,0.0009826183
ISIC_0032648,HAM_0003106,nv,0,0.001937993,0.00278042,0.16957477,0.001980031,0.22994334,0.59222615,0.0015573504
ISIC_0032620,HAM_0003106,nv,0,0.0001841016,0.002512329,0.92274016,0.00050595275,0.008161315,0.06538279,0.00051332294
ISIC_0030420,HAM_0003106,nv,0,0.00036931137,0.0006696775,0.03519809,0.0008938393,0.48668185,0.47487193,0.0013152031
ISIC_0033093,HAM_0006799,nv,0,0.004024328,0.0012705061,0.0040134834,0.0026574868,0.09571096,0.89093184,0.0013912594
ISIC_0033501,HAM_0006799,nv,0,1.3206945e-05,6.795585e-06,0.0004954636,0.00020967989,0.0024398789,0.99681807,1.6897804e-05
ISIC_0032677,HAM_0006799,nv,0,0.0022718848,0.0008105879,0.0031918415,0.0011559366,0.10902304,0.88311094,0.00043572808
ISIC_0034010,HAM_0001720,nv,0,0.00058122363,0.0008936603,0.0048042983,0.0033317462,0.73100096,0.2572263,0.0021618332
ISIC_0032819,HAM_0001720,nv,0,0.010036034,0.0038081247,0.032132637,0.0031553183,0.7542943,0.19465002,0.0019236418
ISIC_0033451,HAM_0003424,nv,0,0.0012205348,0.00035813672,0.122159965,0.00034119003,0.3763149,0.4976769,0.0019283504
ISIC_0033552,HAM_0003424,nv,0,0.0003738661,0.0002626562,0.437875,0.00041854446,0.15162006,0.40884465,0.00060514
ISIC_0034310,HAM_0003424,nv,0,0.00069844763,0.0002940628,0.3044128,0.0002544587,0.25482488,0.4389681,0.0005472377
ISIC_0032574,HAM_0000970,nv,0,0.00026132763,0.8062408,0.0023840864,0.0003522368,0.0020029817,0.18865964,9.888956e-05
ISIC_0033398,HAM_0000970,nv,0,0.009531439,0.33428362,0.09965895,0.003809589,0.16799326,0.3827101,0.0020130626
ISIC_0033244,HAM_0000970,nv,0,0.039710324,0.7972256,0.033576358,0.0029219706,0.006330891,0.11995159,0.00028319246
ISIC_0032737,HAM_0006014,nv,0,0.00019241314,0.0007053938,0.026727922,0.000535827,0.74387324,0.2271151,0.0008500529
ISIC_0031482,HAM_0005083,nv,0,0.0017098864,0.0016972248,0.046424467,0.014840627,0.10501354,0.7465718,0.0837425
ISIC_0032944,HAM_0005083,nv,0,0.11908966,0.029800985,0.23957737,0.033754118,0.25197122,0.2653563,0.06045038
ISIC_0033516,HAM_0005083,nv,0,0.007296415,0.015018513,0.16120706,0.0062888963,0.04488419,0.7497189,0.015586095
ISIC_0032639,HAM_0003018,nv,0,0.0028068763,0.0015308593,0.012372686,0.0014621429,0.17421888,0.8037397,0.0038688784
ISIC_0033525,HAM_0003018,nv,0,0.0006946266,0.00043876198,0.011352838,0.00062559964,0.061930604,0.923485,0.0014725236
ISIC_0033433,HAM_0007169,nv,0,0.0025293878,0.002323782,0.5869738,0.00121705,0.098513104,0.30680513,0.0016377597
ISIC_0032934,HAM_0007169,nv,0,0.001817679,0.00056722976,0.8403954,0.0003719973,0.014814702,0.1418202,0.00021283454
ISIC_0034244,HAM_0006121,nv,0,0.0012918176,0.0070132636,0.049378026,0.0009128493,0.30702072,0.6334706,0.00091274444
ISIC_0032855,HAM_0006121,nv,0,0.0018833303,0.009454004,0.04249374,0.002170596,0.6491467,0.29320973,0.0016419361
ISIC_0032792,HAM_0006121,nv,0,0.0007933861,0.0033308198,0.31444344,0.0005527198,0.24416856,0.43478847,0.0019226045
ISIC_0033512,HAM_0003623,nv,0,0.0065214764,0.3575053,0.00435763,0.0025455432,0.27446097,0.35108948,0.0035196082
ISIC_0032788,HAM_0003623,nv,0,0.002446238,0.004162046,0.00068075943,0.00030280033,0.20330118,0.7887213,0.00038579587
ISIC_0032846,HAM_0006675,nv,0,0.00027939814,0.0009037336,0.46953344,0.00040474438,0.028341113,0.50009084,0.0004467219
ISIC_0033816,HAM_0006675,nv,0,0.0024495914,0.001117969,0.5391269,0.0012021541,0.17065541,0.28456974,0.0008782775
ISIC_0033672,HAM_0006675,nv,0,0.0005100847,0.0006920436,0.4603461,0.0005629404,0.08454924,0.45280817,0.0005313658
ISIC_0033564,HAM_0003969,nv,0,0.00097560673,0.0006684133,0.01791679,0.00029125498,0.07732668,0.90251726,0.0003040342
ISIC_0032627,HAM_0003969,nv,0,0.0017323083,0.0013124604,0.016205056,0.00072264083,0.04927687,0.9281505,0.002600257
ISIC_0033532,HAM_0005209,nv,0,0.0011803225,0.0048724236,0.011597986,0.0018085348,0.015912578,0.9616582,0.002969945
ISIC_0032713,HAM_0005209,nv,0,0.0044445544,0.0030425142,0.010775417,0.0018948688,0.028913477,0.9491976,0.0017316416
ISIC_0033707,HAM_0002874,nv,0,0.00071524363,0.0065119606,0.18910572,0.00024914046,0.0061112456,0.79640865,0.00089801877
ISIC_0033912,HAM_0002874,nv,0,0.011545793,0.021938961,0.087342516,0.008171554,0.121500954,0.73920673,0.01029349
ISIC_0033909,HAM_0001801,nv,0,0.0032872714,0.0010331791,0.048247475,0.0051821074,0.14762372,0.7890403,0.00558592
ISIC_0033293,HAM_0001801,nv,0,0.0010754322,0.00027645865,0.01817092,0.001046514,0.067009374,0.9115753,0.0008459626
ISIC_0034191,HAM_0001708,nv,0,0.0011343395,0.00040155347,0.025295706,0.0009826106,0.050599135,0.92124546,0.00034125292
ISIC_0033719,HAM_0001708,nv,0,0.003260571,0.0011075669,0.008345863,0.0071892818,0.01217402,0.9674993,0.00042332767
ISIC_0033723,HAM_0004367,nv,0,0.051785134,0.0027125038,0.011418588,0.00020814194,0.46963072,0.4639298,0.00031517594
ISIC_0033396,HAM_0004367,nv,0,0.026520008,0.004556529,0.1321469,0.000185201,0.35209787,0.48395997,0.0005334374
ISIC_0033197,HAM_0004589,nv,0,0.01400867,0.031489152,0.05776129,0.011180573,0.09713402,0.77434784,0.01407842
ISIC_0033448,HAM_0002257,nv,0,0.002313946,0.004941613,0.011352147,0.0010943422,0.01103444,0.967855,0.0014085005
ISIC_0034304,HAM_0002257,nv,0,0.0016258145,0.010482143,0.056253135,0.0016516701,0.18595207,0.7363316,0.0077035665
ISIC_0033851,HAM_0005489,nv,0,0.019634388,0.007754852,0.031246895,0.0035749997,0.08426991,0.84597534,0.0075436453
ISIC_0032588,HAM_0002600,nv,0,0.0004157122,0.0003352684,0.05295827,0.0004051231,0.044016957,0.9013999,0.00046880625
ISIC_0033656,HAM_0002604,nv,0,0.00035931528,0.000499011,0.002007609,0.000499438,0.0024629948,0.9937117,0.00045996593
ISIC_0026761,HAM_0004564,nv,0,0.0005845671,0.00029765617,0.005875931,0.00046755193,0.18032739,0.8111566,0.0012903381
ISIC_0032322,HAM_0004564,nv,0,1.3325503e-05,6.0328716e-06,0.0039208997,1.7120552e-05,0.010728486,0.98529875,1.541262e-05
ISIC_0025695,HAM_0003667,nv,0,1.2777714e-05,0.00030036538,0.0025718089,0.00022100523,0.038348176,0.95573574,0.002810127
ISIC_0026427,HAM_0003667,nv,0,6.283816e-06,0.00015242377,0.002126108,0.0003701451,0.05445366,0.94031495,0.0025764112
ISIC_0024608,HAM_0000231,nv,0,7.596488e-05,7.3133684e-05,0.00092571834,0.0002008585,0.43289414,0.5652655,0.0005646865
ISIC_0029809,HAM_0004014,nv,0,0.00031039797,0.00034224073,0.0020340404,0.00030591927,0.29443505,0.7016155,0.0009568149
ISIC_0026370,HAM_0000272,nv,0,0.0004124529,0.0010496972,0.002108748,0.0009753212,0.071170375,0.9236565,0.0006268638
ISIC_0030361,HAM_0001470,nv,0,0.00011861642,4.3975182e-05,0.00061211106,0.00012329276,0.04420666,0.9546226,0.00027276637
ISIC_0030841,HAM_0000231,nv,0,7.89091e-05,4.3176435e-05,0.0013818337,0.00020783138,0.40913132,0.58875567,0.00040132107
ISIC_0027348,HAM_0000354,nv,0,0.0055827983,0.009014646,0.58905745,0.015183104,0.015115768,0.36087292,0.005173277
ISIC_0027933,HAM_0000070,nv,0,0.0016394393,0.015988275,0.0051831524,0.004584232,0.04429785,0.86779535,0.060511693
ISIC_0028513,HAM_0000070,nv,0,0.0042669624,0.016933741,0.0076724216,0.0076705194,0.023981629,0.88455105,0.054923676
ISIC_0025734,HAM_0003099,nv,0,0.0018885956,0.00011207612,0.007587125,0.0053989226,0.05360075,0.9311601,0.00025233897
ISIC_0029027,HAM_0006364,nv,0,0.00041794224,0.00019619054,0.037484385,0.00035765374,0.6303111,0.33089384,0.00033893494
ISIC_0027258,HAM_0006547,nv,0,0.002365795,0.00039758574,0.031027136,0.08165521,0.64761275,0.23332848,0.0036131013
ISIC_0024846,HAM_0001212,nv,0,0.005046493,0.001076464,0.005300149,0.010302596,0.29505387,0.6826183,0.0006020481
ISIC_0028263,HAM_0000291,nv,0,0.00079647836,0.0031876606,0.0005698499,0.0016119928,0.020564009,0.9721905,0.0010795478
ISIC_0028610,HAM_0000291,nv,0,0.0005988444,0.0019020874,0.00061655056,0.0010147886,0.013631501,0.9811508,0.0010854881
ISIC_0031360,HAM_0000291,nv,0,0.00017640465,0.00069998857,0.0002075548,0.00074629136,0.00906314,0.9886312,0.0004755582
ISIC_0025840,HAM_0000618,nv,0,0.00020248178,0.0006612715,0.00068756996,0.00028347483,0.008752934,0.98788434,0.0015279595
ISIC_0025662,HAM_0001525,nv,0,0.0012335788,0.0011529865,0.00078206934,0.00082387385,0.028480263,0.96646804,0.001059111
ISIC_0027510,HAM_0001525,nv,0,0.0011985648,0.0021662689,0.0010640811,0.0011387554,0.022389375,0.9708881,0.0011548998
ISIC_0024355,HAM_0001525,nv,0,0.00040578918,0.0007888004,0.00036911745,0.00032844627,0.025657045,0.9721987,0.00025209796
ISIC_0032165,HAM_0003345,nv,0,0.0008297991,0.0012709226,0.0033417854,0.0046524233,0.031786315,0.95568746,0.0024311855
ISIC_0024718,HAM_0003345,nv,0,0.0003429041,0.000426451,0.001792614,0.0007311845,0.055690184,0.9377589,0.0032576341
ISIC_0024834,HAM_0003345,nv,0,0.0009992846,0.0013533924,0.0038255127,0.0021412878,0.020466607,0.9691677,0.0020461474
ISIC_0024587,HAM_0002645,nv,0,0.00022132446,0.0002902773,0.00773743,0.0007528955,0.21381755,0.77543646,0.0017440807
ISIC_0029666,HAM_0002645,nv,0,0.00010854373,0.00011244034,0.003018205,0.00030316005,0.43949965,0.55570734,0.0012506663
ISIC_0027698,HAM_0002645,nv,0,0.00012644604,8.163605e-05,0.002543216,0.00048659256,0.44612408,0.54965144,0.0009865973
ISIC_0027514,HAM_0000637,nv,0,0.00019618425,0.00012516757,0.0067945034,0.00036862085,0.026530968,0.9652933,0.00069126405
ISIC_0024721,HAM_0005466,nv,0,2.0172763e-05,0.0056216163,0.00083810854,0.0009658482,0.6400445,0.35230374,0.0002060308
ISIC_0025047,HAM_0006149,nv,0,2.9129699e-06,9.0732465e-06,9.5296025e-05,4.8450103e-05,0.50688094,0.49279684,0.00016645444
ISIC_0028723,HAM_0007160,nv,0,8.7708606e-05,0.00018247125,0.00085673045,0.00021727724,0.011437124,0.9869399,0.00027880596
ISIC_0029339,HAM_0000418,nv,0,0.002828121,0.0002554479,0.0029908821,0.0008045307,0.86427176,0.1286718,0.00017752385
ISIC_0031483,HAM_0002298,nv,0,4.1685795e-05,0.008269376,0.0011432256,0.00021415722,0.00089395803,0.9873076,0.0021299697
ISIC_0032274,HAM_0006451,nv,0,0.0021575624,0.00044075216,0.00085111894,0.00012651978,0.0010449969,0.99529713,8.189182e-05
ISIC_0031564,HAM_0005090,nv,0,0.001056337,0.00059830875,0.020545105,0.0012316363,0.067942075,0.9078911,0.00073541526
ISIC_0032474,HAM_0003282,nv,0,0.0008031185,0.00041760452,0.012031169,0.0012020739,0.011052504,0.97296655,0.0015270663
ISIC_0029459,HAM_0006884,nv,0,0.0024936078,4.6804824e-05,0.0037202018,0.00036645864,0.5943627,0.39885417,0.00015605088
ISIC_0025960,HAM_0002142,nv,0,0.005964314,0.0033049884,0.0047891466,0.000416817,0.34115958,0.6441948,0.00017029683
ISIC_0029162,HAM_0005090,nv,0,0.0010619235,0.0003856481,0.108380094,0.0012837945,0.12193227,0.766201,0.0007553094
ISIC_0027486,HAM_0000129,nv,0,0.0004852344,0.00012029134,0.01372177,0.0003310087,0.45090467,0.5341135,0.00032350255
ISIC_0027201,HAM_0003446,nv,0,0.00022692405,0.00017082959,0.0017439565,0.0002080921,0.0028349448,0.9947825,3.265742e-05
ISIC_0031302,HAM_0001846,nv,0,0.00070965366,0.00046628193,0.014064967,0.0007185175,0.4121451,0.571406,0.00048948807
ISIC_0029457,HAM_0001846,nv,0,0.0032912146,0.0016278476,0.03405678,0.0013973902,0.45462674,0.5034687,0.0015312826
ISIC_0028420,HAM_0005079,nv,0,0.0010940441,0.00078259944,0.1599239,0.00038711066,0.33138478,0.5059523,0.00047532105
ISIC_0025563,HAM_0006086,nv,0,5.9573624e-05,0.21515237,0.00028970942,0.000107147585,0.0030067982,0.78119946,0.00018495193
ISIC_0024963,HAM_0005620,nv,0,0.56372297,0.005400753,0.07670215,0.0007148012,0.073123984,0.27827954,0.0020557698
ISIC_0025305,HAM_0001492,nv,0,0.0079658935,0.0012301027,0.0025191854,0.00072599086,0.17666505,0.80954266,0.0013510821
ISIC_0029349,HAM_0000771,nv,0,0.004575865,0.0003696843,0.0018633091,0.00064425473,0.08507624,0.9070181,0.0004525827
ISIC_0026706,HAM_0004532,nv,0,0.0009390956,8.979283e-05,0.05246344,0.0005347214,0.11063375,0.8351387,0.000200554
ISIC_0030328,HAM_0001334,nv,0,0.008293373,0.00042401344,0.017045503,0.00953256,0.26169336,0.70177364,0.0012375581
ISIC_0031363,HAM_0001334,nv,0,0.009137507,0.00024645738,0.0066945846,0.0010442105,0.17497374,0.80775255,0.00015097913
ISIC_0031220,HAM_0001028,nv,0,0.0028213528,0.012839321,0.0013631335,0.04610243,0.0076754075,0.9287616,0.0004367699
ISIC_0024808,HAM_0000668,nv,0,0.00024305814,9.4724186e-05,0.0006915074,0.00025910218,0.03477017,0.96380454,0.0001369116
ISIC_0026398,HAM_0007324,nv,0,0.07026258,0.08294386,0.0029484003,0.007684896,0.1824776,0.6502067,0.0034759752
ISIC_0024836,HAM_0002291,nv,0,0.0005106206,0.056544892,0.0065436494,0.0009936494,0.0097971205,0.9193907,0.0062194252
ISIC_0026588,HAM_0003821,nv,0,0.14624831,0.016234586,0.17212966,0.0057352395,0.10679271,0.5517415,0.0011179681
ISIC_0027490,HAM_0007133,nv,0,0.005801961,0.006524129,0.02714543,0.047318436,0.43914372,0.46921948,0.0048469594
ISIC_0029597,HAM_0007133,nv,0,0.0020023664,0.0036826697,0.007255477,0.0030208835,0.024080519,0.9584102,0.0015478123
ISIC_0028378,HAM_0001001,nv,0,0.0013268783,0.00030567351,0.026410474,0.0011664437,0.40241006,0.5679975,0.0003829837
ISIC_0026852,HAM_0001001,nv,0,0.0009409099,9.530443e-05,0.011292685,0.00042851816,0.120478176,0.8665156,0.0002488773
ISIC_0030079,HAM_0003241,nv,0,0.00036495013,0.00021278177,0.0008037725,0.00033604557,0.91022617,0.08791584,0.00014046913
ISIC_0024908,HAM_0003241,nv,0,0.00029307857,0.00019560983,0.0007772993,0.0002576992,0.917097,0.08126658,0.000112711714
ISIC_0031019,HAM_0000287,nv,0,0.00045939567,0.0006427776,0.787379,0.002383852,0.023877576,0.18442884,0.0008285178
ISIC_0029959,HAM_0007066,nv,0,0.00060670765,7.458009e-05,0.0039436454,0.000786451,0.010855265,0.98358846,0.000144977
ISIC_0031710,HAM_0005730,nv,0,0.012331721,0.0031563588,0.013878457,0.0011253755,0.4049796,0.56389695,0.00063160533
ISIC_0028923,HAM_0005730,nv,0,0.0021481377,0.0007485541,0.023499424,0.0005797699,0.5955364,0.37707978,0.0004079949
ISIC_0026414,HAM_0001022,nv,0,0.08392942,0.00030934587,0.035802167,0.00024726073,0.7669927,0.112095885,0.0006232615
ISIC_0027949,HAM_0002087,nv,0,0.008334915,0.00051664916,0.026398247,0.0013548327,0.49810132,0.46463713,0.000656799
ISIC_0025983,HAM_0004025,nv,0,0.018676402,0.0035422875,0.004342768,0.0021508955,0.0537332,0.91726613,0.00028832754
ISIC_0030973,HAM_0004923,nv,0,0.007328095,0.00024796985,0.027630262,0.0006766839,0.049179643,0.9140781,0.0008591793
ISIC_0030444,HAM_0004923,nv,0,0.008651293,0.00029931776,0.025598649,0.0006891965,0.042125218,0.9216292,0.0010072384
ISIC_0028476,HAM_0007264,nv,0,0.0037386674,0.0024419974,0.46888298,0.000981405,0.15700373,0.36478347,0.002167765
ISIC_0030069,HAM_0004833,nv,0,0.0012233442,0.00022043128,0.01281158,0.00047852742,0.19013652,0.79374045,0.001389168
ISIC_0026133,HAM_0004833,nv,0,0.000971327,0.00011478352,0.0216991,0.00033347428,0.61058825,0.3654948,0.00079823105
ISIC_0031924,HAM_0002423,nv,0,7.819094e-05,9.7837445e-05,0.0005634149,0.00048680676,0.006931973,0.9917177,0.00012392699
ISIC_0028963,HAM_0002423,nv,0,0.000119696975,6.8904985e-05,0.00030934898,0.000896129,0.025666345,0.9727992,0.00014043727
ISIC_0025088,HAM_0002423,nv,0,7.407391e-05,0.00011407124,0.0013132852,0.0020419974,0.020572161,0.9757823,0.000102033824
ISIC_0026786,HAM_0003874,nv,0,0.004649622,0.06159559,0.42716107,0.0010716771,0.002403331,0.42477658,0.07834207
ISIC_0028578,HAM_0003874,nv,0,0.042567253,0.12196784,0.34517685,0.0034487473,0.0058937813,0.4240066,0.056938834
ISIC_0024809,HAM_0003874,nv,0,0.014904641,0.044254348,0.10909844,0.00460795,0.0015261384,0.8155267,0.010081716
ISIC_0027461,HAM_0005017,nv,0,0.0002065058,0.0001268717,0.0014204914,0.0001452929,0.050530568,0.9473136,0.00025667364
ISIC_0025310,HAM_0005017,nv,0,0.00012309261,0.00016142672,0.013157355,0.00013019596,0.14390327,0.8421466,0.0003780846
ISIC_0026752,HAM_0005017,nv,0,0.00019261983,9.7016746e-05,0.009065004,0.00011418576,0.09585131,0.8945499,0.00012988741
ISIC_0027889,HAM_0002490,nv,0,0.00049080414,0.4247597,0.30442217,0.00045361347,0.06448654,0.20488149,0.00050574954
ISIC_0030422,HAM_0005980,nv,0,0.041899722,0.002011906,0.046869133,0.0020758645,0.07720235,0.82976484,0.00017614987
ISIC_0029905,HAM_0006420,nv,0,0.013252052,0.01101409,0.14003032,0.0010710377,0.3984869,0.43209857,0.004046984
ISIC_0031583,HAM_0007374,nv,0,0.021960659,0.029874519,0.14436541,0.010736208,0.31931496,0.46266592,0.011082306
ISIC_0031742,HAM_0001803,nv,0,0.022162909,0.0003934453,0.017589796,0.0073957,0.8475235,0.10469711,0.00023754586
ISIC_0025730,HAM_0007374,nv,0,0.002801229,0.008355181,0.1369051,0.001812581,0.27890825,0.5683555,0.0028621408
ISIC_0028310,HAM_0000693,nv,0,0.0031947058,0.5443769,0.35833877,0.00039563625,0.018590016,0.068455264,0.0066486592
ISIC_0026330,HAM_0001803,nv,0,0.015242731,0.005635229,0.050888106,0.0067162034,0.21144897,0.6994111,0.010657699
ISIC_0029479,HAM_0005175,nv,0,0.21348102,0.00545804,0.4691761,0.00034456898,0.27575254,0.03466742,0.0011202627
ISIC_0032278,HAM_0005175,nv,0,0.11078555,0.034009136,0.023956504,0.00084560266,0.5220355,0.30682728,0.0015404599
ISIC_0028588,HAM_0000850,nv,0,0.0003669685,0.8047173,0.019442296,0.00010167631,0.00058290386,0.17390752,0.0008813033
ISIC_0030580,HAM_0006702,nv,0,0.03060308,0.0044245254,0.5714737,0.020456873,0.27737346,0.09522338,0.00044497842
ISIC_0031871,HAM_0006225,nv,0,0.0049269595,0.005018944,0.1956843,0.0030152805,0.15522757,0.6321921,0.0039348598
ISIC_0029075,HAM_0006225,nv,0,0.002065472,0.005947283,0.11634384,0.004054129,0.08872026,0.7810731,0.0017958583
ISIC_0028887,HAM_0006225,nv,0,0.0023622399,0.00730051,0.26094192,0.011656841,0.27652994,0.43973267,0.0014758614
ISIC_0031567,HAM_0001803,nv,0,0.021828182,0.008194266,0.031292703,0.007326864,0.32402724,0.60030055,0.0070302016
ISIC_0031301,HAM_0000922,nv,0,0.07981763,0.029786862,0.012878528,0.015837613,0.85145587,0.010127114,9.644946e-05
ISIC_0031111,HAM_0000922,nv,0,0.0023734418,3.0062704e-06,0.0009010074,0.0005289,0.9719667,0.02420731,1.9687428e-05
ISIC_0024882,HAM_0000961,nv,0,0.0070500155,0.023456609,0.19341673,0.004047634,0.040008344,0.72838175,0.0036389246
ISIC_0031991,HAM_0007108,nv,0,0.02475808,0.00038800586,0.7274005,0.0015090102,0.035088655,0.21059991,0.00025589005
ISIC_0032065,HAM_0006924,nv,0,0.055393454,0.14522958,0.7692343,0.00037728445,0.004167783,0.02173971,0.0038577705
ISIC_0024447,HAM_0007429,nv,0,0.0007250992,0.00010872479,0.011121501,0.0004969258,0.20573641,0.78138834,0.00042300954
ISIC_0031074,HAM_0006420,nv,0,0.0055637327,0.0033699838,0.026706453,0.0027345868,0.38197583,0.5775687,0.0020806417
ISIC_0027688,HAM_0001936,nv,0,0.0023634029,0.0011164793,0.04711677,0.0008722133,0.58970916,0.35816363,0.00065838266
ISIC_0024704,HAM_0001936,nv,0,0.0052272305,0.0025319478,0.020943047,0.0018061965,0.23570089,0.7312586,0.0025321147
ISIC_0028882,HAM_0000486,nv,0,0.2693111,0.0100458935,0.016651122,0.038587037,0.37687135,0.28466922,0.00386425
ISIC_0025892,HAM_0002754,nv,0,0.0029609706,0.008903131,0.13731125,0.0033975842,0.49779108,0.34669578,0.0029402238
ISIC_0026866,HAM_0002754,nv,0,0.0058704764,0.0058271918,0.24611384,0.0027512098,0.4586277,0.27908364,0.001725958
ISIC_0027997,HAM_0004008,nv,0,0.00061282096,0.4945467,0.18156806,0.00018853947,0.005366723,0.3138791,0.0038380711
ISIC_0027203,HAM_0000287,nv,0,0.003030412,0.00035796463,0.020800255,0.0012358952,0.9417024,0.031868216,0.0010048791
ISIC_0030694,HAM_0002490,nv,0,0.010949642,0.318089,0.18083319,0.0015995882,0.3491892,0.13682906,0.0025104252
ISIC_0028468,HAM_0000961,nv,0,0.003337543,0.0015124647,0.0058148857,0.0030141321,0.05194277,0.93323255,0.0011457044
ISIC_0028131,HAM_0003790,nv,0,0.0026908128,0.0034026934,0.2474285,0.0016675816,0.33681068,0.4071501,0.00084968255
ISIC_0024377,HAM_0002088,nv,0,0.010561044,0.0024464075,0.0438594,0.004121216,0.3190184,0.6183567,0.0016368282
ISIC_0031379,HAM_0006241,nv,0,0.0016094845,0.001305702,0.010930844,0.0021528217,0.39250976,0.5904687,0.0010227576
ISIC_0027945,HAM_0003054,nv,0,0.03167839,0.0089568505,0.3855183,0.008869438,0.11506304,0.44702154,0.0028924593
ISIC_0032236,HAM_0006105,nv,0,0.00074656436,0.0012139368,0.0103502525,0.0007267215,0.07460781,0.9115126,0.00084200734
ISIC_0028498,HAM_0000000,nv,0,0.028188556,6.943829e-05,0.0507159,0.00053737,0.79690397,0.123470195,0.00011454926
ISIC_0025346,HAM_0000000,nv,0,0.017635219,0.0063597197,0.01609491,0.0015048101,0.22486211,0.7315952,0.0019480136
ISIC_0024995,HAM_0003650,nv,0,0.00041610707,0.000108604756,0.021152208,0.0012366545,0.043160778,0.9336218,0.0003038002
ISIC_0026123,HAM_0003491,nv,0,0.08369287,0.1248378,0.21957381,0.0037679153,0.21066128,0.35435873,0.0031075713
ISIC_0028891,HAM_0006600,nv,0,8.0296035e-05,7.303818e-05,0.9550773,0.00016278871,0.0038057435,0.04060017,0.00020056817
ISIC_0032018,HAM_0006600,nv,0,0.00032817113,0.0012845815,0.7436761,0.0010077917,0.020695437,0.22481251,0.008195368
ISIC_0028884,HAM_0005914,nv,0,0.00026445996,0.00039816316,0.0025712866,0.00043493396,0.018146012,0.9776374,0.00054772565
ISIC_0028785,HAM_0005914,nv,0,0.00018376039,0.00012469153,0.003661391,0.00042078338,0.024357501,0.970696,0.0005558432
ISIC_0028384,HAM_0005817,nv,0,6.568523e-05,5.2378924e-05,0.9913419,2.2622711e-05,0.0018343717,0.006671403,1.1730084e-05
ISIC_0030155,HAM_0005817,nv,0,0.00015424432,0.00087175384,0.077348255,0.0013648567,0.004404211,0.91466874,0.0011879642
ISIC_0029247,HAM_0002708,nv,0,1.018527e-05,2.6572272e-06,0.0008674745,8.616201e-06,0.099972144,0.89911586,2.3067167e-05
ISIC_0024752,HAM_0002708,nv,0,0.00012931666,8.384549e-05,0.0008980749,4.058658e-05,0.13292728,0.86554074,0.00038011294
ISIC_0028272,HAM_0001306,nv,0,5.559709e-05,0.019541187,0.0027392795,4.6361274e-05,0.043256283,0.9335497,0.0008116105
ISIC_0026603,HAM_0001306,nv,0,0.0030049381,0.008963626,0.011154935,0.0032477758,0.09052359,0.88044125,0.0026639036
ISIC_0028042,HAM_0003579,nv,0,0.00047895935,0.0023007903,0.009404805,0.00019530808,0.0036303282,0.98222256,0.0017671981
ISIC_0030229,HAM_0003579,nv,0,0.0003137703,0.008761335,0.034775626,4.5482717e-05,0.004886352,0.9508749,0.00034261914
ISIC_0025278,HAM_0002795,nv,0,0.00042568997,0.0006221583,0.009560632,0.0032757672,0.0013802764,0.98283756,0.0018979862
ISIC_0032312,HAM_0002795,nv,0,0.0019127476,0.0039037396,0.067197494,0.009301572,0.0080965655,0.90653116,0.0030567576
ISIC_0029055,HAM_0002296,nv,0,0.00040779324,0.0010658796,0.009396937,0.0006189965,0.025675038,0.96043146,0.0024039391
ISIC_0026834,HAM_0002296,nv,0,0.0026916668,0.003281931,0.020288376,0.005120428,0.16094965,0.79876745,0.008900444
ISIC_0026657,HAM_0002768,nv,0,4.4664648e-05,0.00024835466,0.0006249032,7.417452e-05,0.012736554,0.9860643,0.00020702615
ISIC_0028067,HAM_0002768,nv,0,0.0013929472,0.0016635674,0.0052316883,0.0017419653,0.3745469,0.6134488,0.0019741321
ISIC_0029794,HAM_0006734,nv,0,0.011965433,0.46516794,0.15055116,0.022082115,0.024894465,0.31988555,0.0054533374
ISIC_0030589,HAM_0005829,nv,0,0.0003354754,0.55816674,0.008152963,0.00078618544,0.006944431,0.41315806,0.012456121
ISIC_0030091,HAM_0005829,nv,0,0.00021563834,0.0018447409,0.6539174,0.00023278936,0.015671873,0.32774252,0.00037491554
ISIC_0026942,HAM_0006553,nv,0,0.0018835397,0.0002515365,0.26438314,0.0004988751,0.0090574045,0.72367805,0.00024741443
ISIC_0030410,HAM_0006553,nv,0,0.0004697433,0.00039008525,0.238315,0.000578916,0.006205051,0.7536996,0.0003416095
ISIC_0029786,HAM_0007058,nv,0,0.0001204538,7.981092e-05,0.006753429,0.0040352303,0.83613706,0.15239406,0.0004800512
ISIC_0027642,HAM_0007058,nv,0,0.000334349,0.0061741676,0.08703214,0.0063865446,0.3324801,0.5663493,0.0012433197
ISIC_0029592,HAM_0006756,nv,0,0.000104920415,0.0069379117,0.818799,0.047939938,0.00065356586,0.119242676,0.0063220006
ISIC_0026037,HAM_0006756,nv,0,0.0008372046,0.0738578,0.66395134,0.033522006,0.0009818006,0.21948817,0.0073617296
ISIC_0030299,HAM_0006554,nv,0,0.0029512034,0.0014257109,0.018649517,0.003858566,0.5199245,0.4493446,0.0038458987
ISIC_0028866,HAM_0006554,nv,0,0.0033207124,0.0014180221,0.019582586,0.001950332,0.096945725,0.87072605,0.006056519
ISIC_0030479,HAM_0007566,nv,0,0.001327266,0.001183684,0.011699059,0.0014694983,0.39064768,0.5923915,0.0012813519
ISIC_0028834,HAM_0007566,nv,0,0.010598008,0.0012688619,0.02424499,0.0012796097,0.36461905,0.5956916,0.0022978422
ISIC_0033234,HAM_0003361,nv,0,0.0003955714,0.0004106617,0.0017784281,0.0015415103,0.07975873,0.91575813,0.00035687617
ISIC_0033682,HAM_0003365,nv,0,0.0005128349,0.00010384897,0.002362627,0.00023811973,0.03587161,0.96055967,0.0003512244
ISIC_0033890,HAM_0003365,nv,0,0.007210596,0.0020944057,0.09392884,0.002372613,0.23152512,0.65831137,0.0045571392
ISIC_0034270,HAM_0003368,nv,0,0.0055721807,0.005842572,0.0063315523,0.0031892215,0.1948455,0.7822276,0.0019913986
ISIC_0029401,HAM_0001009,nv,0,0.002283331,0.0015198324,0.0031484931,0.97398484,0.0018767513,0.013646348,0.0035404032
ISIC_0032880,HAM_0001930,nv,0,0.00017205879,0.00029362852,0.0016997482,0.0005662548,0.018696062,0.9777901,0.00078217196
ISIC_0032600,HAM_0001930,nv,0,0.00023787738,0.00027337015,0.0016143468,0.00039574775,0.76131105,0.23530129,0.0008663939
ISIC_0032791,HAM_0001930,nv,0,0.0028288516,0.0020917386,0.009050848,0.0039752643,0.2697142,0.7072652,0.0050739846
ISIC_0034212,HAM_0003755,nv,0,0.0003083148,5.8887985e-05,0.0046736933,8.072996e-05,0.10944478,0.8852917,0.0001418856
ISIC_0033489,HAM_0003755,nv,0,0.00077926024,0.00020718631,0.0027927933,0.00028048485,0.04076581,0.9546349,0.0005394894
ISIC_0033040,HAM_0007478,nv,0,0.00047312843,0.0005112185,0.0025798786,0.0006430893,0.026780177,0.967928,0.001084458
ISIC_0034238,HAM_0002712,nv,0,0.0019095187,0.0011925068,0.0708664,0.0012446155,0.037453923,0.8851215,0.0022114324
ISIC_0033542,HAM_0001613,nv,0,0.00010402935,6.345205e-05,0.00018392687,0.00017968404,0.008350244,0.990859,0.00025970518
ISIC_0032748,HAM_0001613,nv,0,8.5292086e-05,4.283593e-05,0.00013513256,0.00016976791,0.0030363973,0.99629116,0.0002394575
ISIC_0033208,HAM_0004345,nv,0,0.0022454513,0.0017362636,0.036442026,0.0009237395,0.3076852,0.65048045,0.00048686707
ISIC_0032647,HAM_0003814,nv,0,0.0012248944,0.0017355435,0.0026891173,0.000762228,0.01842887,0.9748794,0.00027993304
ISIC_0033290,HAM_0006233,nv,0,0.0008558148,0.0007390045,0.0040132026,0.0010658551,0.017589116,0.9731232,0.002613839
ISIC_0033421,HAM_0004196,nv,0,0.0008476858,0.00020940376,0.0026176434,0.0011079789,0.08343211,0.91131777,0.00046733473
ISIC_0033467,HAM_0004197,nv,0,0.0008313251,0.0005175362,0.0062234937,0.00078845874,0.028171534,0.96263295,0.0008346384
ISIC_0033797,HAM_0004205,nv,0,5.211889e-05,8.672001e-05,0.002603556,0.0005190686,0.019116148,0.97746605,0.00015634154
ISIC_0032759,HAM_0004186,nv,0,0.00057754724,0.0009064551,0.001290845,0.0030265625,0.03208588,0.9618098,0.00030280263
ISIC_0033877,HAM_0004237,nv,0,0.00047894687,0.0023378879,0.0030424576,0.00054001715,0.005257143,0.9881819,0.00016172329
ISIC_0032738,HAM_0007191,nv,0,0.00019499374,5.834724e-05,0.0045526545,0.00013861175,0.047406375,0.94752914,0.000119838296
ISIC_0033597,HAM_0005439,nv,0,0.000115087576,0.0011264475,0.0004357618,0.000107014595,0.0012247171,0.99692094,7.006218e-05
ISIC_0032814,HAM_0001366,nv,0,0.00070152443,0.00032487107,0.009566968,0.00091248605,0.061932538,0.92579865,0.00076291396
ISIC_0033515,HAM_0002402,nv,0,0.0014902285,0.001508734,0.028961727,0.0022807322,0.30899322,0.65538704,0.0013782629
ISIC_0034195,HAM_0003300,nv,0,0.00012729956,0.00018076392,0.002987513,0.00025250122,0.32456514,0.67169225,0.00019454974
ISIC_0034040,HAM_0003808,bkl,0,0.0007306048,0.00089425466,0.5000848,0.0003776968,0.06323325,0.4343302,0.00034923066
ISIC_0028014,HAM_0005696,nv,0,0.0010220378,0.08783315,0.48153293,0.00117919,0.0285864,0.39123616,0.008610124
ISIC_0025499,HAM_0005696,nv,0,0.0049635926,0.01053681,0.108140655,0.0018234552,0.13487324,0.7345302,0.0051320666
ISIC_0032379,HAM_0005522,nv,0,0.0003454019,0.0035551784,0.020264646,0.0015333388,0.052328706,0.919867,0.0021057448
ISIC_0029368,HAM_0005522,nv,0,0.001789252,0.0034184088,0.067676686,0.0027111585,0.054313928,0.8686628,0.0014278358
ISIC_0024437,HAM_0002566,nv,0,0.0025620984,0.0031739455,0.23334841,0.002298655,0.09914351,0.65683955,0.0026337903
ISIC_0031105,HAM_0002566,nv,0,0.0030731247,0.031725213,0.030982742,0.003236976,0.04620109,0.8562059,0.028574953
ISIC_0028618,HAM_0001633,nv,0,0.048573248,0.031288743,0.058629267,0.01815744,0.094083324,0.74448615,0.004781722
ISIC_0031488,HAM_0001633,nv,0,0.019598305,0.33953932,0.09888454,0.0019598436,0.14095815,0.39760748,0.0014523757
ISIC_0031547,HAM_0000102,nv,0,6.344027e-05,0.0023713235,0.0048355768,0.00015782657,0.005453373,0.98666406,0.00045436886
ISIC_0032221,HAM_0000102,nv,0,0.0019995891,0.0089215,0.01903823,0.004327363,0.13346277,0.83098483,0.001265717
ISIC_0029659,HAM_0000673,akiec,0,0.98965985,0.002093383,0.0072934674,8.9405185e-06,0.00072222855,0.00020346142,1.8727134e-05
ISIC_0026575,HAM_0006875,akiec,0,0.43325922,0.024126433,0.5309023,2.5443276e-05,0.009696386,0.0019721999,1.7967686e-05
ISIC_0030586,HAM_0006875,akiec,0,0.06971974,0.011623064,0.8859648,2.4087829e-05,0.031047968,0.0015385207,8.187296e-05
ISIC_0026872,HAM_0006746,akiec,0,0.72082406,0.00022138939,0.034672543,0.18799305,0.037342366,0.018842202,0.00010438095
ISIC_0026362,HAM_0005301,akiec,0,0.07045557,0.002338782,0.19297042,0.0026656352,0.6169382,0.11373958,0.0008917978
ISIC_0026411,HAM_0004846,akiec,0,0.9902288,0.00591451,0.0021363324,0.00081225,0.0007658567,0.00012000178,2.2195898e-05
ISIC_0031918,HAM_0003141,akiec,0,0.9465266,0.009048454,0.01228052,0.0052611395,0.021530172,0.0052915923,6.149223e-05
ISIC_0027231,HAM_0005310,akiec,0,0.778016,0.015386276,0.08782859,0.00036490703,0.011941671,0.10616428,0.00029820958
ISIC_0024843,HAM_0004376,akiec,0,0.9646292,0.00017859855,0.002278033,0.00025736445,0.024620024,0.007999809,3.70132e-05
ISIC_0029067,HAM_0000498,akiec,0,0.977997,0.00038973754,0.004325918,0.0026630985,0.009843317,0.0047522243,2.8732471e-05
ISIC_0030191,HAM_0003161,akiec,0,0.1790897,0.0022178472,0.06528872,0.00034202135,0.7266495,0.026205348,0.00020685713
ISIC_0027577,HAM_0005958,akiec,0,0.92645395,0.00068650726,0.015087426,0.00088455767,0.05619148,0.00064732786,4.8628313e-05
ISIC_0027678,HAM_0003586,akiec,0,0.9997961,1.1270087e-06,3.7146692e-05,1.2459451e-06,0.00016246719,1.9185968e-06,6.3136035e-08
ISIC_0025712,HAM_0005117,akiec,0,0.9771568,0.00018283621,0.011737484,7.067414e-05,0.010633117,0.00019523434,2.39001e-05
ISIC_0032422,HAM_0004384,akiec,0,0.9966955,0.00020822063,0.0022776888,3.6889849e-06,0.00021143895,0.0005875352,1.5947551e-05
ISIC_0030826,HAM_0004384,akiec,0,0.9958477,0.0017341577,0.0017878606,2.0485064e-05,0.00040274963,0.00013168463,7.5205375e-05
ISIC_0029932,HAM_0004722,akiec,0,0.75597197,0.0003942407,0.005476493,0.001199598,0.23420757,0.0026784372,7.164077e-05
ISIC_0024575,HAM_0004722,akiec,0,0.91344786,0.0024659552,0.0041498556,0.00036396552,0.07772353,0.0018403139,8.540076e-06
ISIC_0025089,HAM_0002705,akiec,0,0.0026491263,0.000103971695,0.15717041,7.225664e-05,0.8133825,0.026445102,0.00017664503
ISIC_0027178,HAM_0002705,akiec,0,0.13759686,0.0008241846,0.44092184,0.00080477644,0.34933606,0.069814816,0.0007013761
ISIC_0028190,HAM_0002734,akiec,0,0.9937505,0.00027549185,0.0023279446,1.8935769e-05,0.0025113297,0.0009628145,0.00015293052
ISIC_0029371,HAM_0005264,akiec,0,0.043078646,0.7631095,0.16011003,0.00036763918,0.005439307,0.022052674,0.005842137
ISIC_0031659,HAM_0005264,akiec,0,0.6454449,0.049458113,0.2805395,0.0050349245,0.013145715,0.0056196507,0.00075716095
ISIC_0024946,HAM_0005264,akiec,0,0.5524965,0.28186798,0.13973545,0.015554872,0.0077114166,0.0017270126,0.00090687984
ISIC_0031211,HAM_0004563,akiec,0,0.998993,2.0069727e-05,0.00045651136,0.00029206672,0.00015512848,8.199932e-05,1.192205e-06
ISIC_0029610,HAM_0005459,akiec,0,0.22136624,0.0007278028,0.11769729,0.015099935,0.31398433,0.32830572,0.0028186734
ISIC_0029840,HAM_0004809,akiec,0,0.9980558,0.0005575192,0.0009796298,0.0002993112,9.293121e-05,8.099736e-06,6.7505775e-06
ISIC_0032397,HAM_0005459,akiec,0,0.37159514,0.00016771609,0.12704457,0.00434761,0.39456087,0.10208299,0.00020109778
ISIC_0029268,HAM_0005459,akiec,0,0.040284052,0.00028640984,0.6121465,0.011109637,0.12313523,0.21269031,0.0003478997
ISIC_0032897,HAM_0000462,akiec,0,0.0001273633,1.2700384e-05,0.9857373,0.000732645,0.005609961,0.0077622877,1.7585835e-05
ISIC_0026132,HAM_0004992,akiec,0,0.6542847,0.24713065,0.088589825,0.001461698,0.0032175393,0.0050806263,0.00023489363
ISIC_0031228,HAM_0006524,akiec,0,0.9958538,6.988821e-05,7.0277594e-05,2.8311055e-05,0.0035248715,0.00044513828,7.681828e-06
ISIC_0024763,HAM_0006524,akiec,0,0.78542054,0.0010617814,0.017188434,5.75511e-05,0.19340123,0.0027188044,0.00015162754
ISIC_0024329,HAM_0002954,akiec,0,0.032630082,0.96593684,0.0010607583,8.280644e-06,9.8191835e-05,0.00026226274,3.46951e-06
ISIC_0032404,HAM_0007038,akiec,0,0.99993324,5.512608e-06,5.1203944e-05,4.604515e-06,4.643896e-06,6.0754536e-07,1.7628923e-07
ISIC_0031927,HAM_0001277,akiec,0,0.5200919,0.00027460617,0.3392309,0.0010034498,0.03455643,0.10476376,7.891697e-05
ISIC_0024800,HAM_0007088,akiec,0,0.1376719,0.008150966,0.53253925,0.0010933056,0.041178156,0.27763596,0.0017304604
ISIC_0026848,HAM_0007308,akiec,0,0.11942218,0.22983007,0.43032804,0.005305355,0.07630913,0.040751204,0.098054074
ISIC_0032206,HAM_0001302,akiec,0,0.55846095,0.043021705,0.13059887,0.03788831,0.104563296,0.11121595,0.014250979
ISIC_0032199,HAM_0000361,akiec,0,0.6327202,0.00074566936,0.2909898,6.8477195e-05,0.06963107,0.0057406574,0.00010416153
ISIC_0033869,HAM_0000462,akiec,0,0.000890435,5.5261717e-05,0.94579226,0.0003420332,0.030999852,0.021853007,6.711092e-05
ISIC_0029830,HAM_0006024,akiec,0,0.02479251,0.22468948,0.6717421,7.461476e-05,0.056871086,0.021441622,0.0003886208
ISIC_0027884,HAM_0006024,akiec,0,0.10236214,0.18220924,0.65375805,7.0414244e-05,0.052035436,0.0072100274,0.0023546803
ISIC_0031108,HAM_0004809,akiec,0,0.99982387,3.784642e-05,8.63158e-05,2.0547768e-06,4.478624e-05,4.880502e-06,2.5139028e-07
ISIC_0029025,HAM_0004384,akiec,0,0.9965917,0.0014740874,0.0018865041,3.5120054e-06,3.3001976e-05,8.8075685e-06,2.3347147e-06
ISIC_0030698,HAM_0006574,bkl,0,3.4141798e-05,0.00029072855,0.95314735,0.000101118305,0.0011132241,0.045114085,0.0001993156
ISIC_0025567,HAM_0006574,bkl,0,0.00014901329,0.0007147748,0.9438984,0.00035014114,0.0020159998,0.052774355,9.7304015e-05
ISIC_0029161,HAM_0000164,bkl,0,0.0010450038,0.002119156,0.0585296,0.08906088,0.1822945,0.060882885,0.606068
ISIC_0026273,HAM_0000164,bkl,0,0.0024250078,0.024127064,0.51177394,0.113042414,0.2076805,0.037179973,0.1037711
ISIC_0025140,HAM_0000907,bkl,0,0.0013827478,0.0011273859,0.014446712,0.00024965618,0.85726726,0.122126915,0.003399296
ISIC_0025554,HAM_0000907,bkl,0,0.01061197,0.0002147543,0.7510664,0.0009559908,0.21920931,0.017899005,4.2540963e-05
ISIC_0025063,HAM_0002985,bkl,0,0.0073187626,0.000232314,0.19448821,4.977999e-05,0.75689226,0.04085283,0.00016580676
ISIC_0029418,HAM_0004673,bkl,0,0.00027842753,0.00025185323,0.022931391,0.00031648547,0.7168179,0.25873265,0.00067130505
ISIC_0027455,HAM_0004673,bkl,0,0.0009921613,0.0043195537,0.20701063,0.002709582,0.5126253,0.2704814,0.0018614616
ISIC_0028308,HAM_0003752,bkl,0,0.5130767,0.3161103,0.116207376,0.0059325914,0.008990883,0.038394794,0.0012873448
ISIC_0026018,HAM_0005883,bkl,0,0.0034236228,0.00020606954,0.4153714,0.000614837,0.53712445,0.042726103,0.00053356384
ISIC_0025376,HAM_0006580,bkl,0,0.0049962685,0.0031659312,0.8650905,0.0019959474,0.034250677,0.09002696,0.00047361403
ISIC_0024726,HAM_0005125,bkl,0,0.00019525552,3.5516507e-05,0.92324054,3.284599e-05,0.027284997,0.049161848,4.8931746e-05
ISIC_0025693,HAM_0002879,bkl,0,0.00028859798,0.00092512526,0.944825,3.8505867e-05,0.051176853,0.0026324338,0.00011344907
ISIC_0031334,HAM_0006310,bkl,0,0.00028692256,5.1737898e-06,0.99960667,5.971875e-08,9.059814e-05,1.04766195e-05,1.4872553e-07
ISIC_0024336,HAM_0006732,bkl,0,0.00081768644,0.0009071816,0.96211624,0.00010696762,0.026045678,0.009992482,1.3719511e-05
ISIC_0028343,HAM_0004343,bkl,0,0.12769838,0.0048345923,0.5604769,0.025336932,0.26236153,0.01680496,0.002486673
ISIC_0026717,HAM_0002527,bkl,0,0.00017157555,7.336904e-05,0.98782724,1.0222382e-05,0.010716066,0.0011895709,1.1854563e-05
ISIC_0031511,HAM_0006601,bkl,0,5.1620395e-06,1.328523e-05,0.9989366,0.00010544294,0.00028177546,0.00064595847,1.1769332e-05
ISIC_0032359,HAM_0002419,bkl,0,6.1212406e-05,0.0003130504,0.98516685,0.00017171327,0.0005761506,0.013040827,0.00067021174
ISIC_0026473,HAM_0003110,df,0,0.21877311,0.011592582,0.040999305,0.63040036,0.055269033,0.041032635,0.0019329105
ISIC_0032114,HAM_0003110,df,0,0.027119048,0.0032506185,0.022346104,0.94252384,0.0044242446,0.00023379199,0.00010240799
ISIC_0026789,HAM_0003110,df,0,0.7454852,0.004515156,0.021382574,0.21596278,0.008997603,0.0032830092,0.000373684
ISIC_0029281,HAM_0001726,mel,0,0.001680664,0.00021812762,0.0049583637,0.000557315,0.8143873,0.1780316,0.00016666946
ISIC_0024367,HAM_0001726,mel,0,0.00042188272,4.052771e-05,0.0014142175,8.450189e-05,0.9182589,0.07976567,1.429076e-05
ISIC_0024898,HAM_0002534,mel,0,0.0031806275,0.0023827082,0.025698151,0.002769058,0.13226761,0.82778984,0.005911999
ISIC_0029538,HAM_0002534,mel,0,0.0005911121,0.0006696354,0.5049032,0.00076520693,0.06857649,0.42369938,0.0007949786
ISIC_0024675,HAM_0001600,mel,0,0.00027646736,0.00054336875,0.04079948,0.00042907847,0.48606873,0.47126472,0.00061817444
ISIC_0025891,HAM_0001600,mel,0,0.008291683,0.006032581,0.0810257,0.008296215,0.3417321,0.54755366,0.0070680967
ISIC_0033312,HAM_0007117,mel,0,4.780973e-05,9.426135e-06,0.0022738446,5.2251908e-05,0.88993675,0.10765693,2.3021545e-05
ISIC_0025835,HAM_0001456,mel,0,0.00053792185,0.005547082,0.03109163,0.00055967015,0.12688908,0.8345144,0.0008601692
ISIC_0030828,HAM_0001456,mel,0,0.0046722814,0.025397241,0.10174979,0.005839739,0.38466233,0.4759366,0.0017420287
ISIC_0032847,HAM_0002004,mel,0,0.00036638885,9.971879e-05,0.0019029332,0.00024033524,0.622416,0.37473035,0.00024426155
ISIC_0033654,HAM_0002004,mel,0,0.0006151634,0.000122328,0.0013730564,0.0006046388,0.25870317,0.73815644,0.00042522282
ISIC_0032511,HAM_0003620,mel,0,0.00031152394,0.00016276247,0.0022042636,3.6519214e-05,0.9956866,0.0015786474,1.9562693e-05
ISIC_0033687,HAM_0007117,mel,0,6.123479e-05,5.1678207e-06,0.005358713,0.00022651527,0.8841379,0.11018353,2.6908217e-05
ISIC_0034085,HAM_0007117,mel,0,1.4708703e-05,1.0187857e-05,0.002725536,3.5302313e-05,0.79277205,0.20442106,2.1223823e-05
ISIC_0033546,HAM_0000055,mel,0,1.2000527e-05,4.796127e-06,0.00059014023,0.00041897962,0.571304,0.427643,2.7022286e-05
ISIC_0032723,HAM_0005992,mel,0,7.9123616e-05,7.800419e-05,0.0044288198,7.629211e-05,0.7932142,0.2020608,6.277444e-05
ISIC_0032751,HAM_0005992,mel,0,0.0001396693,0.00010433747,0.0016360796,0.00011280893,0.51726663,0.48066765,7.282117e-05
ISIC_0032597,HAM_0005992,mel,0,0.0020059007,0.00031357163,0.054662943,0.00038591435,0.77568185,0.16657355,0.00037618942
ISIC_0032982,HAM_0002841,mel,0,0.024106603,0.021183565,0.012105583,0.010355057,0.08792893,0.83940303,0.004917174
ISIC_0033196,HAM_0002841,mel,0,0.017867124,0.004670584,0.012929893,0.0024455232,0.66584074,0.29538104,0.00086513284
ISIC_0032653,HAM_0002841,mel,0,0.0007826694,0.0011575607,0.0011205454,0.0020851379,0.04280599,0.9513476,0.000700533
ISIC_0032687,HAM_0001344,mel,0,3.7702426e-05,4.358144e-07,0.00013569917,0.0005873317,0.9875386,0.011697783,2.4854785e-06
ISIC_0033055,HAM_0001344,mel,0,0.0020365375,9.613418e-06,0.003593379,0.0016003847,0.96101975,0.03170009,4.014957e-05
ISIC_0032862,HAM_0000176,mel,0,0.00015914375,0.0959383,0.010364169,1.2543699e-05,0.008078889,0.0018334296,0.88361365
ISIC_0033073,HAM_0000176,mel,0,0.0019666248,0.7821948,0.10474531,6.4346124e-05,0.039590646,0.0036582218,0.06778013
ISIC_0033696,HAM_0000176,mel,0,8.065146e-05,0.0054237037,0.001347807,8.401919e-06,0.035525408,0.00021402785,0.9574
ISIC_0028148,HAM_0003176,mel,0,0.001562786,0.0015092083,0.011077497,0.0014446918,0.1736976,0.80805725,0.0026509226
ISIC_0028198,HAM_0005064,mel,0,0.0021971418,0.0012206989,0.006068832,0.00088435994,0.26437315,0.7236614,0.0015944664
ISIC_0027144,HAM_0005064,mel,0,0.010420525,0.005611021,0.020908603,0.0032679846,0.21105345,0.7443547,0.004383725
ISIC_0030756,HAM_0003176,mel,0,0.00021985298,9.3942435e-05,0.0012122843,6.3492655e-05,0.11207067,0.8860149,0.0003249601
ISIC_0027552,HAM_0007091,mel,0,0.00018049008,0.08705496,0.0044257394,0.00014018656,0.85134804,0.051098544,0.0057521425
ISIC_0027620,HAM_0002534,mel,0,0.0012034979,0.0010381376,0.008130485,0.0025572951,0.010252112,0.97517085,0.0016477326
ISIC_0024700,HAM_0001726,mel,0,0.0052747675,0.0030009309,0.03852009,0.0035626674,0.08416612,0.8622162,0.00325931
ISIC_0029843,HAM_0006257,mel,0,0.0057438975,0.0009906844,0.04773805,0.0024665436,0.39869598,0.5406419,0.003722983
ISIC_0031494,HAM_0007238,mel,0,0.017128631,0.00037599765,0.007977353,0.0058431257,0.5892429,0.37918898,0.000243057
ISIC_0028306,HAM_0007238,mel,0,0.38502026,0.0023725515,0.002892163,0.0026667493,0.57217824,0.034599416,0.00027058902
ISIC_0032076,HAM_0005155,vasc,0,2.5778513e-06,0.00017664388,1.3881084e-05,2.5034358e-06,0.00084512046,3.1764605e-05,0.9989274
ISIC_0025321,HAM_0005155,vasc,0,0.0017635045,0.014585554,0.0037508754,0.001370787,0.03565825,0.007688865,0.9351822
ISIC_0025244,HAM_0000845,vasc,0,0.0015312097,0.008295505,0.026037738,0.00013906114,0.07549668,0.009875566,0.87862414
ISIC_0031065,HAM_0000109,vasc,0,1.6917977e-06,3.946912e-05,1.8148774e-05,3.3201245e-06,0.00036544804,3.2796775e-05,0.99953926
ISIC_0025731,HAM_0003981,bcc,0,0.00045861967,0.9844499,0.003574528,7.5636353e-06,0.0055795466,0.005511509,0.00041839015
ISIC_0028670,HAM_0003981,bcc,0,8.0782964e-05,0.99063677,0.001904045,8.940694e-06,0.00024432736,0.007103351,2.1835427e-05
ISIC_0034058,HAM_0000263,bcc,0,3.143895e-05,0.9999486,6.389836e-06,1.7410562e-06,6.429244e-06,4.3641644e-06,9.055976e-07
ISIC_0033001,HAM_0000263,bcc,0,4.803512e-06,0.999982,1.1216554e-05,1.459567e-07,5.8022175e-07,6.65859e-07,5.8865675e-07
ISIC_0032741,HAM_0005478,bcc,0,0.037563212,0.5866553,0.24864464,0.0002816352,0.11827489,0.008242814,0.00033749716
ISIC_0033301,HAM_0005478,bcc,0,0.00306339,0.58119345,0.32627854,0.00020305424,0.07853076,0.010315211,0.00041561044
ISIC_0030230,HAM_0007588,bcc,0,0.002168936,0.0027800766,0.0016042741,0.001706747,0.031211056,0.9604134,0.000115577706
ISIC_0031728,HAM_0007588,bcc,0,0.13932309,0.54860497,0.038636606,0.07859085,0.0169162,0.17653142,0.001396866
ISIC_0031526,HAM_0007588,bcc,0,0.08120107,0.23744403,0.20961125,0.014628817,0.053040594,0.4019528,0.0021214648
ISIC_0029524,HAM_0003191,bcc,0,0.0022013378,0.97393656,0.013239183,0.001452617,0.006953477,0.0020846073,0.00013214762
ISIC_0028050,HAM_0003191,bcc,0,0.009912324,0.9554064,0.0076890327,0.00037367237,0.009095888,0.017366609,0.00015608878
ISIC_0028964,HAM_0000092,bcc,0,0.45011193,0.37237245,0.04094281,0.013563058,0.033926997,0.08435345,0.0047293394
ISIC_0030292,HAM_0002387,nv,0,5.8450623e-05,3.582401e-05,0.00026963832,0.00013880678,0.00039048606,0.99886346,0.00024331003
ISIC_0024512,HAM_0000539,nv,0,0.0008212907,0.0044452595,0.07492211,0.036446173,0.011641411,0.58243376,0.28928995
ISIC_0024868,HAM_0003080,nv,0,0.000136749,0.00042346545,0.0002766344,0.00045367936,0.000973128,0.997168,0.0005683677
ISIC_0025298,HAM_0002815,nv,0,0.00036969557,6.221775e-05,0.0054752612,0.00017618402,0.020303814,0.9731848,0.00042803818
ISIC_0025054,HAM_0005864,nv,0,0.014307571,0.052783895,0.030144477,0.014935137,0.022637505,0.82834387,0.036847476
ISIC_0030049,HAM_0007469,nv,0,0.0032305056,0.0006070432,0.015013433,0.035559904,0.5302753,0.40861437,0.006699524
ISIC_0031279,HAM_0006339,nv,0,6.737236e-05,4.4131237e-05,0.00062497397,0.00022513444,0.0016830857,0.997212,0.00014329862
ISIC_0024803,HAM_0001168,nv,0,0.0012432222,0.0017386711,0.0020056055,0.001849044,0.0031549071,0.9786911,0.01131739
ISIC_0029111,HAM_0003964,nv,0,7.0218535e-05,0.0001880544,0.01008922,0.00036129938,0.0026489815,0.98627627,0.00036599897
ISIC_0025146,HAM_0000228,nv,0,0.00081111456,0.00033896696,0.0046582804,0.00072956533,0.033554345,0.9596181,0.00028960936
ISIC_0032202,HAM_0001170,nv,0,9.142038e-05,3.264675e-05,0.00045828611,0.00016625365,0.10656173,0.89260834,8.141347e-05
ISIC_0032039,HAM_0005654,nv,0,0.0003389685,0.0002062294,0.00094611273,8.7393e-05,0.0018229566,0.9964636,0.00013477381
ISIC_0027621,HAM_0003595,nv,0,0.003552593,0.0055922847,0.041654594,0.0015562766,0.014449456,0.90796244,0.025232354
ISIC_0032336,HAM_0002460,nv,0,7.621237e-06,1.6392707e-05,9.098968e-06,3.5549947e-05,6.119828e-05,0.99983764,3.2459353e-05
ISIC_0024776,HAM_0000209,nv,0,0.00036771403,0.0002687047,0.0008807863,0.00042081758,0.016795384,0.98077756,0.000489094
ISIC_0027765,HAM_0005307,nv,0,8.470822e-05,8.912312e-05,0.0005494897,0.00010787323,0.00053163926,0.9983316,0.00030562782
ISIC_0027400,HAM_0002062,nv,0,0.00019015484,0.000105583465,0.00032682242,0.00045454796,0.001960961,0.99662006,0.0003418054
ISIC_0030560,HAM_0007424,nv,0,3.513616e-05,0.00016802248,6.727847e-05,0.00038397178,0.00047562213,0.998226,0.0006439382
ISIC_0031656,HAM_0000471,nv,0,0.00050455803,0.0009228937,0.0036742105,0.0006077669,0.0014933288,0.9914061,0.0013911055
ISIC_0024807,HAM_0006922,nv,0,0.002873579,0.0019659298,0.0035878087,0.0025427379,0.0020664546,0.9824468,0.004516734
ISIC_0030775,HAM_0006665,nv,0,0.0001520851,0.00015787946,0.00011644133,0.00024570854,0.000603916,0.99856156,0.00016249606
ISIC_0024321,HAM_0003511,nv,0,3.6800047e-06,0.00080644863,1.9870178e-05,0.00027079668,8.874485e-06,0.9988558,3.4496392e-05
ISIC_0027807,HAM_0005406,nv,0,0.00027097185,7.898465e-05,0.00075480074,0.0007705318,0.0048489263,0.99263024,0.0006455368
ISIC_0026200,HAM_0007198,nv,0,0.00016585772,0.0052747466,0.1661009,0.0003710899,0.0020566944,0.8255591,0.0004716068
ISIC_0025925,HAM_0000803,nv,0,0.00024618764,0.00010138306,0.0012212669,0.00020205085,0.004761761,0.9930616,0.0004058019
ISIC_0028612,HAM_0002403,nv,0,0.0005551925,0.0004607097,0.00085168536,0.00096276205,0.0035131571,0.9916699,0.0019866098
ISIC_0029168,HAM_0003147,nv,0,0.0022377754,0.0006406041,0.0046526785,0.0012063165,0.24472341,0.74490225,0.0016368857
ISIC_0026734,HAM_0007161,nv,0,0.00021885721,0.00020792145,0.00019751803,0.00042136232,0.0005660403,0.9981645,0.00022396755
ISIC_0028514,HAM_0002311,nv,0,0.00036236257,0.0002845432,0.0012480229,0.0010906787,0.0055105328,0.9910053,0.0004986013
ISIC_0027895,HAM_0001653,nv,0,9.380185e-05,0.00051432446,0.0002360309,0.000404785,0.00022740621,0.9967403,0.0017832431
ISIC_0031260,HAM_0001114,nv,0,0.0015615904,0.0021989278,0.0040264823,0.0034200496,0.008436075,0.97630966,0.0040470557
ISIC_0030975,HAM_0005767,nv,0,2.2189633e-05,0.0015298609,8.765866e-05,5.8647238e-05,6.312936e-05,0.99816567,7.2883675e-05
ISIC_0029542,HAM_0006388,nv,0,0.00018947189,0.00061563606,0.0018337216,0.00042124244,0.0007050384,0.99386406,0.002370938
ISIC_0029485,HAM_0004457,nv,0,1.3856908e-05,2.2239909e-05,0.00012668758,5.169425e-05,0.00011618157,0.99954504,0.00012420974
ISIC_0027032,HAM_0002093,nv,0,0.025529219,0.019796297,0.01388184,0.014686831,0.007313081,0.8979113,0.020881383
ISIC_0026461,HAM_0007523,nv,0,0.00012242467,2.2775763e-05,0.000609875,9.414955e-05,0.00041337067,0.99870193,3.550547e-05
ISIC_0029816,HAM_0003074,nv,0,0.00019170102,0.0014763243,0.00025996653,0.00063275726,0.0009477313,0.9951201,0.0013714097
ISIC_0032094,HAM_0006087,nv,0,0.0005898592,0.0009683954,0.004718959,0.00075151876,0.0044542556,0.98698366,0.0015333708
ISIC_0031244,HAM_0001822,nv,0,6.7696383e-06,8.521665e-05,1.4618932e-05,1.4775198e-05,2.0660165e-05,0.9997949,6.312654e-05
ISIC_0024939,HAM_0000074,nv,0,3.3547207e-05,0.00048412717,0.00031555785,5.633095e-05,8.572276e-05,0.99826306,0.0007617835
ISIC_0029858,HAM_0005965,nv,0,0.0007527274,0.0004568691,0.00068117195,0.0009360713,0.011599913,0.98500246,0.0005707018
ISIC_0027686,HAM_0002673,nv,0,0.009994328,0.014895091,0.354997,0.04692095,0.002042361,0.55700415,0.014146126
ISIC_0032216,HAM_0004123,nv,0,0.0027506123,0.009795024,0.004526943,0.0038437496,0.014121478,0.9612358,0.0037263301
ISIC_0029398,HAM_0002101,nv,0,0.0001599611,0.0001646312,0.0005632349,0.00030429076,0.0007738748,0.9977278,0.00030632457
ISIC_0027655,HAM_0006436,nv,0,0.0006397514,0.0015975799,0.008127828,0.0012310874,0.026851121,0.9417433,0.019809375
ISIC_0027372,HAM_0004567,nv,0,0.0054996875,0.009529579,0.010770623,0.0035526655,0.012453938,0.9437065,0.014487024
ISIC_0027955,HAM_0001099,nv,0,0.00017120465,7.618804e-05,0.0004104316,0.00027274803,0.00074271415,0.99815387,0.00017283268
ISIC_0030467,HAM_0004759,nv,0,0.0014814113,0.002592017,0.0034771445,0.0041760113,0.0033628182,0.9803057,0.0046049617
ISIC_0029042,HAM_0004040,nv,0,2.4816225e-05,5.9852202e-05,0.00016574604,2.3614315e-05,0.0004053632,0.9992016,0.00011916377
ISIC_0030252,HAM_0002263,nv,0,0.00011419087,0.00020690986,0.00020243683,0.000116996314,0.0007324163,0.99800736,0.00061974267
ISIC_0030309,HAM_0006322,nv,0,0.0030184267,0.00040176237,0.1470192,0.027976742,0.0033032445,0.817743,0.0005376826
ISIC_0031444,HAM_0006892,nv,0,0.00022911855,0.00019863022,0.0003493739,0.00010497267,0.0004394824,0.998547,0.00013127517
ISIC_0028134,HAM_0004022,nv,0,0.00041314485,0.00039424116,0.00097285863,0.00054158043,0.009007182,0.9866931,0.0019779732
ISIC_0024499,HAM_0000708,nv,0,0.00073605496,0.00039616163,0.0006551771,0.0002792278,0.0022580177,0.99523586,0.0004395032
ISIC_0030392,HAM_0003395,nv,0,1.1528066e-05,5.7016638e-05,0.00045662335,5.629114e-05,0.0027740877,0.996274,0.00037052602
ISIC_0024801,HAM_0003635,nv,0,0.00018422371,0.000107306194,0.00023662801,0.0002670088,0.0003852828,0.99825984,0.00055959285
ISIC_0030879,HAM_0002445,nv,0,0.023748236,0.0080114,0.07431603,0.0033451277,0.0038613859,0.87738484,0.009332963
ISIC_0024966,HAM_0004137,nv,0,0.0032230772,0.0014375636,0.004985365,0.0056268047,0.0059674657,0.9764349,0.0023248831
ISIC_0031788,HAM_0004490,nv,0,0.00013300088,0.0006226051,0.00050644064,0.00011437141,0.002055078,0.9955941,0.0009743182
ISIC_0024451,HAM_0003737,nv,0,8.220725e-06,5.2581265e-05,3.9696246e-05,0.005426771,0.0011943029,0.9930582,0.00022029772
ISIC_0026482,HAM_0006788,nv,0,0.0010516187,0.00032495667,0.0018039225,0.0018559652,0.007036714,0.9864622,0.0014646938
ISIC_0027556,HAM_0005916,nv,0,4.0327148e-05,2.2691422e-05,8.292953e-05,4.8095175e-05,0.00052634906,0.99916756,0.00011194681
ISIC_0031696,HAM_0006113,nv,0,0.0023676192,0.007156849,0.0052313306,0.000975698,0.012622058,0.9624396,0.009206927
ISIC_0032493,HAM_0007011,nv,0,6.946407e-05,0.00022010214,0.0001132358,6.092149e-05,3.3531385e-05,0.99942076,8.205447e-05
ISIC_0026306,HAM_0004456,nv,0,0.00019151391,0.0004945796,0.00032535667,0.00019834709,0.0020481201,0.99554354,0.0011986445
ISIC_0027845,HAM_0006167,nv,0,0.00073408254,0.000294242,0.0012935294,0.0002554788,0.01050044,0.9867357,0.00018658584
ISIC_0031530,HAM_0002852,nv,0,0.00057074026,0.0001562354,0.0015925855,0.00024081515,0.0017792017,0.9952383,0.00042208467
ISIC_0028458,HAM_0006680,nv,0,9.427564e-05,5.2666517e-05,8.702532e-05,0.00016050476,0.00036550226,0.9991548,8.5237974e-05
ISIC_0031265,HAM_0007357,nv,0,0.011006931,0.0021410547,0.02476361,0.0037489447,0.052335024,0.897534,0.008470338
ISIC_0024914,HAM_0000100,nv,0,0.00049446954,0.0007201759,0.0005831534,0.00079451164,0.00056598266,0.9964246,0.00041701715
ISIC_0030678,HAM_0006591,nv,0,0.0038652956,0.0010831556,0.01454141,0.0017911929,0.0025478909,0.97550696,0.00066409656
ISIC_0027180,HAM_0001063,nv,0,7.734587e-05,6.3713574e-05,0.00024942635,0.00024137794,0.00014800717,0.9990094,0.00021066796
ISIC_0028802,HAM_0005549,nv,0,0.000105861516,0.00061777927,0.00015078734,0.00014004752,0.00021878001,0.99755836,0.0012083205
ISIC_0026808,HAM_0004661,nv,0,6.2563486e-05,1.57698e-05,0.00019933117,4.8983024e-05,0.004751493,0.9948645,5.7305253e-05
ISIC_0025690,HAM_0007282,nv,0,0.0015760896,0.0013542887,0.0014209211,0.00014189744,0.0021363196,0.9925558,0.0008147227
ISIC_0029753,HAM_0005646,nv,0,0.00025037583,0.0003682572,0.0004663203,0.00023229145,0.00037176043,0.9978011,0.00050979876
ISIC_0031826,HAM_0000387,nv,0,0.00019946892,0.0009792476,0.00022557806,0.0003729439,0.006754966,0.9910506,0.00041710082
ISIC_0029672,HAM_0006880,nv,0,0.0005431572,0.0012172082,0.0006914521,0.0018287251,0.00064984197,0.9945214,0.00054818887
ISIC_0026095,HAM_0002297,nv,0,0.0003596557,0.00017767388,0.0016984234,0.00046779242,0.0005479489,0.99635243,0.0003960669
ISIC_0027207,HAM_0005138,nv,0,0.0010096646,0.0008465185,0.003434184,0.00078683096,0.0032098184,0.98946905,0.0012438216
ISIC_0031433,HAM_0007061,nv,0,0.0012493514,0.0007090685,0.0007717067,0.001487464,0.008119527,0.98699456,0.0006684252
ISIC_0027088,HAM_0002513,nv,0,0.001263694,0.00035749053,0.0018521865,0.00030886178,0.078475855,0.9154084,0.0023336045
ISIC_0031841,HAM_0005716,nv,0,0.00844744,0.007698508,0.014695593,0.003186234,0.0031204496,0.9576496,0.005202153
ISIC_0025522,HAM_0000454,nv,0,0.00047512277,0.00039882225,0.0009069901,0.0032396757,9.7529875e-05,0.9945766,0.00030520422
ISIC_0026707,HAM_0003247,nv,0,0.00087979354,0.0027946173,0.00091585313,0.0016101531,0.0029805095,0.9895744,0.0012447046
ISIC_0027848,HAM_0000930,nv,0,0.0022860388,0.008640545,0.08063046,0.0027421832,0.48169175,0.4232298,0.0007791642
ISIC_0028971,HAM_0000930,nv,0,0.00075184833,0.005661761,0.15163098,0.0013042681,0.16538993,0.6734687,0.0017924301
ISIC_0024642,HAM_0000947,nv,0,0.0008351396,0.0006441736,0.10924434,0.0034853483,0.023077996,0.86088514,0.001827814
ISIC_0025959,HAM_0000947,nv,0,0.00078222173,0.00063156895,0.014506006,0.0015085118,0.011182444,0.9686801,0.0027092684
ISIC_0028453,HAM_0002856,nv,0,0.0019761294,0.11147504,0.017306512,0.007629189,0.046956383,0.31380188,0.5008548
ISIC_0028154,HAM_0002856,nv,0,0.0010154833,0.052905004,0.009167467,0.001065185,0.16083102,0.6858662,0.089149676
ISIC_0031059,HAM_0002159,nv,0,0.0010978295,0.0005627248,0.122347146,0.00039899015,0.022107804,0.8422117,0.011273768
ISIC_0030355,HAM_0002159,nv,0,6.461547e-05,4.8344707e-05,0.003431041,4.807941e-05,0.003992412,0.99205047,0.0003650113
ISIC_0025610,HAM_0003308,nv,0,0.0004223767,0.004985905,0.039813057,0.00017160006,0.23643656,0.7155826,0.0025878623
ISIC_0024615,HAM_0003308,nv,0,0.0016921362,0.0011033603,0.029381093,0.0007402222,0.69608814,0.26931962,0.0016753594
ISIC_0028287,HAM_0006934,nv,0,5.710017e-05,0.00042381923,0.00017978533,0.00010987908,0.06023978,0.9388863,0.00010325739
ISIC_0030462,HAM_0004766,nv,0,0.00054889126,0.0005356616,0.001261786,0.00026658972,0.53812873,0.45905077,0.00020764484
ISIC_0024344,HAM_0000380,nv,0,0.0008395,0.0006752133,0.047270898,0.003995592,0.89488095,0.051810928,0.00052696385
ISIC_0025836,HAM_0000380,nv,0,0.00071781024,0.0012057445,0.17043065,0.0011275301,0.77564996,0.05017524,0.0006931444
ISIC_0032822,HAM_0001246,nv,0,0.000118670076,0.00010262901,0.009169874,0.00019652926,0.64524794,0.34497753,0.00018681321
ISIC_0033283,HAM_0001246,nv,0,9.487475e-06,1.1247321e-05,0.017366352,4.052835e-05,0.638274,0.34426224,3.6098572e-05
ISIC_0033359,HAM_0001246,nv,0,0.002621391,0.0016541698,0.02794948,0.0015422007,0.7188461,0.24626996,0.001116809
ISIC_0033110,HAM_0005814,nv,0,0.00056786207,0.00020641467,0.0127842035,0.0005818055,0.72506064,0.26023367,0.00056535535
ISIC_0032701,HAM_0005814,nv,0,0.0009367811,0.00030059586,0.019843264,0.00037796624,0.55629736,0.421754,0.0004900562
ISIC_0034203,HAM_0005190,nv,0,0.0020344476,0.8798924,0.016281001,0.0011698692,0.0062156534,0.031329267,0.063077375
ISIC_0033311,HAM_0005190,nv,0,8.7134e-05,0.98857224,0.0049272734,3.400081e-05,0.00020510139,0.0009781489,0.0051959883
ISIC_0032700,HAM_0005190,nv,0,0.00020036292,0.7242367,0.0929115,0.0001580191,0.0057435194,0.0648123,0.111937545
ISIC_0033558,HAM_0005740,nv,0,2.2145385e-05,0.0007599583,0.0059959507,4.8610807e-05,0.0015228229,0.9915952,5.535589e-05
ISIC_0033590,HAM_0005740,nv,0,7.186217e-05,0.0002229308,0.012523654,0.014821673,0.008114279,0.9609089,0.0033367851
ISIC_0033303,HAM_0005740,nv,0,0.00012223549,0.0021474562,0.021656528,0.00024310149,0.0012108616,0.9743634,0.00025640713
ISIC_0033263,HAM_0005759,nv,0,0.0006156316,0.0014123174,0.016228706,0.0006866194,0.0614992,0.9159567,0.0036009063
ISIC_0033815,HAM_0005759,nv,0,0.00081703375,0.0025442627,0.022612315,0.0008252204,0.057535198,0.90551317,0.010152758
ISIC_0034194,HAM_0005759,nv,0,0.0013049379,0.026666394,0.037510492,0.00046927168,0.06550234,0.8672251,0.0013214961
ISIC_0033282,HAM_0004716,nv,0,3.2523076e-05,0.0009330841,0.009239789,0.0013292626,0.8769298,0.10769501,0.0038405939
ISIC_0032729,HAM_0004716,nv,0,2.8701497e-05,0.0028613252,0.015609599,0.0101347,0.79361737,0.12495521,0.05279311
ISIC_0033076,HAM_0004716,nv,0,0.00015265831,0.00803414,0.08525594,0.013609681,0.3327502,0.5480245,0.012172974
ISIC_0032582,HAM_0004038,nv,0,0.0008247271,0.0014531541,0.7702178,0.000910214,0.029830541,0.17041662,0.02634702
ISIC_0033052,HAM_0004038,nv,0,0.009734398,0.022527171,0.6788832,0.008102882,0.038352445,0.19882497,0.04357497
ISIC_0032990,HAM_0004038,nv,0,0.0008023748,0.0010139297,0.35381755,0.0010371145,0.22194564,0.4136855,0.0076979185
ISIC_0034187,HAM_0002476,nv,0,0.00022606613,0.0011084697,0.18104334,0.00044481683,0.06898785,0.7413473,0.0068421573
ISIC_0027837,HAM_0002476,nv,0,0.0002640744,0.0015157411,0.14800845,0.0011989973,0.23401494,0.5499033,0.06509457
ISIC_0029359,HAM_0001137,nv,0,0.0010114738,0.00042869215,0.04655578,0.0013278056,0.49679133,0.45153353,0.0023513178
ISIC_0029746,HAM_0001137,nv,0,0.000612018,0.0005307274,0.039429307,0.0008213507,0.5952377,0.36133912,0.002029795
ISIC_0029382,HAM_0000275,nv,0,0.0010983776,0.0055519077,0.05298698,0.0010522931,0.8166584,0.122022524,0.00062954833
ISIC_0030093,HAM_0000275,nv,0,0.0062038843,0.006236788,0.027994627,0.0043438617,0.5701356,0.38166028,0.0034250063
ISIC_0028645,HAM_0000275,nv,0,0.0010310953,0.009448635,0.046216805,0.0024174321,0.40221292,0.53764385,0.0010292513
ISIC_0025942,HAM_0000302,nv,0,0.008816668,3.9267878e-05,0.003007609,9.8009594e-05,0.9377917,0.05021695,2.9751058e-05
ISIC_0027236,HAM_0001555,nv,0,0.00058524596,0.00040134776,0.0066439835,0.0008462571,0.2005622,0.7906904,0.0002705225
ISIC_0026599,HAM_0007144,nv,0,0.022522856,0.087603614,0.06971512,0.0046400237,0.42256984,0.3923563,0.00059228577
ISIC_0026987,HAM_0006994,nv,0,0.0006580574,0.00047605622,0.0012270575,0.00048896356,0.0144845145,0.9823981,0.00026730335
ISIC_0026739,HAM_0002033,nv,0,0.06763073,0.0058681383,0.04086204,0.0029651055,0.11577546,0.76408863,0.0028098286
ISIC_0024899,HAM_0002033,nv,0,0.017855853,0.0013634746,0.015773958,0.00067033543,0.10531341,0.85845006,0.000572937
ISIC_0025506,HAM_0005393,nv,0,0.00026260846,5.591145e-05,0.00286532,0.00050161337,0.053077083,0.9431753,6.223648e-05
ISIC_0026573,HAM_0007001,nv,0,0.00020306664,0.0044607734,0.0138312075,0.00073103886,0.6781517,0.30192754,0.0006946458
ISIC_0029298,HAM_0001508,nv,0,0.0011184739,0.00027253083,0.026902199,0.0007161248,0.6342678,0.3362767,0.00044619522
ISIC_0026654,HAM_0000591,nv,0,0.051983185,0.00022000037,0.033206586,0.00016825726,0.40653896,0.5073074,0.00057565194
ISIC_0028600,HAM_0007268,nv,0,0.00084148155,0.00030526792,0.010193417,0.00042528255,0.23664711,0.75087965,0.0007078553
ISIC_0026329,HAM_0001479,nv,0,0.0018562018,0.19755779,0.024397545,0.0021300626,0.025548505,0.5658222,0.18268774
ISIC_0032175,HAM_0000302,nv,0,0.709781,0.00018162091,0.0082082255,0.00021938985,0.23828578,0.043288104,3.5783476e-05
ISIC_0027840,HAM_0002271,nv,0,0.26854268,0.00068580965,0.055984803,0.004348469,0.19478022,0.4748936,0.00076442386
ISIC_0026048,HAM_0002271,nv,0,0.06708939,0.00083815516,0.013071849,0.0016309228,0.09020069,0.82648826,0.0006807898
ISIC_0031930,HAM_0002271,nv,0,0.0016587742,2.4418934e-05,0.004750896,0.0001284624,0.043793313,0.9495206,0.00012351575
ISIC_0024784,HAM_0001479,nv,0,0.0024740943,0.032587737,0.008132914,0.0011840148,0.24605744,0.7084277,0.0011360474
ISIC_0029812,HAM_0005318,nv,0,0.0010212584,0.00043209558,0.053432785,0.00023866406,0.76863635,0.17602585,0.00021301137
ISIC_0026347,HAM_0005318,nv,0,0.003021705,0.00021386685,0.089976594,0.00015077219,0.829708,0.076777935,0.00015114562
ISIC_0024416,HAM_0002172,nv,0,0.0051687323,0.0061596567,0.10635539,0.012246587,0.21631865,0.6492862,0.0044647325
ISIC_0026166,HAM_0000562,nv,0,0.006591615,0.0059871534,0.88717604,0.0043490166,0.02642349,0.06815673,0.0013159683
ISIC_0030593,HAM_0002685,nv,0,0.014911272,0.0043007648,0.038846567,0.010652949,0.20183995,0.7083311,0.021117361
ISIC_0025168,HAM_0003035,nv,0,3.4278576e-06,3.0193553e-06,0.0008704369,6.1761307e-06,0.712794,0.28631926,3.734634e-06
ISIC_0024617,HAM_0003035,nv,0,0.00013598829,0.00029403906,0.056107588,0.00031795856,0.18267299,0.76015854,0.00031283463
ISIC_0026480,HAM_0001902,nv,0,0.00015540954,0.0002459547,0.00842029,0.0006084291,0.8964203,0.083105855,0.011043774
ISIC_0029668,HAM_0001902,nv,0,6.79215e-05,0.00023877903,0.0042699818,0.11849074,0.3126627,0.55559665,0.008673258
ISIC_0033132,HAM_0004387,nv,0,0.00032246893,0.00018964348,0.009704617,8.163111e-05,0.8916498,0.09772032,0.00033161076
ISIC_0033821,HAM_0004387,nv,0,0.00092762365,0.00012951162,0.018969538,0.0002200306,0.9122917,0.06715537,0.00030617698
ISIC_0033341,HAM_0006234,nv,0,0.00086918037,0.00026996466,0.0011914041,0.00076886895,0.021244634,0.97505164,0.000604248
ISIC_0034248,HAM_0004214,nv,0,0.0018621405,0.0019554477,0.079076685,0.0012149649,0.14664946,0.76694036,0.0023009956
ISIC_0033374,HAM_0006766,nv,0,0.0019743938,0.012768627,0.0032375653,0.0022895995,0.015582363,0.9619495,0.0021978698
ISIC_0033733,HAM_0002037,nv,0,0.00019679207,0.0007371684,0.015113689,0.0009909205,0.07095053,0.91181076,0.00020019883
ISIC_0031299,HAM_0003384,nv,0,0.00864491,0.013414842,0.056406587,0.011760401,0.28749567,0.60952574,0.0127517525
ISIC_0028438,HAM_0003384,nv,0,0.000118941316,0.0032415858,0.0005099808,0.00017352214,0.014970569,0.98044145,0.0005439237
ISIC_0027254,HAM_0003949,akiec,0,0.9214282,0.0027967836,0.05997409,0.00087977893,0.006409611,0.008324113,0.0001873428
ISIC_0027828,HAM_0002521,bkl,0,0.006207272,0.0036440492,0.80161136,0.0011265513,0.13248898,0.052657757,0.002264104
ISIC_0029291,HAM_0002521,bkl,0,0.0011270643,0.0008240952,0.5995395,0.0006314671,0.12013136,0.27704677,0.0006997334
ISIC_0024324,HAM_0000351,bkl,0,0.00011136744,0.0011421213,0.6577928,0.0009002866,0.03030541,0.30913052,0.0006175518
ISIC_0029559,HAM_0000351,bkl,0,0.00035312545,0.0027221236,0.9351119,0.0004615718,0.008504154,0.05245048,0.00039667482
ISIC_0030768,HAM_0002127,bkl,0,0.0019398271,0.0027161655,0.39471892,0.0015032282,0.008907734,0.59016705,4.7089296e-05
ISIC_0029837,HAM_0002127,bkl,0,0.023744294,0.009453671,0.23215434,0.012970914,0.015642999,0.7047402,0.0012935858
ISIC_0027739,HAM_0006325,bkl,0,0.0028904385,0.020107295,0.68221647,0.001333651,0.03542099,0.2540053,0.004025833
ISIC_0025529,HAM_0000898,bkl,0,0.049867272,0.038963374,0.8444219,0.0022167594,0.016114732,0.045371957,0.0030439657
ISIC_0029260,HAM_0000843,bkl,0,0.060361538,0.0069003836,0.2577322,0.00013910765,0.65966487,0.013437783,0.0017640527
ISIC_0027737,HAM_0002903,bkl,0,2.1611355e-05,2.1617352e-05,0.9955712,1.4520873e-05,0.001157625,0.0031974684,1.5986843e-05
ISIC_0024774,HAM_0002903,bkl,0,3.9766826e-05,2.7588214e-05,0.9947109,5.9140702e-06,0.0020860317,0.0030927728,3.6965655e-05
ISIC_0027608,HAM_0005610,bkl,0,0.008019513,0.0004980494,0.9553636,2.1610775e-05,0.034704015,0.00090223266,0.000490918
ISIC_0025312,HAM_0005610,bkl,0,0.0062642763,0.0010757026,0.9863294,2.7498569e-05,0.005817395,0.00046862522,1.7130484e-05
ISIC_0027826,HAM_0005278,bkl,0,0.0002481645,0.00014065614,0.91140056,0.0022293078,0.06373673,0.021876121,0.00036848726
ISIC_0028992,HAM_0003920,bkl,0,0.0072779316,0.0046457853,0.8318539,0.001396363,0.13741009,0.016683292,0.0007324842
ISIC_0026351,HAM_0003920,bkl,0,0.0067227324,0.0006321032,0.6709199,0.0003400423,0.26351565,0.056855388,0.0010142627
ISIC_0032835,HAM_0004788,bkl,0,0.00027725185,0.00019620353,0.27117637,0.0010808344,0.7217678,0.00533511,0.00016653292
ISIC_0033480,HAM_0004788,bkl,0,0.0026863376,0.00023096218,0.8976587,0.0028941326,0.09454682,0.0019255745,5.752257e-05
ISIC_0025856,HAM_0003165,bkl,0,0.0043035317,0.01605427,0.28702173,0.0026474432,0.0044979714,0.68186414,0.0036109332
ISIC_0027613,HAM_0005684,df,0,0.00012331938,0.0036064063,2.972918e-05,0.99186254,0.0042323237,1.8360019e-05,0.0001273069
ISIC_0032468,HAM_0005684,df,0,0.00078342936,0.001098875,0.00010156983,0.99330306,0.00455936,8.47713e-06,0.0001452867
ISIC_0030757,HAM_0003290,df,0,0.41649067,0.03140295,0.0065548755,0.4552963,0.061636858,0.027865732,0.00075260317
ISIC_0031358,HAM_0003290,df,0,0.029449228,0.054864034,0.0013008907,0.90871,0.004670793,0.000909051,9.608311e-05
ISIC_0031735,HAM_0003290,df,0,0.2713948,0.000996893,0.0024372528,0.66524124,0.055291858,0.0045490954,8.8880486e-05
ISIC_0026892,HAM_0007560,mel,0,0.0014997162,0.030671678,0.03669114,0.0014990935,0.20165172,0.72652656,0.0014600783
ISIC_0024987,HAM_0007560,mel,0,0.0036394822,0.024385354,0.29743725,0.0007133151,0.400136,0.26223704,0.011451612
ISIC_0029242,HAM_0003449,mel,0,0.0018772427,0.00041513998,0.11147835,2.7067246e-05,0.87212485,0.0047727465,0.009304652
ISIC_0027263,HAM_0003449,mel,0,0.00020288289,0.00013042276,0.32539064,2.3197734e-05,0.65010417,0.01920914,0.00493958
ISIC_0027721,HAM_0004364,mel,0,0.0007181445,7.944865e-05,0.91985726,5.97337e-05,0.06347501,0.015729947,8.0465994e-05
ISIC_0026697,HAM_0004364,mel,0,0.07704294,0.0041963137,0.27155522,0.00051439303,0.6413864,0.003211547,0.0020931924
ISIC_0032921,HAM_0004927,mel,0,0.00018067817,0.010391566,0.0015127969,0.00026304618,0.97915584,0.008434976,6.108683e-05
ISIC_0034117,HAM_0004927,mel,0,0.04231896,0.0123514645,0.0116648385,0.00026484785,0.9276471,0.0056690057,8.36783e-05
ISIC_0033415,HAM_0004927,mel,0,0.16156894,0.005155797,0.013848216,0.0097234845,0.8056345,0.0037954624,0.000273691
ISIC_0033469,HAM_0006437,mel,0,0.00050446746,0.00021644896,0.013293958,0.0007021429,0.96269935,0.022561986,2.1624644e-05
ISIC_0027069,HAM_0005926,mel,0,0.18491577,0.0020472154,0.047206897,0.00087187765,0.70444614,0.060297985,0.00021408398
ISIC_0031565,HAM_0000442,mel,0,0.21133463,0.00049790734,0.021566382,0.0003723102,0.032135636,0.73393035,0.00016281681
ISIC_0027560,HAM_0003885,mel,0,0.0009880157,4.048343e-05,0.004533618,0.00015048595,0.9664307,0.027754711,0.00010192931
ISIC_0031005,HAM_0000517,mel,0,0.0060245725,9.62712e-05,0.010268395,0.0013196925,0.9114114,0.07072782,0.0001518087
ISIC_0030507,HAM_0000517,mel,0,0.005049986,0.0010291389,0.16700616,0.00015658028,0.7826175,0.043875434,0.0002651578
ISIC_0027126,HAM_0004053,mel,0,3.4788398e-05,0.0036291634,0.0018483038,4.619378e-06,0.96542627,0.029018572,3.8305727e-05
ISIC_0027067,HAM_0004053,mel,0,0.00011756318,0.0008188024,0.023180673,2.451965e-05,0.60113585,0.37469193,3.0711562e-05
ISIC_0025317,HAM_0004428,mel,0,0.0007746126,0.0007928614,0.0052220267,0.00015745894,0.98247415,0.0051336475,0.005445303
ISIC_0026420,HAM_0004428,mel,0,0.0045990124,0.1615348,0.012835625,0.00052343856,0.8100132,0.0004148443,0.010079181
ISIC_0029193,HAM_0006834,bcc,0,1.3553404e-05,0.96499336,0.017283812,2.4052628e-05,0.01229709,0.0049797655,0.00040835977
ISIC_0027526,HAM_0006834,bcc,0,1.3190233e-05,0.9992865,0.00048642798,5.9524864e-06,6.642369e-05,0.00011660335,2.487641e-05
ISIC_0025301,HAM_0000987,bcc,0,0.010001869,0.9680369,0.017208312,0.0005573398,0.00058246177,0.0009338761,0.0026792039
ISIC_0030594,HAM_0002736,bcc,0,0.00015498316,0.9896954,0.008972039,3.5971778e-05,0.00010376607,0.0009517653,8.6036096e-05
ISIC_0026968,HAM_0000612,bcc,0,0.022733966,0.9672771,0.00060713716,0.0038122719,0.004715177,0.0007947424,5.959209e-05
ISIC_0027722,HAM_0000987,bcc,0,2.7549559e-05,0.999488,0.00045402074,3.299417e-07,1.6400004e-06,2.2877142e-05,5.5809137e-06
ISIC_0026780,HAM_0007320,nv,0,0.0014732514,0.00065233046,0.0017920801,0.00040664934,0.03981055,0.95521474,0.00065033365
ISIC_0024364,HAM_0004535,nv,0,0.0005730387,0.0029409714,0.010069749,0.008943716,0.013473028,0.9613462,0.0026532037
ISIC_0030035,HAM_0001065,nv,0,0.0014129273,0.024940968,0.011373972,0.0004653828,0.0054033482,0.3656905,0.59071285
ISIC_0029523,HAM_0005134,nv,0,0.00030963033,0.047065627,0.011108679,0.00031182912,0.0019784134,0.9383583,0.00086741336
ISIC_0029044,HAM_0004929,nv,0,0.00036141527,0.00015360903,0.0024723858,0.0006769215,0.0046651317,0.99112976,0.0005408606
ISIC_0030797,HAM_0006691,nv,0,0.00021862099,0.00014277751,0.0015612028,0.00010608714,0.005940819,0.99169874,0.00033172552
ISIC_0030904,HAM_0000120,nv,0,0.0003938624,0.00023215421,0.0012901542,0.00057021604,0.008898494,0.98824793,0.0003671425
ISIC_0027290,HAM_0003502,nv,0,0.026160194,0.012191974,0.05122852,0.011049687,0.02672734,0.8453409,0.02730138
ISIC_0026175,HAM_0006953,nv,0,3.1766704e-05,5.330607e-05,6.9336835e-05,7.719733e-05,0.00050721364,0.99793077,0.0013304239
ISIC_0030269,HAM_0006817,nv,0,0.0033358543,0.0024393762,0.013993734,0.0018747197,0.010706543,0.9627884,0.0048612966
ISIC_0029883,HAM_0006382,nv,0,0.0007624928,0.0007617623,0.009438923,0.0010482816,0.0031949983,0.9827923,0.0020012427
ISIC_0032071,HAM_0006982,nv,0,0.00011992541,0.00021363077,0.00036832056,0.037127297,0.006632423,0.9523776,0.003160682
ISIC_0025359,HAM_0004517,nv,0,0.00018314486,0.00063688256,0.00035958065,0.00087454513,0.00082942285,0.99634653,0.0007699635
ISIC_0031774,HAM_0002275,nv,0,0.00042794243,0.00030616205,0.00034572827,0.0005952451,0.0013974254,0.99662614,0.00030139327
ISIC_0027019,HAM_0004629,nv,0,0.0001244698,0.00041171294,0.0015830697,0.0010036897,0.014171374,0.97618866,0.0065169977
ISIC_0027405,HAM_0004628,nv,0,9.888517e-05,0.00042412436,0.00047701233,0.00012233091,0.00034253282,0.9980798,0.00045534986
ISIC_0026355,HAM_0005015,nv,0,0.00046470872,0.00083104253,0.0024124489,0.00049024215,0.0031234464,0.9881179,0.0045601823
ISIC_0031785,HAM_0001087,nv,0,9.1419846e-05,0.00020641112,0.00031183948,0.00019702857,0.00072714104,0.9962352,0.002231031
ISIC_0026691,HAM_0001034,nv,0,0.002664004,0.002628157,0.0025383937,0.0013043336,0.0037955139,0.9855204,0.0015492196
ISIC_0028246,HAM_0005538,nv,0,0.0001784334,2.148535e-05,0.004778203,0.000625944,0.021509364,0.9728218,6.486436e-05
ISIC_0026224,HAM_0005589,nv,0,1.2982626e-05,0.00022283173,3.18144e-05,1.1945861e-05,2.2078675e-05,0.9995473,0.00015108078
ISIC_0030781,HAM_0000592,nv,0,0.0006499007,0.0028088996,0.0007387321,0.00018881948,0.0025078258,0.99276626,0.00033966202
ISIC_0029125,HAM_0001193,nv,0,0.00047052576,0.00017640795,0.0030300505,0.00023109221,0.0008392705,0.9949073,0.00034540615
ISIC_0031296,HAM_0002825,nv,0,0.000111780304,0.00036597246,7.3448595e-05,0.000784898,0.0004272714,0.99815243,8.4211635e-05
ISIC_0027474,HAM_0000315,nv,0,0.017096661,0.0022981921,0.0069412403,0.010382218,0.08148908,0.880817,0.0009756066
ISIC_0026184,HAM_0002524,nv,0,0.0011485236,0.0015245699,0.0033414334,0.0008507858,0.00087255874,0.9904123,0.0018497807
ISIC_0031427,HAM_0002279,nv,0,1.1061717e-05,0.0001563034,0.00017722038,0.021000518,4.4089375e-05,0.9785781,3.2715045e-05
ISIC_0031391,HAM_0002203,nv,0,0.0013155296,0.0021646703,0.0046786764,0.0007879768,0.067150645,0.92293054,0.00097195106
ISIC_0024601,HAM_0001874,nv,0,0.0013255136,0.032398973,0.0074961833,0.0004801303,0.004051073,0.9521925,0.0020556077
ISIC_0026779,HAM_0004728,nv,0,0.00013522455,0.000393867,0.0002653888,0.00081261765,0.0001382652,0.99788827,0.0003664446
ISIC_0031793,HAM_0003096,nv,0,6.897693e-06,3.3971166e-05,2.3849125e-05,3.1337124e-05,6.124147e-05,0.99980694,3.5761102e-05
ISIC_0029723,HAM_0002440,nv,0,0.00049155764,0.0018312644,0.0015673107,0.0004317036,0.008916914,0.51347864,0.47328255
ISIC_0029925,HAM_0004061,nv,0,7.624653e-05,9.871938e-05,8.984885e-05,0.0013461554,0.0044156373,0.99342996,0.00054335594
ISIC_0031634,HAM_0000341,nv,0,0.0005477296,0.00011867079,0.00036044774,0.00023976823,0.0011320877,0.9974099,0.0001913912
ISIC_0029605,HAM_0005502,nv,0,8.439302e-05,0.00013881834,0.00015010587,0.00035718,0.00014703574,0.99899334,0.00012913147
ISIC_0028036,HAM_0000084,nv,0,0.1549867,0.03973914,0.11298947,0.014092847,0.00802928,0.6509618,0.019200698
ISIC_0031810,HAM_0000544,nv,0,0.00029847465,0.00091191236,0.0003154505,0.0010250927,0.0021192217,0.99490464,0.00042526488
ISIC_0024536,HAM_0003273,nv,0,0.00097213284,0.0005871767,0.00095277064,0.0010511468,0.0043427697,0.9915906,0.0005034747
ISIC_0024645,HAM_0000004,nv,0,0.00014336414,7.948178e-05,0.00033423468,0.0005477077,0.046981033,0.9515565,0.00035770316
ISIC_0025114,HAM_0003249,nv,0,0.00063233706,0.00065123325,0.0011464815,0.0009384875,0.0061614113,0.9896484,0.00082168286
ISIC_0032401,HAM_0001229,nv,0,1.26204495e-05,4.9638234e-05,0.00015703414,2.8911152e-05,7.972932e-05,0.9994978,0.00017425034
ISIC_0027705,HAM_0002618,nv,0,0.0020386737,0.008173595,0.0016041467,0.00034403784,0.0039424873,0.98330116,0.0005959924
ISIC_0025077,HAM_0003456,nv,0,0.0013724781,0.00012587602,0.0010821284,0.00086967426,0.020735417,0.97550935,0.00030501027
ISIC_0030482,HAM_0006951,nv,0,0.00024160394,0.0002671699,0.0019774674,0.00013618804,0.00028533323,0.99701476,7.749341e-05
ISIC_0025829,HAM_0000409,nv,0,9.282361e-05,8.025089e-05,0.00014587528,0.00015541544,0.00036615765,0.9990596,9.983052e-05
ISIC_0024339,HAM_0005781,nv,0,0.0009234859,0.0003327777,0.0019353469,0.0008168203,0.00344694,0.9918771,0.0006676523
ISIC_0024627,HAM_0002992,nv,0,0.00034598494,0.0010791109,0.0050969017,0.00043897415,0.0068622655,0.9837892,0.0023876533
ISIC_0030381,HAM_0005702,nv,0,0.00058570923,0.0025958586,0.00082278694,0.0012158838,0.00094115926,0.9923078,0.0015308214
ISIC_0029275,HAM_0003905,nv,0,0.00019024542,0.00014347024,0.00030899947,0.00025940582,0.0005359583,0.99839276,0.00016912342
ISIC_0027292,HAM_0006460,nv,0,0.085918024,0.120769694,0.2042633,0.0015540018,0.0073445076,0.5783236,0.001826833
ISIC_0030992,HAM_0005151,nv,0,0.005875825,0.0060518016,0.015976328,0.0039281873,0.014750158,0.9480362,0.00538156
ISIC_0031255,HAM_0005520,nv,0,0.0028385078,0.0007082024,0.020950409,0.00052044715,0.01338036,0.96083564,0.00076641166
ISIC_0027823,HAM_0005574,nv,0,0.0017886962,0.0018340744,0.003331583,0.001116213,0.0039984086,0.9863754,0.0015555549
ISIC_0028138,HAM_0004111,nv,0,0.00023084477,0.00012320306,0.0029685413,0.00024477497,0.04350188,0.95282894,0.0001017644
ISIC_0026732,HAM_0001761,nv,0,0.00026903528,0.00054312486,0.001453449,7.345392e-05,0.0010217784,0.9965346,0.00010455171
ISIC_0031737,HAM_0006007,nv,0,0.00538367,0.24422193,0.0019101445,0.0022909385,0.00062743796,0.7446042,0.0009617619
ISIC_0030097,HAM_0007487,nv,0,0.0002603743,0.0009075385,0.00016254728,0.00025415872,8.8782e-05,0.9977157,0.00061089697
ISIC_0030018,HAM_0002573,nv,0,0.0013217516,0.027920056,0.014802508,0.0025584868,0.0039971783,0.21593587,0.7334642
ISIC_0030724,HAM_0000862,nv,0,0.0066883364,0.008538806,0.022557572,0.19985077,0.041050166,0.085563034,0.63575137
ISIC_0031860,HAM_0001521,nv,0,0.00063487585,0.00025794687,0.0024703755,1.3447654e-05,0.00030399626,0.9962224,9.704331e-05
ISIC_0032256,HAM_0006424,nv,0,0.0007148896,0.00035106292,0.0022511566,0.0011097227,0.0018026187,0.99120027,0.0025702324
ISIC_0030298,HAM_0003336,nv,0,0.000117863325,0.00019678415,0.00019463462,0.00027163464,0.0014616876,0.9973935,0.00036389436
ISIC_0029928,HAM_0001179,nv,0,0.0010091417,0.0005545081,0.0011793639,0.000985867,0.003024744,0.9914615,0.001784913
ISIC_0030548,HAM_0005412,nv,0,0.00061260804,0.0016718124,0.0018319867,0.00027192498,0.00023211291,0.99486864,0.0005107997
ISIC_0031910,HAM_0002309,nv,0,0.0021849351,0.0011174136,0.002265386,0.0008434958,0.0043988437,0.9867764,0.0024134682
ISIC_0026763,HAM_0006718,nv,0,0.00056944764,0.00084175443,0.001220336,0.0007977513,0.000680565,0.99299616,0.00289408
ISIC_0026943,HAM_0003440,nv,0,3.2894677e-05,0.00017309209,4.673734e-05,0.00021740697,9.210271e-05,0.9991641,0.0002737943
ISIC_0029066,HAM_0004160,nv,0,3.1433803e-05,0.0002073563,0.007539337,6.888768e-05,0.00080676744,0.9912574,8.8790846e-05
ISIC_0026334,HAM_0003550,nv,0,3.3534852e-05,2.1634205e-05,0.0014599023,0.00010228463,0.0015322323,0.9967217,0.00012875417
ISIC_0027674,HAM_0003378,nv,0,0.0008787315,0.0013955979,0.0019482557,0.0011942153,0.007858955,0.98411256,0.0026116616
ISIC_0028633,HAM_0001563,nv,0,0.014619903,0.048884194,0.87804615,0.008260945,0.015729496,0.032735225,0.0017240432
ISIC_0030874,HAM_0002489,nv,0,0.0009956118,0.004738329,0.0057952167,0.0011142755,0.08788811,0.89914775,0.00032070922
ISIC_0031629,HAM_0002489,nv,0,0.0037740348,0.0009395426,0.27467597,0.0012455075,0.34216318,0.3767181,0.00048380435
ISIC_0027427,HAM_0005447,nv,0,0.00013395649,0.028143294,0.0046179085,0.00017775367,0.0029388883,0.9341688,0.029819414
ISIC_0026389,HAM_0005447,nv,0,0.0012020844,0.033720892,0.10569043,0.00062819355,0.015291184,0.83658236,0.006884906
ISIC_0025907,HAM_0002658,nv,0,0.001523726,0.0012705883,0.04777396,0.004901049,0.12406557,0.81898904,0.0014760658
ISIC_0027113,HAM_0002658,nv,0,0.00011035014,0.00037211206,0.0013179678,0.0007760701,0.025089951,0.972224,0.00010953578
ISIC_0027250,HAM_0003937,nv,0,0.0029840537,0.02748893,0.025531948,0.0013341085,0.052634317,0.88188654,0.00814007
ISIC_0025309,HAM_0003937,nv,0,0.013326353,0.03457477,0.01891246,0.0031468933,0.28165114,0.6435505,0.0048379563
ISIC_0034146,HAM_0001046,nv,0,7.7244855e-05,0.0051118606,0.00016550785,7.840825e-05,0.028527522,0.96599555,4.3892534e-05
ISIC_0033964,HAM_0001046,nv,0,0.002757179,0.04719307,0.004589165,0.0065386267,0.07838518,0.85920936,0.0013274237
ISIC_0032951,HAM_0001046,nv,0,0.0076592467,0.027772378,0.013404504,0.0006871187,0.01550625,0.9312009,0.0037695782
ISIC_0032885,HAM_0003713,nv,0,0.00049724645,0.0007379862,0.001335877,0.0024172473,0.18377373,0.8104277,0.0008100749
ISIC_0033291,HAM_0003713,nv,0,0.00095703686,0.0002510838,0.00081950857,0.002698512,0.12117068,0.8733404,0.0007626333
ISIC_0034102,HAM_0003713,nv,0,3.6920446e-05,2.3109447e-05,0.0008125916,0.0014989147,0.28102735,0.7164947,0.00010636593
ISIC_0034084,HAM_0001777,nv,0,0.04865068,0.08764166,0.15274185,0.012250729,0.10849519,0.58003014,0.010189758
ISIC_0033273,HAM_0001777,nv,0,0.009861124,0.012200365,0.03745079,0.0047231526,0.078802004,0.8552386,0.0017239221
ISIC_0034176,HAM_0001777,nv,0,0.010262629,0.024280835,0.175996,0.0024781064,0.020953588,0.76517165,0.00085715385
ISIC_0032994,HAM_0000772,nv,0,0.00058144506,0.0037203166,0.011878578,0.0009579558,0.07767693,0.90469295,0.00049190887
ISIC_0033604,HAM_0000772,nv,0,0.0022678655,0.0008649518,0.013674293,0.0017573602,0.56342703,0.4174024,0.00060617103
ISIC_0034247,HAM_0006559,nv,0,2.9540377e-06,7.951992e-06,0.035348196,1.354975e-05,0.016257863,0.94835544,1.4015188e-05
ISIC_0033455,HAM_0006559,nv,0,0.00036735652,0.0008340957,0.011641606,0.00036452516,0.45035702,0.5353599,0.0010754472
ISIC_0034056,HAM_0006559,nv,0,4.425467e-05,9.657899e-05,0.33189392,2.583293e-05,0.08027191,0.58750945,0.00015801814
ISIC_0034231,HAM_0005312,nv,0,8.56659e-05,9.844678e-05,0.6928948,0.0004620078,0.07864163,0.22757095,0.0002464964
ISIC_0034033,HAM_0005312,nv,0,0.00037357566,0.00027039045,0.5649436,0.0042724167,0.14488801,0.28472814,0.00052378926
ISIC_0030447,HAM_0003523,nv,0,0.0026260128,0.0011319944,0.004083042,0.00081666635,0.22851945,0.762203,0.0006198886
ISIC_0034217,HAM_0003310,nv,0,0.00080360647,0.00044645055,0.0048252936,0.00082364114,0.025434228,0.967235,0.00043176353
ISIC_0032952,HAM_0003310,nv,0,0.0015231423,0.0010582322,0.006343925,0.009428894,0.07140064,0.9082977,0.0019474664
ISIC_0034164,HAM_0002605,nv,0,0.00040808928,0.00019280154,0.14541407,0.004363838,0.44499284,0.4014883,0.0031400446
ISIC_0029730,HAM_0002907,nv,0,0.0016054177,0.001315076,0.01189504,0.0024994735,0.065983325,0.91442424,0.0022775042
ISIC_0027623,HAM_0005907,nv,0,6.779762e-05,2.317332e-05,0.0073386733,6.111479e-05,0.016236467,0.97619176,8.104405e-05
ISIC_0027670,HAM_0003016,nv,0,0.00023400442,0.00022314316,0.0003808898,0.00065411464,0.5286778,0.46952394,0.00030613298
ISIC_0027097,HAM_0003016,nv,0,0.00028327835,0.00015516643,0.00030346928,0.0005943091,0.11943236,0.87897015,0.00026123392
ISIC_0028894,HAM_0003639,nv,0,0.0115409745,0.003906412,0.05410978,0.04520346,0.4136103,0.466479,0.005150043
ISIC_0030933,HAM_0007385,nv,0,0.018301435,0.076820195,0.060160384,0.0046792156,0.28558725,0.5527315,0.0017199924
ISIC_0025043,HAM_0007385,nv,0,0.015835427,0.0321576,0.08206048,0.0088906875,0.10942597,0.7475109,0.004118953
ISIC_0025381,HAM_0002324,nv,0,0.0011241129,0.003309797,0.0025429642,0.00047807637,0.004803015,0.9854578,0.0022842097
ISIC_0029313,HAM_0006041,nv,0,0.0010635555,0.006849044,0.010319562,0.0007833921,0.23940146,0.6764875,0.06509549
ISIC_0030508,HAM_0006041,nv,0,0.0004099458,0.0033551718,0.004815045,0.00030493838,0.08140031,0.8902335,0.01948111
ISIC_0027827,HAM_0006608,nv,0,0.0021484653,0.001568305,0.009181894,0.006362214,0.18416017,0.79079205,0.005786943
ISIC_0025491,HAM_0006608,nv,0,0.0031456007,0.0017013903,0.006840099,0.0038952956,0.06515111,0.9138281,0.0054384577
ISIC_0031631,HAM_0003742,nv,0,3.138618e-05,0.00025270268,0.025210015,9.979921e-05,0.16587573,0.80844927,8.100692e-05
ISIC_0027150,HAM_0003742,nv,0,0.00013363718,0.0002743969,0.044578858,0.00024030688,0.25489384,0.69972116,0.00015776865
ISIC_0029493,HAM_0005761,nv,0,0.0024295459,0.0055816383,0.027706856,0.00056787144,0.37999386,0.57348937,0.0102309855
ISIC_0027751,HAM_0000143,nv,0,4.7712194e-05,0.016758932,0.017228099,0.000173161,0.01157839,0.9491808,0.005032952
ISIC_0028030,HAM_0007358,nv,0,0.0014567064,0.002600998,0.0034235085,0.001214705,0.004433048,0.9840673,0.002803741
ISIC_0029277,HAM_0007385,nv,0,0.031254794,0.0072740666,0.08925234,0.0042099888,0.12007522,0.7461882,0.0017453079
ISIC_0030819,HAM_0006302,nv,0,0.0004928723,0.0005321539,0.81610817,0.0012178584,0.027899904,0.1534108,0.00033821078
ISIC_0030790,HAM_0001730,nv,0,0.00143167,0.0045475154,0.29300338,0.002202128,0.22552527,0.46706855,0.006221534
ISIC_0025396,HAM_0000019,nv,0,0.0042730877,0.0010792442,0.024387129,0.0011588659,0.31975296,0.64800835,0.0013403561
ISIC_0025579,HAM_0005894,nv,0,0.00082289655,0.0005291198,0.0011242197,0.00082280004,0.051539548,0.9444584,0.0007029524
ISIC_0030598,HAM_0001891,nv,0,0.022505822,0.010750113,0.5572358,0.00080152723,0.1759752,0.23198128,0.00075027574
ISIC_0025179,HAM_0005762,nv,0,0.002520967,0.0014954593,0.2963756,0.0044642743,0.63426995,0.056393206,0.004480574
ISIC_0026216,HAM_0005762,nv,0,0.005685961,0.0053823334,0.055260293,0.0077412995,0.47955766,0.43942848,0.0069439597
ISIC_0030920,HAM_0007385,nv,0,0.002694035,0.0011790841,0.21968518,0.00058744784,0.036136568,0.73953897,0.00017886219
ISIC_0026179,HAM_0003523,nv,0,0.0095639955,0.0021272022,0.0051889294,0.0013312844,0.40059224,0.57966244,0.001533898
ISIC_0024466,HAM_0001891,nv,0,0.0010286513,0.00023958187,0.027866185,8.39762e-05,0.025279915,0.9454575,4.411671e-05
ISIC_0027127,HAM_0005230,nv,0,0.008750299,0.0087537635,0.08280431,0.005053217,0.59456086,0.29586563,0.004211912
ISIC_0028849,HAM_0005230,nv,0,0.0011120675,0.012469896,0.07787494,0.0015547071,0.4561177,0.4484738,0.0023968734
ISIC_0026297,HAM_0005762,nv,0,0.0019562636,0.009188264,0.045830857,0.0024897107,0.87146807,0.06336776,0.005699037
ISIC_0030856,HAM_0001730,nv,0,0.008107278,0.019841256,0.13716035,0.0018442122,0.086973034,0.73813385,0.007940028
ISIC_0030279,HAM_0002936,nv,0,0.0017708216,0.0002777704,0.005794062,0.0008538666,0.11013582,0.88020664,0.00096100353
ISIC_0024380,HAM_0002936,nv,0,0.0006828794,0.00010864018,0.019209765,0.0001769683,0.02790001,0.95177984,0.00014180936
ISIC_0025681,HAM_0007228,nv,0,0.0061389455,0.00030132415,0.18383005,0.0013142297,0.15696368,0.65099776,0.00045400808
ISIC_0024519,HAM_0007543,nv,0,0.0043054516,0.002083904,0.010000594,0.002494317,0.21395409,0.76543844,0.0017231522
ISIC_0026676,HAM_0007543,nv,0,0.0050443984,0.0021748429,0.009748012,0.0006633393,0.48574194,0.4929898,0.0036376966
ISIC_0027714,HAM_0005720,nv,0,0.0023913742,0.013815619,0.014059191,0.0045074592,0.021785637,0.9413463,0.0020944676
ISIC_0030585,HAM_0005720,nv,0,0.00038413695,0.0015922413,0.012483881,0.0012246297,0.0927994,0.89077747,0.0007382255
ISIC_0029140,HAM_0004646,nv,0,0.00033867563,0.00012396004,0.019297719,0.00025154834,0.3887775,0.59056175,0.0006488399
ISIC_0030557,HAM_0004646,nv,0,0.00021815774,0.00023003912,0.12505484,0.00025645675,0.17016982,0.70337385,0.0006967426
ISIC_0027140,HAM_0006411,nv,0,0.00023432462,0.0017746331,0.00062868133,0.0008112899,0.17964126,0.8165839,0.0003259368
ISIC_0031322,HAM_0006411,nv,0,0.00086905307,0.004285309,0.002686188,0.00556129,0.5934546,0.39200968,0.0011338631
ISIC_0025670,HAM_0002332,nv,0,0.014293937,0.010880479,0.020676615,0.01956175,0.094044,0.82744795,0.013095168
ISIC_0025898,HAM_0002332,nv,0,0.00014117603,0.00010368233,0.0011918433,0.0017258998,0.00944477,0.98726094,0.0001316789
ISIC_0033777,HAM_0004854,nv,0,0.0001421584,0.00017961954,0.0022524237,0.00046023843,0.008956849,0.98792225,8.6471126e-05
ISIC_0033078,HAM_0004854,nv,0,0.00036233244,0.00046799442,0.001420044,0.0075747124,0.1865563,0.8034034,0.00021529979
ISIC_0034055,HAM_0004854,nv,0,3.8683018e-05,0.00015849981,0.00331336,0.0012395536,0.034139115,0.9609358,0.00017496075
ISIC_0030297,HAM_0001621,akiec,0,0.14752464,2.8378987e-05,0.055697136,0.0011239483,0.7801748,0.015411488,3.9549963e-05
ISIC_0025411,HAM_0002158,akiec,0,0.047816813,3.829531e-05,0.021302484,0.0023374278,0.77800953,0.15040733,8.804366e-05
ISIC_0031044,HAM_0006135,akiec,0,0.9982399,2.2971692e-05,0.0007612252,4.2126594e-05,0.00087549747,4.943865e-05,8.946896e-06
ISIC_0025957,HAM_0007047,akiec,0,0.73204607,0.0033140776,0.028016027,0.0019053792,0.22694907,0.0075410297,0.00022834253
ISIC_0025605,HAM_0007047,akiec,0,0.008748669,8.9661065e-05,0.00666841,0.00011542336,0.9420006,0.042349212,2.8000626e-05
ISIC_0030877,HAM_0000193,akiec,0,0.5925543,0.0034700413,0.051196974,7.580762e-05,0.34650323,0.0021602022,0.004039426
ISIC_0027950,HAM_0000193,akiec,0,0.61724246,0.0035065305,0.015839538,6.3249725e-05,0.35809025,0.0026726623,0.0025853354
