image_id,lesion_id,diagnosis,fold,p_akiec,p_bcc,p_bkl,p_df,p_mel,p_nv,p_vasc
ISIC_0025837,HAM_0005132,bkl,1,0.0070891166,0.04072539,0.9369163,0.0015837278,0.0059246253,0.007058032,0.00070277497
ISIC_0025209,HAM_0005132,bkl,1,0.013647362,0.13434502,0.83592284,0.000956092,0.009599774,0.0040767253,0.0014521825
ISIC_0029396,HAM_0004234,bkl,1,0.0016572896,0.12562591,0.68445367,0.0004239678,0.06466667,0.12223736,0.0009351183
ISIC_0025984,HAM_0004234,bkl,1,0.00045691893,0.23530708,0.01173672,0.00020797056,0.052197363,0.69975835,0.0003355974
ISIC_0031753,HAM_0001480,bkl,1,0.00032298043,0.00025450243,0.98273957,0.00034922507,0.0001488855,0.016071746,0.00011304511
ISIC_0026835,HAM_0001480,bkl,1,0.0007648856,0.00048571627,0.98931223,0.0004207631,2.6096379e-05,0.008935023,5.535404e-05
ISIC_0025286,HAM_0000728,bkl,1,0.0023240363,0.00014270471,0.010785661,0.00029510763,0.5883024,0.39806533,8.488066e-05
ISIC_0031468,HAM_0003021,bkl,1,0.0005401538,0.0007219046,0.9058768,0.00030388782,0.04501295,0.047450382,9.395637e-05
ISIC_0030926,HAM_0003021,bkl,1,0.01178974,0.00021509477,0.78560054,0.00022585808,0.17735745,0.023746258,0.0010649553
ISIC_0031495,HAM_0004569,bkl,1,0.0003027244,0.000111583795,0.98916817,0.00035116644,0.0001735008,0.009850176,4.268461e-05
ISIC_0026104,HAM_0004569,bkl,1,0.00022997604,8.128294e-05,0.9945498,0.00031067783,0.00016307743,0.004601184,6.404942e-05
ISIC_0032283,HAM_0003021,bkl,1,0.018682722,0.03174161,0.4903784,0.0046504973,0.14439045,0.30988246,0.00027388224
ISIC_0030005,HAM_0003021,bkl,1,0.53101206,0.0056868903,0.42668018,0.00045934686,0.031135822,0.004609884,0.00041579662
ISIC_0024832,HAM_0001773,bkl,1,0.007923318,0.0052581327,0.94269305,0.0010409637,0.005486313,0.03609107,0.0015072158
ISIC_0026958,HAM_0001773,bkl,1,0.014348716,0.017635224,0.90744513,0.0010480813,0.017691825,0.040065512,0.0017655205
ISIC_0030607,HAM_0005075,bkl,1,0.0009800682,0.0005263889,0.99254966,4.559286e-05,0.0007516279,0.0051126736,3.3947974e-05
ISIC_0029060,HAM_0005075,bkl,1,0.00010377687,7.910362e-05,0.93444854,6.859232e-05,0.00066022784,0.06459142,4.835508e-05
ISIC_0033583,HAM_0000112,bkl,1,0.00025508436,5.9357983e-05,0.97732157,0.00018680605,0.010299356,0.011831356,4.6318422e-05
ISIC_0033465,HAM_0000112,bkl,1,0.00073748815,0.00013628842,0.9317795,0.00022913347,0.033153847,0.03387384,8.9905385e-05
ISIC_0029683,HAM_0002774,bkl,1,0.0004935123,0.0006349212,0.40218714,0.00031125432,0.24251369,0.3535452,0.00031430883
ISIC_0032514,HAM_0003001,bkl,1,0.0029970298,0.0021734869,0.84903985,0.00072731625,0.086059906,0.058573242,0.0004292406
ISIC_0032842,HAM_0007101,bkl,1,0.0009977274,0.0032890406,0.024243645,0.00025275818,0.92496514,0.045961447,0.0002903552
ISIC_0032618,HAM_0007101,bkl,1,0.016842488,0.044618472,0.43252158,0.0012315876,0.4825127,0.019503077,0.0027700104
ISIC_0032513,HAM_0007101,bkl,1,0.004063344,0.009900956,0.09748911,0.0006110815,0.71196014,0.1751562,0.0008190942
ISIC_0032829,HAM_0003845,bkl,1,0.00013465334,0.000121768004,0.9993026,5.8653597e-05,7.4580814e-05,0.00026733286,4.0351377e-05
ISIC_0033601,HAM_0003845,bkl,1,7.779106e-05,8.096894e-05,0.9994536,4.7321097e-05,6.330547e-05,0.0002474006,2.9641717e-05
ISIC_0033582,HAM_0004442,bkl,1,0.0070865047,0.00025705682,0.70043254,0.00070423324,0.2507244,0.0399815,0.00081373996
ISIC_0033576,HAM_0004442,bkl,1,0.0032161144,0.000117004034,0.8717205,0.00072518527,0.10513386,0.018775977,0.0003112897
ISIC_0034070,HAM_0000087,bkl,1,0.000108998975,0.0007011113,0.9930397,7.4476164e-05,9.9244695e-05,0.005922155,5.416959e-05
ISIC_0033709,HAM_0000087,bkl,1,4.991636e-05,0.00025535966,0.99329835,4.4570297e-05,0.000103629034,0.0062140464,3.410655e-05
ISIC_0033776,HAM_0002894,bkl,1,0.00034224126,0.00035761652,0.99803466,0.000100428064,2.3598888e-05,0.001087375,5.4124e-05
ISIC_0033056,HAM_0002894,bkl,1,0.00026862117,0.0021056596,0.9965475,9.229064e-05,6.738953e-05,0.00085034815,6.818389e-05
ISIC_0033397,HAM_0001384,bkl,1,7.321943e-05,0.00028398732,0.94809586,0.000107579115,0.007950269,0.04340051,8.849217e-05
ISIC_0033414,HAM_0001384,bkl,1,0.00010582864,0.0005311809,0.8575384,0.00034228695,0.049623106,0.09162808,0.00023115102
ISIC_0034113,HAM_0001384,bkl,1,6.051088e-05,0.00020430626,0.96565086,7.922996e-05,0.0066413158,0.02728661,7.709286e-05
ISIC_0032099,HAM_0002455,bkl,1,0.0008322972,0.00067467336,0.98882014,0.00021967701,0.004116763,0.00525258,8.386997e-05
ISIC_0031376,HAM_0005862,bkl,1,0.0004315865,7.480648e-05,0.9984187,4.4278113e-05,0.00030817752,0.0007137407,8.821653e-06
ISIC_0026844,HAM_0004114,bkl,1,0.15320148,0.00424739,0.834695,0.0007761555,0.0006092115,0.0054604183,0.0010103225
ISIC_0026827,HAM_0005465,bkl,1,8.68531e-05,2.3399034e-05,0.99734396,6.201052e-05,0.0009852832,0.0014704441,2.8114584e-05
ISIC_0025656,HAM_0005915,bkl,1,5.3835374e-05,6.293993e-05,0.99952185,1.5052087e-05,2.4431949e-05,0.00030776573,1.4002712e-05
ISIC_0027781,HAM_0005693,bkl,1,0.00080629153,0.003495537,0.92483187,0.00013794021,0.031522635,0.039001357,0.00020426098
ISIC_0025507,HAM_0006190,bkl,1,0.0003992943,0.00015836366,0.94804734,0.00016371011,0.04356815,0.007556236,0.00010694513
ISIC_0028336,HAM_0007260,bkl,1,0.005283605,0.12346724,0.7132857,0.004147149,0.0018820885,0.14951281,0.002421374
ISIC_0031556,HAM_0006122,bkl,1,0.005228287,0.00026882632,0.9761105,0.00013152826,0.0014924536,0.016713101,5.5259163e-05
ISIC_0031130,HAM_0006350,bkl,1,0.00012927568,0.00012085171,0.99858606,0.00014337488,0.0004142617,0.0005285568,7.757188e-05
ISIC_0029062,HAM_0003076,bkl,1,0.0058897003,0.00045800643,0.95873266,0.0008976092,0.007131269,0.026749367,0.00014133062
ISIC_0031812,HAM_0002335,bkl,1,7.35626e-05,0.00019533171,0.9544016,0.00021411132,0.039162718,0.005843801,0.000108931024
ISIC_0030465,HAM_0002335,bkl,1,8.097226e-05,3.6819245e-05,0.99754435,0.00011746929,0.0012592194,0.00093303487,2.8010605e-05
ISIC_0025032,HAM_0004500,bkl,1,0.0004169421,0.000102575956,0.98898226,0.00020399665,0.006144895,0.004087391,6.1851984e-05
ISIC_0030095,HAM_0000050,bkl,1,0.025997698,0.00047384505,0.969857,0.0007653801,0.00214499,0.00070717,5.3948446e-05
ISIC_0031394,HAM_0000050,bkl,1,0.22460447,0.006217867,0.73501277,0.0108595425,0.019382281,0.0036233095,0.00029975205
ISIC_0031593,HAM_0002169,bkl,1,0.9540881,0.0012609303,0.024691503,0.00020705086,0.015771696,0.0035380935,0.00044262817
ISIC_0027295,HAM_0003913,bkl,1,0.13110751,0.0008186045,0.8466201,0.014574017,0.00071679405,0.0059064333,0.00025658112
ISIC_0032200,HAM_0002169,bkl,1,0.50470644,0.0019076116,0.32906082,0.009830604,0.032861035,0.119995415,0.0016380529
ISIC_0024445,HAM_0000243,bkl,1,0.0015703259,0.0034584962,0.52366567,0.0018466857,0.0012277577,0.46758083,0.0006501496
ISIC_0025985,HAM_0004545,bkl,1,0.00067843794,0.099031314,0.8965564,7.327409e-05,0.00041109175,0.0028187488,0.00043082048
ISIC_0026861,HAM_0007110,bkl,1,0.0039024898,0.0010098564,0.9888343,4.4369994e-05,0.0045792116,0.001383684,0.00024603013
ISIC_0028511,HAM_0004889,bkl,1,0.0014993259,0.0014362661,0.40214488,0.00075390836,0.24969746,0.34397277,0.0004953918
ISIC_0026714,HAM_0004889,bkl,1,0.0002079774,0.00017309414,0.9361573,0.00014182828,0.0072815097,0.055892162,0.00014604485
ISIC_0028473,HAM_0004889,bkl,1,0.0029693597,0.0018599933,0.65962183,0.00073553185,0.12737498,0.20675004,0.0006882744
ISIC_0027969,HAM_0006170,bkl,1,0.0001989985,3.853997e-05,0.9963482,0.00018314709,0.0007538139,0.0024361645,4.1266667e-05
ISIC_0029557,HAM_0006170,bkl,1,0.0005028522,5.0920073e-05,0.9936731,0.00015321157,0.0015786721,0.0039823693,5.8838035e-05
ISIC_0026661,HAM_0000992,bkl,1,0.048754904,0.00072244916,0.8599919,0.0039515602,0.076105334,0.009228117,0.0012458445
ISIC_0032123,HAM_0006170,bkl,1,0.0003202671,6.7922956e-05,0.9966192,0.00016182866,0.0006059822,0.0020822943,0.00014239551
ISIC_0027754,HAM_0002535,bkl,1,0.00077015033,0.0003039606,0.93485636,7.347729e-05,0.06336975,0.00057681586,4.9426755e-05
ISIC_0029420,HAM_0007573,bkl,1,6.994043e-05,3.2398515e-05,0.9965922,8.577653e-05,0.0024036728,0.0007943908,2.1582066e-05
ISIC_0029603,HAM_0003476,bkl,1,0.0019830375,0.001969528,0.9859584,0.00095147185,0.0012728652,0.007774434,9.024619e-05
ISIC_0028100,HAM_0001510,bkl,1,0.009963587,0.76771575,0.15385301,0.064386494,0.0003681891,0.003483062,0.00022995728
ISIC_0031449,HAM_0001536,bkl,1,0.61115444,0.00074264215,0.35857812,0.00073686294,0.0006788299,0.027785918,0.0003231715
ISIC_0026842,HAM_0001536,bkl,1,0.049855106,0.0017860729,0.15118372,0.00072800915,0.00032942375,0.7952465,0.0008713128
ISIC_0025746,HAM_0005591,bkl,1,0.00065036607,2.9202783e-05,0.9923764,9.083364e-05,0.0028257514,0.0039927387,3.474696e-05
ISIC_0029791,HAM_0005708,bkl,1,0.00015282663,0.000117979995,0.9979753,0.00010637807,0.00028691525,0.0012908977,6.976444e-05
ISIC_0029897,HAM_0001809,bkl,1,6.041621e-05,0.00021809895,0.99863845,0.000116682975,0.00011656908,0.00082108984,2.8706309e-05
ISIC_0024970,HAM_0001815,bkl,1,0.00035157736,7.829444e-05,0.9903257,4.6207075e-05,0.0071588284,0.002011368,2.8080798e-05
ISIC_0028972,HAM_0003476,bkl,1,0.054100733,0.003768908,0.9159386,0.014822851,0.002955362,0.007874279,0.00053926365
ISIC_0029311,HAM_0002592,bkl,1,0.00043710944,0.00081384147,0.99758613,0.00032978645,9.220656e-05,0.0006823182,5.8610054e-05
ISIC_0026849,HAM_0004545,bkl,1,0.01710119,0.53906256,0.42311502,0.0035273072,0.009931296,0.0034187834,0.0038438416
ISIC_0025222,HAM_0000973,bkl,1,0.07558339,0.0005244178,0.9189976,0.00038217648,0.0037208237,0.0006873177,0.00010427737
ISIC_0025086,HAM_0004050,bkl,1,0.00022678336,0.00013410252,0.79500574,7.8834804e-05,0.18159644,0.022907728,5.0306582e-05
ISIC_0028750,HAM_0000318,bkl,1,0.037736867,0.00089663314,0.296389,0.0006702368,0.48391396,0.17906816,0.0013251379
ISIC_0028640,HAM_0005913,bkl,1,0.006093674,0.007117273,0.98313576,0.00049413036,0.002122434,0.0009702989,6.6482586e-05
ISIC_0028840,HAM_0003647,bkl,1,0.0024187956,7.091515e-05,0.992874,0.00017044919,0.0017134043,0.0026102387,0.00014213774
ISIC_0025883,HAM_0007607,bkl,1,0.00060857786,5.8603404e-05,0.99747294,0.00010488076,5.0618062e-05,0.0015878072,0.00011654679
ISIC_0029126,HAM_0001914,bkl,1,0.0019040406,0.9957535,0.0005221905,0.0011248065,2.6420645e-05,0.0003162609,0.00035281453
ISIC_0028702,HAM_0001914,bkl,1,0.013637347,0.30245522,0.6776113,0.003924373,0.00019557393,0.0015655876,0.00061070273
ISIC_0029384,HAM_0001486,bkl,1,0.00047871718,3.8086502e-05,0.99428767,0.0004532403,0.0031754344,0.0015314217,3.5431254e-05
ISIC_0026961,HAM_0006181,bkl,1,0.00062667124,0.00011592253,0.96536916,0.0025892493,0.023105916,0.007965719,0.00022740901
ISIC_0030849,HAM_0006181,bkl,1,0.0011015186,9.402001e-05,0.97632855,0.00084704155,0.0068338285,0.014652052,0.00014308364
ISIC_0024420,HAM_0006201,bkl,1,0.020638047,0.00030284218,0.9751634,9.538664e-05,0.0010921754,0.002640219,6.790398e-05
ISIC_0030801,HAM_0006201,bkl,1,0.6332547,0.00071445404,0.35661402,0.00024642693,0.0039693685,0.0045044776,0.0006965419
ISIC_0030081,HAM_0004327,bkl,1,0.00051715615,0.9847103,0.008998293,0.00017543879,0.000985231,0.004491608,0.00012199852
ISIC_0029206,HAM_0006993,bkl,1,0.000244633,6.5075e-05,0.9889971,0.00021047535,0.006929266,0.003506441,4.6871763e-05
ISIC_0030310,HAM_0006993,bkl,1,0.000270676,4.9486694e-05,0.9963561,0.00031707095,0.0015436258,0.0014020602,6.0988674e-05
ISIC_0024851,HAM_0007078,bkl,1,0.0007603889,0.0011259791,0.74456006,0.00022520998,0.23612374,0.017004816,0.00019991504
ISIC_0029040,HAM_0001721,bkl,1,0.002549694,0.0022252402,0.98740447,0.00028498724,0.001906139,0.005580612,4.8850885e-05
ISIC_0029588,HAM_0001721,bkl,1,0.00093384954,0.00065050117,0.99622405,0.00015910111,0.0011814696,0.0008277489,2.323621e-05
ISIC_0031181,HAM_0001721,bkl,1,0.090191096,0.014991707,0.87088406,0.00086540845,0.00086035253,0.021167519,0.0010398122
ISIC_0024947,HAM_0001721,bkl,1,0.0057601715,0.001163413,0.98926616,0.00037021862,0.00043579834,0.0027674744,0.00023670818
ISIC_0025068,HAM_0000542,bkl,1,0.9852941,0.0018200661,0.0077691963,3.324221e-05,0.0045695053,0.00013859484,0.00037527105
ISIC_0027017,HAM_0003183,bkl,1,0.14199004,0.0021560045,0.84138864,0.0022661027,0.009817102,0.001789137,0.0005928827
ISIC_0026663,HAM_0001815,bkl,1,0.00029841764,6.536189e-05,0.9817842,5.6898414e-05,0.016118966,0.0016386353,3.746094e-05
ISIC_0027239,HAM_0004422,bkl,1,0.19366097,0.44416103,0.34794572,0.008500563,0.0039300337,0.0012796387,0.00052209455
ISIC_0029115,HAM_0000846,bkl,1,0.012963535,0.9213245,0.05936025,0.00034144172,0.0036404994,0.0021474666,0.00022218036
ISIC_0030700,HAM_0004422,bkl,1,0.9702314,0.016874047,0.008647928,0.00019133769,0.0032393937,0.00063849764,0.00017730439
ISIC_0025799,HAM_0004531,bkl,1,0.0011782653,0.0006570855,0.83425844,0.0007132596,0.10836743,0.0545971,0.00022841714
ISIC_0029627,HAM_0004531,bkl,1,0.0008409185,0.00030307705,0.7849395,0.00035641523,0.15761226,0.05565224,0.0002954786
ISIC_0029102,HAM_0005415,bkl,1,0.01272696,0.0010375753,0.41533023,0.00014487797,0.5676891,0.002862041,0.00020915577
ISIC_0027154,HAM_0005415,bkl,1,0.012432214,0.0011501816,0.753173,0.00026686362,0.23060383,0.0021509218,0.0002229729
ISIC_0031677,HAM_0002683,bkl,1,0.00025093206,0.00032157445,0.9899955,0.00012289312,0.008734072,0.0005288938,4.6191668e-05
ISIC_0031528,HAM_0007590,bkl,1,0.00017579437,7.081956e-05,0.99736255,0.00022473466,0.00023783116,0.0018992185,2.8950979e-05
ISIC_0028615,HAM_0007590,bkl,1,0.0004735102,0.00012019072,0.014249405,0.0014254234,0.0021199246,0.9815539,5.766813e-05
ISIC_0032159,HAM_0004632,bkl,1,0.0039224573,0.00016884241,0.9439911,0.00048098725,0.048585244,0.002730306,0.0001211385
ISIC_0024382,HAM_0004632,bkl,1,0.0031652967,0.00083097495,0.24122806,0.00020989831,0.7503266,0.0040179514,0.00022126423
ISIC_0029135,HAM_0007043,bkl,1,0.0028307168,0.0015511048,0.83549964,0.0013241415,0.091033995,0.06647195,0.0012884251
ISIC_0029947,HAM_0007043,bkl,1,0.001023252,0.00061881816,0.95048296,0.0006783127,0.020512465,0.026441613,0.00024256944
ISIC_0028309,HAM_0006770,bkl,1,0.00016594947,0.00019745516,0.9780578,0.00013838543,0.0009365025,0.020378388,0.00012551014
ISIC_0027905,HAM_0006770,bkl,1,0.00010736797,0.00029414546,0.05518516,0.0004485183,0.026790246,0.9171224,5.222487e-05
ISIC_0024943,HAM_0006988,bkl,1,0.0012625464,0.00018692916,0.98563576,0.00066401705,0.00797175,0.004203895,7.5084965e-05
ISIC_0027559,HAM_0004768,bkl,1,8.751102e-05,3.448803e-05,0.999516,4.3257685e-05,5.5598237e-05,0.00025021032,1.3001002e-05
ISIC_0024408,HAM_0004768,bkl,1,5.3357184e-05,4.359141e-05,0.9993888,0.000109910325,0.00014610606,0.00024768672,1.0547775e-05
ISIC_0033199,HAM_0006673,bkl,1,8.193079e-05,3.1280164e-05,0.9985684,9.67268e-05,0.0005175658,0.00069442345,9.633531e-06
ISIC_0032719,HAM_0006673,bkl,1,0.0003267049,2.9209867e-05,0.99650216,0.0001228581,0.00070562004,0.002304619,8.7362005e-06
ISIC_0030630,HAM_0003787,bkl,1,0.004913468,0.0036211954,0.13775492,0.00062072463,0.027099075,0.8243033,0.0016873046
ISIC_0033528,HAM_0000080,bkl,1,0.00016868209,4.9089285e-05,0.998054,0.00010151466,0.00075561163,0.0008578941,1.3186423e-05
ISIC_0033865,HAM_0000080,bkl,1,0.00077368645,0.000109624954,0.99679404,0.00027505937,0.00064234884,0.0013878585,1.7379098e-05
ISIC_0034296,HAM_0006528,bkl,1,0.0006309097,0.00022353437,0.9925202,7.800952e-05,0.00012563655,0.006344022,7.770539e-05
ISIC_0032763,HAM_0006528,bkl,1,0.00021014365,0.00088473794,0.9385471,0.00022989788,0.00083683536,0.05918459,0.000106703825
ISIC_0034291,HAM_0006528,bkl,1,0.000120544886,4.0973304e-05,0.99897313,3.0330064e-05,5.984913e-05,0.0007529911,2.2103439e-05
ISIC_0033854,HAM_0004246,bkl,1,0.00034838152,0.00027993243,0.251533,0.00065404817,0.0017623298,0.745095,0.0003272742
ISIC_0033169,HAM_0002792,bkl,1,2.0948155e-05,5.5083347e-05,0.9980263,5.8407317e-05,5.755798e-05,0.0017628159,1.8741166e-05
ISIC_0033855,HAM_0006157,bkl,1,9.57431e-05,2.7137767e-05,0.99908805,6.242302e-05,4.0778414e-05,0.00067143847,1.43565685e-05
ISIC_0033685,HAM_0000372,bkl,1,0.00013987828,0.00032522672,0.9619426,0.00035684303,0.0007546994,0.03636345,0.000117330106
ISIC_0033490,HAM_0000983,bkl,1,0.00015488343,7.206266e-05,0.9991353,0.00024366584,2.7458957e-05,0.00033409515,3.254469e-05
ISIC_0026790,HAM_0005779,bkl,1,0.00026587912,0.001273403,0.9883033,0.00025222145,0.0007922197,0.008839169,0.0002737838
ISIC_0029113,HAM_0007233,bkl,1,0.00010221975,3.2927637e-05,0.96837515,0.00017905119,6.998064e-05,0.03106763,0.00017303468
ISIC_0031253,HAM_0000613,bkl,1,0.0011859179,0.0010104147,0.8380383,0.124077655,0.0064361026,0.028300522,0.00095105235
ISIC_0029793,HAM_0007151,bkl,1,0.00069518696,5.717598e-05,0.9923713,0.0024034472,0.0001515239,0.0031004357,0.001220985
ISIC_0031436,HAM_0006243,bkl,1,0.0003390995,0.00017455347,0.9816565,0.0018691963,0.00041143576,0.01540889,0.00014025765
ISIC_0030160,HAM_0002043,bkl,1,0.0006169956,0.00094264525,0.012739335,0.90516955,0.01851301,0.06076114,0.0012573681
ISIC_0026446,HAM_0002965,bkl,1,0.00013169346,0.0001731078,0.6334856,0.00046507362,0.0005147896,0.3637802,0.0014494138
ISIC_0028925,HAM_0001752,bkl,1,0.00020521853,0.0002849177,0.9852374,0.013410094,0.00012302121,0.0005101578,0.0002291615
ISIC_0030579,HAM_0002546,df,1,0.0034995459,0.0012845853,0.0002544363,0.9815253,0.009542991,0.0011616601,0.002731444
ISIC_0034169,HAM_0001785,df,1,0.001931543,0.6930704,0.00041044675,0.0009322106,0.29346448,0.010027104,0.00016390345
ISIC_0032941,HAM_0001785,df,1,0.00061591365,0.03168303,0.00021306203,0.0005640913,0.96279806,0.0040715486,5.4399174e-05
ISIC_0025302,HAM_0007421,df,1,0.040966142,0.0042674956,0.019026622,0.85895336,0.011875348,0.063697934,0.0012131431
ISIC_0029967,HAM_0004960,df,1,0.8684623,0.0025714207,0.02090639,0.020761747,0.07723111,0.008690514,0.0013763823
ISIC_0027876,HAM_0004960,df,1,0.98376036,0.003630359,0.003857898,0.003354256,0.0034070776,0.0015052521,0.0004848809
ISIC_0032138,HAM_0005492,df,1,0.007058657,0.00025912808,0.00017211154,0.9908772,0.0008263269,0.00046922037,0.00033730728
ISIC_0030011,HAM_0004371,df,1,0.031526815,0.02352044,0.23847775,0.37849018,0.26970345,0.02352044,0.03476096
ISIC_0030427,HAM_0004371,df,1,0.0005566718,0.00090092415,0.0014022088,0.90928453,0.07537108,0.0106378235,0.0018467722
ISIC_0027626,HAM_0004371,df,1,0.00095132366,0.001118746,0.002884149,0.9771786,0.01602769,0.00085026637,0.0009892201
ISIC_0031123,HAM_0003487,df,1,0.0051363003,0.0031062101,0.008870398,0.35346285,0.44247666,0.18230279,0.0046447944
ISIC_0024845,HAM_0003487,df,1,0.00039365617,0.00015206469,0.00021070898,0.9709447,0.005193005,0.022834431,0.0002713495
ISIC_0032613,HAM_0005584,df,1,0.0002469901,0.00013909115,0.00024126856,0.043361057,0.9528004,0.003105986,0.00010519677
ISIC_0033256,HAM_0005584,df,1,0.00027816245,0.00017837164,0.0004622093,0.075413704,0.91872704,0.004750931,0.00018950515
ISIC_0024994,HAM_0002960,df,1,7.654731e-05,0.00027191432,0.001021819,0.9931252,0.00014783726,0.0037979083,0.0015588489
ISIC_0027141,HAM_0000024,df,1,0.00010775699,0.000116513096,0.00012500031,0.9991341,0.00010913373,0.00022912625,0.0001783566
ISIC_0031799,HAM_0003348,df,1,9.3068185e-05,4.081761e-05,0.00012414104,0.9990722,0.0002881437,0.00012745782,0.00025409975
ISIC_0024693,HAM_0000559,nv,1,0.0004745929,0.000872058,0.00955109,0.010780609,0.0003911527,0.9685459,0.009384667
ISIC_0030417,HAM_0004476,mel,1,0.082042776,0.0006227447,0.009665557,8.746564e-05,0.90472525,0.0024059475,0.0004503017
ISIC_0029512,HAM_0004784,mel,1,0.0036631837,0.015124281,0.11518907,0.0037573848,0.68994635,0.17174123,0.00057846896
ISIC_0027872,HAM_0004784,mel,1,0.004733903,0.0031076022,0.047787383,0.020904174,0.32386798,0.59918493,0.00041404794
ISIC_0029028,HAM_0003182,mel,1,0.0002790882,0.0001426836,0.00076421734,8.420765e-05,0.5080646,0.4905133,0.0001518859
ISIC_0027125,HAM_0003182,mel,1,0.00013109024,0.0002810637,0.0019178226,0.00015355965,0.3007899,0.6966309,9.572054e-05
ISIC_0030119,HAM_0005557,mel,1,0.020057414,0.083399944,0.16392827,0.0018807214,0.72399205,0.0039620935,0.0027795262
ISIC_0028215,HAM_0005557,mel,1,0.0017577879,0.027550181,0.0121538965,0.00031918046,0.95705485,0.000737061,0.00042699502
ISIC_0026150,HAM_0004607,mel,1,0.000626545,0.00039246495,0.019058334,0.00023071823,0.7235887,0.2559957,0.00010750371
ISIC_0031642,HAM_0004607,mel,1,0.0004937794,0.0002668948,0.032077722,0.0009288291,0.67390126,0.29211456,0.00021698393
ISIC_0025751,HAM_0000814,mel,1,6.444664e-05,8.275112e-05,0.00058731093,6.873721e-05,0.9147302,0.08442104,4.5610337e-05
ISIC_0028109,HAM_0000814,mel,1,4.0700765e-05,0.00011504339,0.0008978444,0.00026052326,0.6688252,0.3298017,5.8988382e-05
ISIC_0033186,HAM_0000095,mel,1,0.00012158249,6.29531e-05,0.00047782538,0.00021865762,0.10005584,0.8987824,0.00028076197
ISIC_0030759,HAM_0001353,mel,1,0.00029155982,0.00016547812,0.98581284,0.00018532672,0.00024889773,0.013235725,6.0225557e-05
ISIC_0024886,HAM_0001353,mel,1,0.00026847975,0.0009602461,0.9122186,0.00032384842,0.012367827,0.07357473,0.00028635396
ISIC_0024951,HAM_0001531,mel,1,0.00041424905,0.00027974803,0.00029403355,0.0009043614,0.9893344,0.008626552,0.00014669879
ISIC_0030106,HAM_0001531,mel,1,0.00038543204,0.00016707243,0.000107764776,0.001056704,0.9953107,0.0028956546,7.6715754e-05
ISIC_0031517,HAM_0001202,mel,1,3.911373e-05,0.0022754888,0.0006452877,0.00033493433,0.993562,0.0030204265,0.00012285501
ISIC_0028022,HAM_0001202,mel,1,5.988872e-05,0.0007966937,0.00034396333,0.00044883182,0.9976834,0.00057645224,9.0785885e-05
ISIC_0025153,HAM_0005381,mel,1,8.7498636e-05,4.0611245e-05,0.0020586923,0.0009814014,0.044275455,0.95221394,0.00034236623
ISIC_0031598,HAM_0005381,mel,1,0.00029735992,0.00035798468,0.0065724794,0.00037589818,0.67172176,0.31854078,0.0021337715
ISIC_0031545,HAM_0007229,mel,1,3.5591464e-05,0.00026530892,0.004034246,0.00012301917,0.98138016,0.013971321,0.00019034983
ISIC_0027033,HAM_0000059,mel,1,0.002117064,0.0018250233,0.33153763,0.00031683195,0.52260154,0.14120682,0.0003950746
ISIC_0027822,HAM_0000059,mel,1,0.0017272128,0.0001478586,0.6425562,0.000359577,0.09184862,0.26319,0.00017051693
ISIC_0026158,HAM_0003448,mel,1,0.00419328,0.1565852,0.0016437162,0.00059531466,0.5584051,0.0032245321,0.2753529
ISIC_0027387,HAM_0006896,mel,1,0.00020109695,0.00092262664,0.008064228,7.890465e-05,0.8807708,0.10917005,0.00079225306
ISIC_0024911,HAM_0006896,mel,1,0.00017522504,0.00018616213,0.007815956,0.00024807407,0.8011516,0.19029018,0.00013278447
ISIC_0028696,HAM_0003330,mel,1,0.00013911541,0.000102978745,0.001286014,7.0088376e-05,0.79623336,0.20210724,6.113217e-05
ISIC_0029343,HAM_0003330,mel,1,5.7148805e-05,9.18602e-05,0.00095370633,9.797585e-05,0.84841675,0.15034057,4.2056665e-05
ISIC_0026963,HAM_0001741,mel,1,0.00037373134,0.00044079337,0.93631667,0.0001923804,0.056230187,0.006383219,6.306968e-05
ISIC_0028211,HAM_0001741,mel,1,0.00020895485,0.0008216042,0.9808941,3.8314527e-05,0.017210087,0.00079866254,2.8251361e-05
ISIC_0030681,HAM_0004397,mel,1,1.561856e-05,3.5751236e-05,0.0002049571,2.2947881e-05,0.9974058,0.0022820625,3.280718e-05
ISIC_0027327,HAM_0004397,mel,1,1.18774815e-05,4.01026e-05,2.8800321e-05,2.5640564e-05,0.998978,0.00088464917,3.089823e-05
ISIC_0025589,HAM_0004397,mel,1,0.00011141667,0.00015095594,7.831491e-05,5.8028443e-05,0.9973793,0.0020798163,0.00014222605
ISIC_0034071,HAM_0006435,mel,1,9.396182e-05,8.878768e-05,0.0015884677,2.6867985e-05,0.98722583,0.010924332,5.1789393e-05
ISIC_0033573,HAM_0006435,mel,1,0.00016061585,0.0016501234,0.019569939,0.00012780426,0.88926995,0.08874023,0.00048138713
ISIC_0027776,HAM_0003622,mel,1,0.655836,0.011345053,0.059705634,0.00048242346,0.2675821,0.004462354,0.0005864778
ISIC_0033268,HAM_0007163,mel,1,0.00014593755,2.8457544e-05,0.003789596,0.00013763222,0.9245709,0.071295254,3.224662e-05
ISIC_0032750,HAM_0007163,mel,1,0.00016669951,1.1233802e-05,0.00028718833,5.2046125e-05,0.98825186,0.011216905,1.4090343e-05
ISIC_0032532,HAM_0004405,mel,1,0.00016682562,0.00021800702,0.017386224,0.00020802375,0.57913613,0.40272596,0.00015887551
ISIC_0033500,HAM_0004405,mel,1,6.231274e-05,3.3945078e-05,0.0010355756,6.170718e-05,0.98282015,0.015947985,3.8314858e-05
ISIC_0032604,HAM_0003083,mel,1,0.00010521189,0.0003818542,0.028109614,0.00015579708,0.9529373,0.018078173,0.00023205904
ISIC_0033428,HAM_0003083,mel,1,4.5565965e-05,0.00014396233,0.0043619936,3.726256e-05,0.99390346,0.001416132,9.150802e-05
ISIC_0033152,HAM_0001135,mel,1,8.70712e-05,0.000586371,0.036740977,0.0002974487,0.014757972,0.94571346,0.0018167639
ISIC_0033946,HAM_0007343,mel,1,9.539599e-05,3.1091757e-05,0.0001268738,6.159228e-05,0.96956134,0.030089837,3.3881875e-05
ISIC_0033369,HAM_0007343,mel,1,0.00020634788,4.939632e-05,0.00019613089,8.3535066e-05,0.88628846,0.11311995,5.619244e-05
ISIC_0032447,HAM_0007343,mel,1,0.0007603944,0.00019235173,0.00026445865,4.410924e-05,0.9946108,0.004088634,3.930827e-05
ISIC_0033655,HAM_0007343,mel,1,8.2171486e-05,2.8564587e-05,5.8097845e-05,1.4589363e-05,0.9975975,0.002207959,1.11207e-05
ISIC_0033831,HAM_0007343,mel,1,8.534103e-05,2.4284042e-05,7.575577e-05,2.5799789e-05,0.9954131,0.0043473393,2.839092e-05
ISIC_0033034,HAM_0007032,mel,1,8.949524e-06,5.2516723e-05,3.9256458e-05,2.371742e-05,0.99718755,0.0026778574,1.0220678e-05
ISIC_0034294,HAM_0007032,mel,1,5.6435592e-06,3.487618e-05,1.7180866e-05,1.3354363e-05,0.9989893,0.00093074347,8.9133155e-06
ISIC_0034202,HAM_0007032,mel,1,1.0348015e-05,2.7937187e-05,2.1357522e-05,1.8847946e-05,0.9959019,0.004006923,1.2678653e-05
ISIC_0034140,HAM_0005636,mel,1,0.0011070574,0.92901736,0.020108039,0.0005301355,0.029544136,0.019252917,0.00044035705
ISIC_0034256,HAM_0005636,mel,1,0.0008628112,0.9324282,0.001535126,0.0004143858,0.048177954,0.01640774,0.00017375684
ISIC_0032984,HAM_0005636,mel,1,0.00010228523,0.97278804,8.529575e-05,8.630119e-05,0.0250773,0.0017866844,7.410623e-05
ISIC_0034222,HAM_0002235,mel,1,0.00064429984,0.021746479,0.010938821,0.020669736,0.009596492,0.93604064,0.00036354334
ISIC_0032569,HAM_0002235,mel,1,0.0053519416,0.19849038,0.62957036,0.00571941,0.030866046,0.12890814,0.0010937027
ISIC_0034064,HAM_0002235,mel,1,0.00067012565,0.8023946,0.0026042163,0.0056040483,0.01191893,0.17660731,0.00020081559
ISIC_0033180,HAM_0005010,mel,1,0.0011366892,0.01024562,0.014441588,0.0021194713,0.61227554,0.28307107,0.07671014
ISIC_0033962,HAM_0005010,mel,1,0.00056588266,0.0034596878,0.003770154,0.0013442899,0.5205314,0.4540156,0.016312957
ISIC_0033603,HAM_0005010,mel,1,0.0022905688,0.0033295052,0.022471491,0.0031988283,0.18518928,0.77209896,0.01142141
ISIC_0033325,HAM_0005777,mel,1,0.010235057,0.7252823,0.023948757,0.0012798172,0.23777543,0.0010124188,0.00046624296
ISIC_0034208,HAM_0005777,mel,1,0.05113436,0.34748325,0.09011684,0.0033603478,0.5045986,0.0023968464,0.00090974034
ISIC_0033725,HAM_0001928,mel,1,0.00044179935,0.00049358525,0.0010993527,2.253951e-05,0.99508387,0.0028362293,2.2583577e-05
ISIC_0032537,HAM_0001928,mel,1,0.00013990272,0.0012059225,0.0029034708,7.0899245e-05,0.9144733,0.081164114,4.2418644e-05
ISIC_0033287,HAM_0001928,mel,1,0.000100675505,0.00055039325,0.0030414988,0.00012383299,0.8872543,0.108904935,2.4289096e-05
ISIC_0033485,HAM_0003556,mel,1,0.00012189428,5.1714193e-05,0.001359451,0.00054923433,0.075424574,0.9224558,3.739412e-05
ISIC_0033175,HAM_0003556,mel,1,0.00016321253,0.00015124204,0.0109394565,0.00030373238,0.028319426,0.96005017,7.270859e-05
ISIC_0033886,HAM_0003556,mel,1,9.6353244e-05,0.000109824156,0.003787297,0.00033532205,0.24328907,0.752316,6.6093344e-05
ISIC_0033819,HAM_0000388,mel,1,3.6659854e-05,1.3914512e-05,0.00011391714,3.6232756e-05,0.98742336,0.012357208,1.8724022e-05
ISIC_0032544,HAM_0000388,mel,1,2.8311008e-05,1.2440845e-05,0.0004629802,3.5164867e-05,0.99649626,0.002950515,1.4488117e-05
ISIC_0032844,HAM_0000388,mel,1,0.00029260566,0.00018203819,0.0039007103,0.0008684557,0.7988555,0.19576795,0.00013266277
ISIC_0033980,HAM_0003602,mel,1,8.423728e-06,1.759088e-05,0.00010330072,7.424141e-05,0.0006530401,0.99913615,7.275905e-06
ISIC_0032533,HAM_0003602,mel,1,2.5898424e-05,5.170675e-05,0.00010609536,0.00018376444,0.017807681,0.98180777,1.7051078e-05
ISIC_0033986,HAM_0003602,mel,1,1.2985578e-05,6.8640205e-05,0.00027581552,4.8768354e-05,0.003196139,0.99638224,1.5360636e-05
ISIC_0033004,HAM_0003602,mel,1,2.1290354e-05,5.352394e-05,0.0009817226,9.149295e-05,0.0041050487,0.9947107,3.6286914e-05
ISIC_0033630,HAM_0004984,mel,1,6.3485095e-05,0.00061338546,0.002712668,3.4786957e-05,0.99546105,0.0010750804,3.949585e-05
ISIC_0032879,HAM_0004984,mel,1,0.0005488498,0.00027497023,0.00062579324,1.7297283e-05,0.9979317,0.00056582305,3.5561112e-05
ISIC_0034012,HAM_0006011,mel,1,0.0013572623,4.03208e-05,0.0030549064,0.0002123,0.9946525,0.0006516987,3.091503e-05
ISIC_0034150,HAM_0006011,mel,1,0.0006196004,0.00010397627,0.0027398188,3.7547547e-05,0.99565375,0.00082646764,1.8843251e-05
ISIC_0028082,HAM_0006037,mel,1,0.00024198028,0.00088886265,0.0004162711,0.00035832284,0.9975674,0.0004641573,6.300116e-05
ISIC_0028460,HAM_0002099,mel,1,0.00015647434,0.0011178927,0.0017896614,7.094297e-05,0.9893912,0.007371902,0.000101819795
ISIC_0033477,HAM_0007021,mel,1,1.5412206e-05,3.814558e-05,6.164489e-05,1.1014607e-05,0.9997274,0.00014088282,5.506135e-06
ISIC_0034092,HAM_0007021,mel,1,1.8569306e-05,2.6729502e-05,5.7477457e-05,1.6180627e-05,0.9995542,0.00031964568,7.1103327e-06
ISIC_0033872,HAM_0006101,mel,1,0.00043237273,7.513511e-05,0.00014696381,0.00038966368,0.9920901,0.006856551,9.186413e-06
ISIC_0032617,HAM_0006101,mel,1,0.00012458005,3.5797504e-05,9.7307704e-05,2.681109e-05,0.9986966,0.0010119912,7.007765e-06
ISIC_0034104,HAM_0002993,mel,1,8.169068e-06,3.9239763e-05,5.577095e-05,9.606731e-06,0.99579054,0.004085496,1.1209492e-05
ISIC_0032547,HAM_0002993,mel,1,6.158224e-06,2.019204e-05,6.180231e-05,8.483312e-06,0.9983729,0.0015216552,8.786858e-06
ISIC_0033644,HAM_0002993,mel,1,1.3672208e-05,1.9970805e-05,4.6072164e-05,2.121733e-05,0.9951788,0.004708676,1.16034535e-05
ISIC_0032806,HAM_0005970,mel,1,0.00017710842,0.00019912835,0.008111035,0.00023508925,0.80976266,0.18138963,0.00012534362
ISIC_0034034,HAM_0005141,mel,1,2.5640253e-05,0.0003641201,0.0028086312,4.544165e-05,0.9854012,0.01131639,3.856583e-05
ISIC_0033217,HAM_0005141,mel,1,0.000102634796,0.0012237714,0.09932743,0.00020292118,0.87669235,0.02229319,0.00015772681
ISIC_0033728,HAM_0005256,mel,1,0.00015355618,1.5181866e-05,0.0006683217,1.0935088e-05,0.99445033,0.0046868855,1.4859171e-05
ISIC_0026430,HAM_0007570,mel,1,0.037444897,0.003788063,0.006040759,0.0002114245,0.9516735,0.0006262849,0.0002151738
ISIC_0030238,HAM_0000375,mel,1,0.00057108264,3.7832877e-05,0.0003772783,0.00010304148,0.7737156,0.22516409,3.1059753e-05
ISIC_0032630,HAM_0003759,mel,1,0.0015071983,0.00020830511,0.0017819939,0.00017782515,0.19846717,0.79731405,0.0005434775
ISIC_0033399,HAM_0003759,mel,1,0.00022219552,7.213633e-05,0.00019647022,3.599015e-05,0.760879,0.2384878,0.000106402564
ISIC_0033559,HAM_0006426,mel,1,2.4618646e-05,2.784215e-05,0.00048491466,2.4048357e-05,0.99737203,0.002057579,9.003782e-06
ISIC_0032922,HAM_0006426,mel,1,3.7215905e-05,5.8892896e-05,0.011601894,5.7304365e-05,0.984934,0.0032949117,1.585081e-05
ISIC_0032672,HAM_0006517,mel,1,0.00015648991,0.00039073543,0.012713917,0.00011561401,0.9223059,0.0642521,6.52347e-05
ISIC_0034076,HAM_0006517,mel,1,0.00031579618,0.00031272724,0.016858933,0.000111071604,0.93770504,0.044634793,6.170003e-05
ISIC_0033534,HAM_0005953,mel,1,0.00011474325,0.0027691363,5.9644393e-05,0.0003997118,0.9955557,0.00056451035,0.00053655944
ISIC_0032626,HAM_0005953,mel,1,8.2847415e-05,0.00076763856,6.339738e-05,0.00032164418,0.9979765,0.0006448796,0.0001431475
ISIC_0034062,HAM_0004914,mel,1,0.004784604,0.00021699988,0.05775015,0.00022652732,0.0029671134,0.9338623,0.00019225123
ISIC_0034170,HAM_0004914,mel,1,0.2770025,0.0013417145,0.15568809,0.0008249934,0.14812402,0.41583,0.0011886932
ISIC_0033061,HAM_0001506,mel,1,0.0006489228,0.0049278475,0.0072050714,0.0026713863,0.8063828,0.054501195,0.12366281
ISIC_0033967,HAM_0001506,mel,1,0.0014551984,0.0035250967,0.026496101,0.0019448429,0.08465792,0.85418016,0.027740572
ISIC_0033051,HAM_0001506,mel,1,0.0010659817,0.00533478,0.02943709,0.0021158212,0.2426525,0.6926041,0.026789691
ISIC_0033668,HAM_0000706,mel,1,0.13157703,0.0071247653,0.098642915,0.00056243164,0.68404925,0.07467805,0.0033655008
ISIC_0032690,HAM_0000706,mel,1,0.011874249,0.00019518995,0.37567258,0.0007209817,0.02705464,0.58413035,0.00035206537
ISIC_0032918,HAM_0000706,mel,1,0.074246675,0.0030840407,0.062521964,0.0008219917,0.4135085,0.4436299,0.002186912
ISIC_0031233,HAM_0000375,mel,1,0.0007235287,0.000103625236,0.01220176,0.00094181806,0.59542507,0.3904893,0.00011492692
ISIC_0024929,HAM_0001753,mel,1,7.343848e-05,1.1394911e-05,8.971548e-05,3.579106e-05,0.98495805,0.014810458,2.12055e-05
ISIC_0024459,HAM_0005846,mel,1,0.0013463894,0.0012021904,0.7570715,0.00082948635,0.17125088,0.06798598,0.0003136101
ISIC_0032466,HAM_0005061,mel,1,0.00044681397,0.00034158197,0.0014725771,0.00077051896,0.96217054,0.03463875,0.00015916092
ISIC_0025085,HAM_0000888,mel,1,0.0003253768,0.0003135236,0.1481644,0.00032728893,0.32110238,0.5294083,0.00035875518
ISIC_0031034,HAM_0000888,mel,1,0.00019676119,0.00025068026,0.045851473,0.00025512572,0.26748922,0.6857311,0.00022558782
ISIC_0025097,HAM_0000775,mel,1,0.0057893554,0.009143583,0.03227073,0.008489529,0.8103184,0.09444457,0.03954375
ISIC_0031666,HAM_0000775,mel,1,0.001311002,0.0043450356,0.0071707526,0.008350775,0.855136,0.11438178,0.009304596
ISIC_0026167,HAM_0003400,mel,1,0.0030108176,0.0007785458,0.04547012,0.0005980988,0.17515796,0.7743441,0.00064041436
ISIC_0028984,HAM_0003400,mel,1,0.016816933,0.0008357341,0.05962848,0.0010319938,0.35960573,0.56024134,0.0018397277
ISIC_0032197,HAM_0003400,mel,1,0.0066655353,0.0007414892,0.018381681,0.0008839865,0.15278478,0.81951916,0.0010234414
ISIC_0030754,HAM_0007502,mel,1,2.6254698e-05,0.000198792,0.0006607866,0.00019609265,0.8664346,0.13235404,0.00012948281
ISIC_0025316,HAM_0003761,mel,1,0.00012850501,4.51095e-05,0.00023844338,0.00021332222,0.91178125,0.087501,9.237809e-05
ISIC_0028760,HAM_0006088,mel,1,4.6443052e-05,3.2997443e-05,0.00018585107,9.566792e-05,0.0021290309,0.99732924,0.00018066153
ISIC_0025145,HAM_0002477,mel,1,6.688582e-05,6.610658e-05,0.00015355238,5.5667322e-05,0.99103254,0.008490788,0.00013445495
ISIC_0031718,HAM_0000863,mel,1,0.00012887425,5.630099e-05,0.001810603,8.584876e-05,0.9752779,0.022580743,5.9815156e-05
ISIC_0028899,HAM_0000863,mel,1,7.374681e-05,5.9373066e-05,0.0018042553,8.0364705e-05,0.98716325,0.010796374,2.2579532e-05
ISIC_0032036,HAM_0004637,mel,1,0.00033277314,0.0002994634,0.085836135,0.00027001475,0.8805662,0.032579724,0.00011567915
ISIC_0024644,HAM_0004171,mel,1,0.00063730683,0.002467021,0.8647033,0.0016417864,0.103678286,0.026574833,0.00029753515
ISIC_0025238,HAM_0004817,mel,1,0.002130667,0.00324254,0.0026220453,0.00026178162,0.95238954,0.039042007,0.00031148116
ISIC_0028017,HAM_0000910,mel,1,0.00010031606,7.6316435e-05,0.01228265,0.00022386879,0.018099476,0.96908444,0.00013289718
ISIC_0027442,HAM_0002375,mel,1,0.09165584,0.002178819,0.0044271997,0.0023261455,0.8662162,0.032331713,0.000864139
ISIC_0024940,HAM_0002375,mel,1,0.0098581575,0.0035101033,0.0018613593,0.00034280712,0.978914,0.0052728285,0.00024072429
ISIC_0026796,HAM_0001397,mel,1,0.000997085,0.00019538133,0.0747735,0.00019122845,0.91628087,0.007432556,0.00012939166
ISIC_0025755,HAM_0003095,mel,1,0.0006981716,4.0223887e-05,0.00038387632,9.407293e-05,0.8130302,0.18571362,3.9755265e-05
ISIC_0027071,HAM_0001596,mel,1,0.04589725,0.0004651517,0.0009332309,7.988953e-05,0.9437324,0.008228923,0.0006630536
ISIC_0029780,HAM_0001596,mel,1,0.75653106,0.00031584414,0.0052541434,0.00017926097,0.22450542,0.01234216,0.00087207364
ISIC_0024323,HAM_0002493,mel,1,0.39314106,0.0060457997,0.2985024,0.08584661,0.10210727,0.11056613,0.0037907613
ISIC_0027436,HAM_0002493,mel,1,0.9103045,0.00096858025,0.004942933,0.0027324138,0.07306272,0.0076110368,0.00037782273
ISIC_0026694,HAM_0002869,mel,1,0.00077188393,0.00012106106,0.0026024191,0.00014688566,0.64082634,0.35528305,0.0002484012
ISIC_0024313,HAM_0002869,mel,1,0.0009002579,8.584846e-05,0.000763666,0.00043047464,0.20008346,0.79755205,0.00018424299
ISIC_0026571,HAM_0006037,mel,1,0.002353563,6.414503e-05,0.00028804012,4.575294e-05,0.9940911,0.0031179646,3.9518607e-05
ISIC_0026847,HAM_0002099,mel,1,0.004302135,0.001031119,0.004558405,0.00016314673,0.9805038,0.00934411,9.722927e-05
ISIC_0031908,HAM_0002772,mel,1,9.801763e-05,3.3121625e-05,0.00011325915,2.9516576e-05,0.97408015,0.025555909,9.003391e-05
ISIC_0026897,HAM_0002772,mel,1,5.4736356e-05,2.3472945e-05,3.9003873e-05,3.530595e-05,0.99659365,0.003228189,2.567948e-05
ISIC_0028709,HAM_0002197,mel,1,0.0775799,0.17397745,0.008560914,0.0009977953,0.72464615,0.01255375,0.0016840984
ISIC_0030695,HAM_0004164,mel,1,0.000319299,0.003237032,0.0313829,0.00015714101,0.9117847,0.052968677,0.00015023815
ISIC_0031203,HAM_0004164,mel,1,0.0019061635,0.00060332566,0.03660448,0.00036808598,0.8429346,0.11747038,0.00011291958
ISIC_0024679,HAM_0000593,mel,1,0.0024996107,0.00013923942,0.025869098,8.628703e-05,0.9650594,0.005981633,0.0003647038
ISIC_0026690,HAM_0000619,mel,1,0.0011557969,0.00013629887,0.10373717,0.00025966213,0.8551146,0.039451167,0.00014537305
ISIC_0031401,HAM_0000593,mel,1,0.00047162967,2.2620137e-05,0.0012362242,1.9085304e-05,0.9966948,0.0014970074,5.8786878e-05
ISIC_0025832,HAM_0003172,mel,1,0.0024894567,0.00020300444,0.0056803655,9.626783e-05,0.72852325,0.26282498,0.00018268423
ISIC_0026105,HAM_0003172,mel,1,0.0006914684,0.000258888,0.0140797,0.000106247426,0.94370365,0.041060496,9.961547e-05
ISIC_0027179,HAM_0006061,mel,1,0.0025698831,0.011049183,0.0023883868,0.0008074659,0.9820686,0.0009495709,0.00016695577
ISIC_0024805,HAM_0005724,mel,1,0.0029073646,0.00054096885,0.039589945,0.00023958506,0.77072,0.18594486,5.7240857e-05
ISIC_0030032,HAM_0005724,mel,1,0.001396937,0.00017281012,0.007964583,0.00037451467,0.8610134,0.12898196,9.580834e-05
ISIC_0028033,HAM_0005789,mel,1,0.0001782601,0.00019199369,0.0036734203,0.0003349908,0.58247447,0.41303623,0.000110684225
ISIC_0032204,HAM_0005789,mel,1,7.867235e-05,0.00026304447,0.0023674972,0.00021764601,0.25606394,0.7409455,6.371081e-05
ISIC_0032095,HAM_0005789,mel,1,0.00015985694,0.00062488054,0.027253877,0.0003204069,0.07948023,0.8920098,0.00015105418
ISIC_0024932,HAM_0004898,mel,1,0.00037960522,0.0005822304,0.08038642,0.0003901283,0.8118741,0.106079526,0.00030801469
ISIC_0029480,HAM_0004898,mel,1,0.0015484449,0.00033981612,0.58741266,0.00076728466,0.2229567,0.1866515,0.00032362214
ISIC_0024918,HAM_0007530,mel,1,6.518542e-05,6.0997307e-05,0.0008476107,0.00014127005,0.11423191,0.8845735,7.955549e-05
ISIC_0030901,HAM_0002131,mel,1,0.00038328595,0.00034090158,0.18042639,0.0006029935,0.792975,0.02502154,0.00024989655
ISIC_0030995,HAM_0002131,mel,1,0.00068913837,0.00020651311,0.7057968,0.00045549264,0.26373702,0.028876793,0.00023815983
ISIC_0031368,HAM_0002576,mel,1,0.09491618,0.0043790084,0.5121108,0.0018505709,0.3835533,0.002697829,0.0004922717
ISIC_0031900,HAM_0001113,mel,1,0.0008006581,3.6812744e-05,0.0017728715,0.00020332963,0.98190546,0.0152035095,7.732611e-05
ISIC_0025414,HAM_0002576,mel,1,0.94822735,0.009447098,0.0035352972,0.000109075154,0.037785977,0.00036256688,0.00053270865
ISIC_0024410,HAM_0007530,mel,1,0.00043488792,0.002074734,0.32970306,0.0015783746,0.45153168,0.21412326,0.00055406155
ISIC_0030122,HAM_0003171,mel,1,0.16475953,0.0003958329,0.0090576345,0.003131764,0.62179595,0.20029666,0.00056259206
ISIC_0026647,HAM_0001095,mel,1,0.00025336514,9.701549e-05,0.005204571,0.000107806656,0.9860212,0.008244103,7.181471e-05
ISIC_0028075,HAM_0003504,mel,1,0.0300354,0.00045163138,0.0016208376,0.00022620916,0.9640341,0.0031280622,0.00050383114
ISIC_0026823,HAM_0003504,mel,1,0.89881825,0.00031230878,0.0064941715,0.00022016627,0.08040034,0.012365967,0.0013887786
ISIC_0028493,HAM_0003534,mel,1,0.0007068833,6.581464e-05,0.052393075,0.0025387576,0.9359733,0.00825747,6.479427e-05
ISIC_0031746,HAM_0003534,mel,1,0.00040859744,0.00015238377,0.0353027,0.0005617684,0.89986134,0.06342746,0.00028580462
ISIC_0025500,HAM_0004047,mel,1,0.0014417754,0.0003706403,0.8083351,0.00018746486,0.17756766,0.011942853,0.00015450585
ISIC_0030277,HAM_0004047,mel,1,0.0005388641,0.0005614255,0.4281367,0.0003596627,0.522519,0.04747598,0.00040834802
ISIC_0025941,HAM_0003171,mel,1,0.0030169904,0.00025265742,0.002480497,0.00038827816,0.42166078,0.5718568,0.0003439954
ISIC_0027797,HAM_0000910,mel,1,0.00015724097,8.2376086e-05,0.007110323,0.00031301656,0.022974828,0.9693122,4.9963623e-05
ISIC_0029404,HAM_0002692,vasc,1,0.0027919703,0.0036771505,0.012187129,0.0009843901,0.0017964806,0.014664636,0.96389824
ISIC_0030275,HAM_0002692,vasc,1,0.0005018884,0.0010989048,0.0024014374,0.0003625573,0.0005989246,0.007134338,0.98790205
ISIC_0028163,HAM_0006617,vasc,1,3.132425e-05,0.00018176112,2.5466434e-05,0.00010901254,0.0012598255,0.00036811002,0.9980246
ISIC_0024669,HAM_0006617,vasc,1,5.1012936e-05,0.00012417945,3.798371e-05,0.00011977259,0.0016277758,0.0006079584,0.99743134
ISIC_0028714,HAM_0005713,vasc,1,0.000101575926,0.00020359222,7.5337535e-05,0.00011691318,0.001096586,0.0075212987,0.9908847
ISIC_0030956,HAM_0005713,vasc,1,6.525688e-05,0.000101071826,3.7878588e-05,2.200825e-05,0.0006981602,0.00051165855,0.99856406
ISIC_0029514,HAM_0007614,vasc,1,0.00010270306,0.0010418325,6.9764355e-05,4.7854734e-05,0.00042361883,0.0061705606,0.99214363
ISIC_0027672,HAM_0007614,vasc,1,7.842463e-05,0.0021289997,0.00019429247,5.977895e-05,0.001559512,0.004006734,0.9919723
ISIC_0030722,HAM_0004820,vasc,1,5.8308688e-05,9.860695e-05,4.731213e-05,4.3713855e-05,0.00037469136,0.00011316387,0.9992642
ISIC_0024747,HAM_0001566,vasc,1,3.271658e-05,9.877676e-05,4.3939068e-05,2.0856938e-05,0.00013697064,0.0001467688,0.99951994
ISIC_0031346,HAM_0001566,vasc,1,0.00010173629,0.00010527371,0.00017314378,3.9840503e-05,0.0007580011,0.00054086,0.99828124
ISIC_0024475,HAM_0003873,vasc,1,9.570354e-06,2.475099e-05,3.0384836e-05,2.6193364e-05,1.8921726e-05,8.987468e-05,0.99980026
ISIC_0028680,HAM_0007150,vasc,1,1.3442374e-05,1.2529671e-05,5.0360784e-05,2.1044814e-05,4.0092345e-05,0.00016416195,0.9996984
ISIC_0027269,HAM_0005560,vasc,1,4.9877533e-05,4.6400262e-05,0.00024288267,3.9688246e-05,0.00020363089,0.0010591635,0.9983583
ISIC_0029230,HAM_0007141,bcc,1,0.004200986,0.86392945,0.001354569,0.005310544,0.005050066,0.119459264,0.00069523253
ISIC_0031513,HAM_0007141,bcc,1,0.0025902435,0.90126795,0.00078882324,0.006787619,0.0035874275,0.08465365,0.00032436528
ISIC_0027135,HAM_0004388,bcc,1,0.00013351341,0.99959,2.5933361e-05,1.605528e-05,4.351511e-05,9.8928496e-05,9.207652e-05
ISIC_0028238,HAM_0005776,bcc,1,0.0004920759,0.9978708,8.766611e-05,0.00011245564,0.0012048867,0.00015827842,7.3822266e-05
ISIC_0029755,HAM_0005776,bcc,1,0.001112397,0.9917646,0.00016893375,0.00068198965,0.005219573,0.00096882967,8.362828e-05
ISIC_0031166,HAM_0001610,bcc,1,7.2202616e-05,0.99961036,3.4558718e-05,2.1817208e-05,2.1437052e-05,0.000102295424,0.0001374185
ISIC_0028693,HAM_0001610,bcc,1,0.00014597872,0.9996612,4.156594e-05,2.7366299e-05,1.1297107e-05,4.8029357e-05,6.4567466e-05
ISIC_0032696,HAM_0000993,bcc,1,0.0004948432,0.9978635,0.001213735,9.953219e-05,9.115766e-05,8.6983244e-05,0.00015029356
ISIC_0025824,HAM_0001331,bcc,1,0.0001284278,0.9993292,0.00011642209,3.431363e-05,0.00018351575,0.00014334153,6.486197e-05
ISIC_0031400,HAM_0001331,bcc,1,0.00025291755,0.99944407,4.7274458e-05,4.4758555e-05,0.00013027426,5.5866352e-05,2.4766348e-05
ISIC_0029747,HAM_0006800,bcc,1,0.00047701813,0.9926957,0.0011172536,0.0001440685,0.0037502062,0.0014689605,0.000346955
ISIC_0030778,HAM_0006800,bcc,1,0.00021601476,0.983797,0.00066213135,0.00016856137,0.0026769587,0.0010705552,0.011408838
ISIC_0030271,HAM_0005469,bcc,1,0.029770928,0.93889564,0.0023432535,0.0013654734,0.026478816,0.00041644587,0.00072945916
ISIC_0026643,HAM_0005469,bcc,1,0.024333408,0.8798407,0.004236779,0.0008310188,0.08779928,0.00062362116,0.0023352064
ISIC_0030766,HAM_0006351,bcc,1,0.000628723,0.40453264,0.0013078145,0.0004502065,0.16537261,0.4198266,0.0078813555
ISIC_0027117,HAM_0006351,bcc,1,6.901964e-05,0.9950647,6.650531e-05,0.00012844296,0.002633299,0.0015337414,0.00050429464
ISIC_0027998,HAM_0005947,bcc,1,0.00010419283,0.99675375,0.00014367193,0.00017414971,0.0018271292,0.00045038853,0.00054673175
ISIC_0028079,HAM_0005947,bcc,1,0.00014453249,0.99201024,0.0008752676,6.463892e-05,0.0040225694,0.0024927969,0.0003898226
ISIC_0024360,HAM_0005530,bcc,1,0.00046048936,0.99550027,0.00030705173,0.000104877974,0.0031746537,0.00037055602,8.2159044e-05
ISIC_0029899,HAM_0005530,bcc,1,0.0004330522,0.9990005,5.26122e-05,2.9686202e-05,0.00035647998,0.00010082019,2.6871681e-05
ISIC_0024504,HAM_0000189,bcc,1,4.315857e-05,0.9982002,0.00018064282,6.0271865e-05,0.000832637,0.00047378568,0.0002092426
ISIC_0025600,HAM_0000189,bcc,1,0.00033910945,0.9797698,0.0024825602,0.0010946587,0.011451251,0.0043057417,0.0005569173
ISIC_0025557,HAM_0001900,bcc,1,0.032740228,0.6718861,0.031149551,0.00020522236,0.262601,0.0009809753,0.00043700883
ISIC_0028323,HAM_0001900,bcc,1,0.06327605,0.93529904,0.0009157913,4.2296964e-05,0.0003500222,7.1111324e-05,4.5733927e-05
ISIC_0027851,HAM_0001078,bcc,1,0.0055779405,0.070591204,0.0052707833,0.01270584,0.38123995,0.5241555,0.0004587604
ISIC_0028858,HAM_0001078,bcc,1,0.002703442,0.99401504,0.00033705626,0.00014825899,0.0019076897,0.0008180869,7.044414e-05
ISIC_0029669,HAM_0001616,bcc,1,0.023304285,0.97175723,0.00092684204,0.0021389856,9.412972e-05,0.001588977,0.00018940594
ISIC_0031169,HAM_0001616,bcc,1,0.1391267,0.5949694,0.25143433,0.0066418657,0.0005652572,0.006889606,0.0003728832
ISIC_0033271,HAM_0000823,bcc,1,0.00030841635,0.99214303,0.00012957543,9.1167705e-05,0.006717729,0.0004847334,0.00012534377
ISIC_0033575,HAM_0000823,bcc,1,5.4446777e-05,0.9981211,4.6936053e-05,2.3693303e-05,0.001081908,0.00035309265,0.0003187591
ISIC_0032894,HAM_0000823,bcc,1,0.0005220656,0.7956342,0.0006248307,0.00014147587,0.20195515,0.0009471869,0.00017504093
ISIC_0033579,HAM_0000394,bcc,1,0.00024043508,0.9970221,0.00020909772,0.00013317044,0.00089857436,0.0014366191,6.008327e-05
ISIC_0034095,HAM_0000394,bcc,1,0.00010966011,0.9990631,4.0106013e-05,5.9272847e-05,0.00038556504,0.0002976871,4.456706e-05
ISIC_0034143,HAM_0000394,bcc,1,0.00011240816,0.996476,8.280368e-05,0.00010905618,0.0012335414,0.0018882875,9.794844e-05
ISIC_0033012,HAM_0000795,bcc,1,0.00803762,0.653011,0.0036727106,0.0053909356,0.3060601,0.013955739,0.00987197
ISIC_0033468,HAM_0000795,bcc,1,0.0009182791,0.08595369,0.0038472682,0.0023334862,0.9026827,0.0016434167,0.0026210481
ISIC_0029192,HAM_0002397,bcc,1,7.4104384e-05,0.9977791,0.0001275417,3.071083e-05,0.00045460984,0.00017079015,0.0013631916
ISIC_0033248,HAM_0002397,bcc,1,0.00017716794,0.99635977,0.00022027384,6.255727e-05,0.0014664847,0.0002792692,0.0014344385
ISIC_0032727,HAM_0004848,bcc,1,0.016115433,0.98156905,0.0015953517,6.199079e-05,0.00038988545,0.00021405726,5.4280947e-05
ISIC_0033979,HAM_0004848,bcc,1,0.0007768239,0.99839586,0.00045739653,4.0710387e-05,5.0763945e-05,0.00022739716,5.0962633e-05
ISIC_0028871,HAM_0000212,bcc,1,0.028254757,0.9710434,0.0002772705,5.380386e-05,0.00021259069,6.801446e-05,9.0104506e-05
ISIC_0026528,HAM_0007550,bcc,1,0.0022913115,0.7442131,0.0020659883,0.11170295,0.0005560532,0.017205646,0.121964954
ISIC_0030233,HAM_0003112,bcc,1,0.7799045,0.16866617,0.025045136,0.010273642,0.0048933756,0.010124247,0.0010929265
ISIC_0031245,HAM_0005901,bcc,1,9.2666516e-05,0.9996295,0.00012802804,3.0055047e-05,5.5767694e-05,3.020216e-05,3.3857865e-05
ISIC_0027631,HAM_0004440,bcc,1,5.7881814e-05,0.99875283,4.779863e-05,6.99553e-05,0.00030128643,0.00058773387,0.00018251652
ISIC_0030403,HAM_0004027,bcc,1,0.00010110495,0.99937916,4.4494176e-05,4.2249838e-05,2.2636803e-05,0.0002836597,0.00012662838
ISIC_0024595,HAM_0004027,bcc,1,0.00012082362,0.9867225,0.0004654313,0.00038247966,0.0007117802,0.011221441,0.0003754483
ISIC_0025046,HAM_0003866,bcc,1,0.0004735016,0.76442105,0.005712372,0.00062851404,0.0106617,0.15111256,0.06699034
ISIC_0024665,HAM_0003866,bcc,1,0.00025329055,0.009069407,0.0006141747,0.00029961727,0.025585257,0.96007967,0.00409852
ISIC_0024332,HAM_0002240,bcc,1,0.0008264805,0.9985905,0.00010706918,0.00012275543,0.00011770737,0.00015457241,8.0978054e-05
ISIC_0030528,HAM_0000512,bcc,1,0.015763879,0.97052616,0.009570618,0.00058381143,0.00029298602,0.003101062,0.00016148655
ISIC_0027846,HAM_0001183,bcc,1,0.001653685,0.98501277,0.0021099376,0.00057541835,0.0032919585,0.006069639,0.0012866341
ISIC_0029489,HAM_0006005,bcc,1,0.0042290953,0.995182,0.00015616533,6.535419e-05,0.00012020475,6.651315e-05,0.00018062501
ISIC_0027473,HAM_0002959,bcc,1,0.0037017555,0.9938444,0.00031968742,8.9557674e-05,0.000109300556,0.001506823,0.0004285093
ISIC_0025362,HAM_0002959,bcc,1,0.0011868645,0.9965976,0.0013826817,3.9695704e-05,0.00025809128,0.00046552095,6.966813e-05
ISIC_0027093,HAM_0002959,bcc,1,0.0019354695,0.99285465,0.000444701,6.161094e-05,8.570556e-05,0.004077431,0.000540355
ISIC_0031095,HAM_0005798,bcc,1,2.6211812e-05,0.9995278,5.5925626e-05,3.6498266e-05,5.7532096e-05,0.00019703999,9.9019e-05
ISIC_0024949,HAM_0005669,bcc,1,0.00031249246,0.9993824,5.871559e-05,2.9872073e-05,3.411498e-05,0.00013839711,4.3890137e-05
ISIC_0027229,HAM_0003826,bcc,1,0.015340272,0.18973309,0.5686554,0.0027276236,0.15009123,0.07003788,0.003414531
ISIC_0027004,HAM_0003826,bcc,1,0.004212869,0.2592448,0.72282225,0.0006131766,0.0016013685,0.009885303,0.001620245
ISIC_0026433,HAM_0003826,bcc,1,0.0010636146,0.033543564,0.95105475,0.000360114,0.0057411673,0.0077014565,0.0005353416
ISIC_0031294,HAM_0004365,bcc,1,0.00012299298,0.99954647,7.700463e-05,8.7628905e-06,3.0645286e-05,0.00014670104,6.732881e-05
ISIC_0028719,HAM_0004365,bcc,1,4.9025242e-05,0.99967635,3.1714953e-05,9.420811e-06,0.00014480733,5.9803595e-05,2.8905011e-05
ISIC_0024461,HAM_0002313,bcc,1,0.00012454168,0.9996086,1.5806663e-05,4.0999366e-05,2.2421964e-05,8.937611e-05,9.825636e-05
ISIC_0030526,HAM_0002313,bcc,1,0.050279677,0.9487079,0.0001334485,0.00040824997,0.00017473086,0.00014974741,0.00014627851
ISIC_0025530,HAM_0002313,bcc,1,0.0004024101,0.99934417,4.4146378e-05,6.8642854e-05,8.11976e-05,1.4787182e-05,4.466676e-05
ISIC_0028928,HAM_0002998,bcc,1,0.2675181,0.44020218,0.140354,0.017817888,0.0023144851,0.12974285,0.0020505202
ISIC_0031378,HAM_0002998,bcc,1,0.008819524,0.5992734,0.20429112,0.021149192,0.00083163625,0.16255727,0.003077857
ISIC_0032092,HAM_0005379,bcc,1,0.09222049,0.9045028,0.0011098895,0.0013812798,6.385067e-05,0.00031736822,0.0004043376
ISIC_0024787,HAM_0005379,bcc,1,0.009214045,0.9888178,0.0004064213,0.000979487,2.9963156e-05,0.0003202523,0.00023202463
ISIC_0031062,HAM_0001183,bcc,1,0.0027672416,0.99269086,0.0011688665,9.748114e-05,0.0010162728,0.0021164147,0.00014294664
ISIC_0025818,HAM_0004621,bcc,1,0.0006696894,0.9824745,0.010588843,0.00023098687,0.0003454005,0.00492427,0.0007663046
ISIC_0030746,HAM_0004621,bcc,1,0.00036595736,0.99522084,0.0027493462,9.0738846e-05,0.0001348914,0.0012518277,0.00018636594
ISIC_0029545,HAM_0000496,bcc,1,0.00038122787,0.99885917,0.0003391125,1.6650096e-05,0.00014510461,0.00012521022,0.00013341582
ISIC_0031298,HAM_0005334,bcc,1,0.09316285,0.79232687,0.110202305,0.0024133811,0.00073245453,0.0008044439,0.0003576677
ISIC_0028122,HAM_0004621,bcc,1,0.00021470567,0.9942041,0.0020991701,0.000108489236,0.00035433564,0.002345799,0.00067339663
ISIC_0027595,HAM_0006624,bcc,1,0.00071973755,0.9938638,0.000204005,0.00021089232,0.00042893633,0.0043533086,0.0002192933
ISIC_0027675,HAM_0004621,bcc,1,0.00031531657,0.9908432,0.0063518845,0.00015427449,0.00019770584,0.0014622869,0.0006753938
ISIC_0031614,HAM_0006049,bcc,1,0.00018718105,0.99859804,0.00050899724,2.079704e-05,0.00012384,0.00052675966,3.4288525e-05
ISIC_0026090,HAM_0004084,bcc,1,0.013132748,0.9095063,0.066271596,0.00022278432,0.0008581998,0.009584695,0.00042359688
ISIC_0025285,HAM_0004084,bcc,1,0.0998582,0.1780165,0.7151563,0.0026663335,0.0008357281,0.0031509262,0.00031596996
ISIC_0030767,HAM_0004685,bcc,1,0.0011199691,0.8229624,0.0050735627,0.0036330007,0.047948956,0.11672089,0.0025412017
ISIC_0032061,HAM_0004685,bcc,1,0.0012093752,0.83156294,0.012085225,0.0009870632,0.11275982,0.039006826,0.0023887446
ISIC_0032212,HAM_0004932,nv,1,1.753157e-05,1.8301296e-05,0.000134136,7.7655655e-05,2.5112811e-05,0.99966455,6.264229e-05
ISIC_0028502,HAM_0001940,nv,1,1.3787942e-05,8.662044e-06,0.00011385658,6.083526e-05,2.3893326e-05,0.9996903,8.8752815e-05
ISIC_0028239,HAM_0002530,nv,1,7.319773e-06,6.9982307e-06,0.00012580796,4.3501954e-05,0.00049109326,0.9992878,3.7501028e-05
ISIC_0026425,HAM_0002971,nv,1,1.4251689e-05,8.953386e-06,0.00014991761,2.6547774e-05,0.00014650289,0.99956816,8.561362e-05
ISIC_0031536,HAM_0007339,nv,1,0.000120184646,6.650203e-05,0.0023374192,0.00013407566,0.00012077292,0.9969608,0.0002602103
ISIC_0028727,HAM_0006678,nv,1,1.7331613e-05,1.3577193e-05,0.00018425149,0.0002546862,0.011195142,0.98826283,7.225969e-05
ISIC_0027315,HAM_0002202,nv,1,3.013226e-05,1.3930935e-05,0.00015298689,7.37092e-05,0.001386722,0.99829036,5.221663e-05
ISIC_0028455,HAM_0004270,nv,1,1.7321066e-05,1.0754896e-05,0.00048823198,3.2709504e-05,3.2773452e-05,0.9993038,0.00011441852
ISIC_0031184,HAM_0004290,nv,1,6.459515e-05,0.00025622835,0.0019928848,0.00025597823,4.6254325e-05,0.9874735,0.009910423
ISIC_0025398,HAM_0007193,nv,1,8.611333e-06,1.1747331e-05,9.5846415e-05,9.79279e-05,6.3847474e-05,0.999678,4.390312e-05
ISIC_0028480,HAM_0003548,nv,1,0.00013770473,3.691823e-05,0.00044756543,0.004317467,0.0003554391,0.9943826,0.00032236928
ISIC_0026768,HAM_0002514,nv,1,9.912148e-06,7.4093705e-06,6.897213e-05,4.650964e-05,9.004451e-05,0.99973494,4.2285516e-05
ISIC_0028446,HAM_0006498,nv,1,6.335252e-06,1.7288401e-05,0.00013299599,0.00012969332,8.072525e-05,0.9993692,0.00026372037
ISIC_0025585,HAM_0000576,nv,1,1.2524325e-05,1.9703528e-05,0.00015757464,0.00014159427,8.9695684e-05,0.9992718,0.0003070884
ISIC_0030846,HAM_0006242,nv,1,9.166181e-06,1.07373035e-05,0.00012429249,4.330444e-05,0.00013948165,0.9996197,5.3369513e-05
ISIC_0024584,HAM_0001391,nv,1,8.246177e-06,1.4786786e-05,0.0002376582,4.6946443e-05,0.00034101194,0.9993174,3.39466e-05
ISIC_0028289,HAM_0002748,nv,1,1.6442325e-05,2.5466372e-05,0.00044113395,0.0050958763,0.00017141664,0.99413115,0.00011844731
ISIC_0029998,HAM_0005401,nv,1,6.6352513e-06,1.839222e-05,0.0002992183,0.0003260099,0.00052453583,0.9987618,6.350925e-05
ISIC_0029685,HAM_0002443,nv,1,5.575865e-05,4.6497193e-05,0.001343344,0.0030088518,0.0028348477,0.99265844,5.2176194e-05
ISIC_0028359,HAM_0001842,nv,1,3.0910905e-05,6.330132e-05,0.0005266617,0.00061972643,0.0020238357,0.99646425,0.00027123463
ISIC_0031332,HAM_0001021,nv,1,1.0608952e-05,1.2115804e-05,0.0001570626,2.113967e-05,0.0004627046,0.9993129,2.3491062e-05
ISIC_0026246,HAM_0003788,nv,1,3.5362573e-05,1.2019765e-05,0.00027331823,5.4824133e-05,0.0004092738,0.9991672,4.8052523e-05
ISIC_0026172,HAM_0003255,nv,1,1.6834352e-05,4.3409884e-05,0.00021767255,0.0002254612,0.009050098,0.99037945,6.6972425e-05
ISIC_0025287,HAM_0004965,nv,1,0.00022689092,0.0001430983,0.013368296,0.00033206432,0.055626918,0.92989665,0.00040605987
ISIC_0027170,HAM_0000323,nv,1,2.7632186e-05,3.6965936e-05,0.00015321955,0.0013424909,6.239183e-05,0.99761415,0.00076306297
ISIC_0030573,HAM_0003665,nv,1,1.2376451e-05,2.0325766e-05,7.5814954e-05,0.0006724399,6.612698e-05,0.9991135,3.937071e-05
ISIC_0027717,HAM_0005647,nv,1,0.00016746817,5.0578554e-05,0.00031919839,0.00011015054,0.012255892,0.9870085,8.824952e-05
ISIC_0028424,HAM_0000703,nv,1,3.6493737e-05,2.1748887e-05,0.00087215647,5.9235183e-05,0.0005241047,0.9984282,5.8032765e-05
ISIC_0032434,HAM_0003302,nv,1,2.5834799e-05,9.960202e-06,0.0007850794,0.00019211038,5.907872e-05,0.99871266,0.0002151534
ISIC_0030016,HAM_0003673,nv,1,4.386305e-05,4.4728164e-05,0.006008882,0.0006149709,0.00030136382,0.9929304,5.577393e-05
ISIC_0028515,HAM_0006463,nv,1,1.348974e-05,1.5196574e-05,0.00042047398,5.7970676e-05,4.098711e-05,0.9993098,0.00014204977
ISIC_0026621,HAM_0001494,nv,1,0.0003987535,0.00036806712,0.88161904,0.009427908,0.00040424266,0.10653556,0.0012463717
ISIC_0030599,HAM_0004074,nv,1,1.6708678e-05,9.747541e-05,0.0004222268,0.00020868597,0.00010175509,0.9984658,0.0006874364
ISIC_0026914,HAM_0005038,nv,1,2.3160152e-05,1.536784e-05,0.0028775625,5.5179815e-05,6.60416e-05,0.9968495,0.00011333225
ISIC_0031453,HAM_0000015,nv,1,9.5754e-06,1.7440701e-05,0.00030233295,0.0005266423,0.00071843015,0.99837554,4.9927126e-05
ISIC_0031881,HAM_0006544,nv,1,3.1549964e-05,1.49031475e-05,0.00010487239,0.00010979804,0.008074727,0.99156636,9.7751814e-05
ISIC_0029892,HAM_0006511,nv,1,1.8010303e-05,6.9030243e-06,0.0004954156,3.645294e-05,0.00014860556,0.9992618,3.2772074e-05
ISIC_0027912,HAM_0002322,nv,1,8.493451e-06,6.7980727e-06,0.000119919096,3.1897816e-05,0.00014482673,0.99956614,0.00012184473
ISIC_0030550,HAM_0000219,nv,1,2.24421e-05,1.7927381e-05,0.00013041274,0.0001655832,0.0069012255,0.99272037,4.2091462e-05
ISIC_0024636,HAM_0001987,nv,1,0.00016883068,0.00013460354,0.01672399,0.0005801411,0.00013434091,0.98152727,0.0007308647
ISIC_0031907,HAM_0004177,nv,1,2.4326691e-05,1.309766e-05,0.00025260958,2.940096e-05,0.00042059564,0.9991109,0.00014905544
ISIC_0032254,HAM_0001548,nv,1,1.1339627e-05,8.7284225e-06,0.00021281694,0.0001231239,6.0557682e-05,0.9995117,7.177371e-05
ISIC_0028270,HAM_0004710,nv,1,5.1017047e-05,1.674169e-05,0.00053866475,9.4018156e-05,0.0007111799,0.9984863,0.00010195613
ISIC_0030470,HAM_0001876,nv,1,2.1474138e-05,1.1249963e-05,0.00037730738,5.958221e-05,0.00011326056,0.9993857,3.1428295e-05
ISIC_0027816,HAM_0005094,nv,1,2.2763268e-05,1.604727e-05,0.00022071599,0.00010073093,0.012165973,0.9874514,2.2410357e-05
ISIC_0030457,HAM_0006662,nv,1,1.6052227e-05,1.8657314e-05,0.00012448528,0.00020531671,8.551563e-05,0.9993998,0.00015015791
ISIC_0024473,HAM_0001414,nv,1,8.6146516e-05,8.76742e-05,0.0004182702,0.052478503,0.0037941122,0.94300866,0.00012657247
ISIC_0032442,HAM_0000812,nv,1,8.813302e-06,4.9590602e-05,8.1880935e-05,5.047002e-05,0.00027223947,0.99942374,0.00011323721
ISIC_0025255,HAM_0007142,nv,1,4.0193034e-05,1.662456e-05,0.0002454919,6.473204e-05,0.009989789,0.9895661,7.7021476e-05
ISIC_0030302,HAM_0000058,nv,1,1.3922849e-05,1.0821968e-05,0.0001572517,4.9602397e-05,5.1427443e-05,0.99966145,5.5524928e-05
ISIC_0029633,HAM_0002302,nv,1,0.0016209417,0.0005751493,0.8946958,0.036784537,0.0014332726,0.06430718,0.0005830667
ISIC_0028111,HAM_0004952,nv,1,9.0354544e-05,2.090261e-05,0.0056064385,0.00012122965,0.0001769056,0.99391335,7.085087e-05
ISIC_0025041,HAM_0001307,nv,1,6.168366e-05,8.791427e-06,0.0006465358,0.00013538898,0.00018446839,0.998892,7.113626e-05
ISIC_0031174,HAM_0000713,nv,1,1.9785308e-05,4.0989094e-06,0.00020531374,1.9101817e-05,0.00019533861,0.9995073,4.913677e-05
ISIC_0031776,HAM_0002404,nv,1,0.019172136,0.0034677195,0.60169286,0.03317808,0.08546329,0.25576994,0.0012559247
ISIC_0026836,HAM_0006871,nv,1,0.000120837896,2.8036648e-05,0.0035176335,0.0015465259,0.00016420089,0.9945792,4.3593966e-05
ISIC_0029918,HAM_0000170,nv,1,3.236737e-05,0.00037479145,0.0009519367,0.0007161077,0.029311776,0.9668884,0.0017245766
ISIC_0029701,HAM_0001425,nv,1,1.2481791e-05,9.495646e-06,6.164788e-05,5.6571273e-05,4.8886694e-05,0.99977595,3.4869572e-05
ISIC_0030536,HAM_0002782,nv,1,0.00026877684,6.1155064e-05,0.006379682,0.015867153,0.00131974,0.97593087,0.00017252153
ISIC_0030902,HAM_0004790,nv,1,4.2058262e-05,3.821976e-05,0.00049034564,0.0001511621,0.0053390656,0.99193734,0.0020018935
ISIC_0029317,HAM_0005629,nv,1,8.508692e-06,7.2920993e-06,7.641329e-05,1.47304445e-05,0.00046319986,0.9994061,2.3723807e-05
ISIC_0031690,HAM_0006809,nv,1,3.246509e-05,2.5038127e-05,0.00028837085,6.0122024e-05,0.008639929,0.99086857,8.553411e-05
ISIC_0031291,HAM_0001918,nv,1,1.5287169e-05,9.585167e-06,0.00033739422,7.904997e-05,0.00010820688,0.99939394,5.6522054e-05
ISIC_0024884,HAM_0001140,nv,1,0.00011511676,0.00028659106,0.035330765,0.00032034048,0.00017348709,0.95865893,0.0051147933
ISIC_0029410,HAM_0004286,nv,1,7.1807704e-06,7.5400953e-06,0.00013642057,6.322499e-05,8.4148945e-05,0.9996462,5.525363e-05
ISIC_0028044,HAM_0000867,nv,1,1.3600202e-05,5.2535956e-06,0.00021150005,2.2753822e-05,5.1577856e-05,0.99965227,4.3031832e-05
ISIC_0031572,HAM_0002662,nv,1,1.3075282e-05,5.5148384e-06,0.000101522885,2.6516176e-05,0.00046137,0.99935395,3.8019778e-05
ISIC_0030411,HAM_0001392,nv,1,6.460908e-06,6.8641807e-06,5.2483367e-05,3.6639296e-05,0.0003829104,0.99947816,3.6389687e-05
ISIC_0032059,HAM_0001661,nv,1,2.6230677e-05,2.9319644e-05,0.0002452807,0.00017087854,0.0011677429,0.9982955,6.511202e-05
ISIC_0024690,HAM_0005295,nv,1,0.0005719285,0.00055001833,0.948917,0.010577608,0.00040083317,0.034463182,0.004519482
ISIC_0028175,HAM_0000958,nv,1,5.484999e-05,2.0178182e-05,0.001308291,0.00067707733,0.0002239315,0.9976878,2.7850965e-05
ISIC_0025878,HAM_0001231,nv,1,6.579127e-05,4.8322312e-05,0.0012450325,0.00014092191,0.00052234356,0.99793184,4.5750647e-05
ISIC_0027375,HAM_0005349,nv,1,3.5880854e-05,1.0493035e-05,0.0008676173,5.0206345e-05,0.0009181781,0.99809355,2.4112804e-05
ISIC_0031534,HAM_0002111,nv,1,0.0033967851,0.007651036,0.1328001,0.028205829,0.00047615377,0.82631,0.0011602212
ISIC_0025613,HAM_0000446,nv,1,3.5607205e-05,9.849216e-06,0.0003865703,0.0001395969,6.561971e-05,0.99922526,0.00013749977
ISIC_0026465,HAM_0006661,nv,1,4.3869328e-05,1.2373912e-05,0.00059912674,9.196884e-05,0.00032749385,0.9989085,1.665092e-05
ISIC_0026366,HAM_0005236,nv,1,3.709619e-05,2.0247786e-05,0.0021497023,0.00041516474,2.8498243e-05,0.9972263,0.0001230675
ISIC_0027251,HAM_0007067,nv,1,8.297198e-05,4.1034014e-05,0.010440667,0.00028525005,4.376588e-05,0.9887977,0.00030857947
ISIC_0032321,HAM_0006859,nv,1,6.8121417e-06,7.510956e-06,7.899544e-05,8.2272716e-05,8.5497886e-05,0.9996804,5.856128e-05
ISIC_0028142,HAM_0001431,nv,1,9.114293e-06,3.829202e-06,4.5191908e-05,4.5657685e-05,5.797092e-05,0.99980205,3.622417e-05
ISIC_0031038,HAM_0007323,nv,1,1.5053875e-05,5.0919e-06,0.00015122433,3.6041907e-05,6.080254e-05,0.9996406,9.123087e-05
ISIC_0032337,HAM_0002038,nv,1,2.9341398e-05,2.899956e-05,0.003964953,0.00022511177,0.0004595373,0.99514127,0.00015076438
ISIC_0032231,HAM_0001591,nv,1,6.4716037e-06,1.836401e-05,0.00028930246,0.00030939272,9.0170404e-05,0.9991793,0.00010692327
ISIC_0028705,HAM_0002353,nv,1,8.075476e-05,3.920329e-05,0.007025047,0.00027185917,0.0042650695,0.9880873,0.00023072386
ISIC_0025080,HAM_0002277,nv,1,0.0006373292,0.00036101768,0.17060907,0.0687978,0.00043208158,0.7571862,0.0019765776
ISIC_0025947,HAM_0007060,nv,1,5.6845827e-05,1.3502067e-05,0.0028508767,6.763806e-05,0.008403776,0.9885699,3.735329e-05
ISIC_0029023,HAM_0005598,nv,1,0.00014866516,8.035564e-05,0.08898541,0.00020122647,0.0011776505,0.9093148,9.194843e-05
ISIC_0028337,HAM_0000546,nv,1,7.977749e-06,1.20935465e-05,0.00029573072,3.4721514e-05,0.00016063887,0.9994272,6.168658e-05
ISIC_0030519,HAM_0005703,nv,1,1.20929135e-05,1.4845514e-05,0.00045868417,3.7321617e-05,6.454898e-05,0.9993749,3.7651087e-05
ISIC_0026949,HAM_0007252,nv,1,6.311915e-05,1.1733019e-05,0.00088375906,3.8848626e-05,0.0024532783,0.996512,3.72147e-05
ISIC_0028428,HAM_0001338,nv,1,4.9674487e-05,1.1203583e-05,0.0001702352,2.3671708e-05,0.0004912708,0.999161,9.294021e-05
ISIC_0028861,HAM_0005621,nv,1,3.2209402e-05,7.2079742e-06,0.00018880052,5.2128074e-05,0.0021191742,0.99757105,2.941304e-05
ISIC_0031469,HAM_0003283,nv,1,1.3821488e-05,1.999266e-05,0.0006031123,6.17624e-05,0.0010487204,0.99821556,3.7060534e-05
ISIC_0032073,HAM_0001794,nv,1,8.264333e-06,1.9065616e-05,7.412824e-05,0.00016036197,7.685569e-05,0.9995635,9.772563e-05
ISIC_0027166,HAM_0003108,nv,1,1.6147782e-05,1.1141634e-05,0.00022020868,0.000121640485,0.00010850671,0.9994754,4.6908033e-05
ISIC_0032066,HAM_0002225,nv,1,1.0112183e-05,7.0045053e-06,0.0010497624,0.0003504266,0.0003122852,0.99823207,3.838725e-05
ISIC_0025116,HAM_0004316,nv,1,0.00028791837,0.000102360136,0.002345686,0.0007556065,0.0017253831,0.9946418,0.00014128271
ISIC_0027472,HAM_0004256,nv,1,2.023666e-05,1.4363961e-05,3.8029233e-05,0.000114830575,0.00018235987,0.9996025,2.7579317e-05
ISIC_0024649,HAM_0001151,nv,1,2.0453872e-05,4.1398733e-05,0.000103518905,6.196506e-05,0.00020473164,0.99953675,3.1279935e-05
ISIC_0031051,HAM_0003748,nv,1,2.3079825e-05,7.2908138e-06,0.00013753398,1.6018183e-05,0.0005377514,0.9992299,4.8479764e-05
ISIC_0027597,HAM_0005242,nv,1,3.27507e-05,9.221112e-05,0.0042727725,0.00013992029,0.0036015506,0.9918069,5.389142e-05
ISIC_0027482,HAM_0001502,nv,1,0.00022421972,2.252836e-05,0.0011464923,6.8717876e-05,0.0018536857,0.996536,0.00014834499
ISIC_0025024,HAM_0002562,nv,1,9.291361e-06,9.040742e-06,0.00023022245,6.615336e-05,0.0001234701,0.9995121,4.9740498e-05
ISIC_0031647,HAM_0005088,nv,1,1.44629e-05,7.696206e-06,0.0006357402,4.6278285e-05,0.0006252731,0.9986553,1.51866225e-05
ISIC_0024976,HAM_0006789,nv,1,1.51576005e-05,3.53406e-06,0.00019408703,1.8845523e-05,7.541409e-05,0.9996712,2.1754708e-05
ISIC_0031114,HAM_0005214,nv,1,1.15866715e-05,5.5593464e-06,0.00026076642,6.303582e-05,3.4055123e-05,0.99957937,4.555845e-05
ISIC_0026361,HAM_0004537,nv,1,1.5878108e-05,1.7852235e-05,0.00020123874,0.00072504254,0.0007208066,0.9982603,5.882174e-05
ISIC_0028821,HAM_0003992,nv,1,0.0010156989,0.00021710116,0.0057095457,0.0011419809,0.0009513694,0.99067783,0.000286491
ISIC_0024804,HAM_0006733,nv,1,1.4966665e-05,4.897074e-06,0.00012663683,7.3095216e-05,6.8716916e-05,0.99968994,2.1818943e-05
ISIC_0025747,HAM_0006911,nv,1,3.4932687e-05,2.9821209e-05,0.0013777784,0.00010603556,0.0006873991,0.99768066,8.322827e-05
ISIC_0027575,HAM_0002758,nv,1,0.0019361824,0.0022592095,0.044261385,0.008974701,0.0027843078,0.64503974,0.2947445
ISIC_0024465,HAM_0006377,nv,1,1.586358e-05,1.1583396e-05,0.00026654926,0.00020492,3.1764896e-05,0.9992968,0.00017260206
ISIC_0031398,HAM_0005474,nv,1,5.9053577e-06,1.081927e-05,0.00010889791,5.242868e-05,0.00020685383,0.9994122,0.00020287768
ISIC_0025849,HAM_0001153,nv,1,8.255204e-06,1.3610531e-05,0.00011474128,0.0002670095,0.0010347328,0.99845946,0.00010230245
ISIC_0024501,HAM_0007044,nv,1,7.525835e-06,7.995578e-06,0.00011214622,7.697934e-05,2.7474649e-05,0.9997062,6.17038e-05
ISIC_0026415,HAM_0000520,nv,1,5.861703e-06,7.2523885e-06,6.54497e-05,4.5524237e-05,2.3802899e-05,0.9998047,4.7430265e-05
ISIC_0025738,HAM_0004378,nv,1,2.385034e-05,1.7245993e-05,0.0005202545,0.000300476,0.00013731627,0.9988668,0.00013406985
ISIC_0026470,HAM_0003314,nv,1,6.0591524e-06,7.704498e-06,0.00010434952,6.5926e-05,5.8994774e-05,0.99973124,2.5659898e-05
ISIC_0028377,HAM_0007408,nv,1,3.1806343e-05,1.1056573e-05,0.00020649398,0.001215283,0.0046837446,0.99378395,6.766361e-05
ISIC_0030538,HAM_0003630,nv,1,7.269872e-05,3.5988473e-05,0.0001915356,0.000114818766,0.039466154,0.95991975,0.00019916552
ISIC_0031190,HAM_0005028,nv,1,2.7500353e-05,9.815133e-06,0.00011566779,3.4560602e-05,8.10256e-05,0.9996649,6.6617315e-05
ISIC_0030814,HAM_0005675,nv,1,1.5528425e-05,8.865129e-06,0.00015570608,0.00012564904,0.0001514692,0.99942756,0.00011524575
ISIC_0030448,HAM_0005013,nv,1,1.8482991e-05,1.4450906e-05,0.00047066927,5.3221804e-05,0.0015922536,0.9978271,2.391877e-05
ISIC_0031523,HAM_0000686,nv,1,2.3507288e-05,8.414587e-06,0.0045769806,0.0001608001,0.0009912925,0.9941607,7.8291225e-05
ISIC_0031882,HAM_0005341,nv,1,3.0671144e-05,1.3623536e-05,0.00020222273,3.880984e-05,0.00013039756,0.9994135,0.0001708195
ISIC_0030660,HAM_0003128,nv,1,2.303973e-05,1.351793e-05,0.00013473818,3.094285e-05,0.00012443004,0.99944407,0.00022930928
ISIC_0025974,HAM_0001770,nv,1,1.2627945e-05,5.357462e-06,7.284644e-05,0.00010902224,6.1552884e-05,0.99969864,4.0014125e-05
ISIC_0026915,HAM_0002851,nv,1,7.948619e-06,7.180978e-06,9.336337e-05,8.750359e-05,3.848031e-05,0.99967515,9.039153e-05
ISIC_0025981,HAM_0007499,nv,1,2.0152693e-05,7.73171e-06,5.871374e-05,5.7493835e-05,0.00046817667,0.99935097,3.6706257e-05
ISIC_0031865,HAM_0001556,nv,1,4.684532e-05,1.0773878e-05,0.0002765085,6.6385845e-05,0.00040192483,0.99911433,8.334787e-05
ISIC_0032241,HAM_0000882,nv,1,1.0950357e-05,7.1814193e-06,0.000117835254,3.449564e-05,6.0630486e-05,0.9997365,3.246901e-05
ISIC_0029388,HAM_0006144,nv,1,2.005493e-05,1.0588866e-05,0.00015490105,7.117036e-05,0.00019509748,0.9993709,0.00017731331
ISIC_0028177,HAM_0000031,nv,1,2.990232e-05,8.0088985e-06,0.00012950978,0.00012388118,0.00024763346,0.9994179,4.316904e-05
ISIC_0030668,HAM_0006579,nv,1,3.47977e-05,5.2237538e-05,0.0005718448,0.0014132579,9.458996e-05,0.99771523,0.00011806448
ISIC_0031714,HAM_0004307,nv,1,0.00021405675,0.00030842403,0.015153803,0.002859157,0.00025971906,0.9786952,0.002509605
ISIC_0024510,HAM_0007453,nv,1,1.0968736e-05,9.73676e-06,8.9319255e-05,0.0002712543,7.639881e-05,0.9994605,8.168428e-05
ISIC_0030481,HAM_0003876,nv,1,4.0819952e-05,2.0726988e-05,0.00025836824,0.00011493045,9.316445e-05,0.9952343,0.004237586
ISIC_0025756,HAM_0000608,nv,1,9.847304e-05,2.8545566e-05,0.0008006997,5.89159e-05,0.0018079323,0.9969332,0.00027215845
ISIC_0025877,HAM_0005123,nv,1,4.5470665e-06,6.812637e-06,2.6166563e-05,4.2493262e-05,0.000104302446,0.99975306,6.2617255e-05
ISIC_0027736,HAM_0006726,nv,1,3.821791e-05,7.704016e-06,0.00014812264,4.5296336e-05,3.0026888e-05,0.9996687,6.185232e-05
ISIC_0028798,HAM_0007365,nv,1,3.4172976e-05,1.7867755e-05,0.00010966726,0.00023137339,0.004338071,0.9952329,3.5953137e-05
ISIC_0029599,HAM_0000499,nv,1,5.8230056e-05,1.4809384e-05,0.00023256443,8.870357e-05,0.021896657,0.97766006,4.893895e-05
ISIC_0024346,HAM_0003411,nv,1,1.7733e-05,3.358566e-05,0.00010915951,0.00033451553,7.0409886e-05,0.99937016,6.4422726e-05
ISIC_0027541,HAM_0007254,nv,1,1.1120302e-05,7.4950376e-06,0.00012762293,3.055458e-05,0.00013633567,0.99951196,0.00017495168
ISIC_0029330,HAM_0005768,nv,1,0.00011720252,0.00014815787,0.017668318,0.00018765526,6.497871e-05,0.9798487,0.001964984
ISIC_0026715,HAM_0005253,nv,1,8.918803e-05,1.851315e-05,0.0465629,0.0006690666,0.0005953708,0.951826,0.00023891278
ISIC_0026928,HAM_0001346,nv,1,2.2645307e-05,4.3134996e-06,9.749815e-05,4.5878995e-05,6.251043e-05,0.9997546,1.2505927e-05
ISIC_0024663,HAM_0000640,nv,1,1.8294524e-05,1.6431168e-05,0.0003705182,0.00013308352,0.00011184888,0.99929464,5.5207238e-05
ISIC_0028786,HAM_0005272,nv,1,4.269074e-05,6.5404465e-06,0.00012401323,2.919797e-05,0.009501979,0.9902768,1.892541e-05
ISIC_0032056,HAM_0004306,nv,1,2.8060089e-05,9.289452e-06,0.000103849416,2.6437356e-05,0.0004801949,0.9993067,4.545715e-05
ISIC_0029004,HAM_0001584,nv,1,1.315216e-05,6.863348e-06,0.00018663856,4.6265588e-05,0.00035652012,0.9993569,3.368376e-05
ISIC_0030518,HAM_0005872,nv,1,1.9576026e-05,4.9641167e-06,6.638672e-05,3.8327995e-05,0.00023216542,0.99961543,2.308873e-05
ISIC_0031715,HAM_0003464,nv,1,7.2525625e-05,1.4032299e-05,0.0014453798,4.610009e-05,0.0025367206,0.995782,0.000103281214
ISIC_0031167,HAM_0000270,nv,1,1.5436144e-05,9.003824e-06,0.00010613272,0.00013112044,0.0003236558,0.9993266,8.805159e-05
ISIC_0030262,HAM_0006474,nv,1,1.6694214e-05,2.4576259e-05,0.00018257333,6.933087e-05,0.0018978189,0.99760133,0.0002076924
ISIC_0032399,HAM_0005677,nv,1,1.3598389e-05,1.0715273e-05,5.2408686e-05,3.7108926e-05,0.00030619104,0.999519,6.1003295e-05
ISIC_0029167,HAM_0000213,nv,1,7.5973126e-06,6.16452e-06,0.00035220745,2.4073579e-05,0.00014905212,0.9993936,6.7318506e-05
ISIC_0029536,HAM_0005223,nv,1,3.5523226e-05,8.79077e-06,0.0008309174,0.000103242564,0.00017851785,0.9988174,2.5636442e-05
ISIC_0029117,HAM_0002341,nv,1,1.0028809e-05,5.1122197e-06,7.406726e-05,3.1871492e-05,8.448427e-05,0.99971694,7.747036e-05
ISIC_0030413,HAM_0006546,nv,1,8.411668e-06,1.1770039e-05,4.831136e-05,0.000180245,6.61306e-05,0.9996562,2.8819873e-05
ISIC_0028027,HAM_0002254,nv,1,9.04543e-05,0.00043364556,0.04622023,0.0002808041,0.00019680009,0.95223147,0.00054657564
ISIC_0027009,HAM_0003594,nv,1,1.9704057e-05,2.5951129e-05,0.00024842133,4.572391e-05,0.00014187489,0.9992986,0.00021965968
ISIC_0030545,HAM_0006831,nv,1,1.8329714e-05,5.4394604e-06,9.381606e-05,2.6747828e-05,0.0004611029,0.9992632,0.00013127227
ISIC_0031792,HAM_0006961,nv,1,1.7908966e-05,7.0269625e-06,7.6362885e-05,3.530457e-05,0.00036253242,0.9994785,2.244095e-05
ISIC_0027723,HAM_0003264,nv,1,2.2028742e-05,8.7624285e-06,6.898917e-05,3.1431697e-05,0.00021998439,0.99949384,0.0001549012
ISIC_0025164,HAM_0005405,nv,1,8.299151e-06,3.8973385e-06,3.9496488e-05,2.0340982e-05,4.7224967e-05,0.99986136,1.9239656e-05
ISIC_0026478,HAM_0005656,nv,1,0.0007391335,0.00025718982,0.008368554,0.0052857175,0.00045314888,0.98442644,0.00046982185
ISIC_0031434,HAM_0003425,nv,1,0.00063551683,6.3744184e-05,0.000904655,0.00016926076,0.00026680517,0.99757355,0.000386497
ISIC_0025007,HAM_0001558,nv,1,6.9954467e-06,2.4084962e-05,0.0001436288,0.00076403905,0.00011688348,0.9988902,5.42763e-05
ISIC_0026688,HAM_0001861,nv,1,2.158725e-05,8.503367e-06,0.00025272652,1.9050682e-05,0.0008423246,0.99878055,7.527337e-05
ISIC_0028908,HAM_0005281,nv,1,3.4254692e-05,5.1114325e-06,6.560985e-05,3.0735708e-05,0.0002785302,0.99956304,2.2729582e-05
ISIC_0026791,HAM_0000555,nv,1,6.6537054e-06,5.356855e-06,0.00029034005,2.4101722e-05,3.847685e-05,0.99958533,4.9768438e-05
ISIC_0024736,HAM_0003762,nv,1,1.9827774e-05,4.4588733e-06,3.904903e-05,2.0041914e-05,0.0001950423,0.99969816,2.3477183e-05
ISIC_0031508,HAM_0003453,nv,1,1.7826642e-05,1.1090453e-05,0.00013288486,8.856363e-05,0.00092782435,0.9987779,4.390645e-05
ISIC_0027731,HAM_0000437,nv,1,1.9080482e-05,1.4859893e-05,3.831845e-05,0.00022645423,0.0051578507,0.99449867,4.4798806e-05
ISIC_0025036,HAM_0003724,nv,1,1.1210416e-05,1.1817455e-05,9.0931375e-05,4.8458638e-05,3.1013464e-05,0.99977034,3.6223024e-05
ISIC_0027637,HAM_0002614,nv,1,1.073641e-05,8.626948e-06,0.00010581865,0.00025260926,3.161776e-05,0.99953663,5.404688e-05
ISIC_0028771,HAM_0005305,nv,1,0.000119169206,3.2834563e-05,0.9732116,0.0003091014,9.3172304e-05,0.026087623,0.00014658061
ISIC_0025919,HAM_0001085,nv,1,6.759355e-06,4.2881243e-06,5.8334925e-05,6.326015e-05,0.00011928707,0.99971384,3.417632e-05
ISIC_0029711,HAM_0002544,nv,1,1.0407947e-05,6.799088e-06,2.8016793e-05,5.536549e-05,0.00014082954,0.9997154,4.3118685e-05
ISIC_0026677,HAM_0001262,nv,1,2.484417e-05,1.2191134e-05,9.97349e-05,6.369012e-05,1.6925716e-05,0.9996517,0.00013105106
ISIC_0024796,HAM_0003052,nv,1,5.537509e-06,7.5246585e-06,9.3751376e-05,0.00019630312,6.172429e-05,0.9995499,8.523664e-05
ISIC_0027941,HAM_0002290,nv,1,1.8157e-05,1.4335343e-05,0.0001763433,2.4745075e-05,9.347818e-05,0.99956125,0.00011163318
ISIC_0026900,HAM_0001363,nv,1,1.1543905e-05,4.355974e-06,9.8966186e-05,3.3240693e-05,2.2668184e-05,0.99978775,4.1368712e-05
ISIC_0025976,HAM_0000565,nv,1,1.2774828e-05,7.3216524e-06,0.00017039408,2.5555079e-05,9.58336e-05,0.9995443,0.00014393353
ISIC_0025293,HAM_0000885,nv,1,8.545858e-06,6.934177e-06,4.0829775e-05,4.029502e-05,2.3071792e-05,0.999858,2.236195e-05
ISIC_0025580,HAM_0002938,nv,1,6.8661716e-06,4.6823225e-06,4.0905918e-05,2.3709232e-05,0.0001329192,0.9997681,2.2912553e-05
ISIC_0024570,HAM_0006307,nv,1,8.8936205e-05,9.910386e-06,0.000116619376,7.779914e-05,9.220849e-05,0.9995573,5.7197667e-05
ISIC_0026322,HAM_0007624,nv,1,9.4050665e-05,1.0500794e-05,0.00033703973,2.1462229e-05,0.0025896118,0.9968827,6.470318e-05
ISIC_0025614,HAM_0002089,nv,1,1.865848e-05,7.109679e-06,6.162854e-05,2.8645944e-05,0.00035638365,0.9994623,6.534747e-05
ISIC_0032183,HAM_0007351,nv,1,1.0778782e-05,1.3921564e-05,8.8893845e-05,0.00018816529,5.394317e-05,0.9995691,7.5149095e-05
ISIC_0024308,HAM_0001477,nv,1,0.00014744795,3.2326814e-05,0.00028076506,7.6569726e-05,0.0011071988,0.9982786,7.709494e-05
ISIC_0028683,HAM_0006839,nv,1,1.5900254e-05,8.461071e-06,8.6693595e-05,2.7905819e-05,0.0001741878,0.99965274,3.40909e-05
ISIC_0028143,HAM_0006373,nv,1,1.42522385e-05,1.1340704e-05,9.38483e-05,0.00014443976,0.000108573964,0.99960667,2.0940386e-05
ISIC_0029795,HAM_0002737,nv,1,5.5129713e-05,1.050116e-05,0.000113395334,5.128628e-05,0.0008014693,0.99886644,0.000101845646
ISIC_0026244,HAM_0002095,nv,1,2.1437114e-05,7.3364718e-06,4.7282458e-05,5.0479586e-05,0.00020438521,0.9996132,5.576678e-05
ISIC_0025183,HAM_0006383,nv,1,0.00019624304,1.9659734e-05,0.0005271647,2.9225948e-05,0.0020710255,0.99705076,0.00010596861
ISIC_0028616,HAM_0002846,nv,1,3.9616923e-05,4.764023e-06,0.00023732193,7.251176e-05,0.0001206365,0.99948823,3.6819012e-05
ISIC_0032413,HAM_0004723,nv,1,1.0949497e-05,5.473587e-06,4.193274e-05,9.577432e-05,0.00014979388,0.999658,3.8068505e-05
ISIC_0024660,HAM_0001441,nv,1,1.4304627e-05,1.2187694e-05,6.367214e-05,4.506221e-05,0.00045689347,0.99936956,3.8430993e-05
ISIC_0028284,HAM_0006768,nv,1,1.1475682e-05,1.1565688e-05,6.5876964e-05,7.3240306e-05,3.439415e-05,0.9997197,8.3704326e-05
ISIC_0027857,HAM_0000714,nv,1,2.8390778e-05,1.452894e-05,5.969381e-05,6.850616e-05,0.0024243772,0.99735415,5.0414717e-05
ISIC_0027257,HAM_0005816,nv,1,6.464694e-05,6.881631e-05,0.00023451394,9.7903256e-05,0.001525494,0.99796355,4.5130837e-05
ISIC_0030131,HAM_0002064,nv,1,1.4219718e-05,3.5395678e-06,3.2264437e-05,3.891834e-05,0.00060878525,0.9992756,2.6591888e-05
ISIC_0027962,HAM_0003432,nv,1,1.3707618e-05,7.181206e-06,6.8133384e-05,8.722907e-05,9.228985e-05,0.9997068,2.4604089e-05
ISIC_0030166,HAM_0007270,nv,1,1.7624834e-05,9.2514265e-06,0.00018383442,6.909759e-05,0.00012997678,0.99911124,0.0004789303
ISIC_0032049,HAM_0000839,nv,1,1.2775352e-05,8.443991e-06,0.00012598904,2.5481366e-05,0.00020881799,0.99958533,3.313674e-05
ISIC_0027217,HAM_0003842,nv,1,1.2675533e-05,5.2736386e-06,3.9445797e-05,2.1477748e-05,0.0003174679,0.99955374,4.9937258e-05
ISIC_0031120,HAM_0002014,nv,1,2.5359883e-05,6.3372804e-06,0.00014769235,1.5931922e-05,5.703787e-05,0.9996892,5.844753e-05
ISIC_0026062,HAM_0000625,nv,1,5.9411155e-05,2.3539995e-05,0.00012957594,7.21551e-05,0.00018461472,0.9994404,9.023802e-05
ISIC_0031230,HAM_0003077,nv,1,5.2998486e-05,1.3426313e-05,0.0007735014,4.1436808e-05,0.0062710615,0.9926704,0.00017720276
ISIC_0031679,HAM_0002219,nv,1,5.0384966e-05,1.1419448e-05,7.281027e-05,0.00015020155,0.00091695663,0.99871445,8.37223e-05
ISIC_0031373,HAM_0004649,nv,1,1.1188668e-05,5.5931478e-06,8.646697e-05,2.4462177e-05,4.373649e-05,0.99978167,4.6899506e-05
ISIC_0024469,HAM_0001468,nv,1,4.0959218e-05,2.331508e-05,9.602683e-05,5.2490053e-05,0.00013588318,0.9996055,4.5872148e-05
ISIC_0026977,HAM_0002831,nv,1,1.45214035e-05,5.4421735e-06,5.5884106e-05,2.5017338e-05,9.1108355e-05,0.99976164,4.6284327e-05
ISIC_0025875,HAM_0000722,nv,1,1.1862065e-05,5.27405e-06,0.00013072092,0.00014761176,5.386759e-05,0.99963176,1.8918538e-05
ISIC_0025561,HAM_0000739,nv,1,2.3446228e-05,3.8505586e-05,0.00018396918,7.613012e-05,0.00012551734,0.9993555,0.0001969369
ISIC_0025658,HAM_0000941,nv,1,4.204631e-05,5.940186e-06,8.1881706e-05,2.5131529e-05,0.00038382912,0.9994331,2.8036247e-05
ISIC_0030863,HAM_0005070,nv,1,2.0019073e-05,1.2309328e-05,9.297494e-05,0.00012359349,0.00014011818,0.99953437,7.6740944e-05
ISIC_0029324,HAM_0007380,nv,1,9.108591e-06,1.0121752e-05,0.00018470122,3.512199e-05,0.00051914685,0.99917656,6.513768e-05
ISIC_0031816,HAM_0005321,nv,1,7.1115005e-06,7.069954e-06,0.00012524909,5.1631665e-05,2.1904965e-05,0.99971837,6.866855e-05
ISIC_0026946,HAM_0007040,nv,1,1.5323067e-05,4.673271e-06,6.382323e-05,1.7127535e-05,7.237418e-05,0.9997863,4.0410352e-05
ISIC_0031030,HAM_0001832,nv,1,2.98647e-05,1.6492852e-05,0.00047359333,0.00010152549,1.8652383e-05,0.9991357,0.000224366
ISIC_0027191,HAM_0003701,nv,1,1.1558905e-05,1.3252349e-05,7.577945e-05,0.000552605,2.1426824e-05,0.9991334,0.00019202713
ISIC_0030928,HAM_0002047,nv,1,1.2023338e-05,8.103681e-06,0.00016549151,8.793481e-05,0.00018843285,0.9994642,7.383191e-05
ISIC_0025704,HAM_0001253,nv,1,1.3387069e-05,1.2117854e-05,0.000109145076,9.292468e-05,0.00017748462,0.999482,0.00011291253
ISIC_0025754,HAM_0006797,nv,1,2.349394e-05,1.7527545e-05,0.0021418768,0.000101357764,0.00013619213,0.99748504,9.456814e-05
ISIC_0031348,HAM_0003274,nv,1,9.051859e-06,8.5034335e-06,0.00015072698,2.3895094e-05,0.0009647948,0.9987884,5.4589695e-05
ISIC_0025717,HAM_0007461,nv,1,2.3726698e-05,1.059053e-05,0.00014063135,4.7602723e-05,0.00017925102,0.99952793,7.0180715e-05
ISIC_0029084,HAM_0003552,nv,1,1.0925201e-05,5.8830825e-05,5.0814488e-05,0.00034220435,4.745691e-05,0.9993899,9.992811e-05
ISIC_0028322,HAM_0003493,nv,1,1.7360311e-05,8.493855e-06,0.00019761399,5.3578067e-05,8.282142e-05,0.9996137,2.6471314e-05
ISIC_0030984,HAM_0000317,nv,1,1.2288327e-05,7.223934e-06,3.792471e-05,5.6765184e-05,4.0232895e-05,0.9997799,6.564011e-05
ISIC_0024455,HAM_0006585,nv,1,1.7428365e-05,1.3493926e-05,8.046998e-05,0.00017781273,4.8640977e-05,0.99961984,4.23013e-05
ISIC_0029956,HAM_0005073,nv,1,1.4254575e-05,4.8121333e-06,8.0050995e-05,1.6263348e-05,6.404074e-05,0.9997706,5.004574e-05
ISIC_0031782,HAM_0002636,nv,1,1.0738837e-05,6.118805e-06,8.1301034e-05,4.5812198e-05,6.867159e-05,0.9997625,2.499294e-05
ISIC_0029684,HAM_0005754,nv,1,7.358042e-05,3.293935e-05,0.0018374838,9.356098e-05,2.52062e-05,0.9975199,0.00041725603
ISIC_0030769,HAM_0000131,nv,1,5.0980274e-05,1.4981699e-05,4.2346757e-05,0.00011195084,0.0029227112,0.99679273,6.425657e-05
ISIC_0029057,HAM_0000244,nv,1,0.00011971073,0.00027997146,0.0012996417,0.0010964137,0.0001395466,0.9969162,0.00014854658
ISIC_0027785,HAM_0006259,nv,1,3.8621667e-05,2.542784e-05,0.00064405124,5.4571763e-05,0.00014575664,0.9984603,0.0006312858
ISIC_0024342,HAM_0001981,nv,1,0.00038829242,7.246095e-05,0.0007325447,0.0033023304,0.00013967213,0.994894,0.0004706626
ISIC_0028081,HAM_0000086,nv,1,2.3368253e-05,0.00011029252,0.00077763805,0.00010022654,0.00043366692,0.9979792,0.00057563855
ISIC_0030495,HAM_0003111,nv,1,1.8478973e-05,6.905088e-06,0.00017765033,3.402124e-05,7.544257e-05,0.99956053,0.000126868
ISIC_0031787,HAM_0002478,nv,1,2.1834921e-05,1.171024e-05,0.0003017531,0.0010675899,9.800077e-05,0.9984699,2.9324769e-05
ISIC_0025632,HAM_0004223,nv,1,8.695406e-06,5.614176e-06,4.1666164e-05,3.3365464e-05,0.00025824484,0.99962807,2.4339284e-05
ISIC_0029024,HAM_0003942,nv,1,1.4086338e-05,1.6340438e-05,3.0319981e-05,0.00024295144,3.6823745e-05,0.99961674,4.271629e-05
ISIC_0024589,HAM_0000413,nv,1,3.8566548e-05,1.7691575e-05,0.00018844593,0.00062547927,7.404915e-05,0.99898463,7.114286e-05
ISIC_0024779,HAM_0003631,nv,1,1.627167e-05,1.5196515e-05,0.0001464868,0.00016749752,0.00027982154,0.99930584,6.877442e-05
ISIC_0024755,HAM_0006133,nv,1,3.892892e-05,1.3180383e-05,0.00011030412,0.00015043694,6.6349785e-05,0.9995472,7.344252e-05
ISIC_0029532,HAM_0006314,nv,1,2.5773874e-05,9.334679e-06,0.00010579156,3.4479912e-05,0.0015008913,0.9983053,1.8383816e-05
ISIC_0029090,HAM_0007389,nv,1,2.164569e-05,1.0673617e-05,0.00022511315,8.117307e-05,2.3267834e-05,0.9995302,0.00010795774
ISIC_0030087,HAM_0006248,nv,1,1.0449111e-05,6.1187675e-06,6.4605156e-05,4.0945408e-05,8.9991496e-05,0.9997564,3.147067e-05
ISIC_0025773,HAM_0002709,nv,1,3.679827e-05,7.942655e-06,0.0004485136,1.8252076e-05,0.0004967018,0.99892515,6.663305e-05
ISIC_0026748,HAM_0001462,nv,1,0.00044213724,6.197782e-05,0.007198726,0.00044386773,0.00075799954,0.9909943,0.00010099366
ISIC_0026312,HAM_0006927,nv,1,1.73954e-05,9.059936e-06,9.5612864e-05,4.7055277e-05,7.589497e-05,0.9996797,7.530434e-05
ISIC_0024659,HAM_0001514,nv,1,0.00042486156,3.9984112e-05,0.0026461603,0.00039006534,0.00014899488,0.9960264,0.00032353343
ISIC_0025949,HAM_0005050,nv,1,4.7678495e-05,1.2055012e-05,0.0005229574,4.8952366e-05,6.6065884e-05,0.99819034,0.0011119768
ISIC_0029521,HAM_0001663,nv,1,2.1626873e-05,4.5650148e-05,0.000105519684,0.0009865846,8.185843e-05,0.9986613,9.758976e-05
ISIC_0032053,HAM_0005945,nv,1,9.346639e-06,4.59989e-06,0.00013720541,3.196076e-05,0.00016624035,0.9995844,6.6255125e-05
ISIC_0025733,HAM_0006509,nv,1,1.305382e-05,5.431024e-06,6.365981e-05,2.7339667e-05,0.00020083411,0.99966407,2.5633126e-05
ISIC_0025827,HAM_0005799,nv,1,4.8971542e-05,1.0528965e-05,0.00022011915,3.4087632e-05,8.76429e-05,0.99955696,4.1765037e-05
ISIC_0026686,HAM_0004319,nv,1,4.1072195e-05,1.6178623e-05,0.00031281277,6.878299e-05,7.767539e-05,0.99943036,5.304766e-05
ISIC_0026155,HAM_0002458,nv,1,1.959414e-05,1.2503539e-05,0.00012239601,0.000101519414,4.4720222e-05,0.99956375,0.0001355462
ISIC_0025923,HAM_0005370,nv,1,8.902286e-06,8.33032e-06,4.5586377e-05,9.071469e-05,3.773711e-05,0.9997038,0.00010485901
ISIC_0025011,HAM_0002700,nv,1,1.1451774e-05,5.42001e-06,0.00012923164,3.806581e-05,0.00020288845,0.99958724,2.5806969e-05
ISIC_0027274,HAM_0007472,nv,1,1.9749266e-05,1.131892e-05,0.00010528808,0.00016445773,4.1241474e-05,0.999637,2.0981963e-05
ISIC_0031110,HAM_0004510,nv,1,2.433233e-05,6.4853148e-06,9.548732e-05,6.02231e-05,0.0004508973,0.9993425,2.005436e-05
ISIC_0028483,HAM_0003709,nv,1,0.00022351695,0.00014715972,0.0023313758,0.00012034308,0.00067253207,0.9963272,0.00017785553
ISIC_0031914,HAM_0002767,nv,1,2.0097277e-05,6.7186093e-06,0.00016906513,7.507258e-05,0.00017921257,0.999527,2.2907027e-05
ISIC_0032252,HAM_0005895,nv,1,1.2503847e-05,4.6089012e-06,8.05854e-05,3.2400854e-05,0.00023789682,0.9995883,4.364271e-05
ISIC_0027028,HAM_0005912,nv,1,2.2511325e-05,1.231112e-05,0.00010061818,6.469491e-05,5.1882394e-05,0.9996799,6.813155e-05
ISIC_0027602,HAM_0001006,nv,1,1.2023109e-05,1.5742464e-05,0.00023009464,9.019439e-05,2.1517399e-05,0.99944514,0.00018529293
ISIC_0031855,HAM_0002843,nv,1,8.844442e-06,2.432508e-05,0.00030897366,0.00048620248,6.103392e-05,0.9990447,6.5928994e-05
ISIC_0024398,HAM_0001672,nv,1,1.364837e-05,2.339875e-05,0.00015220695,0.00026295794,0.00022653177,0.9992817,3.9686172e-05
ISIC_0030250,HAM_0002163,nv,1,2.7951433e-05,1.783655e-05,0.002192446,0.00018155565,3.261477e-05,0.9973832,0.00016442279
ISIC_0024895,HAM_0004797,nv,1,1.772403e-05,1.5671983e-05,0.0007024744,3.5908575e-05,6.502203e-05,0.99886465,0.00029842835
ISIC_0025852,HAM_0001403,nv,1,1.1953984e-05,4.2209026e-06,7.741872e-05,2.1372804e-05,0.00026126552,0.99953854,8.536062e-05
ISIC_0028942,HAM_0006690,nv,1,5.552178e-05,1.4870695e-05,0.00052626175,4.6799705e-05,9.091631e-05,0.9991167,0.00014887447
ISIC_0026228,HAM_0003168,nv,1,7.978052e-06,1.3102302e-05,0.00015303608,4.2668118e-05,9.8290235e-05,0.99946505,0.00021985723
ISIC_0029086,HAM_0000180,nv,1,8.330819e-06,1.0655279e-05,5.2472737e-05,7.582725e-05,3.041341e-05,0.99976367,5.876668e-05
ISIC_0027543,HAM_0006952,nv,1,7.600582e-06,6.539327e-06,3.365016e-05,5.4340286e-05,4.029364e-05,0.99982375,3.3864442e-05
ISIC_0030359,HAM_0007435,nv,1,7.5998773e-06,6.0709967e-06,7.839422e-05,2.9304512e-05,9.9505676e-05,0.999731,4.8103117e-05
ISIC_0029205,HAM_0002247,nv,1,1.3920057e-05,1.7021932e-05,0.00013027647,2.9728906e-05,0.00019885412,0.999461,0.00014914409
ISIC_0027134,HAM_0004577,nv,1,0.00017137211,4.2243333e-05,0.0026859515,0.00022351135,0.00011064614,0.99630225,0.00046390825
ISIC_0029626,HAM_0002564,nv,1,8.611021e-05,4.3045973e-05,0.0009883705,0.00010509312,0.0011265522,0.9975424,0.000108429136
ISIC_0030199,HAM_0001165,nv,1,8.043672e-06,3.7552954e-06,4.0928997e-05,3.0371328e-05,3.7102865e-05,0.99984384,3.5908695e-05
ISIC_0029365,HAM_0001068,nv,1,3.0140303e-05,7.854893e-06,0.00013321271,0.00017288003,9.2929375e-05,0.99953246,3.0495587e-05
ISIC_0025503,HAM_0005423,nv,1,1.6756123e-05,1.3075193e-05,0.000100021476,0.00032169302,3.798241e-05,0.99934715,0.00016334481
ISIC_0028278,HAM_0002191,nv,1,1.4328153e-05,1.4161224e-05,0.0004610091,3.3971013e-05,0.00032065978,0.99906,9.588076e-05
ISIC_0027687,HAM_0004467,nv,1,3.8607064e-05,2.6430776e-05,0.0020152798,0.0003014521,4.6751276e-05,0.99613535,0.0014360423
ISIC_0025728,HAM_0003921,nv,1,6.622756e-05,1.24559465e-05,0.000114710674,3.122264e-05,6.387728e-05,0.99965644,5.495822e-05
ISIC_0029058,HAM_0006292,nv,1,1.4020361e-05,5.6592085e-06,6.0634626e-05,2.320614e-05,6.0295104e-05,0.9998048,3.1456828e-05
ISIC_0026642,HAM_0004855,nv,1,4.2031934e-05,1.1115622e-05,0.00014250497,2.612372e-05,0.00065556663,0.9990914,3.1327127e-05
ISIC_0027362,HAM_0000826,nv,1,8.2825e-06,7.765507e-06,3.3047105e-05,6.1349456e-05,3.504131e-05,0.9998062,4.8342205e-05
ISIC_0028382,HAM_0002522,nv,1,5.6033055e-05,3.4453606e-05,0.000200898,9.328949e-05,0.013604139,0.9859219,8.927862e-05
ISIC_0025186,HAM_0002586,nv,1,9.00768e-06,6.0238945e-06,9.210855e-05,3.0088177e-05,3.2533077e-05,0.9997546,7.5604745e-05
ISIC_0029380,HAM_0005171,nv,1,1.519532e-05,1.16962565e-05,8.500136e-05,8.6804925e-05,0.000463117,0.9992273,0.000110916815
ISIC_0030703,HAM_0002373,nv,1,2.8358034e-05,3.2449207e-05,0.0005200882,0.00013074263,0.00011742605,0.9942601,0.004910874
ISIC_0028541,HAM_0004096,nv,1,8.7647295e-06,5.7931315e-06,4.5167777e-05,9.6868454e-05,4.527819e-05,0.9997563,4.181418e-05
ISIC_0029922,HAM_0007121,nv,1,1.8957457e-05,7.223601e-06,9.171955e-05,4.295137e-05,4.0566378e-05,0.99973375,6.485655e-05
ISIC_0026418,HAM_0005831,nv,1,4.0358485e-05,8.36104e-06,0.00024638214,3.4453085e-05,7.379694e-05,0.99947876,0.00011789839
ISIC_0024699,HAM_0007605,nv,1,1.0168067e-05,7.2243347e-06,4.16748e-05,4.416807e-05,2.3071267e-05,0.99983525,3.826162e-05
ISIC_0028256,HAM_0004218,nv,1,0.00086587353,0.00024518673,0.043382064,0.0019266605,0.00018652822,0.95140195,0.0019917055
ISIC_0027611,HAM_0000160,nv,1,2.7700275e-05,8.318372e-05,0.0010594289,0.00048326887,4.8615493e-05,0.99812096,0.00017678918
ISIC_0027599,HAM_0000399,nv,1,9.815777e-06,9.834967e-06,9.3676776e-05,5.7207573e-05,3.4293902e-05,0.9997304,6.4729786e-05
ISIC_0025770,HAM_0004913,nv,1,1.0612112e-05,1.2238346e-05,7.29468e-05,0.00010249544,0.00013809116,0.9996106,5.2979565e-05
ISIC_0029738,HAM_0003637,nv,1,1.787141e-05,1.1835374e-05,0.00016416197,9.713224e-05,0.00030680728,0.9993325,6.9723e-05
ISIC_0028740,HAM_0004977,nv,1,3.959024e-05,5.1076076e-06,0.0004604462,1.2086139e-05,0.0006265957,0.99881506,4.1046907e-05
ISIC_0031491,HAM_0006918,nv,1,0.0003153305,3.5482903e-05,0.0044955704,4.691549e-05,0.001219754,0.9937941,9.2757495e-05
ISIC_0032178,HAM_0000651,nv,1,0.00013591329,1.7560118e-05,0.00015658805,0.00013812102,0.00015251324,0.9993387,6.063596e-05
ISIC_0032451,HAM_0000414,nv,1,0.00012079653,0.00012281869,0.00035099007,6.829217e-05,0.00013890024,0.99910516,9.3071256e-05
ISIC_0028485,HAM_0005567,nv,1,2.267422e-05,2.8718938e-05,0.00043680228,6.729724e-05,0.00021654976,0.9990778,0.00015018285
ISIC_0027014,HAM_0002627,nv,1,5.5666096e-05,6.357267e-05,0.0009355631,0.00047066042,0.06917337,0.9291519,0.00014926144
ISIC_0030113,HAM_0005729,nv,1,2.4386121e-05,8.610638e-06,0.00012372206,0.0011958259,0.0008869283,0.997647,0.000113533744
ISIC_0027459,HAM_0006999,nv,1,3.2653974e-05,2.8704688e-05,0.0003804946,0.000449291,0.00023546272,0.9985821,0.0002913261
ISIC_0025566,HAM_0006117,nv,1,3.9911683e-05,2.0147403e-05,0.00029678765,4.3408425e-05,0.0032904465,0.996166,0.00014323709
ISIC_0029692,HAM_0005503,nv,1,2.9674296e-05,9.130042e-06,8.0505706e-05,2.4600857e-05,0.00023742957,0.99957544,4.3260257e-05
ISIC_0029428,HAM_0003291,nv,1,2.0677102e-05,9.202328e-06,7.686228e-05,3.3009663e-05,0.0001336885,0.99964917,7.742729e-05
ISIC_0025420,HAM_0007537,nv,1,7.4243903e-06,4.878553e-06,3.7101494e-05,2.8993603e-05,8.315149e-05,0.99980694,3.1610867e-05
ISIC_0026204,HAM_0000670,nv,1,1.1274711e-05,9.202151e-06,3.9237486e-05,7.4314376e-05,0.00020087628,0.99962986,3.524102e-05
ISIC_0029590,HAM_0002679,nv,1,9.129925e-06,3.1067644e-05,6.960299e-05,2.1688711e-05,0.00020387654,0.9995627,0.000101866885
ISIC_0024742,HAM_0000111,nv,1,2.4513067e-05,7.5494286e-06,0.00060354435,0.0002777939,9.369329e-05,0.99893063,6.22306e-05
ISIC_0030881,HAM_0004101,nv,1,6.978988e-05,1.133739e-05,0.00013289135,0.000121710014,0.00028487315,0.99931455,6.4861015e-05
ISIC_0029375,HAM_0003012,nv,1,4.8714897e-05,1.1358088e-05,9.655057e-05,3.1668445e-05,0.00054539595,0.9991855,8.082872e-05
ISIC_0024677,HAM_0003337,nv,1,1.6486572e-05,3.7548716e-06,0.0001254879,2.8181874e-05,7.043531e-05,0.999731,2.4628724e-05
ISIC_0027449,HAM_0006410,nv,1,1.9778568e-05,1.1536737e-05,0.0002947528,8.441717e-05,8.667262e-05,0.99916685,0.00033592043
ISIC_0025886,HAM_0006741,nv,1,1.1788571e-05,9.621551e-06,0.000100897305,0.00020282537,3.5022742e-05,0.99927646,0.0003633451
ISIC_0028269,HAM_0001282,nv,1,1.4663746e-05,4.9454306e-06,0.000100845085,2.6891856e-05,4.8057103e-05,0.99975044,5.419058e-05
ISIC_0024764,HAM_0007246,nv,1,1.6426182e-05,2.9977258e-05,0.0006638759,0.00017964207,7.565778e-05,0.99899143,4.302439e-05
ISIC_0027743,HAM_0004591,nv,1,1.742453e-05,1.010426e-05,7.180073e-05,4.039473e-05,0.00235921,0.9974498,5.1213545e-05
ISIC_0027015,HAM_0001851,nv,1,1.549965e-05,2.4241916e-05,0.00013590555,2.955714e-05,0.00015530377,0.9995259,0.00011366428
ISIC_0025502,HAM_0002125,nv,1,1.0346346e-05,1.0205856e-05,0.00010945573,5.6287983e-05,0.0001293093,0.99963856,4.587367e-05
ISIC_0025666,HAM_0005882,nv,1,2.4723407e-05,5.906833e-06,0.00011337485,2.6062171e-05,0.00010945827,0.9996618,5.8560192e-05
ISIC_0025110,HAM_0001893,nv,1,2.881337e-05,8.009e-06,5.116513e-05,2.2860126e-05,0.00041400522,0.9994306,4.4539942e-05
ISIC_0029421,HAM_0003203,nv,1,8.81508e-06,1.3599836e-05,7.671047e-05,8.339049e-05,6.0063914e-05,0.9996253,0.00013209155
ISIC_0025216,HAM_0007549,nv,1,1.9711108e-05,5.636308e-06,0.0001783627,3.8554805e-05,1.5807416e-05,0.9996562,8.572573e-05
ISIC_0031252,HAM_0002580,nv,1,2.3617551e-05,5.49579e-06,5.1535124e-05,3.2853826e-05,4.1510855e-05,0.9997999,4.5103636e-05
ISIC_0028606,HAM_0004044,nv,1,8.5277525e-06,5.669624e-06,0.00012526853,3.5763205e-05,7.098485e-05,0.9996904,6.3320476e-05
ISIC_0026680,HAM_0006773,nv,1,4.9113085e-05,1.0164795e-05,9.247497e-05,0.00011661426,0.00010976314,0.9995135,0.00010837847
ISIC_0025291,HAM_0003616,nv,1,1.702644e-05,9.239052e-06,6.917385e-05,6.1075516e-05,6.444564e-05,0.99972564,5.3349115e-05
ISIC_0029981,HAM_0005357,nv,1,1.0971211e-05,7.764573e-06,0.00017560266,4.10827e-05,5.9687478e-05,0.999686,1.893805e-05
ISIC_0025015,HAM_0004119,nv,1,1.4142178e-05,1.0737809e-05,9.908113e-05,7.41359e-05,8.7119166e-05,0.9996668,4.8029626e-05
ISIC_0030864,HAM_0007394,nv,1,1.0755388e-05,1.294816e-05,0.0002065507,5.3826094e-05,0.00025943658,0.99934953,0.00010688928
ISIC_0030012,HAM_0000253,nv,1,2.2653261e-05,1.1170458e-05,0.00010137627,3.054289e-05,0.0016162792,0.99815434,6.359472e-05
ISIC_0024810,HAM_0001628,nv,1,6.7931614e-05,1.5962773e-05,0.00014564858,6.920383e-05,0.009686248,0.9899558,5.9308895e-05
ISIC_0030152,HAM_0000043,nv,1,8.459236e-05,1.7388562e-05,0.00030619462,3.9454524e-05,7.762632e-05,0.99928683,0.00018795147
ISIC_0029207,HAM_0003477,nv,1,2.3447297e-05,1.8914172e-05,0.00032155335,6.348788e-05,3.6708097e-05,0.9994011,0.00013469948
ISIC_0029284,HAM_0007048,nv,1,1.0345188e-05,1.5991674e-05,0.00013167603,0.0001833057,3.9386985e-05,0.9995266,9.2792805e-05
ISIC_0028867,HAM_0003169,nv,1,1.0366579e-05,8.264958e-06,6.313199e-05,8.968485e-05,0.00012702518,0.99963903,6.2457446e-05
ISIC_0026183,HAM_0000732,nv,1,0.000930962,4.8919377e-05,0.0014190278,0.000592189,0.000325286,0.99654394,0.00013963079
ISIC_0026483,HAM_0003118,nv,1,1.666223e-05,1.1474161e-05,4.974423e-05,0.00015982588,0.00011924283,0.9995871,5.6038283e-05
ISIC_0027748,HAM_0004228,nv,1,6.5771974e-06,4.381358e-06,2.4532897e-05,5.103118e-05,6.377347e-05,0.99973875,0.00011091941
ISIC_0027489,HAM_0006565,nv,1,1.1621554e-05,1.49515445e-05,0.00045324632,5.593278e-05,0.0007346145,0.99867994,4.965057e-05
ISIC_0030648,HAM_0003607,nv,1,1.8159419e-05,5.35744e-06,8.31117e-05,5.0557694e-05,0.00012879664,0.99969447,1.9635012e-05
ISIC_0024600,HAM_0002499,nv,1,7.473421e-05,7.19414e-05,7.8397294e-05,0.0010743437,6.046253e-05,0.9984285,0.00021165413
ISIC_0032085,HAM_0003377,nv,1,1.5740183e-05,6.876376e-06,8.095652e-05,3.5679495e-05,0.00026910024,0.99930024,0.00029125105
ISIC_0028703,HAM_0007345,nv,1,1.9438223e-05,0.00011224223,6.945499e-05,0.00013645185,0.00022778974,0.99938726,4.736419e-05
ISIC_0029629,HAM_0004019,nv,1,1.2925265e-05,7.870252e-06,9.055535e-05,5.7532383e-05,0.0002149624,0.9995328,8.3301384e-05
ISIC_0028549,HAM_0004752,nv,1,1.2191707e-05,1.0801255e-05,7.2279545e-05,3.7921625e-05,0.00010188074,0.99969864,6.632744e-05
ISIC_0031397,HAM_0000178,nv,1,0.00017242815,3.117235e-05,0.00018525957,9.648757e-05,0.00041464472,0.9990213,7.875086e-05
ISIC_0025848,HAM_0002310,nv,1,4.4714176e-05,5.5044893e-06,5.741414e-05,3.772672e-05,0.00036660847,0.9994286,5.9410453e-05
ISIC_0031342,HAM_0004815,nv,1,0.00013423376,1.5675858e-05,0.00033536798,0.00010342436,5.7733218e-05,0.9991116,0.0002420001
ISIC_0031859,HAM_0001574,nv,1,6.378445e-05,2.0788828e-05,0.00045602632,2.7326398e-05,0.0011087386,0.99820364,0.00011963145
ISIC_0029535,HAM_0000664,nv,1,2.4377387e-05,1.4136131e-05,0.0004495318,0.00017280295,5.085647e-05,0.9992393,4.8860456e-05
ISIC_0024485,HAM_0006172,nv,1,1.562067e-05,8.443192e-06,0.00029982076,6.909009e-05,8.967155e-05,0.99949074,2.6571654e-05
ISIC_0027841,HAM_0002932,nv,1,9.853359e-06,7.1109826e-06,0.00012552123,7.053254e-05,5.9860184e-05,0.9996456,8.14604e-05
ISIC_0030627,HAM_0006202,nv,1,1.6386764e-05,2.2137106e-05,0.00037893114,0.00022303166,0.00049312896,0.99854255,0.00032375735
ISIC_0026598,HAM_0006602,nv,1,0.0001240458,1.6527503e-05,0.00018252395,0.00011294499,0.00012489667,0.9992812,0.0001578842
ISIC_0030647,HAM_0002987,nv,1,3.570237e-05,3.936486e-05,0.0011673854,0.0004764695,2.2517206e-05,0.9979899,0.0002686818
ISIC_0026563,HAM_0005526,nv,1,7.047592e-05,9.79271e-06,0.0001937843,4.1959986e-05,0.0002875682,0.9993311,6.537081e-05
ISIC_0025757,HAM_0000695,nv,1,1.818521e-05,1.2474112e-05,0.00025163736,4.3031687e-05,0.0001352272,0.9991609,0.00037851403
ISIC_0029818,HAM_0001577,nv,1,7.146486e-05,0.0007735899,0.001072451,0.0005765699,0.000945511,0.9889135,0.0076469136
ISIC_0024541,HAM_0004502,nv,1,6.118424e-06,1.0048248e-05,4.369025e-05,0.00010733218,7.084705e-05,0.9997003,6.1643215e-05
ISIC_0025646,HAM_0005988,nv,1,6.0232473e-05,1.2887006e-05,0.00028110802,5.3206906e-05,0.0029972133,0.99657416,2.120562e-05
ISIC_0030634,HAM_0000830,nv,1,9.11988e-05,2.2175305e-05,0.001121932,7.3423565e-05,0.00032626174,0.9983139,5.115789e-05
ISIC_0026193,HAM_0006419,nv,1,5.2948453e-05,9.16519e-06,9.85832e-05,5.976455e-05,0.00021620787,0.9995116,5.172191e-05
ISIC_0030200,HAM_0000495,nv,1,2.1752103e-05,1.3826477e-05,0.00022729939,6.300329e-05,3.2717613e-05,0.9985758,0.0010656199
ISIC_0027965,HAM_0003784,nv,1,1.2900538e-05,6.891687e-06,8.967875e-05,8.395793e-05,0.00016258062,0.999571,7.283714e-05
ISIC_0027972,HAM_0000440,nv,1,2.9614946e-05,6.6728353e-06,0.00014384316,3.700065e-05,0.0011910794,0.99855095,4.0796313e-05
ISIC_0031487,HAM_0006903,nv,1,4.6340483e-05,6.7943683e-06,0.0003574461,3.694585e-05,0.00049553835,0.9990214,3.5565194e-05
ISIC_0025232,HAM_0003588,nv,1,6.9659785e-05,4.8765764e-06,0.0001291919,1.7390565e-05,0.0002785533,0.9994018,9.8476165e-05
ISIC_0025772,HAM_0004633,nv,1,9.701003e-06,8.695923e-06,6.2981104e-05,8.5665655e-05,9.237824e-05,0.99968755,5.300952e-05
ISIC_0027683,HAM_0005738,nv,1,0.0004348429,0.00017381518,0.024856716,0.00011222352,0.0004534917,0.9736936,0.00027532538
ISIC_0028369,HAM_0002175,nv,1,9.23828e-06,1.0468341e-05,7.1085466e-05,0.00012270479,0.00010232365,0.999642,4.2055097e-05
ISIC_0030708,HAM_0002162,nv,1,1.2286464e-05,8.378641e-06,0.00010076048,8.05493e-05,5.4396034e-05,0.9996283,0.00011538153
ISIC_0026479,HAM_0005576,nv,1,1.4564421e-05,5.1225875e-06,8.8685825e-05,3.2092445e-05,4.1227642e-05,0.9997898,2.8543609e-05
ISIC_0030009,HAM_0006454,nv,1,4.769501e-05,3.70001e-05,9.006837e-05,0.00014548328,8.2732135e-05,0.9995117,8.527501e-05
ISIC_0025595,HAM_0000192,nv,1,6.892889e-06,6.9605317e-06,7.7965895e-05,6.5222506e-05,5.2986707e-05,0.9997453,4.4750188e-05
ISIC_0026041,HAM_0001072,nv,1,1.5890178e-05,1.38056275e-05,0.0004957793,6.9905655e-05,0.00010560907,0.99901927,0.0002797413
ISIC_0027070,HAM_0003526,nv,1,1.6858206e-05,3.462459e-05,0.00016607429,6.393362e-05,0.000109180415,0.9995615,4.774399e-05
ISIC_0028883,HAM_0003372,nv,1,0.00029121558,5.1152223e-05,0.001548093,0.00013241988,0.049118623,0.9487788,7.9691694e-05
ISIC_0024334,HAM_0001472,nv,1,1.495877e-05,6.7161604e-06,0.0001202444,2.3418825e-05,0.00058482547,0.9991627,8.718159e-05
ISIC_0026937,HAM_0002267,nv,1,8.849671e-06,6.706227e-06,0.00015074434,9.899339e-05,7.4861084e-05,0.99963534,2.4434725e-05
ISIC_0029942,HAM_0003211,nv,1,7.659697e-06,8.153705e-06,4.3928118e-05,2.8182658e-05,6.0336504e-05,0.9997588,9.31094e-05
ISIC_0028433,HAM_0004990,nv,1,2.4959889e-05,1.9249874e-05,0.0007434586,0.001638998,2.4477122e-05,0.99746585,8.296692e-05
ISIC_0030439,HAM_0002743,nv,1,4.3431617e-05,6.811747e-06,6.987959e-05,5.2337396e-05,0.00014241983,0.99962246,6.2670246e-05
ISIC_0027891,HAM_0003417,nv,1,2.3421695e-05,2.8752964e-05,0.0011884682,6.4859116e-05,0.00021957632,0.99830985,0.00016497784
ISIC_0030762,HAM_0006944,nv,1,1.4590922e-05,7.948456e-06,8.191985e-05,3.5936973e-05,0.00015241254,0.99965465,5.2467018e-05
ISIC_0032369,HAM_0003079,nv,1,9.294249e-05,3.2182863e-05,0.00041694634,7.903348e-05,0.05277421,0.9464719,0.00013287421
ISIC_0024811,HAM_0007452,nv,1,1.6199681e-05,4.9551195e-06,6.688404e-05,6.197856e-05,4.9996084e-05,0.9997545,4.5410954e-05
ISIC_0032293,HAM_0000123,nv,1,8.27474e-06,2.1716043e-05,0.0002039093,6.559635e-05,0.00075881823,0.9988695,7.225487e-05
ISIC_0027329,HAM_0007400,nv,1,7.914028e-06,2.1723672e-05,5.2163297e-05,0.00013078681,6.60695e-05,0.9992204,0.00050099
ISIC_0026931,HAM_0003901,nv,1,1.0592726e-05,4.984142e-06,0.00012776053,2.2689135e-05,3.1103362e-05,0.99973506,6.785311e-05
ISIC_0029097,HAM_0005019,nv,1,9.484531e-05,1.02637105e-05,0.00014314646,5.362068e-05,0.00020414873,0.99943215,6.177732e-05
ISIC_0025315,HAM_0007084,nv,1,0.00021386804,0.0002111701,0.00026025146,0.00021365931,0.0008394101,0.9980927,0.00016885344
ISIC_0031533,HAM_0001013,nv,1,3.2421274e-05,8.310225e-06,0.00044843688,3.4411303e-05,0.00015275933,0.99924207,8.162656e-05
ISIC_0025765,HAM_0006781,nv,1,1.3157275e-05,4.7097324e-06,7.267222e-05,3.1347638e-05,7.0694754e-05,0.99974555,6.179669e-05
ISIC_0027381,HAM_0004452,nv,1,1.8302733e-05,1.04082355e-05,0.0001190142,2.56602e-05,4.116537e-05,0.99974304,4.2430638e-05
ISIC_0027413,HAM_0007287,nv,1,6.799906e-06,1.3830407e-05,4.848547e-05,4.8320035e-05,2.0883912e-05,0.9998356,2.6066702e-05
ISIC_0028617,HAM_0006487,nv,1,1.0992288e-05,7.1110294e-06,7.438864e-05,0.00010476403,3.2913194e-05,0.99965215,0.0001176026
ISIC_0024533,HAM_0003239,nv,1,1.8582388e-05,6.158735e-05,8.584023e-05,4.8862552e-05,0.0002964649,0.9992822,0.0002065746
ISIC_0026130,HAM_0005144,nv,1,1.826327e-05,7.916542e-06,0.00016710746,0.00021580482,2.4865612e-05,0.9995378,2.8342009e-05
ISIC_0030004,HAM_0007482,nv,1,7.5980656e-06,5.071298e-06,6.798587e-05,0.000102433325,0.0002948849,0.99949265,2.9297526e-05
ISIC_0031445,HAM_0000292,nv,1,1.7836053e-05,1.2922323e-05,0.00021348518,0.000121649464,3.9109997e-05,0.99930525,0.0002898338
ISIC_0030633,HAM_0005391,nv,1,1.2503649e-05,8.6610235e-06,0.00025151065,6.687186e-05,5.0379036e-05,0.99957246,3.7621772e-05
ISIC_0031305,HAM_0003655,nv,1,2.8181687e-05,5.202916e-06,0.000105696505,2.2978773e-05,7.5050746e-05,0.9997243,3.8444636e-05
ISIC_0029407,HAM_0002116,nv,1,1.2948872e-05,9.03977e-06,5.086488e-05,9.2374634e-05,0.00040263095,0.99940455,2.7627764e-05
ISIC_0026521,HAM_0004939,nv,1,1.7788641e-05,6.2872327e-06,5.32889e-05,5.6975572e-05,0.0002744827,0.99957305,1.8121786e-05
ISIC_0031356,HAM_0003858,nv,1,2.9624196e-05,4.1858486e-05,0.0014169575,0.00014188228,0.0030573695,0.9949686,0.000343698
ISIC_0031850,HAM_0003271,nv,1,8.429074e-06,6.313085e-06,4.312105e-05,6.0131315e-05,6.086984e-05,0.9997702,5.0858653e-05
ISIC_0029707,HAM_0000774,nv,1,6.9837206e-06,9.251928e-06,2.0070396e-05,4.228207e-05,0.0007335375,0.9991654,2.2412023e-05
ISIC_0030363,HAM_0004112,nv,1,2.299603e-05,4.6863337e-05,9.429747e-05,4.8162434e-05,0.00015024611,0.9994986,0.0001388871
ISIC_0026325,HAM_0002442,nv,1,1.2549166e-05,8.795018e-06,0.00012990617,0.00025387865,0.00020635148,0.9993001,8.843704e-05
ISIC_0028784,HAM_0004460,nv,1,0.00027477057,5.2032785e-05,0.0028091676,0.000159025,0.0022860684,0.9938046,0.00061438634
ISIC_0029314,HAM_0003959,nv,1,4.0878425e-05,1.0165513e-05,8.645515e-05,2.9587745e-05,0.00020739515,0.99958414,4.1441148e-05
ISIC_0029584,HAM_0007115,nv,1,7.689568e-06,6.9063594e-06,4.6306144e-05,7.92323e-05,4.9800674e-05,0.9997446,6.541382e-05
ISIC_0024341,HAM_0002951,nv,1,1.7772274e-05,8.378646e-06,0.00011993396,6.488143e-05,4.907082e-05,0.999629,0.00011106982
ISIC_0031248,HAM_0004731,nv,1,1.5169398e-05,4.147082e-06,3.9674385e-05,1.9250967e-05,0.000418903,0.9994728,2.9991703e-05
ISIC_0030317,HAM_0001050,nv,1,2.6701626e-05,8.151492e-06,9.315233e-05,6.5990425e-05,5.1619736e-05,0.9994874,0.00026699092
ISIC_0025859,HAM_0002837,nv,1,1.3234318e-05,8.233441e-06,0.000118302276,2.5735011e-05,5.3244963e-05,0.9997247,5.654076e-05
ISIC_0028626,HAM_0006209,nv,1,2.1466378e-05,1.2327103e-05,0.00012990208,8.91496e-05,5.261347e-05,0.9990246,0.0006697587
ISIC_0025403,HAM_0003589,nv,1,8.008293e-05,8.13319e-06,0.00015308785,0.00047269635,4.1954187e-05,0.999193,5.1103034e-05
ISIC_0026001,HAM_0004907,nv,1,3.833854e-05,4.9807943e-05,0.00048129723,0.00011235359,0.00030660408,0.9989145,9.7139025e-05
ISIC_0025151,HAM_0007309,nv,1,5.2884563e-05,1.6787768e-05,0.0002846724,3.869117e-05,0.0001864422,0.99928087,0.00013960467
ISIC_0026924,HAM_0004313,nv,1,8.396478e-06,3.61128e-06,6.140163e-05,2.408341e-05,7.788469e-05,0.9998018,2.2913326e-05
ISIC_0026195,HAM_0002384,nv,1,2.9474488e-05,7.749184e-06,0.00016509935,4.1201965e-05,5.3293275e-05,0.9996551,4.8075988e-05
ISIC_0029673,HAM_0001825,nv,1,9.778261e-06,4.2718057e-06,3.439717e-05,2.8488417e-05,8.356874e-05,0.9998074,3.2061682e-05
ISIC_0026568,HAM_0003740,nv,1,1.2144361e-05,5.826928e-06,8.791383e-05,7.1438546e-05,8.6129265e-05,0.9997137,2.2866601e-05
ISIC_0032480,HAM_0001146,nv,1,7.162342e-05,1.3669569e-05,0.0002475609,0.002409193,0.006104214,0.99110764,4.6063273e-05
ISIC_0030025,HAM_0003391,nv,1,8.297867e-06,1.1144212e-05,6.0895698e-05,2.7181102e-05,0.00011397665,0.9997067,7.175267e-05
ISIC_0029850,HAM_0006714,nv,1,1.1056767e-05,6.4619644e-06,5.371053e-05,0.00021087908,4.786453e-05,0.99964154,2.8483691e-05
ISIC_0030024,HAM_0001650,nv,1,1.2137742e-05,1.0221003e-05,8.051227e-05,0.0003733772,3.5328114e-05,0.9991689,0.00031952243
ISIC_0029295,HAM_0005941,nv,1,1.524316e-05,1.7004973e-05,0.00012178485,0.00015668054,3.3035027e-05,0.9984653,0.0011909772
ISIC_0030218,HAM_0002098,nv,1,2.3615947e-05,9.8927785e-06,9.335729e-05,3.0058129e-05,2.5065503e-05,0.99973196,8.6025764e-05
ISIC_0031187,HAM_0006589,nv,1,1.9411613e-05,5.1846804e-05,0.0019398457,0.0002629144,0.0014296543,0.9960718,0.00022455343
ISIC_0027803,HAM_0002288,nv,1,1.3234941e-05,5.2337396e-06,7.195031e-05,4.293203e-05,6.783904e-05,0.9997718,2.702406e-05
ISIC_0032104,HAM_0001413,nv,1,3.8996233e-05,9.226306e-06,6.5690176e-05,3.090887e-05,0.0014392298,0.99834645,6.938265e-05
ISIC_0028669,HAM_0004989,nv,1,6.337614e-06,7.841209e-06,4.2679938e-05,3.99768e-05,0.0001205199,0.99974185,4.078518e-05
ISIC_0031732,HAM_0004860,nv,1,6.985839e-05,9.946804e-06,7.99758e-05,1.595716e-05,0.00046656435,0.9993192,3.861716e-05
ISIC_0024754,HAM_0007042,nv,1,0.0007668396,2.5798334e-05,0.0016907493,5.3141925e-05,0.0018415747,0.995357,0.00026491564
ISIC_0025498,HAM_0003518,nv,1,9.724757e-05,1.389403e-05,0.000104077015,4.8970836e-05,0.00014470844,0.9995426,4.8447597e-05
ISIC_0025329,HAM_0001056,nv,1,3.118116e-05,4.5501427e-05,0.00021958037,0.0003071638,6.810591e-05,0.9993037,2.4811283e-05
ISIC_0030850,HAM_0005944,nv,1,2.7259759e-05,9.113059e-06,8.0434475e-05,5.698091e-05,0.00010444632,0.9996667,5.517388e-05
ISIC_0029954,HAM_0000736,nv,1,0.00017032318,1.6659667e-05,0.00017024002,6.57617e-05,0.0020278846,0.9974833,6.589026e-05
ISIC_0027445,HAM_0007399,nv,1,1.8880617e-05,9.493771e-06,0.00010618541,8.4782485e-05,0.00012714935,0.99957854,7.492996e-05
ISIC_0027395,HAM_0007130,nv,1,9.272779e-06,7.0819674e-06,6.0525188e-05,3.8247385e-05,0.0003885549,0.99946326,3.306805e-05
ISIC_0025215,HAM_0006495,nv,1,9.606287e-06,8.362404e-06,7.373693e-05,0.000106816165,0.00013756547,0.99964166,2.2291706e-05
ISIC_0029229,HAM_0006331,nv,1,6.4820015e-05,2.7661787e-05,0.00068406964,0.0001318382,0.00012728377,0.9986828,0.0002815653
ISIC_0030595,HAM_0002001,nv,1,4.6924783e-05,5.518302e-05,0.00036909198,0.0003249283,0.00030050954,0.99593425,0.0029690783
ISIC_0026310,HAM_0004385,nv,1,2.0455067e-05,1.9328681e-05,8.692172e-05,0.00014167467,3.703934e-05,0.9995951,9.9558965e-05
ISIC_0031968,HAM_0003485,nv,1,1.1208919e-05,1.13632195e-05,6.2487816e-05,0.0001564246,6.3564905e-05,0.9996369,5.804631e-05
ISIC_0031760,HAM_0004336,nv,1,1.8072158e-05,1.0520827e-05,0.00033607893,0.00010920213,0.00060257275,0.9987845,0.00013919508
ISIC_0029635,HAM_0005485,nv,1,9.392415e-05,2.8146118e-05,0.00037452788,3.3620763e-05,0.0005629884,0.99846256,0.00044434232
ISIC_0026758,HAM_0000615,nv,1,5.1115485e-06,8.088852e-06,9.994768e-05,6.825832e-05,0.00017726487,0.9995857,5.562927e-05
ISIC_0031786,HAM_0000255,nv,1,1.6180004e-05,8.952916e-06,0.00013116124,3.739985e-05,0.00018146694,0.99951565,0.00010917541
ISIC_0028629,HAM_0001003,nv,1,9.111746e-06,6.771275e-06,0.00014105183,3.2941083e-05,0.0001984178,0.9995227,8.902002e-05
ISIC_0028351,HAM_0002485,nv,1,0.00011547472,5.0299594e-05,0.000550563,0.00012280223,0.00010270535,0.99897134,8.690991e-05
ISIC_0031333,HAM_0004612,nv,1,2.6512325e-05,3.8349837e-05,0.0001546681,3.9760864e-05,0.00028385382,0.99920887,0.00024799758
ISIC_0031916,HAM_0000938,nv,1,0.00073549594,0.00010554514,0.066078044,0.00041621795,0.00021320705,0.93198895,0.00046251444
ISIC_0028754,HAM_0005385,nv,1,1.9894587e-05,1.0082086e-05,0.000113483635,3.9758772e-05,0.0005309285,0.99915624,0.00012960238
ISIC_0027176,HAM_0003388,nv,1,1.5656211e-05,5.6261774e-06,6.0457576e-05,2.2958317e-05,6.3778025e-05,0.9998103,2.123297e-05
ISIC_0027241,HAM_0000995,nv,1,1.4967671e-05,6.047486e-06,9.375328e-05,2.8766543e-05,7.2301424e-05,0.9997571,2.7102953e-05
ISIC_0032360,HAM_0001622,nv,1,2.1014901e-05,1.1425604e-05,0.00016150538,7.019567e-05,0.00035683127,0.99925274,0.00012624198
ISIC_0031566,HAM_0002422,nv,1,1.0692865e-05,1.5958112e-05,0.00037163662,7.594625e-05,3.1153064e-05,0.9993788,0.0001158042
ISIC_0027842,HAM_0000355,nv,1,7.8567e-06,6.987893e-06,4.0726314e-05,7.8195975e-05,8.456549e-05,0.99976236,1.9294193e-05
ISIC_0030496,HAM_0005808,nv,1,4.7168345e-05,0.0017673882,0.00024212769,0.0021718026,0.00037100774,0.995255,0.00014557278
ISIC_0027733,HAM_0006229,nv,1,2.005902e-05,1.1931091e-05,0.00018738699,8.8331864e-05,2.7605496e-05,0.9995747,8.9986126e-05
ISIC_0026833,HAM_0006070,nv,1,1.5899372e-05,6.9053417e-06,8.451541e-05,3.405573e-05,0.00023581719,0.99959725,2.555643e-05
ISIC_0032089,HAM_0002887,nv,1,3.0933854e-05,1.9095054e-05,0.00016788134,4.553904e-05,0.0005244854,0.9991535,5.85876e-05
ISIC_0027314,HAM_0006293,nv,1,0.00024078994,2.2168471e-05,0.00044988233,5.235493e-05,0.0011549311,0.9980063,7.36163e-05
ISIC_0027625,HAM_0002922,nv,1,1.4533712e-05,5.537965e-06,4.9359347e-05,5.5958782e-05,0.00021180585,0.99963224,3.0498632e-05
ISIC_0026873,HAM_0001866,nv,1,2.2118982e-05,5.964882e-06,0.00011381322,4.1243064e-05,3.281768e-05,0.99967563,0.000108396045
ISIC_0028172,HAM_0001731,nv,1,6.9952854e-05,6.233899e-05,0.021260759,0.0005554858,2.639599e-05,0.97749,0.00053511915
ISIC_0026969,HAM_0005148,nv,1,8.989778e-06,4.700414e-06,4.375508e-05,3.7977963e-05,0.00016004943,0.99971825,2.6293726e-05
ISIC_0027587,HAM_0003907,nv,1,2.6916985e-05,5.7477714e-06,0.0001404765,2.8126235e-05,6.860081e-05,0.9997079,2.2271424e-05
ISIC_0025426,HAM_0006677,nv,1,0.00010825811,1.0263164e-05,0.0003071588,6.3238964e-05,8.501426e-05,0.9993789,4.7087084e-05
ISIC_0028704,HAM_0006427,nv,1,0.000103541475,9.307239e-06,0.0003884785,4.8671296e-05,0.000107561005,0.9992667,7.575257e-05
ISIC_0024359,HAM_0001112,nv,1,1.8500226e-05,1.4281913e-05,4.975151e-05,4.7659025e-05,6.354001e-05,0.9997334,7.2777875e-05
ISIC_0028435,HAM_0001324,nv,1,7.470993e-05,7.355166e-05,0.00021324489,0.00045653785,0.00012245624,0.9981042,0.0009552306
ISIC_0026785,HAM_0007094,nv,1,1.2674041e-05,9.566868e-06,0.00035654838,6.287309e-05,5.929498e-05,0.9994361,6.2903804e-05
ISIC_0028073,HAM_0006753,nv,1,7.933103e-06,8.233027e-06,0.00014917593,6.0864008e-05,7.4955446e-05,0.99967444,2.4388e-05
ISIC_0027363,HAM_0001030,nv,1,1.6273552e-05,7.732256e-06,6.598607e-05,0.0001138746,0.0003464182,0.9994215,2.8173148e-05
ISIC_0030753,HAM_0005694,nv,1,2.7597216e-05,8.375679e-06,0.0005719004,3.223292e-05,4.5722827e-05,0.9992749,3.9300234e-05
ISIC_0026807,HAM_0000145,nv,1,3.3924785e-05,0.00015980439,0.0016591131,0.003390179,0.000272102,0.98993623,0.004548639
ISIC_0029670,HAM_0006016,nv,1,1.3255224e-05,2.0530093e-05,0.00018151442,0.00011212852,0.00013433138,0.99935013,0.00018819298
ISIC_0025455,HAM_0002504,nv,1,1.7597788e-05,1.0446727e-05,0.00020496748,0.00013735691,1.9940904e-05,0.9995284,8.121257e-05
ISIC_0031507,HAM_0003510,nv,1,2.5316596e-05,3.2443724e-05,0.0008161554,5.1240913e-05,0.0009711033,0.99798286,0.00012077872
ISIC_0031497,HAM_0004774,nv,1,1.075954e-05,8.185426e-06,4.9995124e-05,7.091875e-05,7.0143884e-05,0.9997353,5.4694836e-05
ISIC_0028005,HAM_0000117,nv,1,1.3890546e-05,8.812141e-06,5.4510645e-05,9.5342715e-05,0.0004925362,0.9992919,4.303733e-05
ISIC_0024655,HAM_0000013,nv,1,2.4832963e-05,6.079639e-06,0.000117119795,0.0005785989,5.3555934e-05,0.99920076,1.8984392e-05
ISIC_0028334,HAM_0002826,nv,1,2.9701678e-05,2.5109211e-05,0.00014548466,0.00016497653,4.654513e-05,0.99952126,6.6803164e-05
ISIC_0030020,HAM_0003986,nv,1,1.7737686e-05,6.5253303e-06,5.571352e-05,5.6563258e-05,0.00018241022,0.99963427,4.6641402e-05
ISIC_0031152,HAM_0007314,nv,1,1.825772e-05,1.2770863e-05,0.00028220259,0.00032299437,0.000107400054,0.9992341,2.2282617e-05
ISIC_0024991,HAM_0003267,nv,1,1.2144415e-05,5.082359e-06,6.860153e-05,1.5885777e-05,0.00011357519,0.99971825,6.6458415e-05
ISIC_0026684,HAM_0003056,nv,1,1.9546398e-05,8.357687e-06,6.687141e-05,5.546542e-05,0.00074139476,0.9990778,3.0481715e-05
ISIC_0030725,HAM_0000300,nv,1,9.7395005e-06,9.221173e-06,6.793644e-05,3.7628142e-05,7.686939e-05,0.99974173,5.684623e-05
ISIC_0032392,HAM_0000157,nv,1,2.8847746e-05,7.764265e-06,0.00012515602,5.659156e-05,9.4081435e-05,0.9996463,4.1282154e-05
ISIC_0031744,HAM_0006667,nv,1,3.2454864e-05,1.2402973e-05,7.892691e-05,0.00015819598,0.00037663116,0.99930096,4.0390736e-05
ISIC_0025139,HAM_0007584,nv,1,7.056802e-06,5.17296e-06,6.356812e-05,5.251359e-05,2.0359797e-05,0.99980956,4.1816405e-05
ISIC_0027628,HAM_0004002,nv,1,0.00020284776,2.4488363e-05,0.0007476233,5.0443523e-05,0.00055694446,0.997924,0.0004936665
ISIC_0026003,HAM_0000951,nv,1,0.00022172267,0.00068965607,0.0008098407,0.008917432,0.00030873466,0.9883292,0.00072345947
ISIC_0031361,HAM_0000345,nv,1,2.3452072e-05,1.888111e-05,0.000115802104,0.00011676734,4.3857053e-05,0.99960464,7.667144e-05
ISIC_0031195,HAM_0007277,nv,1,2.0977372e-05,1.4502248e-05,0.00011992333,0.00032782106,2.6647684e-05,0.9994184,7.162697e-05
ISIC_0031658,HAM_0001033,nv,1,1.0906542e-05,1.1701012e-05,0.00012889103,4.6278397e-05,2.9879582e-05,0.99963355,0.00013883381
ISIC_0026274,HAM_0001901,nv,1,1.3789462e-05,3.836682e-06,5.3457414e-05,2.586294e-05,5.4325763e-05,0.9998005,4.8224054e-05
ISIC_0025682,HAM_0004812,nv,1,3.955724e-05,2.133953e-05,0.00027525282,9.667003e-05,0.0015011386,0.99700826,0.0010577312
ISIC_0026431,HAM_0003730,nv,1,1.9518555e-05,7.643575e-06,4.864025e-05,3.8402526e-05,0.00024011816,0.999605,4.0719904e-05
ISIC_0025745,HAM_0005444,nv,1,6.5378103e-06,1.0970178e-05,8.445308e-05,0.00012292352,5.4102675e-05,0.9995919,0.0001291061
ISIC_0029350,HAM_0000151,nv,1,1.464661e-05,1.7771008e-05,0.00022846914,7.8103665e-05,4.0440584e-05,0.9995578,6.281938e-05
ISIC_0031456,HAM_0006055,nv,1,2.4718756e-05,5.5154997e-06,0.00020935616,4.1234736e-05,0.00023077634,0.99947375,1.467401e-05
ISIC_0030738,HAM_0004560,nv,1,6.682266e-05,3.504155e-05,0.00043224197,7.935388e-05,0.00037101595,0.99883705,0.00017856495
ISIC_0029236,HAM_0000503,nv,1,2.6380018e-05,9.838259e-06,0.00010332105,1.6637669e-05,0.001625711,0.99811363,0.00010448793
ISIC_0026517,HAM_0003532,nv,1,2.1472808e-05,1.4192659e-05,7.762921e-05,4.363117e-05,0.004390068,0.99542797,2.4908895e-05
ISIC_0031426,HAM_0006612,nv,1,4.591975e-06,6.501068e-06,2.8433058e-05,3.8636335e-05,8.859072e-05,0.9998154,1.7792954e-05
ISIC_0029294,HAM_0003564,nv,1,1.4086409e-05,1.1885137e-05,7.626203e-05,0.00012907846,8.441437e-05,0.99962175,6.248688e-05
ISIC_0027782,HAM_0006043,nv,1,1.97482e-05,6.411301e-06,9.5790536e-05,3.6004654e-05,0.00017438839,0.99958307,8.461744e-05
ISIC_0030905,HAM_0004280,nv,1,4.413958e-05,2.0687803e-05,0.0042710816,5.355537e-05,0.0020795271,0.9933528,0.00017819254
ISIC_0025360,HAM_0002006,nv,1,1.2359607e-05,6.5385466e-06,4.197566e-05,5.1630945e-05,0.00014395658,0.9997044,3.904928e-05
ISIC_0025194,HAM_0005512,nv,1,6.368674e-05,1.1723479e-05,0.0001577802,3.41557e-05,5.4687363e-05,0.9995987,7.925942e-05
ISIC_0028566,HAM_0004417,nv,1,1.4197881e-05,6.9465764e-06,6.740438e-05,3.162266e-05,0.00014522554,0.9996916,4.3054544e-05
ISIC_0030777,HAM_0001224,nv,1,5.0804258e-05,1.0281272e-05,0.0001427975,5.0507453e-05,0.0001746604,0.9991887,0.00038223917
ISIC_0028732,HAM_0002780,nv,1,2.1515772e-05,1.0692767e-05,0.00018796706,8.447554e-05,3.3651308e-05,0.9993697,0.00029198322
ISIC_0029657,HAM_0006694,nv,1,1.0508808e-05,3.865974e-06,0.00018383344,3.754917e-05,0.00013883255,0.9995939,3.1619573e-05
ISIC_0029049,HAM_0003246,nv,1,0.00018280554,0.0049359025,0.11512058,0.00040478044,0.043017417,0.8358106,0.00052793324
ISIC_0029018,HAM_0003246,nv,1,0.00020444574,0.0019227534,0.0038219853,0.00035325057,0.030640204,0.96254283,0.0005144787
ISIC_0026934,HAM_0002729,nv,1,1.2419918e-05,1.5426676e-05,0.00021839846,0.00013769804,0.00087240577,0.9987136,2.99982e-05
ISIC_0026346,HAM_0002729,nv,1,1.6030583e-05,4.4696222e-05,0.00042833207,0.00029615418,0.0010935172,0.99805224,6.902435e-05
ISIC_0030980,HAM_0003303,nv,1,0.0021446624,0.0032990885,0.38846415,0.0110630095,0.0043450478,0.5842938,0.006390285
ISIC_0024597,HAM_0003303,nv,1,0.0065988423,0.22745064,0.18563978,0.009667116,0.01690017,0.5329863,0.02075714
ISIC_0027898,HAM_0007202,nv,1,8.193013e-05,0.00042139142,0.0019869248,0.00042635866,0.00027743686,0.996612,0.00019387137
ISIC_0026726,HAM_0007202,nv,1,5.979044e-05,0.00010534619,0.00054176117,0.0002060565,0.00023077233,0.99799347,0.0008628832
ISIC_0027305,HAM_0004997,nv,1,7.118777e-05,6.221247e-05,0.0008774674,0.00027881697,0.20091428,0.7977415,5.4581556e-05
ISIC_0027718,HAM_0004997,nv,1,7.409091e-05,0.00093502307,0.00030980931,0.00027233982,0.025767142,0.9725869,5.463121e-05
ISIC_0028293,HAM_0000476,nv,1,3.5895024e-05,0.0022045407,0.00061728153,0.000195187,0.003262876,0.9936242,5.98785e-05
ISIC_0029093,HAM_0000476,nv,1,5.324399e-05,0.0003528342,0.0012818215,0.00058514386,0.00036814567,0.99726874,9.004195e-05
ISIC_0031404,HAM_0006150,nv,1,0.00041086104,0.97455806,0.002018383,0.0003473338,0.0018923954,0.011246647,0.009526282
ISIC_0026569,HAM_0006150,nv,1,0.00021171488,0.9995384,5.0722876e-05,2.8844632e-05,3.8928574e-05,6.0588878e-05,7.083557e-05
ISIC_0029045,HAM_0000068,nv,1,6.641661e-05,0.0006514172,0.006395372,0.00018663415,0.012279343,0.9802437,0.00017704711
ISIC_0031160,HAM_0000068,nv,1,0.00011649535,0.0001993298,0.00027755398,8.4401545e-05,0.8561451,0.14307621,0.00010101543
ISIC_0026666,HAM_0000900,nv,1,0.00022476395,3.7233134e-05,0.0053506456,0.0006599731,0.0024907126,0.99118084,5.5784498e-05
ISIC_0026552,HAM_0000900,nv,1,0.00034674112,7.9746416e-05,0.00074999215,0.00020725085,0.574735,0.423783,9.828153e-05
ISIC_0029719,HAM_0003692,nv,1,0.0005571948,0.0027106565,0.0016193975,7.6895405e-05,0.92086726,0.073982716,0.00018590924
ISIC_0027684,HAM_0003692,nv,1,0.00016581922,0.0003544842,0.0019037331,0.00027338968,0.4500654,0.54714036,9.6721495e-05
ISIC_0027679,HAM_0005937,nv,1,8.860522e-05,0.0003217393,0.000339327,0.00010666976,0.004105687,0.99486536,0.0001726356
ISIC_0027537,HAM_0000464,nv,1,6.77759e-05,4.7407713e-05,0.008586991,0.0003509831,0.019388916,0.97142494,0.00013295822
ISIC_0027002,HAM_0000464,nv,1,5.0926457e-05,2.8623004e-05,0.0007946814,0.00016730788,0.0051241033,0.9937976,3.6752663e-05
ISIC_0026223,HAM_0000464,nv,1,0.00015431053,9.618859e-05,0.0057174126,0.00010835918,0.87976,0.11405496,0.00010878327
ISIC_0031515,HAM_0003933,nv,1,0.00026234987,0.36015448,0.040764928,0.0007343427,0.062219825,0.53540176,0.00046224045
ISIC_0029854,HAM_0003933,nv,1,0.00035254355,0.031242952,0.10324516,0.00031725483,0.010956603,0.85272276,0.0011627387
ISIC_0025428,HAM_0005339,nv,1,0.0054699727,0.002930726,0.026924146,0.0015219261,0.6163919,0.3464405,0.00032088775
ISIC_0031618,HAM_0005339,nv,1,0.0001554866,0.00025139572,0.001102326,0.00033239537,0.012969914,0.98506784,0.00012062099
ISIC_0027738,HAM_0006389,nv,1,0.0012005434,0.019143043,0.40625986,0.0011613361,0.1968385,0.372805,0.002591678
ISIC_0031518,HAM_0006389,nv,1,0.0020027338,0.0120632965,0.119390994,0.0009460245,0.044309225,0.81429744,0.0069902283
ISIC_0031817,HAM_0004461,nv,1,5.5188113e-05,7.905333e-05,0.12887612,0.00042610805,0.006803557,0.86367404,8.581157e-05
ISIC_0032421,HAM_0004461,nv,1,2.7875174e-05,3.4287044e-05,0.0015802432,7.83307e-05,0.03228713,0.9659443,4.7882593e-05
ISIC_0028636,HAM_0002097,nv,1,0.00012989312,0.00018139851,0.015981898,0.0002311077,0.0021424182,0.9810704,0.0002629043
ISIC_0025687,HAM_0002097,nv,1,9.444324e-05,0.00011325474,0.002130709,0.00016968379,0.061482914,0.935813,0.00019606923
ISIC_0027812,HAM_0004546,nv,1,2.6773196e-05,0.0014919629,0.002173047,0.0005012418,0.0040996266,0.9914586,0.00024886074
ISIC_0026561,HAM_0004546,nv,1,6.72333e-05,0.008918329,0.00022878393,0.0009650995,0.01068427,0.978823,0.0003133219
ISIC_0027907,HAM_0007606,nv,1,9.607507e-05,3.7992755e-05,0.0071001,0.00013055185,0.0026870104,0.98990494,4.3304426e-05
ISIC_0025870,HAM_0007606,nv,1,3.8891474e-05,5.5168075e-05,0.0019889167,0.00010939386,0.019450322,0.9783156,4.172446e-05
ISIC_0031380,HAM_0007295,nv,1,0.0025802252,0.003714093,0.10468981,0.0024144473,0.19368556,0.5954295,0.09748637
ISIC_0029254,HAM_0006747,nv,1,0.0027223872,0.00086906564,0.8402394,0.0010637621,0.00037781734,0.1545206,0.00020702682
ISIC_0029223,HAM_0006747,nv,1,0.0039420263,0.0011416072,0.6463262,0.0018367965,0.00034445047,0.3459535,0.0004554323
ISIC_0029976,HAM_0002323,nv,1,3.94694e-05,0.00020985655,0.0010444885,5.4053748e-05,0.94369376,0.05492956,2.8876431e-05
ISIC_0031001,HAM_0002323,nv,1,0.00022998132,0.009865383,0.14539608,0.0009348087,0.6440284,0.19912142,0.00042382738
ISIC_0031674,HAM_0006837,nv,1,0.0008491469,0.02840104,0.07562105,0.010105092,0.28847313,0.5827318,0.01381877
ISIC_0025834,HAM_0006837,nv,1,0.00204587,0.022607664,0.0045969523,0.0017879282,0.10042165,0.8465877,0.02195226
ISIC_0027548,HAM_0004761,nv,1,3.7158417e-05,1.9967312e-05,0.000542319,8.132012e-05,0.00031976777,0.9988991,0.00010031893
ISIC_0026826,HAM_0004761,nv,1,8.0783066e-05,7.953064e-05,0.0034941912,0.00023953068,0.21713005,0.77886695,0.00010891803
ISIC_0025909,HAM_0006856,nv,1,2.6846747e-05,0.00014260327,0.0005392313,7.529356e-05,0.8487099,0.15039252,0.00011369324
ISIC_0028831,HAM_0006856,nv,1,4.48489e-05,0.0003119217,0.00040208298,0.000108430744,0.90474504,0.09424845,0.00013922782
ISIC_0030053,HAM_0000261,nv,1,0.000118618664,0.00045382458,0.014580457,0.0017210994,0.5402255,0.44264492,0.00025556888
ISIC_0026743,HAM_0000261,nv,1,7.6566015e-05,0.00011471492,0.0022496376,0.00082195725,0.09570374,0.9009456,8.778336e-05
ISIC_0025555,HAM_0003951,nv,1,6.585215e-05,2.112999e-05,0.008039319,0.0002119515,0.0005091284,0.9910822,7.037361e-05
ISIC_0032242,HAM_0003951,nv,1,0.0001641761,0.00015881445,0.08947557,0.0010086513,0.031470284,0.8775805,0.00014208257
ISIC_0024317,HAM_0003951,nv,1,5.8269037e-05,1.3813104e-05,0.00060421973,8.911035e-05,0.01321224,0.9859875,3.479403e-05
ISIC_0033745,HAM_0005686,nv,1,0.0012358476,0.31383473,0.56056464,0.0011978246,0.04206015,0.07388999,0.007216756
ISIC_0033112,HAM_0005686,nv,1,0.0013746961,0.38116518,0.437008,0.001878987,0.07747621,0.09053466,0.010562345
ISIC_0033356,HAM_0005213,nv,1,5.476224e-05,4.6294917e-05,0.0025300863,0.00014541087,0.0010972468,0.99609166,3.4470715e-05
ISIC_0033998,HAM_0005213,nv,1,0.00018579517,0.00017183243,0.16694607,0.0005870063,0.0005170204,0.8314237,0.00016850891
ISIC_0030303,HAM_0005143,nv,1,0.002784787,0.0014496751,0.26438177,0.005509889,0.0013381143,0.7243007,0.00023504072
ISIC_0028977,HAM_0006159,bkl,1,0.001359734,0.00029651422,0.9764752,0.00020984981,0.002226346,0.01930031,0.00013209236
ISIC_0026494,HAM_0003156,nv,1,0.00015275841,0.00057481776,0.0013555507,0.00027499374,0.6260697,0.37093404,0.000638132
ISIC_0032181,HAM_0003369,nv,1,0.00012816247,2.9132474e-05,0.00035681753,6.350702e-05,0.099760264,0.8996347,2.7420932e-05
ISIC_0026432,HAM_0006268,nv,1,0.0015485808,0.0011045613,0.01293607,0.0019085108,0.31660387,0.65857154,0.007326795
ISIC_0032007,HAM_0007477,nv,1,0.00026133168,5.53697e-05,0.00013360556,0.00024718235,0.50741243,0.49180096,8.917449e-05
ISIC_0033363,HAM_0002363,nv,1,0.00013700251,0.0004474627,0.002352564,5.7111145e-05,0.07840232,0.91854507,5.8465503e-05
ISIC_0033058,HAM_0002363,nv,1,0.00014840515,0.00022452981,0.005392258,6.1503044e-05,0.053877987,0.9402041,9.125136e-05
ISIC_0032924,HAM_0002363,nv,1,0.00013026079,0.0006166033,0.1258172,0.00016956059,0.3433452,0.5297102,0.00021102154
ISIC_0030845,HAM_0000093,nv,1,0.00011436991,9.936631e-05,0.00057798927,0.00015360126,0.24700715,0.75197154,7.603814e-05
ISIC_0033348,HAM_0001615,nv,1,2.464483e-05,1.047612e-05,0.00010778657,8.694792e-05,0.0052086855,0.9945403,2.124517e-05
ISIC_0033048,HAM_0001615,nv,1,4.0279752e-05,2.9584637e-05,0.0004658422,0.00035378893,0.0397506,0.9593142,4.564294e-05
ISIC_0033870,HAM_0001615,nv,1,5.940924e-05,7.158059e-06,5.181766e-05,7.2293835e-05,0.0013208255,0.9984326,5.597356e-05
ISIC_0029953,HAM_0002793,nv,1,0.00017236396,4.9965212e-05,0.0046632127,0.00010454403,0.00064985984,0.99427044,8.959607e-05
ISIC_0034290,HAM_0002009,nv,1,0.00040785785,0.002061184,0.0906912,0.0006750758,0.0103753265,0.84381145,0.051977955
ISIC_0033165,HAM_0002009,nv,1,0.00023551521,0.0008966714,0.056957275,0.0005649716,0.014443305,0.9103105,0.016591705
ISIC_0033430,HAM_0002009,nv,1,0.00016724526,0.001306524,0.019217988,0.00046631065,0.0035415434,0.96662974,0.0086706905
ISIC_0027087,HAM_0005523,nv,1,0.0012983818,5.4567612e-05,0.0025789905,0.00018971713,0.04080778,0.9545275,0.0005430992
ISIC_0033227,HAM_0006634,nv,1,0.00025487778,0.00013789967,0.023556367,0.00017296494,0.036699217,0.9391197,5.8963407e-05
ISIC_0033365,HAM_0006634,nv,1,0.0003929747,0.00011787723,0.014588708,0.00013124496,0.016370518,0.9683177,8.101575e-05
ISIC_0030546,HAM_0006810,nv,1,0.00055122597,0.004685752,0.004004513,0.00013468858,0.027162861,0.9631508,0.000310117
ISIC_0033989,HAM_0007444,nv,1,4.1127947e-05,1.0000403e-05,0.00067126786,4.7153422e-05,0.013944769,0.9852712,1.4522108e-05
ISIC_0032977,HAM_0007444,nv,1,4.2216216e-05,3.052621e-05,0.00066787156,0.00016631742,0.16064385,0.838432,1.722428e-05
ISIC_0033664,HAM_0007444,nv,1,3.9366118e-05,1.4481985e-05,0.00023032862,4.4957516e-05,0.02664838,0.9730005,2.1910544e-05
ISIC_0027072,HAM_0004128,nv,1,7.4911324e-05,0.016689833,0.0022886982,0.00023806767,0.0008560597,0.9795226,0.00032987932
ISIC_0030378,HAM_0004128,nv,1,0.00026848362,0.14775886,0.006334719,0.00093893206,0.007276102,0.8371109,0.00031205534
ISIC_0029662,HAM_0005298,nv,1,0.00019976667,2.6331945e-05,0.0015651607,8.4010266e-05,0.011486272,0.9866127,2.5873123e-05
ISIC_0030582,HAM_0005298,nv,1,9.135932e-05,3.4205226e-05,0.0035370567,0.00015151122,0.02493868,0.97119707,5.006078e-05
ISIC_0025541,HAM_0005880,nv,1,0.00011317512,0.0019415106,0.0010187423,0.00013758596,0.0005932849,0.9954674,0.000728329
ISIC_0025117,HAM_0005880,nv,1,0.00016589985,0.010016312,0.0006447136,0.00048903737,0.0021165165,0.9815922,0.0049754106
ISIC_0033388,HAM_0002501,nv,1,0.0004284253,0.00029676151,0.021049827,0.00023066714,0.029976325,0.9472215,0.00079650513
ISIC_0033009,HAM_0002501,nv,1,0.00018509687,0.00032358864,0.001681057,0.00017696596,0.5873518,0.41003764,0.00024378092
ISIC_0032928,HAM_0002501,nv,1,0.00014468787,0.00032131773,0.0058762874,0.00012207762,0.071239136,0.9220406,0.00025592677
ISIC_0034281,HAM_0004296,nv,1,0.00057086966,0.04706431,0.089312375,0.00051876856,0.008362287,0.8540183,0.00015304849
ISIC_0034152,HAM_0004296,nv,1,0.001085308,0.10898812,0.009547137,0.00045330817,0.066493094,0.8132223,0.00021080789
ISIC_0033739,HAM_0004296,nv,1,0.0010718554,0.36342138,0.006105178,0.00087653316,0.08358269,0.5444956,0.0004468158
ISIC_0034020,HAM_0002206,nv,1,0.00034035317,0.00028024043,0.010807457,0.00075106166,0.0005114298,0.987212,9.751282e-05
ISIC_0033727,HAM_0002206,nv,1,0.0001331475,0.00012075955,0.018709188,0.00047691417,6.0131617e-05,0.98043776,6.216169e-05
ISIC_0033296,HAM_0005539,nv,1,7.266813e-05,2.0258192e-05,0.00028295218,0.00014536711,0.009462044,0.9899742,4.2386942e-05
ISIC_0033838,HAM_0005539,nv,1,6.6818735e-05,3.966619e-05,0.0009967482,0.00022188936,0.03529564,0.96333396,4.5388773e-05
ISIC_0033409,HAM_0005539,nv,1,0.00010753093,4.04175e-05,0.0007407848,0.00024303565,0.08746119,0.91136646,4.057569e-05
ISIC_0032585,HAM_0002721,nv,1,7.9190955e-05,7.54171e-05,0.0014181607,8.5960964e-05,0.005944499,0.99193114,0.00046560916
ISIC_0032899,HAM_0002721,nv,1,9.251552e-05,0.00016589594,0.00093986467,0.00015164117,0.043380577,0.9550929,0.00017659532
ISIC_0034157,HAM_0002721,nv,1,9.523088e-05,0.00014520975,0.00054587936,0.0001093962,0.023166092,0.9754744,0.00046373444
ISIC_0032568,HAM_0007005,nv,1,5.7176025e-05,0.00016920238,0.0004035241,0.00010988726,0.0029642426,0.9962561,3.9837414e-05
ISIC_0033126,HAM_0007005,nv,1,4.4387933e-05,7.4335796e-05,0.00045035224,9.233188e-05,0.0023102616,0.9969928,3.5527653e-05
ISIC_0034099,HAM_0007005,nv,1,0.0001072442,4.0191808e-05,0.0035968141,0.00014431286,0.0006968914,0.99535096,6.3602165e-05
ISIC_0033648,HAM_0005571,nv,1,0.00031502324,0.0017536302,0.019019734,0.00090005074,0.006287374,0.9707746,0.00094971526
ISIC_0032825,HAM_0005571,nv,1,3.3437478e-05,0.00045421204,0.0011580319,0.00021071314,0.002914492,0.9949608,0.00026819346
ISIC_0032803,HAM_0005571,nv,1,0.00077773014,0.010214616,0.023347264,0.0014729928,0.021309888,0.9403767,0.002500756
ISIC_0034319,HAM_0000747,nv,1,4.937291e-05,3.2506272e-05,0.00025332056,8.349548e-05,0.7062759,0.29327175,3.3669396e-05
ISIC_0033748,HAM_0000747,nv,1,5.781868e-05,1.8936684e-05,0.00015571612,5.3421343e-05,0.08149431,0.9181936,2.6239682e-05
ISIC_0034044,HAM_0000747,nv,1,9.4881994e-05,2.0761549e-05,0.00063206756,0.000105745195,0.48395312,0.51516545,2.7992339e-05
ISIC_0032999,HAM_0007259,nv,1,3.501006e-05,0.00045180588,0.0003228911,7.3683295e-05,0.0049969,0.99404895,7.0722264e-05
ISIC_0032669,HAM_0007259,nv,1,3.172356e-05,0.00020098916,0.0023148465,4.8278267e-05,0.00035186534,0.9970222,3.0152816e-05
ISIC_0033236,HAM_0007259,nv,1,0.0003533187,0.0021287045,0.53479356,0.00023171204,0.0031529416,0.4592235,0.0001162848
ISIC_0033906,HAM_0005433,nv,1,0.00048586354,0.00010517803,0.003103159,0.0001744283,0.13198191,0.8639985,0.00015095512
ISIC_0033298,HAM_0005433,nv,1,0.00020886144,2.1294909e-05,0.002034567,8.389464e-05,0.13491149,0.86271787,2.1928012e-05
ISIC_0034210,HAM_0005433,nv,1,0.00026343067,4.6226625e-05,0.0015848165,0.000107690255,0.12019096,0.8777512,5.5759956e-05
ISIC_0034111,HAM_0002641,nv,1,0.00019211665,0.00013385733,0.05626288,0.0004978263,0.00035578042,0.9423666,0.00019099427
ISIC_0032676,HAM_0002641,nv,1,0.0001809327,9.875642e-05,0.007129193,0.00021824648,0.0002380639,0.9920216,0.0001132248
ISIC_0034077,HAM_0002641,nv,1,4.2305266e-05,3.086065e-05,0.00057355006,4.1003674e-05,0.0005523863,0.9987379,2.2141436e-05
ISIC_0033085,HAM_0003181,nv,1,0.0005197569,0.00022094032,0.026710562,0.00084695074,0.1281778,0.84237987,0.0011441575
ISIC_0033976,HAM_0003181,nv,1,0.0009889572,0.0004881372,0.04032226,0.0009191129,0.797338,0.15947762,0.0004657837
ISIC_0034030,HAM_0003181,nv,1,0.0002828038,0.0002672308,0.01777198,0.00062498153,0.68270344,0.2970883,0.0012612651
ISIC_0033318,HAM_0001808,nv,1,0.00011999264,1.7388164e-05,0.00010893492,4.662411e-05,0.015901187,0.9837716,3.4244436e-05
ISIC_0032615,HAM_0001808,nv,1,6.955272e-05,6.7074434e-06,0.00019095131,1.9070445e-05,0.001820258,0.99786586,2.772025e-05
ISIC_0033862,HAM_0001808,nv,1,5.3866293e-05,9.657694e-06,6.5102184e-05,2.8552351e-05,0.004590836,0.9952245,2.7458529e-05
ISIC_0034215,HAM_0004088,nv,1,0.00040773774,0.00041659252,0.1771661,0.00083336176,0.3214335,0.4988193,0.0009233487
ISIC_0033743,HAM_0001026,nv,1,0.0008815998,0.00070769386,0.14300078,0.0010603014,0.003867075,0.8490347,0.0014478456
ISIC_0032786,HAM_0002139,nv,1,0.00079390965,0.00023814222,0.0018223865,0.0002957945,0.9798293,0.016826,0.00019436602
ISIC_0033788,HAM_0002139,nv,1,0.0020884625,0.0008604579,0.009544445,0.0006571639,0.9399279,0.04327946,0.003642173
ISIC_0033671,HAM_0007562,nv,1,0.0005189649,0.0005967419,0.1167572,0.0005622319,0.0033809794,0.87802464,0.00015920546
ISIC_0033711,HAM_0007562,nv,1,0.00020727015,7.017662e-05,0.021454109,0.00014455664,0.0012837098,0.97679377,4.6474597e-05
ISIC_0033867,HAM_0004872,nv,1,0.00013884646,0.0008115888,0.0018668384,0.000255877,0.10988579,0.88481545,0.0022256023
ISIC_0033202,HAM_0004872,nv,1,0.00015628785,0.0010954988,0.003197134,0.00020583814,0.025499804,0.96532017,0.004525223
ISIC_0033384,HAM_0003002,nv,1,4.4493554e-05,2.2903321e-05,0.0006956566,4.9057868e-05,0.0036969604,0.9954691,2.1940037e-05
ISIC_0032830,HAM_0003002,nv,1,0.0008340086,6.4406115e-05,0.030976674,0.00014858335,0.009766299,0.95802623,0.00018383465
ISIC_0025769,HAM_0001943,nv,1,0.00010724687,0.000102535756,0.0032242436,0.0002889762,0.0076072128,0.98859465,7.516342e-05
ISIC_0032909,HAM_0001943,nv,1,0.00077531417,0.00024182862,0.6825164,0.0004178424,0.0019519969,0.31370178,0.00039483327
ISIC_0033134,HAM_0001943,nv,1,0.0008525558,0.0007407133,0.56375736,0.001214095,0.007214576,0.42554638,0.00067442714
ISIC_0034301,HAM_0001943,nv,1,0.00010846624,9.232419e-05,0.007837792,0.00019679098,0.00061766175,0.9910856,6.1381164e-05
ISIC_0033914,HAM_0003801,nv,1,0.00010230097,1.6618831e-05,0.0003560209,0.00012172292,0.033065293,0.9663095,2.8547005e-05
ISIC_0033978,HAM_0003801,nv,1,7.2349496e-05,2.0728477e-05,0.0036891417,0.0002797923,0.057258796,0.9386628,1.6429634e-05
ISIC_0033718,HAM_0003801,nv,1,4.5885085e-05,9.213514e-06,0.0009989517,0.0001040113,0.009603569,0.9892039,3.4500845e-05
ISIC_0032621,HAM_0005760,nv,1,7.871901e-05,0.03823213,0.0037350596,0.00069141225,0.019795867,0.9371984,0.0002683916
ISIC_0033328,HAM_0005760,nv,1,4.2369167e-05,0.00037855533,0.000863631,9.5667056e-05,0.010928784,0.9876281,6.286265e-05
ISIC_0033142,HAM_0003447,nv,1,0.053679436,0.00044315087,0.01001002,0.000499222,0.013962153,0.920417,0.0009889508
ISIC_0032703,HAM_0003447,nv,1,0.11216674,0.00048796405,0.025923314,0.00066566636,0.025583794,0.8336768,0.001495714
ISIC_0033168,HAM_0003447,nv,1,0.04242923,0.00038395086,0.009471864,0.00022221371,0.02578494,0.92146283,0.00024500923
ISIC_0033787,HAM_0006418,nv,1,0.000695333,0.07141239,0.0036468438,0.0011967437,0.5220322,0.39098406,0.010032452
ISIC_0033599,HAM_0006418,nv,1,0.00035932794,0.057046287,0.003593816,0.0010176498,0.6586235,0.1649078,0.1144516
ISIC_0033062,HAM_0002759,nv,1,0.00014645261,1.7457141e-05,0.0007305207,0.00015681413,0.0014856334,0.9973667,9.6421885e-05
ISIC_0034261,HAM_0002759,nv,1,3.5541216e-05,1.02525755e-05,0.00013771484,0.00011534632,0.0013297728,0.9983479,2.3514262e-05
ISIC_0033435,HAM_0006637,nv,1,3.342346e-05,2.8700495e-05,0.005068207,0.00010969838,0.00017140407,0.9945437,4.4888424e-05
ISIC_0034016,HAM_0006637,nv,1,6.5087326e-05,3.135147e-05,0.010343248,0.00013552122,0.00014258089,0.9891844,9.7898665e-05
ISIC_0033880,HAM_0004149,nv,1,1.9921436e-05,6.16627e-05,0.000109925655,6.596089e-05,0.0010439645,0.9985525,0.0001460551
ISIC_0033994,HAM_0004149,nv,1,3.619672e-05,8.6239874e-05,0.0009716616,9.75319e-05,0.0004740127,0.9980692,0.0002651192
ISIC_0032755,HAM_0004149,nv,1,1.29676955e-05,4.6244644e-05,5.307155e-05,5.4916876e-05,0.00088027533,0.99890447,4.8133803e-05
ISIC_0033021,HAM_0002325,nv,1,4.0635692e-05,7.9007e-06,8.156695e-05,4.9933966e-05,0.00030573332,0.9994879,2.6339061e-05
ISIC_0033835,HAM_0002325,nv,1,2.3952594e-05,8.269715e-06,9.173006e-05,6.584524e-05,0.0015334209,0.99826294,1.3930552e-05
ISIC_0033781,HAM_0001211,nv,1,0.00012933569,0.00014039257,0.0004128382,4.4004257e-05,0.0088917585,0.99030745,7.4271244e-05
ISIC_0034069,HAM_0003441,nv,1,0.00025829754,0.0004035907,0.018903095,0.00012177305,0.03679424,0.94339204,0.00012687148
ISIC_0032673,HAM_0003441,nv,1,0.0014018037,0.0007733939,0.39287913,0.0002657163,0.061019734,0.5433321,0.00032811583
ISIC_0033684,HAM_0003441,nv,1,0.00084462744,0.00034360116,0.1307298,0.0001724364,0.12845188,0.73918957,0.00026812003
ISIC_0034124,HAM_0004599,nv,1,0.000661968,0.00055093865,0.38932523,0.00028862816,0.16843072,0.4403025,0.0004401054
ISIC_0033861,HAM_0004599,nv,1,0.00033159193,0.00034078403,0.034896962,0.00015663294,0.8638371,0.10019189,0.00024497858
ISIC_0033407,HAM_0001994,nv,1,6.0454924e-05,9.510894e-05,0.0012648775,0.00015168711,0.43997633,0.55835897,9.254354e-05
ISIC_0033734,HAM_0001994,nv,1,5.720418e-05,4.9024984e-05,0.00033274255,9.3488445e-05,0.1649543,0.8344412,7.203093e-05
ISIC_0033923,HAM_0001994,nv,1,3.0022353e-05,1.938389e-05,0.0002834221,6.905823e-05,0.006834076,0.9927084,5.5598328e-05
ISIC_0025970,HAM_0003033,nv,1,0.00013381412,2.81038e-05,0.00075940526,0.00035049353,0.36248863,0.6361874,5.209621e-05
ISIC_0034108,HAM_0005997,nv,1,0.0009569684,0.01879431,0.52256507,0.0008042758,0.21404181,0.24254112,0.00029645496
ISIC_0033740,HAM_0005997,nv,1,0.003224967,0.13606194,0.18309134,0.0007224037,0.5308281,0.14568831,0.00038291712
ISIC_0033993,HAM_0001948,nv,1,0.00012757251,3.2129632e-05,0.00023100396,7.455787e-05,0.0014671363,0.99802005,4.748452e-05
ISIC_0032926,HAM_0001948,nv,1,0.0011324277,0.00015102883,0.00068217295,0.00021465524,0.010312411,0.987199,0.0003083816
ISIC_0033049,HAM_0001948,nv,1,0.0004504181,6.4746455e-05,0.00037186313,0.00011198114,0.0032598104,0.9956031,0.00013800844
ISIC_0030537,HAM_0003997,nv,1,7.545546e-05,9.317505e-05,0.0004884408,7.985266e-05,0.13696064,0.8622431,5.934146e-05
ISIC_0030023,HAM_0001706,nv,1,0.00043467866,5.8884834e-05,0.005714596,8.926408e-05,0.016487358,0.9771353,7.985968e-05
ISIC_0025972,HAM_0007164,nv,1,0.00023691215,0.0002287279,0.032709595,0.0003206736,0.23062511,0.73579365,8.530261e-05
ISIC_0031867,HAM_0001012,nv,1,0.0012163912,0.00037461892,0.0006322892,0.0052997502,0.7811226,0.21105914,0.0002951926
ISIC_0025267,HAM_0000626,nv,1,5.5223096e-05,2.6085543e-05,0.00028793895,9.176158e-05,0.035393085,0.96410877,3.7147514e-05
ISIC_0029581,HAM_0000626,nv,1,7.5381875e-05,3.075592e-05,0.00038282076,0.00011206188,0.10887519,0.8904837,4.0035015e-05
ISIC_0029814,HAM_0004485,nv,1,9.03957e-05,1.696827e-05,0.00027966464,0.00010343695,0.07803704,0.92143625,3.6345264e-05
ISIC_0031481,HAM_0004485,nv,1,9.313655e-05,1.4997669e-05,0.00026248646,8.605314e-05,0.10153992,0.8979725,3.083338e-05
ISIC_0025887,HAM_0006390,nv,1,0.00010606469,7.462583e-05,0.0004940434,0.0003048175,0.7279835,0.270967,6.99677e-05
ISIC_0030284,HAM_0003192,nv,1,2.8622655e-05,1.2001814e-05,0.000119626486,6.674491e-05,0.002078402,0.997675,1.9595347e-05
ISIC_0025620,HAM_0001818,nv,1,0.00076686393,0.0005229558,0.81191677,0.016549096,0.0030094024,0.16689529,0.0003396298
ISIC_0024668,HAM_0005007,nv,1,5.8259408e-05,0.00014504079,0.0016072636,0.00021331228,0.006264412,0.99161786,9.382845e-05
ISIC_0026210,HAM_0000448,nv,1,0.00011402205,0.00024494666,0.0015172408,0.00029201977,0.001363204,0.9931704,0.0032982193
ISIC_0025100,HAM_0000448,nv,1,8.551193e-05,0.00018496011,0.0023396062,0.00019612143,0.0015105632,0.9944886,0.0011946622
ISIC_0027909,HAM_0000139,nv,1,0.0001965039,2.5326573e-05,0.00019727298,0.00015866816,0.109633796,0.8897101,7.831666e-05
ISIC_0031654,HAM_0005428,nv,1,0.00021865273,2.6190963e-05,0.0065351175,0.00012349438,0.0174207,0.9755972,7.8651276e-05
ISIC_0024361,HAM_0005605,nv,1,0.0001033654,0.00022754152,0.00030499685,0.0005620718,0.098291434,0.9003473,0.00016325306
ISIC_0031703,HAM_0005327,nv,1,6.710104e-05,2.8246379e-05,0.004968569,6.936641e-05,0.008304551,0.98648435,7.783858e-05
ISIC_0031645,HAM_0001037,nv,1,9.139041e-05,5.414702e-05,0.0003464228,0.00020939912,0.95833534,0.040810842,0.00015245345
ISIC_0031726,HAM_0001037,nv,1,0.00014361598,4.726712e-05,0.00029932143,0.00025082618,0.91879183,0.080283135,0.00018404677
ISIC_0026424,HAM_0001919,nv,1,7.844023e-05,3.5702746e-05,0.00085690606,8.045739e-05,0.03348918,0.96540767,5.1643707e-05
ISIC_0029431,HAM_0000167,nv,1,3.8115846e-05,6.408187e-05,0.00041664383,0.00034305672,0.005951577,0.99311215,7.433627e-05
ISIC_0030717,HAM_0000431,nv,1,5.458236e-05,4.2260435e-05,0.00025711293,0.00015964505,0.075814046,0.92360413,6.8194706e-05
ISIC_0026067,HAM_0000431,nv,1,6.104306e-05,4.501033e-05,0.0002464323,0.00013307013,0.105520196,0.8939243,6.9986214e-05
ISIC_0029572,HAM_0006020,nv,1,5.532257e-05,1.7664895e-05,0.0002670729,5.489204e-05,0.0021065974,0.9974782,2.013458e-05
ISIC_0025227,HAM_0004717,nv,1,0.00019131391,2.5639909e-05,0.00013874346,0.000110292334,0.14504148,0.8544494,4.3106822e-05
ISIC_0030268,HAM_0004717,nv,1,0.00022416856,4.4098324e-05,0.0002155808,0.00019802134,0.24131143,0.7579517,5.4988548e-05
ISIC_0027925,HAM_0002031,nv,1,2.3154324e-05,1.9536013e-05,0.00045042837,0.000388495,0.006382544,0.99271315,2.2617955e-05
ISIC_0031917,HAM_0002031,nv,1,2.2318083e-05,1.8830453e-05,0.00039618192,0.00027255452,0.010103444,0.98916453,2.2187696e-05
ISIC_0026841,HAM_0003833,nv,1,1.8564444e-05,3.2264983e-05,0.00015058232,7.285241e-05,0.0012938643,0.9983171,0.000114780945
ISIC_0025945,HAM_0003833,nv,1,1.9623925e-05,4.8569684e-05,8.302421e-05,9.659235e-05,0.0043892153,0.99523467,0.0001283395
ISIC_0031149,HAM_0003833,nv,1,1.9404415e-05,4.0679934e-05,0.00022163846,7.489495e-05,0.0037929192,0.99570245,0.0001479317
ISIC_0032492,HAM_0004068,nv,1,0.00018813252,0.0001245911,0.0023152628,0.0005113972,0.12986568,0.8669126,8.2349696e-05
ISIC_0027853,HAM_0004068,nv,1,0.00045754178,0.00016330092,0.00134479,0.0005778224,0.4626904,0.53463775,0.00012842697
ISIC_0028545,HAM_0004068,nv,1,0.00012088458,4.6514222e-05,0.000540446,0.0003323095,0.032677617,0.9662369,4.5348064e-05
ISIC_0030466,HAM_0004432,nv,1,2.3011897e-05,1.566213e-05,0.00019324156,0.00020355637,0.0013051813,0.99823666,2.2566806e-05
ISIC_0024529,HAM_0004432,nv,1,2.1511965e-05,1.3808025e-05,0.00023635567,0.00018680733,0.000308944,0.9991928,3.9876883e-05
ISIC_0027338,HAM_0000163,nv,1,0.00017339601,5.774107e-05,0.012323335,0.00028476713,0.008121399,0.97896373,7.560329e-05
ISIC_0025534,HAM_0000163,nv,1,0.00024982193,7.060327e-05,0.031282887,0.0004541396,0.007871025,0.95996743,0.000104141276
ISIC_0030135,HAM_0001297,nv,1,5.4683165e-05,2.2529759e-05,0.00054657954,8.089543e-05,0.0046061594,0.99465334,3.5792116e-05
ISIC_0030941,HAM_0001297,nv,1,9.990442e-05,5.274886e-05,0.0010061085,0.00013391198,0.033544235,0.9651079,5.5172462e-05
ISIC_0024394,HAM_0002547,nv,1,7.602097e-05,2.9712155e-05,0.0006634896,0.00011180447,0.061591238,0.93746173,6.6048175e-05
ISIC_0029516,HAM_0002547,nv,1,0.00010774444,8.228846e-05,0.0015498289,0.00024590798,0.14004008,0.85784954,0.00012449847
ISIC_0030066,HAM_0007089,nv,1,6.120161e-05,0.00014064017,0.0009586406,0.00012123942,0.010454611,0.9881863,7.736608e-05
ISIC_0029640,HAM_0005284,nv,1,0.0013156972,0.00028509574,0.00083549175,0.0032417073,0.15751536,0.8366827,0.00012406355
ISIC_0029724,HAM_0005284,nv,1,0.0006836789,0.00012032347,0.00062676665,0.0021798667,0.062329095,0.9339843,7.588705e-05
ISIC_0027707,HAM_0005284,nv,1,0.00050105766,4.577119e-05,0.00048540466,0.00072371453,0.019126138,0.97906953,4.834401e-05
ISIC_0031541,HAM_0004007,nv,1,1.3382827e-05,5.105174e-05,0.00023718734,0.00039542402,0.00010588269,0.9991653,3.1729716e-05
ISIC_0027596,HAM_0004007,nv,1,1.4756231e-05,5.667701e-05,0.0003601389,0.00019024375,0.000142486,0.9992022,3.3580018e-05
ISIC_0028960,HAM_0004007,nv,1,1.2998148e-05,5.40339e-05,0.00028335938,0.00016542336,0.00015616152,0.99929655,3.1364172e-05
ISIC_0026611,HAM_0002470,nv,1,0.0010969044,0.0011361532,0.2879551,0.0020897058,0.11980331,0.5873936,0.00052527356
ISIC_0029269,HAM_0002470,nv,1,0.00026049005,0.0003093396,0.034117468,0.0003995341,0.015228503,0.9495435,0.00014107385
ISIC_0027364,HAM_0002150,nv,1,3.5827685e-05,3.313519e-05,0.00016072542,0.00057261024,0.001565663,0.9975883,4.372586e-05
ISIC_0032305,HAM_0006456,nv,1,0.00012510654,0.0006516818,0.020115457,0.000543969,0.12131173,0.8570032,0.00024880408
ISIC_0031725,HAM_0006706,nv,1,5.489276e-05,9.59642e-05,0.00022796898,0.00019864397,0.8523666,0.14696644,8.944847e-05
ISIC_0027040,HAM_0004924,nv,1,6.7726665e-05,1.9903002e-05,0.00015533096,0.00012335784,0.056834675,0.94269264,0.0001063411
ISIC_0026888,HAM_0005163,nv,1,7.844456e-05,0.00055362843,0.0033420685,0.00010659458,0.23202018,0.76374245,0.00015661622
ISIC_0031405,HAM_0002333,nv,1,1.1081008e-05,8.09122e-06,5.572712e-05,0.00091982,0.0010321634,0.9979273,4.575044e-05
ISIC_0028167,HAM_0007456,nv,1,0.0006575339,0.00019004964,0.04119992,0.0004900713,0.05708881,0.90002334,0.00035023817
ISIC_0031727,HAM_0005855,nv,1,0.021707537,0.00046938832,0.23292266,0.055757888,0.053126667,0.63562745,0.00038837732
ISIC_0025518,HAM_0003698,nv,1,0.0007491394,0.00080292474,0.009224952,0.00042518263,0.29812056,0.6904487,0.00022847462
ISIC_0026101,HAM_0003698,nv,1,0.00011819369,8.956646e-05,0.0002860349,0.00024275464,0.052574206,0.9465754,0.00011388798
ISIC_0027213,HAM_0002904,nv,1,0.03983115,0.009474596,0.796522,0.0009057045,0.09095208,0.062084533,0.00022989424
ISIC_0027224,HAM_0002668,nv,1,0.0034607216,0.00014114243,0.004652986,0.0036104613,0.030448528,0.9574561,0.00022999344
ISIC_0026784,HAM_0002668,nv,1,0.010286055,0.00029444063,0.009979326,0.027587457,0.0721881,0.8794311,0.00023337708
ISIC_0027293,HAM_0004775,nv,1,0.003430422,0.00216354,0.040150877,0.00066436856,0.24691655,0.70615286,0.0005214688
ISIC_0025562,HAM_0001313,nv,1,0.004391736,0.0018925548,0.3028153,0.0016030563,0.00064202567,0.68775696,0.00089835544
ISIC_0028304,HAM_0003005,nv,1,0.000121633755,5.5579334e-05,0.0017922015,0.00024427148,0.51735437,0.48034725,8.474837e-05
ISIC_0026782,HAM_0002110,nv,1,0.0003013687,5.0511535e-05,0.00034316702,0.0001853056,0.28351325,0.7155419,6.4605236e-05
ISIC_0028715,HAM_0002053,nv,1,0.00011537442,4.8900336e-05,0.0002764987,0.001873906,0.005367011,0.9922725,4.584798e-05
ISIC_0025410,HAM_0005541,nv,1,0.0003219199,2.123292e-05,0.0015380456,0.00051104673,0.0016719799,0.99591005,2.5611793e-05
ISIC_0030525,HAM_0007004,nv,1,0.00016714216,0.31057745,0.00028598923,0.00036046666,0.00085714785,0.6863598,0.0013919678
ISIC_0030121,HAM_0003088,nv,1,0.0008312865,0.00014138549,0.002539996,0.00033456064,0.21780029,0.7782253,0.00012723316
ISIC_0029736,HAM_0003088,nv,1,0.0005886731,0.00017131364,0.01045488,0.00070799806,0.022613639,0.9653198,0.00014369813
ISIC_0026592,HAM_0001406,nv,1,0.00020276509,2.912563e-05,0.0003012813,0.0004626632,0.0033928687,0.99557096,4.043693e-05
ISIC_0030914,HAM_0001406,nv,1,0.0019151721,7.7918114e-05,0.0077372603,0.0006717965,0.011598003,0.97789586,0.000104034334
ISIC_0029197,HAM_0001911,nv,1,5.9955408e-05,3.5661436e-05,0.0013739391,9.693784e-05,0.009307008,0.98908806,3.8559207e-05
ISIC_0026512,HAM_0003974,nv,1,0.0006277612,0.00017028482,0.0028266844,0.00020300967,0.5865444,0.409474,0.00015383952
ISIC_0026034,HAM_0002103,nv,1,0.0005044137,0.2972423,0.0035270636,0.0013927309,0.009757575,0.68707144,0.0005044137
ISIC_0029993,HAM_0005987,nv,1,0.00014458572,3.8649607e-05,0.00039340873,0.00018046777,0.67608076,0.32312244,3.9721013e-05
ISIC_0026741,HAM_0005987,nv,1,0.0007315678,4.5617322e-05,0.0014852223,0.00024902498,0.22551611,0.7719041,6.83461e-05
ISIC_0027308,HAM_0003496,nv,1,0.0007029517,0.00018355508,0.0038392874,0.00021044695,0.6957524,0.2992394,7.202173e-05
ISIC_0029046,HAM_0004170,nv,1,0.00067388965,0.002396156,0.10771942,0.0003271472,0.731828,0.15673083,0.00032460128
ISIC_0030117,HAM_0001361,nv,1,0.00020905197,4.975127e-05,0.0007328766,0.00040414048,0.2770729,0.72148526,4.6012407e-05
ISIC_0028305,HAM_0001318,nv,1,0.00072307285,3.124653e-05,0.0014558411,0.00022030949,0.07127709,0.9261425,0.00014994488
ISIC_0029645,HAM_0000225,nv,1,0.00075095246,0.00010323081,0.0013738142,0.0010883696,0.43058708,0.56599605,0.00010044634
ISIC_0031451,HAM_0006401,nv,1,0.00016455907,0.0014103384,0.00014479802,0.00089854724,0.0015033147,0.99577576,0.00010267718
ISIC_0025074,HAM_0000851,nv,1,0.0010131757,8.8616805e-05,0.0013041234,0.00040577786,0.46452686,0.53258264,7.8817415e-05
ISIC_0025784,HAM_0003652,nv,1,0.0015161803,0.00015383237,0.0019091591,0.00019370421,0.91197103,0.0841664,8.9729634e-05
ISIC_0032112,HAM_0003652,nv,1,0.00066822773,9.6455544e-05,0.0020137993,0.0003480288,0.45857495,0.5382268,7.1819806e-05
ISIC_0028631,HAM_0000338,nv,1,0.00017836934,1.2426035e-05,0.00021715986,0.00012355283,0.0021943082,0.99725586,1.836449e-05
ISIC_0026053,HAM_0001319,nv,1,0.011665415,0.00018554,0.010090646,0.00015321837,0.8821059,0.09555059,0.000248698
ISIC_0028599,HAM_0001319,nv,1,0.0027942394,0.0010229363,0.7356851,0.0004181755,0.22613104,0.033154976,0.0007935576
ISIC_0026097,HAM_0003419,nv,1,0.00073690113,0.00038229927,0.00047624396,0.0003324719,0.09281757,0.9050405,0.00021403201
ISIC_0028767,HAM_0003419,nv,1,0.0017356959,0.0031532187,0.00082873943,0.00024980662,0.031960294,0.9617852,0.0002869646
ISIC_0031919,HAM_0004681,nv,1,0.008330194,0.0024528003,0.71273196,0.024441993,0.11980943,0.12878804,0.0034455177
ISIC_0026491,HAM_0005786,nv,1,0.007693732,0.00010597987,0.060177036,0.0001248748,0.9034991,0.02820441,0.0001949268
ISIC_0030535,HAM_0001762,nv,1,0.00269677,0.0008268978,0.03533269,0.0008220668,0.9148086,0.044144344,0.0013686598
ISIC_0025950,HAM_0007477,nv,1,0.00014497903,6.875127e-05,0.0014889296,0.00014697477,0.5658704,0.4321764,0.000103611834
ISIC_0026437,HAM_0006251,nv,1,0.39064583,0.0028683553,0.05727587,0.0034734386,0.46390337,0.08033925,0.0014939073
ISIC_0030425,HAM_0004946,nv,1,0.0014544395,0.00077244703,0.6469551,0.003692343,0.030765021,0.31591713,0.000443579
ISIC_0026029,HAM_0004225,nv,1,0.0026334168,0.0006440873,0.042960204,0.01584281,0.07055327,0.8671024,0.0002638171
ISIC_0031832,HAM_0006972,nv,1,0.069234796,0.00030178408,0.10495368,0.00034129896,0.29263023,0.53195876,0.00057943625
ISIC_0027051,HAM_0006972,nv,1,0.0013068934,6.9499954e-05,0.005952231,0.0003823759,0.060056727,0.93213445,9.781941e-05
ISIC_0030340,HAM_0006972,nv,1,0.0026181645,0.00021344791,0.05274153,0.0003702484,0.1672852,0.77654636,0.00022500605
ISIC_0029054,HAM_0005822,nv,1,0.0014148864,0.00012868192,0.022701701,0.00050597347,0.3313264,0.6436573,0.00026507155
ISIC_0032327,HAM_0004806,nv,1,0.0037747836,0.0002603498,0.9546093,0.0004732777,0.012810524,0.027426163,0.00064563175
ISIC_0030873,HAM_0005745,nv,1,0.010879783,0.0058749374,0.5785582,0.0013577809,0.2562327,0.14514405,0.0019525436
ISIC_0026076,HAM_0001361,nv,1,0.00029319208,5.376049e-05,0.00014872767,0.00027650644,0.8612839,0.13788126,6.2607345e-05
ISIC_0030732,HAM_0006366,nv,1,0.0008836945,0.0005240832,0.016082363,0.0004374605,0.010723632,0.97098327,0.00036551192
ISIC_0030802,HAM_0004058,nv,1,0.0025475032,0.0006796513,0.18992648,0.0012451966,0.622745,0.18265052,0.00020566884
ISIC_0027242,HAM_0003578,nv,1,0.22002876,0.003959747,0.13985878,0.0005496743,0.13863495,0.49584246,0.0011256577
ISIC_0025542,HAM_0006685,nv,1,0.0003865569,0.16894986,0.0009022894,0.0007747897,0.00064862665,0.82674193,0.0015959874
ISIC_0031662,HAM_0006947,nv,1,0.027180627,0.0028825758,0.18346146,0.003913172,0.28001863,0.5001631,0.0023804225
ISIC_0032109,HAM_0006947,nv,1,0.010278291,0.0009444306,0.38474953,0.00071568385,0.27550566,0.32717106,0.00063530036
ISIC_0031031,HAM_0004806,nv,1,0.005236549,0.00023959386,0.16766556,0.00020057957,0.02123318,0.80458826,0.00083626487
ISIC_0030792,HAM_0000759,nv,1,9.888229e-05,2.656188e-05,0.013001714,0.00018329882,0.006864816,0.9797983,2.6458325e-05
ISIC_0025655,HAM_0000759,nv,1,0.00025637148,4.7008976e-05,0.011192451,0.00013925073,0.013713278,0.974609,4.246907e-05
ISIC_0031476,HAM_0004170,nv,1,0.0008140082,0.0012267536,0.032230914,0.0009694947,0.099375196,0.86520374,0.00017986466
ISIC_0025000,HAM_0001643,nv,1,0.0002991439,0.00036224868,0.07837687,0.00045613997,0.52627593,0.39416248,6.727153e-05
ISIC_0029530,HAM_0000267,nv,1,0.0012851891,0.00034154032,0.017011907,0.0003692931,0.91441864,0.066499524,7.3863266e-05
ISIC_0028230,HAM_0004519,nv,1,0.00061177195,0.00013838387,0.007358889,7.123391e-05,0.08886514,0.90278035,0.0001742516
ISIC_0027109,HAM_0006685,nv,1,0.00047672683,0.013036879,0.0017630578,0.00249909,0.00020205605,0.98148936,0.0005328669
ISIC_0029095,HAM_0006685,nv,1,0.00069026725,0.28563482,0.0005230803,0.0022566777,0.0010033525,0.7069529,0.0029389546
ISIC_0028874,HAM_0001702,nv,1,0.0006776425,0.00017903211,0.002627969,0.0007868471,0.6412399,0.35412627,0.00036236187
ISIC_0028592,HAM_0001702,nv,1,0.0019912212,0.00028213955,0.0028287144,0.0020959727,0.91473186,0.07746924,0.0006007995
ISIC_0028358,HAM_0001318,nv,1,0.0002746264,0.00011031085,0.00080874993,0.00030937442,0.88344425,0.11498087,7.178063e-05
ISIC_0031249,HAM_0003223,nv,1,0.0004203308,0.0017152121,0.0047532273,0.00036518974,0.23268673,0.7599759,8.3417195e-05
ISIC_0028602,HAM_0000778,nv,1,0.012216066,0.0006661065,0.17384212,0.022123137,0.0031316057,0.786752,0.0012689955
ISIC_0032140,HAM_0004337,nv,1,0.001291801,0.00012703423,0.019262992,0.0012218588,0.027782232,0.9501532,0.00016090026
ISIC_0028736,HAM_0003125,nv,1,0.00075959635,0.0018079968,0.03478724,0.0010901988,0.6563871,0.3040583,0.0011095318
ISIC_0029749,HAM_0001962,nv,1,0.0004921796,0.00012517377,0.08640599,0.00047147914,0.18185283,0.7305683,8.40377e-05
ISIC_0028128,HAM_0005102,nv,1,0.0024459853,0.0018427239,0.96864027,0.00011251671,0.02526472,0.001646171,4.7549613e-05
ISIC_0026554,HAM_0005828,nv,1,0.010060478,0.0066658254,0.45293278,0.0019135246,0.5072606,0.020481806,0.0006849586
ISIC_0031085,HAM_0005828,nv,1,0.007436101,0.000603281,0.33856156,0.003421159,0.62271005,0.026661005,0.0006068263
ISIC_0030260,HAM_0006821,nv,1,0.00050953747,0.00016254018,0.95983726,8.030622e-05,0.02351831,0.01531861,0.00057344814
ISIC_0031462,HAM_0002861,nv,1,0.28198722,0.0008648081,0.5531835,0.00050938834,0.15093689,0.012130749,0.00038752222
ISIC_0031981,HAM_0004337,nv,1,0.0052491454,0.00039462268,0.09160083,0.014373548,0.03247047,0.85561055,0.00030080002
ISIC_0027535,HAM_0006821,nv,1,0.0006588107,0.00035540172,0.94412553,0.000340454,0.033136975,0.021124944,0.000257994
ISIC_0026071,HAM_0001190,nv,1,0.0039875987,0.00030242788,0.5521685,0.00030479988,0.32270673,0.12011657,0.00041336997
ISIC_0032186,HAM_0000104,nv,1,0.00498312,0.0006523676,0.12627701,0.00021937104,0.41974607,0.44769087,0.00043118867
ISIC_0025989,HAM_0003033,nv,1,0.000122061734,8.347063e-06,0.0005040825,5.0045142e-05,0.013112022,0.98618305,2.0378651e-05
ISIC_0028447,HAM_0005745,nv,1,0.012040538,0.0031089194,0.70631146,0.0018673296,0.14017181,0.1349336,0.0015663189
ISIC_0032035,HAM_0002228,nv,1,0.0003385403,0.008164122,0.017262362,0.00048874,0.38005856,0.59326303,0.00042462465
ISIC_0028873,HAM_0001190,nv,1,0.0012425497,0.0004597947,0.444978,0.0004597947,0.49835172,0.053929266,0.00057896896
ISIC_0024922,HAM_0003223,nv,1,0.0012829322,0.032289244,0.006474042,0.0006382061,0.5090502,0.45011348,0.00015188359
ISIC_0025517,HAM_0005848,nv,1,0.005435192,0.0006776419,0.036459982,0.0022635139,0.5533229,0.40166938,0.0001713347
ISIC_0030553,HAM_0005848,nv,1,0.0067076636,0.0031026439,0.027398203,0.0029954617,0.76964283,0.18971746,0.0004357721
ISIC_0025295,HAM_0001230,nv,1,0.00047719147,0.003945072,0.006352876,0.0005904048,0.80263245,0.18586233,0.00013968672
ISIC_0025477,HAM_0003125,nv,1,0.0014300874,0.0010752782,0.016689284,0.0010081592,0.6699142,0.30971894,0.00016409603
ISIC_0031913,HAM_0000104,nv,1,0.0014588897,0.0027282275,0.5073688,0.0009642671,0.30653498,0.18020263,0.00074222294
ISIC_0029344,HAM_0004638,nv,1,0.0016172028,0.00016209138,0.004302575,0.00025154284,0.5296423,0.4637703,0.00025401136
ISIC_0025165,HAM_0003033,nv,1,0.00056088465,6.0637045e-05,0.008851165,0.00017477505,0.020680308,0.969556,0.00011619812
ISIC_0028698,HAM_0003033,nv,1,0.00019648888,1.0423703e-05,0.0010916544,7.9855214e-05,0.0012564865,0.9973254,3.9569823e-05
ISIC_0024480,HAM_0000866,nv,1,0.0025118275,0.0002018009,0.04053884,0.0009913606,0.19644561,0.75895923,0.0003514154
ISIC_0027873,HAM_0006114,nv,1,9.580444e-05,3.4293822e-05,0.0006063902,5.937025e-05,0.0043111052,0.9948585,3.456279e-05
ISIC_0025422,HAM_0002572,nv,1,0.00059297035,8.451273e-05,0.0036164562,0.00040555705,0.17079689,0.8244313,7.228757e-05
ISIC_0030033,HAM_0002572,nv,1,0.00031750544,0.00017602945,0.0016210355,0.00018959118,0.50660914,0.4910224,6.425367e-05
ISIC_0031039,HAM_0000778,nv,1,0.0018746783,8.573245e-05,0.027818538,0.0045279665,0.048775397,0.91673625,0.00018149559
ISIC_0026665,HAM_0000778,nv,1,0.0011046734,7.916726e-05,0.003835035,0.01259303,0.002204427,0.98008144,0.00010225014
ISIC_0031611,HAM_0003710,nv,1,0.0004717414,0.000637282,0.035307854,0.005759628,0.17328294,0.78422135,0.0003191962
ISIC_0032074,HAM_0003710,nv,1,0.00058962306,0.00034258325,0.010993072,0.009914455,0.20109138,0.776908,0.00016087946
ISIC_0024876,HAM_0004680,nv,1,8.86854e-05,7.153962e-05,0.0048895767,0.00016845975,0.023926731,0.97080076,5.4212298e-05
ISIC_0026809,HAM_0000267,nv,1,0.001573032,0.00061061775,0.17434093,0.00035064828,0.7017596,0.12123508,0.00013000802
ISIC_0026157,HAM_0000787,nv,1,0.00042927157,3.6568938e-05,0.0014614544,0.00014748558,0.07790626,0.9198921,0.00012689244
ISIC_0027512,HAM_0004738,nv,1,0.00013697938,7.162133e-05,0.007574372,3.6013465e-05,0.9512513,0.0409067,2.2936307e-05
ISIC_0032157,HAM_0000353,nv,1,0.00023138252,0.000102575155,0.0003763052,0.00023433872,0.31119466,0.6877239,0.0001369558
ISIC_0025166,HAM_0001689,nv,1,0.00030608985,8.566473e-05,0.021208555,0.00037065992,0.0008304151,0.97699624,0.00020231305
ISIC_0028938,HAM_0001689,nv,1,0.0002830507,5.756142e-05,0.026990581,0.0002617791,0.013387429,0.9589131,0.00010649382
ISIC_0027211,HAM_0006262,nv,1,5.4429394e-05,0.00022759516,0.00030284253,0.00011038072,0.013060832,0.9861777,6.616931e-05
ISIC_0030900,HAM_0006262,nv,1,4.6908648e-05,0.001984891,0.002827995,0.0006786308,0.07890001,0.91539264,0.00016892454
ISIC_0027549,HAM_0006358,nv,1,0.00031059815,9.927313e-05,0.031868055,0.00014585903,0.0009714791,0.96653104,7.362958e-05
ISIC_0025581,HAM_0006358,nv,1,0.00020490456,5.5419256e-05,0.015823066,0.0001005475,0.0009910016,0.98276985,5.52032e-05
ISIC_0025065,HAM_0005273,nv,1,9.018278e-05,0.0001322443,0.007442219,0.00024538173,0.010629302,0.9814245,3.622426e-05
ISIC_0027319,HAM_0005273,nv,1,0.0006655494,0.00081544823,0.03952139,0.0007154262,0.02278405,0.9353348,0.00016341878
ISIC_0030977,HAM_0005154,nv,1,0.00040462986,0.00091899914,0.099397175,0.0013836288,0.006538371,0.8911235,0.00023372486
ISIC_0024762,HAM_0005154,nv,1,0.00016515647,0.00040085995,0.0059775165,0.00859591,0.018977966,0.96580905,7.357458e-05
ISIC_0024818,HAM_0006645,nv,1,0.00011260268,0.0002830831,0.0039481185,0.00013011215,0.23755689,0.757909,6.0271872e-05
ISIC_0031595,HAM_0006645,nv,1,9.1093716e-05,2.5744395e-05,0.01026503,7.319586e-05,0.011609106,0.9778766,5.9160146e-05
ISIC_0031071,HAM_0003045,nv,1,0.00015557921,2.7354303e-05,0.01719258,0.00025351837,0.00051124673,0.98181194,4.7821126e-05
ISIC_0031475,HAM_0003045,nv,1,0.00011695302,1.9354871e-05,0.017596303,0.00018149451,0.010006509,0.97205037,2.9055105e-05
ISIC_0030567,HAM_0003609,nv,1,2.0437188e-05,0.0005900157,0.0002630994,5.2086354e-05,0.00017381321,0.9987214,0.0001791556
ISIC_0025729,HAM_0003609,nv,1,0.0005424163,0.0010263141,0.042256035,0.00041184336,0.00051104795,0.9542586,0.0009937667
ISIC_0025860,HAM_0002726,nv,1,4.7579822e-05,0.00013501386,0.00065810326,7.262145e-05,0.0009181582,0.9980719,9.6584336e-05
ISIC_0025473,HAM_0002726,nv,1,8.293349e-05,0.0006859687,0.00064614083,0.0001317531,0.005046436,0.9931768,0.00022988293
ISIC_0030059,HAM_0005246,nv,1,0.00084347476,0.0003267802,0.47289637,0.0006116993,0.0015696747,0.5234485,0.00030340516
ISIC_0028658,HAM_0004703,nv,1,0.00014662939,2.9702418e-05,0.0013450908,3.5341454e-05,0.0104312,0.9879011,0.000111006404
ISIC_0030358,HAM_0005960,nv,1,0.003997434,0.005337275,0.28024176,0.0015900694,0.27428517,0.43404692,0.0005013157
ISIC_0028632,HAM_0005960,nv,1,0.00063486415,0.002122696,0.39283517,0.00023128376,0.03897199,0.5649128,0.00029123024
ISIC_0029537,HAM_0002147,nv,1,0.0019239876,0.0006357042,0.03581003,0.001559615,0.0025069036,0.956599,0.0009646116
ISIC_0025252,HAM_0007239,nv,1,0.00010267999,7.002167e-05,0.00051897543,5.063211e-05,0.026485471,0.9727352,3.6970963e-05
ISIC_0027143,HAM_0007239,nv,1,0.0002343322,0.00054857595,0.0018171389,0.00017346199,0.08070345,0.91641456,0.00010833794
ISIC_0034265,HAM_0005122,nv,1,0.00019749769,4.700152e-05,0.015719857,0.00013733808,0.6015177,0.38234788,3.2684427e-05
ISIC_0033313,HAM_0003362,nv,1,0.0008324185,0.0019222455,0.008724973,0.0002810121,0.025221905,0.96228856,0.00072889
ISIC_0028170,HAM_0003040,nv,1,0.001702975,0.00016231617,0.23035079,0.00065335736,0.1333168,0.6335393,0.000274496
ISIC_0033223,HAM_0007596,nv,1,3.7048263e-05,1.2853649e-05,0.00024980205,6.144121e-05,0.003669918,0.99593794,3.0954983e-05
ISIC_0032764,HAM_0007596,nv,1,0.00010097685,5.516889e-05,0.000904071,0.00015069863,0.01465344,0.9840792,5.6477184e-05
ISIC_0032907,HAM_0003681,nv,1,1.1862693e-05,4.476265e-06,0.000114148184,2.9851944e-05,0.0001273182,0.9996848,2.758159e-05
ISIC_0033760,HAM_0003681,nv,1,1.365004e-05,5.8593537e-06,5.7216825e-05,1.9648487e-05,0.0004788367,0.99940395,2.0895288e-05
ISIC_0032543,HAM_0002413,nv,1,0.000118329146,1.3147143e-05,0.0040626996,0.0001639632,0.0044229575,0.99120164,1.7247874e-05
ISIC_0032658,HAM_0005717,nv,1,0.0007417971,0.000109614135,0.0062079583,0.014412809,0.0028765914,0.9755106,0.0001404727
ISIC_0033211,HAM_0005062,nv,1,0.00079081353,0.00012622945,0.9313135,0.00088566914,0.021583898,0.04511669,0.0001833044
ISIC_0033617,HAM_0005062,nv,1,0.00063668605,0.0005095971,0.5555762,0.00097463,0.098448835,0.3436202,0.0002337667
ISIC_0033889,HAM_0005062,nv,1,0.00072090176,0.00034521756,0.7602787,0.0012262951,0.06252948,0.17468458,0.0002147695
ISIC_0033346,HAM_0004165,nv,1,0.00025944965,0.00017401624,0.064674184,0.00012582976,0.002690359,0.9319982,7.797703e-05
ISIC_0034219,HAM_0004165,nv,1,7.065643e-05,4.780854e-05,0.17910364,0.00024685616,0.0019473707,0.81851834,6.534652e-05
ISIC_0033766,HAM_0005115,nv,1,0.00032600775,4.9509053e-05,0.002986224,6.6882465e-05,0.009397973,0.9871193,5.4057386e-05
ISIC_0033008,HAM_0005115,nv,1,0.00024108976,3.9588103e-05,0.001994128,4.4163724e-05,0.013396483,0.9842374,4.7288308e-05
ISIC_0033577,HAM_0004346,nv,1,9.006145e-06,1.030545e-05,0.00010985133,5.80716e-05,0.00020101429,0.99958426,2.7551894e-05
ISIC_0032402,HAM_0003809,nv,1,2.6491361e-05,2.0153564e-05,0.00012357616,0.00081890734,0.00051245914,0.9984187,7.986472e-05
ISIC_0024715,HAM_0003815,nv,1,9.310779e-06,6.011491e-06,0.00010337874,0.00012837454,5.6674544e-05,0.99964666,4.9698632e-05
ISIC_0033681,HAM_0006235,nv,1,0.00072635914,7.8373196e-05,0.03064522,0.00025398197,0.042380802,0.92582,9.527758e-05
ISIC_0032635,HAM_0004185,nv,1,4.0499464e-05,2.3121014e-05,0.0007765818,0.00010691048,0.025010973,0.97401243,2.9456934e-05
ISIC_0034114,HAM_0004212,nv,1,3.6568013e-05,1.6116408e-05,0.00012370799,2.5206542e-05,0.00024500376,0.9994837,6.959749e-05
ISIC_0033039,HAM_0004190,nv,1,5.9333248e-05,1.5599398e-05,0.0004224713,5.7507757e-05,0.028204374,0.97120696,3.3675264e-05
ISIC_0033647,HAM_0004203,nv,1,1.7297689e-05,1.8341507e-05,0.00010820949,4.3913136e-05,0.009594375,0.9901889,2.8968178e-05
ISIC_0034080,HAM_0000421,nv,1,0.0001522405,0.00032800852,0.0011482212,0.000211365,0.14820041,0.84950966,0.00045008922
ISIC_0029038,HAM_0004857,nv,1,0.000120807774,0.00015005434,0.0063308203,0.0004754767,0.3134919,0.6794006,3.0248151e-05
ISIC_0031222,HAM_0004857,nv,1,2.8703833e-05,4.2670807e-05,0.00048718046,0.00016135279,0.010400496,0.9888483,3.1279666e-05
ISIC_0032273,HAM_0006283,nv,1,0.00012035968,8.418886e-05,0.0029764674,0.00017308207,0.007819005,0.9887101,0.000116884665
ISIC_0027924,HAM_0006283,nv,1,5.1229097e-05,1.9944397e-05,0.0004825601,8.3560044e-05,0.0054549375,0.99386287,4.5033263e-05
ISIC_0030693,HAM_0005314,nv,1,0.0047332854,0.00054564816,0.52806485,0.0017751885,0.0035545998,0.4605864,0.00074000866
ISIC_0032173,HAM_0001694,akiec,1,0.9859374,0.0073032496,0.0033612684,0.00042055806,0.0023508444,0.00051628595,0.00011035383
ISIC_0028158,HAM_0002343,akiec,1,0.99015486,0.00027698852,0.004240734,0.0004085637,0.0011095073,0.0034125207,0.00039676775
ISIC_0025069,HAM_0006222,akiec,1,0.6794425,0.05101712,0.062037848,0.0064183637,0.14021088,0.05435387,0.0065194382
ISIC_0027958,HAM_0003455,akiec,1,0.9958062,0.00018885802,0.0035426705,0.00011969427,3.6898946e-05,0.00018978243,0.000115785304
ISIC_0027896,HAM_0003455,akiec,1,0.9945321,0.00028620474,0.0040525356,0.00028760562,8.944479e-05,0.0005725309,0.00017962782
ISIC_0030827,HAM_0001173,akiec,1,0.1685961,0.0016609484,0.82179445,0.00038499484,0.00449952,0.0024427657,0.00062125747
ISIC_0028372,HAM_0006482,akiec,1,0.968366,0.00010182027,0.004698489,0.00038727952,0.0070137726,0.019046802,0.0003857696
ISIC_0027506,HAM_0006482,akiec,1,0.96993196,0.00028213992,0.01457028,0.00027885288,0.003418756,0.010738206,0.00077977445
ISIC_0026992,HAM_0003146,akiec,1,0.9882161,0.0011480777,0.005446503,0.00055139186,0.003798792,0.0005784183,0.00026071357
ISIC_0029563,HAM_0003146,akiec,1,0.10133176,0.001987265,0.027957352,0.09840612,0.7605371,0.008448805,0.0013315832
ISIC_0030341,HAM_0004558,akiec,1,0.11689845,0.8146119,0.057530843,0.0029609918,0.0015787258,0.005746611,0.0006724029
ISIC_0025808,HAM_0002261,akiec,1,0.014436017,0.9847447,0.00037341722,0.00014587569,4.418649e-05,0.0001141642,0.00014152571
ISIC_0024710,HAM_0004609,akiec,1,0.12836151,0.8602254,0.0041080816,0.00013927273,0.0036698955,0.0007752852,0.0027205846
ISIC_0026466,HAM_0000456,akiec,1,0.9671145,0.00084976753,0.011297821,0.0028081334,0.0021321469,0.015480037,0.00031753493
ISIC_0031692,HAM_0007131,akiec,1,0.95612484,0.0043734815,0.034894932,0.00010211632,0.0039455686,0.00040308983,0.00015601321
ISIC_0028872,HAM_0000552,akiec,1,0.9914042,0.0020643305,0.0016450244,0.0003351875,0.00036885115,0.0035507695,0.0006317408
ISIC_0026083,HAM_0000552,akiec,1,0.9063027,0.0014030805,0.02207685,0.00088146195,0.0018335396,0.066751376,0.0007510149
ISIC_0028659,HAM_0002070,akiec,1,0.99952424,0.00012547727,0.00020282614,3.754655e-05,6.5192165e-05,1.8298726e-05,2.64173e-05
ISIC_0027172,HAM_0003939,akiec,1,0.9990023,8.045955e-05,0.00019586057,2.788766e-05,0.0004485482,0.00012996259,0.0001150281
ISIC_0026203,HAM_0003895,akiec,1,0.50463396,0.00076613185,0.021674322,0.0074267127,0.08777791,0.37647983,0.0012411282
ISIC_0030785,HAM_0004609,akiec,1,0.55071783,0.44424614,0.0020988684,0.00025449734,0.001865861,0.00021222557,0.0006045744
ISIC_0027047,HAM_0001786,akiec,1,0.16575827,0.74432933,0.047653135,0.011346279,0.00036401392,0.0244341,0.006114884
ISIC_0030143,HAM_0005978,akiec,1,0.9974281,0.00022551895,0.0005197589,0.0004537847,0.00024599675,0.0008034476,0.0003233566
ISIC_0028558,HAM_0002646,akiec,1,0.93425465,0.017414918,0.0082624545,0.0006088469,0.024523022,0.01214274,0.002793371
ISIC_0029781,HAM_0002646,akiec,1,0.9994074,7.7863464e-05,0.00010559852,9.290387e-06,0.00029287778,4.0871197e-05,6.608187e-05
ISIC_0026319,HAM_0003195,akiec,1,0.85554296,0.034021914,0.057654634,0.0023796912,0.018062286,0.025888827,0.006449748
ISIC_0025319,HAM_0003195,akiec,1,0.26614484,0.624878,0.101412565,0.0020162275,0.0016423862,0.0025863606,0.0013196942
ISIC_0025790,HAM_0001004,akiec,1,0.7183568,0.04902822,0.21951476,0.0006324274,0.01043871,0.0016825757,0.0003465416
ISIC_0024923,HAM_0001004,akiec,1,0.24539585,0.74999017,0.0032738873,0.00029529407,0.00021646412,0.000505264,0.0003230527
ISIC_0029900,HAM_0005551,akiec,1,0.9672327,0.015294089,0.0035920965,0.00029199178,0.00996421,0.0018257268,0.0017991777
ISIC_0031993,HAM_0006887,akiec,1,0.90046906,0.06836021,0.005174466,0.0007374876,0.008845147,0.0037016375,0.012711917
ISIC_0029500,HAM_0006887,akiec,1,0.94351417,0.037415024,0.0029191459,0.00019423822,0.009698533,0.0014764646,0.0047824043
ISIC_0030344,HAM_0007199,akiec,1,0.23983094,0.02783031,0.494993,0.00042818897,0.23199856,0.0045056175,0.000413397
ISIC_0025427,HAM_0001416,akiec,1,0.5970859,0.06846273,0.2474483,0.01771626,0.018189602,0.02513075,0.025966497
ISIC_0028370,HAM_0005668,akiec,1,0.99809605,0.0002078969,0.00023124726,5.1447296e-05,0.001175518,7.4272844e-05,0.00016349918
ISIC_0028820,HAM_0000931,akiec,1,0.99411654,0.0005997566,0.003982202,0.0002645855,0.0007914506,0.00016736158,7.813499e-05
ISIC_0027829,HAM_0004034,akiec,1,0.16283858,0.001608934,0.7708138,0.0011342396,0.024003714,0.03730497,0.0022957064
ISIC_0027334,HAM_0004462,akiec,1,0.056889877,0.55539626,0.16676019,0.069822155,0.0014484052,0.14545082,0.0042322287
ISIC_0024948,HAM_0004034,akiec,1,0.08304425,0.00046660748,0.8824084,0.0017336572,0.024812955,0.0071142395,0.00041990125
ISIC_0029301,HAM_0001221,bkl,1,0.0006846031,0.0099721365,0.05633073,0.0048269215,0.44742364,0.46433914,0.016422719
ISIC_0026637,HAM_0001221,bkl,1,0.00039234894,0.0022888929,0.7135523,0.0011531778,0.031474005,0.24999167,0.0011475608
ISIC_0026893,HAM_0003791,bkl,1,0.55809903,0.0013833892,0.43805692,0.00052507536,0.0005567607,0.0010200472,0.0003587703
ISIC_0027680,HAM_0004677,bkl,1,0.0038748127,0.00047167754,0.9863863,0.00017608097,0.008500643,0.00046709375,0.00012340545
ISIC_0027454,HAM_0000245,bkl,1,0.00015638399,4.0755385e-05,0.9956027,9.329e-05,0.0027557781,0.0013296824,2.1351107e-05
ISIC_0027287,HAM_0002933,bkl,1,0.0057779676,0.04769811,0.49412197,0.00020111905,0.44902533,0.0026158039,0.0005596629
ISIC_0024494,HAM_0002933,bkl,1,0.0009977896,0.0009586282,0.048453256,0.00012611359,0.94326717,0.0060854005,0.00011173044
ISIC_0031851,HAM_0004883,bkl,1,0.8379265,0.010904042,0.14589447,0.00032039193,0.0006510129,0.0028278711,0.0014757017
ISIC_0030436,HAM_0004883,bkl,1,0.25434852,0.2621663,0.1873618,0.0007306407,0.25885904,0.01347998,0.023053708
ISIC_0030329,HAM_0003279,bkl,1,0.0013550781,0.00011334239,0.9930519,0.0010880386,0.001269874,0.0030709112,5.088824e-05
ISIC_0027859,HAM_0000001,bkl,1,0.47271407,0.0015675381,0.08475297,0.00023992073,0.42873305,0.010134662,0.0018578654
ISIC_0027354,HAM_0007359,bkl,1,0.11893657,0.00454905,0.7870083,0.011565471,0.04782065,0.027341926,0.0027780645
ISIC_0027162,HAM_0004905,bkl,1,0.0015102983,0.00024314219,0.994557,0.00016678295,0.0007629566,0.0026838663,7.59127e-05
ISIC_0030123,HAM_0006652,bkl,1,0.0002106133,0.00039656353,0.9944893,0.00024052792,0.00026520216,0.004234414,0.00016322684
ISIC_0031945,HAM_0006652,bkl,1,0.00016624204,0.0014054157,0.9952114,0.00012647027,0.00016985228,0.0027735906,0.00014699492
ISIC_0029931,HAM_0005324,bkl,1,0.00037998348,0.00017567635,0.9957202,0.00063511095,0.0019007259,0.0010807558,0.000107598746
ISIC_0029061,HAM_0003881,bkl,1,0.00053326663,0.00019665736,0.99331856,0.00021556443,0.000806216,0.0048585446,7.1224575e-05
ISIC_0031893,HAM_0003881,bkl,1,0.0034776593,0.0013718822,0.9741968,0.00044235072,0.0059099235,0.014239607,0.00036174193
ISIC_0033722,HAM_0006438,bkl,1,0.0002306372,0.00037656107,0.6247724,0.0011967086,0.0030380494,0.37016544,0.00022007556
ISIC_0032460,HAM_0006876,bkl,1,0.00015540583,0.00069342664,0.99713504,0.0001795711,4.41349e-05,0.0016051956,0.00018727224
ISIC_0026531,HAM_0000876,mel,1,0.0001324911,0.000339652,0.0022895825,6.954571e-05,0.99484634,0.0021932859,0.00012916942
ISIC_0032396,HAM_0000876,mel,1,0.00047906084,0.00050896255,0.006841506,0.00033378578,0.95875424,0.032710794,0.00037163842
ISIC_0025927,HAM_0002557,mel,1,6.477511e-05,0.000366976,0.00041179708,0.0013469383,0.9960437,0.0017018584,6.402045e-05
ISIC_0030552,HAM_0002897,mel,1,0.00249945,0.0002727332,0.0016043382,9.225068e-05,0.9505005,0.04480417,0.00022654579
ISIC_0027402,HAM_0006556,mel,1,0.31097838,0.23890156,0.2935671,0.0038728132,0.019438632,0.12589227,0.007349308
ISIC_0033704,HAM_0001280,mel,1,0.001960175,0.027364982,0.4094565,0.0013926896,0.027918339,0.530912,0.0009953104
ISIC_0033893,HAM_0001280,mel,1,0.0003294098,0.0020556704,0.83174986,0.00014905776,0.10804157,0.05726848,0.00040597317
ISIC_0027130,HAM_0004654,mel,1,0.00082803017,0.0003394912,0.007547794,0.00027013785,0.95815086,0.03272215,0.000141521
ISIC_0026094,HAM_0006696,mel,1,0.0016050166,0.011321996,0.0035940744,0.0006091956,0.29471973,0.6879258,0.00022411054
ISIC_0024546,HAM_0000952,mel,1,0.052122746,0.00045493103,0.86707443,0.0008433089,0.05191954,0.026791217,0.00079376413
ISIC_0029146,HAM_0002079,mel,1,0.15449163,0.00026681807,0.0021048442,0.00038973743,0.8368066,0.0046153963,0.0013249184
ISIC_0026009,HAM_0000952,mel,1,0.0124983,0.00015413674,0.18600766,0.0007873709,0.67246103,0.12709421,0.000997276
ISIC_0030689,HAM_0000952,mel,1,0.0056841667,0.000116142124,0.161635,0.0006145132,0.8049736,0.026567182,0.00040935402
ISIC_0026475,HAM_0006965,mel,1,0.0007051015,0.00043738013,0.054555546,0.0004729207,0.14345427,0.80012363,0.0002511663
ISIC_0033158,HAM_0004776,vasc,1,3.2664342e-05,8.9399946e-05,1.9052943e-05,3.9094102e-05,0.0007114739,0.00020924857,0.9988991
ISIC_0032867,HAM_0004776,vasc,1,0.00015719452,0.00030958056,6.800582e-05,0.00018868918,0.0027727676,0.0006155242,0.9958882
ISIC_0032545,HAM_0004776,vasc,1,8.0579e-05,6.608858e-05,3.513367e-05,8.8067645e-05,0.0019295061,0.00024209633,0.9975586
ISIC_0031276,HAM_0006447,vasc,1,1.04882865e-05,7.7486975e-06,3.804742e-05,1.4113532e-05,3.9951305e-05,0.00029737252,0.99959236
ISIC_0026467,HAM_0001537,vasc,1,8.231943e-06,2.498745e-05,2.4768797e-05,2.7685608e-05,2.5856276e-05,0.0022959027,0.9975925
ISIC_0028495,HAM_0000195,bcc,1,0.00024441097,0.99682224,0.00023968364,0.00013275424,0.00083985244,0.00095435313,0.0007667507
ISIC_0030574,HAM_0000195,bcc,1,0.00031706205,0.99438405,0.0005470323,0.00016577974,0.0005766538,0.002151965,0.0018573757
ISIC_0027786,HAM_0002334,bcc,1,0.0006714516,0.9947266,0.0016079783,0.00020358479,0.00091151317,0.001588663,0.0002902013
ISIC_0034299,HAM_0007335,bcc,1,4.347224e-05,0.99763036,8.850508e-05,0.000111771704,0.0013550256,0.0007219363,4.897271e-05
ISIC_0032808,HAM_0007335,bcc,1,0.0002662021,0.93501544,0.00077254133,0.000417162,0.029417176,0.033925157,0.00018620233
ISIC_0024452,HAM_0005971,bcc,1,7.673257e-05,0.9984497,7.539554e-05,0.00010799913,1.9382094e-05,0.0011656445,0.00010518871
ISIC_0029539,HAM_0005971,bcc,1,5.3117805e-05,0.9987991,6.7409994e-05,6.2465944e-05,1.5278069e-05,0.0008896885,0.000112945636
ISIC_0031258,HAM_0005971,bcc,1,3.324064e-05,0.9988103,7.498213e-05,2.9334766e-05,1.7044107e-05,0.00092153327,0.00011355517
ISIC_0029602,HAM_0003991,bcc,1,0.00015077266,0.999579,4.0599727e-05,3.1037827e-05,7.947855e-06,0.00013083374,5.988543e-05
ISIC_0029501,HAM_0002018,bcc,1,0.004506159,0.37150213,0.6197235,0.0003557179,0.0009074709,0.002556274,0.00044879215
ISIC_0028653,HAM_0005837,bcc,1,0.00040963682,0.9927556,0.0022400324,9.33873e-05,0.00020477497,0.0037780025,0.0005185885
ISIC_0029911,HAM_0000647,nv,1,1.6329252e-05,3.05667e-05,0.00041541838,0.00028596603,0.00023189351,0.9989324,8.741723e-05
ISIC_0032490,HAM_0002620,nv,1,0.0001489226,1.1322212e-05,0.0005470018,2.9597915e-05,0.0012186236,0.9979767,6.7816494e-05
ISIC_0027703,HAM_0001049,nv,1,7.909804e-05,3.954063e-05,0.07821154,0.00020536517,0.0049950164,0.91630995,0.00015947067
ISIC_0026806,HAM_0001888,nv,1,0.00013392064,0.000107923974,0.002014618,9.9036595e-05,0.0008075216,0.996781,5.599022e-05
ISIC_0025365,HAM_0000532,nv,1,9.170776e-05,6.868594e-05,0.0024450237,0.00040109287,0.0016379085,0.9941294,0.0012262502
ISIC_0029239,HAM_0001367,nv,1,8.20155e-06,5.988674e-06,5.6791218e-05,5.9255708e-05,6.52069e-05,0.9997501,5.4535638e-05
ISIC_0032211,HAM_0000041,nv,1,0.00025131358,0.00029039232,0.24656315,0.0010916565,0.00015153887,0.7506199,0.0010320466
ISIC_0026476,HAM_0000303,nv,1,3.139814e-05,1.4459592e-05,0.00065946335,0.00012576864,0.014269637,0.98486936,3.001889e-05
ISIC_0029463,HAM_0003704,nv,1,1.2526822e-05,8.626382e-06,0.00012202662,0.00031404986,5.5433095e-05,0.999471,1.6369997e-05
ISIC_0026613,HAM_0004116,nv,1,8.498272e-06,3.2072145e-05,0.00014642927,0.0013282541,0.00026548925,0.9981822,3.716803e-05
ISIC_0029386,HAM_0004707,nv,1,1.0752543e-05,1.4957611e-05,0.00014584787,0.00067373546,4.01069e-05,0.9990852,2.9371507e-05
ISIC_0028967,HAM_0001449,nv,1,2.987107e-05,9.528739e-06,0.00018745902,4.528184e-05,0.0022687141,0.99739885,6.028232e-05
ISIC_0024598,HAM_0000748,nv,1,7.2760895e-06,1.4413818e-05,0.00019065954,0.00050316675,4.1993855e-05,0.9991615,8.102435e-05
ISIC_0031392,HAM_0007465,nv,1,9.749758e-05,3.6183985e-05,0.0036836648,5.4851647e-05,0.00029667004,0.9957712,5.9890797e-05
ISIC_0026822,HAM_0002626,nv,1,2.412582e-05,8.345806e-06,0.00013592503,2.573201e-05,0.00014067697,0.9996081,5.7144738e-05
ISIC_0026817,HAM_0002653,nv,1,4.748496e-05,1.6750377e-05,0.0026411444,0.00011491607,7.1632276e-05,0.9970552,5.2818326e-05
ISIC_0031661,HAM_0001519,nv,1,1.3686303e-05,2.230201e-05,0.001068293,0.00018911817,4.0541778e-05,0.9981523,0.0005138256
ISIC_0026320,HAM_0005564,nv,1,4.945158e-06,9.476353e-06,6.173327e-05,0.00014367438,4.5187084e-05,0.9996953,3.9586455e-05
ISIC_0028985,HAM_0006611,nv,1,6.7444735e-06,1.0425662e-05,4.2918775e-05,5.0177136e-05,0.00035534133,0.999463,7.1385766e-05
ISIC_0025028,HAM_0003231,nv,1,1.1371537e-05,1.9381454e-05,0.00021933192,0.00063496793,0.00012315427,0.99841666,0.00057504786
ISIC_0031544,HAM_0001311,nv,1,3.075371e-05,8.967336e-06,9.702185e-05,0.000108924934,0.000546455,0.9991722,3.574467e-05
ISIC_0024555,HAM_0004407,nv,1,3.928533e-05,3.928533e-05,0.000119948454,0.00017081443,0.00031943517,0.99792093,0.0013902759
ISIC_0030174,HAM_0005259,nv,1,4.1385723e-05,1.079611e-05,0.0012153881,0.0004984291,0.035345834,0.9628216,6.6522836e-05
ISIC_0029706,HAM_0003972,nv,1,3.1979747e-05,1.65585e-05,0.00047316245,2.404547e-05,8.5165375e-05,0.99920195,0.0001671941
ISIC_0024957,HAM_0005179,nv,1,2.1479509e-05,1.262715e-05,7.54851e-05,7.906909e-05,9.140878e-05,0.9996357,8.4209714e-05
ISIC_0026649,HAM_0006621,nv,1,3.5906112e-05,0.000111248555,0.0005894479,9.73174e-05,0.0007493736,0.9978212,0.00059550494
ISIC_0025792,HAM_0001634,nv,1,1.6830953e-05,1.2581203e-05,9.905552e-05,0.00013077947,0.00021212062,0.9979455,0.0015831391
ISIC_0029695,HAM_0007377,nv,1,2.7766693e-05,8.988154e-06,0.00018283841,2.623768e-05,3.3854754e-05,0.9995377,0.00018265995
ISIC_0028535,HAM_0005493,nv,1,7.719119e-06,7.1111854e-06,3.5070916e-05,4.3795895e-05,0.00021588695,0.9996741,1.6230048e-05
ISIC_0028902,HAM_0005426,nv,1,2.28397e-05,9.1652055e-06,5.655641e-05,3.082435e-05,0.00033448174,0.99951327,3.278032e-05
ISIC_0027200,HAM_0001805,nv,1,2.1969458e-05,7.280219e-06,6.649155e-05,2.1418658e-05,0.00010481041,0.9997285,4.9533115e-05
ISIC_0025736,HAM_0004948,nv,1,9.130718e-06,1.313034e-05,5.381597e-05,9.811655e-05,4.714585e-05,0.9996495,0.00012920814
ISIC_0030613,HAM_0006298,nv,1,2.5235102e-05,1.2358805e-05,8.2138904e-05,7.2664516e-05,0.0001178598,0.9996395,5.0185994e-05
ISIC_0030554,HAM_0005422,nv,1,2.432243e-05,1.5250345e-05,0.000292378,0.0001660514,0.00012700558,0.9989359,0.00043919947
ISIC_0025817,HAM_0002542,nv,1,1.7664785e-05,1.5407499e-05,8.8232155e-05,6.455202e-05,0.00034998884,0.9994221,4.2128042e-05
ISIC_0031763,HAM_0004551,nv,1,2.1264299e-05,1.41374385e-05,0.00015047798,0.00017185125,3.6669724e-05,0.9993318,0.00027368046
ISIC_0027228,HAM_0001972,nv,1,1.0203612e-05,1.0527509e-05,0.00018926572,4.5417877e-05,7.8743746e-05,0.99941885,0.00024702985
ISIC_0025560,HAM_0003894,nv,1,2.7202097e-05,1.3812302e-05,0.00016264389,4.043834e-05,5.614308e-05,0.9995023,0.00019749551
ISIC_0024625,HAM_0005780,nv,1,2.1308977e-05,1.4992737e-05,8.104997e-05,2.8037488e-05,0.0022734422,0.9975272,5.3938224e-05
ISIC_0031891,HAM_0000506,nv,1,2.4374807e-05,8.309324e-06,9.739783e-05,2.827527e-05,0.00053117576,0.99913365,0.00017683896
ISIC_0027833,HAM_0003461,nv,1,9.061411e-05,0.00010962215,0.00015027534,4.5253226e-05,0.0006839262,0.9987173,0.00020300901
ISIC_0031492,HAM_0003638,nv,1,2.6137843e-05,6.1539563e-06,0.00010814016,2.9967186e-05,0.00016419105,0.9996315,3.3824883e-05
ISIC_0031928,HAM_0007214,nv,1,2.4797731e-05,1.1375424e-05,0.00015872886,5.8393085e-05,0.00081878575,0.99875796,0.00016991743
ISIC_0028340,HAM_0000908,nv,1,8.135052e-05,1.5678383e-05,0.0002482633,5.8366142e-05,0.000267586,0.9992725,5.618501e-05
ISIC_0032237,HAM_0003370,nv,1,8.328489e-06,9.717991e-06,7.163168e-05,0.0002898857,0.00010450376,0.99948406,3.1832962e-05
ISIC_0030869,HAM_0004838,nv,1,8.329317e-06,1.1099398e-05,0.00010553981,4.52041e-05,0.00016713553,0.99958354,7.9219535e-05
ISIC_0031553,HAM_0001285,nv,1,1.7324412e-05,8.279937e-06,7.170258e-05,3.428589e-05,0.0003454308,0.9994968,2.6134321e-05
ISIC_0026602,HAM_0003571,nv,1,8.26548e-06,7.5405173e-06,7.9093654e-05,6.3724445e-05,5.6650024e-05,0.99970216,8.250583e-05
ISIC_0032298,HAM_0000694,nv,1,9.217743e-06,4.55421e-06,3.5266276e-05,4.5327037e-05,0.00048163426,0.9993699,5.4169952e-05
ISIC_0027641,HAM_0006084,nv,1,3.161444e-05,1.8877841e-05,0.0001483408,5.6193952e-05,0.00016399797,0.99943155,0.00014943127
ISIC_0025462,HAM_0000367,nv,1,1.7080509e-05,3.745328e-05,0.00033003787,0.00011649635,0.00015478539,0.9989905,0.00035378867
ISIC_0031834,HAM_0004640,nv,1,1.1166776e-05,7.1957447e-06,5.743411e-05,6.204045e-05,4.617214e-05,0.9997762,3.980287e-05
ISIC_0029681,HAM_0000583,nv,1,0.0003354743,4.87563e-05,0.0044493186,0.00022944479,0.0015876157,0.9932219,0.00012745608
ISIC_0031538,HAM_0004868,nv,1,2.4307867e-05,1.4458301e-05,0.00039732133,3.481941e-05,0.0011621041,0.99833775,2.9263674e-05
ISIC_0026463,HAM_0006948,nv,1,1.498156e-05,1.0316797e-05,9.186285e-05,0.00015489658,0.0008530451,0.99873227,0.00014255813
ISIC_0032295,HAM_0006106,nv,1,4.0992876e-05,3.0822408e-05,0.0020498207,5.002971e-05,0.00012938758,0.99750024,0.00019874281
ISIC_0028893,HAM_0007556,nv,1,1.2260111e-05,6.2131217e-06,0.000105061335,3.0344067e-05,0.00033823258,0.9994343,7.3613715e-05
ISIC_0030254,HAM_0006759,nv,1,1.6648537e-05,1.1014762e-05,8.487916e-05,6.444666e-05,2.1066286e-05,0.9997415,6.048294e-05
ISIC_0030719,HAM_0000633,nv,1,0.00011607924,1.5511438e-05,0.0008030003,5.0760806e-05,0.0084207365,0.99056506,2.8866203e-05
ISIC_0025933,HAM_0006095,nv,1,1.8947254e-05,1.0545736e-05,0.00012592695,4.0703228e-05,0.0005707392,0.99919564,3.7387876e-05
ISIC_0031717,HAM_0001228,nv,1,0.00011171054,0.00017816461,0.00017868735,8.6915345e-05,7.707796e-05,0.9990338,0.00033358752
ISIC_0025889,HAM_0002801,nv,1,1.4521625e-05,9.275688e-06,6.7311455e-05,3.7446178e-05,4.5992165e-05,0.9997769,4.8506303e-05
ISIC_0026951,HAM_0003861,nv,1,1.1814153e-05,1.1339393e-05,6.358667e-05,4.4760654e-05,0.0003227621,0.999491,5.468147e-05
ISIC_0030290,HAM_0004391,nv,1,9.148436e-06,1.193181e-05,0.00010049092,7.3055526e-05,5.7034777e-05,0.999635,0.00011337182
ISIC_0028620,HAM_0000939,nv,1,1.0883094e-05,6.652701e-06,0.00025882592,0.00018592535,6.150657e-05,0.9994344,4.1678435e-05
ISIC_0030946,HAM_0001084,nv,1,3.2839787e-05,6.360069e-06,0.00035583007,0.00012288155,2.3676723e-05,0.99937266,8.588994e-05
ISIC_0032458,HAM_0001602,nv,1,1.9701672e-05,1.1856676e-05,0.00017925931,9.537838e-05,0.00044644176,0.99917763,6.957618e-05
ISIC_0030832,HAM_0003756,nv,1,2.2620976e-05,7.2796915e-06,5.1452284e-05,3.646732e-05,0.00018774571,0.9996561,3.840449e-05
ISIC_0026725,HAM_0001289,nv,1,2.0799245e-05,5.7870334e-06,6.422279e-05,4.3989025e-05,0.0011289659,0.99870384,3.2340587e-05
ISIC_0024892,HAM_0001419,nv,1,5.4655375e-05,2.4731527e-05,0.00036318318,4.6932193e-05,0.011108887,0.9883399,6.16912e-05
ISIC_0024576,HAM_0003936,nv,1,1.3348389e-05,1.610123e-05,0.000119788965,8.3544546e-05,5.675032e-05,0.9985424,0.0011680317
ISIC_0024502,HAM_0001732,nv,1,1.0265805e-05,7.4959685e-06,0.0001258902,8.6544125e-05,8.4870204e-05,0.99963605,4.8879854e-05
ISIC_0029098,HAM_0000333,nv,1,3.0312522e-05,6.705453e-05,0.00017752989,0.0031714733,2.8867971e-05,0.99644727,7.7557066e-05
ISIC_0027952,HAM_0003773,nv,1,6.2019813e-06,1.0716063e-05,9.579146e-05,7.160449e-05,5.90154e-05,0.9995927,0.00016396436
ISIC_0030908,HAM_0004474,nv,1,1.7531616e-05,9.834345e-06,0.00015028061,2.0317177e-05,3.8180548e-05,0.99966717,9.67387e-05
ISIC_0031472,HAM_0003316,nv,1,8.680316e-06,8.02798e-06,3.458369e-05,4.0531257e-05,2.558772e-05,0.9998442,3.8449245e-05
ISIC_0028456,HAM_0001742,nv,1,6.300442e-06,1.0696501e-05,7.164849e-05,0.00010666802,2.9275547e-05,0.9997186,5.6734003e-05
ISIC_0028253,HAM_0007406,nv,1,3.3888802e-05,8.4698695e-05,0.00035646427,0.00058893114,3.2273827e-05,0.99859065,0.00031300812
ISIC_0030793,HAM_0001712,nv,1,0.00011244992,0.00012278055,0.00076284795,5.3638843e-05,0.8988182,0.10005983,7.036936e-05
ISIC_0031221,HAM_0001712,nv,1,8.788323e-05,0.00041155977,0.0121100405,6.442244e-05,0.91260254,0.07461892,0.000104567946
ISIC_0025863,HAM_0004156,nv,1,1.2634084e-05,1.2055527e-05,0.00046197898,4.594357e-05,0.003158595,0.9962852,2.346568e-05
ISIC_0024387,HAM_0004156,nv,1,6.671051e-05,0.00013555084,0.0035578972,0.00019955015,0.074599855,0.9213227,0.00011776862
ISIC_0024869,HAM_0007373,nv,1,0.00027877613,0.00016165868,0.00086711766,0.00018789398,0.729088,0.26926625,0.00015038844
ISIC_0024723,HAM_0007373,nv,1,7.728113e-05,5.890732e-05,0.0002510551,4.5787554e-05,0.9794195,0.020129664,1.7721766e-05
ISIC_0031904,HAM_0005700,nv,1,0.0008316613,6.860107e-05,0.0132918935,0.00019734407,0.025051745,0.9604749,8.388778e-05
ISIC_0033253,HAM_0002434,nv,1,0.00018463479,3.7657646e-05,0.0010267976,0.00010058045,0.040182717,0.95844483,2.2751472e-05
ISIC_0033974,HAM_0002434,nv,1,0.00028093957,6.0579703e-05,0.0067338166,0.00013492798,0.0030396185,0.98967487,7.524555e-05
ISIC_0033941,HAM_0002434,nv,1,0.00034830873,5.6472472e-05,0.02247326,0.00015623034,0.004305884,0.9725333,0.00012651918
ISIC_0033798,HAM_0006539,nv,1,2.0196261e-05,0.00059995515,0.00046067592,0.00012073324,0.004069037,0.99468863,4.0717965e-05
ISIC_0033014,HAM_0006539,nv,1,5.5263055e-05,0.0022931702,0.0010461798,0.00030853372,0.0026744502,0.99349034,0.00013205233
ISIC_0032516,HAM_0006539,nv,1,2.4986584e-05,0.0003302606,0.0016633372,0.00042634679,0.002868381,0.9946398,4.6955414e-05
ISIC_0033688,HAM_0004424,nv,1,3.0386313e-05,5.2495e-06,0.00010229486,0.00015689767,0.000824497,0.99887294,7.7431205e-06
ISIC_0033557,HAM_0004424,nv,1,4.4607652e-05,8.227447e-06,4.37876e-05,7.4776755e-05,0.00080157403,0.9989969,3.0153586e-05
ISIC_0032865,HAM_0007519,nv,1,0.000101773265,0.00010665746,0.004697467,0.0002338731,0.081973694,0.9128345,5.1980696e-05
ISIC_0033726,HAM_0007519,nv,1,0.00020400148,0.00024994783,0.019151177,0.0005496811,0.25749415,0.72216016,0.00019089451
ISIC_0034009,HAM_0002915,nv,1,0.00011795811,0.00012532074,0.91920745,8.2509025e-05,0.020830171,0.05957188,6.4635715e-05
ISIC_0034305,HAM_0002915,nv,1,0.0001901644,0.00083251507,0.8296409,0.0002223247,0.032452647,0.1364974,0.00016393194
ISIC_0034097,HAM_0002915,nv,1,0.0005583316,0.0012805325,0.621927,0.00048698552,0.035500314,0.34012294,0.00012385278
ISIC_0032881,HAM_0004585,nv,1,4.1094318e-05,0.00018417196,0.0018655283,0.00018256035,0.009372707,0.9883187,3.5149835e-05
ISIC_0032896,HAM_0004063,nv,1,0.00024439298,0.00025587165,0.0010298125,0.00018811598,0.002419359,0.99480385,0.0010586182
ISIC_0034166,HAM_0004063,nv,1,3.674402e-05,7.778709e-05,0.0003453982,0.00015883129,0.000583219,0.99745244,0.0013455544
ISIC_0024319,HAM_0003062,nv,1,0.00022702763,9.6317475e-05,0.0012165603,0.00024571523,0.3383081,0.6597928,0.00011348973
ISIC_0028625,HAM_0006790,nv,1,0.0009520265,0.00020092442,0.000595763,7.8529614e-05,0.98172796,0.016339919,0.00010485079
ISIC_0026328,HAM_0002881,nv,1,0.0005328454,5.4221364e-05,0.0017981973,0.00012338883,0.01664121,0.98049164,0.00035843483
ISIC_0029334,HAM_0002881,nv,1,0.0005173143,3.9253373e-05,0.0011886338,8.358773e-05,0.0143625755,0.98356956,0.00023905125
ISIC_0029257,HAM_0005085,nv,1,0.00020017404,3.081783e-05,0.00019726319,0.00013465322,0.07338568,0.92601,4.138901e-05
ISIC_0030225,HAM_0005085,nv,1,0.00023597536,3.490376e-05,0.00017847176,0.00015842634,0.1092531,0.8900909,4.8270147e-05
ISIC_0029566,HAM_0004787,nv,1,7.128426e-05,2.507205e-05,0.00033991216,0.0010459812,0.00037873682,0.99804187,9.705417e-05
ISIC_0030397,HAM_0005614,nv,1,1.1333167e-05,2.2626908e-05,0.0002744602,3.5045243e-05,0.0004428632,0.9989423,0.00027134543
ISIC_0032355,HAM_0005888,nv,1,0.00016577037,0.00024691422,0.014141833,0.0012006088,0.0012855519,0.9750958,0.007863432
ISIC_0025742,HAM_0003723,nv,1,0.0023500028,0.00032829418,0.0130625395,0.00025768107,0.0014070243,0.9824614,0.00013316199
ISIC_0032141,HAM_0003723,nv,1,0.0037513012,0.0003668331,0.017778877,0.00033926516,0.0012446214,0.9763981,0.0001209687
ISIC_0028217,HAM_0000763,nv,1,0.0025183482,0.00011969797,0.009398008,0.0002997475,0.10262922,0.8848513,0.00018359021
ISIC_0030115,HAM_0003822,nv,1,0.18220703,0.0018848617,0.15876867,0.0018738499,0.4207579,0.23327403,0.0012337107
ISIC_0024352,HAM_0004897,nv,1,0.00010856274,6.701432e-05,0.001672287,0.00012398255,0.9346011,0.06335245,7.461401e-05
ISIC_0026293,HAM_0004897,nv,1,0.0003314688,0.00018413019,0.051757,0.0002472908,0.82076067,0.12636036,0.0003591039
ISIC_0024926,HAM_0006367,nv,1,0.0011892562,0.0013528783,0.0035090991,0.006361919,0.048347097,0.9375312,0.0017085291
ISIC_0026805,HAM_0006323,nv,1,0.00031107257,5.31663e-05,0.0028162214,4.2636966e-05,0.97084755,0.02572106,0.00020823331
ISIC_0024680,HAM_0006323,nv,1,0.00037501028,0.00023790593,0.010096279,0.0002430725,0.7534532,0.23523957,0.00035505262
ISIC_0029465,HAM_0006323,nv,1,0.0002863998,6.2546125e-05,0.00050363,0.00011237505,0.9303594,0.06845633,0.000219376
ISIC_0025759,HAM_0000014,nv,1,0.00031255858,0.00010266904,0.035775777,0.00019407204,0.07441763,0.8890572,0.00014005814
ISIC_0031366,HAM_0000014,nv,1,0.0012166646,0.00059064326,0.14680158,0.0011769307,0.07751024,0.7721958,0.0005081728
ISIC_0025640,HAM_0000014,nv,1,0.00074689195,0.00015412986,0.027754541,0.0004373633,0.076333985,0.8943129,0.00026014337
ISIC_0027908,HAM_0001104,nv,1,0.00023074723,0.012403054,0.03229699,0.00066768937,0.055261876,0.8988766,0.00026300745
ISIC_0028787,HAM_0001934,nv,1,0.020035423,0.0012332589,0.20619054,0.00035960044,0.17740054,0.5943061,0.0004745359
ISIC_0026008,HAM_0001934,nv,1,0.0062586875,0.0013876654,0.43769792,0.00064785004,0.0984296,0.45513383,0.00044439163
ISIC_0026753,HAM_0001934,nv,1,0.0047504045,0.00011310472,0.026771978,0.00043188434,0.06730474,0.9005275,0.000100401136
ISIC_0031134,HAM_0001934,nv,1,0.0040801694,0.00011984316,0.042667117,0.00047306405,0.13800043,0.8145594,9.993734e-05
ISIC_0027183,HAM_0001104,nv,1,0.0007180851,0.027652377,0.045881376,0.0016166501,0.00640804,0.9170633,0.0006602402
ISIC_0029252,HAM_0004095,nv,1,0.00022542941,3.4689085e-05,0.9965455,0.00017275834,5.7192632e-05,0.0029162846,4.8161026e-05
ISIC_0026017,HAM_0004095,nv,1,0.00032255246,0.00022473856,0.94476146,0.0006848471,0.001498768,0.052166894,0.00034068333
ISIC_0027783,HAM_0001679,nv,1,0.00049315137,0.00039858688,0.84253925,0.00025936542,0.03560043,0.12043471,0.00027448006
ISIC_0030263,HAM_0003672,nv,1,9.451923e-05,1.4694527e-05,0.0003481085,7.19767e-05,0.016020361,0.9834315,1.8831332e-05
ISIC_0031985,HAM_0000406,nv,1,1.4067559e-05,1.5724178e-05,0.00019275011,3.9801736e-05,0.0033690534,0.99633634,3.2326996e-05
ISIC_0030890,HAM_0000406,nv,1,5.119453e-05,0.00015954903,0.00036272337,0.00011380207,0.27258635,0.7266349,9.144253e-05
ISIC_0029808,HAM_0003540,nv,1,2.9618312e-05,1.4266641e-05,0.00013549037,8.462227e-05,0.004951934,0.99477094,1.3117401e-05
ISIC_0031524,HAM_0007206,nv,1,7.00681e-05,1.8711813e-05,0.0028512771,0.00037989588,0.0021126904,0.99451894,4.8440048e-05
ISIC_0032437,HAM_0007601,akiec,1,0.9992912,0.00023186357,8.434527e-05,5.201438e-05,0.00018422698,6.466976e-05,9.164538e-05
ISIC_0031043,HAM_0006217,akiec,1,0.24166955,0.028391557,0.024736365,0.011833917,0.6692288,0.020297961,0.0038419103
ISIC_0027303,HAM_0000490,akiec,1,0.019952845,0.0020323487,0.004227513,0.00010088867,0.96703154,0.006295709,0.0003590813
ISIC_0030953,HAM_0005924,akiec,1,0.9255574,0.0018060431,0.015004135,0.0004010198,0.05226739,0.004749005,0.00021507007
ISIC_0025196,HAM_0005924,akiec,1,0.23467925,0.09593668,0.6607502,0.0014767743,0.0058980742,0.00092233863,0.0003366689
ISIC_0027529,HAM_0004568,akiec,1,0.81869256,0.00075978995,0.032976482,0.00031181716,0.14450783,0.0015303281,0.001221276
ISIC_0024463,HAM_0004568,akiec,1,0.5469715,0.0041558365,0.004010313,0.000464908,0.44036317,0.003441947,0.0005923082
ISIC_0028795,HAM_0004568,akiec,1,0.8977466,0.0033145614,0.03655127,0.001186469,0.0569444,0.0024440042,0.0018126859
ISIC_0026206,HAM_0000490,akiec,1,0.938337,0.0012474011,0.008130106,0.00030390287,0.019728191,0.030682703,0.0015707152
ISIC_0027447,HAM_0007601,akiec,1,0.9993001,0.00036484262,0.00012441211,2.4570074e-05,8.822139e-05,3.4379715e-05,6.33576e-05
ISIC_0027536,HAM_0007601,akiec,1,0.99765944,0.0015430057,0.0003278839,0.00010307253,0.0001957884,0.00010572311,6.500702e-05
ISIC_0026702,HAM_0005228,akiec,1,0.99937916,6.165351e-05,0.00011676952,4.896283e-05,0.00014639029,0.000109480774,0.00013758813
ISIC_0025157,HAM_0004491,bkl,1,0.0004170926,8.6810556e-05,0.99880433,0.00020733455,6.246627e-05,0.00037976715,4.2102005e-05
ISIC_0028846,HAM_0004491,bkl,1,0.00062279956,4.7119258e-05,0.99908566,3.834511e-05,6.612514e-05,0.00012420333,1.5891235e-05
ISIC_0026159,HAM_0004491,bkl,1,0.0009710623,0.00014960961,0.9981844,0.00010252427,0.00016383332,0.00035627576,7.227586e-05
ISIC_0027451,HAM_0000207,bkl,1,0.00012297322,9.823448e-05,0.997436,0.00023866302,0.0011419381,0.0009455451,1.6626373e-05
ISIC_0030396,HAM_0004570,bkl,1,0.008719171,0.1460048,0.8175366,0.0034505108,0.00072965113,0.022977566,0.00058172864
ISIC_0026219,HAM_0006399,bkl,1,0.07682536,0.0015960175,0.8480181,0.0020533334,0.03863022,0.03062624,0.0022507452
ISIC_0031061,HAM_0004010,bkl,1,0.015277313,0.00027520675,0.96287507,0.0010325516,0.019274652,0.0011586638,0.000106516934
ISIC_0028611,HAM_0004695,bkl,1,0.02954338,0.009395921,0.00088432606,0.9308098,0.026664168,0.001676518,0.0010258362
ISIC_0033460,HAM_0005847,bkl,1,0.0005086518,0.0003261729,0.65150285,0.0001822531,0.3419794,0.005414056,8.6596185e-05
ISIC_0032804,HAM_0006026,bkl,1,9.4840485e-05,0.00021922243,0.9829269,0.00023064234,0.0043349355,0.012086599,0.000106840496
ISIC_0033924,HAM_0006026,bkl,1,0.00013513726,0.00018872206,0.9892758,0.00027973147,0.0042556296,0.0057461825,0.000118793265
ISIC_0033531,HAM_0006026,bkl,1,0.00051746116,0.0016111067,0.9615272,0.0011469172,0.023628846,0.0110746175,0.0004937649
ISIC_0030056,HAM_0003982,bkl,1,3.1412354e-05,4.6697267e-05,0.9988788,0.000106162894,4.243538e-05,0.0008802527,1.4325555e-05
ISIC_0030488,HAM_0005262,bkl,1,0.00039830277,0.00030036122,0.93650275,0.000111581074,0.00133565,0.06116877,0.00018253445
ISIC_0031002,HAM_0007051,df,1,4.847729e-05,5.9628088e-05,0.00019399147,0.99528354,0.0018333643,0.0024937058,8.735347e-05
ISIC_0025668,HAM_0007051,df,1,8.4343046e-05,0.00010153862,0.0004863096,0.98281246,0.0020176666,0.014267675,0.00022994082
ISIC_0024330,HAM_0006188,df,1,0.0008607202,0.035403512,0.0008607202,0.9475885,0.009764223,0.005095381,0.00042692036
ISIC_0027188,HAM_0006188,df,1,0.022530543,0.4597627,0.010098139,0.4679159,0.004705251,0.03396198,0.001025563
ISIC_0025303,HAM_0003558,mel,1,5.6164004e-05,0.00015118593,0.009482301,7.113676e-05,0.9503676,0.039844085,2.7533004e-05
ISIC_0030129,HAM_0003558,mel,1,9.492873e-05,0.00024099278,0.010307492,0.0002233176,0.5359511,0.45308247,9.9678946e-05
ISIC_0032583,HAM_0000006,mel,1,0.0030422185,0.0035636674,0.0032305282,0.00024062338,0.9355202,0.053400572,0.001002238
ISIC_0034162,HAM_0000006,mel,1,0.0005511666,0.0013280029,0.003423095,0.00010810801,0.65995544,0.33444914,0.0001849786
ISIC_0032187,HAM_0000006,mel,1,0.0004972758,0.0015787967,0.007386335,0.00010577278,0.84875643,0.14156468,0.00011063262
ISIC_0033074,HAM_0005368,mel,1,0.000111245274,0.0001772494,0.0008042804,0.00012337803,0.008700296,0.99002695,5.670766e-05
ISIC_0034087,HAM_0005368,mel,1,7.767994e-05,9.0110305e-05,0.00033260073,6.8285044e-05,0.0033192025,0.99607855,3.360606e-05
ISIC_0032722,HAM_0005368,mel,1,0.00014917315,0.00060901686,0.0010502336,0.00011482268,0.06018074,0.9377151,0.00018099458
ISIC_0033663,HAM_0004240,mel,1,8.990457e-06,0.0001328253,0.00032224954,3.633015e-05,0.9900776,0.009407746,1.4282775e-05
ISIC_0034284,HAM_0004240,mel,1,2.0227078e-05,0.00037172524,0.0007638139,0.00012647315,0.9750318,0.023658443,2.7485617e-05
ISIC_0032517,HAM_0004240,mel,1,1.02925615e-05,0.00017838793,0.0002096798,3.9148377e-05,0.97902465,0.020518407,1.9570034e-05
ISIC_0032968,HAM_0001272,mel,1,0.059125893,0.3229259,0.057897422,0.0006635991,0.5150272,0.043671273,0.00068868743
ISIC_0029265,HAM_0001272,mel,1,0.01677674,0.48457623,0.007408371,0.00010849814,0.48647276,0.0041924054,0.00046489487
ISIC_0029933,HAM_0007305,mel,1,0.0033369288,0.0064730574,0.028756376,0.0012396344,0.86748457,0.09179006,0.00091942056
ISIC_0025708,HAM_0006593,mel,1,0.0001828517,7.294678e-05,0.0016961097,0.00026423516,0.07678115,0.92088413,0.0001186358
ISIC_0026989,HAM_0003558,mel,1,1.7404134e-05,1.379472e-05,0.00016686844,0.00018556532,0.0013439758,0.99823004,4.2449254e-05
ISIC_0027900,HAM_0000563,mel,1,0.0028716102,0.0003497293,0.013915425,0.019923195,0.3267672,0.63604134,0.00013145227
ISIC_0031103,HAM_0001372,vasc,1,7.73598e-06,8.044147e-06,1.2122957e-05,1.2265859e-05,1.7096108e-05,3.988574e-05,0.99990284
ISIC_0025249,HAM_0002639,vasc,1,0.0014464691,0.004912494,0.008336058,0.21425618,0.0033796031,0.07197739,0.6956918
ISIC_0031762,HAM_0007428,bcc,1,0.00012631214,0.99932003,8.135439e-05,1.7457201e-05,4.7825775e-05,0.00031019267,9.6799595e-05
ISIC_0028106,HAM_0007428,bcc,1,2.7730548e-05,0.9992118,2.9403931e-05,3.857532e-05,2.3626722e-05,0.00046175506,0.00020706498
ISIC_0031640,HAM_0001239,bcc,1,0.21087317,0.10572351,0.57658124,0.007488483,0.024818974,0.066727825,0.007786791
ISIC_0030644,HAM_0003853,bcc,1,0.26488832,0.7006192,0.030128758,0.00072962616,0.001479654,0.001459562,0.00069485564
ISIC_0028486,HAM_0005981,bcc,1,0.0067653065,0.29781592,0.024849383,0.0051242057,0.00135513,0.66331947,0.00077062316
ISIC_0027371,HAM_0005981,bcc,1,0.01499122,0.18948881,0.08302441,0.0045620287,0.00090359576,0.70541275,0.0016171383
ISIC_0029391,HAM_0006575,bcc,1,0.0005803185,0.9985071,0.00017496789,0.0001388171,4.5777022e-05,0.00047044415,8.2648985e-05
ISIC_0024454,HAM_0005180,bcc,1,0.0004868973,0.9992519,2.4955792e-05,4.680604e-05,4.7219233e-05,8.6764696e-05,5.5420944e-05
ISIC_0028107,HAM_0003135,bcc,1,0.0005988134,0.99887365,0.00023404113,0.00010762376,2.8657043e-05,4.5973058e-05,0.00011125719
ISIC_0030339,HAM_0000915,bcc,1,0.00011529428,0.99838483,0.00019746747,0.00023086283,0.00015423902,0.00048186482,0.00043532858
ISIC_0031503,HAM_0002808,nv,1,7.594997e-05,4.2355165e-05,0.0038313528,0.0003508463,6.1027516e-05,0.9950453,0.00059317815
ISIC_0027479,HAM_0002180,nv,1,1.0027504e-05,8.988596e-06,0.00020273981,5.944888e-05,9.5208015e-05,0.9995869,3.67867e-05
ISIC_0026641,HAM_0002753,nv,1,2.3105227e-05,6.0687025e-06,5.408976e-05,4.0156858e-05,0.00048540364,0.99935323,3.7945567e-05
ISIC_0030148,HAM_0000381,nv,1,2.3707622e-05,1.674568e-05,0.00071308826,2.8877485e-05,0.0002813365,0.9987243,0.00021187194
ISIC_0032048,HAM_0000742,nv,1,0.0023115287,0.0016552047,0.67562854,0.1646026,0.00040089968,0.14870605,0.0066951653
ISIC_0030907,HAM_0006863,nv,1,4.0110255e-05,4.2697142e-05,0.00035575745,0.00021326392,0.71407366,0.2851506,0.00012403182
ISIC_0025692,HAM_0007378,nv,1,2.197606e-05,1.0140286e-05,0.0005402879,0.0001433369,0.00021138617,0.99905294,1.993142e-05
ISIC_0026948,HAM_0007619,nv,1,1.0587749e-05,5.767713e-06,0.00056083355,3.1857093e-05,9.8294586e-05,0.9992654,2.7382192e-05
ISIC_0029888,HAM_0003217,nv,1,1.5025889e-05,4.1643975e-06,0.00010363406,2.037813e-05,9.7891454e-05,0.9997329,2.593707e-05
ISIC_0028353,HAM_0000326,nv,1,0.0014793767,0.0051308596,0.9270899,0.0015129809,0.0013695365,0.041173413,0.02224395
ISIC_0030170,HAM_0006845,nv,1,1.472445e-05,2.681922e-05,0.00066258584,0.00011741108,0.00011598655,0.9989994,6.303001e-05
ISIC_0030168,HAM_0000966,nv,1,0.00011488342,0.00028102653,0.040345937,0.00018502305,0.0024336332,0.954849,0.00179051
ISIC_0025910,HAM_0000235,nv,1,1.8762807e-05,1.5403746e-05,0.00015511722,0.00039369543,9.092195e-05,0.9991787,0.00014743683
ISIC_0025979,HAM_0003470,nv,1,0.000121167766,0.0001322993,0.00055564265,0.0007353884,0.006362099,0.99146783,0.0006256416
ISIC_0024429,HAM_0006272,nv,1,0.00010270007,1.1647073e-05,0.00018898658,5.1489762e-05,0.010384024,0.9892124,4.874953e-05
ISIC_0031582,HAM_0006299,nv,1,0.00011750196,5.353428e-05,0.011973826,0.00017063074,0.00024585356,0.9871603,0.0002783167
ISIC_0028836,HAM_0004971,nv,1,0.0008323567,0.00093858957,0.115821786,0.022234878,0.0006042262,0.8591633,0.00040486676
ISIC_0025952,HAM_0004678,nv,1,1.4555826e-05,1.31758015e-05,5.011495e-05,0.00060577394,7.9576734e-05,0.9991998,3.6916375e-05
ISIC_0031685,HAM_0002054,nv,1,0.00017946935,9.202273e-05,0.0030118716,0.0023059016,0.0007220499,0.9936547,3.391946e-05
ISIC_0025815,HAM_0005036,nv,1,1.3371731e-05,9.97592e-06,0.0014169031,3.1456686e-05,0.00013554517,0.9983368,5.596819e-05
ISIC_0030332,HAM_0007035,nv,1,0.000100915546,3.2254546e-05,0.001905997,0.001581671,0.00022630896,0.99604684,0.000105965344
ISIC_0028711,HAM_0001355,nv,1,0.00010395055,7.953427e-06,0.00019714312,1.802865e-05,0.0013129715,0.99832803,3.2014243e-05
ISIC_0028403,HAM_0003309,nv,1,2.4779993e-05,1.5059207e-05,0.0010172724,3.906061e-05,0.00083270954,0.9980434,2.7698123e-05
ISIC_0029150,HAM_0005908,nv,1,3.3261604e-05,3.6889218e-05,0.0020239416,0.00033209767,3.0582236e-05,0.99749005,5.3151896e-05
ISIC_0025929,HAM_0005195,nv,1,1.0738384e-05,5.78162e-06,7.4611984e-05,2.4991885e-05,9.78932e-05,0.9997203,6.5620174e-05
ISIC_0029219,HAM_0001923,nv,1,4.5676203e-05,2.2523209e-05,0.00070376234,0.00017154055,5.5799937e-05,0.9982559,0.0007447744
ISIC_0024559,HAM_0003257,nv,1,0.00012338173,2.5287802e-05,0.001339496,0.00011522926,0.0009165844,0.9968478,0.00063219265
ISIC_0027317,HAM_0001857,nv,1,1.5026292e-05,3.9351844e-06,6.770585e-05,6.3821535e-05,4.27224e-05,0.99975973,4.701311e-05
ISIC_0027593,HAM_0004552,nv,1,1.7143886e-05,7.765178e-06,0.00010660777,2.3616702e-05,3.6793215e-05,0.9997639,4.4186487e-05
ISIC_0026628,HAM_0006935,nv,1,9.700638e-06,6.462018e-06,0.00011721536,4.6143774e-05,9.5400166e-05,0.9996499,7.519188e-05
ISIC_0031532,HAM_0004247,nv,1,1.3074316e-05,8.424941e-06,0.00014403606,5.181102e-05,6.600894e-05,0.99928004,0.0004365708
ISIC_0027080,HAM_0000648,nv,1,2.9585139e-05,6.2622394e-06,0.00017196345,4.123566e-05,0.00014121174,0.9994961,0.00011357768
ISIC_0025236,HAM_0004262,nv,1,5.4944326e-06,9.988072e-06,8.467689e-05,0.0001465096,8.0503894e-05,0.9995529,0.00011983702
ISIC_0028422,HAM_0002820,nv,1,2.2331984e-05,7.494902e-06,9.480487e-05,4.672602e-05,0.00027499752,0.99949384,5.9763486e-05
ISIC_0029992,HAM_0002735,nv,1,1.34171005e-05,5.827253e-06,5.384871e-05,4.5256686e-05,7.276273e-05,0.9997695,3.9358103e-05
ISIC_0026701,HAM_0002389,nv,1,4.529137e-05,6.7188253e-06,0.00013581057,5.988424e-05,0.00016709062,0.9995591,2.6034055e-05
ISIC_0026747,HAM_0006169,nv,1,1.1317787e-05,6.3984967e-06,0.0003131518,2.1794312e-05,5.5463825e-05,0.999537,5.4844422e-05
ISIC_0029074,HAM_0000678,nv,1,2.1875021e-05,8.874224e-05,0.0003316955,2.9493607e-05,0.00011722044,0.9983518,0.0010591566
ISIC_0032268,HAM_0000487,nv,1,0.017778255,0.052472122,0.8501716,0.0010637969,0.005858533,0.07200159,0.0006541075
ISIC_0028248,HAM_0002245,nv,1,2.1126974e-05,5.092145e-06,8.198266e-05,2.3362603e-05,0.00012816854,0.9996886,5.1655345e-05
ISIC_0030215,HAM_0002978,nv,1,7.4386758e-06,5.9190575e-06,5.0586514e-05,3.580122e-05,8.1889804e-05,0.99977607,4.2266616e-05
ISIC_0027092,HAM_0007582,nv,1,8.9851665e-06,1.2695888e-05,0.00020410864,6.3786145e-05,0.00042956046,0.9992054,7.5342155e-05
ISIC_0025189,HAM_0007185,nv,1,5.295889e-05,6.805684e-06,0.0006975966,2.793464e-05,0.00044493758,0.99873275,3.697126e-05
ISIC_0028374,HAM_0005398,nv,1,3.4811517e-05,3.515314e-05,0.0005571171,0.00019227619,0.0183526,0.98071986,0.00010806803
ISIC_0029451,HAM_0006981,nv,1,1.9312556e-05,4.12859e-05,0.00023550497,7.091888e-05,0.0046161576,0.99486744,0.00014933104
ISIC_0026047,HAM_0001208,nv,1,9.606545e-05,0.00011352487,0.00035233778,0.00010067573,0.00029460492,0.99854374,0.00049898814
ISIC_0025686,HAM_0002146,nv,1,0.00015166702,3.895132e-05,0.0018859659,7.206345e-05,0.00058132823,0.99719656,7.348477e-05
ISIC_0025037,HAM_0002893,nv,1,1.2555061e-05,4.254991e-06,5.1710005e-05,2.8823144e-05,8.069847e-05,0.9997696,5.2268475e-05
ISIC_0029863,HAM_0000804,nv,1,5.8724204e-06,1.0226214e-05,5.3086733e-05,5.6043395e-05,0.00011127207,0.99967825,8.522678e-05
ISIC_0025026,HAM_0000173,nv,1,2.322553e-05,1.3285301e-05,6.813043e-05,0.00011583718,0.0020303333,0.99771285,3.625454e-05
ISIC_0024557,HAM_0001247,nv,1,1.921836e-05,4.974394e-06,5.043623e-05,2.7341486e-05,9.092776e-05,0.9997305,7.6606244e-05
ISIC_0029551,HAM_0006640,nv,1,2.1638441e-05,1.6493841e-05,8.126484e-05,0.00022981263,0.0022573173,0.9972459,0.00014758337
ISIC_0028564,HAM_0003204,nv,1,1.5285666e-05,1.7559363e-05,0.00025341305,7.762701e-05,0.00032277784,0.9992957,1.7628088e-05
ISIC_0030568,HAM_0002406,nv,1,2.4213192e-05,1.3138797e-05,0.0001107644,3.9148665e-05,0.020719917,0.9790318,6.105055e-05
ISIC_0025334,HAM_0006557,nv,1,1.7669008e-05,5.3887425e-06,8.68426e-05,2.7878807e-05,0.00012977078,0.99966097,7.146966e-05
ISIC_0027581,HAM_0005205,nv,1,0.0002629012,3.8527338e-05,0.0006006859,9.742691e-05,0.0002614929,0.997969,0.00076997903
ISIC_0024681,HAM_0006341,nv,1,1.8086053e-05,5.041972e-06,0.000272341,4.964545e-05,2.7551017e-05,0.9995524,7.4891424e-05
ISIC_0026543,HAM_0000599,nv,1,2.0434483e-05,7.932234e-06,5.9505666e-05,4.3259806e-05,0.00026668588,0.99956495,3.718319e-05
ISIC_0030641,HAM_0006079,nv,1,3.2553227e-05,1.478797e-05,0.0001447581,0.00010841881,0.00061633735,0.9974474,0.0016357696
ISIC_0025916,HAM_0002382,nv,1,0.00022003896,7.784675e-05,0.003383665,0.0003283878,0.0065062814,0.9846629,0.0048209135
ISIC_0024565,HAM_0005486,nv,1,2.7916842e-05,3.7639657e-05,0.00072350894,0.0028116724,0.00012114686,0.9961488,0.00012933853
ISIC_0028039,HAM_0000035,nv,1,1.2384477e-05,8.2176775e-06,8.115222e-05,4.291063e-05,5.2115138e-05,0.9997614,4.177358e-05
ISIC_0031010,HAM_0002910,nv,1,2.6771686e-05,1.2895471e-05,5.0952793e-05,5.0064966e-05,0.0006317398,0.99917835,4.9240665e-05
ISIC_0029424,HAM_0000297,nv,1,1.1406461e-05,8.677579e-06,6.205541e-05,6.408781e-05,0.00027716407,0.999529,4.755631e-05
ISIC_0027377,HAM_0005105,nv,1,8.833135e-06,9.476571e-06,6.3912434e-05,7.32402e-05,6.8367444e-05,0.99971825,5.7768273e-05
ISIC_0025021,HAM_0002222,nv,1,5.3827498e-05,1.8729885e-05,0.00013026534,0.00020928451,8.159761e-05,0.99937564,0.00013071134
ISIC_0024389,HAM_0001760,nv,1,1.0589984e-05,1.2478051e-05,9.099346e-05,0.00024668247,2.8814688e-05,0.9994764,0.00013413532
ISIC_0028011,HAM_0007489,nv,1,2.1857428e-05,1.6179734e-05,0.00012910989,0.00019785685,5.918301e-05,0.9994991,7.658851e-05
ISIC_0032326,HAM_0000280,nv,1,4.5691417e-05,9.804564e-06,0.0007973434,0.000485269,4.0204573e-05,0.9985884,3.336333e-05
ISIC_0030934,HAM_0004355,nv,1,1.1859703e-05,1.2575369e-05,0.0003584674,7.499223e-05,3.7763744e-05,0.99943274,7.159303e-05
ISIC_0026116,HAM_0002855,nv,1,8.281465e-06,6.919424e-06,0.00010727121,8.906676e-05,8.184207e-05,0.99968135,2.538446e-05
ISIC_0025787,HAM_0004469,nv,1,6.8257696e-06,2.1841046e-05,6.488771e-05,7.892192e-05,4.6600137e-05,0.99972576,5.515021e-05
ISIC_0031183,HAM_0002292,nv,1,2.0234445e-05,6.28673e-06,3.9385668e-05,2.678012e-05,0.00037258764,0.9994931,4.1558953e-05
ISIC_0026757,HAM_0007076,nv,1,2.6199414e-05,7.5799194e-06,0.00073345646,9.9748395e-05,5.1597402e-05,0.99905497,2.6404898e-05
ISIC_0031327,HAM_0007137,nv,1,1.6694326e-05,5.8146557e-06,0.00022710684,8.586397e-05,7.4345364e-05,0.9995585,3.1587588e-05
ISIC_0025230,HAM_0001966,nv,1,3.0233981e-05,7.2234006e-06,9.181782e-05,4.7844245e-05,8.276843e-05,0.999706,3.4126024e-05
ISIC_0030865,HAM_0007012,nv,1,2.4708384e-05,1.3329172e-05,0.0001672919,5.292423e-05,0.0003293861,0.9990544,0.00035806934
ISIC_0024491,HAM_0002452,nv,1,0.00018232848,3.629036e-05,0.00053970085,0.00033831384,0.00012145696,0.9986986,8.323186e-05
ISIC_0030478,HAM_0000894,nv,1,1.955144e-05,1.1382002e-05,0.0009886979,0.00061757944,0.004793433,0.99349713,7.221802e-05
ISIC_0032475,HAM_0007448,nv,1,6.2657055e-05,4.10915e-05,0.00019451103,0.00019641985,0.29730687,0.7021449,5.348885e-05
ISIC_0032294,HAM_0007448,nv,1,7.330773e-05,4.8643094e-05,0.00014636044,0.00012992167,0.20488682,0.7946696,4.542899e-05
ISIC_0028373,HAM_0002715,nv,1,0.0001251592,0.0001350653,0.0081308,0.00013989814,0.010168474,0.98105454,0.0002460089
ISIC_0024714,HAM_0002715,nv,1,0.000965031,0.0029093232,0.04901563,0.0004215908,0.12838453,0.8177792,0.0005246782
ISIC_0026303,HAM_0001680,nv,1,8.167179e-05,0.0015599603,0.0008836458,0.00037727793,0.059779126,0.93693095,0.00038735796
ISIC_0030125,HAM_0001680,nv,1,7.771624e-05,0.0006270053,0.0005750915,0.00013666293,0.022848897,0.97536236,0.0003722146
ISIC_0025905,HAM_0004138,nv,1,3.859274e-05,0.00016845978,0.0014344585,0.00034096342,0.029030755,0.9689067,8.01206e-05
ISIC_0030184,HAM_0004138,nv,1,3.5916248e-05,0.00022545122,0.001387308,0.00018400792,0.092838034,0.90524006,8.924149e-05
ISIC_0033827,HAM_0001697,nv,1,5.7084777e-05,0.00018735667,0.0037448292,0.0007352434,0.0024775993,0.9927254,7.244435e-05
ISIC_0033497,HAM_0001697,nv,1,0.0002081139,0.0007946719,0.0045786067,0.012321983,0.2186258,0.763079,0.0003918574
ISIC_0033605,HAM_0003884,nv,1,4.4893335e-05,1.156339e-05,6.919348e-05,3.915666e-05,0.011912506,0.9878763,4.6363657e-05
ISIC_0033961,HAM_0003884,nv,1,3.374287e-05,9.471253e-06,7.7162804e-05,2.923055e-05,0.010366225,0.98944736,3.6770893e-05
ISIC_0033702,HAM_0003884,nv,1,4.0682102e-05,1.10137835e-05,9.721082e-05,3.445908e-05,0.011775272,0.9880064,3.4865276e-05
ISIC_0033943,HAM_0001839,nv,1,0.012430745,0.15188178,0.0291397,0.0039769863,0.47334346,0.32405555,0.0051717944
ISIC_0033434,HAM_0001839,nv,1,0.0072776484,0.12607267,0.012473746,0.00236617,0.055999074,0.7944729,0.0013377112
ISIC_0033006,HAM_0003744,nv,1,0.00030657285,7.8580786e-05,0.00078515813,0.00011935426,0.07545673,0.9228491,0.00040455966
ISIC_0032518,HAM_0003744,nv,1,0.001259298,8.7130866e-05,0.0009785896,0.00018919946,0.003429819,0.9937173,0.0003386046
ISIC_0033548,HAM_0003744,nv,1,6.88853e-05,1.2230431e-05,0.00011683506,4.9907798e-05,0.0006991223,0.9989641,8.897027e-05
ISIC_0033015,HAM_0006396,nv,1,0.13751231,0.0012701604,0.39596695,0.00096064183,0.072251916,0.3890674,0.0029705663
ISIC_0033928,HAM_0006396,nv,1,0.1936357,0.00036089154,0.11528692,0.0007304463,0.05848164,0.6287369,0.002767465
ISIC_0032510,HAM_0002601,nv,1,2.1214302e-05,2.0722875e-05,0.00015419161,2.8855273e-05,0.006665336,0.9930952,1.4354314e-05
ISIC_0032798,HAM_0002602,nv,1,1.8909823e-05,1.1160021e-05,0.0002582529,2.2194352e-05,0.00049876876,0.9991714,1.9358258e-05
ISIC_0031848,HAM_0001136,nv,1,0.0002870274,0.053326413,0.0007028092,0.0008436204,0.0045997053,0.939711,0.00052947307
ISIC_0025726,HAM_0001120,nv,1,0.0001846183,4.5286863e-05,0.0045744944,7.1525086e-05,0.81414354,0.18095176,2.8786082e-05
ISIC_0026705,HAM_0007275,nv,1,0.00039200502,3.344321e-05,0.0018073102,0.0004481212,0.0059987237,0.99125177,6.862102e-05
ISIC_0027248,HAM_0004830,nv,1,0.00084835105,0.00011336346,0.0006027471,0.0008134645,0.28623933,0.71122193,0.0001608076
ISIC_0027567,HAM_0004830,nv,1,0.00058809004,0.00013147717,0.00096111203,0.0005650086,0.32176206,0.67586935,0.00012278979
ISIC_0027003,HAM_0007528,nv,1,0.00020247829,4.9377748e-05,0.00044877923,0.001351305,0.12394893,0.87392503,7.412478e-05
ISIC_0030264,HAM_0007221,nv,1,7.3412186e-05,2.388004e-05,0.00041937508,0.00025849565,0.01651634,0.9826841,2.4303517e-05
ISIC_0026804,HAM_0000924,nv,1,0.00071755523,0.0011222777,0.014475958,0.0020282173,0.30042675,0.68100077,0.0002284503
ISIC_0031194,HAM_0000924,nv,1,0.0003665063,0.00051786716,0.010948836,0.0009313479,0.16081344,0.8263047,0.00011737146
ISIC_0027821,HAM_0006126,nv,1,2.8036296e-05,2.1707127e-05,0.00022404996,5.4892404e-05,0.0010875722,0.99845934,0.00012448966
ISIC_0027715,HAM_0006126,nv,1,2.2018843e-05,2.1051605e-05,0.00023005862,4.7163365e-05,0.0005073016,0.9990447,0.00012764115
ISIC_0030990,HAM_0004665,nv,1,0.00014429363,1.7711141e-05,0.0006803664,6.421777e-05,0.00089083816,0.9981383,6.421777e-05
ISIC_0025170,HAM_0003113,nv,1,2.8207034e-05,2.1291788e-05,0.00013856898,0.00014750591,0.008742046,0.9908993,2.302191e-05
ISIC_0031811,HAM_0003113,nv,1,2.9824643e-05,1.709343e-05,0.00015460025,0.00013458163,0.0037934761,0.99584866,2.1650369e-05
ISIC_0024520,HAM_0003113,nv,1,3.970918e-05,1.5841562e-05,0.000119362885,0.00014461322,0.0036915762,0.9959628,2.6169384e-05
ISIC_0028706,HAM_0002986,nv,1,0.00010599231,0.00024333067,0.0004801549,0.00028007186,0.008444717,0.0076739993,0.9827718
ISIC_0025039,HAM_0005457,nv,1,0.00014192871,4.9530594e-05,0.002533003,0.0001947528,0.81392354,0.1830353,0.0001218732
ISIC_0027147,HAM_0000366,nv,1,0.0037679034,0.00013121696,0.18658045,0.0023077764,0.04685354,0.7598791,0.0004799717
ISIC_0030621,HAM_0001101,nv,1,0.00036788007,0.00021584355,0.0096748825,0.00092124473,0.2524597,0.73624593,0.00011463364
ISIC_0032136,HAM_0001458,nv,1,0.0002881677,0.00032941936,0.0020345103,0.0002701803,0.08792555,0.9090753,7.6805554e-05
ISIC_0029138,HAM_0003355,nv,1,8.97461e-05,0.00025994267,0.0003363908,6.451556e-05,0.0013021724,0.9978824,6.489469e-05
ISIC_0029286,HAM_0005450,nv,1,0.00068339176,0.00013668695,0.03072194,0.007893899,0.034778543,0.9254226,0.00036294662
ISIC_0029679,HAM_0000366,nv,1,0.010379685,0.00018305086,0.03925869,0.001150158,0.20550002,0.7429305,0.0005978607
ISIC_0028580,HAM_0006881,nv,1,0.0004202529,6.369703e-05,0.0016556524,0.00012075774,0.0008536625,0.99683553,5.0487008e-05
ISIC_0025798,HAM_0006881,nv,1,0.0004057331,0.00010153886,0.0021165675,6.937886e-05,0.00080237834,0.99634403,0.00016036828
ISIC_0026922,HAM_0006881,nv,1,0.00061806367,6.06759e-05,0.0042996495,0.00010240998,0.001707779,0.9931844,2.7135942e-05
ISIC_0030534,HAM_0002647,nv,1,0.06293057,0.0016049407,0.085806146,0.0016558869,0.38287026,0.46092853,0.0042037517
ISIC_0032284,HAM_0002647,nv,1,0.013344307,0.0005787703,0.060791336,0.00050481246,0.5170152,0.40660328,0.0011623178
ISIC_0025123,HAM_0001126,nv,1,0.0002833029,0.00041746968,0.6154509,0.0001714966,0.0012909301,0.3821422,0.00024374585
ISIC_0028276,HAM_0001126,nv,1,0.00064135366,0.000758657,0.15240309,0.0006501824,0.013155262,0.8319684,0.00042308174
ISIC_0030176,HAM_0005450,nv,1,0.00057103735,0.00035043433,0.026850523,0.0068781297,0.06434818,0.90052736,0.0004743321
ISIC_0032697,HAM_0002027,nv,1,0.00016828136,3.0676252e-05,0.0001175941,0.0001927472,0.07581025,0.923558,0.00012239799
ISIC_0034043,HAM_0006625,nv,1,0.00010893418,4.0705734e-05,0.93779886,0.00013359934,0.0004954133,0.06137318,4.929266e-05
ISIC_0033916,HAM_0005641,nv,1,0.00031473426,0.00014679445,0.00092709024,0.00016059363,0.8500886,0.14830141,6.071683e-05
ISIC_0032554,HAM_0005641,nv,1,0.0009730317,0.000119433585,0.012135061,0.0001418309,0.4186832,0.5678186,0.0001288865
ISIC_0033556,HAM_0004199,nv,1,0.0008702003,0.00012390368,0.21883364,0.00015878506,0.0041272393,0.7758326,5.3603475e-05
ISIC_0034130,HAM_0007172,nv,1,2.6093618e-05,7.843551e-05,0.002009097,6.2108214e-05,0.0008225213,0.99696606,3.5596157e-05
ISIC_0027795,HAM_0001526,akiec,1,0.992475,0.00047273882,0.002798227,0.00019880653,0.0027315714,0.00059352664,0.0007300502
ISIC_0032329,HAM_0005027,akiec,1,0.93637455,0.00018683757,0.014190354,0.0009053889,0.04652838,0.0014064081,0.0004080908
ISIC_0027084,HAM_0006893,akiec,1,0.6709007,0.24393514,0.014380134,0.018718636,0.002862198,0.042994086,0.0062090256
ISIC_0031874,HAM_0001922,akiec,1,0.9997477,4.2224165e-05,9.035395e-05,9.912274e-06,4.8268623e-05,2.2912085e-05,3.859601e-05
ISIC_0031335,HAM_0000501,akiec,1,0.9868688,0.0018967512,0.00027232055,0.00047793746,0.008430379,0.00031160787,0.0017422574
ISIC_0026138,HAM_0005027,akiec,1,0.6698972,0.00078436895,0.028765451,0.0012731565,0.29668504,0.0021134785,0.00048135177
ISIC_0026981,HAM_0000909,akiec,1,0.98649836,0.00081348786,0.0017890086,0.008686237,0.00042909684,0.0015842002,0.00019954855
ISIC_0031286,HAM_0000909,akiec,1,0.9750117,0.0013438456,0.010496873,0.0044495417,0.0031306436,0.005240282,0.00032708
