image_id,lesion_id,diagnosis,fold,p_akiec,p_bcc,p_bkl,p_df,p_mel,p_nv,p_vasc
ISIC_0026769,HAM_0002730,bkl,2,0.7537205,0.055189006,0.084235415,0.00092306425,0.100423545,0.004692287,0.00081619393
ISIC_0025661,HAM_0002730,bkl,2,0.34674123,0.04515064,0.20363967,0.014925497,0.3745507,0.011443774,0.0035485798
ISIC_0025767,HAM_0001949,bkl,2,0.011976251,7.149212e-05,0.95139146,7.2759925e-05,0.008393494,0.027954603,0.00013997476
ISIC_0032417,HAM_0001949,bkl,2,4.562762e-05,4.298253e-06,0.99816847,5.35892e-07,3.588355e-05,0.0017442291,9.2232847e-07
ISIC_0025915,HAM_0001601,bkl,2,0.012031014,0.07795566,0.6086942,0.0030837911,0.17593332,0.11161182,0.010690162
ISIC_0031029,HAM_0001601,bkl,2,0.003658735,0.012984015,0.2741084,0.00079280394,0.5430044,0.16383752,0.0016140685
ISIC_0032128,HAM_0004884,bkl,2,0.00048205775,0.036971685,0.90984786,0.00035475355,0.0042052097,0.047844917,0.00029352718
ISIC_0025937,HAM_0004884,bkl,2,6.994872e-05,0.019019714,0.9698259,7.621442e-06,0.0026844293,0.008382448,9.97914e-06
ISIC_0027960,HAM_0003569,bkl,2,0.02033283,0.0014593037,0.46209565,0.0666525,0.41746864,0.02807812,0.0039129346
ISIC_0026955,HAM_0003569,bkl,2,0.061716624,0.054507963,0.2991067,0.0031954818,0.56318766,0.008509899,0.0097757215
ISIC_0029022,HAM_0001473,bkl,2,0.0006549352,0.000494854,0.97405577,7.0943235e-05,0.01635534,0.008215954,0.00015225426
ISIC_0025388,HAM_0003007,bkl,2,0.000100500496,0.00035086685,0.9900148,1.4365795e-05,4.975135e-05,0.009462431,7.337331e-06
ISIC_0028080,HAM_0003007,bkl,2,0.047197472,0.0071292324,0.83211374,0.0006217299,0.056598406,0.055314314,0.0010250593
ISIC_0033041,HAM_0002040,bkl,2,0.01020006,0.0032221533,0.14785348,0.0063395496,0.43797386,0.3933648,0.00104608
ISIC_0033900,HAM_0002040,bkl,2,0.012334836,0.002112819,0.9002843,0.0019770716,0.058459584,0.024262723,0.00056865753
ISIC_0033361,HAM_0002040,bkl,2,0.00012963114,0.00012012359,0.46885666,0.0011508852,0.36800978,0.16171637,1.651297e-05
ISIC_0033482,HAM_0006663,bkl,2,0.00063673535,0.00031954597,0.934129,0.00042915705,0.05522907,0.009095488,0.00016099193
ISIC_0033201,HAM_0006663,bkl,2,0.00036278696,0.00024380162,0.97987765,0.00016821807,0.01415578,0.0051019117,8.986495e-05
ISIC_0033716,HAM_0006938,bkl,2,0.0019193795,0.0058289785,0.21127778,0.00045058125,0.70641655,0.07380422,0.00030250597
ISIC_0034011,HAM_0006938,bkl,2,0.002285267,0.003169682,0.058137506,0.0001996844,0.8410793,0.094921045,0.00020763892
ISIC_0033613,HAM_0006938,bkl,2,0.0043663867,0.0022063034,0.52994,0.00016765785,0.4316805,0.031423893,0.00021527694
ISIC_0032877,HAM_0003770,bkl,2,0.012568111,0.00034895173,0.50894225,0.00047602982,0.36089408,0.116708376,6.219808e-05
ISIC_0034175,HAM_0003770,bkl,2,0.03211229,0.0048672054,0.74093336,0.0020568834,0.124550045,0.09512352,0.0003567353
ISIC_0033523,HAM_0003770,bkl,2,0.004801933,0.00084140623,0.5718082,0.00024678363,0.23743583,0.18455441,0.00031135505
ISIC_0033973,HAM_0005386,bkl,2,0.0015141751,0.0012346274,0.02742226,0.00028926771,0.20844504,0.7609726,0.00012200614
ISIC_0033761,HAM_0005386,bkl,2,0.10246545,0.06651296,0.15411958,0.0019629484,0.074563764,0.5989336,0.0014417445
ISIC_0033505,HAM_0005386,bkl,2,0.00032507893,0.0005454692,0.021283954,0.0005605901,0.10173858,0.87546074,8.546702e-05
ISIC_0033736,HAM_0007625,bkl,2,0.40842077,0.0077330326,0.0650013,0.022343518,0.49457768,0.0015772098,0.00034646702
ISIC_0033378,HAM_0007625,bkl,2,0.5169384,0.002670588,0.10149342,0.008234028,0.36300188,0.0070774104,0.0005843632
ISIC_0033778,HAM_0004975,bkl,2,0.00026412567,7.1926435e-05,0.6894246,0.00049732195,0.25862744,0.05082739,0.00028726622
ISIC_0032863,HAM_0004975,bkl,2,0.000518839,0.00046236714,0.4439853,0.00062828884,0.22281425,0.3305869,0.0010040026
ISIC_0034168,HAM_0004975,bkl,2,0.00011972519,7.790667e-05,0.8885164,0.00021637129,0.037469886,0.07336247,0.0002371737
ISIC_0033410,HAM_0007384,bkl,2,0.000867253,0.9013238,0.0493811,0.00015503504,0.0050261565,0.04319733,4.9358987e-05
ISIC_0032725,HAM_0007384,bkl,2,0.0004284417,0.015967628,0.9821108,0.00010737911,7.510926e-05,0.0013049556,5.6908843e-06
ISIC_0033587,HAM_0004091,bkl,2,0.00011841625,1.888312e-05,0.024639264,0.00037964818,0.79238266,0.18241684,4.4248918e-05
ISIC_0032675,HAM_0004091,bkl,2,0.0004231153,0.00012075195,0.05026119,0.00071693736,0.20670563,0.7414735,0.00029886395
ISIC_0033642,HAM_0006018,bkl,2,8.732563e-05,0.0012328761,0.03854138,0.00065349793,0.8703714,0.089087866,2.5712772e-05
ISIC_0033486,HAM_0006018,bkl,2,0.00078342744,0.0011310097,0.45361614,0.0020822776,0.17903188,0.36306983,0.00028540604
ISIC_0034003,HAM_0007402,bkl,2,0.0023180586,0.0001987776,0.99233055,0.00013581956,0.0016655639,0.0033489608,2.2168622e-06
ISIC_0033079,HAM_0007402,bkl,2,0.00040353823,0.00030579884,0.9798876,0.0052408352,0.013066543,0.0010056177,9.021759e-05
ISIC_0034125,HAM_0004406,bkl,2,3.2359803e-05,3.2170752e-05,0.72399664,4.6808167e-05,0.005352481,0.2705378,1.7420141e-06
ISIC_0033060,HAM_0004406,bkl,2,0.00020343403,5.2758893e-05,0.93559265,0.00016931281,0.0038686243,0.060044527,6.867631e-05
ISIC_0032215,HAM_0002050,bkl,2,0.007856804,0.0013015142,0.8949174,0.0011666699,0.05743407,0.036223218,0.0011002744
ISIC_0030705,HAM_0004141,bkl,2,9.9279605e-05,2.5646947e-05,0.9953311,5.7234614e-05,0.00017994776,0.0042132395,9.353819e-05
ISIC_0030272,HAM_0006697,bkl,2,0.0002927809,1.9367653e-05,0.9651227,5.7595706e-05,0.0019166436,0.03251268,7.826407e-05
ISIC_0032063,HAM_0006630,bkl,2,4.012287e-06,3.3589452e-06,0.9996321,1.1273053e-06,0.00024726364,0.0001055836,6.4871942e-06
ISIC_0026298,HAM_0002529,bkl,2,0.00032395733,0.00049109,0.9694828,6.3294545e-05,0.028541869,0.0010125834,8.450932e-05
ISIC_0029010,HAM_0003293,bkl,2,0.0035876906,0.0009313464,0.96510345,0.0013926657,0.024806421,0.003807905,0.00037046397
ISIC_0024581,HAM_0001995,bkl,2,0.00016720546,0.00011604628,0.995131,0.00020748182,0.0012691973,0.0029093027,0.00019972827
ISIC_0028970,HAM_0001435,bkl,2,0.0025957683,0.00039372453,0.986406,0.0005956862,0.008075964,0.0018843256,4.8421716e-05
ISIC_0028354,HAM_0000122,bkl,2,0.0006444749,0.0009335936,0.87016976,8.678238e-06,0.120793074,0.0074334717,1.6924925e-05
ISIC_0024626,HAM_0007621,bkl,2,0.0008512142,3.195847e-05,0.9398727,0.00015978228,0.035115235,0.023899784,6.93959e-05
ISIC_0031321,HAM_0007621,bkl,2,0.0002661038,1.3719231e-05,0.9986015,6.556896e-06,0.00044618433,0.000662969,2.9786042e-06
ISIC_0032486,HAM_0002121,bkl,2,0.0015777192,0.00022137727,0.051587787,0.00039157647,0.86913955,0.076839775,0.00024218745
ISIC_0028233,HAM_0002392,bkl,2,0.00049576693,0.005408647,0.8704878,0.00089596625,0.0052756225,0.11263268,0.004803509
ISIC_0025485,HAM_0005260,bkl,2,0.00083455455,6.1302104e-05,0.9956256,0.00012286997,0.00069474755,0.002642514,1.8406228e-05
ISIC_0028856,HAM_0004501,bkl,2,0.00088464865,0.000102555634,0.98878634,0.00044897533,0.00042342406,0.009331467,2.2660874e-05
ISIC_0024412,HAM_0003835,bkl,2,0.009257804,0.5567668,0.07751937,0.2271617,0.039033946,0.088567734,0.00169257
ISIC_0024883,HAM_0006541,bkl,2,0.0014906644,0.07788838,0.010337478,0.00047181486,0.10635687,0.8029436,0.0005111508
ISIC_0028200,HAM_0005074,bkl,2,0.039460197,6.73566e-05,0.9393746,0.00014769615,0.013295185,0.007597593,5.7388537e-05
ISIC_0026923,HAM_0000198,bkl,2,0.9160007,0.00095672364,0.08225802,8.448783e-06,0.00056133134,0.00020469527,1.0072447e-05
ISIC_0029519,HAM_0005546,bkl,2,0.16905619,0.012309336,0.70897824,0.00052151416,0.10394926,0.0050603827,0.00012508607
ISIC_0026644,HAM_0004259,bkl,2,0.001218048,0.0046898196,0.9261522,2.5403519e-05,0.025815124,0.041984,0.00011541791
ISIC_0030812,HAM_0005558,bkl,2,0.23986828,0.6313519,0.05024691,0.0064866,0.049237467,0.009049832,0.013758977
ISIC_0029802,HAM_0005558,bkl,2,0.054838017,0.82736903,0.09210584,0.00023555482,0.022431422,0.002625631,0.00039448007
ISIC_0032230,HAM_0000744,bkl,2,0.13790971,5.031679e-05,0.84315103,2.0250565e-05,0.011448167,0.0073465155,7.407348e-05
ISIC_0029525,HAM_0000744,bkl,2,0.9693879,1.4400063e-05,0.013963273,7.4706545e-06,0.014951175,0.0016509645,2.4784076e-05
ISIC_0029474,HAM_0000744,bkl,2,0.0032641527,0.00019386211,0.9038446,2.128841e-05,0.09107976,0.0015159351,8.034162e-05
ISIC_0026265,HAM_0001597,bkl,2,0.0017507988,0.0014026908,0.97967464,9.126121e-05,0.007933215,0.009048963,9.848435e-05
ISIC_0024426,HAM_0001597,bkl,2,0.0008223984,0.00040237367,0.99633056,2.4592939e-05,0.00039963244,0.001963941,5.6514124e-05
ISIC_0031016,HAM_0001603,bkl,2,0.047355395,0.0024206787,0.8443272,0.085248575,0.0015311822,0.018883873,0.00023298706
ISIC_0026044,HAM_0006945,bkl,2,0.00045596104,5.679223e-05,0.0070562228,0.00043253924,0.032755345,0.9591229,0.00012022915
ISIC_0026444,HAM_0001539,bkl,2,0.0028566725,0.0028233912,0.96668845,0.004091995,0.008660638,0.013836281,0.0010427327
ISIC_0024422,HAM_0001605,bkl,2,0.025364935,0.0035090325,0.34556618,0.0019190395,0.42010164,0.2027515,0.0007875722
ISIC_0027806,HAM_0001273,bkl,2,0.0019666383,0.0032046626,0.9635857,0.0019647183,0.011196299,0.017926615,0.00015539883
ISIC_0024760,HAM_0003856,bkl,2,0.018421968,0.00026073033,0.9597462,1.2532564e-05,0.004044053,0.017441567,7.2970055e-05
ISIC_0028881,HAM_0001605,bkl,2,0.03500134,0.000837341,0.3267754,0.00024800148,0.5657211,0.07115489,0.00026194175
ISIC_0032116,HAM_0003275,bkl,2,0.0030212114,0.0010814623,0.9651267,0.00028739971,0.0227642,0.0068517597,0.0008672837
ISIC_0026895,HAM_0003605,bkl,2,0.0044848383,0.01495595,0.72675765,0.0001695363,0.1511512,0.102274,0.00020691041
ISIC_0025064,HAM_0006541,bkl,2,0.006975658,0.10591549,0.0045948965,0.0010162883,0.079249606,0.80117464,0.0010734143
ISIC_0026514,HAM_0007598,bkl,2,0.0060560256,0.018915273,0.8288167,0.0064529036,0.07199809,0.0670441,0.00071695994
ISIC_0026378,HAM_0004426,bkl,2,0.00032983252,0.000110912464,0.98129845,3.6789985e-05,0.016589973,0.0015716233,6.2337895e-05
ISIC_0027192,HAM_0001024,bkl,2,0.018160492,0.0015391511,0.87395406,0.00013318253,0.07749212,0.027847376,0.0008735628
ISIC_0028223,HAM_0006595,bkl,2,0.0012093452,0.0023219856,0.9961981,3.6980114e-06,4.290409e-05,0.00021788494,6.07322e-06
ISIC_0026614,HAM_0001232,bkl,2,0.0004791664,0.00036310937,0.9942492,0.0009736309,0.00067178503,0.0031459897,0.000117081254
ISIC_0028550,HAM_0000259,bkl,2,0.19007371,0.08844646,0.14267178,0.091228984,0.40336964,0.081829555,0.002379858
ISIC_0024477,HAM_0000259,bkl,2,0.03333044,0.04830644,0.6030372,0.034632795,0.19180343,0.087471664,0.001417996
ISIC_0026493,HAM_0000259,bkl,2,0.00073138135,5.3762888e-05,0.9294942,0.0009996797,0.04964775,0.019029086,4.4224143e-05
ISIC_0029678,HAM_0000383,bkl,2,0.0002935996,0.00023776421,0.0055238646,0.001296688,0.7648625,0.22742158,0.00036396607
ISIC_0031937,HAM_0000833,bkl,2,0.001045257,2.5548848e-05,0.9973508,1.3252588e-06,0.00024346831,0.0013078491,2.574923e-05
ISIC_0025719,HAM_0000833,bkl,2,0.0035278492,3.1830845e-05,0.99260896,1.6543441e-06,0.001444296,0.002356949,2.836629e-05
ISIC_0030683,HAM_0001024,bkl,2,0.002439254,0.0002466434,0.9203901,8.540432e-05,0.022795327,0.05367787,0.00036522796
ISIC_0028237,HAM_0006327,bkl,2,0.00032406588,6.331577e-05,0.994747,6.018078e-05,0.0015486763,0.003212781,4.3857548e-05
ISIC_0029585,HAM_0006327,bkl,2,8.9439935e-05,1.581795e-05,0.99642247,5.4452257e-06,0.0003073456,0.0031467143,1.2859903e-05
ISIC_0027990,HAM_0001073,bkl,2,0.00021262688,1.5876061e-05,0.99618405,9.3344475e-05,0.0015688123,0.0019137205,1.1502296e-05
ISIC_0029841,HAM_0003605,bkl,2,0.0029630088,0.002485376,0.45105797,0.00015042908,0.49539027,0.047773864,0.00017898821
ISIC_0030965,HAM_0006475,bkl,2,0.001076883,0.00021878205,0.6637455,0.00044454902,0.32729688,0.0069445856,0.00027281095
ISIC_0030458,HAM_0004494,bkl,2,0.01813418,0.0012702696,0.38910085,0.00071954937,0.48804182,0.101900294,0.0008330632
ISIC_0026335,HAM_0003856,bkl,2,0.08181643,0.0021392067,0.9004688,2.3384584e-05,0.0003986224,0.015090243,6.3318075e-05
ISIC_0026070,HAM_0002268,bkl,2,0.0046054525,0.0051277285,0.05664266,0.013536178,0.57782567,0.33770165,0.0045606964
ISIC_0032024,HAM_0002303,bkl,2,0.39882848,0.0009071876,0.58828014,0.0014725107,0.007959346,0.0025220069,3.0263991e-05
ISIC_0032235,HAM_0002268,bkl,2,0.0011679091,0.0005549232,0.19756635,0.0017481105,0.736921,0.06198515,5.646797e-05
ISIC_0031459,HAM_0004494,bkl,2,0.0023962087,0.00015169583,0.7368641,0.00018549897,0.08546496,0.17467906,0.0002585478
ISIC_0024612,HAM_0000383,bkl,2,0.0008224757,0.00045956834,0.027841737,0.0017343928,0.5984885,0.3701612,0.00049208285
ISIC_0031707,HAM_0000383,bkl,2,0.001063763,0.00029887835,0.07399519,0.00080926815,0.7561342,0.16675074,0.00094798004
ISIC_0027681,HAM_0006531,bkl,2,4.128965e-05,4.1532294e-05,0.9891451,3.330702e-05,0.009697238,0.0010333721,8.210202e-06
ISIC_0025040,HAM_0006541,bkl,2,0.0015245959,0.001109985,0.022734368,0.001172378,0.15811633,0.8140345,0.001307882
ISIC_0029302,HAM_0006737,bkl,2,0.0011294562,0.00023767348,0.96086127,0.0012212333,0.010874109,0.025332492,0.00034379255
ISIC_0027953,HAM_0006907,bkl,2,0.0015071977,0.00012934742,0.9903972,0.00070129713,0.00011939339,0.007131434,1.4148539e-05
ISIC_0028995,HAM_0006945,bkl,2,0.0005362773,4.6404002e-05,0.012630011,0.0005560088,0.04808594,0.9379465,0.0001988327
ISIC_0026142,HAM_0006945,bkl,2,0.00015464114,1.9814612e-05,0.03554686,0.00019207847,0.10612332,0.857864,9.92605e-05
ISIC_0030372,HAM_0000881,bkl,2,0.0029391611,0.97870445,0.007492595,0.00085743546,0.00058414944,0.009352044,7.017669e-05
ISIC_0028404,HAM_0000881,bkl,2,0.023093414,0.96862304,0.005054714,0.00032177908,0.0006324786,0.002237956,3.659959e-05
ISIC_0029849,HAM_0003605,bkl,2,0.010473245,0.0014418307,0.53586507,0.00070269225,0.40686923,0.043986484,0.0006614088
ISIC_0024312,HAM_0001359,bkl,2,0.44076952,0.0042458586,0.07577588,0.0029756879,0.47287667,0.0030881884,0.0002682664
ISIC_0030976,HAM_0001722,bkl,2,0.011152834,0.91053957,0.0102344155,0.017341454,0.040651213,0.001968592,0.0081119165
ISIC_0024881,HAM_0004696,bkl,2,0.14808285,0.70853657,0.062404428,0.0056583,0.06032223,0.0048492625,0.010146287
ISIC_0028628,HAM_0001359,bkl,2,0.28464413,0.0022909674,0.27454275,0.03911471,0.3640654,0.034463875,0.00087808643
ISIC_0026539,HAM_0004696,bkl,2,0.13954124,0.2035276,0.54095745,0.007876223,0.08815809,0.017525434,0.0024138698
ISIC_0029764,HAM_0004696,bkl,2,0.10784153,0.72412187,0.14540035,0.00096639665,0.012661589,0.0027800244,0.0062282807
ISIC_0029329,HAM_0002844,bkl,2,0.001573985,0.51222646,0.46095395,0.00023349549,0.0029205577,0.022027297,6.420924e-05
ISIC_0028121,HAM_0004389,bkl,2,0.0009985924,0.0004531883,0.9912651,0.00014871769,0.005768994,0.0012522097,0.000113138456
ISIC_0031831,HAM_0004448,bkl,2,6.452731e-05,7.4779935e-05,0.99903935,1.27434605e-05,0.00057456427,0.00022726614,6.7680007e-06
ISIC_0031000,HAM_0002193,bkl,2,0.012729837,0.9153799,0.061446525,0.00016892218,0.007807759,0.0024390407,2.8010045e-05
ISIC_0029029,HAM_0001763,bkl,2,0.0010565789,0.005545547,0.97285163,0.0014712187,0.010237244,0.00848283,0.00035494796
ISIC_0027392,HAM_0002193,bkl,2,0.00057145365,0.0026141421,0.9955733,2.5107924e-05,0.0008400298,0.0003685981,7.349761e-06
ISIC_0031037,HAM_0002303,bkl,2,0.009278524,0.0003133354,0.9506035,0.0005707114,0.022863872,0.016308188,6.182003e-05
ISIC_0026277,HAM_0000696,bkl,2,9.797256e-05,0.00014779413,0.9918664,1.7293185e-05,0.00576123,0.0020825078,2.6731945e-05
ISIC_0026016,HAM_0003789,bkl,2,9.619623e-05,0.00032195056,0.98921937,7.2047646e-05,0.003441073,0.0067901346,5.9149137e-05
ISIC_0029505,HAM_0003789,bkl,2,0.0011930261,0.0045621847,0.97130585,0.0015697354,0.006849486,0.012513834,0.0020057622
ISIC_0027735,HAM_0005896,bkl,2,0.0016378245,0.0007190148,0.8542337,0.00019541931,0.115833975,0.026692549,0.00068743003
ISIC_0024814,HAM_0005896,bkl,2,0.00055992673,0.00012420662,0.8986647,2.0355534e-05,0.06199674,0.03849465,0.00013937677
ISIC_0031277,HAM_0003789,bkl,2,6.288158e-05,0.00028099128,0.98023754,0.00015746796,0.0076991906,0.011479115,8.2817874e-05
ISIC_0031853,HAM_0003789,bkl,2,0.0002164462,0.0005947161,0.97047913,0.00022071521,0.02304746,0.0052593974,0.00018226598
ISIC_0024435,HAM_0003317,bkl,2,0.000127506,6.719094e-05,0.9820349,0.000102854945,0.0120050805,0.0055556875,0.00010674354
ISIC_0026590,HAM_0003317,bkl,2,0.0003199687,4.9453647e-05,0.9371936,5.5493736e-05,0.031819437,0.030481156,8.090076e-05
ISIC_0030998,HAM_0001053,bkl,2,8.451731e-05,0.0002768511,0.9657945,0.000101947335,0.008051365,0.02563721,5.3617645e-05
ISIC_0029464,HAM_0003789,bkl,2,0.00034400125,0.0006013873,0.94653875,0.00018341276,0.03861316,0.013475305,0.00024393343
ISIC_0024915,HAM_0003789,bkl,2,0.017739093,0.09819471,0.3701309,0.013495189,0.18448491,0.30986053,0.00609465
ISIC_0029555,HAM_0007090,bkl,2,2.0398465e-05,4.5255976e-05,0.99294287,2.4749841e-05,0.00078035326,0.006139453,4.6875306e-05
ISIC_0024602,HAM_0002984,bkl,2,0.052612476,0.037499595,0.7159061,0.073501356,0.06019178,0.059428826,0.00085979584
ISIC_0028449,HAM_0004556,bkl,2,0.00016584493,5.522655e-05,0.99477506,3.6354784e-06,0.0044389027,0.0005518088,9.46662e-06
ISIC_0028123,HAM_0004556,bkl,2,0.0054015806,0.0017227646,0.962107,0.00011045579,0.024156544,0.0064102295,9.139239e-05
ISIC_0025851,HAM_0005845,bkl,2,1.7453263e-05,2.579425e-05,0.9971451,1.8470359e-05,0.0004878915,0.0022881597,1.7115684e-05
ISIC_0034315,HAM_0000754,bkl,2,0.0003179561,3.895098e-05,0.8921294,0.00012672145,0.051023334,0.0562575,0.00010608674
ISIC_0032967,HAM_0000754,bkl,2,0.00072614173,3.594125e-05,0.91476,7.4908006e-05,0.021555152,0.06273843,0.00010941708
ISIC_0032827,HAM_0006003,bkl,2,0.0017415766,0.00054667506,0.97689635,0.00025873588,0.005557738,0.014905993,9.2978684e-05
ISIC_0033022,HAM_0006003,bkl,2,0.0005965955,0.00047240703,0.98118156,0.00034226163,0.008227709,0.00887025,0.0003092076
ISIC_0034165,HAM_0004113,bkl,2,0.00022178002,5.361153e-05,0.61024016,0.00037286535,0.2974073,0.09159423,0.00011000372
ISIC_0033185,HAM_0004113,bkl,2,0.00035124415,4.018577e-05,0.88169956,0.00043542625,0.09095519,0.026417822,0.00010043679
ISIC_0034283,HAM_0007281,bkl,2,8.307678e-05,0.0002470545,0.9076311,0.00010379538,0.018581493,0.073347844,5.6204167e-06
ISIC_0032113,HAM_0003393,bkl,2,0.0032570374,0.000719505,0.91797984,0.0006609001,0.00051070395,0.07683857,3.3487784e-05
ISIC_0027142,HAM_0004322,bkl,2,4.933115e-06,2.9896113e-05,0.9760637,1.5314241e-05,1.2695951e-05,0.023869235,4.2030665e-06
ISIC_0027370,HAM_0004308,bkl,2,1.981417e-05,6.6110406e-06,0.99901223,2.9919389e-05,3.6054444e-05,0.0008838159,1.1602738e-05
ISIC_0024383,HAM_0003668,bkl,2,0.00033023642,0.00023212352,0.99602485,0.00024137029,0.00017521605,0.0028920781,0.00010411664
ISIC_0029801,HAM_0000716,bkl,2,2.9299094e-05,3.6606023e-05,0.9995461,9.0955386e-05,4.5114208e-05,0.00019861634,5.331349e-05
ISIC_0032124,HAM_0002536,bkl,2,0.00019624006,3.337657e-05,0.9970356,3.184815e-05,8.6066466e-05,0.0026001465,1.6782795e-05
ISIC_0026441,HAM_0005993,bkl,2,5.569719e-07,2.7734131e-07,0.9996395,3.8360645e-06,1.3731442e-06,0.0003541914,2.625815e-07
ISIC_0026783,HAM_0000089,bkl,2,0.0003930557,2.0749976e-05,0.7476816,0.00014544683,0.04733318,0.20440477,2.1242047e-05
ISIC_0028958,HAM_0002912,bkl,2,4.958966e-05,0.00022486519,0.9925962,0.00011373378,0.00026418085,0.006701136,5.0272298e-05
ISIC_0029227,HAM_0007219,bkl,2,1.923328e-05,1.7073056e-05,0.0065851975,0.00036916067,8.050205e-05,0.9927207,0.00020819562
ISIC_0031362,HAM_0000105,bkl,2,6.891467e-06,6.2380936e-06,0.99953914,2.3959807e-05,5.008304e-05,0.00035484825,1.8953766e-05
ISIC_0028880,HAM_0004103,df,2,0.0041670343,0.00554203,0.043083586,0.3442152,0.4288013,0.08681901,0.08737186
ISIC_0031309,HAM_0004103,df,2,0.0020103923,0.00065076945,0.0016553191,0.96597165,0.020785743,0.0018091572,0.007117026
ISIC_0029760,HAM_0004330,df,2,0.0041067176,0.0058140676,0.08184373,0.6475338,0.23406361,0.011033162,0.015604901
ISIC_0030555,HAM_0004330,df,2,0.0019117655,0.00720085,0.008711367,0.60773927,0.34091082,0.016726136,0.0167998
ISIC_0031443,HAM_0000827,df,2,0.003373086,0.027927103,0.0005590394,0.96636623,0.0009975693,0.0005492985,0.00022764389
ISIC_0025223,HAM_0000827,df,2,2.6370407e-07,6.362158e-08,1.4935395e-08,0.9999993,3.5381456e-07,1.3921318e-08,2.6157383e-09
ISIC_0034135,HAM_0006371,df,2,1.692763e-06,2.2204217e-07,1.8847289e-06,0.99991405,5.17301e-05,3.0299394e-05,7.9481445e-08
ISIC_0033626,HAM_0006371,df,2,1.5173919e-06,2.021729e-07,2.3871926e-06,0.9999199,5.0922183e-05,2.4856903e-05,1.84801e-07
ISIC_0033780,HAM_0006371,df,2,1.2027034e-06,4.7933776e-07,2.354779e-06,0.9999207,5.2705684e-05,2.1995149e-05,4.381501e-07
ISIC_0033891,HAM_0007396,df,2,7.896252e-06,8.877995e-06,5.3961092e-05,0.996976,0.0025224597,0.00042020952,1.0584144e-05
ISIC_0033554,HAM_0007396,df,2,5.894893e-07,7.510288e-07,1.4982049e-05,0.99974066,0.00020075144,4.1366762e-05,9.2739674e-07
ISIC_0033810,HAM_0007396,df,2,4.944902e-06,2.3725897e-06,0.0010814439,0.99769294,0.00073820114,0.00047708422,3.1187103e-06
ISIC_0030830,HAM_0006794,df,2,0.00025277186,0.00018457099,0.0007458455,0.56545043,0.15012237,0.28156322,0.0016807888
ISIC_0031257,HAM_0003023,df,2,2.373305e-06,2.1270993e-07,1.9070042e-06,0.9999448,3.7045513e-05,1.3328031e-05,2.2379058e-07
ISIC_0026629,HAM_0004065,df,2,0.00077856536,0.00016003965,0.093028024,0.8774688,0.000759046,0.02776889,3.6556507e-05
ISIC_0025771,HAM_0001841,df,2,8.694623e-08,1.7495145e-07,2.0942075e-06,0.99983644,0.000106836975,5.0540195e-05,3.8293338e-06
ISIC_0028069,HAM_0001811,mel,2,0.0014910342,0.00039201014,0.008034912,0.004915242,0.098773494,0.8855321,0.00086126063
ISIC_0028579,HAM_0001811,mel,2,0.0005360105,0.000258692,0.007258051,0.0006586606,0.14746426,0.8436406,0.00018379872
ISIC_0031118,HAM_0006900,mel,2,0.019030645,0.003824066,0.09852769,0.0071094967,0.7373281,0.13336265,0.0008173773
ISIC_0030080,HAM_0006900,mel,2,0.0012638858,0.00072437234,0.013624592,0.003740247,0.863967,0.11646937,0.00021039302
ISIC_0026115,HAM_0004910,mel,2,0.0010424855,0.00022900366,0.003615608,0.00049726776,0.9440711,0.05022976,0.00031485033
ISIC_0026281,HAM_0004910,mel,2,0.0005430482,0.0005222444,0.024942951,0.00046905203,0.9010001,0.07224534,0.00027736186
ISIC_0025081,HAM_0001203,mel,2,9.481447e-05,0.00051056396,0.0011151741,0.0040119765,0.69953567,0.29332352,0.0014083361
ISIC_0030134,HAM_0001203,mel,2,0.00015769331,0.00038953312,0.00035885474,0.0023026234,0.19067168,0.8043272,0.0017924095
ISIC_0032244,HAM_0000152,mel,2,1.4604661e-06,6.245621e-06,0.01668901,9.654534e-06,0.97756314,0.0057226834,7.667256e-06
ISIC_0027102,HAM_0003782,mel,2,1.8511557e-05,5.273452e-05,3.192269e-05,0.004627998,0.9935307,0.0016647307,7.3501185e-05
ISIC_0024624,HAM_0000210,mel,2,0.00056425674,0.0016105605,0.65740544,0.009604452,0.26303455,0.067289494,0.0004911932
ISIC_0027651,HAM_0005742,mel,2,0.000787781,0.0017546094,0.07196022,0.0012588706,0.1249447,0.79742426,0.0018695968
ISIC_0030014,HAM_0005742,mel,2,0.0019104341,0.013555646,0.2802303,0.0016793793,0.59324753,0.10268905,0.0066876346
ISIC_0032220,HAM_0003521,mel,2,8.642943e-05,0.7310937,0.030471973,2.625672e-05,0.0021290472,0.011033523,0.22515911
ISIC_0031189,HAM_0006214,mel,2,0.0004994186,0.0001619792,0.0027524086,0.0008671417,0.9907505,0.0049078967,6.0645543e-05
ISIC_0032190,HAM_0006214,mel,2,0.005304212,0.0011123663,0.026871327,0.002078174,0.9593492,0.0052552307,2.9585717e-05
ISIC_0028219,HAM_0000233,mel,2,0.00053821655,0.0024693208,0.08824482,0.005237772,0.15792911,0.74465984,0.00092091743
ISIC_0026314,HAM_0000233,mel,2,0.001220229,0.025779396,0.009481395,0.0049890303,0.33374143,0.6222945,0.0024939857
ISIC_0030760,HAM_0005624,mel,2,0.0002152409,0.00077586964,0.0014214789,0.0017768507,0.60040015,0.39529318,0.000117253236
ISIC_0028565,HAM_0005624,mel,2,0.00080439326,0.00878423,0.34544486,0.003406524,0.33876336,0.30248162,0.00031500493
ISIC_0028415,HAM_0000796,mel,2,4.9921993e-05,0.00018332177,1.7524268e-05,0.8139713,0.17880575,0.0068522794,0.000119990764
ISIC_0028041,HAM_0000796,mel,2,0.00025576254,1.3768377e-05,0.00022177676,0.9751467,0.02179775,0.0025480345,1.6159865e-05
ISIC_0028325,HAM_0001729,mel,2,0.00052393327,0.00028821538,0.024277417,0.00031592505,0.95100117,0.023438742,0.00015457218
ISIC_0024537,HAM_0001729,mel,2,0.00038995675,4.349633e-05,0.011803981,0.00048247376,0.96558464,0.021605095,9.030071e-05
ISIC_0032408,HAM_0002115,mel,2,4.4306302e-07,7.835499e-05,4.475446e-05,6.298135e-06,0.99935263,0.0005141924,3.3059448e-06
ISIC_0030440,HAM_0002509,mel,2,0.00024657493,1.19684655e-05,0.0037402366,0.000217177,0.9382826,0.057347503,0.00015400157
ISIC_0024732,HAM_0002509,mel,2,0.00018341072,7.2388e-05,0.0066010235,0.0006508828,0.8601422,0.13113643,0.0012136364
ISIC_0028969,HAM_0005328,mel,2,0.0017631318,0.0004708476,0.9769881,5.8303795e-05,0.013827535,0.0067653777,0.00012685072
ISIC_0032441,HAM_0005328,mel,2,0.0023810696,0.0007707588,0.79869527,0.0002269476,0.055586502,0.1420838,0.00025566292
ISIC_0030324,HAM_0005095,mel,2,0.010265329,0.00085987843,0.34962046,0.0025571145,0.5947245,0.041634057,0.00033871207
ISIC_0027260,HAM_0002391,mel,2,0.00012100144,1.140982e-05,0.0003247667,0.00015796981,0.9301193,0.06924539,2.0300515e-05
ISIC_0027604,HAM_0002391,mel,2,4.5341927e-05,4.11172e-06,0.00026881334,7.417444e-05,0.9111248,0.08846869,1.4018867e-05
ISIC_0029434,HAM_0002391,mel,2,1.42993595e-05,1.879335e-06,0.00051614945,6.554099e-05,0.9421482,0.05724735,6.53395e-06
ISIC_0025324,HAM_0004121,mel,2,8.219763e-05,2.1908198e-05,0.080016315,0.0008366778,0.38473052,0.5341454,0.00016701955
ISIC_0026996,HAM_0004121,mel,2,0.00060756056,0.00011709288,0.016736878,0.0038025843,0.40411383,0.5732408,0.0013812454
ISIC_0024756,HAM_0007272,mel,2,0.0008678482,0.003821655,0.0019272867,0.0008729482,0.86485213,0.12754841,0.000109689936
ISIC_0025035,HAM_0007073,mel,2,0.013057309,0.0003791913,0.002932032,0.00066420296,0.9389279,0.043785773,0.0002535845
ISIC_0032888,HAM_0002939,mel,2,2.9789551e-05,1.0958965e-05,0.047254276,0.00010520138,0.36663663,0.5858836,7.956542e-05
ISIC_0033968,HAM_0002939,mel,2,5.2613803e-05,2.894282e-05,0.039500643,0.00018079313,0.18193704,0.778046,0.00025396518
ISIC_0033975,HAM_0003983,mel,2,0.007279813,0.010417673,0.037515476,0.637632,0.03182343,0.27397445,0.0013571916
ISIC_0033278,HAM_0003983,mel,2,0.021929469,0.011806977,0.074059755,0.7670245,0.047268145,0.077028766,0.0008824445
ISIC_0033679,HAM_0003983,mel,2,0.008985891,0.0062182695,0.008408553,0.78017855,0.018568855,0.17665017,0.0009896548
ISIC_0033636,HAM_0005500,mel,2,0.00041604615,7.1401423e-06,0.0046391906,1.0010388e-05,0.9939903,0.00093334937,3.9896418e-06
ISIC_0033362,HAM_0007234,mel,2,0.00032896292,0.00015478527,0.025279319,9.461834e-05,0.72165644,0.2523376,0.00014827521
ISIC_0033947,HAM_0005545,mel,2,0.011100794,0.00018319002,0.8007759,0.0002985105,0.107320055,0.08006564,0.00025582872
ISIC_0033881,HAM_0005545,mel,2,0.005992556,0.0012740211,0.68893504,0.0011782771,0.11971895,0.18219341,0.0007077159
ISIC_0029363,HAM_0005400,mel,2,0.028815439,0.0072431182,0.010905111,0.00052035245,0.9154423,0.036801558,0.00027207256
ISIC_0032602,HAM_0004811,mel,2,8.0044913e-07,5.2086216e-07,4.104908e-06,0.00012253829,0.99706775,0.0028005582,3.7448685e-06
ISIC_0032724,HAM_0004811,mel,2,1.4629019e-07,1.7784362e-07,2.9845885e-06,2.7973423e-05,0.9967068,0.0032602386,1.8208825e-06
ISIC_0033129,HAM_0004811,mel,2,1.4297899e-05,1.13548385e-05,2.0361142e-05,0.00061957486,0.9891922,0.010103726,3.848802e-05
ISIC_0034262,HAM_0000097,mel,2,0.0016090437,4.334266e-05,0.080223754,0.0003795777,0.85243833,0.065221444,8.452997e-05
ISIC_0033103,HAM_0000097,mel,2,0.0012466852,4.4142504e-05,0.092763975,0.0012613807,0.85470945,0.04994477,2.9520334e-05
ISIC_0034106,HAM_0000097,mel,2,6.847553e-05,1.6423974e-05,0.011765901,0.00089628086,0.9568466,0.030399442,6.9543485e-06
ISIC_0033240,HAM_0005303,mel,2,0.012943452,0.0002971317,0.097454816,0.00048229235,0.8534703,0.0352958,5.6157478e-05
ISIC_0032782,HAM_0005303,mel,2,0.00076687796,0.00021274644,0.004684812,0.001676652,0.89260364,0.099951945,0.0001032801
ISIC_0032522,HAM_0005303,mel,2,0.0016505477,5.6699693e-05,0.020847624,8.544946e-05,0.9594322,0.01790171,2.580735e-05
ISIC_0032718,HAM_0003202,mel,2,0.00036626955,0.0861898,0.0059239324,0.00034677706,0.8876549,0.01949628,2.1996198e-05
ISIC_0032736,HAM_0003202,mel,2,0.00020897176,0.01477938,0.004451681,0.00026571745,0.9723894,0.007856937,4.7920475e-05
ISIC_0033911,HAM_0005711,mel,2,5.040921e-05,2.480858e-05,0.00027411105,0.0028396156,0.87663484,0.12003811,0.00013810117
ISIC_0033779,HAM_0005711,mel,2,1.1464894e-05,4.989114e-06,8.588091e-05,0.0012821975,0.9273357,0.07122967,5.009389e-05
ISIC_0032638,HAM_0005711,mel,2,1.7504373e-05,1.2315864e-05,0.00011106406,0.0035404924,0.84874433,0.14748964,8.465826e-05
ISIC_0033848,HAM_0000002,mel,2,1.0905153e-05,1.6022612e-05,3.094477e-05,0.00012851329,0.997556,0.0021971131,6.0527793e-05
ISIC_0032622,HAM_0000002,mel,2,4.4978948e-05,4.13557e-05,0.000101163845,0.00038141574,0.9946049,0.0046602273,0.00016597856
ISIC_0034246,HAM_0000002,mel,2,7.236734e-06,2.3632301e-06,0.00015495502,3.93129e-05,0.9937571,0.0060256426,1.3336413e-05
ISIC_0033624,HAM_0007574,mel,2,0.0030638778,0.0003724172,0.21312286,0.00028610043,0.7280607,0.054895066,0.00019895162
ISIC_0033238,HAM_0007574,mel,2,0.00047890143,0.00029561948,0.29807147,0.0003954754,0.67434347,0.026275115,0.00013991374
ISIC_0034089,HAM_0007574,mel,2,0.0013885904,0.0003608232,0.020889083,0.00042515367,0.9418258,0.034948483,0.00016200171
ISIC_0032797,HAM_0001863,mel,2,0.00025920154,1.7433389e-05,0.0006446701,0.00014426737,0.9805679,0.018349756,1.6831142e-05
ISIC_0032596,HAM_0001863,mel,2,0.00023270742,1.1240334e-05,0.00029345244,0.00019310972,0.9946374,0.004624113,7.97059e-06
ISIC_0032856,HAM_0001863,mel,2,0.00029271364,1.4207986e-05,0.00066806807,0.00012394275,0.9868188,0.012063562,1.874914e-05
ISIC_0033193,HAM_0001863,mel,2,0.00039187647,5.4292395e-05,0.002537947,2.9288552e-05,0.995291,0.0016906372,4.9716864e-06
ISIC_0033125,HAM_0001863,mel,2,0.0014654334,0.00023957611,0.0029885774,0.00033851695,0.9934602,0.0014834316,2.4331257e-05
ISIC_0032810,HAM_0001863,mel,2,0.0005361613,1.5562813e-05,0.0021708468,0.00023003781,0.98803955,0.008993518,1.4281239e-05
ISIC_0033141,HAM_0005274,mel,2,0.00018224705,1.2696174e-05,0.0012826162,0.00023839236,0.9799011,0.018373128,9.772593e-06
ISIC_0033261,HAM_0005274,mel,2,0.00043483978,2.2911025e-05,0.00051537744,0.00084474945,0.9842025,0.0139568765,2.2821705e-05
ISIC_0032766,HAM_0005274,mel,2,0.00031081782,1.3857899e-05,0.009065704,0.00017452335,0.9700524,0.020370116,1.2519569e-05
ISIC_0033166,HAM_0005249,mel,2,0.0010282691,0.00020011923,0.010045991,0.0009830995,0.69879764,0.2884713,0.0004735424
ISIC_0033320,HAM_0005249,mel,2,0.00021935099,0.00020686767,0.002236015,0.0008351298,0.8363202,0.15992656,0.00025594688
ISIC_0032526,HAM_0005249,mel,2,1.1928944e-05,2.8504488e-05,0.0015132051,5.3986467e-05,0.38984287,0.6085361,1.3464567e-05
ISIC_0033387,HAM_0001105,mel,2,0.00612992,0.0021750438,0.008022295,0.0026364455,0.7381871,0.24153388,0.0013153716
ISIC_0025592,HAM_0001105,mel,2,0.0036463416,0.0008997039,0.0077760518,0.0028012132,0.47991416,0.503929,0.0010335322
ISIC_0032552,HAM_0001105,mel,2,0.003820248,0.0071232365,0.3002373,0.0009994952,0.17963038,0.50674635,0.0014429397
ISIC_0032730,HAM_0004284,mel,2,8.040443e-07,7.977872e-07,6.0229136e-06,2.1001513e-05,0.99764144,0.0023276217,2.2594068e-06
ISIC_0032709,HAM_0004284,mel,2,3.950566e-06,1.9633264e-06,4.0765794e-05,1.8736988e-05,0.9881072,0.0118225645,4.8782986e-06
ISIC_0033206,HAM_0004284,mel,2,3.227157e-05,5.662992e-06,0.0017827377,2.5084086e-05,0.9734871,0.024658047,9.156106e-06
ISIC_0033518,HAM_0002952,mel,2,6.3653633e-06,7.3111016e-07,0.0017274248,5.05588e-05,0.9963051,0.0019083539,1.4258635e-06
ISIC_0033843,HAM_0002952,mel,2,9.896276e-06,2.1029275e-06,0.000323704,9.583868e-05,0.9981342,0.0014305174,3.690753e-06
ISIC_0033878,HAM_0003351,mel,2,2.448678e-05,9.951693e-06,0.016673416,2.8290199e-06,0.98238915,0.0008905893,9.551776e-06
ISIC_0033607,HAM_0005627,mel,2,7.3236835e-05,1.5471676e-05,0.00037301856,0.00023070954,0.944624,0.05466248,2.110601e-05
ISIC_0033568,HAM_0005627,mel,2,0.0002463805,7.2546e-05,0.0014064449,0.00011525089,0.9504488,0.0476912,1.9373543e-05
ISIC_0027234,HAM_0005681,mel,2,0.0003532259,0.00018253677,0.42793098,0.00033117758,0.37324807,0.19745772,0.0004961864
ISIC_0033807,HAM_0001974,mel,2,0.00016254997,0.001134951,0.0023660187,0.00026332983,0.98843294,0.007583718,5.6505887e-05
ISIC_0033533,HAM_0001974,mel,2,0.00022008721,0.00029848254,0.008012439,0.0005730971,0.98487884,0.005942721,7.429817e-05
ISIC_0034173,HAM_0005021,mel,2,0.00011051989,0.00012671167,0.0012427941,7.376606e-05,0.3935368,0.6047784,0.00013098953
ISIC_0033454,HAM_0005021,mel,2,0.00073935074,0.00042044735,0.055067733,0.00036386686,0.2632271,0.67877024,0.0014112862
ISIC_0031741,HAM_0006400,mel,2,0.000468368,3.0562143e-05,0.0016809027,0.00088447693,0.64486307,0.35197824,9.432207e-05
ISIC_0033752,HAM_0000079,mel,2,0.064203754,0.00056864397,0.7247957,0.00024172138,0.20009264,0.009874852,0.00022268416
ISIC_0033424,HAM_0000079,mel,2,0.4931281,0.0014918064,0.3165273,0.000955687,0.18426852,0.0032903808,0.00033810892
ISIC_0031186,HAM_0000988,mel,2,0.12269523,0.00013443119,0.056725234,0.00017160462,0.8190466,0.0011059659,0.00012097498
ISIC_0024806,HAM_0000373,mel,2,0.00046321098,3.4823483e-05,0.0047403495,0.000628821,0.89675856,0.09732769,4.6495454e-05
ISIC_0025520,HAM_0005600,mel,2,0.0001037142,9.896478e-05,0.0004162506,0.00019300822,0.9729845,0.026132524,7.114257e-05
ISIC_0024449,HAM_0001950,mel,2,0.00013072684,5.7221976e-05,0.00051703467,0.00014134942,0.85116386,0.14791009,7.975579e-05
ISIC_0027622,HAM_0006467,mel,2,3.5386398e-05,3.672424e-05,6.01943e-05,0.00013276667,0.97954476,0.020171596,1.8466106e-05
ISIC_0026352,HAM_0001444,mel,2,5.076302e-05,8.17431e-06,7.473039e-05,8.891803e-05,0.8556272,0.14411113,3.907369e-05
ISIC_0024688,HAM_0001444,mel,2,4.746797e-05,5.625122e-06,6.7071436e-05,5.6479817e-05,0.7385166,0.261277,2.9762768e-05
ISIC_0026438,HAM_0004850,mel,2,0.00012397487,1.5885256e-05,6.0657003e-05,0.00017044935,0.09907898,0.90049857,5.147893e-05
ISIC_0028126,HAM_0004850,mel,2,2.6279646e-05,5.840921e-06,2.7974536e-05,4.4355296e-05,0.015216304,0.98465306,2.6177191e-05
ISIC_0027669,HAM_0002711,mel,2,0.00025244374,0.0001006115,0.0071365535,0.0070620254,0.9531395,0.031672996,0.00063588424
ISIC_0031795,HAM_0002711,mel,2,0.00028249033,4.8993672e-05,0.00808405,0.005998762,0.97113657,0.0140021285,0.0004470313
ISIC_0025313,HAM_0001378,mel,2,0.00022035447,0.00010844608,0.00019182154,0.00018664749,0.22524069,0.77397895,7.3092204e-05
ISIC_0024701,HAM_0000917,mel,2,0.0007753873,7.390471e-05,0.028982753,0.00038647742,0.77195597,0.19748178,0.00034374013
ISIC_0030390,HAM_0000917,mel,2,0.001248515,0.00025489277,0.0021677995,0.00074770965,0.7451283,0.25007465,0.00037818152
ISIC_0027407,HAM_0000373,mel,2,0.0008903354,0.0001442122,0.005286165,0.0014255336,0.985953,0.006277476,2.3313212e-05
ISIC_0031999,HAM_0003531,mel,2,0.0010321666,0.8936659,0.012825111,0.0015344078,0.055643477,0.034685045,0.00061393203
ISIC_0028543,HAM_0004669,mel,2,0.0007934747,6.8124944e-05,0.08515283,0.00025609852,0.8158359,0.09781906,7.452892e-05
ISIC_0024525,HAM_0005540,mel,2,0.00065597193,3.781109e-05,0.13358913,9.070409e-05,0.849271,0.016253749,0.00010158375
ISIC_0029089,HAM_0000624,mel,2,0.8506368,0.0603691,0.009348753,0.0055119735,0.06780855,0.0062642093,6.075598e-05
ISIC_0032420,HAM_0003055,mel,2,0.0014058322,0.0007350564,0.6656645,0.00054411794,0.31077436,0.019847747,0.0010285289
ISIC_0026266,HAM_0002436,mel,2,0.00076791795,0.00021491559,0.030022383,0.0010094091,0.8130327,0.15456505,0.00038764466
ISIC_0029744,HAM_0003782,mel,2,4.716323e-06,0.00011404309,0.00010629985,0.012480077,0.97034264,0.016324846,0.000627444
ISIC_0025127,HAM_0002436,mel,2,0.0052486137,0.0018280988,0.041770183,0.0040360587,0.67545456,0.26920253,0.0024599757
ISIC_0026811,HAM_0002525,mel,2,0.0042316285,0.00024344069,0.846758,0.0007513161,0.11042158,0.037167635,0.00042641806
ISIC_0027742,HAM_0005203,mel,2,0.00018232284,8.678573e-06,0.00044123075,0.00048365165,0.853372,0.14542556,8.662932e-05
ISIC_0031529,HAM_0001657,mel,2,0.00020596002,3.5511963e-05,0.0065081273,0.0008807793,0.13942195,0.8523965,0.0005511776
ISIC_0032192,HAM_0007070,mel,2,0.16934794,0.001948601,0.018886426,0.0026221292,0.7969433,0.010160207,9.1315465e-05
ISIC_0031670,HAM_0006130,mel,2,0.0008055596,0.00022044292,0.16647358,0.000127832,0.8210137,0.011284503,7.427305e-05
ISIC_0030653,HAM_0003957,mel,2,0.0018859833,0.56431985,0.22228952,0.0008401756,0.022559451,0.18645675,0.0016481999
ISIC_0025409,HAM_0001877,mel,2,0.0029663905,0.056410674,0.022675417,0.017095422,0.3355804,0.564191,0.001080669
ISIC_0030255,HAM_0002817,mel,2,0.0031670802,0.001883777,0.006007129,0.0042368737,0.7265861,0.25705615,0.0010629131
ISIC_0029495,HAM_0002817,mel,2,0.00054976606,0.00023737688,0.005145835,0.00064715045,0.77412826,0.21920751,8.414486e-05
ISIC_0031350,HAM_0003435,mel,2,0.26706055,0.0065436233,0.19962883,0.0033552365,0.44030842,0.08136936,0.0017338877
ISIC_0026870,HAM_0003587,mel,2,0.0033398976,0.0002618566,0.038862962,0.00052280223,0.8949434,0.06174002,0.00032908388
ISIC_0025105,HAM_0006955,mel,2,0.015170595,6.772757e-05,0.005096422,0.0020905463,0.856668,0.12079152,0.000115208466
ISIC_0031410,HAM_0003782,mel,2,6.551657e-06,0.00012241934,5.183561e-05,0.0032718042,0.99003863,0.005535714,0.0009730646
ISIC_0032207,HAM_0000513,mel,2,0.0018914315,0.19180411,0.037731603,0.00090398063,0.18626635,0.5805038,0.0008986994
ISIC_0030083,HAM_0005746,mel,2,4.3245695e-05,3.3282429e-06,3.474889e-05,0.0004187283,0.9963158,0.0031710549,1.3086552e-05
ISIC_0030002,HAM_0005746,mel,2,0.0006478085,8.940051e-05,0.0050360453,0.06379557,0.8602699,0.07006572,9.5538824e-05
ISIC_0029271,HAM_0005783,mel,2,0.0014302606,0.0010923435,0.96348023,0.0003720143,0.013307469,0.019647965,0.0006696954
ISIC_0031821,HAM_0003957,mel,2,0.0023711051,0.01802735,0.021066464,0.003913111,0.110191904,0.84252477,0.0019052366
ISIC_0024630,HAM_0007511,mel,2,0.00013127211,0.0001247724,0.0010477715,0.025261533,0.9497853,0.023181284,0.00046813508
ISIC_0024333,HAM_0007511,mel,2,0.0009362669,0.0026723905,0.029265404,0.14633566,0.61669815,0.19730116,0.0067909486
ISIC_0025128,HAM_0006899,mel,2,0.0009676287,0.00047343026,0.0039158887,0.0012485413,0.6563042,0.3365193,0.0005710659
ISIC_0026045,HAM_0005909,mel,2,0.002230575,0.00017798414,0.23223908,8.423812e-05,0.7209572,0.044237114,7.376136e-05
ISIC_0025550,HAM_0006899,mel,2,0.0008617794,0.0017596436,0.010247913,0.0021813742,0.47242767,0.5108161,0.0017055051
ISIC_0030925,HAM_0002613,mel,2,0.0009094278,8.5754415e-05,0.27264905,0.00032873027,0.668255,0.057374023,0.00039807634
ISIC_0030604,HAM_0002613,mel,2,0.013089527,0.00016353048,0.24179067,0.00011283264,0.67152864,0.07295407,0.00036068863
ISIC_0024958,HAM_0002613,mel,2,0.00055124797,8.4536616e-05,0.640996,8.928846e-05,0.27035666,0.087771945,0.00015040876
ISIC_0025188,HAM_0002525,mel,2,0.08691861,0.0002718225,0.3093593,0.001324955,0.56346923,0.038269743,0.0003863377
ISIC_0032745,HAM_0000494,vasc,2,0.0052772923,0.011193869,0.4806464,0.0012957844,0.103642985,0.027976973,0.36996672
ISIC_0032557,HAM_0000494,vasc,2,0.0033678368,0.00586474,0.8073545,0.00030689884,0.032078207,0.007122752,0.14390501
ISIC_0033092,HAM_0000494,vasc,2,0.005777738,0.0095959045,0.69645584,9.347967e-05,0.023562392,0.001200482,0.26331422
ISIC_0031648,HAM_0005989,vasc,2,5.646309e-09,2.1105018e-07,1.4058972e-07,4.774704e-07,7.0311435e-05,5.0722474e-06,0.9999238
ISIC_0033565,HAM_0005989,vasc,2,4.163573e-09,4.592059e-07,2.0577109e-07,3.4058698e-07,1.1625358e-05,4.434086e-06,0.99998283
ISIC_0033123,HAM_0005989,vasc,2,7.137933e-07,1.4169891e-05,1.5142808e-05,5.1823577e-06,0.00024510958,4.817076e-05,0.99967146
ISIC_0033749,HAM_0001852,vasc,2,0.031439077,0.021408204,0.16691507,0.013436219,0.6550245,0.08316527,0.028611626
ISIC_0034196,HAM_0001852,vasc,2,0.00664017,0.0026028685,0.11519809,0.0007799979,0.5363243,0.15562268,0.18283191
ISIC_0032270,HAM_0005270,vasc,2,3.9459614e-05,0.0010347129,0.0033844202,0.0002787613,0.005176397,0.2916999,0.6983863
ISIC_0031950,HAM_0005158,vasc,2,2.6996386e-06,0.0002645629,0.00014811676,0.0004040016,0.00022873661,0.0010298926,0.9979221
ISIC_0027159,HAM_0004877,vasc,2,5.2760915e-06,0.0007739187,8.204978e-05,0.0005836142,0.012563816,0.0053146617,0.98067665
ISIC_0028188,HAM_0004877,vasc,2,4.9780347e-06,0.00052491605,0.00033891128,0.0005913328,0.020422064,0.14870545,0.8294124
ISIC_0031719,HAM_0007020,vasc,2,0.006768986,0.001818293,0.6718315,0.010013687,0.047679413,0.24095662,0.02093155
ISIC_0030070,HAM_0007020,vasc,2,1.9738187e-05,0.0001288349,0.00026178305,5.6891673e-05,0.0014325669,0.0009733547,0.9971269
ISIC_0026336,HAM_0006406,vasc,2,2.1227995e-06,7.105668e-05,2.5735024e-05,8.578165e-06,0.00014559431,2.1798416e-05,0.99972516
ISIC_0031201,HAM_0004549,vasc,2,2.1432558e-09,4.578694e-07,5.2847174e-08,1.3923376e-07,1.3297497e-06,3.340044e-07,0.99999774
ISIC_0025677,HAM_0004097,vasc,2,6.785064e-07,2.1148984e-05,8.011585e-06,1.1058001e-05,0.000115918316,9.0123125e-05,0.9997532
ISIC_0025596,HAM_0005938,vasc,2,2.0175858e-06,2.4844685e-05,2.2467233e-05,1.7773045e-05,0.00016590022,9.452133e-05,0.9996724
ISIC_0027563,HAM_0002788,vasc,2,8.4173535e-06,0.0006712904,0.00039079614,0.00016939761,0.0048524016,0.026244648,0.96766305
ISIC_0029742,HAM_0002650,vasc,2,4.1809832e-07,1.1579663e-05,7.616409e-06,3.3996228e-06,2.0046979e-05,6.1020537e-06,0.99995077
ISIC_0025628,HAM_0005475,vasc,2,1.4004802e-07,3.1968302e-06,1.8959097e-06,1.3081384e-06,2.1526059e-05,2.420174e-06,0.9999695
ISIC_0024370,HAM_0001780,vasc,2,3.75471e-08,9.874515e-07,4.4944704e-07,7.2526245e-07,8.571509e-06,2.6894193e-06,0.9999865
ISIC_0025250,HAM_0004769,vasc,2,8.5062975e-06,0.00010063599,4.1787767e-05,1.1786782e-05,0.0005992565,0.00011314809,0.9991248
ISIC_0026349,HAM_0003829,vasc,2,1.6566173e-07,2.1129629e-06,3.5139155e-07,1.0108449e-06,2.181426e-05,1.1193436e-05,0.9999634
ISIC_0028155,HAM_0000781,bcc,2,0.5510997,0.24598612,0.07810533,0.0023101359,0.110011786,0.011504924,0.0009820015
ISIC_0024590,HAM_0004511,bcc,2,2.868288e-06,0.99992347,1.3406068e-05,1.4909573e-06,2.1517188e-05,3.19638e-05,5.2859027e-06
ISIC_0025932,HAM_0007262,bcc,2,0.00023409801,0.9994824,1.3205295e-05,0.00020207626,4.7137968e-05,4.09081e-06,1.7055576e-05
ISIC_0028747,HAM_0007262,bcc,2,0.0014667267,0.99652404,9.7857555e-05,4.7691963e-05,0.0010973212,5.5531887e-06,0.0007608348
ISIC_0028994,HAM_0000687,bcc,2,0.1345405,0.6693837,0.16548765,0.0014359494,0.026476428,0.0025250968,0.0001507579
ISIC_0027365,HAM_0002346,bcc,2,0.003316925,0.8084606,0.087061636,0.009302547,0.023708533,0.0670792,0.0010705567
ISIC_0026343,HAM_0002346,bcc,2,0.004237671,0.72672284,0.022290712,0.018488675,0.10261925,0.124085024,0.0015559102
ISIC_0029341,HAM_0002346,bcc,2,0.0020117422,0.1064061,0.33177924,0.04882342,0.42352414,0.08544753,0.002007817
ISIC_0025383,HAM_0001907,bcc,2,0.00051176467,0.99269354,0.0014040864,0.0008570445,0.0027180354,0.0017844905,3.0974905e-05
ISIC_0025513,HAM_0001907,bcc,2,0.010387424,0.17654993,0.008420211,0.040175486,0.10946188,0.6527674,0.00223768
ISIC_0031272,HAM_0006384,bcc,2,0.00017634867,0.9936912,0.0007872586,0.00078572246,0.0034013772,0.0008773932,0.00028070572
ISIC_0030010,HAM_0006548,bcc,2,9.966538e-06,0.99545175,0.00017156056,0.00043553577,0.0005792494,0.002842825,0.00050919293
ISIC_0029201,HAM_0000009,bcc,2,0.00026114422,0.045135148,0.1187992,0.0002631924,0.020536128,0.056061994,0.7589432
ISIC_0026439,HAM_0000009,bcc,2,0.0006436529,0.96478415,0.019848239,8.2473096e-05,0.0029429835,0.010662974,0.0010356097
ISIC_0029779,HAM_0000009,bcc,2,0.0028670728,0.2415038,0.5907639,0.00075231574,0.031856786,0.04932269,0.082933374
ISIC_0030349,HAM_0006572,bcc,2,5.6030058e-05,0.9994404,0.0001120839,0.00022741288,3.2809956e-05,9.8528064e-05,3.274594e-05
ISIC_0026091,HAM_0006572,bcc,2,6.0488823e-05,0.9998387,6.66289e-05,2.0182228e-05,4.859688e-06,8.2504785e-06,9.3111777e-07
ISIC_0034160,HAM_0006572,bcc,2,0.0028973196,0.58316696,0.08214718,0.32017386,0.0021998638,0.005672676,0.0037420942
ISIC_0027297,HAM_0003186,bcc,2,0.014083557,0.383262,0.021675017,0.0044013974,0.48354325,0.091210686,0.0018240563
ISIC_0032959,HAM_0003427,bcc,2,0.0004866553,0.29530358,0.1257742,0.0015925679,0.10503699,0.4485287,0.023277253
ISIC_0034123,HAM_0006586,bcc,2,6.7604824e-06,0.9979296,0.00012186819,2.3455045e-06,0.0017100832,0.00022801346,1.2802199e-06
ISIC_0034026,HAM_0006586,bcc,2,8.631498e-05,0.9969894,0.00067676854,1.1923497e-05,0.0018293468,0.00040205038,4.210138e-06
ISIC_0025102,HAM_0007248,bcc,2,1.2551702e-06,0.9996513,1.19787055e-05,4.2379006e-06,4.6110054e-05,0.00028294144,2.1814842e-06
ISIC_0032850,HAM_0007248,bcc,2,3.364849e-05,0.981874,0.000418416,0.00032143784,0.0017209997,0.015533183,9.8320634e-05
ISIC_0030712,HAM_0007248,bcc,2,6.7929564e-06,0.99881387,5.682121e-05,1.7312574e-05,0.00022208353,0.0008665493,1.658443e-05
ISIC_0029392,HAM_0002983,bcc,2,0.043855082,0.954291,0.00073421514,0.00010433743,0.00087318016,5.114883e-05,9.1004724e-05
ISIC_0024632,HAM_0001666,bcc,2,0.011894927,0.9816139,0.0053850766,0.00011073163,0.00011446999,0.0008166057,6.446316e-05
ISIC_0026668,HAM_0001666,bcc,2,0.025582062,0.96465856,0.0026688226,7.5967895e-05,0.003547721,0.003410977,5.579683e-05
ISIC_0026716,HAM_0000504,bcc,2,5.0112056e-05,0.9998741,2.3711747e-05,1.3312093e-06,2.1213598e-05,2.8601828e-05,8.885102e-07
ISIC_0025971,HAM_0000504,bcc,2,7.4394225e-06,0.9998764,6.330133e-05,2.3546747e-06,6.565267e-06,3.490715e-05,8.973656e-06
ISIC_0028765,HAM_0004511,bcc,2,5.7153457e-06,0.9999099,1.5013879e-05,3.2185665e-06,2.036184e-05,3.9286824e-05,6.488997e-06
ISIC_0026496,HAM_0005757,bcc,2,5.220986e-05,0.9874959,0.001432478,9.4355375e-05,0.0013564085,0.009094522,0.0004740563
ISIC_0025433,HAM_0005410,bcc,2,0.011153429,0.6870125,0.009045563,0.0010594429,0.27274147,0.017731985,0.0012556646
ISIC_0029412,HAM_0002024,bcc,2,0.22973903,0.7062653,0.033888128,0.014823613,0.011858879,0.0013903037,0.0020347675
ISIC_0030511,HAM_0005599,bcc,2,1.8019547e-06,0.99992394,4.181495e-06,7.5865123e-06,2.1381045e-05,2.5840887e-05,1.5161432e-05
ISIC_0030813,HAM_0006465,bcc,2,3.1074844e-06,0.9999436,2.448639e-06,1.0510915e-06,3.1277392e-05,1.6060962e-05,2.3273983e-06
ISIC_0025940,HAM_0001503,bcc,2,0.919886,0.0012916112,0.024252206,0.00051176443,0.05230345,0.0016074361,0.0001474846
ISIC_0031122,HAM_0003389,bcc,2,0.002778045,0.74657595,0.20772198,0.0020048625,0.0019130531,0.03786594,0.0011401073
ISIC_0025826,HAM_0005585,bcc,2,7.0768205e-05,0.9966394,0.00023569413,3.86266e-05,0.00025509513,0.0027132276,4.7233956e-05
ISIC_0025601,HAM_0001528,bcc,2,0.023011506,0.9642455,0.009989372,5.2804753e-05,0.0014064553,0.0012375613,5.687296e-05
ISIC_0032461,HAM_0001528,bcc,2,0.4049465,0.5823294,0.010019531,2.174707e-05,0.0020177786,0.000650614,1.4486673e-05
ISIC_0031925,HAM_0001707,bcc,2,0.0065373397,0.96502995,0.027215859,0.000911481,4.004768e-05,0.00021607325,4.9259485e-05
ISIC_0029644,HAM_0005184,bcc,2,0.00018510301,0.99622935,0.0017562085,9.782862e-05,0.000342123,0.0013191584,7.01886e-05
ISIC_0031552,HAM_0006588,bcc,2,9.420692e-06,0.9977131,0.00040539884,3.125337e-05,0.00016731222,0.0010147037,0.00065883104
ISIC_0024564,HAM_0002666,bcc,2,0.000113171154,0.9993285,0.0001943998,0.00027254602,1.4472649e-05,5.1010236e-05,2.5951906e-05
ISIC_0025322,HAM_0002666,bcc,2,0.00012941271,0.99283445,0.0016186923,0.0048609218,9.59694e-06,0.0005369249,9.979238e-06
ISIC_0030915,HAM_0003043,bcc,2,0.054484926,0.10233944,0.7128087,0.0020416216,0.015755687,0.10974059,0.0028289799
ISIC_0029053,HAM_0002812,bcc,2,0.57079047,0.19231442,0.08826317,0.08574494,0.046944935,0.007784234,0.008157807
ISIC_0030352,HAM_0001129,bcc,2,9.132725e-05,0.99984205,3.330749e-05,8.545721e-06,1.0887532e-05,1.1080607e-05,2.7474277e-06
ISIC_0025509,HAM_0002269,bcc,2,1.7877377e-05,0.9938259,9.533187e-05,3.7259655e-05,0.0003748421,0.0021782357,0.0034706276
ISIC_0024443,HAM_0002269,bcc,2,0.00011483223,0.91965455,0.0008874872,0.0013665365,0.0033987653,0.009881585,0.06469612
ISIC_0030249,HAM_0003444,bcc,2,0.4655663,0.44860607,0.016173776,0.048962623,0.015268228,0.0050818548,0.00034112867
ISIC_0028687,HAM_0003444,bcc,2,0.65796566,0.26120996,0.06575463,0.005753998,0.0052135554,0.0038068763,0.00029527987
ISIC_0027120,HAM_0003444,bcc,2,0.16144909,0.75385904,0.061940975,0.0015674094,0.017137514,0.0031786463,0.00086729793
ISIC_0027788,HAM_0002812,bcc,2,0.0014764593,0.98734343,0.0017490634,0.0035799847,0.0006625742,0.0051407837,4.771631e-05
ISIC_0025031,HAM_0002934,bcc,2,0.00013757547,0.9895761,0.0053891414,8.103456e-05,0.00014361576,0.0046457304,2.6722362e-05
ISIC_0026957,HAM_0001369,bcc,2,0.00047769575,0.7301499,0.00744374,0.00028468858,0.0044078478,0.25680783,0.00042820364
ISIC_0025564,HAM_0004161,bcc,2,0.14052102,0.5945114,0.11024237,0.0023365545,0.08879876,0.0631602,0.000429694
ISIC_0025775,HAM_0004516,nv,2,0.00017206761,0.000114845825,0.00042173275,0.0013646352,0.00020694596,0.9964457,0.0012741361
ISIC_0025384,HAM_0002623,nv,2,0.0007227173,0.0014960107,0.0004478698,0.0060667703,0.00962745,0.96162283,0.0200164
ISIC_0029624,HAM_0006489,nv,2,0.00018163805,0.0002849208,0.00032128496,0.00087206473,0.007845072,0.99007064,0.00042438824
ISIC_0026824,HAM_0004408,nv,2,0.0002316067,0.00019427203,0.0030743727,0.0006419894,0.035119966,0.9604131,0.0003247096
ISIC_0025320,HAM_0006653,nv,2,0.00037746102,6.921228e-05,0.001278806,0.0006162802,0.011193804,0.98621666,0.00024778684
ISIC_0031403,HAM_0006421,nv,2,0.0023941735,0.0009486237,0.0024919792,0.008806837,0.008844544,0.9753572,0.0011566166
ISIC_0030517,HAM_0005093,nv,2,0.0012622942,0.0008829462,0.0019627316,0.0056438465,0.004132845,0.98447704,0.0016383228
ISIC_0031486,HAM_0005487,nv,2,8.82027e-05,0.0046595708,0.00078002433,0.0783311,0.0012550253,0.91413295,0.0007530781
ISIC_0025723,HAM_0005552,nv,2,0.0007428464,0.00016334113,0.0015680054,0.0007686755,0.032052733,0.964567,0.00013727864
ISIC_0027278,HAM_0007236,nv,2,5.375849e-05,0.00012341545,0.00023057041,0.00045383847,2.3076123e-05,0.99906963,4.5713434e-05
ISIC_0028090,HAM_0005407,nv,2,0.001498681,0.0025245675,0.043883506,0.0047488655,0.040191192,0.90409017,0.003063105
ISIC_0031371,HAM_0001079,nv,2,0.0019303616,0.0006697262,0.0015196038,0.018485464,0.012621389,0.9635246,0.0012487717
ISIC_0031100,HAM_0006178,nv,2,0.0002134843,0.0009605149,0.0011044667,0.011710041,0.008814421,0.9722725,0.004924564
ISIC_0031297,HAM_0003323,nv,2,0.00032324917,0.00017574753,0.0070476867,0.0034041405,0.0012391409,0.98644316,0.0013669238
ISIC_0029997,HAM_0000526,nv,2,0.00047831098,6.8571586e-05,0.0016212687,0.0016078665,0.00898988,0.98667604,0.00055811106
ISIC_0030421,HAM_0007183,nv,2,0.0017095285,0.00095802255,0.010917244,0.004299853,0.031081358,0.94543695,0.005597123
ISIC_0026755,HAM_0001931,nv,2,4.4074102e-05,0.00023003147,0.00029078702,0.012125426,0.00025712032,0.9860845,0.0009679958
ISIC_0031966,HAM_0005792,nv,2,0.00037861321,0.000742013,0.0022380732,0.0046845167,0.002533594,0.9844087,0.005014569
ISIC_0026038,HAM_0000724,nv,2,0.0012819753,0.0008456806,0.019985043,0.0065454696,0.0048381244,0.9624632,0.0040404308
ISIC_0028917,HAM_0003349,nv,2,0.0015835612,0.0008434906,0.005116793,0.011021654,0.005985059,0.9731855,0.0022639206
ISIC_0032087,HAM_0001323,nv,2,0.00029642662,0.00025753988,0.0051263105,0.0009672111,0.010728583,0.98192316,0.00070075004
ISIC_0027808,HAM_0006668,nv,2,0.00032975696,0.00040205868,0.0007344612,0.0007460273,0.0009467578,0.99652326,0.00031774415
ISIC_0027854,HAM_0002105,nv,2,0.00038269,0.00016204115,0.007115827,0.0007087028,0.0012108536,0.98919535,0.0012245286
ISIC_0027339,HAM_0000776,nv,2,0.00010001272,6.9276786e-05,0.0007215283,0.0015418535,0.0044350293,0.9929369,0.00019543333
ISIC_0028339,HAM_0000472,nv,2,0.0013244412,0.0005871435,0.002741567,0.0036213612,0.004845196,0.98180133,0.005078961
ISIC_0030642,HAM_0007023,nv,2,3.8788377e-05,0.00020866664,0.0010416132,0.0011816901,0.00052535685,0.9969118,9.2144226e-05
ISIC_0025675,HAM_0000557,nv,2,0.0035216939,0.00020240124,0.3248476,0.00065335917,0.02052487,0.6498331,0.00041692582
ISIC_0029293,HAM_0000580,nv,2,0.00039139012,0.0003144908,0.003892507,0.00088459905,0.036350194,0.957843,0.00032384068
ISIC_0026036,HAM_0003038,nv,2,4.391732e-05,0.000111056936,0.0003857387,0.0022111866,0.06686518,0.9302849,9.8007404e-05
ISIC_0026214,HAM_0002256,nv,2,0.00021437649,7.279561e-05,0.016700644,0.0026748795,0.037488755,0.9426079,0.00024055968
ISIC_0030888,HAM_0005838,nv,2,6.4258384e-05,4.1813728e-05,0.00043316348,0.008854609,0.0005007639,0.99002975,7.571488e-05
ISIC_0025501,HAM_0003483,nv,2,0.00018002387,0.0002782824,0.0045653195,0.039332572,0.0004660353,0.954804,0.0003737392
ISIC_0026399,HAM_0003344,nv,2,0.00097491563,0.0009087214,0.0008486774,0.0055652345,0.0006288385,0.98974496,0.0013286534
ISIC_0029290,HAM_0005226,nv,2,0.0010162716,4.5266526e-05,0.081684105,0.0012697207,0.004313801,0.91138804,0.00028276016
ISIC_0029336,HAM_0005863,nv,2,0.00012567255,6.343945e-05,0.0017247208,3.4356963e-05,0.0051894495,0.9928046,5.7875208e-05
ISIC_0026585,HAM_0006507,nv,2,0.00023644578,5.9899736e-05,0.01308721,0.0004443348,0.0035621559,0.98239636,0.00021361097
ISIC_0026169,HAM_0006785,nv,2,0.00015660102,6.477298e-05,0.0006103624,0.00067035184,0.0028023755,0.99406767,0.0016278409
ISIC_0025813,HAM_0001915,nv,2,0.00074238406,0.00078641437,0.0023114004,0.0017948543,0.0049950015,0.9868264,0.0025435397
ISIC_0027422,HAM_0002539,nv,2,0.0028133998,0.00029696486,0.00088830653,0.055065025,0.005628681,0.9349995,0.00030819207
ISIC_0029561,HAM_0005046,nv,2,0.00023989024,0.00020760769,0.0014794503,0.00015129687,0.000883501,0.99670756,0.00033078564
ISIC_0028054,HAM_0004890,nv,2,8.250758e-05,0.00025713694,0.0005034497,0.004830543,0.00082037784,0.99194336,0.0015625152
ISIC_0030235,HAM_0002896,nv,2,0.0006858527,0.0007473999,0.00721248,0.0039797076,0.008289616,0.973327,0.005758017
ISIC_0030968,HAM_0006194,nv,2,0.00012836748,0.0002421755,0.1728147,0.002935931,5.1260904e-05,0.82284415,0.0009834137
ISIC_0029015,HAM_0002321,nv,2,0.0009139183,0.0022399873,0.0018389681,0.0064595025,0.0076185903,0.58459735,0.3963317
ISIC_0031730,HAM_0003648,nv,2,0.010155089,0.002237322,0.019065067,0.26037312,0.013711953,0.6799889,0.014468572
ISIC_0030469,HAM_0005810,nv,2,0.00022441396,0.005363224,0.37672606,0.009454206,0.0059948056,0.59848946,0.0037477915
ISIC_0031330,HAM_0002495,nv,2,0.00032848917,0.00030350627,0.00062641414,0.0015263533,0.0004084123,0.9936619,0.0031448992
ISIC_0028007,HAM_0006969,nv,2,0.00042057282,0.0003165363,0.0012537607,0.0017998796,0.0007512179,0.99273515,0.0027228815
ISIC_0030729,HAM_0003048,nv,2,0.002500917,0.0044977246,0.011935579,0.009572962,0.0032427548,0.9580498,0.010200322
ISIC_0027691,HAM_0001482,nv,2,0.00011811199,1.7728065e-05,0.0012596342,0.00019246504,0.001081111,0.9971424,0.00018855819
ISIC_0028546,HAM_0007512,nv,2,0.00010929161,0.00017193984,0.0016313198,0.0109966695,0.0007653312,0.98602945,0.00029592717
ISIC_0030376,HAM_0000053,nv,2,0.0028391264,0.003034063,0.04061514,0.020034904,0.004713036,0.9167549,0.012008744
ISIC_0027301,HAM_0003092,nv,2,0.005375748,0.0041784677,0.004952371,0.0076404787,0.01732561,0.95022845,0.010298973
ISIC_0025508,HAM_0000705,nv,2,0.00028691362,0.00029029566,0.001352181,0.00078067405,0.0023602953,0.9940789,0.0008507304
ISIC_0029118,HAM_0000444,nv,2,0.0022279755,0.00091079454,0.18260828,0.008422674,0.012828159,0.79166645,0.0013355919
ISIC_0024863,HAM_0002359,nv,2,0.00047405058,7.059908e-05,0.011099267,0.00018098668,0.0052173845,0.98267406,0.00028362195
ISIC_0025615,HAM_0006568,nv,2,0.0019392456,0.0026950063,0.22414629,0.003982961,0.030587755,0.73494744,0.00170138
ISIC_0024637,HAM_0006812,nv,2,0.001248784,0.00041382096,0.0025078752,0.002140914,0.1974819,0.7949069,0.0012997986
ISIC_0024879,HAM_0001387,nv,2,0.0008099993,0.0033721405,0.0071292417,0.0010120058,0.04203476,0.94371575,0.0019260844
ISIC_0031947,HAM_0002961,nv,2,0.00028551798,0.0005365526,0.00491241,0.032268412,0.002243581,0.9569367,0.0028168303
ISIC_0031571,HAM_0003233,nv,2,0.0018339802,0.00036699825,0.0052912734,0.0023093298,0.0015679207,0.9883525,0.00027810907
ISIC_0031219,HAM_0004851,nv,2,0.00070941023,0.00034641486,0.0039897533,0.0019264948,0.055049963,0.9347437,0.0032341576
ISIC_0031477,HAM_0005464,nv,2,0.00040018128,0.0002933513,0.0012182844,0.0010814504,0.0024884925,0.99283916,0.0016790774
ISIC_0029469,HAM_0003976,nv,2,0.00033388982,0.0003790864,0.0056061074,0.020556414,0.0004337767,0.9722552,0.00043547447
ISIC_0032193,HAM_0007492,nv,2,0.0010686661,0.00035795828,0.0039185733,0.024911685,0.102803305,0.8658198,0.0011199524
ISIC_0024887,HAM_0003457,nv,2,0.00059545605,0.00011588621,0.0030847471,0.0008512871,0.018361997,0.97644264,0.00054802437
ISIC_0030282,HAM_0005211,nv,2,0.0010117593,0.00017292266,0.0056583155,0.000998996,0.03778106,0.9536755,0.0007015099
ISIC_0028869,HAM_0002283,nv,2,0.00046908815,0.00022375604,0.010185001,0.009289412,0.005229367,0.97238725,0.0022161463
ISIC_0031461,HAM_0001241,nv,2,9.263815e-05,0.00086911075,0.0015238479,0.0007397688,0.0021618626,0.9944559,0.00015696844
ISIC_0030862,HAM_0006428,nv,2,0.00045038873,0.00012592632,0.0014517446,0.0006807513,0.0077075437,0.98899746,0.00058627146
ISIC_0026021,HAM_0004013,nv,2,4.8800837e-05,2.0066977e-05,0.00042467396,0.00043432045,0.010641462,0.98832124,0.00010954564
ISIC_0030957,HAM_0003371,nv,2,0.001345777,0.00017260674,0.0011222446,0.004199784,0.07354872,0.9190483,0.0005626493
ISIC_0031288,HAM_0005182,nv,2,0.00021810016,0.0006304778,0.0026161305,0.00039919367,0.0065954425,0.98942214,0.00011857902
ISIC_0029274,HAM_0003632,nv,2,3.589708e-05,0.0015071272,0.0004352921,0.00019711374,0.00020337082,0.9975702,5.0920487e-05
ISIC_0027165,HAM_0005476,nv,2,0.00021138183,0.00023374998,0.0007091842,0.00037572646,0.0017629783,0.9961707,0.00053636683
ISIC_0025084,HAM_0001522,nv,2,3.1845633e-05,0.00066886214,0.0038274832,0.00020483982,0.00022784685,0.99501157,2.761398e-05
ISIC_0027373,HAM_0007616,nv,2,0.00016544593,3.7132915e-05,0.005346676,0.0011450627,0.06981236,0.9231967,0.0002966725
ISIC_0024309,HAM_0000484,nv,2,0.00021739089,0.00040932503,0.0004947055,0.0013879442,0.00046655175,0.9958825,0.0011415523
ISIC_0026202,HAM_0006219,nv,2,0.00068609585,0.0041987435,0.043966074,0.0051974305,0.002658479,0.94003606,0.0032572364
ISIC_0030871,HAM_0004533,nv,2,0.00095103745,0.0025056498,0.1634133,0.06184324,0.0059873085,0.7615418,0.0037577548
ISIC_0032201,HAM_0000227,nv,2,0.00034871904,0.00083898794,0.013265721,0.0027255323,0.0070247594,0.9746303,0.0011659575
ISIC_0030804,HAM_0000702,nv,2,0.0011226324,0.00024160369,0.027654208,0.0013835611,0.00569911,0.9634871,0.00041178524
ISIC_0026858,HAM_0007093,nv,2,0.00071425654,0.0005134559,0.0019151866,0.00352289,0.00043068756,0.99015546,0.0027480708
ISIC_0027331,HAM_0004499,nv,2,0.00042985647,9.241987e-05,0.36928007,0.00047026438,0.0029816106,0.6257176,0.0010281554
ISIC_0029305,HAM_0002459,nv,2,0.0018882736,0.001505463,0.10080643,0.055997748,0.040669862,0.79213005,0.0070020985
ISIC_0031437,HAM_0001376,nv,2,0.00053145865,0.00023445554,0.0008987599,0.0047903364,0.0015348259,0.991402,0.0006081314
ISIC_0027333,HAM_0000564,nv,2,0.0030481648,0.0012006932,0.27979884,0.04912287,0.04136056,0.6231904,0.0022785154
ISIC_0025482,HAM_0000328,nv,2,0.00023961451,6.871778e-05,0.0004531569,0.00055143697,0.0018550415,0.9965347,0.0002973327
ISIC_0026051,HAM_0005813,nv,2,3.9960374e-05,0.00014474848,8.813802e-05,0.0039122687,0.00019862209,0.99543506,0.00018120103
ISIC_0025634,HAM_0004135,nv,2,0.0015332749,0.07712092,0.10377754,0.0019958653,0.031867463,0.7788937,0.0048112674
ISIC_0026994,HAM_0002930,nv,2,0.0010719822,0.00030533373,0.030423418,0.00037999396,0.0018049007,0.9651117,0.00090269954
ISIC_0030274,HAM_0005100,nv,2,1.0382607e-05,1.8727176e-05,4.5276505e-05,0.00043879327,0.0012687609,0.9972813,0.0009366683
ISIC_0031256,HAM_0005065,nv,2,0.00084855664,0.0002575346,0.0009494107,0.0015038782,0.01736291,0.9780749,0.0010027776
ISIC_0025461,HAM_0000852,nv,2,0.0008999921,7.689379e-05,0.9445281,0.0009240381,0.002768789,0.050747246,5.5060947e-05
ISIC_0027868,HAM_0003900,nv,2,0.007866002,0.0063981386,0.48027864,0.0018656045,0.006360759,0.49649307,0.0007377508
ISIC_0027440,HAM_0003025,nv,2,0.00061954017,0.00053512113,0.03149829,0.0008402211,0.10812971,0.8538349,0.0045421924
ISIC_0027758,HAM_0007145,nv,2,0.0006154998,0.00030828617,0.037197515,0.0035049678,0.005619499,0.9518709,0.0008833865
ISIC_0031963,HAM_0005521,nv,2,0.0017972871,6.180081e-05,0.046807528,0.0015448258,0.035470463,0.91390234,0.00041578425
ISIC_0031625,HAM_0001862,nv,2,0.0010048752,0.00019671563,0.07936075,0.0020378486,0.024656946,0.89241016,0.00033266962
ISIC_0030743,HAM_0003513,nv,2,0.000121580495,0.00012942175,0.84102225,0.00029222664,0.00026246236,0.1580234,0.00014867286
ISIC_0025246,HAM_0001042,nv,2,7.0795913e-06,4.7996564e-06,0.0003501422,0.00015824585,0.00033280544,0.9991279,1.8983008e-05
ISIC_0031018,HAM_0005097,nv,2,0.00036692823,0.0002556574,0.0018287126,0.0022968014,0.0026733363,0.99203146,0.000547072
ISIC_0029085,HAM_0007467,nv,2,0.0041353568,0.001086172,0.018605921,0.0042231013,0.004395621,0.9627261,0.0048276447
ISIC_0027111,HAM_0000368,nv,2,0.0005085177,8.4733234e-05,0.0014862476,0.0008141977,0.0056461357,0.9912236,0.00023671375
ISIC_0030193,HAM_0000671,nv,2,4.187484e-05,0.00077635277,0.112332255,0.0027203432,0.0058689686,0.87668574,0.0015744137
ISIC_0026032,HAM_0006370,nv,2,0.00018847414,0.00010068609,0.79386115,0.00020862186,0.010575597,0.19454406,0.0005214112
ISIC_0025318,HAM_0000760,nv,2,0.00026047433,0.0005552066,0.01245269,0.0015685619,0.0026006838,0.9815413,0.0010211812
ISIC_0024322,HAM_0001538,nv,2,6.731562e-06,5.9880695e-05,0.00012377041,2.4767733e-05,0.00025805418,0.9994999,2.6832658e-05
ISIC_0026112,HAM_0000301,nv,2,0.00022197902,0.00017389336,0.0152311595,0.0016758357,0.0044694664,0.9779442,0.00028336153
ISIC_0030477,HAM_0000141,nv,2,0.00015324952,2.7050148e-05,0.0009792665,0.00061086746,0.019568508,0.9785099,0.00015116857
ISIC_0026302,HAM_0003751,nv,2,0.0005242372,0.0005221934,0.00049007643,0.0048871576,0.0015765883,0.99139285,0.00060693925
ISIC_0028817,HAM_0003294,nv,2,2.2880527e-05,0.00020313686,0.00043841547,0.0006676882,0.0002067392,0.9983707,9.0494235e-05
ISIC_0027215,HAM_0006950,nv,2,8.109641e-05,6.742853e-05,6.459259e-05,0.00017134611,0.00031239598,0.99907386,0.00022922434
ISIC_0027307,HAM_0002262,nv,2,0.00025164057,0.00013195934,0.00039357328,0.0003905105,0.00015548611,0.9986249,5.19797e-05
ISIC_0026731,HAM_0001213,nv,2,0.00073220505,0.00043657963,0.00027995667,0.00068049354,0.00043914522,0.9968636,0.0005680187
ISIC_0031086,HAM_0004159,nv,2,0.0008379931,0.0015640492,0.0005337022,0.0026346818,0.00087820925,0.9917058,0.0018456017
ISIC_0030461,HAM_0004252,nv,2,4.5268975e-05,1.704845e-05,0.00033613222,0.00031592124,0.00014442757,0.99906486,7.633128e-05
ISIC_0025931,HAM_0001407,nv,2,0.00012158688,1.079145e-05,0.00045440486,0.0003285765,0.017592687,0.98138773,0.0001042021
ISIC_0025213,HAM_0003150,nv,2,0.00047683562,0.00028417597,0.0005006964,0.0011355218,0.002526194,0.99425596,0.000820686
ISIC_0030099,HAM_0000474,nv,2,0.005380551,0.010705729,0.00688519,0.005955727,0.0051794806,0.96134907,0.004544171
ISIC_0027055,HAM_0005294,nv,2,0.0010696611,0.00083631347,0.002114847,0.000712548,0.025966186,0.96868134,0.0006190724
ISIC_0031367,HAM_0006891,nv,2,0.00048685118,0.00011164254,0.0045876466,0.0006412049,0.006264449,0.9877578,0.00015052517
ISIC_0030596,HAM_0006285,nv,2,0.0012079183,0.0005795656,0.0013331322,0.00076108094,0.028392501,0.9672387,0.00048709082
ISIC_0027871,HAM_0004310,nv,2,0.00021376013,0.00015426666,0.00046872246,0.0005023749,0.003428084,0.9946707,0.0005620841
ISIC_0028554,HAM_0000942,nv,2,0.0099355215,0.009072937,0.011511347,0.0023593171,0.019505117,0.94625574,0.0013601447
ISIC_0031636,HAM_0003469,nv,2,0.0012003373,0.00011586981,0.43577838,0.00041240192,0.013301489,0.5487278,0.000463676
ISIC_0025397,HAM_0004402,nv,2,0.0008365331,0.00042725928,0.0014334512,0.0015363676,0.0024852615,0.9919133,0.0013678087
ISIC_0032088,HAM_0007045,nv,2,3.723232e-05,3.2096264e-05,0.00022273789,4.153566e-05,0.000696035,0.9989329,3.7378046e-05
ISIC_0029367,HAM_0003304,nv,2,0.0002129239,0.00015532273,0.00031932464,0.0008230242,0.0006173202,0.9975756,0.00029648285
ISIC_0025866,HAM_0001882,nv,2,0.00018668096,0.0028600104,0.00043277646,0.0018798952,0.0020430996,0.9920473,0.00055029563
ISIC_0024641,HAM_0005860,nv,2,3.4781766e-05,2.5052364e-05,9.7262506e-05,0.00023630158,0.00029315017,0.99920803,0.0001054744
ISIC_0029689,HAM_0006976,nv,2,6.0812665e-05,9.235294e-06,1.3203135e-05,0.00016955691,0.0002877227,0.99931896,0.000140499
ISIC_0027283,HAM_0000265,nv,2,0.0013108375,0.00018600709,0.0013379974,0.00048862974,0.00791695,0.98846626,0.00029320232
ISIC_0032507,HAM_0004725,nv,2,0.0008739161,0.00057593343,0.0009931821,0.0005132472,0.004777701,0.99072015,0.0015457998
ISIC_0024392,HAM_0006311,nv,2,0.00015396521,4.3089924e-05,0.00033302282,0.0005974578,0.015613127,0.9830797,0.00017965234
ISIC_0026145,HAM_0005326,nv,2,0.00014689693,0.0002675591,0.0033736965,0.00016039216,0.046972107,0.94900435,7.502761e-05
ISIC_0027579,HAM_0004726,nv,2,0.0002508409,0.0005238195,0.0002452696,0.0012389097,0.00026780218,0.99642414,0.0010491412
ISIC_0025082,HAM_0000158,nv,2,4.0797888e-05,8.704653e-05,0.00016762281,0.00023893903,0.0001297821,0.99664104,0.002694748
ISIC_0031581,HAM_0003329,nv,2,0.00011774283,0.00012855971,0.00034980293,0.00030272923,0.0009898883,0.9979163,0.00019488488
ISIC_0029181,HAM_0003126,nv,2,0.0007097457,0.0027501173,0.00072303775,0.0015344124,0.0026841164,0.990651,0.00094763475
ISIC_0028745,HAM_0003214,nv,2,0.00097500614,0.00929588,0.0013749792,0.11435836,0.015449351,0.8574693,0.0010771278
ISIC_0030556,HAM_0001771,nv,2,0.003795006,0.0035965499,0.008214516,0.0069325315,0.0117271375,0.9637148,0.0020194529
ISIC_0026591,HAM_0001766,nv,2,0.0025653683,0.040880643,0.0038661468,0.005274085,0.0016514808,0.94140697,0.0043553235
ISIC_0026448,HAM_0002659,nv,2,0.0018793764,0.00087826914,0.004978163,0.0012556077,0.26850083,0.7213578,0.0011499622
ISIC_0032143,HAM_0004796,nv,2,0.006424873,0.0014724245,0.0025515857,0.0028298697,0.0044825473,0.98032767,0.0019110495
ISIC_0027813,HAM_0007153,nv,2,0.0016233115,0.0010656338,0.001319743,0.003031265,0.011930487,0.97927445,0.0017552183
ISIC_0028208,HAM_0002398,nv,2,0.0001055343,0.0009017712,0.00019582084,0.00018395664,0.00051115494,0.9978248,0.0002769619
ISIC_0026510,HAM_0002428,nv,2,0.0007175287,0.00042595284,0.0013392117,0.0007352622,0.0013749925,0.99469155,0.0007154297
ISIC_0026093,HAM_0004704,nv,2,0.0024378987,0.0012573763,0.0009975847,0.0032076885,0.0032249636,0.9864042,0.0024702519
ISIC_0030441,HAM_0000479,nv,2,0.00052266725,0.00042409636,0.00036559388,0.005121966,0.003321149,0.9884239,0.0018207283
ISIC_0027775,HAM_0001754,nv,2,0.0033842388,0.00126707,0.004195333,0.008863108,0.0030041311,0.9766888,0.002597321
ISIC_0025894,HAM_0000017,nv,2,0.0002836349,0.00022437368,0.0010872837,0.0011976511,0.004151735,0.99236286,0.00069247076
ISIC_0030692,HAM_0001828,nv,2,0.00095320144,0.00021185877,0.0030381556,0.009339918,0.0062843175,0.9800639,0.00010863039
ISIC_0031055,HAM_0004180,nv,2,0.00022866827,0.00084422977,0.00021189703,0.0008778601,0.0011830216,0.9956774,0.0009769356
ISIC_0032352,HAM_0004244,nv,2,0.00016268477,6.4838045e-05,0.00013860913,0.00057060504,0.08728821,0.9113422,0.00043282346
ISIC_0031273,HAM_0006687,nv,2,0.0006944788,0.0010466166,0.00095016736,0.0025107022,0.001645755,0.9903928,0.0027594876
ISIC_0024778,HAM_0001115,nv,2,0.00020194176,0.0002806423,0.00017786525,0.00029699685,0.0006208107,0.9983296,9.209522e-05
ISIC_0028979,HAM_0004608,nv,2,0.00018977284,0.00021088152,0.0004352436,0.0011906488,0.0006125942,0.9967288,0.00063204
ISIC_0032361,HAM_0001690,nv,2,0.00044137545,0.0002123956,0.0008760671,0.00092802616,0.004481741,0.9921894,0.0008709489
ISIC_0030752,HAM_0001483,nv,2,0.00020488867,0.00019550613,0.0009304332,0.00031889105,0.0042834147,0.9933068,0.0007601395
ISIC_0026953,HAM_0001332,nv,2,0.005567521,0.0029082042,0.0034502072,0.0119315665,0.007984847,0.96509194,0.0030656825
ISIC_0027477,HAM_0000641,nv,2,0.008840762,0.0009870746,0.0060583856,0.012580605,0.039834928,0.9313169,0.0003812951
ISIC_0029087,HAM_0000911,nv,2,0.0011262073,5.085379e-05,0.0011022695,0.00015211818,0.012726167,0.98465675,0.00018565248
ISIC_0025639,HAM_0004647,nv,2,0.0010999481,0.00087609905,0.0066044484,0.00072489446,0.02370238,0.9664052,0.00058703736
ISIC_0026407,HAM_0001736,nv,2,0.0001182541,5.247494e-05,0.00026389997,0.0003440224,0.0027365063,0.9963942,9.066857e-05
ISIC_0028459,HAM_0006109,nv,2,0.0001939978,0.00018082584,0.0023233304,0.00036349898,0.02069751,0.97606486,0.00017594837
ISIC_0030265,HAM_0003374,nv,2,0.0002884089,0.0008361704,0.001719904,0.003426288,0.009352352,0.9837675,0.0006093703
ISIC_0030505,HAM_0007190,nv,2,0.00011185601,0.00016989507,0.0003610756,0.00020294104,0.00243281,0.9954621,0.001259278
ISIC_0030248,HAM_0006403,nv,2,0.00012101697,4.2274034e-05,0.00013915372,0.00024577757,0.00036680032,0.9989755,0.00010943655
ISIC_0028392,HAM_0002634,nv,2,0.0008497705,0.0009695212,0.0019518042,0.001071068,0.0012007114,0.99198806,0.001969034
ISIC_0027695,HAM_0005445,nv,2,0.0001283875,4.8921127e-05,0.0002657596,0.00043390534,0.0024872185,0.9965796,5.6197998e-05
ISIC_0026727,HAM_0005920,nv,2,0.009950191,0.0027765925,0.048785612,0.004732377,0.03176091,0.8974387,0.004555529
ISIC_0026945,HAM_0003999,nv,2,0.009332396,0.0010990582,0.004997101,0.0013244234,0.020346537,0.96185887,0.0010415842
ISIC_0029322,HAM_0001371,nv,2,0.00023918046,0.00025660318,0.002883385,0.00029048568,0.0024363669,0.99375856,0.00013548472
ISIC_0029449,HAM_0000957,nv,2,0.0045677996,0.002353599,0.004552214,0.006463685,0.0052293423,0.9644622,0.01237118
ISIC_0026906,HAM_0005782,nv,2,0.0007626403,0.0010113216,0.000787618,0.0010557239,0.00048429056,0.9951161,0.0007822522
ISIC_0028221,HAM_0003930,nv,2,0.021783039,0.032185383,0.06433729,0.03606353,0.02571687,0.81143755,0.008476384
ISIC_0025844,HAM_0006840,nv,2,0.0025768965,0.00048560515,0.0030743687,0.0029587576,0.0021720845,0.9852298,0.0035024774
ISIC_0027927,HAM_0006614,nv,2,0.0003800338,0.00013044145,0.0003852653,0.001156243,0.00069017144,0.9968251,0.00043274258
ISIC_0025377,HAM_0007211,nv,2,0.0021464457,0.0010430339,0.0013872035,0.0056160907,0.0038124658,0.98411524,0.0018794907
ISIC_0030357,HAM_0004026,nv,2,8.461716e-05,8.281861e-05,0.00051380723,0.00021024919,0.0052453135,0.9937401,0.00012311725
ISIC_0032198,HAM_0001093,nv,2,0.0013161579,0.0061893356,0.04409893,0.0009780854,0.0013887829,0.9456431,0.00038565107
ISIC_0026678,HAM_0002075,nv,2,0.0029927234,0.00034373693,0.0063047353,0.01477392,0.2424305,0.7322952,0.0008591058
ISIC_0028301,HAM_0005069,nv,2,0.003187557,0.0014158518,0.00421253,0.0042580254,0.0084692575,0.97543895,0.0030179182
ISIC_0027491,HAM_0007495,nv,2,0.0014606061,0.001389643,0.0076642474,0.0025040612,0.0041043796,0.98200226,0.0008747266
ISIC_0028603,HAM_0007559,nv,2,9.684585e-05,0.0006144802,0.00063708914,0.0018648674,0.000520485,0.9958996,0.00036656475
ISIC_0025701,HAM_0000359,nv,2,4.7853275e-05,0.00048235792,0.12662673,0.0006625322,0.008339712,0.8636482,0.00019261967
ISIC_0025685,HAM_0003029,nv,2,0.001313381,0.0035718833,0.00070506486,0.008995073,0.0014466991,0.9812386,0.0027293134
ISIC_0027417,HAM_0007615,nv,2,0.003267301,0.0010463338,0.002245581,0.0030306254,0.040907286,0.94570726,0.003795692
ISIC_0025648,HAM_0004298,nv,2,0.00013658463,7.3251416e-05,0.0011374832,0.00029313003,0.00981197,0.98822254,0.0003250997
ISIC_0027534,HAM_0001885,nv,2,0.00067564705,0.0004191093,0.0005282539,0.002284011,0.0022968724,0.99218315,0.0016128983
ISIC_0027259,HAM_0004520,nv,2,0.00023160905,0.0001793235,0.0013617626,0.006815037,0.22196728,0.76721287,0.00223205
ISIC_0026896,HAM_0002328,nv,2,0.0005942814,0.00019444813,0.0007612117,0.0011789879,0.0009952341,0.99567986,0.000596025
ISIC_0025135,HAM_0000530,nv,2,0.0004819126,0.0018383615,0.0010681263,0.0037741454,0.0012684313,0.99119747,0.0003716666
ISIC_0025917,HAM_0003500,nv,2,0.0007836272,0.002845472,0.006555626,0.0015327701,0.0050196284,0.9814104,0.0018524883
ISIC_0027740,HAM_0003397,nv,2,0.000120019955,0.0024708468,0.00022183101,0.00034290817,0.0003897059,0.9955947,0.00085996895
ISIC_0027981,HAM_0006648,nv,2,0.00027917305,0.00017972037,0.00084410526,0.00047861395,0.00079141627,0.99698985,0.00043706156
ISIC_0026972,HAM_0001251,nv,2,0.0013292589,0.0005722657,0.008770031,0.0033885855,0.0015210292,0.9834501,0.0009687151
ISIC_0026653,HAM_0001535,nv,2,0.0252704,0.00064637087,0.055034157,0.0014228767,0.006327266,0.9101579,0.0011410826
ISIC_0025125,HAM_0006338,nv,2,0.00012074629,9.008223e-05,0.0018264368,0.019113397,0.0003476891,0.97841734,8.42945e-05
ISIC_0029106,HAM_0006337,nv,2,8.173387e-05,0.00010171945,0.00023215698,0.00026025754,0.0010104155,0.998116,0.00019780024
ISIC_0029722,HAM_0003338,nv,2,0.00043271153,0.0022174306,0.0005049039,0.008481624,0.0006874313,0.9870669,0.0006090303
ISIC_0024731,HAM_0001298,nv,2,0.00010530553,0.00044421962,0.000879992,0.005472821,0.0017741641,0.9898448,0.001478755
ISIC_0026966,HAM_0006344,nv,2,0.0017344308,0.0011701414,0.0028763975,0.0010949606,0.04318629,0.9489601,0.0009776897
ISIC_0031471,HAM_0004154,nv,2,0.0014308622,0.0005372912,0.0015978018,0.0022532616,0.011454187,0.9809786,0.0017480005
ISIC_0026191,HAM_0003084,nv,2,0.010329897,0.0016536933,0.02276175,0.11627298,0.0051588123,0.84170777,0.0021151057
ISIC_0024849,HAM_0004573,nv,2,0.0064771636,0.0037523573,0.005002721,0.020399278,0.002444091,0.9556802,0.0062442534
ISIC_0030529,HAM_0001459,nv,2,5.4859913e-05,5.358908e-05,0.00027751544,0.0005226611,0.0011091782,0.9978683,0.000113892114
ISIC_0029874,HAM_0003527,nv,2,0.00034615822,0.00017975998,0.0003613564,0.0006391743,0.0043658316,0.99332184,0.00078581413
ISIC_0027439,HAM_0006915,nv,2,0.0002178064,7.057341e-05,0.0025306798,0.00079204823,0.00029596678,0.9958391,0.00025389658
ISIC_0025259,HAM_0003306,nv,2,0.00075696077,0.00036891323,0.003929565,0.0008248891,0.08187142,0.9116956,0.00055272377
ISIC_0027720,HAM_0006412,nv,2,0.00060731685,0.00038302995,0.0009410902,0.00070864,0.0038131424,0.992979,0.0005677425
ISIC_0026299,HAM_0004856,nv,2,0.00015734133,0.00021759517,0.00010460741,0.0031495022,0.00047157294,0.9929321,0.002967364
ISIC_0028991,HAM_0001194,nv,2,0.001377969,0.00047761056,0.0070545115,0.0015372356,0.0030519378,0.9842695,0.0022312107
ISIC_0029758,HAM_0004314,nv,2,0.00037189623,0.0013037623,0.0071416064,0.0001763589,0.0029159212,0.98794323,0.00014735336
ISIC_0024583,HAM_0004652,nv,2,4.0639658e-05,0.00012026592,3.9620783e-05,0.00025848614,0.00082287233,0.9986098,0.00010833336
ISIC_0027205,HAM_0005706,nv,2,0.0034589642,0.0007736858,0.0060293144,0.0019148908,0.007946696,0.9784686,0.0014078214
ISIC_0029483,HAM_0003433,nv,2,3.4401928e-05,2.7669736e-05,7.426531e-05,1.4985122e-05,0.0008607801,0.9989698,1.8181732e-05
ISIC_0032370,HAM_0003916,nv,2,0.0003517531,0.00030860747,0.00061915716,0.0017280112,0.0009874798,0.99469864,0.0013062833
ISIC_0029071,HAM_0000096,nv,2,0.00033062414,2.9201625e-05,0.0011173611,0.00025498803,0.0019222201,0.996221,0.00012463584
ISIC_0024500,HAM_0004465,nv,2,0.001274247,0.0014781523,0.005723341,0.0023620808,0.0034620718,0.9831807,0.0025193377
ISIC_0029458,HAM_0002762,nv,2,0.001507442,0.0006156395,0.0008013786,0.0047417693,0.0086177355,0.98039275,0.0033232442
ISIC_0032121,HAM_0006000,nv,2,0.0005608543,0.00075397524,0.00075030274,0.0019547085,0.0010235412,0.9944349,0.0005217537
ISIC_0032137,HAM_0006354,nv,2,0.0035136794,0.00041923957,0.010618744,0.0007257972,0.021502888,0.9619557,0.0012639009
ISIC_0031939,HAM_0002028,nv,2,0.0010640146,0.00012584348,0.00801713,0.00312083,0.0009937097,0.9864182,0.00026023923
ISIC_0027173,HAM_0005472,nv,2,0.00042295858,0.00021102186,0.0005521809,0.0006067483,0.0005109333,0.99739206,0.0003040512
ISIC_0028778,HAM_0006534,nv,2,1.5365824e-05,1.904568e-06,6.3379346e-05,6.0300074e-05,0.003092804,0.9967188,4.7515317e-05
ISIC_0030584,HAM_0005458,nv,2,5.1469648e-05,0.00011154518,9.301764e-05,0.0047848923,0.00024150513,0.9946367,8.0815116e-05
ISIC_0028839,HAM_0004994,nv,2,0.0005919255,0.00021882309,0.000267846,0.0006545623,0.0011904794,0.99658704,0.00048928795
ISIC_0032377,HAM_0000196,nv,2,0.0010258768,0.0005453714,0.00062344223,0.003007133,0.0028002202,0.9908811,0.0011168459
ISIC_0025521,HAM_0004969,nv,2,0.0008802066,0.001800783,0.004004978,0.0062945643,0.00054016535,0.9843018,0.0021774687
ISIC_0026821,HAM_0007321,nv,2,0.0027575162,0.0005876827,0.0031430374,0.0014403935,0.005175513,0.98462415,0.002271596
ISIC_0031884,HAM_0004753,nv,2,0.0006625278,0.0013957396,0.0012462551,0.0017764826,0.014859789,0.97959125,0.000467971
ISIC_0028409,HAM_0005133,nv,2,0.004991492,0.001254061,0.012611571,0.0027931456,0.023136841,0.95260435,0.002608588
ISIC_0030799,HAM_0005771,nv,2,0.00012328567,6.624834e-05,0.00010837506,0.00018256063,0.009870608,0.9892859,0.0003630652
ISIC_0026507,HAM_0006091,nv,2,0.000121439465,7.5403485e-05,0.0011372342,0.00012335186,0.0007945961,0.9975802,0.00016778076
ISIC_0030861,HAM_0002496,nv,2,4.5080003e-05,1.5070445e-05,0.00028869545,8.604954e-05,0.008293957,0.9910157,0.00025539563
ISIC_0024735,HAM_0006378,nv,2,1.8588062e-05,1.1815291e-05,3.7843416e-05,0.001626522,0.000626927,0.9976368,4.1562864e-05
ISIC_0032449,HAM_0006127,nv,2,0.0001329025,0.0019156814,0.0012751847,6.0138307e-05,0.006353768,0.99016947,9.296229e-05
ISIC_0031665,HAM_0007007,nv,2,0.0012893707,0.002679418,0.00086058525,0.000809235,0.018818086,0.97465545,0.0008879032
ISIC_0031135,HAM_0000401,nv,2,0.0006539868,0.01322578,0.0012642912,0.0025614318,0.0027080544,0.97454685,0.0050395876
ISIC_0029299,HAM_0000071,nv,2,0.00044239315,0.0035500554,0.0019291894,0.003643126,0.00045200056,0.94616073,0.04382248
ISIC_0032255,HAM_0005145,nv,2,0.0010625839,0.0001835706,0.002575278,0.0014382655,0.004613401,0.9889473,0.001179624
ISIC_0026162,HAM_0005525,nv,2,0.0110593885,0.0068118274,0.008725232,0.025087543,0.002226646,0.94140315,0.004686271
ISIC_0028855,HAM_0005201,nv,2,0.00017135154,8.482516e-05,0.0005472195,0.000622204,0.00023193369,0.99813026,0.0002122117
ISIC_0026380,HAM_0000533,nv,2,0.0005268568,0.00024984358,0.0026823855,0.0007862851,0.0027077997,0.9924624,0.00058431743
ISIC_0029710,HAM_0002068,nv,2,0.0021760822,0.00054698525,0.0028927107,0.0020988574,0.02635523,0.9641781,0.0017519494
ISIC_0026750,HAM_0000906,nv,2,0.00017092976,0.00016664439,0.005150094,0.00037188941,0.032573447,0.9612775,0.00028962776
ISIC_0030395,HAM_0002980,nv,2,0.00011761648,7.0084507e-06,0.00030306957,0.00019958451,0.0005605007,0.9987943,1.7861787e-05
ISIC_0029949,HAM_0002337,nv,2,0.0013789415,0.00025389806,0.00040493623,0.00039401377,0.0015864255,0.9958449,0.00013683403
ISIC_0031235,HAM_0007055,nv,2,0.0004561045,0.00034630895,0.00025685277,0.0007530915,0.00023318297,0.99764377,0.00031073263
ISIC_0029768,HAM_0002479,nv,2,0.00094804063,0.0038516342,0.00045933874,0.07137382,0.0018835636,0.91749036,0.0039933496
ISIC_0031878,HAM_0004950,nv,2,0.0005292168,0.00018832985,0.0008780871,0.00031293873,0.00043235617,0.996908,0.0007510677
ISIC_0024460,HAM_0007135,nv,2,0.0002484916,0.0004869983,0.00035317778,0.0015281533,0.00055725686,0.9870919,0.009733977
ISIC_0025608,HAM_0003624,nv,2,0.00018187828,0.0015487189,0.0004090693,0.0009534395,0.0010589748,0.9952603,0.00058768387
ISIC_0025429,HAM_0007547,nv,2,0.00014720029,0.000110463465,0.0015436298,0.00072031224,0.04065544,0.9565526,0.0002702145
ISIC_0031687,HAM_0004741,nv,2,0.00035670964,0.000106999105,0.0009705847,0.00082051306,0.0032073844,0.99404645,0.0004913882
ISIC_0028895,HAM_0003567,nv,2,5.314986e-05,0.00091893284,7.11031e-05,0.005117894,9.219415e-05,0.9935632,0.00018352909
ISIC_0029175,HAM_0002806,nv,2,0.0006443069,0.0001323126,0.002221567,0.000353396,0.054007925,0.9424716,0.0001689002
ISIC_0030763,HAM_0002157,nv,2,0.00022208439,0.00053457683,0.00046241184,0.00018701382,0.002658399,0.99575907,0.00017654314
ISIC_0029941,HAM_0001089,nv,2,0.00012007577,9.800298e-05,0.0001257155,0.0005515768,0.0007939646,0.998005,0.00030572724
ISIC_0029691,HAM_0002880,nv,2,0.00014925956,0.00022362794,0.00025941295,0.00018092267,0.00025414713,0.9987708,0.0001618616
ISIC_0024769,HAM_0002863,nv,2,4.6583937e-05,1.2128435e-05,0.00014030166,0.00014518003,0.029973011,0.96957695,0.00010590525
ISIC_0028742,HAM_0004062,nv,2,0.00011547624,1.3485349e-05,0.0005917582,0.00020971398,0.0019219135,0.99703526,0.00011247125
ISIC_0028046,HAM_0003719,nv,2,0.00017812934,7.750399e-06,0.00032318116,0.00018005315,0.0053031943,0.99397075,3.6902937e-05
ISIC_0026082,HAM_0002379,nv,2,0.0022093956,0.0004734029,0.002052356,0.0013538776,0.009397774,0.98324996,0.0012631856
ISIC_0029379,HAM_0002781,nv,2,6.80627e-05,7.022325e-05,0.00010855168,0.0007069391,0.0002496935,0.99866974,0.00012678588
ISIC_0032483,HAM_0004104,nv,2,0.00029595086,6.8934874e-05,0.00027025692,0.00026399648,0.003083879,0.99578553,0.00023138887
ISIC_0032032,HAM_0000681,nv,2,5.7252397e-05,7.423496e-05,0.00062171347,0.00023045314,0.00050286466,0.99758685,0.0009265977
ISIC_0027749,HAM_0000466,nv,2,0.00030482528,0.00021363523,0.0005050319,0.0014478635,0.0018663697,0.99214983,0.0035124698
ISIC_0029446,HAM_0000749,nv,2,0.0013060906,0.00038195454,0.005236798,0.0018427827,0.0014945185,0.98729426,0.0024436757
ISIC_0027603,HAM_0003922,nv,2,0.0023603048,0.0008915069,0.017086403,0.0015449052,0.21729408,0.7599137,0.0009090904
ISIC_0028432,HAM_0004778,nv,2,2.4627287e-05,0.001335444,8.938184e-05,0.00014910285,0.00012157541,0.9977221,0.0005577843
ISIC_0028521,HAM_0002446,nv,2,0.000705236,0.00033903748,0.0068430817,0.00056889094,0.0036345553,0.98724467,0.00066445174
ISIC_0029433,HAM_0001445,nv,2,0.0033660189,0.0054369755,0.0032134466,0.0019160279,0.010788985,0.97143054,0.00384787
ISIC_0025721,HAM_0001963,nv,2,8.916194e-05,3.8800114e-05,0.000113262955,0.0002302544,0.00029270787,0.9991629,7.284296e-05
ISIC_0024528,HAM_0002857,nv,2,0.0001849947,0.0048402976,0.0008479216,0.0065628137,0.001979193,0.98500824,0.00057654065
ISIC_0027934,HAM_0001398,nv,2,0.0005445165,0.0010956653,0.0053107385,0.00052161486,0.0057045496,0.9864336,0.0003891484
ISIC_0031574,HAM_0005928,nv,2,0.0029626135,0.0008521252,0.01090846,0.0019524397,0.017266482,0.9641319,0.0019259277
ISIC_0027161,HAM_0005494,nv,2,0.0014197708,0.0007810151,0.008862193,0.001421158,0.023896635,0.9629742,0.00064495986
ISIC_0032224,HAM_0005033,nv,2,0.00040321067,0.0011793295,0.0043747923,0.001516509,0.0010266224,0.99063337,0.00086619286
ISIC_0031840,HAM_0006991,nv,2,0.0002812969,0.000102979306,0.00044688507,0.00038149522,0.0015567387,0.9967571,0.00047338955
ISIC_0025991,HAM_0000595,nv,2,0.005643982,0.002660826,0.008341264,0.007455188,0.039735693,0.9289969,0.007166084
ISIC_0024607,HAM_0002563,nv,2,7.031863e-05,2.1383234e-05,0.0002229272,0.00019208147,0.00033148215,0.9990501,0.00011160332
ISIC_0030931,HAM_0007493,nv,2,0.00614125,0.0025889664,0.0028378754,0.010001142,0.01261026,0.962205,0.003615547
ISIC_0028717,HAM_0005803,nv,2,0.00046209685,0.00014885342,0.00041422094,0.00049430726,0.0023069573,0.996053,0.00012054516
ISIC_0025853,HAM_0003897,nv,2,8.5453576e-05,0.0014418133,0.00023274102,0.00012445569,0.00031579778,0.9976997,0.00010010067
ISIC_0031514,HAM_0005029,nv,2,0.0003377018,0.00036585654,0.0018568392,0.00076586875,0.00038793395,0.9959188,0.00036692998
ISIC_0024413,HAM_0001110,nv,2,0.00018007416,0.00036163462,0.000840005,0.0018994615,0.006626536,0.9815462,0.008546114
ISIC_0026428,HAM_0004931,nv,2,8.560567e-05,4.004428e-05,9.853152e-05,0.00020079623,0.0018312238,0.9975253,0.00021838836
ISIC_0032351,HAM_0006963,nv,2,0.005352326,0.0038382316,0.006437252,0.009131326,0.0024397285,0.97089165,0.0019093629
ISIC_0030667,HAM_0004530,nv,2,0.00018166126,0.00017402085,0.00025568358,0.0016562112,0.0013423054,0.9960162,0.00037383835
ISIC_0029136,HAM_0005416,nv,2,0.0017451098,0.00027223417,0.0039386107,0.0011687544,0.007828681,0.98463076,0.0004159191
ISIC_0025203,HAM_0004048,nv,2,0.0012178,0.00079089135,0.0040684137,0.0010937629,0.0031441145,0.98857516,0.0011099029
ISIC_0026627,HAM_0003519,nv,2,8.820542e-05,0.00015647724,8.302332e-05,0.00063170237,0.0005296142,0.9981439,0.00036703222
ISIC_0029487,HAM_0006582,nv,2,0.0003660233,4.8435653e-05,0.0022702566,0.0032695066,0.0013686015,0.99248827,0.00018896545
ISIC_0024591,HAM_0006068,nv,2,0.00094256864,0.00048141697,0.0022489927,0.003065016,0.01641631,0.9748267,0.0020189392
ISIC_0029237,HAM_0006477,nv,2,0.0015316921,0.0008608811,0.0050721294,0.0006803483,0.027123392,0.9636315,0.001100009
ISIC_0024506,HAM_0004340,nv,2,0.00046910802,0.00015606103,0.00068188197,0.0033261583,0.0005336495,0.99451727,0.00031586827
ISIC_0028072,HAM_0000081,nv,2,0.0020449616,0.00052570266,0.0061952155,0.0045148465,0.05608691,0.92847455,0.0021578015
ISIC_0027330,HAM_0001985,nv,2,0.0011014879,0.0015701234,0.0010009592,0.0019162552,0.0017362715,0.99167585,0.0009990062
ISIC_0031067,HAM_0005615,nv,2,0.00049587013,9.908345e-05,0.0017265364,0.000466282,0.009095123,0.98756117,0.0005558908
ISIC_0025111,HAM_0005819,nv,2,0.025934517,0.0024864306,0.07910762,0.0023518074,0.00061590684,0.8878279,0.0016758441
ISIC_0024633,HAM_0006254,nv,2,1.644167e-05,7.3830524e-05,3.0897598e-05,0.0012591573,0.00018761451,0.9979824,0.0004496245
ISIC_0029853,HAM_0001485,nv,2,0.0009106677,0.0010050683,0.0021995632,0.002248428,0.0068994877,0.9822258,0.004511007
ISIC_0031856,HAM_0007197,nv,2,0.00010485038,9.925552e-06,0.00018948904,8.8379136e-05,0.0004420837,0.9991335,3.185289e-05
ISIC_0029283,HAM_0001873,nv,2,0.00019658639,0.00016782116,0.00035251258,0.0011232954,0.00048655603,0.9968464,0.0008268518
ISIC_0026721,HAM_0002790,nv,2,0.0001017082,9.554602e-05,0.00018543306,0.00023077516,0.00038496897,0.9980057,0.0009959163
ISIC_0026078,HAM_0005108,nv,2,0.0013099308,0.00047581745,0.0006749534,0.03239429,0.0012795862,0.96348816,0.00037713847
ISIC_0030071,HAM_0002883,nv,2,0.000109122026,0.000203469,0.0017136366,0.00293284,0.0003188537,0.99416083,0.0005612476
ISIC_0026077,HAM_0005592,nv,2,3.0840507e-05,0.0010721412,0.00021575457,0.00013647396,0.00029175062,0.998086,0.00016704816
ISIC_0030745,HAM_0000115,nv,2,0.016434751,0.009080565,0.0105593875,0.0038150311,0.16397125,0.7907115,0.00542755
ISIC_0026504,HAM_0002114,nv,2,0.011371371,0.0069920286,0.0067570815,0.06715328,0.01426986,0.8729857,0.020470595
ISIC_0027050,HAM_0004597,nv,2,0.00021488979,0.00012583469,0.0017500776,0.00025270804,0.0031270948,0.99408543,0.0004439497
ISIC_0030750,HAM_0005277,nv,2,0.0009785738,0.00047831808,0.00083456986,0.0013059296,0.0027158172,0.992489,0.0011978034
ISIC_0025570,HAM_0003985,nv,2,0.00012532136,8.3890634e-05,0.00020321808,0.00023793428,0.0005254373,0.9987698,5.437586e-05
ISIC_0030788,HAM_0004785,nv,2,0.0002769931,0.00013738961,0.000100124504,0.0022189806,0.0009890033,0.9959901,0.00028746526
ISIC_0026278,HAM_0001081,nv,2,0.00020139778,0.00037224035,0.0003814401,0.00018177014,0.0029250393,0.9956403,0.00029793743
ISIC_0027890,HAM_0006717,nv,2,4.998817e-05,5.40501e-05,6.041512e-05,0.0006133075,0.00034311163,0.9986205,0.00025861515
ISIC_0027001,HAM_0003134,nv,2,0.00034780498,0.00012572082,0.00047865388,0.00028056293,0.0012977851,0.99707305,0.00039643067
ISIC_0024513,HAM_0003712,nv,2,9.168398e-05,4.1649324e-05,0.00045973598,0.00021716389,0.0012801086,0.99387157,0.0040379963
ISIC_0031607,HAM_0002270,nv,2,6.611027e-05,6.636901e-05,0.00010846648,0.000472078,0.0001236309,0.99886096,0.00030242454
ISIC_0024530,HAM_0001235,nv,2,0.0005536442,0.00036096745,0.0018839607,0.000718571,0.0066369576,0.98935,0.000495799
ISIC_0029718,HAM_0003545,nv,2,0.0016998331,0.00048511164,0.00280803,0.0022464218,0.019644467,0.972762,0.00035422272
ISIC_0028697,HAM_0001585,nv,2,4.166038e-05,2.186789e-05,0.0011771589,6.762147e-05,0.006391688,0.9921956,0.00010432587
ISIC_0030017,HAM_0002643,nv,2,0.0010031,0.00024871787,0.0031591784,0.00075940124,0.0116038555,0.9822187,0.0010070261
ISIC_0026332,HAM_0004339,nv,2,0.00087352283,0.00050407724,0.0006146,0.0013715628,0.0039653587,0.99124193,0.001428988
ISIC_0024316,HAM_0002718,nv,2,0.0037476486,0.00033514967,0.0009697878,0.0027814487,0.000626142,0.9912923,0.00024760704
ISIC_0027864,HAM_0000944,nv,2,0.000517797,0.00035448893,0.0020151928,0.012955943,0.0004128238,0.98304623,0.0006974528
ISIC_0030325,HAM_0004493,nv,2,0.00030694416,5.0995837e-05,0.0004253183,0.0009554324,0.003022306,0.9951515,8.7427215e-05
ISIC_0027792,HAM_0003929,nv,2,0.00079914165,2.1296402e-05,0.0029374466,0.00012351353,0.0029360123,0.9930519,0.00013071133
ISIC_0031066,HAM_0006488,nv,2,0.0037390792,0.0011487376,0.0014047165,0.009457592,0.0024774217,0.9801318,0.001640677
ISIC_0025582,HAM_0007423,nv,2,0.0002129272,2.8176531e-05,0.0004592088,6.487574e-05,0.0015710281,0.99759114,7.2657385e-05
ISIC_0031983,HAM_0006890,nv,2,0.00012824954,0.00015713461,0.02482491,0.0010623467,0.00033591845,0.9724477,0.0010438359
ISIC_0028040,HAM_0001463,nv,2,0.00071732176,0.00016545969,0.0012762691,0.0009041269,0.003971703,0.9924643,0.0005007713
ISIC_0025479,HAM_0005220,nv,2,0.00069687894,0.00025964284,0.0010481843,0.0019439759,0.023440877,0.9707939,0.0018164141
ISIC_0028638,HAM_0001320,nv,2,0.00046355245,0.0003753962,0.0047503635,0.01001823,0.006177329,0.97795254,0.00026258116
ISIC_0024802,HAM_0002156,nv,2,0.0009663022,0.00033459795,0.0045451517,0.00034320235,0.0038433196,0.9896604,0.00030704433
ISIC_0029178,HAM_0000594,nv,2,0.00030985888,0.0058195502,0.0013407181,0.008432326,0.00038113294,0.98132974,0.00238659
ISIC_0031020,HAM_0005515,nv,2,0.0013664257,3.4644843e-05,0.0033819359,0.0007509363,0.0009914346,0.99333256,0.0001419259
ISIC_0024417,HAM_0003473,nv,2,0.00075594836,0.0002544504,0.0014394495,0.0010408545,0.0009280182,0.9950918,0.00048950897
ISIC_0027835,HAM_0007126,nv,2,0.0018806545,0.0004925182,0.0020058602,0.005819047,0.009238844,0.97992814,0.00063488097
ISIC_0032488,HAM_0002383,nv,2,0.000760004,0.00041604135,0.0022012931,0.00082095823,0.003418598,0.9916761,0.00070701935
ISIC_0029787,HAM_0004136,nv,2,0.0008983913,0.00013159214,0.0007103391,0.00042686381,0.0017499697,0.995846,0.00023689045
ISIC_0025538,HAM_0000661,nv,2,0.0010622996,0.00011895415,0.0009930773,0.0023350508,0.010961843,0.98290664,0.0016221881
ISIC_0025233,HAM_0003718,nv,2,2.85986e-05,3.3890353e-06,0.0012706744,0.0002133904,0.0034777438,0.9948915,0.0001146667
ISIC_0024353,HAM_0002847,nv,2,0.00050455483,7.219283e-05,0.0001892763,0.001001347,0.0010585374,0.99703765,0.0001364638
ISIC_0032012,HAM_0001980,nv,2,0.00029570903,0.0016112487,0.0006841952,0.000505974,0.0008089391,0.99594396,0.00015000446
ISIC_0027741,HAM_0000419,nv,2,0.00020849808,0.00014698353,0.00048288263,0.0021715392,0.00046802592,0.9951343,0.0013877482
ISIC_0031480,HAM_0007256,nv,2,0.0032404235,0.0008615666,0.0029895941,0.0022522607,0.0039220797,0.9843806,0.0023534442
ISIC_0025565,HAM_0003153,nv,2,0.0003346179,0.00013467076,0.001392721,0.00034088458,0.005429543,0.9916543,0.0007132452
ISIC_0025012,HAM_0000873,nv,2,0.0021272572,0.0027921337,0.0018445867,0.0012180074,0.040651213,0.9499372,0.0014295683
ISIC_0026307,HAM_0001365,nv,2,0.0005093013,0.00058050547,0.0034160428,0.00067801715,0.010017047,0.98406386,0.0007352623
ISIC_0025401,HAM_0000842,nv,2,0.00043055217,7.659303e-05,0.020264605,0.0025750978,0.1979813,0.7784566,0.00021523042
ISIC_0026579,HAM_0002022,nv,2,0.00034962478,7.7783625e-05,0.00019959967,0.00049522147,0.0010080979,0.9974081,0.0004615972
ISIC_0030637,HAM_0004173,nv,2,0.0009811138,0.00033478648,0.008438365,0.00036411776,0.005210161,0.98443305,0.00023832833
ISIC_0032177,HAM_0002520,nv,2,0.00035265062,0.0006219506,0.0005504798,0.002462566,0.00055751286,0.9933488,0.0021060873
ISIC_0030320,HAM_0006646,nv,2,0.00025359515,6.337189e-05,0.00041122377,0.0014971871,0.0017302604,0.9956287,0.000415665
ISIC_0029063,HAM_0001185,nv,2,0.0006262806,0.0002290497,0.0012819109,0.0009949467,0.0020802387,0.9934501,0.0013375402
ISIC_0025459,HAM_0002727,nv,2,0.0028829619,0.0012094503,0.0013192717,0.0042255204,0.0015913455,0.98660266,0.0021687483
ISIC_0025715,HAM_0007111,nv,2,0.00014696097,8.2760285e-05,0.00022895522,0.0005396649,0.0058019436,0.9930402,0.00015952463
ISIC_0030331,HAM_0006163,nv,2,9.742613e-05,0.0010741027,0.00012485353,0.000282463,0.0002948646,0.9979609,0.00016540404
ISIC_0031415,HAM_0001704,nv,2,0.0001382845,0.00014407425,0.00012492963,0.0024320763,0.0001180502,0.9966208,0.00042180685
ISIC_0030563,HAM_0007136,nv,2,0.008425465,0.002465155,0.00497975,0.0053738873,0.08496962,0.8897376,0.0040485086
ISIC_0025532,HAM_0000438,nv,2,0.0013723724,0.0005709736,0.0050840653,0.0020461397,0.085906506,0.90395105,0.0010688046
ISIC_0029285,HAM_0006276,nv,2,0.00029551506,0.000105369145,0.00010475355,0.0023278135,0.0022658543,0.99431926,0.0005814225
ISIC_0032323,HAM_0003070,nv,2,0.00095488864,0.00028895825,0.00061531947,0.0011055289,0.004295215,0.9914336,0.0013064534
ISIC_0026939,HAM_0000254,nv,2,0.00031694624,0.00025617005,0.00057898194,0.0006541532,0.00016330933,0.9979113,0.00011913014
ISIC_0030062,HAM_0001293,nv,2,0.00052266195,0.0005006794,0.0016740436,0.0013005674,0.0011870747,0.9942222,0.0005928322
ISIC_0027446,HAM_0002968,nv,2,0.00013849846,1.698323e-05,0.000111069494,0.00015617486,0.00219416,0.9971885,0.00019455267
ISIC_0027787,HAM_0004220,nv,2,7.2910734e-05,4.6435493e-05,0.00045544145,9.43535e-05,0.00018329758,0.99911636,3.123626e-05
ISIC_0028320,HAM_0005577,nv,2,0.0002402247,4.6297613e-05,0.00023928814,0.00051154423,0.00075104635,0.99809724,0.000114364106
ISIC_0025590,HAM_0006819,nv,2,4.985978e-05,6.527419e-06,6.2416155e-05,0.00015569307,0.009409254,0.99023646,7.983147e-05
ISIC_0027233,HAM_0007375,nv,2,0.00029151366,0.00033618612,0.00037031152,0.00063765777,0.0003391539,0.9972753,0.0007498784
ISIC_0026851,HAM_0001166,nv,2,0.00035257504,0.00028082298,0.00021891882,0.0010073398,0.000746766,0.99702305,0.0003705796
ISIC_0026894,HAM_0006984,nv,2,0.002674589,0.060784258,0.005768144,0.1003632,0.0056510563,0.8065614,0.018197352
ISIC_0027115,HAM_0007576,nv,2,0.00066317647,0.00028718513,0.003097346,0.00056890916,0.022047343,0.97196996,0.0013660757
ISIC_0024751,HAM_0004870,nv,2,0.006957116,0.0021207647,0.005731157,0.00522848,0.061195977,0.91342974,0.005336811
ISIC_0030749,HAM_0006153,nv,2,0.0003237417,0.00017722267,0.0001629466,0.0005673527,0.0019057884,0.99666756,0.00019540283
ISIC_0026903,HAM_0005394,nv,2,0.0009450933,0.00026553654,0.0014118424,0.001088327,0.0022514407,0.9928302,0.0012076128
ISIC_0025405,HAM_0007279,nv,2,0.0029005702,0.0024496913,0.0036505864,0.003545187,0.005902385,0.97200453,0.009547026
ISIC_0028018,HAM_0002468,nv,2,0.00040799804,0.00076746923,0.00032180882,0.0020428523,0.0015386413,0.99459463,0.00032655755
ISIC_0028019,HAM_0005041,nv,2,0.00023581737,0.00049437385,0.00066136615,0.00023535723,0.0023562235,0.9952148,0.0008020562
ISIC_0029712,HAM_0004438,nv,2,0.0033473428,0.0008596687,0.0030181715,0.002591683,0.021489015,0.9650977,0.0035964393
ISIC_0029796,HAM_0000860,nv,2,0.0028013214,0.0016086636,0.006607766,0.0027985873,0.016607866,0.9675991,0.0019767587
ISIC_0028522,HAM_0004906,nv,2,8.2561775e-05,0.000323997,0.00010477634,0.0012192493,0.0015167322,0.9964799,0.0002728328
ISIC_0026181,HAM_0001560,nv,2,0.00037087977,0.00015704037,0.0009676421,0.001109407,0.0037256877,0.9929703,0.0006990114
ISIC_0030558,HAM_0007192,nv,2,0.0003042902,0.00014757684,0.00067148096,0.0004367277,0.004780863,0.99331397,0.00034514285
ISIC_0025705,HAM_0004961,nv,2,0.00036681734,0.0001212,0.00025607977,0.0005147756,0.03175487,0.9668678,0.00011839242
ISIC_0027985,HAM_0004357,nv,2,0.0019831602,0.02320028,0.006894923,0.0016946311,0.023393659,0.93994784,0.0028854809
ISIC_0025788,HAM_0003591,nv,2,0.0018790452,0.0008034457,0.0014835468,0.006526367,0.0064102025,0.9810037,0.0018937828
ISIC_0026189,HAM_0000926,nv,2,0.00017216144,3.5701418e-05,0.0011199987,0.00023832325,0.0023317859,0.99601597,8.597845e-05
ISIC_0030650,HAM_0000538,nv,2,0.0006598876,4.0096475e-05,0.0045782924,0.00013276146,0.011063487,0.98334,0.0001854042
ISIC_0026394,HAM_0007134,nv,2,0.00052356283,0.00015147531,0.0018390503,0.0010858835,0.004108099,0.99205315,0.00023877
ISIC_0030259,HAM_0000665,nv,2,0.0009885718,0.00018867222,0.0014292621,0.0045856405,0.003295261,0.98901457,0.00049805694
ISIC_0027369,HAM_0003228,nv,2,0.0007814047,0.0011073512,0.0013022326,0.0031453217,0.02053011,0.96911657,0.0040170387
ISIC_0030949,HAM_0001271,nv,2,8.481681e-05,0.00013902233,7.170247e-05,0.0006681139,0.0016669742,0.99414116,0.0032281163
ISIC_0027286,HAM_0005832,nv,2,0.0014473095,0.00010372254,0.004135098,0.0014615126,0.23293537,0.75930357,0.0006134282
ISIC_0030938,HAM_0006098,nv,2,0.0005293732,0.00028501818,0.004049552,0.0037497983,0.0011871501,0.98944235,0.00075681246
ISIC_0025977,HAM_0001225,nv,2,0.0018842382,0.0009934087,0.0006302169,0.0035997431,0.0015118117,0.98708296,0.004297659
ISIC_0031912,HAM_0002183,nv,2,0.00069312734,0.0023379603,0.0032491079,0.011849974,0.0026415056,0.9684008,0.010827623
ISIC_0026005,HAM_0003889,nv,2,0.0016674732,0.0020671133,0.0029769498,0.0006823277,0.009775352,0.98165417,0.0011766561
ISIC_0028089,HAM_0006059,nv,2,0.000727422,0.00010801609,0.00022077055,0.064907454,0.003875459,0.9298951,0.0002657805
ISIC_0026373,HAM_0003736,nv,2,0.000112083,0.00014419878,0.00057760376,0.00038702815,0.00073858607,0.99748224,0.000558195
ISIC_0029326,HAM_0005081,nv,2,3.4143726e-05,0.0011235306,6.6654604e-05,6.823528e-05,0.00040183155,0.9982729,3.277163e-05
ISIC_0025801,HAM_0004132,nv,2,0.00014682469,0.0015464721,0.00039426854,0.00018779165,0.00066156645,0.99697554,8.7587454e-05
ISIC_0031478,HAM_0004658,nv,2,0.00745212,0.00035480777,0.029567398,0.008960488,0.030342558,0.9225136,0.00080899673
ISIC_0031441,HAM_0007267,nv,2,0.00020578566,0.00010929194,0.00036900846,0.0004140778,0.0029352563,0.9957088,0.00025760944
ISIC_0032357,HAM_0007098,nv,2,0.0012285182,0.0019139479,0.015128054,0.0005763575,0.0019336743,0.97894233,0.00027708
ISIC_0027267,HAM_0002870,nv,2,9.823474e-05,0.00016645144,0.0006782316,0.000391191,0.0039316444,0.99452066,0.00021351928
ISIC_0028262,HAM_0004959,nv,2,0.00058454514,0.00037319592,0.0009948304,0.0001995624,0.0014105774,0.9962484,0.00018894188
ISIC_0029529,HAM_0007034,nv,2,0.0005737771,2.7687778e-05,0.0077410443,0.0006320198,0.2582326,0.73276824,2.4626019e-05
ISIC_0030848,HAM_0003166,nv,2,0.00041012597,0.0027659952,0.009176256,0.00021527862,0.006766146,0.98044443,0.00022167891
ISIC_0028852,HAM_0000800,nv,2,0.0029338785,0.0005876728,0.003660196,0.0035876492,0.010763167,0.9712378,0.007229578
ISIC_0029761,HAM_0005948,nv,2,0.00018411427,0.00012360846,0.00040847535,0.00036083043,0.0007670551,0.9977049,0.0004510385
ISIC_0028064,HAM_0006392,nv,2,0.0001109505,7.852218e-05,0.00027273435,0.0006661831,0.00080868724,0.9951479,0.00291504
ISIC_0030044,HAM_0001776,nv,2,0.00025785193,8.603286e-05,0.000150845,0.00034276786,0.00038519618,0.9985947,0.00018266593
ISIC_0029198,HAM_0006749,nv,2,0.00031896497,0.00014717814,0.0006522404,0.0003896608,0.0017226251,0.996452,0.00031741132
ISIC_0029253,HAM_0000306,nv,2,0.00027748707,0.00058116345,0.00045393853,0.0007476876,0.0013052034,0.9803806,0.016253877
ISIC_0028396,HAM_0005977,nv,2,0.00058756804,0.00038835878,0.0003529147,0.004711583,0.018101072,0.9672789,0.008579616
ISIC_0031946,HAM_0000190,nv,2,9.874007e-05,6.819516e-05,0.00012865562,0.00020760864,0.0005066116,0.9986608,0.00032933673
ISIC_0029834,HAM_0004454,nv,2,0.02653105,0.0027136279,0.021545907,0.0048945886,0.0632883,0.8762314,0.0047952333
ISIC_0025673,HAM_0005089,nv,2,0.0049927896,0.18088086,0.003656372,0.015454151,0.004047235,0.78571063,0.0052580102
ISIC_0029110,HAM_0001233,nv,2,0.0047746184,0.0029878798,0.003326717,0.0032369844,0.004060088,0.97950226,0.0021114948
ISIC_0026250,HAM_0003955,nv,2,0.0011428256,0.00029580385,0.001286797,0.0006633573,0.0044705775,0.9914106,0.0007299799
ISIC_0028536,HAM_0003903,nv,2,0.00029347348,0.00014260913,0.00021702868,0.00093951286,0.0015985067,0.9961669,0.0006419447
ISIC_0031241,HAM_0000404,nv,2,0.009000849,0.002335149,0.0071396227,0.0002995017,0.03028267,0.9503827,0.0005595428
ISIC_0026719,HAM_0000602,nv,2,0.001963523,0.0011259059,0.00027163743,0.0026857844,0.0033625655,0.99017817,0.00041258283
ISIC_0030590,HAM_0000950,nv,2,0.0034427105,0.00028176818,0.012111224,0.0040763593,0.2802475,0.69905937,0.00078103185
ISIC_0026595,HAM_0004795,nv,2,0.00076797407,0.0003345215,0.0017751611,0.00046443715,0.009988459,0.9855769,0.0010925776
ISIC_0026353,HAM_0002278,nv,2,0.00044330137,0.0010665448,0.0017878714,0.0038511036,0.002903419,0.98587126,0.0040765237
ISIC_0030437,HAM_0003746,nv,2,0.003285452,0.0013145423,0.00841842,0.0025289028,0.013889799,0.9659364,0.0046264483
ISIC_0025393,HAM_0004358,nv,2,0.0014684771,0.0036917508,0.007606485,0.007811621,0.0033028072,0.9672531,0.008865785
ISIC_0028078,HAM_0005637,nv,2,0.00065655814,0.00017110625,0.0004960803,0.001698415,0.007647158,0.98894507,0.00038559388
ISIC_0032353,HAM_0000535,nv,2,0.00066593784,0.0007221632,0.0011289332,0.0006543342,0.0017669788,0.9942959,0.0007657416
ISIC_0027728,HAM_0000644,nv,2,0.0037292752,0.0014065169,0.0017283565,0.0010503507,0.012896251,0.978517,0.00067222316
ISIC_0029579,HAM_0003082,nv,2,0.00011647822,0.00011716271,0.00017180777,0.00035218254,0.0020445616,0.9968861,0.0003117119
ISIC_0027750,HAM_0000461,nv,2,6.8626265e-05,4.6253823e-05,0.0005637621,0.001743306,0.0002746216,0.99715316,0.00015018659
ISIC_0027773,HAM_0007360,nv,2,5.4948345e-05,3.4251738e-05,0.00011385312,0.000362178,0.009026825,0.98976386,0.00064407766
ISIC_0031432,HAM_0007063,nv,2,0.005182466,0.0013779184,0.003996885,0.0044523207,0.024022056,0.9576853,0.0032829356
ISIC_0025115,HAM_0006995,nv,2,0.00010466393,0.0021374228,0.00060171145,0.0010057108,0.00046134813,0.99541074,0.0002784588
ISIC_0030886,HAM_0003334,nv,2,0.0011733366,0.00045680086,0.001226049,0.015868623,0.007298073,0.973166,0.0008111607
ISIC_0026797,HAM_0002318,nv,2,0.00030155398,2.101791e-05,0.00050205755,0.00016645264,0.0015291758,0.9974457,3.4048866e-05
ISIC_0024610,HAM_0002676,nv,2,0.00010291863,0.00020111172,0.0009712343,0.00084341096,0.0018021428,0.99422616,0.0018530047
ISIC_0031242,HAM_0003242,nv,2,0.0019237291,0.00042135097,0.0031763425,0.0023024022,0.022188587,0.9668004,0.0031872175
ISIC_0025220,HAM_0006638,nv,2,0.0003447372,0.0012020767,0.0026316734,0.00036057655,0.00085406646,0.99408627,0.0005205531
ISIC_0024894,HAM_0003879,nv,2,1.430248e-05,6.187569e-06,3.5329907e-05,0.000108029635,0.00046018307,0.99921954,0.00015641657
ISIC_0031267,HAM_0006679,nv,2,8.854128e-05,0.0001298372,0.00012486322,0.0010650462,0.0012640019,0.99609095,0.0012368334
ISIC_0029727,HAM_0000929,nv,2,0.0008597283,0.0005914594,0.0008267927,0.004995946,0.004189072,0.98805285,0.00048415142
ISIC_0031084,HAM_0006562,nv,2,0.0070412573,0.0024524785,0.004820514,0.004497603,0.01591039,0.9589599,0.006317909
ISIC_0026800,HAM_0003013,nv,2,0.0012574216,0.0008743995,0.0015182219,0.0043525524,0.0023629782,0.98740363,0.002230678
ISIC_0026856,HAM_0004697,nv,2,4.8005215e-05,5.8075228e-05,6.310166e-05,8.743704e-05,0.00044548063,0.99915874,0.00013917925
ISIC_0032324,HAM_0002117,nv,2,0.0018249904,0.00018408263,0.0007091148,0.0008233914,0.014022136,0.9820681,0.0003682434
ISIC_0030503,HAM_0005919,nv,2,0.0002430202,0.00025919944,0.00025567977,0.00066642906,0.0015190603,0.9960014,0.0010551164
ISIC_0024639,HAM_0003797,nv,2,0.0007598145,0.00039341737,0.0034647936,0.0019794886,0.004273751,0.9875636,0.00156514
ISIC_0028348,HAM_0006319,nv,2,0.0010638211,0.0016589804,0.0007905647,0.002053575,0.0011798447,0.99106616,0.0021870865
ISIC_0025229,HAM_0000857,nv,2,0.00031910164,0.002715371,0.04895774,5.1384563e-05,0.00031231905,0.94752,0.00012398954
ISIC_0026756,HAM_0000390,nv,2,0.0002535574,0.00041641563,0.00022202227,0.0006226768,0.0043582614,0.9935381,0.0005889631
ISIC_0030619,HAM_0003379,nv,2,0.00036620366,0.002943687,0.00061207905,0.00022038523,0.0017698128,0.9939474,0.00014035926
ISIC_0030453,HAM_0003116,nv,2,0.0010229067,0.00050786126,0.0012557419,0.003110268,0.0017804169,0.98897773,0.003344987
ISIC_0029677,HAM_0000567,nv,2,0.0005678919,0.0009817086,0.0012104738,0.0011755251,0.00082225323,0.99421096,0.0010313366
ISIC_0029601,HAM_0001131,nv,2,0.001102838,0.001365152,0.0013439872,0.0018325332,0.0006682521,0.9928913,0.0007958974
ISIC_0031869,HAM_0005002,nv,2,2.4607714e-05,6.2400595e-06,3.8449627e-05,3.897892e-05,3.1443025e-05,0.9998541,6.264482e-06
ISIC_0027494,HAM_0003554,nv,2,0.012146079,0.0062522655,0.009408705,0.014017646,0.014586726,0.9379401,0.0056484514
ISIC_0026315,HAM_0000808,nv,2,0.0019089776,0.0018091497,0.0062075555,0.003089512,0.19377257,0.79225886,0.0009533549
ISIC_0024873,HAM_0004925,nv,2,2.5361583e-06,2.2450537e-05,2.9266726e-05,2.3459132e-05,1.0248536e-05,0.99990547,6.5782942e-06
ISIC_0030600,HAM_0007157,nv,2,0.00020536498,5.092009e-05,0.0012369985,0.00017669024,0.033213984,0.9649841,0.00013181896
ISIC_0026176,HAM_0002223,nv,2,0.0004206887,0.00022850123,0.00040496766,0.00036800778,0.002107938,0.9959222,0.0005476109
ISIC_0029447,HAM_0006263,nv,2,0.000532184,0.00026943453,0.0006488695,0.0009390423,0.001027817,0.99566793,0.000914606
ISIC_0024609,HAM_0003498,nv,2,0.00091778353,0.015424908,0.0005173499,0.0050279484,0.0038677885,0.9726522,0.0015919944
ISIC_0032118,HAM_0007540,nv,2,0.00026453688,5.1082876e-05,0.00047227927,0.00021781471,0.0020685876,0.9968501,7.56432e-05
ISIC_0028031,HAM_0005765,nv,2,0.00065608806,0.0018781694,0.008088981,0.0025872877,0.008511396,0.97577035,0.002507685
ISIC_0025191,HAM_0001341,nv,2,0.00014719265,0.00016809927,0.00020395801,0.00023821832,0.0006753153,0.99849844,6.8853195e-05
ISIC_0028574,HAM_0004686,nv,2,0.00014992789,8.451358e-05,0.00037289143,0.00044803935,0.0004584404,0.99835616,0.00013000544
ISIC_0029750,HAM_0002395,nv,2,0.00013318443,0.00012114743,0.00023882215,0.00017084526,0.001042474,0.99810106,0.00019246203
ISIC_0028061,HAM_0002059,nv,2,0.007901425,0.0013984349,0.008880558,0.0074863997,0.00628267,0.96532327,0.002727328
ISIC_0031688,HAM_0000116,nv,2,0.00023851219,8.487821e-05,0.008173072,0.0007332358,0.0013635252,0.9890484,0.000358399
ISIC_0029739,HAM_0007352,nv,2,0.00037002104,0.00029043286,0.00076893414,0.0018610875,0.00043514062,0.9945486,0.0017256428
ISIC_0027946,HAM_0007226,nv,2,0.0012803796,0.0015064477,0.010689125,0.0006934164,0.0011233297,0.98406094,0.00064633513
ISIC_0028342,HAM_0006008,nv,2,0.0004997869,0.011079087,0.002075609,0.0030615658,0.0005289122,0.97897357,0.0037814523
ISIC_0024531,HAM_0006552,nv,2,0.00026783557,0.000103866616,0.003086241,0.000375502,0.00983683,0.98590046,0.0004292557
ISIC_0024368,HAM_0003465,nv,2,4.4514443e-05,3.107609e-05,0.0006172846,6.565972e-05,0.0031146142,0.9959364,0.00019036411
ISIC_0029200,HAM_0000849,nv,2,0.00052825065,0.001362173,0.020007215,0.008226996,0.030063732,0.9384574,0.0013542149
ISIC_0025356,HAM_0005320,nv,2,0.0028696032,0.00076334516,0.0064179925,0.0020851435,0.040002394,0.9430276,0.004833922
ISIC_0028178,HAM_0006083,nv,2,0.0011634239,0.004077637,0.00080509356,0.00496987,0.0038352644,0.9839761,0.0011725486
ISIC_0028437,HAM_0002990,nv,2,0.0001343924,1.2549365e-05,0.0003441899,0.0014995252,0.017949099,0.9799875,7.278302e-05
ISIC_0028444,HAM_0007411,nv,2,0.0002709609,3.688607e-05,0.0007817578,0.0011274975,0.009826075,0.9877121,0.00024479278
ISIC_0027633,HAM_0007291,nv,2,0.0009834141,8.788166e-05,0.00088757335,0.010697325,0.0021151889,0.98481584,0.00041275992
ISIC_0026673,HAM_0004251,nv,2,5.5370492e-05,2.9464538e-05,0.00027068637,0.00011185147,0.003912216,0.9954217,0.00019861943
ISIC_0032161,HAM_0005216,nv,2,0.00049948494,2.3055258e-05,0.0013734102,0.00013319313,0.0016457646,0.9962186,0.00010639843
ISIC_0026932,HAM_0001096,nv,2,4.5833614e-05,0.0016965395,5.5285887e-05,0.00023435889,4.8033213e-05,0.9977908,0.00012917272
ISIC_0030985,HAM_0004679,nv,2,0.0028385501,0.0011263439,0.0014349995,0.0021395138,0.0023360678,0.98766553,0.0024589603
ISIC_0030388,HAM_0000936,nv,2,0.00064398797,0.0007588033,0.008039274,0.005750409,0.0056411657,0.97857416,0.0005921119
ISIC_0031365,HAM_0006728,nv,2,0.0008218719,0.0012087314,0.0008596337,0.002337012,0.000625858,0.99374986,0.00039704333
ISIC_0031452,HAM_0002588,nv,2,0.0004955911,0.0042917184,0.0007036894,0.0006173757,0.00060721085,0.99280566,0.00047893813
ISIC_0029511,HAM_0006627,nv,2,0.0005644697,0.0009234108,0.0010336662,0.0024221956,0.000573919,0.9940269,0.00045533938
ISIC_0026813,HAM_0000731,nv,2,0.0004106096,0.0016936394,0.00053033145,0.006300705,0.0070534404,0.9816005,0.0024106756
ISIC_0027223,HAM_0004772,nv,2,0.00011729922,0.000108590044,0.00012523073,0.00019586457,0.0003045483,0.9990227,0.00012572086
ISIC_0028910,HAM_0006136,nv,2,0.0037866808,0.0038954539,0.0026694715,0.032394033,0.06336253,0.8824144,0.011477362
ISIC_0031416,HAM_0003592,nv,2,0.0010449775,0.0018108565,0.0029121672,0.0007600553,0.009890294,0.98210514,0.0014765353
ISIC_0025092,HAM_0001984,nv,2,0.0002646889,0.00011563401,0.00012309176,0.0004750956,0.0032530366,0.99547666,0.00029184166
ISIC_0024917,HAM_0007280,nv,2,0.00019984972,0.00044642735,0.00025066774,0.00026553468,6.46919e-05,0.9986576,0.000115325776
ISIC_0025669,HAM_0003860,nv,2,0.00047275014,0.001234029,0.00021559699,0.0030673281,0.00046270175,0.9934685,0.0010789703
ISIC_0029774,HAM_0004393,nv,2,0.00039686,0.00027732365,0.00023193899,0.000589392,0.0015152965,0.9962054,0.00078387366
ISIC_0029886,HAM_0007459,nv,2,0.00013723773,0.00021590525,0.009029372,0.0004272874,0.017974595,0.97184247,0.0003730508
ISIC_0028904,HAM_0003269,nv,2,0.0009069308,0.0007727147,0.0013016581,0.011000232,0.0005692079,0.9839437,0.0015055327
ISIC_0027186,HAM_0005688,nv,2,0.0022165214,0.0013522885,0.014952442,0.022298798,0.0015144914,0.953741,0.003924458
ISIC_0030164,HAM_0002828,nv,2,0.0021566977,0.00069202,0.015788801,0.001319651,0.030241141,0.94815284,0.00164876
ISIC_0026020,HAM_0001550,nv,2,0.0049513546,0.0014269233,0.006887715,0.087936446,0.0035316688,0.8933458,0.0019201352
ISIC_0028247,HAM_0003155,nv,2,1.3284348e-05,0.0036086128,0.0017781258,6.706935e-05,0.008497473,0.9860184,1.6990942e-05
ISIC_0028988,HAM_0003155,nv,2,0.00032198563,0.0030222738,0.041558545,0.0008400751,0.06939387,0.8842328,0.00063041726
ISIC_0026730,HAM_0003277,nv,2,7.654196e-05,7.66916e-05,0.012500728,0.00045356379,0.004996785,0.9814864,0.00040936077
ISIC_0026890,HAM_0003277,nv,2,0.00013036831,0.0012350896,0.036431026,0.00026541672,0.001202362,0.95997304,0.00076277653
ISIC_0030629,HAM_0004935,nv,2,0.00026156614,0.0004143239,0.015039644,0.0003319447,0.0019771114,0.9818127,0.0001627276
ISIC_0031178,HAM_0004935,nv,2,0.002632891,0.0034423315,0.0059791175,0.000367634,0.008555287,0.9785299,0.0004927769
ISIC_0028423,HAM_0006439,nv,2,0.0007638327,0.00022979255,0.024444712,0.0016913303,0.31917828,0.65235806,0.0013340384
ISIC_0025621,HAM_0006439,nv,2,0.00010297942,9.807193e-05,0.0010720228,0.00014636328,0.06212309,0.93636775,8.964499e-05
ISIC_0026251,HAM_0004380,nv,2,0.0004850629,0.039640192,0.005122799,0.00011498774,0.017015768,0.93723077,0.00039052096
ISIC_0029072,HAM_0004380,nv,2,0.00013454354,0.001412282,0.0008955121,0.0006112829,0.045351587,0.9509048,0.00068997376
ISIC_0024842,HAM_0000977,nv,2,0.00047436822,0.00051693723,0.008557488,0.0016573255,0.1602114,0.82804906,0.0005333466
ISIC_0028803,HAM_0000977,nv,2,0.0019354852,0.0037931981,0.11448413,0.003222391,0.37537903,0.49924275,0.0019430604
ISIC_0031145,HAM_0004267,nv,2,0.0014960724,0.00037605638,0.008392434,0.0029420678,0.09183842,0.8937457,0.0012091922
ISIC_0028430,HAM_0004267,nv,2,0.00028866078,5.841636e-05,0.0026719493,0.0009851474,0.047051698,0.94875747,0.00018673777
ISIC_0024798,HAM_0000044,nv,2,5.307985e-06,0.00034651402,0.0004918348,7.7468874e-05,0.0005528076,0.9982345,0.0002915092
ISIC_0025152,HAM_0000044,nv,2,7.134193e-06,7.19122e-05,0.00026048764,0.00015179277,0.0025263426,0.99316204,0.0038203688
ISIC_0027235,HAM_0003091,nv,2,0.00020051032,5.1696854e-05,0.00602368,0.0006378431,0.5977128,0.3950641,0.00030934572
ISIC_0027152,HAM_0003091,nv,2,0.00010051479,1.4940191e-05,0.0061612045,0.00041499798,0.4127583,0.5798132,0.00073692965
ISIC_0024934,HAM_0002652,nv,2,6.262186e-05,2.8060984e-05,0.008412762,0.00030168402,0.10909835,0.8819131,0.00018333831
ISIC_0025442,HAM_0002652,nv,2,7.390834e-05,1.6685573e-05,0.0034718227,0.00033448476,0.2448239,0.7511707,0.00010859131
ISIC_0027987,HAM_0006457,nv,2,0.0001783271,0.0026891981,0.004608389,0.00035952777,0.28232297,0.7097599,8.1803715e-05
ISIC_0032257,HAM_0006457,nv,2,0.00026915633,0.002177892,0.0005799086,0.0019229217,0.74495095,0.25001514,8.4034706e-05
ISIC_0027077,HAM_0003848,nv,2,0.0011677416,0.0013519608,0.011133454,0.10163421,0.36475003,0.44690105,0.07306153
ISIC_0032096,HAM_0003848,nv,2,0.0005180669,0.00073632156,0.88338,0.00067833124,0.059530556,0.05012976,0.0050269333
ISIC_0030786,HAM_0000682,nv,2,0.0013059392,0.10641143,0.005241307,0.8720342,0.0075963247,0.003860925,0.0035499108
ISIC_0029389,HAM_0004575,nv,2,0.003739483,0.026033314,0.19803222,0.16082227,0.20511812,0.24531451,0.16094011
ISIC_0024789,HAM_0004575,nv,2,0.059790604,0.0649655,0.41624674,0.12719627,0.1195555,0.19528154,0.01696382
ISIC_0030312,HAM_0004762,nv,2,3.7468486e-05,0.011881972,0.00029702391,0.96487147,0.0013054217,0.021358462,0.0002481728
ISIC_0026080,HAM_0004762,nv,2,0.0023304299,0.002451828,0.15788595,0.41072658,0.009811475,0.41556808,0.0012256539
ISIC_0028385,HAM_0006359,nv,2,0.00020358416,0.00016518982,0.0011349471,0.0010470948,0.036803387,0.9603604,0.00028542237
ISIC_0027403,HAM_0006359,nv,2,6.023158e-06,5.527161e-06,0.0007082689,0.00021046572,0.011018496,0.9879865,6.4755055e-05
ISIC_0027031,HAM_0006742,nv,2,0.0017635608,0.00046729713,0.015946498,0.014129538,0.38909337,0.578422,0.00017771273
ISIC_0024813,HAM_0006742,nv,2,0.00044961783,0.0003823317,0.0019876852,0.007580611,0.5609035,0.428383,0.00031327136
ISIC_0031293,HAM_0004418,nv,2,0.0014582857,0.00038791954,0.0337131,0.0020266073,0.21600647,0.7436991,0.002708519
ISIC_0026376,HAM_0004418,nv,2,0.00017869193,0.00012921072,0.00335279,0.0009966637,0.059881113,0.9348705,0.0005910806
ISIC_0025108,HAM_0007476,nv,2,0.0010558115,0.0018657173,0.0095775165,0.0014687148,0.08619856,0.8982096,0.0016241324
ISIC_0029296,HAM_0007476,nv,2,0.0017869591,0.0021428913,0.045438293,0.004572081,0.29470772,0.6487495,0.0026025507
ISIC_0030064,HAM_0006048,nv,2,0.006794835,0.03493083,0.24931115,0.0022450793,0.610458,0.03511895,0.061141092
ISIC_0025129,HAM_0006826,nv,2,0.0025989162,0.0053587314,0.032890383,0.033019114,0.15001848,0.7746103,0.0015041371
ISIC_0027049,HAM_0006826,nv,2,0.0029587876,0.0027605877,0.20321646,0.006362393,0.032572262,0.749165,0.0029645718
ISIC_0026911,HAM_0006303,nv,2,0.00036852143,0.00039075964,0.0428456,0.0017980532,0.06545946,0.8878945,0.001243045
ISIC_0030464,HAM_0006303,nv,2,7.9670404e-05,3.9516814e-05,0.00060147356,0.0005650321,0.011986906,0.98631036,0.00041703563
ISIC_0024340,HAM_0001160,nv,2,9.328039e-05,0.00013678665,0.2925501,0.00010046694,0.2813427,0.42565787,0.0001188423
ISIC_0027361,HAM_0001160,nv,2,0.0051295897,0.002054406,0.12897713,0.0017064922,0.18565552,0.6751323,0.0013446835
ISIC_0025823,HAM_0007425,nv,2,0.0002748934,6.5155778e-06,0.0071173417,7.6335135e-05,0.078333214,0.9141577,3.407257e-05
ISIC_0027458,HAM_0007425,nv,2,0.0025981283,0.00025876128,0.025234923,0.0009632945,0.1923812,0.77740633,0.0011574249
ISIC_0028368,HAM_0002409,nv,2,0.00032743486,0.000114268936,0.0014833099,0.0012321112,0.014633869,0.9818055,0.00040353913
ISIC_0028843,HAM_0002409,nv,2,0.007000736,0.0032940214,0.019557504,0.007817516,0.38635534,0.5721125,0.0038624
ISIC_0024831,HAM_0007468,nv,2,1.7026385e-05,0.0013552175,0.01816806,0.00014452261,0.002030453,0.90670884,0.07157593
ISIC_0026869,HAM_0007468,nv,2,1.5699947e-05,0.0032855365,0.00086475513,0.00029221372,0.00033112156,0.94739354,0.04781725
ISIC_0025402,HAM_0002703,nv,2,0.0006470832,0.00023781626,0.020467151,0.00015294709,0.75611705,0.22220199,0.00017604102
ISIC_0025598,HAM_0004986,nv,2,0.0029912132,0.00020838178,0.7434519,0.0016844858,0.011747013,0.23948522,0.0004317676
ISIC_0031158,HAM_0006709,nv,2,0.00090436236,0.062372062,0.00048786693,0.26823345,0.34813833,0.3139031,0.0059608733
ISIC_0033712,HAM_0000407,nv,2,0.0005244687,0.0008380987,0.10014145,0.004764409,0.20789902,0.6856805,0.00015203406
ISIC_0032771,HAM_0000407,nv,2,0.00020177153,0.0004945362,0.008647889,0.0017109964,0.31326106,0.6749341,0.0007496721
ISIC_0033297,HAM_0000407,nv,2,0.0009803142,0.00042576555,0.034845315,0.024546687,0.32723048,0.611347,0.00062434387
ISIC_0033852,HAM_0004708,nv,2,0.0085294945,0.00076390506,0.08375986,0.0009469888,0.3411256,0.5646223,0.00025190916
ISIC_0033775,HAM_0004708,nv,2,8.828129e-05,0.00070120045,0.0040233256,0.00011810142,0.06745392,0.9275424,7.276017e-05
ISIC_0033561,HAM_0004708,nv,2,0.00020233357,0.0006238402,0.012517935,0.00056414335,0.1050163,0.8810097,6.5688095e-05
ISIC_0025456,HAM_0003158,nv,2,7.673534e-05,0.00077651464,0.012955409,0.00050875364,0.0033767335,0.9820462,0.0002595923
ISIC_0034079,HAM_0005374,nv,2,0.00012361888,1.3131525e-05,0.0021388712,0.00023367286,0.7650314,0.23241176,4.765933e-05
ISIC_0033327,HAM_0005374,nv,2,4.2847754e-05,8.371564e-06,0.0002249451,4.2183463e-05,0.93644,0.06322963,1.2038646e-05
ISIC_0032871,HAM_0005374,nv,2,3.125278e-05,7.703831e-06,0.00011004588,4.4159653e-05,0.93177134,0.068026684,8.76375e-06
ISIC_0030851,HAM_0000077,nv,2,0.0005365021,0.00017795931,0.002288734,0.004631843,0.0877921,0.90415674,0.0004161993
ISIC_0026979,HAM_0002060,nv,2,1.116955e-06,0.00023699242,0.00028712643,3.4208744e-05,0.0011825756,0.9982223,3.5710687e-05
ISIC_0034136,HAM_0002750,nv,2,0.0016164132,0.00071518065,0.008754263,0.0015590503,0.26736322,0.71970576,0.000286151
ISIC_0033386,HAM_0002750,nv,2,0.00019881509,7.13063e-05,0.019617397,0.0003862318,0.6345901,0.34502065,0.0001155157
ISIC_0033003,HAM_0002750,nv,2,0.0012761671,0.000490088,0.018598117,0.00123449,0.58911806,0.38862354,0.0006594855
ISIC_0033919,HAM_0002386,nv,2,0.0001339128,6.3876694e-05,0.0010594956,0.00017465523,0.016252743,0.98222876,8.646061e-05
ISIC_0033640,HAM_0002386,nv,2,0.00011471147,3.2994016e-05,0.0009374168,0.00020852861,0.011078179,0.98753464,9.3624774e-05
ISIC_0033927,HAM_0002386,nv,2,0.0002761634,0.00011994201,0.0015733824,0.00023255289,0.17121583,0.8264535,0.00012867898
ISIC_0032664,HAM_0000294,nv,2,0.0047149016,0.0011353035,0.09628664,0.0038182437,0.086648606,0.8069859,0.00041037734
ISIC_0033461,HAM_0000294,nv,2,0.001146684,0.0039134263,0.0070328703,0.002624786,0.2312536,0.75382143,0.00020720156
ISIC_0031466,HAM_0002567,nv,2,0.010480272,0.0008889907,0.0026800814,0.001874656,0.055323116,0.92843777,0.00031512752
ISIC_0031048,HAM_0002567,nv,2,0.014576823,0.0015642996,0.003344121,0.004959211,0.15345013,0.821482,0.0006234519
ISIC_0026502,HAM_0005107,nv,2,0.00034052742,0.00048115948,0.007250641,0.0011100232,0.09441881,0.89582074,0.0005781264
ISIC_0032082,HAM_0005107,nv,2,0.009230402,0.0051174634,0.056103043,0.007964879,0.48845756,0.42854393,0.004582787
ISIC_0026384,HAM_0005127,nv,2,0.00029197344,7.527846e-05,0.03401223,0.0024220888,0.046945423,0.9157,0.00055298716
ISIC_0028436,HAM_0005127,nv,2,0.0016837753,0.00081422064,0.01251157,0.014959772,0.55767304,0.40879998,0.003557597
ISIC_0029636,HAM_0001220,nv,2,0.00053152663,0.0001728988,0.00991717,0.0013908459,0.21069676,0.7767414,0.0005494713
ISIC_0027931,HAM_0001220,nv,2,0.0015181735,0.0011459775,0.023899456,0.006317283,0.1727565,0.7926014,0.0017611121
ISIC_0032711,HAM_0006869,nv,2,0.00028755623,0.000112169626,0.0054105762,0.0025767637,0.7331961,0.25838336,3.3417335e-05
ISIC_0033207,HAM_0006869,nv,2,0.001079865,0.00055967976,0.004866871,0.0035321075,0.67014897,0.31966248,0.00015004848
ISIC_0032558,HAM_0006869,nv,2,0.00051565416,0.00056412735,0.0073309126,0.0018371011,0.5343443,0.455267,0.000140972
ISIC_0032651,HAM_0004714,nv,2,1.6809117e-05,1.2963735e-05,0.00065203226,0.00016422186,0.019853592,0.97928476,1.563725e-05
ISIC_0033699,HAM_0004714,nv,2,1.7630484e-05,2.7413502e-05,0.0008416141,0.00016023807,0.03023922,0.9686822,3.1676238e-05
ISIC_0033915,HAM_0004714,nv,2,0.0010053426,0.0006038452,0.023827864,0.0057375226,0.5912751,0.3765721,0.0009782251
ISIC_0032821,HAM_0006391,nv,2,0.00028978285,6.181895e-05,0.0009817597,0.00035366515,0.043599617,0.9543075,0.0004058753
ISIC_0032783,HAM_0006391,nv,2,2.1952967e-05,8.076045e-06,0.0013036022,8.923256e-05,0.0024834846,0.9960557,3.785731e-05
ISIC_0034139,HAM_0006391,nv,2,8.1308026e-05,2.0199679e-05,0.0005360519,0.00015294534,0.013916395,0.9851887,0.00010440157
ISIC_0034320,HAM_0002244,nv,2,0.00013060469,1.918649e-05,0.02183601,0.0004933785,0.13040823,0.84705323,5.9329857e-05
ISIC_0032549,HAM_0002244,nv,2,9.106634e-05,1.210974e-05,0.047265757,8.020895e-05,0.15619396,0.796323,3.3830198e-05
ISIC_0033990,HAM_0006379,nv,2,5.1238396e-05,0.0021189102,0.026646031,0.00027807627,0.48921221,0.4816277,6.57914e-05
ISIC_0032937,HAM_0006379,nv,2,1.7220578e-05,0.0011724001,0.008743673,7.9627156e-05,0.047290936,0.9424719,0.00022419392
ISIC_0033231,HAM_0005364,nv,2,0.0005578134,0.000121107754,0.0046933754,0.0005395963,0.24571192,0.74802846,0.00034770978
ISIC_0033035,HAM_0005364,nv,2,5.5942382e-05,2.2470715e-05,0.0003849191,0.00016964317,0.17205548,0.8272686,4.2976368e-05
ISIC_0032525,HAM_0005364,nv,2,6.64716e-05,1.9803078e-05,0.0004184756,0.0001910316,0.29399148,0.70524895,6.3800384e-05
ISIC_0032815,HAM_0004615,nv,2,0.0004669254,0.0003343489,0.0013327472,0.0010719388,0.6128387,0.38350466,0.00045079525
ISIC_0033094,HAM_0004615,nv,2,0.00037705066,0.00012385336,0.005234972,0.00051839574,0.45412585,0.53928775,0.00033209677
ISIC_0033162,HAM_0004615,nv,2,0.0009263543,0.0013089231,0.01947072,0.0014817563,0.34027416,0.6357158,0.000822309
ISIC_0033988,HAM_0005961,nv,2,4.050608e-05,0.00018711538,0.0011567627,0.00014193343,0.039354213,0.9590683,5.120448e-05
ISIC_0032859,HAM_0005961,nv,2,0.0015443048,0.0006694066,0.004585746,0.001956001,0.1550812,0.8350926,0.0010707539
ISIC_0032795,HAM_0005961,nv,2,7.092748e-05,4.8273963e-05,0.00048234043,0.000202251,0.06262132,0.9365322,4.268491e-05
ISIC_0033510,HAM_0000547,nv,2,0.00031755812,0.0014820601,0.0017200594,6.24089e-05,0.7971403,0.19920053,7.706471e-05
ISIC_0033222,HAM_0000547,nv,2,0.00010194625,3.4147713e-05,0.004309539,7.81649e-05,0.96956414,0.02583801,7.400504e-05
ISIC_0032546,HAM_0000547,nv,2,0.000263876,0.00064801687,0.012939725,0.00016674987,0.94144076,0.044463873,7.694242e-05
ISIC_0032989,HAM_0005135,nv,2,1.8732815e-05,1.01848555e-05,0.00025434085,2.2907141e-05,0.9444914,0.055191163,1.1207745e-05
ISIC_0033618,HAM_0005135,nv,2,3.4795372e-05,7.7802375e-05,7.496809e-05,0.00011979866,0.8335665,0.16607378,5.2438474e-05
ISIC_0033016,HAM_0005135,nv,2,4.6432884e-05,0.00017050919,0.00030396547,0.00011926731,0.48595303,0.5132687,0.00013808254
ISIC_0033091,HAM_0003824,nv,2,0.002523616,0.00110141,0.018002965,0.0019943959,0.04646869,0.9260852,0.003823706
ISIC_0034138,HAM_0003824,nv,2,0.00043898326,0.00044939344,0.0034469748,0.0010907464,0.027132424,0.96489424,0.0025472308
ISIC_0032971,HAM_0003824,nv,2,0.00012808858,8.68385e-05,0.0013690369,0.00061227113,0.07802866,0.9195396,0.00023559095
ISIC_0033170,HAM_0001358,nv,2,0.0005635063,5.407806e-05,0.006495999,0.0032380081,0.5561035,0.43309388,0.00045102483
ISIC_0032680,HAM_0001358,nv,2,0.00014125308,5.066131e-05,0.06101729,0.00086106523,0.24465013,0.69287163,0.0004079318
ISIC_0033674,HAM_0001358,nv,2,0.002581254,0.00034831275,0.015695272,0.01227695,0.60210013,0.36590612,0.0010919048
ISIC_0034314,HAM_0006042,nv,2,0.00021856285,0.0004599944,0.0025851338,0.00036961585,0.26634356,0.72967523,0.0003479008
ISIC_0034174,HAM_0006042,nv,2,5.1699157e-05,8.007322e-05,0.0015372887,1.5984402e-05,0.21105935,0.7872498,5.880333e-06
ISIC_0033983,HAM_0006042,nv,2,0.0004852634,0.00010311694,0.10136555,2.0584443e-05,0.040955387,0.8570523,1.781435e-05
ISIC_0032702,HAM_0004814,nv,2,0.0059551746,0.003878892,0.014883841,0.040646583,0.33579037,0.59744304,0.0014021004
ISIC_0033667,HAM_0004814,nv,2,0.0007290512,9.018834e-05,0.64745617,0.0012450117,0.17290434,0.17735071,0.00022453003
ISIC_0033107,HAM_0004814,nv,2,0.0012451955,0.00022765447,0.04233693,0.006025212,0.6564658,0.29301685,0.0006823109
ISIC_0033121,HAM_0001824,nv,2,0.00013680902,4.8876125e-05,0.00075971347,0.0005137969,0.042566393,0.95565134,0.0003230997
ISIC_0034158,HAM_0001824,nv,2,1.5016862e-05,2.6044474e-06,0.00029580592,3.2481086e-05,0.0024429718,0.9971827,2.8385897e-05
ISIC_0033213,HAM_0001824,nv,2,0.0025275878,0.0003066312,0.00456571,0.0039262907,0.34829393,0.6393606,0.0010192452
ISIC_0032705,HAM_0007367,nv,2,7.797863e-05,0.00025418832,0.11284592,0.00012436636,0.77418005,0.111967735,0.00054980285
ISIC_0034198,HAM_0007367,nv,2,0.00026914332,0.00032401536,0.07176711,0.00042507914,0.6522693,0.27137578,0.0035695862
ISIC_0033658,HAM_0007367,nv,2,0.0002765546,0.00096150715,0.09884562,0.00024597274,0.69556963,0.19928405,0.0048166313
ISIC_0033046,HAM_0007367,nv,2,0.00029055448,0.00016458576,0.039033737,0.00026767133,0.8936246,0.06626907,0.00034979172
ISIC_0032689,HAM_0007367,nv,2,0.00074734254,0.00016740731,0.034092613,0.0006518437,0.45172116,0.51086843,0.0017512518
ISIC_0033194,HAM_0003634,nv,2,0.00015695136,0.011357961,0.0013545295,0.001432066,0.019254617,0.96563894,0.00080488675
ISIC_0034258,HAM_0003634,nv,2,0.0002008961,0.018621737,0.0019041889,0.00078224106,0.028118815,0.94953287,0.00083922216
ISIC_0034023,HAM_0003634,nv,2,0.00026684153,0.061039235,0.036412615,0.0005275774,0.22349039,0.6764038,0.0018594968
ISIC_0033104,HAM_0006496,nv,2,3.2911226e-05,4.111899e-05,0.000488373,0.00048646898,0.5120398,0.48668692,0.00022446857
ISIC_0032579,HAM_0006496,nv,2,0.00019132436,0.0019589073,0.0035924416,0.32306567,0.33856988,0.33072692,0.0018949334
ISIC_0033189,HAM_0006496,nv,2,8.283858e-05,0.00017813094,0.0093234,0.005501052,0.2754796,0.7089791,0.00045576258
ISIC_0033128,HAM_0007348,nv,2,0.00034473022,8.716144e-05,0.004249178,0.0005590062,0.68054736,0.31402102,0.00019149687
ISIC_0033115,HAM_0007348,nv,2,0.00059883925,0.00018478849,0.007798163,0.0013442439,0.21868417,0.7707732,0.0006166429
ISIC_0032625,HAM_0007348,nv,2,0.00016005375,6.0394632e-05,0.035868652,0.00056412467,0.5880069,0.3752228,0.00011709781
ISIC_0032530,HAM_0003676,nv,2,0.00017499238,0.00014507376,0.004526354,0.0038489772,0.0754442,0.59573716,0.32012317
ISIC_0033249,HAM_0003676,nv,2,8.018289e-05,0.000101757374,0.0031966446,0.0012156816,0.11224628,0.84410214,0.03905736
ISIC_0026279,HAM_0003243,nv,2,0.00016395866,0.0016885838,0.004348422,0.00017216311,0.45026115,0.5431186,0.0002470944
ISIC_0031814,HAM_0003243,nv,2,0.0010728334,0.00019962047,0.045484584,0.0004686862,0.14783317,0.80230653,0.0026346245
ISIC_0034237,HAM_0002170,nv,2,0.00022285164,6.434883e-05,0.0028455264,0.0007823996,0.18995702,0.80602145,0.00010630071
ISIC_0034032,HAM_0002170,nv,2,0.00016035205,6.736895e-05,0.0022443377,0.00056352274,0.027445292,0.9693713,0.00014772324
ISIC_0033075,HAM_0002170,nv,2,0.0014866904,0.00035311995,0.045443706,0.0020340502,0.21054037,0.7391766,0.0009655203
ISIC_0033645,HAM_0006191,nv,2,3.379609e-05,5.02334e-06,5.788342e-05,6.64285e-05,0.013634315,0.98618084,2.1735324e-05
ISIC_0028829,HAM_0006191,nv,2,4.8280042e-05,1.9092276e-05,0.00011379973,0.00012559631,0.02185648,0.977774,6.260117e-05
ISIC_0033530,HAM_0006191,nv,2,0.00012250076,2.6081918e-05,0.000417869,0.00021394828,0.018039241,0.9810693,0.000111103356
ISIC_0033339,HAM_0000316,nv,2,7.4022304e-05,0.00017966342,0.0036870046,0.00037081173,0.0052281497,0.31607708,0.6743833
ISIC_0034285,HAM_0001673,nv,2,7.5614684e-05,0.00017240892,0.0016192809,2.9553357e-05,0.20205098,0.79601175,4.047362e-05
ISIC_0033966,HAM_0001673,nv,2,6.5545915e-05,0.0001358113,0.0011311809,5.3497017e-05,0.04233858,0.95612264,0.00015269674
ISIC_0033764,HAM_0007299,nv,2,0.005446608,0.007357898,0.05067029,0.03623011,0.5290934,0.36936668,0.0018351063
ISIC_0033934,HAM_0007299,nv,2,0.029780297,0.00043550428,0.0088655865,0.0037621828,0.9332482,0.023777727,0.00013050696
ISIC_0032565,HAM_0007299,nv,2,0.0005426324,4.654304e-05,0.0072709844,0.00058500917,0.7618481,0.22964358,6.3121726e-05
ISIC_0032772,HAM_0005496,nv,2,0.0001318229,0.0004152664,0.005374749,0.00019217616,0.0058627916,0.9878976,0.00012554084
ISIC_0034041,HAM_0005496,nv,2,3.2127708e-05,0.0001760716,0.0037682548,0.00014740093,0.005585459,0.99019414,9.647927e-05
ISIC_0033598,HAM_0005496,nv,2,0.0005379778,0.00092591834,0.0028256923,0.002302887,0.10913242,0.8821885,0.002086589
ISIC_0034021,HAM_0005496,nv,2,0.00016293942,0.0005692701,0.0055480986,0.00044205104,0.015689725,0.9773472,0.00024080886
ISIC_0034220,HAM_0002502,nv,2,7.090383e-05,3.0554977e-05,0.008373346,0.00029793382,0.67565227,0.31543726,0.00013774264
ISIC_0032973,HAM_0002502,nv,2,7.3259405e-05,4.5133813e-05,0.0009816369,0.00048523422,0.8637224,0.134542,0.00015031855
ISIC_0033425,HAM_0002502,nv,2,4.3810815e-05,2.139343e-05,0.00022011246,6.4369924e-05,0.86164576,0.1379392,6.538359e-05
ISIC_0033443,HAM_0004118,nv,2,0.0007803284,0.0005631483,0.002384876,0.0034971891,0.1356615,0.8523978,0.004715183
ISIC_0032593,HAM_0004118,nv,2,0.00011221764,4.0563235e-05,0.00032789906,0.0002634743,0.00813266,0.9909087,0.00021462185
ISIC_0033935,HAM_0004118,nv,2,0.00064304186,0.00045243648,0.0020535856,0.0012553317,0.13044536,0.86231995,0.0028303151
ISIC_0032605,HAM_0006334,nv,2,0.0021688088,0.00010496354,0.0012201609,0.00046949607,0.2655479,0.7303428,0.00014572745
ISIC_0032779,HAM_0006334,nv,2,0.001283602,5.8701455e-05,0.001119031,0.0004657987,0.21272954,0.78423536,0.000107968495
ISIC_0033950,HAM_0006334,nv,2,0.0007842514,0.0001466387,0.008080824,0.000727442,0.29289842,0.6971589,0.00020358767
ISIC_0033442,HAM_0002417,nv,2,6.957384e-05,1.779838e-05,0.002225464,0.00024047667,0.14764187,0.8496204,0.00018437985
ISIC_0032943,HAM_0002417,nv,2,0.00035375814,8.468394e-05,0.05732568,0.0006634939,0.24949825,0.691583,0.0004911445
ISIC_0032752,HAM_0007052,nv,2,0.00021308268,7.054222e-05,0.85474217,0.0003710614,0.02059841,0.12386091,0.00014389762
ISIC_0033794,HAM_0007052,nv,2,0.0006521711,0.00020521472,0.8797017,0.00031108694,0.021554798,0.09735956,0.00021548364
ISIC_0034200,HAM_0004583,nv,2,0.0030349935,0.0011655325,0.012564352,0.003791894,0.22429086,0.75286144,0.0022909334
ISIC_0034249,HAM_0004584,nv,2,0.0023616585,0.0005218362,0.06801414,0.0011133918,0.15736735,0.7700639,0.0005576659
ISIC_0032824,HAM_0004590,nv,2,0.00011148708,0.00023601815,0.0013701805,0.0027854661,0.06831451,0.9266205,0.0005617721
ISIC_0033955,HAM_0000432,nv,2,0.00051979336,0.00011153839,0.0031841202,0.064142406,0.5938885,0.33641055,0.0017430509
ISIC_0033822,HAM_0000432,nv,2,0.00020161382,0.00011375971,0.00042184387,0.018033862,0.18186894,0.79464513,0.004714762
ISIC_0027397,HAM_0003699,nv,2,0.19839263,0.010483665,0.7040502,0.014842203,0.028110595,0.042452168,0.0016685046
ISIC_0032966,HAM_0004076,nv,2,0.00018555397,9.514262e-05,0.00040766882,0.000586817,0.036985,0.96133685,0.0004029193
ISIC_0033864,HAM_0004076,nv,2,5.5477445e-05,0.00417054,0.0104489615,3.8957096e-05,0.001285366,0.9838018,0.00019900307
ISIC_0033177,HAM_0006295,nv,2,2.2732156e-05,0.00025388118,0.00049417117,0.00010760508,0.08482875,0.913778,0.0005148613
ISIC_0033086,HAM_0006295,nv,2,1.616817e-05,0.00029053274,0.00019735371,0.0005113969,0.20691754,0.7901037,0.0019632585
ISIC_0032720,HAM_0006295,nv,2,1.8582787e-05,0.00042356225,0.00023448508,0.00014194488,0.02482239,0.97424996,0.00010904568
ISIC_0033463,HAM_0007533,nv,2,0.0012148103,0.00017449804,0.0084520355,0.0011345415,0.6461005,0.34247184,0.00045173033
ISIC_0033757,HAM_0007533,nv,2,0.0004737805,0.00040052467,0.5298109,0.0010409132,0.08180645,0.37569216,0.010775299
ISIC_0033873,HAM_0002598,nv,2,0.00045201275,0.00038738293,0.024945598,0.0011100363,0.18058285,0.7921139,0.00040835954
ISIC_0029393,HAM_0001755,nv,2,7.223733e-05,9.329965e-05,0.0034178554,0.0013603589,0.40151653,0.5934029,0.0001368149
ISIC_0029306,HAM_0000897,nv,2,0.00015142452,9.814968e-05,0.0011922099,0.0009221685,0.30722073,0.6896334,0.00078187033
ISIC_0029654,HAM_0000312,nv,2,0.000160802,0.0007930426,0.016563214,0.0013398207,0.055163924,0.92576617,0.00021302806
ISIC_0031053,HAM_0001052,nv,2,0.00011266727,5.5774344e-05,0.00024109261,0.00019391264,0.019779628,0.9794549,0.00016202006
ISIC_0024424,HAM_0006333,nv,2,0.045389596,0.25714958,0.06422875,0.03978329,0.5250666,0.06175311,0.0066290055
ISIC_0031970,HAM_0005421,nv,2,0.00013070586,1.20158975e-05,0.0015469162,0.0003975235,0.03345215,0.96434015,0.00012041188
ISIC_0028060,HAM_0005421,nv,2,0.00023366867,2.7907745e-05,0.0046670805,0.0010229712,0.1130454,0.88052994,0.00047294653
ISIC_0025993,HAM_0005232,nv,2,0.00026954655,0.000109760804,0.0019636906,0.00021322886,0.19690783,0.8003743,0.00016158354
ISIC_0026049,HAM_0000773,nv,2,0.000195596,1.936663e-05,0.026405428,0.0010168743,0.43669438,0.53504914,0.0006191794
ISIC_0027505,HAM_0005805,nv,2,2.4556492e-05,9.338814e-06,0.0050303345,6.714373e-05,0.29350445,0.7013356,2.8541717e-05
ISIC_0030074,HAM_0000140,nv,2,0.00014080502,0.00025421908,0.0003609655,0.001127708,0.0064233085,0.9912788,0.00041425333
ISIC_0027285,HAM_0005902,nv,2,4.9588216e-05,0.0039373576,0.2154979,0.00031463383,0.186134,0.59384775,0.00021879349
ISIC_0026886,HAM_0001041,nv,2,3.7976888e-06,5.13035e-06,2.3082624e-05,1.2797328e-05,0.0005877989,0.9993511,1.6368032e-05
ISIC_0027942,HAM_0001041,nv,2,3.0677104e-06,2.4078734e-06,1.3055032e-05,1.2678108e-05,0.0011809287,0.998781,6.913192e-06
ISIC_0031521,HAM_0001637,nv,2,0.0002722773,0.00014890452,0.00016579087,0.00063492113,0.122779965,0.87588745,0.00011065645
ISIC_0029664,HAM_0006754,nv,2,0.0006447515,0.00014218745,0.013102833,0.00047263253,0.042962536,0.94220144,0.00047355652
ISIC_0030116,HAM_0000182,nv,2,0.0013311283,0.00045867992,0.0024033105,0.00061963696,0.017551308,0.9771691,0.00046681392
ISIC_0026270,HAM_0000182,nv,2,0.002946822,0.0010405107,0.0058162687,0.0018386794,0.074967556,0.91150975,0.0018804452
ISIC_0025096,HAM_0000182,nv,2,0.0031546783,0.0030785922,0.0068101743,0.0022261057,0.09456403,0.8884795,0.0016869295
ISIC_0032347,HAM_0007585,nv,2,0.00090901495,0.21059118,0.0019912964,0.0004932585,0.06587832,0.71941215,0.0007247299
ISIC_0027398,HAM_0001567,nv,2,4.611525e-05,2.359941e-05,0.00019339549,0.00015254089,0.0071167466,0.9922259,0.00024162659
ISIC_0032407,HAM_0001567,nv,2,9.675782e-05,0.0001513321,0.0012197375,0.00039676492,0.027410887,0.97004896,0.00067557936
ISIC_0030840,HAM_0002154,nv,2,0.0053081894,0.00011433302,0.19081074,0.0010170507,0.5608239,0.24167894,0.00024681687
ISIC_0032291,HAM_0000032,nv,2,0.00015348244,0.0038515942,6.286616e-05,0.00013811924,0.1241069,0.87162745,5.9636845e-05
ISIC_0024503,HAM_0001142,nv,2,0.00025402178,0.0020280147,0.0008037397,0.000100845726,0.031995725,0.9647339,8.37675e-05
ISIC_0029667,HAM_0001142,nv,2,9.5275056e-05,0.000736878,0.00023443038,6.4215e-05,0.007539128,0.9912956,3.4506338e-05
ISIC_0029450,HAM_0004239,nv,2,1.4609854e-05,0.00012437458,8.196609e-05,4.5045486e-05,0.0007022257,0.9989987,3.3182037e-05
ISIC_0027887,HAM_0004239,nv,2,2.7606831e-05,0.00032756815,0.00014507385,8.730698e-05,0.00071373,0.9986474,5.1275034e-05
ISIC_0024928,HAM_0004239,nv,2,6.6269163e-06,5.7528036e-05,8.6909735e-05,2.2506312e-05,0.00035429982,0.9994573,1.4846738e-05
ISIC_0025078,HAM_0001512,nv,2,0.0008486952,0.00040443425,0.000763743,0.0014408622,0.15417576,0.8416455,0.000720982
ISIC_0025516,HAM_0001512,nv,2,0.00020934937,0.0001766345,0.00039226364,0.00036527304,0.047007717,0.95158046,0.00026828542
ISIC_0029835,HAM_0001512,nv,2,0.00028634502,0.000159375,0.000393303,0.00061694236,0.062562175,0.9356478,0.00033411803
ISIC_0028101,HAM_0001512,nv,2,0.00023371329,0.00012315826,0.00070941926,0.0003481149,0.04978272,0.94854915,0.00025369338
ISIC_0032227,HAM_0000963,nv,2,0.000683779,3.9145412e-05,0.0017253271,0.00030610367,0.03128447,0.96565753,0.00030372158
ISIC_0029938,HAM_0001895,nv,2,0.0002456235,0.0021531738,0.012378567,0.0040621343,0.09326992,0.88665044,0.0012400916
ISIC_0024777,HAM_0001895,nv,2,0.0002456235,0.0021531738,0.012378567,0.0040621343,0.09326992,0.88665044,0.0012400916
ISIC_0029196,HAM_0001895,nv,2,0.00016811019,0.0028517107,0.0054063136,0.006461039,0.11181708,0.87266505,0.00063073466
ISIC_0024349,HAM_0000025,nv,2,6.8340174e-05,4.8365884e-05,4.9319813e-05,0.00019430317,0.033386406,0.96621186,4.136953e-05
ISIC_0026126,HAM_0000025,nv,2,5.9182414e-05,4.7740526e-05,4.9352275e-05,0.00025909298,0.04766872,0.95185816,5.769865e-05
ISIC_0028271,HAM_0000025,nv,2,8.8836176e-05,5.4837383e-05,6.386145e-05,0.00019709166,0.036545936,0.96300083,4.848843e-05
ISIC_0027658,HAM_0000222,nv,2,3.8674436e-05,0.00013845834,0.00027268133,0.00025968667,0.24406233,0.75470716,0.0005210077
ISIC_0028678,HAM_0000222,nv,2,9.8484554e-05,0.00022193836,0.00034509026,0.00046075598,0.6202926,0.377699,0.0008820798
ISIC_0030610,HAM_0001130,nv,2,0.00053380494,4.4944176e-05,0.0004361046,0.0032591925,0.024494465,0.9708138,0.0004177626
ISIC_0024694,HAM_0001130,nv,2,0.00027990263,3.714802e-05,0.00027990263,0.0014619376,0.010720891,0.9869854,0.00023478272
ISIC_0029661,HAM_0001699,nv,2,1.6383321e-05,6.479729e-05,0.008233696,0.000114838804,0.64583224,0.34568912,4.8911566e-05
ISIC_0024328,HAM_0002701,nv,2,0.00022268394,3.2841435e-05,0.02361922,6.330352e-05,0.810148,0.16588247,3.1460168e-05
ISIC_0031559,HAM_0006760,nv,2,0.00026956774,5.3916934e-05,0.0014228169,0.0007961817,0.046500124,0.95054275,0.00041467027
ISIC_0028115,HAM_0007168,nv,2,0.00010504547,0.00012281058,0.0048532365,0.00040228738,0.38366237,0.61070055,0.00015373841
ISIC_0028518,HAM_0002919,nv,2,0.00028064346,0.00045464042,0.0006214198,0.0008944998,0.3200228,0.67748827,0.00023771428
ISIC_0026764,HAM_0002701,nv,2,0.017893044,8.5408086e-05,0.017945541,4.6982936e-05,0.14850564,0.8154564,6.703757e-05
ISIC_0025969,HAM_0004369,nv,2,0.00202846,0.009810456,0.37102196,0.0029745398,0.009207075,0.5963756,0.008581938
ISIC_0026030,HAM_0003580,nv,2,0.00010863617,1.5021594e-05,0.0006056281,9.587109e-05,0.9352333,0.06389252,4.906189e-05
ISIC_0028757,HAM_0003662,nv,2,0.038006984,0.09760075,0.00460065,0.00855328,0.036671627,0.8116337,0.002932931
ISIC_0031603,HAM_0002128,nv,2,0.34472656,0.004719656,0.049802195,0.0020538266,0.3501552,0.24660566,0.0019369427
ISIC_0029867,HAM_0002128,nv,2,0.23777011,0.036056023,0.09128887,0.001440311,0.32152078,0.30530286,0.006621022
ISIC_0031070,HAM_0000632,nv,2,0.0036199393,0.0012806845,0.014289201,0.00062782364,0.062434215,0.9174641,0.00028408988
ISIC_0031354,HAM_0002823,nv,2,0.0019847997,0.00019883832,0.027027262,0.0007894987,0.7205748,0.24902399,0.0004008807
ISIC_0032163,HAM_0001427,nv,2,0.0004759091,0.0001390395,0.0039945394,0.0006051409,0.16390195,0.8307387,0.00014457823
ISIC_0026454,HAM_0006210,nv,2,0.003313396,0.00069656334,0.009267727,0.0034420236,0.7134012,0.2691946,0.000684426
ISIC_0027874,HAM_0002684,nv,2,0.00044976693,2.8445424e-05,0.00062688347,0.002292415,0.055827316,0.9405662,0.00020895689
ISIC_0030967,HAM_0005881,nv,2,0.00087839115,0.00032695112,0.0060734716,0.003008055,0.31641525,0.6724728,0.00082517206
ISIC_0032015,HAM_0005643,nv,2,0.00030473992,2.5758267e-05,0.05360409,0.00018847962,0.08734856,0.8583936,0.00013470031
ISIC_0026615,HAM_0002532,nv,2,6.5323315e-05,0.002360213,0.00053115404,0.00040171994,0.006351825,0.9869709,0.0033188993
ISIC_0028135,HAM_0002944,nv,2,0.0012443978,0.00020634137,0.0146647785,0.029594753,0.017500097,0.93607783,0.00071181165
ISIC_0029438,HAM_0002738,nv,2,0.062765576,0.034141716,0.006049957,0.0062116,0.21960889,0.66595566,0.00526657
ISIC_0031353,HAM_0000168,nv,2,0.0016111893,0.0015135723,0.04537055,0.0019992916,0.7466858,0.20254396,0.000275642
ISIC_0029693,HAM_0002305,nv,2,0.0008498249,6.162126e-05,0.0061647184,0.0014038635,0.38887256,0.6022976,0.00034979073
ISIC_0024841,HAM_0002368,nv,2,0.0017521274,0.0012339801,0.041224547,0.00036583404,0.6972603,0.25801513,0.00014809928
ISIC_0029121,HAM_0002368,nv,2,0.002174762,0.00013383245,0.020673908,0.00110104,0.48689678,0.4888024,0.0002172315
ISIC_0027237,HAM_0003850,nv,2,0.0007262044,0.00699,0.05293892,9.089514e-05,0.9202152,0.018912857,0.00012594917
ISIC_0029001,HAM_0005664,nv,2,0.008351307,0.666023,0.01697753,0.023547957,0.08952235,0.19458236,0.0009954751
ISIC_0027671,HAM_0000971,nv,2,0.0007723726,0.0010322604,0.0013972209,0.0017525076,0.43261003,0.56203014,0.00040542494
ISIC_0026546,HAM_0000971,nv,2,0.00045892232,0.0006936496,0.0007814159,0.001360755,0.3798877,0.6166186,0.0001989281
ISIC_0025013,HAM_0001154,nv,2,0.0019032484,0.00046823657,0.0011725574,0.02994677,0.023459624,0.94259834,0.00045117908
ISIC_0027724,HAM_0001154,nv,2,0.00087325496,0.00020721379,0.0007253692,0.018399507,0.0041172793,0.975575,0.00010237811
ISIC_0030796,HAM_0006793,nv,2,0.00048917247,3.602873e-05,0.0024221623,0.00036387728,0.79358554,0.20301506,8.813308e-05
ISIC_0024790,HAM_0001941,nv,2,0.00061316544,0.00026944632,0.0055462364,0.0008613307,0.33811274,0.65428025,0.00031686586
ISIC_0030733,HAM_0006245,nv,2,0.0007666296,0.00021878674,0.13380156,0.003720427,0.032949977,0.82767737,0.00086531835
ISIC_0025597,HAM_0000284,nv,2,0.0005565922,0.00012250611,0.09342177,0.002927749,0.25147885,0.6510137,0.00047887623
ISIC_0025225,HAM_0000284,nv,2,0.00023010727,5.705492e-05,0.0052218963,0.0012691023,0.038698092,0.9541953,0.0003283284
ISIC_0027569,HAM_0005009,nv,2,0.0006300895,0.32385445,0.00640733,0.0019713757,0.12340238,0.5434144,0.0003199381
ISIC_0030544,HAM_0003562,nv,2,1.5357462e-05,0.00023035215,0.00025410656,4.215558e-05,0.00024592804,0.9981238,0.0010882688
ISIC_0030962,HAM_0003562,nv,2,1.4326783e-05,5.3126598e-05,0.00020981216,3.4909386e-05,7.3328054e-05,0.9989644,0.00065006485
ISIC_0025926,HAM_0005854,nv,2,0.023747545,0.0006912429,0.019252488,0.01086048,0.8341716,0.11103413,0.00024264908
ISIC_0031117,HAM_0005176,nv,2,0.021553028,0.002925086,0.09117466,0.001650467,0.20748161,0.67369473,0.0015204815
ISIC_0031046,HAM_0002657,nv,2,0.0008329933,2.2394486e-05,0.005455721,0.0014045701,0.05972384,0.9324151,0.00014546106
ISIC_0032243,HAM_0004701,nv,2,0.019422343,0.00019124857,0.06291075,0.0014200634,0.036374412,0.87955177,0.00012940525
ISIC_0029109,HAM_0003820,nv,2,0.0067156996,7.986347e-05,0.004046516,0.020670664,0.22060886,0.7477693,0.00010916041
ISIC_0028675,HAM_0001799,nv,2,5.4868593e-05,0.0522262,0.010344383,0.0039764484,0.0152591085,0.8981265,0.020012476
ISIC_0028297,HAM_0001630,nv,2,0.0006629286,3.923303e-05,0.0038958353,0.0002075837,0.60564554,0.38950968,3.923303e-05
ISIC_0029452,HAM_0005429,nv,2,0.0005361859,8.0794e-05,0.02665497,0.00010766366,0.9637831,0.008594648,0.0002426238
ISIC_0026452,HAM_0003311,nv,2,0.0023672483,0.00036232092,0.0063847713,0.0059979376,0.34927824,0.6349366,0.00067295
ISIC_0027007,HAM_0003311,nv,2,0.0015072423,0.00043183216,0.0019581506,0.0011310794,0.5303637,0.464402,0.00020598485
ISIC_0029544,HAM_0007013,nv,2,0.0015604246,0.00083279173,0.9646022,0.0015094643,0.0012612046,0.028817235,0.0014166265
ISIC_0026601,HAM_0002899,nv,2,0.00012421816,0.00011288124,0.0005044187,0.0008983457,0.9382079,0.060094886,5.7205427e-05
ISIC_0024439,HAM_0005631,nv,2,0.0072846888,0.0003080308,0.011005585,0.01574506,0.041624736,0.92362297,0.00040887235
ISIC_0025492,HAM_0005631,nv,2,0.49670234,0.0018089679,0.076246195,0.0037555145,0.15844584,0.26225546,0.0007856626
ISIC_0030006,HAM_0003546,nv,2,8.3881634e-05,7.3449206e-05,0.007878456,0.00045701634,0.7067761,0.28445005,0.00028101023
ISIC_0026974,HAM_0003603,nv,2,8.097793e-05,1.3853688e-05,0.0027789294,0.00090042595,0.022629034,0.97355324,4.3514003e-05
ISIC_0029881,HAM_0000217,nv,2,0.00083725125,3.8177015e-05,0.0026901725,0.00057263096,0.5645567,0.4311731,0.00013195592
ISIC_0031115,HAM_0000217,nv,2,0.0003854951,4.6674613e-05,0.011465602,0.00028203425,0.7463037,0.24134475,0.00017173194
ISIC_0025289,HAM_0006110,nv,2,0.0031602443,0.00019390903,0.0051597278,0.00068612566,0.2912223,0.69181687,0.007760812
ISIC_0031049,HAM_0001688,nv,2,0.00037018547,0.0007670253,0.0006396231,0.009821453,0.13677786,0.8510605,0.000563364
ISIC_0026795,HAM_0003603,nv,2,0.00012891936,2.6140453e-05,0.0020819234,0.0006861266,0.021386502,0.9756193,7.105712e-05
ISIC_0026818,HAM_0001330,nv,2,0.002242011,0.0002408493,0.003826263,0.0006721885,0.07822735,0.91470695,8.438109e-05
ISIC_0029191,HAM_0003415,nv,2,6.089515e-05,3.870731e-05,0.06472504,9.71203e-05,0.009545652,0.92547256,6.0068265e-05
ISIC_0024476,HAM_0002007,nv,2,0.0037783089,0.00033764416,0.060092077,0.0002104686,0.8761747,0.059276097,0.0001306829
ISIC_0026551,HAM_0004802,nv,2,0.014350874,0.00037683052,0.016192341,0.0023151396,0.06739452,0.8990908,0.00027949025
ISIC_0024596,HAM_0004802,nv,2,0.02224316,0.00017693908,0.0036524346,0.0025735758,0.010537752,0.96069753,0.00011855949
ISIC_0030966,HAM_0004802,nv,2,0.0010862492,6.789926e-05,0.0022136546,0.0007006507,0.1632734,0.832416,0.0002421384
ISIC_0028951,HAM_0007116,nv,2,0.0076813856,0.00019447152,0.022620987,0.031683374,0.021564027,0.9155836,0.0006721759
ISIC_0028130,HAM_0007263,nv,2,0.00063544785,0.00012635504,0.35870928,0.0019382958,0.05731303,0.58110654,0.00017102847
ISIC_0032292,HAM_0003685,nv,2,0.0030346627,9.947306e-05,0.27964973,0.002021521,0.4701581,0.2443917,0.00064485625
ISIC_0031838,HAM_0002517,nv,2,0.00029587006,9.680832e-05,0.00084121077,0.00032942285,0.17131317,0.8269233,0.00020019569
ISIC_0029733,HAM_0005750,nv,2,0.0003944734,0.015302244,0.007140569,0.0013674676,0.010318688,0.9653887,8.784717e-05
ISIC_0028478,HAM_0002154,nv,2,0.004359603,0.0005882821,0.014357544,0.0026649719,0.044767506,0.9331742,8.795417e-05
ISIC_0026674,HAM_0004836,nv,2,0.0008152701,0.0002621073,0.007677684,0.00094296335,0.4400023,0.5497349,0.00056472106
ISIC_0025169,HAM_0002025,nv,2,0.0032408708,0.0001413548,0.013045199,0.00040268234,0.29647276,0.6866324,6.471694e-05
ISIC_0031681,HAM_0006069,nv,2,0.06440365,0.029478945,0.52482814,0.0052569723,0.036970366,0.3368748,0.002187156
ISIC_0030008,HAM_0007317,nv,2,0.0006392677,0.0020676155,0.012613222,0.0010416949,0.10604845,0.87587565,0.0017141135
ISIC_0027197,HAM_0006244,nv,2,0.0009116885,0.016844885,0.0018219837,0.0028164373,0.04862343,0.92827153,0.0007100237
ISIC_0027627,HAM_0006244,nv,2,0.00045449467,0.001572461,0.004181497,0.002520158,0.3548117,0.63623726,0.00022236998
ISIC_0024514,HAM_0002201,nv,2,0.0003949738,2.850026e-05,0.0013119356,0.0003489037,0.93504566,0.06276663,0.00010343834
ISIC_0025533,HAM_0004836,nv,2,0.0023959044,0.0009718217,0.06362826,0.0022180143,0.2581261,0.67083716,0.0018227079
ISIC_0031754,HAM_0003940,nv,2,0.00046653906,3.7628568e-05,0.027194537,0.00058803527,0.42167172,0.5499636,7.79665e-05
ISIC_0029803,HAM_0003940,nv,2,0.00013099312,2.442134e-05,0.0029094832,0.00019133982,0.30056703,0.6961147,6.199774e-05
ISIC_0027271,HAM_0006757,nv,2,0.0043737157,0.00018516714,0.14769424,0.0005517283,0.35223016,0.4947876,0.00017737925
ISIC_0024497,HAM_0006757,nv,2,0.0018127878,0.00010749301,0.0068564382,0.00025836646,0.41955802,0.5712321,0.00017481949
ISIC_0031594,HAM_0006835,nv,2,0.0954734,0.020812053,0.85845715,0.00106165,0.011352672,0.012182614,0.0006604822
ISIC_0028091,HAM_0002025,nv,2,0.00091542193,9.3333765e-05,0.0058097076,0.00063223933,0.3158855,0.6766124,5.1443232e-05
ISIC_0028023,HAM_0002025,nv,2,0.0016157619,1.7927598e-05,0.02939809,0.00047009875,0.010051154,0.9584378,9.1923575e-06
ISIC_0026825,HAM_0000204,nv,2,0.11441559,0.00019003381,0.101465635,0.007292947,0.5363352,0.23986392,0.00043669424
ISIC_0026023,HAM_0000815,nv,2,0.00063126493,0.48707005,0.0026864286,0.0013923403,0.01235538,0.49281144,0.0030530537
ISIC_0032144,HAM_0007176,nv,2,0.00023421342,0.00010913231,0.0018716991,0.00057013956,0.24508436,0.7519699,0.0001606583
ISIC_0028205,HAM_0000311,nv,2,0.010213199,0.00019654169,0.0037430343,0.006497454,0.033771038,0.9454254,0.00015336607
ISIC_0027255,HAM_0007284,nv,2,0.00369679,0.008662709,0.018316582,0.007174628,0.2791317,0.68147653,0.0015410515
ISIC_0026577,HAM_0006835,nv,2,0.75089014,0.006284311,0.18691134,0.0017760367,0.020176107,0.033511356,0.00045080998
ISIC_0027639,HAM_0000204,nv,2,0.22004068,0.00033800208,0.4978101,0.0015207491,0.13307099,0.14686525,0.00035422316
ISIC_0031314,HAM_0000204,nv,2,0.13064253,0.00030272876,0.16434322,0.0014329992,0.18369655,0.51821727,0.0013647092
ISIC_0025667,HAM_0000762,nv,2,0.00086677156,0.0010496181,0.0033340512,0.0030120641,0.08010893,0.91144204,0.00018653943
ISIC_0028982,HAM_0000762,nv,2,3.2174885e-05,4.4757737e-05,0.0023113803,6.6018576e-05,0.017432788,0.98009515,1.7699385e-05
ISIC_0027137,HAM_0000762,nv,2,0.00062677497,0.0002414074,0.0022384452,0.004558917,0.027604768,0.96458644,0.00014330877
ISIC_0026956,HAM_0003142,nv,2,0.00024706003,0.99686015,0.0007516278,3.5592373e-05,0.00016441684,0.0019338123,7.33057e-06
ISIC_0031806,HAM_0003142,nv,2,0.00024048016,0.9923517,0.0006870742,7.0877846e-05,0.0014316579,0.005171908,4.6392128e-05
ISIC_0031192,HAM_0006932,nv,2,0.06923943,0.06671708,0.6016524,0.0060147275,0.11870399,0.13743037,0.00024203339
ISIC_0029221,HAM_0006458,nv,2,0.00035409117,9.345903e-05,0.54760224,0.000283411,0.12830077,0.32317868,0.00018732325
ISIC_0028261,HAM_0005429,nv,2,0.0058686975,0.0005014115,0.38763434,0.000119795535,0.58876735,0.016283307,0.00082507473
ISIC_0030198,HAM_0005695,nv,2,0.00040358168,0.00019630621,0.006532589,0.00048967317,0.728269,0.26376155,0.0003472303
ISIC_0030923,HAM_0005750,nv,2,0.0038251919,0.018111378,0.10248276,0.0057647675,0.14145197,0.7275302,0.000833744
ISIC_0025027,HAM_0004479,nv,2,2.3469576e-05,0.99839884,8.238597e-06,9.3173385e-06,5.121223e-05,0.0014981031,1.08083e-05
ISIC_0032090,HAM_0004479,nv,2,0.00025621685,0.9017024,8.189183e-05,0.00042491267,0.014126247,0.0832187,0.0001896619
ISIC_0027789,HAM_0003415,nv,2,0.00040633607,0.00021121651,0.086721905,0.00037800783,0.020658694,0.89139235,0.0002315233
ISIC_0028761,HAM_0003415,nv,2,0.0003020474,9.229935e-05,0.0029820877,0.0003038224,0.076254666,0.9199442,0.00012085221
ISIC_0027351,HAM_0002293,nv,2,0.00857051,0.009203798,0.0013484585,0.0032697194,0.77925396,0.19818409,0.00016943994
ISIC_0027346,HAM_0002326,nv,2,0.0007519703,7.763665e-06,0.01009077,0.00015532944,0.9280685,0.060855128,7.056158e-05
ISIC_0031875,HAM_0002326,nv,2,0.0010008615,4.3170467e-06,0.030451776,3.7148202e-05,0.9603678,0.008108415,2.9791172e-05
ISIC_0027578,HAM_0006458,nv,2,0.0018184099,0.00017829727,0.34316,0.00061147497,0.39807257,0.2555134,0.0006458463
ISIC_0031238,HAM_0002238,nv,2,0.5547746,0.006302982,0.19994734,0.0008195365,0.21981375,0.008101096,0.010240745
ISIC_0026374,HAM_0002238,nv,2,0.28317815,0.023772685,0.28207415,0.0010999832,0.37698638,0.017614678,0.015274035
ISIC_0027379,HAM_0002154,nv,2,0.008140003,0.00010945625,0.06276089,0.00038654322,0.66428226,0.26423323,8.760768e-05
ISIC_0027468,HAM_0002154,nv,2,0.0010974801,0.00039981675,0.38617778,0.0010554361,0.15421213,0.45680958,0.0002477675
ISIC_0028016,HAM_0005664,nv,2,0.012871871,0.82807755,0.004358102,0.098996386,0.027938556,0.026850216,0.00090728427
ISIC_0030639,HAM_0000815,nv,2,0.00012885884,0.4057145,0.0009255583,0.0003434997,0.0043999883,0.5880097,0.0004778345
ISIC_0026323,HAM_0006104,nv,2,0.00030369346,0.021032244,0.002017418,0.0017476354,0.08082191,0.89300466,0.0010724894
ISIC_0030663,HAM_0006104,nv,2,0.00052234356,0.0070548803,0.004599112,0.0006362497,0.4038166,0.58297735,0.00039351627
ISIC_0030978,HAM_0002007,nv,2,0.19574647,0.0033450592,0.10621785,0.00032575257,0.6481265,0.045550086,0.0006882726
ISIC_0025918,HAM_0003078,nv,2,0.0040716776,0.00021897527,0.024198284,0.03320458,0.55942345,0.37852484,0.00035821967
ISIC_0026124,HAM_0003078,nv,2,0.0006934944,0.00017775655,0.0062600183,0.01794669,0.88393044,0.090829834,0.00016184918
ISIC_0028504,HAM_0006910,nv,2,0.0016429722,0.00043747516,0.0014513343,0.0032626574,0.25981855,0.73296124,0.00042567504
ISIC_0029862,HAM_0006910,nv,2,0.0014867559,0.00023639036,0.0011681082,0.0030313218,0.17000948,0.8238424,0.00022556527
ISIC_0031794,HAM_0006616,nv,2,0.00019244984,0.00016785772,0.26940635,0.0009145473,0.14280145,0.58614343,0.0003738662
ISIC_0028947,HAM_0002486,nv,2,0.0013327795,6.651738e-05,0.026213396,0.0014523808,0.008132435,0.9627427,5.9742364e-05
ISIC_0031965,HAM_0002511,nv,2,0.0009096834,0.00024724068,0.09279023,0.0022427102,0.043235827,0.85997546,0.0005989199
ISIC_0025148,HAM_0002511,nv,2,0.0014213691,0.00096928957,0.052921414,0.0021233347,0.44483986,0.49722493,0.00049992296
ISIC_0030140,HAM_0006512,nv,2,0.0033908326,0.00049522024,0.009462348,0.0021136561,0.27307522,0.709688,0.0017746701
ISIC_0027614,HAM_0006512,nv,2,0.00074117805,0.00023505118,0.0015984594,0.000926926,0.64172345,0.35439333,0.00038152578
ISIC_0025243,HAM_0001933,nv,2,0.0006328483,0.00030483236,0.26547956,0.0019379214,0.1303992,0.600609,0.00063656725
ISIC_0030434,HAM_0005733,nv,2,0.00092663843,0.0011287081,0.00609132,0.0030711447,0.22497642,0.7625734,0.0012324011
ISIC_0026580,HAM_0005008,nv,2,0.020400353,0.023004027,0.0068149357,0.0023701761,0.036216933,0.9106295,0.0005640668
ISIC_0030919,HAM_0005008,nv,2,0.0082694,0.0023507855,0.3824303,0.01713422,0.15756337,0.42997792,0.0022740138
ISIC_0029963,HAM_0007025,nv,2,3.9603372e-05,1.8202712e-05,0.00042401295,3.95261e-05,0.010916766,0.9884708,9.118576e-05
ISIC_0030937,HAM_0005173,nv,2,0.0011312581,0.00012605895,0.0028481514,0.0044210064,0.46766132,0.52375585,5.6377048e-05
ISIC_0025400,HAM_0005173,nv,2,0.00026707636,0.00024652333,0.057447597,0.0003104197,0.42864916,0.5130259,5.33144e-05
ISIC_0029498,HAM_0001356,nv,2,0.00034818068,0.00013293108,0.020078583,0.0013464956,0.04844907,0.9285629,0.0010819396
ISIC_0026333,HAM_0001356,nv,2,8.524441e-05,3.437465e-05,0.0012526574,0.00014628569,0.008780495,0.98944306,0.0002579961
ISIC_0031036,HAM_0005254,nv,2,0.0002965717,0.00014624126,0.0013533732,0.00021444864,0.09446275,0.9032669,0.00025968684
ISIC_0026820,HAM_0005254,nv,2,0.000103889084,4.6643923e-05,0.00050515577,0.0001248256,0.035849106,0.9632704,9.9909164e-05
ISIC_0028586,HAM_0000690,nv,2,0.0001283025,0.0001224271,0.14015223,7.766755e-05,0.033747323,0.8256465,0.00012557539
ISIC_0030182,HAM_0000690,nv,2,0.00085765205,0.0022029614,0.40372747,0.00027519494,0.038480595,0.5539898,0.00046629732
ISIC_0025647,HAM_0002798,nv,2,0.00033960585,0.0009267576,0.016894918,0.004665279,0.47633636,0.4991962,0.0016408687
ISIC_0025323,HAM_0002798,nv,2,7.904829e-05,7.197428e-05,0.0012014089,0.0013330891,0.20313406,0.7940507,0.00012982047
ISIC_0028562,HAM_0003619,nv,2,0.003973371,0.8715209,0.022488706,0.00030341587,0.006912461,0.09421981,0.0005814326
ISIC_0025553,HAM_0003619,nv,2,0.0035787984,0.95056677,0.011050422,0.00021241962,0.013618199,0.01739112,0.0035822953
ISIC_0029091,HAM_0002832,nv,2,0.00055982993,0.00077876647,0.0035529498,0.0018572493,0.0340652,0.9583282,0.00085781707
ISIC_0032026,HAM_0002832,nv,2,0.0017768709,0.21862414,0.010852814,0.001354415,0.11453377,0.6526911,0.00016689667
ISIC_0032388,HAM_0000378,nv,2,0.0018637368,0.0017993532,0.013302015,0.04539739,0.46322295,0.47420797,0.00020666933
ISIC_0031973,HAM_0000378,nv,2,0.00049220433,0.0001517351,0.005961245,0.0007645778,0.04804766,0.9445504,3.2117525e-05
ISIC_0032008,HAM_0004667,nv,2,0.0007122735,5.6007935e-05,0.828238,0.0019399456,0.04727678,0.12167234,0.00010463659
ISIC_0031317,HAM_0004667,nv,2,0.00048636648,0.000268073,0.61510026,0.0006331037,0.13019729,0.25293013,0.00038474757
ISIC_0025062,HAM_0001418,nv,2,0.00022786712,3.6980964e-05,0.0023376178,0.00044701435,0.69945693,0.29732788,0.00016573718
ISIC_0026749,HAM_0004777,nv,2,3.4814955e-05,1.6064461e-05,0.00053393363,9.047967e-05,0.02990875,0.9693897,2.6279708e-05
ISIC_0029895,HAM_0004777,nv,2,5.3190222e-05,2.3881243e-05,0.002520037,0.0001713651,0.0703596,0.926806,6.593822e-05
ISIC_0032020,HAM_0007437,nv,2,0.00020019383,3.4585228e-05,0.0067734816,0.00016694184,0.0665645,0.9261016,0.00015867598
ISIC_0024745,HAM_0007437,nv,2,7.751539e-05,1.888498e-05,0.0018634108,0.00013751301,0.0036986044,0.9939685,0.00023552205
ISIC_0031395,HAM_0005974,nv,2,0.007618614,5.4885226e-05,0.043015115,0.00011372234,0.80217975,0.14694628,7.158383e-05
ISIC_0032589,HAM_0006218,nv,2,0.0011197408,1.6551834e-05,0.1617807,9.962556e-05,0.02172425,0.81519645,6.271045e-05
ISIC_0033381,HAM_0003363,nv,2,0.0012298605,0.020816753,0.02938501,0.0013168731,0.43360546,0.51291174,0.0007343832
ISIC_0032912,HAM_0003357,nv,2,8.14597e-05,3.517251e-05,0.0005395489,0.0002904969,0.21513364,0.78385824,6.148901e-05
ISIC_0028252,HAM_0001259,nv,2,0.0011058297,0.00030498585,0.6957093,0.00045962987,0.0128736915,0.28944892,9.766991e-05
ISIC_0034053,HAM_0001442,nv,2,0.00038312594,6.84229e-05,0.0029776837,0.00083193515,0.4234439,0.5720362,0.00025873017
ISIC_0032930,HAM_0000488,nv,2,0.0007599142,0.0003992752,0.0014322394,0.0011564699,0.8325337,0.16361573,0.00010274282
ISIC_0033614,HAM_0007333,nv,2,6.332888e-05,3.184376e-05,0.0010158571,6.7150424e-05,0.00569512,0.99301165,0.00011512261
ISIC_0033907,HAM_0005316,nv,2,0.000121264406,0.00024591957,0.9376184,8.30188e-05,0.0032172864,0.058665898,4.832995e-05
ISIC_0033139,HAM_0005316,nv,2,0.0012004967,0.0007578836,0.4782053,0.00070504675,0.009860831,0.50904685,0.00022359284
ISIC_0033457,HAM_0005434,nv,2,0.0040328447,0.000115525676,0.14050642,0.000414402,0.047665052,0.8069809,0.00028481407
ISIC_0034018,HAM_0002569,nv,2,0.0008974552,0.00023710629,0.0030494232,0.0034185285,0.028720988,0.9623199,0.0013564809
ISIC_0033495,HAM_0003968,nv,2,0.0007787135,0.0030232524,0.008659885,0.0009805483,0.087067604,0.89844835,0.0010417516
ISIC_0033161,HAM_0003968,nv,2,0.00045246305,0.013796726,0.016508486,0.00091400044,0.022079423,0.9434364,0.0028125716
ISIC_0032796,HAM_0003968,nv,2,0.00029123508,0.005691656,0.0040657814,0.00043805037,0.04064403,0.9479162,0.00095305976
ISIC_0033098,HAM_0004071,nv,2,0.000303549,0.0050607184,0.0029743167,0.0019929656,0.105361484,0.8839056,0.00040135247
ISIC_0032607,HAM_0004071,nv,2,0.0003375926,0.0026985046,0.0032885661,0.00038856667,0.21678978,0.77612907,0.00036788752
ISIC_0032523,HAM_0002755,nv,2,0.00017887127,0.00010764662,0.001797517,0.00026461287,0.02803906,0.96929336,0.0003188725
ISIC_0033159,HAM_0002755,nv,2,0.00013809005,6.212061e-05,0.00044099733,0.00022153094,0.01142914,0.98747456,0.00023352675
ISIC_0033842,HAM_0005353,nv,2,2.1197762e-05,0.00012103542,0.013799826,2.247693e-05,0.031649873,0.95430577,7.984342e-05
ISIC_0032923,HAM_0005353,nv,2,8.142367e-06,0.00038099417,0.09827436,3.1704414e-05,0.00094021094,0.9001909,0.00017375179
ISIC_0032935,HAM_0004016,nv,2,0.00010965441,2.4659104e-05,0.004274488,0.00021302217,0.09274119,0.9025313,0.000105659776
ISIC_0033173,HAM_0003813,nv,2,0.00021129998,8.739747e-05,0.00060903316,0.0008576172,0.018543754,0.97938997,0.00030090497
ISIC_0027689,HAM_0003819,nv,2,0.0003289052,9.4972e-05,0.03299687,0.0036031671,0.03823968,0.9246549,8.155179e-05
ISIC_0033741,HAM_0006236,nv,2,8.030657e-06,2.4930174e-05,0.000173388,0.000559507,0.00081795023,0.9982261,0.00019005791
ISIC_0032632,HAM_0006230,nv,2,0.0021670572,0.00027551045,0.024995174,0.3123341,0.05309595,0.6067615,0.00037073984
ISIC_0033826,HAM_0004206,nv,2,5.273381e-06,2.7874456e-05,1.1383931e-05,2.8871846e-05,0.0002094905,0.9995049,0.00021216701
ISIC_0033892,HAM_0004208,nv,2,2.9096003e-05,0.00042652007,0.0007891006,0.00015245215,0.0019915632,0.99650264,0.00010874005
ISIC_0033066,HAM_0004192,nv,2,7.496447e-05,7.308504e-05,0.00094547,0.0007115904,0.06097298,0.9371587,6.3126405e-05
ISIC_0034081,HAM_0004210,nv,2,0.0004406109,0.00018047351,0.0006698859,0.010509524,0.019386686,0.96847177,0.00034114334
ISIC_0032634,HAM_0004184,nv,2,0.0023062164,0.0005480419,0.014258961,0.00020841992,0.06248488,0.9200038,0.0001897685
ISIC_0033481,HAM_0004198,nv,2,0.00083791086,0.0004441428,0.0013923167,0.0024942216,0.35150322,0.6427363,0.0005918513
ISIC_0033025,HAM_0003236,nv,2,8.3578725e-06,2.2498269e-05,0.0011360508,1.12029e-05,0.0016626577,0.9971506,8.690812e-06
ISIC_0033053,HAM_0003236,nv,2,2.6867037e-05,5.1184223e-05,0.0046754456,3.0266478e-05,0.004113996,0.99105483,4.7430214e-05
ISIC_0033065,HAM_0001619,nv,2,2.1599626e-05,4.1062895e-06,0.00040241372,0.0006313106,0.0034560144,0.99545705,2.7411354e-05
ISIC_0032852,HAM_0002164,nv,2,4.383237e-05,1.9834124e-05,0.00088104175,7.398114e-05,0.047974236,0.95050395,0.00050310674
ISIC_0034045,HAM_0002282,nv,2,3.7582475e-05,0.0014928206,0.0016236096,3.8473718e-05,0.017588058,0.97921515,4.3166315e-06
ISIC_0029355,HAM_0007069,nv,2,0.0021444059,0.0011842533,0.21492396,0.004990764,0.43415835,0.34077477,0.0018234915
ISIC_0027138,HAM_0004370,nv,2,0.0024746063,0.00037949317,0.013128462,0.003614623,0.56550664,0.40891334,0.0059828307
ISIC_0024757,HAM_0004370,nv,2,0.0008290767,0.00074172945,0.005848415,0.0021885966,0.68228537,0.30573344,0.0023733804
ISIC_0031216,HAM_0006861,nv,2,0.0023810496,0.0029201733,0.003102443,0.0035813667,0.099092826,0.88839495,0.0005271495
ISIC_0031769,HAM_0006861,nv,2,0.0029084696,0.0042235414,0.008761878,0.0034471538,0.1564879,0.82314706,0.0010239645
ISIC_0025816,HAM_0007122,nv,2,0.00047605566,0.008107102,0.008307464,0.0015870564,0.18614565,0.7944907,0.0008859216
ISIC_0031209,HAM_0007069,nv,2,0.00041412996,0.0001574933,0.0040311804,0.02289961,0.020189108,0.95208937,0.00021908528
ISIC_0031359,HAM_0002408,nv,2,0.0024018607,0.10776518,0.6751369,0.0012957066,0.0032320567,0.20873958,0.001428625
ISIC_0031454,HAM_0002408,nv,2,0.005749314,0.12707579,0.41585246,0.0005703721,0.008948297,0.43837067,0.0034330722
ISIC_0024955,HAM_0001956,nv,2,0.0010189018,0.00029249096,0.0014666534,0.0006514593,0.14627996,0.85004383,0.00024678363
ISIC_0030038,HAM_0001956,nv,2,0.005268558,0.00061782263,0.0022183561,0.0011003129,0.19678622,0.7936553,0.0003534025
ISIC_0031791,HAM_0004742,nv,2,0.00067698135,0.00019509821,0.09814548,0.0014027071,0.04750642,0.85116595,0.0009074264
ISIC_0028338,HAM_0004742,nv,2,0.0021900986,0.00024476426,0.2045998,0.0014862427,0.04373231,0.7469347,0.00081201136
ISIC_0028399,HAM_0007122,nv,2,0.00035300088,0.00057859987,0.28711623,0.0023018548,0.019395923,0.6901026,0.00015182377
ISIC_0025652,HAM_0003965,nv,2,8.458799e-05,2.605105e-05,0.00038263047,0.0002464424,0.0055382457,0.9933975,0.00032457575
ISIC_0028585,HAM_0002554,nv,2,0.00040197093,0.0043896497,0.10187848,0.00034787683,0.007521937,0.8852677,0.00019249144
ISIC_0032102,HAM_0002554,nv,2,3.229842e-05,0.0022357295,0.07454505,0.0005222891,0.0019701363,0.92064583,4.8675432e-05
ISIC_0028380,HAM_0003965,nv,2,0.00017992377,5.661552e-05,0.0031775672,0.0005345367,0.048637133,0.9468468,0.0005673468
ISIC_0025178,HAM_0005282,akiec,2,0.96177804,0.0031032674,0.0015467664,0.030705685,0.0013987522,0.0014473876,2.006938e-05
ISIC_0028730,HAM_0005282,akiec,2,0.2626612,0.00037314967,0.4728393,0.24965593,0.0042124838,0.01023433,2.3576746e-05
ISIC_0024913,HAM_0001495,akiec,2,0.04106875,0.93929577,0.0045208707,0.009874189,0.0049919453,7.00339e-05,0.00017848889
ISIC_0031198,HAM_0003422,akiec,2,0.99518436,0.0022730916,0.00012257588,0.002179084,0.00022788641,9.771142e-06,3.2221806e-06
ISIC_0028816,HAM_0003123,akiec,2,0.9975668,6.798753e-05,0.00080159993,1.9176765e-05,0.0014924757,4.85885e-05,3.4114482e-06
ISIC_0028232,HAM_0003123,akiec,2,0.993986,3.951443e-05,0.0016181978,1.781055e-05,0.0038837504,0.00045266055,2.0139612e-06
ISIC_0025331,HAM_0001258,akiec,2,0.99934787,0.00018120407,0.0003241273,3.2230464e-06,8.719775e-05,5.268192e-05,3.724223e-06
ISIC_0030794,HAM_0002185,akiec,2,0.9990728,5.0997187e-05,0.00078459596,5.915777e-05,1.7418828e-05,1.4725532e-05,3.1286623e-07
ISIC_0029930,HAM_0005889,akiec,2,0.9960653,2.1992812e-06,0.00042736196,2.1697415e-05,0.0034345672,4.7206748e-05,1.6343671e-06
ISIC_0030991,HAM_0001453,akiec,2,0.99573416,0.00031967033,0.0023910727,4.1890693e-05,0.0011297385,0.00036400696,1.936717e-05
ISIC_0029541,HAM_0004636,akiec,2,0.84407413,0.0001641981,0.13860105,8.909878e-05,0.014658461,0.0016828133,0.00073015824
ISIC_0031940,HAM_0001234,akiec,2,0.6032804,0.0028432857,0.0008946795,0.011334995,0.3797418,0.0018429481,6.184248e-05
ISIC_0025358,HAM_0004398,akiec,2,0.99967813,6.727195e-05,0.00015123001,4.2969958e-05,2.3499648e-05,3.5380657e-05,1.6022976e-06
ISIC_0029860,HAM_0001967,akiec,2,0.9649747,0.0024357624,0.027751053,1.4503476e-05,0.0047755456,4.627235e-05,2.1982676e-06
ISIC_0024450,HAM_0005505,akiec,2,0.99249274,0.004450396,0.00025853867,4.401531e-05,0.0027218012,2.6231457e-05,6.1941173e-06
ISIC_0031743,HAM_0005505,akiec,2,0.9825324,0.004060734,0.0014422546,0.00013239359,0.011732924,6.762003e-05,3.1631032e-05
ISIC_0026522,HAM_0005505,akiec,2,0.99954385,1.2083152e-05,0.00043562124,5.8937326e-07,6.046196e-06,1.708742e-06,3.9178268e-08
ISIC_0032203,HAM_0005954,akiec,2,0.03851765,0.94419754,0.00268594,0.00023446571,0.0096736215,0.004528957,0.00016177648
ISIC_0028314,HAM_0006434,akiec,2,0.998665,0.00013299966,0.0010420448,5.9240388e-06,0.0001302999,2.2444592e-05,1.4236688e-06
ISIC_0030821,HAM_0006604,akiec,2,0.042334676,0.0005810214,0.64342016,0.00062700815,0.2827413,0.029597692,0.0006981133
ISIC_0028644,HAM_0001176,akiec,2,0.6604913,0.015824173,0.018595424,0.000333918,0.1692972,0.1353715,8.642985e-05
ISIC_0026212,HAM_0003262,akiec,2,0.9619329,6.122715e-05,0.0012552605,0.0001465897,0.036009703,0.0004920474,0.0001023361
ISIC_0024522,HAM_0005650,akiec,2,0.005937829,0.18508159,0.6950883,0.010390729,0.014703446,0.08802603,0.0007720581
ISIC_0030387,HAM_0005650,akiec,2,0.08029042,0.62068045,0.22370061,0.0074554207,0.048195917,0.017115697,0.002561472
ISIC_0029573,HAM_0006879,akiec,2,0.967304,0.00035848163,0.01581159,0.0019877688,0.012643086,0.0017593466,0.0001357988
ISIC_0025350,HAM_0005701,akiec,2,0.9906342,0.0060775112,0.0022776634,0.00096324674,4.2664462e-05,2.4211088e-06,2.3283576e-06
ISIC_0026149,HAM_0005480,akiec,2,0.93260473,9.7677796e-05,0.017857347,0.0013696346,0.0434909,0.0039055378,0.00067405717
ISIC_0025992,HAM_0005480,akiec,2,0.99040204,1.4885647e-05,0.00095087243,8.735049e-05,0.007947963,0.00045545457,0.0001415072
ISIC_0028224,HAM_0001625,akiec,2,0.9948724,0.00054224685,0.0019474985,0.0018108694,0.0006192653,0.00019850982,9.1048505e-06
ISIC_0030549,HAM_0002094,akiec,2,0.71627456,0.24370016,0.00402459,0.01116664,0.013312614,0.011144851,0.00037654504
ISIC_0026905,HAM_0006180,akiec,2,0.13936356,0.008961569,0.47054088,0.19254467,0.17200701,0.016259031,0.00032325293
ISIC_0028076,HAM_0006434,akiec,2,0.9525254,0.0012749485,0.019263994,0.00042002302,0.02282078,0.0035861724,0.00010871688
ISIC_0030142,HAM_0006434,akiec,2,0.976757,0.0058165235,0.016146429,0.0003991187,0.0006145556,0.0002561849,1.0168929e-05
ISIC_0025471,HAM_0001967,akiec,2,0.7437215,0.11076044,0.1192937,9.732109e-05,0.02556083,0.00051896885,4.7245598e-05
ISIC_0026171,HAM_0000356,akiec,2,0.000836757,0.0004732906,0.9936334,3.9810213e-05,0.0040252185,0.0009421704,4.9255163e-05
ISIC_0026457,HAM_0007303,akiec,2,0.8190041,0.00096082996,0.09099673,8.884899e-05,0.08615396,0.0026763566,0.00011909326
ISIC_0028763,HAM_0000832,akiec,2,0.06710619,0.001883316,0.0152055,0.0043320544,0.8865442,0.023896802,0.001031972
ISIC_0032135,HAM_0003144,akiec,2,0.98021597,9.457891e-05,0.0146816885,4.954841e-05,0.0027839793,0.0021451302,2.9184952e-05
ISIC_0026468,HAM_0001023,akiec,2,0.055944584,0.19863153,0.21858056,0.022948403,0.28759944,0.21310054,0.0031949414
ISIC_0027452,HAM_0004033,akiec,2,0.8685551,0.00030061678,0.020227952,0.0005561682,0.07537646,0.03464493,0.00033865334
ISIC_0026984,HAM_0001903,akiec,2,0.06811926,0.00016819248,0.013413477,9.0026944e-05,0.91678166,0.001320355,0.000107118656
ISIC_0029713,HAM_0006036,akiec,2,0.98313314,0.012731317,0.003519857,0.00014692263,0.00038332777,6.0651262e-05,2.484266e-05
ISIC_0033866,HAM_0000239,akiec,2,0.002296307,6.957987e-05,0.9914546,3.5055356e-05,0.0011769979,0.004949906,1.7558219e-05
ISIC_0025368,HAM_0004472,akiec,2,0.9838075,0.01062394,0.0038564352,5.408689e-05,0.0012131109,0.00018226024,0.00026260997
ISIC_0026194,HAM_0003910,akiec,2,0.9638123,0.00015183473,0.007681888,2.9034814e-05,0.027663542,0.00063551334,2.592517e-05
ISIC_0033811,HAM_0004282,akiec,2,0.022047,8.5222695e-05,0.62144274,0.00021258254,0.32429484,0.031797495,0.00012018327
ISIC_0027615,HAM_0006180,akiec,2,0.009526353,0.003917251,0.24955691,0.698534,0.027686821,0.0087504145,0.0020282776
ISIC_0028990,HAM_0006180,akiec,2,0.012251863,0.0008224284,0.59379697,0.31474784,0.072035745,0.0039931657,0.0023520503
ISIC_0033358,HAM_0004282,akiec,2,0.2064267,5.957941e-05,0.1271758,0.00021288401,0.6247598,0.041247636,0.00011756572
ISIC_0030655,HAM_0000356,akiec,2,0.0027195204,0.00017419303,0.99020946,3.1563673e-06,0.0012968015,0.0055855457,1.127806e-05
ISIC_0033151,HAM_0004282,akiec,2,0.079839446,2.8233448e-05,0.76492923,0.00020180548,0.10976888,0.045181233,5.112417e-05
ISIC_0032854,HAM_0000239,akiec,2,0.41136393,0.00014017035,0.5365197,2.1664417e-05,0.050099425,0.001768726,8.635646e-05
ISIC_0032258,HAM_0003521,mel,2,0.0012450214,0.34962037,0.08434985,0.004042596,0.30464667,0.22529143,0.03080413
ISIC_0025276,HAM_0001396,bkl,2,0.026490854,0.17401193,0.4229726,0.01307556,0.30734515,0.047595445,0.008508429
ISIC_0026153,HAM_0002957,bkl,2,0.026159102,0.031203426,0.7478666,0.0016487824,0.14120777,0.050398376,0.0015159659
ISIC_0025876,HAM_0002957,bkl,2,5.513357e-05,0.00028817484,0.99698716,5.291798e-05,0.00061507616,0.0019779906,2.3482213e-05
ISIC_0032688,HAM_0006801,bkl,2,0.08407426,0.012183223,0.6903296,0.066135794,0.0079432735,0.1380746,0.0012592655
ISIC_0033252,HAM_0006801,bkl,2,0.15981334,0.005471183,0.5242637,0.06873486,0.102561645,0.11131602,0.027839279
ISIC_0032570,HAM_0006801,bkl,2,0.021814557,0.0043621203,0.86946684,0.022233948,0.010053485,0.07109193,0.0009771301
ISIC_0033507,HAM_0006281,bkl,2,0.00072200113,0.017162528,0.028727796,0.00021848432,0.9365849,0.01614634,0.00043791582
ISIC_0033791,HAM_0006281,bkl,2,0.00066181924,0.00605892,0.039530832,0.00019601587,0.94473934,0.008415572,0.0003975127
ISIC_0031345,HAM_0002691,bkl,2,0.0002603897,3.0947635e-05,0.9918196,0.007543113,9.203236e-05,0.00024437474,9.401698e-06
ISIC_0027374,HAM_0004690,bkl,2,0.00051267346,0.057771355,0.7390172,0.00019765321,0.012213453,0.19016637,0.00012129587
ISIC_0025874,HAM_0003689,bkl,2,0.0013831647,0.00015203663,0.055196386,0.0009856113,0.89781135,0.044221796,0.00024968878
ISIC_0025842,HAM_0004274,bkl,2,0.5248368,0.0041953875,0.434256,0.017667554,0.015844828,0.002819402,0.00038007696
ISIC_0029100,HAM_0001788,bkl,2,0.0021186233,0.0013894271,0.773679,6.410196e-05,0.21526293,0.007315265,0.00017054351
ISIC_0028254,HAM_0005935,bkl,2,0.0061035645,0.00052403065,0.4019682,0.003680371,0.42789292,0.15833806,0.0014928244
ISIC_0030561,HAM_0004377,bkl,2,0.0020417618,0.00056919595,0.15906006,0.0861423,0.03443276,0.71704686,0.00070699357
ISIC_0026679,HAM_0005935,bkl,2,0.0005056553,7.3993724e-05,0.9789292,0.0001683838,0.010417537,0.009738701,0.00016642206
ISIC_0025351,HAM_0007591,bkl,2,0.0101529965,0.00012880977,0.2200689,9.350586e-05,0.745939,0.023537368,7.935739e-05
ISIC_0031702,HAM_0006827,bkl,2,0.014397904,0.41242865,0.30470034,0.0005757075,0.15441462,0.11253172,0.00095103687
ISIC_0031226,HAM_0002209,bkl,2,0.00029541462,0.00026019383,0.9824011,0.0012590175,0.0011307824,0.014206101,0.00044738478
ISIC_0027332,HAM_0003582,bkl,2,0.0012058427,0.0016905759,0.06475281,0.011530447,0.00589493,0.90530545,0.009619947
ISIC_0028797,HAM_0001838,bkl,2,7.0768765e-05,0.010525476,0.85081404,0.0027505986,0.002070187,0.13304998,0.0007189394
ISIC_0026417,HAM_0005663,df,2,9.994016e-06,8.548336e-06,2.1033726e-05,0.9943047,0.00040777953,0.005177029,7.087877e-05
ISIC_0028735,HAM_0005663,df,2,4.9266426e-05,2.8181032e-05,0.00066564634,0.946498,0.012983851,0.03968185,9.330883e-05
ISIC_0032400,HAM_0006803,mel,2,0.0001986676,0.00019482503,0.011705393,0.00043647995,0.9154582,0.0710074,0.0009991126
ISIC_0024545,HAM_0006803,mel,2,4.7257818e-05,1.1401478e-05,0.008953133,8.02314e-05,0.9816836,0.0087799635,0.00044444622
ISIC_0032019,HAM_0003194,mel,2,1.2874087e-05,2.8119592e-05,0.00011530714,0.000103461636,0.9936326,0.0060840123,2.3586756e-05
ISIC_0030818,HAM_0002838,mel,2,0.00018404514,0.0002605611,0.00017323245,0.0010529193,0.74115306,0.2571381,3.8128517e-05
ISIC_0029562,HAM_0005719,mel,2,0.0001255248,0.94069886,0.005711588,0.0020820268,0.0032121344,0.047479354,0.0006906143
ISIC_0029453,HAM_0005719,mel,2,0.0010772806,0.0212919,0.017647296,0.0014327507,0.050162125,0.9057967,0.0025918442
ISIC_0033204,HAM_0006886,mel,2,0.00015776556,4.88662e-06,0.009133497,5.7812438e-05,0.92619914,0.06439743,4.9449598e-05
ISIC_0033953,HAM_0006886,mel,2,0.00034711868,1.1006598e-05,0.15930454,0.00015954452,0.74384546,0.09624639,8.589987e-05
ISIC_0032823,HAM_0006886,mel,2,0.00012622235,3.3277713e-06,0.00076038233,6.855892e-05,0.9730982,0.02593219,1.1083171e-05
ISIC_0033804,HAM_0000611,mel,2,0.0001418219,4.225128e-05,0.0010326913,0.00043940934,0.7507221,0.2475619,5.981705e-05
ISIC_0033801,HAM_0000611,mel,2,0.0005791123,0.00010923786,0.0010153817,0.00057013397,0.45121512,0.54639953,0.00011139238
ISIC_0033216,HAM_0000611,mel,2,0.00064973853,0.00022279621,0.0056783534,0.0021766764,0.32431176,0.6667455,0.00021509962
ISIC_0033806,HAM_0004881,mel,2,8.347391e-05,1.5623134e-05,0.06516582,0.00016121473,0.9137528,0.020787606,3.3464046e-05
ISIC_0032913,HAM_0004881,mel,2,4.810335e-05,1.1425546e-05,0.033860095,0.00047133936,0.93504673,0.030530356,3.191881e-05
ISIC_0034051,HAM_0004056,mel,2,0.00042414773,0.00014096609,0.025809042,0.0024840857,0.5972445,0.37301677,0.00088055345
ISIC_0033377,HAM_0004056,mel,2,0.0003297569,0.00025933518,0.052402794,0.003327176,0.32669857,0.61634296,0.0006393584
ISIC_0033050,HAM_0003439,mel,2,4.707347e-05,8.555989e-06,0.10530332,0.00012257717,0.7571044,0.13734142,7.262457e-05
ISIC_0033526,HAM_0003439,mel,2,2.766176e-05,8.018646e-06,0.077917844,0.00021757658,0.85255104,0.06916634,0.00011156219
ISIC_0032152,HAM_0003869,mel,2,0.0001202945,0.000263261,0.00018093648,3.1874868e-05,0.98624647,0.0131385,1.8738265e-05
ISIC_0033089,HAM_0000880,mel,2,0.00046039937,8.6253414e-05,0.14144035,3.087497e-05,0.8235274,0.03439171,6.298121e-05
ISIC_0033562,HAM_0000880,mel,2,0.0016238628,0.000187884,0.033243217,1.874894e-05,0.9564473,0.008413414,6.556817e-05
ISIC_0024640,HAM_0005467,mel,2,8.253987e-06,2.8196897e-05,0.00041821232,0.00011506094,0.9944201,0.0031312038,0.0018788793
ISIC_0027561,HAM_0004565,mel,2,7.822402e-05,3.9719504e-05,0.9740951,4.154446e-05,0.01974838,0.005964384,3.267237e-05
ISIC_0026954,HAM_0003194,mel,2,0.0011567742,0.0065985257,0.00055502634,0.2989639,0.6039237,0.0844915,0.0043105483
ISIC_0025766,HAM_0003869,mel,2,0.0005687602,0.009968929,0.0010198831,0.00012616612,0.90928334,0.07883399,0.00019887523
ISIC_0028666,HAM_0004622,mel,2,0.0007164548,0.00026537688,0.92667127,0.00063288683,0.0054573063,0.06608712,0.0001696751
ISIC_0027903,HAM_0006156,vasc,2,0.0023556943,0.008323165,0.0026126138,0.0026485783,0.6172011,0.002604971,0.36425388
ISIC_0031996,HAM_0003480,vasc,2,3.3978554e-07,6.225248e-07,1.009622e-05,3.8659214e-06,0.00031996632,8.486546e-05,0.9995802
ISIC_0032890,HAM_0003480,vasc,2,4.031182e-06,1.3988006e-05,0.00016581234,3.9230334e-05,0.0026191948,0.0006337642,0.9965239
ISIC_0033844,HAM_0003480,vasc,2,9.752285e-07,4.680595e-05,5.6019388e-05,2.0932916e-05,0.00049710594,0.00012822964,0.99925
ISIC_0024457,HAM_0006843,bcc,2,0.0018311355,0.8695903,0.010370923,0.0005129768,0.11451187,0.002430603,0.00075223076
ISIC_0034015,HAM_0003216,bcc,2,0.025022063,0.038413454,0.45914447,0.00037604105,0.4520261,0.024914626,0.000103206265
ISIC_0034223,HAM_0003216,bcc,2,0.70030373,0.06490029,0.09203945,0.0016956679,0.1124392,0.028249195,0.0003724888
ISIC_0029564,HAM_0004515,bcc,2,0.00011847255,0.94326556,0.022205155,0.00020671105,0.0006354725,0.033236373,0.0003322645
ISIC_0028084,HAM_0004940,bcc,2,0.006471951,0.9470174,0.0053785513,0.00020193539,0.013213286,0.024412965,0.0033039355
ISIC_0026970,HAM_0004940,bcc,2,0.0018753462,0.9930351,0.0012559778,4.990313e-05,0.0011192737,0.002258237,0.0004061666
ISIC_0028814,HAM_0005375,bcc,2,0.00040683648,0.9991146,0.00022900994,6.4082965e-06,5.407684e-05,0.00017610317,1.2919857e-05
ISIC_0029979,HAM_0004233,nv,2,0.0013845827,0.000673475,0.0051161675,0.001124559,0.042239994,0.9483234,0.001137815
ISIC_0031269,HAM_0001965,nv,2,0.00235538,0.00037431656,0.0059228702,0.0020374164,0.005792734,0.982788,0.0007293065
ISIC_0031926,HAM_0007391,nv,2,0.00152499,0.00021356107,0.0027857774,0.00045743812,0.36202538,0.6328973,9.551042e-05
ISIC_0029273,HAM_0004538,nv,2,9.143096e-05,0.00012255413,0.0023476959,0.0010785335,0.0103332605,0.98533833,0.00068824086
ISIC_0025205,HAM_0007204,nv,2,0.0006744097,0.0008770229,0.0019287339,0.0015826644,0.00261001,0.9903661,0.001961021
ISIC_0032453,HAM_0000132,nv,2,0.015972821,0.00042286463,0.007300404,0.0013127307,0.16374025,0.810694,0.00055693183
ISIC_0028864,HAM_0005800,nv,2,0.0004151605,0.00045507494,0.0026972906,0.00085602363,0.007618488,0.9866816,0.0012762891
ISIC_0026891,HAM_0002287,nv,2,0.00048965064,8.442636e-05,0.010613309,0.002121241,0.002184306,0.9837833,0.00072365673
ISIC_0029751,HAM_0004786,nv,2,0.0011954198,0.00046313132,0.008147303,0.002748395,0.006638078,0.9789742,0.0018335097
ISIC_0025256,HAM_0006774,nv,2,0.0010250659,0.00028492862,0.030937947,0.0011879366,0.043843053,0.92197186,0.0007492222
ISIC_0030944,HAM_0000858,nv,2,0.00019151323,2.4300667e-05,0.0020819604,0.0026225443,0.0026489273,0.9922112,0.00021957101
ISIC_0024856,HAM_0004009,nv,2,9.58169e-06,2.121643e-05,0.00040292306,4.856489e-05,0.0004483971,0.9990314,3.789632e-05
ISIC_0026875,HAM_0007539,nv,2,0.0067505473,0.0030516372,0.0069512427,0.010761041,0.020818548,0.9439312,0.0077357627
ISIC_0024548,HAM_0007441,nv,2,0.0007803649,0.0007316545,0.0012349008,0.0012098335,0.0010054389,0.99465597,0.00038180797
ISIC_0031682,HAM_0002144,nv,2,0.00080739375,0.0026603001,0.014379692,0.011934288,0.057831906,0.90641177,0.005974623
ISIC_0032005,HAM_0000455,nv,2,0.00022271158,0.00027393995,6.418291e-05,0.00324884,0.0012039675,0.99467814,0.00030829984
ISIC_0030502,HAM_0002991,nv,2,0.00034604504,0.00027347694,0.00043108073,0.0011165017,0.0007159567,0.99688345,0.00023346079
ISIC_0030974,HAM_0005292,nv,2,1.2204172e-05,1.4549537e-05,7.743463e-05,0.000503952,0.00060728873,0.99876803,1.6519016e-05
ISIC_0031898,HAM_0001008,nv,2,0.00027632664,0.000119661825,0.00033104283,0.00037183816,0.0019185555,0.9965089,0.0004737341
ISIC_0031156,HAM_0003209,nv,2,0.0025397683,0.0055338377,0.017419845,0.006649059,0.005793751,0.95598,0.0060836696
ISIC_0028647,HAM_0005849,nv,2,0.0003225399,3.4195233e-05,0.0001998788,0.000158736,0.0033806937,0.9958811,2.2868091e-05
ISIC_0026385,HAM_0000577,nv,2,0.00028461934,8.396916e-05,0.0015569173,0.0003095554,0.0038230696,0.9938642,7.765878e-05
ISIC_0025242,HAM_0002747,nv,2,0.00017363431,0.0004975449,0.00025189735,0.0007342474,0.004243911,0.99380386,0.0002947856
ISIC_0027589,HAM_0004718,nv,2,0.0011356575,0.0010330186,0.0019393797,0.0042107324,0.0042504976,0.98711836,0.000312296
ISIC_0024456,HAM_0003612,nv,2,0.00021399088,0.00015473511,0.001661834,0.00061950553,0.0013672378,0.9957444,0.00023825828
ISIC_0025626,HAM_0007177,nv,2,0.0016419586,0.007818062,0.0019699708,0.0010365822,0.0040782983,0.9818558,0.0015992306
ISIC_0027016,HAM_0002369,nv,2,0.0002930733,0.00010267767,0.00827706,0.0003023765,0.0043959133,0.98610353,0.00052553
ISIC_0029806,HAM_0006204,nv,2,2.2463788e-05,5.7139652e-05,9.586368e-06,0.00022233871,9.7483e-05,0.9995191,7.187946e-05
ISIC_0028667,HAM_0003806,nv,2,0.00012948524,2.6512847e-05,0.00062288856,0.00017305439,0.0016007305,0.99727875,0.00016855105
ISIC_0024826,HAM_0000522,nv,2,0.0011713161,0.0017167832,0.0013003327,0.0018044518,0.0040313043,0.98775303,0.0022227673
ISIC_0030221,HAM_0001350,nv,2,0.00508583,0.0022901257,0.106845096,0.009534113,0.010427806,0.86538714,0.00042988182
ISIC_0028976,HAM_0003100,nv,2,0.00023705847,3.2587595e-05,0.00021500268,0.00034660634,0.0024141623,0.9965522,0.00020237123
ISIC_0029383,HAM_0005344,nv,2,0.003087411,0.0006888946,0.0033546276,0.007500939,0.0396878,0.94387066,0.0018096857
ISIC_0027518,HAM_0000346,nv,2,0.0016404386,0.0011700811,0.0007110774,0.0012226473,0.01565551,0.9780772,0.0015230955
ISIC_0025258,HAM_0006519,nv,2,0.00016529892,4.3247313e-05,0.0004180035,0.00020451598,0.000751796,0.9983011,0.00011607538
ISIC_0028204,HAM_0002401,nv,2,0.0012309822,0.000725072,0.0017867013,0.0015319822,0.008704734,0.9837839,0.0022366527
ISIC_0028161,HAM_0005150,nv,2,0.0036240881,0.0003296057,0.08618948,0.0023720977,0.010891086,0.89461356,0.0019800272
ISIC_0028000,HAM_0001496,nv,2,0.0021406892,0.00072478526,0.0069203596,0.0017695021,0.010776187,0.975742,0.001926412
ISIC_0031262,HAM_0007602,nv,2,0.0004987925,0.00027979724,0.0002765375,0.002687246,0.0014638867,0.99435186,0.00044190566
ISIC_0030982,HAM_0006054,nv,2,0.004058149,0.0033676107,0.004664064,0.007620591,0.015663184,0.9586928,0.0059334734
ISIC_0030212,HAM_0000605,nv,2,7.170064e-05,7.198127e-05,0.0001535795,5.5189954e-05,0.0015270505,0.99800676,0.00011379673
ISIC_0031994,HAM_0002669,nv,2,0.001230719,0.002301532,0.00074210775,0.0041159675,0.0017732835,0.98838776,0.0014487259
ISIC_0028672,HAM_0003888,nv,2,0.0005933399,0.00020425336,0.000547679,0.012873367,0.004130112,0.98060375,0.0010474635
ISIC_0027761,HAM_0000663,nv,2,0.0010305482,0.00063552265,0.0032842834,0.000836195,0.0025252274,0.9915125,0.00017561867
ISIC_0031683,HAM_0002579,nv,2,4.6235677e-05,6.597134e-05,0.00027397822,0.00013709386,0.00059793965,0.99871075,0.00016797091
ISIC_0024722,HAM_0005452,nv,2,0.001718512,0.00064941344,0.0041458365,0.0021523417,0.0010296837,0.9887477,0.0015563411
ISIC_0030001,HAM_0001658,nv,2,0.001033045,0.00053384725,0.0010596104,0.0035968893,0.19305585,0.8001942,0.00052659825
ISIC_0026534,HAM_0000365,nv,2,0.00059207884,0.00036405743,0.005313339,0.0035342658,0.08804408,0.90145445,0.0006976394
ISIC_0027666,HAM_0001856,nv,2,6.3798e-05,1.339893e-05,0.0010738054,6.543861e-05,0.0022665956,0.9964675,4.9492224e-05
ISIC_0027762,HAM_0006345,nv,2,0.0057296804,0.0039902083,0.011467391,0.0023025994,0.031523645,0.9343939,0.010592665
ISIC_0025091,HAM_0000124,nv,2,0.00013916203,0.0001113839,6.677068e-05,0.0017542887,0.0005850365,0.99708587,0.00025746232
ISIC_0030055,HAM_0006743,nv,2,0.0031189043,0.0010249959,0.005596136,0.000743341,0.005019713,0.9832856,0.0012112838
ISIC_0031182,HAM_0004079,nv,2,0.019895919,0.0025785062,0.008198477,0.009528994,0.012152116,0.93794805,0.0096979765
ISIC_0025022,HAM_0001158,nv,2,0.0008176953,0.000110124,0.0011599117,0.006003766,0.014765439,0.9762273,0.00091577537
ISIC_0028627,HAM_0000980,nv,2,0.00033274604,0.00016633772,0.00033307113,0.0007099482,0.002181462,0.9957841,0.0004922472
ISIC_0025556,HAM_0005311,nv,2,0.0023622417,0.0010334998,0.0012177604,0.0045035896,0.002599487,0.98661417,0.0016693646
ISIC_0030872,HAM_0004580,nv,2,0.0022362513,0.0019409923,0.002750636,0.29895967,0.0058003943,0.6843255,0.0039865486
ISIC_0026396,HAM_0004734,nv,2,0.00069467915,0.00015485256,0.000657067,0.00071743084,0.0102582015,0.9868162,0.0007014964
ISIC_0029461,HAM_0007344,nv,2,0.00040255973,0.00041777908,0.0057574147,0.002525689,0.00501803,0.9851782,0.00070033193
ISIC_0032097,HAM_0003006,nv,2,0.00376445,0.0011770416,0.0023317004,0.0037773384,0.0065330323,0.9771926,0.00522387
ISIC_0025357,HAM_0005118,nv,2,0.0022126427,0.0011202184,0.00206241,0.0018705247,0.015291439,0.9746499,0.0027929489
ISIC_0026010,HAM_0004916,nv,2,0.00027533784,0.00053384644,0.0005579658,4.574475e-05,0.0007390042,0.99780315,4.4859964e-05
ISIC_0024759,HAM_0006249,nv,2,0.003562642,0.002815531,0.004451133,0.0028417732,0.0021905974,0.98013467,0.004003631
ISIC_0024605,HAM_0001045,nv,2,0.00071810366,0.007464565,0.0017092354,0.015934203,0.0044334196,0.9443522,0.025388295
ISIC_0025912,HAM_0007449,nv,2,0.003460713,0.000309716,0.0022997106,0.00057636976,0.007910055,0.9847163,0.00072717806
ISIC_0030499,HAM_0001086,nv,2,0.0009911039,0.00077716704,0.0010096652,0.0027432148,0.0020616073,0.9896131,0.0028041576
ISIC_0025893,HAM_0007156,nv,2,0.0030675873,0.00031768758,0.00056303066,0.0141221825,0.004433988,0.97707474,0.00042086767
ISIC_0029520,HAM_0002249,nv,2,0.0024579256,0.0018212318,0.0012395488,0.006620848,0.0022108138,0.98292094,0.002728658
ISIC_0032205,HAM_0001921,nv,2,0.0006544381,0.00077792373,0.0017789472,0.007984376,0.0008010517,0.97521925,0.01278394
ISIC_0032069,HAM_0006535,nv,2,0.00013271629,3.5097695e-05,0.0022756262,0.0005104954,0.00025185122,0.9965372,0.00025706948
ISIC_0024594,HAM_0000892,nv,2,4.339353e-05,8.138709e-05,0.012293116,0.00047433408,0.07143623,0.9156062,6.526876e-05
ISIC_0029845,HAM_0000892,nv,2,0.00028668426,0.00018691372,0.0013504406,0.0042775692,0.7029696,0.29076087,0.00016787593
ISIC_0032376,HAM_0000174,nv,2,0.00043820104,0.1041285,0.029917192,0.0012679768,0.21512336,0.60509855,0.044026244
ISIC_0031091,HAM_0000174,nv,2,0.00015367466,0.030976687,0.00588608,0.0007476007,0.095182255,0.7392219,0.12783179
ISIC_0031733,HAM_0005237,nv,2,0.00067562406,0.0036595298,0.10254917,0.0013568245,0.10873744,0.63497436,0.14804702
ISIC_0027240,HAM_0005237,nv,2,9.545142e-05,0.001677112,0.31928897,0.000492376,0.049493372,0.5976766,0.031276107
ISIC_0024314,HAM_0002198,nv,2,0.00040296334,0.00018269716,0.11686416,0.005347021,0.20955716,0.6672733,0.00037268017
ISIC_0026722,HAM_0002198,nv,2,0.00042094334,0.0030323935,0.011189953,0.0023432523,0.64089644,0.34170973,0.00040719617
ISIC_0031560,HAM_0004663,nv,2,0.00012243049,1.866563e-05,0.0021796897,0.0015815127,0.4047638,0.59123284,0.00010110272
ISIC_0025809,HAM_0004663,nv,2,0.0008512717,0.00017843622,0.013907567,0.0026764297,0.8384493,0.14316188,0.00077509164
ISIC_0026215,HAM_0005519,nv,2,6.3326166e-05,0.44931802,0.051456597,0.00058120035,0.025311682,0.4727242,0.00054492184
ISIC_0032029,HAM_0005519,nv,2,0.00010565226,0.0076232776,0.15621386,0.0055909427,0.1627543,0.66673845,0.0009734596
ISIC_0027709,HAM_0007312,nv,2,5.17445e-07,1.6316399e-06,0.0007243601,6.1217693e-06,0.00096337707,0.9982951,8.837806e-06
ISIC_0033511,HAM_0006147,nv,2,0.0017735197,0.00090937054,0.01929189,0.0041884934,0.5063676,0.46648774,0.0009813454
ISIC_0032641,HAM_0006147,nv,2,0.00052402593,0.00010359069,0.013357354,0.00037965982,0.21223457,0.7732953,0.000105427716
ISIC_0033345,HAM_0006147,nv,2,0.0005733637,0.00042775544,0.004555224,0.0010112101,0.7000746,0.2929767,0.00038119731
ISIC_0033657,HAM_0006491,nv,2,0.005006231,0.010187205,0.018370243,0.019882377,0.5877539,0.3585857,0.00021444385
ISIC_0034038,HAM_0006491,nv,2,0.002887952,0.015920041,0.027561141,0.002024006,0.7108112,0.24042843,0.00036716188
ISIC_0033070,HAM_0006491,nv,2,0.004284617,0.068679124,0.09442489,0.0035659748,0.3767545,0.45091605,0.0013748058
ISIC_0033992,HAM_0006980,nv,2,0.00045670106,0.00849408,0.38777077,0.00038308153,0.122974485,0.47976914,0.00015178522
ISIC_0033715,HAM_0006980,nv,2,0.00017670737,0.00037482087,0.02038474,0.00027103,0.11845726,0.8600359,0.00029941744
ISIC_0033920,HAM_0006980,nv,2,0.00020719995,0.00032470044,0.05962282,0.00018356898,0.07852593,0.86088437,0.00025139956
ISIC_0032838,HAM_0001264,nv,2,0.00011016315,2.4011311e-05,0.00054622814,0.00025044807,0.9209974,0.07799987,7.196509e-05
ISIC_0034230,HAM_0001264,nv,2,0.000111311536,5.0862694e-05,0.0014445676,0.0004825718,0.16202986,0.8358137,6.725065e-05
ISIC_0033057,HAM_0001264,nv,2,0.00014862552,2.3106217e-05,0.00041561117,0.0004988809,0.6235765,0.37527496,6.2320425e-05
ISIC_0032744,HAM_0002607,nv,2,7.796712e-05,1.4422466e-05,0.004057959,0.00010532684,0.0056559695,0.99004513,4.331056e-05
ISIC_0030626,HAM_0001031,nv,2,0.00046155427,0.00048940646,0.005684998,0.0003538859,0.1149414,0.87798154,8.723311e-05
ISIC_0031163,HAM_0001031,nv,2,0.0011709309,0.004486446,0.013453044,0.00086507824,0.22313993,0.7563485,0.0005360912
ISIC_0028429,HAM_0000279,nv,2,0.00010920025,1.9616806e-05,0.0011109911,0.0017325396,0.27897757,0.7179815,6.860323e-05
ISIC_0032375,HAM_0000279,nv,2,0.0002532321,9.011651e-05,0.00076567044,0.0026249248,0.03421969,0.96173483,0.00031148084
ISIC_0031956,HAM_0001588,nv,2,0.00014422805,6.8931586e-05,0.00059113256,0.000594026,0.012485624,0.98606133,5.4849817e-05
ISIC_0024938,HAM_0001817,nv,2,0.0005305147,0.001893739,0.011691542,0.00016989418,0.799872,0.18558523,0.00025704168
ISIC_0030065,HAM_0001817,nv,2,0.00020144689,0.00041293874,0.0014497676,0.00012705097,0.93737465,0.06039435,3.98225e-05
ISIC_0025231,HAM_0001817,nv,2,0.00045300394,0.0016345192,0.0029366994,0.00039204228,0.8270881,0.16737804,0.00011748274
ISIC_0027667,HAM_0000146,nv,2,2.7445187e-05,1.2443211e-05,0.000585945,0.0012123026,0.026354076,0.9716978,0.00011004206
ISIC_0028450,HAM_0004839,nv,2,0.39160737,0.008839622,0.02809226,0.032699168,0.13349818,0.4044331,0.00083028164
ISIC_0031285,HAM_0006025,nv,2,0.00012829654,2.6579111e-05,0.03764611,0.001856075,0.19648251,0.76356274,0.00029771635
ISIC_0031932,HAM_0004291,nv,2,0.0124758845,0.012771741,0.17786485,0.010692051,0.19591947,0.5843366,0.005939411
ISIC_0031942,HAM_0003408,nv,2,0.00017583073,8.909339e-06,0.00027446792,0.0008675848,0.8457994,0.15283284,4.0955685e-05
ISIC_0028859,HAM_0000336,nv,2,0.0022805498,0.00017211924,0.003117142,0.0013872817,0.2534975,0.7392725,0.0002729053
ISIC_0024599,HAM_0004839,nv,2,0.024390664,0.00021953387,0.0023880329,0.3109433,0.033813518,0.62812275,0.000122189
ISIC_0032145,HAM_0003760,nv,2,0.0040854653,0.00012337037,0.001746871,0.00802928,0.30133328,0.684391,0.0002907933
ISIC_0028648,HAM_0005670,nv,2,0.0031455671,0.0006849429,0.0030607209,0.008858652,0.69604075,0.28733325,0.0008760552
ISIC_0030253,HAM_0005670,nv,2,0.00033130965,0.00016659294,0.0018760806,0.0015992213,0.7325049,0.26323116,0.0002906716
ISIC_0032459,HAM_0003590,nv,2,0.00020485854,0.005957683,0.007335235,0.0015678742,0.06905318,0.62515646,0.29072475
ISIC_0024684,HAM_0002481,nv,2,0.020152468,0.0003703691,0.89409065,0.00053469016,0.044601176,0.0400193,0.00023131882
ISIC_0027262,HAM_0003590,nv,2,8.333094e-05,0.0010291534,0.0071725757,0.00020029134,0.055698182,0.8535803,0.08223622
ISIC_0024916,HAM_0003590,nv,2,0.00010730196,0.0048190616,0.006967326,0.0013487006,0.04118553,0.6824602,0.26311183
ISIC_0031750,HAM_0007484,nv,2,0.00041548198,0.0030956094,0.020826679,0.0015680128,0.056144796,0.9168123,0.001137144
ISIC_0030710,HAM_0007484,nv,2,0.00054311805,0.0013350723,0.010922142,0.008528006,0.015301491,0.96298724,0.00038287835
ISIC_0025253,HAM_0005365,nv,2,0.00020148797,4.1498264e-05,0.064302556,0.0011304138,0.023243403,0.9104965,0.00058416463
ISIC_0027961,HAM_0005365,nv,2,0.0002810298,0.00014103494,0.0793036,0.0009295958,0.006073577,0.9129152,0.0003559495
ISIC_0032580,HAM_0002724,nv,2,0.0008444316,1.3254895e-05,0.003336939,0.00037398312,0.6204952,0.37488213,5.4088247e-05
ISIC_0033692,HAM_0002724,nv,2,0.00022821821,8.900982e-06,0.0004907462,0.00014365457,0.89250433,0.10659444,2.9702756e-05
ISIC_0033543,HAM_0000181,nv,2,0.0024825803,0.002925194,0.0061775357,0.0023573558,0.008257285,0.97548145,0.0023185431
ISIC_0034185,HAM_0000181,nv,2,0.00046494778,0.00047597373,0.0045619,0.000768068,0.13094729,0.86226314,0.0005186867
ISIC_0033896,HAM_0004349,nv,2,0.00026641318,2.4159019e-05,0.013192345,0.00051553466,0.044629127,0.9412558,0.00011661482
ISIC_0032578,HAM_0007460,nv,2,0.00023329178,0.0019972106,0.00071474,5.402243e-05,0.00254762,0.994218,0.0002351215
ISIC_0034019,HAM_0000627,nv,2,0.0003450093,0.0006888184,0.0020786414,0.0014971893,0.013903007,0.9813617,0.00012568838
ISIC_0024562,HAM_0002745,akiec,2,0.015545164,0.00093037426,0.052588616,0.037446007,0.8524753,0.04059767,0.00041690262
ISIC_0028231,HAM_0003688,akiec,2,0.7154144,0.00016819911,0.015530158,0.00022677914,0.25759217,0.011028675,3.963989e-05
ISIC_0025825,HAM_0002232,akiec,2,0.94827396,0.00010267199,0.0021691192,4.8215472e-05,0.048710447,0.00064072094,5.4742104e-05
ISIC_0030707,HAM_0001890,akiec,2,0.8278771,0.0028268902,0.13009681,0.00032596051,0.029884247,0.0074551404,0.0015339546
ISIC_0033853,HAM_0004458,bkl,2,0.00046705233,3.712219e-05,0.9411331,0.00013846548,0.015542356,0.042579863,0.00010209805
ISIC_0033453,HAM_0004458,bkl,2,0.0018217649,5.7624497e-05,0.90004295,0.00022790929,0.055225614,0.04242573,0.00019839813
ISIC_0034126,HAM_0004458,bkl,2,0.0009888232,5.4920714e-05,0.9202983,0.0002992272,0.03217476,0.04608821,9.582573e-05
ISIC_0032997,HAM_0003162,bkl,2,6.3871295e-05,2.7740285e-05,0.51252484,4.627512e-05,0.23649135,0.25076228,8.362992e-05
ISIC_0033529,HAM_0003162,bkl,2,0.00016963179,9.741134e-05,0.33422434,0.000117271244,0.4901076,0.1750949,0.0001888687
ISIC_0031620,HAM_0007431,bkl,2,0.020216377,0.0014659005,0.9358489,6.133783e-05,0.014356574,0.028012898,3.8085524e-05
ISIC_0030721,HAM_0006769,bkl,2,0.0010361829,0.023195123,0.67455906,0.00027888484,0.012348949,0.28842926,0.0001525181
ISIC_0028952,HAM_0006065,bkl,2,0.00058916747,0.02149626,0.4563677,0.0016948525,0.057964012,0.45904958,0.0028383438
ISIC_0025928,HAM_0005606,bkl,2,0.3713313,0.005556377,0.06759145,0.018024,0.49049497,0.046631,0.0003708028
ISIC_0030240,HAM_0003392,bkl,2,0.0016629138,0.00081619783,0.95186657,4.2711214e-05,0.045044173,0.000510265,5.7138437e-05
ISIC_0030130,HAM_0001743,bkl,2,0.003912451,0.021950139,0.035628594,0.7844206,0.14215776,0.0026995102,0.0092309555
ISIC_0028294,HAM_0002042,bkl,2,0.0020583034,0.0014649106,0.9916521,0.00028789515,0.0033912393,0.00078794814,0.0003575922
ISIC_0028662,HAM_0002042,bkl,2,0.12862208,0.00074855855,0.3961839,4.584108e-05,0.47048002,0.003688134,0.00023144014
ISIC_0031349,HAM_0002042,bkl,2,0.0011751927,0.00026654545,0.989813,4.573434e-05,0.004773326,0.003859899,6.628365e-05
ISIC_0026263,HAM_0002042,bkl,2,0.0036889955,0.0009805938,0.90377,0.0001761545,0.08724186,0.0038060967,0.00033624694
ISIC_0026069,HAM_0000524,bkl,2,0.00018217477,0.0012340447,0.8248322,0.00015982943,0.09039984,0.08311774,7.4182564e-05
ISIC_0026524,HAM_0000524,bkl,2,0.005990546,0.0013597113,0.98604125,0.00037555562,0.0007483417,0.0053190044,0.00016567818
ISIC_0027820,HAM_0001310,bkl,2,0.0045696073,0.001351763,0.9561675,5.423599e-05,0.03158799,0.0060323537,0.00023651245
ISIC_0032315,HAM_0005463,bkl,2,0.0003899683,0.00022925052,0.086206675,0.001629051,0.21336359,0.6968648,0.0013166716
ISIC_0028411,HAM_0005463,bkl,2,0.00013038646,0.000111307825,0.73326933,0.00083704497,0.028739007,0.23666692,0.00024598447
ISIC_0031024,HAM_0002677,bkl,2,6.1849656e-05,3.780794e-05,0.9928156,0.00029334435,0.002432273,0.0043233107,3.572599e-05
ISIC_0030443,HAM_0006722,mel,2,0.00052032236,0.00012863612,0.0023602752,0.00014547938,0.9127115,0.08407038,6.343123e-05
ISIC_0031499,HAM_0006722,mel,2,0.0010574423,0.00013068476,0.0027659961,0.00016747513,0.83280396,0.16303076,4.36885e-05
ISIC_0031953,HAM_0000060,mel,2,0.00017949985,0.0012557483,0.0037968697,0.00092412403,0.25078768,0.74288714,0.00016895417
ISIC_0031406,HAM_0000060,mel,2,0.001078394,0.004236074,0.004489505,0.00331197,0.81437916,0.17204198,0.00046290652
ISIC_0030445,HAM_0003031,mel,2,0.02183621,0.006120214,0.06990547,0.02557903,0.7032677,0.16317123,0.010120132
ISIC_0028326,HAM_0002471,mel,2,0.00027696742,4.1167532e-05,0.019550104,0.00022517292,0.78782,0.19193566,0.00015087897
ISIC_0027060,HAM_0002471,mel,2,1.0585331e-05,4.185955e-06,0.0015618243,2.539289e-05,0.87137574,0.12701334,8.861667e-06
ISIC_0024702,HAM_0000903,mel,2,1.0549037e-05,0.048609853,7.322484e-05,0.0003268915,0.91541094,0.02871613,0.0068523907
ISIC_0028029,HAM_0007243,mel,2,0.0010365227,5.807823e-05,0.8861162,5.2264753e-05,0.064946696,0.047701992,8.821347e-05
ISIC_0025489,HAM_0002770,mel,2,0.00010737661,1.9516578e-05,0.00038705583,0.00012529103,0.30963185,0.6896369,9.202364e-05
ISIC_0025265,HAM_0002770,mel,2,0.0025885163,0.00071600266,0.0117419725,0.003382662,0.7304516,0.24949633,0.0016230189
ISIC_0033813,HAM_0000423,mel,2,0.00030035467,9.5610585e-06,0.009873797,0.0036897936,0.8104579,0.17561649,5.2091975e-05
ISIC_0032656,HAM_0006923,mel,2,0.00016459866,0.0091327615,0.0010902204,0.001738768,0.5747631,0.010290827,0.40281978
ISIC_0032592,HAM_0006923,mel,2,0.00019820163,0.058215216,0.0011272836,0.0032906989,0.4157014,0.0020937389,0.51937354
ISIC_0033957,HAM_0002617,mel,2,4.6844187e-05,3.705127e-06,4.4351185e-05,7.6184275e-05,0.8604289,0.13936809,3.182042e-05
ISIC_0034172,HAM_0002617,mel,2,3.618638e-05,3.4322431e-06,0.00015190466,0.00010877361,0.57634634,0.42331436,3.905046e-05
ISIC_0033393,HAM_0002617,mel,2,8.4595835e-05,4.8429956e-06,2.8642087e-05,6.751158e-05,0.7851477,0.21464744,1.915442e-05
ISIC_0029502,HAM_0003617,mel,2,0.005236758,0.0650233,0.052941058,0.002109652,0.37840918,0.4945035,0.001776505
ISIC_0028481,HAM_0000396,mel,2,0.0017315528,0.00013430767,0.10629371,0.0002681481,0.87447876,0.016950013,0.00014352935
ISIC_0029172,HAM_0000396,mel,2,0.00014995268,5.669373e-05,0.018235054,0.0001238305,0.963086,0.018270705,7.779443e-05
ISIC_0026916,HAM_0000320,mel,2,0.00012326166,1.1331548e-05,0.019818828,0.0001678219,0.96053624,0.019284246,5.833852e-05
ISIC_0027863,HAM_0000320,mel,2,0.0007528144,7.1550103e-06,0.0018019442,0.00012510346,0.99217683,0.0051307557,5.464549e-06
ISIC_0026604,HAM_0002906,mel,2,0.18079548,0.0022937292,0.6273515,0.0077823526,0.10326596,0.07606923,0.002441662
ISIC_0027517,HAM_0002906,mel,2,0.0014590399,0.0012155073,0.11727216,0.00034051383,0.83170825,0.047614157,0.00039040108
ISIC_0031550,HAM_0002693,mel,2,0.00011006506,2.2404789e-05,0.0077387956,0.00017970311,0.34317422,0.64869136,8.3406645e-05
ISIC_0029574,HAM_0005986,mel,2,0.0041055926,3.194144e-05,0.0012360375,0.00046617832,0.9883062,0.0058082184,4.5753994e-05
ISIC_0028508,HAM_0001607,mel,2,3.0934178e-05,3.3578734e-05,0.00061272434,2.9633129e-05,0.9875234,0.01174655,2.316863e-05
ISIC_0025616,HAM_0007031,mel,2,0.0043196236,0.0004997886,0.2519136,0.00044626102,0.6821025,0.060068917,0.00064930593
ISIC_0032715,HAM_0006852,vasc,2,7.5101893e-06,0.00016128212,2.443333e-05,7.963387e-06,0.00017728518,4.317597e-05,0.9995783
ISIC_0033991,HAM_0006852,vasc,2,4.8690713e-06,2.5687106e-05,1.9201216e-05,4.802955e-06,9.1024245e-05,3.9862753e-05,0.99981457
ISIC_0027856,HAM_0007118,vasc,2,9.399097e-06,8.247446e-05,0.0003125594,2.8558134e-05,0.00015258518,9.227685e-05,0.99932206
ISIC_0030104,HAM_0001122,vasc,2,2.0696446e-07,2.1131573e-05,3.282035e-06,2.6734922e-06,2.9366951e-05,3.7059915e-05,0.9999062
ISIC_0027888,HAM_0004409,vasc,2,7.8253684e-08,4.386659e-06,7.1820347e-07,1.7775707e-06,8.567718e-06,1.2984717e-05,0.9999714
ISIC_0025425,HAM_0002787,vasc,2,1.7634796e-06,1.9675976e-05,8.09079e-06,1.0029896e-05,2.879661e-05,0.00010643226,0.9998253
ISIC_0025144,HAM_0004831,bcc,2,1.0247925e-06,0.9999951,8.5624606e-07,6.375521e-07,1.3749749e-06,8.315247e-07,1.5351645e-07
ISIC_0031407,HAM_0001575,bcc,2,0.17360699,0.8185834,0.0016145556,6.0322523e-05,0.0056976057,0.00040742703,2.9745397e-05
ISIC_0028652,HAM_0001575,bcc,2,0.005222977,0.98805994,0.0016128757,8.106858e-05,0.004003618,0.00096379773,5.571757e-05
ISIC_0031697,HAM_0003177,bcc,2,0.00045730325,0.99685293,6.2344225e-05,6.407247e-05,0.0004410746,0.0021093928,1.2915812e-05
ISIC_0028671,HAM_0001713,bcc,2,3.8496746e-06,0.99343723,0.00017205141,1.13148235e-05,0.0061545186,0.00017768635,4.328952e-05
ISIC_0029961,HAM_0000727,nv,2,0.00056817185,0.00016745995,0.0038225534,0.00077508355,0.016203944,0.9773687,0.0010941109
ISIC_0029153,HAM_0004124,nv,2,0.00047749846,0.003686771,0.0031750933,0.031202346,0.02958509,0.9298511,0.0020221577
ISIC_0031579,HAM_0003020,nv,2,0.0073796045,0.00094765,0.03116806,0.003146923,0.005319224,0.94992787,0.002110682
ISIC_0030617,HAM_0006778,nv,2,0.00019193852,0.00019007326,0.008019226,0.0024397618,0.0020868387,0.98667604,0.00039614667
ISIC_0028932,HAM_0000789,nv,2,3.8535614e-05,3.354578e-05,0.00016788219,0.0038023696,0.0035964975,0.9923517,9.406741e-06
ISIC_0029008,HAM_0000629,nv,2,8.884871e-05,0.0003569373,0.00062096276,0.00419612,0.0046925526,0.9898359,0.00020860671
ISIC_0028888,HAM_0003838,nv,2,0.0021902225,4.230821e-05,0.9210433,7.210938e-05,0.009435247,0.06711224,0.0001045095
ISIC_0030774,HAM_0002889,nv,2,0.008679116,0.00054000336,0.22301912,0.011559883,0.0074254544,0.74859273,0.00018372691
ISIC_0031938,HAM_0004613,nv,2,0.00069335167,8.6444794e-05,0.007374586,0.002267869,0.0014822299,0.98782027,0.00027525806
ISIC_0028597,HAM_0000652,nv,2,0.0005745491,0.0005439722,0.03526947,0.0012759382,0.000908317,0.9607414,0.0006863035
ISIC_0030836,HAM_0001554,nv,2,0.0014237277,0.00082640804,0.03202638,0.01593959,0.0005472902,0.94605625,0.0031803446
ISIC_0026460,HAM_0006792,nv,2,9.546907e-05,0.0004819994,0.13416815,0.0003031039,0.00021598492,0.8646935,4.1870586e-05
ISIC_0031438,HAM_0005001,nv,2,0.0007967737,0.000111145935,0.002087719,0.00044260602,0.0051905457,0.9910767,0.00029455137
ISIC_0031797,HAM_0001064,nv,2,0.0028966162,0.0023184225,0.23927315,0.01485187,0.0017432143,0.7312777,0.0076390235
ISIC_0032133,HAM_0007104,nv,2,0.0012409372,0.00076228264,0.004049057,0.007940259,0.005990696,0.97922873,0.0007880177
ISIC_0025406,HAM_0002073,nv,2,0.00087359565,0.0037431987,0.00091106095,0.0078014955,0.00031057888,0.9797753,0.006584773
ISIC_0026740,HAM_0003657,nv,2,0.00040020727,0.00025044332,0.0005704781,0.0013351736,0.0007130984,0.99581677,0.0009138498
ISIC_0027384,HAM_0005565,nv,2,0.0033487282,0.0003574628,0.0070953183,0.002454772,0.056750182,0.9294168,0.0005768296
ISIC_0028058,HAM_0001005,nv,2,0.0023249148,0.002094241,0.018180035,0.0051985043,0.027384905,0.94160855,0.003208967
ISIC_0028912,HAM_0006448,nv,2,0.00049750356,0.00020840549,0.0006381838,0.0005469347,0.004961223,0.9927515,0.00039625732
ISIC_0032411,HAM_0000034,nv,2,0.0018802988,0.00075453386,0.0016051668,0.0032903734,0.015259172,0.9759232,0.0012872709
ISIC_0032487,HAM_0004301,nv,2,0.00093401567,0.00029911296,0.001134366,0.00072954636,0.008547211,0.98695904,0.0013966573
ISIC_0024656,HAM_0003779,nv,2,0.00036636123,0.00011894007,0.003048095,0.00033325006,0.0015606678,0.9943751,0.00019763704
ISIC_0025379,HAM_0000587,nv,2,0.00054666016,0.00046213568,0.003053495,0.0070805475,0.012969182,0.9730612,0.0028267805
ISIC_0027994,HAM_0007525,nv,2,0.0001658407,0.0001691116,0.00059314666,0.00041327512,0.0015856967,0.99669445,0.00037850262
ISIC_0026474,HAM_0003950,nv,2,6.3042084e-05,3.670037e-05,0.001012739,0.00012343039,0.0038062069,0.99432373,0.0006342202
ISIC_0028182,HAM_0000426,nv,2,0.0026161429,0.0025730694,0.0063668527,0.0020695394,0.017738964,0.9581663,0.010469013
ISIC_0025549,HAM_0005128,nv,2,0.0027282587,0.0011229602,0.003712736,0.0021289242,0.028736148,0.95720273,0.004368269
ISIC_0032250,HAM_0005875,nv,2,0.0012067398,0.0012820612,0.0006929724,0.0020507297,0.00382893,0.98921007,0.0017285749
ISIC_0031969,HAM_0004528,nv,2,0.0021076924,0.0016836841,0.002444966,0.0035574045,0.00952592,0.9777384,0.0029420003
ISIC_0030916,HAM_0006642,nv,2,0.0014431477,0.0034092993,0.0012325828,0.0006447855,0.0014516285,0.99133563,0.0004829221
ISIC_0027325,HAM_0005951,nv,2,0.00019291257,0.00065837597,0.00080351427,0.009972132,0.00021689743,0.987817,0.00033923401
ISIC_0027048,HAM_0001281,nv,2,0.00060754264,0.0015858804,0.0013704561,0.002308006,0.00071516144,0.9923785,0.0010344745
ISIC_0028193,HAM_0007554,nv,2,0.0005803598,0.0007598944,0.0042383503,0.023848306,0.0032243668,0.96478814,0.0025606675
ISIC_0030867,HAM_0007578,nv,2,0.000890412,0.00015839974,0.10743626,0.00042889646,0.018201558,0.8718765,0.0010079842
ISIC_0027885,HAM_0002133,nv,2,0.0002208883,8.221813e-05,0.00029810978,0.00020448788,0.0007402646,0.9981639,0.00029006877
ISIC_0026648,HAM_0003994,nv,2,0.00011336334,5.9389276e-05,0.00037903534,0.0005482711,0.0016067445,0.99712294,0.00017017852
ISIC_0028796,HAM_0002420,nv,2,0.001819855,0.0016863813,0.0018684777,0.003670827,0.004408447,0.98121923,0.0053266976
ISIC_0025174,HAM_0000817,nv,2,5.9217116e-05,0.00015662695,9.9947814e-05,0.00067646423,0.00020851265,0.9981237,0.00067555654
ISIC_0026771,HAM_0006698,nv,2,0.00010402798,1.9584491e-05,0.0004736786,0.0002390544,0.0020113753,0.9971222,3.0038274e-05
ISIC_0030228,HAM_0002777,nv,2,0.015576987,0.006306745,0.0069571105,0.015296225,0.009073784,0.9387502,0.008038926
ISIC_0024613,HAM_0001291,nv,2,0.00044117527,0.0014255226,0.0003500223,0.00210011,0.00075119763,0.9936783,0.0012537268
ISIC_0030043,HAM_0002549,nv,2,0.00021161733,1.823983e-05,0.0005515802,0.00024096757,0.002230007,0.99630713,0.0004404028
ISIC_0029960,HAM_0001451,nv,2,0.00251591,0.00040217763,0.0055132266,0.0024805355,0.0038513197,0.98232263,0.0029142348
ISIC_0028469,HAM_0002145,nv,2,8.2447455e-05,1.8040693e-05,0.0007698302,9.88696e-05,0.001910705,0.9970456,7.448507e-05
ISIC_0031003,HAM_0001578,nv,2,0.0024835796,0.0028032924,0.009236632,0.0024095196,0.03136942,0.94862473,0.0030728069
ISIC_0030267,HAM_0000877,nv,2,0.00097420113,0.0051319385,0.0034610175,0.0011625552,0.0002965348,0.9880541,0.00091965677
ISIC_0025282,HAM_0003923,nv,2,0.00061543775,5.1716208e-05,0.05214517,0.00039774468,0.004165898,0.9425254,9.871685e-05
ISIC_0027386,HAM_0001724,nv,2,0.00021070142,8.267318e-05,0.0006474235,0.00029540068,0.037207667,0.9614745,8.171e-05
ISIC_0032390,HAM_0000155,nv,2,0.0016233978,0.0015657871,0.0007324377,0.0029990363,0.042819016,0.94826937,0.001990972
ISIC_0026464,HAM_0006168,nv,2,0.001743303,0.03738282,0.0070566814,0.00088432606,0.014594715,0.9308098,0.0075283214
ISIC_0029977,HAM_0003252,nv,2,0.00052533136,0.00018786221,0.0003043355,0.0018016372,0.004056089,0.99249226,0.0006324341
ISIC_0028112,HAM_0004018,nv,2,0.0008381385,0.0008203237,0.0007997573,0.0064111263,0.018570468,0.9651236,0.0074365824
ISIC_0029817,HAM_0003572,nv,2,0.0013392881,0.00083483773,0.0017484678,0.0058689592,0.0051415428,0.98219955,0.002867294
ISIC_0024667,HAM_0000248,nv,2,0.0001160587,0.00019134843,0.0010979129,0.0013057152,0.0014933596,0.99523747,0.0005580277
ISIC_0026375,HAM_0004041,nv,2,0.001383003,0.0011510373,0.011854349,0.0013575784,0.0032046062,0.97922087,0.0018286062
ISIC_0026161,HAM_0007407,nv,2,0.0007118442,0.00046547313,0.00047096,0.0015532931,0.0013930429,0.9935801,0.0018253179
ISIC_0025294,HAM_0006015,nv,2,0.0021436089,0.0010315324,0.0020058835,0.003929247,0.0029979842,0.9837749,0.0041168104
ISIC_0025279,HAM_0000756,nv,2,0.00094800483,0.00069765106,0.004297433,0.0012113332,0.0054881205,0.98621064,0.001146867
ISIC_0032491,HAM_0001513,nv,2,4.844662e-05,0.00035762537,5.675057e-05,0.0002467541,0.0005060594,0.9985468,0.00023753293
ISIC_0031911,HAM_0003753,nv,2,0.005593484,0.003092033,0.16539244,0.007154174,0.045193702,0.75659555,0.016978603
ISIC_0031006,HAM_0001638,nv,2,0.0006900388,0.0004921862,0.0030061863,0.0005620943,0.15224284,0.84253436,0.00047240735
ISIC_0028630,HAM_0003488,nv,2,0.0022630119,0.0036482068,0.0031634322,0.009926543,0.038482085,0.9309708,0.011545957
ISIC_0030889,HAM_0002356,nv,2,0.00062649295,0.0007126881,0.00065017847,0.0010218759,0.0013643834,0.99475795,0.00086640834
ISIC_0027866,HAM_0004329,nv,2,0.0054015745,0.00067345053,0.015274199,0.014742719,0.044612706,0.91731983,0.0019755191
ISIC_0025741,HAM_0005732,nv,2,0.00020629165,0.00013293202,0.00046944758,0.00028307084,0.0004301587,0.9981571,0.00032107468
ISIC_0029907,HAM_0003285,nv,2,0.0013997135,0.00081804174,0.0013956187,0.0026355183,0.018618543,0.9737838,0.0013487227
ISIC_0028845,HAM_0001016,nv,2,0.00061678886,0.00028266245,0.0005943197,0.0024453357,0.0029235594,0.9928311,0.00030622847
ISIC_0027074,HAM_0000264,nv,2,0.0013666768,0.0010519687,0.003188498,0.0059004496,0.0067085675,0.9781121,0.0036717316
ISIC_0027222,HAM_0005741,nv,2,0.005448336,0.0076984055,0.004212204,0.007772057,0.003869112,0.9691918,0.0018081112
ISIC_0026426,HAM_0006034,nv,2,0.001244475,0.00033988841,0.002786722,0.0015739321,0.007320556,0.985864,0.000870482
ISIC_0026630,HAM_0001682,nv,2,0.000405243,0.0003653922,0.00023499517,0.0020419783,0.0033715882,0.99174494,0.0018357879
ISIC_0030108,HAM_0005165,nv,2,0.0012357263,0.0009823247,0.0005707511,0.0017962162,0.0027651056,0.9914404,0.0012094607
ISIC_0026589,HAM_0004089,nv,2,0.002271958,0.0012412884,0.006676025,0.009119477,0.00082930236,0.9737834,0.0060785906
ISIC_0025370,HAM_0004869,nv,2,0.00027832724,0.0011094393,0.0038370334,0.0012292372,0.021015517,0.9718927,0.0006377199
ISIC_0031713,HAM_0006145,nv,2,7.6778626e-05,2.2475158e-05,0.0023377447,0.00014094196,0.05415037,0.9431135,0.0001581561
ISIC_0032027,HAM_0006145,nv,2,0.0019002038,0.0009351735,0.064481296,0.003849779,0.26752868,0.65827143,0.003033553
ISIC_0028823,HAM_0007138,nv,2,7.0160166e-07,0.0005329476,0.0006964537,1.7064782e-05,0.00014937358,0.99807066,0.0005329476
ISIC_0031501,HAM_0007138,nv,2,9.632085e-06,0.004976162,0.012063168,0.00024648156,0.011443508,0.9695923,0.0016688412
ISIC_0032739,HAM_0001790,nv,2,0.00016673516,3.9218205e-05,0.0015959042,0.00034011956,0.6246347,0.3729864,0.00023697845
ISIC_0032874,HAM_0001790,nv,2,0.00012096828,1.7123475e-05,0.010451626,0.00017294097,0.67765105,0.31146556,0.00012073225
ISIC_0032590,HAM_0005351,nv,2,0.00027132177,0.0013083835,0.0063572945,0.00080058025,0.044746753,0.9455816,0.00093414675
ISIC_0033549,HAM_0005351,nv,2,1.4943647e-05,0.00031058764,0.00095621013,4.1099873e-05,0.004376366,0.994261,3.9757633e-05
ISIC_0033921,HAM_0005351,nv,2,0.00017352203,0.0011205096,0.002100555,0.00043199497,0.03881107,0.95698106,0.00038123416
ISIC_0032767,HAM_0006520,nv,2,0.007817481,0.00014075599,0.09744728,0.0028801062,0.49924684,0.39186332,0.0006042929
ISIC_0033503,HAM_0006520,nv,2,0.0020948555,5.965907e-05,0.025922457,0.0008349051,0.61589617,0.3550637,0.00012828715
ISIC_0033795,HAM_0006520,nv,2,0.00013392292,2.6422544e-05,0.008054161,0.00041819023,0.78622544,0.20509917,4.272082e-05
ISIC_0034273,HAM_0002016,nv,2,0.0003492866,0.00022839765,0.00078482693,0.0006987215,0.020439586,0.97717035,0.0003287659
ISIC_0032805,HAM_0002016,nv,2,0.00031738338,8.969712e-05,0.02801735,0.0005222558,0.022911802,0.94795626,0.0001851281
ISIC_0032753,HAM_0002016,nv,2,0.00014519834,3.4085835e-05,0.0064387703,0.00022643017,0.03658515,0.95653194,3.839866e-05
ISIC_0033188,HAM_0001935,nv,2,0.00021064814,0.00011100378,0.84994215,0.00032435215,0.03467259,0.11457872,0.00016056596
ISIC_0033067,HAM_0001935,nv,2,0.00019806999,0.0005664573,0.9073721,0.0006257876,0.018685358,0.07219008,0.00036217808
ISIC_0032787,HAM_0001935,nv,2,0.0001445949,0.00023424272,0.98087627,0.00030136164,0.0023840314,0.015869878,0.00018969555
ISIC_0034213,HAM_0005194,nv,2,0.004571109,0.0001538958,0.0004150767,0.002240599,0.038250074,0.9542659,0.00010332075
ISIC_0032561,HAM_0005194,nv,2,0.14275497,0.00043737856,0.0030182719,0.058787115,0.12896837,0.6659195,0.00011432008
ISIC_0033839,HAM_0005194,nv,2,0.0005521788,7.546263e-05,0.00029556002,0.00075547636,0.12064295,0.87761706,6.1350685e-05
ISIC_0032601,HAM_0001645,nv,2,0.0009476063,0.68417597,0.00013839487,0.0007131982,0.007965265,0.3059824,7.717894e-05
ISIC_0032878,HAM_0001645,nv,2,0.0023821858,0.013241431,0.012536733,0.03212328,0.05509901,0.88362616,0.0009911052
ISIC_0033960,HAM_0003535,nv,2,0.00015167828,0.00013918783,0.000376325,9.4825205e-05,0.0048446436,0.9943532,4.0230014e-05
ISIC_0033259,HAM_0003535,nv,2,1.1480018e-05,1.4010776e-05,7.968712e-05,1.4010776e-05,0.0036780543,0.99619836,4.331867e-06
ISIC_0033403,HAM_0003535,nv,2,3.3135045e-06,6.785604e-06,4.94101e-05,2.8066477e-06,0.0022039497,0.99773276,9.040942e-07
ISIC_0033724,HAM_0005052,nv,2,0.00066892104,0.0009451741,0.039994065,0.0017131614,0.052060314,0.9005348,0.0040836567
ISIC_0033786,HAM_0005052,nv,2,0.0017306422,0.0031429827,0.052694347,0.0016806753,0.10654952,0.8307432,0.0034586398
ISIC_0029775,HAM_0002432,nv,2,0.004085932,0.0024661717,0.116414756,0.0011972303,0.34116104,0.5273695,0.007305333
ISIC_0025226,HAM_0004919,nv,2,0.00020404175,0.000112243244,0.00025642602,0.0010107241,0.031984672,0.9662861,0.00014582206
ISIC_0028117,HAM_0006116,nv,2,0.0153726665,0.015616658,0.005409835,0.0014236978,0.75941956,0.20240867,0.00034889215
ISIC_0024996,HAM_0005658,nv,2,0.0022666338,0.08259911,0.012425016,0.00026340885,0.010738526,0.89149976,0.00020756117
ISIC_0031798,HAM_0005051,nv,2,0.00048596217,0.0003119277,0.0006047897,0.006943454,0.092066966,0.89947665,0.00011035573
ISIC_0029528,HAM_0003707,nv,2,0.0041479627,0.012305172,0.047540512,0.11277015,0.0033722701,0.8195457,0.00031829855
ISIC_0030399,HAM_0005870,nv,2,0.0012434234,0.00021565297,0.019785674,0.0033503985,0.26902962,0.7060353,0.00033993303
ISIC_0026404,HAM_0003727,nv,2,0.00195343,0.0010233714,0.9665068,0.00031609822,0.012944877,0.016792862,0.00046262293
ISIC_0026698,HAM_0004824,nv,2,0.0003231283,4.020796e-05,0.002209799,0.00084718294,0.31210542,0.684369,0.000105314975
ISIC_0027181,HAM_0003640,nv,2,0.00036482647,0.0030726052,0.020631576,0.0019003863,0.0048551764,0.96727127,0.0019041017
ISIC_0026359,HAM_0007504,nv,2,0.008060353,0.00134702,0.0076949983,0.009890228,0.23601854,0.7355578,0.0014310974
ISIC_0029182,HAM_0000277,nv,2,0.0039019946,0.0117865205,0.09481404,0.043221325,0.06551562,0.77320975,0.0075507285
ISIC_0030635,HAM_0003640,nv,2,0.00013574841,0.0003246909,0.0026875867,0.0002631996,0.0043041985,0.9918108,0.00047380856
ISIC_0026488,HAM_0005387,nv,2,0.0020030446,0.0012244367,0.04228672,0.0012510275,0.53725094,0.41515535,0.0008284953
ISIC_0028945,HAM_0002370,nv,2,0.00054393575,0.009874352,0.024321698,0.00062606623,0.06831188,0.8954495,0.00087260886
ISIC_0030401,HAM_0002370,nv,2,0.0033593413,0.060071405,0.028028022,0.0017737093,0.23642975,0.66828424,0.002053524
ISIC_0027984,HAM_0007413,nv,2,0.0006863043,0.00035190184,0.006747758,0.007138372,0.121906355,0.8628876,0.0002816587
ISIC_0028477,HAM_0005531,nv,2,5.5666955e-05,0.00046974933,0.003414689,0.0013526437,0.37249556,0.6213807,0.0008309018
ISIC_0024577,HAM_0005531,nv,2,5.258825e-05,0.000409219,0.00044420303,0.0002051663,0.30040395,0.69846004,2.4792456e-05
ISIC_0030404,HAM_0002084,nv,2,0.0006416263,0.00014542071,0.047882527,0.0014644007,0.013492704,0.93580484,0.0005684493
ISIC_0027311,HAM_0002084,nv,2,0.0014381119,0.0004292768,0.015590034,0.0035907826,0.034101684,0.94171816,0.0031319363
ISIC_0032631,HAM_0001834,nv,2,0.00019071983,0.00041454137,0.005739357,8.7147535e-05,0.014974242,0.9784983,9.571284e-05
ISIC_0032828,HAM_0005308,nv,2,2.299809e-05,6.3242765e-06,0.0011113613,1.7496026e-05,0.005054273,0.9937484,3.912107e-05
ISIC_0032655,HAM_0003807,bkl,2,9.051833e-06,0.0002472956,0.15958165,6.820368e-05,0.0006593783,0.8394207,1.3694985e-05
ISIC_0033072,HAM_0004193,nv,2,0.00021904752,7.308568e-05,0.0012574577,0.00025459635,0.09135349,0.9065611,0.0002812626
ISIC_0033375,HAM_0001147,nv,2,0.00020134532,3.624052e-05,0.0018429684,0.0007893678,0.0132601885,0.98378444,8.5421656e-05
ISIC_0033353,HAM_0001000,nv,2,0.00016015953,0.00048142785,0.0011303381,0.004270019,0.0065237307,0.9873037,0.00013071841
ISIC_0032789,HAM_0004430,nv,2,0.00072580454,0.0008585539,0.0149676725,0.0022819566,0.015337591,0.96573055,9.784402e-05
ISIC_0033620,HAM_0003807,bkl,2,9.903856e-06,0.00010380702,0.28340802,0.00010585442,0.0010694835,0.7152763,2.6711967e-05
ISIC_0028335,HAM_0001219,akiec,2,0.15203056,0.0035406698,0.75271815,0.0373432,0.030017097,0.024213813,0.0001364846
ISIC_0024646,HAM_0006252,akiec,2,0.20076698,0.000601456,0.7229897,0.0019002563,0.027237274,0.046219185,0.00028521966
ISIC_0027930,HAM_0004899,akiec,2,0.007930533,0.055318255,0.008182274,0.0011621945,0.80381775,0.123269446,0.00031959344
ISIC_0026040,HAM_0006252,akiec,2,0.15122908,0.0011389696,0.75609785,0.0028244879,0.078763686,0.009448412,0.00049757893
