image_id,lesion_id,diagnosis,fold,p_akiec,p_bcc,p_bkl,p_df,p_mel,p_nv,p_vasc
ISIC_0026769,HAM_0002730,bkl,2,0.2321198,0.0010438927,0.75369513,0.00013533366,0.009422986,0.0034954173,8.737798e-05
ISIC_0025661,HAM_0002730,bkl,2,0.03586637,0.7897038,0.121697776,0.004016488,0.03843909,0.009950616,0.00032585236
ISIC_0025767,HAM_0001949,bkl,2,9.3195704e-05,1.6163385e-05,0.9965407,6.5061075e-05,0.00066784886,0.002591253,2.5728317e-05
ISIC_0032417,HAM_0001949,bkl,2,2.8341206e-06,1.1930313e-06,0.9996587,1.9251675e-06,1.4505736e-05,0.00032061702,1.362281e-07
ISIC_0025915,HAM_0001601,bkl,2,0.00022126157,0.00013711637,0.9862738,7.934502e-06,0.0025960542,0.010723629,4.0216102e-05
ISIC_0031029,HAM_0001601,bkl,2,0.0029965898,0.0008345644,0.25663894,0.00012773486,0.6253398,0.11388284,0.00017943275
ISIC_0032128,HAM_0004884,bkl,2,0.0022200954,0.045029406,0.94414943,0.0002081206,0.0014208581,0.006928914,4.3200507e-05
ISIC_0025937,HAM_0004884,bkl,2,0.0063254107,0.0053366176,0.95018804,0.00015748608,0.0009647192,0.03698699,4.068345e-05
ISIC_0027960,HAM_0003569,bkl,2,0.0075878734,0.000133457,0.9506232,0.00080171094,0.039621957,0.0011894893,4.232347e-05
ISIC_0026955,HAM_0003569,bkl,2,0.0050877524,0.00019426254,0.9436323,0.0004980084,0.049331594,0.001184206,7.188517e-05
ISIC_0029022,HAM_0001473,bkl,2,0.0007960963,0.0021118212,0.8679251,5.938353e-05,0.10632452,0.022682056,0.00010101479
ISIC_0025388,HAM_0003007,bkl,2,9.330806e-05,4.0288363e-05,0.9899777,1.02463555e-05,3.6468664e-05,0.009839002,2.9876892e-06
ISIC_0028080,HAM_0003007,bkl,2,0.0012342302,0.00026022905,0.984455,0.00012196689,0.0013688394,0.012489656,7.00397e-05
ISIC_0033041,HAM_0002040,bkl,2,0.006163278,0.001943153,0.20853214,0.0023484721,0.34854418,0.43123606,0.0012327331
ISIC_0033900,HAM_0002040,bkl,2,0.016249174,0.0016885699,0.6251205,0.0012402192,0.19902156,0.15621383,0.00046615952
ISIC_0033361,HAM_0002040,bkl,2,0.00023187886,2.7105338e-05,0.0105676325,8.563733e-05,0.92832476,0.06075316,9.816903e-06
ISIC_0033482,HAM_0006663,bkl,2,0.0001532266,3.814112e-05,0.9669653,8.868076e-05,0.023646737,0.009081086,2.6835629e-05
ISIC_0033201,HAM_0006663,bkl,2,1.1723104e-05,9.041238e-06,0.99566984,1.08421e-05,0.002489806,0.0018038787,4.9156356e-06
ISIC_0033716,HAM_0006938,bkl,2,0.00037516703,0.0038318457,0.04383174,0.00013614213,0.9074439,0.04404629,0.00033498646
ISIC_0034011,HAM_0006938,bkl,2,0.00015292407,0.003001875,0.8384553,2.6574222e-05,0.028746454,0.12958977,2.7098351e-05
ISIC_0033613,HAM_0006938,bkl,2,0.00044681758,6.615458e-05,0.11615691,2.7793625e-05,0.85996795,0.023323774,1.0508142e-05
ISIC_0032877,HAM_0003770,bkl,2,0.00057457347,0.00023998611,0.05999794,0.00015106202,0.85120577,0.08780948,2.1258416e-05
ISIC_0034175,HAM_0003770,bkl,2,0.005500799,0.0019423094,0.3126025,0.0006141663,0.5990368,0.080282964,2.0488733e-05
ISIC_0033523,HAM_0003770,bkl,2,0.00057230506,4.439077e-05,0.478393,0.00011695411,0.4955106,0.025353897,8.8440975e-06
ISIC_0033973,HAM_0005386,bkl,2,3.2313932e-05,0.0048239958,0.6405162,1.9830422e-05,0.013087394,0.34150702,1.3313516e-05
ISIC_0033761,HAM_0005386,bkl,2,0.00039398976,0.0025243699,0.17525217,0.0003234548,0.02490464,0.7962377,0.00036366997
ISIC_0033505,HAM_0005386,bkl,2,9.985687e-05,0.00089349796,0.88867587,4.003185e-05,0.0031022879,0.10717877,9.7338825e-06
ISIC_0033736,HAM_0007625,bkl,2,0.0048570223,0.0008264875,0.01830338,0.0029821144,0.953568,0.019144349,0.0003186393
ISIC_0033378,HAM_0007625,bkl,2,0.0037576193,0.00043518844,0.019392744,0.0017500168,0.9621744,0.012326777,0.0001632545
ISIC_0033778,HAM_0004975,bkl,2,3.411914e-05,4.3717837e-06,0.9956077,9.111579e-06,0.00018096715,0.0041571828,6.6401853e-06
ISIC_0032863,HAM_0004975,bkl,2,0.00024082807,0.0001744813,0.4772903,0.0004508057,0.060680646,0.4608021,0.00036082036
ISIC_0034168,HAM_0004975,bkl,2,8.568603e-05,4.6043937e-05,0.941639,5.2892836e-05,0.008982499,0.049131334,6.256691e-05
ISIC_0033410,HAM_0007384,bkl,2,4.6947727e-05,0.62966365,0.3573728,9.879294e-06,0.0024197453,0.010480147,6.896859e-06
ISIC_0032725,HAM_0007384,bkl,2,0.00019805618,0.004052566,0.9955113,2.8892928e-06,2.1018157e-05,0.00021362762,5.915993e-07
ISIC_0033587,HAM_0004091,bkl,2,5.385726e-06,1.6815056e-06,0.037328113,5.9382132e-06,0.9079171,0.054738063,3.7160391e-06
ISIC_0032675,HAM_0004091,bkl,2,0.000119723896,8.260701e-05,0.75849724,6.3833744e-05,0.05917848,0.18192689,0.0001312344
ISIC_0033642,HAM_0006018,bkl,2,1.8719453e-05,0.0008674004,0.9328218,7.446084e-06,0.013345028,0.052935466,4.1768744e-06
ISIC_0033486,HAM_0006018,bkl,2,0.0003581753,0.008561004,0.66945934,6.484749e-05,0.0077328063,0.31376928,5.4607066e-05
ISIC_0034003,HAM_0007402,bkl,2,0.04221522,0.0017356372,0.8680231,0.00022413641,0.009248582,0.07848425,6.916352e-05
ISIC_0033079,HAM_0007402,bkl,2,0.00045574844,0.0005438637,0.97949505,0.00020164548,0.01619169,0.0031050798,7.0360184e-06
ISIC_0034125,HAM_0004406,bkl,2,0.00051208737,0.0010777556,0.13208881,0.0025083052,0.7542033,0.10950546,0.00010424026
ISIC_0033060,HAM_0004406,bkl,2,0.00058797374,0.0014215382,0.21682341,0.00044382582,0.12020991,0.6600823,0.00043101175
ISIC_0032215,HAM_0002050,bkl,2,0.0010212477,0.00049771636,0.85700774,0.0015724985,0.06544312,0.074447006,1.0595411e-05
ISIC_0030705,HAM_0004141,bkl,2,0.00026565345,8.108678e-06,0.9922978,7.4566015e-05,0.00017439,0.0071730847,6.3397606e-06
ISIC_0030272,HAM_0006697,bkl,2,0.00072324794,8.1702776e-05,0.98035115,0.00016440068,0.00067479984,0.017920721,8.3967665e-05
ISIC_0032063,HAM_0006630,bkl,2,6.4584156e-06,2.3852174e-06,0.9990926,3.260692e-05,0.0002773815,0.00057179603,1.681742e-05
ISIC_0026298,HAM_0002529,bkl,2,0.0036908605,0.0003519599,0.7483504,0.0003411312,0.24106313,0.0061209593,8.150192e-05
ISIC_0029010,HAM_0003293,bkl,2,0.03438319,0.0009398438,0.94026476,0.017885732,0.0021534257,0.0042368406,0.00013619302
ISIC_0024581,HAM_0001995,bkl,2,3.4428853e-05,2.702352e-05,0.994882,9.618167e-05,0.002832886,0.002105222,2.2228938e-05
ISIC_0028970,HAM_0001435,bkl,2,6.297681e-06,2.4904095e-06,0.99928063,5.5252153e-06,0.00042046173,0.00028435973,3.545976e-07
ISIC_0028354,HAM_0000122,bkl,2,0.0030046448,0.0036670151,0.6179028,0.00055255624,0.3555255,0.019241951,0.0001054572
ISIC_0024626,HAM_0007621,bkl,2,0.00014104579,2.6065381e-05,0.99783415,1.0572584e-05,0.0011890625,0.0007963522,2.7742312e-06
ISIC_0031321,HAM_0007621,bkl,2,0.0014710417,0.0002040041,0.97368515,0.0015356283,0.0058938544,0.017167224,4.301288e-05
ISIC_0032486,HAM_0002121,bkl,2,0.0013650464,0.0009492407,0.12978457,0.0011976113,0.64509106,0.22120258,0.00040986124
ISIC_0028233,HAM_0002392,bkl,2,0.0013705894,0.0107857855,0.9152041,0.00015080157,0.0040659327,0.06840166,2.113903e-05
ISIC_0025485,HAM_0005260,bkl,2,0.0006404909,0.00019725565,0.95630175,0.00037652522,0.030620424,0.011793702,6.992276e-05
ISIC_0028856,HAM_0004501,bkl,2,0.01572083,0.0002999925,0.9688214,0.000313776,0.0017501019,0.013058506,3.5480803e-05
ISIC_0024412,HAM_0003835,bkl,2,0.0018690831,0.95879984,0.015785867,0.009436532,0.0014728021,0.010522073,0.0021138159
ISIC_0024883,HAM_0006541,bkl,2,4.321656e-05,0.00069070177,0.016124558,7.097428e-05,0.016030356,0.96689844,0.00014170163
ISIC_0028200,HAM_0005074,bkl,2,0.020703824,0.0002723312,0.94724774,0.00048359018,0.012447621,0.01870435,0.00014045817
ISIC_0026923,HAM_0000198,bkl,2,0.6530151,3.7623795e-05,0.34546158,1.1296712e-05,0.0002747655,0.0011427706,5.692299e-05
ISIC_0029519,HAM_0005546,bkl,2,0.01159151,0.0053383303,0.9496231,0.00078691274,0.024018375,0.008589142,5.2616997e-05
ISIC_0026644,HAM_0004259,bkl,2,3.0586714e-05,0.00022922999,0.99568945,6.022881e-06,6.6547065e-05,0.0039710137,7.264981e-06
ISIC_0030812,HAM_0005558,bkl,2,0.014458175,0.91817045,0.017006803,0.0001701003,0.045224585,0.0048464304,0.00012347958
ISIC_0029802,HAM_0005558,bkl,2,0.00039112993,0.9933949,0.00452238,2.1639245e-05,0.0008801347,0.0007782347,1.1492516e-05
ISIC_0032230,HAM_0000744,bkl,2,0.6939843,0.002594989,0.13219078,0.00026639237,0.16451411,0.0059457924,0.0005035531
ISIC_0029525,HAM_0000744,bkl,2,0.9025889,0.0012599203,0.027779829,0.00011764951,0.060175147,0.0078013013,0.00027730883
ISIC_0029474,HAM_0000744,bkl,2,0.0005757754,8.752536e-05,0.37519827,6.896833e-05,0.6185974,0.0054229405,4.9097278e-05
ISIC_0026265,HAM_0001597,bkl,2,0.012819704,0.015969966,0.09902941,0.0027401552,0.53040427,0.33813468,0.0009018441
ISIC_0024426,HAM_0001597,bkl,2,0.008122706,0.0035895002,0.9729259,7.7522105e-05,0.004293972,0.010983798,6.6687885e-06
ISIC_0031016,HAM_0001603,bkl,2,0.0024088584,1.5510204e-05,0.9963069,0.0001339877,0.000114829825,0.0010161224,3.8307503e-06
ISIC_0026044,HAM_0006945,bkl,2,0.0049043256,0.00093418057,0.06743818,0.002142541,0.11360139,0.81040937,0.0005699389
ISIC_0026444,HAM_0001539,bkl,2,1.06146235e-05,1.1499583e-05,0.99984705,8.396858e-06,1.3790105e-05,0.00010836833,2.4195162e-07
ISIC_0024422,HAM_0001605,bkl,2,0.009043522,0.00050995155,0.08660228,0.0017626084,0.67852396,0.22331686,0.00024088407
ISIC_0027806,HAM_0001273,bkl,2,0.00013687905,0.009291647,0.98264575,0.0010465742,0.002080345,0.004670423,0.00012833507
ISIC_0024760,HAM_0003856,bkl,2,0.0742312,0.0016609337,0.90963554,0.00010382163,0.00978826,0.004320774,0.00025948265
ISIC_0028881,HAM_0001605,bkl,2,0.001947012,0.00013987516,0.008833073,7.228338e-05,0.9694658,0.019520627,2.1366926e-05
ISIC_0032116,HAM_0003275,bkl,2,0.0004948701,0.00012934697,0.9788553,4.3922224e-05,0.009006146,0.011384836,8.549313e-05
ISIC_0026895,HAM_0003605,bkl,2,0.00029131773,9.5225754e-05,0.99271965,2.187944e-05,0.0012755072,0.0055887788,7.680405e-06
ISIC_0025064,HAM_0006541,bkl,2,0.00047190214,0.0051044864,0.00789682,0.00023636219,0.1575217,0.828585,0.00018371988
ISIC_0026514,HAM_0007598,bkl,2,0.00027598272,0.0013584346,0.35039717,0.0071038,0.16535434,0.4733564,0.0021538793
ISIC_0026378,HAM_0004426,bkl,2,0.0010880018,7.346328e-05,0.10777502,0.00016717668,0.88320875,0.0076487185,3.8863942e-05
ISIC_0027192,HAM_0001024,bkl,2,0.30355176,0.002237582,0.3333864,0.00079317327,0.25511745,0.1038852,0.0010284493
ISIC_0028223,HAM_0006595,bkl,2,6.820951e-05,0.002808364,0.9949767,3.3108117e-06,2.5240337e-05,0.0021116,6.5330955e-06
ISIC_0026614,HAM_0001232,bkl,2,3.303952e-05,1.5424937e-05,0.99665254,1.5945692e-05,0.0006220417,0.0026581872,2.8700945e-06
ISIC_0028550,HAM_0000259,bkl,2,0.08058641,0.13045385,0.5795376,0.008059407,0.13664773,0.06450843,0.00020654795
ISIC_0024477,HAM_0000259,bkl,2,0.07022398,0.018050427,0.4028797,0.012071237,0.45252767,0.043961138,0.0002858356
ISIC_0026493,HAM_0000259,bkl,2,0.00041295044,0.0002697637,0.8576912,0.0001534068,0.12873548,0.012696845,4.0332423e-05
ISIC_0029678,HAM_0000383,bkl,2,6.735493e-05,0.00021912964,0.0018446313,0.00022564443,0.87045634,0.12712736,5.9440514e-05
ISIC_0031937,HAM_0000833,bkl,2,0.00043030767,5.1217565e-05,0.99752814,7.687519e-06,0.0010264744,0.00089061965,6.550826e-05
ISIC_0025719,HAM_0000833,bkl,2,0.0065993303,0.00037128755,0.92115456,6.0139344e-05,0.06659801,0.0050324704,0.00018416
ISIC_0030683,HAM_0001024,bkl,2,0.00921756,0.00033883762,0.75797945,0.0001934413,0.1573371,0.07475754,0.0001761303
ISIC_0028237,HAM_0006327,bkl,2,0.0006615758,0.00010437027,0.9887481,6.844769e-05,0.00630758,0.0040844283,2.547732e-05
ISIC_0029585,HAM_0006327,bkl,2,7.148091e-05,1.1454421e-05,0.99786747,4.7749136e-06,9.562613e-05,0.0019452416,3.881977e-06
ISIC_0027990,HAM_0001073,bkl,2,0.00024193079,2.6411723e-05,0.9666777,2.155662e-05,0.030771827,0.002253178,7.4207255e-06
ISIC_0029841,HAM_0003605,bkl,2,0.0014525985,0.00020392054,0.98475903,3.1579115e-05,0.011453501,0.0020711217,2.8196979e-05
ISIC_0030965,HAM_0006475,bkl,2,0.0012941059,3.5321827e-05,0.10842326,0.00020366047,0.8747458,0.015258019,3.986883e-05
ISIC_0030458,HAM_0004494,bkl,2,0.00027649567,0.00011041285,0.0074367374,5.595451e-05,0.7446226,0.24747632,2.1572385e-05
ISIC_0026335,HAM_0003856,bkl,2,0.0064095943,0.0065647983,0.9690834,9.647291e-05,0.0057764663,0.011881512,0.00018778128
ISIC_0026070,HAM_0002268,bkl,2,0.028009003,0.0046330225,0.08709917,0.098624036,0.3427223,0.43877676,0.00013560074
ISIC_0032024,HAM_0002303,bkl,2,0.7412866,0.000106121006,0.23925453,0.00065389025,0.008994228,0.009668854,3.582488e-05
ISIC_0032235,HAM_0002268,bkl,2,0.018309383,0.0033246318,0.6797135,0.011879289,0.071991935,0.21429947,0.00048177323
ISIC_0031459,HAM_0004494,bkl,2,0.004395781,0.0007781779,0.26384762,0.00091691763,0.3564354,0.37281224,0.00081393216
ISIC_0024612,HAM_0000383,bkl,2,0.00012661386,0.00029902195,0.0022585758,0.00025427277,0.89137185,0.10563071,5.8880913e-05
ISIC_0031707,HAM_0000383,bkl,2,0.00070675585,0.00021596975,0.0073126075,0.0006574835,0.84295565,0.14792125,0.00023034806
ISIC_0027681,HAM_0006531,bkl,2,0.00023499741,1.8406421e-05,0.30011418,2.9760095e-05,0.69235617,0.0072395112,6.986289e-06
ISIC_0025040,HAM_0006541,bkl,2,3.7273327e-05,0.00013527914,0.0027972532,0.00010291496,0.055434946,0.9412807,0.00021158061
ISIC_0029302,HAM_0006737,bkl,2,0.00032552678,9.00431e-05,0.9741796,0.0005156384,0.008436539,0.016373403,7.915296e-05
ISIC_0027953,HAM_0006907,bkl,2,2.0647884e-05,9.660028e-05,0.98950154,3.539871e-05,0.00041069352,0.009930777,4.3619766e-06
ISIC_0028995,HAM_0006945,bkl,2,0.00024835672,0.00019917084,0.0023198111,0.0002071049,0.129661,0.8672384,0.00012610712
ISIC_0026142,HAM_0006945,bkl,2,0.0002642307,0.00012097363,0.03508379,0.00031073234,0.22130372,0.7428347,8.185486e-05
ISIC_0030372,HAM_0000881,bkl,2,0.0019717382,0.9218444,0.07206354,0.00064704317,0.00101002,0.0023853483,7.788438e-05
ISIC_0028404,HAM_0000881,bkl,2,0.006536487,0.27203086,0.70559436,0.003261174,0.0008950449,0.011641174,4.0972027e-05
ISIC_0029849,HAM_0003605,bkl,2,0.0074877786,0.0014881734,0.48524743,0.0016634231,0.41262925,0.09073118,0.0007526981
ISIC_0024312,HAM_0001359,bkl,2,0.00043820278,0.000111773086,0.9850574,4.6503043e-05,0.009072064,0.005271058,3.05525e-06
ISIC_0030976,HAM_0001722,bkl,2,0.00024756836,0.41236144,0.0023858526,0.012910398,0.037220918,0.0033189037,0.5315549
ISIC_0024881,HAM_0004696,bkl,2,0.2807207,0.36327958,0.3392758,0.00041876212,0.0072225207,0.0023174912,0.006765081
ISIC_0028628,HAM_0001359,bkl,2,0.00030188978,0.0008047493,0.11463577,0.00017403923,0.87735885,0.0067052627,1.948856e-05
ISIC_0026539,HAM_0004696,bkl,2,0.005846675,0.10237741,0.88786733,0.00059349614,0.00046493157,0.0013167288,0.0015334103
ISIC_0029764,HAM_0004696,bkl,2,0.12944925,0.43113184,0.41705197,0.00034966716,0.0022360147,0.0026346692,0.01714668
ISIC_0029329,HAM_0002844,bkl,2,0.0002304293,0.1198325,0.8515281,0.0001565265,0.0035244622,0.024608385,0.00011954515
ISIC_0028121,HAM_0004389,bkl,2,7.0076596e-05,4.9788894e-05,0.95280635,3.6640395e-05,0.046157893,0.0008739528,5.3512126e-06
ISIC_0031831,HAM_0004448,bkl,2,0.0007994519,0.0014476203,0.98763347,0.00014587563,0.0047811647,0.004969046,0.00022330436
ISIC_0031000,HAM_0002193,bkl,2,0.020412102,0.0043800734,0.96920824,0.00018743903,0.0038428183,0.0019627197,6.6433063e-06
ISIC_0029029,HAM_0001763,bkl,2,0.0013199124,0.0009799183,0.9567125,0.0005567072,0.032865025,0.007459579,0.000106457155
ISIC_0027392,HAM_0002193,bkl,2,0.03526543,0.006536203,0.93563324,0.014300798,0.005974573,0.0020667745,0.00022300228
ISIC_0031037,HAM_0002303,bkl,2,0.0117750205,3.6555564e-05,0.21460786,0.0004046936,0.75640583,0.016727509,4.2571162e-05
ISIC_0026277,HAM_0000696,bkl,2,0.00025938044,0.00012348361,0.9812447,0.0002108748,0.0036441342,0.01441283,0.00010459469
ISIC_0026016,HAM_0003789,bkl,2,0.0015367145,0.0006706856,0.84325033,0.0011565796,0.08631186,0.06695768,0.0001160933
ISIC_0029505,HAM_0003789,bkl,2,0.00010190008,0.00015237374,0.9901714,5.064163e-05,0.0024057422,0.007046743,7.1276794e-05
ISIC_0027735,HAM_0005896,bkl,2,0.000118863376,2.069574e-05,0.98024017,2.1987516e-05,0.005098817,0.014454427,4.5115452e-05
ISIC_0024814,HAM_0005896,bkl,2,6.2012594e-05,1.2139663e-05,0.9934888,1.9586573e-06,0.0026035786,0.0038290971,2.4280855e-06
ISIC_0031277,HAM_0003789,bkl,2,0.0003346947,0.00014794084,0.9557483,0.00017671651,0.028580625,0.01492914,8.2502454e-05
ISIC_0031853,HAM_0003789,bkl,2,6.5746186e-05,0.0001052675,0.9933601,6.8355002e-06,0.0007538043,0.0056915567,1.6720925e-05
ISIC_0024435,HAM_0003317,bkl,2,0.00012804927,5.954845e-05,0.94105697,0.000109099354,0.047035843,0.011537891,7.267583e-05
ISIC_0026590,HAM_0003317,bkl,2,0.001081368,4.830735e-05,0.9537994,0.00010048471,0.03060001,0.014313951,5.6366815e-05
ISIC_0030998,HAM_0001053,bkl,2,2.9244287e-05,2.2074744e-05,0.99184763,1.4505274e-05,0.0011619014,0.006922146,2.5206386e-06
ISIC_0029464,HAM_0003789,bkl,2,0.0018516522,0.002102299,0.8827751,0.0009466554,0.004952859,0.107302144,6.9248454e-05
ISIC_0024915,HAM_0003789,bkl,2,0.0025358275,0.0015320608,0.97522527,0.00022136186,0.00812205,0.012240361,0.00012296603
ISIC_0029555,HAM_0007090,bkl,2,9.4506504e-05,5.9837785e-05,0.9549094,5.1181974e-05,0.006490928,0.038350694,4.3437576e-05
ISIC_0024602,HAM_0002984,bkl,2,0.0060497187,0.0013153896,0.90977323,0.006956387,0.028553218,0.04705332,0.00029870795
ISIC_0028449,HAM_0004556,bkl,2,0.00015726627,2.2359627e-05,0.9987783,3.915995e-06,0.00039291361,0.00063893065,6.3191515e-06
ISIC_0028123,HAM_0004556,bkl,2,0.01078496,0.0052741654,0.8060271,0.0026937802,0.098356806,0.07541278,0.0014503499
ISIC_0025851,HAM_0005845,bkl,2,2.8017817e-05,2.3501387e-05,0.9958544,3.0413054e-05,0.0011246459,0.002934252,4.8973784e-06
ISIC_0034315,HAM_0000754,bkl,2,0.00052360876,4.4518332e-05,0.9140025,0.00035360016,0.054144774,0.030850763,8.014133e-05
ISIC_0032967,HAM_0000754,bkl,2,0.00039152108,1.4514056e-05,0.9619137,0.00016416938,0.012144233,0.025335487,3.634608e-05
ISIC_0032827,HAM_0006003,bkl,2,0.02441861,0.00086071534,0.91128194,0.010521561,0.036225185,0.0155270975,0.0011650255
ISIC_0033022,HAM_0006003,bkl,2,0.0080824075,0.00024311602,0.9867111,0.00044281327,0.0012707307,0.003181191,6.870808e-05
ISIC_0034165,HAM_0004113,bkl,2,0.00038697405,0.0001246544,0.60551,0.00026648308,0.35457322,0.038898434,0.00024027764
ISIC_0033185,HAM_0004113,bkl,2,0.000100600184,7.119702e-05,0.9567623,0.0001385826,0.036026623,0.0068556867,4.4903398e-05
ISIC_0034283,HAM_0007281,bkl,2,0.00022466424,0.0008153924,0.75592756,0.0002913055,0.0075940085,0.23509194,5.505634e-05
ISIC_0032113,HAM_0003393,bkl,2,0.0034529294,0.0019587928,0.9347668,0.00095370767,0.00014244983,0.058601834,0.00012352108
ISIC_0027142,HAM_0004322,bkl,2,2.0898793e-05,0.00010408003,0.99179274,0.00017601174,0.00038802822,0.0074842093,3.3988406e-05
ISIC_0027370,HAM_0004308,bkl,2,0.00027580716,1.0621349e-05,0.9965802,1.2320981e-05,5.6528283e-05,0.0030623216,2.297028e-06
ISIC_0024383,HAM_0003668,bkl,2,1.8340303e-05,7.2657417e-07,0.9998404,1.5777125e-06,3.372794e-06,0.00013551752,8.935682e-08
ISIC_0029801,HAM_0000716,bkl,2,3.8113132e-05,1.9217848e-06,0.999853,6.191492e-06,1.750066e-05,8.2073755e-05,1.0551098e-06
ISIC_0032124,HAM_0002536,bkl,2,2.1077904e-05,4.5024376e-07,0.99980456,4.964315e-07,1.6437097e-06,0.00017180666,4.7455345e-08
ISIC_0026441,HAM_0005993,bkl,2,4.564487e-06,4.8493903e-06,0.9996706,5.8332404e-05,2.6189968e-05,0.0002348004,7.193911e-07
ISIC_0026783,HAM_0000089,bkl,2,0.0004708384,9.575008e-05,0.8621721,3.8686532e-05,0.08274015,0.05447469,7.829004e-06
ISIC_0028958,HAM_0002912,bkl,2,0.00028942473,0.00010139939,0.8780628,0.000108785665,0.000954098,0.1204687,1.472254e-05
ISIC_0029227,HAM_0007219,bkl,2,4.808014e-05,4.2596646e-05,0.06447554,0.01151476,0.000110487286,0.9237073,0.000101191006
ISIC_0031362,HAM_0000105,bkl,2,0.0002814428,6.103575e-06,0.997274,2.1386948e-05,0.00048162253,0.0019289555,6.4466594e-06
ISIC_0028880,HAM_0004103,df,2,0.00017161039,0.010837141,0.0022693707,0.23650917,0.24473272,0.13701475,0.36846524
ISIC_0031309,HAM_0004103,df,2,0.0001314169,0.00020077862,0.0014435479,0.9733812,0.001897508,0.00040876504,0.02253683
ISIC_0029760,HAM_0004330,df,2,0.0006534057,0.022368329,0.04641518,0.24071717,0.43375933,0.05239024,0.20369637
ISIC_0030555,HAM_0004330,df,2,0.000838183,0.021365177,0.009397778,0.27598765,0.37356442,0.045807946,0.2730388
ISIC_0031443,HAM_0000827,df,2,0.001037604,0.0017572843,0.003975115,0.99053204,0.0015637242,0.0009709386,0.00016321364
ISIC_0025223,HAM_0000827,df,2,7.013508e-06,1.6726239e-05,1.9785462e-05,0.99951506,0.0003598561,3.1740823e-05,4.9740644e-05
ISIC_0034135,HAM_0006371,df,2,3.3057193e-05,0.00010546673,9.216956e-05,0.9952401,0.002871514,0.0014663575,0.00019134894
ISIC_0033626,HAM_0006371,df,2,2.5583254e-06,1.5368527e-05,2.0802143e-05,0.99884295,0.0007832673,0.00028828866,4.6786885e-05
ISIC_0033780,HAM_0006371,df,2,1.1097677e-06,6.238334e-06,8.543461e-06,0.9995777,0.00030512692,7.394854e-05,2.7364013e-05
ISIC_0033891,HAM_0007396,df,2,5.2272342e-05,0.0005866545,0.024154104,0.8100934,0.060901567,0.10279085,0.0014211215
ISIC_0033554,HAM_0007396,df,2,1.4177302e-05,0.00013743163,0.0010324896,0.9142515,0.049602598,0.034493193,0.0004685717
ISIC_0033810,HAM_0007396,df,2,0.00011892448,0.0006086852,0.07584876,0.16910148,0.4912265,0.26139846,0.0016971264
ISIC_0030830,HAM_0006794,df,2,8.651559e-05,0.0001460227,0.0059420937,0.12804401,0.525057,0.334399,0.006325326
ISIC_0031257,HAM_0003023,df,2,2.2912614e-05,6.375994e-05,0.0017040612,0.98427075,0.008034908,0.005326332,0.0005772353
ISIC_0026629,HAM_0004065,df,2,4.1804138e-05,2.0816162e-05,0.00046802545,0.99756587,0.00017446188,0.0017186663,1.04670235e-05
ISIC_0025771,HAM_0001841,df,2,5.1490483e-06,1.7589948e-05,3.651767e-05,0.99908304,0.00010063178,0.0006636126,9.3342256e-05
ISIC_0028069,HAM_0001811,mel,2,0.00043854132,0.00033167552,0.0011554024,0.0016811006,0.31539434,0.6808588,0.0001401662
ISIC_0028579,HAM_0001811,mel,2,0.0005897111,0.00024154472,0.0064634588,0.002441899,0.48435345,0.50561917,0.00029079002
ISIC_0031118,HAM_0006900,mel,2,0.00023213288,0.0001655742,0.011836587,0.00015954245,0.9682519,0.019287875,6.6507186e-05
ISIC_0030080,HAM_0006900,mel,2,0.00013303796,0.0002883203,0.0034294194,4.2854987e-05,0.9796311,0.016465029,1.0198852e-05
ISIC_0026115,HAM_0004910,mel,2,0.0018612539,0.0023898974,0.010232779,0.00040213153,0.76047695,0.2243579,0.00027909293
ISIC_0026281,HAM_0004910,mel,2,0.013581851,0.0075964397,0.44150075,0.00068483985,0.4051439,0.13050738,0.0009848272
ISIC_0025081,HAM_0001203,mel,2,0.00089368183,0.0012143818,0.004596475,0.0027100567,0.63772494,0.059173018,0.29368752
ISIC_0030134,HAM_0001203,mel,2,0.000678557,0.0014449467,0.0030321847,0.00857067,0.67357796,0.2742846,0.03841108
ISIC_0032244,HAM_0000152,mel,2,2.1187145e-05,4.139529e-06,0.0016281367,4.897379e-05,0.935379,0.06291176,6.7983224e-06
ISIC_0027102,HAM_0003782,mel,2,3.644285e-05,7.038277e-05,8.843915e-06,0.00077633426,0.997036,0.0020609072,1.1092754e-05
ISIC_0024624,HAM_0000210,mel,2,0.0007798346,0.00019775155,0.8849279,0.00048658036,0.09381883,0.0196463,0.00014271357
ISIC_0027651,HAM_0005742,mel,2,0.0035519993,0.002862486,0.010475651,0.00079255825,0.5449608,0.43278673,0.0045697745
ISIC_0030014,HAM_0005742,mel,2,0.006317498,0.011912649,0.37771642,0.0013972895,0.52955353,0.07244128,0.0006613232
ISIC_0032220,HAM_0003521,mel,2,0.0023357654,0.022096297,0.5794107,0.004849174,0.014834751,0.19200459,0.18446878
ISIC_0031189,HAM_0006214,mel,2,8.80898e-05,3.340248e-05,0.0008240215,2.2557151e-05,0.9978096,0.001213077,9.239373e-06
ISIC_0032190,HAM_0006214,mel,2,0.0002477142,0.00013626745,0.008040577,0.00038970914,0.9649715,0.026171647,4.262795e-05
ISIC_0028219,HAM_0000233,mel,2,0.0005155713,0.0030700688,0.010498079,0.0008126932,0.4893065,0.49507427,0.00072282436
ISIC_0026314,HAM_0000233,mel,2,0.00033212113,0.03084561,0.0052770614,0.00079361105,0.04362691,0.9174265,0.0016982195
ISIC_0030760,HAM_0005624,mel,2,0.011132477,0.016024591,0.029937876,0.08889922,0.42556658,0.42723218,0.0012070591
ISIC_0028565,HAM_0005624,mel,2,0.024292875,0.008902008,0.13965939,0.47803086,0.2652859,0.0806611,0.0031679152
ISIC_0028415,HAM_0000796,mel,2,0.0005196164,0.06588197,0.0026388299,0.5280356,0.29103994,0.10982093,0.0020631661
ISIC_0028041,HAM_0000796,mel,2,0.007342356,0.003270903,0.009427772,0.4826089,0.45160162,0.04291772,0.0028307305
ISIC_0028325,HAM_0001729,mel,2,0.109953925,0.005555064,0.2323183,0.0011197969,0.5755551,0.07490888,0.0005889401
ISIC_0024537,HAM_0001729,mel,2,0.00023615854,0.00012783415,0.00044336182,3.5986926e-05,0.99811566,0.001037918,3.0240385e-06
ISIC_0032408,HAM_0002115,mel,2,1.4993473e-06,9.1234055e-05,4.756328e-05,3.686189e-05,0.9996755,0.0001457916,1.5529962e-06
ISIC_0030440,HAM_0002509,mel,2,0.00011077912,3.8359085e-05,0.017846622,3.8284237e-05,0.9649233,0.016929876,0.000112743626
ISIC_0024732,HAM_0002509,mel,2,3.6193145e-05,3.52169e-05,0.0144312475,2.8408329e-05,0.90335405,0.08207858,3.6334804e-05
ISIC_0028969,HAM_0005328,mel,2,0.014533247,3.790092e-05,0.9836623,3.1110972e-06,0.00027896021,0.0014810443,3.3507836e-06
ISIC_0032441,HAM_0005328,mel,2,0.034052324,0.0031922013,0.61011076,0.00028471078,0.14980638,0.2023755,0.00017816745
ISIC_0030324,HAM_0005095,mel,2,0.0006295747,0.00017380521,0.30161887,0.011099701,0.61888176,0.06736603,0.00023025447
ISIC_0027260,HAM_0002391,mel,2,8.7583045e-05,0.00017147927,0.00079601555,7.332144e-05,0.8577265,0.1411182,2.686829e-05
ISIC_0027604,HAM_0002391,mel,2,5.7478584e-05,3.904418e-05,0.009063035,1.3258192e-05,0.89601225,0.094808616,6.3613493e-06
ISIC_0029434,HAM_0002391,mel,2,7.204229e-05,1.7279464e-05,0.0013220267,1.973377e-05,0.9624652,0.03610007,3.6575166e-06
ISIC_0025324,HAM_0004121,mel,2,0.00014085349,2.0212758e-05,0.007541595,0.00014532465,0.920688,0.07141305,5.101375e-05
ISIC_0026996,HAM_0004121,mel,2,7.751621e-05,9.9922356e-05,0.0053422237,0.00017571205,0.082070254,0.91212654,0.00010783101
ISIC_0024756,HAM_0007272,mel,2,0.00823457,0.07695374,0.0029649397,0.020530578,0.79992104,0.089267895,0.0021272404
ISIC_0025035,HAM_0007073,mel,2,0.017486686,0.0015109057,0.0038960956,0.00039337424,0.84626645,0.13028711,0.00015924829
ISIC_0032888,HAM_0002939,mel,2,6.6117624e-05,1.0605335e-05,0.017323075,2.5993373e-05,0.9458078,0.036744643,2.1845903e-05
ISIC_0033968,HAM_0002939,mel,2,0.00038725097,0.00020931466,0.21521343,0.00022854413,0.17530935,0.608315,0.00033710728
ISIC_0033975,HAM_0003983,mel,2,0.00062472955,0.009243305,0.016461888,0.30819583,0.15436643,0.50912243,0.0019853862
ISIC_0033278,HAM_0003983,mel,2,0.0020327102,0.0016655432,0.14645433,0.80419254,0.037926096,0.007563506,0.0001652335
ISIC_0033679,HAM_0003983,mel,2,0.00027223097,0.002603113,0.0071106306,0.6209915,0.3128646,0.05587485,0.0002830754
ISIC_0033636,HAM_0005500,mel,2,0.014266516,2.2281492e-05,0.029589139,0.00011337597,0.95342773,0.0025622202,1.87629e-05
ISIC_0033362,HAM_0007234,mel,2,2.958829e-05,7.933718e-05,0.005260823,1.5744943e-05,0.74284154,0.25175378,1.92159e-05
ISIC_0033947,HAM_0005545,mel,2,1.7664539e-05,4.188134e-05,0.98007786,4.5728928e-05,0.01699543,0.0028153681,6.0453754e-06
ISIC_0033881,HAM_0005545,mel,2,7.399227e-05,8.466702e-05,0.9599762,0.0001856536,0.01992367,0.019730052,2.5721316e-05
ISIC_0029363,HAM_0005400,mel,2,0.31533074,0.021307133,0.010376665,0.002067372,0.6185946,0.031915594,0.00040788556
ISIC_0032602,HAM_0004811,mel,2,2.9634646e-06,3.099624e-06,8.508337e-06,6.717516e-06,0.9993643,0.00061181944,2.5150598e-06
ISIC_0032724,HAM_0004811,mel,2,2.565038e-06,4.6537643e-06,1.5318828e-05,2.1879017e-05,0.9975594,0.0023919493,4.179763e-06
ISIC_0033129,HAM_0004811,mel,2,2.1041951e-06,7.833318e-06,7.6071556e-06,1.1111667e-05,0.99873585,0.0012303166,5.087292e-06
ISIC_0034262,HAM_0000097,mel,2,0.000112531816,0.00022118891,0.0020038108,0.00015962787,0.9706643,0.0267929,4.555585e-05
ISIC_0033103,HAM_0000097,mel,2,0.00020277582,0.0001180473,0.0035680581,0.000121082965,0.9565472,0.03940438,3.8474343e-05
ISIC_0034106,HAM_0000097,mel,2,0.0011328692,0.00036778874,0.021188624,0.00028981056,0.9232301,0.05373843,5.23677e-05
ISIC_0033240,HAM_0005303,mel,2,0.0012548883,0.000802343,0.009856012,0.00020445517,0.9569635,0.03088194,3.6872203e-05
ISIC_0032782,HAM_0005303,mel,2,0.00012624825,6.274203e-05,0.0017191382,5.723895e-05,0.9876602,0.010367731,6.822879e-06
ISIC_0032522,HAM_0005303,mel,2,0.0123136435,0.0013626263,0.025660703,0.00044238,0.87161815,0.0885212,8.119525e-05
ISIC_0032718,HAM_0003202,mel,2,1.5089698e-05,0.0003711658,0.001088257,9.876755e-06,0.9942215,0.004291548,2.6376056e-06
ISIC_0032736,HAM_0003202,mel,2,5.305997e-06,0.00012569733,0.00039761656,5.5497876e-06,0.9978607,0.0016032294,1.7982366e-06
ISIC_0033911,HAM_0005711,mel,2,0.0009191544,0.0007605189,0.0025929813,0.20760158,0.4989839,0.28710258,0.0020392332
ISIC_0033779,HAM_0005711,mel,2,3.4881003e-05,4.9382623e-05,0.0011790333,0.031711746,0.93038017,0.036499992,0.00014486039
ISIC_0032638,HAM_0005711,mel,2,6.2712206e-05,0.00012717793,0.00078058254,0.04900555,0.74517065,0.20451564,0.00033769722
ISIC_0033848,HAM_0000002,mel,2,2.7708172e-06,1.7137322e-06,1.224932e-05,6.62839e-05,0.9811553,0.018759485,2.0915227e-06
ISIC_0032622,HAM_0000002,mel,2,9.881424e-06,4.695084e-06,6.356003e-05,0.00010236525,0.9659729,0.03383762,9.032354e-06
ISIC_0034246,HAM_0000002,mel,2,1.1828588e-06,1.2061886e-06,3.070059e-05,2.6242872e-06,0.99695957,0.003004234,5.947788e-07
ISIC_0033624,HAM_0007574,mel,2,0.0024653694,0.0025238341,0.21593943,0.00052082265,0.52822864,0.25000536,0.0003165125
ISIC_0033238,HAM_0007574,mel,2,0.00022848438,0.006850676,0.06051033,0.00021255529,0.8072508,0.124766864,0.00018039334
ISIC_0034089,HAM_0007574,mel,2,7.2035866e-05,0.00016586072,0.0060206186,1.2991216e-05,0.9832792,0.010443412,5.8327714e-06
ISIC_0032797,HAM_0001863,mel,2,0.0053022928,0.00019107238,0.0012927379,6.2886036e-05,0.98414385,0.008993118,1.4114232e-05
ISIC_0032596,HAM_0001863,mel,2,0.00026435338,3.96976e-05,0.00028374832,5.1072377e-05,0.99664515,0.0027132435,2.654384e-06
ISIC_0032856,HAM_0001863,mel,2,0.0019439406,7.658043e-05,0.0010748572,5.0517807e-05,0.9896814,0.007168158,4.5543184e-06
ISIC_0033193,HAM_0001863,mel,2,3.0697996e-05,1.2782432e-06,0.00010579488,3.6771103e-06,0.9963888,0.0034693987,3.4538098e-07
ISIC_0033125,HAM_0001863,mel,2,0.00011126073,3.0986634e-05,0.00023646082,3.1107917e-05,0.99695635,0.0026331572,7.0356134e-07
ISIC_0032810,HAM_0001863,mel,2,0.00017161614,1.3415786e-05,0.00020162166,7.43901e-05,0.9899567,0.009573409,8.954313e-06
ISIC_0033141,HAM_0005274,mel,2,6.2663654e-05,1.2558023e-05,0.0003012963,0.00021281811,0.9034296,0.09596761,1.3367946e-05
ISIC_0033261,HAM_0005274,mel,2,8.306406e-05,5.0768454e-06,5.4156484e-05,0.00017060289,0.9850734,0.014611058,2.6857806e-06
ISIC_0032766,HAM_0005274,mel,2,0.00047534073,0.00020644776,0.012075032,0.0010870037,0.54098195,0.44499964,0.00017452688
ISIC_0033166,HAM_0005249,mel,2,5.399223e-05,4.7834466e-05,0.0007220554,9.383844e-05,0.8924545,0.10658849,3.9347557e-05
ISIC_0033320,HAM_0005249,mel,2,8.339946e-05,0.00027452662,0.0020554124,0.00012158274,0.6299082,0.36742222,0.00013457984
ISIC_0032526,HAM_0005249,mel,2,1.315736e-05,3.2437816e-05,0.0025220835,7.098923e-05,0.76354796,0.2337804,3.3013053e-05
ISIC_0033387,HAM_0001105,mel,2,0.00012968073,5.698625e-05,0.00436526,6.914248e-05,0.900566,0.094548896,0.00026401688
ISIC_0025592,HAM_0001105,mel,2,0.00022426664,0.00015933978,0.0027078888,0.00023365635,0.90666044,0.089947045,6.733706e-05
ISIC_0032552,HAM_0001105,mel,2,0.0010115857,0.00027709283,0.3848776,0.0003368592,0.37449616,0.23850964,0.0004910854
ISIC_0032730,HAM_0004284,mel,2,1.0653416e-05,4.0278164e-06,4.0441842e-05,7.1244804e-06,0.9840917,0.015844347,1.6273849e-06
ISIC_0032709,HAM_0004284,mel,2,2.4660554e-05,2.5000027e-05,0.0002579746,9.054409e-06,0.9221856,0.07749272,5.0003196e-06
ISIC_0033206,HAM_0004284,mel,2,2.8700253e-05,1.7750916e-05,0.00050117343,1.5757187e-05,0.988725,0.01070837,3.1149177e-06
ISIC_0033518,HAM_0002952,mel,2,3.8658454e-05,1.07981505e-05,0.00013142002,6.493068e-05,0.9935726,0.006179448,2.2196368e-06
ISIC_0033843,HAM_0002952,mel,2,3.1425945e-05,2.9982368e-06,0.0003022655,0.0001303842,0.9857415,0.013788885,2.55453e-06
ISIC_0033878,HAM_0003351,mel,2,2.1464894e-05,1.4354665e-05,0.017942624,1.2943055e-05,0.979634,0.0023673908,7.1478335e-06
ISIC_0033607,HAM_0005627,mel,2,0.0012669893,0.0010565436,0.0013659344,0.0009242374,0.64551073,0.34958982,0.00028575675
ISIC_0033568,HAM_0005627,mel,2,0.00089331646,0.00046571493,0.00064658123,0.00032008087,0.79722023,0.20039122,6.2781946e-05
ISIC_0027234,HAM_0005681,mel,2,0.00035460587,8.656112e-05,0.11517524,0.00052305096,0.8394803,0.044144593,0.00023575753
ISIC_0033807,HAM_0001974,mel,2,0.0012218391,0.010884817,0.0012123307,0.0004037075,0.9822151,0.003955717,0.0001065548
ISIC_0033533,HAM_0001974,mel,2,9.845848e-06,0.00010574951,0.00024671678,4.570492e-05,0.99888355,0.0006937104,1.4694016e-05
ISIC_0034173,HAM_0005021,mel,2,0.00022356451,0.00016039971,0.0039032442,0.00026861895,0.6211871,0.373837,0.00042012802
ISIC_0033454,HAM_0005021,mel,2,3.2329153e-05,1.6641623e-05,0.001129118,5.2475403e-05,0.17587556,0.82282656,6.724827e-05
ISIC_0031741,HAM_0006400,mel,2,0.0002190351,0.00016372961,0.0009816472,0.00023316163,0.729825,0.26848766,8.971643e-05
ISIC_0033752,HAM_0000079,mel,2,0.019909553,0.0011713909,0.3819544,0.014752241,0.35602066,0.2256385,0.0005533259
ISIC_0033424,HAM_0000079,mel,2,0.03597165,0.0035651557,0.50291765,0.026797201,0.34262526,0.08620727,0.001915759
ISIC_0031186,HAM_0000988,mel,2,0.17538653,1.0026346e-05,0.016409354,3.965497e-05,0.80781734,0.0003326761,4.3460996e-06
ISIC_0024806,HAM_0000373,mel,2,0.0009499729,0.00013887604,0.008748594,0.0010211645,0.945769,0.043293998,7.83602e-05
ISIC_0025520,HAM_0005600,mel,2,1.7778943e-06,2.3738007e-06,1.48570825e-05,1.3713744e-05,0.9304267,0.06953938,1.1843331e-06
ISIC_0024449,HAM_0001950,mel,2,2.6980325e-07,3.7900017e-07,1.2661558e-05,4.405732e-06,0.9955309,0.0044509606,5.160122e-07
ISIC_0027622,HAM_0006467,mel,2,1.1636295e-05,4.5397515e-05,3.6194055e-05,8.030002e-05,0.75332665,0.24648754,1.2242463e-05
ISIC_0026352,HAM_0001444,mel,2,0.00013562043,0.00018321152,0.00012228377,0.00021714452,0.47915623,0.52011913,6.635482e-05
ISIC_0024688,HAM_0001444,mel,2,8.17643e-05,0.00014266245,7.062303e-05,0.00014378135,0.6322029,0.367323,3.5235134e-05
ISIC_0026438,HAM_0004850,mel,2,1.0744271e-05,3.5714063e-05,2.6592326e-05,0.00012260194,0.030264542,0.9694933,4.639832e-05
ISIC_0028126,HAM_0004850,mel,2,1.1219999e-05,4.6778896e-05,4.1850508e-05,0.00024678514,0.014497917,0.98511165,4.3858963e-05
ISIC_0027669,HAM_0002711,mel,2,0.0003479876,5.484498e-05,0.11615883,0.0029595483,0.7953535,0.08498361,0.00014170245
ISIC_0031795,HAM_0002711,mel,2,0.00017182379,9.017832e-06,0.03458437,0.0007412838,0.8729841,0.09147429,3.5113262e-05
ISIC_0025313,HAM_0001378,mel,2,0.00012452247,0.0002061064,0.0006480063,0.0003865645,0.14536256,0.8530023,0.00026986553
ISIC_0024701,HAM_0000917,mel,2,8.139317e-05,0.00014063479,0.00087505905,0.00036692253,0.7847492,0.21370208,8.480096e-05
ISIC_0030390,HAM_0000917,mel,2,0.0005210101,0.0006187148,0.00076401077,0.0006929277,0.38659945,0.6105867,0.0002171893
ISIC_0027407,HAM_0000373,mel,2,0.0005521131,0.00019724686,0.01692597,0.0009237129,0.9036013,0.077731706,6.790093e-05
ISIC_0031999,HAM_0003531,mel,2,0.005404562,0.19888213,0.011352422,0.008841275,0.5610565,0.21233007,0.0021330565
ISIC_0028543,HAM_0004669,mel,2,0.002526621,3.2735064e-05,0.01936571,0.00027089412,0.73813665,0.23963788,2.9458368e-05
ISIC_0024525,HAM_0005540,mel,2,0.00036237753,4.913835e-05,0.07481433,0.000118338125,0.81381106,0.11078459,6.0205566e-05
ISIC_0029089,HAM_0000624,mel,2,0.9333638,0.00045468152,0.013820439,0.008758037,0.042187136,0.0013788046,3.7104484e-05
ISIC_0032420,HAM_0003055,mel,2,0.00036119207,4.2677326e-05,0.008382833,0.0001629611,0.97747725,0.013513984,5.9135986e-05
ISIC_0026266,HAM_0002436,mel,2,0.0003061557,0.00068993255,0.035979167,0.0012120523,0.74487287,0.21677037,0.00016940579
ISIC_0029744,HAM_0003782,mel,2,3.0005444e-06,0.00018985386,1.1983841e-05,0.0005190457,0.9981286,0.0011272143,2.0385203e-05
ISIC_0025127,HAM_0002436,mel,2,0.00023621746,0.00066898955,0.038957305,0.00017349678,0.9006271,0.05928689,5.0097522e-05
ISIC_0026811,HAM_0002525,mel,2,0.0024963121,0.00022747993,0.122292556,0.00065823505,0.75796324,0.11601063,0.00035164034
ISIC_0027742,HAM_0005203,mel,2,0.00012665353,1.2418529e-05,0.00030471745,0.00036505537,0.5190807,0.48007113,3.931214e-05
ISIC_0031529,HAM_0001657,mel,2,4.1643525e-05,4.6275592e-05,0.0059494856,0.00023363388,0.043491367,0.95008063,0.00015685437
ISIC_0032192,HAM_0007070,mel,2,0.0001417621,3.2551045e-06,0.00014406485,3.747162e-05,0.99752945,0.002141972,2.0852983e-06
ISIC_0031670,HAM_0006130,mel,2,3.0032757e-05,6.806743e-06,0.011053384,0.00023052853,0.97765654,0.011010291,1.2373659e-05
ISIC_0030653,HAM_0003957,mel,2,0.0015072998,0.055116042,0.116965875,0.0005534226,0.023023514,0.8008794,0.0019544042
ISIC_0025409,HAM_0001877,mel,2,0.0007399087,0.027737765,0.0025800143,0.005917257,0.8388019,0.12370653,0.0005165395
ISIC_0030255,HAM_0002817,mel,2,0.0011683184,0.0019527475,0.032294646,0.0007426284,0.7695453,0.19343479,0.000861464
ISIC_0029495,HAM_0002817,mel,2,0.00039016875,0.00021089175,0.012882817,0.0003228301,0.8393705,0.14671786,0.00010501249
ISIC_0031350,HAM_0003435,mel,2,0.09013895,0.004058309,0.01726222,0.002249983,0.6070304,0.2773765,0.0018836065
ISIC_0026870,HAM_0003587,mel,2,0.00017885772,6.389836e-05,0.011461478,0.00024162138,0.96732885,0.020673143,5.2050564e-05
ISIC_0025105,HAM_0006955,mel,2,0.0012108501,2.0793177e-05,0.00034220365,0.0005686235,0.9545543,0.043271516,3.1705804e-05
ISIC_0031410,HAM_0003782,mel,2,0.0002132672,0.007114356,0.00040788422,0.021317469,0.9543596,0.0108203245,0.00576701
ISIC_0032207,HAM_0000513,mel,2,0.0018704877,0.0038832328,0.031559758,0.0014202155,0.06347291,0.8961199,0.0016734228
ISIC_0030083,HAM_0005746,mel,2,6.491447e-05,2.2917613e-06,5.5253844e-05,4.8146216e-05,0.9942952,0.0055324337,1.7503039e-06
ISIC_0030002,HAM_0005746,mel,2,0.00048403937,0.00017124644,0.00861759,0.005657766,0.913588,0.071418114,6.324462e-05
ISIC_0029271,HAM_0005783,mel,2,0.00065401295,0.0019793997,0.5640469,0.006138802,0.3713588,0.055413593,0.00040847223
ISIC_0031821,HAM_0003957,mel,2,0.0013788651,0.005496289,0.043592013,0.0010971819,0.03339053,0.9117823,0.0032628097
ISIC_0024630,HAM_0007511,mel,2,1.4833995e-05,1.2540368e-05,0.0007915337,5.0873572e-05,0.9565998,0.0425255,4.9882137e-06
ISIC_0024333,HAM_0007511,mel,2,0.00015313108,0.00076262257,0.09310198,0.0012330327,0.6166616,0.2878967,0.00019094732
ISIC_0025128,HAM_0006899,mel,2,0.00040636203,0.00058208674,0.019849148,0.00014181311,0.82930076,0.14926738,0.00045244503
ISIC_0026045,HAM_0005909,mel,2,0.13048555,0.0012374582,0.20150876,0.0070449943,0.6188749,0.040462036,0.0003863533
ISIC_0025550,HAM_0006899,mel,2,0.00025735548,0.07434517,0.02065247,0.00042265322,0.13022524,0.77318287,0.0009141882
ISIC_0030925,HAM_0002613,mel,2,0.0034092607,8.844627e-05,0.07495047,0.00022322417,0.8378926,0.08328731,0.00014869936
ISIC_0030604,HAM_0002613,mel,2,0.0010182646,6.6114744e-06,0.0022416748,1.39419235e-05,0.9797539,0.016956663,9.001584e-06
ISIC_0024958,HAM_0002613,mel,2,0.017151333,0.00085183245,0.49226123,0.0009282744,0.3781677,0.11005307,0.00058659987
ISIC_0025188,HAM_0002525,mel,2,0.0018728602,0.00010555642,0.44722098,0.00016802106,0.48545375,0.065060556,0.00011821758
ISIC_0032745,HAM_0000494,vasc,2,0.00030143975,0.010553726,0.03405953,0.0029163887,0.78836054,0.10679724,0.057011135
ISIC_0032557,HAM_0000494,vasc,2,0.00030507136,0.0071918373,0.0044786152,0.003760339,0.823185,0.029938797,0.1311402
ISIC_0033092,HAM_0000494,vasc,2,0.00012245722,0.023709496,0.0060579637,0.0042003286,0.43012202,0.024006551,0.51178116
ISIC_0031648,HAM_0005989,vasc,2,2.8760742e-06,2.3158544e-05,4.284539e-05,6.900373e-05,0.0010730939,6.0068687e-05,0.99872893
ISIC_0033565,HAM_0005989,vasc,2,1.3545565e-08,9.5147396e-07,2.8848783e-07,7.826611e-07,9.675462e-06,7.5795383e-06,0.9999808
ISIC_0033123,HAM_0005989,vasc,2,4.0503926e-07,2.1581029e-05,3.3257575e-06,3.9726438e-06,0.00011315936,0.00038931656,0.99946827
ISIC_0033749,HAM_0001852,vasc,2,0.00026790416,0.0006168424,0.017725648,0.00034131872,0.92279327,0.021230368,0.037024688
ISIC_0034196,HAM_0001852,vasc,2,2.6733052e-05,0.0003719328,0.00292405,5.2545627e-05,0.9409551,0.005409756,0.050259918
ISIC_0032270,HAM_0005270,vasc,2,3.905105e-06,0.00041097598,0.00019186959,0.00028690742,0.027546005,0.9615936,0.009966765
ISIC_0031950,HAM_0005158,vasc,2,2.9364985e-05,0.001162716,0.0018616472,0.00022082732,0.0023822458,0.015755726,0.97858745
ISIC_0027159,HAM_0004877,vasc,2,0.00025131303,0.20661516,0.0057872813,0.048503652,0.20671609,0.2774886,0.25463787
ISIC_0028188,HAM_0004877,vasc,2,0.0013993633,0.03096003,0.052280467,0.45009327,0.11378056,0.3039541,0.04753223
ISIC_0031719,HAM_0007020,vasc,2,0.0044559794,0.00038519897,0.07004443,0.0015749253,0.036161568,0.8735516,0.013826279
ISIC_0030070,HAM_0007020,vasc,2,0.0005001554,0.0014303867,0.00084582245,0.0008591422,0.0033501966,0.0037047097,0.98930955
ISIC_0026336,HAM_0006406,vasc,2,9.409889e-05,0.00038360743,0.00019383407,0.00010538576,0.0005452161,0.00030944363,0.9983683
ISIC_0031201,HAM_0004549,vasc,2,2.5602525e-05,0.00016678647,2.7954597e-05,7.2863615e-05,0.00015290249,0.000107685446,0.9994462
ISIC_0025677,HAM_0004097,vasc,2,1.4003426e-05,0.00015442255,3.6750276e-05,2.4385523e-05,0.00012915093,6.8591544e-05,0.9995728
ISIC_0025596,HAM_0005938,vasc,2,6.284854e-06,7.574713e-05,3.1238716e-05,1.5555164e-05,0.00034147,0.00033474277,0.9991949
ISIC_0027563,HAM_0002788,vasc,2,2.8177556e-07,1.02983995e-05,1.816001e-06,5.0931008e-06,1.3589972e-05,9.273466e-05,0.99987626
ISIC_0029742,HAM_0002650,vasc,2,1.0631937e-05,0.000179212,3.8662805e-05,3.889001e-05,8.653441e-05,0.00012227165,0.9995239
ISIC_0025628,HAM_0005475,vasc,2,2.731293e-07,7.106282e-06,1.5383428e-06,6.251993e-07,1.3237443e-05,1.6514534e-05,0.9999608
ISIC_0024370,HAM_0001780,vasc,2,9.757083e-07,7.638299e-05,7.2377807e-06,7.2095636e-06,5.458846e-05,0.00011200824,0.9997416
ISIC_0025250,HAM_0004769,vasc,2,3.6466786e-06,8.488332e-05,7.3953247e-06,9.951496e-06,2.8101105e-05,7.54968e-05,0.9997906
ISIC_0026349,HAM_0003829,vasc,2,1.052999e-07,1.2360834e-06,4.263455e-07,8.0590723e-07,1.5213781e-05,2.9211005e-05,0.9999529
ISIC_0028155,HAM_0000781,bcc,2,0.01417079,0.38226143,0.0087303715,0.004467755,0.5693767,0.0027795157,0.018213432
ISIC_0024590,HAM_0004511,bcc,2,0.00011921377,0.9986118,0.00019050307,4.6231096e-05,0.0007016111,0.00025735324,7.3302166e-05
ISIC_0025932,HAM_0007262,bcc,2,9.952017e-07,0.99999213,7.9035067e-07,3.8138595e-08,3.2951637e-06,2.3757361e-06,3.4663003e-07
ISIC_0028747,HAM_0007262,bcc,2,5.0537224e-06,0.99992704,2.7050626e-06,4.9843544e-07,3.6352743e-05,1.1103212e-05,1.7230614e-05
ISIC_0028994,HAM_0000687,bcc,2,0.6144937,0.25516042,0.11092837,0.0009130908,0.017861847,0.00055490027,8.762666e-05
ISIC_0027365,HAM_0002346,bcc,2,0.0017427835,0.97709614,0.014599275,0.0012285985,0.0011552892,0.004036295,0.00014152787
ISIC_0026343,HAM_0002346,bcc,2,0.0020873044,0.9854515,0.003972629,0.0029608689,0.0007641361,0.004153128,0.0006104135
ISIC_0029341,HAM_0002346,bcc,2,0.0008551353,0.07942033,0.8740974,6.6979366e-05,0.00014459198,0.045385107,3.0426749e-05
ISIC_0025383,HAM_0001907,bcc,2,0.00026418897,0.92794436,0.0014101753,0.00040362764,0.021695664,0.048180964,0.00010106128
ISIC_0025513,HAM_0001907,bcc,2,0.0031842825,0.5767712,0.008800676,0.0769318,0.19357187,0.13467383,0.006066357
ISIC_0031272,HAM_0006384,bcc,2,0.00016008911,0.9830221,0.009133241,5.037427e-05,0.006127279,0.001425466,8.144674e-05
ISIC_0030010,HAM_0006548,bcc,2,4.0975638e-06,0.9817691,0.00010403919,3.0874293e-05,0.00019173147,0.0069937734,0.01090647
ISIC_0029201,HAM_0000009,bcc,2,7.277513e-05,0.017938392,0.0027792945,0.001614828,0.033415288,0.012815297,0.93136406
ISIC_0026439,HAM_0000009,bcc,2,0.0060626883,0.9006619,0.024830319,0.009417626,0.014220611,0.025092363,0.019714465
ISIC_0029779,HAM_0000009,bcc,2,0.0024187542,0.20664588,0.127513,0.03115319,0.10653461,0.06972652,0.45600805
ISIC_0030349,HAM_0006572,bcc,2,5.0704686e-05,0.9991799,0.00029666984,0.0001287225,6.347383e-05,0.00023884696,4.1708532e-05
ISIC_0026091,HAM_0006572,bcc,2,1.5323723e-05,0.99982905,6.8075205e-05,2.110932e-05,1.5903059e-05,4.729267e-05,3.1870306e-06
ISIC_0034160,HAM_0006572,bcc,2,0.00047286,0.8616564,0.02685228,0.061390497,0.009516216,0.036617685,0.0034939891
ISIC_0027297,HAM_0003186,bcc,2,0.031821538,0.7555921,0.0079394,0.0018765873,0.12516716,0.07726401,0.0003390924
ISIC_0032959,HAM_0003427,bcc,2,0.0008216463,0.10771957,0.0062030368,0.0062516886,0.56828165,0.24441491,0.06630742
ISIC_0034123,HAM_0006586,bcc,2,0.00011185096,0.99833775,0.0004911057,2.6027652e-05,0.00096153835,6.659387e-05,4.9674636e-06
ISIC_0034026,HAM_0006586,bcc,2,0.00037720747,0.99037826,0.0021717395,0.00035366218,0.0062321885,0.0004110574,7.574153e-05
ISIC_0025102,HAM_0007248,bcc,2,9.324251e-06,0.99913955,0.00010172437,2.228051e-05,0.0001570162,0.0005599421,1.0200761e-05
ISIC_0032850,HAM_0007248,bcc,2,3.332548e-05,0.9935668,0.00026315113,0.0003489592,0.0008117507,0.0048550153,0.0001209509
ISIC_0030712,HAM_0007248,bcc,2,6.0074843e-05,0.9968823,0.00025866975,0.0001446761,0.0011371324,0.0014742557,4.284978e-05
ISIC_0029392,HAM_0002983,bcc,2,0.00016906271,0.9998178,5.692539e-06,3.7042062e-06,7.995276e-07,2.62155e-06,3.4387256e-07
ISIC_0024632,HAM_0001666,bcc,2,0.07390796,0.9163501,0.003615544,0.0013197336,8.01904e-05,0.0046018264,0.00012468743
ISIC_0026668,HAM_0001666,bcc,2,0.0037810046,0.9691084,0.010034849,0.00027004397,0.0009046691,0.015841085,5.9902934e-05
ISIC_0026716,HAM_0000504,bcc,2,0.0004518751,0.9990676,6.5353575e-05,3.4641293e-05,0.00017747603,0.00019152291,1.1535591e-05
ISIC_0025971,HAM_0000504,bcc,2,3.934606e-05,0.9994636,6.0762097e-05,1.1294875e-05,5.505504e-05,0.00035316858,1.6758077e-05
ISIC_0028765,HAM_0004511,bcc,2,2.5656009e-05,0.9995797,8.28186e-05,1.2800257e-05,0.00021471024,7.153367e-05,1.2800257e-05
ISIC_0026496,HAM_0005757,bcc,2,2.2151023e-06,0.99931955,6.219406e-05,1.3126007e-05,9.409661e-05,0.00044628722,6.255955e-05
ISIC_0025433,HAM_0005410,bcc,2,0.00073141203,0.94879276,0.0006404458,0.00063051656,0.041646354,0.007091661,0.00046673339
ISIC_0029412,HAM_0002024,bcc,2,0.012765932,0.9788512,0.0019822475,0.0019572412,0.0022243517,0.0014630456,0.0007560589
ISIC_0030511,HAM_0005599,bcc,2,2.1865912e-05,0.999887,1.5565938e-05,2.877028e-05,9.294846e-06,2.0501042e-05,1.7029188e-05
ISIC_0030813,HAM_0006465,bcc,2,6.655275e-05,0.9996718,2.143837e-05,4.2056352e-05,5.5988326e-05,0.000102376674,3.9818155e-05
ISIC_0025940,HAM_0001503,bcc,2,0.8513831,0.0008402665,0.008139394,0.00011952479,0.13817249,0.0012118822,0.00013333953
ISIC_0031122,HAM_0003389,bcc,2,0.00012637425,0.9983479,0.0006803432,6.467184e-05,0.000101941994,0.00061239203,6.646461e-05
ISIC_0025826,HAM_0005585,bcc,2,0.0010305758,0.98767346,0.002101224,0.00070210575,0.00035200812,0.0076224227,0.00051820616
ISIC_0025601,HAM_0001528,bcc,2,0.005239887,0.7213357,0.17403036,9.439176e-05,0.001228882,0.09800426,6.64129e-05
ISIC_0032461,HAM_0001528,bcc,2,0.0034342192,0.9582774,0.034330554,0.00013426907,0.0002881605,0.0035088,2.6698606e-05
ISIC_0031925,HAM_0001707,bcc,2,0.021460958,0.9676099,0.008713452,0.0010467891,6.268067e-05,0.0005741535,0.0005320433
ISIC_0029644,HAM_0005184,bcc,2,0.0001513538,0.9990319,0.0003093471,5.9155347e-05,8.5567684e-05,0.0003257798,3.694624e-05
ISIC_0031552,HAM_0006588,bcc,2,4.6341374e-05,0.9970913,0.00064852915,0.000112917805,0.00029060725,0.0014513937,0.000358852
ISIC_0024564,HAM_0002666,bcc,2,0.0013611465,0.99239796,0.0008796809,0.0031655328,0.001436254,0.0005586134,0.00020074192
ISIC_0025322,HAM_0002666,bcc,2,0.0003028492,0.99831176,0.00057051284,0.00050692935,6.8571935e-05,0.00021183614,2.7543707e-05
ISIC_0030915,HAM_0003043,bcc,2,0.009918976,0.97967726,0.009272629,9.7909244e-05,2.1507807e-05,0.0009970907,1.4667049e-05
ISIC_0029053,HAM_0002812,bcc,2,0.923127,0.0663507,0.008686336,0.0014028543,8.109963e-05,0.000110417874,0.00024164634
ISIC_0030352,HAM_0001129,bcc,2,0.00010275536,0.9994578,5.1216506e-05,6.9595684e-05,0.0001663005,0.00012025057,3.2175918e-05
ISIC_0025509,HAM_0002269,bcc,2,1.0786488e-06,0.998481,7.5755643e-06,5.0169315e-06,8.719421e-06,0.0013469418,0.00014972714
ISIC_0024443,HAM_0002269,bcc,2,4.3414115e-05,0.9943526,0.000104552666,0.000105578685,0.00012010457,0.0012159783,0.004057743
ISIC_0030249,HAM_0003444,bcc,2,0.12084173,0.6687559,0.13793822,0.036283266,0.022628013,0.013373964,0.00017886153
ISIC_0028687,HAM_0003444,bcc,2,0.10954405,0.77689964,0.10617374,0.00433549,0.0009702168,0.0020063694,7.041968e-05
ISIC_0027120,HAM_0003444,bcc,2,0.057026405,0.938512,0.002761247,0.001024273,0.0003280174,0.00030336645,4.46532e-05
ISIC_0027788,HAM_0002812,bcc,2,0.0001684047,0.9993362,9.586044e-05,0.00023266792,2.0690823e-05,0.00012975237,1.6431852e-05
ISIC_0025031,HAM_0002934,bcc,2,8.535774e-05,0.9985291,0.00017772714,0.0003476332,4.551058e-05,0.00072205765,9.265494e-05
ISIC_0026957,HAM_0001369,bcc,2,0.0007480358,0.9027076,0.025770912,0.00063484977,0.0053572217,0.06400199,0.0007793548
ISIC_0025564,HAM_0004161,bcc,2,0.029389061,0.47477883,0.22372279,0.03261024,0.06301154,0.17611724,0.00037031516
ISIC_0025775,HAM_0004516,nv,2,3.4123484e-06,8.612219e-06,4.860132e-05,0.00012552479,3.0206731e-05,0.99978083,2.8400084e-06
ISIC_0025384,HAM_0002623,nv,2,4.5837805e-05,0.00017743863,0.00035356876,0.0015524199,0.0021951501,0.9939918,0.0016839021
ISIC_0029624,HAM_0006489,nv,2,4.3916883e-05,2.0826059e-05,9.0287765e-05,0.0005067915,0.024311507,0.97492063,0.00010597024
ISIC_0026824,HAM_0004408,nv,2,4.406328e-06,6.601775e-06,3.5480352e-05,5.1014563e-06,0.0003833169,0.99956244,2.693534e-06
ISIC_0025320,HAM_0006653,nv,2,0.000117915035,4.139207e-05,0.00040836108,0.00021751528,0.005604317,0.99353725,7.321511e-05
ISIC_0031403,HAM_0006421,nv,2,5.8044116e-06,4.5833924e-05,3.9050992e-05,0.00012206048,0.0019776663,0.9977976,1.2073828e-05
ISIC_0030517,HAM_0005093,nv,2,2.3565212e-06,2.9099156e-06,4.104251e-05,6.447442e-05,0.0011739437,0.998708,7.2585967e-06
ISIC_0031486,HAM_0005487,nv,2,1.05663894e-07,6.405451e-05,4.139711e-05,0.00014936818,0.00024304113,0.99949753,4.4232866e-06
ISIC_0025723,HAM_0005552,nv,2,0.0008484125,0.00021325905,0.00073855463,0.00052627706,0.0147332065,0.98269534,0.00024498074
ISIC_0027278,HAM_0007236,nv,2,1.0266097e-06,3.7186887e-06,3.3567772e-05,0.00013744645,2.1312965e-06,0.99981374,8.4955545e-06
ISIC_0028090,HAM_0005407,nv,2,5.8450623e-05,8.0992315e-05,0.00097590755,0.00026349694,0.0074708816,0.9909938,0.00015642199
ISIC_0031371,HAM_0001079,nv,2,2.570959e-05,7.720571e-05,0.0002645205,0.0035513628,0.028975554,0.9670643,4.1244602e-05
ISIC_0031100,HAM_0006178,nv,2,1.0417067e-06,1.7619135e-05,0.00043587678,0.00059453776,7.934999e-05,0.9987882,8.3402054e-05
ISIC_0031297,HAM_0003323,nv,2,0.00032942224,8.771546e-05,0.0033302975,0.00038213652,0.0012723982,0.99454015,5.7863257e-05
ISIC_0029997,HAM_0000526,nv,2,0.0004838479,0.0017305329,0.0015153051,0.0014137998,0.18158971,0.8122406,0.0010263086
ISIC_0030421,HAM_0007183,nv,2,7.078802e-05,0.00048754236,0.0006848645,0.001241341,0.002166951,0.9872301,0.00811831
ISIC_0026755,HAM_0001931,nv,2,9.947362e-07,3.1990065e-05,5.0131228e-05,0.00018141314,0.00017150708,0.99952435,3.9618357e-05
ISIC_0031966,HAM_0005792,nv,2,1.6535774e-05,0.0012148807,0.00032034333,0.00016489862,0.00023186403,0.99783045,0.00022103025
ISIC_0026038,HAM_0000724,nv,2,6.367753e-06,3.671553e-05,0.008983993,9.449173e-05,0.0019362954,0.98892295,1.919716e-05
ISIC_0028917,HAM_0003349,nv,2,1.2040883e-05,2.5690475e-05,0.00016834291,0.0001641224,0.014193983,0.9854048,3.0988627e-05
ISIC_0032087,HAM_0001323,nv,2,2.987343e-05,0.00013652403,0.00037020587,0.00017427618,0.0037152884,0.9955314,4.254171e-05
ISIC_0027808,HAM_0006668,nv,2,5.615125e-05,2.5909545e-05,0.0002627013,0.00014366757,0.0017096852,0.9976973,0.000104597464
ISIC_0027854,HAM_0002105,nv,2,1.1698574e-05,3.513073e-05,0.00019671039,3.326111e-05,0.00026489672,0.9994253,3.3002267e-05
ISIC_0027339,HAM_0000776,nv,2,1.3075481e-05,3.8430975e-05,0.0005711171,0.0044681206,0.0013582158,0.99353045,2.0731955e-05
ISIC_0028339,HAM_0000472,nv,2,8.954913e-06,1.85184e-05,2.3685394e-05,1.4506895e-05,0.00017949958,0.99973863,1.6215254e-05
ISIC_0030642,HAM_0007023,nv,2,2.4431072e-06,1.3467802e-05,9.190101e-05,0.00019274607,5.884526e-05,0.9996351,5.592328e-06
ISIC_0025675,HAM_0000557,nv,2,0.0011487899,0.00033171521,0.03701656,0.0010247526,0.047483806,0.912733,0.0002613853
ISIC_0029293,HAM_0000580,nv,2,9.573698e-06,1.8274448e-05,8.8038076e-05,0.00021222612,0.0013961048,0.9981981,7.769334e-05
ISIC_0026036,HAM_0003038,nv,2,2.7681868e-05,8.814478e-05,0.0011475529,0.0034368504,0.042228714,0.95178086,0.0012902283
ISIC_0026214,HAM_0002256,nv,2,2.9285202e-05,5.4278084e-06,0.001268559,8.285742e-05,0.0014765926,0.9971227,1.44972255e-05
ISIC_0030888,HAM_0005838,nv,2,1.3824458e-06,5.4251295e-06,5.8553916e-05,0.010921228,0.00011793614,0.9888748,2.0634807e-05
ISIC_0025501,HAM_0003483,nv,2,2.0005068e-06,1.3302233e-05,0.0031150067,0.0013293216,0.00043559002,0.9950897,1.51028735e-05
ISIC_0026399,HAM_0003344,nv,2,1.3415868e-07,2.3274742e-06,1.3211819e-05,2.7585513e-06,4.335574e-06,0.9999763,8.93823e-07
ISIC_0029290,HAM_0005226,nv,2,1.0035874e-05,1.4125236e-05,0.00097490306,5.613984e-05,0.0004581566,0.9984692,1.7408303e-05
ISIC_0029336,HAM_0005863,nv,2,7.2858375e-06,4.4805845e-05,0.0008629411,1.0294764e-05,0.0044038272,0.9946549,1.5944843e-05
ISIC_0026585,HAM_0006507,nv,2,5.0420662e-05,7.236547e-05,0.0075786957,0.00013336066,0.00024721166,0.9916443,0.00027363835
ISIC_0026169,HAM_0006785,nv,2,3.8411406e-05,2.1254265e-05,0.0007588112,6.4705026e-05,0.00020333573,0.99886024,5.332896e-05
ISIC_0025813,HAM_0001915,nv,2,6.985723e-06,3.8963237e-05,0.00016548946,8.77193e-05,0.0041246144,0.99555534,2.0978077e-05
ISIC_0027422,HAM_0002539,nv,2,5.967749e-05,2.95425e-05,0.0001336996,0.00063846837,0.0049248096,0.99416465,4.9281498e-05
ISIC_0029561,HAM_0005046,nv,2,8.8573426e-05,0.00017927305,0.005453152,9.0673886e-05,0.001441946,0.9925679,0.00017857413
ISIC_0028054,HAM_0004890,nv,2,4.948169e-06,3.6562295e-05,0.00020115901,0.00092426426,0.00041386147,0.99835217,6.711714e-05
ISIC_0030235,HAM_0002896,nv,2,1.4124387e-06,1.9727953e-05,0.0012325027,5.9185066e-05,0.00010087402,0.9985582,2.809389e-05
ISIC_0030968,HAM_0006194,nv,2,1.16164365e-05,7.530613e-05,0.05028529,0.0025679378,7.0330265e-05,0.9469624,2.7114733e-05
ISIC_0029015,HAM_0002321,nv,2,1.0224202e-06,3.965537e-06,5.6452696e-05,2.1817654e-05,1.4533691e-05,0.9996308,0.00027143306
ISIC_0031730,HAM_0003648,nv,2,0.00078164117,0.00017187155,0.008776673,0.002457509,0.0016482831,0.9856377,0.00052630866
ISIC_0030469,HAM_0005810,nv,2,3.6169942e-05,0.00449645,0.0121090105,0.00013050763,0.0027058457,0.9799529,0.00056911807
ISIC_0031330,HAM_0002495,nv,2,1.071786e-06,1.9203042e-05,3.5285324e-05,2.5143512e-05,2.4390097e-06,0.99990964,7.2248718e-06
ISIC_0028007,HAM_0006969,nv,2,1.1817348e-06,9.836739e-06,1.1266868e-05,4.316924e-05,1.721351e-05,0.9999105,6.8403774e-06
ISIC_0030729,HAM_0003048,nv,2,2.5239318e-05,0.00024276038,0.00041154027,0.00016139774,8.930655e-05,0.9988306,0.00023923023
ISIC_0027691,HAM_0001482,nv,2,6.7660744e-06,1.5917034e-05,0.00016257187,6.7803136e-05,0.00094103435,0.998755,5.09312e-05
ISIC_0028546,HAM_0007512,nv,2,4.7434227e-05,0.00017316865,0.003939376,0.0063662007,0.00017283075,0.9892047,9.638286e-05
ISIC_0030376,HAM_0000053,nv,2,3.052742e-06,3.0054139e-06,7.3206655e-05,3.6720856e-05,0.00010835102,0.9997484,2.723538e-05
ISIC_0027301,HAM_0003092,nv,2,5.5453033e-06,1.7485794e-05,2.7616681e-05,4.0735173e-05,0.0007803391,0.9990037,0.00012461835
ISIC_0025508,HAM_0000705,nv,2,7.4474315e-06,2.8998504e-05,0.0005582259,3.5115772e-05,0.00032856496,0.9989998,4.1864227e-05
ISIC_0029118,HAM_0000444,nv,2,7.350939e-05,4.7368623e-05,0.008904288,0.00020717131,0.0009339336,0.98976785,6.589339e-05
ISIC_0024863,HAM_0002359,nv,2,6.81551e-05,8.3832216e-05,0.004356834,0.00047913453,0.002726437,0.99224323,4.2318465e-05
ISIC_0025615,HAM_0006568,nv,2,0.001542514,0.0001679045,0.013163614,0.00092920824,0.015548442,0.96854633,0.00010203833
ISIC_0024637,HAM_0006812,nv,2,1.427341e-05,7.448463e-06,2.3304181e-05,2.3077706e-05,0.018192941,0.9817286,1.03209895e-05
ISIC_0024879,HAM_0001387,nv,2,0.00022430709,0.0002453927,0.008408846,0.00024017683,0.034751736,0.955928,0.00020146067
ISIC_0031947,HAM_0002961,nv,2,1.1786777e-05,4.6526646e-05,0.00025299873,0.00016271143,0.00029405745,0.99912435,0.00010754569
ISIC_0031571,HAM_0003233,nv,2,3.0736086e-05,9.998054e-06,0.00034118324,0.00014156812,0.0008537651,0.9985996,2.3155544e-05
ISIC_0031219,HAM_0004851,nv,2,1.182161e-05,1.2413163e-05,0.00022305745,6.567859e-05,0.011132073,0.9884701,8.491145e-05
ISIC_0031477,HAM_0005464,nv,2,9.268118e-06,1.3019186e-05,4.378603e-05,2.4899846e-05,0.00089418824,0.998961,5.3910353e-05
ISIC_0029469,HAM_0003976,nv,2,2.0948642e-05,4.861201e-05,0.011272932,0.00759791,0.00029374112,0.980659,0.00010680237
ISIC_0032193,HAM_0007492,nv,2,0.00048252434,0.00015392312,0.0076847333,0.0077505624,0.030293237,0.95257294,0.0010621961
ISIC_0024887,HAM_0003457,nv,2,6.7670786e-05,0.000102582795,0.0007502574,0.0001424221,0.021344744,0.9775254,6.7013156e-05
ISIC_0030282,HAM_0005211,nv,2,4.328731e-05,0.00020054981,0.00017526463,0.00032584256,0.0076665143,0.9914483,0.00014028004
ISIC_0028869,HAM_0002283,nv,2,0.00043062432,0.0004477784,0.00982972,0.0010100702,0.015314035,0.9727596,0.0002082363
ISIC_0031461,HAM_0001241,nv,2,1.799172e-05,0.00022836092,0.00071762485,0.0002825394,0.00048842275,0.9982309,3.4275916e-05
ISIC_0030862,HAM_0006428,nv,2,2.5098539e-06,6.3841494e-06,3.876544e-05,1.7084869e-05,0.0006804563,0.9992455,9.361736e-06
ISIC_0026021,HAM_0004013,nv,2,2.0274128e-05,2.4029143e-05,0.000103869424,6.898954e-05,0.0031780817,0.9965752,2.949868e-05
ISIC_0030957,HAM_0003371,nv,2,1.9566698e-06,2.914451e-06,6.7763017e-06,1.48297395e-05,0.01905029,0.9809178,5.4025386e-06
ISIC_0031288,HAM_0005182,nv,2,1.5778542e-05,8.381172e-05,0.0001693043,4.356595e-05,0.0036198855,0.9958832,0.00018449737
ISIC_0029274,HAM_0003632,nv,2,1.6559972e-07,1.5470385e-05,0.00035660292,1.7207974e-05,1.9709783e-05,0.999589,1.8658061e-06
ISIC_0027165,HAM_0005476,nv,2,6.405697e-06,8.562363e-05,0.0008377527,1.9808162e-05,0.00022824736,0.9987093,0.00011288035
ISIC_0025084,HAM_0001522,nv,2,2.3838065e-05,0.0016484848,0.01933217,0.0075465976,0.0018734586,0.9695283,4.7222828e-05
ISIC_0027373,HAM_0007616,nv,2,3.060416e-05,7.984764e-05,0.0006546653,0.00020350023,0.0027016138,0.9962573,7.256024e-05
ISIC_0024309,HAM_0000484,nv,2,5.0152106e-05,7.44101e-05,0.00025074478,0.00092528295,0.010904125,0.9863625,0.0014327564
ISIC_0026202,HAM_0006219,nv,2,3.1313048e-05,9.701778e-05,0.00042204378,0.00061542087,0.003074658,0.99572104,3.8591006e-05
ISIC_0030871,HAM_0004533,nv,2,2.4738127e-05,0.0001363707,0.00263672,0.001707806,0.012566809,0.982828,9.957627e-05
ISIC_0032201,HAM_0000227,nv,2,1.2705342e-05,3.1941225e-05,0.00095001294,0.000108161345,0.00086584175,0.9979983,3.3084132e-05
ISIC_0030804,HAM_0000702,nv,2,0.00018790243,0.00013143351,0.004773267,0.0006381537,0.011103598,0.98305756,0.000108114255
ISIC_0026858,HAM_0007093,nv,2,1.0690844e-05,2.2676764e-05,3.7607373e-05,0.000113487455,0.00057296973,0.9991899,5.2673593e-05
ISIC_0027331,HAM_0004499,nv,2,0.000703541,0.00016228097,0.050098736,0.00018641978,0.008899263,0.9397712,0.00017857923
ISIC_0029305,HAM_0002459,nv,2,2.1084048e-05,9.7682234e-05,0.028163506,0.00026449267,0.0034899667,0.9679073,5.58755e-05
ISIC_0031437,HAM_0001376,nv,2,1.6677226e-05,2.644274e-05,0.00014406926,0.0024848073,0.0026450634,0.99464166,4.1357227e-05
ISIC_0027333,HAM_0000564,nv,2,3.7967184e-05,1.3697195e-05,0.030521156,0.0037784304,0.1580563,0.80739313,0.00019932275
ISIC_0025482,HAM_0000328,nv,2,1.3707939e-06,3.2373823e-06,9.991335e-06,3.542236e-05,5.8888392e-05,0.9998795,1.1635513e-05
ISIC_0026051,HAM_0005813,nv,2,7.778943e-07,2.1862503e-05,1.593259e-05,0.00020495901,1.9087443e-05,0.9997311,6.263712e-06
ISIC_0025634,HAM_0004135,nv,2,0.0022885057,0.0804366,0.1402089,6.378871e-05,0.007031905,0.7698983,7.200028e-05
ISIC_0026994,HAM_0002930,nv,2,7.2514854e-06,2.0901063e-05,0.00023902486,1.094974e-05,3.1932625e-05,0.99968016,9.834473e-06
ISIC_0030274,HAM_0005100,nv,2,2.5406505e-06,2.2774243e-06,0.00016257542,2.33178e-05,5.327083e-05,0.99972206,3.3861e-05
ISIC_0031256,HAM_0005065,nv,2,5.56734e-06,4.80873e-06,5.2002528e-05,8.8200504e-05,0.0007567454,0.99906355,2.9170777e-05
ISIC_0025461,HAM_0000852,nv,2,0.0011717277,0.0015798145,0.88832587,0.0035532203,0.013066339,0.09199742,0.00030566342
ISIC_0027868,HAM_0003900,nv,2,0.0033241208,0.021329517,0.3553418,0.0017211662,0.014166956,0.60210025,0.002016181
ISIC_0027440,HAM_0003025,nv,2,3.537676e-05,0.00071264594,0.005735521,0.0001573138,0.019018443,0.97355664,0.00078421866
ISIC_0027758,HAM_0007145,nv,2,2.0045645e-05,2.8324155e-05,0.00028858916,0.00010996481,0.0006193533,0.99890816,2.5588743e-05
ISIC_0031963,HAM_0005521,nv,2,0.0011696283,0.0013048147,0.22684436,0.0028835721,0.19327381,0.5725187,0.0020052094
ISIC_0031625,HAM_0001862,nv,2,0.00049765495,0.00036338173,0.012379217,0.0011879973,0.12514782,0.8602559,0.00016800093
ISIC_0030743,HAM_0003513,nv,2,0.0004827102,0.00014693104,0.8778894,0.00019849118,0.008729261,0.11248648,6.674644e-05
ISIC_0025246,HAM_0001042,nv,2,0.00011332573,0.0010815231,0.02138619,0.0014327854,0.0086937025,0.96612406,0.001168264
ISIC_0031018,HAM_0005097,nv,2,4.0838955e-07,1.360145e-06,9.740976e-06,7.799647e-05,1.505768e-05,0.9998932,2.3046641e-06
ISIC_0029085,HAM_0007467,nv,2,9.171968e-06,1.2934547e-05,0.000106933425,9.793616e-05,0.0014447941,0.99829894,2.9262535e-05
ISIC_0027111,HAM_0000368,nv,2,3.6969577e-05,2.4435401e-05,0.0004449173,0.00011980633,0.03225988,0.96701604,9.797426e-05
ISIC_0030193,HAM_0000671,nv,2,1.5106426e-05,0.0010631871,0.02227051,0.00027519057,0.013311322,0.9628185,0.00024619792
ISIC_0026032,HAM_0006370,nv,2,0.00018436374,4.034145e-05,0.33726677,0.0001178774,0.0020118365,0.66033626,4.2609063e-05
ISIC_0025318,HAM_0000760,nv,2,1.3071371e-05,3.3904555e-05,0.0011640574,0.0009085769,0.0006479054,0.99710554,0.00012695871
ISIC_0024322,HAM_0001538,nv,2,2.862047e-07,1.9390289e-05,7.4829263e-06,5.285503e-06,0.00010083182,0.99984777,1.8978144e-05
ISIC_0026112,HAM_0000301,nv,2,1.2862948e-05,1.821066e-05,0.0015619141,0.00090391136,0.00080968,0.99665844,3.5033474e-05
ISIC_0030477,HAM_0000141,nv,2,2.7434726e-06,8.319477e-06,3.64216e-05,3.245737e-05,0.0015039722,0.99840266,1.3372613e-05
ISIC_0026302,HAM_0003751,nv,2,3.8457045e-05,6.990926e-05,0.00017438417,0.000958025,0.0041920627,0.99420446,0.0003627386
ISIC_0028817,HAM_0003294,nv,2,2.9508e-05,0.00019054642,0.00077792816,0.0033545063,0.00042898385,0.994945,0.00027347874
ISIC_0027215,HAM_0006950,nv,2,9.569284e-07,3.5623711e-06,4.280287e-06,3.982476e-05,0.00010422218,0.99983764,9.45921e-06
ISIC_0027307,HAM_0002262,nv,2,6.9340314e-07,2.78565e-06,4.3398536e-06,1.1841349e-06,3.58734e-06,0.9999863,1.1589658e-06
ISIC_0026731,HAM_0001213,nv,2,4.6098635e-06,4.805934e-05,1.1015373e-05,1.3522704e-05,0.000117332835,0.99979705,8.512021e-06
ISIC_0031086,HAM_0004159,nv,2,3.2369437e-06,3.7189846e-05,4.017256e-05,4.812724e-05,0.0001072452,0.999744,2.0062418e-05
ISIC_0030461,HAM_0004252,nv,2,2.530812e-06,6.215075e-06,6.0631217e-05,0.00013317647,3.6506328e-05,0.9997485,1.2457094e-05
ISIC_0025931,HAM_0001407,nv,2,1.0557997e-05,1.6707672e-05,0.000135059,2.7172247e-05,0.00915915,0.99063593,1.5512547e-05
ISIC_0025213,HAM_0003150,nv,2,6.1548967e-06,1.3106487e-05,2.609083e-05,3.497217e-05,0.000112067726,0.9997843,2.3364839e-05
ISIC_0030099,HAM_0000474,nv,2,8.1912585e-05,0.00014934194,0.00041679968,0.00030973923,0.0025896188,0.99639857,5.4035278e-05
ISIC_0027055,HAM_0005294,nv,2,3.6482645e-05,9.78235e-05,0.00011347725,6.365497e-05,0.0054145046,0.9942334,4.0619918e-05
ISIC_0031367,HAM_0006891,nv,2,0.00037553464,7.925628e-05,0.001822679,0.0011178595,0.0036841605,0.99274933,0.00017109483
ISIC_0030596,HAM_0006285,nv,2,0.00046202022,0.0023739901,0.004090886,0.00030181895,0.012091489,0.980448,0.00023186504
ISIC_0027871,HAM_0004310,nv,2,1.0469681e-06,3.426178e-06,9.395533e-06,1.3737334e-05,4.3275137e-05,0.9999192,9.894631e-06
ISIC_0028554,HAM_0000942,nv,2,7.099486e-05,0.0009451585,0.0002676703,4.8698803e-05,0.0007093616,0.99788046,7.782046e-05
ISIC_0031636,HAM_0003469,nv,2,0.00077614124,0.00052413874,0.2678238,0.00075226196,0.053725295,0.6746253,0.0017731386
ISIC_0025397,HAM_0004402,nv,2,4.9871152e-05,8.7869164e-05,0.00039207548,0.00024308887,0.0028928274,0.9962829,5.1353836e-05
ISIC_0032088,HAM_0007045,nv,2,4.1486537e-06,7.029585e-06,1.0089101e-05,9.132564e-06,0.000100990794,0.99985147,1.7061875e-05
ISIC_0029367,HAM_0003304,nv,2,5.942046e-07,1.2702758e-06,5.368993e-06,7.404431e-05,1.2942586e-05,0.99989533,1.04505625e-05
ISIC_0025866,HAM_0001882,nv,2,6.6369257e-06,0.00052545336,0.00019048672,7.514403e-05,0.00014413838,0.9990138,4.4391123e-05
ISIC_0024641,HAM_0005860,nv,2,1.120684e-05,2.3771267e-05,0.00023529404,6.4365086e-05,0.0001945662,0.99945146,1.9325904e-05
ISIC_0029689,HAM_0006976,nv,2,9.468724e-06,5.1682046e-06,1.9696008e-05,0.0006352692,0.0003957498,0.99889046,4.4299035e-05
ISIC_0027283,HAM_0000265,nv,2,0.000118574775,3.0393103e-05,4.1868265e-05,0.00010142238,0.00055827975,0.99909616,5.3341555e-05
ISIC_0032507,HAM_0004725,nv,2,3.575052e-06,1.4503214e-05,2.3541044e-05,1.6179505e-05,0.00044549012,0.9994849,1.1699272e-05
ISIC_0024392,HAM_0006311,nv,2,8.95298e-06,2.3496004e-05,4.974104e-05,5.912666e-05,0.006144033,0.9936836,3.1188003e-05
ISIC_0026145,HAM_0005326,nv,2,3.0043788e-05,4.320418e-05,0.00018840491,3.805316e-05,0.12979995,0.8698651,3.5193418e-05
ISIC_0027579,HAM_0004726,nv,2,3.7913443e-07,3.7919103e-06,5.538791e-06,0.0001846777,1.32739e-05,0.9997813,1.0908154e-05
ISIC_0025082,HAM_0000158,nv,2,3.8291123e-06,4.4158974e-06,1.7465212e-05,2.026e-05,2.8321168e-05,0.9997787,0.00014697712
ISIC_0031581,HAM_0003329,nv,2,5.4430466e-06,1.1750199e-05,1.5951202e-05,1.3590594e-05,2.1527665e-05,0.99992204,9.608981e-06
ISIC_0029181,HAM_0003126,nv,2,1.8883415e-05,3.668421e-05,3.9898187e-05,1.1816938e-05,0.00012440444,0.9997266,4.1731353e-05
ISIC_0028745,HAM_0003214,nv,2,1.9106105e-06,1.3184786e-05,3.0150819e-05,2.854622e-05,3.577003e-05,0.99988115,9.312963e-06
ISIC_0030556,HAM_0001771,nv,2,5.304078e-05,0.00038134988,0.00086951547,0.0003465455,0.0028013533,0.99540484,0.00014333744
ISIC_0026591,HAM_0001766,nv,2,1.6326385e-05,0.0008879151,0.00019996724,1.3721367e-05,0.00010962651,0.998757,1.5427348e-05
ISIC_0026448,HAM_0002659,nv,2,0.00011931866,0.00025959985,0.00041443447,0.0002391546,0.02818771,0.9706332,0.00014647808
ISIC_0032143,HAM_0004796,nv,2,4.7130095e-05,3.984285e-05,0.0008217467,6.711632e-05,0.0006651256,0.99834,1.8931029e-05
ISIC_0027813,HAM_0007153,nv,2,5.8025857e-06,6.473252e-06,1.3703874e-05,1.9861285e-05,0.00050134177,0.9994338,1.895177e-05
ISIC_0028208,HAM_0002398,nv,2,4.1944124e-05,0.00031450088,0.0017404943,3.396739e-05,0.000734457,0.9970042,0.00013046489
ISIC_0026510,HAM_0002428,nv,2,0.00012976163,0.00056974636,0.00027310045,0.00020898483,0.0050681853,0.99356866,0.00018156915
ISIC_0026093,HAM_0004704,nv,2,8.746991e-06,6.0470406e-06,0.00023076842,3.073941e-05,1.9067904e-05,0.9996835,2.1065063e-05
ISIC_0030441,HAM_0000479,nv,2,9.770202e-05,0.00019832954,0.00033704063,0.00042689222,0.001940956,0.99688524,0.00011377991
ISIC_0027775,HAM_0001754,nv,2,2.1654532e-05,3.5982306e-05,0.009191147,0.00030631953,0.00015447904,0.990221,6.935771e-05
ISIC_0025894,HAM_0000017,nv,2,4.0640563e-05,5.2798634e-05,9.311806e-05,0.00015055628,0.0029081558,0.9966834,7.13264e-05
ISIC_0030692,HAM_0001828,nv,2,0.0007983096,0.016791685,0.018356709,0.00051041844,0.03876639,0.92466235,0.000114112394
ISIC_0031055,HAM_0004180,nv,2,1.5020823e-05,0.00017401553,2.656913e-05,0.0001245456,0.00018751362,0.99939585,7.643118e-05
ISIC_0032352,HAM_0004244,nv,2,3.5065204e-06,1.49078805e-05,2.5161811e-05,5.8846756e-05,0.02908744,0.97079855,1.1587613e-05
ISIC_0031273,HAM_0006687,nv,2,6.094468e-06,3.1376316e-05,4.8691596e-05,7.4828145e-05,0.00011812424,0.9996835,3.747926e-05
ISIC_0024778,HAM_0001115,nv,2,2.7378825e-05,0.00029927754,8.855271e-05,0.0009623134,0.0023586021,0.9962196,4.4353506e-05
ISIC_0028979,HAM_0004608,nv,2,1.23101245e-05,2.326944e-05,4.132053e-05,0.00016152191,0.0020864818,0.99764866,2.6367728e-05
ISIC_0032361,HAM_0001690,nv,2,6.3224143e-06,7.025665e-06,2.8114588e-05,3.5332538e-05,0.00059295393,0.9992939,3.627655e-05
ISIC_0030752,HAM_0001483,nv,2,4.4842777e-06,6.958964e-06,7.95634e-05,2.331309e-05,0.00034041563,0.9995202,2.5109184e-05
ISIC_0026953,HAM_0001332,nv,2,1.2778032e-06,2.1992387e-06,8.689667e-06,2.3620963e-05,1.7674016e-05,0.9999443,2.2338713e-06
ISIC_0027477,HAM_0000641,nv,2,0.00023549347,0.00010593811,0.025321713,0.00028572866,0.008793784,0.9651537,0.000103686376
ISIC_0029087,HAM_0000911,nv,2,7.1337425e-05,2.7235752e-05,0.00010814109,3.722686e-05,0.0067561083,0.99295115,4.893378e-05
ISIC_0025639,HAM_0004647,nv,2,0.00040101935,0.0001236249,0.0002977214,0.00018777054,0.031763718,0.9671372,8.886993e-05
ISIC_0026407,HAM_0001736,nv,2,8.9731844e-07,6.2155425e-07,3.9707706e-06,8.613875e-06,1.179103e-05,0.99997306,1.0511225e-06
ISIC_0028459,HAM_0006109,nv,2,2.3259217e-05,0.0001147097,0.01418283,0.00018949408,0.0055921734,0.9798345,6.310175e-05
ISIC_0030265,HAM_0003374,nv,2,2.8191345e-05,0.0001968367,0.00016836335,0.00055474427,0.0008514783,0.99811566,8.4823914e-05
ISIC_0030505,HAM_0007190,nv,2,1.7347973e-05,4.3442767e-05,0.0013488278,7.204593e-05,0.0034309244,0.9950088,7.866469e-05
ISIC_0030248,HAM_0006403,nv,2,8.220144e-06,1.0596184e-05,1.04523e-05,2.7835558e-05,0.0018207037,0.9981102,1.2030525e-05
ISIC_0028392,HAM_0002634,nv,2,2.8907348e-06,2.5439815e-05,1.3590382e-05,9.3131985e-06,3.047722e-05,0.9999064,1.1888521e-05
ISIC_0027695,HAM_0005445,nv,2,7.4347918e-06,4.4837532e-05,0.00019996907,7.545628e-05,0.0042880718,0.9953583,2.5899339e-05
ISIC_0026727,HAM_0005920,nv,2,0.00013535729,0.00015671083,0.00936957,0.0001271564,0.016524598,0.97362083,6.571068e-05
ISIC_0026945,HAM_0003999,nv,2,0.0008323165,0.001024767,0.0003889577,0.00019367955,0.005586015,0.99174434,0.00023000015
ISIC_0029322,HAM_0001371,nv,2,9.8591256e-05,0.00010112661,0.00027596648,0.000148003,0.001199622,0.99813,4.6662262e-05
ISIC_0029449,HAM_0000957,nv,2,1.09287e-06,2.540999e-06,2.9857154e-05,1.0148469e-05,9.263126e-05,0.9998592,4.5921765e-06
ISIC_0026906,HAM_0005782,nv,2,1.562166e-05,0.00016270195,8.4946165e-05,6.53854e-05,7.607092e-05,0.9995541,4.123805e-05
ISIC_0028221,HAM_0003930,nv,2,2.4582667e-05,0.00026019115,0.0014651136,0.000101495076,0.00024997914,0.99786144,3.7265097e-05
ISIC_0025844,HAM_0006840,nv,2,7.765037e-06,6.7463807e-06,6.76058e-05,6.1796694e-05,7.0505164e-05,0.99974567,3.9821094e-05
ISIC_0027927,HAM_0006614,nv,2,7.1398887e-07,1.1454165e-06,2.601481e-06,2.3437167e-05,2.2374823e-05,0.9999453,4.331208e-06
ISIC_0025377,HAM_0007211,nv,2,1.9315416e-06,2.7560193e-06,4.642586e-06,0.00080554705,0.00011046572,0.9990584,1.62359e-05
ISIC_0030357,HAM_0004026,nv,2,1.9021734e-05,3.24837e-05,9.092503e-05,0.00015197365,0.010008672,0.98950213,0.00019494756
ISIC_0032198,HAM_0001093,nv,2,5.3837408e-05,0.0005951423,0.0022537336,0.00041163957,4.0008563e-05,0.9966355,1.0135526e-05
ISIC_0026678,HAM_0002075,nv,2,0.00019942765,4.690789e-05,0.00017326575,0.0009029846,0.0067739673,0.9916944,0.00020899839
ISIC_0028301,HAM_0005069,nv,2,0.00012953026,0.0002494324,0.00024223082,0.00021460462,0.0014329335,0.9976255,0.00010571952
ISIC_0027491,HAM_0007495,nv,2,0.00069652614,0.00027760063,0.0019250495,0.0005585825,0.0020472044,0.994283,0.00021201398
ISIC_0028603,HAM_0007559,nv,2,6.4041087e-06,6.5250184e-05,4.1273517e-05,0.0013234463,7.422754e-05,0.9984617,2.770973e-05
ISIC_0025701,HAM_0000359,nv,2,9.9373465e-05,0.0043468447,0.0028890467,0.00030909563,0.001820015,0.9904517,8.384445e-05
ISIC_0025685,HAM_0003029,nv,2,3.1744476e-06,7.1817262e-06,4.831731e-05,7.568049e-05,7.5532815e-05,0.9997793,1.0865605e-05
ISIC_0027417,HAM_0007615,nv,2,0.00038434926,0.00022157705,0.000675213,0.00015650911,0.11819219,0.88017833,0.00019175895
ISIC_0025648,HAM_0004298,nv,2,1.1204823e-05,7.3279e-05,0.00025328324,0.00016337233,0.00020341946,0.9992716,2.3906654e-05
ISIC_0027534,HAM_0001885,nv,2,3.4255095e-06,7.083816e-06,9.532317e-06,9.92563e-05,0.00013656451,0.9997241,2.010124e-05
ISIC_0027259,HAM_0004520,nv,2,4.260609e-05,4.642949e-05,0.0019069623,0.00022455186,0.0025648456,0.9950925,0.00012208673
ISIC_0026896,HAM_0002328,nv,2,6.292225e-05,6.7374e-05,0.0003759655,0.00021855046,0.0048352913,0.9943738,6.607086e-05
ISIC_0025135,HAM_0000530,nv,2,3.0915453e-05,0.00043391893,0.0012439914,0.00017652167,0.0033064135,0.9946661,0.00014211645
ISIC_0025917,HAM_0003500,nv,2,3.653006e-06,3.0467001e-05,0.00013273091,2.5258032e-05,0.00021708026,0.99957114,1.963259e-05
ISIC_0027740,HAM_0003397,nv,2,5.4295156e-06,0.0048644138,4.773563e-05,0.0002605888,0.00053286896,0.99354774,0.00074126176
ISIC_0027981,HAM_0006648,nv,2,1.6561138e-05,2.6776583e-05,8.961615e-05,6.2135936e-05,0.000427326,0.9993611,1.6464384e-05
ISIC_0026972,HAM_0001251,nv,2,2.0255444e-05,1.556075e-05,0.000109928464,7.459956e-05,0.00019311896,0.99955374,3.2749653e-05
ISIC_0026653,HAM_0001535,nv,2,0.0015735859,0.00059697434,0.00272689,0.0007717881,0.004619666,0.98950493,0.00020610742
ISIC_0025125,HAM_0006338,nv,2,1.962205e-05,2.7242517e-05,0.0011145485,0.083623156,0.00020647298,0.9149767,3.2225165e-05
ISIC_0029106,HAM_0006337,nv,2,1.4880156e-06,4.2141974e-06,2.6944483e-06,9.35874e-06,7.546832e-05,0.99990165,5.063474e-06
ISIC_0029722,HAM_0003338,nv,2,4.755068e-05,0.0010018942,0.00018788302,0.00047095612,0.00074309175,0.9974606,8.797304e-05
ISIC_0024731,HAM_0001298,nv,2,2.6090197e-06,6.0908038e-05,0.00015030784,0.00071323744,0.00011434817,0.99893326,2.5489622e-05
ISIC_0026966,HAM_0006344,nv,2,2.9433311e-05,6.2554194e-05,0.0001194046,7.088319e-05,0.0033199764,0.9963108,8.68479e-05
ISIC_0031471,HAM_0004154,nv,2,2.0307925e-05,1.8562945e-05,0.0001227119,0.0001545176,0.0013205662,0.99823654,0.0001268547
ISIC_0026191,HAM_0003084,nv,2,0.0002834594,0.00030470206,0.020968566,0.015393455,0.0046264697,0.95748836,0.0009348894
ISIC_0024849,HAM_0004573,nv,2,9.835525e-07,5.443125e-06,2.3969333e-05,2.1612233e-05,9.469388e-06,0.99993646,2.1067247e-06
ISIC_0030529,HAM_0001459,nv,2,1.963264e-06,1.4996418e-05,8.154629e-05,4.7891797e-05,9.367606e-05,0.9997228,3.7116493e-05
ISIC_0029874,HAM_0003527,nv,2,1.4648178e-06,2.694212e-06,3.6538938e-06,6.264231e-06,0.00016458228,0.9998141,7.1400177e-06
ISIC_0027439,HAM_0006915,nv,2,1.4449414e-05,5.999929e-06,5.930913e-05,0.00019250387,4.5920147e-05,0.9996747,7.294059e-06
ISIC_0025259,HAM_0003306,nv,2,0.00030530422,0.000107801665,0.0007345356,0.00016278047,0.05595182,0.94266385,7.394636e-05
ISIC_0027720,HAM_0006412,nv,2,4.8378174e-06,8.03877e-06,2.8003318e-05,3.0101908e-05,0.00068645575,0.99923456,7.991805e-06
ISIC_0026299,HAM_0004856,nv,2,8.3470786e-07,1.0388106e-06,1.857591e-05,1.5415017e-05,3.026969e-05,0.99990976,2.4156681e-05
ISIC_0028991,HAM_0001194,nv,2,1.6366741e-05,1.6919292e-05,2.559807e-05,5.1207e-05,0.00058918924,0.9992723,2.8389877e-05
ISIC_0029758,HAM_0004314,nv,2,1.8305087e-05,0.0004182525,0.0002682044,9.2598486e-05,0.0010889776,0.9979207,0.00019299184
ISIC_0024583,HAM_0004652,nv,2,1.515389e-05,9.192671e-05,1.2514038e-05,0.00076016877,0.0022523338,0.9965029,0.00036500016
ISIC_0027205,HAM_0005706,nv,2,8.0488186e-05,8.771105e-05,0.0006745778,0.0002572941,0.009980844,0.98868,0.00023912288
ISIC_0029483,HAM_0003433,nv,2,5.006882e-06,8.126971e-06,0.00018059602,1.14608665e-05,0.0013246961,0.998429,4.1111263e-05
ISIC_0032370,HAM_0003916,nv,2,1.3437691e-05,2.4190362e-05,8.336754e-05,0.0001698937,0.00033220963,0.99935013,2.6828637e-05
ISIC_0029071,HAM_0000096,nv,2,1.4499829e-05,3.7904672e-05,9.092859e-05,6.652478e-05,0.00051176094,0.99925166,2.672141e-05
ISIC_0024500,HAM_0004465,nv,2,9.8567625e-06,2.287294e-05,0.0014844597,7.226538e-05,0.00034984617,0.99803966,2.1195367e-05
ISIC_0029458,HAM_0002762,nv,2,7.7194245e-06,2.850932e-06,1.879119e-05,0.00010842663,0.0001446449,0.9997136,3.927325e-06
ISIC_0032121,HAM_0006000,nv,2,2.6185808e-06,4.55177e-05,0.00040470556,0.00026658134,0.00050625316,0.9986853,8.903235e-05
ISIC_0032137,HAM_0006354,nv,2,0.0001361453,0.00018901903,0.00030891265,0.000152178,0.0024132333,0.9966552,0.00014520925
ISIC_0031939,HAM_0002028,nv,2,0.0012616977,8.867163e-05,0.0019837182,0.0012561653,0.0016295724,0.9936684,0.00011165445
ISIC_0027173,HAM_0005472,nv,2,3.7260863e-06,4.6735595e-06,2.8295484e-05,4.512783e-05,6.323775e-05,0.9998479,7.02956e-06
ISIC_0028778,HAM_0006534,nv,2,2.4913854e-05,1.8085519e-05,0.00034241707,0.000113858376,0.009534667,0.9898095,0.0001565405
ISIC_0030584,HAM_0005458,nv,2,2.0441707e-06,1.4697073e-05,1.3097404e-05,0.0065887384,0.00010211759,0.9932545,2.4854508e-05
ISIC_0028839,HAM_0004994,nv,2,3.8632446e-05,5.936946e-05,0.00012556247,0.00018358656,0.0066121924,0.9929041,7.653026e-05
ISIC_0032377,HAM_0000196,nv,2,4.9745936e-06,4.737529e-06,0.00010461031,2.6997655e-05,8.0207516e-05,0.9997707,7.704802e-06
ISIC_0025521,HAM_0004969,nv,2,8.430693e-05,0.000114337156,0.0010152268,0.00079414167,6.617327e-05,0.99786204,6.376262e-05
ISIC_0026821,HAM_0007321,nv,2,1.970645e-05,2.5651907e-05,5.467758e-05,4.225156e-05,0.00040048035,0.9994199,3.7323298e-05
ISIC_0031884,HAM_0004753,nv,2,2.8089053e-06,8.320582e-06,1.2539561e-05,3.149368e-05,0.0013938515,0.9985353,1.5636246e-05
ISIC_0028409,HAM_0005133,nv,2,0.0003082669,0.0011759519,0.008405404,0.00017191182,0.0040064594,0.9858687,6.324282e-05
ISIC_0030799,HAM_0005771,nv,2,2.1982971e-06,4.801522e-06,2.059375e-05,1.0631856e-05,0.0004255183,0.99951625,2.0038267e-05
ISIC_0026507,HAM_0006091,nv,2,7.488809e-05,2.0077276e-05,0.001872881,0.00017720778,0.0012121785,0.9965838,5.889525e-05
ISIC_0030861,HAM_0002496,nv,2,4.897313e-05,1.0345838e-05,0.0014424297,9.185194e-05,0.004566161,0.9937496,9.078184e-05
ISIC_0024735,HAM_0006378,nv,2,3.2051398e-06,3.1677987e-06,9.662684e-06,0.00011034757,0.00023251049,0.9996358,5.2637806e-06
ISIC_0032449,HAM_0006127,nv,2,1.4878516e-06,8.662921e-06,6.8262175e-06,8.747935e-06,0.00017476575,0.99979144,8.122182e-06
ISIC_0031665,HAM_0007007,nv,2,1.1536141e-05,0.0022681842,0.00016414633,3.7604565e-05,0.004208657,0.9932782,3.160443e-05
ISIC_0031135,HAM_0000401,nv,2,7.3786728e-06,0.00029176884,0.000107375075,9.548712e-06,4.5911645e-05,0.99948955,4.8492362e-05
ISIC_0029299,HAM_0000071,nv,2,8.9184925e-07,1.6697006e-05,0.00023264336,5.6476806e-06,5.759072e-06,0.99971884,1.953985e-05
ISIC_0032255,HAM_0005145,nv,2,2.0729687e-05,2.5200892e-05,0.00015109291,5.7236502e-05,0.0023611838,0.9973099,7.47234e-05
ISIC_0026162,HAM_0005525,nv,2,1.6915772e-05,6.067854e-05,0.00062419433,0.000108488566,6.334265e-05,0.9990644,6.211749e-05
ISIC_0028855,HAM_0005201,nv,2,8.153856e-07,2.8964446e-06,5.199665e-05,1.31083525e-05,2.657927e-06,0.99992657,2.0141613e-06
ISIC_0026380,HAM_0000533,nv,2,1.4875683e-05,1.646588e-05,0.00025709852,2.693638e-05,0.00021228527,0.9994518,2.0572323e-05
ISIC_0029710,HAM_0002068,nv,2,3.3893244e-05,2.3113185e-05,5.731752e-05,8.098869e-05,0.0068219677,0.99288684,9.589509e-05
ISIC_0026750,HAM_0000906,nv,2,0.00030959753,0.00027003576,0.0013369736,0.0004101501,0.011205281,0.9862641,0.0002038337
ISIC_0030395,HAM_0002980,nv,2,7.33151e-05,1.3775499e-05,4.017336e-05,5.8795395e-05,0.0010042076,0.99878806,2.1671904e-05
ISIC_0029949,HAM_0002337,nv,2,5.1261024e-05,0.00017979431,0.0003452115,0.00013771853,0.0027419452,0.9964265,0.000117567055
ISIC_0031235,HAM_0007055,nv,2,5.063294e-06,1.529439e-05,2.4488148e-05,5.2248004e-05,2.4368868e-05,0.9998661,1.24342505e-05
ISIC_0029768,HAM_0002479,nv,2,2.4188239e-05,0.00015257607,0.001208557,0.0069534923,9.110734e-05,0.99148613,8.3932006e-05
ISIC_0031878,HAM_0004950,nv,2,5.759611e-06,1.0490597e-05,3.3633358e-05,2.9855759e-05,9.359302e-05,0.99981254,1.4199598e-05
ISIC_0024460,HAM_0007135,nv,2,4.35565e-06,3.4494842e-05,1.228751e-05,9.860311e-05,3.6719568e-05,0.99971336,0.00010030271
ISIC_0025608,HAM_0003624,nv,2,2.34041e-06,1.5441285e-05,9.303197e-05,1.4705427e-05,0.00019660038,0.9996593,1.8625746e-05
ISIC_0025429,HAM_0007547,nv,2,3.470004e-05,4.9318704e-05,0.0024054935,0.00018075299,0.025398463,0.9718679,6.332646e-05
ISIC_0031687,HAM_0004741,nv,2,1.2626896e-05,1.0906346e-05,0.0001755903,2.1774751e-05,0.00014164299,0.99961555,2.181732e-05
ISIC_0028895,HAM_0003567,nv,2,4.761181e-05,0.00011466181,0.0002480106,0.040742777,0.00012495136,0.95860755,0.00011443808
ISIC_0029175,HAM_0002806,nv,2,0.00017114302,3.4769815e-05,9.732409e-05,0.00012219102,0.0103834495,0.9891577,3.3503176e-05
ISIC_0030763,HAM_0002157,nv,2,5.091428e-06,1.9365554e-05,6.481283e-05,2.0058484e-05,0.00022835538,0.9995479,0.00011441854
ISIC_0029941,HAM_0001089,nv,2,7.0774413e-06,1.1265626e-05,6.559339e-05,3.080311e-05,0.00097334693,0.9988244,8.740778e-05
ISIC_0029691,HAM_0002880,nv,2,1.4760968e-05,3.0346757e-05,0.00014505933,0.00014477628,9.338335e-05,0.9995229,4.877896e-05
ISIC_0024769,HAM_0002863,nv,2,6.2868257e-06,1.0969262e-05,9.998877e-05,2.1143805e-05,0.00030843858,0.9995084,4.480517e-05
ISIC_0028742,HAM_0004062,nv,2,6.353815e-05,5.2984517e-05,0.000287272,0.0002825422,0.012615179,0.9866109,8.7698616e-05
ISIC_0028046,HAM_0003719,nv,2,2.2779659e-05,6.0487117e-05,2.4582623e-05,7.3749376e-05,0.003891278,0.9959126,1.450794e-05
ISIC_0026082,HAM_0002379,nv,2,5.1747196e-05,8.1888174e-05,0.00010827253,0.00014413988,0.009263805,0.9902822,6.788768e-05
ISIC_0029379,HAM_0002781,nv,2,1.1885915e-07,2.637005e-07,2.8656666e-06,2.1275039e-06,8.036962e-06,0.9999858,7.735467e-07
ISIC_0032483,HAM_0004104,nv,2,8.262744e-06,6.092565e-06,9.908542e-06,3.5926787e-05,0.0044420264,0.9954751,2.2680882e-05
ISIC_0032032,HAM_0000681,nv,2,5.6699565e-07,2.0441295e-05,3.0387811e-05,7.6011484e-06,3.3341905e-05,0.9998982,9.496807e-06
ISIC_0027749,HAM_0000466,nv,2,2.7527767e-07,1.0429532e-06,3.841132e-06,2.6322462e-06,5.8284986e-06,0.9999832,3.1106435e-06
ISIC_0029446,HAM_0000749,nv,2,6.475271e-07,9.758577e-07,4.6562523e-05,1.9600628e-05,3.1444302e-05,0.99989474,6.0483185e-06
ISIC_0027603,HAM_0003922,nv,2,0.0013786083,0.0012787451,0.0052206265,0.00083862146,0.33766386,0.6534116,0.00020793555
ISIC_0028432,HAM_0004778,nv,2,1.8560323e-06,0.0015758997,1.8708686e-05,3.2515673e-05,2.9203846e-05,0.9982445,9.7263655e-05
ISIC_0028521,HAM_0002446,nv,2,6.2729587e-06,2.5348829e-05,8.07159e-05,3.081634e-05,0.0005502481,0.99925345,5.3090094e-05
ISIC_0029433,HAM_0001445,nv,2,6.1012008e-05,0.00016168985,0.0002823923,0.00026244854,0.0019157184,0.9967373,0.00057943136
ISIC_0025721,HAM_0001963,nv,2,1.4649157e-06,7.4104523e-06,1.6059956e-05,5.5078028e-05,2.238431e-05,0.9998809,1.6716029e-05
ISIC_0024528,HAM_0002857,nv,2,2.1316935e-05,0.001000929,0.00056390883,0.00018023608,0.00030361238,0.9978998,3.0238358e-05
ISIC_0027934,HAM_0001398,nv,2,0.0020419979,0.0027451264,0.007323954,0.00036326097,0.014638503,0.97257215,0.00031499076
ISIC_0031574,HAM_0005928,nv,2,3.1127078e-05,6.184316e-05,5.9590253e-05,8.057995e-05,0.0002200037,0.99952066,2.626287e-05
ISIC_0027161,HAM_0005494,nv,2,0.00023120396,0.00091442943,0.029522547,0.00018182886,0.0008958675,0.9681516,0.00010259614
ISIC_0032224,HAM_0005033,nv,2,3.1005047e-06,3.7258982e-05,0.00025350245,1.5083421e-05,3.2434455e-05,0.9996482,1.0366674e-05
ISIC_0031840,HAM_0006991,nv,2,4.0282657e-06,9.950599e-06,0.00012983136,1.2049692e-05,0.00012424942,0.9997004,1.9520417e-05
ISIC_0025991,HAM_0000595,nv,2,5.232855e-05,4.5022007e-05,0.00022020384,7.3795076e-05,0.00012913551,0.9994535,2.6107682e-05
ISIC_0024607,HAM_0002563,nv,2,1.4592684e-06,2.4059268e-06,1.0740579e-05,1.5280355e-05,3.8915103e-05,0.99992466,6.5399868e-06
ISIC_0030931,HAM_0007493,nv,2,1.2927947e-05,2.9703751e-06,2.2512684e-05,4.9606304e-05,0.00015275154,0.9997402,1.9031779e-05
ISIC_0028717,HAM_0005803,nv,2,1.6661672e-05,8.072809e-06,0.00013567723,4.6820165e-05,0.00021308579,0.9995535,2.616134e-05
ISIC_0025853,HAM_0003897,nv,2,5.6151616e-06,7.8735604e-05,5.5777404e-05,1.8628434e-05,3.0683117e-05,0.9998036,6.988181e-06
ISIC_0031514,HAM_0005029,nv,2,1.1633771e-06,4.8980005e-06,3.7249392e-05,8.731629e-06,5.6356534e-05,0.999879,1.2593277e-05
ISIC_0024413,HAM_0001110,nv,2,4.9542236e-06,2.4148563e-05,0.00013131306,0.00012487225,9.412055e-05,0.99957377,4.6775414e-05
ISIC_0026428,HAM_0004931,nv,2,1.5528654e-05,2.0056363e-05,2.6363592e-05,4.4671142e-05,0.00043493937,0.9994423,1.6178816e-05
ISIC_0032351,HAM_0006963,nv,2,7.591052e-05,7.117219e-05,0.0023777054,0.0007814087,0.00017291453,0.9964728,4.8157515e-05
ISIC_0030667,HAM_0004530,nv,2,1.2144003e-06,1.4451712e-05,4.891339e-05,3.5145084e-05,5.5534492e-05,0.9998336,1.1102175e-05
ISIC_0029136,HAM_0005416,nv,2,1.8934945e-05,3.1710068e-05,0.0012409423,4.359723e-05,0.00010623128,0.99854654,1.2059314e-05
ISIC_0025203,HAM_0004048,nv,2,2.5997932e-05,7.678619e-05,0.00014946175,4.244679e-05,0.00045262894,0.9991474,0.00010526221
ISIC_0026627,HAM_0003519,nv,2,4.935506e-08,2.0497096e-07,9.797734e-07,3.7157256e-06,1.1321262e-06,0.9999931,8.6972824e-07
ISIC_0029487,HAM_0006582,nv,2,4.3116583e-05,3.702391e-05,0.00013782945,0.0003301517,0.004083415,0.9952833,8.5080275e-05
ISIC_0024591,HAM_0006068,nv,2,4.98834e-06,3.1836676e-05,3.8628034e-05,4.9939597e-05,0.0012217992,0.9986249,2.7931625e-05
ISIC_0029237,HAM_0006477,nv,2,0.0002801433,3.2715212e-05,0.0004048292,0.00013271856,0.025341127,0.9734692,0.00033923986
ISIC_0024506,HAM_0004340,nv,2,6.8791082e-06,3.3335204e-05,0.00011183933,1.6696646e-05,0.000120809105,0.9996973,1.3079774e-05
ISIC_0028072,HAM_0000081,nv,2,0.0007781596,8.773444e-05,0.0004343818,0.0012993598,0.11765201,0.87958467,0.00016358969
ISIC_0027330,HAM_0001985,nv,2,6.0961274e-06,5.6711283e-06,9.295484e-06,2.6945936e-06,1.809335e-05,0.99995565,2.4201406e-06
ISIC_0031067,HAM_0005615,nv,2,0.00011087376,6.556236e-05,0.0004695391,0.00012344729,0.010479963,0.9886497,0.000100951715
ISIC_0025111,HAM_0005819,nv,2,0.0025811852,0.00017616723,0.009962566,0.00015246004,0.00020515738,0.9868695,5.2998406e-05
ISIC_0024633,HAM_0006254,nv,2,4.9254754e-07,1.0247073e-05,6.5389286e-06,0.00012198405,2.6682914e-05,0.99976283,7.116353e-05
ISIC_0029853,HAM_0001485,nv,2,3.8899925e-06,3.1195977e-06,2.0203748e-05,6.095958e-06,2.4418017e-05,0.9999279,1.448133e-05
ISIC_0031856,HAM_0007197,nv,2,1.0040326e-05,7.0229803e-06,1.905319e-05,3.247393e-05,0.0010062959,0.9989121,1.3018549e-05
ISIC_0029283,HAM_0001873,nv,2,6.9744544e-07,4.2807237e-06,1.986837e-06,9.562345e-06,9.923865e-06,0.9999397,3.3827047e-05
ISIC_0026721,HAM_0002790,nv,2,8.2779596e-05,0.00014108812,0.00034411857,0.00019097052,0.0017750987,0.9971595,0.00030636444
ISIC_0026078,HAM_0005108,nv,2,0.00014488903,0.0001635407,0.00042007,0.04395018,0.00079172204,0.95449424,3.5368157e-05
ISIC_0030071,HAM_0002883,nv,2,9.888674e-06,2.1938982e-05,8.567574e-05,0.00024087088,0.00027839377,0.99931717,4.6083383e-05
ISIC_0026077,HAM_0005592,nv,2,1.8945249e-06,0.0002139047,0.00033913794,5.8469564e-06,0.00017995,0.9992391,2.0170124e-05
ISIC_0030745,HAM_0000115,nv,2,0.0007067245,0.0007930413,0.0008158215,0.00055471447,0.008818145,0.9873979,0.0009136768
ISIC_0026504,HAM_0002114,nv,2,4.436727e-06,1.6008504e-05,8.998856e-05,0.00050035596,0.00053334184,0.9986261,0.00022979385
ISIC_0027050,HAM_0004597,nv,2,1.6034848e-05,2.9149003e-05,6.8505426e-05,5.746245e-05,0.0014590002,0.99831784,5.1963714e-05
ISIC_0030750,HAM_0005277,nv,2,2.4747485e-05,4.2014748e-05,3.2150972e-05,6.28871e-05,0.0011377966,0.9986829,1.7548595e-05
ISIC_0025570,HAM_0003985,nv,2,2.1531998e-05,9.631143e-05,0.0012293217,0.00012415033,0.00028349,0.9981718,7.341312e-05
ISIC_0030788,HAM_0004785,nv,2,4.7367444e-06,5.8490987e-06,1.05089275e-05,9.1094094e-05,0.0002706321,0.99960524,1.20721e-05
ISIC_0026278,HAM_0001081,nv,2,5.0806057e-06,2.585189e-05,2.8337347e-05,4.8344875e-05,0.00048093087,0.9993734,3.813207e-05
ISIC_0027890,HAM_0006717,nv,2,3.7475584e-07,3.1809864e-06,4.5107423e-05,2.6738317e-05,2.707993e-05,0.9998839,1.3629949e-05
ISIC_0027001,HAM_0003134,nv,2,9.310989e-06,5.9299964e-06,1.8088167e-05,2.7233224e-05,0.00026078988,0.9996693,9.202514e-06
ISIC_0024513,HAM_0003712,nv,2,5.1427605e-06,0.000111579626,0.00068217434,6.787502e-05,0.0009181341,0.997863,0.00035201162
ISIC_0031607,HAM_0002270,nv,2,1.3029518e-06,1.13329925e-05,5.5762524e-05,1.157911e-05,1.45803e-05,0.99990296,2.4968324e-06
ISIC_0024530,HAM_0001235,nv,2,1.5609336e-05,0.00019202675,0.0006285948,3.573012e-05,0.00032505745,0.9987656,3.737178e-05
ISIC_0029718,HAM_0003545,nv,2,0.0027523288,0.0046454347,0.028904865,0.001143985,0.01822117,0.94327843,0.0010538884
ISIC_0028697,HAM_0001585,nv,2,1.4169206e-05,3.6394966e-05,0.0004998172,3.0888004e-05,0.0036548325,0.995726,3.7844777e-05
ISIC_0030017,HAM_0002643,nv,2,2.8708573e-05,4.112313e-05,0.0006328373,7.008957e-05,0.0024017515,0.9967686,5.687123e-05
ISIC_0026332,HAM_0004339,nv,2,1.05864765e-05,2.3304347e-05,9.8787976e-05,3.9952938e-05,0.002560246,0.9971957,7.143278e-05
ISIC_0024316,HAM_0002718,nv,2,7.5718754e-06,3.5212493e-06,7.721218e-06,1.27301355e-05,2.018439e-05,0.9999459,2.3092916e-06
ISIC_0027864,HAM_0000944,nv,2,2.4995095e-05,1.6912529e-05,0.00011580211,0.004772534,7.72162e-05,0.9949786,1.38305895e-05
ISIC_0030325,HAM_0004493,nv,2,7.5788994e-05,0.00010667106,0.00016896825,0.00019870477,0.008375208,0.99099886,7.5788994e-05
ISIC_0027792,HAM_0003929,nv,2,6.564598e-05,4.3304688e-05,0.00082250347,0.00011956807,0.03570709,0.96320975,3.218131e-05
ISIC_0031066,HAM_0006488,nv,2,4.538358e-07,2.1949343e-06,2.2168051e-05,1.4495632e-05,1.827059e-05,0.99993837,4.037102e-06
ISIC_0025582,HAM_0007423,nv,2,1.4560899e-05,6.324022e-06,0.0001938737,2.947133e-05,0.000191615,0.999548,1.6148957e-05
ISIC_0031983,HAM_0006890,nv,2,4.7950332e-05,6.0971102e-05,0.001363516,0.00021468871,0.00022831188,0.9980165,6.8018184e-05
ISIC_0028040,HAM_0001463,nv,2,1.7220884e-05,2.3676483e-05,9.97791e-05,0.00013051831,0.0022820777,0.9974125,3.4180994e-05
ISIC_0025479,HAM_0005220,nv,2,1.6720433e-06,6.79638e-06,5.59055e-06,2.050938e-05,0.0006293644,0.9993173,1.8820463e-05
ISIC_0028638,HAM_0001320,nv,2,4.7063393e-05,0.00054019224,0.00058351696,0.00072726316,0.003055918,0.99498194,6.420252e-05
ISIC_0024802,HAM_0002156,nv,2,0.0007837035,0.00023290994,0.0004993699,0.00019441359,0.0005473804,0.9974492,0.00029299167
ISIC_0029178,HAM_0000594,nv,2,3.6826787e-05,0.00024037543,0.00018394261,0.0015682104,0.00013817086,0.9977487,8.3804865e-05
ISIC_0031020,HAM_0005515,nv,2,3.304547e-05,5.4058783e-05,0.0003921959,0.00031291493,0.00039076226,0.9987809,3.608131e-05
ISIC_0024417,HAM_0003473,nv,2,8.231769e-06,4.745608e-06,0.00032237824,1.9555084e-05,0.000111057896,0.99952173,1.2333237e-05
ISIC_0027835,HAM_0007126,nv,2,0.00023364503,2.9646671e-05,0.00010802024,0.0025396696,0.012881773,0.98412293,8.4290725e-05
ISIC_0032488,HAM_0002383,nv,2,2.4015011e-05,4.2395335e-05,0.0012858147,0.000105546096,0.0005611825,0.99793625,4.486595e-05
ISIC_0029787,HAM_0004136,nv,2,5.1110424e-06,5.314643e-06,4.143711e-05,1.8155644e-05,0.00043858422,0.9994867,4.6993255e-06
ISIC_0025538,HAM_0000661,nv,2,7.021647e-06,7.1183053e-06,1.560866e-05,2.6165126e-05,0.0012041498,0.9987224,1.744676e-05
ISIC_0025233,HAM_0003718,nv,2,2.6202822e-05,2.0809266e-05,0.00022880254,9.326066e-05,0.06276275,0.936816,5.221241e-05
ISIC_0024353,HAM_0002847,nv,2,8.058909e-05,0.00018902935,0.00025017877,0.00020141731,0.0015392804,0.9976835,5.5931567e-05
ISIC_0032012,HAM_0001980,nv,2,0.00010585221,0.002418024,0.0002155044,0.00040537692,0.0017915568,0.99498343,8.0214166e-05
ISIC_0027741,HAM_0000419,nv,2,1.9479101e-08,6.745965e-08,9.781542e-06,6.309803e-06,6.036146e-07,0.9999826,6.0834884e-07
ISIC_0031480,HAM_0007256,nv,2,1.1032495e-05,1.3050335e-05,0.00044828758,2.0692085e-05,0.00010244855,0.99939716,7.193017e-06
ISIC_0025565,HAM_0003153,nv,2,2.9746961e-05,6.970621e-05,0.0002553485,9.6872056e-05,0.0003139307,0.99909186,0.00014260945
ISIC_0025012,HAM_0000873,nv,2,8.8134635e-05,0.00049446424,0.00018767746,0.00021245885,0.0015395064,0.9973429,0.00013491523
ISIC_0026307,HAM_0001365,nv,2,7.8722405e-05,0.00015686429,0.0013203208,9.664128e-05,0.0024442037,0.99573886,0.00016439235
ISIC_0025401,HAM_0000842,nv,2,7.676485e-05,0.00015000503,0.0082100155,0.0002591854,0.2261668,0.76511246,2.4727955e-05
ISIC_0026579,HAM_0002022,nv,2,1.2882465e-05,2.7272177e-05,1.933887e-05,0.00012068354,0.0016131517,0.9981706,3.6129768e-05
ISIC_0030637,HAM_0004173,nv,2,0.00028315242,0.00010937841,0.022714324,0.0006325102,0.0026435342,0.9734127,0.00020434576
ISIC_0032177,HAM_0002520,nv,2,2.38701e-06,1.2361325e-05,6.731593e-05,4.3441218e-05,2.5537773e-05,0.99984336,5.549964e-06
ISIC_0030320,HAM_0006646,nv,2,5.6913223e-06,2.7041888e-06,9.5186406e-05,0.00017343673,9.140588e-05,0.99960405,2.7606306e-05
ISIC_0029063,HAM_0001185,nv,2,5.39412e-06,1.3534356e-05,0.00020499893,5.6372934e-05,0.0009837424,0.998706,2.9851855e-05
ISIC_0025459,HAM_0002727,nv,2,5.7035704e-06,1.15666235e-05,1.0108311e-05,1.9389374e-05,0.00013983082,0.9998006,1.2778103e-05
ISIC_0025715,HAM_0007111,nv,2,7.8252415e-06,2.3044628e-05,2.4292485e-05,2.6369245e-05,0.00024474715,0.99965656,1.7225952e-05
ISIC_0030331,HAM_0006163,nv,2,1.4932118e-06,7.1039365e-05,7.932756e-05,3.896439e-05,0.00029723067,0.9994815,3.0464267e-05
ISIC_0031415,HAM_0001704,nv,2,1.1910339e-06,9.609116e-06,1.1388843e-05,3.5894478e-05,3.7924974e-06,0.9999361,1.9294664e-06
ISIC_0030563,HAM_0007136,nv,2,0.00025397516,0.0003831281,0.00021345123,0.00024954975,0.015259226,0.98358095,5.9738148e-05
ISIC_0025532,HAM_0000438,nv,2,0.0002358007,0.00027675796,0.0033445475,0.00015343845,0.008492777,0.98740023,9.639514e-05
ISIC_0029285,HAM_0006276,nv,2,3.681624e-06,1.8118884e-06,5.398744e-06,3.625087e-05,0.0023321034,0.9976119,8.918427e-06
ISIC_0032323,HAM_0003070,nv,2,1.5375266e-05,3.6093988e-06,3.096803e-05,4.1631363e-05,0.0006076006,0.999281,1.989707e-05
ISIC_0026939,HAM_0000254,nv,2,6.9869257e-06,8.104976e-06,4.4766606e-05,1.9557083e-05,0.0002837638,0.9996239,1.2951714e-05
ISIC_0030062,HAM_0001293,nv,2,5.4744544e-07,3.2124653e-06,1.5564839e-06,3.333918e-06,2.1518095e-05,0.99996567,4.2062434e-06
ISIC_0027446,HAM_0002968,nv,2,6.119174e-06,2.6266885e-06,1.7827871e-05,1.7500131e-05,0.00012770937,0.9998228,5.485192e-06
ISIC_0027787,HAM_0004220,nv,2,2.260058e-06,9.150677e-06,6.0846796e-05,3.1505304e-05,1.2004868e-05,0.99987984,4.407727e-06
ISIC_0028320,HAM_0005577,nv,2,9.3285225e-06,4.4323765e-06,3.5239875e-05,3.758598e-05,0.00030786416,0.9995974,8.216329e-06
ISIC_0025590,HAM_0006819,nv,2,7.5091657e-06,5.5803384e-06,2.4814717e-05,1.5990323e-05,0.0024437294,0.99749196,1.0507212e-05
ISIC_0027233,HAM_0007375,nv,2,5.648319e-06,1.1343259e-05,2.4178398e-05,7.009929e-05,4.4644934e-05,0.9998318,1.2288965e-05
ISIC_0026851,HAM_0001166,nv,2,1.7490642e-05,3.2868847e-05,8.5421976e-05,0.00024741818,0.00030619273,0.99928063,2.9985935e-05
ISIC_0026894,HAM_0006984,nv,2,1.4285837e-05,6.631558e-05,0.00012670807,0.0033947038,2.8355345e-05,0.9961094,0.0002602421
ISIC_0027115,HAM_0007576,nv,2,1.1970972e-05,5.5670193e-06,0.00037420605,2.7455402e-05,0.00050703424,0.999006,6.768785e-05
ISIC_0024751,HAM_0004870,nv,2,0.00020809613,2.3098277e-05,0.0004267771,0.00013808146,0.002958084,0.9961299,0.0001159361
ISIC_0030749,HAM_0006153,nv,2,1.1769337e-05,2.6678474e-05,2.8621824e-05,2.8621824e-05,0.0022384624,0.99764603,1.9825757e-05
ISIC_0026903,HAM_0005394,nv,2,3.528781e-05,1.2338893e-05,5.5191176e-05,3.9908296e-05,0.0037501573,0.99608153,2.5616202e-05
ISIC_0025405,HAM_0007279,nv,2,6.876038e-06,2.6773636e-05,6.978545e-05,3.8576836e-05,0.0005521307,0.99925107,5.4775224e-05
ISIC_0028018,HAM_0002468,nv,2,4.2455113e-06,8.813909e-06,4.1068615e-06,6.8352e-05,0.0003874296,0.9994924,3.4622197e-05
ISIC_0028019,HAM_0005041,nv,2,1.7248196e-05,0.000219566,0.00036609152,8.708183e-05,0.00023833664,0.9989944,7.730106e-05
ISIC_0029712,HAM_0004438,nv,2,9.007604e-05,3.530875e-05,3.923619e-05,0.00011036347,0.008844652,0.99084985,3.0616913e-05
ISIC_0029796,HAM_0000860,nv,2,0.00045802203,0.00082372053,0.0009082209,0.0010933859,0.011042807,0.98534334,0.00033054585
ISIC_0028522,HAM_0004906,nv,2,5.76859e-06,0.00016564544,6.201819e-05,0.00019365916,0.000109378096,0.9994174,4.6178113e-05
ISIC_0026181,HAM_0001560,nv,2,8.713622e-07,2.0538669e-06,4.0449077e-06,9.88495e-06,6.185257e-05,0.9999169,4.3395526e-06
ISIC_0030558,HAM_0007192,nv,2,2.064297e-05,2.1298249e-05,0.00017625045,4.065449e-05,0.002695786,0.99702495,2.0482325e-05
ISIC_0025705,HAM_0004961,nv,2,9.5952055e-05,6.5818145e-05,0.00010374892,0.00010234013,0.14897071,0.8505959,6.5561544e-05
ISIC_0027985,HAM_0004357,nv,2,5.462675e-05,0.00033332483,0.00020737071,3.5546305e-05,0.0017295247,0.9975163,0.00012334395
ISIC_0025788,HAM_0003591,nv,2,0.00036072615,8.215657e-05,0.00039579347,0.0008636486,0.027317083,0.9705129,0.000467727
ISIC_0026189,HAM_0000926,nv,2,2.3891022e-05,2.7337745e-05,0.0004040367,5.008578e-05,0.0008492075,0.9986181,2.7178034e-05
ISIC_0030650,HAM_0000538,nv,2,0.000113657516,0.00012241397,0.00184602,5.6927776e-05,0.0019795236,0.99581283,6.853402e-05
ISIC_0026394,HAM_0007134,nv,2,9.9244666e-05,6.4832486e-05,0.0005786928,0.0016580278,0.002454897,0.9949809,0.00016330752
ISIC_0030259,HAM_0000665,nv,2,6.9723174e-06,7.583175e-06,2.6006692e-05,0.00031237167,0.00014987757,0.99948406,1.3076985e-05
ISIC_0027369,HAM_0003228,nv,2,1.4637638e-05,9.090073e-05,0.00041643926,6.928883e-05,0.00038019192,0.99894553,8.300889e-05
ISIC_0030949,HAM_0001271,nv,2,1.3029141e-06,2.0457721e-06,1.0930495e-05,1.02482145e-05,2.7265416e-05,0.9998741,7.4106036e-05
ISIC_0027286,HAM_0005832,nv,2,0.017989177,0.00044131628,0.012390208,0.00036873357,0.21601892,0.7525089,0.00028271784
ISIC_0030938,HAM_0006098,nv,2,0.00014938168,6.513269e-05,0.0023758397,9.551077e-05,0.0015638302,0.9956909,5.930398e-05
ISIC_0025977,HAM_0001225,nv,2,1.5772399e-06,2.0173204e-06,6.9727134e-06,9.555292e-05,9.644353e-05,0.9995409,0.00025646316
ISIC_0031912,HAM_0002183,nv,2,1.8879167e-06,1.0407277e-05,0.00014878143,9.891976e-06,0.000141648,0.99965096,3.6502766e-05
ISIC_0026005,HAM_0003889,nv,2,3.3589627e-06,1.9826568e-05,1.2096089e-05,8.04201e-06,0.00030133247,0.99963737,1.8122952e-05
ISIC_0028089,HAM_0006059,nv,2,1.0598394e-05,2.5424226e-05,2.4212628e-05,0.0020575211,0.0034055556,0.99442625,5.056211e-05
ISIC_0026373,HAM_0003736,nv,2,4.7013145e-05,0.00024417575,0.004296534,0.00013577161,0.0008017951,0.9939196,0.0005551161
ISIC_0029326,HAM_0005081,nv,2,4.07417e-06,3.9417046e-05,2.0690342e-05,9.869338e-06,0.00052894163,0.999313,8.3936255e-05
ISIC_0025801,HAM_0004132,nv,2,2.0576726e-06,4.005788e-05,1.7602832e-05,4.9368366e-05,6.398106e-05,0.9998149,1.2098238e-05
ISIC_0031478,HAM_0004658,nv,2,0.004272762,6.95365e-05,0.0012754209,6.726557e-05,0.0053749685,0.9889032,3.67148e-05
ISIC_0031441,HAM_0007267,nv,2,0.00016903368,0.0004680863,0.000286415,0.0010825035,0.0015513719,0.9962352,0.00020750929
ISIC_0032357,HAM_0007098,nv,2,0.00024065022,0.00016523487,0.0005019256,0.00013381128,5.5130975e-05,0.99888927,1.3966544e-05
ISIC_0027267,HAM_0002870,nv,2,2.9618364e-05,0.00024201036,0.004243902,0.000108551285,0.0005475133,0.99477273,5.565957e-05
ISIC_0028262,HAM_0004959,nv,2,0.00032995152,0.0004007275,0.00035123157,6.742765e-05,0.0015446071,0.9971112,0.00019491793
ISIC_0029529,HAM_0007034,nv,2,0.00042158147,2.4017403e-05,0.002735666,0.0039772135,0.08224439,0.9104984,9.877467e-05
ISIC_0030848,HAM_0003166,nv,2,9.182023e-06,8.402503e-05,0.00027333005,9.5291625e-06,0.00021299963,0.99939334,1.7664277e-05
ISIC_0028852,HAM_0000800,nv,2,9.0241565e-06,1.902682e-06,0.00013068065,2.3868539e-05,0.00016826905,0.9996289,3.736758e-05
ISIC_0029761,HAM_0005948,nv,2,6.526335e-07,1.9032692e-06,5.214199e-06,5.7941816e-06,4.3207303e-05,0.9999374,5.749091e-06
ISIC_0028064,HAM_0006392,nv,2,4.263568e-07,4.4681806e-07,1.0375173e-05,2.829498e-06,2.2602828e-06,0.9999794,4.177645e-06
ISIC_0030044,HAM_0001776,nv,2,3.3529984e-06,9.239861e-06,3.003123e-05,9.221832e-06,0.00013048157,0.99981326,4.4855924e-06
ISIC_0029198,HAM_0006749,nv,2,1.4225052e-05,8.971629e-06,3.439177e-05,2.8317538e-05,0.0002446262,0.9996505,1.891889e-05
ISIC_0029253,HAM_0000306,nv,2,1.6941072e-05,0.00012085418,5.0774655e-05,0.00011464614,0.00043478786,0.9792916,0.019970402
ISIC_0028396,HAM_0005977,nv,2,3.091505e-05,8.160954e-05,2.319957e-05,0.00050507154,0.016203165,0.983065,9.104202e-05
ISIC_0031946,HAM_0000190,nv,2,1.9662502e-05,5.910404e-05,6.378201e-05,3.299287e-05,0.000643861,0.9991406,4.0030864e-05
ISIC_0029834,HAM_0004454,nv,2,0.0006605505,0.00055732677,0.001962434,0.0002997757,0.022458868,0.9738106,0.000250472
ISIC_0025673,HAM_0005089,nv,2,9.990595e-05,0.0060436795,0.00025214656,0.0015200815,8.6630425e-05,0.99187684,0.00012074518
ISIC_0029110,HAM_0001233,nv,2,9.398447e-06,8.795917e-05,0.00013770515,6.803598e-05,0.00043031567,0.999253,1.367466e-05
ISIC_0026250,HAM_0003955,nv,2,1.3015269e-05,2.870694e-05,3.7440906e-05,5.7258072e-05,0.003117039,0.99671185,3.4627177e-05
ISIC_0028536,HAM_0003903,nv,2,9.1309073e-07,1.0509609e-06,4.3646287e-06,2.5018784e-05,0.000119328804,0.99981946,2.984139e-05
ISIC_0031241,HAM_0000404,nv,2,0.00094966596,0.00034394625,0.00037701393,5.3681233e-05,0.01599976,0.9821669,0.00010907632
ISIC_0026719,HAM_0000602,nv,2,6.044564e-06,0.00013478103,1.614453e-05,0.00026215467,0.00028200724,0.9992741,2.4859051e-05
ISIC_0030590,HAM_0000950,nv,2,0.00044963055,0.000106380256,0.0022093803,0.00031573733,0.079245135,0.9176029,7.0864524e-05
ISIC_0026595,HAM_0004795,nv,2,0.00020277873,0.0003415861,0.0006558575,0.0002865229,0.052818425,0.9454166,0.00027825046
ISIC_0026353,HAM_0002278,nv,2,6.611895e-05,0.00032864264,0.0041006333,0.000304539,0.00170523,0.9931558,0.00033907485
ISIC_0030437,HAM_0003746,nv,2,1.6979524e-05,2.5340372e-05,9.7139586e-05,2.6922053e-05,0.0067044306,0.9930842,4.5085955e-05
ISIC_0025393,HAM_0004358,nv,2,5.5429164e-06,7.772257e-05,0.00083682133,2.3019666e-05,0.00017583604,0.99857366,0.0003073987
ISIC_0028078,HAM_0005637,nv,2,1.029851e-05,1.9202605e-05,1.3590117e-05,0.0001101801,0.0009011564,0.998911,3.4635865e-05
ISIC_0032353,HAM_0000535,nv,2,1.4309677e-05,1.5412128e-05,9.874853e-05,4.6463658e-05,7.5344346e-05,0.9997223,2.742148e-05
ISIC_0027728,HAM_0000644,nv,2,0.00046865805,0.00044285075,0.0003625047,0.000289579,0.029653467,0.96865374,0.00012925504
ISIC_0029579,HAM_0003082,nv,2,1.719423e-06,3.113473e-06,2.3186063e-05,5.7940556e-06,4.6986017e-05,0.9999157,3.4665527e-06
ISIC_0027750,HAM_0000461,nv,2,5.698923e-06,3.886328e-06,5.406988e-05,0.0009038682,3.453713e-05,0.99898595,1.1900797e-05
ISIC_0027773,HAM_0007360,nv,2,4.089295e-06,4.78087e-06,1.4051758e-05,4.5315355e-05,0.00076794956,0.9991123,5.1600364e-05
ISIC_0031432,HAM_0007063,nv,2,9.699806e-05,3.4450888e-05,0.00012273683,0.000102650665,0.00979792,0.9897026,0.00014265558
ISIC_0025115,HAM_0006995,nv,2,7.119994e-06,0.00021562727,3.4569955e-05,5.4599037e-05,0.00015327639,0.9989593,0.00057550095
ISIC_0030886,HAM_0003334,nv,2,8.746551e-05,0.00016598037,0.00014448818,0.0010926826,0.0066690254,0.99170613,0.00013415272
ISIC_0026797,HAM_0002318,nv,2,0.00016857637,0.00010085834,0.00060677045,0.00015575548,0.0014937269,0.9974285,4.581697e-05
ISIC_0024610,HAM_0002676,nv,2,5.49569e-07,7.2109283e-06,3.580676e-05,9.580956e-06,8.991689e-06,0.99993086,7.1408517e-06
ISIC_0031242,HAM_0003242,nv,2,8.635996e-05,9.337738e-05,0.0006619203,0.00011088838,0.027292943,0.97155106,0.00020355698
ISIC_0025220,HAM_0006638,nv,2,7.043297e-05,0.0001696212,0.004571118,0.00020182399,0.0008344974,0.99385744,0.0002950895
ISIC_0024894,HAM_0003879,nv,2,6.275075e-06,7.0967167e-06,4.044191e-05,0.0001387643,0.00016828314,0.9995906,4.8497262e-05
ISIC_0031267,HAM_0006679,nv,2,2.511355e-06,2.3480588e-05,4.4168417e-05,4.7062975e-05,3.1046027e-05,0.9998431,8.529056e-06
ISIC_0029727,HAM_0000929,nv,2,0.00015034039,0.00014373625,0.00010619166,0.013639352,0.0011081648,0.9846202,0.00023194392
ISIC_0031084,HAM_0006562,nv,2,7.433005e-05,0.00010199476,0.00012533324,0.00027482442,0.0024009335,0.9969157,0.0001068896
ISIC_0026800,HAM_0003013,nv,2,5.548603e-06,1.5470527e-05,2.4433815e-05,0.00011188285,0.00020709446,0.9995982,3.729352e-05
ISIC_0026856,HAM_0004697,nv,2,5.953347e-06,2.8512994e-05,5.2187977e-05,2.896201e-05,0.00011299155,0.99969316,7.834343e-05
ISIC_0032324,HAM_0002117,nv,2,1.0525115e-05,3.4843983e-06,1.067e-05,2.007092e-05,0.0007553655,0.99919146,8.374979e-06
ISIC_0030503,HAM_0005919,nv,2,1.1909707e-06,5.9894705e-06,9.6839685e-06,2.5764239e-05,3.3833392e-05,0.99988306,4.057244e-05
ISIC_0024639,HAM_0003797,nv,2,7.095734e-06,5.181221e-06,0.00037111985,7.7563374e-05,7.8095414e-05,0.9994522,8.813553e-06
ISIC_0028348,HAM_0006319,nv,2,4.984319e-07,1.4764629e-06,1.576533e-05,5.0451945e-05,4.719763e-06,0.9999199,7.2958483e-06
ISIC_0025229,HAM_0000857,nv,2,0.00031475912,0.00038004288,0.0020524873,0.00017314879,0.00019410693,0.9968489,3.6578618e-05
ISIC_0026756,HAM_0000390,nv,2,5.5227327e-05,0.00028377358,0.00014721979,0.00013749221,0.004077404,0.9947891,0.00050984876
ISIC_0030619,HAM_0003379,nv,2,3.933715e-05,0.00013490772,6.104568e-05,6.0570612e-05,0.002368058,0.9972874,4.876501e-05
ISIC_0030453,HAM_0003116,nv,2,1.8591509e-06,7.660946e-06,1.5250496e-05,2.327695e-05,1.9716344e-05,0.9999218,1.0512255e-05
ISIC_0029677,HAM_0000567,nv,2,1.2562257e-05,1.3556537e-05,6.195448e-05,2.7707762e-05,0.0014633879,0.9983908,3.0017804e-05
ISIC_0029601,HAM_0001131,nv,2,6.9197818e-06,0.000116810865,1.7704828e-05,3.2279208e-05,4.4336404e-05,0.99973303,4.8884598e-05
ISIC_0031869,HAM_0005002,nv,2,2.1546894e-06,2.2061155e-05,2.1050902e-05,0.0008838152,4.9088416e-05,0.9990114,1.05232175e-05
ISIC_0027494,HAM_0003554,nv,2,0.00015276522,0.00010633533,9.606597e-05,0.00021522319,0.0017880183,0.99757427,6.7327324e-05
ISIC_0026315,HAM_0000808,nv,2,0.00025265018,0.000128538,0.04142398,0.00013470667,0.28810158,0.6698562,0.000102279475
ISIC_0024873,HAM_0004925,nv,2,5.714144e-06,8.722845e-05,7.015851e-05,9.213161e-05,2.9591165e-05,0.9996997,1.5472098e-05
ISIC_0030600,HAM_0007157,nv,2,3.0661453e-05,3.0661453e-05,0.00014785743,7.0597205e-05,0.03415387,0.9655258,4.0619823e-05
ISIC_0026176,HAM_0002223,nv,2,2.6057727e-05,2.9183268e-05,9.448114e-05,1.592877e-05,0.00016396776,0.99949133,0.00017903125
ISIC_0029447,HAM_0006263,nv,2,5.2017767e-06,6.1652095e-06,2.4479314e-05,1.2118138e-05,0.00043773663,0.9995054,8.796826e-06
ISIC_0024609,HAM_0003498,nv,2,1.0737622e-05,0.00011933764,1.0205966e-05,0.00010147855,6.5968896e-05,0.9996494,4.288488e-05
ISIC_0032118,HAM_0007540,nv,2,0.00024356724,6.568339e-05,0.0017979752,0.0008001876,0.007798617,0.9885423,0.00075170666
ISIC_0028031,HAM_0005765,nv,2,0.00014641174,3.2068303e-05,0.0012379207,0.00011638814,0.00038612046,0.99806255,1.845128e-05
ISIC_0025191,HAM_0001341,nv,2,2.7895821e-05,1.1337164e-05,2.021068e-05,2.3126446e-05,0.0006058315,0.99929464,1.6985892e-05
ISIC_0028574,HAM_0004686,nv,2,1.4764022e-06,5.6817785e-06,4.538765e-06,3.3520817e-05,7.089863e-05,0.99987876,5.033777e-06
ISIC_0029750,HAM_0002395,nv,2,4.5196307e-06,8.644021e-06,5.4623742e-06,7.4370723e-06,0.00037737336,0.99956053,3.6039022e-05
ISIC_0028061,HAM_0002059,nv,2,6.0871724e-05,9.9969235e-05,0.0002864594,0.00017323814,0.00096565514,0.9983376,7.605258e-05
ISIC_0031688,HAM_0000116,nv,2,1.1536665e-05,1.4929553e-05,0.00013728962,9.6784155e-05,0.0005643457,0.99916065,1.4470218e-05
ISIC_0029739,HAM_0007352,nv,2,1.4478408e-06,3.6684194e-06,2.3921099e-05,1.1080975e-05,8.030408e-05,0.9998753,4.2554407e-06
ISIC_0027946,HAM_0007226,nv,2,7.4532586e-06,4.808206e-05,3.5696678e-05,1.0886872e-05,8.736346e-05,0.9997814,2.922026e-05
ISIC_0028342,HAM_0006008,nv,2,5.2424895e-07,0.00028376793,2.550381e-06,1.2577956e-05,3.236602e-06,0.99963844,5.885982e-05
ISIC_0024531,HAM_0006552,nv,2,1.318333e-06,1.6089582e-06,4.3328026e-05,8.15502e-06,2.0682703e-05,0.99992,5.043826e-06
ISIC_0024368,HAM_0003465,nv,2,1.2963583e-05,1.5576103e-05,0.0011578633,7.230506e-05,0.00013092755,0.9985877,2.27518e-05
ISIC_0029200,HAM_0000849,nv,2,6.2401814e-05,3.9050057e-05,0.049579304,0.00018960112,0.0054390943,0.9446733,1.7260802e-05
ISIC_0025356,HAM_0005320,nv,2,5.1907778e-06,1.0044646e-05,8.7197244e-05,1.30241515e-05,0.006362723,0.99350363,1.8224064e-05
ISIC_0028178,HAM_0006083,nv,2,2.2021286e-06,9.038868e-06,1.6479544e-05,5.272325e-06,0.00065956,0.9993048,2.6928399e-06
ISIC_0028437,HAM_0002990,nv,2,2.9585271e-06,4.0914947e-06,6.0595627e-05,2.4650784e-05,0.00025375054,0.99964976,4.164051e-06
ISIC_0028444,HAM_0007411,nv,2,1.0177885e-05,2.0842916e-05,2.470328e-05,0.00014941696,0.0009152898,0.99884796,3.1534324e-05
ISIC_0027633,HAM_0007291,nv,2,4.2033324e-05,9.287757e-06,0.000384273,0.0014824494,0.00277635,0.9952291,7.655979e-05
ISIC_0026673,HAM_0004251,nv,2,7.787839e-06,1.4721104e-05,0.00014615858,6.451006e-05,0.0009638376,0.9987723,3.062155e-05
ISIC_0032161,HAM_0005216,nv,2,8.024961e-05,3.3583943e-05,0.011956712,8.7451066e-05,0.019181551,0.9685732,8.728042e-05
ISIC_0026932,HAM_0001096,nv,2,0.00021804006,0.0011480403,0.00855991,0.041795257,0.00043873588,0.9475471,0.00029283247
ISIC_0030985,HAM_0004679,nv,2,4.0907267e-05,3.624183e-05,7.635024e-05,6.978977e-05,0.00033695533,0.999313,0.00012674372
ISIC_0030388,HAM_0000936,nv,2,2.4013301e-05,0.00026274554,0.0004319269,0.00044694523,0.0026381328,0.9959182,0.00027805715
ISIC_0031365,HAM_0006728,nv,2,2.1431812e-05,8.883239e-05,0.0002555433,5.022128e-05,0.000170728,0.999366,4.7178528e-05
ISIC_0031452,HAM_0002588,nv,2,0.00012464308,0.0007462085,0.00049057166,0.00018064756,0.0020679068,0.9962787,0.00011129373
ISIC_0029511,HAM_0006627,nv,2,1.6291362e-05,6.752583e-05,0.0010729156,8.8934554e-05,0.00017075751,0.9985631,2.055403e-05
ISIC_0026813,HAM_0000731,nv,2,9.823021e-07,0.0003783263,3.134436e-05,0.00023262529,0.00064434076,0.99866533,4.7053458e-05
ISIC_0027223,HAM_0004772,nv,2,2.8893011e-05,1.6302754e-05,3.9184735e-05,0.00013530684,0.00047008164,0.9992613,4.8861533e-05
ISIC_0028910,HAM_0006136,nv,2,4.3896005e-05,0.00029046173,9.1308626e-05,0.00039085894,0.0013776196,0.99756575,0.00024009678
ISIC_0031416,HAM_0003592,nv,2,2.602563e-05,8.335797e-05,0.00078798743,2.5077532e-05,0.00075103145,0.9982602,6.632909e-05
ISIC_0025092,HAM_0001984,nv,2,1.7716271e-05,6.7374845e-06,1.4687305e-05,4.1677118e-05,0.0014184162,0.9984274,7.3360236e-05
ISIC_0024917,HAM_0007280,nv,2,1.3870625e-06,2.2646552e-06,1.4709834e-05,1.6522568e-05,1.6994645e-06,0.9999589,4.4774924e-06
ISIC_0025669,HAM_0003860,nv,2,1.2883886e-05,3.0073175e-05,7.102334e-05,0.0010929668,0.00021079776,0.99828076,0.00030151184
ISIC_0029774,HAM_0004393,nv,2,2.8793452e-06,3.904971e-06,8.4134235e-06,2.0045256e-05,8.958748e-05,0.9998648,1.0288229e-05
ISIC_0029886,HAM_0007459,nv,2,3.552321e-05,0.00010139406,0.0004045614,0.000456418,0.0020425294,0.9968682,9.1423164e-05
ISIC_0028904,HAM_0003269,nv,2,6.442796e-05,3.6424262e-05,0.00081118115,0.0002590832,0.00025209485,0.99847573,0.00010096424
ISIC_0027186,HAM_0005688,nv,2,7.054765e-05,0.00012699896,0.057830565,0.00067130127,0.00059765106,0.9406583,4.4580833e-05
ISIC_0030164,HAM_0002828,nv,2,3.6141464e-05,0.00011689416,0.00022204289,4.872874e-05,0.0029912794,0.9965456,3.9307888e-05
ISIC_0026020,HAM_0001550,nv,2,1.540367e-05,1.0859025e-05,0.00097511464,0.0034486519,0.000246668,0.99527836,2.4856554e-05
ISIC_0028247,HAM_0003155,nv,2,2.0132935e-05,0.00086658844,0.0049722833,0.00011540537,0.002291533,0.99156976,0.00016434476
ISIC_0028988,HAM_0003155,nv,2,0.00018642755,0.036404833,0.1475424,0.0001697442,0.0037849385,0.811751,0.0001607106
ISIC_0026730,HAM_0003277,nv,2,5.4117418e-06,6.0736194e-05,0.0007188187,0.000103214894,0.0008699233,0.9980623,0.00017956264
ISIC_0026890,HAM_0003277,nv,2,1.498693e-05,0.00012597516,0.012503213,8.726044e-05,0.0054356433,0.9816815,0.00015136263
ISIC_0030629,HAM_0004935,nv,2,3.4949608e-05,0.00030607465,0.0042355587,0.00022923932,0.00073567044,0.99233246,0.0021261359
ISIC_0031178,HAM_0004935,nv,2,5.6704474e-05,0.00013925273,0.0010606372,0.00010148229,0.0006470499,0.99773574,0.00025914412
ISIC_0028423,HAM_0006439,nv,2,0.00042216494,0.00012925697,0.007758381,0.00034254798,0.7059298,0.28522143,0.00019632494
ISIC_0025621,HAM_0006439,nv,2,0.00020152179,0.00020310235,0.019160096,0.0004274557,0.19013828,0.78964204,0.00022746381
ISIC_0026251,HAM_0004380,nv,2,0.0003443573,0.077322654,0.0014399216,0.00012471795,0.021180166,0.89884627,0.00074193225
ISIC_0029072,HAM_0004380,nv,2,0.00037725765,0.0014328217,0.0037212237,0.00023333138,0.007445389,0.9866484,0.00014152263
ISIC_0024842,HAM_0000977,nv,2,6.3556596e-05,0.00016975439,0.0017949287,0.0004614403,0.006649663,0.9907601,0.00010057616
ISIC_0028803,HAM_0000977,nv,2,0.00056087476,0.00094296475,0.008555684,0.0026731722,0.5343854,0.45264208,0.00023981991
ISIC_0031145,HAM_0004267,nv,2,0.00025651543,0.00019438587,0.024104591,0.0005505186,0.36261436,0.6120276,0.00025204578
ISIC_0028430,HAM_0004267,nv,2,6.488404e-05,6.036057e-05,0.0017218698,0.0002642508,0.04014833,0.95762455,0.00011566831
ISIC_0024798,HAM_0000044,nv,2,5.463981e-06,0.000108892935,0.0017438728,8.5973326e-05,0.0060744667,0.9882059,0.0037754073
ISIC_0025152,HAM_0000044,nv,2,1.7571145e-06,4.070094e-05,0.00055179955,0.000109347675,0.0010139239,0.9903964,0.007886066
ISIC_0027235,HAM_0003091,nv,2,1.13356555e-05,3.834803e-05,0.0003006014,4.7353496e-05,0.93496615,0.0646272,8.932282e-06
ISIC_0027152,HAM_0003091,nv,2,6.3698775e-07,3.5667376e-06,0.00022839468,2.980566e-05,0.05747764,0.94225043,9.507872e-06
ISIC_0024934,HAM_0002652,nv,2,0.00016097617,9.1721464e-05,0.13351372,0.00083689106,0.0094938995,0.8554486,0.0004541219
ISIC_0025442,HAM_0002652,nv,2,7.0031674e-06,3.5426365e-05,0.0010345521,0.0001166132,0.05752842,0.9412427,3.535724e-05
ISIC_0027987,HAM_0006457,nv,2,0.00041215253,0.016479462,0.00695743,0.0005407072,0.107564576,0.867818,0.00022761225
ISIC_0032257,HAM_0006457,nv,2,0.00084147,0.020421823,0.011139808,0.0013792443,0.052212648,0.9138162,0.00018886071
ISIC_0027077,HAM_0003848,nv,2,0.00012138484,0.0007853688,0.7182068,0.00015986929,0.009591139,0.27100796,0.00012745892
ISIC_0032096,HAM_0003848,nv,2,0.0019352988,0.0038979745,0.8458482,0.0016170027,0.035967834,0.10998025,0.00075344625
ISIC_0030786,HAM_0000682,nv,2,0.0008886732,0.8142657,0.0037781706,0.060827892,0.019262228,0.010815688,0.09016156
ISIC_0029389,HAM_0004575,nv,2,0.012329135,0.018598815,0.10831687,0.021344483,0.6965537,0.12979665,0.0130603695
ISIC_0024789,HAM_0004575,nv,2,0.0021993537,0.0012110453,0.029484559,0.00025484242,0.006199189,0.9603186,0.00033237718
ISIC_0030312,HAM_0004762,nv,2,2.3018287e-05,0.00087308354,0.00045605667,0.9811152,0.003511132,0.013804824,0.00021669189
ISIC_0026080,HAM_0004762,nv,2,0.0017778701,0.15107839,0.010361648,0.07493544,0.045160294,0.7144477,0.0022386764
ISIC_0028385,HAM_0006359,nv,2,1.5661812e-05,8.433686e-05,0.00752533,0.000697917,0.008772264,0.9827404,0.00016415886
ISIC_0027403,HAM_0006359,nv,2,2.5311133e-06,9.114889e-06,0.0041263294,0.0005535513,0.00309652,0.99208635,0.00012558163
ISIC_0027031,HAM_0006742,nv,2,0.0007905429,0.0026535601,0.02007718,0.0017233352,0.45684293,0.51767087,0.00024157333
ISIC_0024813,HAM_0006742,nv,2,0.00040329553,0.0010898662,0.08197115,0.0017246761,0.07205727,0.8425606,0.00019312574
ISIC_0031293,HAM_0004418,nv,2,0.00016296319,0.00012157794,0.0052767377,0.0003456675,0.329986,0.6639913,0.000115784125
ISIC_0026376,HAM_0004418,nv,2,1.465662e-05,9.5014795e-05,0.01550254,0.00025676808,0.06444477,0.91966707,1.9115834e-05
ISIC_0025108,HAM_0007476,nv,2,2.483867e-05,5.923676e-05,0.0019454365,5.900582e-05,0.010898562,0.9868225,0.0001902872
ISIC_0029296,HAM_0007476,nv,2,2.3776474e-05,0.00011566845,0.00051813695,0.0001032803,0.018817166,0.9803351,8.680103e-05
ISIC_0030064,HAM_0006048,nv,2,0.0014368794,0.038930967,0.9299491,0.00047848249,0.017844578,0.0097571565,0.0016029547
ISIC_0025129,HAM_0006826,nv,2,0.00015434984,0.00026878432,0.004564213,0.0005493594,0.16119878,0.8331523,0.00011226502
ISIC_0027049,HAM_0006826,nv,2,0.00065836357,0.0011679431,0.020242479,0.0014663604,0.021464,0.95460624,0.0003946655
ISIC_0026911,HAM_0006303,nv,2,5.7572324e-05,0.00011294151,0.005622799,0.00051716116,0.007833212,0.9856818,0.00017458592
ISIC_0030464,HAM_0006303,nv,2,1.6330621e-05,0.00012090377,0.0037575348,0.00038198664,0.0024726887,0.9931797,7.093698e-05
ISIC_0024340,HAM_0001160,nv,2,3.815121e-05,9.026378e-06,0.13934141,8.0608515e-05,0.0035745567,0.8569104,4.5839734e-05
ISIC_0027361,HAM_0001160,nv,2,0.00028349747,0.000119572396,0.2075041,0.000366873,0.10577592,0.684378,0.0015719839
ISIC_0025823,HAM_0007425,nv,2,6.160138e-05,1.3584989e-05,0.0026116946,8.636434e-05,0.10381562,0.8933337,7.741649e-05
ISIC_0027458,HAM_0007425,nv,2,6.0594393e-05,7.659849e-05,0.00662132,0.00011079902,0.35503924,0.63789,0.00020141638
ISIC_0028368,HAM_0002409,nv,2,2.9483015e-06,4.7669087e-06,0.00015995326,1.4065558e-05,0.007502759,0.9923109,4.6202463e-06
ISIC_0028843,HAM_0002409,nv,2,4.5429955e-05,0.00026920377,0.0009803885,7.834275e-05,0.493432,0.5051334,6.12522e-05
ISIC_0024831,HAM_0007468,nv,2,7.952588e-05,0.0010723899,0.007070973,0.00025273275,0.003811246,0.8911796,0.09653347
ISIC_0026869,HAM_0007468,nv,2,0.0001600447,0.022026768,0.009867828,0.002011635,0.0033231098,0.42515916,0.5374515
ISIC_0025402,HAM_0002703,nv,2,0.0006973279,0.0023659512,0.07579081,0.00030050334,0.1781221,0.7426342,8.917628e-05
ISIC_0025598,HAM_0004986,nv,2,0.0010432337,0.00033474254,0.7909103,0.0036698019,0.10787758,0.095667616,0.00049665367
ISIC_0031158,HAM_0006709,nv,2,0.0001827207,0.10767419,0.0005595313,0.034990843,0.049369097,0.804989,0.0022347062
ISIC_0033712,HAM_0000407,nv,2,0.00022433508,0.0014543022,0.016194675,0.0014528827,0.5855626,0.3946668,0.00044440426
ISIC_0032771,HAM_0000407,nv,2,8.3896964e-05,0.00069972215,0.005809739,0.00039481514,0.39964804,0.5929532,0.0004105428
ISIC_0033297,HAM_0000407,nv,2,5.843937e-05,0.0010128556,0.007095274,0.0007345366,0.4904831,0.500157,0.00045876438
ISIC_0033852,HAM_0004708,nv,2,0.00360963,0.00081332127,0.043039612,0.0036414952,0.22463226,0.72370696,0.00055680773
ISIC_0033775,HAM_0004708,nv,2,1.4951068e-05,0.00013641754,0.0005850955,0.00012276249,0.08261696,0.9164111,0.00011265321
ISIC_0033561,HAM_0004708,nv,2,0.0015696305,0.0019687577,0.028067976,0.0008822042,0.4144748,0.5523166,0.0007200342
ISIC_0025456,HAM_0003158,nv,2,4.4850563e-05,0.00017773423,0.0016786963,0.0003947059,0.001776523,0.9956476,0.0002798884
ISIC_0034079,HAM_0005374,nv,2,1.0618875e-05,7.860513e-06,0.000583178,6.086917e-05,0.6821096,0.31721044,1.7473403e-05
ISIC_0033327,HAM_0005374,nv,2,4.413985e-05,2.3811665e-05,0.00015973176,0.00012598856,0.5715533,0.42807364,1.9358746e-05
ISIC_0032871,HAM_0005374,nv,2,1.1955339e-05,8.611107e-06,0.00026958954,3.0529027e-05,0.7414286,0.2582405,1.0265966e-05
ISIC_0030851,HAM_0000077,nv,2,7.122161e-05,3.2227737e-05,0.0065824576,0.00021283618,0.0016992044,0.991339,6.2975734e-05
ISIC_0026979,HAM_0002060,nv,2,2.6168816e-05,0.001433661,0.0059134145,0.00013420038,0.003745055,0.98819077,0.00055678864
ISIC_0034136,HAM_0002750,nv,2,0.0054221107,0.0015965241,0.042161632,0.014503238,0.3108509,0.62426746,0.0011980791
ISIC_0033386,HAM_0002750,nv,2,9.457501e-05,0.00016630882,0.04899107,0.00033399032,0.040298954,0.91006225,5.2844945e-05
ISIC_0033003,HAM_0002750,nv,2,0.0003212117,0.00044945598,0.0076545835,0.0011037574,0.45942244,0.5308616,0.00018699554
ISIC_0033919,HAM_0002386,nv,2,6.9114294e-06,1.2811766e-05,0.0002785132,3.55823e-05,0.006941588,0.9926927,3.1895765e-05
ISIC_0033640,HAM_0002386,nv,2,2.8785585e-06,1.2024871e-05,0.00010206899,2.8177947e-05,0.008013878,0.9918127,2.828823e-05
ISIC_0033927,HAM_0002386,nv,2,1.4543652e-05,2.0469817e-05,0.0006076363,9.3914896e-05,0.012469749,0.9867329,6.087334e-05
ISIC_0032664,HAM_0000294,nv,2,0.00031293018,0.001834514,0.25903803,0.000591522,0.007288488,0.7307593,0.0001751954
ISIC_0033461,HAM_0000294,nv,2,0.00035126545,0.002875786,0.12902898,0.006392683,0.1631079,0.697524,0.00071934354
ISIC_0031466,HAM_0002567,nv,2,0.0014950505,0.00038602852,0.003689911,0.0003263409,0.001977721,0.99199545,0.00012955615
ISIC_0031048,HAM_0002567,nv,2,0.00011754728,0.0005314609,0.00078852254,0.0006979103,0.0010410582,0.996259,0.00056463334
ISIC_0026502,HAM_0005107,nv,2,5.0743707e-05,0.00013008574,0.0009500124,0.00013187647,0.65578246,0.34288383,7.10032e-05
ISIC_0032082,HAM_0005107,nv,2,0.00020393787,0.0002588106,0.010614368,0.00014348821,0.13940786,0.8489875,0.00038399437
ISIC_0026384,HAM_0005127,nv,2,0.00012914505,0.00015577867,0.017468644,0.0008470804,0.07882604,0.9021163,0.00045696562
ISIC_0028436,HAM_0005127,nv,2,0.000101966216,8.403911e-05,0.004045772,0.0007036508,0.51202357,0.48288426,0.00015669937
ISIC_0029636,HAM_0001220,nv,2,0.00026883744,0.00064239325,0.003817791,0.0005032364,0.70035404,0.2942408,0.0001728978
ISIC_0027931,HAM_0001220,nv,2,0.00019112464,0.000303632,0.015803153,0.00026743146,0.5697345,0.41358292,0.000117289404
ISIC_0032711,HAM_0006869,nv,2,0.0060813976,0.004082857,0.029737018,0.0047454564,0.103060134,0.8520262,0.00026693713
ISIC_0033207,HAM_0006869,nv,2,0.00015943765,0.00018495093,0.0005713604,0.0004376496,0.84727275,0.15131542,5.842517e-05
ISIC_0032558,HAM_0006869,nv,2,0.0012508787,0.004566596,0.012217861,0.0034135487,0.52065945,0.45768902,0.00020261122
ISIC_0032651,HAM_0004714,nv,2,7.638327e-05,0.0002979995,0.0001857563,0.00044430266,0.17086932,0.82800907,0.00011715503
ISIC_0033699,HAM_0004714,nv,2,1.7300921e-05,2.8973589e-05,0.00033029247,0.00039801988,0.022224775,0.9769258,7.471273e-05
ISIC_0033915,HAM_0004714,nv,2,0.00020986621,0.00014200258,0.0021932726,0.000990518,0.47966594,0.5166206,0.0001777636
ISIC_0032821,HAM_0006391,nv,2,5.610548e-05,3.3436743e-05,0.00074266223,0.0001989112,0.3358766,0.66277224,0.00032003951
ISIC_0032783,HAM_0006391,nv,2,2.8141969e-05,8.126047e-06,0.002219279,0.000295546,0.010707163,0.9866846,5.707084e-05
ISIC_0034139,HAM_0006391,nv,2,8.0345715e-05,2.310953e-05,0.00183313,0.0003079966,0.0829333,0.9145455,0.00027662615
ISIC_0034320,HAM_0002244,nv,2,7.1212155e-05,2.619749e-05,0.0053612506,8.244636e-05,0.008995958,0.9854166,4.633863e-05
ISIC_0032549,HAM_0002244,nv,2,2.9479863e-05,3.704832e-05,0.0017484259,0.00011636761,0.007822521,0.990121,0.0001250883
ISIC_0033990,HAM_0006379,nv,2,3.857076e-05,0.00068101776,0.022311246,0.0020895042,0.19520225,0.7796162,6.115624e-05
ISIC_0032937,HAM_0006379,nv,2,0.00021440675,0.001934457,0.07891116,0.00029478146,0.0013095584,0.9173121,2.3544462e-05
ISIC_0033231,HAM_0005364,nv,2,4.582186e-05,0.0001265182,0.00045074156,0.0003131356,0.41259843,0.5864206,4.4760396e-05
ISIC_0033035,HAM_0005364,nv,2,2.3185734e-05,5.783532e-05,0.0002581894,0.00014653837,0.40242174,0.59706855,2.3921726e-05
ISIC_0032525,HAM_0005364,nv,2,1.444851e-05,2.7472057e-05,0.00021566285,7.511564e-05,0.83195096,0.16770576,1.0529543e-05
ISIC_0032815,HAM_0004615,nv,2,2.0418174e-05,9.5899464e-05,0.0005446355,0.00015264945,0.16545017,0.8336866,4.9558017e-05
ISIC_0033094,HAM_0004615,nv,2,4.46611e-06,1.6987118e-05,0.00025880843,0.00010204603,0.01376275,0.9857965,5.8371646e-05
ISIC_0033162,HAM_0004615,nv,2,5.977008e-05,0.00012802478,0.00092001667,0.00036435272,0.7679214,0.23057179,3.472766e-05
ISIC_0033988,HAM_0005961,nv,2,1.8964286e-06,2.6384716e-05,0.03389382,4.2826625e-05,0.03369581,0.9323291,1.02120275e-05
ISIC_0032859,HAM_0005961,nv,2,2.1163352e-05,4.2006224e-05,0.004705879,9.920544e-05,0.008242959,0.9868477,4.119375e-05
ISIC_0032795,HAM_0005961,nv,2,2.4905937e-06,1.2797372e-05,0.0031467413,3.5821085e-05,0.01676375,0.9800252,1.307529e-05
ISIC_0033510,HAM_0000547,nv,2,0.0018357206,0.006701685,0.019798594,0.00026189056,0.57789385,0.3933204,0.0001878973
ISIC_0033222,HAM_0000547,nv,2,0.00021220364,4.4567263e-05,0.0031366348,7.262294e-05,0.9312334,0.06525527,4.5269095e-05
ISIC_0032546,HAM_0000547,nv,2,0.00011435503,0.00018670732,0.014559334,7.100465e-05,0.8687883,0.1162079,7.240509e-05
ISIC_0032989,HAM_0005135,nv,2,0.0001454046,0.0001788507,0.00044007364,0.00015297912,0.96729094,0.031768765,2.3051325e-05
ISIC_0033618,HAM_0005135,nv,2,9.4311654e-05,0.00053718936,0.00015519021,8.404651e-05,0.979357,0.01973906,3.3106502e-05
ISIC_0033016,HAM_0005135,nv,2,2.7709579e-05,0.0018117998,6.7386856e-05,0.00024649088,0.84407526,0.15371752,5.383053e-05
ISIC_0033091,HAM_0003824,nv,2,1.7676597e-05,2.9429784e-05,0.0017617241,0.0001778313,0.014862798,0.9826643,0.0004862363
ISIC_0034138,HAM_0003824,nv,2,1.5633525e-05,6.897835e-05,0.00093174964,7.6950906e-05,0.05158469,0.9470777,0.00024431077
ISIC_0032971,HAM_0003824,nv,2,6.1862185e-05,0.00010523112,0.028059892,8.639186e-05,0.0016011046,0.9700135,7.2042254e-05
ISIC_0033170,HAM_0001358,nv,2,0.000106911044,0.0001958729,0.0054701194,0.00084421184,0.19519664,0.7980814,0.0001048432
ISIC_0032680,HAM_0001358,nv,2,4.8877522e-05,0.00024105393,0.008522376,0.0005839331,0.27327228,0.7171696,0.00016183597
ISIC_0033674,HAM_0001358,nv,2,0.00085005694,0.0003641796,0.031541925,0.008176139,0.30382574,0.6546053,0.0006366633
ISIC_0034314,HAM_0006042,nv,2,0.00019748672,0.002758356,0.001058261,0.00076596776,0.2607242,0.7340809,0.0004148259
ISIC_0034174,HAM_0006042,nv,2,6.468106e-05,9.356057e-05,0.0004056156,8.403112e-05,0.11468416,0.88461334,5.45734e-05
ISIC_0033983,HAM_0006042,nv,2,0.00046108142,3.320549e-05,0.010859054,8.331571e-05,0.034611247,0.95392495,2.7101534e-05
ISIC_0032702,HAM_0004814,nv,2,0.000946918,0.0023299523,0.008748182,0.0017079621,0.5986493,0.3872727,0.00034496633
ISIC_0033667,HAM_0004814,nv,2,0.0002535743,0.0005582012,0.17065099,0.00017771624,0.09424242,0.7340703,4.681501e-05
ISIC_0033107,HAM_0004814,nv,2,0.0014441636,0.001446987,0.08032533,0.00055352185,0.15468,0.76136166,0.00018832632
ISIC_0033121,HAM_0001824,nv,2,4.4211658e-05,9.656713e-05,0.0017600025,0.00029197955,0.05377178,0.943865,0.00017047656
ISIC_0034158,HAM_0001824,nv,2,8.796077e-05,0.00014904296,0.012014663,0.00013892331,0.06866858,0.9187755,0.00016529806
ISIC_0033213,HAM_0001824,nv,2,0.00029154652,0.00020673744,0.0014519582,0.0009265329,0.7404722,0.25640064,0.00025034897
ISIC_0032705,HAM_0007367,nv,2,0.00030411858,0.0003777432,0.4118256,0.00040053792,0.3634348,0.22216323,0.0014940032
ISIC_0034198,HAM_0007367,nv,2,7.729481e-06,2.6250837e-05,0.001550845,6.729622e-05,0.0066857715,0.991288,0.00037425014
ISIC_0033658,HAM_0007367,nv,2,3.4590103e-05,0.00016992624,0.008044842,0.00012287231,0.05035085,0.94081813,0.00045876062
ISIC_0033046,HAM_0007367,nv,2,2.2525115e-05,4.676334e-05,0.0080666235,0.00015975082,0.12040486,0.870768,0.00053153216
ISIC_0032689,HAM_0007367,nv,2,3.243817e-05,4.9269463e-05,0.0017190905,0.0002606869,0.16448683,0.8320764,0.001375271
ISIC_0033194,HAM_0003634,nv,2,1.348062e-06,9.913867e-05,0.00045584567,4.9503055e-06,0.000648362,0.9987832,7.132656e-06
ISIC_0034258,HAM_0003634,nv,2,1.3424997e-06,0.0001234724,0.00048147654,9.3918825e-06,0.0008186194,0.998555,1.0746837e-05
ISIC_0034023,HAM_0003634,nv,2,0.00044374587,0.015901528,0.025458697,0.0039242855,0.021167923,0.93251705,0.0005867207
ISIC_0033104,HAM_0006496,nv,2,5.7189634e-05,6.9797024e-05,0.00031342014,0.00070080673,0.8828441,0.11580394,0.00021083168
ISIC_0032579,HAM_0006496,nv,2,1.1497215e-05,0.0015597191,0.020615615,0.012342309,0.60042083,0.36488563,0.00016439319
ISIC_0033189,HAM_0006496,nv,2,8.1350576e-05,0.00043380537,0.0035170203,0.002536928,0.6643606,0.32888234,0.0001880407
ISIC_0033128,HAM_0007348,nv,2,0.0004525138,0.00020277234,0.00201421,0.00021043846,0.41462544,0.58243597,5.8665366e-05
ISIC_0033115,HAM_0007348,nv,2,5.972092e-06,2.7027716e-05,0.00022696426,4.9036556e-05,0.012379734,0.9872931,1.803954e-05
ISIC_0032625,HAM_0007348,nv,2,0.0002484237,0.00048072333,0.0014989182,0.0002533234,0.03350442,0.9639624,5.186942e-05
ISIC_0032530,HAM_0003676,nv,2,9.005744e-06,2.9993706e-05,0.00040248877,0.00014619947,0.021153936,0.9725787,0.005679622
ISIC_0033249,HAM_0003676,nv,2,1.4183921e-05,2.096248e-05,0.0012619209,0.0003337233,0.042947516,0.947407,0.008014624
ISIC_0026279,HAM_0003243,nv,2,6.271205e-05,0.00011444749,0.0009995973,9.6562864e-05,0.013306068,0.9852621,0.00015858456
ISIC_0031814,HAM_0003243,nv,2,0.00013573527,0.00040523065,0.0035801765,0.00030828323,0.7269725,0.26124305,0.007355018
ISIC_0034237,HAM_0002170,nv,2,8.8822286e-05,9.7742915e-05,0.0021227458,0.00036386895,0.6096388,0.38751,0.00017802964
ISIC_0034032,HAM_0002170,nv,2,3.5593403e-05,0.00011557212,0.0046732114,8.005446e-05,0.07109482,0.9237741,0.00022672162
ISIC_0033075,HAM_0002170,nv,2,1.4721004e-05,5.1784347e-05,0.014727599,0.00011157154,0.03185542,0.9530288,0.00021007791
ISIC_0033645,HAM_0006191,nv,2,5.6851904e-06,6.938485e-06,0.00012310776,7.8865785e-05,0.018649373,0.9811282,7.93949e-06
ISIC_0028829,HAM_0006191,nv,2,8.412942e-06,4.600917e-06,9.2231574e-05,8.809397e-05,0.007753837,0.992027,2.5863123e-05
ISIC_0033530,HAM_0006191,nv,2,2.8420618e-05,4.8534315e-05,0.0002181539,0.00030081332,0.07418389,0.92517656,4.3761545e-05
ISIC_0033339,HAM_0000316,nv,2,1.1190429e-05,0.00024685691,0.012630471,0.0001593828,0.011556464,0.9560138,0.019381806
ISIC_0034285,HAM_0001673,nv,2,4.510564e-05,0.00030110072,0.035316065,0.0001994045,0.53806037,0.4248103,0.0012676815
ISIC_0033966,HAM_0001673,nv,2,3.752261e-05,0.002126118,0.008766378,9.071803e-05,0.22683425,0.7613987,0.00074633764
ISIC_0033764,HAM_0007299,nv,2,5.0607403e-05,9.566157e-05,0.0012012166,0.00078970264,0.9798861,0.01794724,2.9519037e-05
ISIC_0033934,HAM_0007299,nv,2,0.0028837933,0.00054450094,0.03022641,0.0005016178,0.92483413,0.040953074,5.6500226e-05
ISIC_0032565,HAM_0007299,nv,2,0.00023021518,7.145677e-05,0.012593898,0.00021291424,0.87432027,0.11246763,0.000103563645
ISIC_0032772,HAM_0005496,nv,2,3.1910684e-05,0.0003390753,0.0026974843,6.199189e-05,0.034857888,0.9607226,0.0012890637
ISIC_0034041,HAM_0005496,nv,2,4.0375803e-06,4.2568485e-05,0.0039806487,1.02300855e-05,0.0017103846,0.99421424,3.7935217e-05
ISIC_0033598,HAM_0005496,nv,2,0.00015266315,9.684925e-05,0.00076700374,7.0580194e-05,0.7561888,0.2426384,8.563627e-05
ISIC_0034021,HAM_0005496,nv,2,1.3676888e-05,8.4273444e-05,0.0010567965,2.5954174e-05,0.06351724,0.9352039,9.814152e-05
ISIC_0034220,HAM_0002502,nv,2,2.6496577e-05,5.6093257e-05,0.00076681835,0.00016943752,0.1464154,0.8524943,7.146466e-05
ISIC_0032973,HAM_0002502,nv,2,7.431409e-05,6.6614724e-05,0.0005599412,0.00019887483,0.4003512,0.5986553,9.3758514e-05
ISIC_0033425,HAM_0002502,nv,2,4.2146254e-05,1.7432447e-05,0.00016219541,7.5723096e-05,0.66344965,0.3362199,3.2887703e-05
ISIC_0033443,HAM_0004118,nv,2,1.8535031e-06,7.2170947e-06,6.540208e-05,5.9723985e-05,0.0068494333,0.99299777,1.8574043e-05
ISIC_0032593,HAM_0004118,nv,2,4.2736797e-06,6.365626e-06,4.4532764e-05,4.5767258e-05,0.022799786,0.9770752,2.4023624e-05
ISIC_0033935,HAM_0004118,nv,2,5.8137095e-07,1.5989585e-06,1.2503306e-05,1.4617845e-05,0.010130023,0.9898315,9.076426e-06
ISIC_0032605,HAM_0006334,nv,2,0.00019391078,6.0305865e-05,0.00031876957,0.00041171355,0.058820274,0.94008565,0.000109413304
ISIC_0032779,HAM_0006334,nv,2,0.00031280515,0.00010642659,0.0005560041,0.0008011195,0.04161456,0.9564378,0.00017140308
ISIC_0033950,HAM_0006334,nv,2,5.1118295e-05,3.9733288e-05,0.0023444968,0.00021437701,0.026635543,0.9706342,8.0577585e-05
ISIC_0033442,HAM_0002417,nv,2,1.2913311e-05,1.969045e-05,0.0023700371,5.341975e-05,0.023901494,0.9735724,7.008192e-05
ISIC_0032943,HAM_0002417,nv,2,1.5854637e-05,2.9504885e-05,0.00043082764,3.916404e-05,0.31304023,0.68641883,2.5484525e-05
ISIC_0032752,HAM_0007052,nv,2,3.5536676e-05,5.612585e-05,0.24630237,0.00019666519,0.01803478,0.7353231,5.150398e-05
ISIC_0033794,HAM_0007052,nv,2,2.008251e-05,7.819645e-05,0.46176806,0.00022759863,0.1505009,0.38733172,7.345877e-05
ISIC_0034200,HAM_0004583,nv,2,1.5830004e-05,7.348368e-05,0.0009370036,0.00015420366,0.0054892115,0.9932941,3.6164536e-05
ISIC_0034249,HAM_0004584,nv,2,0.00048608083,0.0027605665,0.024472864,0.00031322497,0.019237129,0.9521263,0.000603757
ISIC_0032824,HAM_0004590,nv,2,2.432704e-06,1.42475e-05,8.969591e-05,0.00018630446,0.00041963867,0.9992743,1.3280131e-05
ISIC_0033955,HAM_0000432,nv,2,4.1932067e-06,7.1608015e-06,0.00014425055,0.00049386616,0.9891087,0.0101821115,5.9722915e-05
ISIC_0033822,HAM_0000432,nv,2,8.5926185e-06,1.574263e-05,0.00020296081,0.00037696544,0.18344195,0.8157319,0.00022182307
ISIC_0027397,HAM_0003699,nv,2,0.005143756,0.008827065,0.5085347,0.049631674,0.07175672,0.35190788,0.0041982112
ISIC_0032966,HAM_0004076,nv,2,5.852956e-05,0.00013112783,0.0008676784,0.00013449986,0.15307339,0.84218144,0.0035533342
ISIC_0033864,HAM_0004076,nv,2,2.401853e-05,9.897243e-05,0.0047780816,2.7861985e-05,0.00065203296,0.99419135,0.00022765902
ISIC_0033177,HAM_0006295,nv,2,1.0905044e-06,0.00015159474,0.00030414356,9.112867e-06,0.0018199465,0.997695,1.9029976e-05
ISIC_0033086,HAM_0006295,nv,2,4.4606512e-07,6.354155e-05,0.00014904275,1.2342174e-05,0.15249653,0.8472414,3.6775033e-05
ISIC_0032720,HAM_0006295,nv,2,2.646767e-07,3.480148e-05,6.2618594e-05,4.076051e-06,0.00011773189,0.9997744,6.191005e-06
ISIC_0033463,HAM_0007533,nv,2,0.0031711247,0.00030491856,0.061553497,0.003455696,0.7820345,0.1472272,0.0022530605
ISIC_0033757,HAM_0007533,nv,2,0.0016638141,0.00024682132,0.8017902,0.0032959895,0.05283218,0.13905838,0.001112677
ISIC_0033873,HAM_0002598,nv,2,0.00086374505,0.0014550013,0.050151367,0.030063957,0.24421613,0.6716735,0.001576307
ISIC_0029393,HAM_0001755,nv,2,6.4281858e-06,9.44615e-05,0.0004635956,0.0010148133,0.03080098,0.9675935,2.6231013e-05
ISIC_0029306,HAM_0000897,nv,2,1.0997434e-05,1.622144e-05,0.00019684715,7.5153825e-05,0.0072155236,0.99233717,0.00014815335
ISIC_0029654,HAM_0000312,nv,2,3.5529747e-06,3.364391e-05,0.00042463606,1.7556802e-05,0.00035203568,0.99915004,1.8689121e-05
ISIC_0031053,HAM_0001052,nv,2,2.8920002e-05,0.00014179427,0.00019043275,0.00028643233,0.024080144,0.97511894,0.00015331616
ISIC_0024424,HAM_0006333,nv,2,0.092771955,0.054484587,0.059431948,0.24269715,0.31645948,0.2199556,0.014199281
ISIC_0031970,HAM_0005421,nv,2,0.00031466933,0.00034967042,0.010405164,0.00034627228,0.07038099,0.9180783,0.00012492258
ISIC_0028060,HAM_0005421,nv,2,1.0985518e-05,6.446414e-05,0.0011252137,4.8470378e-05,0.003589041,0.9951416,2.0244963e-05
ISIC_0025993,HAM_0005232,nv,2,0.00017413103,6.04136e-05,0.00067209115,0.00017515433,0.7611765,0.2376509,9.086886e-05
ISIC_0026049,HAM_0000773,nv,2,0.000600297,0.00012919097,0.9587648,0.000106685526,0.008234408,0.03198462,0.00018006591
ISIC_0027505,HAM_0005805,nv,2,0.00038666202,8.4112944e-05,0.0024011978,0.00061427435,0.04451782,0.9518329,0.00016308471
ISIC_0030074,HAM_0000140,nv,2,9.2742107e-07,1.253053e-05,4.5294023e-06,1.682877e-05,0.00019268913,0.9997669,5.658994e-06
ISIC_0027285,HAM_0005902,nv,2,1.9792746e-05,8.835911e-05,0.058086615,0.00012124528,0.25830024,0.6831941,0.0001896312
ISIC_0026886,HAM_0001041,nv,2,1.1125243e-06,1.1148656e-05,0.00014198943,6.156873e-06,0.0016741114,0.99815387,1.1480109e-05
ISIC_0027942,HAM_0001041,nv,2,1.5280469e-06,7.4047034e-06,0.00017778628,1.2304043e-05,0.00068102544,0.99910516,1.4812548e-05
ISIC_0031521,HAM_0001637,nv,2,1.2820734e-06,1.0671955e-05,2.5327154e-05,1.3543416e-05,0.0044681453,0.99547833,2.7141496e-06
ISIC_0029664,HAM_0006754,nv,2,5.711698e-05,0.00040985545,0.030053264,4.0979427e-05,0.004715809,0.9646074,0.00011560505
ISIC_0030116,HAM_0000182,nv,2,0.00034494637,0.0015672236,0.002207982,0.00041689826,0.060676448,0.9344243,0.00036220747
ISIC_0026270,HAM_0000182,nv,2,5.2678763e-05,0.00019382329,0.00037800812,0.00012514171,0.25439268,0.7447866,7.102561e-05
ISIC_0025096,HAM_0000182,nv,2,0.00012877258,0.0006036351,0.0007713074,0.0003101184,0.2195761,0.7784649,0.00014506598
ISIC_0032347,HAM_0007585,nv,2,3.3106184e-07,9.0106776e-05,1.356429e-05,9.581023e-06,0.006757296,0.9931257,3.4430127e-06
ISIC_0027398,HAM_0001567,nv,2,1.4172713e-05,4.711024e-05,0.00014286005,0.000105544335,0.015152607,0.9843689,0.00016882415
ISIC_0032407,HAM_0001567,nv,2,2.5440339e-05,8.0220045e-05,0.0004042207,9.3238814e-05,0.009947593,0.98924303,0.0002062542
ISIC_0030840,HAM_0002154,nv,2,0.0058072214,0.0002492409,0.18314424,0.0002694937,0.44888127,0.3613914,0.00025715266
ISIC_0032291,HAM_0000032,nv,2,2.6409545e-05,0.00043591027,4.6622572e-05,0.0001737321,0.003934864,0.99533516,4.726437e-05
ISIC_0024503,HAM_0001142,nv,2,0.00028590157,0.001314272,0.0024541847,0.00035930198,0.035314675,0.96009564,0.00017613884
ISIC_0029667,HAM_0001142,nv,2,0.00010971269,0.0009612891,0.0005737317,0.0002453173,0.010120102,0.98789704,9.274894e-05
ISIC_0029450,HAM_0004239,nv,2,4.721812e-06,0.00014390952,2.464407e-05,2.669869e-05,0.0013882321,0.99840206,9.783606e-06
ISIC_0027887,HAM_0004239,nv,2,4.2798547e-06,0.00013723469,1.8410174e-05,3.3994023e-05,0.0020107494,0.9977859,9.275314e-06
ISIC_0024928,HAM_0004239,nv,2,6.299164e-06,0.0006024254,6.6933404e-05,3.39202e-05,0.0017144752,0.9975656,1.040587e-05
ISIC_0025078,HAM_0001512,nv,2,7.127833e-05,6.976329e-05,9.461305e-05,0.00024019138,0.069251396,0.9301999,7.282627e-05
ISIC_0025516,HAM_0001512,nv,2,4.8150287e-05,8.6510394e-05,4.6396206e-05,0.0002191929,0.15398948,0.8455686,4.16706e-05
ISIC_0029835,HAM_0001512,nv,2,6.307693e-05,6.2831015e-05,7.1755276e-05,0.0001819852,0.079461426,0.92010736,5.1582538e-05
ISIC_0028101,HAM_0001512,nv,2,4.430053e-05,6.126541e-05,7.375599e-05,0.00016882915,0.16661124,0.83300376,3.6870173e-05
ISIC_0032227,HAM_0000963,nv,2,7.0222224e-05,0.0005093371,0.00020438882,6.3069856e-05,0.0043614986,0.99476177,2.9675939e-05
ISIC_0029938,HAM_0001895,nv,2,3.3918343e-05,0.0002611178,0.0006160758,0.0002999583,0.6003127,0.3983354,0.00014086248
ISIC_0024777,HAM_0001895,nv,2,3.3918343e-05,0.0002611178,0.0006160758,0.0002999583,0.6003127,0.3983354,0.00014086248
ISIC_0029196,HAM_0001895,nv,2,7.830194e-05,0.0014180767,0.00044447798,0.0005488571,0.73889875,0.2583666,0.00024498513
ISIC_0024349,HAM_0000025,nv,2,6.6211483e-06,3.0200152e-05,2.1498932e-05,0.0001332493,0.0070101377,0.9927533,4.498299e-05
ISIC_0026126,HAM_0000025,nv,2,1.0918902e-05,5.353519e-05,3.0742674e-05,0.00027107878,0.029578181,0.96997607,7.958483e-05
ISIC_0028271,HAM_0000025,nv,2,3.8089106e-06,3.5926812e-05,2.7172e-05,7.8318255e-05,0.016879035,0.98291785,5.786117e-05
ISIC_0027658,HAM_0000222,nv,2,2.0137524e-07,3.2563855e-06,1.2505539e-06,2.086119e-06,0.000107311425,0.9998729,1.2891838e-05
ISIC_0028678,HAM_0000222,nv,2,6.009366e-07,4.6534515e-06,3.0162535e-06,6.249685e-06,0.00043856484,0.9994425,0.00010439742
ISIC_0030610,HAM_0001130,nv,2,2.265098e-06,5.3285903e-06,1.05147e-05,3.8161867e-05,0.0017374889,0.9982028,3.4136233e-06
ISIC_0024694,HAM_0001130,nv,2,2.3568805e-06,7.147152e-06,1.3749614e-05,2.173706e-05,0.0010922671,0.99886024,2.431696e-06
ISIC_0029661,HAM_0001699,nv,2,3.0558383e-06,0.0012019053,0.00050594547,0.00012817315,0.67450976,0.3236333,1.7792423e-05
ISIC_0024328,HAM_0002701,nv,2,0.00018616144,6.942772e-05,0.01796086,6.663771e-05,0.17736933,0.8042843,6.333825e-05
ISIC_0031559,HAM_0006760,nv,2,1.8231898e-06,5.07347e-06,1.87401e-05,3.0005142e-05,0.0078002866,0.9921393,4.692193e-06
ISIC_0028115,HAM_0007168,nv,2,8.260892e-06,3.797482e-05,0.0038134828,2.7946238e-05,0.12121033,0.8748827,1.9357794e-05
ISIC_0028518,HAM_0002919,nv,2,1.2545006e-05,0.00013672812,0.0001020054,5.7443798e-05,0.020016707,0.97964704,2.7454384e-05
ISIC_0026764,HAM_0002701,nv,2,0.006324926,0.00025616778,0.020142328,0.00016187885,0.1988149,0.77413726,0.00016251243
ISIC_0025969,HAM_0004369,nv,2,5.2571108e-05,0.000540365,0.26347083,0.00021078497,0.0022917455,0.7331719,0.00026181428
ISIC_0026030,HAM_0003580,nv,2,0.00054444873,0.0001177453,0.00027057654,0.0001848779,0.8113172,0.18750685,5.828815e-05
ISIC_0028757,HAM_0003662,nv,2,0.019875774,0.02779763,0.008700058,0.03285773,0.036336914,0.8736717,0.0007602026
ISIC_0031603,HAM_0002128,nv,2,0.6849234,0.0033763899,0.05769589,0.00032275906,0.120660275,0.13251938,0.00050185557
ISIC_0029867,HAM_0002128,nv,2,0.57277054,0.011887472,0.08105783,0.00169591,0.061564006,0.2668838,0.0041404217
ISIC_0031070,HAM_0000632,nv,2,0.011918589,0.0010096395,0.0077764294,0.0019047658,0.12642781,0.8505826,0.00038023377
ISIC_0031354,HAM_0002823,nv,2,0.00011170108,0.00030482342,0.01838595,0.00027111557,0.1533435,0.82734966,0.0002332602
ISIC_0032163,HAM_0001427,nv,2,0.0005865348,0.00031029186,0.0011888896,0.0008710852,0.012262132,0.9846222,0.00015879142
ISIC_0026454,HAM_0006210,nv,2,0.00056984584,3.9931394e-05,0.0010552963,0.00023068867,0.8491631,0.14871977,0.00022141825
ISIC_0027874,HAM_0002684,nv,2,5.110665e-05,4.195715e-05,0.00022156397,0.0033290032,0.037188627,0.95910734,6.0454036e-05
ISIC_0030967,HAM_0005881,nv,2,0.00010156589,0.00019846836,0.0006961134,0.00039470146,0.056776613,0.9417296,0.00010296403
ISIC_0032015,HAM_0005643,nv,2,0.00082370103,0.00021237189,0.018701635,0.00046025304,0.5116767,0.46771038,0.00041499265
ISIC_0026615,HAM_0002532,nv,2,5.432397e-05,0.0049477303,0.034748893,0.0009704676,0.01580082,0.94287056,0.00060730317
ISIC_0028135,HAM_0002944,nv,2,0.00044634065,0.00016581091,0.00429935,0.00417522,0.0612646,0.9288545,0.0007941357
ISIC_0029438,HAM_0002738,nv,2,0.00049705635,0.061276797,0.00037593135,0.0010751202,0.010011713,0.9254175,0.0013458716
ISIC_0031353,HAM_0000168,nv,2,0.0011150979,0.002301478,0.08120916,0.00117548,0.75190806,0.1616615,0.0006291891
ISIC_0029693,HAM_0002305,nv,2,0.00040083722,0.00013961211,0.0011296785,0.0010800541,0.15280452,0.84399277,0.00045243732
ISIC_0024841,HAM_0002368,nv,2,0.0008255321,0.0049014096,0.0026056624,0.0010957905,0.8004916,0.18976243,0.00031764994
ISIC_0029121,HAM_0002368,nv,2,0.0010897198,0.0010469505,0.000639988,0.0011690988,0.6415264,0.3542845,0.00024338694
ISIC_0027237,HAM_0003850,nv,2,0.0012034005,0.00561359,0.38857847,0.0017003845,0.3707842,0.23112622,0.0009937646
ISIC_0029001,HAM_0005664,nv,2,0.0040490897,0.9463323,0.017995654,0.0084596565,0.0066141738,0.016053608,0.0004955467
ISIC_0027671,HAM_0000971,nv,2,0.00039349002,0.00014363039,0.0002749687,0.00017597963,0.047200754,0.95176303,4.8110156e-05
ISIC_0026546,HAM_0000971,nv,2,0.00030243656,0.00035775208,0.0005391514,0.0006997609,0.18823855,0.80972475,0.00013765658
ISIC_0025013,HAM_0001154,nv,2,4.016996e-05,4.5164306e-05,0.00020680812,0.0023708418,0.025545022,0.9717652,2.6758966e-05
ISIC_0027724,HAM_0001154,nv,2,0.00044450496,0.00020510535,0.00035786803,0.007042063,0.07758044,0.9142574,0.000112608184
ISIC_0030796,HAM_0006793,nv,2,0.0002038389,0.0009135426,0.006774983,0.00022300043,0.38173667,0.6100134,0.00013446639
ISIC_0024790,HAM_0001941,nv,2,0.00029150484,0.00020350316,0.0020764926,0.00034888563,0.3369841,0.6597828,0.00031273905
ISIC_0030733,HAM_0006245,nv,2,0.0005288863,0.00059232453,0.02518628,0.00088571786,0.327899,0.6445078,0.0004000048
ISIC_0025597,HAM_0000284,nv,2,0.00018958663,0.00052654167,0.0043637045,0.0013147077,0.088205464,0.9048724,0.0005275711
ISIC_0025225,HAM_0000284,nv,2,1.1845177e-05,2.8304325e-05,0.0002883871,0.00010373532,0.022532232,0.9769916,4.3838598e-05
ISIC_0027569,HAM_0005009,nv,2,1.5461437e-05,0.0030369908,0.0006998381,0.00010321215,0.033457678,0.96261764,6.929335e-05
ISIC_0030544,HAM_0003562,nv,2,1.732826e-06,1.7398677e-05,1.8629635e-05,2.8158227e-05,1.0368954e-05,0.99986804,5.5726552e-05
ISIC_0030962,HAM_0003562,nv,2,3.230589e-07,4.028995e-06,1.050157e-05,6.131497e-06,7.675614e-06,0.9998814,8.998078e-05
ISIC_0025926,HAM_0005854,nv,2,0.059855822,0.02281041,0.0052205757,0.033547394,0.7900837,0.08600156,0.0024805171
ISIC_0031117,HAM_0005176,nv,2,0.0014702167,0.0014875472,0.037843402,0.00044446706,0.03180516,0.9267639,0.00018528145
ISIC_0031046,HAM_0002657,nv,2,0.00012581797,8.4635336e-05,0.0023520882,0.0001417375,0.0394537,0.95774436,9.779594e-05
ISIC_0032243,HAM_0004701,nv,2,0.0050196815,0.00017264693,0.023444273,0.00023551991,0.23379178,0.73720676,0.00012930659
ISIC_0029109,HAM_0003820,nv,2,0.00018401661,3.05726e-05,0.00074215437,0.00013701688,0.13416462,0.8646708,7.0806294e-05
ISIC_0028675,HAM_0001799,nv,2,0.00025486277,0.007922743,0.0073542222,0.10945023,0.00041855944,0.8727436,0.0018558104
ISIC_0028297,HAM_0001630,nv,2,0.0005998165,4.6706784e-05,0.001968404,0.00012353761,0.8955717,0.10166479,2.5049218e-05
ISIC_0029452,HAM_0005429,nv,2,0.0001345775,2.8319382e-05,0.016720751,3.0382262e-05,0.95114464,0.03191688,2.4412835e-05
ISIC_0026452,HAM_0003311,nv,2,0.0023688646,0.0005063344,0.0035215288,0.0020242196,0.47866675,0.5125324,0.0003799684
ISIC_0027007,HAM_0003311,nv,2,0.0032105527,0.011951972,0.015548401,0.0015374343,0.2709651,0.6959998,0.0007867798
ISIC_0029544,HAM_0007013,nv,2,0.0031816904,0.0036621033,0.21056521,0.037248727,0.04668616,0.6965116,0.0021444464
ISIC_0026601,HAM_0002899,nv,2,0.00030938612,0.00077174377,0.0012417022,0.006074682,0.78424805,0.2069949,0.0003595958
ISIC_0024439,HAM_0005631,nv,2,0.0014278071,0.0003721022,0.004239811,0.0038906694,0.018282503,0.9712663,0.00052066456
ISIC_0025492,HAM_0005631,nv,2,0.010382846,0.00032238368,0.009401327,0.0024314674,0.02192689,0.9553977,0.00013730802
ISIC_0030006,HAM_0003546,nv,2,0.00018986245,0.00021725363,0.0026005735,0.00049924484,0.3770186,0.6191752,0.0002992795
ISIC_0026974,HAM_0003603,nv,2,4.8818056e-05,3.7797417e-05,0.000902321,0.0002520687,0.0022787035,0.99642414,5.6189234e-05
ISIC_0029881,HAM_0000217,nv,2,0.0065868623,0.00011585103,0.00794091,0.0009949533,0.77219516,0.21193266,0.00023356889
ISIC_0031115,HAM_0000217,nv,2,0.0016703106,2.7143456e-05,0.10740254,0.00012974735,0.7706906,0.120050445,2.912068e-05
ISIC_0025289,HAM_0006110,nv,2,0.0014541786,0.0015939863,0.0053923866,0.0032962994,0.15991405,0.5228041,0.3055451
ISIC_0031049,HAM_0001688,nv,2,0.00023247275,0.0003343052,0.00034290212,0.003257338,0.2404288,0.75517935,0.00022488068
ISIC_0026795,HAM_0003603,nv,2,7.1779614e-05,6.716781e-05,0.0005585579,0.00034445373,0.03243138,0.96647716,4.9429804e-05
ISIC_0026818,HAM_0001330,nv,2,0.000103240105,2.646252e-05,9.45536e-05,0.00022771006,0.0060828542,0.9934435,2.1767475e-05
ISIC_0029191,HAM_0003415,nv,2,0.00031034995,0.001967227,0.01940804,0.00052177254,0.011510119,0.9657587,0.00052381476
ISIC_0024476,HAM_0002007,nv,2,0.12370403,0.0009145395,0.21731944,0.00078838225,0.5647858,0.09201885,0.0004689292
ISIC_0026551,HAM_0004802,nv,2,0.0014882972,0.0001567888,0.0015310488,0.00030399434,0.079492286,0.91687626,0.00015137246
ISIC_0024596,HAM_0004802,nv,2,0.0004448899,9.3618975e-05,0.0001829394,0.0009855866,0.024148257,0.97406477,7.9920304e-05
ISIC_0030966,HAM_0004802,nv,2,0.00076214055,0.00018351618,0.0007251121,0.00026184993,0.17348827,0.8244395,0.00013961174
ISIC_0028951,HAM_0007116,nv,2,0.0023595418,0.0030624329,0.017830819,0.0030178998,0.03144724,0.9417363,0.0005458562
ISIC_0028130,HAM_0007263,nv,2,0.0031418928,0.0010210198,0.042202596,0.0038009656,0.18566185,0.76206845,0.0021031962
ISIC_0032292,HAM_0003685,nv,2,0.0006913945,0.0003636284,0.0146604655,0.00062218774,0.06139224,0.9217442,0.00052598515
ISIC_0031838,HAM_0002517,nv,2,0.00034908886,0.00024754106,0.0021955627,0.0004544093,0.3761519,0.62016964,0.00043190995
ISIC_0029733,HAM_0005750,nv,2,0.0041038664,0.20381302,0.034830008,0.002498863,0.021351019,0.73181176,0.0015914793
ISIC_0028478,HAM_0002154,nv,2,0.0034483466,0.0011963812,0.08494436,0.0005477431,0.35728005,0.55228645,0.00029664175
ISIC_0026674,HAM_0004836,nv,2,0.0016659816,0.0020233416,0.12628478,0.0002544905,0.4021168,0.4673756,0.00027895777
ISIC_0025169,HAM_0002025,nv,2,0.0018719352,0.008500767,0.018186597,0.004301673,0.07692209,0.88983434,0.00038254162
ISIC_0031681,HAM_0006069,nv,2,0.0023315293,0.0025606842,0.8914181,0.0011396307,0.0047793183,0.09750688,0.00026389965
ISIC_0030008,HAM_0007317,nv,2,0.00034791027,0.0017981662,0.010820199,0.0018992422,0.14566341,0.83823514,0.0012358605
ISIC_0027197,HAM_0006244,nv,2,0.0022220092,0.038643125,0.003907372,0.003976663,0.030464923,0.91947466,0.0013113644
ISIC_0027627,HAM_0006244,nv,2,0.00096113404,0.004215947,0.0018490194,0.0033253317,0.21497351,0.77414936,0.0005256303
ISIC_0024514,HAM_0002201,nv,2,0.00084325933,7.767308e-05,0.0023107587,0.00031510298,0.9121891,0.084186524,7.752154e-05
ISIC_0025533,HAM_0004836,nv,2,0.00035511336,0.0009210939,0.09106348,0.00022179066,0.10646398,0.80061877,0.00035580763
ISIC_0031754,HAM_0003940,nv,2,0.00022190898,0.0002012627,0.0004121585,0.00087339204,0.735081,0.26312706,8.324587e-05
ISIC_0029803,HAM_0003940,nv,2,0.00049346435,0.0004423386,0.0008353225,0.0006972568,0.5539824,0.44340196,0.00014729927
ISIC_0027271,HAM_0006757,nv,2,0.03412734,0.0045581423,0.027925417,0.00094062585,0.7271849,0.2047117,0.00055188645
ISIC_0024497,HAM_0006757,nv,2,0.0021121078,0.000886497,0.008312479,0.0005272878,0.8646588,0.12335536,0.00014757091
ISIC_0031594,HAM_0006835,nv,2,0.007504041,0.0001531772,0.98957705,0.0006380096,0.0010225276,0.0010900706,1.5225958e-05
ISIC_0028091,HAM_0002025,nv,2,0.0001744246,0.00017648064,0.00032112937,0.00049446913,0.031164639,0.9676118,5.7071513e-05
ISIC_0028023,HAM_0002025,nv,2,0.0003120137,0.0001602975,0.002483107,0.0009452464,0.015586804,0.9804643,4.8318412e-05
ISIC_0026825,HAM_0000204,nv,2,0.037025172,0.00011686887,0.7447607,0.0011109888,0.07161224,0.1452269,0.00014716013
ISIC_0026023,HAM_0000815,nv,2,8.5012565e-05,0.016813012,0.00036640398,0.000103349,0.0116346665,0.96955836,0.0014392834
ISIC_0032144,HAM_0007176,nv,2,0.0005463939,0.0004036732,0.0033634515,0.0006179373,0.4392365,0.55524695,0.0005850513
ISIC_0028205,HAM_0000311,nv,2,0.0013987978,0.0018315165,0.0015865942,0.0044802353,0.032117534,0.9580596,0.00052576413
ISIC_0027255,HAM_0007284,nv,2,0.0059230877,0.027201496,0.021319449,0.0072571193,0.34864467,0.5861551,0.0034990474
ISIC_0026577,HAM_0006835,nv,2,0.0050301026,0.00018206211,0.97128886,0.00020670674,0.010949265,0.01231059,3.2387918e-05
ISIC_0027639,HAM_0000204,nv,2,0.19222127,9.147008e-05,0.10119461,0.0032181393,0.58063126,0.12242214,0.00022114626
ISIC_0031314,HAM_0000204,nv,2,0.04863101,0.00027863626,0.081124105,0.0018491574,0.38176614,0.48543364,0.000917189
ISIC_0025667,HAM_0000762,nv,2,3.19181e-05,0.0005201873,0.00040710528,0.00037872343,0.07811268,0.9205297,1.9664172e-05
ISIC_0028982,HAM_0000762,nv,2,1.1192148e-05,7.143072e-05,0.0002816875,7.999861e-05,0.0091567235,0.9903735,2.546941e-05
ISIC_0027137,HAM_0000762,nv,2,0.00043785197,0.0006598662,0.0030071882,0.0007859096,0.0058441088,0.9890865,0.00017864426
ISIC_0026956,HAM_0003142,nv,2,0.0011341866,0.78598005,0.02356997,0.0004868558,0.049733434,0.13846302,0.0006325041
ISIC_0031806,HAM_0003142,nv,2,0.00020983265,0.5434458,0.010662978,0.00023045608,0.103415035,0.34007972,0.0019561474
ISIC_0031192,HAM_0006932,nv,2,0.010745035,0.108574,0.48446122,0.0076716333,0.32461724,0.062807135,0.001123705
ISIC_0029221,HAM_0006458,nv,2,0.00019577217,0.00013481516,0.05396507,0.0008990742,0.13098145,0.8134037,0.00042015492
ISIC_0028261,HAM_0005429,nv,2,0.0001314665,1.691111e-05,0.013515122,4.7521105e-05,0.9401099,0.04616975,9.3757535e-06
ISIC_0030198,HAM_0005695,nv,2,0.00020608683,7.566718e-05,0.0032490247,0.0001519589,0.9043904,0.09167032,0.00025647922
ISIC_0030923,HAM_0005750,nv,2,0.00083938485,0.42890787,0.019305928,0.0020096507,0.052032426,0.4956021,0.0013026064
ISIC_0025027,HAM_0004479,nv,2,0.00018371087,0.9820009,0.00017224366,0.00029877512,0.0010407929,0.014551268,0.0017523872
ISIC_0032090,HAM_0004479,nv,2,6.114428e-05,0.99306244,0.00010100696,0.00019167754,0.00067624584,0.0054772235,0.00043026794
ISIC_0027789,HAM_0003415,nv,2,2.3013374e-05,0.00042624775,0.001231884,6.77723e-05,0.0056587495,0.9924684,0.0001239241
ISIC_0028761,HAM_0003415,nv,2,0.00059418497,0.0011035983,0.009504585,0.0005603698,0.2994932,0.68822986,0.00051422423
ISIC_0027351,HAM_0002293,nv,2,0.008327401,0.055874936,0.01600453,0.0090216715,0.46317557,0.44630244,0.0012933643
ISIC_0027346,HAM_0002326,nv,2,0.00010092714,4.256228e-06,0.0008918999,3.3872446e-05,0.98071724,0.01824533,6.5408735e-06
ISIC_0031875,HAM_0002326,nv,2,0.0038700232,4.3329266e-05,0.19276342,0.0001273518,0.72323143,0.07988629,7.815327e-05
ISIC_0027578,HAM_0006458,nv,2,0.00031047352,4.761266e-05,0.05905033,0.00023390043,0.6771165,0.26309913,0.00014214513
ISIC_0031238,HAM_0002238,nv,2,0.19468208,0.0003568678,0.5955777,0.006012429,0.1861301,0.017052712,0.0001880561
ISIC_0026374,HAM_0002238,nv,2,0.21237113,0.00091223296,0.44305187,0.0133659495,0.28244722,0.04762707,0.00022442725
ISIC_0027379,HAM_0002154,nv,2,0.0056814603,0.00073369144,0.3683683,0.0004296334,0.26950398,0.3549489,0.00033394594
ISIC_0027468,HAM_0002154,nv,2,0.002582726,0.0048772795,0.031372,0.000832776,0.16341719,0.79655063,0.0003673832
ISIC_0028016,HAM_0005664,nv,2,0.030623648,0.44433427,0.13286078,0.10238525,0.009692785,0.27751473,0.002588476
ISIC_0030639,HAM_0000815,nv,2,0.00020119565,0.053439695,0.00032025625,0.00014922417,0.007296121,0.93803585,0.00055769325
ISIC_0026323,HAM_0006104,nv,2,3.058342e-05,0.019716436,0.0006654983,8.52722e-05,0.086992994,0.89243406,7.510563e-05
ISIC_0030663,HAM_0006104,nv,2,0.00018699447,0.0012716509,0.0015042353,0.0003740683,0.19491088,0.8015962,0.00015593486
ISIC_0030978,HAM_0002007,nv,2,0.17341816,0.002628078,0.660896,0.00094441953,0.08857334,0.07285843,0.00068156974
ISIC_0025918,HAM_0003078,nv,2,0.017642377,0.000796251,0.0066506714,0.0019726658,0.92408115,0.04835669,0.0005002314
ISIC_0026124,HAM_0003078,nv,2,0.009566396,0.000941208,0.021751173,0.005363642,0.87427354,0.087243736,0.00086033385
ISIC_0028504,HAM_0006910,nv,2,0.00014133395,4.9612878e-05,0.0004409012,0.0010819561,0.0090304,0.9891894,6.637139e-05
ISIC_0029862,HAM_0006910,nv,2,2.1561153e-05,1.1295549e-05,0.00020456652,0.00022732074,0.011636579,0.9878785,2.0175861e-05
ISIC_0031794,HAM_0006616,nv,2,2.0768672e-05,4.0504554e-05,0.001630539,9.380875e-05,0.13004465,0.8681073,6.24901e-05
ISIC_0028947,HAM_0002486,nv,2,9.65174e-05,0.00012662217,0.010982938,0.0021474108,0.0036138392,0.9828766,0.00015605241
ISIC_0031965,HAM_0002511,nv,2,0.013852482,0.0017819053,0.14252523,0.015889706,0.052688744,0.76973206,0.0035299258
ISIC_0025148,HAM_0002511,nv,2,0.003567799,0.0024117373,0.01584211,0.005165832,0.47883832,0.4930743,0.001099869
ISIC_0030140,HAM_0006512,nv,2,0.00010896116,0.00044116942,0.0019936648,0.00018354795,0.3902666,0.60682243,0.00018354795
ISIC_0027614,HAM_0006512,nv,2,6.994788e-05,0.00034903502,0.0009923682,0.00015248211,0.18800707,0.81031007,0.00011898536
ISIC_0025243,HAM_0001933,nv,2,0.001870535,0.00058400945,0.21494134,0.0033706028,0.17542998,0.60281783,0.0009857026
ISIC_0030434,HAM_0005733,nv,2,0.00018798863,9.3791e-05,0.0021357161,0.0001711656,0.27904153,0.7181461,0.00022367846
ISIC_0026580,HAM_0005008,nv,2,0.0023160211,0.0042681424,0.002108761,0.007796834,0.016325554,0.9668374,0.00034728472
ISIC_0030919,HAM_0005008,nv,2,0.0029261468,0.003264353,0.028419144,0.03734942,0.1756359,0.75036633,0.0020387939
ISIC_0029963,HAM_0007025,nv,2,9.176277e-05,5.2081006e-05,0.010051685,0.00012814865,0.0064645545,0.9831367,7.5187716e-05
ISIC_0030937,HAM_0005173,nv,2,0.0038250007,0.006980505,0.01767799,0.011833722,0.51035845,0.44863388,0.0006904889
ISIC_0025400,HAM_0005173,nv,2,0.00024114993,0.00047214865,0.010344476,0.0024001114,0.26861754,0.7174552,0.00046939027
ISIC_0029498,HAM_0001356,nv,2,0.00017418971,0.00015922227,0.0052605025,0.00063902885,0.29470754,0.6987302,0.00032926528
ISIC_0026333,HAM_0001356,nv,2,1.48948075e-05,2.5287487e-05,0.0007597729,7.549449e-05,0.03478259,0.9642807,6.11373e-05
ISIC_0031036,HAM_0005254,nv,2,2.8699187e-05,3.816905e-05,0.0006217589,3.516298e-05,0.035316415,0.9639009,5.8886904e-05
ISIC_0026820,HAM_0005254,nv,2,1.753108e-05,1.9141637e-05,0.00084160693,2.3775669e-05,0.06181764,0.93723935,4.1000512e-05
ISIC_0028586,HAM_0000690,nv,2,4.3803397e-05,2.6361347e-05,0.056600545,0.0002281725,0.0042240894,0.9388093,6.771165e-05
ISIC_0030182,HAM_0000690,nv,2,3.9634153e-05,1.6880778e-05,0.025751643,0.00014668464,0.0020081801,0.9720019,3.4977016e-05
ISIC_0025647,HAM_0002798,nv,2,0.00011055951,0.00011861303,0.011189614,0.0013815267,0.53390634,0.45312047,0.00017291834
ISIC_0025323,HAM_0002798,nv,2,6.850673e-05,0.00033327343,0.008528346,0.0005003027,0.021777896,0.9685667,0.00022506407
ISIC_0028562,HAM_0003619,nv,2,0.0011125692,0.623156,0.040375557,0.0014369622,0.007448698,0.3226583,0.00381186
ISIC_0025553,HAM_0003619,nv,2,0.0003940019,0.8183354,0.0057954723,0.0008724258,0.006634815,0.16082537,0.0071424893
ISIC_0029091,HAM_0002832,nv,2,7.652194e-06,0.0006841775,0.000102085694,4.446747e-05,0.002287438,0.9968305,4.3607393e-05
ISIC_0032026,HAM_0002832,nv,2,0.000587694,0.00485744,0.0018731673,0.00037575624,0.49317938,0.4989928,0.0001337186
ISIC_0032388,HAM_0000378,nv,2,0.005622679,0.0019111529,0.12847245,0.02932797,0.65563047,0.1785406,0.00049467426
ISIC_0031973,HAM_0000378,nv,2,0.0002516187,0.0006125088,0.003515292,0.000742443,0.039212193,0.95560735,5.8608734e-05
ISIC_0032008,HAM_0004667,nv,2,0.00029439045,0.00025378045,0.7389844,0.0012725452,0.010408071,0.24849758,0.00028926088
ISIC_0031317,HAM_0004667,nv,2,5.4948363e-05,0.00021774987,0.11412683,0.0002590899,0.056607332,0.82859564,0.00013841024
ISIC_0025062,HAM_0001418,nv,2,4.265002e-05,3.3738943e-05,0.0007203145,8.1570295e-05,0.573141,0.42592221,5.8523827e-05
ISIC_0026749,HAM_0004777,nv,2,1.4759303e-05,8.526634e-05,0.0040763915,0.00010125629,0.032631893,0.96300226,8.814498e-05
ISIC_0029895,HAM_0004777,nv,2,5.8390626e-05,0.00012337176,0.04366678,0.0010229405,0.014052476,0.9409595,0.00011657812
ISIC_0032020,HAM_0007437,nv,2,1.4743693e-05,2.2924856e-05,0.0045427335,5.740839e-05,0.08809121,0.9072372,3.3814627e-05
ISIC_0024745,HAM_0007437,nv,2,3.914576e-06,4.833856e-06,0.0011374931,2.7816923e-05,0.031106617,0.96769845,2.0874642e-05
ISIC_0031395,HAM_0005974,nv,2,0.00014233998,1.3200949e-05,0.00070697954,1.5253669e-05,0.9798282,0.01929108,2.9570585e-06
ISIC_0032589,HAM_0006218,nv,2,0.00042977225,0.00030297373,0.05190657,0.0005359059,0.1061938,0.84018755,0.0004434147
ISIC_0033381,HAM_0003363,nv,2,0.00038540098,0.00065431005,0.007896555,0.0013987676,0.37371078,0.61494267,0.0010114379
ISIC_0032912,HAM_0003357,nv,2,4.6182544e-05,0.00011078615,0.00017982368,0.00019405638,0.05852054,0.9407915,0.00015715165
ISIC_0028252,HAM_0001259,nv,2,8.914725e-05,3.774732e-05,0.0026527601,0.00042696233,0.001657625,0.9951035,3.2350115e-05
ISIC_0034053,HAM_0001442,nv,2,4.4056356e-05,2.5200805e-05,0.00030760886,6.033563e-05,0.042304855,0.95722884,2.9005947e-05
ISIC_0032930,HAM_0000488,nv,2,0.007881103,0.01667615,0.0095529575,0.008521505,0.6384218,0.31480956,0.0041368585
ISIC_0033614,HAM_0007333,nv,2,4.2989624e-05,7.005216e-05,0.00020934145,0.00028922613,0.006745446,0.99235266,0.00029035812
ISIC_0033907,HAM_0005316,nv,2,0.00044216297,0.0009090333,0.2867276,0.0022367346,0.025560603,0.68380535,0.00031847807
ISIC_0033139,HAM_0005316,nv,2,0.0005873039,0.0008298504,0.30542168,0.0023502128,0.017038286,0.67364883,0.00012382901
ISIC_0033457,HAM_0005434,nv,2,0.00037380104,3.9244736e-05,0.027895583,7.912186e-05,0.022196904,0.94938284,3.253503e-05
ISIC_0034018,HAM_0002569,nv,2,1.9772717e-05,2.6245805e-05,0.00039753364,0.00017282365,0.0024233272,0.9969222,3.8038546e-05
ISIC_0033495,HAM_0003968,nv,2,8.4955485e-05,0.0003307962,0.0028190117,0.0003493904,0.015923096,0.98032856,0.00016407613
ISIC_0033161,HAM_0003968,nv,2,5.9737e-05,0.0108891055,0.011866274,0.00037976814,0.006237839,0.9702064,0.00036096454
ISIC_0032796,HAM_0003968,nv,2,0.00020791116,0.03671494,0.016727448,0.0006620321,0.028944803,0.9159673,0.0007755072
ISIC_0033098,HAM_0004071,nv,2,0.00016767222,0.0013252995,0.0055756764,0.00071424764,0.099193074,0.8927743,0.000249747
ISIC_0032607,HAM_0004071,nv,2,4.1974534e-05,0.0004822532,0.002595288,8.462544e-05,0.031513043,0.9651432,0.00013952376
ISIC_0032523,HAM_0002755,nv,2,6.9110633e-06,4.7684907e-06,0.00075334986,4.0160707e-05,0.0026449016,0.9965252,2.4742298e-05
ISIC_0033159,HAM_0002755,nv,2,1.2789172e-06,1.882748e-06,2.6815564e-05,1.3017911e-05,0.0030335782,0.99691415,9.249128e-06
ISIC_0033842,HAM_0005353,nv,2,2.48484e-06,1.5521708e-05,0.0015518762,0.000120429875,0.0011869634,0.9970458,7.6849494e-05
ISIC_0032923,HAM_0005353,nv,2,4.1943338e-07,2.4902906e-06,0.00067383505,2.2479297e-05,5.8535068e-05,0.9992329,9.325122e-06
ISIC_0032935,HAM_0004016,nv,2,3.0864638e-05,0.00010793879,0.002844754,0.00021761691,0.22331308,0.77337354,0.000112238595
ISIC_0033173,HAM_0003813,nv,2,2.5757086e-05,9.458425e-05,0.0001450713,0.00021087147,0.011457113,0.98795974,0.000106968866
ISIC_0027689,HAM_0003819,nv,2,2.1911912e-05,4.5490302e-05,0.007068458,0.00072350015,0.02459917,0.96737635,0.00016510168
ISIC_0033741,HAM_0006236,nv,2,1.234536e-06,5.0878738e-05,0.0005310755,0.0021465833,0.00042351364,0.9967524,9.431428e-05
ISIC_0032632,HAM_0006230,nv,2,0.00011812263,0.00017153208,0.017530955,0.0011837124,0.0045967298,0.9760359,0.0003631334
ISIC_0033826,HAM_0004206,nv,2,1.6466677e-06,3.128346e-05,2.2598744e-05,8.901801e-06,7.8493154e-05,0.9996494,0.00020756066
ISIC_0033892,HAM_0004208,nv,2,9.5950145e-06,0.0002826067,0.00040442022,0.00011757812,0.0063138534,0.9926353,0.00023658836
ISIC_0033066,HAM_0004192,nv,2,1.0466932e-05,1.2950202e-05,0.00050629885,0.00011067736,0.009534517,0.989794,3.112666e-05
ISIC_0034081,HAM_0004210,nv,2,2.119873e-05,7.1295406e-05,0.00029579998,0.0007553516,0.036931936,0.9618343,9.012583e-05
ISIC_0032634,HAM_0004184,nv,2,6.8820606e-05,0.00010721783,0.0020263887,0.00021198236,0.067256495,0.9302623,6.6703215e-05
ISIC_0033481,HAM_0004198,nv,2,0.0005062728,0.000118617456,0.00034390204,0.0009523299,0.2808104,0.71707445,0.00019404522
ISIC_0033025,HAM_0003236,nv,2,1.4694002e-06,1.11802765e-05,3.963752e-05,9.018765e-06,0.00089337875,0.9990318,1.3538771e-05
ISIC_0033053,HAM_0003236,nv,2,5.8554406e-06,8.612914e-05,0.00016392393,2.54846e-05,0.004818712,0.9948428,5.7094916e-05
ISIC_0033065,HAM_0001619,nv,2,3.5596277e-05,3.909486e-05,0.0042491215,0.00046387906,0.030699654,0.9644104,0.00010219968
ISIC_0032852,HAM_0002164,nv,2,1.8557905e-05,3.860253e-05,0.00014725783,0.000111047535,0.022792282,0.9767536,0.00013860638
ISIC_0034045,HAM_0002282,nv,2,0.00016397962,0.003651939,0.0026934287,0.00041144036,0.081370935,0.9114473,0.0002610171
ISIC_0029355,HAM_0007069,nv,2,0.00047448126,0.00055256207,0.01684077,0.0008409126,0.034656398,0.94588697,0.00074792316
ISIC_0027138,HAM_0004370,nv,2,0.0033704683,0.0010179452,0.0075290026,0.00044907143,0.48863423,0.49054667,0.008452695
ISIC_0024757,HAM_0004370,nv,2,0.00028395513,0.00021771595,0.0067994534,0.0002768361,0.39595294,0.5955578,0.0009112632
ISIC_0031216,HAM_0006861,nv,2,0.0008324235,0.0072509823,0.029473178,0.0015161822,0.25102952,0.70955145,0.0003463287
ISIC_0031769,HAM_0006861,nv,2,0.00017326507,0.00072521146,0.0057178247,0.0009902789,0.074991874,0.91716385,0.00023775219
ISIC_0025816,HAM_0007122,nv,2,0.0016774243,0.0029468476,0.023984687,0.0029125155,0.16844922,0.79893136,0.0010979351
ISIC_0031209,HAM_0007069,nv,2,6.56815e-05,0.00023240679,0.0069972635,0.0009084778,0.035448387,0.9562311,0.00011663346
ISIC_0031359,HAM_0002408,nv,2,0.00021222202,0.038552698,0.6301585,0.0004924682,0.00015770999,0.33013013,0.00029637257
ISIC_0031454,HAM_0002408,nv,2,0.0010847695,0.26856324,0.2926636,0.0131829735,0.00022961144,0.42333525,0.00094062515
ISIC_0024955,HAM_0001956,nv,2,0.009611234,0.003591456,0.018088149,0.001811196,0.4745404,0.4915202,0.0008373636
ISIC_0030038,HAM_0001956,nv,2,0.007636036,0.0009967511,0.0045820037,0.004367911,0.5604707,0.42141613,0.00053040544
ISIC_0031791,HAM_0004742,nv,2,0.00017830054,0.00017146993,0.007575055,0.0011960632,0.27520382,0.71522,0.00045530632
ISIC_0028338,HAM_0004742,nv,2,0.000245406,0.00049767393,0.11803012,0.000565041,0.030789997,0.84860694,0.0012646648
ISIC_0028399,HAM_0007122,nv,2,0.00020479492,0.00013457038,0.36667955,0.00026919786,0.0039909375,0.628635,8.60408e-05
ISIC_0025652,HAM_0003965,nv,2,8.176467e-07,2.5581903e-06,0.00014290618,7.84906e-06,0.0010381127,0.9987903,1.7550481e-05
ISIC_0028585,HAM_0002554,nv,2,0.000340397,0.0018985821,0.03757951,0.00031914946,0.0044003474,0.9550947,0.00036733877
ISIC_0032102,HAM_0002554,nv,2,6.8829926e-05,0.00018276501,0.10479525,6.254808e-05,0.00012342368,0.8947458,2.1489754e-05
ISIC_0028380,HAM_0003965,nv,2,1.0095944e-05,3.5514688e-05,0.0006840809,5.697443e-05,0.002533924,0.99662894,5.037806e-05
ISIC_0025178,HAM_0005282,akiec,2,0.05722156,0.0038261255,0.0036473507,0.9271237,0.001711149,0.0056712376,0.00079887273
ISIC_0028730,HAM_0005282,akiec,2,0.0065114107,0.00037167885,0.0023646185,0.9902626,8.030273e-05,0.0003891359,2.018509e-05
ISIC_0024913,HAM_0001495,akiec,2,0.021808129,0.06846521,0.025496285,0.5483382,0.30370957,0.0036838648,0.02849877
ISIC_0031198,HAM_0003422,akiec,2,0.9998124,2.519022e-05,1.1037079e-05,5.5181925e-05,9.345602e-05,2.4435406e-06,2.709636e-07
ISIC_0028816,HAM_0003123,akiec,2,0.99937576,4.3804208e-05,0.00044197502,4.4494023e-05,6.718595e-05,2.5302465e-05,1.4699062e-06
ISIC_0028232,HAM_0003123,akiec,2,0.99733585,6.562368e-05,0.0020434875,4.904664e-06,0.00046726115,8.2149934e-05,7.038292e-07
ISIC_0025331,HAM_0001258,akiec,2,0.9991634,5.2518106e-05,0.0007538704,1.1159932e-05,6.103206e-06,1.1649912e-05,1.4355508e-06
ISIC_0030794,HAM_0002185,akiec,2,0.9998292,3.1192899e-06,0.0001525136,1.3235702e-05,4.7002342e-07,1.4421297e-06,5.4622117e-08
ISIC_0029930,HAM_0005889,akiec,2,0.99958855,1.4361616e-06,0.00015217937,9.793771e-07,0.00023662254,1.936634e-05,7.8388365e-07
ISIC_0030991,HAM_0001453,akiec,2,0.9647747,0.00047228354,0.029882863,4.9246457e-05,0.0036225487,0.0011649246,3.3321816e-05
ISIC_0029541,HAM_0004636,akiec,2,0.99442095,4.2911277e-05,0.0027863132,4.6853478e-05,0.0022063083,0.00046224165,3.434575e-05
ISIC_0031940,HAM_0001234,akiec,2,0.9946386,0.0008981788,0.00024197773,0.0005008891,0.0036188944,9.3381874e-05,8.033114e-06
ISIC_0025358,HAM_0004398,akiec,2,0.99988973,3.3729605e-06,9.069833e-05,8.218733e-06,1.65351e-06,6.0601133e-06,2.9186185e-07
ISIC_0029860,HAM_0001967,akiec,2,0.98724943,0.00053234264,0.0057120556,2.4179146e-05,0.0060656248,0.00041216673,4.2017055e-06
ISIC_0024450,HAM_0005505,akiec,2,0.99972874,2.665596e-05,0.00014950534,4.774485e-06,7.600996e-05,1.4060427e-05,2.2549705e-07
ISIC_0031743,HAM_0005505,akiec,2,0.999143,0.00012318368,0.00030540407,1.47842065e-05,0.00038708144,2.5594758e-05,8.843991e-07
ISIC_0026522,HAM_0005505,akiec,2,0.99357635,0.00032926377,0.0059022545,4.0198585e-05,7.42259e-05,7.554218e-05,2.1937856e-06
ISIC_0032203,HAM_0005954,akiec,2,0.054314442,0.91151005,0.015005445,0.0016084306,0.00046807996,0.016892198,0.00020131869
ISIC_0028314,HAM_0006434,akiec,2,0.9986053,1.582167e-05,0.0010583914,9.103383e-06,0.00027721236,3.183605e-05,2.3107043e-06
ISIC_0030821,HAM_0006604,akiec,2,0.034450565,0.0002891678,0.88935983,0.0007073591,0.05457011,0.020203058,0.00041991574
ISIC_0028644,HAM_0001176,akiec,2,0.008052966,0.00074430276,0.01754346,0.0026777214,0.4234531,0.54691976,0.0006086699
ISIC_0026212,HAM_0003262,akiec,2,0.4137813,8.8923836e-05,0.00548409,9.5215204e-05,0.5789841,0.001421211,0.00014518584
ISIC_0024522,HAM_0005650,akiec,2,0.011275282,0.1772384,0.48984903,0.003236738,0.006029333,0.3116712,0.0006999937
ISIC_0030387,HAM_0005650,akiec,2,0.12222553,0.590267,0.24896039,0.012553369,0.0026911,0.022204647,0.0010979729
ISIC_0029573,HAM_0006879,akiec,2,0.93630725,0.00045879578,0.05694803,0.0021255976,0.0032713588,0.00062343583,0.00026553063
ISIC_0025350,HAM_0005701,akiec,2,0.88498425,0.11076877,0.0038448211,0.0002827313,1.2158306e-05,9.019003e-05,1.7145961e-05
ISIC_0026149,HAM_0005480,akiec,2,0.73797274,4.724809e-05,0.007633113,0.00029513813,0.25059268,0.0032562201,0.00020284526
ISIC_0025992,HAM_0005480,akiec,2,0.93639725,0.000109838795,0.002799777,0.00014608228,0.058475178,0.0017401197,0.00033178346
ISIC_0028224,HAM_0001625,akiec,2,0.99914944,5.7174326e-05,0.0007137402,4.508957e-06,2.5445392e-05,4.9095197e-05,5.098587e-07
ISIC_0030549,HAM_0002094,akiec,2,0.70827925,0.1539259,0.004085994,0.12152781,0.0018835361,0.010053851,0.0002437113
ISIC_0026905,HAM_0006180,akiec,2,0.0056167124,0.014639953,0.6763848,0.09389271,0.18062979,0.0275252,0.0013108402
ISIC_0028076,HAM_0006434,akiec,2,0.96660155,7.946301e-05,0.0020413883,0.00013333566,0.028961688,0.0021498282,3.2739194e-05
ISIC_0030142,HAM_0006434,akiec,2,0.9906763,0.00013142137,0.0088603925,7.243616e-05,0.00018228241,6.6082815e-05,1.1108445e-05
ISIC_0025471,HAM_0001967,akiec,2,0.9037055,0.008399388,0.08588316,0.00064556,0.00061840855,0.0007244064,2.3652707e-05
ISIC_0026171,HAM_0000356,akiec,2,0.0003442447,7.7868746e-05,0.9753694,3.3225344e-06,0.023574369,0.00062593917,4.7222734e-06
ISIC_0026457,HAM_0007303,akiec,2,0.9382376,0.00019015743,0.053765297,4.4292756e-05,0.007283451,0.00046425333,1.4894281e-05
ISIC_0028763,HAM_0000832,akiec,2,0.26860383,0.0015240366,0.02731929,0.0061226045,0.68456554,0.011533874,0.00033088605
ISIC_0032135,HAM_0003144,akiec,2,0.67584294,0.00022984101,0.3100284,0.00016587194,0.006682998,0.006925718,0.00012423233
ISIC_0026468,HAM_0001023,akiec,2,0.020172149,0.01962804,0.40556434,0.04427569,0.039302774,0.4695449,0.0015120746
ISIC_0027452,HAM_0004033,akiec,2,0.14571731,0.00064264704,0.027192945,0.00079046935,0.60280293,0.22262675,0.00022691602
ISIC_0026984,HAM_0001903,akiec,2,0.02652777,9.87111e-05,0.023965843,0.00012023678,0.9387961,0.010342872,0.00014847261
ISIC_0029713,HAM_0006036,akiec,2,0.9633563,0.012242883,0.020378212,0.0006180789,0.0024066505,0.0006579415,0.00034000483
ISIC_0033866,HAM_0000239,akiec,2,0.10200138,0.0001810471,0.8863356,6.256821e-05,0.009450616,0.0019125239,5.630529e-05
ISIC_0025368,HAM_0004472,akiec,2,0.99343264,0.0020196496,0.0038288808,1.7185703e-05,0.0005744167,8.8823916e-05,3.850232e-05
ISIC_0026194,HAM_0003910,akiec,2,0.98107004,0.0001775428,0.010138887,6.256731e-05,0.0054615135,0.0030613884,2.8201295e-05
ISIC_0033811,HAM_0004282,akiec,2,0.00013282728,7.6574834e-05,0.9742666,0.00015228722,0.010876102,0.014450767,4.484052e-05
ISIC_0027615,HAM_0006180,akiec,2,0.0057128808,0.004270402,0.8503544,0.09522095,0.036115337,0.007923808,0.00040228406
ISIC_0028990,HAM_0006180,akiec,2,0.0063581625,0.005427813,0.2323796,0.42950356,0.30248874,0.021456936,0.0023851704
ISIC_0033358,HAM_0004282,akiec,2,0.006744174,8.667283e-05,0.77134454,0.000118931384,0.16422872,0.05742495,5.195727e-05
ISIC_0030655,HAM_0000356,akiec,2,0.0060354723,0.00089577975,0.7034205,0.00011727147,0.20390898,0.085501425,0.000120522345
ISIC_0033151,HAM_0004282,akiec,2,0.001772462,3.177375e-05,0.979285,5.3838256e-05,0.005984462,0.012843506,2.893033e-05
ISIC_0032854,HAM_0000239,akiec,2,0.10285136,8.053537e-05,0.8867666,1.2520512e-05,0.007977653,0.0022906638,2.072363e-05
ISIC_0032258,HAM_0003521,mel,2,1.6603415e-05,0.28761384,0.004785303,6.38965e-05,0.0047899783,0.7021849,0.0005455508
ISIC_0025276,HAM_0001396,bkl,2,0.016615871,0.00071095506,0.8463095,0.00040826714,0.037604194,0.09749024,0.0008609319
ISIC_0026153,HAM_0002957,bkl,2,0.1728093,0.0097017465,0.733977,0.0010970429,0.013286639,0.068873174,0.00025503206
ISIC_0025876,HAM_0002957,bkl,2,7.7957293e-07,6.879707e-07,0.9999336,1.3104531e-07,3.1935951e-06,6.162751e-05,1.02242455e-08
ISIC_0032688,HAM_0006801,bkl,2,0.001373075,0.001862848,0.99476045,0.0002686637,0.00021799584,0.0014984857,1.853447e-05
ISIC_0033252,HAM_0006801,bkl,2,0.001200217,0.013068409,0.94617194,0.01575197,0.011315289,0.008663033,0.0038292105
ISIC_0032570,HAM_0006801,bkl,2,0.0018452655,0.011193771,0.9823689,0.0011948884,0.00080771284,0.0023763194,0.00021318819
ISIC_0033507,HAM_0006281,bkl,2,0.00013547088,0.0029120941,0.39064464,3.911747e-05,0.5434167,0.0627823,6.973443e-05
ISIC_0033791,HAM_0006281,bkl,2,0.00018524403,0.0013279618,0.5753246,0.00014654009,0.37878382,0.04419131,4.0613315e-05
ISIC_0031345,HAM_0002691,bkl,2,0.02103758,0.000111696376,0.9356413,0.042414155,0.0003144863,0.00039599807,8.480832e-05
ISIC_0027374,HAM_0004690,bkl,2,5.1485473e-05,0.0010336086,0.99688774,1.3350328e-06,7.6016324e-05,0.0019471309,2.65503e-06
ISIC_0025874,HAM_0003689,bkl,2,0.0034805245,0.00030531516,0.4426973,0.00056265836,0.5350388,0.017796807,0.000118632684
ISIC_0025842,HAM_0004274,bkl,2,0.9513591,6.296633e-05,0.047736876,0.0002080779,0.0005487479,7.6398224e-05,7.68357e-06
ISIC_0029100,HAM_0001788,bkl,2,0.0019927241,0.00037588723,0.9546814,0.00046963015,0.02210387,0.02026385,0.0001126416
ISIC_0028254,HAM_0005935,bkl,2,0.0008134329,0.00012523221,0.9495689,0.00042864901,0.01627454,0.032683406,0.000105868836
ISIC_0030561,HAM_0004377,bkl,2,8.38637e-05,4.0553838e-05,0.0052624554,0.0039183707,0.0018825808,0.9887461,6.608301e-05
ISIC_0026679,HAM_0005935,bkl,2,3.0295148e-05,6.012256e-06,0.9709085,2.4153398e-05,0.021117609,0.007906502,6.9743387e-06
ISIC_0025351,HAM_0007591,bkl,2,0.027775332,0.00074254046,0.8925826,0.003737934,0.059391916,0.015670197,9.9515346e-05
ISIC_0031702,HAM_0006827,bkl,2,0.011244268,0.086605415,0.74888766,0.00065035356,0.009821802,0.14209267,0.0006977275
ISIC_0031226,HAM_0002209,bkl,2,0.0009916049,0.0001729895,0.9785782,0.00024158355,0.0006465111,0.019266471,0.00010269327
ISIC_0027332,HAM_0003582,bkl,2,0.00038828488,0.00071836205,0.42414603,0.023719292,0.0016866327,0.5478147,0.0015267247
ISIC_0028797,HAM_0001838,bkl,2,0.00020412928,0.06787304,0.7128003,0.008322861,0.016886687,0.18942745,0.004485464
ISIC_0026417,HAM_0005663,df,2,1.621341e-06,6.0950215e-06,2.0619193e-05,0.9997743,2.1108162e-05,0.00016283714,1.3496011e-05
ISIC_0028735,HAM_0005663,df,2,0.00072377606,0.00021021986,0.0067605325,0.83669627,0.0031624155,0.15207641,0.00037039135
ISIC_0032400,HAM_0006803,mel,2,1.6014304e-05,1.3778256e-05,0.0007245089,3.5390774e-05,0.9950932,0.004082635,3.4436165e-05
ISIC_0024545,HAM_0006803,mel,2,1.879965e-06,2.0090447e-06,0.0002760304,4.43122e-06,0.99933654,0.00037289326,6.1521405e-06
ISIC_0032019,HAM_0003194,mel,2,0.00016871227,9.850515e-05,0.000594933,0.00022970334,0.9972583,0.0016014794,4.8384107e-05
ISIC_0030818,HAM_0002838,mel,2,6.269755e-05,0.00014520786,0.00014407784,0.00035347565,0.116274975,0.8829791,4.0401595e-05
ISIC_0029562,HAM_0005719,mel,2,0.0022822316,0.9667905,0.0050165947,0.0028625594,0.00036966472,0.021855028,0.0008233471
ISIC_0029453,HAM_0005719,mel,2,0.0010142649,0.38364244,0.0065687806,0.0035263305,0.15930247,0.445033,0.0009127396
ISIC_0033204,HAM_0006886,mel,2,6.3534194e-06,3.07786e-07,0.00015616255,4.8145835e-06,0.99443567,0.0053944923,2.078831e-06
ISIC_0033953,HAM_0006886,mel,2,1.1188911e-05,1.2214997e-06,0.0018982965,1.3339164e-05,0.9862271,0.011846254,2.6575992e-06
ISIC_0032823,HAM_0006886,mel,2,0.00021934515,8.147228e-06,0.0037426923,8.9318535e-05,0.9739196,0.021941064,7.9908394e-05
ISIC_0033804,HAM_0000611,mel,2,6.412754e-05,0.00012409285,0.0004552446,0.00035697676,0.4479498,0.5509876,6.215454e-05
ISIC_0033801,HAM_0000611,mel,2,8.556985e-05,0.00041547036,0.00017764763,0.0007930574,0.47100046,0.5274955,3.2225904e-05
ISIC_0033216,HAM_0000611,mel,2,3.8342754e-05,8.674491e-05,0.00025002615,0.00029953447,0.17428383,0.8249912,5.0302257e-05
ISIC_0033806,HAM_0004881,mel,2,5.2128093e-05,1.851438e-05,0.035425544,5.559855e-05,0.9262137,0.038229406,5.1815814e-06
ISIC_0032913,HAM_0004881,mel,2,4.4280214e-06,9.084354e-07,0.0018109825,6.7256037e-06,0.9908439,0.0073324298,6.5177056e-07
ISIC_0034051,HAM_0004056,mel,2,3.0132072e-05,6.4541535e-05,0.00155979,5.8422407e-05,0.9142896,0.083887406,0.00011021854
ISIC_0033377,HAM_0004056,mel,2,4.4528773e-05,0.00027815174,0.0034010143,0.00017304599,0.9322482,0.06368858,0.00016641672
ISIC_0033050,HAM_0003439,mel,2,1.1004617e-05,4.551707e-06,0.0026252312,4.0807332e-05,0.80100894,0.1962957,1.3802883e-05
ISIC_0033526,HAM_0003439,mel,2,2.6812315e-05,1.2965589e-05,0.061521534,0.00014186515,0.6958739,0.24237375,4.9123137e-05
ISIC_0032152,HAM_0003869,mel,2,0.006648437,0.001911331,0.0040108804,0.0036058787,0.7680797,0.21496087,0.0007828781
ISIC_0033089,HAM_0000880,mel,2,0.00022337047,7.33726e-05,0.017064733,1.5260046e-05,0.9650406,0.017572073,1.0406447e-05
ISIC_0033562,HAM_0000880,mel,2,0.00031441628,8.2341394e-05,0.0050202026,1.5351092e-05,0.98224175,0.012316395,9.4575325e-06
ISIC_0024640,HAM_0005467,mel,2,3.4075525e-05,0.00011172935,0.0017891875,5.0953993e-05,0.9751027,0.022842815,6.843231e-05
ISIC_0027561,HAM_0004565,mel,2,0.00062684854,0.00019532978,0.82273746,0.00057747995,0.13300298,0.042718384,0.00014151755
ISIC_0026954,HAM_0003194,mel,2,0.00078066275,8.966502e-05,7.1487186e-05,0.002175569,0.3005196,0.69600487,0.00035811224
ISIC_0025766,HAM_0003869,mel,2,0.00035293723,0.001896814,0.0013945315,0.00036201326,0.6872882,0.30857736,0.0001280753
ISIC_0028666,HAM_0004622,mel,2,0.0006300194,0.00034929154,0.08749565,0.0367238,0.16603757,0.70866716,9.6428084e-05
ISIC_0027903,HAM_0006156,vasc,2,0.02002513,0.035179533,0.05281074,0.006319674,0.22115049,0.071238324,0.5932761
ISIC_0031996,HAM_0003480,vasc,2,5.139601e-07,9.6410595e-06,2.3263614e-05,6.075512e-05,0.00030754347,0.00024949753,0.9993488
ISIC_0032890,HAM_0003480,vasc,2,1.5451104e-06,0.00013639624,3.8397255e-05,6.1478604e-05,0.000597435,0.0006725142,0.99849224
ISIC_0033844,HAM_0003480,vasc,2,1.8636214e-05,0.00028448846,4.4968674e-05,0.00012367842,0.00048629992,0.0007723764,0.99826956
ISIC_0024457,HAM_0006843,bcc,2,8.711218e-05,0.9935042,0.00045911747,2.7406975e-06,0.0049215383,0.0010169194,8.376245e-06
ISIC_0034015,HAM_0003216,bcc,2,0.0006844125,0.0037820952,0.73316294,8.400738e-05,0.2352501,0.027020255,1.622208e-05
ISIC_0034223,HAM_0003216,bcc,2,0.59914494,0.16735426,0.19131131,0.0027963528,0.016823044,0.022330485,0.0002396166
ISIC_0029564,HAM_0004515,bcc,2,8.18898e-05,0.99612135,0.0012021138,0.00020607206,8.366818e-05,0.0022154835,8.9412904e-05
ISIC_0028084,HAM_0004940,bcc,2,0.00043624738,0.9514187,0.0020479532,0.00015738235,0.0013595761,0.044066004,0.00051402504
ISIC_0026970,HAM_0004940,bcc,2,0.00037181645,0.8993396,0.002108542,0.00017944787,0.00066933926,0.09665925,0.00067195896
ISIC_0028814,HAM_0005375,bcc,2,0.00019073562,0.99934286,0.00023346608,5.334676e-06,4.5987786e-06,0.00021174454,1.1315589e-05
ISIC_0029979,HAM_0004233,nv,2,5.5114083e-06,1.8864632e-05,4.560883e-05,2.5734584e-05,0.0030569697,0.9967835,6.3755935e-05
ISIC_0031269,HAM_0001965,nv,2,0.00011591981,0.001149226,0.0035123175,0.00031695442,0.0006749356,0.99404645,0.0001841571
ISIC_0031926,HAM_0007391,nv,2,0.0009274966,0.00070353807,0.0023442837,0.00029014467,0.8188795,0.17674956,0.00010549473
ISIC_0029273,HAM_0004538,nv,2,0.0008236703,0.0012510509,0.017536838,0.011538204,0.103645466,0.86358577,0.00161898
ISIC_0025205,HAM_0007204,nv,2,3.4582526e-06,2.8786431e-05,9.26519e-05,0.00017841689,0.00010096632,0.99947184,0.00012394837
ISIC_0032453,HAM_0000132,nv,2,0.0016249556,0.00015158787,0.0022837354,0.00071336527,0.074782364,0.9199761,0.00046783636
ISIC_0028864,HAM_0005800,nv,2,1.13749675e-05,8.4709485e-05,0.00016216942,4.733246e-05,0.0008155609,0.9987179,0.00016090742
ISIC_0026891,HAM_0002287,nv,2,5.5779277e-05,4.499533e-05,0.0010587919,0.00016750477,0.011426244,0.9872242,2.2492894e-05
ISIC_0029751,HAM_0004786,nv,2,0.00021561782,8.6439526e-05,0.0019311876,0.03366752,0.00043983434,0.9629959,0.0006635014
ISIC_0025256,HAM_0006774,nv,2,2.8812328e-05,6.671954e-06,0.00023030778,2.1369726e-05,0.0012826733,0.99841905,1.1086468e-05
ISIC_0030944,HAM_0000858,nv,2,0.0005274446,4.934829e-05,0.013952786,0.0012776905,0.021027591,0.9630007,0.0001643549
ISIC_0024856,HAM_0004009,nv,2,9.719391e-07,4.8982343e-05,8.584085e-05,1.7533552e-05,2.8018534e-05,0.9997775,4.112661e-05
ISIC_0026875,HAM_0007539,nv,2,2.60495e-05,0.00012947842,0.00040648907,0.00032266031,0.0016864968,0.9972262,0.00020270592
ISIC_0024548,HAM_0007441,nv,2,1.19745255e-05,0.00020046762,9.281731e-05,6.128862e-05,0.0002918211,0.9993025,3.910989e-05
ISIC_0031682,HAM_0002144,nv,2,0.002026314,0.00086980616,0.114591606,0.0034468758,0.010821244,0.8434227,0.02482153
ISIC_0032005,HAM_0000455,nv,2,2.9465707e-06,4.0511527e-06,5.537269e-06,6.9395486e-05,0.00040761763,0.9995066,3.880766e-06
ISIC_0030502,HAM_0002991,nv,2,0.00012030385,6.604995e-05,0.0001080505,0.0002992123,0.0013869257,0.99794966,6.989904e-05
ISIC_0030974,HAM_0005292,nv,2,1.775552e-05,8.503836e-05,9.132199e-05,0.0003901534,0.00069298124,0.9986866,3.6219113e-05
ISIC_0031898,HAM_0001008,nv,2,1.2481804e-06,3.237534e-06,6.400989e-06,4.9078085e-06,3.1414605e-05,0.9999263,2.6531363e-05
ISIC_0031156,HAM_0003209,nv,2,2.1521984e-07,1.2728372e-06,1.8018427e-05,1.6471737e-06,1.9712219e-05,0.9999566,2.4582546e-06
ISIC_0028647,HAM_0005849,nv,2,2.7155296e-05,5.6101242e-05,4.8220816e-05,2.6578105e-05,0.000100011275,0.9997334,8.511479e-06
ISIC_0026385,HAM_0000577,nv,2,3.561891e-06,4.8212146e-06,0.00013935709,4.5519602e-05,0.000102479884,0.9997029,1.4085449e-06
ISIC_0025242,HAM_0002747,nv,2,1.5309455e-05,5.5347246e-05,0.00010847052,0.00014957045,0.0007306606,0.99889815,4.24362e-05
ISIC_0027589,HAM_0004718,nv,2,0.0016475559,0.0023075975,0.0022918768,0.011623492,0.017193094,0.9642621,0.00067417754
ISIC_0024456,HAM_0003612,nv,2,0.00010449214,0.00020043278,0.00056847616,0.00028018214,0.0011527777,0.9976665,2.7205215e-05
ISIC_0025626,HAM_0007177,nv,2,3.9037927e-06,4.8024645e-05,2.912842e-05,1.099131e-05,0.00032563487,0.99956316,1.9140229e-05
ISIC_0027016,HAM_0002369,nv,2,2.088612e-05,7.092279e-06,0.0120227225,1.0461257e-05,0.0005979918,0.98732716,1.3724231e-05
ISIC_0029806,HAM_0006204,nv,2,5.804619e-07,1.4199195e-06,3.041403e-06,1.907267e-05,2.874353e-05,0.99993336,1.3764386e-05
ISIC_0028667,HAM_0003806,nv,2,8.955183e-06,2.259807e-06,3.668576e-05,1.5026429e-05,0.00015415145,0.9997688,1.41160235e-05
ISIC_0024826,HAM_0000522,nv,2,0.00011523558,0.000105539795,0.00012387145,0.00025566132,0.003351274,0.99592954,0.00011889356
ISIC_0030221,HAM_0001350,nv,2,8.86919e-05,0.00023230685,0.033942875,9.533854e-05,0.0022897685,0.9633165,3.4596836e-05
ISIC_0028976,HAM_0003100,nv,2,3.1682673e-06,1.2577907e-06,3.2645414e-05,1.0634701e-05,0.00016506013,0.9997837,3.527561e-06
ISIC_0029383,HAM_0005344,nv,2,0.00016591014,0.0003484985,0.00079616444,0.0010247943,0.027362129,0.97021645,8.607305e-05
ISIC_0027518,HAM_0000346,nv,2,0.000110356355,0.0017406528,4.546742e-05,0.00025986444,0.017571392,0.9801997,7.2514966e-05
ISIC_0025258,HAM_0006519,nv,2,7.5859193e-06,7.4101918e-06,1.9015208e-05,3.2188407e-05,8.227629e-05,0.99984574,5.748564e-06
ISIC_0028204,HAM_0002401,nv,2,5.6415156e-05,1.393356e-05,0.00028524353,6.417695e-05,0.0010177158,0.9984785,8.403013e-05
ISIC_0028161,HAM_0005150,nv,2,0.0036647345,0.0004129827,0.790204,0.0013098955,0.0040683933,0.20018546,0.00015462206
ISIC_0028000,HAM_0001496,nv,2,0.00014299755,0.00013485955,0.0011324782,0.00020969207,0.05791513,0.9401957,0.00026924995
ISIC_0031262,HAM_0007602,nv,2,3.201514e-05,1.5511778e-05,2.1535972e-05,0.0014004228,0.00013013245,0.99835604,4.43619e-05
ISIC_0030982,HAM_0006054,nv,2,0.000101497884,0.0002642959,0.00021403332,0.00017953147,0.0069507193,0.9920591,0.00023074819
ISIC_0030212,HAM_0000605,nv,2,2.5239349e-06,2.2939275e-05,8.598213e-05,1.1400209e-05,0.0027249197,0.9970318,0.00012042819
ISIC_0031994,HAM_0002669,nv,2,3.997405e-06,1.4479802e-05,1.053176e-05,2.313866e-05,0.00011676605,0.99982244,8.765309e-06
ISIC_0028672,HAM_0003888,nv,2,2.2310727e-05,1.7139671e-05,0.00016909456,0.0018738147,0.0012666489,0.996594,5.7083817e-05
ISIC_0027761,HAM_0000663,nv,2,0.0010235289,0.0006692829,0.0026926922,0.00013544297,0.01541237,0.97996235,0.000104458
ISIC_0031683,HAM_0002579,nv,2,5.243853e-07,3.02944e-06,4.627936e-05,1.7933997e-05,2.9366724e-05,0.99989843,4.5035326e-06
ISIC_0024722,HAM_0005452,nv,2,2.3316688e-06,1.3602535e-05,3.2694574e-05,1.6090433e-05,0.00010895772,0.99982375,2.6472924e-06
ISIC_0030001,HAM_0001658,nv,2,2.9085153e-05,1.0533945e-05,5.391536e-05,9.225206e-05,0.0017254369,0.99807847,1.0350395e-05
ISIC_0026534,HAM_0000365,nv,2,0.000114216644,7.668143e-05,0.00020844172,0.00093234825,0.03609669,0.9623751,0.00019657929
ISIC_0027666,HAM_0001856,nv,2,8.586089e-06,6.430683e-06,7.922653e-05,1.7583134e-05,0.0011831367,0.998696,8.963062e-06
ISIC_0027762,HAM_0006345,nv,2,2.000353e-05,2.8653734e-05,0.001053912,1.655115e-05,6.240242e-05,0.9987583,6.0129143e-05
ISIC_0025091,HAM_0000124,nv,2,2.6404416e-05,3.730899e-05,6.762386e-05,0.0004622945,0.00035579735,0.9990368,1.383286e-05
ISIC_0030055,HAM_0006743,nv,2,2.4900646e-05,5.492175e-05,0.000232929,1.931704e-05,0.00063177693,0.9989931,4.3108575e-05
ISIC_0031182,HAM_0004079,nv,2,8.172074e-05,9.098819e-05,0.00070872257,0.00021530547,0.0013940631,0.9960084,0.0015009152
ISIC_0025022,HAM_0001158,nv,2,7.73386e-06,1.1655339e-05,0.00015188855,0.00038540683,0.0035424053,0.99573165,0.00016927854
ISIC_0028627,HAM_0000980,nv,2,3.1865497e-06,4.9065907e-06,7.8802645e-05,5.0532195e-05,0.00017024016,0.99967825,1.4087204e-05
ISIC_0025556,HAM_0005311,nv,2,6.83521e-05,0.00015120216,0.00034024054,7.419551e-05,0.0003119175,0.9990061,4.7997877e-05
ISIC_0030872,HAM_0004580,nv,2,5.0589e-05,0.00024900777,0.0012920282,0.0046064314,0.002071724,0.9910761,0.00065412896
ISIC_0026396,HAM_0004734,nv,2,4.392438e-06,1.53012e-05,0.00019106036,1.3011347e-05,0.0033430874,0.9964115,2.1536047e-05
ISIC_0029461,HAM_0007344,nv,2,3.3826214e-05,0.00017915087,0.0018818957,0.00020241067,0.0007914162,0.9967464,0.0001648804
ISIC_0032097,HAM_0003006,nv,2,1.4673224e-05,0.0001081041,4.7644095e-05,2.5802656e-05,0.00033000731,0.99942017,5.3567695e-05
ISIC_0025357,HAM_0005118,nv,2,3.0572806e-05,6.4975946e-05,0.0001869157,7.671006e-05,0.008168181,0.9913566,0.000115945324
ISIC_0026010,HAM_0004916,nv,2,0.00041487272,0.00044552833,0.00055909064,6.2270476e-05,0.00079385244,0.9976203,0.00010407994
ISIC_0024759,HAM_0006249,nv,2,8.783057e-06,1.6732545e-05,6.176049e-05,4.9268483e-06,1.2217905e-05,0.999892,3.6613226e-06
ISIC_0024605,HAM_0001045,nv,2,3.4585116e-06,0.00013370333,2.2116128e-05,4.95967e-05,0.00014814071,0.9995466,9.6444084e-05
ISIC_0025912,HAM_0007449,nv,2,0.00026598282,0.00039080056,0.0020065731,0.0003992875,0.029164206,0.96767396,9.9196586e-05
ISIC_0030499,HAM_0001086,nv,2,2.242578e-06,4.222547e-06,9.151118e-06,1.1819318e-05,3.1215877e-05,0.999928,1.3432338e-05
ISIC_0025893,HAM_0007156,nv,2,1.4330808e-05,1.662403e-05,7.664385e-05,0.0002433359,0.0023109626,0.9972953,4.2700405e-05
ISIC_0029520,HAM_0002249,nv,2,3.812969e-05,0.00016068884,0.000102639984,0.00034824535,0.015503263,0.9838181,2.9007539e-05
ISIC_0032205,HAM_0001921,nv,2,3.6741492e-06,2.935014e-06,0.00029280165,0.00017240258,3.4723453e-05,0.999483,1.0364961e-05
ISIC_0032069,HAM_0006535,nv,2,3.4184264e-05,9.382035e-06,0.0060958243,5.47331e-05,0.0040409155,0.98974544,1.9439602e-05
ISIC_0024594,HAM_0000892,nv,2,0.00014283152,0.00055074674,0.016867606,0.0007346257,0.023856927,0.95762604,0.00022122178
ISIC_0029845,HAM_0000892,nv,2,0.0001018466,0.00010405839,0.0008712703,0.0028138685,0.4198642,0.5761324,0.00011229441
ISIC_0032376,HAM_0000174,nv,2,8.20813e-05,0.12718695,0.0050190273,0.00022752075,0.049082845,0.8181013,0.00030024094
ISIC_0031091,HAM_0000174,nv,2,0.00026862847,0.12970485,0.003285373,0.00033041867,0.030079255,0.8359282,0.0004032591
ISIC_0031733,HAM_0005237,nv,2,0.00013830667,0.0019660275,0.05745575,0.0017883412,0.010535242,0.92187136,0.006244973
ISIC_0027240,HAM_0005237,nv,2,0.00049222715,0.0670945,0.2792215,0.0033051502,0.10312189,0.51708966,0.029675037
ISIC_0024314,HAM_0002198,nv,2,0.00019082612,8.418387e-05,0.95077676,0.0010116434,0.004186497,0.04369358,5.6518373e-05
ISIC_0026722,HAM_0002198,nv,2,0.0005758581,0.00515769,0.3053759,0.0021229223,0.056709953,0.6290431,0.0010146181
ISIC_0031560,HAM_0004663,nv,2,7.7993485e-05,5.841442e-05,0.00081748667,0.00036524583,0.70641166,0.29218456,8.466113e-05
ISIC_0025809,HAM_0004663,nv,2,0.00017726845,0.00013644839,0.016641542,0.00031050877,0.7748911,0.207746,9.71351e-05
ISIC_0026215,HAM_0005519,nv,2,1.27432095e-05,0.0044906135,0.18158002,3.5185127e-05,0.0016145239,0.81219727,6.9701186e-05
ISIC_0032029,HAM_0005519,nv,2,2.1938513e-05,0.030029135,0.047104258,0.00050817296,0.015762549,0.90632194,0.00025205564
ISIC_0027709,HAM_0007312,nv,2,8.87821e-06,0.00010200342,0.05356644,0.00010003048,0.020490991,0.9256833,4.846615e-05
ISIC_0033511,HAM_0006147,nv,2,8.333211e-05,0.00023371069,0.0008691889,0.00050699344,0.11918818,0.8789698,0.00014884597
ISIC_0032641,HAM_0006147,nv,2,0.00076818105,0.00032526834,0.0025484592,0.0013403232,0.73190093,0.2630141,0.00010275081
ISIC_0033345,HAM_0006147,nv,2,7.633352e-05,5.1147905e-05,0.0013075788,0.00014945377,0.587911,0.41042802,7.648275e-05
ISIC_0033657,HAM_0006491,nv,2,0.014403853,0.014803142,0.012569399,0.004442539,0.46936578,0.48426506,0.0001502443
ISIC_0034038,HAM_0006491,nv,2,0.00031691135,0.004308053,0.0018059761,0.0006502599,0.53512883,0.45771995,7.00253e-05
ISIC_0033070,HAM_0006491,nv,2,0.003514844,0.031427052,0.005688465,0.00670265,0.7435882,0.20851332,0.0005654388
ISIC_0033992,HAM_0006980,nv,2,2.623899e-05,0.0017348093,0.31917548,6.076963e-05,0.10774892,0.57121885,3.503365e-05
ISIC_0033715,HAM_0006980,nv,2,0.00033655996,0.00067721936,0.5194746,0.0002565419,0.16831966,0.3107989,0.00013651476
ISIC_0033920,HAM_0006980,nv,2,0.00082447863,0.0009508244,0.3485811,0.00021761337,0.16433677,0.48490307,0.00018613457
ISIC_0032838,HAM_0001264,nv,2,7.076762e-05,0.0004975007,0.00044726516,0.0001545707,0.41061738,0.5881823,3.0258956e-05
ISIC_0034230,HAM_0001264,nv,2,4.362651e-05,0.00053460296,0.0005724261,0.00016304471,0.022599094,0.97607046,1.6688628e-05
ISIC_0033057,HAM_0001264,nv,2,7.337197e-05,0.00071125175,0.0007077873,0.000103876046,0.13501216,0.8633616,2.9935876e-05
ISIC_0032744,HAM_0002607,nv,2,6.0173526e-05,4.2752843e-05,0.0010687518,0.00011198068,0.007919754,0.9907494,4.7230744e-05
ISIC_0030626,HAM_0001031,nv,2,6.614023e-06,7.481163e-05,0.015935449,3.5063505e-05,0.13901222,0.8449262,9.623346e-06
ISIC_0031163,HAM_0001031,nv,2,4.996204e-05,7.2836454e-05,0.01334843,0.00012758253,0.11920587,0.867163,3.2257918e-05
ISIC_0028429,HAM_0000279,nv,2,6.4760907e-06,2.2959735e-05,8.8703964e-05,5.3801676e-05,0.0057625347,0.99403065,3.4804885e-05
ISIC_0032375,HAM_0000279,nv,2,2.1334772e-05,0.00012397797,0.00029137058,0.00013094682,0.027567718,0.9717955,6.913903e-05
ISIC_0031956,HAM_0001588,nv,2,7.807231e-06,2.7625028e-05,0.0001636174,3.267763e-05,0.00045022066,0.9993056,1.24515755e-05
ISIC_0024938,HAM_0001817,nv,2,0.00037152087,0.00035659102,0.0015656897,0.004002035,0.26823974,0.7248913,0.00057317945
ISIC_0030065,HAM_0001817,nv,2,0.00012889519,0.00016976077,0.001916428,0.000940399,0.30633578,0.6903383,0.00017042519
ISIC_0025231,HAM_0001817,nv,2,0.00044939513,0.00053575856,0.0017413128,0.0015762206,0.6541589,0.3413675,0.0001709046
ISIC_0027667,HAM_0000146,nv,2,3.3484348e-08,1.3349178e-06,2.8370819e-06,2.2095214e-06,0.0012424086,0.99875057,5.1970727e-07
ISIC_0028450,HAM_0004839,nv,2,0.40026832,0.02074228,0.022959612,0.011922928,0.3778578,0.16491272,0.0013364097
ISIC_0031285,HAM_0006025,nv,2,6.454281e-05,7.89252e-05,0.007825792,0.00052378356,0.12917084,0.8622742,6.1828214e-05
ISIC_0031932,HAM_0004291,nv,2,0.0013240956,0.01587295,0.020730365,0.0029664629,0.05730041,0.8998374,0.0019683864
ISIC_0031942,HAM_0003408,nv,2,0.00016906431,2.5227517e-05,0.0007372562,0.00029846077,0.6031774,0.3955734,1.9117262e-05
ISIC_0028859,HAM_0000336,nv,2,0.0013174572,0.00066700316,0.0022564426,0.0011148405,0.5854514,0.40791345,0.0012794198
ISIC_0024599,HAM_0004839,nv,2,0.12972035,0.0033768504,0.0019929176,0.49824107,0.017867066,0.3471496,0.0016521867
ISIC_0032145,HAM_0003760,nv,2,0.0009313685,0.0006351381,0.00057829986,0.00080839713,0.40232456,0.5945971,0.00012506612
ISIC_0028648,HAM_0005670,nv,2,0.0009812665,0.00030937287,0.00059866573,0.0010233495,0.6167404,0.37996274,0.0003842695
ISIC_0030253,HAM_0005670,nv,2,0.00029293587,0.0007465784,0.0020795665,0.0005051602,0.30533737,0.6907814,0.0002570047
ISIC_0032459,HAM_0003590,nv,2,6.378414e-05,0.0021143043,0.004811416,0.0015333222,0.030528104,0.889552,0.07139708
ISIC_0024684,HAM_0002481,nv,2,0.061411873,0.0029504525,0.8101286,0.0039509293,0.011975197,0.10878577,0.00079721166
ISIC_0027262,HAM_0003590,nv,2,0.0002912076,0.000954833,0.03204717,0.0032333145,0.37481683,0.55719864,0.03145803
ISIC_0024916,HAM_0003590,nv,2,8.1118524e-05,0.00027765523,0.0122690145,0.0040681777,0.22716033,0.7176964,0.038447313
ISIC_0031750,HAM_0007484,nv,2,5.289804e-05,0.00021126894,0.07177252,0.00018463231,0.05470841,0.87266225,0.00040802773
ISIC_0030710,HAM_0007484,nv,2,3.357341e-07,6.0103266e-05,0.001400384,1.8582794e-05,0.006987817,0.99152726,5.634321e-06
ISIC_0025253,HAM_0005365,nv,2,1.3811558e-05,9.755679e-06,0.0060660727,0.0003611082,0.109751545,0.8837345,6.311996e-05
ISIC_0027961,HAM_0005365,nv,2,4.9453967e-05,3.851479e-05,0.010836666,0.0009913712,0.0074916934,0.98026043,0.00033174368
ISIC_0032580,HAM_0002724,nv,2,0.0011901195,0.0021340856,0.001519216,0.0022962568,0.14815702,0.8442992,0.00040412773
ISIC_0033692,HAM_0002724,nv,2,0.005880934,0.0077152587,0.001193618,0.0029255236,0.617103,0.364908,0.00027371518
ISIC_0033543,HAM_0000181,nv,2,0.00016673919,7.678738e-05,0.006563521,0.00013742407,0.00052989606,0.99235594,0.00016969607
ISIC_0034185,HAM_0000181,nv,2,7.078868e-05,8.0057565e-05,0.012598584,0.00022850865,0.020650202,0.96625537,0.000116483076
ISIC_0033896,HAM_0004349,nv,2,0.00012296638,6.633538e-05,0.016311182,0.000917522,0.050095003,0.9323883,9.861346e-05
ISIC_0032578,HAM_0007460,nv,2,4.89522e-06,5.9869402e-05,6.9857844e-05,1.2021501e-05,0.00038769055,0.99931145,0.0001541562
ISIC_0034019,HAM_0000627,nv,2,3.0397796e-05,0.00028117563,0.000146586,0.0002003593,0.0020255344,0.9973007,1.5374793e-05
ISIC_0024562,HAM_0002745,akiec,2,0.0072644996,0.020334039,0.049825985,0.09557428,0.101912305,0.7238339,0.0012550057
ISIC_0028231,HAM_0003688,akiec,2,0.04907175,0.00021811516,0.04468034,0.0007747973,0.88697326,0.018202962,7.884194e-05
ISIC_0025825,HAM_0002232,akiec,2,0.9995296,1.8224765e-06,8.223019e-05,1.6921122e-06,0.00036754174,1.5820857e-05,1.3438099e-06
ISIC_0030707,HAM_0001890,akiec,2,0.7551531,0.044277627,0.09120876,0.0006832517,0.0902783,0.014867627,0.0035313708
ISIC_0033853,HAM_0004458,bkl,2,7.801106e-05,2.5227744e-05,0.9790623,0.00011240236,0.011156094,0.009532998,3.2967506e-05
ISIC_0033453,HAM_0004458,bkl,2,0.0005432573,5.4423814e-05,0.9707889,0.00010307673,0.01767674,0.010784491,4.916782e-05
ISIC_0034126,HAM_0004458,bkl,2,6.9051035e-05,2.8616585e-05,0.98584265,5.8602844e-05,0.005577229,0.008396978,2.683034e-05
ISIC_0032997,HAM_0003162,bkl,2,2.176734e-05,3.902669e-06,0.99537957,2.2764066e-06,0.0019786623,0.002611082,2.778238e-06
ISIC_0033529,HAM_0003162,bkl,2,0.00027997236,0.00013019925,0.8362175,0.00011289834,0.09200634,0.071096994,0.00015613275
ISIC_0031620,HAM_0007431,bkl,2,0.390078,0.022536825,0.5686698,0.0001820316,0.00438874,0.013845607,0.0002989493
ISIC_0030721,HAM_0006769,bkl,2,0.0018036269,0.26097095,0.5711273,0.00024172224,0.0029419055,0.16267474,0.00023984115
ISIC_0028952,HAM_0006065,bkl,2,0.00024575475,0.27535555,0.28969958,0.0015532179,0.021578047,0.4109427,0.0006251101
ISIC_0025928,HAM_0005606,bkl,2,0.12796277,0.028420214,0.057480544,0.05718659,0.6825335,0.044711273,0.0017051008
ISIC_0030240,HAM_0003392,bkl,2,0.0019618082,0.00010594507,0.93734944,8.7148044e-05,0.05796579,0.0024787474,5.1131727e-05
ISIC_0030130,HAM_0001743,bkl,2,7.7081626e-05,0.002993039,0.28429157,0.036802534,0.6700968,0.005478227,0.00026076377
ISIC_0028294,HAM_0002042,bkl,2,0.00022406258,4.2430303e-05,0.9909869,1.7896076e-05,0.0081333015,0.00058238144,1.3144295e-05
ISIC_0028662,HAM_0002042,bkl,2,0.03959235,0.00015682667,0.18704894,8.3943276e-05,0.77076685,0.0022555673,9.549247e-05
ISIC_0031349,HAM_0002042,bkl,2,0.0004214749,6.60954e-05,0.9976616,2.2727302e-06,0.0012987097,0.0005400626,9.70027e-06
ISIC_0026263,HAM_0002042,bkl,2,0.00087103713,6.434221e-05,0.9440797,3.099256e-05,0.05378401,0.0011515445,1.8362483e-05
ISIC_0026069,HAM_0000524,bkl,2,7.763006e-05,0.0022354193,0.9704823,8.848331e-05,0.0064094504,0.020700065,6.730451e-06
ISIC_0026524,HAM_0000524,bkl,2,0.007251074,0.0011535357,0.93458015,0.0003234688,0.0015598498,0.055040326,9.159566e-05
ISIC_0027820,HAM_0001310,bkl,2,0.001402471,0.00048872095,0.98575854,9.642302e-05,0.0043009724,0.0077576917,0.00019516064
ISIC_0032315,HAM_0005463,bkl,2,5.5116543e-05,7.7121906e-05,0.064090006,5.047909e-05,0.015705932,0.91997904,4.234194e-05
ISIC_0028411,HAM_0005463,bkl,2,0.0005639236,0.00065800705,0.6712856,0.00039522292,0.0023672613,0.32461253,0.00011751423
ISIC_0031024,HAM_0002677,bkl,2,1.525971e-05,7.985327e-07,0.99857366,8.788625e-06,5.0034665e-05,0.0013510191,3.6274986e-07
ISIC_0030443,HAM_0006722,mel,2,0.0011774059,0.00040690062,0.06378392,0.00047109197,0.6569004,0.27706474,0.00019561472
ISIC_0031499,HAM_0006722,mel,2,0.0015876296,9.9142664e-05,0.039300077,0.00013791505,0.90677863,0.052064143,3.256632e-05
ISIC_0031953,HAM_0000060,mel,2,0.00042461592,0.0049287723,0.023376487,0.0004398094,0.63398397,0.3367063,0.00014002349
ISIC_0031406,HAM_0000060,mel,2,0.0009945662,0.0011684571,0.002948998,0.00042817552,0.8602703,0.13400428,0.0001852382
ISIC_0030445,HAM_0003031,mel,2,0.0005859544,0.0015198501,0.01819294,0.12814751,0.7934767,0.046753127,0.011323866
ISIC_0028326,HAM_0002471,mel,2,4.644951e-05,3.761596e-05,0.005709515,1.9212352e-05,0.96113086,0.03301681,3.9575476e-05
ISIC_0027060,HAM_0002471,mel,2,1.785763e-05,7.590991e-06,0.0018665459,2.1331083e-05,0.9435748,0.054495227,1.6645143e-05
ISIC_0024702,HAM_0000903,mel,2,0.00027713086,0.0056134043,0.00084367814,0.0008129436,0.9868015,0.0016518417,0.003999495
ISIC_0028029,HAM_0007243,mel,2,0.0002729646,0.00015921883,0.17156225,4.1372787e-05,0.63867724,0.18916175,0.00012521663
ISIC_0025489,HAM_0002770,mel,2,4.743479e-05,5.4384258e-05,0.00040857532,0.00010857932,0.089704655,0.9095308,0.00014553982
ISIC_0025265,HAM_0002770,mel,2,0.00024221845,0.00033497595,0.0019647134,0.00020396837,0.3344721,0.66258395,0.00019807945
ISIC_0033813,HAM_0000423,mel,2,7.691091e-05,0.00017433993,0.0137551855,0.0009045987,0.14630209,0.8386282,0.00015873832
ISIC_0032656,HAM_0006923,mel,2,0.00039589772,0.020025061,0.0017029891,0.005766767,0.392226,0.0013419233,0.57854134
ISIC_0032592,HAM_0006923,mel,2,0.0006353417,0.26626542,0.00687742,0.0033946102,0.5598437,0.0030548184,0.15992868
ISIC_0033957,HAM_0002617,mel,2,0.00048332522,2.5515434e-05,0.0006346989,0.00079376186,0.24456887,0.75332516,0.00016867189
ISIC_0034172,HAM_0002617,mel,2,0.0001399185,2.370461e-05,0.0006185563,0.0005118006,0.51003367,0.48858228,9.01619e-05
ISIC_0033393,HAM_0002617,mel,2,0.0010098623,3.674833e-05,0.00023545377,0.0016714981,0.83187413,0.16509049,8.1848826e-05
ISIC_0029502,HAM_0003617,mel,2,0.0033690818,0.021649705,0.21631803,0.0004997922,0.50987804,0.24512045,0.0031649596
ISIC_0028481,HAM_0000396,mel,2,0.00084865885,3.2285374e-05,0.0030116965,0.00012279935,0.98924017,0.0067242887,2.0164249e-05
ISIC_0029172,HAM_0000396,mel,2,0.0005339597,8.101046e-05,0.011022173,0.0002559466,0.9796679,0.008409829,2.9282795e-05
ISIC_0026916,HAM_0000320,mel,2,4.3351425e-05,9.320629e-06,0.001735052,3.622147e-05,0.9909793,0.0071915905,5.1473407e-06
ISIC_0027863,HAM_0000320,mel,2,0.009916626,2.4437251e-05,0.004038104,4.756629e-05,0.9823187,0.0036481228,6.4499823e-06
ISIC_0026604,HAM_0002906,mel,2,0.0021606542,0.00022640079,0.037338328,9.8907185e-05,0.8940857,0.06604477,4.528301e-05
ISIC_0027517,HAM_0002906,mel,2,0.008528463,0.0014991281,0.112532616,0.0007508702,0.8250389,0.051270228,0.00037978
ISIC_0031550,HAM_0002693,mel,2,0.00013209958,8.69721e-05,0.0019640713,0.00022383289,0.90490687,0.09262279,6.3258405e-05
ISIC_0029574,HAM_0005986,mel,2,0.025760027,2.3953404e-05,0.0021176115,1.1052681e-05,0.9704212,0.0016637562,2.3624618e-06
ISIC_0028508,HAM_0001607,mel,2,7.057507e-05,3.0231108e-06,0.0014986816,1.0347606e-05,0.9939194,0.004496137,1.7981442e-06
ISIC_0025616,HAM_0007031,mel,2,0.001576934,0.0031979617,0.44586387,0.0004923428,0.40517157,0.1433441,0.0003532387
ISIC_0032715,HAM_0006852,vasc,2,6.2875847e-06,0.00015716984,1.0927815e-05,9.5500445e-06,7.895282e-05,0.000108021144,0.999629
ISIC_0033991,HAM_0006852,vasc,2,3.987144e-05,0.00030649794,3.8720274e-05,5.4818054e-05,0.00020748816,0.00029619897,0.9990564
ISIC_0027856,HAM_0007118,vasc,2,9.848745e-06,0.00035428713,5.4610966e-05,2.381121e-05,9.735456e-05,0.0002826693,0.9991775
ISIC_0030104,HAM_0001122,vasc,2,1.2096255e-06,1.9946328e-05,4.6008836e-06,6.400182e-06,4.2557564e-05,0.0001250531,0.99980026
ISIC_0027888,HAM_0004409,vasc,2,5.925387e-05,0.00046221507,0.00010542534,0.00018757427,0.00018923012,0.0002531493,0.99874324
ISIC_0025425,HAM_0002787,vasc,2,6.341531e-05,0.0004135198,0.00010213217,0.00030224223,0.00044234414,0.0004175778,0.99825877
ISIC_0025144,HAM_0004831,bcc,2,2.5810412e-05,0.9999647,3.3535066e-06,1.8268345e-06,2.556201e-06,1.3209694e-06,4.812349e-07
ISIC_0031407,HAM_0001575,bcc,2,0.0291927,0.57053524,0.0057120104,0.00029013483,0.38831204,0.005919284,3.8581304e-05
ISIC_0028652,HAM_0001575,bcc,2,0.00028465586,0.998857,0.00047647618,3.1350377e-05,0.00021215894,0.00012680965,1.1600934e-05
ISIC_0031697,HAM_0003177,bcc,2,0.0050719827,0.96489835,0.0022358913,0.0010448756,0.0025785265,0.024061581,0.00010884602
ISIC_0028671,HAM_0001713,bcc,2,6.558523e-05,0.99870014,0.00051511265,6.1251674e-05,0.00042351327,0.00017985296,5.4584874e-05
ISIC_0029961,HAM_0000727,nv,2,0.00012834808,7.284543e-05,0.00081039313,0.00011064297,0.014072976,0.9846667,0.0001379666
ISIC_0029153,HAM_0004124,nv,2,0.0002700789,0.00583121,0.059674695,0.002903622,0.014446486,0.67795706,0.23891675
ISIC_0031579,HAM_0003020,nv,2,1.1449372e-05,4.196194e-05,0.00017572002,4.7133028e-05,0.00032072255,0.99937767,2.5401543e-05
ISIC_0030617,HAM_0006778,nv,2,3.097359e-06,2.8758006e-06,8.420752e-05,8.2176564e-05,0.0011842191,0.9986339,9.503342e-06
ISIC_0028932,HAM_0000789,nv,2,0.00016033146,0.0006671565,0.019430643,0.02449078,0.014927116,0.9394263,0.00089775724
ISIC_0029008,HAM_0000629,nv,2,1.2671378e-05,5.180822e-05,0.00019192777,0.0002461996,0.002130998,0.99727637,9.004263e-05
ISIC_0028888,HAM_0003838,nv,2,0.0002163204,0.00021759162,0.51210856,0.00014438218,0.3776052,0.10967496,3.304448e-05
ISIC_0030774,HAM_0002889,nv,2,6.39732e-05,0.00018692922,0.07585579,0.0016148218,0.0015431326,0.92050993,0.00022547966
ISIC_0031938,HAM_0004613,nv,2,3.5762743e-05,0.00012004229,0.0035633952,0.00015564998,0.00031781738,0.99578,2.7420247e-05
ISIC_0028597,HAM_0000652,nv,2,0.00039188252,0.00039341638,0.046188843,0.0012899626,0.0015897831,0.9497281,0.0004179724
ISIC_0030836,HAM_0001554,nv,2,3.314997e-05,0.00018671015,0.037288204,0.0008086594,0.0018357382,0.9597991,4.832722e-05
ISIC_0026460,HAM_0006792,nv,2,0.0001927646,0.0029856774,0.0026063805,0.00043018017,0.016237253,0.9774669,8.082845e-05
ISIC_0031438,HAM_0005001,nv,2,1.615698e-05,5.6614124e-05,0.002946599,0.000107225096,0.006511829,0.9903262,3.529009e-05
ISIC_0031797,HAM_0001064,nv,2,0.0002531057,0.00010489375,0.0023803867,0.0033048396,0.034069266,0.95937914,0.00050830055
ISIC_0032133,HAM_0007104,nv,2,1.0948602e-05,1.9709532e-05,8.201348e-05,0.00012714906,0.00016976628,0.9995763,1.4168542e-05
ISIC_0025406,HAM_0002073,nv,2,2.0220905e-06,1.50585265e-05,2.0723748e-05,8.546639e-06,1.4116466e-06,0.99994946,2.8128834e-06
ISIC_0026740,HAM_0003657,nv,2,2.550961e-06,2.146348e-05,3.800212e-05,1.8886043e-05,3.521493e-05,0.9998658,1.8127092e-05
ISIC_0027384,HAM_0005565,nv,2,1.9394096e-05,3.4037697e-05,0.0018803015,1.7936605e-05,0.0028615233,0.9951729,1.3860335e-05
ISIC_0028058,HAM_0001005,nv,2,3.4008302e-05,0.00020350024,0.0005163679,0.00022415702,0.0006824082,0.99820507,0.00013450543
ISIC_0028912,HAM_0006448,nv,2,0.00022312449,0.00029732898,0.0013305856,0.00030437994,0.0069276555,0.9907003,0.00021668246
ISIC_0032411,HAM_0000034,nv,2,9.287377e-05,3.298606e-05,2.4705418e-05,0.0001626805,0.0026487077,0.99698526,5.2711574e-05
ISIC_0032487,HAM_0004301,nv,2,4.1276682e-05,2.9730478e-05,4.1519248e-05,7.4815434e-05,0.0012360942,0.99853826,3.817469e-05
ISIC_0024656,HAM_0003779,nv,2,2.4624545e-05,7.042336e-05,0.0018556854,0.00011713347,0.00026165452,0.99761105,5.9418348e-05
ISIC_0025379,HAM_0000587,nv,2,8.373162e-06,1.064687e-05,0.000731252,0.00014568938,0.00010932964,0.9989747,2.0086172e-05
ISIC_0027994,HAM_0007525,nv,2,4.362442e-05,2.22377e-05,0.0070623364,4.187134e-05,0.001412901,0.99139374,2.335047e-05
ISIC_0026474,HAM_0003950,nv,2,2.5521473e-05,4.418336e-05,0.0029934105,7.442804e-05,0.000547007,0.99628216,3.3286276e-05
ISIC_0028182,HAM_0000426,nv,2,7.231804e-05,0.00016748894,0.0013045999,0.00018684742,0.0007572598,0.99681807,0.00069354475
ISIC_0025549,HAM_0005128,nv,2,1.1139444e-05,1.0484998e-05,0.00015916099,1.974219e-05,0.0004939748,0.99927896,2.6566024e-05
ISIC_0032250,HAM_0005875,nv,2,2.2864292e-06,5.81584e-06,3.4161287e-05,4.9704373e-05,0.00012188349,0.9997621,2.405895e-05
ISIC_0031969,HAM_0004528,nv,2,2.215584e-05,2.3909433e-05,9.382774e-05,3.6959394e-05,0.002354578,0.9974376,3.09411e-05
ISIC_0030916,HAM_0006642,nv,2,1.4115774e-05,3.4127566e-05,6.616918e-05,2.1650474e-05,9.34503e-05,0.99975115,1.93317e-05
ISIC_0027325,HAM_0005951,nv,2,2.277608e-06,1.9257322e-05,7.881246e-05,8.127454e-05,1.1864093e-05,0.99980277,3.6897093e-06
ISIC_0027048,HAM_0001281,nv,2,2.1062135e-06,0.00014200032,1.4170209e-05,8.7869164e-05,2.3045488e-05,0.9996939,3.693463e-05
ISIC_0028193,HAM_0007554,nv,2,6.1785005e-07,4.0047527e-07,1.1589866e-05,1.6617938e-05,0.000111149195,0.9998549,4.728683e-06
ISIC_0030867,HAM_0007578,nv,2,0.00043672157,7.8913974e-05,0.008840585,8.1578146e-05,0.0020060819,0.98846173,9.4447656e-05
ISIC_0027885,HAM_0002133,nv,2,3.902758e-05,2.210733e-05,0.00018884541,4.7076246e-05,0.00045881842,0.99914896,9.5096635e-05
ISIC_0026648,HAM_0003994,nv,2,4.309226e-05,5.971094e-05,0.0002647466,0.00065071066,0.0003053172,0.998615,6.136619e-05
ISIC_0028796,HAM_0002420,nv,2,9.256663e-06,6.3381485e-05,4.8643746e-05,1.7669288e-05,0.00014430449,0.9996768,3.993518e-05
ISIC_0025174,HAM_0000817,nv,2,8.621337e-06,0.0002275089,4.13718e-05,9.036433e-05,0.0002097958,0.9988865,0.00053579366
ISIC_0026771,HAM_0006698,nv,2,3.779258e-05,0.00011371272,0.0005031961,0.0002978428,0.004604766,0.9943526,9.013003e-05
ISIC_0030228,HAM_0002777,nv,2,1.4590222e-05,2.7900367e-06,1.2602147e-05,3.9351697e-05,0.0003104332,0.9996068,1.3493749e-05
ISIC_0024613,HAM_0001291,nv,2,1.4277237e-05,0.00014877223,0.00014546791,0.00012059713,5.2736465e-05,0.9994061,0.00011208005
ISIC_0030043,HAM_0002549,nv,2,2.3043535e-06,2.0495347e-06,0.00017399369,3.9473143e-05,1.5655398e-05,0.9997584,8.106066e-06
ISIC_0029960,HAM_0001451,nv,2,4.098166e-05,4.439837e-05,9.199354e-05,8.441801e-05,0.002459839,0.99722725,5.1202118e-05
ISIC_0028469,HAM_0002145,nv,2,1.1111638e-05,2.7075195e-05,0.0009605112,9.740636e-05,0.00014339601,0.9987332,2.7287548e-05
ISIC_0031003,HAM_0001578,nv,2,5.3143945e-06,2.0773961e-05,4.5999117e-05,2.7547916e-05,0.00045270618,0.9994399,7.777839e-06
ISIC_0030267,HAM_0000877,nv,2,2.5568518e-06,0.0006475134,0.00084292033,3.5852085e-05,6.170534e-05,0.99826765,0.00014179773
ISIC_0025282,HAM_0003923,nv,2,0.00032997926,9.289332e-05,0.022421597,0.0011551201,0.0056249504,0.9702975,7.807139e-05
ISIC_0027386,HAM_0001724,nv,2,7.7011406e-05,6.224404e-05,2.514887e-05,0.00013241562,0.0062750964,0.99330914,0.00011892865
ISIC_0032390,HAM_0000155,nv,2,0.00013952896,8.834423e-05,0.00011321489,0.00033145977,0.033942144,0.9651791,0.00020621043
ISIC_0026464,HAM_0006168,nv,2,1.12096595e-05,8.537466e-05,5.907958e-05,4.5468387e-06,0.00011755116,0.9997029,1.9444362e-05
ISIC_0029977,HAM_0003252,nv,2,2.510024e-06,1.3542585e-05,1.39724725e-05,1.05882555e-05,0.00062936184,0.99931324,1.672286e-05
ISIC_0028112,HAM_0004018,nv,2,2.2112416e-05,3.888437e-05,0.00040163886,0.00022929431,0.0010314588,0.99742883,0.0008477821
ISIC_0029817,HAM_0003572,nv,2,7.1090953e-06,3.5473884e-05,0.0001213027,0.00025393,0.00017658058,0.99938023,2.5401609e-05
ISIC_0024667,HAM_0000248,nv,2,8.256807e-06,2.2444328e-05,0.00015041251,0.00025988952,0.0008878228,0.9986532,1.7894177e-05
ISIC_0026375,HAM_0004041,nv,2,5.968323e-05,0.00011651225,0.001166435,2.4303334e-05,0.0004146885,0.9981516,6.684205e-05
ISIC_0026161,HAM_0007407,nv,2,1.8266091e-07,7.615576e-07,8.90351e-07,5.314727e-06,1.1887746e-06,0.9999906,1.0951505e-06
ISIC_0025294,HAM_0006015,nv,2,2.8252573e-05,2.6958794e-05,5.3196738e-05,0.000107146,0.003339731,0.99638367,6.099036e-05
ISIC_0025279,HAM_0000756,nv,2,0.00029715203,0.0007191234,0.0009179781,0.00084074045,0.0048951576,0.99204636,0.00028354442
ISIC_0032491,HAM_0001513,nv,2,2.763499e-07,4.4862713e-06,1.8811462e-06,7.919922e-06,1.2278599e-05,0.9999645,8.672886e-06
ISIC_0031911,HAM_0003753,nv,2,9.953814e-05,0.00016283353,0.004370022,6.976079e-05,0.08467998,0.9103957,0.00022213276
ISIC_0031006,HAM_0001638,nv,2,1.7909219e-05,7.387008e-05,4.091462e-05,3.2811673e-05,0.0003258505,0.99949265,1.5991132e-05
ISIC_0028630,HAM_0003488,nv,2,3.596539e-06,8.026161e-06,1.6597776e-05,6.2091225e-05,0.00018199571,0.9996177,0.000110042914
ISIC_0030889,HAM_0002356,nv,2,1.5778786e-06,7.3964716e-06,2.0046877e-05,8.123435e-06,1.5765736e-05,0.99994564,1.4621521e-06
ISIC_0027866,HAM_0004329,nv,2,0.0006453989,0.00017421642,0.0031217923,0.0007060686,0.0077899625,0.98744535,0.00011719203
ISIC_0025741,HAM_0005732,nv,2,5.417756e-06,8.60697e-06,0.0007200568,1.7729475e-05,6.390868e-05,0.9991715,1.2795028e-05
ISIC_0029907,HAM_0003285,nv,2,2.1221003e-05,4.203847e-05,4.9052054e-05,4.431484e-05,0.01605696,0.98375493,3.1546915e-05
ISIC_0028845,HAM_0001016,nv,2,5.9657225e-07,1.5027146e-06,1.5529204e-05,5.9201802e-06,9.741681e-06,0.99996567,1.0128234e-06
ISIC_0027074,HAM_0000264,nv,2,2.368225e-06,1.7599154e-06,2.096396e-05,9.14197e-05,0.00011779432,0.9997552,1.0469526e-05
ISIC_0027222,HAM_0005741,nv,2,0.004060409,0.0011724508,0.00019450636,0.0016477789,0.0007149572,0.99209505,0.00011479191
ISIC_0026426,HAM_0006034,nv,2,0.00010558007,2.6178499e-05,0.00024620126,0.000104554034,0.0011834836,0.99825746,7.6493365e-05
ISIC_0026630,HAM_0001682,nv,2,1.9914147e-05,3.669933e-05,1.7066774e-05,0.0010261498,0.00050408946,0.9981871,0.00020893358
ISIC_0030108,HAM_0005165,nv,2,1.2652133e-06,3.4865498e-06,2.135452e-06,1.8250385e-05,0.00016100447,0.9998084,5.5714904e-06
ISIC_0026589,HAM_0004089,nv,2,7.8799734e-05,4.614337e-05,0.0027534792,0.00019656087,0.00018303603,0.9967169,2.5087716e-05
ISIC_0025370,HAM_0004869,nv,2,7.238613e-06,4.512822e-05,0.0007290442,7.904795e-05,0.07800949,0.92111105,1.8959787e-05
ISIC_0031713,HAM_0006145,nv,2,4.2342657e-05,0.00012542808,0.0033513983,0.00020882532,0.07080394,0.9254011,6.7005814e-05
ISIC_0032027,HAM_0006145,nv,2,0.0006777749,0.0020274182,0.020982258,0.0008048777,0.53119147,0.4438271,0.0004891374
ISIC_0028823,HAM_0007138,nv,2,1.6702486e-05,0.0007530648,0.0015399163,0.00023742563,0.0010263063,0.98454267,0.011883906
ISIC_0031501,HAM_0007138,nv,2,0.000121562654,0.004662945,0.19701889,0.0006357,0.0056936652,0.7914958,0.00037152547
ISIC_0032739,HAM_0001790,nv,2,1.315147e-05,1.0860444e-05,0.0004903826,0.00010384919,0.6761632,0.32316184,5.6793626e-05
ISIC_0032874,HAM_0001790,nv,2,1.8913353e-05,9.697804e-06,0.0006622574,7.480376e-05,0.96861076,0.030593412,3.0105619e-05
ISIC_0032590,HAM_0005351,nv,2,5.4815086e-05,0.0011685695,0.0017610968,0.0003956492,0.055921257,0.94031054,0.0003879966
ISIC_0033549,HAM_0005351,nv,2,0.0002260463,0.00054864876,0.032043234,0.00045662606,0.010592566,0.9558432,0.00028968285
ISIC_0033921,HAM_0005351,nv,2,6.947408e-05,0.00077439845,0.004509436,0.00029826578,0.05135012,0.942771,0.00022735226
ISIC_0032767,HAM_0006520,nv,2,0.0011385425,0.00044412143,0.024956923,0.000755476,0.2622248,0.7100219,0.00045821935
ISIC_0033503,HAM_0006520,nv,2,0.00045480777,0.00014679183,0.015343228,0.0005400976,0.8401697,0.14317572,0.00016961763
ISIC_0033795,HAM_0006520,nv,2,0.00015323232,0.00021651467,0.0046502436,0.0011201445,0.49101052,0.5026545,0.00019484213
ISIC_0034273,HAM_0002016,nv,2,9.3747156e-05,0.00067731773,0.0010398704,0.000867149,0.0663767,0.9307318,0.00021333572
ISIC_0032805,HAM_0002016,nv,2,1.8402687e-05,0.00012674589,0.0018401162,0.000115403454,0.07353123,0.92422926,0.0001389315
ISIC_0032753,HAM_0002016,nv,2,5.3356664e-05,0.00012357431,0.0042844224,0.00036391514,0.058057334,0.93699795,0.00011953863
ISIC_0033188,HAM_0001935,nv,2,9.116144e-05,8.349121e-05,0.041592658,0.0009935694,0.06951868,0.887555,0.00016539477
ISIC_0033067,HAM_0001935,nv,2,1.9978343e-05,4.4497367e-05,0.04813468,0.00012503994,0.020026369,0.9315907,5.8719615e-05
ISIC_0032787,HAM_0001935,nv,2,0.000111013054,0.00011725315,0.25175464,0.00012121167,0.0021041448,0.74575156,4.020626e-05
ISIC_0034213,HAM_0005194,nv,2,0.002210367,0.0011579766,0.001709708,0.007145284,0.006319465,0.9812837,0.00017346778
ISIC_0032561,HAM_0005194,nv,2,0.0029389765,0.00029442826,0.00040480067,0.0112772565,0.013431366,0.97150135,0.00015185498
ISIC_0033839,HAM_0005194,nv,2,0.004297382,0.0007787993,0.0031982246,0.007824894,0.032857686,0.95091057,0.00013245846
ISIC_0032601,HAM_0001645,nv,2,0.0012209732,0.22376262,0.005498806,0.007892076,0.12564208,0.6349552,0.0010281625
ISIC_0032878,HAM_0001645,nv,2,8.8854766e-05,0.00032060387,0.0018350651,0.0020114921,0.011524581,0.9841201,9.9318444e-05
ISIC_0033960,HAM_0003535,nv,2,4.0146806e-05,0.00027758762,0.0014920396,9.820667e-05,0.0037670473,0.9942365,8.8376444e-05
ISIC_0033259,HAM_0003535,nv,2,7.1689296e-06,3.5494075e-05,8.931927e-05,3.420105e-05,0.013451767,0.9863708,1.123434e-05
ISIC_0033403,HAM_0003535,nv,2,1.5392288e-05,3.961386e-05,0.00025381384,9.032352e-05,0.024273679,0.9753067,2.0471278e-05
ISIC_0033724,HAM_0005052,nv,2,4.1556756e-05,0.00017806314,0.059553966,0.00048639503,0.0024365762,0.9370553,0.00024818376
ISIC_0033786,HAM_0005052,nv,2,0.00021638093,0.0004904875,0.34525564,0.00029633587,0.029411757,0.62273985,0.0015895099
ISIC_0029775,HAM_0002432,nv,2,0.0007736885,0.0009895627,0.08483259,0.00078740873,0.8534385,0.05130304,0.007875263
ISIC_0025226,HAM_0004919,nv,2,1.5466961e-06,1.5499512e-05,5.8030682e-06,2.5855607e-05,0.0004280192,0.99951696,6.3114862e-06
ISIC_0028117,HAM_0006116,nv,2,0.049613554,0.5683518,0.00586791,0.0027908168,0.33542448,0.03756474,0.0003866528
ISIC_0024996,HAM_0005658,nv,2,0.00018182202,0.00076400576,0.0013633181,6.1380415e-05,0.018010885,0.9795272,9.142586e-05
ISIC_0031798,HAM_0005051,nv,2,0.00037061595,0.001083995,0.00043160468,0.004038114,0.007360888,0.98646694,0.00024784973
ISIC_0029528,HAM_0003707,nv,2,0.01125226,0.17337073,0.17370968,0.20881891,0.016086668,0.41447568,0.0022860353
ISIC_0030399,HAM_0005870,nv,2,0.0010801648,0.0006437374,0.0014563623,0.0026917716,0.29601052,0.6977192,0.0003981473
ISIC_0026404,HAM_0003727,nv,2,0.002757053,0.00011678055,0.15969159,0.00013207148,0.80781907,0.029453557,2.9816505e-05
ISIC_0026698,HAM_0004824,nv,2,0.004215705,0.00036872414,0.018753318,0.0039333086,0.5526879,0.4196424,0.00039868584
ISIC_0027181,HAM_0003640,nv,2,0.0007553394,0.002433508,0.33013117,0.0019138164,0.0007095756,0.6629872,0.0010693683
ISIC_0026359,HAM_0007504,nv,2,0.00024276818,0.0001811161,0.0005312911,0.0008391097,0.010807605,0.9872256,0.00017248499
ISIC_0029182,HAM_0000277,nv,2,0.0014760527,0.00483979,0.35350126,0.003408545,0.002356423,0.63388747,0.00053043064
ISIC_0030635,HAM_0003640,nv,2,0.00011932767,0.00026114518,0.016539618,0.0002251212,0.00054427324,0.98214895,0.00016151655
ISIC_0026488,HAM_0005387,nv,2,0.0010413862,0.0020112488,0.022495305,0.0029064137,0.28987765,0.68059987,0.0010681662
ISIC_0028945,HAM_0002370,nv,2,0.00034711466,0.011171159,0.18733819,0.00041140453,0.109593995,0.6906291,0.00050901
ISIC_0030401,HAM_0002370,nv,2,0.00015523267,0.0017269371,0.0025472678,0.000255436,0.7014751,0.2935628,0.00027727315
ISIC_0027984,HAM_0007413,nv,2,0.0004092983,0.00036332713,0.004816372,0.011786072,0.13398188,0.8484471,0.00019600027
ISIC_0028477,HAM_0005531,nv,2,3.0798212e-06,2.5288262e-05,0.00010512446,0.000115908515,0.0028136966,0.9968659,7.092269e-05
ISIC_0024577,HAM_0005531,nv,2,5.8483176e-05,0.000642408,0.0004636137,0.0003342547,0.06514457,0.93329215,6.460866e-05
ISIC_0030404,HAM_0002084,nv,2,9.40669e-06,4.426083e-06,0.0006541682,0.00022535809,0.0028091574,0.9962302,6.7236615e-05
ISIC_0027311,HAM_0002084,nv,2,4.98087e-06,6.198793e-06,0.00029354196,9.082411e-05,0.010184797,0.98936963,4.9913524e-05
ISIC_0032631,HAM_0001834,nv,2,0.00026099806,0.00026407465,0.009119989,0.00039642295,0.038434107,0.9513953,0.00012920341
ISIC_0032828,HAM_0005308,nv,2,2.1795806e-05,2.1125219e-05,0.0008091922,2.3065966e-05,0.013914712,0.9850696,0.00014060792
ISIC_0032655,HAM_0003807,bkl,2,2.6183005e-05,5.8430905e-05,0.5149522,9.804466e-05,0.0011073659,0.48375282,4.9776327e-06
ISIC_0033072,HAM_0004193,nv,2,5.535252e-05,0.00018835558,0.0014074884,8.3909414e-05,0.05398895,0.9439824,0.00029344522
ISIC_0033375,HAM_0001147,nv,2,1.0592945e-05,2.868235e-05,0.0009795013,0.00051660225,0.0006290164,0.99780506,3.0591895e-05
ISIC_0033353,HAM_0001000,nv,2,6.00058e-05,0.00083078496,0.00045567736,0.00092861947,0.04558134,0.9519961,0.00014736003
ISIC_0032789,HAM_0004430,nv,2,2.0221394e-05,0.0004771705,0.02421268,0.00032129706,0.00959359,0.96528494,9.0096546e-05
ISIC_0033620,HAM_0003807,bkl,2,3.932089e-05,0.00032539412,0.3136807,0.0004002416,0.0057172775,0.67980987,2.7236782e-05
ISIC_0028335,HAM_0001219,akiec,2,0.015314134,0.00070877164,0.959791,0.0061829383,0.014201344,0.0037391714,6.26618e-05
ISIC_0024646,HAM_0006252,akiec,2,0.89394706,0.0005366967,0.087481536,0.00027198464,0.0055334293,0.012155661,7.3490184e-05
ISIC_0027930,HAM_0004899,akiec,2,0.00032946756,7.8485e-05,0.00015069399,5.3836644e-05,0.9716351,0.027725143,2.7389868e-05
ISIC_0026040,HAM_0006252,akiec,2,0.12543909,0.00033817382,0.8673253,0.00046767737,0.0035135432,0.0028788943,3.728093e-05
