image_id,lesion_id,diagnosis,fold,p_akiec,p_bcc,p_bkl,p_df,p_mel,p_nv,p_vasc
ISIC_0029836,HAM_0007571,bkl,3,0.087341286,0.10686267,0.15532301,0.49097136,0.0084476285,0.15036057,0.0006934236
ISIC_0032129,HAM_0007571,bkl,3,0.0035461609,0.027060963,0.8584457,0.000596688,0.0012006437,0.108607516,0.00054223055
ISIC_0027815,HAM_0005388,bkl,3,0.00016483052,0.0003448809,0.8725163,0.0008695743,0.0028961247,0.12302615,0.00018209477
ISIC_0030661,HAM_0003847,bkl,3,0.008222348,0.009271759,0.28038192,0.001063892,0.011227648,0.6845288,0.0053035645
ISIC_0027053,HAM_0003847,bkl,3,0.00016309826,4.1076928e-05,0.9937059,2.2684835e-05,0.000474019,0.005572521,2.0695157e-05
ISIC_0028560,HAM_0003847,bkl,3,0.0006219969,0.019416006,0.019349756,0.00046222884,0.9214615,0.038014695,0.0006738538
ISIC_0031650,HAM_0003847,bkl,3,0.0012641008,0.0040845545,0.109538384,0.00050676824,0.032166753,0.84740055,0.0050388277
ISIC_0031691,HAM_0007010,bkl,3,1.1405069e-05,0.01686315,0.9819927,4.572887e-05,2.0016521e-05,0.0010649456,2.1345945e-06
ISIC_0025419,HAM_0007010,bkl,3,0.00056938065,0.013435853,0.14110287,0.0021656735,0.69385475,0.14773019,0.0011412298
ISIC_0030377,HAM_0001983,bkl,3,4.591882e-05,0.00019791002,0.9173265,0.0004239143,0.026355019,0.055521816,0.00012878251
ISIC_0028052,HAM_0000700,bkl,3,0.00017315398,0.0010180719,0.46814114,0.0005699722,0.13256209,0.39730623,0.00022939178
ISIC_0029288,HAM_0000959,bkl,3,9.053368e-06,2.1888234e-05,0.99700564,1.5521082e-05,0.0023080364,0.0006387316,1.0317555e-06
ISIC_0031008,HAM_0000959,bkl,3,0.0001464921,0.00034868153,0.96505487,0.00045654635,0.022322237,0.011524216,0.00014706545
ISIC_0029289,HAM_0001469,bkl,3,0.00021496056,0.00023980583,0.023731444,0.00028256033,0.09376805,0.8775662,0.004197038
ISIC_0029912,HAM_0001469,bkl,3,0.0010124269,0.0004735891,0.016043276,0.0022286875,0.49557054,0.46012166,0.024549827
ISIC_0030189,HAM_0000959,bkl,3,5.572436e-06,1.8486691e-05,0.9980268,9.837403e-06,0.00091543084,0.0010232334,6.48847e-07
ISIC_0026532,HAM_0000959,bkl,3,0.00024953551,8.342083e-05,0.9816057,0.00010986899,0.014502862,0.0034279525,2.072457e-05
ISIC_0028774,HAM_0004852,bkl,3,0.31370857,0.0010201491,0.6399276,0.0011514736,0.03735754,0.00648543,0.00034912792
ISIC_0030565,HAM_0004852,bkl,3,0.8988001,0.00025143268,0.0065417783,0.00024274681,0.09146024,0.002654758,4.9028888e-05
ISIC_0028646,HAM_0005077,bkl,3,0.0024752344,0.001588019,0.9759251,0.00011926828,0.0025265198,0.017189924,0.00017592317
ISIC_0029929,HAM_0003768,bkl,3,0.0005701231,0.00012103112,0.9884171,9.574348e-05,0.005224865,0.005553699,1.7436183e-05
ISIC_0032757,HAM_0000527,bkl,3,0.00015134916,0.00012895108,0.95325375,0.00039180386,0.019007659,0.026988963,7.7452714e-05
ISIC_0032508,HAM_0000527,bkl,3,0.00013560591,0.0003900963,0.6523057,0.0005426539,0.19547553,0.15105179,9.863179e-05
ISIC_0034201,HAM_0000527,bkl,3,0.00014715311,0.00039380218,0.8672775,0.00047967763,0.04411692,0.087394916,0.00019005871
ISIC_0033235,HAM_0001858,bkl,3,0.0018099394,3.172495e-05,0.9816078,0.0022284384,0.0017602596,0.012526717,3.5253757e-05
ISIC_0026085,HAM_0001858,bkl,3,0.0050857007,8.1312255e-06,0.9911776,3.963434e-05,0.0022867154,0.0013964766,5.6543786e-06
ISIC_0032826,HAM_0000581,bkl,3,0.00036499323,0.00022008622,0.9508515,0.00029270802,0.005387159,0.042187482,0.00069602573
ISIC_0034115,HAM_0000581,bkl,3,0.0002456832,0.00064728904,0.9025932,0.0005262422,0.015874986,0.07995338,0.00015924583
ISIC_0025180,HAM_0003265,bkl,3,0.0014203022,0.0003083641,0.85513586,0.0026379717,0.010327574,0.1291062,0.0010637572
ISIC_0026107,HAM_0003265,bkl,3,0.0003669682,0.00012388302,0.9729497,0.00031083415,0.0024297265,0.023746656,7.211933e-05
ISIC_0029472,HAM_0004029,bkl,3,0.00016632785,0.00015443016,0.0021585526,9.6075346e-05,0.031820536,0.9650898,0.00051433104
ISIC_0029682,HAM_0004029,bkl,3,0.00051632937,0.00020780262,0.0148771955,0.00015232888,0.21075757,0.77242625,0.0010625476
ISIC_0033629,HAM_0001309,bkl,3,0.00027344745,0.0011947817,0.5712834,0.0005743833,0.0042711766,0.421238,0.0011648274
ISIC_0034037,HAM_0001309,bkl,3,0.002751947,0.003404844,0.5337282,0.0012999276,0.097579546,0.3597306,0.001505
ISIC_0032876,HAM_0001309,bkl,3,0.00010194088,0.00050275156,0.93968433,0.0002814678,0.0048409523,0.054482948,0.000105588486
ISIC_0030124,HAM_0004807,bkl,3,4.495034e-05,0.0016900469,0.59585094,3.7704413e-05,0.007967855,0.39383346,0.0005750095
ISIC_0025136,HAM_0000308,bkl,3,0.0022634396,0.00027298217,0.13154982,0.000645958,0.8578125,0.0073538967,0.00010141004
ISIC_0027218,HAM_0001738,bkl,3,0.0037138544,0.0022902747,0.8782142,0.0007945956,0.025367197,0.088410616,0.0012092495
ISIC_0026060,HAM_0005891,bkl,3,0.006765873,7.618536e-06,0.992446,1.3795385e-05,7.193057e-05,0.0006930362,1.8095608e-06
ISIC_0025777,HAM_0002827,bkl,3,0.069969006,0.00047980784,0.81814265,0.0048601055,0.018898685,0.08665368,0.0009961069
ISIC_0024592,HAM_0000236,bkl,3,0.0013437736,0.00067734334,0.99176437,0.003413481,0.00010087493,0.0026667097,3.3460507e-05
ISIC_0027796,HAM_0000745,bkl,3,0.0012084002,0.0030767312,0.25241998,0.0008435994,0.01801055,0.7233033,0.0011374063
ISIC_0026607,HAM_0007529,bkl,3,0.0020048579,0.23082663,0.012517355,0.00017690167,0.31427258,0.43974638,0.00045527724
ISIC_0030731,HAM_0005865,bkl,3,0.004673316,0.0005497631,0.9862597,0.00023552832,0.0018983593,0.006348797,3.4600307e-05
ISIC_0026301,HAM_0004917,bkl,3,0.00010586038,5.010267e-05,0.01594291,0.00032416795,0.9220795,0.06141457,8.2928644e-05
ISIC_0030227,HAM_0004917,bkl,3,0.0008328247,0.00031920668,0.12360213,0.00034447125,0.42973194,0.44510838,6.104076e-05
ISIC_0027584,HAM_0001546,bkl,3,0.00012130903,0.00014689933,0.9994324,8.979776e-05,3.242745e-05,0.00017275197,4.4403096e-06
ISIC_0026634,HAM_0003768,bkl,3,0.00062146515,0.00028900814,0.5164512,0.00017358878,0.47577715,0.006595484,9.201242e-05
ISIC_0032348,HAM_0006294,bkl,3,0.0006369508,0.00013157065,0.9707206,1.40309085e-05,0.022563191,0.005926334,7.4227078e-06
ISIC_0032156,HAM_0007521,bkl,3,0.0013360739,0.0003835399,0.7281569,0.012163936,0.16120939,0.09626252,0.00048768905
ISIC_0024453,HAM_0005514,bkl,3,2.382535e-05,9.114008e-06,0.99005497,1.5203588e-05,0.0004471774,0.009444349,5.264491e-06
ISIC_0029051,HAM_0000298,bkl,3,0.0049053896,0.0101639815,0.7416587,0.0045323153,0.0811256,0.15683249,0.0007814692
ISIC_0030723,HAM_0000782,bkl,3,0.022267321,0.0069318586,0.96928394,4.4177657e-05,0.00025571883,0.0011957859,2.1114034e-05
ISIC_0028555,HAM_0002301,bkl,3,0.0006711313,3.482964e-05,0.9927967,7.9260055e-05,0.0006024801,0.0058061886,9.447794e-06
ISIC_0029568,HAM_0002301,bkl,3,0.006947338,0.00022485365,0.9452453,0.0003189579,0.013378274,0.0337976,8.7710665e-05
ISIC_0025275,HAM_0006123,bkl,3,0.00021164106,0.0053110668,0.004542796,0.0011263827,0.21173586,0.3027058,0.47436646
ISIC_0026606,HAM_0006123,bkl,3,0.00080713036,0.0016272669,0.0016691132,0.0010861126,0.7323634,0.23180261,0.03064436
ISIC_0025986,HAM_0006123,bkl,3,0.0007292301,0.0017289518,0.022528388,0.0018440578,0.33729333,0.6264654,0.009410738
ISIC_0030007,HAM_0004105,bkl,3,0.0003621196,8.215241e-05,0.99541986,4.6444762e-05,0.0016043916,0.0024746384,1.0485385e-05
ISIC_0025805,HAM_0004691,bkl,3,4.6659985e-05,7.558886e-05,0.17929597,0.00027920588,0.010304622,0.8098511,0.00014684409
ISIC_0029166,HAM_0004691,bkl,3,0.00037468562,0.00012259667,0.05249484,0.0012442431,0.17466386,0.77065307,0.00044669167
ISIC_0026477,HAM_0006563,bkl,3,0.00035887427,0.00021809379,0.00652518,0.0005366337,0.5410849,0.4503308,0.0009455078
ISIC_0030026,HAM_0004400,bkl,3,7.378254e-05,5.3247473e-05,0.82520556,0.00013465079,0.1559627,0.018536357,3.3714197e-05
ISIC_0031819,HAM_0005527,bkl,3,0.0017996455,0.0068852855,0.53743535,0.0027710614,0.0030613001,0.44035873,0.007688596
ISIC_0024740,HAM_0005420,bkl,3,0.0488933,0.09679774,0.77980936,0.0132481,0.0027419212,0.057857048,0.00065253663
ISIC_0030649,HAM_0005420,bkl,3,0.5429703,0.12536561,0.313022,0.0046428847,0.0025841547,0.010837282,0.0005777301
ISIC_0032043,HAM_0005420,bkl,3,0.10090362,0.2701805,0.3022924,0.07896366,0.014014686,0.23200211,0.0016430446
ISIC_0031168,HAM_0001245,bkl,3,0.43912578,0.008850633,0.516407,0.002143672,0.021221202,0.011834469,0.00041719628
ISIC_0025575,HAM_0001245,bkl,3,0.19995981,0.018590081,0.6938509,0.07388508,0.004767339,0.008375116,0.000571606
ISIC_0025781,HAM_0005728,bkl,3,0.020609418,0.04086183,0.8720662,0.006561485,0.035158515,0.023525205,0.0012173138
ISIC_0024758,HAM_0005968,bkl,3,0.00033439303,0.00021611132,0.9948666,4.9606107e-05,0.0022651653,0.0022442478,2.3894429e-05
ISIC_0031078,HAM_0003943,bkl,3,7.731564e-05,0.00013126171,0.8267354,0.00032870538,0.16994137,0.0027687282,1.725145e-05
ISIC_0031464,HAM_0003943,bkl,3,0.00052646257,0.0004246802,0.29030293,0.00026994315,0.668415,0.03994592,0.000114972834
ISIC_0024772,HAM_0002400,bkl,3,0.00078751915,0.0014569814,0.4351042,0.00050253683,0.3565116,0.20552868,0.00010846916
ISIC_0025973,HAM_0003943,bkl,3,5.17487e-05,0.00039916227,0.030316463,0.000112809,0.9016884,0.06739151,3.9988296e-05
ISIC_0027355,HAM_0005968,bkl,3,0.0048006037,0.0008569267,0.43531322,0.0003183394,0.54814214,0.009893581,0.0006752419
ISIC_0025519,HAM_0006211,bkl,3,0.0012840729,0.00019730392,0.9830519,0.000103768994,0.0016335566,0.013670925,5.843695e-05
ISIC_0031783,HAM_0002357,bkl,3,0.5445546,0.001365727,0.0394089,0.0019639705,0.39840463,0.0136060575,0.0006961841
ISIC_0030137,HAM_0002357,bkl,3,0.4902848,0.011575521,0.3162427,0.0068716775,0.11286997,0.058345683,0.0038097536
ISIC_0031808,HAM_0005275,bkl,3,0.93929017,0.0017677966,0.034616943,0.0084749665,0.011640606,0.0032833838,0.0009261209
ISIC_0026316,HAM_0002400,bkl,3,3.545665e-05,0.000577857,0.34118694,0.000131995,0.34791625,0.3100481,0.00010340189
ISIC_0031522,HAM_0005865,bkl,3,3.6427376e-05,2.6807455e-05,0.988857,0.0001435114,0.00015532441,0.010772734,8.239935e-06
ISIC_0027916,HAM_0005952,bkl,3,0.0030846538,0.0017101751,0.25331727,0.0003494849,0.7049171,0.03645819,0.00016316168
ISIC_0031716,HAM_0002686,bkl,3,0.0001357107,0.0046006963,0.9934737,4.829472e-05,0.00026570866,0.0014544929,2.147255e-05
ISIC_0029080,HAM_0000186,bkl,3,0.010179376,0.0009417575,0.91319156,0.0020610092,0.05724925,0.016049633,0.0003273753
ISIC_0027018,HAM_0006525,bkl,3,0.80568403,0.0118862605,0.05140516,0.020602899,0.1029326,0.007248207,0.00024085923
ISIC_0031138,HAM_0004908,bkl,3,0.5351849,0.0040464774,0.37728578,0.019627826,0.033942834,0.028775278,0.0011369115
ISIC_0025389,HAM_0004921,bkl,3,0.21474677,0.0014356921,0.61655474,0.16305196,0.0005857646,0.0035499039,7.520244e-05
ISIC_0028710,HAM_0004908,bkl,3,0.82982075,0.00035883806,0.16212979,0.0025900532,0.0015481025,0.0034852976,6.7160814e-05
ISIC_0031630,HAM_0003682,bkl,3,0.0058289897,0.0007561506,0.52914715,0.0003145954,0.45973098,0.004061846,0.0001603661
ISIC_0027982,HAM_0004423,bkl,3,0.0044121696,0.00038290457,0.88547504,0.00012238364,0.016377196,0.09296452,0.00026574876
ISIC_0030318,HAM_0004423,bkl,3,6.986648e-05,3.9498922e-05,0.99165726,1.3153186e-05,0.0015762389,0.006603889,4.012094e-05
ISIC_0026737,HAM_0004423,bkl,3,0.06207049,0.0045449324,0.89098996,0.00044956998,0.011948021,0.02858494,0.0014120853
ISIC_0028749,HAM_0005275,bkl,3,0.43420595,0.004340763,0.44450286,0.023823844,0.07468394,0.01597896,0.0024636497
ISIC_0031537,HAM_0003877,bkl,3,0.81122047,0.0023417152,0.026403356,0.00534978,0.14332883,0.010880982,0.00047482
ISIC_0030608,HAM_0007029,bkl,3,0.04464912,0.0013377941,0.93252605,0.00072027766,0.0055450024,0.015128179,9.35617e-05
ISIC_0024446,HAM_0001475,bkl,3,0.0004515306,0.00024358247,0.990537,0.0021011515,0.005175069,0.0014134041,7.8311146e-05
ISIC_0031287,HAM_0003205,bkl,3,0.10552508,0.00262121,0.8698524,0.0005111309,0.003448882,0.017799376,0.00024191316
ISIC_0026139,HAM_0002809,bkl,3,0.0020690202,0.00026381813,0.9768192,0.00072416966,0.008702396,0.011130535,0.00029088158
ISIC_0027967,HAM_0002809,bkl,3,0.017140435,0.0010404803,0.962718,0.0013114427,0.0007392535,0.016825331,0.00022501966
ISIC_0024338,HAM_0002809,bkl,3,0.020504134,0.0013044007,0.88472325,0.0747816,0.0044778455,0.0137088075,0.0004999532
ISIC_0028842,HAM_0001515,bkl,3,0.02602286,0.0024803248,0.45544735,0.001244752,0.5120732,0.002566567,0.00016487825
ISIC_0025066,HAM_0002749,bkl,3,0.05425708,0.0035008676,0.47446626,0.0003435996,0.4253088,0.042029105,9.430255e-05
ISIC_0028124,HAM_0001294,bkl,3,0.012643527,0.0006469341,0.9754008,0.00075856165,0.006506741,0.0039436487,9.979357e-05
ISIC_0027388,HAM_0002192,bkl,3,0.21304213,0.0027723433,0.25497803,0.4362811,0.06840894,0.024160814,0.00035661866
ISIC_0030241,HAM_0001294,bkl,3,0.04710365,0.001031549,0.92328364,0.00017716792,0.02611492,0.0021816574,0.00010745778
ISIC_0026912,HAM_0007337,bkl,3,0.0024486547,2.8787312e-05,0.9859304,6.082383e-05,0.011322467,0.00020576436,3.1182706e-06
ISIC_0031888,HAM_0003398,bkl,3,0.005335485,0.0019700164,0.4254051,0.0006383228,0.564672,0.0019112711,6.78064e-05
ISIC_0028622,HAM_0000083,bkl,3,8.82546e-05,0.0026616992,0.28501695,1.169009e-05,0.66268426,0.049528517,8.653468e-06
ISIC_0031872,HAM_0000083,bkl,3,8.502555e-06,0.00017914908,0.9585521,2.9792986e-05,0.039564174,0.0016644037,1.7822324e-06
ISIC_0024877,HAM_0003574,bkl,3,0.00034665453,1.1159527e-05,0.9991272,1.0139527e-06,0.00035853282,0.00015427836,1.0626131e-06
ISIC_0030835,HAM_0003574,bkl,3,0.0010606302,0.00029052704,0.9756286,0.00011332847,0.012067355,0.010806549,3.3044944e-05
ISIC_0026249,HAM_0007315,bkl,3,0.00019114048,0.0020589714,0.49406913,0.00040781812,0.0068007363,0.49600282,0.00046939577
ISIC_0031218,HAM_0007315,bkl,3,0.011280347,0.0026780092,0.8887013,0.01386829,0.046596203,0.036342353,0.0005335473
ISIC_0026248,HAM_0004224,bkl,3,0.0021289936,0.0005536889,0.98077184,8.7179586e-05,0.015141532,0.0012176632,9.9174045e-05
ISIC_0027194,HAM_0004224,bkl,3,0.00078501465,0.00010093056,0.98651403,3.8912203e-05,0.012012821,0.0005350722,1.313618e-05
ISIC_0030369,HAM_0003514,bkl,3,0.0003301144,0.00069953495,0.92443615,0.00013680819,0.023461383,0.050845586,9.04247e-05
ISIC_0025339,HAM_0006755,bkl,3,0.0017556815,0.014277464,0.21686246,0.0004508963,0.7613725,0.005045623,0.00023529658
ISIC_0028876,HAM_0003030,bkl,3,1.4932253e-05,4.7085305e-05,0.98769855,5.4726694e-05,0.009348551,0.0027960008,4.019561e-05
ISIC_0029527,HAM_0003030,bkl,3,3.945979e-06,1.0415041e-06,0.99859387,2.039166e-06,0.00090704975,0.0004907522,1.3425519e-06
ISIC_0031987,HAM_0001781,bkl,3,0.00020623526,1.6407976e-05,0.9959371,4.7108577e-05,0.0015707226,0.0022150737,7.3524466e-06
ISIC_0028623,HAM_0001781,bkl,3,0.00013502286,1.5523548e-05,0.9913385,1.9700408e-05,0.0022005436,0.0062504266,4.0265022e-05
ISIC_0025515,HAM_0001781,bkl,3,0.00022048152,3.8614446e-05,0.9943817,2.7812941e-05,0.0035135022,0.0017840372,3.3745964e-05
ISIC_0029823,HAM_0001781,bkl,3,0.00065058697,7.977756e-05,0.9915023,9.308742e-05,0.0052848607,0.0022891401,0.000100259094
ISIC_0026631,HAM_0000985,bkl,3,0.00063637394,4.938437e-05,0.9846333,3.5431553e-05,0.014045039,0.0005928761,7.5585617e-06
ISIC_0024490,HAM_0000985,bkl,3,5.205315e-05,1.2065513e-05,0.9854938,8.724477e-06,0.013920705,0.0005109138,1.7968846e-06
ISIC_0025103,HAM_0001529,bkl,3,0.0027460612,0.00014518104,0.9790987,0.00010980264,0.016715225,0.0011520181,3.3033186e-05
ISIC_0025710,HAM_0001529,bkl,3,0.00010827008,2.409941e-05,0.9994894,1.511051e-05,0.00023957073,0.00012113837,2.4142923e-06
ISIC_0025466,HAM_0001620,bkl,3,0.0031278257,0.00046787024,0.9418609,0.0008930793,0.0051897513,0.0481924,0.00026815105
ISIC_0028264,HAM_0003187,bkl,3,0.30136678,0.01107419,0.35130274,0.005139928,0.3049192,0.024188252,0.002008897
ISIC_0025526,HAM_0003187,bkl,3,0.0008669566,0.00018467587,0.9890891,9.693794e-05,0.0037991323,0.0059564803,6.674469e-06
ISIC_0027202,HAM_0001011,bkl,3,0.0017383057,0.0003343635,0.97553784,0.00018250178,0.008686738,0.013395289,0.0001249425
ISIC_0032498,HAM_0001011,bkl,3,0.0017129377,0.0011179,0.98313737,0.00012865031,0.010150336,0.0036529463,9.9802346e-05
ISIC_0026174,HAM_0006009,bkl,3,0.000116619194,0.00033416945,0.9961451,9.518181e-05,0.0013260291,0.0019599835,2.2829523e-05
ISIC_0027279,HAM_0006009,bkl,3,0.00016995911,3.7997146e-05,0.99389416,2.9650058e-05,0.002161433,0.0036374363,6.9479145e-05
ISIC_0033305,HAM_0003218,bkl,3,8.711424e-06,6.8778572e-06,0.99951553,1.0263035e-06,0.00015993885,0.00030753846,4.3626505e-07
ISIC_0032681,HAM_0000208,bkl,3,3.076944e-05,1.0737987e-05,0.99190384,5.8618676e-05,0.0025145328,0.005476178,5.2949654e-06
ISIC_0033509,HAM_0000208,bkl,3,0.0006041305,0.00090868043,0.7882877,0.00043855177,0.13276932,0.07684098,0.00015067398
ISIC_0032694,HAM_0000208,bkl,3,0.004037121,0.14051811,0.1130198,0.0014254908,0.7312464,0.009562378,0.0001906716
ISIC_0033260,HAM_0004142,bkl,3,0.00017559694,2.1343973e-05,0.9952701,2.2237611e-05,0.0007669365,0.003721575,2.2194221e-05
ISIC_0032643,HAM_0004142,bkl,3,0.00010747358,1.9231355e-05,0.9965063,2.2483733e-05,0.0009182859,0.0024034656,2.2660073e-05
ISIC_0033732,HAM_0004142,bkl,3,0.0011391127,3.6496232e-05,0.99654824,4.275184e-05,0.0010407568,0.0011628566,2.9845594e-05
ISIC_0033246,HAM_0005749,bkl,3,0.005949359,0.00046621737,0.87823343,0.00064098847,0.097768255,0.016681315,0.00026050466
ISIC_0032843,HAM_0005749,bkl,3,0.0002260638,1.8340259e-05,0.9978871,6.4758697e-06,0.0006860323,0.0011718337,4.297041e-06
ISIC_0027747,HAM_0005932,bkl,3,0.00072552735,0.00030067787,0.93201286,0.00020908861,0.0013701026,0.06505527,0.00032638272
ISIC_0031396,HAM_0004466,bkl,3,3.1703952e-05,0.00023334895,0.9847974,0.00079404836,0.0003332791,0.013748801,6.135015e-05
ISIC_0032249,HAM_0005834,bkl,3,0.00689929,0.001778819,0.559981,0.05740152,0.00054997724,0.3722999,0.0010894961
ISIC_0024337,HAM_0005136,bkl,3,0.002625807,0.007068318,0.87478834,0.021241663,0.0075241853,0.06871975,0.018031964
ISIC_0026566,HAM_0004078,bkl,3,0.00012101361,0.00011312803,0.99699855,0.00010442218,0.00014469297,0.002488264,2.9917455e-05
ISIC_0028681,HAM_0004309,bkl,3,9.860895e-05,7.200308e-05,0.9770899,0.000109791596,0.0004171913,0.022185134,2.7329288e-05
ISIC_0030959,HAM_0003011,bkl,3,0.00974727,0.0011352364,0.9508055,0.004833502,0.003593708,0.028005676,0.0018790136
ISIC_0028497,HAM_0006533,bkl,3,0.0007207675,0.0005370693,0.9950429,3.1660584e-05,7.638471e-06,0.0036416405,1.8252302e-05
ISIC_0026846,HAM_0003287,bkl,3,0.0018502016,0.008930865,0.8441595,0.031616323,0.0015671818,0.10321136,0.008664549
ISIC_0026907,HAM_0005291,bkl,3,0.0002308155,0.0014166805,0.977918,0.00044839794,0.00017119282,0.019480426,0.00033452528
ISIC_0028826,HAM_0000865,bkl,3,4.5737008e-05,0.00030412507,0.9821675,0.00014115532,0.0009030861,0.01625173,0.00018663556
ISIC_0030067,HAM_0001589,bkl,3,2.9438702e-06,3.04074e-05,0.9908194,2.6909152e-06,1.775381e-05,0.009125131,1.6643132e-06
ISIC_0027167,HAM_0003859,bkl,3,0.00013992593,5.4635482e-05,0.9976757,1.8300594e-05,0.00011375898,0.001987104,1.05502795e-05
ISIC_0027954,HAM_0002034,bkl,3,3.6537138e-05,0.00010367882,0.53089184,2.768762e-05,0.00040726416,0.4685104,2.2642156e-05
ISIC_0031088,HAM_0001430,bkl,3,6.629399e-05,0.03486491,0.6938137,0.00012288967,0.0043404787,0.26282814,0.0039636465
ISIC_0025392,HAM_0002161,bkl,3,4.768619e-06,7.159613e-05,0.9926669,4.621904e-06,2.2309787e-05,0.007217921,1.1825518e-05
ISIC_0031223,HAM_0002456,bkl,3,7.8512545e-05,1.9967736e-05,0.99697113,9.619558e-05,0.00057253544,0.0022325835,2.8939618e-05
ISIC_0026262,HAM_0000974,bkl,3,0.004538908,0.001396509,0.7960633,0.0020679415,0.06296439,0.13020784,0.0027610643
ISIC_0029048,HAM_0000452,bkl,3,2.4507697e-05,0.0001747476,0.9987118,1.3350654e-05,5.068093e-05,0.0009885634,3.629084e-05
ISIC_0027027,HAM_0007604,bkl,3,0.0008175295,2.7363016e-05,0.9975909,3.6749116e-05,0.00081295177,0.0006798273,3.4725475e-05
ISIC_0029880,HAM_0002366,bkl,3,0.0002969576,5.4291657e-05,0.99722326,5.324156e-05,0.0014753,0.0008656447,3.1421598e-05
ISIC_0025484,HAM_0000215,bkl,3,0.00092043553,0.0005754316,0.9908241,0.00017860891,0.0006681645,0.0065629957,0.00027022662
ISIC_0029248,HAM_0004756,df,3,0.0012304676,0.0011379966,0.0055741314,0.9814538,0.0073449677,0.0016412862,0.0016174192
ISIC_0030442,HAM_0004756,df,3,0.00025365423,0.00021696195,0.0017107092,0.9939175,0.0031487814,0.0005909167,0.00016154764
ISIC_0030321,HAM_0003555,df,3,0.0006587018,0.0070851706,0.007235504,0.9257114,0.004384272,0.053463545,0.0014613938
ISIC_0027727,HAM_0004036,df,3,4.5474488e-05,8.884774e-06,2.4869345e-05,0.9996879,0.0001500546,7.857288e-05,4.288013e-06
ISIC_0027107,HAM_0004036,df,3,0.099230655,0.00038734035,0.02053999,0.8698714,0.0019594077,0.0075001833,0.000511142
ISIC_0027648,HAM_0004036,df,3,0.00023270345,9.103903e-05,0.00089849136,0.9985133,0.00013428443,0.00010037816,2.9846096e-05
ISIC_0025954,HAM_0002706,df,3,0.81251377,0.017603567,0.013069092,0.02787065,0.018003434,0.11033827,0.0006011856
ISIC_0029783,HAM_0002706,df,3,0.98368686,0.0013439384,0.010633016,0.00035402775,0.0004354616,0.0034748653,7.1925104e-05
ISIC_0029578,HAM_0002895,df,3,0.0018758823,0.0001903279,0.002451395,0.044007167,0.017737146,0.93359244,0.00014564472
ISIC_0031372,HAM_0007418,df,3,7.0052774e-05,0.0007285424,0.00067116466,0.94691783,0.032306958,0.01902941,0.00027598394
ISIC_0026313,HAM_0007418,df,3,2.7127739e-05,3.7663132e-05,3.2914595e-05,0.99482524,0.0041824086,0.0008786626,1.6009992e-05
ISIC_0024318,HAM_0002450,df,3,7.1951763e-06,2.8236016e-05,1.1453034e-05,0.9996972,0.00018475235,4.0131472e-05,3.1011194e-05
ISIC_0024396,HAM_0002450,df,3,2.1517444e-05,2.5853804e-05,0.00012964013,0.9994473,0.0003078931,5.2738636e-05,1.5080389e-05
ISIC_0027745,HAM_0000902,df,3,2.2723885e-05,6.99945e-05,3.710126e-05,0.9993125,9.129003e-05,0.0002756197,0.000190823
ISIC_0026254,HAM_0006816,df,3,9.598188e-05,0.012403473,0.9236001,0.0059150383,0.007998513,0.0456255,0.0043614754
ISIC_0027598,HAM_0002848,df,3,0.00011767449,0.00065505493,0.028934937,0.07454022,0.0029761654,0.8922628,0.00051315525
ISIC_0030870,HAM_0006707,df,3,1.700523e-05,4.6315377e-05,0.00023178855,0.99848026,0.0002595909,0.00064816535,0.0003168174
ISIC_0025964,HAM_0000871,mel,3,7.8964964e-05,0.00059965113,0.0007477369,0.00026870487,0.18189625,0.28282908,0.53357965
ISIC_0030623,HAM_0000871,mel,3,0.00012834118,6.440809e-05,0.00014946108,6.593548e-05,0.87231946,0.11851767,0.008754722
ISIC_0031177,HAM_0005191,mel,3,3.994898e-05,1.4753929e-05,0.00015585581,0.0001573853,0.96830875,0.031309146,1.4161029e-05
ISIC_0026120,HAM_0007310,mel,3,5.305923e-07,1.9554639e-08,1.0010046e-06,3.740481e-07,0.9999467,5.129163e-05,1.9862581e-08
ISIC_0028412,HAM_0007310,mel,3,1.880578e-05,6.809986e-07,4.359684e-05,6.5245404e-06,0.99951327,0.00041647255,6.447565e-07
ISIC_0025450,HAM_0003832,mel,3,4.0823616e-05,0.00076803175,0.0020533532,0.0037235927,0.020556664,0.97226703,0.0005905981
ISIC_0024586,HAM_0003832,mel,3,1.3002295e-05,0.00021524276,0.000316868,0.0011168314,0.10556466,0.8925561,0.00021735502
ISIC_0030486,HAM_0001150,mel,3,9.75784e-05,9.095307e-05,0.0019208336,0.000120258126,0.9371307,0.060614947,2.4816667e-05
ISIC_0025277,HAM_0002720,mel,3,0.028681567,0.0016526381,0.41559723,0.0010281525,0.36604762,0.18659405,0.00039871747
ISIC_0024729,HAM_0002011,mel,3,0.000116888164,5.597412e-05,0.00025831672,0.00016808989,0.45003334,0.5492427,0.00012467006
ISIC_0031711,HAM_0002011,mel,3,3.8183392e-05,2.7502463e-05,0.00010460728,0.00012993184,0.71518123,0.28447944,3.9165305e-05
ISIC_0032308,HAM_0003802,mel,3,2.0554817e-06,1.6548547e-06,0.00011135214,1.113189e-06,0.9987503,0.0011334373,1.2058173e-07
ISIC_0026596,HAM_0004979,mel,3,0.0028134126,0.001284306,0.49439934,0.0003304819,0.026369058,0.47453147,0.000271847
ISIC_0028056,HAM_0004979,mel,3,0.014751224,0.0019978236,0.15548521,0.00042869739,0.5816603,0.24533027,0.00034649228
ISIC_0024792,HAM_0001847,mel,3,0.0002482852,0.00020146061,0.09899844,0.00027752374,0.83540505,0.06454546,0.00032382502
ISIC_0030898,HAM_0001847,mel,3,0.00042677185,6.0825394e-05,0.003231377,2.6676651e-05,0.9801956,0.016030142,2.8731884e-05
ISIC_0029547,HAM_0007165,mel,3,0.00012412813,6.834953e-05,0.0011171991,5.0201303e-05,0.9931322,0.0054990463,8.948013e-06
ISIC_0026622,HAM_0007165,mel,3,2.3148426e-05,5.487505e-06,0.0005581032,2.792233e-05,0.9982926,0.001090581,2.1114934e-06
ISIC_0028442,HAM_0001328,mel,3,0.0004589468,0.00023763385,0.013269083,6.902046e-05,0.97773767,0.0082228845,4.67859e-06
ISIC_0029370,HAM_0006433,mel,3,0.00027043416,9.111642e-05,0.0037114178,5.1807538e-06,0.9935235,0.0023962713,2.2195272e-06
ISIC_0031958,HAM_0006433,mel,3,8.69003e-05,7.417366e-06,0.010044309,2.3343262e-05,0.9852976,0.004527325,1.3068833e-05
ISIC_0027487,HAM_0004483,mel,3,0.0020118048,0.017761102,0.0006461589,0.0005646916,0.7828174,0.19600376,0.00019515221
ISIC_0029212,HAM_0002955,mel,3,1.207285e-05,9.148733e-06,0.00011913601,4.645416e-06,0.9996674,0.0001873815,2.326408e-07
ISIC_0025363,HAM_0001796,mel,3,0.0021641587,0.05608759,0.006034074,0.007176144,0.91498417,0.013361057,0.00019283181
ISIC_0029473,HAM_0001796,mel,3,0.0027789979,0.0007853848,0.17009349,0.019046724,0.76156205,0.045048285,0.00068502483
ISIC_0027238,HAM_0006152,mel,3,9.052042e-05,2.6189044e-05,0.00024969096,0.00010983012,0.8558688,0.14358984,6.519941e-05
ISIC_0029571,HAM_0006152,mel,3,6.566527e-05,3.9827995e-05,0.000911808,7.662068e-05,0.80345744,0.19536345,8.51433e-05
ISIC_0025783,HAM_0000417,mel,3,0.0027008422,0.0010743208,0.002786576,0.0029837266,0.02778839,0.9615664,0.0010997975
ISIC_0024400,HAM_0006751,mel,3,2.1766979e-05,4.1306466e-05,0.80606955,0.00012575056,0.13844198,0.055283945,1.5678166e-05
ISIC_0029884,HAM_0006635,mel,3,0.00016263162,7.496891e-05,0.00059343124,1.2131248e-05,0.9986343,0.00052140484,1.2224568e-06
ISIC_0028900,HAM_0006635,mel,3,1.4474033e-05,8.763124e-05,0.006438253,1.7054579e-05,0.98585296,0.0075861155,3.5194114e-06
ISIC_0027659,HAM_0005642,mel,3,0.00052403146,9.00021e-05,0.2636176,0.00024947638,0.636102,0.0992793,0.0001375051
ISIC_0030223,HAM_0005642,mel,3,0.0002632959,0.0001268252,0.065440945,0.0009995076,0.8225408,0.11045251,0.00017607934
ISIC_0033496,HAM_0001734,mel,3,8.1820406e-05,0.000118815704,0.0013724476,0.0008943778,0.88176686,0.11566264,0.00010302746
ISIC_0032927,HAM_0001734,mel,3,4.5030512e-05,1.8734881e-05,0.00058424973,0.00017465437,0.8804599,0.11869274,2.4722924e-05
ISIC_0024865,HAM_0001734,mel,3,5.135995e-05,9.919244e-05,0.0006436654,6.8173904e-05,0.99058026,0.008553475,3.8687103e-06
ISIC_0026086,HAM_0005403,mel,3,3.3628671e-06,1.7412283e-06,5.121019e-05,2.5088518e-06,0.99884653,0.0010943875,2.8258708e-07
ISIC_0033333,HAM_0006445,mel,3,3.060564e-05,2.274418e-05,0.00010293265,5.3609758e-05,0.41857937,0.58113986,7.0882816e-05
ISIC_0033717,HAM_0006445,mel,3,0.00012105829,0.0015005788,0.0013599695,0.00012129496,0.9790315,0.017826827,3.87682e-05
ISIC_0034120,HAM_0006445,mel,3,6.8786314e-05,0.00065071724,0.023922324,8.0105834e-05,0.08448135,0.8906928,0.000103867314
ISIC_0033834,HAM_0001412,mel,3,0.00033493753,3.3675497e-07,2.211311e-05,3.5852734e-06,0.9984347,0.001203803,4.823792e-07
ISIC_0033678,HAM_0001412,mel,3,0.00030554616,8.011182e-07,0.000121537865,6.425564e-06,0.9979011,0.0016639091,7.4672425e-07
ISIC_0026188,HAM_0001409,mel,3,5.601035e-05,5.5249795e-05,0.000983159,7.434673e-05,0.99713945,0.001690472,1.3405964e-06
ISIC_0032017,HAM_0007368,mel,3,1.1921226e-05,0.00018021326,0.00014594114,6.713375e-06,0.9987483,0.0009054198,1.4127075e-06
ISIC_0032733,HAM_0000321,mel,3,0.044889584,0.16707031,0.44775876,0.02535969,0.30061102,0.0122871185,0.0020235241
ISIC_0033183,HAM_0000321,mel,3,0.0028411744,0.06304361,0.27198336,0.012621836,0.6442234,0.0034947037,0.0017919062
ISIC_0032564,HAM_0000321,mel,3,8.219e-05,0.0188651,0.0897809,0.0004256277,0.8892167,0.0013552865,0.00027426967
ISIC_0033820,HAM_0002086,mel,3,0.010764946,0.025004819,0.15672894,0.00032081568,0.7835954,0.023381144,0.00020392289
ISIC_0033814,HAM_0002086,mel,3,0.0058178864,0.0059674974,0.24450071,0.000600167,0.7019806,0.040700875,0.00043228405
ISIC_0032685,HAM_0005608,mel,3,0.013351001,8.238933e-05,0.0026008782,0.0002527876,0.80528855,0.17828585,0.00013851619
ISIC_0032903,HAM_0005608,mel,3,0.24486583,0.0021061276,0.0154411895,0.0010947807,0.4747649,0.2611679,0.0005591593
ISIC_0033323,HAM_0005608,mel,3,0.026058257,4.1581705e-05,0.0019061781,0.00015032754,0.8178049,0.15396139,7.738199e-05
ISIC_0032840,HAM_0003679,mel,3,0.00045527364,0.003825011,0.00018394717,0.0008021574,0.9813455,0.013292059,9.599135e-05
ISIC_0034313,HAM_0003679,mel,3,5.5913442e-06,3.342505e-05,5.7801108e-06,1.3334576e-05,0.9994593,0.00048214794,3.8951896e-07
ISIC_0033570,HAM_0003679,mel,3,0.00029809392,0.0019811871,0.00018436911,0.0049295924,0.98359656,0.0089837285,2.656089e-05
ISIC_0030564,HAM_0005613,mel,3,0.0003653012,0.00012307965,0.025534673,0.00025353144,0.9332472,0.040289544,0.0001865776
ISIC_0026976,HAM_0000358,mel,3,0.0025843326,0.00022847834,0.41960382,0.0013565383,0.5345892,0.04122309,0.00041452964
ISIC_0032603,HAM_0000064,mel,3,7.68576e-05,2.4043027e-05,7.596218e-05,6.187755e-05,0.07209242,0.92763335,3.5463956e-05
ISIC_0033871,HAM_0000064,mel,3,6.245457e-05,3.9159477e-05,6.792633e-05,3.0917254e-05,0.031850692,0.96789306,5.5874676e-05
ISIC_0032955,HAM_0000064,mel,3,0.0006003608,0.00018817543,0.018804787,0.00017437406,0.05341314,0.92664677,0.00017234254
ISIC_0034132,HAM_0003466,mel,3,0.00013460226,3.767085e-05,0.022993091,0.0010342032,0.9587809,0.017003788,1.5703547e-05
ISIC_0033038,HAM_0003466,mel,3,0.00018174516,6.993228e-05,0.005714989,0.00052795536,0.9887215,0.004772721,1.1086526e-05
ISIC_0033470,HAM_0003421,mel,3,4.2696753e-05,1.1947667e-06,0.00023779477,0.00010152792,0.9952642,0.0043297433,2.2853927e-05
ISIC_0034094,HAM_0003421,mel,3,2.0364034e-07,2.8882342e-08,3.8839094e-06,1.8472134e-06,0.99933976,0.0006538114,3.716371e-07
ISIC_0033560,HAM_0003421,mel,3,8.849013e-05,6.4857645e-06,0.00026886762,0.00017427342,0.9955155,0.0039240643,2.2286584e-05
ISIC_0024482,HAM_0007054,mel,3,0.000835291,5.2218733e-05,0.002227999,5.6793717e-05,0.99541,0.0014134393,4.303151e-06
ISIC_0032965,HAM_0005483,mel,3,1.9923486e-05,1.2516596e-05,0.00029506977,9.430996e-05,0.836039,0.16334471,0.00019445865
ISIC_0034242,HAM_0005483,mel,3,2.6317837e-05,9.095203e-06,0.0001186415,8.731007e-05,0.8336161,0.16608368,5.8846632e-05
ISIC_0033117,HAM_0005483,mel,3,3.4015335e-05,2.107939e-05,0.00012273339,0.00012273339,0.67292523,0.326679,9.521221e-05
ISIC_0033042,HAM_0002149,mel,3,0.0003430931,0.00013227417,0.016434573,0.00027140896,0.97591114,0.006891209,1.636317e-05
ISIC_0032958,HAM_0006824,mel,3,3.8991875e-05,4.1989633e-06,0.00087283953,9.5553705e-06,0.99823487,0.0008385823,8.9750995e-07
ISIC_0033538,HAM_0006824,mel,3,3.3581953e-05,2.6773867e-05,0.0008104443,3.0997628e-05,0.99731004,0.0017857997,2.3809619e-06
ISIC_0032836,HAM_0003073,mel,3,0.00018282542,2.2266047e-05,0.085559666,0.00026757264,0.7929629,0.12089435,0.00011045691
ISIC_0033444,HAM_0003073,mel,3,5.3926924e-05,4.4969715e-05,0.004290226,0.001839805,0.063198514,0.930511,6.158648e-05
ISIC_0034183,HAM_0003073,mel,3,0.00028369992,5.3201617e-05,0.047063127,0.0007401859,0.62479734,0.32668287,0.0003795296
ISIC_0033081,HAM_0007583,mel,3,0.0070751235,0.0005100238,0.05691425,0.000857472,0.75557816,0.17496617,0.0040987674
ISIC_0030031,HAM_0007102,mel,3,0.0013040698,0.00079638377,0.008777822,4.007783e-05,0.95078397,0.038259666,3.794493e-05
ISIC_0028655,HAM_0007102,mel,3,0.053298462,0.0012589801,0.5108936,0.00030552805,0.4057319,0.028258264,0.00025329163
ISIC_0030391,HAM_0000337,mel,3,0.00026041063,0.00015308752,0.0011158123,0.00036083892,0.6397933,0.3574923,0.0008243569
ISIC_0032462,HAM_0001274,mel,3,0.000605816,7.479713e-05,0.04946003,0.00013757296,0.314434,0.63517416,0.000113607355
ISIC_0034239,HAM_0004578,mel,3,1.3127988e-05,3.3322663e-06,0.0036793395,2.0135429e-05,0.9897574,0.0065144473,1.2188924e-05
ISIC_0034287,HAM_0004578,mel,3,0.000104199615,1.0157206e-05,0.00060256233,6.688327e-05,0.9909949,0.008165201,5.6211473e-05
ISIC_0032624,HAM_0004129,mel,3,6.121188e-05,0.00046257206,0.00062003196,2.9774083e-05,0.91765404,0.081128895,4.340573e-05
ISIC_0033977,HAM_0004129,mel,3,0.000120174525,0.0019499643,0.00021444359,2.7991864e-05,0.9929905,0.004684577,1.232465e-05
ISIC_0034002,HAM_0004129,mel,3,5.6212093e-06,0.0001260777,4.9420978e-05,4.7706585e-06,0.98921984,0.01058891,5.2395435e-06
ISIC_0034205,HAM_0007583,mel,3,0.0010108912,0.0012313338,0.0718445,0.0012075177,0.27540815,0.64789134,0.0014062274
ISIC_0033612,HAM_0007583,mel,3,0.012594091,0.0006031492,0.005614578,0.00046790176,0.83613014,0.14220929,0.0023808468
ISIC_0034049,HAM_0007589,mel,3,3.7481284e-05,8.364455e-05,0.035571873,5.3063963e-05,0.88226527,0.08190333,8.546103e-05
ISIC_0033198,HAM_0004754,mel,3,0.06804566,0.03572974,0.12022468,0.13340189,0.6049132,0.03599239,0.0016924526
ISIC_0032790,HAM_0004754,mel,3,9.390951e-05,0.00045329827,0.016795311,0.032980103,0.925088,0.0245207,6.870567e-05
ISIC_0033245,HAM_0004754,mel,3,0.00089231966,0.0018131281,0.046488002,0.084673576,0.8096613,0.05623975,0.00023186799
ISIC_0030883,HAM_0004326,mel,3,0.00888987,0.00019333426,0.10598589,0.00018775233,0.8385426,0.046076275,0.00012433933
ISIC_0033670,HAM_0003225,mel,3,1.2364147e-05,4.6753023e-05,0.013141769,9.118111e-05,0.42345694,0.5631849,6.606123e-05
ISIC_0029740,HAM_0003225,mel,3,3.361251e-05,6.978136e-05,0.010758515,0.0001256195,0.63079864,0.35801697,0.00019685675
ISIC_0033593,HAM_0003225,mel,3,1.6975613e-05,7.119136e-05,0.028833056,5.6317003e-05,0.5635064,0.40746704,4.8929065e-05
ISIC_0033392,HAM_0003174,mel,3,9.765768e-05,1.7660986e-06,0.022121822,4.0426403e-06,0.9762063,0.0015638496,4.61684e-06
ISIC_0032873,HAM_0003174,mel,3,6.851832e-06,1.7119757e-07,0.0015087661,1.2023545e-06,0.9976801,0.0008020825,7.672543e-07
ISIC_0033520,HAM_0006462,mel,3,4.0016144e-05,6.0542494e-05,0.0036463796,8.74033e-05,0.71658474,0.2795246,5.6431814e-05
ISIC_0034028,HAM_0006462,mel,3,4.7491445e-05,5.1551477e-05,0.0028701287,6.710461e-05,0.93221176,0.064689,6.3038955e-05
ISIC_0033498,HAM_0002051,mel,3,0.0030003807,0.0002837507,0.038776763,0.0013484213,0.4509852,0.50507945,0.0005259907
ISIC_0031784,HAM_0002051,mel,3,0.020156281,0.0022526556,0.30919895,0.0010333572,0.0990191,0.56648666,0.001852984
ISIC_0028225,HAM_0001349,mel,3,0.0002366466,8.226348e-05,0.0015651361,0.0001478007,0.3567988,0.64105135,0.00011806738
ISIC_0032960,HAM_0000169,mel,3,0.13916714,0.004841755,0.026982076,0.0017621508,0.811876,0.01456107,0.0008099291
ISIC_0033708,HAM_0000169,mel,3,0.9056767,0.0063022645,0.014237089,0.00049604767,0.07142468,0.001716226,0.00014691809
ISIC_0033037,HAM_0004109,mel,3,0.00022336358,0.000100874684,0.023233073,2.91847e-05,0.95376813,0.022606399,3.8966686e-05
ISIC_0033773,HAM_0004109,mel,3,8.8454166e-05,1.0021674e-05,0.0077931467,8.439096e-06,0.9815985,0.010486826,1.4581448e-05
ISIC_0030150,HAM_0005124,mel,3,0.022761274,3.415342e-05,0.0039456715,0.00013429024,0.9584285,0.014681439,1.4689203e-05
ISIC_0026081,HAM_0000337,mel,3,0.000124076,0.00023637644,0.0013043152,0.00043561278,0.15179245,0.8449783,0.0011287907
ISIC_0033023,HAM_0004011,mel,3,2.299763e-06,3.7469346e-07,4.529178e-06,9.852595e-07,0.9997174,0.00027371926,7.250673e-07
ISIC_0033258,HAM_0004011,mel,3,3.7578804e-05,2.76777e-06,2.139086e-05,3.6666993e-06,0.99940646,0.0005259005,2.3581692e-06
ISIC_0027282,HAM_0006017,mel,3,0.0003129888,0.003638375,0.044846967,0.00023441779,0.09292303,0.85784876,0.00019548122
ISIC_0032424,HAM_0001819,mel,3,6.028676e-06,2.996092e-06,0.00050701183,6.595392e-06,0.99664754,0.0026042159,0.00022556262
ISIC_0028584,HAM_0001819,mel,3,8.638685e-07,3.3305093e-07,2.2964252e-05,1.857609e-06,0.9990926,0.00083114626,5.0256596e-05
ISIC_0031554,HAM_0000433,mel,3,3.0030467e-05,2.9855022e-05,0.00011157673,0.00014637865,0.12501597,0.87458897,7.7286946e-05
ISIC_0025472,HAM_0000433,mel,3,2.2206654e-05,3.784864e-05,0.0001057353,0.000164407,0.08206244,0.91739935,0.00020803299
ISIC_0028465,HAM_0002491,mel,3,0.0001337602,7.651256e-05,0.0013391087,0.00058730296,0.12042507,0.87603205,0.0014061177
ISIC_0026770,HAM_0002491,mel,3,5.8121663e-05,4.057546e-05,0.00030098777,0.00027298406,0.27471128,0.7237678,0.00084827293
ISIC_0028463,HAM_0002186,mel,3,0.012344071,0.00030069225,0.10778818,0.004829289,0.6635146,0.21042165,0.0008015571
ISIC_0024552,HAM_0000653,mel,3,0.0013443169,0.00018104732,0.008675031,0.0009673301,0.4404858,0.54819345,0.00015305384
ISIC_0029819,HAM_0007586,mel,3,0.00053028675,0.00036588692,0.009017426,0.005221434,0.79330647,0.18732598,0.0042325775
ISIC_0025524,HAM_0004642,mel,3,6.409695e-05,0.00012258864,0.0023243998,0.0004003856,0.6827161,0.022455335,0.29191706
ISIC_0025963,HAM_0004642,mel,3,5.1224624e-06,6.4763655e-05,0.00038041107,4.9269594e-05,0.024401143,0.0041990755,0.97090024
ISIC_0025121,HAM_0004642,mel,3,6.8981984e-07,1.0057944e-05,4.2098127e-05,1.1308449e-05,0.009639236,0.0012899602,0.98900676
ISIC_0026506,HAM_0000871,mel,3,5.5286084e-05,0.00015596485,5.368987e-05,7.410552e-05,0.01225744,0.020308021,0.96709543
ISIC_0032245,HAM_0004979,mel,3,0.0015782288,0.0037163745,0.011972466,0.00019657632,0.2181132,0.7642695,0.00015369298
ISIC_0031386,HAM_0000417,mel,3,0.052604266,0.0022448134,0.08473102,0.024585998,0.2942998,0.5365635,0.0049706185
ISIC_0031543,HAM_0007188,mel,3,0.17304929,0.0030155184,0.39805263,0.010291423,0.38131106,0.03349803,0.00078204926
ISIC_0028537,HAM_0000856,mel,3,0.06474652,0.00018097383,0.0028614812,0.04283665,0.8637646,0.025448125,0.00016159145
ISIC_0027171,HAM_0002696,mel,3,0.0051621213,0.0032209225,0.018686775,0.000388839,0.57604814,0.39591172,0.0005814407
ISIC_0026207,HAM_0002696,mel,3,0.002890716,0.0017261255,0.0010844094,0.00049842196,0.31204423,0.68023735,0.001518844
ISIC_0030360,HAM_0000220,mel,3,0.016758213,0.00108686,0.84352505,0.0007513769,0.105270684,0.032389168,0.00021866315
ISIC_0024516,HAM_0002523,mel,3,0.0009841282,5.0958174e-06,0.0003940842,3.146049e-05,0.96585,0.03272839,6.9380017e-06
ISIC_0028418,HAM_0007114,mel,3,0.0030665435,0.000261489,0.013966537,0.0014302591,0.9494687,0.031152993,0.0006535427
ISIC_0025268,HAM_0003749,mel,3,0.002672781,0.00044017122,0.051526893,0.00056079275,0.91780657,0.026705708,0.00028698487
ISIC_0025800,HAM_0004021,mel,3,0.0011586666,1.3408536e-06,1.1974262e-05,0.00013295173,0.99733067,0.0013639104,4.7623215e-07
ISIC_0032425,HAM_0001349,mel,3,2.8201566e-05,9.747656e-05,0.003250122,2.892679e-05,0.9144666,0.08212026,8.336367e-06
ISIC_0024351,HAM_0001349,mel,3,2.0838344e-05,3.1584327e-06,0.00042680447,4.7044723e-06,0.9831466,0.016395522,2.3471482e-06
ISIC_0027702,HAM_0006004,mel,3,0.000118153686,2.3817574e-05,0.004364947,9.5683776e-05,0.9878007,0.007564079,3.261841e-05
ISIC_0029839,HAM_0002113,mel,3,0.00011033347,0.0002367913,0.00026675212,8.8828754e-05,0.7440872,0.2551485,6.1529885e-05
ISIC_0030843,HAM_0001069,mel,3,0.00080752885,0.00043223906,0.05694482,0.002614383,0.61101997,0.32641727,0.001763805
ISIC_0028898,HAM_0001069,mel,3,0.00066562125,0.00023594798,0.00791625,0.0007099353,0.77853864,0.21077222,0.0011613767
ISIC_0025413,HAM_0007054,mel,3,0.00028833933,4.4190083e-06,1.1941933e-05,1.8968836e-06,0.99658257,0.0031105536,3.4275985e-07
ISIC_0028929,HAM_0000588,mel,3,0.006382367,8.8454275e-05,0.023517346,7.975586e-05,0.958861,0.011054698,1.633047e-05
ISIC_0026746,HAM_0000588,mel,3,0.003908765,0.000105908795,0.037485853,0.00035688796,0.86491865,0.0931415,8.248185e-05
ISIC_0026774,HAM_0007242,mel,3,0.004324465,0.000970589,0.017160056,0.003451133,0.09623831,0.8772469,0.0006085666
ISIC_0030047,HAM_0007242,mel,3,0.0019253733,0.00032523726,0.040251974,0.0024196806,0.1281706,0.82604015,0.0008669867
ISIC_0031339,HAM_0001744,mel,3,0.028405143,0.0019086092,0.003883839,0.0002701702,0.9620161,0.0035019098,1.4124066e-05
ISIC_0026229,HAM_0003445,mel,3,0.4048849,0.00026386054,0.069132484,0.0037654543,0.48743147,0.034289967,0.00023194826
ISIC_0032476,HAM_0001744,mel,3,0.47726384,0.00032152986,0.1820356,0.029798228,0.3069434,0.0035804603,5.6975514e-05
ISIC_0029353,HAM_0001744,mel,3,0.20675099,0.00085992797,0.0353364,0.0012245935,0.7533154,0.0024931487,1.9486837e-05
ISIC_0030950,HAM_0006160,mel,3,0.013933314,0.00035154948,0.011946927,0.00021828203,0.971094,0.0024141637,4.1741303e-05
ISIC_0029885,HAM_0000856,mel,3,0.5081536,0.00022715863,0.021534387,0.26908886,0.17289057,0.027990302,0.00011511838
ISIC_0028227,HAM_0006877,mel,3,0.17002575,1.586965e-05,0.004582765,0.00058856636,0.8191077,0.0056527453,2.657666e-05
ISIC_0024647,HAM_0006764,mel,3,0.040861797,0.0020639047,0.6199742,0.016139027,0.30871308,0.012040447,0.00020757235
ISIC_0030183,HAM_0005532,mel,3,0.00024930615,3.108267e-05,0.01661233,0.00010433303,0.94313335,0.03985091,1.8779094e-05
ISIC_0026738,HAM_0006137,mel,3,0.0031406297,0.00033069684,0.066432156,0.0022488951,0.9152782,0.012255756,0.00031370964
ISIC_0026131,HAM_0006171,mel,3,0.00013402237,6.966582e-05,0.0019694443,2.8815035e-05,0.98880917,0.008965432,2.3518145e-05
ISIC_0025663,HAM_0006171,mel,3,0.0002018387,1.6681575e-05,0.00087771117,1.4493204e-05,0.9890886,0.009791842,8.842231e-06
ISIC_0031561,HAM_0006744,mel,3,0.00012139029,3.9480806e-06,0.0018350575,1.9893978e-05,0.98748547,0.010529134,5.149268e-06
ISIC_0032149,HAM_0001964,mel,3,0.021280779,0.0033250377,0.086173594,0.001995189,0.8788634,0.007856525,0.000505449
ISIC_0024733,HAM_0001964,mel,3,0.029500138,0.037173495,0.29663438,0.0012729391,0.62187225,0.013355314,0.00019143579
ISIC_0027590,HAM_0006764,mel,3,0.0007019243,0.0005651147,0.012153692,0.0017976856,0.9579737,0.026546102,0.0002617782
ISIC_0026516,HAM_0003520,mel,3,7.1147086e-05,4.8994225e-05,9.09985e-05,9.443884e-05,0.860389,0.1382771,0.0010282851
ISIC_0025724,HAM_0003520,mel,3,0.00013213498,0.00020545567,0.00032385907,0.00014399254,0.72588885,0.26496145,0.008344282
ISIC_0029570,HAM_0002130,mel,3,0.000651169,0.00014416473,0.28908393,0.0017717902,0.039661817,0.6682134,0.00047362215
ISIC_0031377,HAM_0000022,mel,3,0.00011758173,0.00020717004,0.029396122,0.00028372146,0.050004486,0.9198606,0.00013040556
ISIC_0031025,HAM_0002911,mel,3,0.03423543,0.0003309132,0.07379769,0.0010999588,0.5167796,0.3729501,0.0008063203
ISIC_0028915,HAM_0006832,mel,3,0.0002032398,0.0020050996,0.0013807777,0.0003350858,0.94941884,0.04662692,2.997381e-05
ISIC_0029652,HAM_0006832,mel,3,4.1243617e-05,0.00010388916,7.098475e-05,0.00016585235,0.9557748,0.043837566,5.7364473e-06
ISIC_0031295,HAM_0006832,mel,3,0.0040863794,0.014383509,0.0046622376,0.0017626868,0.897184,0.07778499,0.00013618953
ISIC_0028764,HAM_0004746,mel,3,0.0035042053,0.00022555297,0.35778788,0.00043731966,0.21871136,0.41911423,0.00021946908
ISIC_0029021,HAM_0004746,mel,3,0.0021509724,0.0004335958,0.2277001,0.00021760023,0.5222297,0.24716611,0.00010198718
ISIC_0029272,HAM_0002911,mel,3,0.01209027,0.00030393284,0.07885772,0.0014699425,0.45824814,0.44850796,0.0005220808
ISIC_0032389,HAM_0003102,mel,3,0.0010653798,9.7941265e-05,0.015840188,0.00018262134,0.976177,0.0065613897,7.553547e-05
ISIC_0025709,HAM_0003102,mel,3,0.053947065,0.0006123126,0.006538133,0.0006965567,0.923201,0.014755511,0.000249337
ISIC_0031197,HAM_0006889,vasc,3,2.4312623e-05,0.00063210295,4.9401468e-05,6.1361156e-05,0.0003766175,0.00032308316,0.9985331
ISIC_0031270,HAM_0006889,vasc,3,6.6900348e-06,0.0001401357,2.6202464e-05,1.6785929e-05,0.0003913447,0.00024751195,0.9991714
ISIC_0029486,HAM_0001920,vasc,3,0.022823518,0.008816454,0.40852663,0.009720878,0.14152813,0.40733153,0.0012528835
ISIC_0031901,HAM_0001920,vasc,3,0.00056359614,0.0009814445,0.0049696052,0.011827969,0.231403,0.7499016,0.00035268947
ISIC_0031759,HAM_0003925,vasc,3,9.613313e-06,0.0006865668,2.1079586e-05,2.7385779e-05,0.005254603,0.0033498288,0.990651
ISIC_0029889,HAM_0006324,vasc,3,2.7361525e-06,7.795737e-05,3.777142e-05,4.528809e-06,8.233939e-05,0.00015875208,0.99963593
ISIC_0026456,HAM_0006203,vasc,3,6.228971e-05,0.1051809,0.00023507893,1.5810949e-05,0.0010566419,0.00065736653,0.8927919
ISIC_0033450,HAM_0005878,vasc,3,8.05579e-06,0.000582113,4.6087043e-05,0.00015499958,0.00793445,0.0015900924,0.9896842
ISIC_0033254,HAM_0005878,vasc,3,1.4648235e-06,4.365274e-05,3.237183e-06,2.6476728e-05,0.0035918488,0.00041326927,0.99592006
ISIC_0026876,HAM_0002610,vasc,3,5.838084e-08,5.5506775e-06,5.004087e-07,4.7842684e-07,4.2558518e-06,1.730305e-05,0.99997187
ISIC_0030606,HAM_0002610,vasc,3,1.2578038e-06,2.0801624e-05,2.91308e-06,1.0510912e-05,3.443031e-05,0.00013610805,0.99979407
ISIC_0026393,HAM_0005011,vasc,3,2.3960176e-06,3.7261052e-05,9.347755e-06,2.3045715e-05,3.4595716e-05,0.00018968401,0.9997037
ISIC_0029877,HAM_0006193,vasc,3,9.141513e-05,0.002159259,0.00048179584,0.03964328,0.0015162642,0.7524095,0.20369835
ISIC_0031215,HAM_0005885,vasc,3,5.1710686e-06,0.0016219271,0.00024988706,3.2112686e-05,0.00020137899,0.002342097,0.9955474
ISIC_0025606,HAM_0005376,vasc,3,1.1930025e-07,3.0113965e-06,1.6024673e-06,2.9358976e-06,1.01378e-05,0.00019832434,0.99978393
ISIC_0029099,HAM_0000286,vasc,3,3.214129e-06,0.000115198636,9.539557e-06,2.685906e-05,0.00016087735,0.0031014553,0.9965829
ISIC_0031955,HAM_0001091,vasc,3,3.637195e-05,0.0017593578,0.0006697361,0.0005205733,0.00025997742,0.0035994074,0.99315464
ISIC_0028885,HAM_0005427,vasc,3,2.156323e-06,1.7636436e-05,1.0428854e-05,1.5442978e-05,3.15634e-05,0.00015384129,0.9997689
ISIC_0032384,HAM_0007009,bcc,3,0.003005821,0.99553984,0.00023133177,8.729067e-05,0.00084535056,0.0002720436,1.833289e-05
ISIC_0027146,HAM_0007009,bcc,3,0.9021944,0.05683666,0.002146448,0.0075690555,0.018752467,0.012382149,0.000118752134
ISIC_0026574,HAM_0005660,bcc,3,0.0019763843,0.9937482,0.0026055304,3.8060157e-06,0.0015249958,0.00013842557,2.6466682e-06
ISIC_0030261,HAM_0004871,bcc,3,0.0005431832,0.9744555,0.0011004796,0.0063809333,0.0068633137,0.010569295,8.7297485e-05
ISIC_0032139,HAM_0003738,bcc,3,0.002088694,0.04012434,0.23444992,0.0015797112,0.30938482,0.41147244,0.0009000923
ISIC_0031243,HAM_0003738,bcc,3,0.00044015673,0.018816737,0.5743298,0.0013557783,0.12554899,0.27881473,0.00069381756
ISIC_0027545,HAM_0000994,bcc,3,0.03242321,0.7284617,0.028053097,0.0031138407,0.18855177,0.01434212,0.005054262
ISIC_0027609,HAM_0000994,bcc,3,6.4007116e-05,0.76204425,0.0010678979,0.00037413597,0.2162076,0.017596396,0.002645655
ISIC_0031824,HAM_0001326,bcc,3,0.00088636205,0.8594764,0.013361573,0.00080389547,0.01766667,0.10715668,0.00064847636
ISIC_0030145,HAM_0001326,bcc,3,0.0021257927,0.80879945,0.041545987,0.000717636,0.07830332,0.06750168,0.0010061165
ISIC_0027478,HAM_0003593,bcc,3,0.00011076368,0.979982,0.00019630401,0.00010085148,0.01602665,0.003551667,3.1796368e-05
ISIC_0024795,HAM_0004420,bcc,3,0.048916984,0.94120026,0.003358229,0.00056396343,0.0039204205,0.001991629,4.8609425e-05
ISIC_0033354,HAM_0003887,bcc,3,2.259962e-05,0.99968815,0.00016480277,3.996868e-06,6.5202854e-05,4.8218633e-05,6.9194707e-06
ISIC_0032857,HAM_0003887,bcc,3,1.5887379e-05,0.9988432,6.066511e-05,1.7178354e-05,0.00030823334,0.00073815073,1.6714996e-05
ISIC_0032906,HAM_0003887,bcc,3,0.0002229213,0.9820955,0.00025758508,0.00046009282,0.0070372117,0.009708379,0.00021818306
ISIC_0025644,HAM_0004536,bcc,3,2.2124048e-05,0.99795353,2.5764792e-05,9.061975e-06,0.00026392608,0.0016238636,0.00010170289
ISIC_0030314,HAM_0004536,bcc,3,2.694694e-05,0.9998436,1.4339392e-05,2.4820981e-06,5.158773e-05,5.123628e-05,9.721486e-06
ISIC_0033203,HAM_0000879,bcc,3,0.00071924616,0.23452398,0.007172492,0.0003286524,0.10126229,0.6276187,0.028374681
ISIC_0033366,HAM_0000879,bcc,3,0.00055106846,0.14200489,0.024589548,0.0026136413,0.2676421,0.5610921,0.0015067622
ISIC_0032816,HAM_0000879,bcc,3,0.00071548775,0.35713,0.010452591,0.0008939239,0.010432195,0.16803858,0.4523372
ISIC_0034155,HAM_0003690,bcc,3,0.00013114409,0.9997509,3.0058698e-05,2.1647236e-06,2.8738286e-05,4.9076803e-05,7.933711e-06
ISIC_0033146,HAM_0003690,bcc,3,4.0215245e-06,0.99997866,6.840844e-06,1.9946913e-06,2.1993142e-06,4.6197147e-06,1.5625961e-06
ISIC_0032991,HAM_0004849,bcc,3,0.00030625274,0.99485105,0.0008698808,0.00049274747,0.00048416157,0.0025805517,0.00041534033
ISIC_0024515,HAM_0003373,bcc,3,0.0010251272,0.00036232185,0.9719544,5.30194e-05,0.01341141,0.013190596,3.122477e-06
ISIC_0031225,HAM_0000352,bcc,3,0.024171911,0.036158662,0.32191986,0.0003022803,0.551899,0.065115206,0.00043299657
ISIC_0031450,HAM_0003373,bcc,3,0.0032217307,8.884147e-05,0.99362904,5.5813172e-05,0.00029044782,0.002712969,1.2115878e-06
ISIC_0031026,HAM_0001640,bcc,3,0.04006928,0.9390858,0.011047325,0.0005214265,0.0062690787,0.0029139693,9.312215e-05
ISIC_0028818,HAM_0003694,bcc,3,0.04503186,0.863491,0.0022343541,0.0071494696,0.017437793,0.06428506,0.00037049226
ISIC_0025576,HAM_0006115,bcc,3,0.002749474,0.991024,0.0036643138,0.00015490656,0.00082846946,0.0015208153,5.7997524e-05
ISIC_0028570,HAM_0002818,bcc,3,8.523306e-05,0.9951251,0.00025998492,3.8567912e-05,0.0013101979,0.0030893665,9.1620495e-05
ISIC_0031413,HAM_0004521,bcc,3,5.926467e-05,0.99892515,0.00043450212,1.4523432e-05,0.00023901935,0.00030660737,2.0885278e-05
ISIC_0026213,HAM_0000953,bcc,3,3.3209355e-05,0.9998211,2.3365701e-05,3.2625826e-06,4.6280175e-06,0.00010904891,5.463798e-06
ISIC_0026442,HAM_0000953,bcc,3,4.9699986e-05,0.99967384,8.1383194e-05,1.3600496e-05,3.1192707e-05,0.00013391637,1.6405329e-05
ISIC_0032439,HAM_0005547,bcc,3,1.3953125e-05,0.99988043,4.688124e-05,1.5354472e-05,4.347878e-06,3.1907846e-05,7.016072e-06
ISIC_0026855,HAM_0000457,bcc,3,0.00011719565,0.9797912,0.00060631486,0.0002151352,0.00017286598,0.018861903,0.00023535863
ISIC_0024634,HAM_0005933,bcc,3,0.001895358,0.9722783,0.0062909666,0.00020490646,0.012143932,0.0059387432,0.0012478711
ISIC_0026056,HAM_0005304,bcc,3,0.0012412219,0.8320635,0.033225834,0.00013953348,0.123313405,0.0070388713,0.0029775363
ISIC_0028937,HAM_0003610,bcc,3,0.38646537,0.568932,0.034569774,0.0003462702,0.009304328,0.00028206603,0.00010018164
ISIC_0027915,HAM_0000719,bcc,3,0.066633485,0.92525244,0.00014434365,0.0007833685,0.006523929,0.000628226,3.415096e-05
ISIC_0026337,HAM_0000719,bcc,3,0.0058202017,0.4343432,0.017342009,0.0036635927,0.5321684,0.0065951534,6.749537e-05
ISIC_0026902,HAM_0000719,bcc,3,0.15418114,0.8054881,0.006643221,0.017519657,0.012490203,0.0035178664,0.00015978243
ISIC_0030197,HAM_0006727,bcc,3,0.00015703916,0.9987979,9.413938e-05,3.422847e-05,0.0005939633,0.00029684612,2.5938127e-05
ISIC_0024582,HAM_0006727,bcc,3,0.0008706704,0.99284124,0.0019203816,0.00013145158,0.0016306026,0.002507709,9.78775e-05
ISIC_0029655,HAM_0006727,bcc,3,0.011145436,0.95395356,0.0015177905,0.0019526917,0.006612325,0.024033835,0.0007843495
ISIC_0024472,HAM_0001654,bcc,3,5.897509e-06,0.99808383,2.9658962e-05,5.9205913e-06,0.0006890213,0.0011048227,8.0779035e-05
ISIC_0031175,HAM_0001654,bcc,3,0.0001297842,0.99763095,0.0002528674,4.8213486e-05,0.0010590381,0.00080695323,7.223579e-05
ISIC_0030755,HAM_0001654,bcc,3,3.959402e-05,0.9979353,9.7614095e-05,5.627445e-05,0.00059912784,0.001206731,6.540713e-05
ISIC_0029856,HAM_0001457,bcc,3,0.0070002764,0.9805252,0.0036343564,0.008347608,0.00018705272,0.00023007879,7.542866e-05
ISIC_0024799,HAM_0001573,bcc,3,5.8837097e-05,0.99949646,4.32991e-05,1.0465255e-06,0.00014308578,0.0002031674,5.4097512e-05
ISIC_0031007,HAM_0000153,bcc,3,0.025582207,0.9460057,0.024315543,0.00041148375,0.0020633254,0.0011929955,0.00042871188
ISIC_0030690,HAM_0004514,bcc,3,0.00055530196,0.9903762,0.0009947784,0.0007221315,0.00116415,0.0046054265,0.001581908
ISIC_0030964,HAM_0007557,bcc,3,0.03848035,0.9062611,0.05092842,0.0019612564,0.00053252483,0.0007978547,0.0010385682
ISIC_0031009,HAM_0001434,bcc,3,0.0016946751,0.874441,0.107857555,0.0010750992,0.003241151,0.011578176,0.00011221342
ISIC_0027337,HAM_0003778,bcc,3,0.13484402,0.40473792,0.10677461,0.027036427,0.0021363508,0.3239482,0.00052251376
ISIC_0027819,HAM_0004827,bcc,3,2.3614288e-05,0.2215351,0.00057324034,8.842586e-05,0.017767798,0.5963427,0.1636691
ISIC_0032314,HAM_0007611,bcc,3,0.00040350223,0.99328786,0.004365682,0.0003022092,0.0001701875,0.0012550714,0.00021555777
ISIC_0025630,HAM_0002017,bcc,3,0.00019600286,0.0009713776,0.0005074007,3.912655e-05,0.00083819794,0.18784337,0.8096045
ISIC_0030096,HAM_0003669,bcc,3,0.00023175198,0.9992981,0.00023817639,6.7972636e-05,7.011986e-06,0.00014166714,1.534553e-05
ISIC_0028283,HAM_0000655,bcc,3,6.2798514e-05,0.99825054,0.00040040258,2.046749e-05,3.5642017e-05,0.001153523,7.6642384e-05
ISIC_0027175,HAM_0000655,bcc,3,6.778744e-05,0.9994993,7.658853e-05,8.279958e-06,5.576043e-05,0.00027146362,2.0856507e-05
ISIC_0027525,HAM_0005721,bcc,3,0.00039023944,0.99939466,0.00019009468,2.9577723e-06,6.5365207e-06,6.498333e-06,8.899533e-06
ISIC_0024550,HAM_0005721,bcc,3,0.0055310572,0.99404776,0.00016751351,0.00013982617,7.058418e-05,2.2253726e-05,2.098726e-05
ISIC_0029919,HAM_0005721,bcc,3,4.874768e-05,0.9998579,4.664487e-06,1.4593888e-05,2.9740713e-05,4.210528e-05,2.2777338e-06
ISIC_0029123,HAM_0000451,bcc,3,0.0071069463,0.8873337,0.010585764,0.0036051443,0.041420173,0.049549256,0.00039899352
ISIC_0029372,HAM_0000451,bcc,3,0.008917859,0.5942349,0.04310933,0.010528349,0.124680094,0.21732964,0.0011998499
ISIC_0030782,HAM_0000451,bcc,3,0.017288314,0.6709685,0.0049847257,0.0013521431,0.036193945,0.26846126,0.0007511126
ISIC_0027281,HAM_0006904,bcc,3,0.00019240659,0.8135967,0.0044307737,0.0006458378,0.01166214,0.16177888,0.0076931627
ISIC_0027291,HAM_0006904,bcc,3,2.944346e-05,0.9659905,0.0020400977,8.928618e-05,0.0026555972,0.028746197,0.00044902615
ISIC_0024436,HAM_0005392,bcc,3,2.1946473e-06,0.99980766,5.5606156e-06,1.6663419e-06,5.549766e-06,0.0001451715,3.218718e-05
ISIC_0029745,HAM_0003941,bcc,3,0.00016210967,0.16218229,0.008582764,2.6619191e-05,0.8172201,0.011805952,2.0250814e-05
ISIC_0028419,HAM_0003941,bcc,3,0.0006195734,0.97706884,0.0009852529,4.833954e-05,0.01789564,0.003319668,6.2678315e-05
ISIC_0029680,HAM_0001237,bcc,3,4.4774104e-05,0.9997913,1.8664623e-05,5.0439296e-05,7.4108946e-05,1.6796344e-05,3.935309e-06
ISIC_0032132,HAM_0000352,bcc,3,0.0033760734,0.00021123776,0.85398746,0.00013013982,0.11693699,0.025264714,9.337075e-05
ISIC_0028568,HAM_0001434,bcc,3,0.00012692448,0.9997615,2.933404e-05,1.8920993e-05,6.4375436e-06,5.416472e-05,2.6835676e-06
ISIC_0027759,HAM_0003198,bcc,3,0.00023686117,0.9947509,0.00010961415,0.00021377736,0.0005791243,0.0039692083,0.00014047272
ISIC_0031263,HAM_0007289,bcc,3,0.012686339,0.98061705,0.0049647074,0.00021913485,0.00026796575,0.00042988404,0.00081498025
ISIC_0032164,HAM_0000807,bcc,3,0.00037320648,0.99725,0.00014672177,6.691223e-05,0.0012138777,0.00074912753,0.00020015356
ISIC_0024931,HAM_0005488,bcc,3,5.2797826e-05,0.99959236,0.0001097182,1.83716e-05,1.925327e-05,0.00019911102,8.46056e-06
ISIC_0028542,HAM_0001573,bcc,3,6.9880996e-05,0.95200443,0.0005760352,6.034995e-06,0.0029554984,0.023902891,0.020485196
ISIC_0031325,HAM_0002082,nv,3,0.015725387,0.00016046417,0.0012305052,0.00016816502,0.021832537,0.9606221,0.00026096829
ISIC_0024415,HAM_0005586,nv,3,0.00018325158,0.0001786573,0.002126073,0.00058180396,0.002413277,0.9910925,0.0034245197
ISIC_0025218,HAM_0003093,nv,3,3.2593918e-05,2.4364084e-05,0.18116665,8.688579e-05,0.00035907805,0.81830066,2.9677101e-05
ISIC_0026211,HAM_0005366,nv,3,0.0006270176,4.283609e-05,0.0017431264,0.00033041506,0.012147053,0.9849534,0.00015607702
ISIC_0029303,HAM_0001180,nv,3,0.0018052335,0.0001476049,0.14853881,0.0010885327,0.016535899,0.83172554,0.00015835692
ISIC_0029347,HAM_0000256,nv,3,0.00083633856,0.0002741839,0.0009730161,0.0008920183,0.10391194,0.89241785,0.00069470453
ISIC_0030435,HAM_0002877,nv,3,1.6081294e-05,2.1179789e-05,0.00012259753,8.142864e-05,0.00045745535,0.99925584,4.527763e-05
ISIC_0024535,HAM_0001287,nv,3,7.450537e-06,1.1119238e-05,1.3543982e-05,8.3536055e-05,0.00034904818,0.99941635,0.00011907701
ISIC_0026011,HAM_0004513,nv,3,0.0013904908,0.008647702,0.08444514,0.0009956819,0.01904343,0.8842457,0.0012319067
ISIC_0030993,HAM_0006998,nv,3,5.054465e-05,6.922141e-05,0.00026431828,0.00015660339,0.0013010203,0.9979736,0.00018470419
ISIC_0030791,HAM_0002265,nv,3,0.00011905801,0.00030402528,0.000109467364,0.00041151486,0.0014868145,0.99730706,0.0002620862
ISIC_0027944,HAM_0003414,nv,3,4.0930518e-05,0.00027163356,0.0004661433,0.00014782889,0.0010537611,0.99792993,8.975037e-05
ISIC_0031455,HAM_0000841,nv,3,0.0012059492,0.00016838826,0.22274265,0.037662815,0.0006111454,0.73751223,9.688629e-05
ISIC_0029526,HAM_0001061,nv,3,4.8732338e-05,9.7485354e-05,5.4152904e-05,0.0002726046,0.0008763338,0.9985676,8.305856e-05
ISIC_0030820,HAM_0002112,nv,3,2.8642864e-05,0.021357583,0.0072878716,0.00021164372,0.012784368,0.9582587,7.1169234e-05
ISIC_0032210,HAM_0001227,nv,3,9.054478e-06,5.060056e-05,0.008814195,0.0015357966,4.8757218e-05,0.9893684,0.0001731973
ISIC_0026255,HAM_0002221,nv,3,1.4254061e-06,1.2929802e-05,1.5146022e-05,3.494151e-05,3.3049666e-05,0.99988365,1.8867948e-05
ISIC_0031671,HAM_0004264,nv,3,4.2427142e-05,0.0002098559,0.0004915165,0.0002458261,0.00025042988,0.99868494,7.4899544e-05
ISIC_0025079,HAM_0005103,nv,3,4.5987053e-05,0.00066529785,0.0050031,1.6950764e-05,0.00040116606,0.9914021,0.0024655529
ISIC_0030918,HAM_0001103,nv,3,0.009324716,0.0005422338,0.21705037,0.004374677,0.005266571,0.7620323,0.0014091971
ISIC_0031652,HAM_0004789,nv,3,0.0005020816,0.0009056079,0.06745077,0.0016510923,0.0015404908,0.927499,0.00045094293
ISIC_0029149,HAM_0002545,nv,3,0.00012019656,6.94287e-05,0.022506295,0.0048708934,0.0003267281,0.9720624,4.4131568e-05
ISIC_0026339,HAM_0004951,nv,3,1.6426759e-05,8.7254884e-05,0.0001413523,0.00039643233,0.00025309753,0.99902654,7.882822e-05
ISIC_0025053,HAM_0005661,nv,3,4.5919793e-07,4.7292065e-06,2.0300374e-06,3.28223e-06,1.1027995e-05,0.99996555,1.2805197e-05
ISIC_0030428,HAM_0002508,nv,3,3.3979024e-05,1.8438028e-05,2.5300436e-05,1.1470815e-05,0.0005929549,0.9992956,2.2240507e-05
ISIC_0026039,HAM_0000797,nv,3,3.6037497e-06,5.603443e-06,1.9011819e-05,1.4791967e-05,0.00027330493,0.9996675,1.6182461e-05
ISIC_0027634,HAM_0005725,nv,3,2.2566654e-05,6.937455e-05,3.4075638e-05,7.81524e-05,0.0006460283,0.9982299,0.00091987423
ISIC_0027268,HAM_0002317,nv,3,0.000103381266,0.00046151632,0.14614141,0.020257,0.00081474637,0.83118796,0.001033967
ISIC_0024861,HAM_0005892,nv,3,0.00026253873,0.0008118413,0.00044834134,0.005110289,0.008308118,0.9835406,0.0015182011
ISIC_0031604,HAM_0004792,nv,3,0.00044801188,0.0002638875,0.00083863275,0.00047970875,0.44212636,0.54595315,0.009890225
ISIC_0025487,HAM_0005690,nv,3,8.5521415e-06,2.9272558e-05,5.3317246e-05,0.00030577267,0.0008982771,0.99864084,6.4062144e-05
ISIC_0031997,HAM_0003250,nv,3,0.0014527312,0.00027671762,0.0002992031,0.00010668415,0.07717702,0.9202242,0.00046341482
ISIC_0025636,HAM_0001579,nv,3,8.852071e-05,6.5783e-05,0.00041820464,0.00063025666,0.007991759,0.99004155,0.0007639559
ISIC_0024407,HAM_0002775,nv,3,2.8905233e-05,0.00011476986,0.0003083422,0.00045592277,0.00096166035,0.99773335,0.0003970808
ISIC_0025914,HAM_0006962,nv,3,4.9938417e-06,6.5780965e-05,3.572958e-05,3.9665076e-05,9.088298e-05,0.99972624,3.6648395e-05
ISIC_0025224,HAM_0000572,nv,3,0.00011108101,7.443075e-05,0.023000414,0.000812014,0.010246319,0.965665,9.066168e-05
ISIC_0026098,HAM_0000921,nv,3,1.505311e-06,8.027135e-06,0.0001855738,3.7475747e-06,3.6328165e-05,0.999739,2.5937226e-05
ISIC_0025353,HAM_0003148,nv,3,5.2255575e-05,7.045503e-05,0.009651769,9.7245655e-05,0.0016474982,0.9883605,0.00012031712
ISIC_0025722,HAM_0001590,nv,3,3.477701e-05,6.573788e-05,0.0017869894,0.001118406,0.0016547138,0.99517643,0.00016302092
ISIC_0031099,HAM_0004544,nv,3,2.7272174e-05,6.267096e-05,0.00033813494,0.0008485549,0.00039531977,0.9981705,0.00015755478
ISIC_0028136,HAM_0003560,nv,3,0.0012300138,0.0003693171,0.005329908,0.0107109975,0.04017936,0.94166577,0.0005147528
ISIC_0027416,HAM_0006192,nv,3,6.031394e-05,0.00013148072,0.022902844,0.00024756487,0.22507133,0.75106746,0.0005190016
ISIC_0024746,HAM_0004623,nv,3,1.873929e-05,0.00014913338,0.032903213,0.0003605583,0.0015963046,0.9634527,0.0015194904
ISIC_0031185,HAM_0000329,nv,3,2.6433961e-05,8.319057e-05,0.00010619475,0.0002975398,0.00038523317,0.99820316,0.000898322
ISIC_0024369,HAM_0004657,nv,3,0.007467496,0.00029696495,0.0023679645,0.0020096654,0.019039264,0.96845555,0.00036313912
ISIC_0028196,HAM_0002702,nv,3,2.1614883e-06,0.00012791468,0.0014876854,1.2414236e-05,0.000102531696,0.99825674,1.05152685e-05
ISIC_0027834,HAM_0002138,nv,3,5.8760317e-05,7.0602146e-05,0.0009987202,0.00037137666,0.0059703477,0.99236053,0.00016969684
ISIC_0025922,HAM_0002473,nv,3,3.108289e-06,2.0749247e-05,0.008586106,0.0007436805,6.790141e-05,0.99048245,9.594354e-05
ISIC_0030903,HAM_0005055,nv,3,4.651085e-06,6.018951e-06,2.60432e-05,0.0006035465,0.000283395,0.9989342,0.00014216983
ISIC_0024433,HAM_0001675,nv,3,4.3352946e-05,6.833709e-05,0.0014525752,0.00010898928,0.0014047942,0.99683774,8.422039e-05
ISIC_0025366,HAM_0002276,bkl,3,4.0613148e-05,7.982791e-05,0.00039950432,9.0456866e-05,0.0032011946,0.99601114,0.00017727897
ISIC_0030936,HAM_0002066,nv,3,0.009933635,0.0060752747,0.013899654,0.0007270067,0.05126661,0.9140627,0.0040351665
ISIC_0024692,HAM_0004744,nv,3,2.6166285e-06,6.276966e-06,5.4110824e-06,3.26968e-05,4.430016e-05,0.99989176,1.696288e-05
ISIC_0029729,HAM_0003008,nv,3,0.0009788321,0.9199396,0.0036190879,0.00021628446,0.014327757,0.06038104,0.0005374043
ISIC_0026778,HAM_0002344,nv,3,0.00016675924,6.543153e-05,6.910947e-05,7.501762e-05,0.0012713074,0.9983076,4.479507e-05
ISIC_0031606,HAM_0006270,nv,3,0.00023415404,4.6514695e-05,0.00062084215,0.00032924415,0.005434433,0.9930321,0.00030272207
ISIC_0027763,HAM_0000548,nv,3,1.6514923e-05,1.6972734e-05,0.29573917,7.459526e-05,0.00022466623,0.7039204,7.65021e-06
ISIC_0029822,HAM_0006332,nv,3,4.563395e-05,3.3191456e-05,0.00018530797,0.0001921261,0.00020713014,0.9992823,5.4297605e-05
ISIC_0027932,HAM_0005569,nv,3,0.044737756,0.0022980657,0.004289162,0.0021630535,0.11247071,0.83267707,0.0013642207
ISIC_0026986,HAM_0006044,nv,3,5.9995878e-06,2.4482068e-05,3.445788e-05,4.7514113e-05,0.00024120821,0.9996178,2.8566586e-05
ISIC_0029876,HAM_0002286,nv,3,3.5484736e-05,0.00040019583,0.00036119393,0.0010382192,0.0003493981,0.99773514,8.027906e-05
ISIC_0028523,HAM_0001523,nv,3,2.5200958e-05,4.2121308e-05,0.00011151807,0.00010925437,0.000341243,0.9992623,0.00010840415
ISIC_0031069,HAM_0003122,nv,3,4.4736324e-05,5.427942e-05,0.00018007327,0.00020625349,0.00095650466,0.9969984,0.0015597788
ISIC_0024348,HAM_0002426,nv,3,3.8509046e-05,5.161756e-05,0.16767778,0.00010265378,0.0002961696,0.8318122,2.1018952e-05
ISIC_0028356,HAM_0000175,nv,3,9.003427e-05,0.00017731446,0.0027763748,0.00087918824,0.000552605,0.99523807,0.00028640789
ISIC_0025175,HAM_0002124,nv,3,7.771922e-06,2.7607726e-05,0.0010872812,0.00010297661,5.5714703e-05,0.9986797,3.8933136e-05
ISIC_0025444,HAM_0000427,nv,3,0.00018960085,0.00023230382,0.0008707328,0.0005789013,0.001980032,0.9958255,0.00032283703
ISIC_0028108,HAM_0005037,nv,3,9.8853576e-05,5.11845e-05,0.0024541945,7.317535e-05,0.002066639,0.99493897,0.00031692936
ISIC_0030483,HAM_0006569,nv,3,6.0443042e-05,3.8495047e-05,0.00031824908,0.0001647833,0.00031027023,0.99908197,2.5743597e-05
ISIC_0030289,HAM_0002836,nv,3,1.7155073e-05,4.0121133e-05,0.001828478,6.0464685e-05,0.00054062903,0.9974896,2.3678313e-05
ISIC_0029618,HAM_0005655,nv,3,0.00034324138,0.0006251824,0.023969268,0.00039352817,0.003182699,0.97062904,0.0008570301
ISIC_0028466,HAM_0006261,nv,3,7.996343e-06,7.2960764e-05,0.00016831873,0.0013395353,0.00045287015,0.99785113,0.00010719906
ISIC_0030400,HAM_0001145,nv,3,1.1993365e-05,1.4410359e-05,0.00010200059,1.9391258e-05,0.00089677656,0.99892175,3.3636225e-05
ISIC_0024985,HAM_0002900,nv,3,0.0009747458,0.00021834642,0.0066937823,0.0013427689,0.01717684,0.97327954,0.00031399095
ISIC_0025514,HAM_0006791,nv,3,2.1740256e-05,3.515034e-05,0.00018689234,0.00012280661,0.00349213,0.9960846,5.672131e-05
ISIC_0029703,HAM_0000617,nv,3,5.040868e-06,1.887599e-05,0.0036006419,2.535086e-05,0.0028179085,0.9934953,3.7029648e-05
ISIC_0027467,HAM_0002531,nv,3,0.0005896302,0.0003399214,0.00042469474,0.00018373234,0.011367117,0.98595953,0.0011354326
ISIC_0031402,HAM_0002505,nv,3,2.9938607e-05,7.098226e-05,0.00012145446,3.704152e-05,0.0019929893,0.9977034,4.424639e-05
ISIC_0027106,HAM_0003576,nv,3,9.580655e-06,0.00018963432,0.00013605595,0.00013355477,0.00056980073,0.9989235,3.781829e-05
ISIC_0031909,HAM_0007266,nv,3,2.126316e-05,0.000113608374,0.000101539976,0.00018136848,0.00010507058,0.99927825,0.00019880562
ISIC_0030787,HAM_0005066,nv,3,0.00014987506,0.0012561146,0.00062242936,0.0136904055,0.004259248,0.9796575,0.0003644808
ISIC_0027764,HAM_0000183,nv,3,2.0612033e-07,3.0635812e-05,0.00019705793,4.188839e-06,4.1305586e-05,0.9997255,1.0884638e-06
ISIC_0031250,HAM_0005812,nv,3,5.162281e-07,1.5872289e-05,0.000102450715,1.3966269e-05,1.5918857e-05,0.9998454,5.9542544e-06
ISIC_0029132,HAM_0001632,nv,3,4.2649757e-05,1.7744376e-05,0.00062772905,0.000105456136,0.0011091203,0.9980598,3.749154e-05
ISIC_0026733,HAM_0006385,nv,3,5.1042767e-05,0.00025871076,0.0027302706,0.00019076136,0.004550071,0.992184,3.5218447e-05
ISIC_0025328,HAM_0004834,nv,3,1.8135797e-06,2.7874843e-05,0.00044834206,9.843961e-05,0.00029159934,0.99854314,0.0005888312
ISIC_0032228,HAM_0003984,nv,3,7.374008e-06,6.728241e-05,2.8102315e-05,0.00025981586,0.0004377201,0.99885774,0.00034202213
ISIC_0027157,HAM_0002756,nv,3,1.5024871e-05,6.680281e-06,2.0900748e-05,1.923588e-05,0.0002629625,0.99966514,1.0166337e-05
ISIC_0025868,HAM_0003251,nv,3,7.659951e-06,1.8555593e-05,4.2682073e-05,3.0863066e-05,7.869624e-05,0.9997919,2.965175e-05
ISIC_0024944,HAM_0003296,nv,3,0.0010949022,0.00016322016,0.003515455,0.00220637,0.019426567,0.9733114,0.00028201914
ISIC_0027227,HAM_0001833,nv,3,2.4853274e-05,3.05104e-05,0.00011424898,0.00017268446,0.00030100596,0.99904186,0.00031483604
ISIC_0030569,HAM_0003924,nv,3,0.00019453914,0.00034612682,0.01801489,0.00043583955,0.05238296,0.9285101,0.00011548597
ISIC_0028048,HAM_0002631,nv,3,0.0006317609,0.00035716523,0.30743253,0.001778752,0.00073142553,0.68741846,0.0016499032
ISIC_0026689,HAM_0005003,nv,3,4.8817434e-05,4.703905e-05,9.880672e-05,3.7870832e-05,0.00072804146,0.9983595,0.0006800189
ISIC_0026792,HAM_0001778,nv,3,6.223217e-06,8.456434e-06,0.0003926106,2.9171986e-05,0.0004315143,0.9991049,2.7085272e-05
ISIC_0029335,HAM_0005119,nv,3,4.681438e-07,1.5609134e-05,4.9751266e-05,5.072495e-06,0.00019754021,0.9997285,2.9877958e-06
ISIC_0026087,HAM_0002378,nv,3,3.277375e-05,8.079957e-05,0.0024649836,0.00020653052,0.0007767785,0.99638945,4.862604e-05
ISIC_0024523,HAM_0006246,nv,3,3.7303897e-05,3.2283828e-05,0.010956793,0.0008611407,0.000682217,0.9872628,0.00016751132
ISIC_0026540,HAM_0002778,nv,3,1.0643161e-05,8.519951e-05,0.00013681485,0.00019693749,0.0006509566,0.9986267,0.00029276512
ISIC_0029381,HAM_0002681,nv,3,3.8111608e-05,0.00030434303,0.0002273866,0.00020482572,0.0003360556,0.99883705,5.2296273e-05
ISIC_0024815,HAM_0005166,nv,3,0.00027937876,0.0015273644,0.00014722224,0.00028768473,0.0258208,0.9679726,0.003965068
ISIC_0026980,HAM_0005876,nv,3,0.0015544819,0.0027415545,0.027634693,0.0007116937,0.0032572667,0.963748,0.00035231392
ISIC_0028721,HAM_0007173,nv,3,0.08719092,0.22994193,0.18530563,0.26043114,0.0054607843,0.22949326,0.0021763965
ISIC_0026651,HAM_0001969,nv,3,0.00066517433,0.0002579546,0.05581158,0.004100634,0.0024521898,0.9366352,7.730089e-05
ISIC_0027881,HAM_0004473,nv,3,9.657367e-05,0.00021805761,0.0006509998,0.0006175592,0.001139476,0.99698764,0.00028972694
ISIC_0028375,HAM_0006997,nv,3,4.662953e-06,9.076282e-06,9.2552955e-06,0.0001963949,7.532978e-05,0.9995291,0.00017621926
ISIC_0031173,HAM_0005802,nv,3,0.0004122618,0.0005355945,0.00067705486,0.00036381974,0.016499935,0.9797925,0.0017188194
ISIC_0026243,HAM_0002230,nv,3,7.0003293e-06,1.4448151e-05,0.0019734898,0.00018089384,9.758491e-05,0.9976369,8.972402e-05
ISIC_0030524,HAM_0005419,nv,3,1.0913775e-05,0.00013637608,0.00069494615,1.9762294e-05,0.0017509375,0.9963967,0.0009903738
ISIC_0026710,HAM_0003732,nv,3,4.612639e-05,0.0001306342,0.00016741031,0.00020834552,0.0007593105,0.9982981,0.00039000163
ISIC_0026128,HAM_0006033,nv,3,2.0134557e-05,2.290474e-05,0.0003024852,4.3550535e-05,0.00017090527,0.9994272,1.2848393e-05
ISIC_0026129,HAM_0001035,nv,3,1.02648955e-05,1.0736529e-05,7.9799014e-05,3.6893183e-05,0.0002838114,0.99954754,3.0946056e-05
ISIC_0030878,HAM_0007166,nv,3,2.9353994e-05,2.1771471e-05,2.335738e-05,0.00010195645,0.0021756715,0.99751484,0.00013310621
ISIC_0025390,HAM_0001631,nv,3,0.00012214747,0.0001036652,0.003507472,0.00034123549,0.000117468066,0.9955876,0.00022053343
ISIC_0031176,HAM_0003952,nv,3,0.00046512345,6.629143e-05,0.00053849985,0.00033665568,0.0045731035,0.99380374,0.00021651383
ISIC_0030337,HAM_0002640,nv,3,0.00024717025,0.00038809463,0.0030870761,0.00243802,0.00023310374,0.99341667,0.00018988248
ISIC_0025474,HAM_0004271,nv,3,0.0009887256,8.8658846e-05,0.00047881732,0.00081728445,8.2639126e-05,0.9974136,0.00013026377
ISIC_0026449,HAM_0002284,nv,3,6.3286193e-06,1.3267487e-05,0.00016178901,3.1150557e-05,0.0013881221,0.9983229,7.6498385e-05
ISIC_0031355,HAM_0007466,nv,3,4.511862e-05,2.667974e-05,0.00020280089,0.000128531,0.0017553576,0.99769336,0.0001480828
ISIC_0026364,HAM_0007022,nv,3,1.9937957e-05,1.8950761e-05,0.00013058442,2.4716453e-05,0.0004029655,0.9993806,2.2285885e-05
ISIC_0030490,HAM_0001438,nv,3,0.00010847802,9.63738e-06,0.00059420906,7.190996e-05,0.0021492534,0.9970181,4.8467016e-05
ISIC_0031820,HAM_0000161,nv,3,3.546149e-05,1.913004e-05,0.0002233588,9.564419e-05,0.0005014609,0.99903107,9.38859e-05
ISIC_0030971,HAM_0001700,nv,3,0.5422416,0.035021614,0.08860499,0.006654684,0.0013948976,0.3234712,0.0026111065
ISIC_0024563,HAM_0000497,nv,3,2.0612917e-05,8.8064226e-05,7.2157236e-05,3.136962e-05,0.0022229312,0.9975198,4.5022753e-05
ISIC_0027892,HAM_0004015,nv,3,0.00026099314,0.00015907518,0.00051450485,0.00030752504,0.010404993,0.9883102,4.273096e-05
ISIC_0024404,HAM_0005076,nv,3,8.101566e-06,4.146584e-05,0.0001821536,0.00013649339,0.00012586646,0.9992034,0.00030252823
ISIC_0029189,HAM_0006393,nv,3,0.00012644088,0.0001192451,4.009843e-05,0.00028410534,0.006194248,0.99110097,0.0021349336
ISIC_0027971,HAM_0007082,nv,3,6.361205e-06,8.420259e-05,2.2818273e-05,0.00010571689,1.7945282e-05,0.9995511,0.00021178866
ISIC_0029940,HAM_0007297,nv,3,0.008786533,0.00020848907,0.0036276195,0.00040661034,0.204149,0.78258306,0.00023856747
ISIC_0031097,HAM_0004003,nv,3,1.8802692e-05,6.7249806e-05,0.00029424927,8.392675e-06,0.00024497072,0.99934906,1.7355716e-05
ISIC_0030493,HAM_0004981,nv,3,0.00084196863,0.00037071377,0.0025148818,0.00039385277,0.014450962,0.98096263,0.00046497927
ISIC_0024822,HAM_0006131,nv,3,6.992477e-05,1.6527689e-05,0.00034722014,0.00014545135,0.000101938844,0.9992924,2.656638e-05
ISIC_0028936,HAM_0005377,nv,3,7.1919067e-06,1.780014e-05,5.397826e-05,1.4219252e-05,0.00061805017,0.9992429,4.6034984e-05
ISIC_0030418,HAM_0005283,nv,3,0.013753093,0.00095530134,0.00087321614,0.00086304283,0.009920503,0.9726777,0.00095716905
ISIC_0026368,HAM_0005946,nv,3,2.318244e-06,5.966274e-06,1.4214843e-05,3.90382e-05,1.5627205e-05,0.9999089,1.3790958e-05
ISIC_0026000,HAM_0003071,nv,3,0.00085789454,0.01023727,0.011077914,0.0026554356,0.008150414,0.9668754,0.00014562628
ISIC_0026908,HAM_0002976,nv,3,1.2794254e-05,4.422236e-05,2.650973e-05,0.00012317974,0.00059342466,0.999111,8.889649e-05
ISIC_0025087,HAM_0004359,nv,3,4.5253546e-05,3.0950778e-05,8.731372e-05,2.1189206e-05,9.816945e-05,0.9997002,1.6926537e-05
ISIC_0028397,HAM_0006183,nv,3,1.0880398e-05,2.703464e-05,0.0003926428,4.154622e-05,0.00032393666,0.99918693,1.6950922e-05
ISIC_0030921,HAM_0000350,nv,3,0.01798098,0.0011545481,0.0050692926,0.00094231474,0.051398423,0.9226988,0.00075569376
ISIC_0026884,HAM_0002763,nv,3,0.013657895,0.0007872591,0.03018323,0.0063670366,0.012487374,0.93531203,0.0012051251
ISIC_0029772,HAM_0006805,nv,3,7.029424e-07,3.1626996e-06,4.69176e-07,2.58132e-06,4.8461457e-06,0.9999778,1.0329663e-05
ISIC_0026572,HAM_0002583,nv,3,5.6435438e-05,8.0524864e-05,0.000111253146,5.6435438e-05,0.0006676131,0.9988374,0.00019036011
ISIC_0029748,HAM_0006260,nv,3,1.1587625e-05,1.5321155e-05,4.2427182e-05,0.00015137526,7.934185e-05,0.99966156,3.84047e-05
ISIC_0032339,HAM_0007072,nv,3,7.134454e-05,1.3457707e-05,0.00020684587,0.000102196325,0.000631632,0.9988858,8.870304e-05
ISIC_0030866,HAM_0001636,nv,3,0.00010189554,6.7086265e-05,0.00013096428,8.664669e-05,0.0016103423,0.9978929,0.000110175344
ISIC_0029484,HAM_0005296,nv,3,0.0037790164,0.00015913275,0.0035600387,0.0006368011,0.0047526956,0.9867387,0.00037362563
ISIC_0029264,HAM_0001691,nv,3,1.06247e-05,6.2225175e-05,0.00041134466,0.00017265017,4.2516836e-05,0.99884343,0.0004571549
ISIC_0031033,HAM_0006767,nv,3,0.00033736392,0.0001125622,0.0007229711,0.00015506099,0.0007383111,0.9978415,9.223016e-05
ISIC_0031165,HAM_0006413,nv,3,0.00036582325,0.00044821601,0.03539819,0.00087585207,0.00029394723,0.96236616,0.00025191795
ISIC_0030402,HAM_0002019,nv,3,4.746454e-05,0.00031653815,0.00032183705,0.0007686616,0.00030590178,0.99760014,0.0006394246
ISIC_0031144,HAM_0006316,nv,3,6.0837072e-05,6.893743e-05,0.00044494265,0.00020123801,0.0011574796,0.99776936,0.0002971202
ISIC_0031724,HAM_0006919,nv,3,1.1943903e-05,0.0002586346,0.00015159867,0.0050546937,0.000101183905,0.992861,0.0015609091
ISIC_0028552,HAM_0000240,nv,3,0.0015862372,0.00044177458,0.052069303,0.002547207,0.0014541923,0.94115406,0.0007470935
ISIC_0024965,HAM_0000733,nv,3,5.8200535e-06,5.2639036e-05,0.0013417621,1.0894549e-05,3.817454e-05,0.9985343,1.6354656e-05
ISIC_0024859,HAM_0003390,nv,3,7.576516e-05,0.00021795295,0.00020414888,0.000674299,0.000146756,0.9984573,0.00022377618
ISIC_0027799,HAM_0000654,nv,3,0.00019702798,6.497293e-05,5.5574295e-05,0.00030219732,0.0018858518,0.99713624,0.00035816798
ISIC_0028427,HAM_0002931,nv,3,5.023521e-07,2.0944278e-06,7.743839e-06,1.1704619e-05,1.5102591e-05,0.9999417,2.1152971e-05
ISIC_0032239,HAM_0004858,nv,3,0.006271506,0.0025801123,0.00063475844,0.0022636387,0.099891335,0.8868508,0.0015079086
ISIC_0028695,HAM_0006010,nv,3,0.00023456405,0.0021680982,0.00039358885,0.00041046843,0.006458539,0.9899255,0.00040926764
ISIC_0030614,HAM_0001568,nv,3,0.00015151862,0.00022262176,0.012274018,0.00051660114,0.0009851351,0.98461443,0.0012356364
ISIC_0031535,HAM_0003298,nv,3,5.7900546e-05,5.7337864e-05,7.7913704e-05,0.00014584653,0.0005076272,0.999076,7.730738e-05
ISIC_0027393,HAM_0007397,nv,3,3.249314e-05,1.8842351e-05,3.639059e-05,2.7255293e-05,0.0003118061,0.9995029,7.03505e-05
ISIC_0030513,HAM_0006060,nv,3,2.8499833e-05,0.0001184751,6.652345e-05,0.0002004534,7.0331414e-05,0.9992317,0.0002839296
ISIC_0028731,HAM_0002407,nv,3,0.00020518659,0.0003871009,0.0007095582,0.000635423,0.00021005244,0.99766976,0.00018285352
ISIC_0026828,HAM_0000840,nv,3,0.0009926201,0.0028940625,0.00034371103,0.00042442646,0.0056538624,0.98919326,0.00049814687
ISIC_0030154,HAM_0000293,nv,3,5.9069695e-05,4.2463285e-05,8.257268e-05,3.4320718e-05,0.00019808157,0.9995357,4.7929618e-05
ISIC_0024794,HAM_0006811,nv,3,1.7633893e-05,1.6793545e-05,2.3406783e-05,0.00020629256,6.215233e-05,0.9996247,4.8927057e-05
ISIC_0028772,HAM_0007594,nv,3,3.4302167e-05,7.921159e-05,8.905999e-05,0.00016573726,0.00053783855,0.99899536,9.848419e-05
ISIC_0025649,HAM_0005269,nv,3,1.8153652e-05,4.0275638e-05,2.9755452e-05,0.00031644458,0.00014971524,0.9993771,6.864511e-05
ISIC_0031275,HAM_0001827,nv,3,6.759159e-06,1.8481272e-05,8.495728e-05,0.00011538806,4.3989257e-05,0.99968493,4.5563258e-05
ISIC_0026537,HAM_0003278,nv,3,0.0003530839,0.00059536024,0.0009960677,0.00020395055,0.0012597623,0.9965138,7.801804e-05
ISIC_0029702,HAM_0000824,nv,3,2.130456e-05,1.917203e-05,0.00016594486,0.000122002115,0.0014003369,0.9973205,0.00095087546
ISIC_0030989,HAM_0000784,nv,3,2.1269714e-05,0.00012890066,2.9645651e-05,5.4579978e-05,0.00014720918,0.9995863,3.211726e-05
ISIC_0029307,HAM_0001127,nv,3,1.2678312e-05,2.6014206e-05,0.00010159024,2.5213832e-05,4.6194535e-05,0.99977285,1.5443038e-05
ISIC_0026983,HAM_0006404,nv,3,0.003377475,0.0006586011,0.0016213218,0.00019185111,0.0057242773,0.98815477,0.00027161234
ISIC_0029423,HAM_0005177,nv,3,0.00044812332,0.0017253981,0.012717975,0.00037662138,0.0008347555,0.9830624,0.0008347555
ISIC_0030385,HAM_0000997,nv,3,6.41782e-05,7.2298564e-05,0.002742284,0.0002709931,0.00020020842,0.9965496,0.00010037661
ISIC_0025137,HAM_0004152,nv,3,2.665818e-05,1.9927094e-05,5.0489623e-05,7.346197e-05,0.0028358249,0.99688715,0.00010646983
ISIC_0024306,HAM_0000550,nv,3,1.2848285e-05,9.947795e-06,0.0004535816,3.7763213e-05,5.3098873e-05,0.99941874,1.411108e-05
ISIC_0025698,HAM_0002654,nv,3,5.0577506e-05,2.979111e-05,3.342969e-05,0.00015995205,0.0027399485,0.9966737,0.00031255983
ISIC_0029864,HAM_0000276,nv,3,3.341457e-05,3.2134478e-05,9.667383e-06,5.0357532e-05,0.0010888515,0.9981706,0.00061497994
ISIC_0026300,HAM_0005411,nv,3,0.0008866054,0.00023607697,0.014052894,0.0031142628,0.007792071,0.9732309,0.0006871257
ISIC_0027378,HAM_0002989,nv,3,0.001024152,0.00026690526,0.0025249184,0.0020022572,0.015391664,0.97864574,0.00014426609
ISIC_0030073,HAM_0005764,nv,3,0.00011114428,2.8655932e-05,0.00043936953,0.00021381819,0.00026300084,0.9988349,0.00010910105
ISIC_0029517,HAM_0004031,nv,3,9.0760295e-06,1.6498889e-05,6.250986e-05,0.00026872763,9.4389856e-05,0.99950135,4.7554997e-05
ISIC_0028741,HAM_0003549,nv,3,0.0001038741,0.00017075845,6.7724315e-05,0.0002834642,0.0016197156,0.9975938,0.00016056944
ISIC_0027570,HAM_0001071,nv,3,0.000107924,2.1003907e-05,0.0010788742,0.00010198101,0.019132843,0.9794128,0.00014466143
ISIC_0030068,HAM_0005322,nv,3,0.0002516703,0.00022296752,0.0005214615,0.0064464435,0.0024032795,0.99000335,0.00015086737
ISIC_0026699,HAM_0007210,nv,3,4.023145e-05,8.401348e-05,0.0008470442,0.00013663393,0.00057272793,0.99828064,3.876585e-05
ISIC_0024858,HAM_0004732,nv,3,0.000101599464,0.00013328939,0.00066480035,5.0689858e-05,0.000119130316,0.9988877,4.2768585e-05
ISIC_0024568,HAM_0007386,nv,3,2.0327876e-05,2.9692641e-05,3.887808e-05,2.8277635e-05,0.00053460296,0.99921715,0.00013113809
ISIC_0031864,HAM_0001394,nv,3,9.003299e-05,8.574245e-05,0.0003797941,0.00047312322,0.015082191,0.98362917,0.00026001077
ISIC_0029171,HAM_0004179,nv,3,8.3507926e-05,0.00011503704,0.0010659626,0.0002622958,0.0002612732,0.9981047,0.000107226304
ISIC_0031954,HAM_0003799,nv,3,6.32292e-05,0.00013101107,0.00014672543,0.00015436875,0.00190858,0.9933869,0.0042091175
ISIC_0026413,HAM_0005431,nv,3,0.00010085712,3.9036073e-05,0.0002828608,0.00026109302,0.001807043,0.9974164,9.273264e-05
ISIC_0029016,HAM_0006441,nv,3,3.507056e-06,9.8742785e-06,5.5824103e-06,2.4799701e-05,6.669229e-05,0.99981326,7.6313896e-05
ISIC_0026904,HAM_0004626,nv,3,0.00014840027,0.000107411906,0.000286049,1.691225e-05,0.0005483534,0.9988564,3.6509387e-05
ISIC_0024874,HAM_0000403,nv,3,2.1391963e-06,0.00021128412,2.6626703e-05,2.0059673e-05,7.323207e-05,0.34410822,0.65555847
ISIC_0028501,HAM_0000142,nv,3,1.2432011e-05,2.203298e-05,5.9766057e-06,1.3653894e-05,0.00022547832,0.9996861,3.429238e-05
ISIC_0026975,HAM_0006063,nv,3,0.0004368783,0.0011465335,0.0028169898,0.003118885,0.0015855985,0.99074966,0.00014548097
ISIC_0030853,HAM_0000078,nv,3,4.7930216e-06,4.774335e-06,3.4292767e-05,0.00019971617,4.4813638e-05,0.9996973,1.4281397e-05
ISIC_0024414,HAM_0006226,nv,3,0.00011795319,6.45069e-05,0.0003676041,0.0001612229,0.0012873004,0.99774855,0.0002528972
ISIC_0027496,HAM_0004139,nv,3,8.40376e-05,5.3313317e-05,0.0005013965,0.00026890286,0.00037718247,0.9985672,0.0001479233
ISIC_0026002,HAM_0007371,nv,3,0.00076519005,0.00024504756,0.0020160072,0.0002659966,0.009294651,0.98681074,0.0006023667
ISIC_0029103,HAM_0004798,nv,3,0.0001422926,0.00016700798,0.00037016178,0.00032698578,0.014685328,0.9823758,0.0019324195
ISIC_0027476,HAM_0001942,nv,3,6.9612133e-06,3.1689295e-05,2.2101096e-05,3.0505069e-05,3.6014026e-05,0.99984324,2.9480034e-05
ISIC_0025768,HAM_0002512,nv,3,1.6343248e-06,5.1233465e-06,4.994899e-06,1.1935425e-05,1.786478e-05,0.9999379,2.0622567e-05
ISIC_0032106,HAM_0004526,nv,3,0.00027058032,5.6055942e-05,0.00040539657,0.000104726285,0.0011609452,0.9979511,5.1339455e-05
ISIC_0030368,HAM_0006422,nv,3,1.1004483e-06,2.0642628e-05,0.00021207673,0.00015149041,6.663522e-05,0.99895763,0.0005904435
ISIC_0032502,HAM_0006650,nv,3,1.0405733e-05,0.00060065504,0.011278326,1.2551708e-05,0.00021882125,0.98785806,2.1143684e-05
ISIC_0027349,HAM_0000725,nv,3,0.0010830067,0.000508091,0.0031368455,0.00032613165,0.056809418,0.9367688,0.0013677126
ISIC_0028313,HAM_0004166,nv,3,0.00018460098,5.4090448e-05,3.2425294e-05,8.3776926e-05,0.0040682578,0.9954698,0.00010704772
ISIC_0025629,HAM_0002977,nv,3,2.359076e-05,3.18069e-05,8.954043e-06,7.063564e-05,0.00013010926,0.9996414,9.3394425e-05
ISIC_0026638,HAM_0005929,nv,3,0.00019658441,0.007583119,0.0074237506,0.14083028,0.00072613254,0.8427058,0.0005343719
ISIC_0026499,HAM_0001216,nv,3,5.6987497e-05,0.001813099,3.050321e-05,8.5214844e-05,0.00062597863,0.9968575,0.0005307426
ISIC_0024866,HAM_0007068,nv,3,1.8301588e-06,1.2604957e-05,6.590655e-06,1.8126437e-05,7.706407e-05,0.99982965,5.4115546e-05
ISIC_0031082,HAM_0001932,nv,3,4.0900646e-05,1.7016657e-05,9.7352e-05,0.00013945029,0.00046336447,0.99915123,9.065348e-05
ISIC_0027132,HAM_0004987,nv,3,2.6166394e-06,3.2437647e-06,1.6618618e-05,3.50787e-05,3.00044e-05,0.99989593,1.652153e-05
ISIC_0025998,HAM_0000370,nv,3,0.0015137445,0.00023123519,0.00061280373,0.0003864905,0.061179064,0.9348327,0.0012439567
ISIC_0024648,HAM_0002304,nv,3,8.9038695e-06,1.4594234e-05,2.2959955e-05,2.3874572e-05,3.0986645e-05,0.9998816,1.7162656e-05
ISIC_0029399,HAM_0004059,nv,3,1.270276e-05,1.48800655e-05,7.1266666e-05,4.4991237e-05,7.954253e-05,0.99974626,3.0235198e-05
ISIC_0028907,HAM_0005698,nv,3,3.4122102e-05,2.5456637e-05,8.807489e-05,5.102364e-05,0.00012909024,0.99959105,8.121766e-05
ISIC_0030163,HAM_0006140,nv,3,8.990526e-06,2.4154064e-05,5.6489906e-05,1.4736272e-05,6.636666e-05,0.99980146,2.7719827e-05
ISIC_0030022,HAM_0002347,nv,3,5.9887416e-06,1.3443221e-05,5.7209345e-05,6.6030893e-06,0.00013560611,0.9997614,1.9790337e-05
ISIC_0024775,HAM_0004561,nv,3,2.4336046e-05,5.5380322e-05,2.5603778e-05,0.00012901485,0.00012084368,0.99949515,0.00014965984
ISIC_0029757,HAM_0001288,nv,3,5.692191e-07,3.3337183e-06,7.6086335e-06,4.052771e-06,7.4863055e-05,0.9999058,3.7408865e-06
ISIC_0027185,HAM_0003849,nv,3,9.438018e-06,3.4522833e-05,0.00017395707,7.23746e-05,0.00012615602,0.999548,3.547984e-05
ISIC_0025058,HAM_0005959,nv,3,1.3199215e-05,9.3519055e-05,0.0027038257,1.9092546e-05,2.2408813e-05,0.99707294,7.492484e-05
ISIC_0024616,HAM_0004241,nv,3,0.002632139,0.00056151033,0.13820449,0.018084278,0.000113411275,0.8400167,0.00038743054
ISIC_0024686,HAM_0001051,nv,3,7.947208e-06,0.00014204181,5.2433174e-05,1.5651318e-05,0.00014406745,0.9994978,0.0001401815
ISIC_0029467,HAM_0006762,nv,3,2.4212914e-05,1.7645483e-05,0.00012936881,0.00013127782,0.0013033928,0.99833006,6.404221e-05
ISIC_0028661,HAM_0006776,nv,3,1.7877967e-06,4.682699e-06,1.8304661e-05,8.3641335e-06,0.00011012206,0.99984837,8.462727e-06
ISIC_0026127,HAM_0000199,nv,3,3.483079e-05,0.00010459662,0.0044043395,7.803382e-05,0.0005390237,0.9947706,6.8596135e-05
ISIC_0027245,HAM_0006162,nv,3,4.2759613e-05,5.3947755e-05,5.5878085e-05,5.5878085e-05,0.00078677916,0.99867815,0.00032661995
ISIC_0027272,HAM_0004668,nv,3,5.0885337e-05,3.715587e-05,0.00032444432,0.00018253074,0.00050048897,0.9988306,7.389327e-05
ISIC_0027940,HAM_0003436,nv,3,0.00021786589,0.0001644538,0.00052161334,0.00088989746,0.0019632687,0.9961111,0.0001318845
ISIC_0028187,HAM_0006471,nv,3,0.032879315,0.00079410075,0.08316464,0.024779253,0.005416105,0.85066426,0.0023022988
ISIC_0030330,HAM_0002399,nv,3,8.6614375e-05,3.4251534e-05,0.0030742052,0.0010533773,0.0001496562,0.99557436,2.746818e-05
ISIC_0029852,HAM_0002444,nv,3,5.7596235e-06,6.879916e-06,1.4283074e-05,1.2629411e-05,9.4604045e-05,0.9998147,5.1084917e-05
ISIC_0028748,HAM_0005516,nv,3,6.6169664e-06,5.1231923e-06,5.977931e-06,1.958175e-05,4.387035e-05,0.99990773,1.11247045e-05
ISIC_0030987,HAM_0001254,nv,3,3.137803e-05,4.96062e-05,7.0849725e-05,1.6502796e-05,8.242826e-05,0.99973804,1.1253929e-05
ISIC_0026535,HAM_0000691,nv,3,5.571119e-06,4.1004823e-05,9.513883e-06,4.0487543e-05,5.40052e-05,0.9997416,0.00010782251
ISIC_0024399,HAM_0004064,nv,3,0.00020263535,0.00019449226,0.0002014515,0.0042218515,0.0011045671,0.9939626,0.00011234385
ISIC_0026338,HAM_0000905,nv,3,5.7203153e-05,4.6687856e-05,0.00012567741,0.00021067569,0.00045501918,0.99867743,0.00042724225
ISIC_0024603,HAM_0006141,nv,3,5.004105e-06,7.381157e-06,1.0348287e-05,2.614293e-05,6.222559e-05,0.99982613,6.27749e-05
ISIC_0026387,HAM_0003240,nv,3,2.0659274e-06,6.1556852e-06,1.005038e-05,4.757455e-05,1.05533e-05,0.9999124,1.1124756e-05
ISIC_0027296,HAM_0001746,nv,3,2.2744118e-05,1.6575077e-05,2.4353265e-05,0.000103739665,0.0014804298,0.99825054,0.00010153466
ISIC_0032416,HAM_0003347,nv,3,2.8622474e-06,8.8854895e-06,1.959815e-05,0.000106569205,2.593799e-05,0.99976844,6.7739515e-05
ISIC_0025480,HAM_0006990,nv,3,3.0448915e-05,0.00019113201,0.00057683024,4.9811097e-05,0.00014958237,0.9989778,2.4514222e-05
ISIC_0029622,HAM_0004276,nv,3,7.886791e-08,8.961425e-06,3.5908126e-06,4.009755e-06,3.1596107e-06,0.99997735,2.8628456e-06
ISIC_0025896,HAM_0005922,nv,3,9.606774e-06,8.594655e-06,5.326925e-05,2.3638087e-05,0.00018528786,0.99969244,2.720727e-05
ISIC_0029478,HAM_0002937,nv,3,2.7964352e-05,1.4254923e-05,1.855565e-05,2.710398e-05,6.565713e-05,0.999795,5.1484567e-05
ISIC_0026392,HAM_0004305,nv,3,6.079012e-06,6.3211723e-06,2.9114854e-05,6.77602e-05,0.00077471754,0.9990977,1.8326678e-05
ISIC_0032264,HAM_0006814,nv,3,0.0015689433,0.0006774352,0.0290312,0.02307798,0.00032125012,0.94462967,0.0006935001
ISIC_0028394,HAM_0004684,nv,3,2.4414478e-05,3.3896147e-05,0.000311551,0.00022211252,0.0005183218,0.9988071,8.259311e-05
ISIC_0031551,HAM_0001674,nv,3,1.7595892e-05,1.7390894e-05,4.5285098e-05,0.0002513497,0.0001275023,0.99942076,0.00012012873
ISIC_0031608,HAM_0004816,nv,3,7.2034964e-06,8.454701e-06,3.42989e-05,7.998131e-05,0.0067436956,0.99306446,6.19861e-05
ISIC_0024953,HAM_0000252,nv,3,4.4758443e-05,1.4817536e-05,0.00010355959,0.00017074091,0.00019272052,0.99944156,3.186271e-05
ISIC_0028506,HAM_0006838,nv,3,2.2772508e-06,1.0106749e-05,2.1395988e-05,1.5869124e-05,0.0039135017,0.9957488,0.00028802778
ISIC_0025858,HAM_0007473,nv,3,9.413241e-05,1.3747738e-05,0.00095862814,7.168213e-05,0.00010898244,0.9987239,2.8990498e-05
ISIC_0024844,HAM_0007217,nv,3,2.639798e-05,7.72855e-05,0.0005907789,0.00015688514,5.2396215e-05,0.99879324,0.00030299526
ISIC_0027391,HAM_0000037,nv,3,0.0011600576,0.00040385223,9.480578e-05,0.0003550089,0.001467883,0.9960931,0.00042530516
ISIC_0031264,HAM_0006227,nv,3,7.376722e-05,4.113791e-05,5.069942e-05,0.00010546049,0.008328819,0.99130136,9.887765e-05
ISIC_0031680,HAM_0003731,nv,3,8.214599e-06,1.4304876e-05,6.2007043e-06,0.00046364355,8.112182e-05,0.9993869,3.9535615e-05
ISIC_0027804,HAM_0005841,nv,3,0.00012511261,0.00026126686,0.00033744474,0.0006704339,0.031524207,0.9617212,0.00536034
ISIC_0031828,HAM_0005788,nv,3,0.00070039893,0.000429821,0.0037715593,0.00034134716,0.12272062,0.8703494,0.0016867456
ISIC_0025445,HAM_0007536,nv,3,0.0003980405,0.0002409527,0.00025350458,0.00043122587,0.0084855845,0.98945856,0.0007321085
ISIC_0029586,HAM_0003864,nv,3,1.1537638e-05,3.2169064e-05,0.0001004517,0.0003597149,9.272136e-05,0.9992449,0.00015849636
ISIC_0027059,HAM_0007628,nv,3,5.020119e-05,8.6064865e-05,0.00037733317,0.00035308977,7.760141e-05,0.9989662,8.94933e-05
ISIC_0024549,HAM_0002385,nv,3,0.086065754,0.0009509826,0.084483564,0.01795249,0.060083587,0.74969196,0.00077163486
ISIC_0032452,HAM_0002739,nv,3,0.0069585536,0.0022952477,0.03205841,0.00017407643,0.0037990347,0.95443,0.00028477004
ISIC_0030100,HAM_0002694,nv,3,0.0032375434,0.0013132053,0.035701957,0.00088682544,0.007012989,0.9499937,0.0018537258
ISIC_0024335,HAM_0004431,nv,3,8.594747e-05,0.00010266495,0.00016341852,0.00035589468,0.0053853183,0.9937144,0.00019236612
ISIC_0024785,HAM_0004926,nv,3,4.961548e-05,0.00013685902,0.00016719261,0.00017762835,0.00047605496,0.9989491,4.35297e-05
ISIC_0029631,HAM_0003170,nv,3,0.00012854785,8.422144e-05,0.00016667848,5.3534408e-05,0.0007047903,0.9987991,6.3078944e-05
ISIC_0029754,HAM_0000389,nv,3,6.3254665e-06,1.2703143e-05,2.2251208e-05,2.5887586e-05,0.00012350276,0.9997764,3.2949447e-05
ISIC_0028176,HAM_0002950,nv,3,0.00010422084,4.6884354e-05,6.7421584e-05,0.00024161182,0.00035326384,0.99897087,0.00021573508
ISIC_0028181,HAM_0006777,nv,3,0.000101540034,1.2959893e-05,0.0008002357,0.0005027347,0.0019937013,0.99635553,0.00023333715
ISIC_0026196,HAM_0006632,nv,3,7.796413e-06,5.862098e-06,1.6683263e-05,1.4062442e-05,6.698995e-05,0.99987197,1.6585796e-05
ISIC_0025306,HAM_0005271,nv,3,3.0772799e-06,5.0144677e-06,1.30192475e-05,8.956732e-06,1.4368836e-05,0.9999417,1.3818374e-05
ISIC_0026356,HAM_0001039,nv,3,1.7146946e-05,0.000105037776,4.302331e-05,5.129141e-05,0.00044028647,0.9911923,0.008150891
ISIC_0027555,HAM_0003503,nv,3,0.0003091873,0.00020416082,0.00012286614,0.00014762707,0.008913081,0.9897782,0.0005249191
ISIC_0024993,HAM_0000147,nv,3,8.293022e-05,0.00017116174,0.00018078281,7.913257e-05,0.015317474,0.9834862,0.00068226724
ISIC_0027619,HAM_0006286,nv,3,0.00012976144,1.239217e-05,7.908953e-05,0.00014589472,0.0031102411,0.9964824,4.0316158e-05
ISIC_0030438,HAM_0006206,nv,3,5.4477456e-05,3.483147e-05,0.00045724915,0.00044884323,0.00026489404,0.9986835,5.6206758e-05
ISIC_0030939,HAM_0004045,nv,3,1.4422871e-05,1.1210625e-05,8.438729e-05,5.3955042e-05,3.2155163e-05,0.99978906,1.4793765e-05
ISIC_0031179,HAM_0001996,nv,3,5.5095174e-05,0.00019918189,9.707349e-05,0.00012464484,0.014378873,0.9827643,0.0023807609
ISIC_0029990,HAM_0002858,nv,3,0.00024121368,0.00045462477,0.00021412128,0.0002787219,0.006269775,0.9905303,0.0020112926
ISIC_0026662,HAM_0005140,nv,3,5.88739e-05,7.2557705e-05,0.00023582572,0.0011472516,0.0001802849,0.99817014,0.00013502715
ISIC_0028013,HAM_0007363,nv,3,0.00069206336,0.00014807002,0.0025432324,0.00042761877,0.001331059,0.99468887,0.00016910126
ISIC_0030506,HAM_0000384,nv,3,3.0115275e-06,8.512279e-06,1.2903847e-05,1.2903847e-05,0.00013019703,0.9998274,5.1127845e-06
ISIC_0032122,HAM_0000018,nv,3,3.465581e-05,1.9101415e-05,0.0001003779,3.617739e-05,0.00026980828,0.9994863,5.3571242e-05
ISIC_0029131,HAM_0006985,nv,3,1.2560065e-05,0.00017203706,0.0011356006,8.821185e-05,0.00035507153,0.99821657,1.9875877e-05
ISIC_0029304,HAM_0001955,nv,3,0.00013906405,0.00012153096,0.0008619122,0.00030552875,0.005482141,0.9924992,0.00059065
ISIC_0029228,HAM_0003492,nv,3,7.71667e-06,1.9324076e-05,1.9821005e-05,9.6897755e-05,7.48037e-05,0.9993569,0.00042462032
ISIC_0027243,HAM_0007288,nv,3,0.001768165,0.004074635,0.0014687261,0.00019322017,0.014405334,0.97786534,0.00022457754
ISIC_0031073,HAM_0001800,nv,3,1.5442617e-06,2.774536e-06,3.1073325e-06,4.482249e-05,2.6042797e-05,0.99989474,2.6948319e-05
ISIC_0029325,HAM_0000026,nv,3,3.064406e-06,1.233489e-05,2.9909435e-05,3.0439836e-05,0.00020049562,0.9996557,6.799696e-05
ISIC_0024766,HAM_0004386,nv,3,7.337773e-06,9.874054e-06,8.990427e-06,0.00010896573,5.856773e-05,0.9997905,1.577869e-05
ISIC_0027923,HAM_0003643,nv,3,0.000107478656,5.436126e-05,0.00048903254,0.00021063861,0.00053998973,0.99850166,9.672032e-05
ISIC_0025163,HAM_0002320,nv,3,7.077227e-07,6.982168e-06,2.0007234e-05,0.00092616724,2.5941901e-05,0.99894327,7.692059e-05
ISIC_0025280,HAM_0001583,nv,3,0.000662638,0.0024374777,0.00032105728,0.0004814936,0.0006422508,0.99518305,0.0002719461
ISIC_0029321,HAM_0007162,nv,3,0.0001159684,4.8342827e-05,0.009854669,0.00010746293,0.001185335,0.98865336,3.482003e-05
ISIC_0030419,HAM_0005063,nv,3,9.201302e-06,2.918462e-05,3.5618337e-05,6.8589135e-05,0.00015150438,0.9995377,0.00016811
ISIC_0031274,HAM_0006305,nv,3,0.00023429895,6.330752e-05,0.00023338551,0.00020257093,0.014187457,0.9849517,0.00012738614
ISIC_0031780,HAM_0005167,nv,3,9.5123405e-06,7.9723664e-05,0.0001740475,2.6625965e-05,0.000120265206,0.9995795,1.0345735e-05
ISIC_0025895,HAM_0000478,nv,3,1.8230488e-05,6.5522414e-05,4.044611e-05,2.4869505e-05,0.00012039653,0.99969435,3.618492e-05
ISIC_0030454,HAM_0001267,nv,3,2.651068e-06,4.5323686e-05,2.0014299e-05,0.00044966707,0.00015407855,0.99929595,3.235976e-05
ISIC_0030201,HAM_0005638,nv,3,5.077582e-05,0.00036918838,0.00022403343,6.5580585e-05,0.0005283217,0.99862945,0.00013273541
ISIC_0028125,HAM_0003604,nv,3,2.531193e-06,3.5005135e-06,1.618621e-05,1.8886672e-05,3.980776e-05,0.999899,2.0104759e-05
ISIC_0031516,HAM_0003499,nv,3,8.266417e-06,1.5656295e-05,2.924981e-05,2.5562013e-05,7.954805e-05,0.99981564,2.6142658e-05
ISIC_0029506,HAM_0005497,nv,3,9.598445e-05,3.803113e-05,0.0003876808,8.38828e-05,0.00065721705,0.9986765,6.065498e-05
ISIC_0027511,HAM_0005897,nv,3,9.3484005e-07,2.8128063e-06,4.1984797e-05,5.7377847e-06,2.2882536e-05,0.99992204,3.5349467e-06
ISIC_0024354,HAM_0004117,nv,3,4.5440665e-06,0.00010728013,0.0007320535,4.9421806e-06,4.5759185e-05,0.9990934,1.2018878e-05
ISIC_0031616,HAM_0002071,nv,3,2.5900883e-05,6.7313114e-05,9.372921e-05,0.00018531378,0.00015650768,0.9993136,0.00015758123
ISIC_0027342,HAM_0000510,nv,3,3.6948408e-05,0.0001915273,9.509107e-05,3.6517948e-05,0.0004923768,0.99909055,5.7003712e-05
ISIC_0025802,HAM_0001199,nv,3,4.544831e-05,0.00041075284,2.4661602e-05,0.00014499974,0.00012709005,0.9991123,0.00013475922
ISIC_0024384,HAM_0001029,nv,3,1.0593331e-05,2.3640448e-05,5.3797372e-05,9.155711e-05,1.4938991e-05,0.9997923,1.32352125e-05
ISIC_0028002,HAM_0002168,nv,3,0.00016200359,0.0015644956,0.00060841715,0.00046467094,0.0002818372,0.99672276,0.00019579568
ISIC_0024954,HAM_0006175,nv,3,6.920735e-05,1.0675661e-05,0.0015628942,5.506925e-05,0.0004658415,0.9977709,6.539635e-05
ISIC_0024326,HAM_0001812,nv,3,9.235698e-06,1.2403739e-05,1.7288286e-05,0.00029553118,0.00014789663,0.99936265,0.00015499434
ISIC_0030601,HAM_0004488,nv,3,4.9163473e-06,1.4734947e-05,0.00011795465,4.587702e-05,7.483025e-05,0.9997116,2.9998868e-05
ISIC_0031873,HAM_0004362,nv,3,2.5145382e-05,0.00020566255,0.00011083834,0.00016557758,0.00036860767,0.999008,0.00011627107
ISIC_0029765,HAM_0005348,nv,3,0.00065178296,0.00032550428,0.0019784383,0.0022939083,0.0029969378,0.9913867,0.00036668978
ISIC_0029552,HAM_0005477,nv,3,7.1102622e-06,1.1814784e-05,3.8701375e-05,0.00022243934,0.00014163289,0.9995443,3.3987482e-05
ISIC_0028657,HAM_0006597,nv,3,1.1906968e-05,7.98735e-05,0.0001145253,8.39523e-05,3.5896486e-05,0.99950397,0.00016991985
ISIC_0031628,HAM_0001315,nv,3,0.0023805453,0.00020851818,0.018751886,0.0012798259,0.0029785917,0.97407633,0.0003242233
ISIC_0027078,HAM_0001660,nv,3,8.625827e-05,0.00018404095,0.0003692402,0.00036351566,0.0031959845,0.99341947,0.002381441
ISIC_0032000,HAM_0004688,nv,3,2.2033742e-06,8.059607e-06,4.660686e-05,4.256053e-05,2.4250261e-05,0.99986994,6.3384264e-06
ISIC_0031425,HAM_0007087,nv,3,2.0010331e-05,0.00020467922,1.0544704e-05,0.00012162422,0.00020527975,0.99909794,0.00033985672
ISIC_0029734,HAM_0003537,nv,3,1.40857155e-05,2.9994697e-05,9.1046655e-05,0.000110037945,0.00012727283,0.9995726,5.50073e-05
ISIC_0030217,HAM_0002137,nv,3,5.5028675e-05,4.780974e-05,0.002232728,0.00017608033,0.00037367328,0.99703574,7.897904e-05
ISIC_0026938,HAM_0001929,nv,3,2.956253e-05,1.1991091e-05,0.0005049192,0.00021716303,0.0021582113,0.9967836,0.00029451677
ISIC_0026146,HAM_0006888,nv,3,4.8121133e-06,5.122468e-06,7.804372e-05,5.3743475e-05,6.717941e-05,0.9997664,2.465366e-05
ISIC_0029842,HAM_0006865,nv,3,4.246533e-06,2.6474476e-05,1.0347324e-05,3.958795e-05,0.00012322635,0.99973303,6.30763e-05
ISIC_0025572,HAM_0003268,nv,3,0.00015001217,0.0013957473,0.0010817143,0.0021142776,0.0029044629,0.99211216,0.0002415989
ISIC_0025535,HAM_0001268,nv,3,0.00044505185,0.00024843545,0.000955611,0.000103765764,0.03789319,0.9602497,0.00010437556
ISIC_0030696,HAM_0003796,nv,3,0.00012858318,0.0031627028,0.0041736932,0.0009622472,0.0010713697,0.9903313,0.00017001267
ISIC_0030030,HAM_0007382,nv,3,0.000299306,0.003465753,0.008863084,0.003217843,0.026732998,0.95721084,0.00021017715
ISIC_0029923,HAM_0000870,nv,3,2.6416417e-06,1.2407183e-05,0.00015308158,3.632457e-05,2.8960472e-05,0.9996401,0.0001264143
ISIC_0025342,HAM_0005293,nv,3,0.0043559168,0.010554422,0.012877989,0.008035263,0.0014619019,0.96104336,0.0016711756
ISIC_0028471,HAM_0004085,nv,3,2.7465445e-05,3.1798307e-05,0.00015066774,5.2734627e-05,0.00015469326,0.99937135,0.00021123423
ISIC_0031098,HAM_0006504,nv,3,7.0558476e-06,1.7159098e-05,2.941754e-05,4.9025144e-05,0.00016690603,0.9996743,5.6152738e-05
ISIC_0028799,HAM_0001727,nv,3,8.935766e-06,6.3497435e-05,4.0361425e-05,0.00016437843,0.00013054299,0.9995515,4.067798e-05
ISIC_0031246,HAM_0003538,nv,3,0.0017110305,0.0011828836,0.00091316935,0.0017739852,0.009177761,0.9849241,0.00031712762
ISIC_0031899,HAM_0002437,nv,3,8.626927e-06,7.4452546e-05,5.152143e-05,0.00018517376,4.450108e-05,0.99953425,0.00010146686
ISIC_0026542,HAM_0006929,nv,3,3.8182436e-05,3.8406815e-05,0.029807992,4.152767e-05,0.0020023813,0.96801275,5.867789e-05
ISIC_0030098,HAM_0003975,nv,3,0.00039356158,0.001195794,0.00071334426,0.00071195234,0.0127435,0.9840739,0.00016795144
ISIC_0026381,HAM_0002274,nv,3,0.00013274253,0.001829325,0.00030743235,0.00015732806,0.001676635,0.99478936,0.0011071063
ISIC_0031283,HAM_0000411,nv,3,6.1228966e-05,5.7071673e-05,6.231477e-05,5.853931e-05,0.00115587,0.99832994,0.00027494566
ISIC_0029256,HAM_0001783,nv,3,0.0001982077,2.256644e-05,0.00020590221,0.000202117,0.0010561771,0.9982205,9.44532e-05
ISIC_0029124,HAM_0001626,nv,3,0.0016260891,0.00022556113,0.0033700836,0.00048078838,0.00025360522,0.9937255,0.00031840298
ISIC_0031936,HAM_0002077,nv,3,0.00035483934,4.1035546e-05,0.00015669204,1.664475e-05,0.0028266867,0.99659014,1.4016285e-05
ISIC_0027499,HAM_0001070,nv,3,1.0551296e-05,1.3364165e-05,1.9905863e-05,7.182391e-05,0.00013803919,0.99972254,2.3731318e-05
ISIC_0029244,HAM_0004315,nv,3,7.3798183e-06,8.8597226e-05,1.2238765e-05,2.1188032e-05,0.00014247952,0.99964476,8.3392115e-05
ISIC_0027424,HAM_0002840,nv,3,9.708261e-05,0.00011710398,0.0002752155,7.970215e-05,0.00082164176,0.99833435,0.00027494688
ISIC_0030040,HAM_0003543,nv,3,0.00020689987,8.608041e-05,0.00037648107,0.00014026916,0.014877802,0.9836563,0.0006562434
ISIC_0029280,HAM_0006674,nv,3,0.00050355494,0.00550973,0.0034044054,0.0056183995,0.024227118,0.95974904,0.0009878401
ISIC_0026073,HAM_0002751,nv,3,0.0012075026,0.00016647816,0.00042180863,0.00076603773,0.05513823,0.9417444,0.00055554096
ISIC_0032229,HAM_0002849,nv,3,0.00046978236,0.0012870164,0.0024735318,0.015026964,0.0045473003,0.9757302,0.00046521696
ISIC_0026863,HAM_0002822,nv,3,1.1286529e-05,4.411903e-05,6.7404995e-05,0.00021610368,0.00014925275,0.9987251,0.0007867201
ISIC_0026703,HAM_0005290,nv,3,4.318502e-05,0.00012314286,1.5218699e-05,5.687661e-05,0.0040938924,0.99491787,0.0007497742
ISIC_0028199,HAM_0005460,nv,3,1.3180737e-06,2.0062002e-05,6.047281e-06,6.717651e-05,1.901288e-05,0.99972326,0.00016316709
ISIC_0026238,HAM_0001375,nv,3,0.00025816058,0.0018497765,0.0040015075,0.0059449687,0.00017777788,0.986214,0.0015538696
ISIC_0025864,HAM_0005630,nv,3,0.0008420068,0.0002562965,0.00080188084,0.00014804362,0.020519841,0.97718257,0.00024938336
ISIC_0032319,HAM_0002352,nv,3,2.1684284e-05,1.804726e-05,2.6881315e-05,6.423352e-05,0.00041150657,0.9993586,9.909896e-05
ISIC_0031886,HAM_0006949,nv,3,7.294208e-08,2.511358e-07,1.2145946e-06,1.8959554e-06,9.150352e-07,0.99999356,2.0520195e-06
ISIC_0025688,HAM_0007612,nv,3,0.00042679565,0.0003008753,0.0040119314,0.0005942856,0.0013710025,0.9927741,0.0005208823
ISIC_0031509,HAM_0000560,nv,3,1.8993951e-05,5.7702437e-06,6.780132e-05,3.814468e-05,0.00010967688,0.9997038,5.577184e-05
ISIC_0030948,HAM_0001255,nv,3,2.9833478e-05,0.0004583187,3.453991e-05,0.00020870956,0.0003842507,0.99809116,0.00079320977
ISIC_0032332,HAM_0004449,nv,3,2.9191838e-06,4.5925203e-06,7.2817156e-06,1.8594512e-05,2.4418168e-05,0.9999341,8.091671e-06
ISIC_0024487,HAM_0007053,nv,3,0.00023739379,0.00042237443,0.005031288,0.0012971988,0.00054605963,0.99213153,0.0003341257
ISIC_0031316,HAM_0006089,nv,3,2.601146e-05,4.7054695e-05,8.5205036e-05,3.08291e-05,0.000104089995,0.9996673,3.9508108e-05
ISIC_0025273,HAM_0004840,nv,3,5.6531144e-06,2.8263794e-05,0.0011323057,3.0680058e-05,2.2098018e-05,0.9987281,5.2958643e-05
ISIC_0031458,HAM_0007561,nv,3,4.2720353e-06,6.215775e-06,6.797774e-05,1.4508673e-05,2.9451785e-05,0.9998611,1.6456544e-05
ISIC_0031962,HAM_0001092,nv,3,6.9781054e-05,3.4679328e-05,0.00024355979,9.030339e-05,0.0012465998,0.99821293,0.00010222726
ISIC_0032299,HAM_0002090,nv,3,8.007043e-05,5.961962e-05,0.00017938731,0.00019415344,0.00038480273,0.99903715,6.4843014e-05
ISIC_0029005,HAM_0007318,nv,3,4.9658465e-05,1.73638e-05,0.0023740586,0.0005022679,0.0009954708,0.99591666,0.00014453595
ISIC_0029292,HAM_0004295,nv,3,9.988209e-05,0.0001773649,0.0014457069,0.0003100715,0.005983517,0.99164,0.0003435532
ISIC_0027914,HAM_0001187,nv,3,0.00016191194,0.000113143185,0.00045743134,3.687598e-05,0.0001014209,0.9990815,4.7721063e-05
ISIC_0031605,HAM_0000972,nv,3,2.8594894e-05,0.00015203739,0.00022645903,0.00030354588,0.0024098267,0.9967073,0.00017211279
ISIC_0026636,HAM_0005222,nv,3,1.718209e-05,4.6071546e-05,6.2604435e-05,3.154103e-05,0.0007077771,0.99906045,7.4344614e-05
ISIC_0026801,HAM_0007417,nv,3,0.000118984375,4.498531e-05,0.00027023847,0.00048081213,0.0021957424,0.9966903,0.00019887254
ISIC_0030720,HAM_0002663,nv,3,7.434707e-05,0.00012997445,0.00025004346,0.0021674419,0.00012984758,0.9971439,0.00010443741
ISIC_0029716,HAM_0000098,nv,3,0.001081926,0.000163506,0.0012673726,0.00065047905,0.004171819,0.9923064,0.0003585277
ISIC_0031232,HAM_0004644,nv,3,0.0002737409,9.904561e-05,0.0006327483,0.00046975966,0.0014643755,0.99687177,0.00018869118
ISIC_0031027,HAM_0006499,nv,3,0.00041484507,0.00061610225,0.00011735574,0.00019273256,0.011355705,0.9849696,0.0023336762
ISIC_0024385,HAM_0006164,nv,3,0.00078076316,0.0030925048,0.001547435,0.00041466017,0.00055853144,0.9932219,0.00038424775
ISIC_0027096,HAM_0000656,nv,3,8.778139e-05,6.2980056e-05,0.00012306837,0.00030879016,0.0019392648,0.99723333,0.0002447507
ISIC_0028296,HAM_0006365,nv,3,0.0017264131,0.00012585732,0.00091376255,0.00095016265,0.003753382,0.9923241,0.00020629133
ISIC_0027079,HAM_0000246,nv,3,1.4530732e-05,5.9410377e-05,5.8147598e-05,7.569079e-05,0.00034341504,0.9994273,2.1517013e-05
ISIC_0030364,HAM_0001709,nv,3,3.8975217e-05,0.00015535897,0.0094442405,0.0016419643,0.00022472534,0.9881116,0.00038301808
ISIC_0028838,HAM_0004541,nv,3,0.00015016919,3.902125e-05,0.00015388055,0.0003070758,0.00026137647,0.9989869,0.00010141129
ISIC_0029376,HAM_0002637,nv,3,6.507413e-05,1.6040816e-05,0.000975118,5.4690994e-05,0.00014852043,0.99868935,5.1277188e-05
ISIC_0025497,HAM_0007006,nv,3,2.1517197e-05,1.6178708e-05,6.653703e-05,7.6658485e-05,0.00033043823,0.9994357,5.2944437e-05
ISIC_0029939,HAM_0001557,nv,3,4.8148533e-05,0.00039322747,0.00042914317,0.00012986275,0.00056963385,0.99823475,0.0001953282
ISIC_0028575,HAM_0003528,nv,3,7.752857e-05,0.00036591617,0.00035604622,0.0003111562,0.0022143126,0.9960812,0.0005939406
ISIC_0029971,HAM_0004459,nv,3,6.72335e-05,4.0620198e-05,0.00018010198,8.837678e-05,0.0010612523,0.9981317,0.00043077828
ISIC_0027280,HAM_0005618,nv,3,1.6694807e-05,0.00012251847,3.0289491e-05,4.645738e-05,8.145564e-05,0.99958724,0.000115320465
ISIC_0029429,HAM_0003794,nv,3,0.00019876857,0.0009594497,0.012925352,0.0007815521,0.012988619,0.97119427,0.00095198327
ISIC_0027862,HAM_0007271,nv,3,2.3847842e-05,7.022975e-05,0.00022803665,0.00012829226,0.0005927831,0.99876213,0.00019466948
ISIC_0026837,HAM_0007481,nv,3,3.2727698e-05,1.8978368e-05,0.0002908455,0.00046596266,0.00027004085,0.99888366,3.7816782e-05
ISIC_0030353,HAM_0000737,nv,3,1.8288927e-06,3.0748065e-06,0.0007200327,1.9855406e-05,0.00010686666,0.999138,1.0240669e-05
ISIC_0030266,HAM_0007458,nv,3,0.00048397423,0.0001746005,0.006401234,0.062040783,0.0008763642,0.9296641,0.00035895736
ISIC_0032172,HAM_0007517,nv,3,0.000113081864,8.704222e-05,0.0017784245,0.0003131451,0.0010010214,0.9965917,0.00011553765
ISIC_0030424,HAM_0006452,nv,3,2.4313857e-05,7.84861e-05,4.2257456e-05,0.0002615263,0.00086444826,0.9985838,0.00014520634
ISIC_0031804,HAM_0005441,nv,3,0.00016364032,3.767214e-05,0.00052515126,0.0018080687,0.0002413728,0.9970085,0.00021552165
ISIC_0028841,HAM_0007143,nv,3,3.405063e-05,4.10729e-05,5.227716e-05,0.00024800384,0.00010295519,0.9994475,7.4083466e-05
ISIC_0025385,HAM_0000596,nv,3,9.999316e-06,2.6396192e-05,0.00045872203,5.879172e-05,0.00065660785,0.9987256,6.38178e-05
ISIC_0024927,HAM_0002964,nv,3,2.9318271e-05,8.06227e-06,0.0004944001,5.552774e-05,0.0011456623,0.9982487,1.8239716e-05
ISIC_0026289,HAM_0005233,nv,3,2.4613133e-05,6.1696395e-05,3.3906024e-05,5.0502873e-05,0.00064983446,0.9990982,8.125693e-05
ISIC_0030161,HAM_0000622,nv,3,1.4514698e-05,3.4078865e-05,4.1267842e-05,4.191772e-05,0.0014003784,0.99832445,0.00014347737
ISIC_0025042,HAM_0004610,nv,3,0.00032853553,6.294752e-05,0.0032858455,0.00018977077,0.008606474,0.98703176,0.0004946372
ISIC_0024768,HAM_0003024,nv,3,0.07474979,0.0029353944,0.0057809968,0.006831664,0.0105966,0.89739674,0.0017088595
ISIC_0032131,HAM_0003173,nv,3,7.673908e-06,1.1497422e-05,9.6440535e-06,0.00011954293,0.00014828405,0.9996592,4.4203432e-05
ISIC_0028047,HAM_0002621,nv,3,7.7336645e-06,1.3520086e-05,3.3169723e-05,3.297594e-05,0.0002616975,0.99960357,4.7374437e-05
ISIC_0025486,HAM_0006784,nv,3,8.574514e-06,0.00018413863,1.825892e-05,0.00017450927,0.00015835035,0.99929965,0.00015650551
ISIC_0029737,HAM_0000515,nv,3,2.9398896e-05,5.6557277e-05,5.513933e-05,0.0001088043,0.00053411716,0.99904066,0.00017523245
ISIC_0026990,HAM_0000568,nv,3,0.00019230218,0.0001502045,0.00018511587,0.0014613019,0.0005462153,0.9972721,0.0001928664
ISIC_0028366,HAM_0002435,nv,3,4.904531e-05,2.635481e-05,6.638551e-05,0.0001630271,0.00051425543,0.9991093,7.156986e-05
ISIC_0027870,HAM_0005129,nv,3,0.0024624192,4.453183e-05,0.0045987205,0.016959561,0.0025919587,0.97324556,9.726646e-05
ISIC_0025212,HAM_0003474,nv,3,1.0855003e-05,2.092044e-06,0.002780885,0.00013275859,0.00018549073,0.9968548,3.3110828e-05
ISIC_0027516,HAM_0001685,nv,3,1.2479229e-05,0.00010186771,0.009296068,0.0003323844,8.1057544e-05,0.98985684,0.000319339
ISIC_0024350,HAM_0006264,nv,3,1.4587591e-05,4.3380718e-05,3.703309e-05,0.0001672725,0.00017300417,0.9994265,0.00013826811
ISIC_0024526,HAM_0000290,nv,3,1.4191914e-05,5.3664433e-05,2.7248981e-05,5.3507447e-05,0.00043907898,0.99927145,0.00014097335
ISIC_0029908,HAM_0001646,nv,3,1.1519089e-05,3.2943262e-05,0.00018645411,9.28439e-05,5.6865294e-05,0.9995888,3.064658e-05
ISIC_0029658,HAM_0005593,nv,3,1.9324048e-06,9.890532e-06,1.1406187e-05,0.0004311604,2.9297886e-05,0.9995049,1.1383931e-05
ISIC_0031740,HAM_0005934,nv,3,0.00019073927,0.00051595765,0.0022191666,0.00026481526,0.0024429369,0.99400866,0.00035774257
ISIC_0031375,HAM_0000127,nv,3,7.5195135e-06,5.2502503e-05,0.00030990056,0.0003784949,0.00033182604,0.99886656,5.312139e-05
ISIC_0028532,HAM_0002041,nv,3,0.00014027675,7.784737e-05,0.00067192427,0.0007242211,0.00013139231,0.9982255,2.8806744e-05
ISIC_0031751,HAM_0006858,nv,3,9.285276e-05,0.00016328025,0.00048509042,0.00028881335,0.00025068046,0.99870837,1.098191e-05
ISIC_0032346,HAM_0001171,nv,3,0.00035105142,0.0003409159,0.00013169176,0.00017429293,0.00024009866,0.9985482,0.00021375682
ISIC_0028475,HAM_0006897,nv,3,1.1999453e-05,3.3002387e-05,3.6104717e-05,0.00014251831,0.00022095235,0.9994288,0.00012663468
ISIC_0026723,HAM_0001549,nv,3,1.2192434e-06,2.3137172e-06,2.1318143e-05,2.331864e-06,5.9355534e-05,0.9999074,6.131656e-06
ISIC_0026776,HAM_0004751,nv,3,3.13308e-05,8.319308e-05,0.00070641463,0.0006368694,0.00020751978,0.9982333,0.0001013348
ISIC_0025055,HAM_0006660,nv,3,6.49199e-05,3.0308718e-05,0.00015772444,6.790271e-05,0.001182632,0.99827003,0.00022637153
ISIC_0030090,HAM_0005756,nv,3,0.00022331228,0.00025980684,0.00068116566,0.00021771363,0.0010140981,0.997361,0.0002428771
ISIC_0032001,HAM_0003019,nv,3,3.8185168e-05,3.5662077e-05,8.63884e-05,0.00019563218,0.00086382846,0.9968635,0.0019168967
ISIC_0028037,HAM_0001868,nv,3,0.00026359456,0.00015136962,0.00026722313,0.000838111,0.0068515115,0.99136096,0.00026722313
ISIC_0028286,HAM_0005470,nv,3,1.17022055e-05,2.090222e-05,1.6026288e-05,4.941268e-05,9.1910246e-05,0.99973553,7.446754e-05
ISIC_0026882,HAM_0001789,nv,3,0.00010830301,4.8153124e-05,0.00058206,0.0012175681,0.0074022724,0.99056095,8.0641315e-05
ISIC_0024440,HAM_0001879,nv,3,5.1204664e-05,5.6237328e-05,0.0001216399,0.0003136666,0.00021161659,0.9992267,1.8984885e-05
ISIC_0031484,HAM_0005930,nv,3,1.5463862e-06,2.2412069e-06,0.0006349199,1.4729127e-05,2.4594488e-05,0.9993167,5.210962e-06
ISIC_0027520,HAM_0002055,nv,3,1.4417818e-05,4.528592e-05,7.5176e-05,9.201766e-05,0.00025462778,0.9994388,7.971245e-05
ISIC_0027926,HAM_0006360,nv,3,1.1275579e-06,6.289013e-06,5.610813e-05,2.5613026e-05,4.272652e-05,0.9998561,1.1957782e-05
ISIC_0031338,HAM_0005996,nv,3,0.00071637065,0.00016379435,0.00031572185,0.0006181534,0.0095755765,0.9882488,0.0003616236
ISIC_0030136,HAM_0001867,nv,3,1.0481369e-05,2.3758936e-05,3.737805e-05,3.8791186e-05,0.00036078983,0.998933,0.00059564115
ISIC_0030112,HAM_0005152,nv,3,2.2867466e-06,3.2248297e-06,6.306379e-05,1.994536e-06,2.4838233e-05,0.9999008,3.7045138e-06
ISIC_0028783,HAM_0007326,nv,3,5.7712236e-06,8.765758e-06,6.725226e-05,1.0429946e-05,2.8158385e-05,0.99987364,5.8850515e-06
ISIC_0029403,HAM_0007506,nv,3,5.7905898e-05,3.0873955e-05,0.00089251983,0.0001431786,0.0035581049,0.99527305,4.439799e-05
ISIC_0026408,HAM_0000271,nv,3,0.0041399086,0.0010224853,0.0008848873,0.0011218843,0.0062787924,0.98567826,0.0008737244
ISIC_0029416,HAM_0005455,nv,3,2.5601032e-05,2.6882102e-05,5.0566872e-05,4.5906974e-05,0.00034834654,0.99938786,0.00011484797
ISIC_0026605,HAM_0006979,nv,3,6.8829875e-05,0.0008065933,0.00031302604,0.0003274084,0.00027977387,0.9981603,4.392217e-05
ISIC_0024423,HAM_0006485,nv,3,1.7666716e-05,1.2950515e-05,4.147945e-05,2.4147539e-05,0.00026511893,0.9995314,0.00010717005
ISIC_0030430,HAM_0003185,nv,3,2.5514364e-05,5.044493e-05,7.661945e-05,0.00014812118,0.0011811013,0.9979519,0.00056628365
ISIC_0027011,HAM_0000307,nv,3,1.3030016e-06,2.7584547e-06,1.8979918e-05,6.1558626e-06,7.5423204e-06,0.99994123,2.1974132e-05
ISIC_0025737,HAM_0000091,nv,3,3.920118e-06,1.35231485e-05,6.20135e-05,2.214401e-05,5.7269164e-05,0.9998299,1.1233003e-05
ISIC_0028001,HAM_0005778,nv,3,1.4243182e-05,4.2688713e-05,9.733448e-05,7.5582415e-05,0.0006987861,0.99897146,9.993505e-05
ISIC_0031576,HAM_0002195,nv,3,3.0986197e-05,0.000315404,0.00010668387,8.373713e-05,0.0063350582,0.9930555,7.275208e-05
ISIC_0025760,HAM_0007015,nv,3,4.9341983e-05,0.000101045625,0.00011206597,0.0001995842,0.0042881854,0.99344254,0.0018073291
ISIC_0028149,HAM_0004650,nv,3,0.0012132772,0.00027822334,0.0029147672,0.0007223615,0.007716978,0.9868292,0.00032527605
ISIC_0029813,HAM_0007457,nv,3,2.5355122e-05,2.773859e-05,0.0005793386,0.0016287668,0.00016501355,0.9975514,2.2419565e-05
ISIC_0032506,HAM_0002917,nv,3,6.998433e-07,5.5154555e-06,1.05074605e-05,0.00040010776,3.54077e-05,0.99946576,8.200441e-05
ISIC_0028533,HAM_0001404,nv,3,7.109582e-07,3.3495045e-05,5.3316253e-05,0.00018396888,1.4994545e-05,0.99959797,0.00011554716
ISIC_0029996,HAM_0004001,nv,3,1.416979e-07,5.560647e-07,2.3779876e-06,2.5607551e-05,5.148552e-06,0.9999627,3.4430982e-06
ISIC_0026390,HAM_0004066,nv,3,1.2576877e-05,1.1077399e-05,3.6929414e-05,3.271765e-05,0.00032365002,0.99955267,3.034766e-05
ISIC_0028295,HAM_0007186,nv,3,8.654278e-05,0.00012703058,0.00012252257,9.598141e-05,0.00072762754,0.9986449,0.00019540844
ISIC_0032465,HAM_0004557,nv,3,7.718276e-06,0.00024967338,7.181259e-05,3.0825944e-05,3.506709e-05,0.99956495,3.9969724e-05
ISIC_0026288,HAM_0000932,nv,3,0.00011917118,5.9923033e-05,0.002932721,0.00013770204,0.00039074724,0.99630725,5.247036e-05
ISIC_0026121,HAM_0002415,nv,3,0.00023103361,0.0004435928,0.00040547663,0.00018819621,0.00017405307,0.9981482,0.00040945577
ISIC_0030611,HAM_0001795,nv,3,1.3703917e-05,2.3493978e-05,3.0761857e-05,7.4809686e-05,0.00036349223,0.9994369,5.680116e-05
ISIC_0027778,HAM_0006682,nv,3,1.8587694e-05,3.3526747e-05,4.1480947e-05,0.00023170128,3.9891835e-05,0.99956745,6.746185e-05
ISIC_0027860,HAM_0004900,nv,3,9.0775946e-05,8.6619024e-05,4.964406e-05,0.00017293669,0.0021662603,0.99562776,0.0018060057
ISIC_0027199,HAM_0006846,nv,3,5.376867e-06,7.993192e-06,0.00025256904,0.00022385258,8.2308325e-06,0.999408,9.392133e-05
ISIC_0025124,HAM_0004484,nv,3,1.7936902e-05,0.0005197647,0.00012770855,3.731077e-05,3.0931715e-05,0.99908435,0.000182043
ISIC_0027565,HAM_0004733,nv,3,1.8482076e-06,2.5861075e-06,1.1669629e-05,4.6919904e-06,9.038776e-05,0.9998776,1.12555e-05
ISIC_0028053,HAM_0002237,nv,3,8.514926e-05,8.9935544e-05,0.00042738576,0.00042613546,0.0004388046,0.99803776,0.0004948088
ISIC_0028327,HAM_0000449,nv,3,0.00026903418,0.00058419164,0.00018079749,0.00070089503,0.00014770679,0.9980798,3.756559e-05
ISIC_0030952,HAM_0003896,nv,3,1.011001e-05,0.00013072508,0.00055686076,8.172581e-05,0.0011552263,0.99801755,4.7763442e-05
ISIC_0027805,HAM_0003962,nv,3,5.6130275e-06,3.173792e-05,6.46152e-05,0.000305653,0.00012906862,0.9994236,3.9808267e-05
ISIC_0029763,HAM_0005739,nv,3,0.006695333,0.012686912,0.18964629,0.0048745503,0.002919267,0.7829974,0.00018017554
ISIC_0027844,HAM_0004595,nv,3,3.912689e-06,4.8599186e-06,7.1730516e-05,1.6013058e-05,8.851891e-06,0.99988616,8.446533e-06
ISIC_0028946,HAM_0003109,nv,3,6.299217e-05,0.000112076574,0.00046092935,0.000116541196,0.0017042187,0.9974251,0.00011814547
ISIC_0027986,HAM_0003725,nv,3,3.4056055e-05,5.5278433e-05,0.00011133884,5.4741235e-05,9.375671e-05,0.9996068,4.407181e-05
ISIC_0029069,HAM_0003792,nv,3,3.324431e-05,0.00018742442,9.600789e-05,0.00017266348,0.00051109196,0.99892044,7.912833e-05
ISIC_0030257,HAM_0001370,nv,3,0.00016306587,0.0008602647,0.00017769911,0.0006327727,0.00043938024,0.99739707,0.00032972396
ISIC_0031805,HAM_0005023,nv,3,8.484749e-05,0.00010873376,7.487765e-05,0.00027576977,0.0008904131,0.998393,0.00017223557
ISIC_0029224,HAM_0006695,nv,3,2.1741165e-05,8.3505336e-05,0.00017695352,0.0013190621,0.00021554134,0.9980737,0.00010955152
ISIC_0028828,HAM_0002690,nv,3,0.0003688395,0.0002872525,0.0019796186,0.00013863521,0.0075766207,0.9894385,0.0002105693
ISIC_0026736,HAM_0001844,nv,3,1.3074865e-05,6.334953e-06,0.00027493347,2.5202464e-05,0.00032587443,0.99932206,3.255077e-05
ISIC_0027779,HAM_0001829,nv,3,2.2993854e-05,1.2999546e-05,0.0009739118,4.9155686e-05,0.0014527637,0.997454,3.4249242e-05
ISIC_0027630,HAM_0000108,nv,3,2.8223609e-05,7.1162314e-05,3.1362957e-05,0.000109681496,0.0004497048,0.99925786,5.2012645e-05
ISIC_0025828,HAM_0006515,nv,3,7.996472e-06,8.714061e-06,9.008251e-06,3.14112e-05,0.000100509315,0.999818,2.4296409e-05
ISIC_0029955,HAM_0003906,nv,3,5.7868016e-05,0.00035138265,0.00010478544,0.0001416944,0.0007337761,0.9985147,9.578164e-05
ISIC_0027169,HAM_0003844,nv,3,0.0002644629,0.0005626084,0.0001901138,0.00083351374,0.0011342827,0.9965713,0.00044375786
ISIC_0025048,HAM_0005734,nv,3,5.604546e-06,9.204309e-06,5.1212333e-05,5.0238823e-06,4.6697714e-05,0.99986434,1.7968445e-05
ISIC_0028341,HAM_0006804,nv,3,5.536703e-05,3.526223e-05,4.8386395e-05,0.00015528068,0.00037597085,0.99925524,7.4431766e-05
ISIC_0027899,HAM_0005644,nv,3,2.95905e-06,9.096731e-06,1.1864375e-05,1.4650546e-05,0.00010927603,0.9998265,2.573763e-05
ISIC_0028315,HAM_0002516,nv,3,5.6449204e-05,4.7627927e-05,8.658058e-05,4.146076e-05,0.00058527756,0.999081,0.00010161912
ISIC_0024942,HAM_0002220,nv,3,3.2434356e-05,4.709963e-05,0.00012878244,0.00016359311,0.0016864653,0.9976947,0.0002470255
ISIC_0032262,HAM_0003061,nv,3,8.276796e-05,4.9810635e-05,0.00024279389,0.00022476702,0.00038798354,0.9989685,4.3445612e-05
ISIC_0028234,HAM_0003618,nv,3,3.3464577e-05,3.661036e-05,3.041039e-05,7.098301e-05,0.013085205,0.9860902,0.0006532258
ISIC_0031689,HAM_0001478,nv,3,2.3285776e-05,2.9036271e-05,0.00020734126,0.00010819936,0.0005049719,0.9983491,0.0007781636
ISIC_0028152,HAM_0004825,nv,3,1.4412064e-05,2.7295928e-05,0.0025750198,0.00012870447,8.2370694e-05,0.9970906,8.157021e-05
ISIC_0025697,HAM_0003459,nv,3,5.942416e-06,1.470762e-05,4.331261e-05,3.8223247e-05,8.091861e-05,0.9998084,8.56214e-06
ISIC_0028439,HAM_0000684,nv,3,4.4505696e-06,1.049033e-05,8.920434e-06,5.442312e-06,6.348139e-05,0.99978715,0.00012000785
ISIC_0031446,HAM_0002336,nv,3,1.3131202e-05,2.2424352e-05,8.604531e-05,7.7583776e-05,3.1933738e-05,0.99971503,5.384578e-05
ISIC_0025604,HAM_0004903,nv,3,2.9420553e-06,4.530123e-06,1.5734666e-05,1.8740198e-05,1.389936e-05,0.999926,1.8216917e-05
ISIC_0027791,HAM_0005544,nv,3,0.0021595026,5.15109e-05,0.0037331085,0.00053257885,0.10636224,0.8870881,7.292632e-05
ISIC_0026031,HAM_0003261,nv,3,0.00074614777,0.00033174834,0.0014551909,0.0008869381,0.020285428,0.9716964,0.00459813
ISIC_0031409,HAM_0003403,nv,3,3.6317829e-06,5.792248e-06,1.400386e-05,2.0355606e-05,0.00032248345,0.9996038,2.9849527e-05
ISIC_0032217,HAM_0006503,nv,3,3.3117933e-05,3.7895807e-05,0.00033546062,0.00022988401,0.001953198,0.9970687,0.00034174314
ISIC_0028724,HAM_0006450,nv,3,0.00032453964,0.015038145,0.0016872331,0.0010579076,0.16199137,0.7713097,0.04859115
ISIC_0032155,HAM_0002052,nv,3,5.8054582e-05,2.0063128e-05,0.0002000742,0.00089539884,0.0009418845,0.99782854,5.5939698e-05
ISIC_0029869,HAM_0004995,nv,3,1.3518461e-05,7.762999e-06,0.00025557334,9.6910015e-05,0.000105503466,0.99948335,3.747176e-05
ISIC_0029214,HAM_0004886,nv,3,4.211985e-06,3.724887e-05,0.0045385184,9.8137694e-05,0.00070249144,0.9935382,0.0010811555
ISIC_0027112,HAM_0004886,nv,3,0.00016411833,0.0003182054,0.09881239,0.00029371763,0.0031004683,0.89632326,0.000987829
ISIC_0027757,HAM_0007112,nv,3,3.6740992e-05,0.00016022024,0.0034004534,0.00036531794,0.19601066,0.7998458,0.0001808455
ISIC_0026819,HAM_0007112,nv,3,0.00045223313,0.00031694528,0.013601844,0.002789266,0.37508237,0.6052619,0.0024954032
ISIC_0028791,HAM_0006032,nv,3,2.521565e-06,9.7624616e-05,3.9366947e-05,7.470535e-05,0.04920675,0.950481,9.800671e-05
ISIC_0027501,HAM_0006032,nv,3,0.00043075316,0.00085498346,0.02026417,0.00068699854,0.73449725,0.24268502,0.00058077497
ISIC_0029190,HAM_0000965,nv,3,0.00030793692,0.00046771718,0.10400151,0.0006380462,0.11900565,0.77450013,0.0010790123
ISIC_0027855,HAM_0000965,nv,3,8.400172e-06,1.9838555e-05,0.0001754431,6.5686465e-05,0.0033006843,0.9963421,8.778863e-05
ISIC_0027444,HAM_0006347,nv,3,0.0003657109,0.00050084473,0.01875739,0.00026238474,0.46979243,0.5099548,0.00036642587
ISIC_0025702,HAM_0006347,nv,3,0.00030682245,0.0006295588,0.006853196,0.00023387454,0.68102026,0.31057823,0.00037813585
ISIC_0031617,HAM_0000376,nv,3,0.00019570906,0.0003214117,0.0020303929,0.0013934247,0.8083909,0.18756178,0.000106405176
ISIC_0025173,HAM_0000376,nv,3,1.4469547e-05,2.866394e-05,0.0005972053,4.9526847e-05,0.0058431346,0.993277,0.0001900413
ISIC_0027249,HAM_0001869,nv,3,3.0561103e-05,0.00035734882,0.0007744476,0.0009939249,0.006377608,0.99097717,0.0004889152
ISIC_0031563,HAM_0001869,nv,3,5.4139323e-06,5.0274164e-05,0.00011175616,0.00024290895,0.00073436776,0.9984664,0.0003889263
ISIC_0029985,HAM_0004763,nv,3,0.0013512712,0.01970226,0.18968819,0.014785159,0.18848793,0.5591604,0.026824806
ISIC_0024891,HAM_0004763,nv,3,2.8030792e-05,0.00052274036,0.02131343,0.00015787747,0.002384305,0.97513855,0.0004550526
ISIC_0028461,HAM_0000072,nv,3,0.003848227,0.005128032,0.0035520839,0.0015533067,0.39445117,0.59098595,0.00048119194
ISIC_0031474,HAM_0000072,nv,3,0.00020819352,0.005098544,0.00089381554,0.047414854,0.41911057,0.50455743,0.022716595
ISIC_0025943,HAM_0005162,nv,3,2.2749413e-05,0.00034524902,0.00010831962,8.703725e-05,0.018074797,0.9734501,0.0079117315
ISIC_0025568,HAM_0005162,nv,3,0.00029117946,0.0054754065,0.0049976003,0.0007611856,0.11978707,0.8429331,0.02575442
ISIC_0026887,HAM_0005162,nv,3,4.8647176e-05,0.00016360982,0.004252647,0.00013095164,0.056456987,0.93825895,0.00068815064
ISIC_0024604,HAM_0003767,nv,3,0.004159567,0.010647791,0.7133287,0.0022748075,0.04935524,0.21925925,0.00097456813
ISIC_0027358,HAM_0003767,nv,3,0.012904272,0.100121714,0.51045007,0.0048979092,0.05671608,0.31020892,0.0047010826
ISIC_0030247,HAM_0003767,nv,3,0.008535443,0.015140107,0.9182317,0.0023852997,0.023038048,0.032259643,0.00040967387
ISIC_0024986,HAM_0000837,nv,3,2.8624927e-05,5.023831e-05,0.0005766339,0.0002343503,0.04479029,0.9539251,0.00039476922
ISIC_0031555,HAM_0000837,nv,3,5.6323202e-05,0.0002849177,0.00078514795,0.00014637689,0.2856026,0.7124173,0.00070724706
ISIC_0024824,HAM_0005188,nv,3,2.4202935e-05,8.749924e-05,0.0006759125,0.00011820392,0.010723832,0.9882207,0.0001497159
ISIC_0030666,HAM_0005188,nv,3,0.0009695888,0.00066379,0.03220258,0.000684861,0.316153,0.6487038,0.00062235625
ISIC_0029409,HAM_0003677,nv,3,5.8911766e-05,0.00027561627,0.0067004343,0.00022627342,0.11405092,0.87801236,0.00067552767
ISIC_0032364,HAM_0003677,nv,3,0.00028394273,0.00028394273,0.055285003,0.0008901149,0.6540637,0.28854334,0.00064995134
ISIC_0030829,HAM_0005859,nv,3,2.5639203e-05,7.390026e-05,0.0013680933,9.8862685e-05,0.010619951,0.9834381,0.0043754773
ISIC_0025367,HAM_0005859,nv,3,1.3010436e-05,0.00014716186,4.4532557e-05,4.1185882e-05,0.014749359,0.984734,0.00027067208
ISIC_0025588,HAM_0002207,nv,3,3.525663e-06,7.91541e-05,0.00074188155,0.0016212098,0.00217201,0.99535,3.216909e-05
ISIC_0027772,HAM_0002207,nv,3,0.00017188636,0.00018841191,0.0009246828,0.00010568949,0.54013157,0.4584037,7.407193e-05
ISIC_0027768,HAM_0005227,nv,3,0.00011931557,0.00032496743,0.0018028137,0.00040959555,0.01905365,0.97822064,6.905456e-05
ISIC_0027410,HAM_0005227,nv,3,2.0075848e-05,0.00016908083,0.0010172015,0.00028987197,0.017348064,0.9810635,9.210737e-05
ISIC_0030194,HAM_0000589,nv,3,0.00041847792,6.8850444e-05,0.0073635685,0.00028761537,0.21677694,0.77456874,0.000515743
ISIC_0027103,HAM_0000589,nv,3,0.0001994656,4.373128e-05,0.0040868884,0.00067610265,0.04630047,0.9483118,0.00038148795
ISIC_0030930,HAM_0001975,nv,3,2.205709e-05,0.00016361894,0.0010632891,0.00074374664,0.020329043,0.97759694,8.1314276e-05
ISIC_0028488,HAM_0001975,nv,3,0.00037458946,0.00018543524,0.72945243,0.0061783665,0.009097656,0.2545659,0.00014554978
ISIC_0029725,HAM_0004724,nv,3,0.0003566444,0.00023757637,0.0612809,0.00023990781,0.80407053,0.13358861,0.00022581316
ISIC_0024924,HAM_0004724,nv,3,1.9331403e-05,4.3563992e-05,0.00024512544,4.0844727e-05,0.95395476,0.04567512,2.1231393e-05
ISIC_0026777,HAM_0000928,nv,3,0.00034852902,0.00070267427,0.032117587,0.0012429041,0.018389622,0.94597507,0.0012236346
ISIC_0031268,HAM_0000928,nv,3,0.004271723,0.028128488,0.11970436,0.0018716529,0.108249545,0.7361481,0.0016261202
ISIC_0027086,HAM_0006629,nv,3,0.00042944116,0.005314051,0.30051893,0.00024421077,0.11153069,0.5803979,0.0015647066
ISIC_0025689,HAM_0006629,nv,3,0.0002520435,0.00055266835,0.022412961,0.00031675142,0.6072593,0.3683214,0.000884888
ISIC_0026055,HAM_0006605,nv,3,3.5146677e-05,0.00013420572,0.00069771544,0.0011338872,0.0016657831,0.99598074,0.0003525506
ISIC_0027645,HAM_0006605,nv,3,2.5025385e-05,0.0007838571,0.00059866096,8.269865e-05,0.018788204,0.9788263,0.0008951928
ISIC_0026237,HAM_0003299,nv,3,0.0004428736,0.002843126,0.51497734,0.017356832,0.022032345,0.43962395,0.002723548
ISIC_0025547,HAM_0003299,nv,3,0.0001751222,0.0053425203,0.15461403,0.0175089,0.012784789,0.8085389,0.0010356948
ISIC_0026341,HAM_0002176,nv,3,2.8969422e-05,0.000103309074,0.00035017336,5.2971624e-05,0.18642274,0.8129528,8.905799e-05
ISIC_0027697,HAM_0002176,nv,3,0.00020599682,0.0014132425,0.053291112,0.0001908884,0.1113941,0.8327996,0.0007050929
ISIC_0028235,HAM_0002231,nv,3,9.008407e-05,0.00014255499,0.1849233,0.0003555942,0.010927996,0.8032702,0.00029022753
ISIC_0025631,HAM_0006312,nv,3,2.4547759e-05,0.00012662698,0.00051671715,9.318669e-05,0.38642114,0.61269385,0.00012393549
ISIC_0031337,HAM_0006312,nv,3,2.1675743e-05,0.00038912057,0.0003619925,0.00011581281,0.120715745,0.87814665,0.00024903668
ISIC_0031440,HAM_0002100,nv,3,0.00071278925,0.018672569,0.0006868229,0.0008597879,0.07694349,0.9014537,0.0006709127
ISIC_0033380,HAM_0000262,nv,3,9.939116e-05,0.00065447204,0.028680718,0.37820962,0.1916673,0.40024993,0.00043853436
ISIC_0030326,HAM_0000262,nv,3,2.5192669e-05,3.0269686e-05,0.024143908,0.0007852531,0.0010628832,0.9738894,6.308745e-05
ISIC_0029826,HAM_0005159,nv,3,0.0006454248,0.0010415075,0.011535789,0.00202924,0.24223001,0.741762,0.0007560533
ISIC_0025352,HAM_0005159,nv,3,0.00058809796,0.007039662,0.041128315,0.0032324481,0.32365727,0.6238657,0.00048850355
ISIC_0026403,HAM_0003663,nv,3,0.0080709485,2.3847646e-05,0.021199323,0.0008390182,0.1302426,0.839394,0.00023027253
ISIC_0029491,HAM_0003663,nv,3,0.005852163,3.504869e-05,0.0064641275,0.00025396768,0.066931546,0.9203594,0.000103821774
ISIC_0025641,HAM_0003468,nv,3,0.0005548004,0.00044232543,0.0007680108,0.00018082227,0.6265007,0.37118942,0.00036384698
ISIC_0025228,HAM_0004892,nv,3,0.0041518523,0.0015905533,0.002325569,0.00093595166,0.87792265,0.11293102,0.00014241584
ISIC_0032691,HAM_0007541,nv,3,0.00020103442,0.0003871257,3.249904e-05,5.5174856e-05,0.026381789,0.97271955,0.00022274222
ISIC_0032540,HAM_0007541,nv,3,9.446536e-05,0.00055868004,3.060857e-05,6.379374e-05,0.06283285,0.9360322,0.00038736447
ISIC_0032573,HAM_0007541,nv,3,0.00036971047,0.0002970707,7.7647026e-05,0.00014393486,0.043236442,0.95564526,0.00023000725
ISIC_0033347,HAM_0006080,nv,3,7.994611e-05,0.000725188,0.015535517,0.00030646473,0.006552506,0.9762842,0.000516248
ISIC_0032668,HAM_0006080,nv,3,0.00040922817,0.001267919,0.019120399,0.003882649,0.014832929,0.95563585,0.0048509464
ISIC_0032891,HAM_0006080,nv,3,0.00016382303,0.001019341,0.0054522934,0.001739045,0.06609093,0.9249163,0.0006182616
ISIC_0034225,HAM_0002030,nv,3,1.2450493e-05,6.5747576e-05,2.5898426e-05,3.229412e-05,0.008346293,0.99144274,7.457455e-05
ISIC_0032916,HAM_0002030,nv,3,8.333883e-05,7.198303e-05,3.030146e-05,0.00010848226,0.020673059,0.9787274,0.00030543678
ISIC_0033756,HAM_0002030,nv,3,5.557116e-05,0.0003367774,0.0001464105,0.0001534369,0.026937054,0.97208214,0.00028862414
ISIC_0029553,HAM_0005048,nv,3,0.0010487268,0.0006129129,0.061489467,0.000709604,0.38900512,0.5464464,0.0006877718
ISIC_0034267,HAM_0005116,nv,3,4.3127427e-05,0.0042264597,0.008220639,0.00043898774,0.002309134,0.9611423,0.023619385
ISIC_0033137,HAM_0005116,nv,3,7.350443e-06,0.00021947645,9.796442e-05,0.00011932727,0.0028041406,0.97640777,0.02034401
ISIC_0032953,HAM_0005116,nv,3,2.7386552e-05,0.00030200472,6.9934e-05,0.00012638704,0.017569492,0.7806362,0.20126863
ISIC_0026584,HAM_0000459,nv,3,0.0037709991,0.0015506407,0.03567358,0.0015236214,0.5662631,0.3907098,0.00050835963
ISIC_0034234,HAM_0004706,nv,3,4.713431e-06,6.467711e-06,9.804465e-06,1.5515232e-05,0.045178864,0.9547129,7.1671675e-05
ISIC_0033308,HAM_0004706,nv,3,8.827214e-06,7.261068e-06,1.4496874e-05,1.8006449e-05,0.033458922,0.9664211,7.1425835e-05
ISIC_0034274,HAM_0004706,nv,3,2.8923254e-05,3.3814715e-05,0.000170722,5.7745892e-05,0.67552114,0.32411858,6.911278e-05
ISIC_0033331,HAM_0005995,nv,3,0.000658593,0.00056003337,0.0016063302,0.0061607,0.6837983,0.30701047,0.00020562277
ISIC_0034192,HAM_0005995,nv,3,1.6684311e-05,3.1348893e-06,4.077314e-05,7.1489245e-05,0.00090031984,0.9989588,8.843681e-06
ISIC_0033689,HAM_0005995,nv,3,2.4848621e-05,4.2268926e-05,0.000119126395,6.767761e-05,0.0028248222,0.99690586,1.5398753e-05
ISIC_0033759,HAM_0002923,nv,3,8.395932e-06,5.3689426e-05,0.0003198602,5.464153e-05,0.011413945,0.9880895,5.989488e-05
ISIC_0034144,HAM_0002923,nv,3,5.5870867e-05,0.00022054238,0.00393314,0.00040405808,0.08423808,0.9109668,0.0001814132
ISIC_0032992,HAM_0002923,nv,3,0.00018096481,0.00038460197,0.011433452,0.00062305253,0.7077081,0.27931616,0.0003536206
ISIC_0026177,HAM_0006583,nv,3,5.3161577e-05,8.8163695e-05,0.024113411,7.294766e-05,0.038382895,0.93722594,6.350193e-05
ISIC_0025990,HAM_0000609,nv,3,0.003395173,0.00025624284,0.36152223,0.00021789565,0.47614104,0.15824611,0.000221327
ISIC_0025778,HAM_0000609,nv,3,0.0013572132,0.0010244783,0.68275535,0.0009219307,0.17810738,0.13523257,0.00060108455
ISIC_0027847,HAM_0000249,nv,3,0.000699222,0.00088389945,0.14128892,0.0013610122,0.20278269,0.6482292,0.00475504
ISIC_0030709,HAM_0000249,nv,3,0.00037737668,0.00046508876,0.028661842,0.0009599082,0.23998268,0.7263185,0.0032346672
ISIC_0028780,HAM_0000138,nv,3,4.5264314e-05,0.0003267128,0.0006434317,0.0007603722,0.019629417,0.9777289,0.000865832
ISIC_0029902,HAM_0000138,nv,3,0.00018565732,0.00023469284,0.0008736943,0.00057691307,0.116916485,0.88094133,0.00027118705
ISIC_0032666,HAM_0002574,nv,3,0.00026585654,8.8357796e-05,0.013972843,0.00044262482,0.07472939,0.9103904,0.000110609246
ISIC_0033157,HAM_0002574,nv,3,5.313196e-05,8.708802e-05,0.016195765,0.00077772455,0.0049611838,0.97783,9.5088675e-05
ISIC_0032811,HAM_0002574,nv,3,0.0010582168,0.00027018483,0.05491596,0.0011897852,0.025915144,0.9162206,0.00043007088
ISIC_0032785,HAM_0004963,nv,3,0.00012304563,0.001673892,0.00822813,0.00041221274,0.015415389,0.9701553,0.003991999
ISIC_0032563,HAM_0004963,nv,3,1.7295375e-05,0.0007782748,0.00053909526,0.0002195225,0.007968499,0.9539894,0.0364879
ISIC_0033071,HAM_0004963,nv,3,3.4347162e-05,0.0010498906,0.0010758381,0.000117564625,0.010098208,0.9125694,0.075054705
ISIC_0033753,HAM_0004167,nv,3,0.00037654617,0.0006269121,0.010287222,0.00036282884,0.076833814,0.9107797,0.0007329345
ISIC_0033984,HAM_0002878,nv,3,5.95972e-05,7.941744e-05,7.3162766e-05,0.00017448302,0.14026384,0.8592202,0.00012941177
ISIC_0032640,HAM_0002878,nv,3,9.949701e-05,2.4193041e-05,0.00034156092,0.00035343718,0.31204692,0.6869188,0.00021563022
ISIC_0032599,HAM_0003352,nv,3,7.656131e-06,7.6423334e-05,0.0001481755,0.00030582305,0.5359289,0.46199957,0.0015335054
ISIC_0033472,HAM_0003352,nv,3,1.097259e-05,0.00012484101,0.0011346416,0.001144658,0.86020976,0.13557433,0.0018007999
ISIC_0032667,HAM_0003352,nv,3,5.0702416e-05,6.9845526e-05,0.00027090136,0.0003485243,0.1152074,0.88345754,0.00059518014
ISIC_0033825,HAM_0007552,nv,3,0.001271479,0.00020960014,0.02436885,0.00095788995,0.6835433,0.28943047,0.00021837573
ISIC_0033857,HAM_0007552,nv,3,0.0007549531,0.0017331751,0.011293447,0.00044555106,0.65237474,0.33320042,0.0001977121
ISIC_0032731,HAM_0007552,nv,3,0.0019973826,0.0005733785,0.084599756,0.00076705747,0.7237281,0.1880597,0.00027457322
ISIC_0032521,HAM_0005206,nv,3,6.651565e-06,5.8479734e-05,9.146403e-05,4.772977e-05,0.009950708,0.98955274,0.00029209486
ISIC_0032674,HAM_0005206,nv,3,8.522985e-06,2.7728316e-05,0.0019747582,7.71608e-05,0.055061392,0.9422707,0.0005796898
ISIC_0033958,HAM_0005206,nv,3,7.433592e-05,0.00021176334,0.0009621218,0.0005503461,0.27577603,0.7181082,0.004317198
ISIC_0026810,HAM_0007306,nv,3,0.0030898128,0.00044123465,0.003200371,0.00045346608,0.5080854,0.48387247,0.00085717253
ISIC_0033729,HAM_0000439,nv,3,6.384726e-05,0.000114937015,0.0030697687,0.0004228928,0.14649917,0.8496565,0.00017287824
ISIC_0034307,HAM_0000439,nv,3,0.000108416905,0.00026160703,0.0014087206,0.0011057175,0.10451416,0.89234585,0.0002555469
ISIC_0034137,HAM_0000439,nv,3,0.00055075635,0.00023003826,0.03229222,0.0018851474,0.345483,0.6183006,0.001258234
ISIC_0032905,HAM_0003614,nv,3,4.779063e-05,1.8642115e-05,0.003552558,0.0013739871,0.97736037,0.01762345,2.3110038e-05
ISIC_0034001,HAM_0003614,nv,3,2.0619398e-05,9.275756e-06,0.0019262718,0.0001558187,0.98236346,0.015510603,1.3979058e-05
ISIC_0032560,HAM_0003614,nv,3,0.00011660659,0.00011706298,0.0047127395,0.000337083,0.98059535,0.014055907,6.515536e-05
ISIC_0033427,HAM_0001641,nv,3,2.6190912e-06,1.6325957e-06,2.7132115e-05,0.00012656514,0.00091353303,0.99887997,4.8462785e-05
ISIC_0033948,HAM_0001641,nv,3,5.821684e-07,1.6878537e-06,2.7719511e-06,9.340831e-06,0.001010286,0.99896324,1.2170848e-05
ISIC_0033680,HAM_0001641,nv,3,7.1410755e-06,1.9794312e-05,3.6908485e-05,0.0001989417,0.05106545,0.9485961,7.5731296e-05
ISIC_0025009,HAM_0007278,nv,3,0.00017165861,0.00026072765,0.00016284085,0.00017334319,0.05403897,0.94485706,0.00033543547
ISIC_0033492,HAM_0002253,nv,3,0.00070575805,0.00015473196,0.020444792,0.0007904115,0.7313386,0.24640733,0.00015840131
ISIC_0032548,HAM_0002253,nv,3,0.00026302398,9.323617e-05,0.002701082,0.00025945238,0.94760996,0.048962384,0.00011093716
ISIC_0033106,HAM_0002253,nv,3,0.00044098942,0.00021618408,0.16680284,0.00085169123,0.41852406,0.41284096,0.0003232655
ISIC_0032942,HAM_0007483,nv,3,1.7075039e-05,0.00015671275,6.35655e-05,9.105337e-05,0.0016856439,0.9967219,0.0012640309
ISIC_0032628,HAM_0007483,nv,3,4.0813124e-05,0.00020807736,7.1071845e-05,0.00015253028,0.01705434,0.981556,0.0009171843
ISIC_0033621,HAM_0001889,nv,3,0.0005712838,0.003421811,0.0064555197,0.00048960024,0.60131276,0.3874792,0.00026985537
ISIC_0034116,HAM_0001889,nv,3,1.2868286e-05,3.2924567e-05,0.0056794495,7.806176e-05,0.004853149,0.9893128,3.0689065e-05
ISIC_0034073,HAM_0001889,nv,3,3.3926735e-05,6.155349e-05,0.0009847298,3.399306e-05,0.04118238,0.95766205,4.1325056e-05
ISIC_0034088,HAM_0006666,nv,3,0.00049853016,0.014131287,0.0059733465,0.00040768398,0.44795382,0.5309204,0.00011499254
ISIC_0034268,HAM_0006666,nv,3,7.61464e-05,0.00028402553,0.0012181868,0.00011453276,0.6737056,0.32451263,8.8850466e-05
ISIC_0032908,HAM_0006666,nv,3,0.00045055864,0.002747904,0.0057145534,0.00015091823,0.060529064,0.9303357,7.1288734e-05
ISIC_0034282,HAM_0004882,nv,3,6.1107836e-05,0.00051869283,0.009180594,0.00025777658,0.042429913,0.94702196,0.00052995724
ISIC_0033357,HAM_0004882,nv,3,0.00047230106,0.0017981805,0.018865999,0.0021187745,0.13484934,0.84070116,0.0011943424
ISIC_0034178,HAM_0004882,nv,3,5.5305986e-06,0.00023933736,0.0009246698,4.939006e-05,0.010019105,0.9886009,0.00016099765
ISIC_0032707,HAM_0007124,nv,3,0.0023684583,0.000856125,0.57728326,0.0044639246,0.027278176,0.3868134,0.0009366037
ISIC_0034311,HAM_0007124,nv,3,0.0010513625,0.0007225902,0.2787081,0.012085198,0.09083741,0.61472845,0.0018669493
ISIC_0033637,HAM_0006873,nv,3,1.7132736e-05,0.00065943383,0.07592303,7.9842306e-05,0.0037213818,0.9195281,7.101321e-05
ISIC_0033566,HAM_0006873,nv,3,0.00015758509,0.002684943,0.6547422,4.585988e-05,0.005284207,0.3370324,5.2784395e-05
ISIC_0032974,HAM_0002135,nv,3,1.4789544e-05,0.002622541,0.0044469563,0.0006095192,0.00044724217,0.99172556,0.00013337159
ISIC_0033746,HAM_0002135,nv,3,0.00010109081,0.00093690475,0.0015813262,0.73427886,0.044269465,0.21832794,0.0005044361
ISIC_0028863,HAM_0005651,nv,3,0.000292666,0.000109147906,0.008277673,0.00047736903,0.007749621,0.9828115,0.0002820044
ISIC_0030126,HAM_0005651,nv,3,0.00018825497,4.143498e-05,0.0005254025,0.0010541115,0.87087214,0.12718809,0.00013065535
ISIC_0033940,HAM_0002208,nv,3,0.0010308583,0.0015490134,0.006779725,0.00014807475,0.17050935,0.8198346,0.00014836426
ISIC_0033818,HAM_0002208,nv,3,0.00012342804,0.00025774902,0.0015176762,7.75416e-05,0.3559178,0.6419713,0.00013450424
ISIC_0034029,HAM_0002208,nv,3,0.0016895172,0.020152425,0.010379912,0.00071959064,0.11660799,0.84992313,0.00052749296
ISIC_0032649,HAM_0006567,nv,3,2.2531396e-05,4.8355578e-05,0.00022077326,8.273898e-05,0.0028770452,0.9966703,7.83357e-05
ISIC_0034109,HAM_0006567,nv,3,2.3648587e-05,3.4341352e-05,0.00014095767,5.8075326e-05,0.007286453,0.9923535,0.00010302618
ISIC_0033439,HAM_0006567,nv,3,0.00106392,0.002554705,0.024680248,0.0014570492,0.110663205,0.8586141,0.00096682
ISIC_0033214,HAM_0005513,nv,3,3.2145057e-05,0.0007922274,0.0010966812,9.157274e-05,0.0011974319,0.9965509,0.00023891742
ISIC_0033255,HAM_0005513,nv,3,2.9322246e-05,0.0008093387,0.0055660456,8.822664e-05,0.0007734085,0.9925512,0.00018244912
ISIC_0033229,HAM_0005513,nv,3,1.1959343e-05,0.00027567102,0.00024831944,3.206743e-05,0.0013068311,0.9980355,8.958471e-05
ISIC_0033406,HAM_0006550,nv,3,0.0022417032,0.005398614,0.34325922,0.0008951779,0.6036165,0.04437106,0.0002176656
ISIC_0033493,HAM_0006550,nv,3,0.0035737169,0.008464753,0.15971817,0.00676849,0.45366368,0.36667117,0.0011399997
ISIC_0033007,HAM_0006550,nv,3,2.7720045e-05,3.3567627e-05,0.97951424,5.4167314e-05,0.005020951,0.015345262,4.072215e-06
ISIC_0033181,HAM_0003097,nv,3,4.42465e-06,0.003349565,2.3093125e-05,0.0022449517,0.0020420565,0.99202514,0.00031079835
ISIC_0033661,HAM_0003097,nv,3,9.5278324e-07,0.0010374822,2.8504719e-05,0.00069263234,0.0010864759,0.9916256,0.0055283676
ISIC_0034004,HAM_0003097,nv,3,1.9694273e-05,0.006451551,0.0001748488,0.013286291,0.01738792,0.9624167,0.00026299228
ISIC_0033634,HAM_0001905,nv,3,0.011367382,0.00062036014,0.008749786,0.5006485,0.17903547,0.29895085,0.00062767265
ISIC_0034226,HAM_0001905,nv,3,0.00049637357,0.0003918976,0.0005780571,0.005820379,0.69080305,0.30178952,0.00012069496
ISIC_0033116,HAM_0001905,nv,3,0.002955985,0.00023266391,0.005549538,0.25564578,0.5359427,0.19948639,0.00018695073
ISIC_0033136,HAM_0007494,nv,3,0.0015880442,0.021746365,0.0058887876,0.0035578052,0.072444126,0.83232415,0.062450744
ISIC_0033215,HAM_0007494,nv,3,0.001004611,0.006563694,0.020818679,0.0026159615,0.14707293,0.8028711,0.019053055
ISIC_0033080,HAM_0001667,nv,3,0.0058979457,0.000104662744,0.007599969,0.00028284072,0.17986502,0.80609906,0.00015050924
ISIC_0034129,HAM_0001667,nv,3,0.0006227019,7.451653e-05,0.003614815,0.00015052753,0.48898327,0.5064798,7.4371135e-05
ISIC_0033077,HAM_0007433,nv,3,9.464228e-06,1.2636402e-05,7.422415e-05,2.5476429e-05,0.011026603,0.9887135,0.00013812835
ISIC_0033951,HAM_0007433,nv,3,4.4994754e-06,1.4667018e-05,8.4485335e-05,1.1670751e-05,0.006665779,0.9931612,5.7613994e-05
ISIC_0033149,HAM_0007433,nv,3,8.016965e-06,1.8137218e-05,0.0002426733,2.3747978e-05,0.0069547826,0.99263906,0.00011362768
ISIC_0034278,HAM_0004375,nv,3,0.00013774482,0.00011667441,0.00011046512,0.00093216734,0.20526223,0.79302186,0.0004189316
ISIC_0033102,HAM_0004375,nv,3,5.0420284e-05,3.6458507e-05,8.576779e-05,0.00023110089,0.1644295,0.835042,0.0001247914
ISIC_0033541,HAM_0005601,nv,3,1.8226196e-05,0.00023728602,0.0001751347,5.4519754e-05,0.0037555313,0.99556243,0.00019690923
ISIC_0032670,HAM_0005601,nv,3,6.739808e-05,0.00035660627,0.0006143578,0.0001429607,0.09453358,0.90394413,0.0003409413
ISIC_0033441,HAM_0005601,nv,3,2.7623244e-05,0.00022993535,0.0002909495,9.344822e-05,0.026785357,0.9722882,0.00028448735
ISIC_0032519,HAM_0005715,nv,3,0.0018145242,0.26512417,0.0037014105,0.002138032,0.036109142,0.6890242,0.0020885046
ISIC_0034090,HAM_0005715,nv,3,0.00081788574,0.95850384,0.0016281492,0.0005188654,0.0128502315,0.024975931,0.00070506154
ISIC_0032946,HAM_0003649,nv,3,0.0003922222,0.000124873,0.21712635,0.0026233809,0.012279373,0.7667787,0.0006750571
ISIC_0033153,HAM_0003649,nv,3,0.0006940055,0.00024266908,0.12018371,0.0075750607,0.051589515,0.8181047,0.0016104628
ISIC_0034063,HAM_0002596,nv,3,9.607089e-06,9.402889e-06,0.00023219093,5.6046025e-05,0.003823148,0.9958276,4.20586e-05
ISIC_0033045,HAM_0002597,nv,3,3.9557076e-06,4.894196e-06,2.0365278e-05,1.0442276e-05,0.00083196664,0.9991025,2.5895411e-05
ISIC_0033143,HAM_0002599,nv,3,3.5680755e-06,6.588381e-06,6.3991174e-05,0.00017187753,0.00024358561,0.99948466,2.565357e-05
ISIC_0032848,HAM_0002596,nv,3,1.0176975e-06,2.1716876e-05,4.3358206e-05,3.3570126e-05,0.00067394477,0.9989078,0.0003186309
ISIC_0033228,HAM_0002606,nv,3,2.0867747e-05,1.7744851e-05,0.009823195,6.696837e-05,0.0016408192,0.98838717,4.323803e-05
ISIC_0024854,HAM_0000226,nv,3,0.0041714567,0.0007377453,0.011677381,0.00088469184,0.0929239,0.8885522,0.0010526514
ISIC_0026348,HAM_0001002,nv,3,0.00027607346,0.00015853564,0.0060545034,0.00010235831,0.45984086,0.53342474,0.00014294556
ISIC_0028280,HAM_0001002,nv,3,1.4784847e-05,2.1178317e-05,9.917869e-05,1.8185672e-05,0.01611883,0.9836954,3.2419466e-05
ISIC_0029531,HAM_0004412,nv,3,5.899312e-06,8.51665e-06,0.0004892535,2.4837029e-05,0.004912042,0.9944965,6.2807216e-05
ISIC_0030961,HAM_0004412,nv,3,6.539133e-05,9.816401e-05,0.0005098419,8.595529e-05,0.06003334,0.93907946,0.0001277802
ISIC_0025210,HAM_0006478,nv,3,1.7458719e-05,1.5896343e-05,0.00013154781,4.8299305e-05,0.14653145,0.85317,8.5432766e-05
ISIC_0026372,HAM_0006478,nv,3,4.391261e-05,4.6380963e-05,9.89586e-05,8.061006e-05,0.21330594,0.78636026,6.389247e-05
ISIC_0032496,HAM_0005578,nv,3,0.00033082522,0.0029457351,0.0033039027,0.00029946,0.014351501,0.97659236,0.0021762953
ISIC_0027246,HAM_0002740,nv,3,3.7573693e-06,5.8651704e-06,1.1065113e-05,1.15058965e-05,0.015072001,0.98488635,9.482996e-06
ISIC_0025795,HAM_0000054,nv,3,0.000112124995,0.0006781842,0.017541919,0.00015567013,0.008599488,0.9728388,7.382117e-05
ISIC_0026498,HAM_0000054,nv,3,0.00047321653,0.00015696729,0.0014647442,0.000566366,0.004707519,0.99250823,0.00012296463
ISIC_0030362,HAM_0000135,nv,3,0.00065655226,0.0004619422,0.0015355004,0.00027422677,0.10392818,0.8925573,0.0005862352
ISIC_0031460,HAM_0000135,nv,3,0.0010397903,0.00014790632,0.00147784,0.000101060534,0.64402014,0.35289395,0.00031929335
ISIC_0028734,HAM_0000861,nv,3,0.00033649665,0.00069247204,0.002733436,0.00025055194,0.017806845,0.97793406,0.0002461862
ISIC_0026125,HAM_0000861,nv,3,0.00016332704,0.0019088392,0.0023802333,0.00015584775,0.062262453,0.9329857,0.00014357366
ISIC_0029904,HAM_0007079,nv,3,0.0005515546,0.0002515356,0.00060222513,0.00018152849,0.40846547,0.5896888,0.00025901385
ISIC_0024682,HAM_0004864,nv,3,0.00027390843,0.013429228,0.0018572577,0.0005565618,0.21976054,0.76255846,0.0015639678
ISIC_0026913,HAM_0001134,nv,3,0.00020898896,0.0002747108,0.010273273,0.0011588369,0.29774722,0.68823856,0.0020983825
ISIC_0024674,HAM_0007096,nv,3,0.00036126125,8.0137346e-05,0.00024206607,0.0021454305,0.035507243,0.9615676,9.628724e-05
ISIC_0028868,HAM_0004450,nv,3,6.400841e-05,0.000258656,0.00029081473,0.0001848531,0.47225034,0.52683336,0.000117959644
ISIC_0032021,HAM_0000335,nv,3,4.1223553e-05,3.724238e-05,0.0011173247,5.9050013e-05,0.026369078,0.9722509,0.00012525328
ISIC_0029276,HAM_0004719,nv,3,0.0011024869,0.00044284255,0.053380802,0.0032978524,0.018656258,0.9179819,0.0051378305
ISIC_0028544,HAM_0003044,nv,3,0.0009076991,0.00503562,0.008968201,0.002171087,0.079893686,0.9028004,0.00022331184
ISIC_0024975,HAM_0003276,nv,3,7.623026e-05,2.3986917e-05,0.0012314962,0.004709296,0.37612048,0.6177002,0.00013830503
ISIC_0025782,HAM_0003276,nv,3,6.577019e-05,3.058598e-05,0.00058107375,0.0015116124,0.5541713,0.4435532,8.6453285e-05
ISIC_0027519,HAM_0004895,nv,3,0.0007228684,0.0002544952,0.0039528883,0.00014164789,0.0050030225,0.98945236,0.0004726819
ISIC_0024753,HAM_0004895,nv,3,0.00029620578,0.00011111722,0.00478519,7.7875935e-05,0.0034949416,0.9908206,0.00041406183
ISIC_0027902,HAM_0000342,nv,3,0.0053050397,0.008148683,0.003300414,0.00074510253,0.015123723,0.9665522,0.00082475337
ISIC_0027226,HAM_0000342,nv,3,0.004140447,0.016309949,0.0056814696,0.0008395415,0.016272167,0.9554763,0.0012801478
ISIC_0028360,HAM_0002300,nv,3,0.00010942736,0.00018006319,7.759562e-05,0.00015281765,0.01592634,0.98340523,0.00014840551
ISIC_0029861,HAM_0002300,nv,3,0.00016535558,0.0003751906,0.00015203547,0.000250175,0.012819006,0.9860453,0.00019294304
ISIC_0024366,HAM_0002300,nv,3,0.00016535558,0.0003751906,0.00015203547,0.000250175,0.012819006,0.9860453,0.00019294304
ISIC_0027208,HAM_0001715,nv,3,0.0002675278,0.000118714735,0.0005500046,0.00029324848,0.019616872,0.97901434,0.0001393348
ISIC_0032368,HAM_0001715,nv,3,0.00023753034,7.329661e-05,0.000387437,0.00022445041,0.017865166,0.9811369,7.518147e-05
ISIC_0029504,HAM_0001715,nv,3,0.00017514995,8.945784e-05,0.00033075723,0.00023753854,0.04252426,0.9565718,7.104395e-05
ISIC_0031447,HAM_0000509,nv,3,0.0010670928,0.7083829,0.01670437,0.0002877656,0.039057527,0.2335999,0.0009003389
ISIC_0024837,HAM_0000509,nv,3,0.0016118402,0.61325616,0.017379759,0.00040278907,0.04159021,0.3244281,0.0013310529
ISIC_0031667,HAM_0000509,nv,3,0.00035032947,0.9906729,0.003654084,3.9076247e-05,0.00074819464,0.0043958453,0.00013962388
ISIC_0026027,HAM_0000509,nv,3,0.00068790064,0.7967784,0.021078475,0.00018015194,0.030713959,0.15000291,0.000558168
ISIC_0025020,HAM_0001669,nv,3,0.0013690173,0.0003634626,0.0010213491,0.0002841729,0.08436789,0.91237056,0.00022348593
ISIC_0026106,HAM_0001669,nv,3,0.00024259355,0.0001480051,0.00076272315,0.00014974974,0.027337011,0.9712209,0.00013903792
ISIC_0031905,HAM_0003320,nv,3,5.7843525e-05,3.5915862e-05,0.00095056626,0.00096931454,0.013128572,0.9845392,0.00031855534
ISIC_0030367,HAM_0003320,nv,3,3.5054814e-05,2.5347857e-05,0.00046265937,0.0005276001,0.00727974,0.9914392,0.00023037892
ISIC_0025545,HAM_0000751,nv,3,6.839201e-05,0.00022293866,0.00024822075,0.0004605782,0.0055293976,0.98987514,0.003595413
ISIC_0032003,HAM_0000751,nv,3,3.8926137e-05,0.00017008108,0.00011712345,0.00026627176,0.0039300676,0.9926668,0.0028107509
ISIC_0028944,HAM_0007340,nv,3,0.009183298,0.0020854082,0.022764979,0.0023769636,0.41811052,0.5431929,0.0022859038
ISIC_0030588,HAM_0002979,nv,3,0.00086094637,0.0009363755,0.003692603,0.0003888176,0.097396724,0.8956436,0.0010809238
ISIC_0025511,HAM_0002979,nv,3,0.0012658051,0.0015328283,0.0067598545,0.0007072841,0.2598039,0.7272163,0.002713946
ISIC_0025412,HAM_0005110,nv,3,4.942599e-05,7.492533e-05,0.00024186194,2.5343132e-05,0.012165214,0.9873898,5.344224e-05
ISIC_0025785,HAM_0005110,nv,3,8.6661814e-05,0.00019491433,0.00039143747,4.298458e-05,0.014659922,0.9845145,0.0001095508
ISIC_0028494,HAM_0005110,nv,3,0.00083934533,0.0017890827,0.0014846507,0.00017102367,0.077725805,0.91776127,0.00022879301
ISIC_0030852,HAM_0002628,nv,3,0.00020416977,0.00035902968,0.0042145397,0.002460721,0.03542602,0.9463409,0.010994582
ISIC_0030652,HAM_0002628,nv,3,9.980562e-05,0.00032853085,0.0025021462,0.0010080012,0.028219141,0.9566504,0.011191962
ISIC_0031204,HAM_0002628,nv,3,0.0001029725,0.0001711045,0.0027266503,0.0008886784,0.021031948,0.9660263,0.009052357
ISIC_0031857,HAM_0000391,nv,3,0.0010842741,0.73112375,0.0027499285,0.0005012885,0.12955609,0.13445415,0.0005305013
ISIC_0028621,HAM_0000391,nv,3,0.00030012275,0.17582391,0.006323594,0.0002007073,0.17445567,0.63937986,0.003516175
ISIC_0025683,HAM_0000391,nv,3,0.0010436258,0.17380524,0.01249243,0.0003656323,0.13749126,0.6728019,0.0019998888
ISIC_0025386,HAM_0003686,nv,3,0.0002175718,6.0772552e-05,0.00036579027,7.202838e-05,0.08811827,0.91106784,9.768497e-05
ISIC_0024870,HAM_0003686,nv,3,8.645476e-05,3.8139937e-05,0.00047751985,8.867801e-05,0.06554424,0.9335322,0.0002327246
ISIC_0030127,HAM_0004698,nv,3,1.6043463e-06,2.5691337e-05,0.0001909503,4.9909748e-05,0.0064986967,0.99316674,6.637846e-05
ISIC_0027390,HAM_0005261,nv,3,0.00014476429,0.00020335446,0.0007294526,0.0025975239,0.08284414,0.91177976,0.0017010041
ISIC_0031510,HAM_0000525,nv,3,0.03274463,0.0013896765,0.13698772,0.00025857496,0.45490408,0.37346378,0.00025160034
ISIC_0025181,HAM_0001347,nv,3,0.005027812,0.00022361978,0.011209288,0.00037012965,0.0528277,0.9291063,0.0012351301
ISIC_0029589,HAM_0004069,nv,3,0.13537493,0.009481636,0.1255687,0.00077906053,0.2416857,0.48584047,0.0012694893
ISIC_0025340,HAM_0006968,nv,3,9.2777755e-06,1.1278908e-05,0.00093350845,4.1256528e-05,0.0008398616,0.9980507,0.000114135626
ISIC_0025657,HAM_0006730,nv,3,0.0007162046,0.00048271896,0.047444943,0.002609554,0.051150143,0.89697057,0.00062590605
ISIC_0029994,HAM_0007080,nv,3,0.0029667893,0.0004316008,0.008244736,0.0014220915,0.7217082,0.26498356,0.00024305371
ISIC_0025245,HAM_0004020,nv,3,7.460055e-05,0.00013041761,0.0038057822,0.013968635,0.19895218,0.78227407,0.00079423736
ISIC_0030296,HAM_0005795,nv,3,0.0019153941,0.001904204,0.01162912,0.004241196,0.09420104,0.88593376,0.0001753973
ISIC_0028679,HAM_0005239,nv,3,0.00011856841,1.4610495e-05,0.00073667755,8.985043e-05,0.8851026,0.11385462,8.3098064e-05
ISIC_0028998,HAM_0003253,nv,3,0.00016100859,8.4928455e-05,0.00023865342,9.2369206e-05,0.0039430107,0.9954497,3.034138e-05
ISIC_0032300,HAM_0007278,nv,3,2.5094067e-05,2.660835e-05,1.9928735e-05,6.754984e-05,0.008659232,0.9911446,5.699388e-05
ISIC_0032126,HAM_0000045,nv,3,0.013490884,0.00051085604,0.55153626,0.0007549963,0.26984936,0.1636719,0.00018574395
ISIC_0032067,HAM_0007442,nv,3,0.00091677735,0.00039584428,0.0018429204,0.0005977247,0.038679004,0.9574574,0.00011035221
ISIC_0029978,HAM_0006040,nv,3,0.017071262,0.00036465813,0.15875734,0.0009607462,0.76781493,0.054811515,0.00021945512
ISIC_0024425,HAM_0006342,nv,3,0.092542075,0.0021934507,0.08091394,0.030485488,0.007080545,0.783979,0.002805466
ISIC_0028557,HAM_0005395,nv,3,0.0043102447,0.0002166475,0.00065313716,0.00023242882,0.6728564,0.3215814,0.00014977451
ISIC_0027471,HAM_0005395,nv,3,0.00084685173,0.0013141939,0.47898102,0.0004524026,0.3490638,0.16715583,0.002185867
ISIC_0026226,HAM_0005755,nv,3,0.1116667,0.22491305,0.185914,0.0076064393,0.024505975,0.44165036,0.0037434616
ISIC_0028174,HAM_0005755,nv,3,0.51815504,0.20792732,0.22112143,0.0052002775,0.023034506,0.021137647,0.0034237735
ISIC_0024566,HAM_0005755,nv,3,0.379316,0.22694273,0.30868304,0.004936086,0.0052750017,0.07012787,0.004719254
ISIC_0025112,HAM_0005755,nv,3,0.022791347,0.5067123,0.22551194,0.008126505,0.012295009,0.22201572,0.002547149
ISIC_0028507,HAM_0003340,nv,3,0.00247937,0.0020000269,0.047751587,0.006899452,0.014963013,0.9250793,0.00082724716
ISIC_0029773,HAM_0003340,nv,3,0.0016518808,0.0007460166,0.014117601,0.049589045,0.046335056,0.8863135,0.0012469051
ISIC_0029203,HAM_0005510,nv,3,0.005083295,0.0156271,0.7573806,0.13887537,0.016979631,0.063457705,0.0025962929
ISIC_0032444,HAM_0000949,nv,3,0.010213778,0.0013581989,0.08041608,0.014766926,0.14561471,0.7460206,0.001609754
ISIC_0030180,HAM_0000362,nv,3,0.0006802082,0.0027988104,0.0007184431,0.00021237136,0.7817372,0.21371506,0.00013792304
ISIC_0026043,HAM_0000362,nv,3,0.00018755892,0.00020519008,0.0003098369,0.00037519744,0.24761736,0.7508903,0.00041449536
ISIC_0029898,HAM_0004324,nv,3,0.011550261,0.0006754316,0.03958291,0.0064271186,0.02258121,0.9182231,0.0009599819
ISIC_0026885,HAM_0000482,nv,3,0.0014746704,0.00029726597,0.0638789,0.00085347367,0.7774448,0.15549873,0.0005521214
ISIC_0028589,HAM_0002480,nv,3,0.0047788494,0.0356365,0.03760233,0.0010294694,0.03681488,0.87068295,0.013455071
ISIC_0029432,HAM_0002480,nv,3,0.0012054841,0.0017133387,0.0048286966,0.00096485746,0.5457253,0.43679306,0.008769294
ISIC_0025846,HAM_0001077,nv,3,0.0036823868,0.002365947,0.535421,0.0007007399,0.04029145,0.41698632,0.00055216975
ISIC_0027928,HAM_0001077,nv,3,0.0049290806,0.0008416209,0.19882365,0.0017609539,0.049976792,0.7430605,0.0006073819
ISIC_0031596,HAM_0002794,nv,3,0.010538573,0.00013193433,0.002143918,0.0009033701,0.8164925,0.1694829,0.0003067565
ISIC_0028808,HAM_0005910,nv,3,0.00015586342,4.2279087e-05,0.0003794142,0.00016852852,0.108858936,0.89035064,4.4308104e-05
ISIC_0026513,HAM_0005910,nv,3,0.0006170992,4.487747e-05,0.0018351354,0.0037106972,0.65591055,0.33763382,0.00024787395
ISIC_0027540,HAM_0005910,nv,3,0.0002565971,3.9736606e-05,0.0013171812,0.0004984831,0.7428209,0.25471425,0.0003527877
ISIC_0031700,HAM_0004127,nv,3,0.00025540916,2.2361035e-05,0.9059097,3.7228907e-05,0.0044115786,0.08934752,1.6169088e-05
ISIC_0027073,HAM_0004127,nv,3,0.003559062,0.0001272556,0.7226851,0.000616663,0.0028528133,0.27004772,0.00011142872
ISIC_0024959,HAM_0000485,nv,3,8.101094e-05,5.812251e-05,0.00022831289,0.00046664124,0.01163044,0.9873574,0.00017798398
ISIC_0028689,HAM_0002537,nv,3,0.00058885315,7.0880065e-05,0.012688981,0.0013192483,0.0042017847,0.98082125,0.00030909403
ISIC_0028151,HAM_0000764,nv,3,0.013853195,0.0010437525,0.1340605,0.0014604725,0.05563968,0.79285073,0.001091709
ISIC_0027466,HAM_0001454,nv,3,5.9723723e-05,6.887597e-05,0.001872294,5.7211815e-05,0.847695,0.15021266,3.4296445e-05
ISIC_0029127,HAM_0003918,nv,3,0.00081464753,0.00036149766,0.00056318886,0.00058163406,0.057446815,0.93990755,0.0003246779
ISIC_0025476,HAM_0006052,nv,3,0.00038211123,0.0040920665,0.015933521,0.0005202479,0.21402256,0.764727,0.000322399
ISIC_0031708,HAM_0002865,nv,3,0.000544331,5.930898e-05,0.0062113144,0.0081466995,0.18312366,0.8016917,0.00022295711
ISIC_0026560,HAM_0000896,nv,3,0.0006225697,0.000107764616,0.0010284506,0.00019937426,0.18995808,0.80760175,0.00048202512
ISIC_0025051,HAM_0000896,nv,3,0.021075802,0.00046558247,0.028608333,0.0011478352,0.38540086,0.56075495,0.0025465835
ISIC_0029614,HAM_0006684,nv,3,0.014980731,0.0002573804,0.0011356156,0.00049514574,0.51812774,0.4644467,0.00055670727
ISIC_0032189,HAM_0006028,nv,3,0.022717098,0.009943768,0.028885862,0.85078955,0.023381066,0.06346329,0.0008194288
ISIC_0026610,HAM_0004279,nv,3,0.0027555674,0.001039785,0.67558324,0.0011264735,0.11202268,0.20684768,0.00062453264
ISIC_0028559,HAM_0000913,nv,3,0.0012042889,0.00036657072,0.0016110803,0.00045442604,0.16305579,0.8329318,0.00037599736
ISIC_0028032,HAM_0003058,nv,3,0.00044377462,0.00022358015,0.014063971,0.00027180434,0.42447063,0.5601399,0.00038631188
ISIC_0027469,HAM_0005884,nv,3,0.00011171886,3.3873268e-05,0.0010630689,0.0023700658,0.08209193,0.91415113,0.00017817788
ISIC_0031076,HAM_0001961,nv,3,0.21348801,0.00023528303,0.01283348,0.010221755,0.0382296,0.72363263,0.0013592596
ISIC_0031278,HAM_0001014,nv,3,0.0001306492,6.595167e-05,0.0040723234,5.9466114e-05,0.9752847,0.02036034,2.6542999e-05
ISIC_0026964,HAM_0004372,nv,3,4.9352075e-05,1.8441524e-05,0.093148336,0.001212743,0.0007309115,0.9047248,0.00011542134
ISIC_0028905,HAM_0004399,nv,3,0.0008925241,0.0021896882,0.0022154995,0.00048620565,0.119436234,0.8739446,0.00083518005
ISIC_0030167,HAM_0004372,nv,3,0.00013422417,7.114682e-05,0.41850042,0.0012623398,0.0034205217,0.57650864,0.00010271242
ISIC_0032423,HAM_0001014,nv,3,0.00042114058,0.0012934094,0.03248942,0.00025794137,0.6564023,0.30885366,0.0002821887
ISIC_0032405,HAM_0001455,nv,3,0.00010173096,7.3131094e-05,0.0017926896,0.00012319125,0.5512744,0.44643563,0.00019917956
ISIC_0031933,HAM_0001455,nv,3,0.00047512839,0.00049502123,0.0022578738,0.00074166496,0.37971595,0.6151372,0.001177103
ISIC_0031081,HAM_0006596,nv,3,0.0010544476,3.63642e-05,0.03724323,0.00017382306,0.8296349,0.13178109,7.608614e-05
ISIC_0031113,HAM_0000707,nv,3,0.00011089361,0.00021333597,0.0012039185,0.00029851068,0.08228518,0.9127309,0.0031572236
ISIC_0028166,HAM_0005510,nv,3,0.00044049372,0.014816863,0.3230468,0.14646429,0.25856343,0.25356233,0.0031057834
ISIC_0026406,HAM_0005510,nv,3,0.0023753783,0.0009921408,0.72335976,0.018484166,0.011561451,0.24182242,0.001404619
ISIC_0031894,HAM_0006613,nv,3,0.00097569777,7.026639e-05,0.0014370678,0.0029956547,0.0066352068,0.9876413,0.00024477523
ISIC_0026096,HAM_0006543,nv,3,0.00021633468,3.64367e-05,0.00050941954,0.00035320935,0.5061757,0.49252245,0.00018649214
ISIC_0026445,HAM_0004288,nv,3,0.0050985543,0.00015669332,0.0014808688,0.00032721538,0.50112104,0.49142852,0.00038706296
ISIC_0029026,HAM_0002905,nv,3,0.00292029,0.00751571,0.06985961,0.0018598783,0.17358091,0.7430367,0.001226906
ISIC_0028281,HAM_0006300,nv,3,0.0005718723,0.028194014,0.8406112,0.0005403814,0.0010314898,0.12866037,0.0003907455
ISIC_0026111,HAM_0000374,nv,3,0.0005505864,0.041694824,0.008480389,7.350195e-05,0.026580602,0.9224717,0.00014847802
ISIC_0026581,HAM_0000889,nv,3,0.00018510994,0.00019210829,0.0031354867,0.0005797236,0.051025994,0.9441678,0.0007137689
ISIC_0025936,HAM_0000889,nv,3,0.00014473271,0.00015497256,0.013828114,0.0046613324,0.09721246,0.8818104,0.0021879252
ISIC_0026231,HAM_0006581,nv,3,0.00015632373,0.0003495395,0.073443584,0.000693786,0.008262302,0.91594386,0.0011505818
ISIC_0027005,HAM_0006596,nv,3,0.03403795,0.00041468386,0.71683043,0.0010946825,0.17773756,0.06960303,0.00028168736
ISIC_0027766,HAM_0001609,nv,3,0.00090019737,0.0002810553,0.011453734,0.0005567661,0.12046305,0.8660991,0.00024610024
ISIC_0030809,HAM_0001609,nv,3,0.0008088021,0.00020015055,0.025582293,0.000929109,0.20903179,0.76311463,0.00033323083
ISIC_0026401,HAM_0000889,nv,3,0.00024090399,0.0002485511,0.016305247,0.0011776927,0.09328203,0.88676554,0.0019799834
ISIC_0030370,HAM_0000889,nv,3,9.525489e-05,0.00016014627,0.021409616,0.00044390868,0.042536546,0.9346829,0.00067161245
ISIC_0028472,HAM_0005769,nv,3,0.038430464,0.0008241237,0.026902577,0.009807308,0.17248587,0.7507093,0.00084037805
ISIC_0026671,HAM_0006526,nv,3,8.164285e-05,2.5242425e-05,0.15500031,8.6738786e-05,0.0067969495,0.83792377,8.539402e-05
ISIC_0030603,HAM_0006921,nv,3,0.24660388,0.006332366,0.5020606,0.004614796,0.21741474,0.021328185,0.0016454562
ISIC_0027298,HAM_0003451,nv,3,3.631452e-05,3.3454504e-05,0.00010820358,8.917985e-05,0.885387,0.11433695,9.004158e-06
ISIC_0024561,HAM_0000707,nv,3,0.0004846025,0.00014157934,0.0005260311,8.671491e-05,0.7165169,0.28169027,0.00055397424
ISIC_0027098,HAM_0003451,nv,3,0.00020627999,6.4908876e-05,0.002856311,0.00026538657,0.79731095,0.19924316,5.3080654e-05
ISIC_0032340,HAM_0001881,nv,3,0.00011448276,0.00010383135,7.2062496e-05,6.212175e-05,0.036750555,0.9627352,0.0001617622
ISIC_0024620,HAM_0001881,nv,3,0.0006964216,0.00032386612,0.009191491,0.00013902129,0.138271,0.85032773,0.0010505699
ISIC_0029079,HAM_0002888,nv,3,0.0046237647,0.009101646,0.004403418,0.0058908286,0.05214669,0.92342,0.00041360114
ISIC_0025571,HAM_0002888,nv,3,0.00065418327,0.0006950156,0.01584167,0.0004085786,0.07186942,0.91042674,0.000104318635
ISIC_0025776,HAM_0003785,nv,3,0.0007123586,0.0020552478,0.002310777,0.00051914086,0.05147517,0.94230235,0.00062498153
ISIC_0025908,HAM_0003785,nv,3,0.0017345551,0.0020578245,0.0023731722,0.0012251885,0.29057008,0.70113754,0.00090163463
ISIC_0029671,HAM_0003754,nv,3,0.0625582,0.00036621757,0.0004264825,0.00016898164,0.024212731,0.9121321,0.00013525122
ISIC_0029119,HAM_0003932,nv,3,0.046433315,0.03769476,0.3165404,0.012812478,0.10433298,0.48078468,0.00140148
ISIC_0026151,HAM_0003932,nv,3,0.08138228,0.021930497,0.6690421,0.008878046,0.053515326,0.16133514,0.0039165923
ISIC_0032471,HAM_0003932,nv,3,0.23006268,0.012884533,0.13818401,0.038017966,0.32810453,0.24718305,0.0055632577
ISIC_0024827,HAM_0001125,nv,3,0.02515047,0.027287249,0.54142934,0.0029601152,0.25425893,0.14701016,0.0019037429
ISIC_0031304,HAM_0001125,nv,3,0.0061440514,0.0009335199,0.038548227,0.00041668135,0.1658186,0.7879923,0.00014655486
ISIC_0029476,HAM_0004069,nv,3,0.76074976,0.026312567,0.026480123,0.00419181,0.104986906,0.07503077,0.0022481007
ISIC_0028673,HAM_0004553,nv,3,0.0028732736,0.00084313995,0.0011832264,0.00044604254,0.37724447,0.61713076,0.00027912628
ISIC_0028649,HAM_0003754,nv,3,0.0032479644,0.000121290206,0.00016068343,0.00010745717,0.019124644,0.97708285,0.00015513254
ISIC_0027959,HAM_0007083,nv,3,7.528245e-05,5.772105e-05,0.0009453171,0.00018343714,0.033161256,0.96533585,0.00024112356
ISIC_0031045,HAM_0001454,nv,3,0.00020526141,0.000192449,0.0017085922,0.0003154411,0.48120567,0.5162583,0.00011424519
ISIC_0025763,HAM_0007508,nv,3,0.00031271693,0.00063417805,0.0035649033,0.0006267896,0.026834585,0.9674392,0.0005876654
ISIC_0024716,HAM_0001058,nv,3,0.00019729645,0.00031160575,0.0034140677,0.00072663074,0.036583908,0.95836955,0.00039699604
ISIC_0028686,HAM_0005329,nv,3,1.7739876e-05,0.00012829478,0.0043492904,7.556806e-05,0.0014511503,0.9939167,6.119688e-05
ISIC_0029560,HAM_0006129,nv,3,0.00022027049,4.21627e-05,0.000441065,0.00010496694,0.004746529,0.99440056,4.4445795e-05
ISIC_0027849,HAM_0006129,nv,3,0.0017867654,9.196107e-05,0.021597862,0.0014755055,0.88145924,0.09345108,0.0001375117
ISIC_0030912,HAM_0001020,nv,3,0.0001785617,0.0014819962,0.0024338725,0.0002370183,0.20242757,0.79128903,0.0019518556
ISIC_0029208,HAM_0000604,nv,3,0.0014527546,0.0016623415,0.052119523,0.00036232622,0.66671836,0.2773873,0.00029745986
ISIC_0025540,HAM_0001083,nv,3,1.8206581e-05,6.183314e-05,0.0012316854,0.00014631584,0.043780312,0.9545265,0.00023518606
ISIC_0032333,HAM_0001083,nv,3,6.323919e-05,7.250408e-05,0.0044856686,0.0001669388,0.37198603,0.6229594,0.00026624693
ISIC_0025141,HAM_0006599,nv,3,3.0460851e-05,7.096207e-05,0.00030524962,0.00027523196,0.09516022,0.9028551,0.0013028398
ISIC_0026660,HAM_0006599,nv,3,4.110662e-06,2.0511914e-05,1.687264e-05,6.318115e-05,0.022538023,0.97724265,0.00011474194
ISIC_0026218,HAM_0001541,nv,3,9.4489296e-05,0.00024943287,0.0009807625,0.0009468817,0.20607318,0.7915036,0.00015158445
ISIC_0028766,HAM_0001541,nv,3,4.7608915e-05,0.00010876525,0.00026167976,0.0005009647,0.029115781,0.96984833,0.000116916206
ISIC_0027523,HAM_0001498,nv,3,5.1835264e-06,4.3656182e-05,0.00013792851,3.2001986e-05,0.0016445979,0.99794585,0.0001907482
ISIC_0028531,HAM_0001498,nv,3,0.00011408882,0.00020902336,0.0055051656,0.00060601166,0.11799335,0.87527186,0.000300584
ISIC_0029328,HAM_0001169,nv,3,0.0011976238,0.015576589,0.36828426,0.011451857,0.059733033,0.4738108,0.0699459
ISIC_0030384,HAM_0001169,nv,3,0.00010234571,0.00023109053,0.0062987558,0.00026391365,0.12423359,0.8674197,0.001450587
ISIC_0031829,HAM_0006936,nv,3,0.00027517337,7.686193e-05,0.004277917,0.000122825,0.61556256,0.37923712,0.00044752363
ISIC_0027729,HAM_0006936,nv,3,0.00013840728,7.643576e-05,0.0022305108,0.00016695107,0.47488394,0.521558,0.0009458421
ISIC_0029650,HAM_0001329,nv,3,1.745258e-05,3.5670757e-05,0.00021323975,0.00015815713,0.014002448,0.9854894,8.358747e-05
ISIC_0029879,HAM_0001329,nv,3,3.2928045e-05,0.00018655007,0.0012416637,0.0002822412,0.28962895,0.70848715,0.00014054062
ISIC_0029838,HAM_0002364,nv,3,0.0038775774,0.0010715196,0.8107697,0.000484862,0.012761901,0.16961496,0.0014195327
ISIC_0025446,HAM_0002364,nv,3,0.00028405173,0.0003113611,0.08734945,0.000547524,0.0129295625,0.88911736,0.009460625
ISIC_0024712,HAM_0002364,nv,3,0.0002026126,0.00025413313,0.13371733,0.00065022043,0.028693352,0.83527356,0.0012088547
ISIC_0027133,HAM_0004604,nv,3,3.7283592e-06,2.1329883e-05,0.0005501049,2.5981237e-05,0.0142151285,0.9849472,0.00023659716
ISIC_0028756,HAM_0004604,nv,3,2.8213974e-06,1.0985842e-05,5.9041933e-05,5.5790704e-05,0.0005951389,0.99906594,0.00021034639
ISIC_0027266,HAM_0003430,nv,3,0.0002631023,0.00031244173,0.08748159,0.00078547845,0.009916323,0.90095884,0.00028226757
ISIC_0025271,HAM_0003430,nv,3,0.0031342297,0.00028897775,0.10429946,0.0015470173,0.1925869,0.69760764,0.0005356801
ISIC_0027867,HAM_0003430,nv,3,0.00016961407,0.00022165093,0.0069257263,0.0007260561,0.0037134152,0.9880094,0.00023411003
ISIC_0030348,HAM_0002364,nv,3,0.00026336988,0.00035027397,0.15339121,0.00020915816,0.020698514,0.82277197,0.0023155152
ISIC_0032042,HAM_0002364,nv,3,0.00064196246,0.0025916176,0.3673753,0.0016683792,0.0031753166,0.6176458,0.006901747
ISIC_0029231,HAM_0004996,nv,3,0.0043732626,0.00056420243,0.030312022,0.005942619,0.09544184,0.86237395,0.0009921419
ISIC_0030144,HAM_0004996,nv,3,9.751229e-05,9.6942604e-05,0.00014411383,0.00019317032,0.01708565,0.9814392,0.00094341824
ISIC_0028909,HAM_0004996,nv,3,0.000545222,0.00057925336,0.004835841,0.00086111174,0.20027427,0.7874725,0.0054317745
ISIC_0026889,HAM_0002833,nv,3,0.00012725372,0.0004984072,0.0018142174,0.0016302292,0.01914611,0.9762709,0.0005127239
ISIC_0030963,HAM_0002833,nv,3,5.2597384e-06,2.8433875e-05,0.00055604416,0.000118547716,0.0021406617,0.99691916,0.0002318786
ISIC_0024734,HAM_0007445,nv,3,0.00028878797,0.00035314,0.02735006,0.0004902864,0.0231212,0.94732344,0.0010729774
ISIC_0027012,HAM_0007445,nv,3,0.00013065684,9.824045e-05,0.0057229376,0.00033626077,0.2640523,0.7290718,0.0005878551
ISIC_0026190,HAM_0002571,nv,3,0.00012968798,0.0006483991,0.022612639,0.0014712128,0.013999432,0.9605753,0.00056333886
ISIC_0025881,HAM_0002571,nv,3,8.327778e-05,0.0005752467,0.0024266138,0.0023669319,0.002330805,0.99147344,0.000743698
ISIC_0030300,HAM_0002284,nv,3,1.2450034e-05,1.0121806e-05,5.3346135e-05,5.6234807e-05,0.046368685,0.953426,7.32009e-05
ISIC_0030086,HAM_0000229,nv,3,1.316139e-05,5.5303397e-05,0.001301194,5.0158003e-05,0.002393262,0.9961593,2.759189e-05
ISIC_0032931,HAM_0002553,nv,3,4.6105357e-05,9.893388e-06,0.000116362506,2.5018137e-05,0.8686357,0.13114437,2.25579e-05
ISIC_0032939,HAM_0003358,nv,3,0.00017511967,7.908694e-05,0.0029608402,0.00030257966,0.324766,0.671603,0.000113286806
ISIC_0033474,HAM_0003364,nv,3,0.00051896286,0.00014022362,0.02355897,0.00041699831,0.332609,0.642374,0.00038191254
ISIC_0033484,HAM_0000556,nv,3,0.0031970332,0.00064698455,0.10838186,0.016969418,0.74065566,0.12984285,0.00030621132
ISIC_0033540,HAM_0000556,nv,3,0.005269106,0.00056135765,0.016095826,0.11265846,0.5583281,0.30653667,0.00055050006
ISIC_0034279,HAM_0000556,nv,3,0.0006103085,0.00012399169,0.006577473,0.044273615,0.78553534,0.16273884,0.00014050098
ISIC_0033589,HAM_0006925,nv,3,0.00023554632,0.00020909043,0.0014323666,0.00025369335,0.50180656,0.49596035,0.000102301376
ISIC_0033888,HAM_0006925,nv,3,0.00022255372,9.062508e-05,0.0012425177,0.00025218638,0.54571706,0.45241538,5.9665992e-05
ISIC_0033338,HAM_0006925,nv,3,0.00038061704,9.548615e-05,0.0004480387,0.0003502986,0.81882185,0.17987129,3.2424137e-05
ISIC_0033335,HAM_0005313,nv,3,0.00016875973,0.0002979231,0.0010307544,0.00042842538,0.050594643,0.94722176,0.00025783095
ISIC_0032616,HAM_0007376,nv,3,5.026057e-06,2.9435867e-05,0.00014139393,1.3850309e-05,0.0014547718,0.99834526,1.0353162e-05
ISIC_0033436,HAM_0007184,nv,3,0.00042619125,0.00055585825,0.07659556,0.0025828432,0.03754907,0.8817412,0.0005493823
ISIC_0033572,HAM_0003208,nv,3,0.00030600853,6.89498e-05,0.4604775,0.00012339737,0.01516785,0.5238316,2.4729283e-05
ISIC_0033596,HAM_0003208,nv,3,0.0017061237,0.00096832996,0.6353308,6.5255306e-05,0.008299997,0.35361484,1.4617415e-05
ISIC_0033082,HAM_0002876,nv,3,0.00034156,0.0019050689,0.0025213426,0.0004641297,0.93798774,0.056661572,0.00011850197
ISIC_0034098,HAM_0002876,nv,3,0.0002607755,0.00077398337,0.0019977817,0.00031455528,0.42762575,0.5687293,0.000297815
ISIC_0032868,HAM_0004572,nv,3,7.2713345e-05,5.340643e-05,0.0039777756,0.00049207656,0.0007952169,0.99446726,0.0001415341
ISIC_0033464,HAM_0000650,nv,3,1.2827525e-05,3.5695717e-05,0.0004127263,2.5510579e-05,0.0016220354,0.99780387,8.7403794e-05
ISIC_0032678,HAM_0004344,nv,3,1.2505653e-05,4.416354e-05,5.183449e-05,0.00011399353,0.0019374917,0.99778205,5.8051875e-05
ISIC_0034309,HAM_0003810,nv,3,2.7828828e-05,0.00018649719,6.2713225e-05,0.0009208894,0.0053657484,0.99300826,0.0004281488
ISIC_0029152,HAM_0003816,nv,3,6.995093e-05,7.417209e-05,8.808153e-05,9.730712e-05,0.012547131,0.98705554,6.779877e-05
ISIC_0034072,HAM_0006237,nv,3,0.0039060463,0.012211991,0.9245643,0.05006424,0.0021361604,0.005476227,0.0016410532
ISIC_0032849,HAM_0006231,nv,3,0.0012787584,8.434326e-05,0.0023832098,0.00021791687,0.57889664,0.41696364,0.00017544345
ISIC_0034228,HAM_0004213,nv,3,0.00019320093,0.00036448898,0.006190504,0.00046346494,0.15290298,0.83960253,0.00028275765
ISIC_0034082,HAM_0004211,nv,3,9.421984e-06,2.173629e-05,2.930656e-05,3.7999653e-05,0.001993282,0.99784994,5.8339996e-05
ISIC_0033567,HAM_0004200,nv,3,8.470308e-05,0.0022032678,0.00022056296,0.0012483547,0.010911259,0.9850819,0.00024993057
ISIC_0034312,HAM_0004216,nv,3,3.422778e-05,0.0002546458,0.00019353523,0.00011556516,0.011719099,0.9871417,0.0005411951
ISIC_0033628,HAM_0004508,nv,3,1.5144266e-05,0.0001719682,0.0004415012,0.00011635951,0.0032734463,0.99587005,0.00011146557
ISIC_0033332,HAM_0001118,nv,3,5.0232225e-05,0.0002766385,2.5706271e-05,6.667699e-05,0.003734057,0.9956868,0.00015979366
ISIC_0033809,HAM_0003998,nv,3,0.00013664835,0.00021288884,0.00014833038,0.0044574635,0.11049476,0.88279504,0.0017548614
ISIC_0033535,HAM_0003017,nv,3,2.4048191e-05,4.9247403e-05,0.00037507652,0.000111632915,0.0019225494,0.9973652,0.00015228639
ISIC_0033064,HAM_0001209,nv,3,0.00023540239,0.0068526454,0.054588877,0.002600971,0.1691337,0.7617149,0.00487351
ISIC_0033982,HAM_0006643,nv,3,3.578428e-05,8.159169e-05,0.00018970636,0.00053779077,0.053847697,0.9451976,0.00010979362
ISIC_0033456,HAM_0002615,akiec,3,0.9994523,1.3595453e-06,8.1171704e-05,2.0329621e-06,0.00045916784,3.9339743e-06,3.0036265e-08
ISIC_0030408,HAM_0002061,akiec,3,0.9995604,9.457999e-05,7.503844e-05,3.287805e-05,0.00016049367,7.622012e-05,4.0666202e-07
ISIC_0027700,HAM_0001383,akiec,3,0.087698884,0.3482134,0.38959983,0.0017538262,0.036719345,0.13483948,0.0011751658
ISIC_0026927,HAM_0003501,akiec,3,0.9157821,0.019609781,0.06207679,1.5415078e-05,0.0021734624,0.00032638595,1.6091883e-05
ISIC_0025539,HAM_0000967,akiec,3,0.028342891,0.00036938154,0.06586903,0.029778883,0.79620445,0.078183234,0.0012520446
ISIC_0025696,HAM_0002472,akiec,3,0.9911583,0.00043748552,0.00092842075,8.456233e-05,0.0069920425,0.00034071406,5.846033e-05
ISIC_0029582,HAM_0003501,akiec,3,0.98649675,0.0051464164,0.007208167,9.1003654e-05,0.0007040139,0.00031950057,3.407206e-05
ISIC_0024707,HAM_0005448,akiec,3,0.5007182,0.030776048,0.2193894,0.0010390523,0.23954439,0.006997379,0.0015356196
ISIC_0027650,HAM_0002648,akiec,3,0.9857475,0.0046623447,0.007607559,0.00022550517,0.0011274548,0.0005325719,9.6988566e-05
ISIC_0026645,HAM_0003136,akiec,3,0.87723494,0.0027757345,0.046902165,0.0006440222,0.06614265,0.0061432202,0.00015720914
ISIC_0029315,HAM_0004780,akiec,3,0.9533876,0.0020372157,0.03935101,0.0010263791,0.003420034,0.00075976655,1.790293e-05
ISIC_0029811,HAM_0003157,akiec,3,0.9946991,2.8817327e-05,0.0051588905,3.0851547e-06,8.876361e-05,2.1001011e-05,3.201316e-07
ISIC_0029059,HAM_0002771,akiec,3,0.00036006275,0.99752873,0.0013107198,0.00016024568,0.00016581749,0.0004494201,2.5010262e-05
ISIC_0025953,HAM_0002461,akiec,3,0.99654156,7.0485396e-05,0.00040285214,6.660402e-05,0.002736911,0.00016150033,2.0115674e-05
ISIC_0025811,HAM_0005255,akiec,3,0.8762925,0.00011179406,0.12188082,0.0006748632,0.00048846495,0.0005369979,1.452168e-05
ISIC_0033494,HAM_0002615,akiec,3,0.07974016,0.024197964,0.0139245875,0.0032752382,0.8682404,0.010368105,0.0002535477
ISIC_0033413,HAM_0002615,akiec,3,0.9833662,5.108559e-05,0.0031806796,0.013023596,0.00023667919,0.00013564822,6.1611786e-06
ISIC_0029851,HAM_0000769,akiec,3,0.30529532,9.638386e-06,0.0007338269,5.9380372e-06,0.69338965,0.00056539866,1.6977032e-07
ISIC_0029279,HAM_0000769,akiec,3,0.9926069,9.576017e-06,0.00026199984,6.517535e-06,0.007050292,6.44886e-05,1.64443e-07
ISIC_0030280,HAM_0003633,akiec,3,0.98931646,0.0017414691,0.00020727914,1.2521232e-05,0.008609564,0.00010965594,3.1658633e-06
ISIC_0031578,HAM_0003157,akiec,3,0.9933749,5.963009e-05,0.006462084,5.1396673e-06,5.150485e-05,4.5898916e-05,7.5799835e-07
ISIC_0030245,HAM_0004780,akiec,3,0.67885107,0.06819056,0.14566934,0.007630249,0.0766687,0.02281311,0.00017700958
ISIC_0031672,HAM_0004439,akiec,3,0.93170005,0.006679363,0.024159249,0.0027265213,0.0013871418,0.032893036,0.00045475838
ISIC_0030986,HAM_0004439,akiec,3,0.9964349,9.765788e-05,0.0012649016,0.00012515053,0.0017544279,0.00030614182,1.6772683e-05
ISIC_0031431,HAM_0004439,akiec,3,0.98758715,0.0020846904,0.003726811,0.0004354838,0.0003352038,0.005736374,9.436409e-05
ISIC_0026709,HAM_0001565,akiec,3,0.99244666,9.8413555e-05,0.004176486,2.1200449e-05,0.0030705386,0.00018189622,4.6571204e-06
ISIC_0030730,HAM_0004592,akiec,3,0.6346691,0.0020800682,0.3087095,0.00061606907,0.04762034,0.0061166463,0.00018825778
ISIC_0025247,HAM_0005231,akiec,3,0.99334466,0.0018404333,0.004342545,0.00020250937,0.00013229111,0.000102027174,3.553619e-05
ISIC_0029043,HAM_0005231,akiec,3,0.99844736,0.00018479186,0.0005127241,0.00075632473,4.613329e-05,4.7135163e-05,5.520608e-06
ISIC_0030158,HAM_0005255,akiec,3,0.8624509,0.00019884657,0.1309758,0.0037629677,0.00068998797,0.0018866038,3.4961664e-05
ISIC_0029549,HAM_0005718,akiec,3,0.30421004,0.5412549,0.14681932,0.0015654718,0.002936133,0.0027048928,0.0005092279
ISIC_0024470,HAM_0006220,akiec,3,0.042657327,0.00012704585,0.0031215535,0.9539591,6.7473535e-05,6.2402825e-05,5.072556e-06
ISIC_0024925,HAM_0006592,akiec,3,0.9037985,0.05920586,0.0076457164,0.0004087852,0.01730366,0.011305156,0.00033234005
ISIC_0027562,HAM_0007622,akiec,3,0.667751,0.006441762,0.29980558,0.00033890954,0.0043480857,0.02117335,0.0001412785
ISIC_0027767,HAM_0003934,akiec,3,0.002905567,0.04032613,0.952518,0.00015361392,0.001042609,0.0030420357,1.2008494e-05
ISIC_0025780,HAM_0006587,akiec,3,0.9994355,3.0107962e-05,0.00012190319,1.7222143e-05,0.00029171747,9.998148e-05,3.6811575e-06
ISIC_0024511,HAM_0001505,akiec,3,0.2082631,0.53389996,0.038902864,0.044798788,0.063485645,0.1090858,0.001563928
ISIC_0028517,HAM_0006220,akiec,3,0.9504356,0.025266489,0.015291263,0.0023035686,0.0055313725,0.0007115247,0.00046029294
ISIC_0030133,HAM_0001152,akiec,3,0.9962482,3.831096e-05,0.00097618403,2.0227926e-05,0.0024075408,0.00029206782,1.7505812e-05
ISIC_0029141,HAM_0004592,akiec,3,0.55742294,0.02697752,0.3315548,0.011936181,0.043559592,0.027549932,0.0009991059
ISIC_0028619,HAM_0001565,akiec,3,0.011889839,0.0007084836,0.9802361,0.00037774545,0.002717885,0.003978467,9.149204e-05
ISIC_0032534,HAM_0004332,bkl,3,1.5814063e-05,0.92131376,0.0032949066,0.00020428038,0.002548905,0.072586946,3.536021e-05
ISIC_0033785,HAM_0004332,bkl,3,0.00063738826,0.79514927,0.03401067,0.001481972,0.01993292,0.14853126,0.00025652413
ISIC_0033184,HAM_0004332,bkl,3,8.53941e-06,0.9778675,0.014237538,4.625387e-05,0.0010243376,0.006797971,1.7867316e-05
ISIC_0033606,HAM_0002327,bkl,3,0.0007860773,0.0001829197,0.16276503,0.00011203518,0.7949229,0.041153446,7.76045e-05
ISIC_0034103,HAM_0002327,bkl,3,0.004125963,0.0013123136,0.130249,0.00030988074,0.28338084,0.5803251,0.00029684757
ISIC_0032883,HAM_0002327,bkl,3,4.7306992e-05,7.0315564e-06,0.020435268,1.0473472e-05,0.97125626,0.008240484,3.1817756e-06
ISIC_0027068,HAM_0007296,bkl,3,0.010981673,0.0012130075,0.25387773,0.00078931905,0.17897452,0.55343795,0.0007257359
ISIC_0029522,HAM_0002199,bkl,3,0.058554135,0.00030190995,0.019168196,0.0063488395,0.545866,0.36935145,0.00040945064
ISIC_0024371,HAM_0000806,bkl,3,0.026603427,0.00613643,0.38150576,0.17707047,0.17689764,0.22847587,0.0033103556
ISIC_0024709,HAM_0004832,bkl,3,0.0003364564,8.1730686e-05,0.00060864916,0.99807703,0.0005180694,0.00033579988,4.2318585e-05
ISIC_0029235,HAM_0005580,bkl,3,0.008782036,7.458271e-05,0.96952844,0.000102141785,0.020121919,0.0013733314,1.7714947e-05
ISIC_0027041,HAM_0003049,bkl,3,0.00031348367,0.00029680037,0.26255503,0.0057977643,0.053497788,0.67703724,0.00050192483
ISIC_0031577,HAM_0005338,bkl,3,0.009797212,0.00052253954,0.21039617,0.002078829,0.008102369,0.7680956,0.0010072214
ISIC_0026967,HAM_0007027,bkl,3,0.00029597053,0.0009723473,0.9823292,0.008691863,0.0009742481,0.0060987165,0.0006376809
ISIC_0033310,HAM_0000119,mel,3,6.577051e-06,0.039915662,7.6605174e-05,0.0003774323,0.9595421,7.9501355e-05,2.2290048e-06
ISIC_0033024,HAM_0006184,mel,3,6.33726e-05,0.88036704,0.00085289887,0.00018809033,0.10721864,0.011234741,7.525683e-05
ISIC_0034134,HAM_0006184,mel,3,0.00042489974,0.6571078,0.0042621004,0.00035501702,0.30025885,0.037398744,0.0001926428
ISIC_0030366,HAM_0002764,mel,3,0.017525483,0.0017869021,0.0015106116,0.0049482705,0.54521847,0.42878354,0.00022673582
ISIC_0028718,HAM_0006380,mel,3,0.00031654685,4.136004e-05,0.028245298,0.00041853823,0.10121977,0.86929697,0.0004614734
ISIC_0028051,HAM_0006636,mel,3,0.74674,0.00037094374,0.018431421,0.02236319,0.17667481,0.03507931,0.00034039712
ISIC_0030747,HAM_0006380,mel,3,0.00035457828,6.900717e-05,0.00097140315,0.00019543462,0.065363936,0.93278414,0.00026144963
ISIC_0027663,HAM_0006355,mel,3,0.045847252,0.0050033377,0.014835446,0.081164844,0.20122851,0.6502083,0.0017123036
ISIC_0026586,HAM_0001976,mel,3,0.016335217,0.00027616555,0.47366998,0.00033442304,0.3547624,0.15438,0.00024181863
ISIC_0025732,HAM_0001976,mel,3,6.7085886e-05,1.5931917e-06,0.0008958479,3.8518433e-06,0.9978873,0.0011435712,7.5551594e-07
ISIC_0031417,HAM_0006380,mel,3,0.00025704145,7.755561e-05,0.0001548414,0.00012106259,0.0125677055,0.98674506,7.680191e-05
ISIC_0025573,HAM_0004936,mel,3,0.00452662,6.264334e-05,0.00045215266,0.0003517931,0.9727165,0.021871204,1.914249e-05
ISIC_0029705,HAM_0004936,mel,3,0.16957787,5.396486e-05,0.01072034,0.00053344114,0.6437411,0.1753029,7.038345e-05
ISIC_0031498,HAM_0001953,mel,3,6.9085468e-06,5.3176987e-06,2.512278e-05,5.6828158e-06,0.97118765,0.028760085,9.152338e-06
ISIC_0025611,HAM_0001953,mel,3,0.00012728339,6.40021e-05,0.00078428735,4.1001287e-05,0.98032045,0.018634018,2.896092e-05
ISIC_0025452,HAM_0004257,vasc,3,1.925289e-06,1.7464221e-05,7.4382724e-06,9.85411e-06,3.2153002e-05,0.0002093059,0.9997218
ISIC_0029034,HAM_0005921,bcc,3,5.840488e-05,0.99895966,8.077101e-05,1.0605203e-05,0.00085532496,3.2538966e-05,2.6709615e-06
ISIC_0030800,HAM_0005921,bcc,3,0.00017712888,0.9883881,0.0006479105,0.00037133772,0.0074840537,0.0028274804,0.00010392552
ISIC_0026593,HAM_0004970,bcc,3,3.1084874e-05,0.9884653,0.0069866776,1.2220656e-05,0.001427771,0.002988836,8.803522e-05
ISIC_0027774,HAM_0004970,bcc,3,0.0015249714,0.72632045,0.008276183,0.0023944357,0.061964743,0.19856495,0.0009543028
ISIC_0028980,HAM_0003741,bcc,3,0.0015548134,0.9947954,0.002768373,3.2466676e-05,0.00014750854,0.0006102129,9.1233065e-05
ISIC_0034047,HAM_0002559,bcc,3,0.001770729,0.99588937,0.0004486815,0.00019988047,0.0015372627,0.00014481455,9.257684e-06
ISIC_0030181,HAM_0005985,bcc,3,0.00011135237,0.99972814,0.00011455098,2.014062e-05,2.156235e-06,2.220672e-05,1.4704245e-06
ISIC_0030452,HAM_0004235,bcc,3,0.51602566,0.22720301,0.2510001,0.00193144,0.00031777183,0.0027184526,0.000803573
ISIC_0028303,HAM_0005030,bcc,3,7.2107055e-06,0.9999,9.186678e-06,5.0044746e-06,2.772256e-05,4.6381236e-05,4.5655343e-06
ISIC_0027038,HAM_0005985,bcc,3,0.00040166083,0.99937266,5.201862e-05,4.9443e-05,6.460226e-06,0.00011273492,5.05092e-06
ISIC_0032030,HAM_0005985,bcc,3,0.0106906295,0.987087,0.0006948698,0.00088054483,1.9349562e-05,0.00056217343,6.5331e-05
ISIC_0028978,HAM_0005026,bcc,3,0.008511588,0.8456126,0.006487934,0.051582698,0.07796596,0.009551163,0.00028813857
ISIC_0028728,HAM_0005026,bcc,3,0.6287161,0.013648118,0.1540735,0.08605762,0.06662307,0.050808053,7.3532254e-05
ISIC_0025843,HAM_0004098,nv,3,0.00012782216,8.25282e-05,0.010724943,0.006649521,0.0016698084,0.98063195,0.000113465554
ISIC_0026555,HAM_0001335,nv,3,1.5735459e-05,2.6610542e-05,0.0022502742,1.800559e-05,0.0006287042,0.9970511,9.544039e-06
ISIC_0030013,HAM_0001530,nv,3,1.2214508e-07,7.540977e-07,6.686195e-05,1.0449182e-06,1.6667653e-05,0.9999124,2.2164165e-06
ISIC_0027324,HAM_0003189,nv,3,0.00010504405,0.00780092,0.025269438,0.7674773,0.00084913947,0.17789525,0.020602927
ISIC_0027784,HAM_0001723,nv,3,6.526636e-05,3.718765e-05,0.00087838597,0.0002378037,0.0428219,0.95577097,0.00018848598
ISIC_0025416,HAM_0005683,nv,3,0.00021694851,0.000102579346,9.693068e-05,0.00024679702,0.0082853,0.9909485,0.000102980826
ISIC_0026283,HAM_0003654,nv,3,0.0047604963,0.001195442,0.024223063,0.19753936,0.0034930725,0.76766986,0.0011186356
ISIC_0026520,HAM_0000642,nv,3,5.766048e-05,0.0003166183,0.00028050828,0.0011621069,0.002333236,0.99493366,0.0009161655
ISIC_0030880,HAM_0004803,nv,3,0.00014452293,8.956124e-05,0.0025380743,0.00010594196,0.0050009517,0.9919446,0.00017638286
ISIC_0027886,HAM_0000003,nv,3,5.073458e-05,0.00014284554,0.0019451457,9.991723e-05,0.0017854018,0.99587137,0.00010450804
ISIC_0026594,HAM_0003383,nv,3,0.0009033964,1.5769312e-05,0.001111875,0.00028143503,0.0003007586,0.9972465,0.00014027611
ISIC_0030566,HAM_0002464,nv,3,0.00010085212,4.545761e-05,0.004058138,0.00023175633,0.007833732,0.9876744,5.569583e-05
ISIC_0025375,HAM_0007600,nv,3,9.022085e-05,7.464977e-05,0.0001818955,0.00062381534,0.009311256,0.98953944,0.00017872607
ISIC_0025559,HAM_0002354,nv,3,0.00016734314,0.0013567128,0.009781103,0.06711663,0.0036951376,0.91751254,0.00037054258
ISIC_0025057,HAM_0005217,nv,3,1.1628627e-05,6.140753e-05,6.335682e-05,6.3233194e-05,0.0003128445,0.9992878,0.00019978064
ISIC_0029300,HAM_0003914,nv,3,0.003469032,0.00081436784,0.012209036,0.008156834,0.55668557,0.4153127,0.003352465
ISIC_0030306,HAM_0001904,nv,3,3.7875117e-05,0.00011712018,0.00019159584,0.006432123,0.0013601483,0.9907023,0.0011588609
ISIC_0032266,HAM_0002289,nv,3,5.8600304e-05,4.7455975e-05,0.00073154154,0.0012820943,0.0002498686,0.9974202,0.0002102051
ISIC_0030186,HAM_0006850,nv,3,1.0306273e-05,2.930255e-05,1.5054229e-05,9.7830954e-05,0.00011980648,0.99966407,6.356663e-05
ISIC_0025740,HAM_0001308,nv,3,4.7840877e-06,9.060888e-06,2.7449985e-05,1.6665526e-05,0.00011436184,0.99978477,4.293259e-05
ISIC_0027082,HAM_0000816,nv,3,0.0004108248,0.00025260798,0.0017237354,0.0017871577,0.009567394,0.985959,0.00029939407
ISIC_0027453,HAM_0000780,nv,3,0.00067825743,0.00037677053,0.0021337688,0.0005846945,0.0009753616,0.99504435,0.00020685683
ISIC_0026240,HAM_0006429,nv,3,0.0011223665,0.0003626042,0.0007751662,0.00040609742,0.010524656,0.98610187,0.00070717675
ISIC_0027638,HAM_0004527,nv,3,0.0016749158,0.0010119271,0.0079672,0.03738358,0.0019890117,0.94733566,0.002637587
ISIC_0029226,HAM_0000831,nv,3,0.00015029921,3.6120007e-05,0.0051002363,0.00032005328,0.00021698227,0.9940105,0.00016571747
ISIC_0026109,HAM_0007503,nv,3,0.0002266152,0.00010214347,0.0007731139,0.00026623684,0.00017979337,0.9983693,8.2880026e-05
ISIC_0030684,HAM_0007328,nv,3,9.747303e-05,0.00011507584,0.0003271809,0.0001415457,0.0008082005,0.9984414,6.911873e-05
ISIC_0029714,HAM_0006494,nv,3,4.3906184e-06,3.10174e-05,1.315927e-05,5.5891673e-05,4.2895506e-05,0.99599886,0.0038537958
ISIC_0030857,HAM_0003479,nv,3,0.00023250525,0.00019275364,0.0011162839,0.0011149221,0.0003958912,0.996689,0.00025861958
ISIC_0029050,HAM_0003481,nv,3,1.4969164e-05,6.3013126e-06,5.2580224e-05,1.1059148e-05,4.3188e-05,0.9998568,1.5027752e-05
ISIC_0028752,HAM_0001695,nv,3,1.9696236e-05,3.0446605e-05,0.00024396607,2.707977e-05,0.00047707962,0.99890196,0.00029979047
ISIC_0026564,HAM_0001659,nv,3,1.6812635e-05,0.0001517639,0.00014882852,0.00016489912,0.0006216394,0.9988084,8.757726e-05
ISIC_0026469,HAM_0003553,nv,3,1.3106566e-05,6.7203796e-06,0.000106000676,1.4394747e-05,3.1533265e-05,0.9997904,3.7925107e-05
ISIC_0029621,HAM_0007132,nv,3,7.080901e-06,1.9897703e-05,0.00018558528,5.684959e-05,0.00040753858,0.99931276,1.0302651e-05
ISIC_0029156,HAM_0001571,nv,3,0.0009374138,0.014916372,0.0015714066,0.00015574232,0.006738947,0.9751927,0.00048727466
ISIC_0030999,HAM_0006057,nv,3,0.0014929273,0.00015236325,0.040154357,0.0018835546,0.0018184863,0.9540344,0.00046384422
ISIC_0026221,HAM_0006676,nv,3,6.1304027e-06,6.094587e-06,6.99535e-05,0.00017861072,2.3408616e-05,0.999703,1.28018355e-05
ISIC_0029137,HAM_0002048,nv,3,0.0011261222,0.00013344946,0.004801726,0.00017713745,0.016596796,0.97692025,0.00024449418
ISIC_0024956,HAM_0005904,nv,3,0.00029093144,0.00011686019,0.00052373105,0.0002612991,0.00040038375,0.99820364,0.00020310287
ISIC_0026548,HAM_0006255,nv,3,0.000108178574,0.00015405333,0.0006530377,0.00021263232,0.00539884,0.99329525,0.0001780083
ISIC_0027289,HAM_0003565,nv,3,4.3300497e-06,3.496845e-05,0.00019702448,1.1452812e-05,6.779955e-05,0.9996779,6.5896547e-06
ISIC_0027993,HAM_0004659,nv,3,2.3482053e-05,0.00018871177,0.00043599168,0.000115582705,0.00022300919,0.99892956,8.357694e-05
ISIC_0028416,HAM_0003332,nv,3,2.41817e-05,3.1293443e-05,6.5604414e-05,0.000120782875,0.0006979482,0.99899226,6.788551e-05
ISIC_0024724,HAM_0000679,nv,3,1.815568e-05,2.746867e-05,0.00010540105,0.00010737499,0.00022488408,0.9994887,2.790124e-05
ISIC_0029114,HAM_0007231,nv,3,3.0274367e-05,3.216401e-05,0.00011845808,3.2038613e-05,0.0025600994,0.9971386,8.820267e-05
ISIC_0027521,HAM_0005554,nv,3,7.602247e-05,2.3550663e-05,0.00069162005,0.00029514718,0.00087077485,0.9979424,0.000100516896
ISIC_0027484,HAM_0001756,nv,3,1.6553067e-05,6.006845e-06,0.0004978905,0.0005993987,0.001800869,0.99692506,0.00015416398
ISIC_0028171,HAM_0005346,nv,3,5.02676e-05,2.435535e-05,2.4118659e-05,8.352727e-05,0.001421059,0.998336,6.0634302e-05
ISIC_0030638,HAM_0005976,nv,3,5.904154e-06,1.0122075e-05,0.00016169548,4.9002298e-05,0.0005475433,0.9992085,1.728562e-05
ISIC_0027809,HAM_0003085,nv,3,0.000109626046,3.9937244e-05,0.00037194823,0.00028784064,0.00038469318,0.9987527,5.3219177e-05
ISIC_0030776,HAM_0000543,nv,3,0.00010797455,4.6167967e-05,0.0001499078,0.0002114039,0.0046317247,0.9933602,0.0014926821
ISIC_0027664,HAM_0000422,nv,3,6.526491e-07,1.3575834e-06,4.1653484e-06,6.1260007e-06,7.74399e-06,0.99996126,1.8832592e-05
ISIC_0031877,HAM_0006476,nv,3,0.00010982235,6.805719e-05,0.0005063278,0.00012493208,0.0017977194,0.9966403,0.0007527015
ISIC_0026271,HAM_0007103,nv,3,1.9959472e-05,0.00010779456,0.0009835463,4.7507678e-05,0.00028917837,0.99850684,4.5155408e-05
ISIC_0027168,HAM_0006072,nv,3,8.788242e-05,3.2235555e-05,5.8143483e-05,0.000116766874,0.000285355,0.99935657,6.299101e-05
ISIC_0025354,HAM_0000126,nv,3,4.5919117e-07,3.5419594e-06,4.8130005e-06,8.8007455e-06,1.4285019e-05,0.99995077,1.733228e-05
ISIC_0029159,HAM_0005507,nv,3,0.00011692128,0.0001777621,0.00033832292,7.773439e-05,0.0003774265,0.9987255,0.00018629308
ISIC_0030045,HAM_0006864,nv,3,2.8098759e-05,1.8427616e-05,0.00064935803,0.0005150973,3.657618e-05,0.9987313,2.1210057e-05
ISIC_0029507,HAM_0002783,nv,3,6.4501764e-06,1.4878178e-06,1.1036598e-05,9.607508e-06,0.0001851268,0.9997688,1.7550528e-05
ISIC_0030431,HAM_0005833,nv,3,7.518785e-05,0.00035383037,0.00342159,0.00015639914,0.0009904057,0.9947273,0.00027529438
ISIC_0025263,HAM_0003705,nv,3,1.8301444e-05,1.2776468e-05,0.000120159006,3.4124885e-05,0.00013609152,0.99967265,6.011647e-06
ISIC_0030301,HAM_0000788,nv,3,2.1356975e-06,5.615834e-06,1.14780205e-05,7.410767e-06,4.3064527e-05,0.99992335,6.9617713e-06
ISIC_0031147,HAM_0003307,nv,3,2.0778936e-05,8.5610345e-06,8.122483e-05,9.892257e-06,0.00012355107,0.9996793,7.667716e-05
ISIC_0029415,HAM_0004504,nv,3,4.6189085e-05,5.3895154e-05,8.2019935e-05,0.00046015886,0.0013083128,0.99770445,0.00034497978
ISIC_0026180,HAM_0000755,nv,3,0.0025569715,0.00064178574,0.036937736,0.00042007217,0.0010096708,0.958235,0.00019881598
ISIC_0028452,HAM_0001191,nv,3,3.2558899e-07,2.2076817e-06,8.772387e-05,2.1610796e-05,1.0824226e-05,0.99986994,7.352703e-06
ISIC_0029821,HAM_0005707,nv,3,1.1106938e-05,7.171178e-06,0.00016790365,1.45144995e-05,0.0014363704,0.9983108,5.211581e-05
ISIC_0025034,HAM_0001205,nv,3,4.58176e-06,6.299326e-06,6.5759e-06,2.4504117e-05,0.00034612164,0.99954164,7.028456e-05
ISIC_0026632,HAM_0004150,nv,3,1.1849476e-05,1.2687826e-05,0.0011538932,6.825565e-05,0.00014295329,0.9985709,3.946478e-05
ISIC_0026519,HAM_0007255,nv,3,0.0019352012,0.0005776581,0.021687048,0.00074028043,0.3532735,0.6212265,0.00055988546
ISIC_0030672,HAM_0007255,nv,3,0.0008797781,0.0005575851,0.0028636307,0.00034960997,0.353199,0.642064,8.634757e-05
ISIC_0029986,HAM_0006711,nv,3,0.00015309251,1.5579413e-06,5.2609495e-05,2.979641e-06,0.9989491,0.0008400021,6.245667e-07
ISIC_0027010,HAM_0006711,nv,3,0.00017296444,0.00038599342,0.00022891698,5.7597354e-05,0.9880382,0.0111054955,1.0864579e-05
ISIC_0027034,HAM_0007426,nv,3,0.0001213042,0.00016101613,0.0008281546,4.9783142e-05,0.023480518,0.97528875,7.048026e-05
ISIC_0031887,HAM_0007426,nv,3,6.260558e-05,3.5741323e-05,0.00040269623,5.060061e-05,0.06082527,0.9385475,7.566438e-05
ISIC_0033959,HAM_0002136,nv,3,0.0010687704,0.0022166588,0.010697131,0.0025240981,0.94915426,0.03423696,0.00010216691
ISIC_0032914,HAM_0002136,nv,3,0.00350356,0.0024292164,0.06407342,0.0007372604,0.3701602,0.5589418,0.00015453818
ISIC_0033309,HAM_0002136,nv,3,0.005827828,0.0023023572,0.28383315,0.00087729644,0.48850775,0.21847416,0.0001775387
ISIC_0027432,HAM_0007196,nv,3,2.5296431e-05,0.00014786332,0.00016081792,0.00014815241,0.15292372,0.84630245,0.0002917729
ISIC_0024907,HAM_0007196,nv,3,7.549541e-05,0.00017416608,0.004364246,0.00040852308,0.014989234,0.9794779,0.000510405
ISIC_0026883,HAM_0002797,nv,3,0.00022604385,0.0004966266,0.0002835225,0.0055248872,0.0024878308,0.99003404,0.0009470446
ISIC_0031412,HAM_0002797,nv,3,0.00043332457,0.014003647,0.0024887454,0.0630364,0.37225947,0.5469497,0.00082875503
ISIC_0029656,HAM_0000395,nv,3,0.0036298914,0.010381071,0.62249404,0.0039788773,0.17168273,0.1869066,0.00092678703
ISIC_0025421,HAM_0000395,nv,3,0.016351199,0.025085244,0.016271554,0.0030707994,0.84482163,0.093590625,0.0008089272
ISIC_0033059,HAM_0001400,nv,3,0.00014939088,0.0001028755,7.918609e-05,9.275891e-05,0.06580539,0.9335975,0.00017295833
ISIC_0033113,HAM_0001400,nv,3,1.4795843e-05,1.8558145e-05,2.1696671e-05,3.3212957e-05,0.019230796,0.9805891,9.1883194e-05
ISIC_0033547,HAM_0001400,nv,3,0.0011767363,0.0014417674,0.00047544442,0.0005221736,0.7224633,0.27368107,0.00023953588
ISIC_0033233,HAM_0003137,nv,3,8.541528e-05,0.0008167537,0.01211989,0.00025351314,0.027473098,0.95904845,0.00020290936
ISIC_0032770,HAM_0003137,nv,3,0.00014063559,0.00073328847,0.0037234917,0.00075952674,0.07694603,0.91747,0.00022694044
ISIC_0034184,HAM_0003137,nv,3,0.0006182306,0.005825649,0.07379809,0.00062307954,0.06519022,0.8536959,0.0002488139
ISIC_0033385,HAM_0001321,nv,3,4.9215774e-05,4.209648e-05,0.5021644,2.915938e-05,0.45189908,0.04580514,1.0811271e-05
ISIC_0033471,HAM_0001321,nv,3,2.2553942e-05,1.2310359e-05,0.0012785828,8.971339e-06,0.9918391,0.006814769,2.3728839e-05
ISIC_0032831,HAM_0001321,nv,3,0.0001348491,0.00010119477,0.03254844,3.221769e-05,0.95492756,0.012162461,9.322498e-05
ISIC_0033904,HAM_0005820,nv,3,1.4169944e-05,0.0040083807,0.00045569616,7.084526e-05,0.007177182,0.9880285,0.00024534995
ISIC_0033342,HAM_0005820,nv,3,0.0003520788,0.15060998,0.0021357846,0.0059724334,0.27701414,0.56067795,0.0032376566
ISIC_0033265,HAM_0005820,nv,3,1.3720803e-05,0.030217566,0.0033886624,0.00025338974,0.012738819,0.95298135,0.00040650042
ISIC_0032512,HAM_0003735,nv,3,0.0007538187,0.0009092789,0.021624826,0.00056348246,0.10592265,0.8697257,0.0005001938
ISIC_0034149,HAM_0003735,nv,3,0.0009892596,0.0015321951,0.0054854113,0.0006227008,0.08268041,0.90820223,0.00048780974
ISIC_0033800,HAM_0003735,nv,3,0.0010529687,0.0005999635,0.0038141697,0.00088323164,0.06527223,0.9278439,0.00053361856
ISIC_0032995,HAM_0003346,nv,3,0.00016466972,3.9265567e-05,0.0032801388,0.00038399192,0.016058922,0.9800394,3.3585624e-05
ISIC_0032754,HAM_0003346,nv,3,0.049176693,0.00042629358,0.06559542,0.003301074,0.47577786,0.4053678,0.000354793
ISIC_0032714,HAM_0003346,nv,3,0.0008863622,0.00012534513,0.032142874,0.0012997643,0.026106464,0.93935245,8.682404e-05
ISIC_0033013,HAM_0006078,nv,3,0.00044571265,0.00015985766,0.003468343,0.00084333966,0.026467131,0.9682719,0.00034374802
ISIC_0032809,HAM_0006078,nv,3,0.0009657871,0.00012230735,0.0013619781,0.0004771664,0.017253252,0.97952044,0.00029918688
ISIC_0033343,HAM_0003003,nv,3,0.000122878,0.033411678,3.320161e-05,0.00018089393,0.00037044598,0.9650566,0.0008242818
ISIC_0033502,HAM_0003003,nv,3,2.1885216e-06,0.00048806705,1.1245241e-05,6.30895e-05,4.780884e-05,0.9989662,0.00042135688
ISIC_0032708,HAM_0003130,nv,3,2.8627942e-06,1.7639797e-05,6.315223e-05,5.8008358e-05,0.0016706011,0.9980083,0.00017937768
ISIC_0033574,HAM_0003130,nv,3,1.9104027e-05,7.541046e-05,0.00053901476,0.00077436835,0.004434476,0.99378306,0.00037446007
ISIC_0030504,HAM_0005014,nv,3,1.0838068e-05,4.5098368e-05,0.00036189915,0.00037484843,0.0017265242,0.99724555,0.00023537732
ISIC_0031308,HAM_0002187,nv,3,0.025932852,0.0018332612,0.104896225,0.018687855,0.084823206,0.7512372,0.012589389
ISIC_0028981,HAM_0002187,nv,3,0.020770514,0.0039835256,0.14766707,0.033911996,0.20193553,0.5641342,0.027597193
ISIC_0031623,HAM_0005625,nv,3,3.1320087e-05,2.9653263e-05,0.000108891654,0.00012855657,0.037722412,0.9615395,0.00043959828
ISIC_0024428,HAM_0000923,nv,3,3.4441156e-05,3.687787e-05,0.0040474967,0.00013306194,0.00042931957,0.99523747,8.1180435e-05
ISIC_0026901,HAM_0001716,nv,3,6.636018e-05,3.0920688e-05,0.00034668535,0.00011376782,0.016142936,0.98324436,5.490718e-05
ISIC_0029696,HAM_0005183,nv,3,0.009864741,0.0005996998,0.07364239,0.15007494,0.0071785375,0.7569513,0.0016884822
ISIC_0032281,HAM_0004174,nv,3,6.104036e-05,7.746424e-05,0.00063481403,0.00077023177,0.78271157,0.21565971,8.524416e-05
ISIC_0030313,HAM_0003902,nv,3,4.344338e-05,0.00075515814,0.0001346014,0.0023788875,0.0028652858,0.39734185,0.5964807
ISIC_0030251,HAM_0001989,nv,3,6.740528e-06,2.832331e-05,6.914897e-05,9.656802e-05,0.00472618,0.99498403,8.8962624e-05
ISIC_0030620,HAM_0006409,nv,3,0.00023075186,5.9377842e-05,0.046809573,8.809822e-05,0.0033147514,0.94942194,7.5501724e-05
ISIC_0028987,HAM_0006409,nv,3,0.019443447,0.0010463091,0.6070129,0.0027837097,0.013048934,0.35545328,0.0012113716
ISIC_0030817,HAM_0000073,nv,3,0.0003642916,6.281174e-05,0.08983833,8.788943e-05,0.4026275,0.50698453,3.468794e-05
ISIC_0029470,HAM_0000073,nv,3,0.00027048518,0.000129022,0.0020340728,0.00013734319,0.3838587,0.61340445,0.00016599141
ISIC_0026182,HAM_0001265,nv,3,2.999039e-05,5.9526636e-05,0.0016762501,0.0002476967,0.028685821,0.9686799,0.00062088785
ISIC_0025061,HAM_0001265,nv,3,3.2893156e-05,8.649282e-05,0.0012073338,3.2194e-05,0.010115055,0.988369,0.00015707778
ISIC_0025956,HAM_0000741,nv,3,0.00012903384,0.00028627407,0.010695251,0.00038372204,0.48909357,0.49874005,0.0006721391
ISIC_0027607,HAM_0000741,nv,3,0.0010173639,0.0015153587,0.05815508,0.00051658286,0.2815364,0.65587145,0.0013878582
ISIC_0033225,HAM_0001106,nv,3,7.63737e-06,2.7285118e-06,3.59411e-05,1.1532425e-05,0.8104289,0.1895094,3.8328176e-06
ISIC_0033615,HAM_0001106,nv,3,3.1855994e-05,1.3971322e-05,0.0019280866,0.00039573974,0.761661,0.23595156,1.7799926e-05
ISIC_0032562,HAM_0004191,nv,3,0.0006568405,0.000102316015,0.011918877,0.0006542798,0.6456845,0.34025183,0.0007313288
ISIC_0033101,HAM_0004194,nv,3,0.0010785997,0.0005921793,0.00014683043,0.0009811176,0.77269346,0.22442785,7.9986385e-05
ISIC_0027345,HAM_0005091,nv,3,0.00033486806,0.0002256997,0.15488766,8.46679e-05,0.019904427,0.8243334,0.00022925396
ISIC_0031148,HAM_0005091,nv,3,0.00014058585,0.00015561434,0.0018242025,0.0001643615,0.003908909,0.99360955,0.00019671497
ISIC_0027708,HAM_0005438,akiec,3,0.8627792,0.004500999,0.02826719,0.00081969285,0.10244227,0.00081014313,0.0003804488
ISIC_0031852,HAM_0004441,akiec,3,0.10871654,0.003711004,0.12446167,0.0011099015,0.3301621,0.43061253,0.0012261517
ISIC_0028499,HAM_0004976,akiec,3,0.9328794,0.0007960205,0.06460902,0.0009887306,7.2893534e-05,0.00058924593,6.483285e-05
ISIC_0031421,HAM_0004976,akiec,3,0.92546946,0.00037668744,0.0730569,0.00045972777,4.5253284e-05,0.00056824274,2.3753835e-05
ISIC_0031922,HAM_0000020,akiec,3,0.87226933,0.04188658,0.076665945,0.0076654498,0.0002592414,0.001141595,0.000111934736
ISIC_0025076,HAM_0007409,bkl,3,0.00037088824,0.0010003331,0.010237083,0.00034978095,0.09947859,0.8883764,0.00018685895
ISIC_0029687,HAM_0007409,bkl,3,0.0049345866,0.0010222951,0.15978162,0.011142002,0.088585146,0.7337894,0.00074501114
ISIC_0025642,HAM_0007409,bkl,3,0.00016962888,0.00010994929,0.43846485,0.00036475938,0.021241054,0.53932095,0.00032888967
ISIC_0029413,HAM_0005801,bkl,3,0.0018452116,0.00011244877,0.53565615,0.0005491849,0.3681507,0.09308307,0.00060316164
ISIC_0029576,HAM_0005801,bkl,3,0.00068903615,0.00025497182,0.45651984,0.00020288464,0.46643403,0.07555071,0.0003485052
ISIC_0032304,HAM_0006558,bkl,3,4.795214e-05,0.002187503,0.65071595,4.665871e-05,0.012606664,0.33365396,0.0007413588
ISIC_0031639,HAM_0006558,bkl,3,2.4942654e-05,0.00011703556,0.99483216,3.892331e-07,0.0013941175,0.0036302186,1.1131617e-06
ISIC_0033321,HAM_0001354,bkl,3,4.488836e-05,2.4838171e-05,0.80540484,0.00047003696,0.18614042,0.007903626,1.1371742e-05
ISIC_0033449,HAM_0003659,bkl,3,0.00013347043,1.4887479e-05,0.83085287,3.47499e-05,0.15489775,0.014046518,1.9799896e-05
ISIC_0033676,HAM_0003659,bkl,3,0.0003186903,2.9469637e-05,0.6340752,8.281122e-05,0.35154012,0.013899532,5.409719e-05
ISIC_0027513,HAM_0004748,bkl,3,0.6332394,0.0038925,0.10266924,0.24318373,0.0013906269,0.014790906,0.0008336313
ISIC_0024672,HAM_0005790,bkl,3,0.00017988954,0.00012656809,0.012635886,0.00043069056,0.78175455,0.20473102,0.00014147296
ISIC_0031686,HAM_0007261,bkl,3,0.04276793,0.0013208158,0.91710156,0.00420575,0.0129546225,0.021001773,0.000647497
ISIC_0030806,HAM_0005672,bkl,3,0.0032194115,0.00017894192,0.90560466,1.82444e-05,0.08931743,0.0016427095,1.8531708e-05
ISIC_0028388,HAM_0005672,bkl,3,0.0035187104,0.0012793803,0.8231782,0.0005059292,0.1349061,0.035921525,0.00069017394
ISIC_0024547,HAM_0005790,bkl,3,0.000109751345,6.414254e-05,0.019494832,0.00045937087,0.60528314,0.3743636,0.00022519512
ISIC_0031352,HAM_0004379,bkl,3,0.752541,0.00017350576,0.23772432,0.00015015672,0.001726864,0.0076678,1.6392696e-05
ISIC_0026072,HAM_0006622,bkl,3,0.8188113,0.012813964,0.15445225,0.0004546442,0.0003980998,0.012864903,0.0002049242
ISIC_0025939,HAM_0006622,bkl,3,0.29939806,0.00062371977,0.68132514,0.00054935674,0.0014787944,0.016507665,0.00011719348
ISIC_0028236,HAM_0002731,bkl,3,0.05610742,0.016448975,0.117860466,0.025426961,0.04904766,0.7223355,0.012772999
ISIC_0026205,HAM_0006912,bkl,3,5.7651752e-05,4.8264013e-05,0.9774495,7.849339e-05,0.0009846746,0.021343086,3.8479426e-05
ISIC_0030021,HAM_0001164,df,3,8.260602e-05,0.00010690014,7.729864e-05,0.955081,0.025057446,0.019552913,4.18627e-05
ISIC_0027118,HAM_0001164,df,3,0.00031286693,0.00014692447,0.0010573821,0.9454817,0.02960157,0.023348266,5.1173978e-05
ISIC_0032247,HAM_0007225,df,3,0.0067522097,0.03704074,0.1886603,0.058501337,0.25976366,0.4289057,0.020376088
ISIC_0031429,HAM_0007225,df,3,0.09386238,0.006856043,0.0655265,0.013541981,0.7576402,0.06220608,0.00036692276
ISIC_0029039,HAM_0004317,df,3,0.042078547,0.009878997,0.7386794,0.1722263,0.0025770902,0.03267793,0.0018817604
ISIC_0025504,HAM_0004317,df,3,0.05921141,0.0055179503,0.26405844,0.5795798,0.014694872,0.07451748,0.0024200485
ISIC_0024553,HAM_0005330,df,3,0.00011352228,0.01143351,0.00018211809,0.98688775,0.0005913392,0.00017141858,0.0006203236
ISIC_0030665,HAM_0005359,df,3,6.0421276e-05,0.00028769133,0.0010492527,0.9400469,0.0002538867,0.05768021,0.0006216616
ISIC_0027044,HAM_0002871,df,3,0.00017678223,0.0019859723,0.017726729,0.18863606,0.00081583776,0.7880071,0.002651621
ISIC_0028519,HAM_0003212,mel,3,0.001677352,0.00076682365,0.004951725,0.0006400797,0.9918189,0.00014310029,1.895205e-06
ISIC_0024767,HAM_0003212,mel,3,0.001046188,0.003177176,0.011187331,0.0024076449,0.98132426,0.00080685393,5.048409e-05
ISIC_0027261,HAM_0005084,mel,3,0.0013291098,0.00054122077,0.034378767,0.0005671944,0.9502974,0.012771354,0.000114783295
ISIC_0028505,HAM_0005084,mel,3,0.08663128,0.003274844,0.11668902,0.006202436,0.64388514,0.14123574,0.0020816175
ISIC_0034006,HAM_0000709,mel,3,5.9240785e-05,0.0010019819,0.97920954,4.901651e-05,0.012182821,0.007342499,0.00015486407
ISIC_0032875,HAM_0003625,mel,3,0.00016384767,0.0004095065,0.031715542,0.00017960032,0.7232536,0.24415968,0.00011824576
ISIC_0033802,HAM_0003625,mel,3,0.00045214492,2.0002128e-05,0.0035895423,0.00012617068,0.988983,0.0067818863,4.733106e-05
ISIC_0033429,HAM_0003625,mel,3,0.00086112646,0.00010841603,0.0052834176,0.00030051783,0.86826926,0.12508605,9.1117305e-05
ISIC_0027100,HAM_0005352,mel,3,0.0016764584,0.0019599784,0.5487808,0.0005092976,0.39066696,0.056006763,0.00039975226
ISIC_0033299,HAM_0000107,mel,3,2.8394801e-05,3.1120092e-06,0.00022785868,4.397873e-05,0.9994456,0.00023803714,1.3102047e-05
ISIC_0033901,HAM_0002342,mel,3,0.00019624866,0.00021490645,0.00031792145,0.00012377248,0.9951338,0.0038354374,0.0001779898
ISIC_0032917,HAM_0002342,mel,3,1.5995918e-06,5.9191507e-07,8.800659e-06,3.0118695e-06,0.999941,3.9596187e-05,5.4644534e-06
ISIC_0032925,HAM_0002342,mel,3,8.949195e-05,1.5935713e-05,6.132693e-05,2.29162e-05,0.9979761,0.0017817648,5.255825e-05
ISIC_0032684,HAM_0003566,mel,3,2.4665873e-05,7.234478e-06,0.0006501149,2.5849615e-05,0.9799574,0.019255979,7.8694786e-05
ISIC_0034052,HAM_0003566,mel,3,4.9131927e-06,4.1860926e-06,2.740359e-05,4.4041576e-06,0.98358095,0.016338818,3.933057e-05
ISIC_0033171,HAM_0003566,mel,3,2.57802e-05,1.19421675e-05,0.0002251122,1.0873467e-05,0.97351575,0.026095776,0.00011475172
ISIC_0033114,HAM_0000709,mel,3,5.4768938e-05,0.00028251967,0.18320438,7.784236e-05,0.79735935,0.018624343,0.00039686335
ISIC_0032559,HAM_0000709,mel,3,0.0019572172,0.024896733,0.9231334,0.00038464693,0.013504761,0.035273265,0.00085004955
ISIC_0031208,HAM_0001299,mel,3,6.921762e-06,8.251967e-06,0.0005085408,4.2650106e-05,0.92306197,0.0763638,7.874082e-06
ISIC_0026545,HAM_0001299,mel,3,7.257415e-06,1.5484447e-05,0.00014820926,2.9963872e-05,0.94540375,0.05438799,7.4005543e-06
ISIC_0028965,HAM_0004281,mel,3,2.8789433e-05,3.681675e-06,2.5307536e-05,4.708934e-06,0.99957603,0.0001313775,0.00023009669
ISIC_0028288,HAM_0004709,mel,3,0.0018341917,0.0062569017,0.0010218787,0.00024629908,0.8908274,0.099753045,6.0240418e-05
ISIC_0030910,HAM_0001598,mel,3,0.004570841,0.00017775073,0.0876892,0.01864278,0.87019783,0.01862913,9.257678e-05
ISIC_0029238,HAM_0001598,mel,3,0.3561287,2.04785e-05,0.015457357,0.0011740372,0.6213738,0.0058355234,1.017727e-05
ISIC_0030246,HAM_0003149,mel,3,5.9576483e-05,1.8205323e-05,0.00558744,1.5941112e-05,0.7491646,0.24512571,2.8529334e-05
ISIC_0026558,HAM_0004709,mel,3,7.2753595e-05,0.0006936456,0.000404205,9.847599e-05,0.49935007,0.49935007,3.07457e-05
ISIC_0030770,HAM_0002538,vasc,3,5.8106493e-06,8.7326436e-05,5.301791e-05,0.0001534124,0.00013276737,0.0006978627,0.99886984
ISIC_0032240,HAM_0002538,vasc,3,2.2221227e-06,0.0006720797,9.28268e-06,0.0001618304,0.000100580946,0.00047564597,0.9985783
ISIC_0032692,HAM_0000940,vasc,3,7.320061e-08,1.4250381e-06,2.1729234e-06,5.0219325e-07,0.00033796707,3.240206e-05,0.99962544
ISIC_0033608,HAM_0000940,vasc,3,1.575828e-06,1.6646547e-05,1.0747818e-05,2.875836e-06,0.0012158739,0.000106086365,0.9986462
ISIC_0033969,HAM_0000940,vasc,3,4.6316477e-06,2.9215798e-05,2.5833258e-05,1.426648e-05,0.0011168465,0.0001561753,0.99865305
ISIC_0029439,HAM_0002390,vasc,3,3.7040563e-06,2.8515396e-05,1.7397098e-05,1.3681836e-05,5.6987217e-05,0.0001023375,0.9997774
ISIC_0028457,HAM_0007446,bcc,3,3.142052e-05,0.9991385,2.8720682e-05,0.00010192315,0.00015033872,0.000533811,1.5193969e-05
ISIC_0026230,HAM_0005382,bcc,3,0.002876463,0.16734171,0.0029504332,0.00063002657,0.79523027,0.030759236,0.00021185842
ISIC_0026395,HAM_0005382,bcc,3,0.000385281,0.009830359,0.0015876155,0.000103494625,0.87887216,0.10914768,7.338868e-05
ISIC_0026350,HAM_0003039,bcc,3,0.0014572907,0.16230375,0.6381735,0.00027976325,0.042360146,0.15532573,9.975265e-05
ISIC_0031569,HAM_0003039,bcc,3,0.022056432,0.8737581,0.099576734,5.3588803e-05,0.0008615076,0.0036395008,5.4220483e-05
ISIC_0027704,HAM_0001440,bcc,3,0.00045349312,0.9972741,0.00191021,7.538035e-05,7.349048e-05,0.00020935491,3.940764e-06
ISIC_0032174,HAM_0005559,bcc,3,0.0002664313,0.99909854,5.503493e-05,0.00015971609,6.8492074e-05,0.00033157913,2.0246218e-05
ISIC_0024743,HAM_0004495,bcc,3,0.0005351605,0.999283,4.4664022e-05,5.9228023e-05,9.472445e-06,5.8480862e-05,1.0024455e-05
ISIC_0029337,HAM_0002506,bcc,3,0.0002451776,0.99946064,0.00026193573,1.3731034e-05,2.4142228e-06,9.755797e-06,6.348218e-06
ISIC_0031318,HAM_0001424,bcc,3,0.000501835,0.9974905,0.00080310565,4.7366717e-05,0.00060414744,0.00043899252,0.00011407157
ISIC_0031470,HAM_0001424,bcc,3,0.0039518583,0.9877466,0.0009902011,0.0005409981,0.0045814393,0.0019866342,0.00020215622
ISIC_0027920,HAM_0001390,bcc,3,5.793435e-05,0.99576205,0.0014793554,1.06541665e-05,0.0008123534,0.001803165,7.453462e-05
ISIC_0024411,HAM_0001390,bcc,3,0.0011559862,0.97482556,0.0042057713,0.00031695628,0.0024187118,0.016756428,0.00032069246
ISIC_0031845,HAM_0007203,nv,3,5.0167346e-05,0.0001231991,0.00040159433,0.00016131082,0.0008868526,0.99634486,0.0020320094
ISIC_0030682,HAM_0002924,nv,3,0.0024916562,0.0006686584,0.007153739,0.0021312267,0.1546056,0.8325316,0.00041761927
ISIC_0025934,HAM_0006395,nv,3,0.00029475996,0.0004664476,0.049667913,0.00049170555,0.00057711196,0.9482118,0.00029019013
ISIC_0024580,HAM_0003405,nv,3,0.00012048605,0.000115193354,0.00043177351,0.0005893005,0.0010051298,0.9975109,0.0002270847
ISIC_0028812,HAM_0004248,nv,3,0.00019399224,0.003463872,0.00092187704,0.0021655199,0.003308479,0.9894727,0.00047361568
ISIC_0027212,HAM_0003341,nv,3,0.00017195019,3.562281e-05,0.2058896,0.008516773,0.00054966786,0.78464454,0.00019182428
ISIC_0027356,HAM_0000473,nv,3,1.2562142e-05,4.919406e-06,0.00704988,0.0002075506,0.00015259054,0.9925488,2.356103e-05
ISIC_0028242,HAM_0000768,nv,3,5.9831265e-05,0.00012567709,0.00074327015,0.000376671,0.002331171,0.99478143,0.0015819771
ISIC_0028699,HAM_0002260,nv,3,4.773749e-07,1.3442717e-05,6.6491244e-05,8.650948e-05,9.688601e-05,0.99972385,1.2335731e-05
ISIC_0028921,HAM_0000507,nv,3,4.3277032e-05,0.00012769611,0.00027192128,0.00014929187,0.0058997255,0.99315065,0.00035743375
ISIC_0030761,HAM_0002949,nv,3,2.7755297e-05,0.00039147085,0.00031826354,0.0002416497,0.0007960229,0.9981522,7.25564e-05
ISIC_0028184,HAM_0007152,nv,3,1.5746163e-07,9.932462e-07,1.0844944e-06,5.7101583e-06,5.3328586e-06,0.9999784,8.3407485e-06
ISIC_0029848,HAM_0001993,nv,3,0.00010650383,0.0006565695,0.00012672368,0.0002847408,0.0013972301,0.99720544,0.0002228418
ISIC_0030206,HAM_0000191,nv,3,1.1902668e-05,1.107286e-05,0.0003156376,3.351251e-05,0.00040602946,0.999143,7.883741e-05
ISIC_0024687,HAM_0005247,nv,3,1.597656e-05,9.671367e-06,0.00015003502,1.500859e-05,0.0011992865,0.9985819,2.8149481e-05
ISIC_0032108,HAM_0004823,nv,3,0.00036783057,5.6767847e-05,0.00011785309,0.00011006592,0.002377568,0.99690187,6.8075045e-05
ISIC_0026696,HAM_0006473,nv,3,0.00032203158,0.00016051068,0.0005542514,0.0009460413,0.0005842639,0.9972288,0.0002040969
ISIC_0027730,HAM_0000010,nv,3,6.238416e-06,3.1007894e-05,0.00013910353,9.006204e-06,0.00019580856,0.9995908,2.8013303e-05
ISIC_0029688,HAM_0006369,nv,3,3.4348534e-05,0.000390039,0.00016450904,0.00025729704,0.0007038595,0.9983937,5.619045e-05
ISIC_0025437,HAM_0007273,nv,3,0.00036508602,0.00017448727,0.000617404,0.0019577995,0.0019258002,0.9947923,0.00016714855
ISIC_0029148,HAM_0000697,nv,3,6.739442e-05,1.8388659e-05,3.855048e-05,0.00012640214,0.0050392644,0.9946753,3.4691675e-05
ISIC_0026064,HAM_0003714,nv,3,2.2424092e-06,6.000998e-06,6.370293e-05,2.4368543e-05,2.3071672e-05,0.9998528,2.7856939e-05
ISIC_0031116,HAM_0004217,nv,3,9.137496e-05,0.00022221454,0.00019100052,0.00013114448,0.0029356906,0.9963426,8.600665e-05
ISIC_0025890,HAM_0000646,nv,3,3.0468693e-05,4.493523e-06,0.00028795187,2.1860218e-05,1.9672067e-05,0.99962664,8.88423e-06
ISIC_0028241,HAM_0007565,nv,3,0.008560864,4.3839813e-05,0.008738241,0.002297385,0.006970136,0.9732097,0.00017994508
ISIC_0027247,HAM_0001447,nv,3,0.0022547697,0.00026745923,0.0015361186,0.25934651,0.0066400925,0.7287772,0.0011777829
ISIC_0026695,HAM_0002713,nv,3,8.69561e-06,4.964296e-06,2.4411269e-05,1.5838246e-05,0.00027733346,0.99965155,1.7192255e-05
ISIC_0028896,HAM_0005659,nv,3,5.111035e-06,1.3413286e-05,0.00033365682,4.5199657e-05,0.00011035115,0.99948525,6.9723255e-06
ISIC_0029866,HAM_0006761,nv,3,7.4947316e-06,1.052806e-05,0.0004472275,9.474228e-06,3.6746536e-05,0.9994711,1.745984e-05
ISIC_0027081,HAM_0003823,nv,3,2.0810388e-05,7.457606e-05,5.9225415e-05,9.8604454e-05,0.00046841,0.99923897,3.9414124e-05
ISIC_0024434,HAM_0006716,nv,3,9.95738e-05,0.00016578051,0.001241218,8.016622e-05,0.00041555293,0.99244845,0.0055491882
ISIC_0030398,HAM_0003834,nv,3,2.5203203e-06,4.380314e-06,0.0003771665,4.9788516e-05,2.8731089e-05,0.9995005,3.6891444e-05
ISIC_0025190,HAM_0006096,nv,3,1.586674e-05,3.5270725e-05,7.343875e-05,2.1143544e-05,0.00031466212,0.999496,4.3723994e-05
ISIC_0032503,HAM_0002487,nv,3,0.0009550254,4.2001884e-05,0.0024207984,0.00053676806,0.0033974517,0.9925444,0.00010355038
ISIC_0028206,HAM_0004052,nv,3,0.00035312824,9.42115e-05,0.00015472293,8.478117e-05,0.005432908,0.99372333,0.00015685282
ISIC_0029648,HAM_0005099,nv,3,6.3878656e-07,4.0928317e-06,2.4679248e-06,5.3484937e-06,3.8074947e-06,0.9999764,7.2536345e-06
ISIC_0024905,HAM_0007392,nv,3,0.030997543,0.00048413387,0.0043319263,0.78311384,0.006881957,0.17303821,0.0011523389
ISIC_0030132,HAM_0005857,nv,3,0.00024161873,0.00011502777,0.021538459,0.0006593584,0.002492649,0.9749051,4.7857146e-05
ISIC_0032105,HAM_0006102,nv,3,4.6520105e-05,2.9977029e-05,4.3958407e-05,0.00043114607,0.00040820093,0.9989838,5.6333578e-05
ISIC_0029262,HAM_0004353,nv,3,2.329637e-05,0.00017829753,0.00013858732,0.00020885846,0.00030240708,0.99880326,0.00034535973
ISIC_0029969,HAM_0006038,nv,3,4.653585e-06,3.1004183e-05,5.2534288e-05,0.00017894026,0.00018264781,0.99947125,7.901748e-05
ISIC_0029987,HAM_0005071,nv,3,8.340795e-05,5.2707583e-05,0.00022850458,5.902969e-05,0.002620209,0.9969098,4.624253e-05
ISIC_0025660,HAM_0001952,nv,3,2.7520344e-05,7.49543e-05,2.1349306e-05,9.023573e-05,0.008886328,0.98970264,0.001196922
ISIC_0029116,HAM_0007062,nv,3,0.00013446096,4.3102395e-05,0.00015088354,0.0001414654,0.0005536635,0.99884987,0.00012656132
ISIC_0026294,HAM_0000848,nv,3,1.4560727e-05,1.9214625e-05,8.1451486e-05,6.6284294e-05,0.00024887506,0.9995363,3.3460285e-05
ISIC_0028641,HAM_0004805,nv,3,1.8880908e-05,4.052111e-05,0.00017405002,4.389943e-05,4.75594e-05,0.9995939,8.129725e-05
ISIC_0030498,HAM_0003098,nv,3,5.1670446e-05,7.31522e-05,0.0012796713,0.010824989,0.00070291606,0.98688406,0.00018354577
ISIC_0032448,HAM_0003232,nv,3,2.871998e-05,1.05243e-05,0.00016081413,1.1740704e-05,0.00064952765,0.9991141,2.45655e-05
ISIC_0024631,HAM_0000046,nv,3,3.112373e-05,2.3631486e-05,0.00029114177,7.40086e-05,0.00010125661,0.99941325,6.5632055e-05
ISIC_0024852,HAM_0003870,nv,3,0.001010027,8.8730485e-05,0.0003245626,0.0010214341,0.0011779618,0.9962717,0.00010557605
ISIC_0030702,HAM_0002246,nv,3,0.00010709966,4.6243273e-05,0.000109212,0.00019930843,0.037392616,0.96060854,0.0015369852
ISIC_0027341,HAM_0007041,nv,3,7.9808973e-07,3.2503494e-06,5.794375e-06,2.715769e-06,1.0974337e-05,0.9999708,5.6767553e-06
ISIC_0030587,HAM_0001848,nv,3,1.9219149e-06,2.102581e-06,2.216435e-06,7.950572e-06,6.0908736e-05,0.9999207,4.1166536e-06
ISIC_0031610,HAM_0004157,nv,3,1.3842659e-06,7.3385313e-06,2.506956e-05,4.5923352e-06,6.588039e-05,0.9998938,1.8124894e-06
ISIC_0025483,HAM_0007170,nv,3,2.272802e-05,2.8396185e-05,0.00012751168,0.00022378995,4.830354e-05,0.9994943,5.505673e-05
ISIC_0032495,HAM_0004770,nv,3,2.4579262e-05,1.7842633e-05,1.3053947e-05,2.6318246e-05,0.00020721763,0.99967384,3.7150938e-05
ISIC_0028614,HAM_0006966,nv,3,0.00010633299,0.04832558,0.0071882186,0.0004441948,0.0007252363,0.9426208,0.00058961293
ISIC_0029259,HAM_0003132,nv,3,1.14753775e-05,7.957716e-05,1.3547733e-05,3.7479625e-05,9.454636e-05,0.99969316,7.02266e-05
ISIC_0028292,HAM_0006686,nv,3,1.9631507e-05,3.784072e-05,3.0228235e-05,8.37895e-05,0.00023396304,0.999516,7.8482684e-05
ISIC_0025347,HAM_0003776,nv,3,1.5233339e-06,8.496475e-06,5.143317e-06,1.5131819e-05,2.1297648e-05,0.99992204,2.6350503e-05
ISIC_0024650,HAM_0003324,nv,3,5.9742633e-06,9.127474e-06,0.00046314806,5.330006e-05,0.0001285488,0.9992943,4.5545457e-05
ISIC_0032301,HAM_0002020,nv,3,5.008456e-05,5.7310193e-05,0.00038821693,0.00021990706,0.00063175574,0.99859387,5.889889e-05
ISIC_0029717,HAM_0002802,nv,3,1.4033147e-05,2.6578276e-05,1.4996674e-05,5.720811e-05,0.000104811596,0.9997398,4.255499e-05
ISIC_0029007,HAM_0000672,nv,3,7.007697e-05,0.00011024654,0.002273524,0.00048429758,0.0003405796,0.9965894,0.00013194783
ISIC_0032428,HAM_0004410,nv,3,7.216494e-05,0.0010118942,0.037823014,0.00060422963,0.11926588,0.8409063,0.00031654641
ISIC_0032342,HAM_0004410,nv,3,0.0005569145,0.000699893,0.018842988,0.0046949736,0.08145152,0.89208615,0.0016675178
ISIC_0030426,HAM_0002670,nv,3,0.00014383763,0.00030036943,0.118833885,0.0017956084,0.044188686,0.834594,0.00014355697
ISIC_0027734,HAM_0002670,nv,3,0.00022984567,0.007001727,0.0412678,0.0024044209,0.20213783,0.7466454,0.000312937
ISIC_0026874,HAM_0001542,nv,3,0.0010093984,0.001871129,0.39009324,0.00097072904,0.0464537,0.55878276,0.00081903394
ISIC_0026501,HAM_0003583,nv,3,0.00015261443,0.0019351763,0.0014722046,0.0010439493,0.006375479,0.98209757,0.0069230516
ISIC_0026006,HAM_0003583,nv,3,5.555431e-05,0.004065654,0.002191115,0.00017313642,0.038687024,0.9529913,0.0018361164
ISIC_0025049,HAM_0001757,nv,3,3.0948593e-06,1.3183436e-05,8.381152e-05,2.5561074e-05,0.16937977,0.8304661,2.8515435e-05
ISIC_0024730,HAM_0003188,nv,3,4.1566156e-05,0.000116120675,0.00011387471,0.00012216973,0.19303863,0.80639833,0.0001692849
ISIC_0030765,HAM_0003188,nv,3,3.399597e-05,3.7703674e-05,5.7267105e-05,7.631242e-05,0.18350405,0.81600803,0.0002827056
ISIC_0031202,HAM_0007350,nv,3,0.0023039642,5.5441902e-05,0.00067806424,0.000119451906,0.65365547,0.34310934,7.8185614e-05
ISIC_0030892,HAM_0007350,nv,3,0.0004917309,0.0026196165,0.0068815798,0.00084797706,0.11662065,0.87187415,0.0006642861
ISIC_0033370,HAM_0001484,nv,3,5.5846504e-05,0.0008182576,0.003543951,8.532224e-05,0.012418019,0.98263943,0.0004392668
ISIC_0033521,HAM_0001484,nv,3,5.1240633e-05,0.00037165952,0.005413705,5.4758857e-05,0.017204722,0.9767652,0.00013874345
ISIC_0032623,HAM_0001484,nv,3,3.8030407e-06,4.284873e-05,0.00028926518,6.245709e-06,0.0027538682,0.99685776,4.614989e-05
ISIC_0033706,HAM_0003993,nv,3,0.00028047222,4.9603066e-05,0.0010075564,0.000118065574,0.047260385,0.9511061,0.00017793113
ISIC_0033097,HAM_0003993,nv,3,0.0017743788,0.00023919984,0.016380746,0.00012853557,0.027379062,0.9539009,0.0001971451
ISIC_0034014,HAM_0003993,nv,3,0.0007386185,0.0001345124,0.002639168,0.00088833756,0.080829225,0.9142645,0.0005056654
ISIC_0033018,HAM_0007415,nv,3,0.00022350124,0.00010828944,0.0017979059,0.0003329041,0.5427146,0.45345503,0.0013677748
ISIC_0032541,HAM_0007415,nv,3,5.974248e-05,7.62627e-05,0.0013249958,0.00017186065,0.03320168,0.9646267,0.0005387556
ISIC_0032515,HAM_0007415,nv,3,0.0023558808,0.0005519724,0.07546821,0.0012487575,0.4103748,0.49211454,0.017885927
ISIC_0033145,HAM_0001912,nv,3,0.00011539174,0.00078242284,0.01556266,0.0001675664,0.083966784,0.8992086,0.00019667172
ISIC_0033799,HAM_0001912,nv,3,4.1706076e-05,0.00017252959,0.00028836887,8.054773e-05,0.3071046,0.6920709,0.0002414123
ISIC_0032882,HAM_0003193,nv,3,5.1944047e-05,3.5078523e-05,0.0015135867,0.00012195873,0.56308323,0.435117,7.7219454e-05
ISIC_0034078,HAM_0003193,nv,3,3.6333582e-05,2.2253695e-05,0.00047860105,6.976178e-05,0.11350673,0.8858518,3.4467197e-05
ISIC_0032818,HAM_0003193,nv,3,0.0027036218,0.00021923418,0.0009806223,0.0009873487,0.279983,0.71496165,0.00016451984
ISIC_0033220,HAM_0006372,nv,3,4.799258e-06,9.525841e-06,8.89642e-06,8.489023e-06,0.0067315125,0.99320835,2.8466697e-05
ISIC_0032817,HAM_0006372,nv,3,1.1508894e-05,1.5517187e-05,6.4066204e-05,5.642791e-05,0.039333776,0.9604444,7.4173084e-05
ISIC_0032820,HAM_0006372,nv,3,9.710923e-06,7.681972e-06,1.4865343e-05,1.4836338e-05,0.008950129,0.9909848,1.7896038e-05
ISIC_0032584,HAM_0003966,nv,3,0.00014706359,6.759414e-05,0.002031142,0.00010087802,0.018650694,0.9783272,0.00067538244
ISIC_0033731,HAM_0003966,nv,3,0.00013185122,0.00018849963,0.005142262,0.00018849963,0.009725002,0.9842576,0.00036619228
ISIC_0032644,HAM_0003966,nv,3,7.400823e-05,5.3724212e-05,0.0030800216,0.00010895065,0.011477244,0.984875,0.00033103468
ISIC_0033288,HAM_0000578,nv,3,0.00010521503,9.768885e-05,0.0002205756,0.022587385,0.5723859,0.4043,0.00030326284
ISIC_0033087,HAM_0000578,nv,3,1.2425706e-05,4.353972e-05,7.552434e-05,0.004978737,0.41086394,0.5839554,7.053405e-05
ISIC_0028591,HAM_0000468,nv,3,0.004153738,0.04080227,0.040526766,0.0005199012,0.5450959,0.36382207,0.005079336
ISIC_0024524,HAM_0000468,nv,3,0.00046997154,0.0047372826,0.0015945579,0.00018767345,0.53801453,0.45305368,0.001942279
ISIC_0032663,HAM_0000468,nv,3,0.0051627024,0.01043404,0.0045338767,0.00019573359,0.89842194,0.06747604,0.01377569
ISIC_0033329,HAM_0004586,nv,3,5.2405547e-05,0.00016300454,0.0075383787,0.00018148989,0.00082659366,0.9911971,4.097322e-05
ISIC_0033769,HAM_0006284,nv,3,1.5644171e-06,4.7913065e-05,6.6381e-06,1.4813813e-05,0.00064420764,0.9991905,9.44527e-05
ISIC_0032904,HAM_0006284,nv,3,2.0992153e-05,0.0001924755,5.0259292e-05,7.753964e-05,0.00241101,0.99622333,0.0010243186
ISIC_0034008,HAM_0006610,nv,3,2.1499638e-05,0.0025483018,0.00016262931,0.00027826751,0.003311463,0.9603636,0.033314206
ISIC_0033250,HAM_0006610,nv,3,0.00027579707,0.0031317677,0.029780107,0.014221873,0.0136904055,0.81574154,0.12315855
ISIC_0028425,HAM_0003867,nv,3,3.0644733e-05,2.9993373e-05,0.00022357915,5.8040016e-05,0.0018756652,0.9975782,0.00020396913
ISIC_0027897,HAM_0003164,nv,3,5.6675426e-06,0.01320911,0.0029675674,2.8782159e-05,0.00013205166,0.98191077,0.0017460344
ISIC_0026209,HAM_0001111,nv,3,0.0031020718,0.00024365616,0.00049316126,0.00011155392,0.9812076,0.014826279,1.5698584e-05
ISIC_0032436,HAM_0001207,nv,3,0.0019409579,0.00070296833,0.10535358,0.00412509,0.020826545,0.86674434,0.00030650487
ISIC_0032176,HAM_0001769,nv,3,0.0036871685,0.000212015,0.004191903,0.0001205668,0.87574387,0.1159999,4.4527642e-05
ISIC_0028186,HAM_0000634,nv,3,0.0016703884,3.8769267e-05,0.00602706,0.0005404453,0.13095745,0.86064756,0.000118257245
ISIC_0026099,HAM_0000634,nv,3,0.00010306042,3.873718e-05,0.008592589,0.000724521,0.11346182,0.8768959,0.00018336657
ISIC_0028202,HAM_0004942,nv,3,4.726061e-05,5.2620144e-05,0.0005247405,0.0005061185,0.022730399,0.97600603,0.00013280478
ISIC_0028150,HAM_0002451,nv,3,0.0002691728,5.6975383e-05,0.007200996,0.001537679,0.024708062,0.965982,0.00024508464
ISIC_0030922,HAM_0005197,nv,3,0.00023590693,0.0005316245,0.06515544,0.0012360639,0.19527955,0.7355393,0.0020220657
ISIC_0029771,HAM_0004656,nv,3,0.000104178805,0.00016104046,0.00035140137,0.0005720541,0.019204611,0.9792539,0.0003527767
ISIC_0027475,HAM_0004656,nv,3,2.6261354e-05,2.3818015e-05,0.000677951,0.00015791292,0.009313238,0.9897501,5.071904e-05
ISIC_0028865,HAM_0004600,nv,3,0.0009548795,0.0024193947,0.038179796,0.0011012083,0.063132524,0.89392936,0.00028281368
ISIC_0028464,HAM_0004600,nv,3,1.9171175e-05,0.00010527047,0.0031632807,0.000105682484,0.01089633,0.9856574,5.2933312e-05
ISIC_0031866,HAM_0003423,nv,3,0.0045229946,0.00047905353,0.011767971,0.0022832057,0.054619186,0.9256196,0.0007079952
ISIC_0028344,HAM_0003423,nv,3,0.030393355,0.0012542921,0.29343304,0.0018321271,0.08124504,0.59044015,0.0014019996
ISIC_0028118,HAM_0007514,nv,3,0.004775114,0.0009569501,0.0072033824,0.00060472084,0.20989786,0.77530897,0.0012529832
ISIC_0026371,HAM_0004360,nv,3,0.0022401938,0.008799777,0.67292947,0.016488383,0.14425772,0.15206921,0.003215203
ISIC_0024857,HAM_0004360,nv,3,2.5517103e-05,0.00045942422,0.63688797,0.00012462217,0.0051636943,0.35726175,7.707799e-05
ISIC_0026122,HAM_0000666,nv,3,0.00020354918,0.0024943089,0.008725677,0.00025332102,0.027884591,0.95832175,0.0021168925
ISIC_0026024,HAM_0000666,nv,3,7.796905e-06,0.00010826548,0.00033299296,1.2508183e-05,0.0030249942,0.9960367,0.0004767576
ISIC_0028720,HAM_0002589,nv,3,8.130655e-06,1.6392329e-05,0.00026430053,0.00010229575,0.004527419,0.99498737,9.423926e-05
ISIC_0026318,HAM_0002589,nv,3,1.0704278e-05,4.1274827e-05,0.00014576149,4.0714363e-05,0.07419065,0.92526084,0.00031008746
ISIC_0024507,HAM_0001017,nv,3,0.00032993962,0.00014842526,0.0003921958,0.0003400808,0.020734094,0.9777901,0.00026511395
ISIC_0034163,HAM_0005263,nv,3,0.0010647585,0.092897624,0.063227065,0.00033373496,0.0008341078,0.8410264,0.000616235
ISIC_0034277,HAM_0005263,nv,3,0.0035216347,0.007124326,0.027835388,0.006751767,0.011812171,0.94271976,0.00023501502
ISIC_0034147,HAM_0005263,nv,3,0.0001239464,0.0047776527,0.0017606602,9.157101e-05,0.0005872868,0.99264705,1.18484e-05
ISIC_0033247,HAM_0005263,nv,3,0.00015417612,0.0052292403,0.003140872,0.0033845042,0.030136317,0.9578731,8.188232e-05
ISIC_0033918,HAM_0005263,nv,3,0.00062904356,0.0076222694,0.0015252944,0.00042480166,0.0012907137,0.98813593,0.00037196878
ISIC_0032889,HAM_0005263,nv,3,0.0015334816,0.018168852,0.0089799715,0.00073076,0.001970953,0.9685333,8.279359e-05
ISIC_0033395,HAM_0004392,nv,3,6.51509e-06,1.736731e-05,0.00090656977,4.647734e-05,0.37808374,0.6209245,1.4739447e-05
ISIC_0033355,HAM_0004392,nv,3,5.3528656e-06,2.6399235e-05,0.0005430823,7.804765e-05,0.4811248,0.5181918,3.062365e-05
ISIC_0033095,HAM_0004392,nv,3,1.6286778e-05,2.5622698e-05,0.001536448,7.074654e-05,0.13776745,0.8605729,1.0556691e-05
ISIC_0033690,HAM_0004347,nv,3,5.6991767e-06,3.1974258e-05,0.00046325196,2.8438495e-05,0.0004216927,0.9990305,1.8541461e-05
ISIC_0032591,HAM_0004182,nv,3,0.00014483178,0.00026742902,0.002467049,0.000119835466,0.13826135,0.8586124,0.00012706687
ISIC_0029143,HAM_0001410,nv,3,0.00020060998,0.0046959063,0.0019839925,0.00043053756,0.009567322,0.9821078,0.0010138191
ISIC_0024830,HAM_0001410,nv,3,5.7364887e-06,0.00015534917,0.02050631,6.179364e-05,0.0001648846,0.9784474,0.00065853086
ISIC_0032455,HAM_0001337,akiec,3,0.63181156,0.0020828715,0.23334019,0.0025173344,0.12674102,0.0033709437,0.00013604517
ISIC_0026100,HAM_0000954,akiec,3,0.5688527,0.40495577,0.009551589,0.005942311,0.004868955,0.004650529,0.0011781368
ISIC_0029567,HAM_0000954,akiec,3,0.62807024,0.32393494,0.02969068,0.0043833284,0.0077836635,0.005806966,0.0003301761
