image_id,lesion_id,diagnosis,fold,p_akiec,p_bcc,p_bkl,p_df,p_mel,p_nv,p_vasc
ISIC_0031633,HAM_0001466,bkl,0,0.0037778954,0.0522542,0.72913754,0.0002175503,0.1492951,0.06515854,0.00015916322
ISIC_0027850,HAM_0001466,bkl,0,0.0021437802,0.010559787,0.237134,0.00036497109,0.7289989,0.020544237,0.00025429376
ISIC_0025033,HAM_0003301,bkl,0,0.4884992,0.036314487,0.26249817,0.021254575,0.05844984,0.13237964,0.00060412474
ISIC_0027310,HAM_0003301,bkl,0,0.22967657,0.01892679,0.41064405,0.0723261,0.056573972,0.21138145,0.00047105466
ISIC_0024981,HAM_0005612,bkl,0,0.0009912038,0.0038670541,0.16898954,0.00015409852,0.24829127,0.57729447,0.000412389
ISIC_0025016,HAM_0007125,bkl,0,0.00061714824,0.9929246,0.0060915626,3.657722e-05,7.9891994e-05,0.00020104468,4.9123988e-05
ISIC_0029147,HAM_0007125,bkl,0,0.002580138,0.96291196,0.032820582,0.0001722266,0.00074012484,0.0005832044,0.00019175775
ISIC_0024698,HAM_0001751,nv,0,0.0010692765,0.0003713408,0.04428362,0.0005155557,0.15098454,0.80199254,0.0007830637
ISIC_0024635,HAM_0003410,bkl,0,0.00016094084,4.1657204e-05,0.40557784,0.00020504395,0.3900404,0.20393735,3.6762354e-05
ISIC_0029425,HAM_0003410,bkl,0,7.020453e-05,9.671083e-05,0.011646267,2.1790867e-05,0.9657977,0.022361247,6.004015e-06
ISIC_0032463,HAM_0003326,bkl,0,0.003256893,0.0001889501,0.81473947,6.218756e-05,0.07973029,0.10197661,4.567546e-05
ISIC_0025548,HAM_0003326,bkl,0,0.0019267778,6.875823e-05,0.8938138,9.945817e-05,0.047648773,0.05636372,7.867789e-05
ISIC_0034318,HAM_0000344,bkl,0,1.8083654e-05,0.0018062575,0.98970747,6.152653e-06,0.00021604294,0.008106952,0.00013907974
ISIC_0032972,HAM_0000344,bkl,0,1.5153895e-06,0.00014897928,0.9986004,4.8434754e-07,9.370806e-05,0.0011037764,5.1072726e-05
ISIC_0030276,HAM_0004075,bkl,0,0.009760975,0.0011021248,0.98068917,0.00022000869,0.0054414286,0.0027171501,6.922881e-05
ISIC_0033691,HAM_0006654,bkl,0,0.0009333528,0.006069901,0.8806298,0.00011614029,0.019079339,0.09299916,0.00017231601
ISIC_0033910,HAM_0006654,bkl,0,0.0027289293,0.15508112,0.11972044,0.00056204764,0.15829432,0.56339866,0.00021458283
ISIC_0032556,HAM_0006654,bkl,0,0.00012508848,0.00022962401,0.9766778,2.726446e-05,0.02153552,0.0013882798,1.6504462e-05
ISIC_0032978,HAM_0000779,bkl,0,0.00083565596,0.00023982163,0.009060969,1.8910304e-06,0.9896343,0.00020254256,2.4860838e-05
ISIC_0033400,HAM_0005258,bkl,0,0.00034270342,8.8099514e-05,0.97005457,0.00017384333,0.00030960672,0.029008437,2.2758788e-05
ISIC_0033677,HAM_0005258,bkl,0,8.67278e-05,8.131425e-05,0.98912036,0.000437226,0.00014825107,0.010102992,2.3070523e-05
ISIC_0033262,HAM_0005258,bkl,0,0.0035173877,0.00033264488,0.9657964,3.4214907e-05,0.0006778931,0.029623797,1.757796e-05
ISIC_0033952,HAM_0000516,bkl,0,0.0007104525,1.6441174e-05,0.7459732,1.8703207e-05,0.2488956,0.0043329657,5.2659747e-05
ISIC_0032567,HAM_0003927,bkl,0,9.48411e-05,5.718797e-05,0.70247084,2.0114112e-05,0.005642826,0.29169175,2.2438913e-05
ISIC_0033088,HAM_0003927,bkl,0,0.00067174673,0.00041022972,0.6995018,0.00011436254,0.008622476,0.29045892,0.00022043959
ISIC_0032756,HAM_0003927,bkl,0,0.00013357196,0.00020809604,0.62641305,2.4902116e-05,0.08527399,0.2879153,3.1112482e-05
ISIC_0033581,HAM_0001855,bkl,0,8.642626e-05,5.070824e-05,0.9590943,0.00021182829,0.0069669997,0.033270173,0.0003195484
ISIC_0033913,HAM_0001855,bkl,0,1.9173003e-05,7.4207815e-06,0.98190826,3.3847413e-05,0.00042611084,0.017533392,7.186521e-05
ISIC_0034303,HAM_0002372,bkl,0,0.052856345,0.0108041605,0.13130069,0.011092825,0.5226111,0.21136029,0.059974566
ISIC_0034031,HAM_0002372,bkl,0,0.0018233653,0.0005615522,0.005808807,0.008203738,0.9262577,0.052001353,0.0053434903
ISIC_0033124,HAM_0002372,bkl,0,0.010412922,0.0036374745,0.08295039,0.00092149567,0.7422225,0.119752884,0.040102396
ISIC_0032898,HAM_0007341,bkl,0,0.00075477635,0.03943765,0.8897423,0.0002744318,0.023861816,0.04499525,0.0009338466
ISIC_0033488,HAM_0007341,bkl,0,0.00010685434,0.12425119,0.852426,1.3852945e-05,0.009557859,0.009665803,0.003978476
ISIC_0033758,HAM_0007341,bkl,0,0.0037322687,0.25534156,0.34528148,0.0046448833,0.038607325,0.3281854,0.02420708
ISIC_0029600,HAM_0001927,bkl,0,9.483215e-06,0.0005798704,0.0011188214,2.2838087e-05,0.82614315,0.011343923,0.160782
ISIC_0031876,HAM_0002810,bkl,0,0.0089082625,0.09502755,0.56365377,0.0025949853,0.016225573,0.3124975,0.0010923665
ISIC_0030542,HAM_0002810,bkl,0,0.004392143,0.03311813,0.81760526,0.0009935102,0.014387224,0.12848264,0.0010210513
ISIC_0027652,HAM_0004958,bkl,0,0.0077468543,0.0006823884,0.8596415,0.0019477439,0.07833603,0.051374026,0.00027143533
ISIC_0032325,HAM_0002184,bkl,0,0.0045103077,0.0053770863,0.4334581,0.0051761456,0.07307758,0.47699127,0.0014095625
ISIC_0025867,HAM_0007220,bkl,0,0.002813215,0.0011941018,0.97980654,0.00033978515,0.01026522,0.0053144856,0.00026670043
ISIC_0028701,HAM_0006128,bkl,0,0.019809728,0.0010524434,0.6745226,0.001752214,0.10153977,0.20095232,0.00037088833
ISIC_0027713,HAM_0001562,bkl,0,0.2730336,0.00026868028,0.4782539,0.00026920554,0.24426821,0.0036765605,0.00022981442
ISIC_0029003,HAM_0004947,bkl,0,0.003128726,0.0016755045,0.97679645,0.00015090387,0.013960495,0.0041932357,9.461784e-05
ISIC_0024711,HAM_0004947,bkl,0,0.06441338,0.017138831,0.86268353,0.00040971403,0.0316697,0.023050154,0.00063457753
ISIC_0032335,HAM_0005498,bkl,0,0.010426444,0.19740614,0.7716603,0.0005523115,0.017649587,0.0021172266,0.00018791451
ISIC_0024890,HAM_0007439,bkl,0,0.0038513397,0.0019805646,0.062583834,0.0064560818,0.87242144,0.05132946,0.0013772665
ISIC_0027780,HAM_0007332,bkl,0,0.012543352,0.0008093436,0.07400208,0.0076489006,0.8272903,0.07597926,0.0017268184
ISIC_0027042,HAM_0002078,bkl,0,0.009639549,4.4357505e-05,0.49707726,5.8306843e-05,0.4893708,0.0037826279,2.71152e-05
ISIC_0024708,HAM_0003868,bkl,0,0.00070338673,0.000119632256,0.30443698,0.0008127619,0.49899933,0.19464912,0.00027869715
ISIC_0029340,HAM_0005157,bkl,0,0.006983869,0.0102925515,0.6532325,0.00038685417,0.0011823217,0.32782504,9.6861506e-05
ISIC_0027649,HAM_0006987,bkl,0,0.012575238,0.000117383126,0.27734607,0.0012743721,0.6473727,0.06104395,0.00027027162
ISIC_0024971,HAM_0005325,bkl,0,0.013414511,0.00031043642,0.65877366,0.00017688134,0.2495544,0.077610925,0.00015917598
ISIC_0026728,HAM_0000884,bkl,0,0.12271542,0.21348764,0.02510216,0.007529679,0.049039774,0.5808866,0.0012388269
ISIC_0030706,HAM_0003089,bkl,0,0.03599437,0.0033251892,0.009542216,0.00094250357,0.6005318,0.34824064,0.00142318
ISIC_0027026,HAM_0002585,bkl,0,0.30446836,0.0001744222,0.004305004,0.6768132,0.006377936,0.0075962087,0.00026492518
ISIC_0028496,HAM_0003830,bkl,0,0.0009771379,0.00024997143,0.8918329,0.00013537724,0.09529245,0.01143677,7.534879e-05
ISIC_0027394,HAM_0006472,bkl,0,0.0019691286,0.004511784,0.5891984,0.0052799643,0.25992772,0.13804658,0.0010664228
ISIC_0024358,HAM_0000933,bkl,0,0.02212498,0.00030820986,0.6854372,0.0007054994,0.1448023,0.145938,0.0006837935
ISIC_0027771,HAM_0000933,bkl,0,0.002488644,0.00024520888,0.497497,0.00025053404,0.33860147,0.16057003,0.00034715337
ISIC_0027367,HAM_0005022,bkl,0,0.00035456425,2.4270194e-05,0.04090209,9.0704634e-05,0.9419008,0.016688116,3.939441e-05
ISIC_0030783,HAM_0006513,bkl,0,0.0027049873,0.00022841698,0.8424447,0.00016452256,0.09214998,0.062230125,7.726093e-05
ISIC_0029358,HAM_0004945,bkl,0,0.005153236,8.1615966e-05,0.100042775,0.00012764981,0.8795637,0.014855516,0.00017550192
ISIC_0031766,HAM_0004945,bkl,0,0.0002646112,1.9337587e-05,0.018677924,2.5024698e-05,0.97688955,0.0040949895,2.8634975e-05
ISIC_0030258,HAM_0004945,bkl,0,0.003079287,6.965211e-05,0.8505761,4.427357e-05,0.14214554,0.0040353127,4.9778115e-05
ISIC_0032051,HAM_0001947,bkl,0,4.209123e-06,2.1836643e-06,0.99674904,1.5789902e-06,0.000121932215,0.0031171555,3.7509906e-06
ISIC_0032481,HAM_0002769,bkl,0,0.00034965502,0.06768176,0.9216309,0.0009951021,0.00089113315,0.008220757,0.0002306569
ISIC_0027996,HAM_0003152,bkl,0,0.0006316218,0.00070980476,0.97823536,6.680038e-05,7.5399636e-05,0.020263012,1.7943996e-05
ISIC_0030522,HAM_0001325,bkl,0,4.4626817e-05,8.652595e-05,0.011624091,6.843744e-06,0.02427405,0.96395874,5.0858393e-06
ISIC_0030208,HAM_0003152,bkl,0,0.00067618967,0.00024466068,0.9814115,0.00077563396,0.00015490947,0.016656823,8.020917e-05
ISIC_0032373,HAM_0001493,bkl,0,0.027883055,0.008327166,0.9620196,0.0004039938,4.6674428e-05,0.0013143361,5.216309e-06
ISIC_0029217,HAM_0002316,bkl,0,0.03990094,0.00029069663,0.9406359,0.00014250679,0.011227134,0.0076487674,0.00015408658
ISIC_0031591,HAM_0004249,bkl,0,0.008029538,0.0010861494,0.9702566,0.0001435892,0.010051646,0.010340381,9.198671e-05
ISIC_0026481,HAM_0007332,bkl,0,0.0008050387,0.00013692127,0.1589026,0.0022054855,0.5996921,0.23668471,0.0015731138
ISIC_0031770,HAM_0006128,bkl,0,0.04482198,0.02067185,0.51021266,0.007884555,0.28204146,0.13161054,0.0027569486
ISIC_0029789,HAM_0001562,bkl,0,0.0014616911,0.00020996056,0.45612103,0.00020955087,0.5148378,0.02665334,0.00050662906
ISIC_0026286,HAM_0005157,bkl,0,0.23538108,0.0026873339,0.6972495,0.001821896,0.0015921927,0.06092498,0.00034299336
ISIC_0024880,HAM_0005157,bkl,0,6.997266e-05,7.383371e-05,0.9970515,4.1289636e-06,3.0509145e-05,0.0027678856,2.307109e-06
ISIC_0027219,HAM_0000202,bkl,0,6.3975094e-05,6.335338e-05,0.98759216,1.966433e-05,0.0013013914,0.010949751,9.77265e-06
ISIC_0027801,HAM_0003840,bkl,0,0.0051785014,0.0006522928,0.9844413,0.00025769655,0.0028698065,0.006549436,5.1041654e-05
ISIC_0030346,HAM_0005146,bkl,0,0.0023803108,0.05174525,0.928925,0.0008194064,0.011166134,0.0048366175,0.00012738984
ISIC_0026526,HAM_0005146,bkl,0,0.0045785825,0.002574002,0.9698122,0.000628327,0.016133714,0.006225418,4.7793466e-05
ISIC_0029991,HAM_0003899,bkl,0,0.8881599,0.0012593026,0.08674561,0.021237178,0.00089123676,0.0016995487,7.173148e-06
ISIC_0027006,HAM_0007018,bkl,0,2.4346118e-05,0.0001825494,0.9960104,5.337697e-06,0.0013795074,0.002388235,9.459882e-06
ISIC_0029596,HAM_0007018,bkl,0,0.0004491546,0.0038409892,0.9512862,0.00012718572,0.013569368,0.030668763,5.834371e-05
ISIC_0025716,HAM_0001200,bkl,0,0.013433055,0.0009526367,0.0055466658,0.00013406115,0.97376084,0.0009544991,0.0052182483
ISIC_0030365,HAM_0004801,bkl,0,0.0006412994,2.255237e-05,0.034945443,0.00012263341,0.942664,0.021487255,0.0001167893
ISIC_0028043,HAM_0000979,bkl,0,0.0006882206,0.00038370764,0.9976544,9.53118e-06,0.00088089245,0.00037729795,5.941206e-06
ISIC_0030188,HAM_0006240,bkl,0,0.011587308,0.006205268,0.0907416,0.0022364522,0.87448996,0.012977169,0.001762282
ISIC_0027437,HAM_0004125,bkl,0,0.0065611843,0.0008879597,0.7583698,0.00070656184,0.078232616,0.15467519,0.0005666306
ISIC_0026290,HAM_0002350,bkl,0,0.0020983317,3.0195322e-05,0.43278638,0.00026443854,0.4589026,0.10585192,6.621077e-05
ISIC_0030876,HAM_0005199,bkl,0,0.97360116,0.00049996504,0.011507667,0.0009580778,0.009192648,0.0025241985,0.0017163182
ISIC_0024982,HAM_0005199,bkl,0,0.8543964,0.00025097118,0.043123454,0.00022762096,0.095860615,0.005439867,0.0007011219
ISIC_0030319,HAM_0003508,bkl,0,0.00025210384,4.768671e-06,0.46707967,4.168063e-05,0.52927065,0.0033403318,1.0788426e-05
ISIC_0025374,HAM_0006031,bkl,0,0.000119744975,3.5121087e-05,0.90796214,4.819272e-05,0.06693894,0.024818601,7.7313154e-05
ISIC_0030533,HAM_0003664,bkl,0,0.00038160288,0.0034299581,0.9863853,0.0012414905,0.00050406274,0.0075865067,0.00047121666
ISIC_0032456,HAM_0003015,bkl,0,0.011919686,0.0004552332,0.3857703,0.0045932047,0.47450554,0.12222066,0.0005353492
ISIC_0024495,HAM_0006466,bkl,0,0.021203259,0.003017558,0.2869005,0.0034799778,0.4391832,0.24206674,0.0041487506
ISIC_0027893,HAM_0000237,bkl,0,0.00040291704,2.8261606e-05,0.9381456,6.88637e-05,0.04269413,0.01861529,4.4985845e-05
ISIC_0028593,HAM_0003120,bkl,0,0.13805665,8.080671e-05,0.8342159,8.175924e-05,0.02269172,0.00474948,0.00012369777
ISIC_0032358,HAM_0006267,bkl,0,0.0014347694,0.00044708283,0.8471379,0.00030847784,0.059594702,0.08946224,0.0016147308
ISIC_0031200,HAM_0006267,bkl,0,0.00057870965,0.0002141465,0.89497495,0.0006481241,0.008642215,0.093778566,0.0011633316
ISIC_0030231,HAM_0003938,bkl,0,0.37367976,0.008336678,0.54796517,0.0051814183,0.055814404,0.007962686,0.0010598897
ISIC_0029032,HAM_0006472,bkl,0,0.00021242007,0.00015033448,0.99230367,3.34787e-05,0.00448007,0.002764137,5.5847693e-05
ISIC_0029243,HAM_0003120,bkl,0,0.0001585038,2.2987836e-06,0.9934535,2.4566195e-06,0.005636776,0.0007437292,2.698069e-06
ISIC_0031951,HAM_0001292,bkl,0,0.00019232917,0.0002124736,0.850636,0.00020755164,0.11785108,0.030803395,9.7277494e-05
ISIC_0030935,HAM_0000237,bkl,0,0.0034057293,0.00020999456,0.5000544,0.00019307857,0.45352963,0.042474188,0.00013296027
ISIC_0029213,HAM_0000237,bkl,0,8.050823e-05,7.2438747e-06,0.95476335,2.4410174e-05,0.035255987,0.009847768,2.0716647e-05
ISIC_0032040,HAM_0000237,bkl,0,0.0009302538,4.2128766e-05,0.82211626,3.4116918e-05,0.14230542,0.03453454,3.7324022e-05
ISIC_0025083,HAM_0003015,bkl,0,0.008336271,0.00060698146,0.82034695,0.0014818942,0.0677339,0.10088934,0.00060461514
ISIC_0025292,HAM_0004630,bkl,0,5.1062576e-05,3.3849326e-05,0.99986553,4.830705e-07,9.20432e-06,3.922758e-05,6.0590617e-07
ISIC_0028376,HAM_0004630,bkl,0,0.0010451338,2.1417429e-05,0.9986953,3.1710056e-06,3.7405665e-05,0.00019385022,3.707281e-06
ISIC_0026576,HAM_0004630,bkl,0,0.00073876855,1.125052e-05,0.99748504,2.8279583e-06,0.00014582774,0.0016120438,4.278564e-06
ISIC_0027504,HAM_0004660,bkl,0,0.00341922,0.0625921,0.7821368,0.00025680076,0.13778597,0.013702744,0.00010642507
ISIC_0026409,HAM_0000893,bkl,0,0.024690328,0.016878497,0.77373993,0.062192827,0.0940029,0.026978347,0.0015171914
ISIC_0025345,HAM_0000893,bkl,0,0.00031766298,0.00042001397,0.9178058,0.043559782,0.029589381,0.008004809,0.0003025247
ISIC_0032303,HAM_0000893,bkl,0,0.0005435892,0.00038621607,0.76095873,0.07295571,0.1567263,0.008139569,0.00028982796
ISIC_0032103,HAM_0000893,bkl,0,0.030032119,0.011277111,0.408951,0.47904694,0.030452963,0.039660014,0.0005798428
ISIC_0024825,HAM_0000893,bkl,0,0.0018288553,0.004500015,0.30756617,0.022484075,0.6523905,0.010386497,0.000843878
ISIC_0027094,HAM_0001292,bkl,0,0.00084420084,0.0011720568,0.95330226,8.490351e-05,0.038062476,0.006457893,7.6255805e-05
ISIC_0028414,HAM_0001733,bkl,0,0.1900555,0.008440642,0.50219864,0.00078357,0.18583426,0.11085839,0.0018289853
ISIC_0026871,HAM_0001240,bkl,0,0.7011017,0.00052486587,0.21009816,0.008266601,0.030109053,0.047990944,0.0019086628
ISIC_0031261,HAM_0004383,bkl,0,0.0001267606,9.02165e-05,0.9994461,3.8497583e-07,0.00011691997,0.00021795582,1.6788038e-06
ISIC_0026015,HAM_0002350,bkl,0,0.0016133221,2.5792004e-05,0.98544216,1.7383705e-05,0.010777552,0.0020842291,3.948203e-05
ISIC_0031496,HAM_0001733,bkl,0,0.3882241,0.004858469,0.29019907,0.0025403092,0.09926701,0.21377051,0.0011405431
ISIC_0025623,HAM_0000821,bkl,0,0.0049270634,0.007642372,0.76933336,0.00096076785,0.024863364,0.19075562,0.0015174159
ISIC_0031465,HAM_0000821,bkl,0,0.00087251863,0.00061449327,0.9587034,0.00023621522,0.003471157,0.03588881,0.00021340266
ISIC_0028931,HAM_0001733,bkl,0,0.007966547,0.0017793135,0.59162223,0.000996157,0.11457925,0.28165442,0.0014020654
ISIC_0030383,HAM_0003996,bkl,0,0.0016751752,0.00028648376,0.975294,1.3346784e-05,0.01965717,0.0030426213,3.115366e-05
ISIC_0025465,HAM_0003996,bkl,0,0.0002476875,0.0021407388,0.93701,0.0002610997,0.05123608,0.008769741,0.00033460447
ISIC_0024489,HAM_0000710,bkl,0,0.00014870655,3.0687326e-05,0.9892568,0.00022719371,0.009218135,0.0010431216,7.536081e-05
ISIC_0026276,HAM_0000710,bkl,0,8.004173e-05,0.00015368298,0.977452,0.001716808,0.017676815,0.002839189,8.162041e-05
ISIC_0027435,HAM_0007500,bkl,0,0.00043819778,0.00039298978,0.99035114,1.2243971e-05,0.00053558196,0.008239973,2.9892622e-05
ISIC_0028180,HAM_0007500,bkl,0,0.0002929264,0.17705546,0.09912531,0.0003411305,0.0018713466,0.72108704,0.00022679851
ISIC_0032395,HAM_0005967,bkl,0,0.001719706,0.0009287315,0.9895555,4.962383e-06,0.007315748,0.00044452364,3.0876985e-05
ISIC_0032031,HAM_0005967,bkl,0,0.0053631794,0.015229864,0.9177187,9.801446e-05,0.059649903,0.0018207247,0.00011962163
ISIC_0026280,HAM_0006346,bkl,0,2.5064663e-05,3.9819213e-05,0.9765404,3.7260856e-05,0.02178631,0.0014373139,0.00013378896
ISIC_0027811,HAM_0006346,bkl,0,2.578359e-05,3.67893e-05,0.98128015,0.000307432,0.0155541375,0.0026858011,0.00010983255
ISIC_0029232,HAM_0005632,bkl,0,5.248902e-06,1.658352e-05,0.99875915,1.1419959e-05,0.00066048856,0.00052325544,2.3801238e-05
ISIC_0025470,HAM_0005632,bkl,0,7.816663e-06,2.3750079e-05,0.99661237,1.8245419e-05,0.0015383788,0.0017637599,3.558353e-05
ISIC_0025753,HAM_0004912,bkl,0,0.0015151964,0.00023868764,0.9537192,2.27279e-05,0.033343192,0.01102768,0.00013336966
ISIC_0031600,HAM_0004912,bkl,0,0.00028604505,0.0007184152,0.96811134,1.4381099e-05,0.015709307,0.015092746,6.780909e-05
ISIC_0028490,HAM_0001642,bkl,0,0.1578297,0.00087306165,0.7283731,0.0011794311,0.085309185,0.025986092,0.0004494136
ISIC_0029924,HAM_0003010,bkl,0,0.0030244533,0.00036915412,0.98835015,0.00010701114,0.0027802265,0.0053197574,4.928118e-05
ISIC_0027083,HAM_0007381,bkl,0,3.155003e-05,0.00020533058,0.99544924,1.2847342e-05,0.0035971694,0.00065015396,5.377333e-05
ISIC_0029778,HAM_0007381,bkl,0,0.00011564828,3.368845e-05,0.9985207,2.8313167e-05,0.00038951758,0.0009030061,9.174005e-06
ISIC_0027831,HAM_0001678,bkl,0,3.3953006e-06,6.3308794e-06,0.9967308,9.067212e-07,0.002650619,0.00060605,1.775274e-06
ISIC_0028209,HAM_0002096,bkl,0,0.00017790096,7.244224e-05,0.99658173,2.79248e-06,0.0022690704,0.0008877134,8.271929e-06
ISIC_0029518,HAM_0002096,bkl,0,2.6893993e-05,1.1772086e-05,0.9392533,1.3079558e-06,0.060515385,0.00017909189,1.2312967e-05
ISIC_0032179,HAM_0005903,bkl,0,0.003896745,0.015529011,0.6476969,0.0007824485,0.15826061,0.1716226,0.0022116422
ISIC_0031428,HAM_0006277,bkl,0,0.00037868402,2.30548e-05,0.69954574,2.791824e-05,0.29505154,0.004946949,2.612451e-05
ISIC_0033783,HAM_0004258,bkl,0,0.00017214322,0.003505185,0.80258447,3.2662163e-05,0.07627319,0.11584931,0.0015829996
ISIC_0033693,HAM_0004258,bkl,0,0.00026861284,0.008460997,0.057778087,6.818178e-05,0.89676785,0.03542266,0.0012335915
ISIC_0034167,HAM_0003728,bkl,0,3.201091e-05,4.749422e-05,0.40807316,1.8130002e-06,0.5799889,0.011758442,9.821613e-05
ISIC_0033949,HAM_0003728,bkl,0,6.322758e-05,0.0002285824,0.9953035,4.818785e-06,0.0017172823,0.0026675826,1.5047226e-05
ISIC_0033784,HAM_0000332,bkl,0,1.606361e-05,1.9076007e-05,0.14129253,6.515687e-06,0.855438,0.0031987063,2.9144305e-05
ISIC_0033307,HAM_0000332,bkl,0,2.2126356e-05,1.7031267e-05,0.32087305,4.5839033e-06,0.67400193,0.0050514652,2.9890802e-05
ISIC_0033631,HAM_0000948,bkl,0,6.58177e-05,1.5070928e-05,0.99882025,1.0583032e-05,1.803754e-05,0.0010669221,3.3041838e-06
ISIC_0034186,HAM_0000825,bkl,0,0.00023001456,0.19003043,0.75011843,3.137323e-05,0.047117904,0.01236367,0.000108227585
ISIC_0030323,HAM_0004232,bkl,0,0.002579683,0.0010221266,0.7733963,0.0045252745,0.002411584,0.21602646,3.856314e-05
ISIC_0026511,HAM_0002242,bkl,0,0.00132751,0.0028699685,0.9537994,0.0009769346,0.0016488892,0.03879553,0.00058164774
ISIC_0024643,HAM_0005101,bkl,0,1.6338086e-05,6.531627e-05,0.9975228,9.8051336e-05,8.216533e-05,0.0021906125,2.4767065e-05
ISIC_0031133,HAM_0007395,bkl,0,2.9606683e-06,3.6280282e-05,0.99647313,4.4191835e-05,0.00041571294,0.003014521,1.3088619e-05
ISIC_0029251,HAM_0001997,bkl,0,0.0053500114,0.00019119827,0.86231285,0.001060188,0.10584353,0.02456967,0.00067258166
ISIC_0027875,HAM_0001429,bkl,0,0.00013932608,0.00014069336,0.6445259,0.00025526082,0.060775507,0.293935,0.00022836785
ISIC_0026291,HAM_0000685,bkl,0,4.292718e-05,9.589137e-05,0.9986829,0.000107603206,5.709185e-05,0.0009832395,3.0321253e-05
ISIC_0031558,HAM_0001402,bkl,0,0.00010090888,0.0012197552,0.43426293,0.0122441305,0.0024712023,0.54895973,0.0007412653
ISIC_0026135,HAM_0006772,bkl,0,0.00010519281,0.00030231182,0.9849303,0.00074896,0.00116911,0.012471303,0.00027284937
ISIC_0029233,HAM_0003757,bkl,0,3.2903013e-06,3.4352757e-05,0.9965682,1.0055971e-05,7.547426e-05,0.0032917752,1.6906497e-05
ISIC_0030207,HAM_0001399,bkl,0,2.1642201e-05,0.00051621336,0.99547297,6.0224702e-05,0.00022332532,0.0035311247,0.00017460667
ISIC_0030226,HAM_0000069,bkl,0,1.7321318e-05,0.0005685839,0.99736834,0.00012380835,0.0001400195,0.0014182959,0.00036371534
ISIC_0025879,HAM_0004289,bkl,0,8.241866e-06,9.542077e-06,0.99879503,1.3535563e-05,1.0378077e-05,0.0011603679,2.9733685e-06
ISIC_0029676,HAM_0002503,bkl,0,0.023176646,0.002073431,0.36046967,0.0028927643,0.03655557,0.57378316,0.0010487135
ISIC_0027428,HAM_0003691,bkl,0,3.136344e-05,0.00018119052,0.9895621,0.00063272595,0.0008216116,0.008519689,0.0002513126
ISIC_0026416,HAM_0003979,bkl,0,7.190075e-06,8.9933346e-05,0.9950938,1.3724547e-05,0.00010826866,0.0046534208,3.3704237e-05
ISIC_0029741,HAM_0005096,bkl,0,4.4367916e-06,1.5760545e-05,0.9986406,1.9310224e-05,0.0005483019,0.0007498059,2.1796042e-05
ISIC_0025654,HAM_0002742,bkl,0,0.00010606354,0.00016062579,0.99794394,6.682814e-05,0.0004776705,0.0011871628,5.772209e-05
ISIC_0025387,HAM_0000792,bkl,0,5.6739614e-06,1.796151e-05,0.9985031,6.9383177e-06,0.00028379186,0.0011714125,1.1196206e-05
ISIC_0026042,HAM_0007000,bkl,0,0.0007754194,0.0110306535,0.43772298,9.370231e-05,0.54263127,0.0075699217,0.0001760877
ISIC_0030789,HAM_0001223,bkl,0,0.007868901,0.0040545203,0.8289376,0.0019721596,0.11608522,0.03768735,0.0033943015
ISIC_0032642,HAM_0002909,df,0,0.0011241887,5.137843e-06,0.0005164533,0.027896116,0.95871776,0.011731487,8.98204e-06
ISIC_0033790,HAM_0002909,df,0,0.012687836,2.5481426e-05,0.0004714997,0.12597126,0.85249144,0.008292493,5.994446e-05
ISIC_0033675,HAM_0002909,df,0,0.0032231207,2.4967392e-05,0.00089661404,0.014386076,0.976558,0.0048850654,2.6063595e-05
ISIC_0028926,HAM_0000720,df,0,0.7327314,0.0012265448,0.002026184,0.19875872,0.042463064,0.022598123,0.00019597204
ISIC_0024973,HAM_0007227,df,0,0.007756211,0.53011996,0.00823229,0.29076558,0.13035628,0.032242924,0.00052678684
ISIC_0029891,HAM_0007227,df,0,0.59804463,0.35020164,0.019337084,0.008365651,0.021310346,0.00244885,0.00029190275
ISIC_0029962,HAM_0007410,df,0,0.0073148976,0.00070542545,0.74395704,0.20141001,0.0073938984,0.03877911,0.0004397229
ISIC_0031457,HAM_0007410,df,0,0.24662551,0.00013507911,0.0966743,0.4828693,0.12043066,0.053128567,0.00013667138
ISIC_0029824,HAM_0005362,df,0,0.0028535202,0.00062867434,0.0045155985,0.90093774,0.08833801,0.0023772307,0.00034922722
ISIC_0025622,HAM_0005362,df,0,5.176558e-05,6.354851e-05,0.00037382066,0.9984036,0.000975196,9.9975834e-05,3.207926e-05
ISIC_0030015,HAM_0006542,df,0,0.001082923,9.117765e-05,0.011087693,0.21250398,0.7682514,0.006799317,0.00018346585
ISIC_0025980,HAM_0005529,df,0,0.00051117124,0.00025255434,0.0042904457,0.42231274,0.012582645,0.5594735,0.00057697465
ISIC_0025903,HAM_0002129,df,0,0.00078535907,0.0020630925,0.0021431828,0.6501062,0.00027730703,0.33859068,0.00603423
ISIC_0027190,HAM_0000040,mel,0,0.0001617635,1.6752663e-05,0.0060405633,0.00010775771,0.9386059,0.054954473,0.00011270877
ISIC_0032248,HAM_0002119,mel,0,0.021391131,0.23042594,0.004253499,9.415577e-05,0.7423727,0.0013462882,0.00011626684
ISIC_0028445,HAM_0000492,mel,0,0.0030824104,0.0012441908,0.03736854,0.00075169787,0.13695566,0.8195208,0.0010767574
ISIC_0027076,HAM_0000492,mel,0,0.0010588038,0.0011662802,0.026883554,0.0010839126,0.07124496,0.89724344,0.00131899
ISIC_0029081,HAM_0006453,mel,0,0.000167919,5.161407e-05,0.009768892,0.00023634169,0.9554772,0.034196824,0.000101253005
ISIC_0025744,HAM_0006453,mel,0,0.0002690448,6.644938e-05,0.0046995846,0.00023193109,0.94869876,0.045958903,7.5297e-05
ISIC_0032214,HAM_0007454,mel,0,0.0012949293,0.051675275,0.0091034295,0.0043338826,0.03216434,0.9008852,0.000542979
ISIC_0027043,HAM_0007390,mel,0,0.00031371313,0.00018990536,0.0006011651,0.00051269954,0.34002015,0.6579712,0.0003911856
ISIC_0027174,HAM_0007390,mel,0,0.0040121116,0.000572103,0.0026609232,0.0024948288,0.80715597,0.18258007,0.00052396685
ISIC_0025234,HAM_0004739,mel,0,1.01708e-05,0.38859853,0.040087413,6.9088424e-06,0.5698421,0.00079544034,0.00065944315
ISIC_0026754,HAM_0001446,mel,0,0.016607264,0.002003286,0.046630267,0.0013903487,0.9175821,0.014779374,0.0010073155
ISIC_0030060,HAM_0004126,mel,0,5.5820863e-05,2.2009708e-05,0.0003954898,4.3339687e-06,0.9986303,0.000868932,2.3201526e-05
ISIC_0030211,HAM_0004126,mel,0,0.00019027658,3.6742986e-05,0.00018352407,4.0427135e-06,0.99937457,0.00012737194,8.361417e-05
ISIC_0025603,HAM_0004579,mel,0,5.3800653e-05,2.2166163e-05,0.0009249763,8.851598e-06,0.98243123,0.016544372,1.4679581e-05
ISIC_0025904,HAM_0006908,mel,0,5.5346944e-05,0.0017293234,0.004292805,2.8268454e-05,0.9911193,0.0026804728,9.4516814e-05
ISIC_0032450,HAM_0006908,mel,0,0.0003299755,0.00057000737,0.00020598987,1.9160043e-05,0.9986455,0.00011144923,0.00011794398
ISIC_0029163,HAM_0006692,mel,0,1.3072447e-05,0.00014585546,0.16151957,0.00016176292,0.8364424,0.0016753512,4.195184e-05
ISIC_0029630,HAM_0006692,mel,0,0.00013715168,4.6210025e-05,0.0015943357,6.528424e-06,0.9981567,4.919032e-05,9.819486e-06
ISIC_0031941,HAM_0007538,mel,0,4.8803107e-05,8.3749735e-05,0.000754515,1.2854067e-06,0.9980665,0.0010444758,8.138688e-07
ISIC_0024315,HAM_0007538,mel,0,0.00037420064,0.00017224418,0.0005777367,2.5155714e-05,0.9667795,0.03206357,7.5975013e-06
ISIC_0026360,HAM_0003990,mel,0,1.2182733e-05,1.9771576e-06,5.291938e-05,9.757157e-05,0.99896276,0.0008649874,7.57922e-06
ISIC_0025996,HAM_0003990,mel,0,2.2148002e-05,5.1891784e-06,0.00038630763,0.0004083211,0.9912595,0.007900651,1.7971064e-05
ISIC_0026296,HAM_0004265,mel,0,0.0008662213,0.00064246496,0.034499865,0.0072362004,0.008020262,0.94807345,0.00066156563
ISIC_0025018,HAM_0004265,mel,0,0.0013998381,0.0018257331,0.038543455,0.0031576662,0.43469205,0.5192431,0.0011380604
ISIC_0026369,HAM_0006522,mel,0,0.0005387922,0.0010673389,0.00604541,0.001054904,0.66431886,0.32376316,0.003211477
ISIC_0030521,HAM_0006522,mel,0,0.00010736426,0.0010811685,0.007094998,0.0007125183,0.89584637,0.09497639,0.0001812115
ISIC_0030089,HAM_0007620,mel,0,8.365124e-05,0.8370121,0.009353007,0.025982583,0.033924926,0.069109894,0.02453384
ISIC_0027616,HAM_0007620,mel,0,0.0004668243,0.07462059,0.19317342,0.05383912,0.020390175,0.656055,0.0014548699
ISIC_0026247,HAM_0004676,mel,0,0.0029585226,0.0018244738,0.15825099,0.0004929724,0.67940235,0.15640731,0.0006633669
ISIC_0028467,HAM_0004676,mel,0,0.0011243253,0.00022009933,0.049421534,0.00015576927,0.6446746,0.30392852,0.0004751404
ISIC_0029513,HAM_0000645,mel,0,0.0020136354,0.0001287274,0.022999872,0.0013880105,0.92052275,0.052801695,0.00014529857
ISIC_0024853,HAM_0000645,mel,0,0.0035542117,7.851104e-06,0.0015753439,0.0002891945,0.97210264,0.022463309,7.404296e-06
ISIC_0028916,HAM_0006208,mel,0,0.00020241967,0.00016328537,0.22025268,3.8935472e-05,0.76875734,0.01027122,0.00031412666
ISIC_0028489,HAM_0005785,mel,0,0.0009066678,0.00041754215,0.404087,0.0005774398,0.105618484,0.48742196,0.0009708146
ISIC_0026236,HAM_0005785,mel,0,0.00547055,0.00301523,0.0229645,0.0032570588,0.13449508,0.8271069,0.0036907308
ISIC_0028317,HAM_0005752,mel,0,6.811242e-05,0.003893953,0.91174227,4.204488e-05,0.07368008,0.010470487,0.00010305079
ISIC_0031013,HAM_0005752,mel,0,0.0006187679,0.0049751117,0.13052146,0.00015402352,0.8217049,0.04095025,0.0010754181
ISIC_0034141,HAM_0000483,mel,0,0.001512,0.0020306485,0.021336218,0.0014343316,0.763599,0.20957337,0.00051443215
ISIC_0033643,HAM_0000483,mel,0,0.0022570898,0.00081906194,0.007680039,0.0012259607,0.21003608,0.77733636,0.00064540526
ISIC_0032629,HAM_0000483,mel,0,0.0015598055,0.0028244427,0.018070273,0.000825983,0.35749862,0.6189098,0.00031106806
ISIC_0032976,HAM_0006330,mel,0,6.2759805e-06,1.1747998e-05,0.00015600133,1.4113438e-06,0.9977842,0.0020384253,2.0059238e-06
ISIC_0033274,HAM_0006330,mel,0,1.7306675e-05,1.4042772e-05,0.00022394375,3.1579414e-06,0.9791612,0.020561391,1.9007663e-05
ISIC_0026745,HAM_0006330,mel,0,4.361465e-06,1.2842203e-06,2.3382952e-05,8.0521556e-07,0.9990947,0.0008744449,8.912924e-07
ISIC_0033416,HAM_0003386,mel,0,0.00012729155,3.4461387e-05,0.0010900089,0.00016440608,0.11260443,0.8857025,0.00027694638
ISIC_0032662,HAM_0003386,mel,0,0.00021018219,9.00458e-05,0.0033707044,0.00045328878,0.06400552,0.9314139,0.00045639803
ISIC_0033452,HAM_0003386,mel,0,0.00016988705,6.335828e-05,0.0033981395,0.000270949,0.09646453,0.8992825,0.00035063407
ISIC_0033902,HAM_0000048,mel,0,0.00037900425,0.00011313288,0.0003987476,0.0064260405,0.9682548,0.023840688,0.0005875868
ISIC_0032774,HAM_0000048,mel,0,1.7790933e-05,3.9625393e-05,3.356402e-05,0.004743955,0.9890204,0.005154546,0.0009900267
ISIC_0029632,HAM_0005535,mel,0,3.4183064e-05,4.414326e-06,0.0036327525,3.2427146e-05,0.9935841,0.0026943646,1.7733939e-05
ISIC_0032892,HAM_0003354,mel,0,0.00012489955,9.0596035e-07,4.5147353e-05,1.1769885e-06,0.9997923,3.5143632e-05,5.081977e-07
ISIC_0033337,HAM_0005581,mel,0,3.1377576e-06,2.1565472e-06,0.00077229587,1.0168448e-05,0.9920918,0.007115785,4.6282566e-06
ISIC_0033594,HAM_0005581,mel,0,4.733433e-05,1.9463947e-05,0.0024877898,4.960595e-05,0.97943956,0.01793906,1.7244101e-05
ISIC_0029209,HAM_0000319,mel,0,0.0051512397,0.0024946283,0.02170872,0.0015996803,0.06340174,0.9030169,0.0026271446
ISIC_0033595,HAM_0005280,mel,0,0.00021833467,0.0008037206,0.0013418775,0.00014932815,0.9953341,0.0020857109,6.704506e-05
ISIC_0034059,HAM_0005280,mel,0,0.000103277904,0.0002458228,0.0011286539,0.00027611622,0.9918681,0.0062415637,0.00013655404
ISIC_0033063,HAM_0005280,mel,0,0.00020282972,1.5078135e-05,0.003859016,7.29131e-06,0.995402,0.00051010057,3.7826815e-06
ISIC_0032726,HAM_0007180,mel,0,0.0023121159,0.000109895685,0.47664708,2.4713361e-05,0.5173955,0.0034440437,6.6655106e-05
ISIC_0033272,HAM_0007180,mel,0,0.00022350442,1.4442474e-05,0.35766813,1.6301663e-05,0.640108,0.0019078235,6.176263e-05
ISIC_0032812,HAM_0005748,mel,0,0.0009595089,0.0022038575,0.00035505788,0.0023147033,0.024649587,0.96935904,0.00015817267
ISIC_0033619,HAM_0005748,mel,0,0.000756661,0.0016010692,0.00027836,0.000310533,0.13052316,0.8662112,0.0003191413
ISIC_0034065,HAM_0005748,mel,0,0.00014787268,0.0021392843,0.00013810197,0.0005340724,0.22470047,0.77212256,0.00021768965
ISIC_0034005,HAM_0006763,mel,0,0.029284019,0.044712797,0.14267056,0.0016352375,0.18974751,0.591353,0.00059688877
ISIC_0033569,HAM_0006566,mel,0,3.630849e-05,8.039673e-05,0.0001201019,2.1550907e-06,0.99919754,0.00031976574,0.00024362156
ISIC_0032535,HAM_0006566,mel,0,0.00214746,0.01735932,0.03329798,6.802618e-05,0.94132984,0.0039749355,0.0018225258
ISIC_0033324,HAM_0004304,mel,0,3.7937107e-06,0.0005955569,0.00096197566,5.247295e-05,0.99830425,7.3065225e-05,8.942065e-06
ISIC_0034316,HAM_0004304,mel,0,0.00013261018,0.031945575,0.006055383,0.00013235143,0.9613422,0.0003618827,2.9879704e-05
ISIC_0033710,HAM_0004304,mel,0,0.00043020348,0.027920315,0.01330505,0.00029683148,0.95674247,0.001279343,2.5735002e-05
ISIC_0031709,HAM_0000282,mel,0,0.036493335,0.00056120165,0.03992383,0.0006484673,0.80739206,0.114736415,0.00024469246
ISIC_0033754,HAM_0004687,mel,0,0.0004956433,0.0002710602,0.00012241527,0.103736214,0.8736769,0.021617256,8.043885e-05
ISIC_0032938,HAM_0004687,mel,0,7.266834e-05,3.576327e-05,7.0708236e-05,0.0024135055,0.94833994,0.049000103,6.733862e-05
ISIC_0025531,HAM_0004767,mel,0,0.93976706,0.0003765767,0.03594393,7.314544e-05,0.022318093,0.001423964,9.7281234e-05
ISIC_0033120,HAM_0007558,mel,0,0.001156222,0.00051107013,0.02150956,0.0012368163,0.42305472,0.55176735,0.000764216
ISIC_0034211,HAM_0007558,mel,0,0.00026934824,2.2811277e-05,0.0027631596,7.2211464e-05,0.8783925,0.11841404,6.600662e-05
ISIC_0028410,HAM_0007558,mel,0,0.00088278786,0.00042109168,0.003039393,0.0005949954,0.31737855,0.6771601,0.0005230345
ISIC_0033545,HAM_0007558,mel,0,0.0019659582,3.7892773e-05,0.0029718135,0.0001444092,0.83791053,0.15682492,0.0001444092
ISIC_0034036,HAM_0003843,mel,0,6.5410735e-05,9.3513736e-05,0.00013632768,0.00020108612,0.9960431,0.0033878542,7.282857e-05
ISIC_0031479,HAM_0000274,mel,0,0.00064436457,3.2167296e-05,0.0012230877,4.195406e-05,0.9952945,0.0027468659,1.7050586e-05
ISIC_0033300,HAM_0003700,mel,0,0.00025983516,5.958425e-05,0.009561657,0.0002979025,0.3909965,0.59853184,0.00029271172
ISIC_0033616,HAM_0003700,mel,0,0.00058381376,8.4106345e-05,0.014311243,0.0007734275,0.6303037,0.3535683,0.00037546892
ISIC_0029606,HAM_0003700,mel,0,0.00026801662,5.7287376e-05,0.0027441345,0.0003316034,0.24557595,0.7505406,0.0004824801
ISIC_0033099,HAM_0003700,mel,0,0.0016998865,0.00066308986,0.042533334,0.0029142837,0.63424575,0.31520328,0.0027403908
ISIC_0033344,HAM_0006540,mel,0,0.0008491438,0.0005667575,0.1036646,5.7447363e-05,0.87307376,0.02172928,5.9039867e-05
ISIC_0032988,HAM_0006540,mel,0,0.00014305911,0.00018261834,0.037998013,2.7143797e-05,0.9554125,0.0062212045,1.55266e-05
ISIC_0033611,HAM_0000799,mel,0,0.0007571022,0.00046826276,0.06484102,0.0008528972,0.5371064,0.39449343,0.0014808873
ISIC_0033586,HAM_0000799,mel,0,0.00037810692,0.00015247094,0.050105985,0.00061372813,0.2339614,0.71364844,0.0011398963
ISIC_0033226,HAM_0000799,mel,0,0.00042825716,0.00010211812,0.025580041,0.00036274796,0.2380025,0.7345325,0.0009918459
ISIC_0032509,HAM_0003335,mel,0,0.0003265311,0.0038442952,0.014508218,0.0001327058,0.037448157,0.9434279,0.0003121873
ISIC_0034068,HAM_0003335,mel,0,0.002491365,0.0182745,0.05965703,0.00021244262,0.20559675,0.71341074,0.0003571669
ISIC_0033487,HAM_0005673,mel,0,0.0058150473,0.10495328,0.0467486,0.00068641716,0.751279,0.07648611,0.01403155
ISIC_0033995,HAM_0005673,mel,0,0.006652411,0.006258522,0.3111248,4.5507233e-05,0.6599389,0.015707057,0.00027284038
ISIC_0034216,HAM_0003843,mel,0,0.00034323405,0.00022009882,0.00040167331,0.00024291447,0.9955681,0.0031455515,7.840205e-05
ISIC_0034243,HAM_0002723,mel,0,0.00075649034,0.00019811466,0.053502243,0.06447303,0.7869779,0.093899354,0.00019277087
ISIC_0034050,HAM_0002723,mel,0,0.00015376689,6.237059e-05,0.0040547913,0.0015667,0.94420063,0.04994316,1.8581315e-05
ISIC_0033394,HAM_0004844,mel,0,0.00023333493,0.00019438828,0.0029000822,2.6721878e-05,0.99343127,0.002618727,0.00059555075
ISIC_0034233,HAM_0004844,mel,0,0.0003628773,0.00016793163,0.007468719,3.2874508e-05,0.98974,0.0015956267,0.00063191337
ISIC_0033122,HAM_0004620,mel,0,0.00095816294,0.00053329795,0.008252043,0.001996983,0.53667223,0.45016146,0.0014257863
ISIC_0033713,HAM_0004620,mel,0,0.0011980428,0.0006282491,0.006429296,0.0029449835,0.69436234,0.29286528,0.0015717248
ISIC_0026268,HAM_0001428,mel,0,8.095821e-05,8.46653e-06,0.009844955,4.290628e-06,0.9847895,0.0052286163,4.3249256e-05
ISIC_0032110,HAM_0002834,mel,0,0.00010708183,3.5867924e-05,0.00019352182,0.0009656604,0.73067087,0.26775086,0.00027612646
ISIC_0026500,HAM_0002834,mel,0,0.00037182233,0.00014195718,0.0024245863,0.0028919482,0.614505,0.37858555,0.0010790603
ISIC_0025512,HAM_0001986,mel,0,0.0060484037,0.020773564,0.018145585,0.008422016,0.663837,0.26821437,0.0145590445
ISIC_0024999,HAM_0001986,mel,0,0.007502756,0.04626956,0.017901765,0.007422591,0.33400932,0.58050776,0.0063861883
ISIC_0032134,HAM_0002430,mel,0,1.7912538e-05,5.988242e-06,9.1412636e-05,5.7316403e-05,0.99383754,0.005852144,0.00013776371
ISIC_0028114,HAM_0002430,mel,0,4.713614e-05,1.8822848e-05,0.00026861374,0.00017410885,0.9849102,0.014354089,0.00022708076
ISIC_0027673,HAM_0002430,mel,0,1.2291106e-05,3.9438496e-06,0.00022379523,8.4735955e-05,0.9902879,0.009300116,8.725518e-05
ISIC_0027793,HAM_0006870,mel,0,0.0004047649,0.00019063808,0.0017815516,0.00021019441,0.10491686,0.89229184,0.00020412572
ISIC_0030192,HAM_0006453,mel,0,0.1725165,0.0059727742,0.02858684,0.007317996,0.030451898,0.7501096,0.0050443374
ISIC_0029859,HAM_0000492,mel,0,0.0010597272,0.0005476358,0.0025260674,0.0023476656,0.11087485,0.8823782,0.0002658558
ISIC_0028003,HAM_0003484,mel,0,0.000320675,0.00022962416,0.0049384325,0.01137339,0.39848623,0.5843414,0.00031020242
ISIC_0030107,HAM_0004888,mel,0,0.0020837688,0.00023840352,0.0022674385,0.00093922816,0.4352737,0.5589025,0.00029496462
ISIC_0024571,HAM_0006699,mel,0,7.116948e-05,5.1303878e-06,0.0100493105,7.551534e-07,0.9896465,0.00021398248,1.3100904e-05
ISIC_0027155,HAM_0000282,mel,0,0.035289783,0.00017567127,0.01004917,0.00030412615,0.861699,0.09225265,0.00022956646
ISIC_0027328,HAM_0004651,mel,0,0.20112771,0.0012076853,0.0711562,1.9520416e-05,0.72570467,0.00068276346,0.000101483725
ISIC_0030382,HAM_0005640,mel,0,0.0007683668,0.0001897732,0.09343754,0.014233012,0.6626703,0.22811988,0.0005811276
ISIC_0029033,HAM_0002719,mel,0,0.0004501731,1.0672697e-05,0.00040186118,1.1906253e-05,0.97820055,0.020905487,1.936354e-05
ISIC_0027030,HAM_0004254,mel,0,4.787311e-05,1.3769558e-05,0.010707611,7.4728865e-05,0.97904724,0.0100588715,4.997499e-05
ISIC_0025132,HAM_0000247,mel,0,0.0012581616,5.446778e-06,0.0019021443,0.0008315941,0.91462934,0.08133668,3.664489e-05
ISIC_0028777,HAM_0000125,mel,0,0.0010499157,0.1825297,0.07505649,0.0004317269,0.6942627,0.046150737,0.0005187318
ISIC_0026877,HAM_0004354,mel,0,0.0003183922,1.9233305e-05,0.0011326631,0.0013756242,0.8134072,0.18363509,0.00011176618
ISIC_0027964,HAM_0000125,mel,0,0.031512253,0.38842314,0.06829346,3.583177e-05,0.50858206,0.0030006052,0.00015263565
ISIC_0025546,HAM_0007498,mel,0,0.0050662044,0.00043496655,0.0785553,0.0010681747,0.82257175,0.09193019,0.00037350276
ISIC_0031239,HAM_0000767,mel,0,0.006378238,0.00021953387,0.0039734123,0.0011170646,0.9824027,0.0058273356,8.1714e-05
ISIC_0027420,HAM_0001551,mel,0,0.0006648852,6.002013e-06,0.00057176925,6.365151e-05,0.9034444,0.09522234,2.6846668e-05
ISIC_0030616,HAM_0005623,mel,0,0.039203316,0.028037447,0.35752144,0.005180079,0.5071489,0.06126932,0.0016395628
ISIC_0025391,HAM_0005535,mel,0,8.10851e-06,1.195665e-07,0.0008126789,1.66351e-06,0.9942173,0.004958853,1.2955429e-06
ISIC_0032372,HAM_0000125,mel,0,0.00026031476,0.7851344,0.13249674,4.5235916e-05,0.07789081,0.0038628364,0.00030973577
ISIC_0031915,HAM_0000136,mel,0,0.00047096485,0.0009275232,0.07889532,0.0007719533,0.6722969,0.24636,0.0002774072
ISIC_0028065,HAM_0000136,mel,0,0.0010794017,0.0001445203,0.008172876,0.00087327283,0.041101936,0.9483533,0.00027478748
ISIC_0029995,HAM_0001835,mel,0,0.1774945,0.00016059447,0.030626312,0.14614564,0.60872185,0.0362544,0.00059668085
ISIC_0027101,HAM_0001835,mel,0,0.020552149,0.00044542336,0.0105674,0.032399245,0.8844977,0.050266765,0.0012713739
ISIC_0026652,HAM_0001835,mel,0,0.51613367,0.0004002189,0.06528346,0.091817535,0.25203523,0.07306048,0.0012694113
ISIC_0025814,HAM_0002194,mel,0,0.0075429147,0.00011966574,0.0055598444,0.010581687,0.9658812,0.010186251,0.0001283826
ISIC_0026853,HAM_0002194,mel,0,2.1593818e-05,1.4076734e-06,0.022245768,5.667033e-05,0.97594064,0.0017221235,1.1717447e-05
ISIC_0027163,HAM_0006964,mel,0,0.000938734,6.3044994e-05,0.0021745109,6.428844e-05,0.9562759,0.040170167,0.00031336362
ISIC_0029642,HAM_0006964,mel,0,0.00082874694,0.00012487793,0.0028005363,0.00013985664,0.9195444,0.07592437,0.00063728663
ISIC_0029893,HAM_0006699,mel,0,0.0026512295,5.3227526e-05,0.018511327,1.4186771e-05,0.9776774,0.0010551013,3.7523456e-05
ISIC_0032269,HAM_0003256,mel,0,0.08751103,0.00016631691,0.06254131,0.0025663073,0.82382023,0.02321077,0.00018409605
ISIC_0028218,HAM_0003256,mel,0,0.00045882238,9.42081e-06,0.002447885,0.00044038423,0.9048978,0.09172175,2.3963092e-05
ISIC_0032433,HAM_0005504,mel,0,0.0004084706,4.2634096e-05,0.36631468,0.0008496647,0.16869664,0.46306512,0.0006228432
ISIC_0027480,HAM_0005504,mel,0,0.0004416205,0.00014966802,0.26433754,0.0012866367,0.044434834,0.6883229,0.0010267984
ISIC_0028773,HAM_0004354,mel,0,0.000111213754,1.5620177e-05,0.00035690502,0.00029501907,0.9536907,0.045484457,4.6089943e-05
ISIC_0028156,HAM_0007498,mel,0,0.0005130425,8.6241846e-05,0.020999894,0.00046078739,0.90611464,0.07166886,0.0001564691
ISIC_0028930,HAM_0002591,mel,0,0.0035838864,0.017183555,0.04515673,0.0013210158,0.77088684,0.16127138,0.00059659255
ISIC_0031389,HAM_0002591,mel,0,0.002213485,0.032242298,0.057422005,0.0008079587,0.794236,0.11209793,0.0009803114
ISIC_0031778,HAM_0003509,mel,0,0.00038664902,0.00083305157,0.26071662,0.00023133005,0.5423198,0.19526772,0.00024481092
ISIC_0031303,HAM_0004547,mel,0,0.003626046,0.00047193238,0.21871121,0.00017125675,0.77388567,0.002394331,0.00073955936
ISIC_0028285,HAM_0004767,mel,0,0.016867865,4.525292e-05,0.1058819,3.3629112e-05,0.8727938,0.00397335,0.0004041234
ISIC_0027832,HAM_0003509,mel,0,0.00022076508,0.000104078565,0.27166733,0.000102065496,0.69372684,0.03413624,4.271376e-05
ISIC_0026092,HAM_0002914,vasc,0,3.358808e-07,0.00018368092,8.76459e-06,1.1794044e-05,3.399415e-05,2.0963651e-05,0.9997404
ISIC_0024904,HAM_0002914,vasc,0,2.6380758e-06,0.0014490212,5.5313587e-05,5.5747416e-05,8.978282e-05,5.6736015e-05,0.9982907
ISIC_0025578,HAM_0002218,vasc,0,5.2371447e-06,0.00034305998,0.00017040846,4.704427e-05,0.0016575578,0.0012548614,0.99652195
ISIC_0029448,HAM_0002218,vasc,0,2.1869114e-06,0.00017784773,3.495196e-05,2.3975237e-05,0.007956218,0.050383154,0.94142175
ISIC_0027385,HAM_0004455,vasc,0,4.4470082e-07,0.00016168381,9.771698e-06,3.2354594e-05,0.000111831156,0.00054750376,0.9991364
ISIC_0030882,HAM_0004455,vasc,0,1.2213717e-07,5.790283e-05,2.7207432e-06,8.265447e-07,3.51971e-05,5.567102e-05,0.99984753
ISIC_0026163,HAM_0003771,vasc,0,5.8377307e-08,5.043782e-06,2.9073027e-07,8.97263e-07,3.930607e-05,4.3148197e-05,0.9999113
ISIC_0025807,HAM_0003771,vasc,0,2.5256855e-07,2.733067e-05,3.2625894e-06,1.1078741e-06,2.6193962e-05,0.000118776996,0.99982315
ISIC_0028146,HAM_0005471,vasc,0,0.0006157355,0.027802356,0.0023534503,0.0008141253,0.009112456,0.24889104,0.7104108
ISIC_0024402,HAM_0004542,vasc,0,1.1902214e-06,5.3454285e-05,1.3944382e-05,2.4568939e-05,5.3038297e-05,0.0005999195,0.9992539
ISIC_0027256,HAM_0004542,vasc,0,7.94072e-06,7.5708216e-05,5.799084e-05,5.3842676e-05,0.00070543896,0.0043108,0.99478817
ISIC_0032839,HAM_0002498,vasc,0,3.5656456e-06,0.00038162587,9.331618e-05,7.1887475e-06,0.0006952659,1.5011928e-05,0.998804
ISIC_0032932,HAM_0002498,vasc,0,3.5535186e-06,0.00018574212,7.487273e-05,8.658689e-06,0.00040495588,1.9172658e-05,0.999303
ISIC_0031706,HAM_0000934,vasc,0,6.7896713e-06,0.00020283139,0.000116192256,4.410161e-05,0.00042124308,0.00087805314,0.9983308
ISIC_0025197,HAM_0000460,vasc,0,0.00026503752,0.0035427017,0.0004421239,0.001010057,0.0281115,0.18729094,0.77933764
ISIC_0032409,HAM_0001238,vasc,0,8.998691e-06,0.00026362314,7.9347505e-05,3.497037e-05,0.00069863605,0.00015764733,0.9987569
ISIC_0027522,HAM_0007113,vasc,0,1.1493776e-06,0.0001313343,3.7435482e-05,1.5468873e-05,0.00014523191,0.00017794185,0.99949133
ISIC_0026490,HAM_0006291,vasc,0,6.561552e-05,0.0010359659,0.0016607313,0.00018438303,0.0016490147,0.0059528453,0.98945135
ISIC_0027937,HAM_0006280,vasc,0,1.3576172e-05,0.0010052623,0.00028745044,5.5399258e-05,0.00013564945,0.000616759,0.997886
ISIC_0032057,HAM_0004862,vasc,0,5.8474175e-06,0.00013784865,5.1209343e-05,4.212366e-05,0.00046385918,0.0019310223,0.99736804
ISIC_0024431,HAM_0002134,bcc,0,0.018717803,0.07675418,0.040604915,0.00048158082,0.835728,0.027595663,0.00011778619
ISIC_0026656,HAM_0002134,bcc,0,0.5573797,0.30363455,0.027520908,0.010379661,0.069272056,0.031491306,0.00032181302
ISIC_0026321,HAM_0006047,bcc,0,0.0018929827,0.2570541,0.0057180193,0.001198562,0.36929333,0.04835213,0.31649086
ISIC_0025467,HAM_0006047,bcc,0,0.0026380494,0.48630536,0.01854565,0.0022564435,0.2017348,0.10465863,0.18386108
ISIC_0031585,HAM_0004219,bcc,0,0.0008063957,0.99451077,0.0026382662,4.3505912e-05,0.0018323881,0.00016069971,8.0320815e-06
ISIC_0030446,HAM_0003805,bcc,0,0.00027551796,0.90910447,0.07232791,0.0001144052,0.00055331003,0.0011353184,0.016489014
ISIC_0031527,HAM_0003805,bcc,0,3.9224637e-05,0.9963792,0.0013161798,9.281731e-05,4.6671477e-05,0.00018172746,0.0019442379
ISIC_0030893,HAM_0002467,bcc,0,0.000116982555,0.90451103,0.0026938955,0.019587176,0.06635969,0.005886882,0.000844367
ISIC_0028085,HAM_0000065,bcc,0,0.0006089467,0.53973854,0.02218811,0.36663476,0.0056990734,0.06443111,0.0006995257
ISIC_0025691,HAM_0000065,bcc,0,0.002389535,0.4319736,0.042247087,0.019822579,0.09795202,0.3964013,0.009213855
ISIC_0030335,HAM_0004603,bcc,0,4.3347663e-05,0.9510734,0.003479447,0.00057772413,0.00048270664,0.04405001,0.0002933487
ISIC_0025793,HAM_0004603,bcc,0,3.8016324e-07,0.99858594,0.0005050917,2.9615983e-05,0.00026428682,0.00059195544,2.2707361e-05
ISIC_0026282,HAM_0005309,bcc,0,0.00044404366,0.9684217,0.0051629404,0.00018619272,0.0016290097,0.023224292,0.00093181455
ISIC_0027744,HAM_0005309,bcc,0,1.8149654e-05,0.99720734,0.0012905344,2.5943577e-06,9.2894465e-05,0.0012655732,0.00012294504
ISIC_0031442,HAM_0005982,bcc,0,0.001392932,0.7847736,0.062192786,0.00016474529,0.12176756,0.029306157,0.0004022117
ISIC_0026766,HAM_0005982,bcc,0,0.013549959,0.6169222,0.06458014,0.016585551,0.27375755,0.012409879,0.0021947564
ISIC_0032415,HAM_0000463,bcc,0,0.00055639056,0.96178734,0.014543482,0.0019899893,0.004135361,0.0120647,0.004922867
ISIC_0030177,HAM_0000463,bcc,0,1.4904815e-05,0.9839601,0.00028454832,8.295779e-06,0.00036608157,0.0001307856,0.0152353225
ISIC_0026324,HAM_0005058,bcc,0,6.033097e-05,0.98946893,0.00024763474,0.010126312,2.6824046e-05,4.8281095e-06,6.510605e-05
ISIC_0025700,HAM_0005058,bcc,0,0.00050718413,0.9973514,0.000904595,0.0008910055,0.00021941906,5.668263e-05,6.972083e-05
ISIC_0024885,HAM_0005243,bcc,0,9.367227e-07,0.9999808,1.0751676e-05,1.7228967e-06,4.8501704e-07,4.395276e-06,9.645717e-07
ISIC_0033720,HAM_0005396,bcc,0,0.0023130274,0.99575233,0.00080878346,0.000109083456,0.00035942157,0.0006231511,3.4190813e-05
ISIC_0034255,HAM_0005396,bcc,0,0.00056915777,0.9988626,0.0004774104,6.3568236e-06,3.665251e-05,4.408203e-05,3.7958323e-06
ISIC_0032834,HAM_0005396,bcc,0,0.00010052279,0.9997079,0.00017750308,2.5208433e-06,3.625074e-06,7.1812137e-06,7.839772e-07
ISIC_0027544,HAM_0000998,bcc,0,0.00011865653,0.99686015,0.0027727648,5.0784955e-05,4.446879e-05,0.00013737539,1.579402e-05
ISIC_0032652,HAM_0004083,bcc,0,5.1321436e-05,0.98213446,0.0032619683,0.00010326797,0.0019404534,0.012053289,0.0004551949
ISIC_0033551,HAM_0004083,bcc,0,0.00018848247,0.8467504,0.0020886608,0.00037630924,0.0050497344,0.14514512,0.00040136225
ISIC_0033571,HAM_0004083,bcc,0,2.8086426e-05,0.99246067,0.00050003646,4.3671367e-05,0.00065504276,0.006124498,0.00018803979
ISIC_0024666,HAM_0005435,bcc,0,0.43697143,0.24084768,0.077356346,0.0012083343,0.19908562,0.04430828,0.00022221352
ISIC_0028890,HAM_0005435,bcc,0,0.007778283,0.63627607,0.03234258,0.0021389609,0.26061767,0.05982208,0.0010242821
ISIC_0025752,HAM_0005435,bcc,0,0.118345425,0.49389285,0.01390842,0.0017639452,0.33353254,0.038290035,0.00026683655
ISIC_0033372,HAM_0001749,bcc,0,3.2506683e-05,0.9921381,0.0056073656,1.4853604e-05,0.0006859208,0.0014749615,4.6201316e-05
ISIC_0034066,HAM_0001749,bcc,0,0.00030920733,0.9976059,0.001372304,3.5753076e-06,0.00016926626,0.00051883725,2.0898475e-05
ISIC_0027090,HAM_0001018,bcc,0,0.0007772011,0.6309096,0.008916338,0.00029441668,0.106678426,0.25144914,0.0009748286
ISIC_0027814,HAM_0006631,bcc,0,0.21634284,0.7806036,0.0011464038,0.00074307085,9.9392106e-05,0.0009148858,0.0001497892
ISIC_0028677,HAM_0001711,bcc,0,0.49133754,0.047918163,0.04630801,0.0051125675,0.00025880075,0.40892738,0.00013744805
ISIC_0028059,HAM_0004273,bcc,0,7.644952e-05,0.9976852,0.00051786605,1.7058192e-05,0.0011359664,0.0003814777,0.00018609903
ISIC_0029331,HAM_0002069,bcc,0,0.722674,0.27216154,0.0026268114,0.001800098,0.00016759877,0.00039120403,0.00017875676
ISIC_0027601,HAM_0005842,bcc,0,3.6043588e-07,0.9999857,3.1258774e-06,4.076913e-06,2.3000366e-07,4.068958e-06,2.4296855e-06
ISIC_0028316,HAM_0001296,bcc,0,0.05431978,0.94421804,0.00034182,0.0002372347,0.00051614805,8.7958266e-05,0.00027898536
ISIC_0029278,HAM_0002224,bcc,0,0.002789036,0.9949067,0.0021467975,1.5855705e-05,9.3042894e-05,4.2184165e-05,6.257882e-06
ISIC_0030737,HAM_0003119,bcc,0,0.9858586,0.0065781088,0.0065974095,0.00020059105,0.0006792537,7.870615e-05,7.3351252e-06
ISIC_0026952,HAM_0002167,bcc,0,2.6452792e-05,0.9998901,5.6577734e-05,2.0538118e-06,2.5311704e-06,1.7690325e-05,4.719622e-06
ISIC_0028583,HAM_0004880,bcc,0,0.25636193,0.43864903,0.027160892,0.00065179897,0.26919022,0.0077793524,0.00020670625
ISIC_0024403,HAM_0003680,bcc,0,0.0076313894,0.7018743,0.002671033,0.0019107661,0.23926757,0.04613567,0.000509278
ISIC_0025975,HAM_0005835,bcc,0,0.00023714211,0.9365045,0.058140207,0.0002129884,0.0032952963,0.0015861266,2.3664408e-05
ISIC_0031236,HAM_0002744,bcc,0,0.21042076,0.19980687,0.4723418,0.002869642,0.059417143,0.05367236,0.0014714062
ISIC_0026156,HAM_0005068,bcc,0,2.7263924e-05,0.99981946,0.00014012393,5.12274e-06,4.6099667e-06,2.1271499e-06,1.2876643e-06
ISIC_0029974,HAM_0004627,bcc,0,0.49536616,0.48012534,0.003457181,0.00057325675,0.014083368,0.005159523,0.0012351058
ISIC_0031597,HAM_0004627,bcc,0,0.0063814567,0.26069662,0.09789202,0.011134373,0.1365082,0.47113946,0.016247949
ISIC_0026798,HAM_0005536,bcc,0,0.92106086,0.0060268785,0.056130234,0.002802759,8.921899e-05,0.013758664,0.00013134305
ISIC_0027966,HAM_0005417,bcc,0,8.739954e-06,0.99887925,0.00061782525,5.7206175e-06,7.246758e-05,0.00039357744,2.2405606e-05
ISIC_0024448,HAM_0005417,bcc,0,3.6397626e-07,0.99999464,2.2891957e-06,2.1990208e-07,1.1102306e-06,1.014833e-06,2.4531852e-07
ISIC_0032022,HAM_0005417,bcc,0,1.9947142e-06,0.9999902,3.3112865e-06,2.2732509e-07,2.1715948e-06,1.2778619e-06,6.9340587e-07
ISIC_0028815,HAM_0004967,bcc,0,0.000199095,0.9987801,0.0006291413,5.621219e-05,0.000100995014,0.0002212406,1.3221814e-05
ISIC_0032225,HAM_0001388,bcc,0,0.10791774,0.1945569,0.06114536,0.0035184813,0.5746336,0.05737068,0.00085720356
ISIC_0025711,HAM_0005501,bcc,0,0.017821312,0.9265286,0.0063815913,0.00088197953,0.040589735,0.007471773,0.0003250965
ISIC_0027046,HAM_0005371,bcc,0,0.026733108,0.3483771,0.4145169,0.0026965076,0.012745524,0.19314513,0.0017857671
ISIC_0031154,HAM_0005371,bcc,0,0.0379056,0.040379867,0.5978128,0.001746022,0.0154033685,0.3053329,0.0014195059
ISIC_0028168,HAM_0005371,bcc,0,0.0025711302,0.123040006,0.51751214,0.0015085401,0.002826593,0.35153675,0.0010049043
ISIC_0031056,HAM_0007507,bcc,0,3.4054534e-05,0.9995621,4.180606e-05,2.0817119e-05,7.076812e-05,0.00020810062,6.239168e-05
ISIC_0026118,HAM_0007627,bcc,0,0.0010097931,0.99118936,0.0069718063,2.7293838e-05,9.848103e-05,0.0006832602,1.9968596e-05
ISIC_0029820,HAM_0007627,bcc,0,0.02463958,0.6620689,0.30311725,0.0005783367,0.006872298,0.0025944577,0.00012904435
ISIC_0031063,HAM_0003764,bcc,0,4.8792267e-06,0.9999449,4.2542946e-05,3.7186214e-07,3.1749735e-06,3.3534402e-06,8.234025e-07
ISIC_0028877,HAM_0003764,bcc,0,0.00015047661,0.99907875,0.00047964603,8.622997e-06,8.0308695e-05,0.00016819697,3.403807e-05
ISIC_0030514,HAM_0006872,bcc,0,0.59775096,0.35484812,0.014300065,0.031780344,0.00035055695,0.0004518858,0.0005180896
ISIC_0024345,HAM_0006872,bcc,0,0.00082796643,0.9957562,0.00045435323,0.0025101644,3.576189e-05,0.00019070179,0.00022470162
ISIC_0031651,HAM_0006631,bcc,0,0.033917073,0.9569607,0.001960761,0.0021555787,0.00037604946,0.0036293562,0.0010004811
ISIC_0030868,HAM_0001693,bcc,0,0.4341431,0.030362794,0.51555765,0.00484177,0.0067484416,0.0082120355,0.00013416875
ISIC_0026995,HAM_0001693,bcc,0,0.02315049,0.8655402,0.010656149,0.0014070268,0.010457697,0.08867992,0.00010849826
ISIC_0030094,HAM_0003101,bcc,0,3.1664724e-05,0.9990681,0.0003101902,2.2019358e-05,7.729521e-06,0.00011447535,0.00044590267
ISIC_0029220,HAM_0002258,bcc,0,0.0041533345,0.9737814,0.017887758,0.0006174888,0.0023543967,0.001047311,0.0001582748
ISIC_0031986,HAM_0000658,bcc,0,0.87582844,0.110698566,0.010664999,0.00012810464,0.002526982,7.9697485e-05,7.313452e-05
ISIC_0026829,HAM_0007497,bcc,0,0.00025000097,0.93109924,0.03899815,0.00047720646,0.002858317,0.025700798,0.000616346
ISIC_0032222,HAM_0001415,bcc,0,0.025146006,0.8061166,0.13340642,0.0003398483,0.02584939,0.008859463,0.00028229496
ISIC_0025019,HAM_0001415,bcc,0,0.4182453,0.5650133,0.008587657,0.00039969367,0.006221806,0.001231143,0.0003011159
ISIC_0032318,HAM_0006444,bcc,0,0.0052574514,0.9897371,0.00033397097,0.0012240034,0.0033828835,3.149176e-05,3.3132248e-05
ISIC_0032115,HAM_0000701,nv,0,6.384766e-06,1.9098658e-05,8.343585e-06,0.00016583527,0.000104106955,0.999342,0.00035425895
ISIC_0025251,HAM_0000956,nv,0,0.00027633042,0.00042341597,0.015842088,8.883953e-05,0.006900649,0.9762941,0.00017462013
ISIC_0031282,HAM_0003042,nv,0,0.00082089065,0.00024695793,0.003288166,0.014423308,0.010217674,0.96957064,0.0014322909
ISIC_0026583,HAM_0007329,nv,0,0.004423361,0.0007965577,0.003037161,0.0075381803,0.0035856466,0.98022157,0.00039741735
ISIC_0025457,HAM_0002108,nv,0,0.0016930564,0.00057913567,0.001723922,0.0030463308,0.005034827,0.98751116,0.00041147156
ISIC_0029594,HAM_0003227,nv,0,0.0006587904,0.0010273536,0.0013197924,0.00049244845,0.0033743244,0.9923074,0.0008198779
ISIC_0024968,HAM_0000128,nv,0,0.00011122184,0.0001705897,0.00043519086,0.0019434978,0.003110633,0.9936925,0.0005363404
ISIC_0024828,HAM_0001587,nv,0,3.2630058e-05,0.000112124406,0.00020906722,0.0003463808,0.0001218288,0.9978508,0.001327165
ISIC_0027725,HAM_0005775,nv,0,0.0002450512,8.3049425e-05,0.0023097058,0.0005988564,0.22718011,0.76854044,0.0010428466
ISIC_0031974,HAM_0000758,nv,0,0.0020732451,0.0038544652,0.0059118965,0.00578059,0.063496836,0.912355,0.006527916
ISIC_0029569,HAM_0005853,nv,0,0.002754152,0.00052872807,0.004559714,0.005876987,0.0015815763,0.9843837,0.0003151019
ISIC_0030072,HAM_0005384,nv,0,0.00032220394,0.0005470179,0.00024535932,0.0010694414,0.0010683974,0.9958157,0.0009318729
ISIC_0024872,HAM_0005823,nv,0,0.0004374519,0.016515758,0.007273566,0.003846023,0.018765135,0.95032614,0.0028358796
ISIC_0031935,HAM_0001270,nv,0,0.00036522758,0.0019898873,0.023703365,0.0011449301,0.012436025,0.9589245,0.001436064
ISIC_0028185,HAM_0005252,nv,0,0.0013240133,0.0010092255,0.003102568,0.0026062534,0.0011627465,0.99014866,0.00064653414
ISIC_0028879,HAM_0005858,nv,0,0.0012152627,0.00824899,0.060354393,0.0008483901,0.0067864708,0.9213313,0.0012152627
ISIC_0029540,HAM_0003516,nv,0,0.00013929339,0.0103544975,0.0013555643,0.0005466288,0.007985722,0.9768137,0.0028046216
ISIC_0028924,HAM_0001149,nv,0,0.00038436256,0.00067129155,0.00092564675,0.00044196684,0.0076301866,0.98867947,0.0012670637
ISIC_0032016,HAM_0007551,nv,0,0.003286898,0.0067344047,0.020642387,0.00091363036,0.0065977033,0.9597781,0.0020468694
ISIC_0030523,HAM_0006362,nv,0,0.001623023,0.0035054188,0.001623023,0.0026955835,0.004776156,0.980057,0.0057198005
ISIC_0029637,HAM_0001807,nv,0,0.00019094179,8.164326e-05,0.00046571327,0.0006551595,0.012798033,0.9853939,0.00041461867
ISIC_0025143,HAM_0000561,nv,0,0.00028382064,6.9417525e-05,0.0001931712,0.00088539853,0.020689985,0.97761744,0.00026070292
ISIC_0029829,HAM_0006992,nv,0,0.00072348467,0.0018538083,0.0023884869,0.000792268,0.003960607,0.9893293,0.0009519318
ISIC_0032169,HAM_0005044,nv,0,2.5996824e-05,5.1903207e-05,0.00010102785,0.00018482326,0.00022600836,0.9991048,0.00030531784
ISIC_0029373,HAM_0003671,nv,0,0.0001121229,8.4717496e-05,0.00021559554,0.000266225,0.00036925598,0.9988123,0.00013967554
ISIC_0024357,HAM_0005676,nv,0,0.0006070059,0.00016790228,0.06840135,0.001956571,0.008042722,0.92057824,0.00024621244
ISIC_0032387,HAM_0005867,nv,0,0.0033589993,0.0003992212,0.032402795,0.0013038925,0.17967242,0.78198725,0.00087539206
ISIC_0025206,HAM_0004395,nv,0,0.0020676786,0.012536854,0.6019983,0.006356471,0.01575548,0.32986787,0.031417295
ISIC_0029496,HAM_0001448,nv,0,0.00010896423,0.00016389448,0.00029403402,0.0002833226,0.0004322263,0.99855703,0.0001605676
ISIC_0031331,HAM_0004419,nv,0,0.0010302305,0.00035848035,0.0017975476,0.00025619433,0.013878885,0.9806161,0.0020624085
ISIC_0026557,HAM_0000598,nv,0,0.0008730052,0.0025961509,0.022058068,0.0032786392,0.03017926,0.9370174,0.003997506
ISIC_0030669,HAM_0007244,nv,0,0.0021803824,0.0037325737,0.0021867796,0.0043045646,0.014406563,0.96891797,0.0042710663
ISIC_0030050,HAM_0001662,nv,0,0.00036454306,0.00042661044,0.0017403325,0.00022946582,0.0015419197,0.9952549,0.00044230695
ISIC_0024365,HAM_0001534,nv,0,5.524154e-05,4.5886383e-05,0.0017126501,0.00056284503,0.00053628435,0.99699044,9.6573945e-05
ISIC_0029966,HAM_0003064,nv,0,0.00039766944,0.0014202248,0.002924089,0.00026881398,0.0011849052,0.99337476,0.0004295635
ISIC_0031106,HAM_0004100,nv,0,0.00027098376,0.00012850465,0.050889425,0.011449614,0.005547495,0.92976195,0.0019521143
ISIC_0028395,HAM_0006001,nv,0,0.0007406443,0.00028443057,0.0018511014,0.0046536685,0.001053182,0.991267,0.00014988438
ISIC_0027316,HAM_0004437,nv,0,0.00082703313,0.00015861462,0.0011680133,0.0006428373,0.0018006823,0.9951196,0.00028331397
ISIC_0032153,HAM_0001627,nv,0,0.002243512,0.0024329321,0.0038878145,0.00463044,0.0035711448,0.98055685,0.0026772772
ISIC_0028682,HAM_0002651,nv,0,0.00045766842,0.00063416985,0.017910404,0.0024753404,0.011093707,0.96553904,0.0018895874
ISIC_0029112,HAM_0003883,nv,0,7.862059e-05,0.0003745288,0.00015124945,0.00021942286,0.0005957256,0.9983431,0.00023725268
ISIC_0029258,HAM_0002786,nv,0,0.00048459054,0.00038710455,0.0014403763,0.0015483194,0.0011206713,0.9947606,0.00025837138
ISIC_0032100,HAM_0000101,nv,0,0.00036035717,0.0010539896,0.0011296622,0.02352471,0.0014936391,0.97046757,0.0019700737
ISIC_0030214,HAM_0006216,nv,0,0.0032326255,0.0019741356,0.0057655927,0.0024116857,0.011867835,0.9700972,0.0046509164
ISIC_0028282,HAM_0002624,nv,0,1.9039651e-05,0.000522517,0.00091335917,7.486334e-05,0.0002372192,0.9982022,3.0844098e-05
ISIC_0026435,HAM_0006532,nv,0,0.0020345356,0.0003716036,0.0014935944,0.0007065583,0.016640345,0.9775724,0.0011809537
ISIC_0029943,HAM_0002632,nv,0,0.0002406458,0.00015905716,0.00060203666,0.0004652179,0.013850278,0.98434573,0.00033705303
ISIC_0028848,HAM_0004828,nv,0,0.001960877,0.015647266,0.020124624,0.0064231926,0.090065785,0.858703,0.0070751957
ISIC_0031704,HAM_0002918,nv,0,0.0015501321,0.0022887106,0.0052954913,0.009116342,0.0102385245,0.96105117,0.010459595
ISIC_0025930,HAM_0000154,nv,0,0.0008227533,0.0036657823,0.0069107274,0.00077139714,0.008872467,0.97177064,0.0071861837
ISIC_0031234,HAM_0006177,nv,0,0.0017311397,0.0022055293,0.0022163247,0.0019857308,0.0017566847,0.98922765,0.0008768707
ISIC_0025056,HAM_0007155,nv,0,0.00032248854,0.0005937267,0.00062100624,0.0040208995,0.0013524342,0.9918405,0.0012489663
ISIC_0032011,HAM_0002433,nv,0,0.00054527575,0.0009682696,0.001151534,0.0011956533,0.0026128222,0.9916754,0.0018509601
ISIC_0030540,HAM_0000529,nv,0,0.00031888642,0.0012649206,0.024290552,0.0011239455,0.0012987165,0.9712307,0.00047220493
ISIC_0031151,HAM_0003438,nv,0,0.0009270812,0.0015495395,0.056247108,0.017535498,0.032236975,0.8902242,0.0012796052
ISIC_0029184,HAM_0005454,nv,0,0.00037765413,0.00014616849,0.0009867611,0.00027548938,0.015995657,0.981915,0.00030315743
ISIC_0030308,HAM_0006250,nv,0,0.00080405135,0.0018676503,0.028150687,0.0025477943,0.11101242,0.8546207,0.0009967567
ISIC_0032366,HAM_0004046,nv,0,9.743103e-05,0.00029545595,8.3337174e-05,0.0008536788,0.005888209,0.9921806,0.0006012249
ISIC_0028827,HAM_0001816,nv,0,1.1276574e-05,7.826325e-06,8.826509e-05,4.5125442e-05,0.0018434741,0.9978442,0.00015982741
ISIC_0025558,HAM_0004933,nv,0,0.0013438348,0.0034299274,0.0041030818,0.013410856,0.005005157,0.9702547,0.002452456
ISIC_0028768,HAM_0000148,nv,0,0.0011718832,0.0016802852,0.0038330879,0.0038612653,0.0093718795,0.9786275,0.0014541658
ISIC_0026383,HAM_0004039,nv,0,0.00050704234,0.0003532819,0.0072216913,0.0029235317,0.010631358,0.9777875,0.0005756775
ISIC_0025794,HAM_0001810,nv,0,0.00022506705,0.00027819225,0.0006220372,0.0005315373,0.0022609204,0.9954295,0.000652845
ISIC_0028805,HAM_0006166,nv,0,0.0030462625,0.03420502,0.023618046,0.012208092,0.011792115,0.9106064,0.0045241206
ISIC_0028462,HAM_0004702,nv,0,0.0003984334,9.426727e-05,0.003969393,0.00037247041,0.008073396,0.9865739,0.0005181349
ISIC_0031422,HAM_0003375,nv,0,0.001454099,0.00029715418,0.08191125,0.017018251,0.15483426,0.74301374,0.0014712393
ISIC_0029784,HAM_0005563,nv,0,0.017570727,0.050669096,0.13908453,0.08547855,0.011670386,0.6503836,0.045143113
ISIC_0026700,HAM_0006901,nv,0,0.0019399633,0.00042803033,0.009914683,0.00031746444,0.011278779,0.9744834,0.0016376062
ISIC_0031319,HAM_0002845,nv,0,0.0014798393,0.000513922,0.004846879,0.0026523063,0.0029058855,0.98719066,0.0004105354
ISIC_0029385,HAM_0005187,nv,0,0.0011450376,0.00025989627,0.0013988253,0.00031410766,0.022808578,0.9736413,0.00043227922
ISIC_0024464,HAM_0005604,nv,0,0.0002901759,8.4445994e-05,0.0011191679,0.00024197795,0.017605312,0.9801758,0.00048311413
ISIC_0031237,HAM_0001978,nv,0,0.0015114351,0.00314242,0.0018810114,0.00355909,0.0075098015,0.97629297,0.0061031897
ISIC_0024788,HAM_0001121,nv,0,0.0012649898,0.00096329383,0.0054321745,0.0038454111,0.0056396113,0.97985816,0.0029962717
ISIC_0028975,HAM_0004819,nv,0,0.00082517235,0.002445532,0.00058399304,0.0009827913,0.0020861644,0.99094325,0.002133031
ISIC_0026185,HAM_0001897,nv,0,0.0005115762,8.400328e-05,0.00087192166,0.0014502462,0.019883642,0.9769433,0.0002552348
ISIC_0030041,HAM_0000925,nv,0,0.0039549368,0.01213568,0.0049292133,0.00786149,0.0015292375,0.9630273,0.00656211
ISIC_0026936,HAM_0000574,nv,0,6.5088956e-05,0.00057113747,0.0020794657,0.0004991289,0.0050954665,0.9911432,0.00054658216
ISIC_0025120,HAM_0000551,nv,0,0.00020077951,5.0665956e-05,0.00065066083,0.001501059,0.08844162,0.9090688,8.635419e-05
ISIC_0027220,HAM_0005797,nv,0,0.00051759405,0.00024449415,0.0022737181,0.0027715715,0.010503305,0.98266095,0.0010283539
ISIC_0029675,HAM_0001314,nv,0,0.00023199558,0.0007286909,0.0006570328,0.00056917,0.0028876627,0.9945042,0.00042132227
ISIC_0029604,HAM_0001804,nv,0,0.00016706431,9.706784e-05,0.0022265813,0.0013386722,0.055009097,0.9395389,0.0016226507
ISIC_0031771,HAM_0001582,nv,0,0.00043916,0.0011570324,0.049246345,0.0086017195,0.01607405,0.92288,0.0016016812
ISIC_0025274,HAM_0001504,nv,0,0.0012221383,0.005663541,0.03142716,0.00039910187,0.017415147,0.94113487,0.0027380409
ISIC_0030120,HAM_0000729,nv,0,0.009367363,0.015110366,0.013261802,0.0025125889,0.003424255,0.95130724,0.005016437
ISIC_0026057,HAM_0000038,nv,0,0.0019085625,0.0038399026,0.0021616288,0.0009283442,0.00042794232,0.9896259,0.0011078321
ISIC_0025192,HAM_0004982,nv,0,0.00057772355,0.00037155216,0.0010104767,0.0022173459,0.0016774221,0.9928295,0.0013159809
ISIC_0027085,HAM_0007026,nv,0,0.00060654874,0.0006609793,0.009469505,0.0004339044,0.0016886943,0.9868925,0.00024795666
ISIC_0031995,HAM_0006649,nv,0,0.002431678,0.0013442122,0.0050151255,0.0025758992,0.00764622,0.9762305,0.0047563473
ISIC_0026168,HAM_0002013,nv,0,0.0014405698,0.0022752045,0.004834279,0.0016974059,0.0076482156,0.97994816,0.0021562253
ISIC_0028933,HAM_0001572,nv,0,0.00060728966,0.0001227774,0.0018382141,0.00065216323,0.0072622946,0.9890633,0.00045395145
ISIC_0028613,HAM_0004080,nv,0,0.005742669,0.00093512196,0.0026678196,0.0021742235,0.0041756066,0.983315,0.0009896166
ISIC_0027591,HAM_0001614,nv,0,0.0026049842,0.0016623094,0.001767792,0.026959633,0.004696334,0.95968616,0.0026228528
ISIC_0031699,HAM_0003611,nv,0,0.00023211227,0.006571404,0.0062308013,0.0004904229,0.0037833261,0.98149335,0.001198496
ISIC_0031213,HAM_0005225,nv,0,0.00015091669,0.00030966094,0.00017558006,0.00019915268,0.004649255,0.99420303,0.00031239458
ISIC_0026659,HAM_0006641,nv,0,0.0005610251,0.0005777045,0.0023236817,0.0020401555,0.0028985837,0.9898925,0.0017062791
ISIC_0029950,HAM_0000232,nv,0,0.00021069284,0.000147663,0.0011112527,0.00026298084,0.0023404914,0.9938939,0.0020329577
ISIC_0025536,HAM_0005035,nv,0,6.130422e-05,0.0017212561,0.0010515408,0.00017965601,0.0012191387,0.99566,0.00010696367
ISIC_0025833,HAM_0003131,nv,0,0.001341795,0.0014837818,0.0024190226,0.001177212,0.017349757,0.97447497,0.0017534519
ISIC_0028819,HAM_0003536,nv,0,7.0526155e-05,0.00024991488,0.00022456984,7.2907154e-05,9.6492004e-05,0.99906725,0.00021840578
ISIC_0029142,HAM_0000016,nv,0,0.0027818885,0.0015363048,0.10398261,0.000510593,0.052850436,0.8372823,0.0010558858
ISIC_0031021,HAM_0006780,nv,0,0.0020644902,0.005067424,0.00344894,0.019635217,0.0015207736,0.96615165,0.002111385
ISIC_0024901,HAM_0001606,nv,0,6.0379698e-05,0.00010763844,0.00035018634,0.00022477639,0.0029579583,0.99608755,0.00021157069
ISIC_0029699,HAM_0005241,nv,0,0.0012564663,0.0026521578,0.0019140124,0.00678742,0.004752285,0.9818475,0.00079012517
ISIC_0032288,HAM_0006100,nv,0,0.00052433164,0.00036036753,0.025067111,0.005159017,0.05048882,0.91705364,0.001346796
ISIC_0027657,HAM_0004070,nv,0,0.017795894,0.03792191,0.3194699,0.0025067993,0.010002108,0.6003558,0.011947597
ISIC_0026620,HAM_0000435,nv,0,0.00022412096,7.4341566e-05,0.00078455417,0.0016063653,0.005679439,0.9912451,0.00038611345
ISIC_0024534,HAM_0003207,nv,0,0.0034511257,0.0024448258,0.008881877,0.016514724,0.010294358,0.9513111,0.0071020266
ISIC_0031313,HAM_0004094,nv,0,0.0005067318,0.0005067318,0.025587441,0.002838771,0.008043586,0.9620388,0.00047789363
ISIC_0026862,HAM_0002211,nv,0,0.0015904749,0.0016155213,0.0049338164,0.0075117,0.004456243,0.97838926,0.0015028933
ISIC_0026114,HAM_0006375,nv,0,0.005980297,0.0005527346,0.0065760943,0.000309451,0.008114447,0.97812575,0.00034119567
ISIC_0030875,HAM_0001544,nv,0,0.00018264278,0.0005511596,0.013616746,0.0005082481,0.00043092357,0.98394877,0.0007614821
ISIC_0029266,HAM_0004750,nv,0,0.00044121596,0.00041407943,0.0009354234,0.00092859723,0.00065590686,0.99571276,0.0009119714
ISIC_0027938,HAM_0006885,nv,0,0.00018811118,0.00076686183,0.0005851094,0.0018461297,0.0024214394,0.9938075,0.00038484993
ISIC_0026269,HAM_0007205,nv,0,0.000214804,0.0002041683,0.00020456746,0.00065138505,0.0018020481,0.99660397,0.00031901363
ISIC_0027935,HAM_0005219,nv,0,0.0030796635,0.0012274004,0.17863904,0.0037439186,0.0067992522,0.8053094,0.0012013118
ISIC_0030734,HAM_0004692,nv,0,0.00021469728,0.00018544249,0.00045673896,0.0044819047,0.0011020985,0.99319494,0.000364144
ISIC_0027156,HAM_0005172,nv,0,0.026644606,0.0034274121,0.016424287,0.018699683,0.020198518,0.9139199,0.00068552553
ISIC_0028160,HAM_0006659,nv,0,5.4107964e-05,0.002780635,0.00042955883,0.00010866253,0.0006777736,0.99579215,0.00015717937
ISIC_0031364,HAM_0000723,nv,0,8.688469e-05,0.00035907349,0.0019115051,0.00011221775,0.014189889,0.98319834,0.00014213387
ISIC_0027869,HAM_0001411,nv,0,0.00068099593,0.00081823533,0.014475269,0.00100743,0.009446873,0.9730636,0.00050755794
ISIC_0030374,HAM_0007095,nv,0,0.0008104825,0.0011508034,0.0014618725,0.004279931,0.0023996518,0.9886296,0.0012676186
ISIC_0029984,HAM_0004523,nv,0,0.0030383205,0.00037093725,0.008358406,0.0010660302,0.028283026,0.95694536,0.0019378864
ISIC_0032166,HAM_0001960,nv,0,0.0021428035,0.006547336,0.0009573854,0.0035328853,0.033453677,0.94850624,0.0048596314
ISIC_0031734,HAM_0000810,nv,0,0.000114439325,0.00014637013,0.00035181013,0.00060668733,0.001666958,0.99680495,0.00030865753
ISIC_0029471,HAM_0000205,nv,0,3.472336e-05,0.0010428956,0.00021924418,0.00020515788,0.00026679356,0.99753016,0.00070110784
ISIC_0031504,HAM_0006103,nv,0,6.795385e-05,0.02079487,0.022168474,0.0035575829,0.0034279828,0.947704,0.002279073
ISIC_0026830,HAM_0006461,nv,0,1.8045615e-05,0.00033488972,0.0002317449,0.00089228153,0.0006348886,0.9799399,0.017948225
ISIC_0024379,HAM_0003772,nv,0,4.1299652e-05,4.25275e-05,0.00025053247,0.00016689059,0.002292632,0.9971445,6.151565e-05
ISIC_0031390,HAM_0007544,nv,0,0.000158622,0.00078210037,0.00019396852,0.00038801934,0.00020607552,0.9980856,0.00018562909
ISIC_0032467,HAM_0003234,nv,0,0.00032772703,0.00051207445,0.00034513607,0.0007335128,0.00066364504,0.99718225,0.00023559232
ISIC_0030239,HAM_0001648,nv,0,5.129541e-05,0.0002034725,0.00012377441,0.00011380384,0.009967973,0.9893355,0.00020426887
ISIC_0026208,HAM_0007201,nv,0,9.548305e-05,9.909293e-05,6.985689e-05,0.001106234,0.0029645946,0.99540186,0.0002628659
ISIC_0024835,HAM_0006357,nv,0,0.0003355808,0.003547566,0.0018521728,0.00045778957,0.00091487955,0.9925674,0.00032462142
ISIC_0024661,HAM_0000743,nv,0,0.0019598254,0.00046007612,0.0032613224,0.0026001527,0.0071312133,0.98205984,0.0025275487
ISIC_0032223,HAM_0003059,nv,0,0.00018052128,0.0011836305,0.0002749934,0.0002027674,0.0023536435,0.9955823,0.00022226191
ISIC_0030509,HAM_0000027,nv,0,0.0002769058,0.00057740306,0.0013372684,6.294315e-05,0.00095267425,0.99664897,0.00014379718
ISIC_0025806,HAM_0003948,nv,0,0.0040288316,0.0025261072,0.00623693,0.0038631551,0.034566686,0.9434384,0.005339941
ISIC_0032188,HAM_0003865,nv,0,9.5697935e-05,0.0002967923,0.00016993491,7.9724705e-05,0.00038127502,0.9986168,0.00035975222
ISIC_0026173,HAM_0004130,nv,0,0.00022934281,0.00014778593,0.00037591328,0.0041332506,0.015311966,0.9754817,0.004319993
ISIC_0031357,HAM_0003289,nv,0,0.00031618637,0.000406388,0.00027256968,0.00030795837,0.0055392426,0.9926065,0.00055114384
ISIC_0025551,HAM_0003022,nv,0,0.00079849805,0.00040624288,0.0006485407,0.0009271789,0.0012259157,0.9951633,0.00083030656
ISIC_0024585,HAM_0004230,nv,0,0.00040831807,0.00045998188,0.00035199217,0.00048017752,0.0005999294,0.99634725,0.0013522918
ISIC_0025527,HAM_0001500,nv,0,0.0021423195,0.0005451124,0.0014111551,0.0012296301,0.009969063,0.9836632,0.0010395049
ISIC_0030484,HAM_0007274,nv,0,0.0013333536,0.0009966872,0.0025426457,0.00072210556,0.0113842245,0.9816745,0.0013464384
ISIC_0032398,HAM_0002555,nv,0,0.0002665561,0.01589048,0.0004305558,0.000408439,0.0006469723,0.9792763,0.0030806975
ISIC_0025481,HAM_0001909,nv,0,0.0012536442,0.00048782773,0.002481631,0.0002680918,0.00038477458,0.99458367,0.00054050365
ISIC_0030815,HAM_0000305,nv,0,0.0001968655,0.00010724317,0.00013372721,0.0005797511,0.019539181,0.97895354,0.0004896317
ISIC_0028021,HAM_0002239,nv,0,0.0010854662,0.0014706736,0.0026179214,0.003041294,0.003041294,0.98780584,0.00093755976
ISIC_0029312,HAM_0006502,nv,0,0.0012326087,0.0010584326,0.0057340683,0.006439514,0.0014795677,0.9822019,0.0018539823
ISIC_0026570,HAM_0002728,nv,0,0.0020235034,0.0012100604,0.0015289129,0.00086902414,0.004343787,0.9890303,0.000994397
ISIC_0028088,HAM_0001196,nv,0,0.00023849744,0.00027828768,0.0053780503,0.00026296338,0.009090485,0.9812909,0.0034609046
ISIC_0030307,HAM_0003798,nv,0,0.00012551722,0.12606494,0.00051118934,9.456052e-05,0.003046206,0.86995184,0.00020573393
ISIC_0026832,HAM_0000630,nv,0,0.0012518025,0.001768776,0.0008781766,0.0011453582,0.00034727374,0.99360764,0.0010009522
ISIC_0027553,HAM_0002974,nv,0,0.018371323,0.001026367,0.0013172379,0.00021831282,0.0019072343,0.97693855,0.00022088624
ISIC_0025944,HAM_0005634,nv,0,0.013687426,0.0006320937,0.00074697356,0.00010687862,0.0034070695,0.9813592,6.0423696e-05
ISIC_0029287,HAM_0000715,nv,0,0.0004358151,0.00079690357,0.0005055543,0.0007868506,0.0043227696,0.99220675,0.0009454227
ISIC_0028769,HAM_0004242,nv,0,0.00011682131,9.516073e-05,0.0023418406,0.0010922356,8.5635394e-05,0.9959246,0.00034369243
ISIC_0027438,HAM_0006808,nv,0,0.0007900346,0.00096090685,0.00057071005,0.00047037113,0.00024593924,0.99622166,0.000740359
ISIC_0030896,HAM_0003406,nv,0,0.0002145609,0.0004695603,0.00022929283,0.0012049333,0.00041236708,0.98483974,0.012629479
ISIC_0032505,HAM_0007077,nv,0,0.000109932655,0.00015777911,9.8928685e-05,0.00010246849,0.00069276325,0.9986161,0.00022207006
ISIC_0024395,HAM_0000813,nv,0,0.00028386008,0.00090232573,0.00026510397,0.00045671858,0.00083839486,0.99703777,0.00021573858
ISIC_0029088,HAM_0007430,nv,0,0.0053463266,0.001566542,0.0035130614,0.0996052,0.07902539,0.8083252,0.0026183454
ISIC_0027299,HAM_0000475,nv,0,0.00012828686,0.0019901553,0.029316608,0.00033470622,0.0025250223,0.9651609,0.00054434396
ISIC_0027206,HAM_0007158,nv,0,0.00030278947,0.00029577536,0.0006763757,0.00022282732,0.004419146,0.9932532,0.0008299277
ISIC_0031675,HAM_0006939,nv,0,0.0007718067,0.002145644,0.004045953,0.0010841786,0.030233411,0.9609592,0.00075984094
ISIC_0028318,HAM_0001886,nv,0,0.00010862719,0.00019139283,0.0005725105,0.00016628495,0.006143058,0.99158734,0.0012307905
ISIC_0031998,HAM_0002868,nv,0,0.00015584113,0.0005869907,0.006200782,8.7761095e-05,0.0032787705,0.9892441,0.0004456876
ISIC_0029128,HAM_0001436,nv,0,0.0031083114,0.0043323534,0.006500457,0.0076631517,0.039471682,0.9273414,0.011582662
ISIC_0027617,HAM_0000363,nv,0,0.0003993902,0.0006665705,0.0009880177,0.0002543642,0.00077097333,0.9966994,0.00022121135
ISIC_0029980,HAM_0000379,nv,0,0.0015272025,0.00091282534,0.0034399244,0.00021702684,0.02386615,0.9692889,0.0007479423
ISIC_0025449,HAM_0004482,nv,0,0.0004655618,0.004574062,0.0019735333,0.00044641664,0.0009515465,0.98989505,0.0016938321
ISIC_0030291,HAM_0004983,nv,0,0.00019041689,0.0067716828,0.00025900127,3.9680363e-05,0.00024330919,0.9923286,0.00016738717
ISIC_0026503,HAM_0004148,nv,0,0.0005712501,0.00023080592,0.0009340467,0.0003491982,0.005877471,0.99133873,0.0006985446
ISIC_0025720,HAM_0004464,nv,0,5.5790504e-05,9.2523536e-05,0.00011292025,0.0017483501,0.0027993177,0.9912875,0.0039035848
ISIC_0029844,HAM_0002999,nv,0,0.010783309,0.0046401084,0.023532795,0.010194488,0.030487174,0.9123172,0.008044838
ISIC_0024974,HAM_0006093,nv,0,0.00011453407,0.00016104642,0.00018994448,0.0012590204,0.0005626565,0.99763024,8.2495804e-05
ISIC_0027230,HAM_0001687,nv,0,0.0041515455,0.006494726,0.0027804193,0.0015888833,0.0017986833,0.9783652,0.004820582
ISIC_0032084,HAM_0003067,nv,0,0.00014409405,3.671843e-05,0.0002392005,0.00029422165,0.0021718983,0.9967578,0.00035611415
ISIC_0029440,HAM_0000829,nv,0,0.00437557,0.008374628,0.0044379695,0.0068135136,0.0040586134,0.96821177,0.003728032
ISIC_0031004,HAM_0001408,nv,0,0.008044082,0.0041437726,0.011278216,0.0016914912,0.012358945,0.9595178,0.002965762
ISIC_0030373,HAM_0007362,nv,0,2.2611885e-05,0.0066577317,0.001838882,0.00032394863,0.00045240115,0.9828021,0.007902393
ISIC_0030468,HAM_0003703,nv,0,0.00046110727,0.0005010162,0.00064018404,0.0007176726,0.014656146,0.98234034,0.00068347174
ISIC_0025296,HAM_0006862,nv,0,0.00022102281,0.00027372752,0.0004369884,0.00021485118,0.0013522771,0.99682295,0.000678144
ISIC_0030037,HAM_0002568,nv,0,6.0734375e-05,2.7996959e-05,0.00017141842,2.8998731e-05,0.00065168197,0.99900764,5.1494284e-05
ISIC_0024919,HAM_0006349,nv,0,0.0030199264,0.0002246076,0.0015859593,0.0015999598,0.019030688,0.97418344,0.00035543388
ISIC_0027214,HAM_0004938,nv,0,0.0010042927,0.00060853973,0.0017729466,0.0014301784,0.004755088,0.9891655,0.0012633611
ISIC_0028383,HAM_0005556,nv,0,0.0025103048,0.0009584034,0.0013809173,0.0035565568,0.0029434543,0.98733914,0.0013112621
ISIC_0024307,HAM_0003577,nv,0,0.00043948067,0.00037811673,0.0041635726,0.00093584793,0.0016130575,0.9917966,0.00067340804
ISIC_0027353,HAM_0004471,nv,0,0.0027583388,0.0013192313,0.00076987664,0.0007549859,0.0019335805,0.99188566,0.0005783027
ISIC_0027225,HAM_0000405,nv,0,0.007992258,0.0010175912,0.042473637,0.01336166,0.058796298,0.87589896,0.00045956104
ISIC_0028275,HAM_0000991,nv,0,0.0004960763,0.0004173304,0.000523961,0.0007498069,0.002393376,0.99474865,0.0006708111
ISIC_0027304,HAM_0005825,nv,0,0.0014904313,0.0013717093,0.0010455815,0.0012599811,0.005721782,0.98555607,0.0035544704
ISIC_0031964,HAM_0007181,nv,0,4.8897153e-05,0.00012870108,6.541389e-05,0.00014162684,0.0033518178,0.9960912,0.00017234265
ISIC_0030409,HAM_0001181,nv,0,0.00042890824,0.00036884038,0.00017801154,0.000120684126,0.00058624806,0.9981755,0.00014178465
ISIC_0027232,HAM_0003708,nv,0,6.180919e-05,5.497423e-05,0.80348057,0.0002252072,0.00068426755,0.19536908,0.00012412855
ISIC_0026683,HAM_0006731,nv,0,0.00028416948,0.00030131757,0.00024737342,0.0005036273,0.0005016639,0.99715036,0.0010114115
ISIC_0031089,HAM_0003467,nv,0,0.0009070492,0.00076680153,0.0020500643,0.000813868,0.004084511,0.98985505,0.0015227345
ISIC_0029009,HAM_0001705,nv,0,0.0039802524,0.0023813637,0.003588842,0.0016787742,0.00681604,0.9777475,0.003807267
ISIC_0026505,HAM_0003047,nv,0,0.00013447688,4.561961e-05,0.00011524905,0.00010150848,0.0005807283,0.99896824,5.4280543e-05
ISIC_0025290,HAM_0001340,nv,0,1.4223427e-05,4.6364363e-05,2.2773409e-05,6.765767e-05,0.0021950344,0.9975859,6.798883e-05
ISIC_0028911,HAM_0006058,nv,0,0.0014618675,0.001016073,0.0004298124,0.001610258,0.0026529226,0.992011,0.0008180337
ISIC_0030764,HAM_0001074,nv,0,0.00075362,0.004696628,0.00056997436,0.009612184,0.0025644456,0.9795123,0.0022909103
ISIC_0030718,HAM_0005373,nv,0,0.0002185681,0.00086826086,0.00030285967,0.0019872265,0.00037288773,0.99542576,0.00082446483
ISIC_0030897,HAM_0007213,nv,0,0.0029890083,0.0020037878,0.006547949,0.0018568239,0.010296027,0.9750993,0.0012070792
ISIC_0030837,HAM_0007531,nv,0,9.448056e-05,0.0039997995,0.0012622854,0.00020717218,3.5098547e-05,0.9926761,0.0017251292
ISIC_0029510,HAM_0001364,nv,0,0.00019227745,0.0017099888,0.0029553168,0.0005221541,0.000111499205,0.9942267,0.00028195622
ISIC_0030220,HAM_0004810,nv,0,0.0008000364,0.0008086769,0.0035872655,0.010055824,0.0012897406,0.98258144,0.0008769536
ISIC_0028192,HAM_0006656,nv,0,0.024756623,0.0064306175,0.036485337,0.0076440084,0.02442642,0.8948154,0.005441629
ISIC_0029364,HAM_0002635,nv,0,0.00028004558,0.00034446194,0.0010030807,0.000986084,0.0029482185,0.99329257,0.0011455542
ISIC_0028927,HAM_0000680,nv,0,0.0017885909,0.00035219445,0.0012114036,0.00037126563,0.0029662172,0.9930332,0.00027725165
ISIC_0029006,HAM_0001054,nv,0,0.00031174356,0.00060325325,0.00032101176,0.00018344364,0.005376738,0.9921312,0.0010725311
ISIC_0024588,HAM_0006931,nv,0,8.320729e-06,9.300591e-06,0.0005127783,2.0553818e-05,0.0008765348,0.99855286,1.9650935e-05
ISIC_0031423,HAM_0002982,nv,0,0.00014088383,0.000224254,0.00012715369,0.00018374715,0.0005270375,0.9976622,0.0011346928
ISIC_0032054,HAM_0005350,nv,0,0.004435657,0.0011540069,0.0006823924,0.0052981037,0.0050440826,0.9817472,0.0016385735
ISIC_0030295,HAM_0007404,nv,0,0.0005681516,0.0011606598,0.00043732193,0.0014758336,0.0013911641,0.9927247,0.0022421514
ISIC_0030342,HAM_0006508,nv,0,0.000259103,0.0003643248,0.008689935,0.00036825959,0.0036322458,0.9859552,0.00073094264
ISIC_0031801,HAM_0000990,nv,0,0.000106914165,4.9140453e-05,8.2616876e-05,0.00013889874,0.006129415,0.9932574,0.0002355835
ISIC_0025884,HAM_0001999,nv,0,5.290233e-05,0.00018645932,0.0001256728,0.000112542424,0.0024996754,0.9966923,0.0003304577
ISIC_0032479,HAM_0006500,nv,0,0.00081900053,0.00077768916,0.004220087,0.0002872156,0.07069234,0.9221396,0.0010640137
ISIC_0024990,HAM_0005430,nv,0,3.3058284e-05,2.6876192e-05,4.9288272e-05,0.00032149802,0.00033432542,0.99916816,6.677957e-05
ISIC_0026536,HAM_0006480,nv,0,0.00037801018,0.00032874182,0.0003888686,0.0003721497,0.0036589834,0.99442613,0.0004471481
ISIC_0026065,HAM_0004554,nv,0,0.003969908,0.012505944,0.0035343596,0.0022509678,0.0010255483,0.9761594,0.00055378233
ISIC_0028157,HAM_0004865,nv,0,0.0016241112,0.00082951493,0.0012760251,0.0018556992,0.0020701822,0.991306,0.0010384147
ISIC_0026597,HAM_0002339,nv,0,0.00032034083,0.0008640002,0.0017217076,0.00017987048,0.00080730533,0.99587566,0.0002311839
ISIC_0024311,HAM_0000981,nv,0,0.0036323166,0.0011734966,0.0053666597,0.0017343155,0.0041472227,0.98285,0.0010959575
ISIC_0031128,HAM_0004287,nv,0,0.0016680644,0.0003586367,0.00525471,0.0024258348,0.01674843,0.97340924,0.0001350638
ISIC_0029378,HAM_0006620,nv,0,0.000528336,0.0002998631,0.0016285816,0.00034078636,0.005116573,0.9913686,0.00071722985
ISIC_0029225,HAM_0003226,nv,0,8.307044e-05,0.000109300716,0.00025043628,0.0003373281,0.00018775137,0.9987104,0.0003217236
ISIC_0031870,HAM_0003028,nv,0,0.00059730606,0.00055947556,0.0007752394,0.0004985807,0.0019995582,0.9949008,0.000668951
ISIC_0027500,HAM_0006082,nv,0,0.010703039,0.026894301,0.007523177,0.007537885,0.0089165615,0.92881215,0.009612898
ISIC_0026762,HAM_0002056,nv,0,0.0005746963,0.0014307458,0.0011088384,0.0014950224,0.007212904,0.9837767,0.004401094
ISIC_0025332,HAM_0001261,nv,0,0.00015620461,0.00056251447,0.00017631294,0.0006020183,0.0004346775,0.99737847,0.0006898805
ISIC_0030612,HAM_0000467,nv,0,0.00057963125,0.0013011267,0.010204215,0.0010881941,0.007548034,0.97493535,0.0043434757
ISIC_0028997,HAM_0001163,nv,0,0.00096144096,0.002578924,0.0024388463,0.00015256838,0.00015710427,0.99143606,0.002275059
ISIC_0030855,HAM_0007610,nv,0,0.009023846,0.008315695,0.005279651,0.0022138197,0.0020137383,0.96947104,0.0036821926
ISIC_0024950,HAM_0006493,nv,0,0.00086633564,0.0033811352,0.0037800528,0.0004512081,0.0009159268,0.9878982,0.0027072176
ISIC_0027434,HAM_0001668,nv,0,9.347303e-05,5.6363035e-05,0.00021542952,9.6064185e-05,0.013419576,0.9859341,0.00018498783
ISIC_0026550,HAM_0004672,nv,0,0.006316976,0.120951444,0.011151791,0.0032836113,0.05227519,0.8026889,0.003332065
ISIC_0026143,HAM_0002776,nv,0,0.0003067207,0.012733757,0.00047320628,0.015609345,0.00030973068,0.9694957,0.0010716063
ISIC_0027660,HAM_0000171,nv,0,2.805939e-05,4.749814e-05,0.00010324014,6.182838e-05,0.00018694375,0.9992818,0.0002906419
ISIC_0026165,HAM_0005950,nv,0,0.00014242358,0.0015826985,0.00010877422,0.0021263768,0.00024753204,0.9948708,0.0009214911
ISIC_0028324,HAM_0006710,nv,0,0.0005222044,0.0010309488,0.0004881761,0.0014567132,0.0005361566,0.9952939,0.0006718346
ISIC_0027366,HAM_0005839,nv,0,0.002455447,0.0010275887,0.001768592,0.0025682652,0.008692573,0.9819297,0.0015577317
ISIC_0024388,HAM_0002667,nv,0,0.0069803563,0.0017764743,0.0076668886,0.0016835753,0.0026344478,0.97767526,0.0015831181
ISIC_0032469,HAM_0002892,nv,0,0.00012163074,0.00093373965,0.00086483394,0.00041429387,4.06617e-05,0.9972018,0.0004230844
ISIC_0027273,HAM_0004606,nv,0,0.00088338193,0.00087993796,0.0038800994,0.0007438822,0.018942954,0.97443885,0.00023089448
ISIC_0031861,HAM_0000033,nv,0,0.00027386608,0.000102536345,0.000798673,0.001358257,0.006628691,0.9905331,0.00030492354
ISIC_0028245,HAM_0006067,nv,0,4.7512065e-05,0.00039241184,7.8181314e-05,0.00042679178,0.0012986612,0.994706,0.0030505983
ISIC_0032117,HAM_0006336,nv,0,0.00037931636,0.00032349737,0.0015599877,0.0014138115,0.0007079646,0.9949432,0.00067225395
ISIC_0025107,HAM_0001887,nv,0,0.00050285197,7.909792e-05,0.0012958876,0.0003597232,0.0027923852,0.99464345,0.0003265736
ISIC_0031723,HAM_0006818,nv,0,0.00054229435,0.0007261823,0.000537549,0.001072704,0.0013895385,0.9939884,0.0017432973
ISIC_0025408,HAM_0000469,nv,0,0.0009586091,0.0012490416,0.0040904535,0.00076352386,0.002494347,0.9894817,0.0009623611
ISIC_0028492,HAM_0004323,nv,0,0.00015262555,0.0014228388,0.024183288,0.0004356397,0.0035901396,0.96883225,0.0013831088
ISIC_0031669,HAM_0004325,nv,0,0.00062316103,0.0012514655,0.0026441833,0.049262684,0.010364458,0.93406844,0.0017856527
ISIC_0025307,HAM_0002362,nv,0,0.0011786458,0.0017082336,0.0013059167,0.0002529164,0.0037075165,0.99102634,0.00082042033
ISIC_0025369,HAM_0004896,nv,0,0.00065748184,0.00027101842,0.00041730914,0.0010133677,0.0015138353,0.99566996,0.00045698372
ISIC_0030379,HAM_0003416,nv,0,0.0006657048,0.0001907276,0.00069765263,0.00081087335,0.004753643,0.99200845,0.00087291864
ISIC_0028782,HAM_0000528,nv,0,0.00031247508,8.660188e-05,0.00024335584,0.0005603205,0.022034928,0.97617745,0.0005849216
ISIC_0032093,HAM_0004005,nv,0,0.00063718273,0.0005568472,0.0005904498,0.00043367303,0.004815126,0.99216276,0.0008039028
ISIC_0024737,HAM_0003219,nv,0,0.0046156603,0.0018703669,0.00073531293,0.0032332824,0.005121559,0.9822113,0.0022124564
ISIC_0028140,HAM_0002814,nv,0,0.00017248256,0.00058236235,0.00062784174,0.0007376143,0.0076039927,0.9891417,0.0011341023
ISIC_0028407,HAM_0001345,nv,0,0.0034390665,0.00035080852,0.00073616294,0.00030598065,0.004382554,0.9900919,0.00069359015
ISIC_0027193,HAM_0002308,nv,0,0.00033056276,0.00016016222,0.00044179044,0.0007192005,0.0008863613,0.9970092,0.00045270906
ISIC_0031767,HAM_0005899,nv,0,0.00019027156,0.0014075158,0.0004143755,0.00012950075,0.0022532572,0.9954522,0.0001528875
ISIC_0031990,HAM_0004736,nv,0,0.0009510948,0.00011042023,0.0008995995,0.0006536772,0.0125282165,0.98460567,0.0002512778
ISIC_0031382,HAM_0003954,nv,0,5.9552305e-05,7.440412e-05,0.00012805758,0.00017709722,0.001209649,0.9979091,0.00044208128
ISIC_0026344,HAM_0000221,nv,0,0.0029762834,0.0012547115,0.0073825754,0.0012425182,0.008443526,0.9766539,0.0020465667
ISIC_0026864,HAM_0000420,nv,0,0.0009369972,0.00049860834,0.00065221585,0.0007617734,0.012985473,0.98336434,0.00080067385
ISIC_0027380,HAM_0005343,nv,0,0.00046046876,0.00013611431,0.000868287,0.00010767527,0.019126069,0.979066,0.00023541419
ISIC_0032403,HAM_0004032,nv,0,0.00039885755,0.0011279478,0.00033916783,0.0007166173,0.0043514,0.99148965,0.0015763573
ISIC_0025920,HAM_0007194,nv,0,8.820938e-05,0.0008299891,2.123998e-05,0.02755265,5.7175163e-05,0.9712643,0.000186557
ISIC_0027321,HAM_0006215,nv,0,0.01316552,0.04550561,0.025538798,0.014565786,0.0071196253,0.87342775,0.020676902
ISIC_0029868,HAM_0000008,nv,0,0.0004278769,5.4451593e-05,0.001180253,0.00038617724,0.058216345,0.9395642,0.00017069702
ISIC_0026685,HAM_0002475,nv,0,0.00019256679,0.0005275563,0.0058432403,0.00021650866,0.05015849,0.9427315,0.0003301363
ISIC_0029882,HAM_0007440,nv,0,0.0005166016,0.00020569067,0.00047221206,0.0003108963,0.0015165239,0.99524915,0.001728862
ISIC_0031862,HAM_0004446,nv,0,0.0024714665,0.0042000026,0.024875758,0.02440653,0.0017203144,0.9339118,0.008414105
ISIC_0030178,HAM_0003533,nv,0,0.0015495289,0.0010181926,0.0018151245,0.0022250232,0.010163575,0.97962487,0.0036036426
ISIC_0030475,HAM_0006051,nv,0,0.0006857383,0.0051367087,0.00073353766,0.001593611,0.00086600834,0.9894555,0.0015288236
ISIC_0032464,HAM_0001865,nv,0,0.0002539777,0.0010374001,0.0005887883,0.0019792416,0.00055149733,0.99518496,0.0004042729
ISIC_0029948,HAM_0001988,nv,0,8.036347e-05,0.0022149077,0.00026247435,0.00032729327,7.119809e-05,0.9968354,0.00020844696
ISIC_0025586,HAM_0004498,nv,0,0.00058752025,0.00036909978,0.00031233454,0.00020443431,0.0010712899,0.9969284,0.000526907
ISIC_0032062,HAM_0007366,nv,0,0.0002485197,4.7477155e-05,0.00031171352,0.00032098082,0.012585829,0.98623985,0.00024562434
ISIC_0031493,HAM_0007146,nv,0,0.00013950528,0.0005787983,0.00031933078,0.00031653646,0.0001586989,0.9975948,0.00089231157
ISIC_0032473,HAM_0004631,nv,0,0.00013095391,0.0005393543,0.00012618334,0.0019951572,0.00028940124,0.99683976,7.911789e-05
ISIC_0025624,HAM_0006783,nv,0,0.00048231182,0.0028168128,0.0016130244,0.0003376958,0.0010632846,0.9929878,0.0006990237
ISIC_0026667,HAM_0003660,nv,0,0.00022034202,0.000115208495,0.0011446865,0.00035869976,0.013738996,0.98409516,0.00032691896
ISIC_0026639,HAM_0002410,nv,0,0.00079955696,0.00039426627,0.0005620094,0.0016286122,0.009693152,0.9858359,0.0010864799
ISIC_0031979,HAM_0003318,nv,0,0.0002213746,0.00028620043,0.00015185152,0.00047002506,0.015160048,0.9829306,0.00077987503
ISIC_0026917,HAM_0001898,nv,0,0.0009094077,0.00056191365,0.002810249,0.00047688992,0.005941677,0.9885598,0.0007400656
ISIC_0025207,HAM_0007353,nv,0,0.005757757,0.0005092863,0.0010429487,0.0009403872,0.007267833,0.9840349,0.00044681787
ISIC_0031627,HAM_0002210,nv,0,0.00015601725,0.00037830803,0.00024616971,0.00017035034,0.0017020948,0.9971553,0.00019171716
ISIC_0025395,HAM_0000371,nv,0,0.0033971018,0.010971335,0.002211616,0.0012527787,0.0061491043,0.97514933,0.0008686223
ISIC_0030304,HAM_0000493,nv,0,0.0034052855,0.000492498,0.019188914,0.0073135816,0.22779675,0.74110425,0.000698615
ISIC_0024509,HAM_0002966,nv,0,0.00013166446,0.00094894826,0.00016242519,0.00012514529,0.00013584392,0.9983412,0.00015468479
ISIC_0027483,HAM_0005181,nv,0,0.0010906978,0.00070352014,0.0013298419,0.00092475984,0.007724038,0.98676807,0.0014591198
ISIC_0032160,HAM_0004874,nv,0,0.00067377393,0.00039686565,0.0008091628,0.00052320067,0.002083175,0.99524707,0.00026670334
ISIC_0028788,HAM_0002351,nv,0,0.00025638725,0.00072257547,0.00049468223,0.00031690535,0.0026560083,0.99486357,0.000689823
ISIC_0030169,HAM_0005240,nv,0,0.0003767603,0.00017165324,0.0008241265,0.0013921659,0.0005287292,0.9959895,0.00071706314
ISIC_0030779,HAM_0002716,nv,0,0.00055648695,0.00037875067,0.008428863,0.00024839072,0.009912248,0.9790127,0.0014625727
ISIC_0025962,HAM_0006297,nv,0,0.00019571633,0.00041070583,0.00036600349,0.00038394314,0.0007072147,0.9972922,0.0006442408
ISIC_0030572,HAM_0000809,nv,0,9.46538e-05,7.778409e-05,0.00012539592,0.0001983379,0.00011098618,0.9993641,2.8783328e-05
ISIC_0030084,HAM_0004616,nv,0,0.0010928274,0.00020568741,0.00042039776,0.00046579257,0.001236674,0.9962058,0.0003728157
ISIC_0031324,HAM_0003628,nv,0,0.0018103028,0.0015999285,0.0010222038,0.00022323652,0.001455685,0.9931356,0.00075299013
ISIC_0031058,HAM_0003180,nv,0,0.00013061531,0.000108920234,0.02338281,0.0013926388,0.013142212,0.9617918,5.1049887e-05
ISIC_0030288,HAM_0003626,nv,0,0.0036936223,0.0015084759,0.0014478565,0.0030368078,0.0012653117,0.98875976,0.00028817897
ISIC_0028753,HAM_0001303,nv,0,0.0020074074,0.010269396,0.0015833444,0.00079615554,0.0018867055,0.9826012,0.00085582014
ISIC_0024442,HAM_0001439,nv,0,0.0008721672,0.0024628318,0.0039322325,0.00028537202,0.0054600304,0.9810432,0.005944196
ISIC_0027746,HAM_0003450,nv,0,0.00019908366,0.00012373463,0.00018922634,0.00010439871,0.00012580598,0.9987232,0.0005345344
ISIC_0031155,HAM_0001797,nv,0,0.0018619783,0.0016145583,0.002224148,0.00045407485,0.06112069,0.9321184,0.0006062694
ISIC_0024847,HAM_0003570,nv,0,0.00030211004,0.0003697917,0.0004133389,0.00022146055,0.003268672,0.9949032,0.0005214898
ISIC_0031129,HAM_0006848,nv,0,2.7383687e-05,0.21506539,0.00026910554,0.00022972905,0.00034151276,0.78360957,0.00045731716
ISIC_0032127,HAM_0001595,nv,0,0.0011450354,0.00010041915,0.0030755159,0.00045847587,0.002069851,0.99308515,6.5599736e-05
ISIC_0030686,HAM_0001592,nv,0,0.003932266,0.009968116,0.010770212,0.0034566834,0.0327961,0.93167984,0.007396831
ISIC_0025185,HAM_0006971,nv,0,0.0006371299,0.010897939,0.011957362,0.0021617063,0.0049967547,0.968153,0.0011961416
ISIC_0029186,HAM_0006275,nv,0,3.955169e-05,1.613715e-05,4.9030976e-05,0.00017113492,0.0066515715,0.99298203,9.053472e-05
ISIC_0027618,HAM_0006518,nv,0,0.00038283583,0.0001383834,0.001281279,0.0010416724,0.005202951,0.991507,0.0004458355
ISIC_0028274,HAM_0007597,nv,0,0.0007351459,0.0043914835,0.0038669647,0.0055993362,0.0024092738,0.98198813,0.0010097435
ISIC_0030631,HAM_0000883,nv,0,0.003112599,0.005044852,0.0048373938,0.004400198,0.0035201546,0.976995,0.0020897002
ISIC_0031214,HAM_0002148,nv,0,0.0006642638,0.00030382525,0.00047426455,0.0005810811,0.0014947503,0.9956781,0.00080360594
ISIC_0024889,HAM_0000197,nv,0,0.00036257083,0.00032437223,0.00078999647,0.00043351692,0.0010866731,0.99666023,0.00034260537
ISIC_0024921,HAM_0005936,nv,0,0.00051482697,0.00042101103,0.005611104,0.00024725802,0.00024871106,0.9927995,0.00015762789
ISIC_0029709,HAM_0003763,nv,0,0.0001652642,0.00045831877,0.0005864849,0.0001926482,0.00037097666,0.9980913,0.00013501648
ISIC_0030474,HAM_0005399,nv,0,0.0002715386,0.0012823795,0.00040287874,0.0006548954,0.00048929796,0.9966074,0.00029160306
ISIC_0031280,HAM_0004843,nv,0,0.00010851315,0.0005217475,0.0005258396,0.00018084016,8.255245e-05,0.99831533,0.00026518456
ISIC_0026508,HAM_0005807,nv,0,0.00036914865,0.0005818877,0.0007348571,0.00030070246,0.005250007,0.99220383,0.000559596
ISIC_0024438,HAM_0002251,nv,0,0.00085676886,0.0029733095,0.000491041,0.002863945,0.00060222385,0.9894713,0.0027414826
ISIC_0025796,HAM_0002830,nv,0,0.00021222208,6.403252e-05,0.00013931462,0.00036632895,0.0029353627,0.9962314,5.1351184e-05
ISIC_0027694,HAM_0007405,nv,0,0.00062716973,0.0005800372,0.0011109764,0.0011136921,0.0019381965,0.99388945,0.0007404313
ISIC_0025537,HAM_0007257,nv,0,0.0009680358,0.00090319023,0.0014223058,0.0013651492,0.033562597,0.9599948,0.0017839712
ISIC_0030149,HAM_0003693,nv,0,5.219732e-05,0.00012303305,6.0431797e-05,0.0002769886,0.00027970684,0.9988961,0.00031157877
ISIC_0028189,HAM_0006849,nv,0,0.0017396121,0.0006405928,0.0028991115,0.014654766,0.064960495,0.9126546,0.0024508517
ISIC_0030046,HAM_0001917,nv,0,8.030909e-05,0.003558997,0.00597568,8.734512e-05,0.01262583,0.97689337,0.0007784986
ISIC_0027524,HAM_0002026,nv,0,0.00028311484,0.00046269293,0.0002500921,0.00030019926,0.002048987,0.99539185,0.0012631149
ISIC_0031847,HAM_0003431,nv,0,0.0003438478,0.0003451936,0.0011357215,0.00047925385,0.008595114,0.987656,0.0014448287
ISIC_0026198,HAM_0004729,nv,0,0.00013604369,0.00058349204,0.00041700294,0.0006196095,7.425517e-05,0.99785846,0.00031110315
ISIC_0027450,HAM_0004146,nv,0,0.002990107,0.0011189593,0.0021265242,0.0017398611,0.009205682,0.98214877,0.00067012146
ISIC_0027586,HAM_0001421,nv,0,0.0011480057,0.0016032144,0.002454178,0.004742694,0.003597057,0.9843017,0.0021531512
ISIC_0031180,HAM_0002612,nv,0,0.032111067,0.03174471,0.039804637,0.026751315,0.0049848724,0.81412256,0.050480813
ISIC_0026616,HAM_0007105,nv,0,0.00851656,0.008530087,0.008447191,0.0014515086,0.00491039,0.9654588,0.002685422
ISIC_0027481,HAM_0004794,nv,0,0.00015326483,0.0063722404,0.00042193983,0.00017198405,0.00033410802,0.99207896,0.00046750114
ISIC_0027906,HAM_0000185,nv,0,0.0024890844,0.0019168523,0.0023166856,0.0002454919,0.0018317545,0.9905329,0.0006673162
ISIC_0025202,HAM_0007039,nv,0,0.0007176221,0.0006228723,0.0014660085,0.00077442056,0.0013459419,0.99385,0.0012231029
ISIC_0026386,HAM_0002885,nv,0,0.0008843532,0.00033928777,0.0004951092,0.00057940686,0.016299978,0.98028505,0.001116836
ISIC_0028434,HAM_0000712,nv,0,0.0011116954,0.0021909887,0.0010058053,0.0011413975,0.0010186557,0.9925921,0.00093934656
ISIC_0025468,HAM_0001939,nv,0,0.002488099,0.0006255674,0.0024693394,0.00065367116,0.0010466056,0.99231875,0.0003980233
ISIC_0028569,HAM_0005709,nv,0,2.0045523e-05,4.6334946e-05,1.50721635e-05,2.7132715e-05,0.0005875348,0.9989021,0.00040174136
ISIC_0026354,HAM_0005288,nv,0,0.0002997495,7.4467964e-05,0.0002227549,0.002136265,0.0020374432,0.9948716,0.00035770368
ISIC_0025269,HAM_0004155,nv,0,0.0029717137,0.0011849555,0.0014560974,0.005297006,0.0053235833,0.9818433,0.0019233725
ISIC_0026898,HAM_0005726,nv,0,0.0019813904,0.00087069214,0.00055724184,0.00064641185,0.014583525,0.98034084,0.0010199323
ISIC_0027443,HAM_0000738,nv,0,0.0002476355,0.00017645938,0.00019285873,0.000362779,0.0034961542,0.9952866,0.00023745206
ISIC_0027830,HAM_0001516,nv,0,0.00040810247,0.00019333955,0.00039903828,0.0012934686,0.0005545511,0.99679416,0.00035734646
ISIC_0029180,HAM_0005595,nv,0,0.00052716053,0.00034437247,0.0014011438,0.0019514795,0.0012541388,0.9930346,0.0014871466
ISIC_0027396,HAM_0001491,nv,0,0.0001768584,0.00048075095,0.00026783964,0.00031130688,0.0013947122,0.9965635,0.00080510636
ISIC_0027980,HAM_0004144,nv,0,0.00019398243,0.00031982298,0.00018437768,0.0012123152,0.0032841698,0.99329525,0.0015100404
ISIC_0027039,HAM_0004035,nv,0,0.00055617956,4.8550995e-05,0.00058401073,0.00038638467,0.011171165,0.9871098,0.00014381851
ISIC_0024390,HAM_0003645,nv,0,0.0013508871,0.00015591906,0.031017467,0.0010675964,0.0011047174,0.96492505,0.00037843932
ISIC_0031307,HAM_0004299,nv,0,0.00028944304,9.896006e-05,0.0002554326,0.00036375265,0.008634027,0.9901917,0.00016670082
ISIC_0024912,HAM_0007613,nv,0,0.0003448262,0.00016004618,0.00083205616,0.0004644677,0.0054362947,0.9924027,0.0003596145
ISIC_0031772,HAM_0006282,nv,0,0.0003121131,0.00034649135,0.0008048301,0.00032013928,0.008208265,0.98943466,0.0005735035
ISIC_0029151,HAM_0004755,nv,0,0.0019053675,0.0021696326,0.002352815,0.00097031955,0.024042696,0.9613204,0.007238781
ISIC_0029807,HAM_0002380,nv,0,0.0015029706,0.0033361146,0.0041844253,0.0005416884,0.3384701,0.65114516,0.00081954844
ISIC_0024691,HAM_0001201,nv,0,0.0010270736,0.0064031607,0.001344143,0.0005973342,0.0017867968,0.9872049,0.0016364576
ISIC_0029444,HAM_0001128,nv,0,8.5453985e-06,0.0042570448,0.0011540499,2.8019285e-05,0.00051947305,0.99008816,0.0039448203
ISIC_0031512,HAM_0003124,nv,0,0.002428714,0.0073902,0.0055026677,0.0053516286,0.0077884747,0.96650845,0.0050298455
ISIC_0025371,HAM_0002272,nv,0,0.0010589601,0.0012526434,0.018308857,0.013764691,0.010620959,0.94967085,0.0053229807
ISIC_0027095,HAM_0000537,nv,0,1.8182674e-05,8.2128216e-05,2.4467463e-05,0.0001672864,0.00029742048,0.99902153,0.00038895255
ISIC_0026472,HAM_0004277,nv,0,0.0005069212,0.00013044267,0.00025069926,0.00027027755,0.0014513297,0.99683446,0.0005559291
ISIC_0028153,HAM_0004294,nv,0,0.0015927246,0.0018895611,0.038250517,0.0004567691,0.26037577,0.69680166,0.00063292374
ISIC_0025694,HAM_0007057,nv,0,0.00023487468,0.0010757578,0.0003834796,0.00030663362,0.001397924,0.99608827,0.00051301345
ISIC_0024391,HAM_0002449,nv,0,6.967078e-05,0.16558145,0.0009385789,0.00021586222,9.560138e-05,0.8310953,0.0020035338
ISIC_0028801,HAM_0003855,nv,0,0.009549001,0.02224278,0.014271892,0.019247174,0.0064580226,0.9083341,0.019896967
ISIC_0031858,HAM_0005192,nv,0,0.0029925029,0.0020667822,0.0053670453,0.0036844374,0.0011897543,0.983896,0.0008034573
ISIC_0031568,HAM_0001380,nv,0,0.0011178312,0.0006552167,0.0016650048,0.0020162398,0.012502658,0.980201,0.0018420926
ISIC_0027313,HAM_0001108,nv,0,0.0018217787,0.00040838376,0.0015397199,0.00026470434,0.0079192445,0.98778754,0.0002585725
ISIC_0026926,HAM_0006313,nv,0,0.0013132746,0.0017568797,0.007583249,0.0012264998,0.002160999,0.97638,0.009579106
ISIC_0026462,HAM_0001845,nv,0,0.0056384723,0.010304332,0.0026634259,0.022607576,0.00087061897,0.95474964,0.0031659869
ISIC_0026879,HAM_0002393,nv,0,0.0020201392,0.0003453942,0.0024309596,0.0002700461,0.0026854128,0.99209785,0.00015030328
ISIC_0032435,HAM_0002963,nv,0,0.0010795761,0.00026147926,0.0018097161,0.0030649325,0.079161525,0.9130612,0.0015615972
ISIC_0029437,HAM_0005235,nv,0,0.002341124,0.00039779049,0.03822921,0.0015717563,0.010537112,0.9453996,0.0015233984
ISIC_0031765,HAM_0001489,nv,0,3.9996616e-05,0.0005300776,0.00017424714,0.00014375232,0.0005462369,0.99828583,0.0002798091
ISIC_0024527,HAM_0001278,nv,0,0.0029818825,0.0008585054,0.003106729,0.004103707,0.012320396,0.97324973,0.0033789154
ISIC_0030576,HAM_0004414,nv,0,0.00011466496,6.846958e-05,9.9622644e-05,0.00019127902,0.00044675032,0.9987703,0.00030881338
ISIC_0030234,HAM_0002152,nv,0,0.0004560151,0.000585535,0.0025558977,0.0023220633,0.0017738797,0.99065316,0.0016534379
ISIC_0026925,HAM_0000285,nv,0,0.00228356,0.00044637828,0.002452895,0.0005485188,0.006398152,0.98691446,0.00095612195
ISIC_0027685,HAM_0005120,nv,0,0.0009780283,0.0037345493,0.0019055593,0.0011614374,0.020870365,0.9689576,0.002392442
ISIC_0025921,HAM_0007099,nv,0,0.00016392567,0.00015641894,0.00041331816,0.00030565588,0.00096099346,0.99777204,0.00022758821
ISIC_0026793,HAM_0004478,nv,0,0.000276495,0.0003090555,0.0003550266,0.010830932,0.0046367673,0.9826163,0.00097548513
ISIC_0025841,HAM_0001210,nv,0,0.00016709963,5.0763825e-05,0.00017173181,0.0005889586,0.021546427,0.97717243,0.00030257838
ISIC_0029896,HAM_0001352,nv,0,0.00040159925,9.889786e-05,0.0006808124,0.00010798348,0.03748093,0.96099854,0.0002312957
ISIC_0031755,HAM_0003928,nv,0,0.0021790285,0.013191047,0.01865694,0.0049635507,0.004151254,0.9514439,0.0054142554
ISIC_0025098,HAM_0005337,nv,0,0.0020208312,0.0011741449,0.0013540747,0.002446531,0.0004918522,0.991106,0.0014066406
ISIC_0030052,HAM_0003722,nv,0,0.043541506,0.0007328912,0.05550041,0.17466587,0.004004762,0.7204435,0.0011109968
ISIC_0030433,HAM_0005582,nv,0,0.0026599765,0.013305541,0.06375676,0.0026808388,0.06629653,0.8472444,0.00405598
ISIC_0025679,HAM_0003695,nv,0,0.004689707,0.0031179227,0.0077051665,0.0026721146,0.0018545382,0.973899,0.006061528
ISIC_0027818,HAM_0006930,nv,0,0.00087173085,0.0008615749,0.0014835885,0.0006038303,0.0004319597,0.99405044,0.0016967949
ISIC_0029646,HAM_0002674,nv,0,0.00071223505,0.0004952817,0.0008157845,0.0010796839,0.015959077,0.97966945,0.0012684569
ISIC_0027817,HAM_0004401,nv,0,0.0002843614,0.0016552719,0.0016605337,0.00060316996,0.0021848632,0.9929634,0.00064837205
ISIC_0030029,HAM_0005437,nv,0,7.7021e-05,0.00062261097,0.00038866993,4.8104466e-05,0.0014732851,0.9973212,6.9041176e-05
ISIC_0024628,HAM_0002454,nv,0,3.543102e-05,0.0065314523,0.00014331553,5.9918086e-05,0.0006802237,0.99234104,0.00020852285
ISIC_0031768,HAM_0004312,nv,0,1.61828e-05,5.687096e-05,4.6280933e-05,7.727925e-05,6.482194e-05,0.9996884,5.0286566e-05
ISIC_0026609,HAM_0000162,nv,0,0.0020976842,0.0010666943,0.0012716887,0.00386153,0.0029879683,0.98697287,0.0017415907
ISIC_0030028,HAM_0004645,nv,0,0.001035111,0.0018340562,0.0007098592,5.9070902e-05,0.0025839093,0.99371654,6.154411e-05
ISIC_0027128,HAM_0004955,nv,0,0.00018793855,0.0003234627,0.00043590472,0.00045593284,0.0004335697,0.99775547,0.000407699
ISIC_0027583,HAM_0001925,nv,0,0.0002125368,0.00018501618,0.00023571673,0.0004278712,0.0007912139,0.9977088,0.00043887418
ISIC_0024638,HAM_0002850,nv,0,5.520443e-05,4.9292008e-05,9.1909904e-05,7.575083e-05,0.0035792845,0.99437666,0.0017718744
ISIC_0028676,HAM_0006198,nv,0,0.009096598,0.0022308505,0.0020551558,0.0020531497,0.005326765,0.9788391,0.0003984101
ISIC_0029565,HAM_0001859,nv,0,0.00053305435,0.0001429103,0.0019641651,0.0009219352,0.028208353,0.967557,0.00067252904
ISIC_0028837,HAM_0005164,nv,0,0.00021150478,0.00023457216,0.0024165583,0.001035992,0.000747656,0.99383426,0.0015195528
ISIC_0032033,HAM_0005943,nv,0,0.0039730757,0.0052442304,0.008639416,0.001380453,0.0064560273,0.971705,0.0026017928
ISIC_0025995,HAM_0000914,nv,0,0.00040727638,0.0010992814,0.00077438576,0.0002139917,0.00053797517,0.9967212,0.0002458224
ISIC_0031500,HAM_0007486,nv,0,0.00044611283,0.000112355236,0.0003971686,0.00638187,0.0035072365,0.98825586,0.00089941436
ISIC_0024678,HAM_0000011,nv,0,0.0003263692,0.0021261172,0.0048012324,0.0003012532,0.0030897083,0.984361,0.0049943198
ISIC_0030530,HAM_0001244,nv,0,0.00012949908,0.00016725727,0.00024383368,0.00015154768,0.00036764977,0.99835986,0.0005803746
ISIC_0024606,HAM_0006576,nv,0,7.2135816e-05,0.00015879484,0.0002900787,0.00076705945,6.593747e-05,0.9962502,0.0023958185
ISIC_0028028,HAM_0004509,nv,0,0.00047647755,6.692214e-05,0.000392706,0.0003008042,0.0012309202,0.9973978,0.00013439666
ISIC_0029468,HAM_0003266,nv,0,0.0021569564,0.0015354976,0.0019600992,0.0027014695,0.0061552017,0.98219705,0.0032937871
ISIC_0031224,HAM_0000753,nv,0,0.00023118619,4.100653e-05,0.0018470562,0.00018181489,0.0013938909,0.99588543,0.00041964737
ISIC_0027336,HAM_0006943,nv,0,0.00022260415,0.0002239123,0.0004138536,0.0008877551,0.0055644037,0.99225837,0.0004290807
ISIC_0031562,HAM_0001132,nv,0,0.0004055518,0.00012093917,0.0031205856,0.00033588608,0.002014064,0.99347043,0.00053256744
ISIC_0030662,HAM_0006179,nv,0,8.409073e-05,0.00014501227,0.004954583,0.0026904736,0.00032424708,0.99142283,0.0003787132
ISIC_0030531,HAM_0000257,nv,0,0.0033436576,0.0005056802,0.012652765,0.0005435763,0.006834826,0.9751608,0.0009586758
ISIC_0030735,HAM_0004837,nv,0,0.00035802036,0.0005029213,0.009197469,0.00017897222,0.0032444187,0.98511314,0.0014049788
ISIC_0031083,HAM_0002439,nv,0,6.190593e-05,0.00014996195,0.0006360046,0.00019444457,0.0022058277,0.9956617,0.0010902325
ISIC_0032381,HAM_0004904,nv,0,0.0013373129,0.00035643505,0.0015302452,0.0030787531,0.010726245,0.9826684,0.00030250248
ISIC_0030860,HAM_0004911,nv,0,0.00037280115,5.2462972e-05,0.00066947535,0.0015007189,0.003083554,0.9942232,9.782249e-05
ISIC_0026264,HAM_0004782,nv,0,0.0035930371,0.00025338188,0.005294631,0.0049423734,0.01705793,0.9679586,0.000900073
ISIC_0030997,HAM_0006825,nv,0,7.119588e-05,3.014623e-05,0.0001553543,0.00012158226,0.00074970734,0.9987532,0.00011888186
ISIC_0028762,HAM_0001080,nv,0,0.0017650907,0.0014640263,0.0010900989,0.0017216785,0.00444557,0.9881542,0.0013593023
ISIC_0028948,HAM_0001333,nv,0,0.0004228726,0.00016919557,0.00031517426,0.00044707887,0.0028339159,0.9952436,0.0005682043
ISIC_0032394,HAM_0005667,nv,0,0.0007157613,5.3182925e-05,0.0007930497,0.0035420745,0.019631097,0.9749521,0.00031269295
ISIC_0030027,HAM_0002860,nv,0,3.0585335e-05,0.0028153998,8.815657e-05,0.00015931946,0.003578603,0.96878886,0.024539042
ISIC_0024401,HAM_0002178,nv,0,0.00021917274,0.00013675356,0.00031517923,0.00035229526,0.0010823676,0.9972051,0.0006890873
ISIC_0024567,HAM_0000628,nv,0,0.0002576722,0.000119828685,0.000103601866,0.00036837815,0.00020067529,0.99887353,7.624217e-05
ISIC_0027877,HAM_0007580,nv,0,0.00024862122,0.000106617845,0.0002806264,0.000353362,0.0024277961,0.9963252,0.0002577689
ISIC_0026669,HAM_0000511,nv,0,0.00047650636,0.000577026,0.00032179122,0.0017691397,0.0026367344,0.9935694,0.0006494016
ISIC_0029700,HAM_0001787,nv,0,5.5467422e-05,9.334514e-05,2.4469724e-05,0.0001986759,0.00041256245,0.99911386,0.00010162247
ISIC_0027104,HAM_0000636,nv,0,0.00047399514,0.0012469828,0.0005910497,0.00081023946,0.0028958733,0.99123293,0.002748963
ISIC_0030651,HAM_0004374,nv,0,0.0068893577,0.021345422,0.0025680875,0.06539633,0.00065504626,0.89924896,0.0038967922
ISIC_0028664,HAM_0002695,nv,0,0.00091306923,0.00081051607,0.0027824012,0.004286383,0.03247094,0.957317,0.0014197243
ISIC_0029988,HAM_0002212,nv,0,0.00044854818,0.000760774,0.0003714965,0.002160376,0.0013190001,0.99365073,0.0012890749
ISIC_0030676,HAM_0005054,nv,0,0.00011208091,0.015013153,0.0024430635,0.0014901372,0.00028232223,0.98008335,0.00057590334
ISIC_0031790,HAM_0006729,nv,0,0.0002081919,0.00038180331,0.00015592853,0.00026706274,0.0012691179,0.99756205,0.00015577633
ISIC_0029832,HAM_0000325,nv,0,0.0004075475,0.0003149283,0.00044325355,0.003305752,0.0016009005,0.9934963,0.0004312975
ISIC_0031868,HAM_0005446,nv,0,0.0012024776,0.0017233109,0.0065547163,0.0008398747,0.00025341043,0.9890911,0.00033505922
ISIC_0026013,HAM_0004671,nv,0,2.8360908e-05,4.549798e-05,0.00018065229,0.00022993234,0.0006389063,0.9924206,0.0064558764
ISIC_0028530,HAM_0006425,nv,0,0.00013102459,0.00024646524,0.00024335604,0.00030138632,0.0005146819,0.9973779,0.0011851866
ISIC_0028959,HAM_0004974,nv,0,0.0009027129,0.0010782977,0.0019054526,0.0011300463,0.0018915476,0.99188024,0.0012117709
ISIC_0026059,HAM_0006970,nv,0,0.00032625464,0.00023361953,0.0004926444,0.0010287664,0.000978784,0.99561477,0.0013251614
ISIC_0031072,HAM_0003878,nv,0,5.7084493e-05,0.0010307966,0.0023699084,0.055244964,0.00015217043,0.93805486,0.003090189
ISIC_0030805,HAM_0003200,nv,0,1.9931535e-05,0.00010732878,0.00012621745,0.00031684618,0.00038218946,0.9932219,0.005825718
ISIC_0028844,HAM_0003184,nv,0,0.0004523471,0.00015786108,0.00048529767,0.001346837,0.0042190277,0.9923282,0.0010104598
ISIC_0028547,HAM_0005699,nv,0,0.0034349384,0.008698914,0.0026987484,0.006903283,0.0021411492,0.97119784,0.0049251295
ISIC_0029777,HAM_0001189,nv,0,0.0007704841,0.001979062,0.0010613868,0.002763128,0.0012903181,0.9887982,0.0033374468
ISIC_0028953,HAM_0000660,nv,0,0.0005648192,0.00020198339,0.0005162866,0.0007656346,0.0029943262,0.9946424,0.00031467638
ISIC_0031944,HAM_0004162,nv,0,0.00012252374,0.00012300328,0.033708062,0.0020105354,0.00095715834,0.9622743,0.00080443546
ISIC_0031161,HAM_0001195,nv,0,0.0021026144,0.00034223826,0.007915835,0.0007453303,0.0010088454,0.9868803,0.0010049124
ISIC_0024486,HAM_0002002,nv,0,0.01700866,0.001548425,0.0008263876,0.008102279,0.0017443446,0.9703608,0.00040909153
ISIC_0029255,HAM_0007599,nv,0,0.0015005018,0.00048666607,0.001447959,0.0015122702,0.0019690043,0.99221534,0.0008684238
ISIC_0030347,HAM_0006019,nv,0,0.00038533594,0.0011997372,0.001840468,0.00041542863,0.00032196022,0.99506253,0.0007746085
ISIC_0030190,HAM_0003956,nv,0,0.001679494,0.006209303,0.02420263,0.0006387102,0.0018901507,0.9648842,0.00049548876
ISIC_0032418,HAM_0004594,nv,0,0.0013062231,0.00025149778,0.0021907187,0.0015226621,0.053991117,0.9403398,0.00039798667
ISIC_0031139,HAM_0006683,nv,0,8.952363e-05,0.0005761218,0.00019687884,0.0009042671,0.0003189424,0.997355,0.00055921497
ISIC_0029916,HAM_0001222,nv,0,3.901064e-05,5.4799344e-05,7.04325e-05,5.2086038e-05,7.9577e-05,0.9996911,1.30032795e-05
ISIC_0024569,HAM_0002046,nv,0,0.0008813525,9.307548e-05,0.005778092,0.0005155967,0.07734777,0.9150831,0.00030103873
ISIC_0032261,HAM_0005025,nv,0,0.0002237473,0.000119880315,0.00051066437,0.00038963283,0.0020555335,0.9963805,0.0003201904
ISIC_0030051,HAM_0003581,nv,0,0.0037055386,0.007514691,0.008324607,0.0006225927,0.011305702,0.96472234,0.003804543
ISIC_0025399,HAM_0001992,nv,0,0.0026851054,0.0044323984,0.0013111742,0.00095274043,0.00058696634,0.98920316,0.000828564
ISIC_0028956,HAM_0000786,nv,0,0.00081365916,0.0020540464,0.0036432305,0.0006386484,0.0009559202,0.990568,0.0013265158
ISIC_0030739,HAM_0002678,nv,0,3.10028e-05,0.011795623,2.7899503e-05,0.00013853845,0.00017564284,0.9877829,4.8300262e-05
ISIC_0032077,HAM_0004334,nv,0,0.00090992276,0.004709809,0.0012328337,0.0007714876,0.0005556817,0.9910534,0.0007669804
ISIC_0027414,HAM_0000620,nv,0,0.0010536726,0.00243912,0.00084006105,0.0022657523,0.0010892451,0.98738027,0.004931972
ISIC_0027123,HAM_0003780,nv,0,0.00015118615,0.0019264492,0.00014398136,0.0005994145,0.00021237547,0.99403495,0.0029317527
ISIC_0025002,HAM_0006023,nv,0,0.0011041284,0.008305172,0.004112363,0.0015076917,0.0019915237,0.979598,0.0033810858
ISIC_0032477,HAM_0000430,nv,0,0.010569136,0.003925366,0.0060235825,0.009144592,0.0020786473,0.96050537,0.0077533387
ISIC_0027029,HAM_0000838,nv,0,0.04507032,0.060225457,0.028924724,0.010255678,0.039448634,0.8131197,0.0029555678
ISIC_0031920,HAM_0005005,nv,0,0.0014940165,0.00051055226,0.005292871,0.0014838384,0.0023613463,0.9884095,0.0004479285
ISIC_0028700,HAM_0001717,nv,0,0.0008072201,0.00071376195,0.002461048,0.000747286,0.017911635,0.9769876,0.0003713813
ISIC_0031589,HAM_0002947,nv,0,0.0008542605,0.0014084376,0.00205829,0.0009661153,0.0022889122,0.9914035,0.001020421
ISIC_0025961,HAM_0007290,nv,0,0.00024322294,0.00017587257,0.0010345608,0.0034760311,0.0076183444,0.987145,0.00030686267
ISIC_0028129,HAM_0005963,nv,0,0.002016152,0.0005910469,0.0031842669,0.0031889346,0.0022913024,0.9844752,0.0042531113
ISIC_0026878,HAM_0007436,nv,0,0.00029700008,0.0038206493,0.00059820147,0.0005554113,0.0007817272,0.99347746,0.0004695337
ISIC_0025625,HAM_0004497,nv,0,0.00023316345,0.002312141,0.00036289828,0.000809461,0.00041565878,0.9956138,0.0002528495
ISIC_0030075,HAM_0003563,nv,0,8.5211635e-05,2.533653e-05,0.00021527057,0.0001816304,0.0045004594,0.9948749,0.00011715493
ISIC_0031347,HAM_0003494,nv,0,0.00023769044,0.00016871243,0.00011663567,0.0003536933,0.006023303,0.9924017,0.0006982701
ISIC_0032119,HAM_0000874,nv,0,0.00072753004,0.004889908,0.00044909457,0.0006271701,0.0008589158,0.99195075,0.0004966171
ISIC_0029509,HAM_0001826,nv,0,0.0022308477,0.00263372,0.013429122,0.005886117,0.004776042,0.9683793,0.0026647653
ISIC_0031815,HAM_0002760,nv,0,0.00021949374,0.00018465187,0.000601913,0.000280189,0.0006204136,0.9976909,0.00040233327
ISIC_0030728,HAM_0006842,nv,0,0.00017570876,0.00075288006,0.0037458285,0.00012755088,0.0006114897,0.99202114,0.0025653702
ISIC_0027690,HAM_0004999,nv,0,0.0006589198,0.00077261555,0.007941517,0.0009457043,0.0019537695,0.9867039,0.0010235492
ISIC_0029333,HAM_0001946,nv,0,0.0007305489,0.00057341444,0.000584724,0.0010332618,0.06455298,0.93207014,0.00045493903
ISIC_0030726,HAM_0002255,nv,0,0.0063421107,0.0027571672,0.024876183,0.019939832,0.005911497,0.937583,0.002590119
ISIC_0030270,HAM_0002029,nv,0,0.0013172028,0.0022015953,0.0036824807,0.0019410048,0.0025069457,0.98505545,0.0032953178
ISIC_0025349,HAM_0006139,nv,0,0.00016541086,0.0011912967,0.0004909406,0.00071676,9.333235e-05,0.99605465,0.0012876273
ISIC_0025888,HAM_0000584,nv,0,0.0001331624,0.00054021116,0.0003036234,0.00047441255,0.0037133673,0.9940454,0.00078984984
ISIC_0029105,HAM_0005047,nv,0,0.0006662002,0.003619956,0.0006258372,0.00045876743,0.0017728612,0.9917778,0.0010787129
ISIC_0032296,HAM_0006151,nv,0,0.00014480423,0.0006222802,0.00032251957,0.00019164718,0.00068011205,0.9977652,0.00027345165
ISIC_0031807,HAM_0005511,nv,0,0.0011529255,0.0017392179,0.0008857069,0.0010894381,0.0029066037,0.99045265,0.0017735208
ISIC_0025761,HAM_0006073,nv,0,0.001079464,0.004935649,0.0011592273,0.0016982353,0.0056347963,0.9833034,0.002189112
ISIC_0026110,HAM_0003295,nv,0,0.0009438851,0.0010992113,0.0004649811,0.0025075346,0.00808652,0.9848059,0.0020920567
ISIC_0026582,HAM_0003747,nv,0,0.00037405157,8.240931e-05,0.00073092844,0.00018607531,0.007542431,0.99076194,0.00032213784
ISIC_0029686,HAM_0006530,nv,0,0.00035717853,0.00033033613,0.0005146413,0.0002915206,0.01646991,0.98183745,0.00019899404
ISIC_0030109,HAM_0000606,nv,0,0.00013870967,0.0003206255,0.0007939433,0.00016928806,0.0008833323,0.9957877,0.0019064316
ISIC_0031136,HAM_0001970,nv,0,0.00033634546,0.00017534783,0.0014964871,0.00018484284,0.0011057999,0.99580115,0.00090010714
ISIC_0028012,HAM_0002927,nv,0,0.0237106,0.01974817,0.013665806,0.010431992,0.06752872,0.8270987,0.037816074
ISIC_0027921,HAM_0003547,nv,0,9.578065e-05,8.14469e-05,0.00020495753,0.0003506934,0.0018764901,0.99655604,0.00083451904
ISIC_0030673,HAM_0001144,nv,0,8.642881e-05,4.754444e-05,0.0002207037,0.0006059702,0.0014740173,0.9973297,0.00023562716
ISIC_0032457,HAM_0005691,nv,0,0.0001690455,0.0012315992,0.00016691297,0.00051917357,0.00020997002,0.9972783,0.00042498036
ISIC_0030618,HAM_0001379,nv,0,0.0004235242,0.0006265398,0.0009968175,0.0010580025,0.0013387472,0.9938612,0.0016952298
ISIC_0029204,HAM_0005877,nv,0,0.00013486741,6.996831e-05,0.00020929515,0.00053576025,0.0018089173,0.9969894,0.00025171958
ISIC_0025774,HAM_0002233,nv,0,0.00031041467,0.000159476,0.00054532697,0.00055608264,0.0052914442,0.9927375,0.00039974978
ISIC_0028914,HAM_0001518,nv,0,0.00054374425,0.00078269007,0.008818541,0.0037932703,0.00041285163,0.98503464,0.0006143404
ISIC_0025177,HAM_0001248,nv,0,0.0002650345,0.0019950306,0.0014898378,0.016671594,0.10123223,0.87793577,0.00041049346
ISIC_0027530,HAM_0001248,nv,0,0.00026137906,0.0107197035,0.002117028,0.003190474,0.0118482625,0.97157604,0.00028706875
ISIC_0029534,HAM_0000854,nv,0,0.0019065564,0.021639014,0.026772857,0.06595679,0.045938592,0.20261636,0.63516986
ISIC_0030640,HAM_0007311,nv,0,7.253228e-05,0.0023922832,0.7061801,1.1079822e-05,0.046305504,0.24500449,3.39952e-05
ISIC_0026367,HAM_0007311,nv,0,5.6125067e-05,0.0038992881,0.01553156,2.0809197e-05,0.024867887,0.9552898,0.0003345341
ISIC_0027644,HAM_0001107,nv,0,0.0052832956,0.00291202,0.18228395,0.0076721506,0.089885294,0.7083849,0.0035783492
ISIC_0029653,HAM_0006738,nv,0,0.00012634865,0.0015642447,0.018443063,0.00023284505,0.006398698,0.97312117,0.00011370148
ISIC_0029374,HAM_0006738,nv,0,0.0019534882,0.0075989873,0.18500778,0.009305929,0.02099685,0.7698372,0.00529977
ISIC_0032158,HAM_0004318,nv,0,0.0021560485,0.0008296089,0.4574644,0.0005283624,0.39512995,0.1422705,0.001621126
ISIC_0031678,HAM_0004318,nv,0,0.0017724799,0.00057096186,0.026173893,0.0029109323,0.22944444,0.7348919,0.0042353817
ISIC_0027662,HAM_0002314,nv,0,0.00022970387,0.009608791,0.001537877,0.0009558226,0.003052466,0.7974184,0.18719687
ISIC_0029430,HAM_0003327,nv,0,0.0018424166,0.02446241,0.044615876,0.0028703597,0.035797387,0.8878585,0.002552951
ISIC_0027312,HAM_0003327,nv,0,0.00064716884,0.0076499614,0.0122949425,0.00048755552,0.19823661,0.77946043,0.0012233228
ISIC_0031143,HAM_0006853,nv,0,0.0006049069,0.00013939352,0.011914879,0.00044996777,0.7931641,0.19361544,0.00011135148
ISIC_0031863,HAM_0006853,nv,0,0.0019046746,0.00011801555,0.13431269,0.00081281527,0.557799,0.30445704,0.00059583096
ISIC_0031418,HAM_0002942,nv,0,0.0002255546,0.0019257938,0.045665987,0.0016879289,0.03244534,0.9172259,0.00082343456
ISIC_0027911,HAM_0002942,nv,0,0.015759442,0.06121384,0.5009088,0.0028812406,0.11565409,0.29939857,0.004184
ISIC_0028401,HAM_0005342,nv,0,0.0008418466,0.001017446,0.0053584385,0.001307703,0.4429547,0.54697603,0.0015438631
ISIC_0030371,HAM_0005342,nv,0,0.0020188068,0.0007463127,0.14846633,0.0010545274,0.6082065,0.23817709,0.0013304463
ISIC_0028367,HAM_0003912,nv,0,0.00030824618,0.0002987624,0.0021754706,0.0008018755,0.014765362,0.98004305,0.0016072274
ISIC_0030741,HAM_0003912,nv,0,0.00023695007,0.0010505902,0.016766312,0.0015436007,0.039926786,0.9394086,0.0010671346
ISIC_0027462,HAM_0006914,nv,0,9.361985e-05,8.117962e-05,0.0005145763,0.0008198851,0.9097117,0.08867719,0.00010182205
ISIC_0025254,HAM_0006914,nv,0,6.017296e-05,5.258639e-05,0.0020946667,0.00038932345,0.80076015,0.19623472,0.0004084061
ISIC_0029475,HAM_0006397,nv,0,3.6189904e-05,0.0007967787,0.0013780554,0.00084609835,0.016224032,0.9804936,0.00022518114
ISIC_0029894,HAM_0006397,nv,0,0.0006898163,0.00014976712,0.30385804,0.00026751074,0.34364444,0.3511073,0.00028310003
ISIC_0026541,HAM_0006974,nv,0,0.00069663045,0.0004008233,0.014019552,0.000211632,0.6043326,0.37597227,0.0043664444
ISIC_0031281,HAM_0006974,nv,0,0.00046024905,0.00012681194,0.005130203,0.001465528,0.12129568,0.86868554,0.0028359354
ISIC_0030688,HAM_0003475,nv,0,0.0022944508,0.0021428445,0.0314735,0.006849965,0.058714166,0.8962926,0.002232562
ISIC_0029825,HAM_0003475,nv,0,0.0007205498,0.0014080151,0.029637963,0.000402616,0.8313413,0.13624391,0.000245634
ISIC_0027408,HAM_0001696,nv,0,0.0044593094,0.0005578755,0.014164737,0.0008358363,0.8248559,0.15438159,0.00074486155
ISIC_0030460,HAM_0001696,nv,0,0.0038666418,0.00047091278,0.019824289,0.0022931478,0.6229197,0.34874448,0.0018807737
ISIC_0028527,HAM_0006484,nv,0,0.0016180481,0.000592926,0.05925242,0.00018047936,0.89222693,0.04565277,0.00047642938
ISIC_0027244,HAM_0006484,nv,0,0.00067444565,0.00013836661,0.48885864,0.00041959155,0.41005534,0.099511825,0.00034179245
ISIC_0026148,HAM_0002975,nv,0,0.0004152335,0.0012542709,0.0048695407,0.0052652294,0.9306929,0.057217907,0.00028482865
ISIC_0028810,HAM_0002975,nv,0,0.00019239269,0.0011245784,0.0019232748,0.0038559462,0.9717776,0.021033559,9.249149e-05
ISIC_0031676,HAM_0007553,nv,0,0.0006992313,0.00043331544,0.004577406,0.015736705,0.24365222,0.73454964,0.00035159558
ISIC_0032151,HAM_0007553,nv,0,0.0011530308,0.0017893404,0.0025958589,0.0034055342,0.7134614,0.27722123,0.00037360392
ISIC_0028015,HAM_0002575,nv,0,0.0037672832,0.0004946428,0.14317238,0.00060486654,0.08334876,0.7679594,0.00065274053
ISIC_0026781,HAM_0002575,nv,0,0.00022906113,5.8256068e-05,0.0012161222,0.00017155887,0.029191859,0.9685915,0.0005414986
ISIC_0025812,HAM_0001767,nv,0,0.00043627695,0.008128096,0.0064361356,0.0065438775,0.045579035,0.8799781,0.05289843
ISIC_0029357,HAM_0001767,nv,0,0.0006695165,0.15121798,0.010614578,0.0018199347,0.020904465,0.8111151,0.003658462
ISIC_0032309,HAM_0006185,nv,0,0.00010044745,0.0050547905,0.0013812283,0.06071412,0.22514017,0.7071582,0.00045105437
ISIC_0028759,HAM_0006185,nv,0,2.1881977e-05,0.00021420067,0.00082191743,0.009723909,0.4122616,0.5768577,9.883738e-05
ISIC_0029846,HAM_0002484,nv,0,8.6121945e-05,0.00034028647,0.0008681037,0.00032438667,0.0017306505,0.99573165,0.00091869285
ISIC_0029194,HAM_0002484,nv,0,0.0010054408,0.0053667948,0.009760512,0.0020812429,0.017674543,0.95795536,0.006156066
ISIC_0029982,HAM_0005886,nv,0,0.00026484623,0.13349319,0.078018114,0.00025972363,0.025107132,0.7607348,0.0021221905
ISIC_0031622,HAM_0005886,nv,0,4.5681452e-05,0.003970058,0.003940125,0.00015333574,0.0031880853,0.9867393,0.0019634033
ISIC_0028045,HAM_0003892,nv,0,0.003719443,0.0016440583,0.020124309,0.0067515047,0.265896,0.6978115,0.0040532197
ISIC_0028793,HAM_0004783,nv,0,0.0016530554,0.0016466109,0.15292831,0.00044928002,0.19598067,0.64637214,0.0009698851
ISIC_0025671,HAM_0004783,nv,0,0.001610698,0.0009123863,0.2485714,0.0005168249,0.502128,0.24519609,0.0010646064
ISIC_0025850,HAM_0005611,nv,0,0.0017368485,0.0013421326,0.13743706,0.0016094628,0.0270894,0.82240134,0.008383714
ISIC_0029187,HAM_0005611,nv,0,0.0029238374,0.002935281,0.28906366,0.0035858606,0.07489304,0.61916125,0.0074371723
ISIC_0028098,HAM_0002541,nv,0,9.426242e-06,1.9800062e-05,0.99635303,4.657919e-05,0.0003206509,0.003196045,5.456305e-05
ISIC_0030473,HAM_0005244,nv,0,0.00011618556,3.4344386e-05,0.00012785434,0.00024026707,0.916067,0.08323368,0.00018065603
ISIC_0026186,HAM_0002106,nv,0,0.00037723,0.00032015092,0.011519545,0.0020856087,0.15129635,0.83403194,0.0003692119
ISIC_0025156,HAM_0002106,nv,0,0.0037576435,0.002789718,0.15112813,0.003739341,0.038416967,0.79650825,0.0036598602
ISIC_0027852,HAM_0005060,nv,0,0.004132372,0.0033859443,0.08513534,0.0008444759,0.52869624,0.37636912,0.0014365019
ISIC_0031975,HAM_0005060,nv,0,0.0005171783,0.81718606,0.11167942,0.00037178272,0.041164882,0.028085722,0.0009949422
ISIC_0028751,HAM_0005034,nv,0,0.00069508894,0.00021116369,0.0011254896,0.00072207267,0.023244074,0.97304,0.0009622124
ISIC_0027024,HAM_0005034,nv,0,0.0015725292,0.00026929087,0.0033371816,0.00024759833,0.16533251,0.8282266,0.0010143102
ISIC_0026544,HAM_0002581,nv,0,0.00043225533,0.85000783,0.090823434,0.00076160097,0.001697956,0.05530281,0.0009741024
ISIC_0032470,HAM_0002581,nv,0,0.0017316886,0.3398125,0.16082987,0.006103502,0.05807831,0.43208757,0.001356566
ISIC_0029179,HAM_0007300,nv,0,0.00022496666,6.0077757e-05,0.0012826389,0.0005281962,0.8444332,0.15318318,0.0002877367
ISIC_0025158,HAM_0007300,nv,0,0.0022106797,0.0008188421,0.006945371,0.001887205,0.78322285,0.2027259,0.0021891962
ISIC_0025336,HAM_0007300,nv,0,0.0017687202,0.0006160474,0.006045173,0.0032499987,0.22762012,0.7566115,0.004088372
ISIC_0026423,HAM_0005267,nv,0,0.0007645003,0.00019826667,0.051341448,0.00039507126,0.09206389,0.85491186,0.00032497678
ISIC_0032633,HAM_0007462,nv,0,0.00025913707,0.0005638007,0.02708597,0.00014939232,0.055306096,0.9155488,0.0010867543
ISIC_0034298,HAM_0007462,nv,0,0.00097566587,0.00061654777,0.03931688,0.0011077358,0.1571807,0.79822946,0.0025730487
ISIC_0033251,HAM_0001651,nv,0,0.0008153701,0.022915749,0.8062318,0.0009403201,0.091881186,0.076994844,0.00022074353
ISIC_0033402,HAM_0001651,nv,0,0.0005131086,0.0011941789,0.027526638,0.00028670573,0.22779258,0.74253947,0.00014729549
ISIC_0034204,HAM_0001651,nv,0,0.0006694219,0.026726913,0.05169386,0.0014282813,0.8734819,0.045619674,0.00037993814
ISIC_0033032,HAM_0003505,nv,0,0.0023521532,0.00092743477,0.0042550424,0.0026214554,0.022229604,0.96481156,0.0028028148
ISIC_0034227,HAM_0003505,nv,0,0.0006908643,0.00058919884,0.0025422373,0.00068548793,0.0058727604,0.98812884,0.0014906779
ISIC_0033563,HAM_0003505,nv,0,0.0007861236,0.00049871556,0.0018647524,0.000621875,0.008702895,0.9864616,0.0010640614
ISIC_0027643,HAM_0003215,nv,0,0.0024598327,0.00026502422,0.007156095,0.00041775676,0.3835269,0.605734,0.00044037812
ISIC_0028110,HAM_0002803,nv,0,0.00018792308,0.00034028475,0.0002325077,0.00029049304,0.040185727,0.95851654,0.00024653826
ISIC_0034110,HAM_0000268,nv,0,0.00016064907,0.0020172608,0.0010153335,0.0004666729,0.64190215,0.23799469,0.11644332
ISIC_0025160,HAM_0000268,nv,0,0.00034424136,0.0018036958,0.0015518491,0.0010277149,0.61997646,0.04922878,0.32606718
ISIC_0033389,HAM_0000268,nv,0,0.00017504742,0.0009574521,0.00072839117,0.00064658036,0.5238513,0.46049485,0.013146418
ISIC_0032950,HAM_0001097,nv,0,0.0024566983,0.00056556414,0.06298892,0.0016785981,0.018692365,0.9130468,0.00057111424
ISIC_0034156,HAM_0001097,nv,0,0.0025441833,0.0009223424,0.0059785605,0.0016282742,0.03235532,0.9557732,0.00079822086
ISIC_0025713,HAM_0003178,nv,0,0.00056952395,0.0017372093,0.0027038122,0.004824776,0.27552718,0.7132686,0.001368888
ISIC_0028214,HAM_0006187,nv,0,0.009937531,0.12622508,0.8214849,0.000106244595,0.0011049338,0.040501863,0.00063948665
ISIC_0025453,HAM_0006187,nv,0,0.000668256,0.00012964227,0.9791757,4.4361145e-06,0.00026342354,0.019735407,2.3152961e-05
ISIC_0029405,HAM_0003394,nv,0,3.9627612e-05,0.9948881,0.00029975447,0.00074662373,3.1966305e-05,0.00020967146,0.0037842696
ISIC_0032009,HAM_0001107,nv,0,0.00070555875,0.0040227165,0.68282235,0.0010305998,0.0054263887,0.30537704,0.0006153993
ISIC_0033652,HAM_0005363,nv,0,7.101573e-05,1.9643474e-05,0.0006287977,6.45344e-05,0.06136655,0.93769747,0.000151964
ISIC_0033944,HAM_0005363,nv,0,0.00056171947,0.00031571207,0.007992636,0.00053182535,0.2217971,0.7681234,0.0006775631
ISIC_0032717,HAM_0005363,nv,0,0.00033541129,8.123846e-05,0.006300996,0.00019450068,0.060634736,0.93195987,0.00049329124
ISIC_0033850,HAM_0004574,nv,0,0.0006557279,0.00088410353,0.12302231,0.00045866682,0.12206494,0.75213253,0.00078174396
ISIC_0032671,HAM_0004574,nv,0,0.0015951071,0.00038747728,0.44271117,0.0006948122,0.13849139,0.41588867,0.00023137323
ISIC_0032566,HAM_0004574,nv,0,0.00027740494,0.00017258138,0.69907236,0.0002259695,0.03044632,0.2695164,0.00028901943
ISIC_0034131,HAM_0005106,nv,0,0.00090282434,0.0009224307,0.0067463606,0.0014441187,0.5969977,0.3922861,0.00070037897
ISIC_0032901,HAM_0005106,nv,0,0.00054743624,0.0021715048,0.0075534345,0.0018161328,0.4666304,0.5195481,0.0017329659
ISIC_0034308,HAM_0004272,nv,0,0.0018386488,0.003984725,0.04012657,0.0006194894,0.11531906,0.83561796,0.0024935773
ISIC_0032957,HAM_0004272,nv,0,0.0025905946,0.013409059,0.05878918,0.0016148324,0.12928817,0.791986,0.0023221942
ISIC_0033334,HAM_0004272,nv,0,0.0034098434,0.0048369085,0.04315302,0.0032189304,0.19702035,0.7450007,0.003360259
ISIC_0033837,HAM_0000402,nv,0,0.0008410303,0.0026898086,0.0036532688,0.00036527234,0.13235213,0.85967964,0.00041878683
ISIC_0032612,HAM_0000402,nv,0,0.001206823,0.0003334903,0.0034929109,0.0007269885,0.5576511,0.4359989,0.00058988424
ISIC_0034039,HAM_0000402,nv,0,0.006278273,0.0015727375,0.016352331,0.0018933818,0.19350779,0.7773904,0.003005003
ISIC_0034086,HAM_0003460,nv,0,1.629214e-05,2.8869888e-06,0.002666012,4.930155e-06,0.9344506,0.06284931,1.0037296e-05
ISIC_0032577,HAM_0003460,nv,0,0.00013132198,5.0819704e-06,0.0036017518,7.365396e-06,0.944595,0.05165083,8.678558e-06
ISIC_0032742,HAM_0000579,nv,0,0.0008909535,0.00026725166,0.004775469,0.0002839328,0.06681448,0.9259554,0.0010125447
ISIC_0032961,HAM_0000579,nv,0,0.00042925848,6.159946e-05,0.00054316374,0.00020636314,0.2549386,0.7434751,0.00034593092
ISIC_0034112,HAM_0000579,nv,0,0.00021727508,3.232661e-05,0.00057862606,0.0001246488,0.047984105,0.95069945,0.0003635121
ISIC_0032520,HAM_0004548,nv,0,8.13307e-05,0.0001452711,0.027361246,0.000256457,0.30528232,0.6667979,7.5512995e-05
ISIC_0032832,HAM_0004548,nv,0,0.00024049736,0.00026054803,0.096645296,0.00084931304,0.025260722,0.8766657,7.792572e-05
ISIC_0033917,HAM_0004548,nv,0,0.001206954,0.0017373442,0.22292821,0.00067177106,0.35484943,0.4181148,0.00049147825
ISIC_0032802,HAM_0003947,nv,0,0.0002926435,0.000107868,0.013814132,0.00063483766,0.27557403,0.7092221,0.0003543771
ISIC_0032551,HAM_0003947,nv,0,0.0010033756,0.00047488773,0.05940775,0.0011915381,0.29384652,0.6430745,0.0010014179
ISIC_0033544,HAM_0003947,nv,0,0.00050406693,0.00040266293,0.2580711,0.00059046614,0.1535005,0.58613354,0.00079766876
ISIC_0033351,HAM_0001870,nv,0,0.0009852886,0.00058148836,0.036936596,0.0010810716,0.15205494,0.8076782,0.00068248954
ISIC_0033131,HAM_0001870,nv,0,0.0021580672,0.001396077,0.13748433,0.009242412,0.029487282,0.8178778,0.002354026
ISIC_0033090,HAM_0001870,nv,0,0.00060313166,0.00045794307,0.06769981,0.0010668313,0.06704189,0.86264676,0.00048368433
ISIC_0033832,HAM_0005383,nv,0,0.0036944977,0.0021740051,0.026381548,0.0022561965,0.3164103,0.64417946,0.0049039824
ISIC_0032893,HAM_0005383,nv,0,0.0055064345,0.0056701424,0.32794023,0.0018570762,0.2777762,0.37893423,0.002315687
ISIC_0032683,HAM_0005383,nv,0,0.0021699837,0.0014754712,0.15347055,0.0006560164,0.26259634,0.57693374,0.002697952
ISIC_0032781,HAM_0001040,nv,0,0.0013717322,0.00035713948,0.06785965,0.0009841697,0.30264446,0.6258565,0.0009263493
ISIC_0033237,HAM_0001040,nv,0,0.0011257682,0.000304777,0.04350007,0.0008497745,0.28812304,0.6646929,0.0014037803
ISIC_0032747,HAM_0001040,nv,0,0.001102463,0.00016890313,0.02959442,0.0009202431,0.2561566,0.71142733,0.0006300075
ISIC_0034286,HAM_0004176,nv,0,0.00198301,0.026299402,0.06973305,0.0056215534,0.17608097,0.719925,0.00035692556
ISIC_0033373,HAM_0004176,nv,0,0.0011976395,0.0073723416,0.56487393,0.010565549,0.010416994,0.40527722,0.0002963744
ISIC_0032761,HAM_0001740,nv,0,0.00016458528,0.0003126331,0.00013538414,0.00057839946,0.011216134,0.98721933,0.00037344274
ISIC_0033160,HAM_0001740,nv,0,0.0002520809,0.0002545547,8.484983e-05,0.0004176455,0.024897521,0.9733891,0.0007042222
ISIC_0033930,HAM_0001740,nv,0,0.00022022464,0.00039760873,0.00013971016,0.0007413815,0.050032564,0.94774014,0.0007284633
ISIC_0033096,HAM_0006158,nv,0,0.0006515528,0.004319781,0.11217281,0.0009188367,0.2706699,0.6111565,0.00011060009
ISIC_0033972,HAM_0006158,nv,0,0.0010255899,0.0035035736,0.26454255,0.0006005626,0.2092704,0.520993,6.4295644e-05
ISIC_0033367,HAM_0006158,nv,0,0.0038756602,0.0036765751,0.53301215,0.0010846731,0.3656187,0.092623614,0.00010866314
ISIC_0034292,HAM_0007475,nv,0,0.0003436534,6.995392e-05,0.013540788,0.00023116905,0.034510147,0.95113844,0.00016585569
ISIC_0034207,HAM_0007475,nv,0,0.0005309092,6.7827925e-05,0.0074698785,0.000111393354,0.040204715,0.95150673,0.000108600616
ISIC_0033408,HAM_0007475,nv,0,0.0006159746,0.00016839808,0.0023229264,0.00058262376,0.0074457093,0.9886198,0.00024453967
ISIC_0032524,HAM_0004411,nv,0,0.00074941944,0.00057012826,0.5850514,0.002065176,0.058439314,0.35209018,0.0010343872
ISIC_0033376,HAM_0004411,nv,0,0.0009828355,0.0004285313,0.3783469,0.0009019006,0.127974,0.4905745,0.0007912745
ISIC_0033796,HAM_0004411,nv,0,0.0006702621,0.00023805759,0.22859338,0.002006904,0.02414067,0.743696,0.00065473554
ISIC_0033936,HAM_0000216,nv,0,0.00026616838,0.00016430217,0.0010213247,0.00025053087,0.7750568,0.2229266,0.00031423612
ISIC_0034121,HAM_0000216,nv,0,0.00031706793,0.0002906739,0.0003645867,0.00024381767,0.004221658,0.99440247,0.00015974346
ISIC_0034232,HAM_0000216,nv,0,0.0004592163,0.0024995282,0.0016028224,0.0038619053,0.04781187,0.9426727,0.001091963
ISIC_0033517,HAM_0001683,nv,0,0.00042383632,0.000205756,0.053489357,0.00028178492,0.2622574,0.6829063,0.00043558548
ISIC_0033513,HAM_0001683,nv,0,0.00039025725,5.926628e-05,0.01054789,0.00024854756,0.14732553,0.8412022,0.00022630511
ISIC_0033649,HAM_0001683,nv,0,0.00085535186,8.910311e-05,0.035354916,0.0008177782,0.26821923,0.6943502,0.00031343964
ISIC_0033404,HAM_0006623,nv,0,0.0007528522,0.00014256619,0.48156977,0.0005540352,0.44105098,0.07457585,0.001353952
ISIC_0033478,HAM_0006623,nv,0,0.00083799014,0.00011121608,0.16637874,0.0004108038,0.6097779,0.2217113,0.00077199267
ISIC_0032853,HAM_0004773,nv,0,0.006393286,0.00017255204,0.0463719,0.0019728262,0.16059428,0.78432125,0.0001739054
ISIC_0034148,HAM_0004773,nv,0,0.00010583356,0.00017279433,0.031145902,0.00088267884,0.53352344,0.43375152,0.00041776313
ISIC_0034241,HAM_0004773,nv,0,0.00086307916,0.0011278681,0.021637563,0.075154655,0.43843865,0.4612781,0.0015000305
ISIC_0033243,HAM_0003106,nv,0,0.0039590104,0.019803474,0.5634068,0.004951185,0.039096512,0.36661577,0.0021672412
ISIC_0032648,HAM_0003106,nv,0,0.0012261095,0.005935757,0.33469552,0.00069047697,0.07541353,0.58056533,0.0014732043
ISIC_0032620,HAM_0003106,nv,0,0.0067122267,0.05063082,0.27127942,0.012762467,0.052512933,0.6012722,0.0048299157
ISIC_0030420,HAM_0003106,nv,0,0.00046614968,0.0009361469,0.5441645,0.00092704943,0.0061538243,0.44587237,0.0014799746
ISIC_0033093,HAM_0006799,nv,0,0.0002101499,5.864216e-05,0.00037044892,6.5037864e-05,0.01846084,0.9807406,9.4260606e-05
ISIC_0033501,HAM_0006799,nv,0,0.0009537997,0.0001400496,0.0008553981,0.0004181109,0.019110866,0.97828776,0.0002340813
ISIC_0032677,HAM_0006799,nv,0,0.00044218224,8.639326e-05,0.0006868746,0.00010339918,0.14588155,0.85271037,8.9309935e-05
ISIC_0034010,HAM_0001720,nv,0,0.00017394288,0.00011885065,0.003739092,0.007166931,0.9316053,0.056939386,0.00025656933
ISIC_0032819,HAM_0001720,nv,0,0.0014377543,0.00024549078,0.026707843,0.0008240218,0.9507232,0.019847585,0.00021412088
ISIC_0033451,HAM_0003424,nv,0,0.0055749104,0.0012186802,0.22334239,0.0025054582,0.28565928,0.4755944,0.00610493
ISIC_0033552,HAM_0003424,nv,0,0.001270158,0.00044067288,0.39211813,0.00074814714,0.12880272,0.47483596,0.0017842266
ISIC_0034310,HAM_0003424,nv,0,0.0020605836,0.0007010782,0.511149,0.0005271385,0.17459035,0.30942258,0.0015493461
ISIC_0032574,HAM_0000970,nv,0,0.0008093192,0.16806915,0.00969246,0.011711336,0.009956283,0.79868716,0.0010742699
ISIC_0033398,HAM_0000970,nv,0,0.0013723017,0.27406475,0.012768206,0.0023943938,0.3525941,0.35605428,0.0007519593
ISIC_0033244,HAM_0000970,nv,0,0.0010104714,0.16374454,0.0044150813,0.0067387726,0.023612686,0.7997067,0.0007717348
ISIC_0032737,HAM_0006014,nv,0,0.0002101387,0.0007523174,0.121199064,0.0012259112,0.6960916,0.18017323,0.00034781615
ISIC_0031482,HAM_0005083,nv,0,0.0002020064,0.00084386027,0.053550348,0.0015161422,0.052207787,0.86594844,0.025731403
ISIC_0032944,HAM_0005083,nv,0,0.005521171,0.00448868,0.040657036,0.0032648025,0.1731057,0.7519369,0.021025756
ISIC_0033516,HAM_0005083,nv,0,0.021751085,0.012699691,0.17344065,0.007740455,0.35207468,0.41201916,0.020274242
ISIC_0032639,HAM_0003018,nv,0,0.0011350445,0.0004550306,0.0013954471,0.00040629657,0.035172533,0.959974,0.0014617019
ISIC_0033525,HAM_0003018,nv,0,0.000649856,0.0002525068,0.008957854,0.00044751226,0.08233468,0.9061727,0.0011848088
ISIC_0033433,HAM_0007169,nv,0,0.008251802,0.0018502382,0.6485178,0.0019127033,0.03887053,0.2986579,0.0019390332
ISIC_0032934,HAM_0007169,nv,0,0.005838667,0.0006425667,0.72560966,0.00091505697,0.011879683,0.25471297,0.00040132337
ISIC_0034244,HAM_0006121,nv,0,0.0007556562,0.002804863,0.013678529,0.00062280113,0.09974768,0.88040155,0.0019889458
ISIC_0032855,HAM_0006121,nv,0,0.0014725875,0.0050849174,0.06964887,0.0014639843,0.4397647,0.4801653,0.0023996008
ISIC_0032792,HAM_0006121,nv,0,7.787603e-05,0.00025584488,0.24760038,0.000106652005,0.15194745,0.5997912,0.00022055207
ISIC_0033512,HAM_0003623,nv,0,0.005512901,0.4996596,0.0026999249,0.00091323646,0.1506122,0.3367685,0.0038336213
ISIC_0032788,HAM_0003623,nv,0,0.0016703743,0.24549635,0.0014176284,0.001168389,0.31893933,0.4291798,0.0021281121
ISIC_0032846,HAM_0006675,nv,0,0.000842289,0.00045526912,0.1008389,0.00059727236,0.025620865,0.87111515,0.0005301885
ISIC_0033816,HAM_0006675,nv,0,0.00061530864,0.00015648863,0.15747876,0.0014112091,0.04641445,0.7935195,0.00040431815
ISIC_0033672,HAM_0006675,nv,0,0.0004409622,0.000116160714,0.07286626,0.00039067084,0.018989747,0.9069707,0.00022566177
ISIC_0033564,HAM_0003969,nv,0,0.0012694969,0.00071840966,0.013183325,0.00037709938,0.02949228,0.95402604,0.00093333004
ISIC_0032627,HAM_0003969,nv,0,0.008705884,0.008579286,0.017191568,0.0064350083,0.030819861,0.90952724,0.018741172
ISIC_0033532,HAM_0005209,nv,0,0.00030868975,0.00022584226,0.008864046,0.00012817937,0.023675133,0.9662375,0.00056060497
ISIC_0032713,HAM_0005209,nv,0,0.0087686805,0.004913983,0.037737682,0.001802465,0.20074706,0.742958,0.0030720904
ISIC_0033707,HAM_0002874,nv,0,0.0015196266,0.010253759,0.05630421,0.0021852842,0.039945167,0.8867874,0.0030044822
ISIC_0033912,HAM_0002874,nv,0,0.004306144,0.007935695,0.02959828,0.009241598,0.14813572,0.79613554,0.004646967
ISIC_0033909,HAM_0001801,nv,0,0.00024084326,6.1853665e-05,0.04413833,0.0012159573,0.042364594,0.9111179,0.00086056045
ISIC_0033293,HAM_0001801,nv,0,0.00041793706,0.00011742498,0.0032358211,0.0011987586,0.03548045,0.9589671,0.0005825191
ISIC_0034191,HAM_0001708,nv,0,0.0004707125,0.00022018801,0.005045831,0.0013207905,0.0074028363,0.98532987,0.00020969492
ISIC_0033719,HAM_0001708,nv,0,0.014094905,0.0006819826,0.0031750863,0.0066303853,0.110729754,0.8641792,0.00050879
ISIC_0033723,HAM_0004367,nv,0,0.09140724,0.001978456,0.011632481,0.0018513416,0.29942024,0.59314674,0.00056352554
ISIC_0033396,HAM_0004367,nv,0,0.0029041627,0.0015529691,0.019386612,0.00020894365,0.19408451,0.7812317,0.0006311436
ISIC_0033197,HAM_0004589,nv,0,0.0039826035,0.001514581,0.007197492,0.002070187,0.04434908,0.93170273,0.009183285
ISIC_0033448,HAM_0002257,nv,0,0.028418474,0.009518997,0.07285314,0.0012510616,0.041774802,0.8452374,0.0009461971
ISIC_0034304,HAM_0002257,nv,0,0.008680179,0.020660624,0.19092152,0.0038934061,0.54922223,0.22496054,0.0016615018
ISIC_0033851,HAM_0005489,nv,0,0.013460725,0.0013249249,0.021268662,0.0022253417,0.028999927,0.92898273,0.00373768
ISIC_0032588,HAM_0002600,nv,0,0.0003736216,0.00020593082,0.027827786,0.0011099948,0.01192192,0.9582393,0.00032145347
ISIC_0033656,HAM_0002604,nv,0,9.259531e-05,9.2414644e-05,0.0007934829,0.00015044387,0.000855972,0.9978865,0.00012855587
ISIC_0026761,HAM_0004564,nv,0,0.0006073122,0.00023875771,0.003208612,0.021190096,0.2120361,0.7620814,0.00063770206
ISIC_0032322,HAM_0004564,nv,0,0.0008226126,0.00020277455,0.03263529,0.0028142915,0.06284476,0.900344,0.00033628335
ISIC_0025695,HAM_0003667,nv,0,7.0920505e-05,0.0022062722,0.008020123,0.001537221,0.12403964,0.8593257,0.0048001544
ISIC_0026427,HAM_0003667,nv,0,2.7527456e-05,0.0002988523,0.0014111999,0.0005502106,0.0428214,0.95389503,0.0009958163
ISIC_0024608,HAM_0000231,nv,0,0.00011660673,7.072556e-05,0.00031945592,0.0011526542,0.5753381,0.42257383,0.00042861744
ISIC_0029809,HAM_0004014,nv,0,0.00020833849,0.00026961006,0.000856819,0.00044625162,0.49128968,0.50490874,0.0020205737
ISIC_0026370,HAM_0000272,nv,0,0.00050135236,0.00042882946,0.00091853313,0.002092302,0.07982737,0.915362,0.0008696497
ISIC_0030361,HAM_0001470,nv,0,2.747224e-05,1.0612199e-05,0.0001187527,0.00018564209,0.005783622,0.99377865,9.514134e-05
ISIC_0030841,HAM_0000231,nv,0,4.9021262e-05,2.6809023e-05,0.00012156599,0.00045655057,0.76566815,0.23351558,0.00016231189
ISIC_0027348,HAM_0000354,nv,0,0.0028610365,0.0012043616,0.799508,0.002926025,0.0142881395,0.17769885,0.0015135612
ISIC_0027933,HAM_0000070,nv,0,0.0008621885,0.0053216685,0.004010147,0.00014649818,0.0066571697,0.9726642,0.010338238
ISIC_0028513,HAM_0000070,nv,0,0.00088747795,0.014414376,0.0058660307,0.00018895496,0.005210355,0.96566397,0.0077688573
ISIC_0025734,HAM_0003099,nv,0,0.0025321236,0.000114673276,0.013663488,0.018810766,0.14446013,0.8200224,0.0003963594
ISIC_0029027,HAM_0006364,nv,0,4.3517903e-05,2.9503257e-05,0.00027210292,0.00016090107,0.16495152,0.83442706,0.000115328185
ISIC_0027258,HAM_0006547,nv,0,0.002303435,0.00010847207,0.0056677493,0.54151046,0.118490316,0.33166587,0.0002536872
ISIC_0024846,HAM_0001212,nv,0,0.0001693203,5.8401354e-05,0.00021279042,0.001974627,0.8927882,0.10477039,2.6375015e-05
ISIC_0028263,HAM_0000291,nv,0,8.2513e-06,3.2159965e-05,7.267539e-06,4.3657998e-05,0.003846435,0.99604,2.221139e-05
ISIC_0028610,HAM_0000291,nv,0,1.3488049e-05,3.105589e-05,2.1344378e-05,9.065648e-05,0.004502333,0.99528897,5.2161417e-05
ISIC_0031360,HAM_0000291,nv,0,9.3393806e-05,0.0002506681,7.849201e-05,0.0003059276,0.004344512,0.99476564,0.00016137
ISIC_0025840,HAM_0000618,nv,0,0.00023600759,0.00039794942,0.0004199081,0.0001859695,0.009083861,0.9882665,0.0014096481
ISIC_0025662,HAM_0001525,nv,0,0.00021659832,0.00064286526,0.00018490486,0.0006366178,0.13533989,0.86208314,0.00089602335
ISIC_0027510,HAM_0001525,nv,0,0.00021556499,0.00042123225,0.00013568986,0.0013159899,0.03660822,0.9608813,0.00042205577
ISIC_0024355,HAM_0001525,nv,0,0.00018654874,0.00019284672,0.00022856431,0.00050709216,0.013232238,0.9855531,9.965752e-05
ISIC_0032165,HAM_0003345,nv,0,0.00050006656,0.0011269173,0.0009224617,0.0016205525,0.01554143,0.97761005,0.0026783703
ISIC_0024718,HAM_0003345,nv,0,0.00043319463,0.0008914656,0.0011390889,0.0014813058,0.022067279,0.9633946,0.0105931675
ISIC_0024834,HAM_0003345,nv,0,0.00023486032,0.0006580391,0.00090383535,0.00079607556,0.010035397,0.9853851,0.001986729
ISIC_0024587,HAM_0002645,nv,0,0.0004346149,0.00024812022,0.0069055813,0.0017821809,0.2879534,0.69890684,0.0037691942
ISIC_0029666,HAM_0002645,nv,0,0.00015292318,5.2029485e-05,0.0003675608,0.0016416726,0.43328646,0.56290895,0.0015903867
ISIC_0027698,HAM_0002645,nv,0,0.00035874406,9.884437e-05,0.00082037173,0.0022996662,0.52322423,0.47085086,0.0023473143
ISIC_0027514,HAM_0000637,nv,0,0.00015547319,3.551342e-05,0.0019556065,0.00017651863,0.052202173,0.9454004,7.430603e-05
ISIC_0024721,HAM_0005466,nv,0,0.00013780194,0.0041468916,0.0009659221,0.006386867,0.55710274,0.43049565,0.0007641072
ISIC_0025047,HAM_0006149,nv,0,5.2794207e-05,7.0077695e-05,0.00026889774,0.00047516738,0.20405954,0.79455864,0.00051478285
ISIC_0028723,HAM_0007160,nv,0,0.0002444945,0.00025572805,0.00083197484,0.0012253836,0.049791474,0.9468647,0.00078616093
ISIC_0029339,HAM_0000418,nv,0,0.00088037655,3.2287677e-05,0.0017697469,0.0014109652,0.77803695,0.21774758,0.00012209064
ISIC_0031483,HAM_0002298,nv,0,6.567491e-05,0.020574082,0.0002869553,0.00072848506,0.0012081269,0.97309077,0.0040458404
ISIC_0032274,HAM_0006451,nv,0,0.014219486,0.0005932469,0.0067430977,0.0001338009,0.002143679,0.97567433,0.0004922995
ISIC_0031564,HAM_0005090,nv,0,0.0009622676,0.000117537034,0.055654023,0.0007892241,0.29389334,0.64822155,0.00036203954
ISIC_0032474,HAM_0003282,nv,0,0.000545133,7.4209274e-05,0.020416053,0.0028140703,0.010596882,0.96467394,0.0008796688
ISIC_0029459,HAM_0006884,nv,0,0.0014200575,5.347187e-05,0.0041347337,0.00025911728,0.4199562,0.5740121,0.00016438357
ISIC_0025960,HAM_0002142,nv,0,0.0027893644,0.0038462658,0.0038033123,0.0006522605,0.64118224,0.34724566,0.00048094674
ISIC_0029162,HAM_0005090,nv,0,0.00031313748,9.531518e-05,0.05594863,0.0015100295,0.029976403,0.9118263,0.00033009375
ISIC_0027486,HAM_0000129,nv,0,0.000554526,0.00021885867,0.00415047,0.00027720418,0.35818928,0.63605195,0.0005577847
ISIC_0027201,HAM_0003446,nv,0,0.0043003424,0.002986406,0.0012592863,0.00024104417,0.006824278,0.9840513,0.00033728144
ISIC_0031302,HAM_0001846,nv,0,0.0015505356,0.00067145145,0.013460147,0.00088433165,0.6823307,0.30042616,0.00067671755
ISIC_0029457,HAM_0001846,nv,0,0.00079802016,0.00059419766,0.009281211,0.0008306204,0.24349143,0.74416983,0.00083468616
ISIC_0028420,HAM_0005079,nv,0,0.00028129507,0.00037778533,0.14150742,0.00046741462,0.6255806,0.23149067,0.00029479474
ISIC_0025563,HAM_0006086,nv,0,0.0053061433,0.16030341,0.013749654,0.02049005,0.011162027,0.7813731,0.007615559
ISIC_0024963,HAM_0005620,nv,0,0.013811474,0.43008217,0.18069108,0.0028087127,0.050452482,0.31526998,0.006884074
ISIC_0025305,HAM_0001492,nv,0,0.010861997,0.0001033623,0.0011510117,0.0017245018,0.108159825,0.87774837,0.00025087604
ISIC_0029349,HAM_0000771,nv,0,0.007720194,0.00021461186,0.0007690825,0.0016765529,0.067166165,0.9217833,0.0006701509
ISIC_0026706,HAM_0004532,nv,0,0.018721854,0.0002525938,0.22388594,0.0030354375,0.043317582,0.7101198,0.0006667971
ISIC_0030328,HAM_0001334,nv,0,0.0037243818,4.517513e-05,0.0031331824,0.0057228464,0.08476654,0.90246975,0.00013806633
ISIC_0031363,HAM_0001334,nv,0,0.014487203,0.0001195408,0.009695427,0.0026525245,0.08398095,0.8888824,0.00018192228
ISIC_0031220,HAM_0001028,nv,0,0.18502763,0.007964525,0.010423265,0.01729027,0.01328607,0.76467466,0.001333608
ISIC_0024808,HAM_0000668,nv,0,0.00016071848,4.8350783e-05,0.0004197315,0.0012961825,0.010867386,0.9868867,0.00032087785
ISIC_0026398,HAM_0007324,nv,0,0.14518045,0.009679106,0.0024664553,0.038780175,0.24889718,0.55274206,0.0022545229
ISIC_0024836,HAM_0002291,nv,0,0.0007436469,0.58968717,0.0061209733,0.0026313125,0.0037765503,0.3905214,0.006518924
ISIC_0026588,HAM_0003821,nv,0,0.026420806,0.002838357,0.025633333,0.0049572075,0.31984442,0.61772156,0.0025843533
ISIC_0027490,HAM_0007133,nv,0,0.021486312,0.03400966,0.01171046,0.46640426,0.054674998,0.40999565,0.0017186466
ISIC_0029597,HAM_0007133,nv,0,0.0006753824,0.0016138417,0.0060299137,0.0038095242,0.06889087,0.91815615,0.0008242697
ISIC_0028378,HAM_0001001,nv,0,0.00022772676,1.6772625e-05,0.0021579757,0.00019804576,0.7550897,0.24228573,2.4025678e-05
ISIC_0026852,HAM_0001001,nv,0,0.0006849662,1.8094002e-05,0.0036091763,0.00023741253,0.392368,0.6029822,0.00010013488
ISIC_0030079,HAM_0003241,nv,0,0.00048846105,0.000397116,0.0024421515,0.0006915365,0.65120006,0.3445014,0.000279406
ISIC_0024908,HAM_0003241,nv,0,0.00040605944,0.00036327913,0.002237339,0.00054855127,0.6697787,0.32642406,0.00024199605
ISIC_0031019,HAM_0000287,nv,0,0.0012313642,0.0007352811,0.21075593,0.0072363624,0.3823758,0.39683208,0.0008331827
ISIC_0029959,HAM_0007066,nv,0,0.01939317,0.0014248709,0.039501823,0.03103184,0.08823977,0.8170037,0.0034047614
ISIC_0031710,HAM_0005730,nv,0,0.0011068002,0.0002393623,0.01626431,3.685107e-05,0.80538213,0.17691897,5.1563915e-05
ISIC_0028923,HAM_0005730,nv,0,0.0009903687,0.00026422163,0.005367625,0.00022119704,0.783032,0.20992857,0.00019596971
ISIC_0026414,HAM_0001022,nv,0,0.010553659,0.00013568636,0.071954094,0.0003988044,0.8663678,0.05037943,0.00021056601
ISIC_0027949,HAM_0002087,nv,0,0.00965941,4.345105e-05,0.01461779,0.0016756877,0.6655399,0.30829817,0.00016559182
ISIC_0025983,HAM_0004025,nv,0,0.006112625,0.0005113701,0.0012255157,0.002400615,0.028221397,0.9614098,0.00011864739
ISIC_0030973,HAM_0004923,nv,0,0.0020632653,0.00011560846,0.0083692,0.0025009548,0.2033869,0.7827132,0.000850907
ISIC_0030444,HAM_0004923,nv,0,0.0024742559,0.00011998034,0.0047402326,0.0023425785,0.13312536,0.8562988,0.00089874526
ISIC_0028476,HAM_0007264,nv,0,0.0008479261,0.0007381311,0.16541801,0.0009514887,0.14512801,0.68563855,0.0012778697
ISIC_0030069,HAM_0004833,nv,0,0.0009952069,4.0282586e-05,0.006091917,0.000619146,0.4639267,0.5277553,0.00057149923
ISIC_0026133,HAM_0004833,nv,0,0.003180218,5.46119e-05,0.019329594,0.0015258852,0.798185,0.1774048,0.00031984295
ISIC_0031924,HAM_0002423,nv,0,9.9152e-05,5.3176005e-05,0.0008257425,0.00081294053,0.013689555,0.98439157,0.00012781199
ISIC_0028963,HAM_0002423,nv,0,0.00038095692,0.00025601225,0.0007436954,0.0011866823,0.01873585,0.978007,0.0006898238
ISIC_0025088,HAM_0002423,nv,0,0.00079787,0.0006177515,0.005937757,0.0018103609,0.04498895,0.94422287,0.0016243826
ISIC_0026786,HAM_0003874,nv,0,0.019213608,0.09757475,0.5884511,0.0017389389,0.00037169052,0.28289393,0.009756019
ISIC_0028578,HAM_0003874,nv,0,0.0054619336,0.009377659,0.16420622,0.0062255524,0.00051252375,0.80510026,0.009115807
ISIC_0024809,HAM_0003874,nv,0,0.0122545045,0.0009774051,0.0861131,0.003620877,0.0005303691,0.8938209,0.002682936
ISIC_0027461,HAM_0005017,nv,0,0.00062580925,0.0001028613,0.0022176031,0.00032817197,0.14654683,0.84993297,0.00024578944
ISIC_0025310,HAM_0005017,nv,0,0.00029609,0.00015122799,0.037440464,0.0005125979,0.10520966,0.8554762,0.0009138045
ISIC_0026752,HAM_0005017,nv,0,0.0017192898,0.00019205314,0.0046467776,0.00034640747,0.08328616,0.90951127,0.00029803923
ISIC_0027889,HAM_0002490,nv,0,0.0005026339,0.039560433,0.31776926,0.0018278171,0.28262985,0.35727757,0.000432452
ISIC_0030422,HAM_0005980,nv,0,0.02751208,0.00015413213,0.013480528,0.0007781745,0.018964238,0.9390781,3.281662e-05
ISIC_0029905,HAM_0006420,nv,0,0.035011213,0.002852749,0.08104163,0.0051405006,0.61722666,0.25729835,0.0014288601
ISIC_0031583,HAM_0007374,nv,0,0.0020015438,0.0024025629,0.011959387,0.0026003276,0.5018658,0.47701675,0.0021536432
ISIC_0031742,HAM_0001803,nv,0,0.005519793,0.00013028935,0.0033915252,0.0046960386,0.9482143,0.037933346,0.00011475558
ISIC_0025730,HAM_0007374,nv,0,0.002575574,0.015018098,0.046123672,0.0032178985,0.35699186,0.5682473,0.0078256
ISIC_0028310,HAM_0000693,nv,0,0.005828122,0.5892826,0.07602439,0.0030206386,0.012302041,0.2821892,0.031353064
ISIC_0026330,HAM_0001803,nv,0,0.037906103,0.015999593,0.1089643,0.0016496954,0.19387084,0.6400384,0.0015710788
ISIC_0029479,HAM_0005175,nv,0,0.5971803,0.00069650024,0.15608835,3.4005996e-05,0.23893787,0.0069694445,9.352751e-05
ISIC_0032278,HAM_0005175,nv,0,0.06214761,0.003016574,0.06973809,0.0006310745,0.669456,0.19444267,0.00056790555
ISIC_0028588,HAM_0000850,nv,0,0.0007099627,0.2808796,0.014176674,0.0004521621,0.0002506849,0.70200574,0.0015251697
ISIC_0030580,HAM_0006702,nv,0,0.007841061,0.0010200213,0.81837726,0.0052719563,0.1002547,0.066914596,0.00032033763
ISIC_0031871,HAM_0006225,nv,0,0.0011981173,0.00087999203,0.022398053,0.0021950835,0.19836849,0.77390915,0.0010511576
ISIC_0029075,HAM_0006225,nv,0,0.0009423233,0.0013764385,0.04409279,0.002300603,0.7709507,0.17922466,0.0011124989
ISIC_0028887,HAM_0006225,nv,0,0.000463965,0.0011952352,0.031128028,0.0026908752,0.80201876,0.16230476,0.00019838304
ISIC_0031567,HAM_0001803,nv,0,0.028250502,0.0077204295,0.013152146,0.010521705,0.7376285,0.2000871,0.002639601
ISIC_0031301,HAM_0000922,nv,0,0.0048418874,0.0009851311,0.04945361,0.0009880215,0.93312114,0.010580819,2.9344434e-05
ISIC_0031111,HAM_0000922,nv,0,0.0047160867,6.6083056e-05,0.0045978497,0.0025860956,0.4353394,0.55247444,0.00022009017
ISIC_0024882,HAM_0000961,nv,0,0.003889947,0.0059604943,0.12376151,0.0033240002,0.096857354,0.76109844,0.0051082484
ISIC_0031991,HAM_0007108,nv,0,0.019313183,0.00051480456,0.5140302,0.030573647,0.04080623,0.3933516,0.0014103594
ISIC_0032065,HAM_0006924,nv,0,0.01583889,0.26191244,0.6806773,0.00014373237,0.0033916978,0.036912035,0.0011239378
ISIC_0024447,HAM_0007429,nv,0,0.002283051,0.00040298246,0.011006773,0.0014798179,0.26543558,0.71871567,0.00067618804
ISIC_0031074,HAM_0006420,nv,0,0.013341206,0.0033347004,0.025230777,0.0025319564,0.31183332,0.6423447,0.0013833389
ISIC_0027688,HAM_0001936,nv,0,0.0018550596,0.0016307022,0.11080375,0.0011361921,0.58626753,0.2965262,0.0017805126
ISIC_0024704,HAM_0001936,nv,0,0.006439296,0.0018941808,0.0051063537,0.0027079945,0.20287998,0.7777184,0.00325373
ISIC_0028882,HAM_0000486,nv,0,0.019671937,0.0004726867,0.004016159,0.031213885,0.2807308,0.66299754,0.0008970017
ISIC_0025892,HAM_0002754,nv,0,0.0038151743,0.008084616,0.16868767,0.0023095051,0.5155511,0.2977959,0.0037560256
ISIC_0026866,HAM_0002754,nv,0,0.0073267883,0.0062364084,0.15362369,0.0016016421,0.6226098,0.20732975,0.0012719621
ISIC_0027997,HAM_0004008,nv,0,0.00071406143,0.9575573,0.0023874957,0.00045123335,0.0005275452,0.037128527,0.0012337875
ISIC_0027203,HAM_0000287,nv,0,0.0011776752,3.1429983e-05,0.007728307,0.00023314684,0.9243304,0.0664372,6.177778e-05
ISIC_0030694,HAM_0002490,nv,0,0.0004218824,0.01778192,0.015220827,0.0007835754,0.5081219,0.45726022,0.00040970184
ISIC_0028468,HAM_0000961,nv,0,0.008662524,0.0021594334,0.007181484,0.0018255424,0.49832484,0.48111,0.0007361466
ISIC_0028131,HAM_0003790,nv,0,0.0037220125,0.0046730107,0.062402193,0.0017478827,0.6781324,0.24752958,0.0017928305
ISIC_0024377,HAM_0002088,nv,0,0.0043898714,0.0005346362,0.011054169,0.0024007573,0.45571977,0.52453023,0.0013705847
ISIC_0031379,HAM_0006241,nv,0,0.0028835803,0.0010923482,0.0053166808,0.0012770842,0.55599064,0.43300596,0.00043365828
ISIC_0027945,HAM_0003054,nv,0,0.022960471,0.010604868,0.50304925,0.025966855,0.05997807,0.37020153,0.0072389576
ISIC_0032236,HAM_0006105,nv,0,5.6660654e-05,0.001581004,0.001294954,8.308736e-05,0.030579818,0.96629137,0.000113124195
ISIC_0028498,HAM_0000000,nv,0,0.016223246,0.0002133952,0.2993113,0.00027723474,0.56910354,0.11449679,0.0003745202
ISIC_0025346,HAM_0000000,nv,0,0.03347069,0.002100374,0.025838898,0.0009635014,0.56556123,0.37162927,0.00043598382
ISIC_0024995,HAM_0003650,nv,0,0.003916672,0.00043815284,0.1809553,0.008235106,0.10250285,0.70184934,0.0021025941
ISIC_0026123,HAM_0003491,nv,0,0.3147378,0.31198364,0.07461091,0.0007908964,0.07217427,0.22340056,0.0023019835
ISIC_0028891,HAM_0006600,nv,0,5.2474166e-05,1.4261828e-05,0.94151247,1.4543117e-05,0.001840768,0.05654222,2.3239836e-05
ISIC_0032018,HAM_0006600,nv,0,0.00011843399,3.3799613e-05,0.024379654,0.0005573447,0.050861202,0.91931766,0.004731985
ISIC_0028884,HAM_0005914,nv,0,0.00021446045,0.00020424032,0.00045401283,0.00030008412,0.025675224,0.97291046,0.00024159577
ISIC_0028785,HAM_0005914,nv,0,0.0002258483,0.00010120307,0.0020576834,0.0015224356,0.054406475,0.9402,0.0014864423
ISIC_0028384,HAM_0005817,nv,0,0.00017992345,0.00021366436,0.9580062,4.1582847e-05,0.0024327545,0.039080963,4.4961776e-05
ISIC_0030155,HAM_0005817,nv,0,8.080101e-05,0.00016226893,0.024798835,0.00018604226,0.004974632,0.9695309,0.0002664932
ISIC_0029247,HAM_0002708,nv,0,4.634893e-05,8.88047e-06,0.0002946557,1.02413405e-05,0.8430587,0.15656056,2.0607422e-05
ISIC_0024752,HAM_0002708,nv,0,0.0003681429,8.8818604e-05,0.0009919594,0.00014360478,0.2160945,0.781232,0.001080976
ISIC_0028272,HAM_0001306,nv,0,0.0005750364,0.063545495,0.0013957011,0.00040855905,0.028558413,0.90506446,0.00045223365
ISIC_0026603,HAM_0001306,nv,0,0.0010677727,0.0030447734,0.0019278304,0.002010508,0.14684874,0.8434073,0.0016930175
ISIC_0028042,HAM_0003579,nv,0,6.961534e-05,0.0005255625,0.0016245875,0.00016312998,0.004244318,0.9900243,0.003348527
ISIC_0030229,HAM_0003579,nv,0,0.00015403178,0.0014800843,0.008847943,0.0002509968,0.0017219651,0.98542744,0.0021175365
ISIC_0025278,HAM_0002795,nv,0,0.000503181,0.0015681764,0.008469207,0.049023326,0.0021164035,0.9368203,0.0014992899
ISIC_0032312,HAM_0002795,nv,0,0.00030220876,0.0006298572,0.0045673763,0.0066943453,0.0038414244,0.98171425,0.0022505515
ISIC_0029055,HAM_0002296,nv,0,0.0014246441,0.0042201034,0.04631044,0.0029925012,0.05763428,0.88325113,0.004166866
ISIC_0026834,HAM_0002296,nv,0,0.0009954758,0.0007114344,0.002101257,0.0022411495,0.15665707,0.8337505,0.003543081
ISIC_0026657,HAM_0002768,nv,0,0.00060661166,0.0035653124,0.00041206044,0.0005977905,0.009010366,0.985069,0.000738894
ISIC_0028067,HAM_0002768,nv,0,0.0013087171,0.0022240297,0.0008837944,0.002643681,0.57423097,0.41360307,0.005105791
ISIC_0029794,HAM_0006734,nv,0,0.00072798406,0.93334395,0.0045208307,0.02350312,0.0008798331,0.03569826,0.0013259554
ISIC_0030589,HAM_0005829,nv,0,0.00018126979,0.883966,0.0076534078,0.0010741482,0.0008365475,0.09783151,0.008457085
ISIC_0030091,HAM_0005829,nv,0,0.0014797252,0.03030357,0.2903692,0.0011936462,0.048053987,0.62683576,0.0017640947
ISIC_0026942,HAM_0006553,nv,0,0.0021521796,0.00035064816,0.24730486,0.0034425338,0.02078142,0.7254511,0.0005172132
ISIC_0030410,HAM_0006553,nv,0,0.00012170651,2.12322e-05,0.050166205,0.00015505811,0.0010159309,0.9484174,0.00010248715
ISIC_0029786,HAM_0007058,nv,0,0.0010015706,0.00038689477,0.015422421,0.011288794,0.9231034,0.0477894,0.0010074564
ISIC_0027642,HAM_0007058,nv,0,0.0024031112,0.0019883618,0.030293824,0.0060769236,0.5169044,0.44126904,0.0010642934
ISIC_0029592,HAM_0006756,nv,0,0.00032826542,0.0044613085,0.25427362,0.50865513,0.0011457589,0.22926885,0.0018670291
ISIC_0026037,HAM_0006756,nv,0,0.0017749723,0.047542628,0.2405588,0.15305787,0.0054673003,0.54052174,0.011076653
ISIC_0030299,HAM_0006554,nv,0,0.0012907758,0.00059443305,0.006141057,0.0009762335,0.09919031,0.88926893,0.0025383467
ISIC_0028866,HAM_0006554,nv,0,0.0004753325,9.368996e-05,0.001958688,0.00031818956,0.312175,0.68452156,0.00045756937
ISIC_0030479,HAM_0007566,nv,0,0.0013041964,0.00053263403,0.0038633111,0.00035759358,0.487085,0.50648826,0.0003689448
ISIC_0028834,HAM_0007566,nv,0,0.00032493807,4.2414988e-05,0.00067458884,0.0001329642,0.78825736,0.21050556,6.219747e-05
ISIC_0033234,HAM_0003361,nv,0,0.00018397461,6.470743e-05,0.00055193517,0.0006889098,0.21560515,0.78251356,0.00039176302
ISIC_0033682,HAM_0003365,nv,0,0.00077706994,0.00020530069,0.0029777228,0.00019782172,0.034458898,0.96092105,0.00046220067
ISIC_0033890,HAM_0003365,nv,0,0.0019546098,0.00030328246,0.0418731,0.00038263688,0.48675877,0.46811134,0.00061624765
ISIC_0034270,HAM_0003368,nv,0,0.0043035615,0.00066320295,0.005618387,0.0013318799,0.14949973,0.83710605,0.001477139
ISIC_0029401,HAM_0001009,nv,0,0.0016653879,0.0018362296,0.19667298,0.27627206,0.01973169,0.4867703,0.017051358
ISIC_0032880,HAM_0001930,nv,0,0.00012116959,0.000155889,0.000543575,0.00030402595,0.1233736,0.87498045,0.0005212217
ISIC_0032600,HAM_0001930,nv,0,0.000220668,9.1272246e-05,0.0004245187,0.0002969412,0.78728586,0.21106902,0.0006116685
ISIC_0032791,HAM_0001930,nv,0,9.587807e-05,7.279788e-05,0.00025309896,0.00018772017,0.4324145,0.56618214,0.0007938122
ISIC_0034212,HAM_0003755,nv,0,0.00051619473,3.790777e-05,0.004377265,0.00014334211,0.5390998,0.45574433,8.119671e-05
ISIC_0033489,HAM_0003755,nv,0,0.00062243425,5.806527e-05,0.0043016053,0.00016221318,0.47698465,0.51776195,0.0001091177
ISIC_0033040,HAM_0007478,nv,0,7.5266275e-05,4.7192516e-05,0.00017061194,0.00012992152,0.005616883,0.993822,0.00013816575
ISIC_0034238,HAM_0002712,nv,0,0.0009385543,0.00029417782,0.012006084,0.00052238407,0.031817704,0.9537614,0.00065971084
ISIC_0033542,HAM_0001613,nv,0,0.0002406913,0.00017285628,0.00016885206,0.00033449326,0.0018171045,0.9961371,0.0011288687
ISIC_0032748,HAM_0001613,nv,0,0.0003353435,0.00020102647,0.00026998288,0.0006401098,0.0018168375,0.9957476,0.0009890039
ISIC_0033208,HAM_0004345,nv,0,0.0008874995,0.001194261,0.019087087,0.0003768935,0.076904684,0.9009991,0.00055052317
ISIC_0032647,HAM_0003814,nv,0,0.0018479275,0.0004860788,0.002987059,0.000847283,0.010812104,0.982346,0.0006735368
ISIC_0033290,HAM_0006233,nv,0,9.760985e-05,7.030574e-05,0.0002413509,0.00016061743,0.0085830195,0.9901264,0.00072071666
ISIC_0033421,HAM_0004196,nv,0,0.0016166302,0.00017055807,0.00277358,0.0005072072,0.17743178,0.8172376,0.00026262217
ISIC_0033467,HAM_0004197,nv,0,0.00029430308,9.46177e-05,0.0022702378,0.0008515942,0.013478201,0.9825351,0.00047583866
ISIC_0033797,HAM_0004205,nv,0,0.00014705956,0.000397026,0.00061312696,0.00085415697,0.005715825,0.99176747,0.0005053305
ISIC_0032759,HAM_0004186,nv,0,0.00023390117,0.00030446937,0.0003815174,0.0007086042,0.026050424,0.9718239,0.0004971068
ISIC_0033877,HAM_0004237,nv,0,0.0017266286,0.0007003514,0.008058264,0.0004289532,0.017886769,0.9708791,0.0003200186
ISIC_0032738,HAM_0007191,nv,0,0.00014808003,1.2813344e-05,0.0042896643,8.3065366e-05,0.10546265,0.8899537,4.9989616e-05
ISIC_0033597,HAM_0005439,nv,0,0.0011607832,0.011710623,0.01049221,0.0006189001,0.018597381,0.95526195,0.0021580656
ISIC_0032814,HAM_0001366,nv,0,0.0022015173,0.00033646164,0.01505199,0.0004554193,0.03888968,0.9422107,0.00085416535
ISIC_0033515,HAM_0002402,nv,0,0.0015793728,0.00077955896,0.018395498,0.0016911135,0.24781732,0.7269544,0.0027827343
ISIC_0034195,HAM_0003300,nv,0,4.0762672e-05,3.432561e-05,0.00013789833,0.00017915216,0.14946209,0.85007447,7.12618e-05
ISIC_0034040,HAM_0003808,bkl,0,0.00015815358,3.771179e-05,0.8705216,0.00030694006,0.0059520816,0.12298486,3.8757204e-05
ISIC_0028014,HAM_0005696,nv,0,0.00025464705,0.015639488,0.07830713,0.00022037864,0.0048437044,0.89968526,0.0010493163
ISIC_0025499,HAM_0005696,nv,0,0.00094174984,0.008620092,0.07802089,0.00039028624,0.03714351,0.87306994,0.0018134986
ISIC_0032379,HAM_0005522,nv,0,0.0018588483,0.0068997173,0.04371415,0.005336898,0.030517396,0.90633607,0.005336898
ISIC_0029368,HAM_0005522,nv,0,0.003820905,0.001418041,0.01168333,0.004877476,0.18320476,0.79115593,0.0038396074
ISIC_0024437,HAM_0002566,nv,0,0.0044262493,0.0037896708,0.107973784,0.0045312145,0.1533119,0.71936786,0.006599319
ISIC_0031105,HAM_0002566,nv,0,0.0071929297,0.02521944,0.07598382,0.005175816,0.055293165,0.82090163,0.010233204
ISIC_0028618,HAM_0001633,nv,0,0.018718768,0.0033495417,0.06948078,0.008620439,0.2352801,0.6624419,0.0021084074
ISIC_0031488,HAM_0001633,nv,0,0.13671814,0.018812526,0.23877901,0.018340878,0.20705003,0.37859842,0.0017009767
ISIC_0031547,HAM_0000102,nv,0,6.443452e-06,4.2181036e-05,0.00010537211,3.792177e-05,0.0010421091,0.99872655,3.935546e-05
ISIC_0032221,HAM_0000102,nv,0,0.00033255114,0.0017424432,0.0025222753,0.00062493834,0.052333258,0.9422372,0.00020729384
ISIC_0029659,HAM_0000673,akiec,0,0.99983096,5.6593567e-06,0.000155826,4.9347058e-08,4.9410014e-06,2.467566e-06,3.5404778e-08
ISIC_0026575,HAM_0006875,akiec,0,0.029521225,0.031671654,0.87717897,8.698332e-05,0.056903645,0.0042988677,0.00033869207
ISIC_0030586,HAM_0006875,akiec,0,0.01357345,0.004445555,0.95296717,8.877328e-05,0.026023358,0.0027321486,0.00016945208
ISIC_0026872,HAM_0006746,akiec,0,0.9748276,2.521694e-05,0.0039125695,0.018821409,0.0022100767,0.00019990224,3.15627e-06
ISIC_0026362,HAM_0005301,akiec,0,0.018175121,0.0034350723,0.1576236,0.020474786,0.16567278,0.63323075,0.0013878947
ISIC_0026411,HAM_0004846,akiec,0,0.99114484,6.186628e-05,0.008278852,0.00021341883,0.00025097816,4.874946e-05,1.3694765e-06
ISIC_0031918,HAM_0003141,akiec,0,0.9782693,0.0008816732,0.0054137744,0.0007153966,0.01273034,0.0019560775,3.352496e-05
ISIC_0027231,HAM_0005310,akiec,0,0.9248313,0.0020549188,0.059122484,3.508168e-05,0.0025623874,0.011338955,5.497606e-05
ISIC_0024843,HAM_0004376,akiec,0,0.9665282,0.0011918041,0.015508468,0.0002751739,0.0075074197,0.0088343015,0.00015466032
ISIC_0029067,HAM_0000498,akiec,0,0.9848675,2.1203552e-05,0.0050115506,0.00012130516,0.004494519,0.0054773013,6.5429454e-06
ISIC_0030191,HAM_0003161,akiec,0,0.8779807,0.000378923,0.009158078,2.7395532e-05,0.10776666,0.0046780594,1.0236962e-05
ISIC_0027577,HAM_0005958,akiec,0,0.75623333,0.00031448895,0.11597214,0.0064917845,0.119420014,0.0015032762,6.489847e-05
ISIC_0027678,HAM_0003586,akiec,0,0.9915073,8.7421876e-07,0.00029128182,4.800406e-06,0.008137573,5.7912588e-05,2.4658473e-07
ISIC_0025712,HAM_0005117,akiec,0,0.20983808,0.004974838,0.77812177,1.151378e-05,0.006615577,0.00032676713,0.000111394256
ISIC_0032422,HAM_0004384,akiec,0,0.72458196,0.0023152118,0.07094212,0.0010074979,0.17549774,0.02279658,0.0028589051
ISIC_0030826,HAM_0004384,akiec,0,0.99955887,5.9942733e-05,9.476475e-05,4.7365247e-06,0.00027582233,4.8393877e-06,1.0630722e-06
ISIC_0029932,HAM_0004722,akiec,0,0.95725405,5.0119106e-05,0.001041163,0.00014333487,0.040764797,0.0007321921,1.42754725e-05
ISIC_0024575,HAM_0004722,akiec,0,0.27677128,0.00050290424,0.012208076,0.0033636787,0.7040048,0.0031230696,2.6086434e-05
ISIC_0025089,HAM_0002705,akiec,0,0.010548335,3.1278236e-05,0.32416767,4.7507674e-05,0.6522838,0.012867419,5.4043943e-05
ISIC_0027178,HAM_0002705,akiec,0,0.026903711,4.8885104e-05,0.5076358,0.000122418,0.37577215,0.08942821,8.886594e-05
ISIC_0028190,HAM_0002734,akiec,0,0.9982407,5.8419864e-05,0.0003489356,4.8141633e-06,0.0012588684,7.421111e-05,1.3984764e-05
ISIC_0029371,HAM_0005264,akiec,0,0.4267423,0.500865,0.053152893,0.00035779178,0.008865407,0.005537005,0.0044796267
ISIC_0031659,HAM_0005264,akiec,0,0.6325024,0.15319555,0.10145403,0.07526091,0.020773295,0.014615839,0.0021980589
ISIC_0024946,HAM_0005264,akiec,0,0.3701402,0.5108865,0.05183479,0.061796255,0.0047051017,0.00026857265,0.00036853206
ISIC_0031211,HAM_0004563,akiec,0,0.995109,4.5436586e-06,0.0008030486,0.00012413252,0.0026463063,0.0013109765,1.9927465e-06
ISIC_0029610,HAM_0005459,akiec,0,0.68733114,0.00014742298,0.07817799,0.0009557024,0.06374473,0.16942757,0.00021533869
ISIC_0029840,HAM_0004809,akiec,0,0.9999534,3.228632e-05,8.651642e-06,3.0350762e-07,5.1737043e-06,2.4387523e-07,3.639069e-08
ISIC_0032397,HAM_0005459,akiec,0,0.8801212,0.0003739578,0.04556419,0.0024528415,0.022358533,0.048931,0.00019821996
ISIC_0029268,HAM_0005459,akiec,0,0.15707316,0.001647229,0.3793835,0.019008672,0.2574569,0.18489675,0.0005337335
ISIC_0032897,HAM_0000462,akiec,0,3.1694453e-05,3.1325202e-05,0.85869825,0.00019491193,0.048161417,0.09283356,4.8802536e-05
ISIC_0026132,HAM_0004992,akiec,0,0.3406672,0.48041776,0.13249834,0.0015350489,0.008972706,0.035516992,0.00039192996
ISIC_0031228,HAM_0006524,akiec,0,0.5388378,0.00027135282,0.020379148,8.195367e-05,0.4355127,0.0020505858,0.002866485
ISIC_0024763,HAM_0006524,akiec,0,0.091083996,0.00013092381,0.005824938,9.448524e-05,0.9003628,0.0022405114,0.0002624152
ISIC_0024329,HAM_0002954,akiec,0,0.9151692,0.07965482,0.0024756705,0.00048582503,0.001423742,0.00072646653,6.4351756e-05
ISIC_0032404,HAM_0007038,akiec,0,0.9999932,1.9941249e-08,1.8389687e-06,1.0264873e-08,4.9129326e-06,3.7989945e-08,4.64485e-09
ISIC_0031927,HAM_0001277,akiec,0,0.9736356,0.0002670993,0.011649414,0.00021800009,0.004270957,0.009925425,3.3366166e-05
ISIC_0024800,HAM_0007088,akiec,0,0.08302012,0.03562814,0.5555518,0.0029496327,0.008144197,0.31408054,0.00062556466
ISIC_0026848,HAM_0007308,akiec,0,0.82927495,0.0067597204,0.14438811,0.0005809329,0.010655323,0.007049619,0.0012913756
ISIC_0032206,HAM_0001302,akiec,0,0.9894331,0.0011338828,0.0038962823,0.0009102111,0.0012058337,0.0033123877,0.00010839119
ISIC_0032199,HAM_0000361,akiec,0,0.09269826,0.0014808717,0.4562768,0.00040563926,0.42779607,0.020782482,0.0005598842
ISIC_0033869,HAM_0000462,akiec,0,0.0068441364,0.000259102,0.6303918,0.0039785276,0.23602073,0.12173058,0.000775048
ISIC_0029830,HAM_0006024,akiec,0,0.072325416,0.28275448,0.5115025,0.00096644403,0.10753132,0.012508581,0.01241124
ISIC_0027884,HAM_0006024,akiec,0,0.16718712,0.06942225,0.7522133,5.993587e-05,0.009499068,0.00082577474,0.0007925903
ISIC_0031108,HAM_0004809,akiec,0,0.999835,2.1192065e-05,0.0001307076,5.326889e-06,4.116301e-06,3.2753978e-06,2.476864e-07
ISIC_0029025,HAM_0004384,akiec,0,0.9993819,0.00044025463,0.000120182725,1.1857329e-06,5.5023665e-05,4.37914e-07,9.3433505e-07
ISIC_0030698,HAM_0006574,bkl,0,0.0008913398,0.0010574592,0.94925135,0.00067942124,0.007899941,0.039719626,0.00050097384
ISIC_0025567,HAM_0006574,bkl,0,0.00011595953,0.00014431398,0.9359666,0.00037432197,0.001218398,0.062096473,8.401334e-05
ISIC_0029161,HAM_0000164,bkl,0,0.0034905763,0.007317738,0.31115815,0.13794082,0.06286164,0.41870904,0.058522005
ISIC_0026273,HAM_0000164,bkl,0,0.00029268765,0.0036645096,0.63089025,0.07042196,0.11506208,0.03428742,0.1453811
ISIC_0025140,HAM_0000907,bkl,0,0.0008380114,0.0002715316,0.002895992,5.6363002e-05,0.96875405,0.026844831,0.00033924918
ISIC_0025554,HAM_0000907,bkl,0,0.0011143201,0.0009862693,0.014663963,0.0003783886,0.9780768,0.0046489914,0.00013127939
ISIC_0025063,HAM_0002985,bkl,0,0.019213252,0.00025745772,0.302312,0.00031116043,0.6564524,0.021277519,0.00017625808
ISIC_0029418,HAM_0004673,bkl,0,0.014976852,0.004549874,0.16180447,0.0038463736,0.1897236,0.62207973,0.0030190535
ISIC_0027455,HAM_0004673,bkl,0,0.0059340457,0.0075013363,0.14503793,0.0029232567,0.66673046,0.1680827,0.0037903716
ISIC_0028308,HAM_0003752,bkl,0,0.19617026,0.09116084,0.36900815,0.008703703,0.058243196,0.2758351,0.0008787803
ISIC_0026018,HAM_0005883,bkl,0,0.0012344862,0.00027224197,0.099029765,0.00046947412,0.88436824,0.014238753,0.00038693388
ISIC_0025376,HAM_0006580,bkl,0,0.018532213,0.12049169,0.45251593,0.0057634814,0.028928375,0.3686121,0.0051562707
ISIC_0024726,HAM_0005125,bkl,0,0.00028330224,2.302887e-05,0.96258116,2.9801573e-05,0.009641752,0.027413199,2.772392e-05
ISIC_0025693,HAM_0002879,bkl,0,9.071581e-05,8.913513e-05,0.97381985,2.0360381e-05,0.0251039,0.00085537205,2.0681013e-05
ISIC_0031334,HAM_0006310,bkl,0,5.2631705e-05,4.0073223e-06,0.99839526,8.922766e-08,0.0014835391,6.354798e-05,9.705955e-07
ISIC_0024336,HAM_0006732,bkl,0,0.0008670966,0.001691074,0.97296125,4.0693492e-05,0.017070903,0.007349278,1.967809e-05
ISIC_0028343,HAM_0004343,bkl,0,0.0005533209,0.0001483437,0.68356615,0.0006124704,0.2871877,0.027560566,0.00037148208
ISIC_0026717,HAM_0002527,bkl,0,1.0676471e-05,1.9752431e-05,0.9958995,1.7844835e-05,0.0030186758,0.0010175684,1.5871527e-05
ISIC_0031511,HAM_0006601,bkl,0,0.000940817,0.00042947737,0.9873732,0.0041971924,0.0024248525,0.0043858853,0.0002485624
ISIC_0032359,HAM_0002419,bkl,0,7.9375975e-05,0.00028977872,0.9845865,0.00012512007,0.00051156624,0.014071831,0.00033582113
ISIC_0026473,HAM_0003110,df,0,0.00015514769,1.3229689e-05,0.00013466309,0.99937505,0.00025754992,6.1653256e-05,2.7247738e-06
ISIC_0032114,HAM_0003110,df,0,0.00011836686,0.00054625486,0.0027938217,0.9953982,0.00096339977,0.00014846529,3.142541e-05
ISIC_0026789,HAM_0003110,df,0,0.008101373,0.00062181964,0.010584255,0.97869784,0.001157183,0.0007427686,9.480202e-05
ISIC_0029281,HAM_0001726,mel,0,0.0007075261,3.5156918e-05,0.0035957466,0.00018099931,0.9268147,0.06859626,6.96453e-05
ISIC_0024367,HAM_0001726,mel,0,0.00035197122,4.487941e-05,0.0043745935,0.00018711314,0.9340996,0.06089277,4.9002418e-05
ISIC_0024898,HAM_0002534,mel,0,0.00093750464,0.0007132159,0.009767234,0.0016582765,0.18147019,0.8038178,0.0016357593
ISIC_0029538,HAM_0002534,mel,0,0.0022512982,0.00048878294,0.21656987,0.0008106026,0.2082732,0.5705856,0.0010207028
ISIC_0024675,HAM_0001600,mel,0,0.001342031,0.0017248855,0.012919148,0.0022628952,0.40550032,0.5752076,0.0010431354
ISIC_0025891,HAM_0001600,mel,0,0.0010742418,0.00050743594,0.008868051,0.00039211608,0.3067129,0.6818026,0.0006427132
ISIC_0033312,HAM_0007117,mel,0,0.00020895079,2.8864328e-05,0.0005952454,0.0002963995,0.93413126,0.06469572,4.358513e-05
ISIC_0025835,HAM_0001456,mel,0,0.0003359114,0.0011804883,0.0035588725,0.00062879204,0.4522207,0.5412373,0.0008379094
ISIC_0030828,HAM_0001456,mel,0,0.0040206965,0.007841451,0.012595013,0.0017225383,0.39984003,0.57274437,0.0012358607
ISIC_0032847,HAM_0002004,mel,0,0.00062170316,0.0001217054,0.004392004,0.00016864152,0.42581472,0.56853724,0.00034400832
ISIC_0033654,HAM_0002004,mel,0,0.002462689,0.00090951857,0.004812303,0.00095503073,0.28632092,0.7031363,0.001403198
ISIC_0032511,HAM_0003620,mel,0,0.053448442,0.00061380415,0.020971632,0.00010277751,0.92184186,0.002918304,0.00010317976
ISIC_0033687,HAM_0007117,mel,0,0.0015506775,0.0001258044,0.01532092,0.0022783638,0.50267404,0.47778493,0.00026528965
ISIC_0034085,HAM_0007117,mel,0,5.4376505e-05,1.2567176e-05,0.00032905504,0.0003212756,0.9005634,0.09869982,1.938854e-05
ISIC_0033546,HAM_0000055,mel,0,2.3671188e-05,1.6785387e-05,0.001114121,0.00038615963,0.78270304,0.21565735,9.8883866e-05
ISIC_0032723,HAM_0005992,mel,0,0.00018952334,9.327274e-05,0.0075667882,0.00030050057,0.61086863,0.38078147,0.00019978597
ISIC_0032751,HAM_0005992,mel,0,5.1437128e-05,2.7911314e-05,0.0021659073,9.4238516e-05,0.91393656,0.083691396,3.256796e-05
ISIC_0032597,HAM_0005992,mel,0,0.00033843552,0.00020327668,0.011959427,0.00072491355,0.8122283,0.17428973,0.000255964
ISIC_0032982,HAM_0002841,mel,0,0.0012938926,0.00048254896,0.0009738242,0.0006269088,0.5417283,0.45440248,0.00049206644
ISIC_0033196,HAM_0002841,mel,0,0.0028829596,0.0009160659,0.0016140383,0.0009268642,0.3595989,0.6335858,0.00047524873
ISIC_0032653,HAM_0002841,mel,0,0.001252575,0.0011471848,0.00038727248,0.0011870728,0.2868029,0.7084589,0.00076418964
ISIC_0032687,HAM_0001344,mel,0,0.00018046932,9.144375e-06,0.00087795214,0.002537959,0.92771757,0.06866309,1.3781059e-05
ISIC_0033055,HAM_0001344,mel,0,0.0008527755,5.4622702e-05,0.006771771,0.0036763588,0.8976009,0.090982124,6.141395e-05
ISIC_0032862,HAM_0000176,mel,0,0.00021190885,0.030186215,0.0035580113,3.249727e-05,0.07906545,0.0030507674,0.88389516
ISIC_0033073,HAM_0000176,mel,0,0.003388059,0.2662711,0.033242412,0.00012707907,0.17859149,0.053335648,0.4650441
ISIC_0033696,HAM_0000176,mel,0,0.0012634356,0.13826154,0.021190157,8.3332605e-05,0.4242152,0.0030190083,0.4119673
ISIC_0028148,HAM_0003176,mel,0,0.00014844432,5.2517553e-05,0.004783205,0.00022024513,0.7338569,0.2606446,0.00029406586
ISIC_0028198,HAM_0005064,mel,0,0.000575685,0.0004924095,0.00054504763,0.00042697802,0.0945726,0.9025529,0.00083435123
ISIC_0027144,HAM_0005064,mel,0,0.00042048347,0.0003496158,0.00068719365,0.00023563963,0.09943162,0.89842397,0.00045155367
ISIC_0030756,HAM_0003176,mel,0,0.00019572236,5.2987532e-05,0.0012261791,6.9514885e-05,0.8605862,0.13776958,9.977016e-05
ISIC_0027552,HAM_0007091,mel,0,5.994905e-05,0.0029168532,0.0007246455,0.00010118319,0.88825196,0.10733709,0.0006084276
ISIC_0027620,HAM_0002534,mel,0,0.00050679885,0.00027770284,0.0022514395,0.0031734887,0.087081395,0.9056384,0.0010707997
ISIC_0024700,HAM_0001726,mel,0,0.002000879,0.00035248703,0.00560339,0.0016685349,0.21347257,0.7762884,0.0006138197
ISIC_0029843,HAM_0006257,mel,0,0.0005863596,0.0001357809,0.0136087,0.0005194858,0.7986916,0.18603663,0.0004215149
ISIC_0031494,HAM_0007238,mel,0,0.0015086015,2.6481805e-05,0.00047819215,0.0020449683,0.9504959,0.045420714,2.5269115e-05
ISIC_0028306,HAM_0007238,mel,0,0.02853316,0.0016882195,0.002449159,0.014562643,0.87451935,0.07784574,0.00040177122
ISIC_0032076,HAM_0005155,vasc,0,2.409779e-07,2.4616447e-05,6.4247197e-06,5.062557e-06,0.00022914886,1.3774904e-05,0.99972063
ISIC_0025321,HAM_0005155,vasc,0,4.155918e-05,0.0008221984,0.0003646702,0.00016056212,0.004628597,0.0003230799,0.9936593
ISIC_0025244,HAM_0000845,vasc,0,0.00028523387,0.0033214057,0.0046225865,0.00054127874,0.008869033,0.0017922014,0.98056823
ISIC_0031065,HAM_0000109,vasc,0,2.1057754e-06,0.00015543032,8.7124674e-05,1.7804468e-05,0.0002175392,3.4218614e-05,0.99948585
ISIC_0025731,HAM_0003981,bcc,0,0.00039362398,0.9871177,0.00032856414,3.092147e-05,0.0069839694,0.004945127,0.00020006421
ISIC_0028670,HAM_0003981,bcc,0,0.00032385284,0.9691702,0.008000989,0.00020909512,0.0019445186,0.019880146,0.00047120312
ISIC_0034058,HAM_0000263,bcc,0,2.6942917e-07,0.99999285,4.04324e-06,6.513962e-07,1.6075047e-06,3.98969e-07,2.8680586e-07
ISIC_0033001,HAM_0000263,bcc,0,2.6012248e-07,0.9999962,2.5700485e-06,1.8445445e-07,2.7689896e-07,1.03267695e-07,3.0292838e-07
ISIC_0032741,HAM_0005478,bcc,0,0.02236396,0.3560784,0.057901576,0.00014185156,0.56018996,0.0031414428,0.0001828539
ISIC_0033301,HAM_0005478,bcc,0,0.067346886,0.03956221,0.22627944,0.00062327937,0.6598967,0.006131089,0.00016038431
ISIC_0030230,HAM_0007588,bcc,0,0.0064737927,0.02074516,0.002097632,0.0028924332,0.0131896455,0.9533191,0.0012822567
ISIC_0031728,HAM_0007588,bcc,0,0.02839301,0.16117184,0.013596533,0.06006033,0.080274306,0.65320116,0.003302817
ISIC_0031526,HAM_0007588,bcc,0,0.033453234,0.026559964,0.06625415,0.006395581,0.073408306,0.79307663,0.0008521287
ISIC_0029524,HAM_0003191,bcc,0,0.00024386332,0.9975068,0.0017076903,2.4815086e-05,0.00015500897,0.00034272898,1.9100853e-05
ISIC_0028050,HAM_0003191,bcc,0,0.01064387,0.98565304,0.0027141618,0.00017802411,0.00026776834,0.0005141247,2.9004934e-05
ISIC_0028964,HAM_0000092,bcc,0,0.1029816,0.8300321,0.04712539,0.0017393223,0.002033474,0.014999797,0.0010884402
ISIC_0030292,HAM_0002387,nv,0,0.00042927713,0.000244356,0.0008851309,0.0017321561,0.0056270743,0.9898085,0.0012734755
ISIC_0024512,HAM_0000539,nv,0,3.6659658e-05,0.00021765841,0.0010270446,0.00014414468,8.75991e-05,0.98934853,0.009138318
ISIC_0024868,HAM_0003080,nv,0,0.00021392107,0.00024051793,0.0004515461,0.0006801717,0.000328749,0.99736565,0.0007194577
ISIC_0025298,HAM_0002815,nv,0,0.00033503684,3.920219e-05,0.0006271549,0.00015996942,0.024021424,0.9746429,0.00017432478
ISIC_0025054,HAM_0005864,nv,0,9.588643e-05,0.0026321134,0.0014893342,0.00017295098,0.0011355178,0.99376714,0.00070712774
ISIC_0030049,HAM_0007469,nv,0,0.0011415491,0.00079848774,0.005496786,0.0072465884,0.16810246,0.8114254,0.0057887784
ISIC_0031279,HAM_0006339,nv,0,5.6442746e-05,5.9731974e-05,0.00024782403,0.0001776315,0.0042742984,0.9950722,0.000111812195
ISIC_0024803,HAM_0001168,nv,0,0.0011580584,0.0016620853,0.0012619805,0.002050398,0.029576471,0.9586201,0.0056710136
ISIC_0029111,HAM_0003964,nv,0,0.0003569142,0.0007795724,0.007210942,0.0021367606,0.0065113637,0.9820695,0.00093485
ISIC_0025146,HAM_0000228,nv,0,0.013338215,0.0015124839,0.010481432,0.003674616,0.032086674,0.93771005,0.0011964733
ISIC_0032202,HAM_0001170,nv,0,0.00013492038,6.9315545e-05,0.00038926298,0.00017374947,0.051132973,0.9479971,0.000102842685
ISIC_0032039,HAM_0005654,nv,0,0.0009430654,0.0005223382,0.00621294,0.00018770617,0.81731844,0.17435734,0.00045826883
ISIC_0027621,HAM_0003595,nv,0,0.0076489593,0.011566858,0.049152184,0.0020951973,0.040768493,0.8636194,0.025148952
ISIC_0032336,HAM_0002460,nv,0,2.2419355e-05,9.130646e-05,1.499296e-05,8.6531676e-05,0.00016044357,0.9994923,0.00013200949
ISIC_0024776,HAM_0000209,nv,0,0.00050495117,0.0011246679,0.00094429485,0.00068015006,0.029635478,0.96617717,0.0009332935
ISIC_0027765,HAM_0005307,nv,0,0.00019616472,0.00020638347,0.00043948137,0.00021671088,0.0020480796,0.9947082,0.0021849652
ISIC_0027400,HAM_0002062,nv,0,0.00096225995,0.00048812607,0.00055096287,0.0020701948,0.053417105,0.9413091,0.001202239
ISIC_0030560,HAM_0007424,nv,0,9.154577e-05,0.00031549527,0.00034616553,0.0001462897,0.00044578948,0.99820507,0.00044972482
ISIC_0031656,HAM_0000471,nv,0,0.001820935,0.00277253,0.0069470983,0.0015318843,0.004283707,0.97892934,0.0037144877
ISIC_0024807,HAM_0006922,nv,0,0.002881247,0.0027600657,0.001744155,0.0052096276,0.0019841217,0.9797768,0.005643963
ISIC_0030775,HAM_0006665,nv,0,0.0009670907,0.00045883327,0.00031596769,0.001076237,0.0019422822,0.9948303,0.0004092921
ISIC_0024321,HAM_0003511,nv,0,0.00025177954,0.006400617,0.0004514833,0.027660836,0.00018241572,0.963718,0.0013347812
ISIC_0027807,HAM_0005406,nv,0,0.0005192712,0.00013296973,0.0011548696,0.0003307142,0.006406841,0.99067044,0.0007848654
ISIC_0026200,HAM_0007198,nv,0,0.0006921283,0.018992191,0.36919057,0.00083323714,0.0019241361,0.60750467,0.0008630517
ISIC_0025925,HAM_0000803,nv,0,0.00057116605,0.000254197,0.0005904489,0.0010024275,0.006575062,0.99022526,0.00078145415
ISIC_0028612,HAM_0002403,nv,0,0.002332921,0.0005872683,0.001309289,0.0014142974,0.04251909,0.9499396,0.0018975775
ISIC_0029168,HAM_0003147,nv,0,0.00014954721,0.00012992887,7.623221e-05,0.0003694107,0.021386236,0.9775145,0.00037413038
ISIC_0026734,HAM_0007161,nv,0,0.00039920997,0.0008987555,0.0004653584,0.0017306,0.0007839085,0.9952773,0.00044491625
ISIC_0028514,HAM_0002311,nv,0,0.00024228118,0.0005497342,0.0006278162,0.00035806838,0.006671024,0.99103516,0.0005159234
ISIC_0027895,HAM_0001653,nv,0,0.00018051844,0.0008822742,0.00031930458,0.00020236858,0.00048783323,0.99751294,0.00041462557
ISIC_0031260,HAM_0001114,nv,0,6.4632186e-05,2.7420494e-05,0.00020123125,8.106692e-05,0.017133497,0.9822673,0.00022492855
ISIC_0030975,HAM_0005767,nv,0,0.00015945455,0.003833166,0.0002912838,0.00043855168,0.0004959745,0.9945445,0.0002370434
ISIC_0029542,HAM_0006388,nv,0,0.0003360898,0.00045758937,0.0010357351,0.000100322904,0.0017022275,0.99601644,0.00035153184
ISIC_0029485,HAM_0004457,nv,0,0.000111583555,0.00012830652,0.00014553238,0.00013658158,0.00074546237,0.9978981,0.0008344198
ISIC_0027032,HAM_0002093,nv,0,0.023236845,0.00745601,0.004564449,0.006709683,0.008192825,0.9432699,0.0065702745
ISIC_0026461,HAM_0007523,nv,0,0.00047257417,0.00022344633,0.0024761115,0.0012864729,0.0011353083,0.994069,0.00033707454
ISIC_0029816,HAM_0003074,nv,0,0.00020608761,0.0020166342,0.0005051148,0.00052421144,0.0018123391,0.9932822,0.0016533796
ISIC_0032094,HAM_0006087,nv,0,0.0031664353,0.0025036337,0.0051622684,0.0020374288,0.006134837,0.974194,0.0068014306
ISIC_0031244,HAM_0001822,nv,0,0.000104681494,0.0013545091,0.00011564575,0.0019421999,0.000108639135,0.9955778,0.00079649367
ISIC_0024939,HAM_0000074,nv,0,2.0973393e-05,6.447655e-05,7.320434e-05,0.00012835221,0.00013037348,0.99922884,0.00035372193
ISIC_0029858,HAM_0005965,nv,0,0.0002882169,0.00017930781,0.0005485443,0.00048456163,0.079603,0.9181532,0.0007432103
ISIC_0027686,HAM_0002673,nv,0,0.00023841012,0.06672065,0.4980838,0.060071405,0.0010335858,0.36369485,0.010157275
ISIC_0032216,HAM_0004123,nv,0,0.00039133016,0.0005524032,0.00038714893,0.0003796608,0.0045937053,0.9929334,0.0007624553
ISIC_0029398,HAM_0002101,nv,0,0.00044608908,0.0004344807,0.00023830836,0.0002860546,0.009985777,0.9882032,0.0004061687
ISIC_0027655,HAM_0006436,nv,0,0.0008867016,0.0038403883,0.018108018,0.0007166717,0.09656177,0.8398882,0.039998233
ISIC_0027372,HAM_0004567,nv,0,7.813712e-05,0.00022831606,0.0006139962,5.349344e-05,0.02567793,0.97301304,0.00033513046
ISIC_0027955,HAM_0001099,nv,0,0.00021128767,6.344007e-05,0.00024094488,0.00026410984,0.000423078,0.99864846,0.00014865944
ISIC_0030467,HAM_0004759,nv,0,0.00028387413,0.00076266,0.0005887627,0.00457479,0.00058991375,0.99126196,0.0019380342
ISIC_0029042,HAM_0004040,nv,0,0.00027779874,0.00040577675,0.00043236912,0.00049814006,0.007032814,0.9901461,0.0012069973
ISIC_0030252,HAM_0002263,nv,0,0.00022262312,0.00036776107,0.00022612892,0.00012246486,0.0022124748,0.9962269,0.0006216243
ISIC_0030309,HAM_0006322,nv,0,0.00017852211,0.00013501901,0.003524954,0.0057299524,5.4128082e-05,0.9903426,3.4811466e-05
ISIC_0031444,HAM_0006892,nv,0,0.0009675789,0.0008266045,0.00018140365,0.00029966875,0.0010773061,0.99654824,9.920705e-05
ISIC_0028134,HAM_0004022,nv,0,0.00025561012,0.00019617456,0.0001655185,0.00039705826,0.010555017,0.98701686,0.001413721
ISIC_0024499,HAM_0000708,nv,0,0.0005136923,0.00043895547,0.0016909246,0.00024241421,0.0033171421,0.9935179,0.00027901705
ISIC_0030392,HAM_0003395,nv,0,8.0019774e-05,0.00012106605,0.00045779173,0.00015394119,0.0037114865,0.9945127,0.0009631303
ISIC_0024801,HAM_0003635,nv,0,0.00016902339,8.743166e-05,5.612033e-05,8.302151e-05,0.00038071416,0.99909735,0.00012634567
ISIC_0030879,HAM_0002445,nv,0,0.044820674,0.022524871,0.056132,0.062926285,0.007641283,0.7979157,0.008039338
ISIC_0024966,HAM_0004137,nv,0,0.0020716405,0.0008252496,0.003688593,0.0031099007,0.008011514,0.9814051,0.00088796124
ISIC_0031788,HAM_0004490,nv,0,0.0005095187,0.00094265555,0.00096218695,0.0006098141,0.0017598231,0.9922053,0.0030106006
ISIC_0024451,HAM_0003737,nv,0,0.00037330508,0.0011342468,0.0003034949,0.011958444,0.0064196736,0.9744061,0.0054045874
ISIC_0026482,HAM_0006788,nv,0,0.0021989816,0.000520776,0.0024543395,0.0027100816,0.01191664,0.97909355,0.0011057174
ISIC_0027556,HAM_0005916,nv,0,2.5902335e-05,1.6789258e-05,8.887609e-05,3.2457094e-05,0.00038493075,0.99936956,8.1597114e-05
ISIC_0031696,HAM_0006113,nv,0,0.0009462188,0.002570834,0.0011868243,0.00026637252,0.010118318,0.98243195,0.0024796007
ISIC_0032493,HAM_0007011,nv,0,0.0005660959,0.0010784658,0.004870068,0.0023201988,0.0015068363,0.9891328,0.0005256023
ISIC_0026306,HAM_0004456,nv,0,0.00051499764,0.0012396448,0.0005376087,0.0016310744,0.0012690421,0.9921591,0.0026484649
ISIC_0027845,HAM_0006167,nv,0,0.00022573033,0.00012962603,0.00051343243,4.375982e-05,0.00067095127,0.9983631,5.3406628e-05
ISIC_0031530,HAM_0002852,nv,0,0.0015698463,0.000691194,0.0045082513,0.0028343087,0.02315901,0.9638152,0.0034221692
ISIC_0028458,HAM_0006680,nv,0,0.00030833838,0.00051335286,0.00029565865,0.0019884077,0.00061200757,0.9957743,0.00050786784
ISIC_0031265,HAM_0007357,nv,0,0.0014871288,0.0007730206,0.007432907,0.0015017226,0.020191176,0.9662376,0.0023764248
ISIC_0024914,HAM_0000100,nv,0,0.00027468184,8.438905e-05,0.00019640212,0.000509304,3.947518e-05,0.9988341,6.174035e-05
ISIC_0030678,HAM_0006591,nv,0,0.0021292102,0.0008065801,0.009298677,0.0029880418,0.010999403,0.97335714,0.00042090728
ISIC_0027180,HAM_0001063,nv,0,5.3515218e-05,4.1071627e-05,3.776313e-05,0.00011186252,0.00026308978,0.9994166,7.606045e-05
ISIC_0028802,HAM_0005549,nv,0,0.00029075344,0.0007334567,0.00024104308,0.0006071669,0.00038293537,0.99467456,0.0030699275
ISIC_0026808,HAM_0004661,nv,0,0.0002454713,4.7401263e-05,0.00042871715,0.00021264529,0.010458112,0.9885173,9.030385e-05
ISIC_0025690,HAM_0007282,nv,0,0.0006527132,0.0010139081,0.0005265225,0.00026865889,0.0020450277,0.99474263,0.000750535
ISIC_0029753,HAM_0005646,nv,0,0.00015913595,0.00031005542,0.00029499142,0.0003130981,0.000701798,0.99741566,0.0008052049
ISIC_0031826,HAM_0000387,nv,0,0.00017085442,0.00056021,0.00011549304,0.0001728684,0.0024681445,0.9962069,0.00030547456
ISIC_0029672,HAM_0006880,nv,0,0.00047310913,0.00035572922,0.00071056787,0.00063726,0.0013008859,0.99616665,0.00035572922
ISIC_0026095,HAM_0002297,nv,0,0.00046059373,0.00017060521,0.00095902267,0.0012652365,0.0009044446,0.99572587,0.00051433145
ISIC_0027207,HAM_0005138,nv,0,0.0006067404,0.00023876598,0.0033081553,0.00026532426,0.0108285025,0.9843164,0.00043616607
ISIC_0031433,HAM_0007061,nv,0,0.00021704656,0.00020893557,0.00017853762,0.00018765479,0.013415089,0.9856044,0.00018838924
ISIC_0027088,HAM_0002513,nv,0,0.0002524244,0.00012194533,0.00042314435,0.00012581628,0.0027579009,0.9958832,0.00043551184
ISIC_0031841,HAM_0005716,nv,0,0.0070795654,0.0032742682,0.0048278444,0.0008671712,0.0007091482,0.98115563,0.0020863388
ISIC_0025522,HAM_0000454,nv,0,0.0039496045,0.00824375,0.0089179715,0.03214623,0.0013986808,0.93213964,0.013204063
ISIC_0026707,HAM_0003247,nv,0,0.0019599674,0.0012586714,0.00085332466,0.0022416343,0.0029813058,0.98935074,0.0013543193
ISIC_0027848,HAM_0000930,nv,0,0.002358577,0.035689455,0.3762764,0.0034653859,0.12505598,0.45299038,0.004163757
ISIC_0028971,HAM_0000930,nv,0,0.00042400885,0.0027974765,0.0038330439,0.00077835,0.028447313,0.9615644,0.0021553985
ISIC_0024642,HAM_0000947,nv,0,0.0011954799,0.0006214194,0.030532207,0.0042799376,0.17399324,0.7828356,0.0065420773
ISIC_0025959,HAM_0000947,nv,0,0.00052164006,0.00031148546,0.0016691398,0.0014787758,0.013638468,0.97880435,0.0035760943
ISIC_0028453,HAM_0002856,nv,0,0.00012212586,0.006180314,0.0012238289,0.0076990407,0.0036572479,0.03314237,0.947975
ISIC_0028154,HAM_0002856,nv,0,0.0005313002,0.20353016,0.021404836,0.00185442,0.031484053,0.6838429,0.057352282
ISIC_0031059,HAM_0002159,nv,0,0.002335265,0.0014887399,0.08883647,0.0017679224,0.025192427,0.86876327,0.011615884
ISIC_0030355,HAM_0002159,nv,0,0.00025455057,0.00014646185,0.0014573464,0.0005238363,0.005698156,0.98966765,0.0022520218
ISIC_0025610,HAM_0003308,nv,0,0.0015459983,0.014928141,0.031395238,0.0016880272,0.4791425,0.4634947,0.0078053586
ISIC_0024615,HAM_0003308,nv,0,0.0021404717,0.002860697,0.09841086,0.0006126568,0.5398545,0.3547374,0.0013833427
ISIC_0028287,HAM_0006934,nv,0,0.00070055877,0.0022711137,0.00021702297,0.0002617797,0.03061428,0.9654927,0.00044270066
ISIC_0030462,HAM_0004766,nv,0,0.00025220728,7.268323e-05,0.00021175852,0.00014426581,0.09939069,0.8998099,0.00011843827
ISIC_0024344,HAM_0000380,nv,0,0.00022558255,0.00073965674,0.09189958,0.00033930156,0.866825,0.039757796,0.00021316053
ISIC_0025836,HAM_0000380,nv,0,0.00027294888,0.00041134848,0.0057174414,0.0001832492,0.96812123,0.025251182,4.2600357e-05
ISIC_0032822,HAM_0001246,nv,0,8.041403e-05,4.1718245e-05,0.0104604075,0.00023866937,0.23599447,0.7529242,0.00026008714
ISIC_0033283,HAM_0001246,nv,0,5.8556183e-05,8.0980266e-05,0.008853263,8.290065e-05,0.29232216,0.69851047,9.158361e-05
ISIC_0033359,HAM_0001246,nv,0,0.0020203309,0.00070989574,0.007512857,0.0009331404,0.6453952,0.3427668,0.0006616956
ISIC_0033110,HAM_0005814,nv,0,0.0006286863,9.660065e-05,0.0056130043,0.00080410205,0.44600505,0.5464568,0.0003957338
ISIC_0032701,HAM_0005814,nv,0,0.0025789249,0.00072741916,0.0092916,0.0016249199,0.47540617,0.5080479,0.0023230487
ISIC_0034203,HAM_0005190,nv,0,0.008936535,0.58624727,0.016793758,0.0032939948,0.07343121,0.12300417,0.18829304
ISIC_0033311,HAM_0005190,nv,0,0.000110114015,0.9876452,0.0033631884,0.0002093682,0.00049061363,0.0028447353,0.005336769
ISIC_0032700,HAM_0005190,nv,0,0.003928289,0.13793708,0.06944702,0.0050145546,0.07367709,0.35430464,0.35569134
ISIC_0033558,HAM_0005740,nv,0,2.8630232e-06,0.002850354,0.0022372683,6.789034e-05,0.0003173121,0.9941969,0.0003273847
ISIC_0033590,HAM_0005740,nv,0,4.6263795e-05,0.0031829409,0.0016016557,0.00017256361,0.0009993586,0.9915413,0.0024559856
ISIC_0033303,HAM_0005740,nv,0,2.2021784e-06,0.00023981716,0.017499292,2.0489568e-05,0.00020037472,0.9819146,0.00012320642
ISIC_0033263,HAM_0005759,nv,0,0.0013871363,0.0016781149,0.002769447,0.001219371,0.054709975,0.93625677,0.0019792344
ISIC_0033815,HAM_0005759,nv,0,0.0009949602,0.0017963698,0.0029631597,0.00090327143,0.029362347,0.96195817,0.0020216862
ISIC_0034194,HAM_0005759,nv,0,0.002425932,0.007890497,0.0068036946,0.0021788427,0.025689416,0.9513628,0.0036488748
ISIC_0033282,HAM_0004716,nv,0,0.00023966008,0.0018704028,0.00814452,0.053473227,0.6292403,0.30191278,0.005119157
ISIC_0032729,HAM_0004716,nv,0,2.4486259e-05,0.0006722377,0.003698528,0.0037402988,0.3201765,0.66860974,0.0030781883
ISIC_0033076,HAM_0004716,nv,0,0.0002973449,0.0050785616,0.0019276045,0.044151448,0.7522547,0.1924418,0.0038485033
ISIC_0032582,HAM_0004038,nv,0,0.00076727755,0.010281109,0.4141006,0.00036314482,0.28405157,0.2774715,0.012964849
ISIC_0033052,HAM_0004038,nv,0,0.0008067103,0.0018829985,0.059268873,0.00083884597,0.11672476,0.81499183,0.0054860115
ISIC_0032990,HAM_0004038,nv,0,0.0049761916,0.004186283,0.2314835,0.006174853,0.124754086,0.6140611,0.014363975
ISIC_0034187,HAM_0002476,nv,0,0.0007914819,0.0015137489,0.060466483,0.004824798,0.34525272,0.57818955,0.008961248
ISIC_0027837,HAM_0002476,nv,0,0.00022458617,0.00042287304,0.018660821,0.00040036815,0.18920526,0.78576714,0.005319074
ISIC_0029359,HAM_0001137,nv,0,0.00037753317,0.000202474,0.024098584,0.00056343334,0.47097707,0.5033147,0.0004661912
ISIC_0029746,HAM_0001137,nv,0,0.0004810433,0.00087275985,0.038777895,0.00044663358,0.58620566,0.37261498,0.00060101115
ISIC_0029382,HAM_0000275,nv,0,0.0068618665,0.028794479,0.012869828,0.0039597256,0.3884297,0.5563999,0.0026845227
ISIC_0030093,HAM_0000275,nv,0,0.014356111,0.10306575,0.011284758,0.0049444106,0.4646231,0.3974132,0.0043125916
ISIC_0028645,HAM_0000275,nv,0,0.0032459968,0.048403446,0.008407151,0.006017128,0.25610477,0.6760653,0.0017562216
ISIC_0025942,HAM_0000302,nv,0,0.0016805581,1.2495792e-05,0.0005747903,0.00022323041,0.9494833,0.048016414,9.142116e-06
ISIC_0027236,HAM_0001555,nv,0,0.005476267,0.0003575142,0.0077530006,0.006377444,0.19219859,0.78735983,0.00047734406
ISIC_0026599,HAM_0007144,nv,0,0.002625768,0.006255978,0.015808368,0.008021076,0.6437603,0.32118398,0.0023445466
ISIC_0026987,HAM_0006994,nv,0,0.0015871221,0.00059596705,0.0016960952,0.0017194431,0.0723314,0.9216635,0.00040641427
ISIC_0026739,HAM_0002033,nv,0,0.018928321,0.0011981871,0.019534683,0.0065600937,0.06561074,0.88561153,0.0025564567
ISIC_0024899,HAM_0002033,nv,0,0.0053927097,0.00027667198,0.01731886,0.00074914034,0.053764243,0.9218711,0.0006271539
ISIC_0025506,HAM_0005393,nv,0,0.0022038512,3.5517733e-05,0.006623807,0.005152038,0.10629126,0.8795973,9.61708e-05
ISIC_0026573,HAM_0007001,nv,0,0.0003193336,0.00048883137,0.0018775456,0.00046372108,0.59337395,0.4030683,0.0004084339
ISIC_0029298,HAM_0001508,nv,0,0.0014909413,0.00036608518,0.01072211,0.0010780876,0.53393114,0.45137486,0.0010367867
ISIC_0026654,HAM_0000591,nv,0,0.05827315,0.00046445537,0.027586835,0.001508091,0.43058357,0.48035067,0.0012332743
ISIC_0028600,HAM_0007268,nv,0,0.0037008268,0.00033922485,0.039943364,0.0013601292,0.24301581,0.71009034,0.0015502853
ISIC_0026329,HAM_0001479,nv,0,0.014460317,0.23178779,0.031399712,0.0019360811,0.024192834,0.47932777,0.21689555
ISIC_0032175,HAM_0000302,nv,0,0.083051056,0.0002404433,0.011560662,0.00069710595,0.64879686,0.25556558,8.828155e-05
ISIC_0027840,HAM_0002271,nv,0,0.037271947,0.00015885445,0.04526693,0.0013993591,0.1735259,0.7420761,0.00030086454
ISIC_0026048,HAM_0002271,nv,0,0.031748924,0.0001608477,0.009450205,0.00044847303,0.45841768,0.49955526,0.00021856828
ISIC_0031930,HAM_0002271,nv,0,0.025188968,5.5532804e-05,0.007058195,0.00078478636,0.23028019,0.7361296,0.00050275296
ISIC_0024784,HAM_0001479,nv,0,0.0017122577,0.11968736,0.0040438115,0.0010820185,0.07409817,0.795076,0.004300413
ISIC_0029812,HAM_0005318,nv,0,0.0012752984,0.00017807155,0.048419323,0.0007918508,0.5124863,0.43664375,0.00020535981
ISIC_0026347,HAM_0005318,nv,0,0.002420398,0.00015917554,0.015829286,0.00043268394,0.8558508,0.12499427,0.00031348199
ISIC_0024416,HAM_0002172,nv,0,0.018606246,0.013546315,0.04202975,0.015349985,0.20739602,0.6934377,0.009633959
ISIC_0026166,HAM_0000562,nv,0,0.0019220079,0.002070084,0.6580678,0.012381005,0.058692724,0.2643301,0.00253632
ISIC_0030593,HAM_0002685,nv,0,0.0009230439,0.00011541971,0.0087277135,0.0014909502,0.08564363,0.901185,0.0019144178
ISIC_0025168,HAM_0003035,nv,0,8.978897e-05,5.2578423e-05,0.0013803993,6.9927715e-05,0.3796752,0.6186857,4.6400295e-05
ISIC_0024617,HAM_0003035,nv,0,0.0003188847,0.00042162932,0.03776899,0.00064921705,0.09122457,0.8689022,0.00071441947
ISIC_0026480,HAM_0001902,nv,0,0.0004617745,0.00087972387,0.0052002575,0.07834409,0.009689304,0.89923126,0.0061935773
ISIC_0029668,HAM_0001902,nv,0,0.0003018668,0.00025320632,0.013795938,0.045462098,0.17478538,0.7636947,0.0017068548
ISIC_0033132,HAM_0004387,nv,0,0.00027964034,2.345277e-05,0.021405322,4.1646086e-05,0.75162184,0.2265611,6.7072215e-05
ISIC_0033821,HAM_0004387,nv,0,0.00045873216,3.1770705e-05,0.08673857,5.3205913e-05,0.72201025,0.19056782,0.00013963242
ISIC_0033341,HAM_0006234,nv,0,0.0014383049,0.00037374144,0.0024514224,0.0007374895,0.0407402,0.9529467,0.0013121519
ISIC_0034248,HAM_0004214,nv,0,0.0007498159,0.0007016407,0.14916322,0.0004132797,0.02920038,0.81906724,0.0007043868
ISIC_0033374,HAM_0006766,nv,0,0.0020416605,0.008540279,0.0019943656,0.0019924187,0.12147408,0.86150885,0.0024483248
ISIC_0033733,HAM_0002037,nv,0,0.0007727221,0.000111103975,0.009249654,0.0022088175,0.21890736,0.7685518,0.00019845145
ISIC_0031299,HAM_0003384,nv,0,0.0024246483,0.002683841,0.019293789,0.00621579,0.29716283,0.66705596,0.005163145
ISIC_0028438,HAM_0003384,nv,0,0.002163154,0.016604163,0.0021865165,0.0040098545,0.028175758,0.94451255,0.0023480817
ISIC_0027254,HAM_0003949,akiec,0,0.004143904,0.0005007527,0.9322994,0.00031092443,0.01987593,0.03893419,0.0039348807
ISIC_0027828,HAM_0002521,bkl,0,0.01895037,0.009326305,0.17189804,0.005055791,0.28341192,0.48351443,0.027843205
ISIC_0029291,HAM_0002521,bkl,0,0.0014272096,0.0005710409,0.39418286,0.0009770816,0.12427764,0.47640485,0.002159299
ISIC_0024324,HAM_0000351,bkl,0,0.00060261996,0.0020148861,0.6305903,0.00092068216,0.18066716,0.17996278,0.0052415505
ISIC_0029559,HAM_0000351,bkl,0,0.00026407203,0.021070234,0.24721631,0.0004904693,0.06355243,0.6628786,0.0045279246
ISIC_0030768,HAM_0002127,bkl,0,0.017397504,0.08093774,0.46758753,0.00078118383,0.0071346937,0.42574328,0.0004181376
ISIC_0029837,HAM_0002127,bkl,0,0.009244503,0.017613798,0.090008855,0.0067403456,0.0032308963,0.872526,0.0006355803
ISIC_0027739,HAM_0006325,bkl,0,0.00084379467,0.006001851,0.9021341,0.005133655,0.02008951,0.05562487,0.010172173
ISIC_0025529,HAM_0000898,bkl,0,0.4091483,0.0137094,0.48682556,0.0007376531,0.011893497,0.077177584,0.0005079722
ISIC_0029260,HAM_0000843,bkl,0,0.0055333143,0.006292878,0.83422536,2.1411892e-05,0.14927652,0.0046039685,4.6585534e-05
ISIC_0027737,HAM_0002903,bkl,0,1.930754e-05,1.5820031e-05,0.994609,4.4979137e-05,0.0017584964,0.0035246164,2.7710841e-05
ISIC_0024774,HAM_0002903,bkl,0,3.5617893e-06,6.759088e-06,0.99772376,5.2639834e-06,0.0004206274,0.0018306941,9.384064e-06
ISIC_0027608,HAM_0005610,bkl,0,0.0053458647,0.00072596123,0.984029,3.3329467e-05,0.009544006,0.00029417544,2.7523374e-05
ISIC_0025312,HAM_0005610,bkl,0,0.30574524,0.060058013,0.4358266,0.0016569503,0.18544388,0.010169896,0.0010994638
ISIC_0027826,HAM_0005278,bkl,0,7.427618e-06,3.1149524e-05,0.9828128,0.00014056005,0.0061304625,0.010790865,8.6681146e-05
ISIC_0028992,HAM_0003920,bkl,0,0.00067587773,3.4667315e-05,0.9392421,3.8674185e-05,0.054991722,0.0049965377,2.0459629e-05
ISIC_0026351,HAM_0003920,bkl,0,0.0022399074,0.00018694068,0.8235803,0.0016023536,0.15324232,0.018975588,0.00017255452
ISIC_0032835,HAM_0004788,bkl,0,0.0001850319,0.00022714905,0.08491741,0.00164515,0.909389,0.003579329,5.687414e-05
ISIC_0033480,HAM_0004788,bkl,0,0.00017183801,8.244878e-05,0.1245534,0.0061769723,0.86626214,0.002705776,4.7438913e-05
ISIC_0025856,HAM_0003165,bkl,0,0.0012177863,0.0057842587,0.51386297,0.0006330143,0.0035410295,0.47339272,0.0015682563
ISIC_0027613,HAM_0005684,df,0,7.027954e-06,0.32012224,0.00017261566,0.6724249,0.0063381293,2.002078e-05,0.00091510266
ISIC_0032468,HAM_0005684,df,0,0.00039100726,0.011134986,0.0003344462,0.97959846,0.007895886,1.29932405e-05,0.0006321931
ISIC_0030757,HAM_0003290,df,0,0.70942813,0.0019426802,0.047274128,0.21155779,0.019007437,0.01025875,0.0005310992
ISIC_0031358,HAM_0003290,df,0,0.049550086,0.0033719258,0.007003718,0.9376847,0.0018350756,0.0004453343,0.00010913387
ISIC_0031735,HAM_0003290,df,0,0.9212367,0.0001933926,0.014330453,0.032523632,0.021654835,0.009965266,9.573627e-05
ISIC_0026892,HAM_0007560,mel,0,0.00049957546,0.11239495,0.011110961,0.0013820688,0.036847387,0.8370063,0.0007587918
ISIC_0024987,HAM_0007560,mel,0,0.0009232756,0.1619301,0.3768666,0.0004412654,0.27464655,0.18224078,0.0029514069
ISIC_0029242,HAM_0003449,mel,0,5.888428e-05,1.2960448e-05,0.001343476,1.5271142e-05,0.9983462,9.1827336e-05,0.00013127994
ISIC_0027263,HAM_0003449,mel,0,3.3469794e-05,5.648254e-06,0.0016581792,8.895962e-05,0.9978695,0.0002754906,6.880983e-05
ISIC_0027721,HAM_0004364,mel,0,0.00073334266,0.00021404105,0.47323138,0.00023738503,0.5156983,0.009575367,0.00031021374
ISIC_0026697,HAM_0004364,mel,0,0.032015894,0.000354624,0.06972456,2.5890356e-05,0.8971654,0.00056668755,0.00014696563
ISIC_0032921,HAM_0004927,mel,0,0.0002924166,0.008004425,0.0009686791,0.00016243677,0.9877446,0.0027797953,4.7642556e-05
ISIC_0034117,HAM_0004927,mel,0,0.0037562782,0.012951629,0.0013380349,0.00017706137,0.97650075,0.0051737023,0.00010267561
ISIC_0033415,HAM_0004927,mel,0,0.025625255,0.008568728,0.0017782141,0.00045224512,0.9615806,0.0018292938,0.00016572306
ISIC_0033469,HAM_0006437,mel,0,0.0021894716,0.0011079462,0.008397203,0.00089724216,0.9564707,0.030896192,4.1273648e-05
ISIC_0027069,HAM_0005926,mel,0,0.2455345,0.0073031136,0.023695918,0.00081738865,0.70083016,0.021562213,0.00025670085
ISIC_0031565,HAM_0000442,mel,0,0.038448423,0.0005994066,0.045347575,0.00019308443,0.050886165,0.8640428,0.00048257833
ISIC_0027560,HAM_0003885,mel,0,0.00052016746,0.000114377275,0.018881686,0.00027978842,0.9487873,0.03110025,0.0003164232
ISIC_0031005,HAM_0000517,mel,0,0.0005218964,2.5506019e-05,0.012545994,0.0001514362,0.9707162,0.015999628,3.92737e-05
ISIC_0030507,HAM_0000517,mel,0,0.0013637695,0.005502883,0.08090377,0.003405159,0.87747586,0.030842848,0.00050563767
ISIC_0027126,HAM_0004053,mel,0,9.311995e-05,0.0038770556,0.0024760156,0.00029077806,0.96133274,0.031758625,0.00017160864
ISIC_0027067,HAM_0004053,mel,0,0.0013402,0.0006980078,0.018627793,0.00034084692,0.7595017,0.21930756,0.00018387311
ISIC_0025317,HAM_0004428,mel,0,0.00015265406,0.00041739526,0.0101521425,7.468883e-05,0.98812544,0.00051491125,0.0005627649
ISIC_0026420,HAM_0004428,mel,0,0.0020251244,0.00090834894,0.006156125,4.531244e-05,0.9903059,0.0001723486,0.00038687934
ISIC_0029193,HAM_0006834,bcc,0,7.2734457e-07,0.9989477,0.00083672605,4.7614462e-06,3.514825e-05,0.00016709037,7.865645e-06
ISIC_0027526,HAM_0006834,bcc,0,8.261807e-06,0.999258,0.00041917103,3.3385702e-05,3.9184604e-05,0.0001746725,6.737514e-05
ISIC_0025301,HAM_0000987,bcc,0,0.08103077,0.88057154,0.0281543,0.00027319926,0.006100698,0.0021052589,0.0017641704
ISIC_0030594,HAM_0002736,bcc,0,6.83464e-06,0.9990717,0.0006724118,3.909502e-06,2.0206173e-05,0.00021726335,7.594866e-06
ISIC_0026968,HAM_0000612,bcc,0,0.033922143,0.9478024,0.001552837,0.0016465421,0.013305199,0.001542258,0.0002285656
ISIC_0027722,HAM_0000987,bcc,0,1.136546e-06,0.9999832,1.2132814e-05,9.893787e-07,6.191374e-07,7.6602726e-07,1.2954434e-06
ISIC_0026780,HAM_0007320,nv,0,0.0001586293,0.000105979925,0.00014081252,6.882789e-05,0.0032489959,0.99618393,9.279913e-05
ISIC_0024364,HAM_0004535,nv,0,0.00017674603,0.00043659707,0.015420666,0.0013580109,0.005601382,0.9766673,0.00033935867
ISIC_0030035,HAM_0001065,nv,0,0.00069280213,0.04571572,0.0034502884,0.0005822595,0.0037197373,0.8542096,0.09162963
ISIC_0029523,HAM_0005134,nv,0,0.00024265723,0.005373883,0.001732759,0.00047417276,0.0007779707,0.9906365,0.00076217874
ISIC_0029044,HAM_0004929,nv,0,0.001146566,0.00055282115,0.0014564898,0.001857429,0.06389743,0.929841,0.0012482372
ISIC_0030797,HAM_0006691,nv,0,0.00030605524,0.00016885476,0.0007112524,0.0001917116,0.0032173218,0.9951807,0.00022413356
ISIC_0030904,HAM_0000120,nv,0,0.0007313075,0.0011617986,0.0018968672,0.00093353144,0.0074366066,0.98644733,0.0013925291
ISIC_0027290,HAM_0003502,nv,0,0.0019591537,0.00044620375,0.009183178,0.0042334627,0.014297167,0.96744734,0.0024334486
ISIC_0026175,HAM_0006953,nv,0,7.375761e-06,2.640596e-05,1.1029162e-05,4.085843e-05,0.00037298526,0.9990952,0.000446187
ISIC_0030269,HAM_0006817,nv,0,0.000546773,0.0002557673,0.003983331,0.00034822954,0.0039755586,0.99052155,0.00036888281
ISIC_0029883,HAM_0006382,nv,0,0.0013106073,0.0009279994,0.0045344396,0.0007822174,0.003508652,0.98829275,0.0006434344
ISIC_0032071,HAM_0006982,nv,0,5.686939e-05,0.00037447418,0.00062958075,0.052107792,0.0057388553,0.9345201,0.0065724053
ISIC_0025359,HAM_0004517,nv,0,5.3566695e-05,0.00017006844,7.364725e-05,0.0001032525,5.3046126e-05,0.99940145,0.0001450417
ISIC_0031774,HAM_0002275,nv,0,0.0007102134,0.00017370569,0.00032579506,0.0006116446,0.0032552567,0.9942123,0.0007109073
ISIC_0027019,HAM_0004629,nv,0,0.00048707388,0.00061692286,0.0014414095,0.010177826,0.021960696,0.9634343,0.0018817893
ISIC_0027405,HAM_0004628,nv,0,0.00012656004,0.00043234872,0.0009188646,0.00078211824,0.0014916465,0.99591786,0.00033052353
ISIC_0026355,HAM_0005015,nv,0,0.00021031457,0.00026716385,0.00046705914,0.0003891009,0.002627402,0.9940491,0.0019898147
ISIC_0031785,HAM_0001087,nv,0,0.00020088775,0.00033873133,0.0003669719,0.0020580797,0.0014074342,0.9931189,0.0025090226
ISIC_0026691,HAM_0001034,nv,0,0.0003206313,0.0018103294,0.00060312706,0.00030864935,0.00063207163,0.99580574,0.0005194205
ISIC_0028246,HAM_0005538,nv,0,0.00034730998,1.5484913e-05,0.0012114914,0.00032404484,0.052613374,0.9454322,5.6200668e-05
ISIC_0026224,HAM_0005589,nv,0,1.3597698e-06,4.670898e-05,4.458513e-06,2.5009995e-06,8.2084725e-06,0.99961734,0.00031935383
ISIC_0030781,HAM_0000592,nv,0,0.00026935662,0.00624534,0.00010936261,0.0022287483,0.00050717127,0.9905317,0.00010829981
ISIC_0029125,HAM_0001193,nv,0,0.0009316702,0.00086841214,0.0085091125,0.00038086603,0.0020832124,0.9864053,0.00082139357
ISIC_0031296,HAM_0002825,nv,0,0.0005167937,0.005158623,0.00030979942,0.012159267,0.0003678959,0.9811414,0.0003462819
ISIC_0027474,HAM_0000315,nv,0,0.004555419,0.0036001154,0.0016611804,0.027810108,0.13299891,0.8259323,0.00344197
ISIC_0026184,HAM_0002524,nv,0,0.0021702868,0.0028555754,0.002355824,0.0027408218,0.006579707,0.9758001,0.0074977684
ISIC_0031427,HAM_0002279,nv,0,9.507417e-05,0.0008442893,0.0003443872,0.0011751591,5.8573492e-05,0.9969638,0.0005187565
ISIC_0031391,HAM_0002203,nv,0,0.0009736076,0.00018509182,0.0018127318,0.00018080417,0.02405359,0.97214305,0.00065110077
ISIC_0024601,HAM_0001874,nv,0,1.3650344e-05,0.00040303307,2.3356472e-05,7.081705e-06,4.915678e-05,0.99942625,7.756136e-05
ISIC_0026779,HAM_0004728,nv,0,0.001453312,0.0016181233,0.0005889139,0.017498694,0.0020236436,0.97138983,0.005427464
ISIC_0031793,HAM_0003096,nv,0,0.00024883487,0.0002775954,0.00017068785,0.016403764,0.0018332762,0.9807633,0.0003025063
ISIC_0029723,HAM_0002440,nv,0,0.00027615897,0.00074048457,0.00026506127,0.0007219199,0.0010210571,0.91121954,0.085755706
ISIC_0029925,HAM_0004061,nv,0,0.0051755263,0.0020596876,0.0022401407,0.006993397,0.010388697,0.97051585,0.0026266738
ISIC_0031634,HAM_0000341,nv,0,0.00022952158,6.320898e-05,9.809137e-05,0.00028858826,0.0003455636,0.99890506,6.982944e-05
ISIC_0029605,HAM_0005502,nv,0,0.00022302031,0.00035326686,0.00024020232,0.0009291451,0.0004947922,0.99703014,0.0007294723
ISIC_0028036,HAM_0000084,nv,0,0.006062762,0.005115339,0.0375217,0.019117478,0.0011678833,0.9297171,0.0012977885
ISIC_0031810,HAM_0000544,nv,0,6.4510874e-05,0.00016029085,4.6284287e-05,0.000599272,0.0011919402,0.99780995,0.000127795
ISIC_0024536,HAM_0003273,nv,0,0.0007549036,0.0020635957,0.00027421012,0.00042470498,0.004299853,0.99177754,0.00040525632
ISIC_0024645,HAM_0000004,nv,0,4.8876966e-05,2.2553013e-05,0.00012456816,0.00024556555,0.4558555,0.54346055,0.00024246775
ISIC_0025114,HAM_0003249,nv,0,0.0008634508,0.0004228721,0.00058481086,0.00042785675,0.0049037393,0.9923309,0.0004662519
ISIC_0032401,HAM_0001229,nv,0,0.00042349924,0.001762656,0.0024706179,0.0002304775,0.002299498,0.9918635,0.0009497216
ISIC_0027705,HAM_0002618,nv,0,0.00020745548,0.007649064,0.00016219883,0.00015207438,0.0030064061,0.988226,0.0005967853
ISIC_0025077,HAM_0003456,nv,0,0.0005000007,0.00011899278,0.00010257818,0.00037521543,0.0097528305,0.9890037,0.00014664976
ISIC_0030482,HAM_0006951,nv,0,0.0003901789,0.00055024045,0.0006420411,0.00051690306,0.00076804747,0.99680305,0.00032952757
ISIC_0025829,HAM_0000409,nv,0,1.9031617e-05,4.4990582e-05,3.0501666e-05,3.1194515e-05,6.246324e-05,0.9997317,8.004789e-05
ISIC_0024339,HAM_0005781,nv,0,0.0013918589,0.0009986099,0.0015056934,0.0010797548,0.005616225,0.98838264,0.0010252907
ISIC_0024627,HAM_0002992,nv,0,0.00022797866,0.0008528537,0.008135228,0.0003643089,0.006277215,0.9830278,0.0011145056
ISIC_0030381,HAM_0005702,nv,0,0.0006558275,0.002197075,0.0006846218,0.0019498301,0.0005681259,0.99267983,0.0012647582
ISIC_0029275,HAM_0003905,nv,0,0.00012101599,0.00032544078,0.0005991621,0.00016949725,0.00056451204,0.9979923,0.00022808349
ISIC_0027292,HAM_0006460,nv,0,0.050649926,0.003150604,0.085321136,0.0011310881,0.0035147527,0.8558424,0.00039013085
ISIC_0030992,HAM_0005151,nv,0,0.0015267429,0.0031812284,0.0018452039,0.0017098709,0.004248016,0.9852182,0.0022707477
ISIC_0031255,HAM_0005520,nv,0,0.0048599006,0.0002823885,0.0024573968,0.0006807305,0.030069076,0.9613523,0.00029826167
ISIC_0027823,HAM_0005574,nv,0,0.0001963055,0.00015378131,0.00087806355,0.0003530417,0.0007639931,0.99736816,0.0002867407
ISIC_0028138,HAM_0004111,nv,0,0.0005285637,0.00015247478,0.0010983987,0.0011156958,0.0874272,0.90923476,0.00044292724
ISIC_0026732,HAM_0001761,nv,0,0.00060621137,0.00054553116,0.0051657557,0.0003305584,0.0055231377,0.9873072,0.0005215672
ISIC_0031737,HAM_0006007,nv,0,0.0027635682,0.09837516,0.0032882346,0.039902724,0.00056585646,0.8514931,0.0036114191
ISIC_0030097,HAM_0007487,nv,0,0.00010143193,0.00016177149,8.0160935e-05,0.00012010101,7.853376e-05,0.99919015,0.00026789075
ISIC_0030018,HAM_0002573,nv,0,0.00031744418,0.46118382,0.0042806687,0.0049948436,0.03846651,0.4190933,0.0716634
ISIC_0030724,HAM_0000862,nv,0,0.0010021359,0.0055459673,0.0020764282,0.036720302,0.06710343,0.7946604,0.09289134
ISIC_0031860,HAM_0001521,nv,0,0.0008465533,0.00046251586,0.0016338668,0.00018889156,0.00053862773,0.9959831,0.0003464084
ISIC_0032256,HAM_0006424,nv,0,0.00066800724,0.0004176202,0.0012851051,0.0013454641,0.0008128837,0.9915587,0.0039122864
ISIC_0030298,HAM_0003336,nv,0,0.00014299224,0.00021486648,9.6282114e-05,0.00012557553,0.0013841061,0.99786794,0.00016815728
ISIC_0029928,HAM_0001179,nv,0,0.0007611744,0.000405047,0.0015327422,0.0007192593,0.0034355854,0.9922339,0.00091234193
ISIC_0030548,HAM_0005412,nv,0,0.0014864004,0.024823407,0.0015410902,0.0026549755,0.0008395143,0.96482164,0.0038329046
ISIC_0031910,HAM_0002309,nv,0,0.0012845271,0.001408712,0.0012293006,0.0006440113,0.002016902,0.99111265,0.0023039365
ISIC_0026763,HAM_0006718,nv,0,0.000250152,0.00015336351,0.00029793443,0.0002882045,0.0008412067,0.9975768,0.00059222407
ISIC_0026943,HAM_0003440,nv,0,0.0005100745,0.00090753176,0.00036382247,0.0009707912,0.00052678015,0.9962018,0.00051911984
ISIC_0029066,HAM_0004160,nv,0,9.251546e-05,0.00027059356,0.0017499058,0.00035085873,0.00037715235,0.9970259,0.00013304096
ISIC_0026334,HAM_0003550,nv,0,0.00023155374,0.000118728974,0.0013879506,0.0005067486,0.027775828,0.96961635,0.000362865
ISIC_0027674,HAM_0003378,nv,0,0.00036861037,0.00025309468,0.00077276473,0.00023915766,0.015221183,0.9820873,0.0010577925
ISIC_0028633,HAM_0001563,nv,0,0.0021239591,0.07407216,0.10169053,0.0067829676,0.027895832,0.7847705,0.0026640417
ISIC_0030874,HAM_0002489,nv,0,0.0046603642,0.007642483,0.031064516,0.0009221719,0.17267276,0.7814599,0.0015778855
ISIC_0031629,HAM_0002489,nv,0,0.003775829,0.0025300253,0.016602892,0.0009659325,0.7111626,0.26418954,0.00077312265
ISIC_0027427,HAM_0005447,nv,0,9.199161e-05,0.0034036315,0.00469758,0.0002122224,0.0012705252,0.9855885,0.0047355797
ISIC_0026389,HAM_0005447,nv,0,0.0004520718,0.22476833,0.048137166,0.0015748069,0.001877449,0.70737046,0.015819788
ISIC_0025907,HAM_0002658,nv,0,0.00079027086,0.0006000333,0.078053445,0.007690695,0.16251859,0.74854857,0.0017983797
ISIC_0027113,HAM_0002658,nv,0,0.0032040565,0.00284141,0.009711438,0.0044920463,0.063605435,0.9139154,0.0022302484
ISIC_0027250,HAM_0003937,nv,0,0.00057591405,0.0060158316,0.028713943,0.00084452215,0.36197042,0.6002954,0.0015839502
ISIC_0025309,HAM_0003937,nv,0,0.0023766712,0.0050932076,0.0120586855,0.001254866,0.15775028,0.8201201,0.0013462747
ISIC_0034146,HAM_0001046,nv,0,0.0005793331,0.014882947,0.0014394751,0.002624432,0.03871669,0.9407717,0.0009854789
ISIC_0033964,HAM_0001046,nv,0,0.009822275,0.05438446,0.041484777,0.006086889,0.01076661,0.87301904,0.0044359015
ISIC_0032951,HAM_0001046,nv,0,0.0014211813,0.008406071,0.0065554506,0.002624183,0.002913228,0.97339034,0.004689547
ISIC_0032885,HAM_0003713,nv,0,0.00016242656,3.603053e-05,0.00068920484,0.00024526403,0.31445158,0.6841477,0.00026779613
ISIC_0033291,HAM_0003713,nv,0,0.00046376354,3.4190674e-05,0.00018090438,0.0003576694,0.64164895,0.35713142,0.0001830368
ISIC_0034102,HAM_0003713,nv,0,7.930554e-05,6.678196e-05,0.00023105225,0.00024547396,0.27801138,0.72110665,0.00025927217
ISIC_0034084,HAM_0001777,nv,0,0.012017916,0.042524073,0.00879679,0.00449735,0.09596996,0.833112,0.003081938
ISIC_0033273,HAM_0001777,nv,0,0.010520091,0.009265833,0.019755144,0.010664908,0.30120137,0.64139044,0.007202158
ISIC_0034176,HAM_0001777,nv,0,0.031040717,0.05344973,0.44016075,0.0004068999,0.013600265,0.46038446,0.00095722254
ISIC_0032994,HAM_0000772,nv,0,0.00059500843,0.001820269,0.0053379997,0.0001185452,0.38735276,0.6046491,0.0001261907
ISIC_0033604,HAM_0000772,nv,0,0.0034731529,0.0025634447,0.0047310386,0.0027934834,0.18487357,0.7983625,0.0032027448
ISIC_0034247,HAM_0006559,nv,0,0.00022069954,0.00040831405,0.114772655,0.00024862427,0.18885888,0.69487673,0.00061415037
ISIC_0033455,HAM_0006559,nv,0,2.5483756e-05,0.00043440567,0.0013334978,7.490092e-05,0.9736649,0.024327664,0.00013911583
ISIC_0034056,HAM_0006559,nv,0,9.706852e-05,0.00010192582,0.12915604,5.9336802e-05,0.34228054,0.52806765,0.00023744795
ISIC_0034231,HAM_0005312,nv,0,0.00018868069,0.00014694467,0.28337017,0.00078205985,0.19743825,0.5171415,0.00093235384
ISIC_0034033,HAM_0005312,nv,0,0.0004597344,0.0003924644,0.1289742,0.001995046,0.10403929,0.7612814,0.0028577715
ISIC_0030447,HAM_0003523,nv,0,0.0026855841,0.0006562054,0.006630677,0.0012885574,0.51730907,0.47101524,0.00041467272
ISIC_0034217,HAM_0003310,nv,0,0.002855886,0.00051857403,0.0077418108,0.0011986765,0.0702128,0.9158842,0.0015879885
ISIC_0032952,HAM_0003310,nv,0,0.0023462162,0.0011334487,0.012424545,0.010920543,0.15256771,0.8167581,0.0038494146
ISIC_0034164,HAM_0002605,nv,0,7.055387e-05,1.811973e-05,0.005110698,0.0031709813,0.35084337,0.640278,0.0005082563
ISIC_0029730,HAM_0002907,nv,0,0.00020119503,0.00023522082,0.0018259233,0.0008739514,0.0358776,0.96027774,0.0007084389
ISIC_0027623,HAM_0005907,nv,0,0.00020188214,4.0854946e-05,0.0050835153,0.00040741512,0.07636127,0.9176388,0.0002664077
ISIC_0027670,HAM_0003016,nv,0,0.000110027635,0.000110027635,0.0001203706,0.00061729125,0.22586317,0.7730921,8.703902e-05
ISIC_0027097,HAM_0003016,nv,0,0.00015419419,7.14274e-05,5.8639933e-05,0.00019491973,0.08535882,0.914116,4.602701e-05
ISIC_0028894,HAM_0003639,nv,0,0.0006449013,0.00013757584,0.0015883711,0.004240337,0.64771533,0.34534538,0.0003280992
ISIC_0030933,HAM_0007385,nv,0,0.05291442,0.005442627,0.026553504,0.0035346744,0.28801477,0.6229687,0.0005714122
ISIC_0025043,HAM_0007385,nv,0,0.041331712,0.004530973,0.03613828,0.0045487066,0.25152397,0.66009384,0.0018324673
ISIC_0025381,HAM_0002324,nv,0,0.00092610274,0.0028819977,0.018223684,0.00036160607,0.0042117503,0.97193074,0.0014640955
ISIC_0029313,HAM_0006041,nv,0,0.0011978011,0.0051890565,0.0035119483,0.0008746201,0.01588616,0.96289134,0.010448966
ISIC_0030508,HAM_0006041,nv,0,0.0012742553,0.0073534497,0.003415083,0.00078427966,0.018211076,0.9594742,0.009487654
ISIC_0027827,HAM_0006608,nv,0,0.0012665732,0.00094861945,0.007107627,0.009801336,0.04133322,0.93798774,0.0015548718
ISIC_0025491,HAM_0006608,nv,0,0.0018086614,0.001328424,0.0039274003,0.013236041,0.04420669,0.93325716,0.002235581
ISIC_0031631,HAM_0003742,nv,0,0.0004777621,0.00081747666,0.100189246,0.0009764824,0.09448745,0.8020243,0.00102735
ISIC_0027150,HAM_0003742,nv,0,0.0004894722,0.001162772,0.1274944,0.0007052569,0.05696337,0.8121093,0.0010753883
ISIC_0029493,HAM_0005761,nv,0,0.014565206,0.052297883,0.012507041,0.0009653818,0.13671431,0.7790909,0.0038593954
ISIC_0027751,HAM_0000143,nv,0,0.0007381885,0.015233745,0.0024109907,0.012385325,0.04469938,0.9208988,0.0036334912
ISIC_0028030,HAM_0007358,nv,0,0.0001852213,0.00030137875,4.4209257e-05,0.00044421433,0.0001613952,0.99881494,4.8649294e-05
ISIC_0029277,HAM_0007385,nv,0,0.016148657,0.0007986144,0.008841176,0.0037072084,0.18357493,0.7865852,0.00034415128
ISIC_0030819,HAM_0006302,nv,0,0.009456159,0.12701721,0.5522767,0.002435668,0.073225334,0.2349933,0.00059572136
ISIC_0030790,HAM_0001730,nv,0,0.00017029356,0.0026482765,0.13878047,0.00076918857,0.16225083,0.69385874,0.001522263
ISIC_0025396,HAM_0000019,nv,0,0.0020457518,0.00041339337,0.0061749564,0.0003487927,0.10477347,0.88586646,0.00037713483
ISIC_0025579,HAM_0005894,nv,0,0.00044012166,0.0003248424,0.0003099668,0.00060040114,0.043682694,0.95426023,0.00038163818
ISIC_0030598,HAM_0001891,nv,0,0.00088056276,0.011330445,0.4001928,0.0031340846,0.20924567,0.3744807,0.0007357377
ISIC_0025179,HAM_0005762,nv,0,0.0028253146,0.00033187997,0.043087337,0.0017287676,0.91318643,0.037876196,0.0009640852
ISIC_0026216,HAM_0005762,nv,0,0.0005060582,0.00020606961,0.0027910445,0.00066780444,0.8169804,0.17841831,0.00043032566
ISIC_0030920,HAM_0007385,nv,0,0.02771522,0.004950825,0.06123329,0.009258397,0.06976009,0.82531506,0.0017669958
ISIC_0026179,HAM_0003523,nv,0,0.005573797,0.0018945377,0.0038627416,0.0009107863,0.4099061,0.57693225,0.0009197243
ISIC_0024466,HAM_0001891,nv,0,0.010270306,0.0035632143,0.03851448,0.011519058,0.20973785,0.7256511,0.0007439785
ISIC_0027127,HAM_0005230,nv,0,0.015122665,0.01267872,0.090801425,0.0022842959,0.65220225,0.2229868,0.0039238506
ISIC_0028849,HAM_0005230,nv,0,0.0041711247,0.017655669,0.21393791,0.0016065423,0.6622006,0.09401179,0.006416353
ISIC_0026297,HAM_0005762,nv,0,0.0009091459,0.0004986576,0.0076793847,0.0008889533,0.97295344,0.016773317,0.00029718105
ISIC_0030856,HAM_0001730,nv,0,0.0016542214,0.009961629,0.32715687,0.0006229855,0.06911365,0.590095,0.0013957173
ISIC_0030279,HAM_0002936,nv,0,0.0016104379,0.00024793524,0.0014046489,0.0003657096,0.012543976,0.9829602,0.000867071
ISIC_0024380,HAM_0002936,nv,0,0.0008710949,5.711927e-05,0.03740339,7.2488125e-05,0.017360251,0.9441423,9.344089e-05
ISIC_0025681,HAM_0007228,nv,0,0.008150955,0.0005824355,0.23268776,0.0036560278,0.4538044,0.2999464,0.001171965
ISIC_0024519,HAM_0007543,nv,0,0.005510764,0.0012943038,0.008808328,0.001504354,0.704016,0.2767757,0.0020906292
ISIC_0026676,HAM_0007543,nv,0,0.0092294905,0.00073572935,0.014372777,0.0008304403,0.8179317,0.15428632,0.0026134865
ISIC_0027714,HAM_0005720,nv,0,0.0006697173,0.022439418,0.0018948498,0.0024569118,0.051364344,0.9193895,0.0017852691
ISIC_0030585,HAM_0005720,nv,0,5.479295e-05,0.0004655455,0.0010792592,0.00054109807,0.22151573,0.776192,0.00015158394
ISIC_0029140,HAM_0004646,nv,0,0.0022011749,0.0007525778,0.02036058,0.004001413,0.2566672,0.71284544,0.0031715664
ISIC_0030557,HAM_0004646,nv,0,0.0030760746,0.0008778743,0.10738159,0.0014110832,0.24341021,0.6413005,0.0025426953
ISIC_0027140,HAM_0006411,nv,0,4.6784193e-05,7.505353e-05,0.00013405897,6.3572814e-05,0.05397772,0.94563115,7.161658e-05
ISIC_0031322,HAM_0006411,nv,0,0.0004991424,0.0042347307,0.0010712305,0.0007625893,0.7481744,0.24480173,0.0004562531
ISIC_0025670,HAM_0002332,nv,0,7.597413e-05,9.660468e-05,0.00025852755,0.00032142867,0.0077042966,0.9914813,6.188729e-05
ISIC_0025898,HAM_0002332,nv,0,0.00017656472,0.00028187424,0.0004884639,0.0005159207,0.018948285,0.9794841,0.000104815656
ISIC_0033777,HAM_0004854,nv,0,2.149058e-05,4.5053428e-05,0.0018713428,0.00023978051,0.014951046,0.9827238,0.00014743625
ISIC_0033078,HAM_0004854,nv,0,7.682566e-05,6.2580926e-05,0.0004490632,0.00035109956,0.027245192,0.97174734,6.793095e-05
ISIC_0034055,HAM_0004854,nv,0,5.1518386e-05,4.7833204e-05,0.001504853,0.0002760687,0.023505403,0.9744173,0.00019691241
ISIC_0030297,HAM_0001621,akiec,0,0.9951315,3.4102824e-05,0.0013714092,0.000108167085,0.0027937551,0.0005555216,5.6107965e-06
ISIC_0025411,HAM_0002158,akiec,0,0.024283327,5.0145463e-05,0.0028109993,0.0042177495,0.9050173,0.06354218,7.827596e-05
ISIC_0031044,HAM_0006135,akiec,0,0.9999527,2.851188e-07,2.190475e-05,1.1431899e-06,2.0708641e-05,3.2376192e-06,5.929906e-08
ISIC_0025957,HAM_0007047,akiec,0,0.24085447,0.20361361,0.07899027,0.008066409,0.43485522,0.03147006,0.0021499463
ISIC_0025605,HAM_0007047,akiec,0,0.050282717,0.004949577,0.14033447,0.0006850681,0.70575136,0.097111955,0.00088481413
ISIC_0030877,HAM_0000193,akiec,0,0.28935298,0.0007186365,0.07366172,0.0006870684,0.61495775,0.019279247,0.0013425897
ISIC_0027950,HAM_0000193,akiec,0,0.66789377,0.00023850359,0.0017477485,1.9654193e-05,0.3280584,0.0018897665,0.00015219545
