image_id,lesion_id,diagnosis,fold,p_akiec,p_bcc,p_bkl,p_df,p_mel,p_nv,p_vasc
ISIC_0031326,HAM_0007207,bkl,4,4.5885704e-06,4.065248e-06,0.999074,2.3299203e-06,0.00066848495,0.00024544203,1.0258502e-06
ISIC_0031159,HAM_0005772,bkl,4,6.3756626e-05,8.0281716e-05,0.9784696,7.8268975e-05,0.017471991,0.003808219,2.7907663e-05
ISIC_0031017,HAM_0005772,bkl,4,0.0017687922,0.0024366141,0.95742005,0.0006142703,0.027803995,0.009741075,0.0002152084
ISIC_0030105,HAM_0003670,bkl,4,0.0032016144,0.0011766584,0.933051,0.00016333847,0.025231883,0.036676332,0.0004992026
ISIC_0033539,HAM_0001728,bkl,4,8.021897e-06,7.990622e-06,0.9971372,0.0005327092,0.0019495209,0.00036247878,2.1173041e-06
ISIC_0027023,HAM_0000746,bkl,4,0.0004770218,0.0010419113,0.581305,0.00037295895,0.37167135,0.045000874,0.0001309209
ISIC_0027957,HAM_0001665,bkl,4,0.00011165974,0.00068266416,0.49288657,0.000586199,0.36343178,0.14149046,0.0008106838
ISIC_0031212,HAM_0001665,bkl,4,4.3375378e-05,0.0015899445,0.04610339,0.0002784579,0.8365816,0.115001954,0.00040121653
ISIC_0032382,HAM_0001417,bkl,4,0.00018531682,0.00061961485,0.9973801,1.3023995e-05,0.0011191053,0.00066507445,1.773229e-05
ISIC_0027533,HAM_0001417,bkl,4,1.1389638e-05,0.00267757,0.9961073,4.879524e-06,0.00057259836,0.0006167126,9.442341e-06
ISIC_0025906,HAM_0007179,bkl,4,7.907536e-06,6.764684e-05,0.99840075,2.0350975e-05,0.00035985003,0.0010208715,0.00012261228
ISIC_0027151,HAM_0007179,bkl,4,0.00034526744,0.002745069,0.8499332,0.0006131061,0.043024056,0.10032742,0.0030119258
ISIC_0026794,HAM_0000566,bkl,4,0.04543164,0.77236766,0.15814672,0.0022558416,0.008835322,0.012711754,0.0002511288
ISIC_0032949,HAM_0006085,bkl,4,0.0002400163,7.094868e-05,0.50933594,9.199391e-05,0.4013471,0.08885572,5.8360794e-05
ISIC_0033322,HAM_0006085,bkl,4,6.571553e-05,1.7042767e-05,0.8831008,1.2371722e-05,0.09716476,0.019624893,1.44076175e-05
ISIC_0033127,HAM_0006085,bkl,4,1.9673254e-05,8.362783e-06,0.89962095,5.6364815e-06,0.094819345,0.0055191475,6.9329903e-06
ISIC_0033646,HAM_0003743,bkl,4,0.00024253166,0.000279698,0.9247013,0.00021613386,0.07158439,0.0028310632,0.00014482226
ISIC_0033592,HAM_0003743,bkl,4,0.00013829317,0.0001763622,0.9986318,1.3142618e-05,0.00038994156,0.0006424343,8.065364e-06
ISIC_0033899,HAM_0003743,bkl,4,4.3903547e-05,0.00010108679,0.9957903,9.329365e-06,0.0029513056,0.0010971826,6.9329953e-06
ISIC_0033280,HAM_0001385,bkl,4,0.0001502236,0.0014343578,0.99545276,9.530161e-05,0.00086616725,0.0016535576,0.000347579
ISIC_0033212,HAM_0001385,bkl,4,3.3473712e-05,0.0006930027,0.9979863,2.954045e-05,0.00037862328,0.00036128488,0.0005177694
ISIC_0033770,HAM_0001385,bkl,4,9.643106e-07,8.201223e-06,0.99971014,1.9941556e-06,0.00016707508,0.000107438114,4.115787e-06
ISIC_0033284,HAM_0003978,bkl,4,5.721058e-06,0.000108053915,0.9989562,5.6323615e-06,0.00028890264,0.0006260725,9.4324305e-06
ISIC_0033908,HAM_0003978,bkl,4,3.9429943e-07,5.5613436e-06,0.9999385,4.0840806e-07,3.138432e-05,2.3437007e-05,2.6266005e-07
ISIC_0033437,HAM_0000802,bkl,4,6.721561e-05,6.450486e-06,0.045500733,2.774734e-05,0.9374084,0.016969206,2.0340076e-05
ISIC_0033195,HAM_0000802,bkl,4,0.0003171616,1.1485117e-05,0.013381105,6.2452826e-05,0.8761035,0.110086404,3.780564e-05
ISIC_0032553,HAM_0000802,bkl,4,9.480886e-05,3.6618062e-06,0.0029754539,2.018597e-05,0.98259914,0.0142924655,1.4286066e-05
ISIC_0033264,HAM_0004255,bkl,4,0.00023173974,2.6153273e-05,0.99729556,4.1299745e-06,0.0018299085,0.00060869247,3.7603845e-06
ISIC_0033635,HAM_0001837,bkl,4,0.00023475508,0.00036788176,0.5711561,0.0008486943,0.14725912,0.27890342,0.0012300287
ISIC_0033868,HAM_0001837,bkl,4,0.00023330221,0.0012236106,0.9213403,0.00022789778,0.0018261255,0.07373214,0.0014166435
ISIC_0029014,HAM_0004373,bkl,4,0.0012818743,0.00050691544,0.70409757,5.8336896e-05,0.23128153,0.0627368,3.693662e-05
ISIC_0029548,HAM_0000113,bkl,4,0.00058765773,0.00045499453,0.0885896,0.0008048032,0.8146548,0.09393548,0.00097267603
ISIC_0027989,HAM_0000113,bkl,4,0.00034007,0.00016834684,0.051416073,0.0004007004,0.82094705,0.12614244,0.0005852974
ISIC_0028020,HAM_0003090,bkl,4,0.00011056244,0.00012825467,0.9858737,0.00039121305,0.001865462,0.0110164285,0.0006142636
ISIC_0027139,HAM_0005440,bkl,4,0.06750434,0.0017936673,0.84764796,0.0016524037,0.027508274,0.05306244,0.00083088083
ISIC_0031989,HAM_0007100,bkl,4,0.9747662,0.0014827766,0.020954512,0.0012707657,0.00074268016,0.0006579782,0.00012508774
ISIC_0029394,HAM_0004566,bkl,4,0.00039635247,0.00023852912,0.23817031,0.001958551,0.041146003,0.7152238,0.002866421
ISIC_0025885,HAM_0000582,bkl,4,0.253242,0.0007182849,0.0765586,0.002378278,0.6581439,0.008754776,0.0002041906
ISIC_0028120,HAM_0001055,bkl,4,0.0012993552,0.0047528436,0.7320527,0.003830222,0.039872877,0.21724132,0.00095062854
ISIC_0025326,HAM_0003000,bkl,4,0.43067634,0.034230955,0.532854,0.0013259826,0.00022508352,0.0006239079,6.37362e-05
ISIC_0025743,HAM_0004382,bkl,4,4.1647365e-07,1.0209174e-05,0.99996364,7.084456e-07,9.656417e-06,1.5355748e-05,4.0124192e-08
ISIC_0031424,HAM_0004928,bkl,4,0.00031747736,4.4677454e-05,0.08717221,1.39762515e-05,0.9012864,0.011147832,1.7393728e-05
ISIC_0029770,HAM_0004928,bkl,4,6.181441e-05,8.316796e-06,0.013479187,4.985623e-06,0.9787763,0.0076652244,4.1010617e-06
ISIC_0031060,HAM_0005674,bkl,4,0.00010893244,1.1171704e-05,0.99631786,0.00052504387,0.0010014948,0.002018604,1.6836353e-05
ISIC_0024773,HAM_0000844,bkl,4,0.0013625177,4.65716e-05,0.99619067,9.763395e-05,0.00090730016,0.0013926172,2.7267222e-06
ISIC_0025583,HAM_0004131,bkl,4,0.0016492134,3.4932311e-06,0.9939288,6.1308115e-06,0.0032511516,0.0011603666,8.4278116e-07
ISIC_0030744,HAM_0000847,bkl,4,0.0017658961,0.00096103916,0.98139083,0.0003222223,0.010628937,0.0048290016,0.00010198758
ISIC_0027344,HAM_0003069,bkl,4,1.3661737e-05,5.175293e-06,0.9924763,0.0006606543,0.0063437414,0.00049894676,1.506096e-06
ISIC_0024748,HAM_0003420,bkl,4,0.0008108051,0.0020826308,0.17338365,0.00049370294,0.5607835,0.26180926,0.0006364082
ISIC_0030203,HAM_0001896,bkl,4,2.7311911e-05,0.0010677817,0.809521,0.0023597416,0.17852418,0.008433685,6.629018e-05
ISIC_0025297,HAM_0007513,bkl,4,0.00021610563,0.0014655003,0.96517456,4.4857996e-05,0.032577995,0.00051739893,3.527301e-06
ISIC_0024676,HAM_0007513,bkl,4,0.0007695287,0.00052940554,0.89568895,0.00029639015,0.0983575,0.004313621,4.4660905e-05
ISIC_0027606,HAM_0002306,bkl,4,0.00020857967,0.0004618513,0.70593196,0.00036464154,0.28025243,0.012654775,0.00012577085
ISIC_0025703,HAM_0000110,bkl,4,0.00027925902,0.000110217115,0.5353808,0.0013296708,0.44907817,0.013694067,0.0001278541
ISIC_0026443,HAM_0002902,bkl,4,0.00073990616,0.017713113,0.91764903,0.00026433743,0.008060308,0.055432964,0.00014038857
ISIC_0032006,HAM_0003452,bkl,4,1.5899217e-06,2.237774e-06,0.9997367,2.2465324e-06,4.7892463e-05,0.00020823865,1.1099443e-06
ISIC_0028920,HAM_0003452,bkl,4,7.3909695e-07,2.223842e-06,0.99935097,1.8910399e-06,0.00038286168,0.00026007113,1.1764689e-06
ISIC_0032045,HAM_0001057,bkl,4,0.5446167,0.0046524173,0.4308273,0.00019109285,0.014496722,0.0051146727,0.00010109297
ISIC_0024381,HAM_0001057,bkl,4,1.1634229e-05,2.7046353e-06,0.99976915,7.083078e-07,0.00019890329,1.6665264e-05,2.505895e-07
ISIC_0027706,HAM_0005596,bkl,4,0.000976607,0.0033264807,0.8639244,0.0012442296,0.06264362,0.06753575,0.0003489007
ISIC_0029249,HAM_0005869,bkl,4,0.99289,3.3043616e-05,0.006782134,3.9393843e-05,7.803858e-05,0.00017449408,2.9156533e-06
ISIC_0030822,HAM_0005869,bkl,4,0.99786276,1.650158e-06,0.0020585915,8.462433e-06,1.4794128e-05,5.3484222e-05,2.1476917e-07
ISIC_0030636,HAM_0001226,bkl,4,6.401231e-05,0.0007798296,0.9988391,2.3206378e-05,1.43529915e-05,0.00026963354,9.826199e-06
ISIC_0027760,HAM_0003766,bkl,4,0.012607378,0.0010892515,0.3323517,5.6611647e-05,0.61849403,0.035304353,9.667656e-05
ISIC_0026538,HAM_0003766,bkl,4,0.0025590004,2.1301932e-05,0.9855797,2.8720926e-05,0.01112122,0.00068338576,6.702951e-06
ISIC_0029580,HAM_0001958,bkl,4,0.015662067,0.39169362,0.30564767,0.00028588198,0.2604151,0.026031267,0.00026439762
ISIC_0027527,HAM_0001979,bkl,4,0.00016029755,4.911995e-06,0.99882656,3.8254657e-06,0.00083989906,0.0001627821,1.619804e-06
ISIC_0024893,HAM_0002058,bkl,4,0.0040826444,0.00057678466,0.8330589,0.00089683797,0.15379973,0.0072249896,0.00036023834
ISIC_0024471,HAM_0000299,bkl,4,1.8200561e-06,3.7933223e-06,0.9982021,8.1025646e-05,0.00010434423,0.0016037779,3.2572996e-06
ISIC_0029878,HAM_0000299,bkl,4,2.4590663e-05,1.4597969e-05,0.99623835,0.00017236812,0.0009611575,0.002572819,1.619007e-05
ISIC_0026787,HAM_0000386,bkl,4,0.5738881,0.0009738756,0.03583758,0.011145416,0.26223248,0.11444906,0.0014734267
ISIC_0026245,HAM_0001938,bkl,4,0.0011064463,0.001363613,0.06899029,0.0050172,0.65712357,0.26602098,0.00037792276
ISIC_0031050,HAM_0006868,bkl,4,1.6537793e-06,2.4588577e-05,0.9212916,6.193652e-05,0.07187981,0.006725153,1.5267393e-05
ISIC_0024761,HAM_0005053,bkl,4,0.00046163044,7.0801965e-05,0.99906415,1.7658458e-05,0.00013903024,0.0002419886,4.818134e-06
ISIC_0026843,HAM_0005082,bkl,4,0.00027059158,0.0016543402,0.04745812,0.0012536489,0.8469854,0.10195137,0.00042653258
ISIC_0025699,HAM_0005082,bkl,4,0.00049172336,0.0010803342,0.68969864,0.0035388216,0.08407948,0.2195815,0.0015294782
ISIC_0029617,HAM_0005082,bkl,4,0.0016387245,0.0014126687,0.014258309,0.006058943,0.23116618,0.74475753,0.00070756505
ISIC_0024696,HAM_0001082,bkl,4,0.00020439998,0.00088010373,0.21598613,7.446381e-05,0.75977826,0.023033114,4.3434356e-05
ISIC_0027470,HAM_0002548,bkl,4,0.0002116641,0.00062822044,0.20285262,0.000513741,0.0020598555,0.7929506,0.00078336144
ISIC_0031150,HAM_0001094,bkl,4,0.00039615194,7.088755e-05,0.9944279,5.8083177e-05,0.004020577,0.0010025125,2.3790775e-05
ISIC_0031961,HAM_0006173,bkl,4,2.458912e-05,0.001147758,0.9884235,7.5887896e-05,0.009138694,0.0011801512,9.406176e-06
ISIC_0028656,HAM_0002548,bkl,4,0.0010548525,0.00045903432,0.7338633,0.0029555191,0.0327195,0.22778471,0.0011630631
ISIC_0032445,HAM_0006173,bkl,4,0.00022870253,0.010976544,0.96896577,0.0013996052,0.016048947,0.0023143294,6.603828e-05
ISIC_0026704,HAM_0004338,bkl,4,0.0033586556,3.3088272e-05,0.94870275,2.1657479e-05,0.04677411,0.0010978752,1.1821052e-05
ISIC_0026523,HAM_0004338,bkl,4,1.1035056e-07,3.1369925e-08,0.99992764,3.8136132e-08,5.817671e-05,1.3994724e-05,9.604733e-09
ISIC_0026553,HAM_0007024,bkl,4,0.003988165,0.0073496983,0.8688063,0.0007355781,0.0037028855,0.115305945,0.00011149034
ISIC_0032365,HAM_0003206,bkl,4,0.00024015439,0.0002596688,0.0763437,0.00058976223,0.025898648,0.8961753,0.00049276475
ISIC_0028229,HAM_0004158,bkl,4,0.0036425428,0.0001759007,0.48494694,4.5175042e-05,0.50822,0.0029505414,1.8979455e-05
ISIC_0025199,HAM_0003206,bkl,4,0.00027376463,0.00089588825,0.5258733,0.0017100878,0.05353804,0.41115347,0.006555437
ISIC_0024871,HAM_0001312,bkl,4,3.0680923e-05,1.9388044e-05,0.99680746,5.844131e-06,0.0010699839,0.0020604348,6.196791e-06
ISIC_0028830,HAM_0001312,bkl,4,3.2677588e-05,3.1983018e-05,0.9857347,2.6670668e-05,0.009815985,0.0043473183,1.0671202e-05
ISIC_0028451,HAM_0004338,bkl,4,0.00042001522,2.8111797e-05,0.85967904,4.4312532e-05,0.138163,0.0016477116,1.772989e-05
ISIC_0025434,HAM_0001878,bkl,4,3.1728578e-06,6.2608765e-06,0.9992786,1.4815119e-05,0.00025446268,0.00043742367,5.251632e-06
ISIC_0028165,HAM_0001878,bkl,4,0.00030394134,0.000105450425,0.9970317,6.4083964e-05,0.0015469369,0.0009198923,2.7941584e-05
ISIC_0027770,HAM_0004463,bkl,4,0.00023498591,0.00051602063,0.9955872,2.8010301e-05,0.003221781,0.00040920367,2.757193e-06
ISIC_0031825,HAM_0004453,bkl,4,0.02479244,0.0020529276,0.16695169,0.0008760819,0.7704704,0.03253936,0.0023172023
ISIC_0030677,HAM_0004453,bkl,4,0.08252494,0.00086628617,0.18380618,0.00076898746,0.71012735,0.021517409,0.00038894344
ISIC_0024705,HAM_0007355,bkl,4,1.7710083e-06,7.844638e-06,0.99433583,2.346555e-05,0.0039540143,0.0016677077,9.207208e-06
ISIC_0026803,HAM_0007355,bkl,4,5.205404e-05,3.3412267e-05,0.9981019,5.7281955e-05,0.0006786826,0.001065114,1.1501954e-05
ISIC_0024782,HAM_0004004,bkl,4,0.0004968755,0.00025954377,0.9479437,6.310897e-05,0.035141166,0.016026072,6.944715e-05
ISIC_0029872,HAM_0004004,bkl,4,1.0339214e-05,6.617084e-06,0.9999255,1.9790632e-06,1.9353958e-05,3.6175614e-05,4.690815e-08
ISIC_0026311,HAM_0006099,bkl,4,0.000119638215,4.0864164e-05,0.99436826,4.5232508e-05,0.002325656,0.003019927,8.03213e-05
ISIC_0029270,HAM_0006099,bkl,4,0.00078507967,0.00024013827,0.99287826,6.3817e-05,0.0047531673,0.0012195228,6.0067723e-05
ISIC_0024909,HAM_0002757,bkl,4,1.4040266e-06,1.6481441e-05,0.99649614,2.8696443e-06,0.0020199514,0.0014577608,5.4776297e-06
ISIC_0028258,HAM_0002757,bkl,4,6.9797397e-06,8.840468e-06,0.99470264,7.0344827e-06,0.0024801109,0.0027830228,1.1329236e-05
ISIC_0024770,HAM_0000106,bkl,4,8.9047295e-05,4.619713e-05,0.9939877,6.3267435e-05,0.0037131517,0.0020778105,2.2869237e-05
ISIC_0032170,HAM_0004543,bkl,4,7.334048e-05,0.0018877854,0.33795217,0.012321933,0.0028813411,0.6338489,0.01103453
ISIC_0034142,HAM_0000309,bkl,4,0.5210309,4.200478e-05,0.47812483,1.347808e-05,0.00067593955,0.00010747266,5.2780915e-06
ISIC_0033660,HAM_0007427,bkl,4,1.8245715e-05,5.4365355e-05,0.9908059,0.00046964502,0.0023967284,0.0061742887,8.081896e-05
ISIC_0034221,HAM_0007427,bkl,4,3.8886777e-05,7.293441e-05,0.99360174,0.00017342955,0.0023306815,0.0037335223,4.8774946e-05
ISIC_0033945,HAM_0007427,bkl,4,2.5476e-05,9.804171e-05,0.99062973,0.00019882484,0.0036148834,0.0053843525,4.881938e-05
ISIC_0033491,HAM_0007427,bkl,4,2.5776862e-06,9.502735e-06,0.99467707,2.909948e-05,0.0016797234,0.0035873656,1.4603586e-05
ISIC_0034280,HAM_0007427,bkl,4,3.5001372e-07,1.0781181e-06,0.9979898,0.00013116901,0.00037899453,0.0014945674,4.037112e-06
ISIC_0031601,HAM_0001487,bkl,4,2.7164206e-05,3.2958837e-05,0.99811006,6.630922e-06,0.00013930498,0.0016610102,2.2829921e-05
ISIC_0032271,HAM_0002371,bkl,4,3.7248075e-05,3.6527632e-05,0.9629498,8.088197e-05,0.010388552,0.026476333,3.0699335e-05
ISIC_0026046,HAM_0002190,bkl,4,2.9073013e-07,1.3924245e-06,0.99991083,7.0564636e-07,1.5280144e-05,7.1382885e-05,9.73824e-08
ISIC_0028587,HAM_0001735,bkl,4,8.216408e-06,1.899211e-05,0.999607,4.8301767e-06,2.2487713e-05,0.00033582238,2.5955264e-06
ISIC_0026422,HAM_0003926,bkl,4,0.0028466473,0.00034626614,0.9916928,3.118637e-05,0.00021774844,0.0048199,4.5553497e-05
ISIC_0028448,HAM_0001167,bkl,4,0.00025607235,0.00045918097,0.944443,0.0002045578,0.0022425791,0.05225126,0.00014336329
ISIC_0028503,HAM_0003726,bkl,4,1.1678337e-06,4.756192e-06,0.9997962,1.9405334e-06,1.1945393e-05,0.0001837809,2.575431e-07
ISIC_0027025,HAM_0000121,bkl,4,1.9256781e-06,1.5233367e-06,0.9999238,3.3078345e-06,3.76304e-05,3.1545173e-05,2.2291341e-07
ISIC_0028525,HAM_0005722,bkl,4,0.01738557,0.00069212256,0.029544985,0.000981785,0.86343104,0.08751862,0.00044599597
ISIC_0024850,HAM_0007393,bkl,4,0.0009406289,0.00044912033,0.017696444,0.000759516,0.017311847,0.96242625,0.00041618044
ISIC_0025758,HAM_0005443,bkl,4,2.787148e-05,0.0002469645,0.9925897,7.560342e-06,0.00014377203,0.0069680335,1.5974016e-05
ISIC_0029731,HAM_0000643,bkl,4,0.0003449775,0.15632463,0.66916883,0.0021381536,0.0121312225,0.15894154,0.00095065485
ISIC_0028386,HAM_0005751,bkl,4,0.0011342282,0.00066938804,0.12657008,0.0028072414,0.052198503,0.815725,0.0008954975
ISIC_0029195,HAM_0003129,bkl,4,2.4892208e-05,0.00022392969,0.9986545,2.32929e-05,5.855834e-05,0.0010035832,1.1176055e-05
ISIC_0031125,HAM_0004713,bkl,4,0.00018938554,7.188264e-05,0.9831061,0.00014577525,0.01238757,0.0037733864,0.00032595312
ISIC_0025454,HAM_0001423,bkl,4,1.7147107e-05,0.000250014,0.99897575,2.2805136e-05,0.00028678248,0.00043667766,1.0814545e-05
ISIC_0025431,HAM_0000607,bkl,4,3.2000637e-05,0.0001892558,0.9979037,2.4776522e-05,0.00011006899,0.0016349206,0.0001052339
ISIC_0029036,HAM_0000955,bkl,4,0.013474161,1.7327226e-05,0.98608494,1.6992088e-05,9.951674e-05,0.00029782834,9.166543e-06
ISIC_0030583,HAM_0000465,bkl,4,3.3106342e-05,5.6646728e-05,0.9889631,7.578117e-05,0.0014015449,0.00937882,9.08755e-05
ISIC_0027326,HAM_0005874,bkl,4,4.2522563e-05,1.1179673e-05,0.9777443,3.0508443e-05,0.019401032,0.0027624213,8.021024e-06
ISIC_0030244,HAM_0007526,df,4,0.0011251611,0.54115593,0.0063310447,0.4005851,0.045853235,0.0009291547,0.004020329
ISIC_0031827,HAM_0007526,df,4,0.00042982365,0.0015343099,0.001313647,0.9728492,0.021651035,0.00083174946,0.0013902002
ISIC_0032410,HAM_0005518,df,4,0.0008781879,0.0008011624,0.24636741,0.69909924,0.046676915,0.005539488,0.000637496
ISIC_0031344,HAM_0005861,df,4,0.8908829,0.0019717703,0.10434282,0.0013070843,0.0011322924,0.00030238074,6.071667e-05
ISIC_0028346,HAM_0005861,df,4,0.47442627,0.2719085,0.20726149,0.032554217,0.0045256554,0.007927274,0.0013965169
ISIC_0025154,HAM_0001177,df,4,0.4322444,0.4610213,0.033120204,0.057426017,0.0035268227,0.011208219,0.0014530701
ISIC_0025911,HAM_0004648,df,4,1.3810791e-06,2.4716755e-06,1.887993e-05,0.9995421,0.00019973393,9.365913e-05,0.00014177096
ISIC_0026471,HAM_0006787,df,4,4.2032843e-06,3.8122134e-06,0.00052633835,0.99926215,0.00015332285,4.680652e-05,3.3380857e-06
ISIC_0028651,HAM_0004496,df,4,7.106554e-07,1.1267865e-06,2.7779513e-06,0.9991722,2.6819855e-06,0.0007732636,4.7261598e-05
ISIC_0029973,HAM_0002045,df,4,3.7709874e-06,6.453325e-05,4.1100026e-05,0.98460233,0.0009684306,0.013323154,0.0009967353
ISIC_0029130,HAM_0000049,df,4,3.3393214e-08,2.746851e-08,2.7909405e-06,0.9999306,5.553988e-05,1.026883e-05,7.9805767e-07
ISIC_0025314,HAM_0000757,df,4,1.6317315e-05,0.00022176137,0.00092277286,0.98850167,0.00064672064,0.0008239434,0.008866882
ISIC_0029297,HAM_0002153,df,4,3.5618297e-07,9.569259e-07,6.0243788e-06,0.999835,1.3629283e-05,0.00013051627,1.3444212e-05
ISIC_0026993,HAM_0005186,mel,4,1.6462171e-06,7.56643e-07,3.0880365e-05,8.055625e-06,0.9993759,0.0005792657,3.539923e-06
ISIC_0025451,HAM_0002143,mel,4,0.0002267774,7.4929456e-05,0.0015512565,0.0005569115,0.16893177,0.82826954,0.00038878695
ISIC_0029575,HAM_0001747,mel,4,2.1834481e-05,1.1964308e-05,0.0014720747,5.6736585e-06,0.9984498,3.8320708e-05,3.4880986e-07
ISIC_0028361,HAM_0001747,mel,4,1.0204858e-06,2.75197e-07,0.00029479922,3.835686e-07,0.9996902,1.326621e-05,5.3349375e-08
ISIC_0027277,HAM_0004720,mel,4,1.6302617e-07,5.55919e-06,2.3336594e-05,1.4251448e-05,0.99955124,0.00038200465,2.345082e-05
ISIC_0028642,HAM_0004720,mel,4,2.957085e-06,4.78111e-06,0.00021122875,2.5194677e-06,0.99916244,0.00059869414,1.7386397e-05
ISIC_0029913,HAM_0007171,mel,4,7.2667506e-05,0.00014881311,0.0034365302,0.0020613351,0.16673744,0.8271473,0.0003959179
ISIC_0026909,HAM_0007171,mel,4,1.1834422e-06,1.3410157e-06,8.376737e-06,0.0019368496,0.9935626,0.00444216,4.755023e-05
ISIC_0026113,HAM_0002714,mel,4,2.7511538e-05,3.637575e-05,0.00034851037,6.40913e-05,0.9702496,0.029184775,8.915592e-05
ISIC_0032265,HAM_0002714,mel,4,7.304295e-05,0.00023440803,0.001542026,0.00024758422,0.38363773,0.6130513,0.0012139011
ISIC_0028901,HAM_0006739,mel,4,0.00030627978,0.010423756,0.0024806997,0.22308747,0.053169344,0.70002687,0.0105055105
ISIC_0032098,HAM_0006739,mel,4,0.000119085475,0.023672702,0.0099723935,0.0030001092,0.029706722,0.42403695,0.5094921
ISIC_0029651,HAM_0004643,mel,4,0.00045450925,3.676587e-05,0.100768946,0.00013501031,0.88594806,0.012612712,4.400298e-05
ISIC_0032044,HAM_0004643,mel,4,5.6057066e-05,5.6820254e-06,0.021791186,0.0002097059,0.97675896,0.0011717894,6.66896e-06
ISIC_0027253,HAM_0005697,mel,4,0.00036554658,9.573175e-05,0.0984296,5.518928e-05,0.8963455,0.0047035897,4.860208e-06
ISIC_0032046,HAM_0005697,mel,4,0.00039236518,0.00022312674,0.06358187,0.0005321261,0.9234435,0.011784458,4.258448e-05
ISIC_0025674,HAM_0000531,mel,4,0.23178376,0.64625585,0.05702337,0.00041463072,0.06370741,0.0007025609,0.00011247161
ISIC_0031369,HAM_0000531,mel,4,0.46411604,0.36642963,0.07437204,0.0016382855,0.09188205,0.001078619,0.00048333133
ISIC_0025219,HAM_0005588,mel,4,1.0888917e-06,4.0854266e-06,8.69991e-05,2.3232637e-06,0.9962196,0.0036853233,6.084316e-07
ISIC_0026458,HAM_0005588,mel,4,8.975983e-07,1.14821705e-05,0.00013350842,1.02524245e-05,0.99833316,0.0015097536,8.140862e-07
ISIC_0031972,HAM_0002182,mel,4,0.023622427,0.004860503,0.022584748,0.00028934164,0.94728774,0.0013352917,2.0000018e-05
ISIC_0030539,HAM_0002182,mel,4,0.0011463944,0.0009283785,0.949892,0.0011932263,0.044081304,0.0026955497,6.323867e-05
ISIC_0024967,HAM_0006975,mel,4,7.762214e-05,1.3436119e-05,0.04246945,2.8388762e-05,0.95533895,0.0020664576,5.622929e-06
ISIC_0027693,HAM_0004980,mel,4,9.96482e-06,9.074425e-05,0.00017801597,0.00035264684,0.9313341,0.06799476,3.979839e-05
ISIC_0029017,HAM_0004980,mel,4,0.00014187356,0.0002594209,0.00023528456,0.0005811986,0.25352496,0.7451512,0.000106051055
ISIC_0028127,HAM_0005911,mel,4,5.9973618e-06,6.2851814e-06,3.9588027e-05,3.7898835e-06,0.99924695,0.00069727446,2.1506709e-07
ISIC_0030165,HAM_0005911,mel,4,5.5323904e-05,0.00012418829,0.003280413,4.9688984e-05,0.9753473,0.021131447,1.16874735e-05
ISIC_0029241,HAM_0006092,mel,4,0.39842418,0.0042151664,0.15633018,0.00089047663,0.43672952,0.0033214712,8.903437e-05
ISIC_0031890,HAM_0007420,mel,4,3.860805e-05,7.383983e-05,0.774297,5.476603e-05,0.21925528,0.0062563443,2.4160301e-05
ISIC_0024875,HAM_0007617,mel,4,0.00034398877,0.19917461,0.002164543,0.00010635482,0.7939292,0.0042504035,3.0830353e-05
ISIC_0026950,HAM_0007617,mel,4,8.329975e-05,0.0053850985,0.0010539363,2.045339e-05,0.991735,0.0017190811,3.1366292e-06
ISIC_0029216,HAM_0004153,mel,4,2.6432685e-06,0.003017112,1.2056385e-05,3.1888667e-05,0.9963561,0.0005671061,1.316399e-05
ISIC_0026489,HAM_0004153,mel,4,1.3693265e-06,4.2432417e-05,0.00017777698,5.9597114e-06,0.9988091,0.0009601152,3.1837792e-06
ISIC_0028878,HAM_0000062,mel,4,0.00061720854,3.692175e-05,0.80692685,5.4994776e-05,0.17113483,0.021211876,1.7304876e-05
ISIC_0028087,HAM_0002981,mel,4,3.368619e-05,0.00022181719,0.004320351,0.00010076499,0.8309868,0.16427143,6.518596e-05
ISIC_0026664,HAM_0002981,mel,4,1.236824e-06,3.6210554e-06,0.0009646125,3.2206335e-06,0.9947066,0.0043188734,1.8933129e-06
ISIC_0029726,HAM_0004102,mel,4,0.0011465079,3.060193e-05,0.0020834198,1.6220845e-05,0.9942409,0.0024765397,5.8518976e-06
ISIC_0030824,HAM_0000330,mel,4,0.00048179118,0.0030272242,0.12403165,0.0006019455,0.84265053,0.028623503,0.00058342563
ISIC_0025394,HAM_0003376,mel,4,3.888924e-05,0.00020217933,0.1152499,4.8398437e-05,0.27701068,0.607415,3.4996527e-05
ISIC_0030575,HAM_0002032,mel,4,5.3058637e-05,5.2134114e-05,0.007639781,8.169871e-05,0.5115629,0.48056886,4.1564937e-05
ISIC_0034046,HAM_0000179,mel,4,7.741793e-06,9.997584e-07,0.0002509237,0.0006989813,0.98514044,0.01388856,1.2347211e-05
ISIC_0032550,HAM_0000179,mel,4,1.6198468e-05,2.6546766e-06,0.00032235045,0.00020182028,0.9851425,0.014301501,1.2914544e-05
ISIC_0033700,HAM_0000179,mel,4,4.546836e-06,1.873321e-06,0.00017672377,0.019301675,0.94649917,0.034008086,8.011179e-06
ISIC_0028746,HAM_0000878,mel,4,3.0174144e-05,3.9734773e-06,0.0009919385,3.0709234e-05,0.989963,0.008975894,4.213254e-06
ISIC_0033432,HAM_0005893,mel,4,7.879761e-05,3.8704085e-05,0.0013797748,0.00042472972,0.67439425,0.32357788,0.000105826875
ISIC_0032833,HAM_0005893,mel,4,2.0273052e-05,2.306229e-05,0.0010512318,0.000115981784,0.9564763,0.042271595,4.151644e-05
ISIC_0034236,HAM_0005893,mel,4,0.00019167682,2.8268503e-05,0.0011214886,0.00068555225,0.71387774,0.28396094,0.00013433571
ISIC_0034118,HAM_0002824,mel,4,2.8745692e-06,3.6196295e-06,0.00024409397,1.5298852e-05,0.94139826,0.058329985,5.80679e-06
ISIC_0033476,HAM_0002824,mel,4,1.0103517e-05,1.7117101e-06,0.00020794998,1.3074922e-05,0.95356387,0.046194587,8.76096e-06
ISIC_0033047,HAM_0002824,mel,4,1.2639887e-05,9.767348e-06,0.00059564254,2.3986291e-05,0.9381839,0.061159015,1.51279655e-05
ISIC_0025987,HAM_0002824,mel,4,7.600755e-05,7.614477e-06,0.00032267103,1.6599097e-05,0.9651621,0.034408778,6.142351e-06
ISIC_0033068,HAM_0002671,mel,4,0.0011100406,3.461816e-05,0.015323636,0.0001393455,0.9790895,0.004232426,7.034156e-05
ISIC_0034218,HAM_0002671,mel,4,0.020547645,0.00030402886,0.031408004,0.00030942037,0.94056123,0.0066480814,0.00022156507
ISIC_0034263,HAM_0002671,mel,4,0.026383255,9.3952505e-05,0.026564226,4.2513457e-05,0.94376564,0.0031219323,2.8542183e-05
ISIC_0033275,HAM_0003280,mel,4,5.6477034e-05,5.6477034e-05,0.00078116555,6.879284e-05,0.76341176,0.23557192,5.3367046e-05
ISIC_0033938,HAM_0003280,mel,4,0.00014071901,0.00015215355,0.0010717397,0.00016710797,0.17181732,0.8261235,0.0005274501
ISIC_0032841,HAM_0003280,mel,4,0.0002197951,0.00047263378,0.01967934,0.00016786576,0.46733665,0.51126784,0.0008558292
ISIC_0033317,HAM_0000662,mel,4,0.00040991366,0.0002981472,0.56825274,0.0001455894,0.40611196,0.024676405,0.000105274536
ISIC_0034269,HAM_0000662,mel,4,0.00016078586,0.000114460476,0.40124962,0.00011763344,0.5702907,0.028007554,5.9265443e-05
ISIC_0033956,HAM_0000662,mel,4,2.3749002e-05,3.121747e-05,0.32102016,1.3691281e-05,0.6334565,0.045441505,1.3166777e-05
ISIC_0024900,HAM_0004593,mel,4,0.0018628687,0.05250901,0.013724573,0.008555135,0.776907,0.1462619,0.00017947376
ISIC_0032072,HAM_0004593,mel,4,0.35631612,0.12489564,0.04074615,0.009569977,0.24802105,0.21952,0.0009310454
ISIC_0032940,HAM_0005628,mel,4,4.5456645e-06,2.7950382e-06,0.0003981505,1.8841256e-05,0.9994448,0.00013038574,5.2210396e-07
ISIC_0032915,HAM_0001524,mel,4,0.33984447,0.1275499,0.104459606,0.0007677544,0.41153508,0.013582218,0.0022609674
ISIC_0033863,HAM_0007086,mel,4,1.0892894e-05,6.129203e-05,0.00021687508,5.8314163e-05,0.99643457,0.00321509,2.8360364e-06
ISIC_0034180,HAM_0007086,mel,4,4.0760788e-06,7.4970567e-06,0.0009378705,3.548812e-05,0.9766212,0.022392102,1.8016973e-06
ISIC_0033267,HAM_0007086,mel,4,1.9561765e-05,1.1388013e-05,0.0005070978,3.778001e-05,0.9805242,0.018894456,5.593604e-06
ISIC_0033336,HAM_0003506,mel,4,0.000171289,0.038886443,0.18565276,0.0053494996,0.11691834,0.58885205,0.06416967
ISIC_0033405,HAM_0003506,mel,4,8.797117e-05,0.044536304,0.0222743,0.017568875,0.2838243,0.43405017,0.19765817
ISIC_0034188,HAM_0003506,mel,4,0.0005469749,0.06305984,0.03843963,0.028068159,0.055196818,0.6473062,0.16738228
ISIC_0033269,HAM_0006189,mel,4,0.0002718212,0.00010918406,0.00045344012,0.00029419592,0.9986192,0.00024318349,9.032667e-06
ISIC_0032610,HAM_0006802,mel,4,0.0003596744,0.0002400632,0.00032430468,0.007464502,0.4665721,0.52458113,0.00045823705
ISIC_0033426,HAM_0001143,mel,4,1.4676917e-07,1.3287395e-06,1.4552829e-05,2.2602621e-06,0.9999702,1.1383671e-05,1.2801435e-07
ISIC_0033279,HAM_0006802,mel,4,0.000741547,0.00049013266,0.02282237,0.00024741876,0.57216126,0.40335277,0.00018458566
ISIC_0032887,HAM_0006802,mel,4,0.00035444638,5.8315603e-05,0.0003832479,0.000113066824,0.9508279,0.04817842,8.451791e-05
ISIC_0032698,HAM_0001686,mel,4,0.00041139865,1.6474098e-05,0.001541084,4.0694224e-05,0.9941087,0.0038615367,2.0184485e-05
ISIC_0028520,HAM_0001793,mel,4,3.2526936e-05,2.3065051e-05,0.00022710851,2.6444211e-05,0.905682,0.09397825,3.0556228e-05
ISIC_0034000,HAM_0001793,mel,4,1.4341341e-05,8.835444e-06,0.0005229683,1.9564042e-05,0.9692134,0.030196767,2.4111228e-05
ISIC_0032807,HAM_0002488,mel,4,1.7988611e-06,2.73265e-05,4.1263003e-05,1.1345276e-06,0.99820733,0.0017206115,5.486217e-07
ISIC_0032645,HAM_0002488,mel,4,1.142797e-05,9.5685224e-05,0.00022752836,8.263474e-06,0.9352451,0.064394444,1.7527977e-05
ISIC_0033925,HAM_0000206,mel,4,4.973491e-06,4.0757404e-05,0.9879039,5.441015e-06,0.011636877,9.8538774e-05,0.0003095072
ISIC_0033431,HAM_0000206,mel,4,0.00014673582,0.0051877922,0.10511945,0.00021349937,0.03269194,0.016791431,0.8398491
ISIC_0033885,HAM_0005737,mel,4,1.7864862e-05,6.0436047e-05,0.09255609,7.289979e-05,0.87643427,0.030761143,9.7333985e-05
ISIC_0032987,HAM_0001155,mel,4,0.01070093,0.00080565864,0.028345028,0.00018117666,0.9515798,0.0081906775,0.00019666541
ISIC_0033999,HAM_0002377,mel,4,0.000116265845,0.0005200507,0.057245146,0.00084083475,0.938439,0.0025188632,0.00031976876
ISIC_0033856,HAM_0002377,mel,4,0.0002813277,0.00076622306,0.020323832,0.011775461,0.96336925,0.00208281,0.0014010663
ISIC_0026089,HAM_0002196,mel,4,9.511382e-05,0.00018155502,0.00039927274,0.000288993,0.60612404,0.3928748,3.631329e-05
ISIC_0024930,HAM_0002196,mel,4,5.4053206e-05,9.787771e-05,0.00039706874,0.00010562454,0.45101947,0.5483002,2.5783493e-05
ISIC_0031408,HAM_0000201,mel,4,0.00018153364,3.142283e-05,0.00082558265,1.2820563e-05,0.8596938,0.13924903,5.7786806e-06
ISIC_0025439,HAM_0001214,mel,4,1.7563252e-07,5.998984e-08,9.250291e-05,9.383989e-07,0.9998155,9.06252e-05,2.4479598e-07
ISIC_0030187,HAM_0002622,mel,4,1.1856164e-05,0.00011881117,0.01653551,0.007722179,0.5659638,0.4044761,0.0051717837
ISIC_0029013,HAM_0003522,mel,4,8.590142e-05,0.0006365927,0.0006062557,0.00012645913,0.09365199,0.90430236,0.00059047935
ISIC_0027302,HAM_0006497,mel,4,0.00011416056,5.085672e-05,0.0015469666,0.19966632,0.046100657,0.7520625,0.0004586241
ISIC_0029056,HAM_0004878,mel,4,0.00010268148,0.00032314984,0.5607893,0.00013444605,0.29436308,0.1440226,0.00026477952
ISIC_0030512,HAM_0006833,mel,4,0.00012320063,7.2284594e-05,0.003210134,0.00011778869,0.9341645,0.06221949,9.263415e-05
ISIC_0030932,HAM_0000241,mel,4,0.0014624227,0.00013830359,0.1315146,0.00030385805,0.8103589,0.05590473,0.00031719898
ISIC_0028228,HAM_0003608,mel,4,7.0055744e-06,0.000292123,0.0047446485,8.46812e-05,0.8674114,0.12742712,3.3032353e-05
ISIC_0025651,HAM_0000075,mel,4,0.99333864,0.00096422713,0.0012272582,0.00065947504,0.0030725482,0.00063856127,9.927457e-05
ISIC_0025748,HAM_0002752,mel,4,0.0017947104,0.00012885501,0.0010495323,8.9081106e-05,0.9943651,0.002558594,1.4205223e-05
ISIC_0029157,HAM_0007488,mel,4,0.00047179952,2.5472742e-05,0.0005831638,0.0001263646,0.92867595,0.07008967,2.7650398e-05
ISIC_0024952,HAM_0007488,mel,4,0.000499284,5.1656727e-05,0.0009196701,6.015739e-05,0.9808579,0.01758319,2.8085276e-05
ISIC_0027105,HAM_0005747,mel,4,0.00045707758,0.0012376218,0.03498742,0.0005343778,0.49637526,0.4663014,0.00010688228
ISIC_0027502,HAM_0005747,mel,4,0.0035341287,0.003703735,0.028360186,0.0011734259,0.09893845,0.8639286,0.0003613867
ISIC_0027021,HAM_0006940,mel,4,0.985182,0.00022275008,0.0017840063,0.00023435373,0.006703247,0.0058466755,2.69173e-05
ISIC_0029958,HAM_0004507,mel,4,1.9229905e-05,3.7424775e-06,0.99448687,6.378614e-06,0.005415885,6.761236e-05,2.8467016e-07
ISIC_0032504,HAM_0001791,mel,4,0.0013241814,1.4861034e-05,0.0002636755,0.00015275278,0.9849096,0.013327312,7.709803e-06
ISIC_0027956,HAM_0001791,mel,4,0.00028428837,7.30004e-06,0.0054859747,8.569294e-05,0.8326853,0.1614234,2.8093436e-05
ISIC_0024554,HAM_0004507,mel,4,0.008275285,3.774647e-05,0.79025483,0.00013382286,0.19786596,0.0034098786,2.2539449e-05
ISIC_0027089,HAM_0002800,mel,4,6.33167e-05,5.331801e-05,0.00011510046,0.00027077118,0.65365607,0.34580067,4.0720955e-05
ISIC_0026239,HAM_0002800,mel,4,3.4915374e-05,4.885539e-05,9.198976e-05,5.927716e-05,0.9646202,0.035136286,8.4566955e-06
ISIC_0026930,HAM_0002970,mel,4,0.00039812343,8.183711e-05,0.04619692,5.735512e-05,0.11168983,0.8415596,1.6304639e-05
ISIC_0027350,HAM_0002970,mel,4,0.00075041177,0.00034423525,0.031629104,0.00013454142,0.2980442,0.6690344,6.305829e-05
ISIC_0025543,HAM_0005735,mel,4,0.006551058,9.842175e-05,0.52919143,0.00017579876,0.4597695,0.004181935,3.182829e-05
ISIC_0028860,HAM_0006779,mel,4,0.24542996,0.0011233249,0.06041009,0.004669713,0.6267274,0.061421365,0.00021819219
ISIC_0030795,HAM_0003601,mel,4,0.00070054835,2.8355815e-05,0.0025360484,6.169333e-05,0.8946672,0.10195961,4.6568566e-05
ISIC_0027507,HAM_0003601,mel,4,0.00071090634,0.0001766133,0.004318238,0.00016334059,0.68131167,0.31314805,0.00017117949
ISIC_0026802,HAM_0004878,mel,4,0.00048185216,0.0027218924,0.02579939,5.995852e-05,0.90768534,0.06323357,1.8002813e-05
ISIC_0028026,HAM_0007522,mel,4,8.845245e-06,3.5183957e-06,2.7458964e-05,1.1223525e-06,0.99913555,0.0008231046,4.1450642e-07
ISIC_0027904,HAM_0007522,mel,4,5.7018726e-05,6.0450457e-06,0.0053163166,5.6566555e-06,0.9915767,0.0030350678,3.299498e-06
ISIC_0032232,HAM_0004878,mel,4,0.0044100806,0.004924607,0.19922599,0.0005095078,0.16149577,0.6282118,0.0012222455
ISIC_0028220,HAM_0004559,mel,4,0.000984138,0.00028223573,0.019290194,0.00015617012,0.9385747,0.040598758,0.000113811046
ISIC_0026735,HAM_0007293,mel,4,6.7169945e-05,4.4216936e-06,0.0118847005,6.459671e-05,0.9874973,0.00048058273,1.1049543e-06
ISIC_0029094,HAM_0006527,mel,4,0.0017605298,2.3335565e-06,0.00027652353,3.26572e-05,0.9889754,0.008949443,3.067402e-06
ISIC_0032287,HAM_0006223,mel,4,0.00022170169,0.00034674804,0.030460449,0.0030366806,0.045637324,0.9193396,0.000957402
ISIC_0025791,HAM_0006223,mel,4,0.0018869578,0.001008045,0.6176868,0.0017214537,0.053239986,0.3217059,0.002750875
ISIC_0024864,HAM_0003167,mel,4,0.00016215678,6.437565e-05,0.0054106903,0.00036757338,0.4881262,0.5055921,0.00027691753
ISIC_0030951,HAM_0000590,mel,4,0.00014298531,1.1068998e-05,0.0014469238,9.1407455e-06,0.9929595,0.005428732,1.7141441e-06
ISIC_0031957,HAM_0004081,mel,4,0.014892727,0.009251622,0.89609003,0.0032730955,0.029297689,0.04673193,0.00046286563
ISIC_0026258,HAM_0000534,mel,4,0.00026723795,0.00015557437,0.051026102,0.00022547688,0.81711084,0.13106543,0.00014932247
ISIC_0025235,HAM_0000534,mel,4,0.00024162946,0.0013372131,0.025678802,0.0018565365,0.5867343,0.3825417,0.0016098396
ISIC_0027359,HAM_0000536,mel,4,0.00017146565,0.00023482397,0.04536554,0.001816623,0.4287382,0.5232531,0.00042025742
ISIC_0031844,HAM_0000536,mel,4,0.00015730159,0.0007160786,0.12620527,0.0024390793,0.062843286,0.8070442,0.0005948107
ISIC_0026693,HAM_0003839,vasc,4,8.8210894e-05,0.00053798774,0.000113265014,0.00045458222,0.0003713817,0.00022880164,0.9982058
ISIC_0027983,HAM_0003839,vasc,4,0.00010931614,0.0011867926,0.00015058935,0.0002772468,0.00019969339,0.00019988851,0.9978764
ISIC_0033031,HAM_0003862,vasc,4,6.5017093e-06,0.000111918205,3.3147637e-05,0.0015352074,0.004171089,6.989997e-05,0.99407226
ISIC_0032775,HAM_0003862,vasc,4,3.972828e-06,2.5109044e-05,1.1361829e-05,3.3920154e-05,0.0023319921,2.935545e-05,0.9975643
ISIC_0033458,HAM_0003862,vasc,4,0.00035739152,0.009417418,0.004345425,0.0548591,0.6190016,0.0007655165,0.31125358
ISIC_0032614,HAM_0006946,vasc,4,5.009314e-05,0.00034686743,0.00011761301,0.00027186083,0.00031382797,0.00013484397,0.9987649
ISIC_0033349,HAM_0006946,vasc,4,6.125137e-05,0.00037247202,9.71177e-05,0.0002673661,0.00038373302,0.00012276828,0.9986952
ISIC_0032919,HAM_0006946,vasc,4,6.3862694e-06,8.22542e-05,1.8086504e-05,0.00012287674,0.0001399191,5.305546e-05,0.99957734
ISIC_0032866,HAM_0006946,vasc,4,1.6756163e-05,0.00013141187,2.0172354e-05,0.0002156062,0.00015727941,0.000109263914,0.99934953
ISIC_0031090,HAM_0001719,vasc,4,2.673886e-05,0.010155952,0.00012957281,0.0025397702,0.5912677,0.0111350855,0.38474524
ISIC_0031093,HAM_0000502,vasc,4,1.9591602e-05,7.075907e-05,7.3076524e-05,5.613926e-05,0.00022553162,0.000120718374,0.9994343
ISIC_0029608,HAM_0000502,vasc,4,0.00022263943,0.0010400849,0.00033948457,0.0008685991,0.000736451,0.0004929834,0.9962999
ISIC_0030283,HAM_0007372,vasc,4,1.3256667e-05,4.3807853e-05,3.352311e-05,0.00015097555,7.1664865e-05,0.00022786172,0.99945897
ISIC_0025612,HAM_0002177,vasc,4,2.2408321e-05,0.00013487577,4.9328144e-05,0.0003760585,0.00012522792,0.00029173287,0.9990004
ISIC_0028406,HAM_0005215,vasc,4,7.3807428e-06,2.1906095e-05,2.9134446e-05,4.5790173e-05,5.621298e-05,6.9617425e-05,0.99977
ISIC_0024662,HAM_0007532,vasc,4,2.4235285e-06,4.123176e-05,1.6921482e-05,0.00016858026,7.3503565e-05,0.00029579533,0.99940157
ISIC_0027790,HAM_0004943,vasc,4,4.492999e-06,8.50254e-05,1.08203285e-05,0.00016557991,9.383922e-05,0.00013028285,0.99950993
ISIC_0026713,HAM_0006138,vasc,4,6.091276e-06,6.7040375e-05,1.48423205e-05,3.8724287e-05,0.00010454641,0.00060871476,0.99915993
ISIC_0024867,HAM_0007568,vasc,4,2.9407885e-05,0.00010405657,6.4358304e-05,0.00017022518,9.5861404e-05,0.00018989993,0.9993462
ISIC_0027665,HAM_0001860,vasc,4,1.1051096e-05,6.4848966e-05,3.069237e-05,0.00012783903,0.000119625445,0.00051704294,0.9991289
ISIC_0026068,HAM_0004413,vasc,4,5.2701314e-05,0.0002826835,9.141611e-05,0.00028434471,0.00031443368,0.00023435286,0.99874
ISIC_0034093,HAM_0003220,bcc,4,0.0152026275,0.9718321,0.0003525045,0.0002267067,0.008693975,0.0035933517,9.86547e-05
ISIC_0031749,HAM_0002791,bcc,4,2.2685394e-05,0.9976198,0.00019712355,0.000903073,0.00031469506,0.00050141016,0.00044119847
ISIC_0029847,HAM_0002791,bcc,4,0.00012519123,0.044614717,0.0010482135,0.8987397,0.040980767,0.0048944545,0.009596924
ISIC_0031943,HAM_0000393,bcc,4,0.0005887918,0.94869083,0.0009707535,0.0009445692,0.045868844,0.0019879704,0.0009482661
ISIC_0027865,HAM_0000393,bcc,4,0.0005640538,0.99718213,0.0002952105,0.0002963659,0.0010001482,0.00044402987,0.00021810015
ISIC_0029647,HAM_0003094,bcc,4,0.025009297,0.74830246,0.2139739,0.002037161,0.008644038,0.0013946604,0.0006385221
ISIC_0027858,HAM_0003094,bcc,4,0.0494514,0.7155042,0.18465611,0.006838695,0.032284874,0.0035756945,0.0076889507
ISIC_0031140,HAM_0003229,bcc,4,0.004509123,0.964237,0.016570373,0.0026820234,0.0064025004,0.0051672114,0.0004318831
ISIC_0026275,HAM_0005804,bcc,4,0.0034335312,0.38653484,0.5975087,0.0009618741,0.00812477,0.003266714,0.00016944959
ISIC_0024573,HAM_0005804,bcc,4,5.321833e-05,0.9987368,0.0009380353,1.0520325e-05,0.000111895664,0.00011222397,3.7370704e-05
ISIC_0032660,HAM_0002565,bcc,4,0.0051139165,0.008248183,0.97692204,0.0002411747,0.007146925,0.0008943243,0.0014333192
ISIC_0033504,HAM_0002565,bcc,4,0.009577132,0.013435624,0.9704756,0.00013360886,0.0014141607,0.0034525548,0.0015112582
ISIC_0027058,HAM_0005998,bcc,4,0.000107882996,0.9944583,0.0013573286,5.403549e-05,0.0007711201,0.0031397447,0.00011152517
ISIC_0030114,HAM_0005998,bcc,4,0.00131463,0.0812539,0.8458586,0.0008242829,0.02523897,0.01603112,0.029478544
ISIC_0034306,HAM_0002526,bcc,4,0.0021355534,0.98921275,0.006856723,6.847986e-05,0.00077761157,0.00059971923,0.00034913054
ISIC_0032799,HAM_0002526,bcc,4,8.03978e-05,0.99921083,0.0004753086,2.1014019e-05,6.2613864e-05,9.908431e-05,5.0706254e-05
ISIC_0033666,HAM_0002664,bcc,4,0.002024298,0.7277726,0.1165077,0.00037226983,0.15225177,0.00071198476,0.00035940958
ISIC_0033218,HAM_0002664,bcc,4,0.00045534575,0.091204695,0.5826569,0.00020087797,0.31616697,0.00070663204,0.008608541
ISIC_0033054,HAM_0002664,bcc,4,6.225227e-05,0.016041795,0.9498007,3.4513527e-05,0.032915626,0.00080258335,0.0003425005
ISIC_0033257,HAM_0003046,bcc,4,0.04237825,0.81618667,0.031416047,0.006505265,0.084671065,0.016354233,0.0024884855
ISIC_0034276,HAM_0003046,bcc,4,0.005742165,0.9799335,0.0071201166,0.0019728455,0.0006524842,0.0040638596,0.0005151503
ISIC_0034119,HAM_0003046,bcc,4,0.009252655,0.9647638,0.01810035,0.001193119,0.0030024315,0.0031129012,0.00057470525
ISIC_0034161,HAM_0001243,bcc,4,0.0007480285,0.9943295,0.00053668424,0.00034752605,0.0010600528,0.0022951073,0.00068308605
ISIC_0033747,HAM_0001243,bcc,4,0.00029705296,0.9917156,0.0013722182,0.0002530923,0.0016383255,0.0044230907,0.00030055453
ISIC_0033609,HAM_0002243,bcc,4,0.0011904537,0.7351802,0.013838566,0.03130775,0.056972843,0.08644346,0.075066715
ISIC_0032777,HAM_0002243,bcc,4,0.0004957706,0.9768132,0.0010775878,0.00097542285,0.00027007275,0.012170823,0.008197079
ISIC_0033019,HAM_0002243,bcc,4,0.00025767548,0.9920813,0.0020900907,0.00053286256,0.00019074162,0.002805666,0.0020416735
ISIC_0029546,HAM_0005482,bcc,4,0.034211878,0.95589775,0.00056499254,0.00094433816,0.0058272975,0.0023648106,0.00018887952
ISIC_0026988,HAM_0004937,bcc,4,0.0005415523,0.99943703,1.2046517e-05,3.424526e-06,2.9177327e-06,1.5587024e-06,1.3809339e-06
ISIC_0031643,HAM_0003851,bcc,4,0.0027914888,0.9967547,9.903398e-05,2.329404e-05,0.0002799261,4.3689324e-05,7.833064e-06
ISIC_0025299,HAM_0007313,bcc,4,0.00010776016,0.9991635,0.00060990703,2.4327972e-05,4.3115928e-05,4.370945e-05,7.760515e-06
ISIC_0028739,HAM_0007313,bcc,4,0.00038435607,0.99739045,0.0003996671,6.3732485e-05,9.9874385e-05,0.001651728,1.0262767e-05
ISIC_0029129,HAM_0004285,bcc,4,0.005863993,0.986172,0.00032569488,4.6013272e-05,0.007188224,0.00037633974,2.7799653e-05
ISIC_0027189,HAM_0006708,bcc,4,0.0016272425,0.9980787,0.00020547124,5.3495794e-05,1.587522e-05,1.0350398e-05,8.853164e-06
ISIC_0032307,HAM_0001301,bcc,4,0.0011572362,0.00017582909,0.9830534,4.359669e-05,0.004893604,0.010646944,2.9383991e-05
ISIC_0026845,HAM_0001283,bcc,4,0.043179046,0.61860365,0.10430439,0.014505603,0.022140015,0.0023772425,0.19489002
ISIC_0028989,HAM_0004487,bcc,4,0.10368223,0.8405901,0.050530683,0.0009880821,0.00037797506,0.0035791302,0.00025178568
ISIC_0028556,HAM_0002421,bcc,4,0.00019075324,0.9989472,0.0005246332,2.5143852e-05,4.3275304e-05,0.00023855822,3.0507508e-05
ISIC_0031976,HAM_0006851,bcc,4,0.00017582088,0.9984876,0.0008568013,0.00022378298,0.00010726744,9.228988e-05,5.6415673e-05
ISIC_0024897,HAM_0003716,bcc,4,5.9203314e-05,0.9988661,0.0009829398,3.7079149e-06,4.4125256e-05,4.01765e-05,3.7958455e-06
ISIC_0024432,HAM_0002083,bcc,4,0.008907833,0.6712869,0.026787736,0.0007677885,0.0065107485,0.28479645,0.00094255334
ISIC_0029035,HAM_0006386,bcc,4,0.9947319,0.00030614136,0.004942077,1.0519149e-05,5.652532e-06,3.2714345e-06,3.9532276e-07
ISIC_0032246,HAM_0005509,bcc,4,0.0004772554,0.9980509,0.00016901133,0.000149152,0.0006209405,0.00052441854,8.251827e-06
ISIC_0026865,HAM_0005509,bcc,4,0.0004195124,0.99799854,0.00062030193,0.00034983177,0.00022258387,0.0003662627,2.2961518e-05
ISIC_0031057,HAM_0005509,bcc,4,0.06494808,0.0868866,0.8332603,0.008428309,0.00064234954,0.0056035086,0.00023083315
ISIC_0029263,HAM_0002689,bcc,4,0.14854717,0.84983593,0.00048637416,3.783624e-05,0.00087044935,7.000045e-05,0.00015229896
ISIC_0026687,HAM_0002689,bcc,4,0.4027855,0.49157912,0.0061459113,0.0035121087,0.094555356,0.00079599826,0.0006260076
ISIC_0028147,HAM_0006053,bcc,4,0.0002664108,0.996099,0.0019673232,0.00087694626,0.00042323605,0.00031760888,4.9473925e-05
ISIC_0029342,HAM_0007139,bcc,4,0.038341794,0.9565542,0.0013378607,7.9563986e-05,0.00055988604,0.0030886736,3.8026385e-05
ISIC_0028577,HAM_0007139,bcc,4,0.084447,0.9114442,0.00381087,4.7072637e-05,0.00011926877,0.00010775034,2.3855253e-05
ISIC_0026154,HAM_0006658,bcc,4,8.444773e-05,0.9975783,8.1212595e-05,7.856036e-05,0.0012411019,0.0008847047,5.172279e-05
ISIC_0029917,HAM_0007364,bcc,4,0.0005871019,0.99816614,0.000116855794,4.4701323e-05,0.0005596698,0.0005056195,1.9913727e-05
ISIC_0030138,HAM_0006111,bcc,4,2.6003056e-05,0.9973943,0.0004502381,2.2591845e-05,4.754752e-05,0.0018507582,0.00020856384
ISIC_0032185,HAM_0006111,bcc,4,0.00013678632,0.99161667,0.0020921743,0.00017736072,0.00011406625,0.0039848154,0.001878162
ISIC_0024829,HAM_0007535,bcc,4,0.0009012775,0.9893365,0.0006472668,0.0059885946,0.001720375,0.0010609279,0.00034510627
ISIC_0031041,HAM_0002733,bcc,4,0.00020255089,0.99841154,0.0012517279,1.5942667e-05,6.1714236e-05,3.4015335e-05,2.2482765e-05
ISIC_0031971,HAM_0006564,bcc,4,0.0024707173,0.9784345,0.0013671273,0.00032886988,0.012707646,0.0045432355,0.00014794404
ISIC_0031721,HAM_0006564,bcc,4,0.0035785504,0.8671328,0.0031090986,0.030279042,0.06156987,0.025829578,0.0085010715
ISIC_0029828,HAM_0006510,nv,4,0.0002840788,0.00013899081,0.00044779244,0.0004946939,0.39074647,0.6075686,0.0003193984
ISIC_0032285,HAM_0006830,nv,4,0.00022742776,0.00022433956,8.819648e-05,0.0002934524,0.063182704,0.93574506,0.00023880822
ISIC_0031575,HAM_0000699,nv,4,2.5002637e-06,2.8225457e-05,2.762552e-05,3.6455185e-05,0.00046372728,0.99932337,0.00011808168
ISIC_0028266,HAM_0003882,nv,4,6.833165e-05,0.0002702569,0.00069012516,0.0034800183,0.002318758,0.99287224,0.00030031794
ISIC_0028298,HAM_0004140,nv,4,5.340473e-05,0.00028729698,0.00057052186,8.2392384e-05,0.000508673,0.99832755,0.00017021781
ISIC_0026518,HAM_0003646,nv,4,0.007887265,0.06259344,0.00508743,0.021272961,0.523002,0.3752356,0.004921285
ISIC_0024896,HAM_0003711,nv,4,0.002952808,0.011056385,0.0099880025,0.0014292799,0.0028900455,0.9694239,0.0022595788
ISIC_0030102,HAM_0005449,nv,4,1.6916229e-05,0.00022130956,0.00017834897,3.1419037e-05,0.002335562,0.9971419,7.449227e-05
ISIC_0031895,HAM_0007316,nv,4,0.00011403987,5.6343677e-05,0.0013246993,0.00024763076,0.042799536,0.95527184,0.00018582946
ISIC_0024979,HAM_0006490,nv,4,0.0014945088,0.00043196385,0.003010159,0.0038425399,0.015497284,0.9738816,0.0018418711
ISIC_0024462,HAM_0006693,nv,4,0.00010385133,7.702517e-05,0.00014674017,0.00075472903,0.029825429,0.968579,0.0005131748
ISIC_0025415,HAM_0005619,nv,4,9.078921e-05,0.0001378973,0.0019937526,0.0003399685,0.0051142727,0.991891,0.00043228597
ISIC_0031207,HAM_0001090,nv,4,0.00011599044,0.0011420922,0.0020171984,0.00075193396,0.018058276,0.97732085,0.000593668
ISIC_0025407,HAM_0002226,nv,4,0.0016781966,0.0018521603,0.02809498,0.00296553,0.0054757926,0.9585062,0.0014270516
ISIC_0029870,HAM_0002151,nv,4,0.0001255138,1.7491458e-05,0.00017631275,0.00032747118,0.015443072,0.9838341,7.6127966e-05
ISIC_0031164,HAM_0007230,nv,4,2.7808333e-05,0.0008890731,4.0937826e-05,0.012545937,0.0066338796,0.7133157,0.26654664
ISIC_0032317,HAM_0001629,nv,4,1.9397781e-05,0.0012982493,0.00027172948,5.7348294e-05,0.00097163196,0.997308,7.3636664e-05
ISIC_0030338,HAM_0001775,nv,4,0.00015062724,0.00039069733,0.00024497014,0.0008389015,0.0020073906,0.99617994,0.00018745863
ISIC_0028779,HAM_0003524,nv,4,0.00017648107,0.000109793815,0.003936597,0.00018422952,0.1281689,0.8673637,6.0279664e-05
ISIC_0027585,HAM_0000785,nv,4,0.03268817,0.02024953,0.027102755,0.005793095,0.004769926,0.89664394,0.012752525
ISIC_0027752,HAM_0007241,nv,4,0.00033974662,0.0010172721,0.004569126,0.0005514633,0.06474426,0.92755705,0.0012210874
ISIC_0025432,HAM_0006920,nv,4,1.9334579e-05,6.976262e-05,0.03571691,8.514171e-05,0.00055982143,0.9634746,7.4552576e-05
ISIC_0025364,HAM_0000692,nv,4,0.003809051,0.00062120357,0.039267138,0.0010083129,0.08002204,0.87471974,0.0005525099
ISIC_0027411,HAM_0001117,nv,4,0.00016949984,6.21124e-05,0.0014126366,0.00023624822,0.027790826,0.9701399,0.00018872175
ISIC_0027732,HAM_0006132,nv,4,0.000120045035,0.00010593937,0.0010849432,0.00020823102,0.00062045,0.9977495,0.000110806875
ISIC_0025142,HAM_0004163,nv,4,1.132988e-05,7.696185e-06,0.0003488666,0.00018921297,0.0004239069,0.9986526,0.00036632383
ISIC_0025201,HAM_0000377,nv,4,3.107503e-05,8.835179e-05,0.00027968676,0.00849095,0.00015236033,0.9900842,0.0008733551
ISIC_0026565,HAM_0002465,nv,4,5.3754124e-05,2.3621442e-05,0.00014024696,0.00013447962,0.0024473958,0.9970393,0.00016126569
ISIC_0027195,HAM_0006279,nv,4,0.00014322577,0.00031652141,0.0060235728,0.00040562855,0.026661735,0.9659124,0.000536846
ISIC_0028482,HAM_0004169,nv,4,0.0035495388,8.1583225e-05,0.0067346077,0.000780111,0.045428246,0.9432555,0.00017036647
ISIC_0030128,HAM_0002466,nv,4,4.1113606e-05,0.000121194156,3.663869e-05,0.00034795783,0.00081487396,0.998486,0.0001523087
ISIC_0026242,HAM_0006306,nv,4,0.0008459587,0.0040437332,0.016332624,0.002486411,0.0071753724,0.96843755,0.0006784206
ISIC_0031773,HAM_0007065,nv,4,0.00015162885,0.0014135474,0.0033156094,0.00067822746,0.046810262,0.76140463,0.18622616
ISIC_0031701,HAM_0005142,nv,4,0.00080585765,0.0006654748,0.6073783,0.0011232015,0.03380065,0.35566723,0.00055929256
ISIC_0029815,HAM_0006537,nv,4,1.22580095e-05,0.00010293619,9.6510914e-05,0.00023038994,3.6310867e-05,0.999263,0.0002586552
ISIC_0025966,HAM_0001553,nv,4,0.0003468109,0.0025978815,0.0032936654,0.024401035,0.010841781,0.7273894,0.23112938
ISIC_0028668,HAM_0003197,nv,4,6.745718e-05,0.016234461,0.0068093776,0.00089641823,0.000110784495,0.96685666,0.009024815
ISIC_0026232,HAM_0000912,nv,4,0.00014921343,0.00015185951,0.0017886267,0.00031929644,0.004881319,0.9926288,8.096765e-05
ISIC_0030885,HAM_0000631,nv,4,0.00018199891,0.00012533044,0.002869971,0.0003386931,0.019455317,0.9766575,0.00037125582
ISIC_0026562,HAM_0000429,nv,4,5.585323e-05,8.516599e-05,0.00027118615,0.00024143359,0.0009307922,0.9982339,0.00018153315
ISIC_0027389,HAM_0005332,nv,4,2.87735e-05,1.65879e-05,0.0008227104,0.00059482275,0.0013135646,0.99707353,0.000150028
ISIC_0025221,HAM_0002294,nv,4,0.00027809327,2.6146065e-05,0.00024066963,0.0002974777,0.030821392,0.9682348,0.00010140956
ISIC_0027124,HAM_0003636,nv,4,5.7743207e-05,0.00016513889,0.00010599877,6.3418505e-05,0.0010935316,0.998309,0.00020511766
ISIC_0024791,HAM_0002940,nv,4,5.6919007e-06,0.00010708411,2.6890648e-05,0.00036137752,0.00013776752,0.0016061935,0.997755
ISIC_0025044,HAM_0000339,nv,4,4.6709334e-05,8.786311e-05,5.700636e-05,0.00014628338,0.00044327407,0.999137,8.1897415e-05
ISIC_0025635,HAM_0004639,nv,4,1.8331584e-05,8.509614e-05,3.1427648e-05,0.00016426758,0.00024695633,0.99936515,8.883232e-05
ISIC_0024493,HAM_0006689,nv,4,8.041133e-05,0.00013052048,0.86658144,0.0155954305,0.005528235,0.11147215,0.0006118285
ISIC_0025900,HAM_0000943,nv,4,2.8863502e-05,0.005798255,0.0045644552,0.00032647687,0.00031396977,0.98853976,0.00042830838
ISIC_0027939,HAM_0002741,nv,4,4.188581e-05,7.6440265e-05,0.0011216374,0.002099591,0.036980655,0.95934844,0.0003313935
ISIC_0027164,HAM_0004328,nv,4,2.270467e-05,0.0004317657,7.801847e-05,0.007516205,0.1340763,0.85737705,0.00049793086
ISIC_0027276,HAM_0000649,nv,4,6.779392e-05,0.0014298155,0.0010866845,0.0001533739,0.0019754327,0.9947259,0.0005610184
ISIC_0031035,HAM_0004253,nv,4,2.196278e-06,9.635258e-05,0.00043862252,0.020463796,0.0013249208,0.95286924,0.024804873
ISIC_0027564,HAM_0004826,nv,4,3.3894157e-05,0.00011091781,0.0002777602,0.00010962557,0.0005815936,0.9987484,0.00013763562
ISIC_0026256,HAM_0003960,nv,4,1.8121504e-05,4.6456e-05,8.6368476e-05,2.8901577e-05,0.00020317982,0.99955755,5.936013e-05
ISIC_0031153,HAM_0004861,nv,4,2.2050712e-05,1.08733375e-05,0.00017565824,3.892763e-05,0.0011167183,0.9985385,9.738736e-05
ISIC_0027661,HAM_0002414,nv,4,0.00017912828,0.00014309272,0.00039663806,0.0043250727,0.0029878558,0.9917664,0.0002017931
ISIC_0030204,HAM_0005104,nv,4,0.00012836955,8.0488666e-05,0.030683357,0.0014548347,0.0014018362,0.96578306,0.0004681827
ISIC_0028935,HAM_0001336,nv,4,0.00055710605,0.00027204264,0.06989762,0.00026887323,0.041656338,0.88717943,0.00016858552
ISIC_0026136,HAM_0003145,nv,4,0.00018111733,0.00021975306,0.0018444674,0.0004145817,0.010603816,0.985306,0.0014301739
ISIC_0029211,HAM_0001162,nv,4,7.8730145e-06,7.735832e-06,9.628836e-05,2.4203275e-05,0.0018635489,0.9979327,6.7747314e-05
ISIC_0031102,HAM_0004122,nv,4,0.00020552632,0.00031523188,0.0030576538,0.0003271497,0.007380737,0.9886441,6.951828e-05
ISIC_0027318,HAM_0000927,nv,4,0.000594989,0.0002802307,0.00027642548,0.0003101871,0.03309368,0.965252,0.00019259956
ISIC_0030000,HAM_0004735,nv,4,1.233996e-05,0.00025274322,0.0003251632,0.00011962086,0.0010903872,0.9981153,8.4493186e-05
ISIC_0028426,HAM_0003541,nv,4,2.5279376e-05,0.0015173422,0.0048457063,0.0042264997,0.00081615004,0.96209055,0.026478555
ISIC_0031199,HAM_0006046,nv,4,1.280423e-05,1.7062532e-05,0.0002697855,6.7483634e-05,0.0014908473,0.99793905,0.00020304904
ISIC_0026960,HAM_0005456,nv,4,2.7230195e-05,8.788703e-06,0.002182791,4.1846746e-05,0.09545744,0.90214413,0.00013774722
ISIC_0029972,HAM_0002997,nv,4,8.662131e-06,2.3773634e-06,6.714217e-05,0.00017059757,3.5209097e-05,0.9997003,1.571576e-05
ISIC_0026225,HAM_0003781,nv,4,6.125104e-05,5.9598897e-05,0.00031781365,6.940652e-05,0.0026584237,0.99674124,9.2308575e-05
ISIC_0027554,HAM_0001123,nv,4,0.0002746354,0.0012344416,0.06628855,0.000786961,0.0139799025,0.91687423,0.0005613183
ISIC_0025003,HAM_0004269,nv,4,0.000109380955,0.00012154756,0.00275697,8.8061905e-05,0.00035899677,0.9965198,4.524193e-05
ISIC_0024556,HAM_0003151,nv,4,0.0019679156,0.0036283983,0.0013671347,0.0004391013,0.0059382,0.98611385,0.00054540415
ISIC_0030955,HAM_0000657,nv,4,7.563382e-05,0.00060368475,0.0014709695,0.0019920103,0.000763129,0.98319215,0.0119024245
ISIC_0024738,HAM_0000203,nv,4,0.00014224883,5.7249654e-05,0.0003052862,0.00041080746,0.0014050963,0.99753904,0.00014031726
ISIC_0029628,HAM_0004227,nv,4,1.386985e-06,5.8622795e-06,7.5126286e-06,3.8980823e-05,9.115212e-06,0.99990296,3.4149416e-05
ISIC_0028813,HAM_0001067,nv,4,0.00081702834,8.527729e-05,0.012023742,0.000930346,0.19992022,0.78608036,0.00014309178
ISIC_0030943,HAM_0000518,nv,4,3.3694254e-05,0.00022208708,8.894609e-05,6.687828e-05,0.000555065,0.9986927,0.00034063242
ISIC_0030736,HAM_0004818,nv,4,5.3453036e-06,1.5649472e-05,3.0760104e-05,3.564751e-05,0.000431317,0.9993799,0.00010140166
ISIC_0025104,HAM_0007128,nv,4,3.4717334e-05,8.643118e-05,0.004111952,0.0001202324,0.001752625,0.99346864,0.00042542917
ISIC_0028789,HAM_0003032,nv,4,2.958082e-05,0.00032747872,0.00422406,0.46383423,6.5884786e-05,0.5297153,0.0018034879
ISIC_0025607,HAM_0004757,nv,4,5.3918633e-05,5.0061757e-05,0.0011562135,0.0003606351,0.011485082,0.98651046,0.00038351933
ISIC_0025678,HAM_0006836,nv,4,3.386512e-05,8.33273e-05,0.0004069595,0.051762275,0.0007975666,0.9466331,0.00028299593
ISIC_0024492,HAM_0006736,nv,4,0.00058746216,0.00036834314,0.0036074386,0.0033979882,0.0013225742,0.99003875,0.0006774867
ISIC_0027600,HAM_0001959,nv,4,3.409114e-05,0.00023502726,0.00012252737,0.000114767085,0.00076837034,0.998684,4.1202155e-05
ISIC_0028102,HAM_0004793,nv,4,2.1752458e-05,0.00015397003,3.810226e-05,0.0013732415,0.0014068371,0.994699,0.0023071985
ISIC_0026910,HAM_0003661,nv,4,6.590059e-05,0.0021133781,0.0016270231,0.00023824596,9.777595e-05,0.995693,0.00016470614
ISIC_0032002,HAM_0005130,nv,4,0.00036725152,0.00022209767,0.0017559131,0.00042187914,0.0031779956,0.99387556,0.00017915897
ISIC_0031800,HAM_0003551,nv,4,0.00025369195,0.00041990436,0.0048161214,0.0010014134,0.004862791,0.9882578,0.00038834807
ISIC_0030202,HAM_0003644,nv,4,0.00012385986,0.00017196238,0.00084312866,0.013587488,0.0028053063,0.12735039,0.8551178
ISIC_0030911,HAM_0005111,nv,4,0.0009990956,0.0032172557,0.00081703224,0.004139114,0.0041431584,0.98597044,0.0007140214
ISIC_0030285,HAM_0005178,nv,4,0.003269137,0.7692866,0.0061314567,0.0033466625,0.05191786,0.16315201,0.002896295
ISIC_0026201,HAM_0001339,nv,4,9.529889e-05,2.4142442e-05,0.00021835449,0.0007307911,0.0013956287,0.9973705,0.00016530619
ISIC_0027910,HAM_0001670,nv,4,0.0015090657,4.0097595e-05,0.0034374602,0.0012185036,0.36246794,0.63120043,0.00012643822
ISIC_0025090,HAM_0007258,nv,4,0.015006032,0.00043620903,0.031944703,0.0041588936,0.36677235,0.5804047,0.0012770913
ISIC_0031637,HAM_0007159,nv,4,0.00021193373,0.00019296784,0.023603829,0.00026221483,0.00082280475,0.97468275,0.00022340985
ISIC_0027605,HAM_0005266,nv,4,4.597707e-06,0.00010923773,4.716645e-05,0.00022414126,0.00015847498,0.99911004,0.00034631026
ISIC_0029346,HAM_0004625,nv,4,0.005922,0.0006061531,0.18084125,0.0029545957,0.17943393,0.62935144,0.00089060265
ISIC_0032091,HAM_0003114,nv,4,8.591669e-06,1.3255156e-05,2.6619718e-05,5.0367573e-05,0.0004021158,0.999345,0.00015408611
ISIC_0024765,HAM_0005087,nv,4,0.00028804378,0.00046754122,0.0018902421,0.0006710312,0.07271933,0.92299414,0.0009696932
ISIC_0026144,HAM_0000023,nv,4,5.3366152e-06,2.5064854e-05,2.769013e-05,8.075246e-05,2.429369e-05,0.9997061,0.00013069075
ISIC_0031231,HAM_0001875,nv,4,0.00024226656,0.00016683275,0.00035112153,0.00043230882,0.007655378,0.9909753,0.00017690015
ISIC_0025093,HAM_0003970,nv,4,0.00045991578,0.0002185255,0.00017627743,0.0015596782,0.0020700246,0.9952317,0.00028389983
ISIC_0028105,HAM_0005397,nv,4,3.1457646e-05,0.00014153519,0.0020257214,0.00049593986,0.016862066,0.9771467,0.00329651
ISIC_0026854,HAM_0004842,nv,4,1.365694e-05,2.1069816e-05,0.0017957069,0.00012124842,4.1495125e-05,0.99795806,4.8797807e-05
ISIC_0025822,HAM_0004404,nv,4,0.00029664245,4.3493248e-05,0.00061105296,0.00027009603,0.38255852,0.6161214,9.878227e-05
ISIC_0024816,HAM_0007434,nv,4,5.147363e-05,1.3533015e-05,0.00021066082,6.381022e-05,0.0029394904,0.99665844,6.257602e-05
ISIC_0029436,HAM_0006786,nv,4,2.8574379e-05,5.8402242e-05,0.00037786676,0.0031003742,0.35168085,0.6443182,0.0004357723
ISIC_0028770,HAM_0005682,nv,4,0.00010118426,6.3940875e-05,0.0019416414,7.973128e-05,0.00096517976,0.9967505,9.787979e-05
ISIC_0026929,HAM_0005224,nv,4,0.0015569256,0.00024948872,0.00084400945,0.0021489486,0.11382991,0.87974066,0.0016300514
ISIC_0029999,HAM_0001373,nv,4,0.00041140628,0.008024739,0.008409854,0.0051710512,0.0038054546,0.7614797,0.2126979
ISIC_0030711,HAM_0002418,nv,4,8.444589e-06,6.130115e-06,8.6419175e-05,6.083318e-05,0.00016895286,0.9996561,1.323341e-05
ISIC_0031978,HAM_0007286,nv,4,8.898297e-06,1.4699493e-05,7.914309e-06,2.1980524e-05,0.00054730184,0.99925584,0.000143401
ISIC_0024744,HAM_0004434,nv,4,8.918408e-06,7.358704e-05,6.0886767e-05,3.0825795e-05,0.00012927548,0.99956006,0.00013634223
ISIC_0026292,HAM_0000477,nv,4,0.00016307975,0.0002715116,0.0001921549,0.0013988549,0.002145468,0.9955356,0.00029328748
ISIC_0026533,HAM_0001159,nv,4,0.00025975137,0.00055420655,0.00017101585,0.00027168595,0.0024819628,0.9961748,8.649751e-05
ISIC_0027309,HAM_0003199,nv,4,5.21425e-05,0.00021444274,0.00029225103,0.00020342725,0.0009723945,0.9978471,0.00041822164
ISIC_0028906,HAM_0002891,nv,4,3.9959414e-06,2.0532274e-05,4.4846616e-05,7.994773e-05,0.00014189728,0.99945635,0.00025246566
ISIC_0027110,HAM_0006348,nv,4,0.008654789,0.0001825227,0.12476888,0.00035806076,0.0048449067,0.8610079,0.00018287955
ISIC_0032454,HAM_0004634,nv,4,0.002336528,0.0005213499,0.005749177,0.0041632783,0.055351574,0.93164074,0.00023729686
ISIC_0026515,HAM_0002779,nv,4,8.442252e-06,3.118352e-05,6.2563304e-05,0.0003129496,2.9466359e-05,0.9993794,0.00017589201
ISIC_0029550,HAM_0002394,nv,4,0.010551043,0.031163028,0.00464783,0.0015282079,0.0038948015,0.9474586,0.00075651775
ISIC_0025493,HAM_0000614,nv,4,0.000269696,0.021825846,0.0016122425,0.00063942967,0.0005018941,0.9659711,0.0091798045
ISIC_0030414,HAM_0003717,nv,4,0.00018844826,0.00017225568,0.00030113946,0.0009532882,0.010440753,0.9878406,0.00010346301
ISIC_0030972,HAM_0002181,nv,4,0.0001045438,0.000232394,0.0008307758,0.0004216339,0.001642743,0.9962121,0.00055585336
ISIC_0026233,HAM_0000094,nv,4,0.0052646464,0.0007903438,0.0006746978,0.00027474063,0.061091267,0.9316697,0.00023453955
ISIC_0030657,HAM_0005639,nv,4,2.9052895e-05,5.834559e-05,0.00020265416,0.0006395046,5.1389336e-05,0.9989207,9.8380704e-05
ISIC_0026220,HAM_0005042,nv,4,0.00025849402,0.00039763583,0.00011381338,0.00017422391,0.0072436496,0.99135274,0.00045946735
ISIC_0030380,HAM_0002405,nv,4,0.0032772848,0.0002359035,0.01547555,0.0004407258,0.005949628,0.97441715,0.0002037591
ISIC_0028561,HAM_0005517,nv,4,2.202433e-05,6.1049126e-05,0.00017925823,2.47143e-05,0.0003790267,0.99929357,4.0508938e-05
ISIC_0024619,HAM_0006829,nv,4,0.0001218566,0.00037187865,0.00018526556,3.2037507e-05,0.00014149424,0.99905354,9.397974e-05
ISIC_0025072,HAM_0006712,nv,4,3.87633e-05,1.8132543e-05,0.00022014587,0.00010444753,0.0012981616,0.99821496,0.00010547252
ISIC_0027951,HAM_0005080,nv,4,2.6556638e-05,4.097137e-05,7.8820274e-05,6.955866e-05,0.004349919,0.9950315,0.00040283136
ISIC_0028083,HAM_0007496,nv,4,2.0536065e-05,1.6150454e-05,0.0015521214,0.00015747898,0.00046015234,0.9976903,0.000103277234
ISIC_0031320,HAM_0001206,nv,4,5.655451e-05,3.350744e-05,0.00065262703,8.116897e-05,0.00015706965,0.9989918,2.7241356e-05
ISIC_0032080,HAM_0005871,nv,4,0.00011850224,0.00021689732,8.5688036e-05,0.00022074368,0.0026346203,0.99653673,0.00018679467
ISIC_0029456,HAM_0006977,nv,4,0.00076203875,0.0010574695,0.00041350484,0.0003287104,0.0037180637,0.9933606,0.00035961028
ISIC_0028279,HAM_0001843,nv,4,2.5257674e-05,2.72527e-06,0.00025475892,2.6008589e-05,0.00012323473,0.99955696,1.103426e-05
ISIC_0026317,HAM_0004918,nv,4,0.00016865814,5.6108533e-05,0.00011501487,0.0001839728,0.00040281576,0.99888736,0.00018614142
ISIC_0028474,HAM_0004682,nv,4,4.8291822e-05,6.1165934e-05,4.943703e-05,0.00022848291,0.00028784393,0.9992519,7.292063e-05
ISIC_0026436,HAM_0000260,nv,4,0.0029768497,0.00081382535,0.012546016,0.00067336846,0.081327386,0.9012261,0.00043646095
ISIC_0031693,HAM_0007388,nv,4,0.0001986901,8.202145e-05,0.001872248,0.0008488604,0.0010683548,0.995776,0.00015383598
ISIC_0031540,HAM_0006374,nv,4,2.7881379e-05,0.0005800505,0.0002718642,0.00035181842,0.00067024713,0.8660596,0.1320386
ISIC_0027457,HAM_0002457,nv,4,0.00037858926,0.00052767637,0.002947457,0.00058866554,0.0014038852,0.9940063,0.00014739155
ISIC_0025126,HAM_0002953,nv,4,2.8443586e-05,3.7608104e-05,0.0038062779,0.0002822645,2.992529e-05,0.99531376,0.00050171884
ISIC_0025162,HAM_0003353,nv,4,0.0006346004,0.00045530355,0.07207175,0.0012731949,0.062617026,0.8627147,0.00023345646
ISIC_0031104,HAM_0000945,nv,4,1.677234e-05,0.00031400804,0.000615624,2.4595009e-05,0.0005619708,0.9983625,0.000104565035
ISIC_0024977,HAM_0007224,nv,4,0.00025406628,0.00013813344,0.0005124767,8.543463e-05,0.001459554,0.9974784,7.194316e-05
ISIC_0032075,HAM_0005534,nv,4,0.00035496498,0.0041586948,0.0006169287,0.0017781829,0.0085330885,0.052578684,0.9319794
ISIC_0027056,HAM_0005306,nv,4,0.00035323467,6.521434e-05,0.00050009036,0.00025742446,0.05646359,0.94204134,0.0003191209
ISIC_0027636,HAM_0001109,nv,4,0.001435192,0.00052797754,0.18797304,0.00056643726,0.037707284,0.77155495,0.0002352056
ISIC_0027936,HAM_0000428,nv,4,4.1238072e-05,1.0125581e-05,0.00018230661,4.1561507e-05,9.293144e-05,0.9995546,7.719348e-05
ISIC_0032500,HAM_0006860,nv,4,5.004063e-06,4.0208774e-06,9.2367714e-05,2.2252128e-05,4.0097133e-05,0.9998178,1.8411667e-05
ISIC_0025119,HAM_0002859,nv,4,4.2375425e-05,0.0049425284,0.0016664377,0.001342949,0.005556864,0.9858466,0.00060236617
ISIC_0024574,HAM_0005390,nv,4,2.310592e-05,0.00081451173,0.00025430295,0.00036038,0.00010056375,0.99645954,0.001987591
ISIC_0030578,HAM_0002789,nv,4,0.00013407509,0.0311827,0.0016088313,0.00021762535,5.0296283e-05,0.96628344,0.00052307674
ISIC_0028934,HAM_0000514,nv,4,0.0010412836,0.003749806,0.08576293,0.00038231938,0.004335009,0.90332204,0.0014066843
ISIC_0029387,HAM_0000711,nv,4,0.0010301813,0.0004607256,0.0012414231,0.0010680853,0.0347199,0.96066475,0.0008149405
ISIC_0025404,HAM_0000251,nv,4,0.0013372947,0.00034010803,0.0015588821,0.00026591308,0.12739459,0.8688853,0.00021788137
ISIC_0031240,HAM_0004602,nv,4,8.086426e-05,0.00038277963,0.0011380357,0.00025900168,0.0026473047,0.9952415,0.00025054318
ISIC_0032320,HAM_0005990,nv,4,0.01629466,0.0064531467,0.039280187,0.006802582,0.033770822,0.8970739,0.00032475317
ISIC_0026252,HAM_0003651,nv,4,3.264835e-05,0.00061964936,6.392237e-05,0.0019194019,0.00046727931,0.9945176,0.0023794216
ISIC_0025714,HAM_0000458,nv,4,0.0005240148,0.0007303699,0.00051993685,0.0003726723,0.0009823403,0.9967957,7.505045e-05
ISIC_0026261,HAM_0005067,nv,4,8.454027e-05,0.00013365151,0.000259134,7.287827e-05,0.0026120539,0.9967229,0.00011487777
ISIC_0025997,HAM_0001256,nv,4,4.2053092e-05,5.458042e-05,4.8402817e-05,0.000104387786,8.721926e-05,0.9995944,6.892877e-05
ISIC_0031383,HAM_0000030,nv,4,0.00038074583,0.000106975596,0.0054017366,0.00071971177,0.0013237525,0.99188894,0.00017810377
ISIC_0024362,HAM_0001758,nv,4,2.2857845e-05,4.8579448e-05,2.8502662e-05,0.00041909926,0.0001175648,0.9993309,3.255106e-05
ISIC_0030562,HAM_0004093,nv,4,2.0288468e-05,6.498232e-05,0.00020853998,5.8363654e-05,0.0003256058,0.9992299,9.226835e-05
ISIC_0026527,HAM_0002438,nv,4,2.3488852e-05,0.00011315874,0.00030003203,7.320361e-05,0.00017373003,0.9992188,9.754893e-05
ISIC_0024611,HAM_0000385,nv,4,0.00027002534,8.480145e-05,0.0012766345,0.0002581637,0.00978259,0.98815405,0.00017366177
ISIC_0032180,HAM_0004236,nv,4,0.000107296866,4.2513348e-05,0.00029209067,7.865354e-05,0.0005493062,0.99876153,0.00016863689
ISIC_0032083,HAM_0005491,nv,4,0.00015830173,0.00017746275,0.0001286984,0.00017369074,0.0041267485,0.9950982,0.00013699874
ISIC_0029906,HAM_0001644,nv,4,4.7672263e-05,0.00017488953,0.00038348892,0.00017050486,0.0030549115,0.9961124,5.606205e-05
ISIC_0024820,HAM_0005843,nv,4,1.9210758e-05,5.2016665e-05,3.4313834e-05,0.0001316669,0.0009841219,0.9973852,0.0013936063
ISIC_0032120,HAM_0000901,nv,4,3.190031e-05,0.00029478566,9.9807236e-05,0.00014020204,0.0004733719,0.99866855,0.00029135132
ISIC_0025147,HAM_0004425,nv,4,7.5884906e-05,0.00017712826,0.00023928499,0.00018873626,0.0010890892,0.99808407,0.00014584408
ISIC_0025272,HAM_0004915,nv,4,2.8014947e-06,3.0030797e-05,1.1387279e-05,3.5207313e-06,0.00010458772,0.99979883,4.87686e-05
ISIC_0024685,HAM_0006798,nv,4,7.0120172e-06,2.8224873e-05,0.00011988016,0.0003149951,0.00015154274,0.9993026,7.5681346e-05
ISIC_0029556,HAM_0001831,nv,4,1.9284804e-05,2.0851845e-05,0.00015850128,2.3536119e-05,0.00046155922,0.99927586,4.042918e-05
ISIC_0031141,HAM_0006278,nv,4,2.7868055e-05,3.914704e-05,4.7590693e-05,0.000102336075,0.0013466977,0.9983,0.00013636998
ISIC_0025448,HAM_0003733,nv,4,3.0975192e-05,5.1470004e-05,0.0009775906,0.00015054189,8.980493e-05,0.9985366,0.00016309283
ISIC_0029246,HAM_0003666,nv,4,3.1668103e-05,2.3305032e-05,3.948864e-05,3.4984998e-05,0.0006216397,0.99917465,7.4135605e-05
ISIC_0026119,HAM_0005827,nv,4,2.83382e-05,3.306607e-05,5.041973e-05,8.857584e-05,0.00024100934,0.9994035,0.00015515211
ISIC_0028853,HAM_0001047,nv,4,0.0011767322,0.0015198333,0.16120279,0.0005986729,0.07056197,0.76307064,0.0018694268
ISIC_0031635,HAM_0000434,nv,4,0.002302053,0.0042798524,0.010574649,0.0005356864,0.22297141,0.75873524,0.00060111313
ISIC_0030042,HAM_0004436,nv,4,8.768994e-05,5.498224e-05,8.2216335e-05,0.00013293001,0.014950186,0.98458844,0.000103526
ISIC_0025241,HAM_0002710,nv,4,0.00010935649,2.5447189e-05,0.0002442822,4.362663e-05,0.0022728567,0.9972703,3.417612e-05
ISIC_0028277,HAM_0005168,nv,4,0.00049864425,0.00019112133,0.0011679053,0.00017469906,0.013346405,0.984396,0.00022519597
ISIC_0027682,HAM_0002550,nv,4,2.666925e-05,0.0002156902,5.3663327e-05,0.00016773382,0.00014152219,0.9992508,0.00014389127
ISIC_0024671,HAM_0001098,nv,4,1.05624495e-05,1.5398318e-05,0.00010339485,3.15953e-05,0.00093469047,0.99882656,7.781821e-05
ISIC_0024427,HAM_0003988,nv,4,0.00015799042,0.00011137746,0.0010159897,0.0008078451,0.00065613235,0.9970283,0.00022236747
ISIC_0027116,HAM_0002656,nv,4,4.3418408e-05,2.2701839e-05,0.00026235843,8.830921e-05,0.001186768,0.998343,5.3405554e-05
ISIC_0031525,HAM_0002633,nv,4,0.00094039325,0.00015593249,0.016045958,0.00090172177,0.014854583,0.9668948,0.00020657698
ISIC_0029595,HAM_0007520,nv,4,0.0001685101,0.00014245512,0.00036306208,0.00012232523,0.0015588867,0.99703646,0.00060831156
ISIC_0029419,HAM_0002469,nv,4,1.0674166e-05,5.7929847e-05,0.000574315,0.001358339,0.00018428054,0.9976312,0.00018320393
ISIC_0028595,HAM_0003237,nv,4,0.0007556035,0.00010917437,0.0034666853,0.00029503292,0.0024546497,0.99269694,0.0002218343
ISIC_0026377,HAM_0001019,nv,4,0.00080805575,0.0012856073,0.0018797034,0.00086946075,0.0006965876,0.99437076,8.978029e-05
ISIC_0026259,HAM_0000761,nv,4,0.00013799038,0.00037181444,0.00018424133,0.0005736324,0.00012417791,0.9983935,0.00021456018
ISIC_0028387,HAM_0004470,nv,4,0.00095100177,0.0015802343,0.0019995552,0.00050953194,0.006379444,0.9883627,0.00021744153
ISIC_0029968,HAM_0001559,nv,4,0.0005666931,0.0036880928,0.005469644,0.00023901746,0.0023090767,0.9853532,0.0023742456
ISIC_0028250,HAM_0004727,nv,4,8.707418e-05,9.694872e-05,0.00029399336,0.00020166422,0.00031341307,0.9989066,0.00010022176
ISIC_0025343,HAM_0001476,nv,4,1.0282905e-05,5.181452e-05,2.9871031e-05,0.00020234518,0.00026695355,0.9993475,9.111509e-05
ISIC_0032276,HAM_0005174,nv,4,1.6625627e-05,3.47864e-05,0.00050068373,5.0416587e-05,2.8336433e-05,0.9993412,2.8006307e-05
ISIC_0026412,HAM_0002873,nv,4,2.9053324e-05,8.162918e-06,0.00072766154,9.260217e-05,8.7246925e-05,0.9989354,0.000119719145
ISIC_0026999,HAM_0006075,nv,4,0.00022521843,6.3649975e-05,7.543873e-05,0.00024375711,0.014774596,0.98449415,0.00012316872
ISIC_0029762,HAM_0007587,nv,4,0.00021100539,0.00012923719,0.0003287321,0.0005283994,0.018663138,0.9799366,0.00020292193
ISIC_0032196,HAM_0002188,nv,4,2.9335004e-06,2.3806204e-05,7.7741615e-06,0.00036394293,0.0005316064,0.9989675,0.000102404505
ISIC_0030884,HAM_0006432,nv,4,2.2769056e-05,7.123807e-05,0.000111854526,6.6531e-05,9.291196e-05,0.9993451,0.00028956248
ISIC_0032213,HAM_0003656,nv,4,0.00011340816,8.6445056e-05,0.0013658316,2.8506556e-05,0.00071868923,0.9975172,0.00016991363
ISIC_0027013,HAM_0001854,nv,4,7.579154e-05,5.9489455e-05,0.00016234202,7.403583e-05,0.0026953293,0.996856,7.6985074e-05
ISIC_0025591,HAM_0006446,nv,4,0.00062292116,0.00038078404,0.0004889364,0.0006983202,0.0015075016,0.995871,0.00043064292
ISIC_0028249,HAM_0002118,nv,4,0.00016096962,0.0018234063,0.0038072702,0.000419977,0.00047869293,0.9865001,0.0068095997
ISIC_0027035,HAM_0003331,nv,4,0.0006859371,9.2831484e-05,0.00034423784,0.00021881086,0.013590334,0.9849214,0.00014632994
ISIC_0026484,HAM_0002608,nv,4,0.0016702967,0.00027561327,0.0017453351,0.00016651617,0.02397625,0.97186035,0.00030567253
ISIC_0029663,HAM_0002039,nv,4,0.0007313374,0.005987408,0.0014124457,0.00037062375,0.10236306,0.88601065,0.0031244804
ISIC_0031747,HAM_0003213,nv,4,4.4596003e-05,0.00063890364,0.002326481,7.3958465e-05,0.0004314603,0.9958144,0.0006702195
ISIC_0030510,HAM_0000895,nv,4,0.00024285635,0.0049960157,0.0007110117,0.0548519,0.00085597043,0.9295633,0.00877899
ISIC_0027592,HAM_0006960,nv,4,0.00028697253,0.0010405164,0.005535068,0.00013529172,0.002360924,0.9904066,0.00023467805
ISIC_0027460,HAM_0000137,nv,4,0.0001885574,0.0004384091,0.006807827,0.00011215381,0.0013333597,0.99034506,0.00077470974
ISIC_0026860,HAM_0000334,nv,4,3.8433445e-06,3.6110276e-05,1.1474108e-05,5.5268847e-06,0.0039982363,0.9956856,0.00025921213
ISIC_0030256,HAM_0001586,nv,4,0.00040691518,0.00023688836,0.005827526,0.00016376762,0.022500662,0.9689762,0.0018879987
ISIC_0029767,HAM_0003734,nv,4,1.909489e-05,4.2281205e-05,2.4662408e-05,0.00026141782,0.00037574582,0.9991449,0.0001318992
ISIC_0029414,HAM_0001422,nv,4,0.00013343684,7.921328e-05,0.0013295269,0.00015539528,0.0018724176,0.99609417,0.00033578795
ISIC_0026357,HAM_0001718,nv,4,0.00073992147,0.00023169257,0.004673024,0.00045186348,0.0020868464,0.99126726,0.0005493263
ISIC_0025935,HAM_0006029,nv,4,0.00045088137,0.00035528594,0.0042757546,7.766581e-05,0.00055027765,0.99395424,0.00033604968
ISIC_0025348,HAM_0002688,nv,4,0.0050315447,0.0007066897,0.18051344,0.001077573,0.009225103,0.80270934,0.0007362777
ISIC_0029782,HAM_0007120,nv,4,0.00020571418,0.0004300031,0.0010559857,6.9446054e-05,0.004679748,0.9934208,0.00013837997
ISIC_0030103,HAM_0001148,nv,4,0.00040972864,0.00014695177,0.016318675,6.9686794e-05,0.022304984,0.9605495,0.00020046734
ISIC_0031739,HAM_0001748,nv,4,0.00010880006,0.0001569179,0.00012280597,0.00035396544,0.0001695031,0.9990018,8.623619e-05
ISIC_0028074,HAM_0006440,nv,4,5.556226e-05,0.0002767108,8.538682e-05,0.00324981,0.0004153921,0.9949751,0.00094206154
ISIC_0028986,HAM_0007338,nv,4,3.654084e-05,3.9975803e-05,8.2105165e-05,5.5609413e-05,3.814518e-05,0.99971694,3.0710435e-05
ISIC_0032038,HAM_0001998,nv,4,4.4451397e-05,0.00017056611,2.7762697e-05,8.435393e-05,0.00065564504,0.99841833,0.00059883273
ISIC_0029261,HAM_0001977,nv,4,1.3527757e-05,0.00046856064,0.00013268087,0.000119867174,0.0011477278,0.99627125,0.001846419
ISIC_0030494,HAM_0004715,nv,4,1.9663381e-05,4.69861e-05,0.0033589476,9.773635e-05,0.0009057053,0.9952898,0.0002811573
ISIC_0030527,HAM_0006713,nv,4,5.5237946e-05,0.00012931303,0.00021320116,5.0887582e-05,0.0005436313,0.9988746,0.00013315755
ISIC_0029122,HAM_0006050,nv,4,7.485228e-05,6.503278e-05,0.00014107696,0.0005298255,0.0009842417,0.99805474,0.00015017565
ISIC_0026635,HAM_0004057,nv,4,0.00040045677,0.00015096074,0.00501625,0.0003614294,0.001302193,0.9925528,0.00021581938
ISIC_0027647,HAM_0002132,nv,4,5.2588708e-05,0.00032673895,0.0001681087,0.00012990434,0.0006993477,0.9985544,6.885706e-05
ISIC_0031992,HAM_0006431,nv,4,0.00010882653,8.727395e-05,0.00039247386,0.0001575704,0.0019186633,0.9972951,4.011331e-05
ISIC_0027879,HAM_0003863,nv,4,2.6452903e-05,3.363611e-05,2.9625844e-05,0.00041673306,0.0004809761,0.9989184,9.424273e-05
ISIC_0028398,HAM_0003399,nv,4,9.9563506e-05,2.791911e-05,0.01616558,7.1015995e-05,0.0046701212,0.978871,9.481879e-05
ISIC_0032275,HAM_0003489,nv,4,0.0009857028,0.00076841615,0.0046670693,0.0005572658,0.0062116086,0.9861443,0.0006656585
ISIC_0030823,HAM_0004902,nv,4,4.9588805e-05,4.8345566e-05,1.4744563e-05,9.219282e-05,0.0011258839,0.998412,0.00025717614
ISIC_0024508,HAM_0006598,nv,4,2.9793344e-05,0.00015856426,0.00082495593,0.00010297841,0.0019940005,0.99674845,0.00014130569
ISIC_0026066,HAM_0001599,nv,4,2.0337384e-06,9.514762e-06,7.168105e-06,6.533986e-05,1.559554e-05,0.9998338,6.64661e-05
ISIC_0026918,HAM_0006573,nv,4,0.0006676298,0.00049954356,0.0023960238,0.0018121495,0.0011468215,0.99196666,0.0015111533
ISIC_0025913,HAM_0003409,nv,4,3.5285382e-05,3.1872926e-06,9.351091e-05,6.1206294e-05,0.0037719363,0.99601305,2.1866443e-05
ISIC_0031590,HAM_0003786,nv,4,5.6654826e-05,4.817633e-05,0.0028867465,0.00016076537,0.015344919,0.9814073,9.543654e-05
ISIC_0032064,HAM_0002482,nv,4,1.8110311e-05,3.9248724e-05,0.00017590057,8.148245e-05,0.00023246215,0.99894017,0.00051260163
ISIC_0024689,HAM_0000610,nv,4,4.2989075e-05,5.1050785e-05,0.00018930658,8.173841e-05,0.05248947,0.9468973,0.00024811085
ISIC_0025333,HAM_0007515,nv,4,5.3594445e-05,0.010424908,0.0007734639,0.000317584,0.00010350796,0.9882698,5.7162528e-05
ISIC_0028691,HAM_0001161,nv,4,0.00013271421,0.00023867722,0.00013181008,8.4193685e-05,0.00083423563,0.9984699,0.00010852996
ISIC_0027508,HAM_0003880,nv,4,5.691772e-06,1.040761e-05,4.798352e-05,4.6145302e-05,0.000116236064,0.999683,9.061319e-05
ISIC_0030624,HAM_0006771,nv,4,3.468566e-05,1.2104679e-05,0.0001061115,2.9265359e-05,0.0013991107,0.99839526,2.3377996e-05
ISIC_0025023,HAM_0006381,nv,4,3.4183954e-06,5.367398e-06,9.401695e-06,3.0527393e-05,0.0001892535,0.9995983,0.00016379524
ISIC_0029593,HAM_0004229,nv,4,0.00041321185,0.0008705086,0.0030443138,0.0001255312,0.0054616346,0.98975277,0.00033202505
ISIC_0024320,HAM_0005039,nv,4,7.546111e-06,5.027544e-05,0.0001008673,2.5132385e-05,0.0011765583,0.99849164,0.00014805663
ISIC_0025211,HAM_0003245,nv,4,2.0648884e-05,9.254188e-05,0.00013464763,0.0019555811,0.00024717167,0.99731064,0.00023886617
ISIC_0025762,HAM_0005189,nv,4,0.00017650168,0.00012442723,0.00043049335,0.00017007183,0.002061304,0.9964978,0.0005394326
ISIC_0028470,HAM_0000811,nv,4,5.313362e-05,0.00012959463,0.00015955984,4.698192e-05,0.00037941482,0.9990965,0.00013488875
ISIC_0026102,HAM_0006841,nv,4,3.58304e-06,1.8019346e-05,1.3131838e-05,1.8921031e-05,0.00016249783,0.99976355,2.0299303e-05
ISIC_0029240,HAM_0006012,nv,4,4.7239842e-05,0.00018412028,0.001142632,9.249112e-05,0.0014420439,0.9967636,0.0003279095
ISIC_0025204,HAM_0000919,nv,4,2.4974897e-06,0.00011271432,3.3612418e-05,7.815121e-05,9.811935e-05,0.994323,0.005351906
ISIC_0025882,HAM_0000978,nv,4,2.5892916e-05,0.0005384191,8.897402e-05,5.9501443e-05,0.000107953834,0.9990062,0.00017301588
ISIC_0028070,HAM_0000989,nv,4,4.0422354e-05,7.8680765e-05,0.00020608511,9.555811e-05,0.0002452106,0.9991072,0.00022678271
ISIC_0030895,HAM_0006647,nv,4,0.0012361468,8.3629384e-05,0.052051492,0.0008991007,0.007749997,0.9371642,0.0008154489
ISIC_0031949,HAM_0007412,nv,4,1.1448789e-05,5.7455795e-06,6.280485e-05,0.00015438453,0.00041537947,0.9993267,2.3583332e-05
ISIC_0032041,HAM_0000103,nv,4,0.0008619806,0.0019292696,0.00089282356,0.00088934286,0.013850661,0.9790999,0.0024760219
ISIC_0029625,HAM_0004292,nv,4,0.005266913,0.00071262516,0.0050874487,9.719974e-05,0.0008731266,0.9878939,6.8924935e-05
ISIC_0025845,HAM_0005868,nv,4,5.6008077e-05,2.992047e-05,0.0001673726,0.00013022267,0.00047459357,0.9990483,9.361286e-05
ISIC_0024614,HAM_0001257,nv,4,5.551664e-05,1.8451032e-05,0.00016574208,6.2054365e-05,0.0015957213,0.99804914,5.3389835e-05
ISIC_0028259,HAM_0001348,nv,4,0.00024068795,0.00024978752,0.00039993972,0.0002283243,0.24747087,0.7446062,0.0068042194
ISIC_0032167,HAM_0000916,nv,4,0.0056429603,0.00010919069,0.00030503896,0.00019849266,0.2515214,0.7421559,6.700817e-05
ISIC_0029158,HAM_0004689,nv,4,8.52729e-06,1.9367264e-05,1.3976988e-05,2.7419117e-05,0.00013049031,0.9996362,0.00016399153
ISIC_0030577,HAM_0000281,nv,4,0.00024599436,0.00026598334,0.0002503567,0.0011497511,0.03171939,0.9657876,0.00058096094
ISIC_0025495,HAM_0001275,nv,4,0.00021808567,9.471796e-05,0.005237497,0.00015494824,0.0009123652,0.9932286,0.00015374243
ISIC_0024622,HAM_0004771,nv,4,0.0004585366,7.6404984e-05,0.0025314214,0.00011741743,0.0054780743,0.9912787,5.927227e-05
ISIC_0029935,HAM_0002593,nv,4,2.2423095e-05,0.00024775375,7.615325e-05,0.00044578538,8.477666e-06,0.9938188,0.005380627
ISIC_0025750,HAM_0007056,nv,4,2.0552312e-05,0.00013454244,0.00074131275,0.0019360085,0.00027822834,0.9965314,0.00035795072
ISIC_0028781,HAM_0005208,nv,4,0.00053365895,0.0002198704,0.001447805,0.0008536178,0.10090598,0.89585894,0.00018015534
ISIC_0031210,HAM_0004390,nv,4,4.6706384e-05,1.4272491e-05,6.0679118e-05,0.00020507444,0.008345083,0.991299,2.922811e-05
ISIC_0024558,HAM_0003041,nv,4,1.2228941e-05,1.4130515e-05,2.3849758e-05,0.000920214,0.00013185925,0.9988424,5.529013e-05
ISIC_0026985,HAM_0006607,nv,4,0.000105730054,5.3896263e-05,0.0008740992,0.00029594867,0.00057746226,0.99772495,0.00036795455
ISIC_0028096,HAM_0002638,nv,4,6.651801e-05,8.441575e-05,2.7033642e-05,0.00016853784,0.0003608241,0.99915004,0.00014261776
ISIC_0024670,HAM_0002935,nv,4,6.1010705e-05,0.00029478452,0.0003562732,0.00047475897,2.3293138e-05,0.99866474,0.00012518585
ISIC_0026405,HAM_0005964,nv,4,1.1184606e-05,7.51011e-05,4.5729405e-05,1.5198229e-05,0.00031147548,0.9994186,0.00012273728
ISIC_0026164,HAM_0002872,nv,4,0.000112115114,0.00013262093,0.0001073997,0.00019811786,0.0052614342,0.9938782,0.00031016496
ISIC_0030471,HAM_0002540,nv,4,0.00014595676,0.0075349733,0.002522283,0.013728863,0.00025219066,0.9747643,0.0010514439
ISIC_0028244,HAM_0001533,nv,4,0.00038857578,2.3819295e-05,0.00062215625,0.00012383294,0.018595077,0.9801844,6.214563e-05
ISIC_0027794,HAM_0002072,nv,4,0.00024144098,4.6759786e-05,0.0006504028,9.353941e-05,0.00057243905,0.9982645,0.00013088518
ISIC_0031300,HAM_0007626,nv,4,8.499833e-05,2.0526837e-05,0.00033568285,6.93059e-05,0.00020231363,0.9991917,9.5472904e-05
ISIC_0029769,HAM_0004107,nv,4,8.0404105e-05,0.00017527603,4.4490174e-05,8.360703e-05,0.013708031,0.9857201,0.00018804373
ISIC_0026434,HAM_0007414,nv,4,4.4619443e-05,0.0009769871,3.2327043e-05,6.843635e-05,0.00048785363,0.9982856,0.00010414935
ISIC_0031758,HAM_0001007,nv,4,1.1248879e-05,0.00015021466,2.0369089e-05,2.1263399e-05,0.00022113738,0.9992894,0.00028645262
ISIC_0030994,HAM_0001569,nv,4,0.0011952075,4.9791895e-05,0.00021544294,0.002161073,0.024659818,0.9716574,6.124508e-05
ISIC_0031028,HAM_0002941,nv,4,1.2334226e-05,2.6162606e-05,9.113828e-05,0.00020694362,2.516033e-05,0.9996019,3.6252306e-05
ISIC_0028624,HAM_0003750,nv,4,1.3282026e-05,1.0183683e-05,2.2637658e-05,4.2582815e-05,0.0003535079,0.99941695,0.00014092504
ISIC_0026899,HAM_0001652,nv,4,0.00032164494,0.00016078833,0.00019319162,0.00017487531,0.01561927,0.98346645,6.383239e-05
ISIC_0027692,HAM_0003769,nv,4,3.775248e-05,9.621623e-05,8.286261e-05,3.1175885e-05,0.0005858094,0.9991347,3.14204e-05
ISIC_0029494,HAM_0003486,nv,4,3.7406537e-06,2.1355272e-06,1.4983591e-05,3.3667267e-05,7.9027624e-05,0.9998436,2.284725e-05
ISIC_0025496,HAM_0002996,nv,4,2.8350023e-05,0.0001229066,0.0011849026,6.630313e-05,0.00057501346,0.9978695,0.00015310917
ISIC_0026284,HAM_0001252,nv,4,4.983333e-05,6.4868094e-05,0.00014575485,3.268149e-05,0.0002145719,0.9994236,6.878252e-05
ISIC_0028892,HAM_0006335,nv,4,6.892448e-06,3.8555776e-05,8.76538e-05,0.00013830337,2.7961172e-05,0.99968135,1.9142492e-05
ISIC_0027777,HAM_0000819,nv,4,6.7200167e-06,1.1342177e-05,4.7380734e-05,2.2644894e-05,0.00016218626,0.99973637,1.3312246e-05
ISIC_0029934,HAM_0006317,nv,4,0.0007527541,0.00017278687,0.0006042645,0.0016021626,0.01531264,0.98125744,0.0002979664
ISIC_0026309,HAM_0002285,nv,4,0.0001741581,0.00014410043,0.0019936205,0.00031721286,0.011741691,0.98518884,0.00044040644
ISIC_0028708,HAM_0005004,nv,4,0.00023344894,1.7966524e-05,0.0022757454,0.00016233824,0.013916828,0.983297,9.6747455e-05
ISIC_0028794,HAM_0006606,nv,4,6.185272e-06,4.5259174e-05,3.9092123e-05,0.00027441772,0.0006934322,0.99884856,9.304735e-05
ISIC_0028811,HAM_0003795,nv,4,3.43274e-06,2.7830492e-05,2.7079812e-05,1.7297229e-05,1.217012e-05,0.9998795,3.2792334e-05
ISIC_0026919,HAM_0001945,nv,4,7.708728e-05,0.00019116586,0.00017169499,8.9422814e-05,0.0012144159,0.99817944,7.663692e-05
ISIC_0025304,HAM_0007149,nv,4,4.1960615e-05,0.004010487,0.00041074865,0.0005964696,0.0003506464,0.9535827,0.041006956
ISIC_0027594,HAM_0006933,nv,4,0.0002469038,0.00018967783,0.0016023685,0.00011527035,0.0033802271,0.994286,0.00017958337
ISIC_0025552,HAM_0000218,nv,4,5.866445e-05,2.8368273e-05,0.0026359784,0.00029359033,0.00038535232,0.9965636,3.4419754e-05
ISIC_0029234,HAM_0006758,nv,4,1.7590633e-05,1.5253187e-05,0.0004108571,2.986429e-05,0.0042086854,0.99522674,9.091679e-05
ISIC_0026287,HAM_0002412,nv,4,0.00025981467,0.0020321577,0.0006443047,0.0013827696,0.00056197256,0.9944734,0.00064556435
ISIC_0025857,HAM_0002091,nv,4,0.0007917821,0.0010545899,0.00067394826,0.0005565445,0.00022929937,0.9964772,0.00021667268
ISIC_0029076,HAM_0005147,nv,4,0.0012566518,0.0009077881,0.0076747625,0.0019692834,0.0095545305,0.9781642,0.0004727975
ISIC_0030808,HAM_0001710,nv,4,9.366996e-05,0.0031140638,0.0006941633,0.0002022104,0.0018137584,0.9938174,0.00026476433
ISIC_0030489,HAM_0007447,nv,4,0.0008824149,0.00032304108,0.0008330096,0.0003889016,0.0019389342,0.9954823,0.00015140629
ISIC_0026944,HAM_0000331,nv,4,5.4065724e-05,9.544591e-05,8.179882e-05,0.00010199929,0.00241751,0.99696004,0.00028915363
ISIC_0025283,HAM_0004693,nv,4,3.3662625e-06,6.988541e-06,1.4969137e-05,9.93272e-06,2.5093083e-05,0.99985504,8.4578496e-05
ISIC_0030078,HAM_0005796,nv,4,0.00047419794,0.00012334004,0.0012704338,0.00011519032,0.0004385614,0.99748456,9.364907e-05
ISIC_0027676,HAM_0004115,nv,4,0.00021694868,0.0042441366,0.008259052,0.024162363,0.0006413948,0.9483447,0.014131252
ISIC_0026063,HAM_0003139,nv,4,0.0015900834,2.9151846e-05,0.0028278902,0.0015411616,0.003220596,0.9906454,0.00014575005
ISIC_0028321,HAM_0001032,nv,4,1.3149023e-05,5.73403e-05,8.55751e-05,0.004123239,0.00025748383,0.99522334,0.00024000129
ISIC_0031096,HAM_0005773,nv,4,5.976492e-06,2.5334566e-05,1.5715235e-05,0.00024195736,2.0456539e-05,0.99966705,2.3545334e-05
ISIC_0027441,HAM_0007455,nv,4,7.257535e-05,2.4644338e-05,0.0007942891,0.000100270096,0.0004868449,0.99841285,0.00010852376
ISIC_0031251,HAM_0005012,nv,4,0.00021545944,0.0002482346,0.00024558228,0.0003733728,0.0010688463,0.99769443,0.00015413236
ISIC_0029957,HAM_0005418,nv,4,0.00018112929,0.0003842004,0.00097250496,0.00015614321,0.039189503,0.9587924,0.00032416167
ISIC_0027383,HAM_0004037,nv,4,3.276872e-05,0.00036241673,0.0016672284,0.010285577,0.0004405867,0.9865551,0.0006562519
ISIC_0025010,HAM_0002590,nv,4,7.2631105e-06,4.4232012e-05,7.357003e-05,0.00038779207,9.336524e-05,0.9993291,6.47354e-05
ISIC_0028268,HAM_0004875,nv,4,2.7740855e-06,4.476479e-06,5.4526536e-06,2.1004469e-05,0.00021844452,0.99973243,1.5397241e-05
ISIC_0031548,HAM_0003575,nv,4,1.1036097e-05,2.3731338e-05,5.2650274e-05,0.00014533658,1.7843517e-05,0.9997234,2.6012918e-05
ISIC_0028333,HAM_0002259,nv,4,6.1431265e-06,9.169417e-05,0.0008951785,0.00011982555,0.00016733892,0.9959253,0.002794619
ISIC_0026410,HAM_0002104,nv,4,0.004173048,0.00027303374,0.0041279565,0.00072499004,0.0086931335,0.98175335,0.00025449542
ISIC_0029078,HAM_0004808,nv,4,0.00025260198,0.0001318183,0.010963457,0.00011341275,0.0005799082,0.9878632,9.568982e-05
ISIC_0025176,HAM_0002864,nv,4,0.0016262658,0.00021625616,0.023874475,0.013372764,0.002444893,0.9583305,0.00013480205
ISIC_0029901,HAM_0006022,nv,4,0.00011008984,9.1267684e-05,0.0008301118,0.0015127101,0.00026076025,0.9971185,7.6555465e-05
ISIC_0027430,HAM_0002330,nv,4,0.00013885518,0.056237426,0.0026328294,0.00059033907,0.00023253864,0.93826795,0.0019000632
ISIC_0024817,HAM_0000447,nv,4,1.1288978e-05,0.00013303653,0.00012485425,5.567493e-05,0.00058641174,0.99894184,0.00014682722
ISIC_0029154,HAM_0001426,nv,4,0.00013566951,0.00014856791,0.000103010534,0.000119028446,0.0003736821,0.9990087,0.00011138095
ISIC_0031109,HAM_0000869,nv,4,0.00012315829,7.499164e-05,8.6314845e-05,0.00093753636,0.012319506,0.9863353,0.00012315829
ISIC_0028119,HAM_0007564,nv,4,2.833966e-05,8.849394e-05,0.00014907037,0.00052746915,0.008123086,0.98974216,0.0013413609
ISIC_0030472,HAM_0005161,nv,4,0.00020795355,3.1797415e-05,0.00015590218,0.00020135875,0.003799361,0.99544734,0.00015620697
ISIC_0030983,HAM_0004920,nv,4,7.088807e-05,0.00018822998,0.0019080302,0.0020330723,0.0010874283,0.9944352,0.00027710132
ISIC_0026035,HAM_0001043,nv,4,2.7838822e-05,1.5314119e-05,7.515823e-05,9.678821e-05,0.00241468,0.99725276,0.000117434945
ISIC_0027918,HAM_0005844,nv,4,0.00085000374,0.00035921193,0.0034626229,0.00041506859,0.01582061,0.97878647,0.0003060524
ISIC_0032431,HAM_0000234,nv,4,1.5335621e-05,1.5915408e-05,0.00024129919,0.00064849516,0.00028362664,0.99865294,0.00014240768
ISIC_0025014,HAM_0000066,nv,4,0.0029659697,0.00051039946,0.14530075,0.09538365,0.0062667066,0.7487866,0.0007859038
ISIC_0029964,HAM_0006165,nv,4,0.00027662644,8.5862404e-05,0.014105338,0.0016699008,0.00047983835,0.98308337,0.00029910446
ISIC_0030415,HAM_0005317,nv,4,0.00017711663,0.00014597701,0.0037943244,0.0013004438,0.00029661454,0.99412775,0.00015783877
ISIC_0031641,HAM_0006405,nv,4,5.1004637e-05,9.417906e-05,7.853602e-05,9.947291e-05,0.00011882118,0.9992188,0.0003391518
ISIC_0031439,HAM_0001779,nv,4,0.0010762648,0.0010110572,0.66466135,0.00017095631,0.028084425,0.3037104,0.0012856068
ISIC_0030516,HAM_0003312,nv,4,0.00014455563,6.644142e-05,0.00047144064,8.061461e-05,0.00086394243,0.9979995,0.00037348695
ISIC_0031205,HAM_0002920,nv,4,0.00026560196,0.00029572225,0.0023488621,0.00018041866,0.04862824,0.9347313,0.013549809
ISIC_0028330,HAM_0001184,nv,4,5.9314487e-05,3.9899718e-05,0.00083211187,0.00020302362,0.040784474,0.95771617,0.00036512376
ISIC_0027977,HAM_0004512,nv,4,4.930568e-05,1.754618e-05,0.0010028613,3.621399e-05,0.006150023,0.99271166,3.246201e-05
ISIC_0029165,HAM_0004666,nv,4,0.0031627435,6.337306e-05,0.0091651175,0.0007645392,0.00069612084,0.9859714,0.00017669579
ISIC_0029607,HAM_0003599,nv,4,0.00026241475,0.0005620805,0.06471439,0.00043012112,0.0023263486,0.93075776,0.0009468392
ISIC_0030727,HAM_0005957,nv,4,0.007585573,0.004533978,0.6091048,0.0037956869,0.09182646,0.26818523,0.014968316
ISIC_0030751,HAM_0002813,nv,4,8.261004e-05,7.851973e-05,0.00045339685,0.0002483197,0.0019956026,0.9970624,7.913556e-05
ISIC_0029442,HAM_0007175,nv,4,0.00013741672,0.00018133783,0.00012647064,0.0002722203,0.0010784938,0.9981342,6.991196e-05
ISIC_0032208,HAM_0002665,nv,4,1.2821467e-06,1.1836547e-05,1.6273718e-05,3.0761694e-05,1.8585168e-05,0.99943155,0.00048972707
ISIC_0028722,HAM_0002901,nv,4,4.544627e-05,9.252402e-05,0.00016721243,5.2308336e-05,0.0024691962,0.9971181,5.5248613e-05
ISIC_0028713,HAM_0003898,nv,4,2.5699323e-06,3.2869934e-06,2.7414364e-05,2.6056985e-05,0.00035499447,0.9994629,0.00012271277
ISIC_0029620,HAM_0004800,nv,4,0.00013786092,0.00015867694,0.00029906453,0.0004008664,0.0033011516,0.9955106,0.00019177514
ISIC_0025999,HAM_0005286,nv,4,0.000105897685,0.00018513165,0.00020056638,0.0006589176,0.09478329,0.90279853,0.0012676186
ISIC_0024978,HAM_0003629,nv,4,8.438048e-05,0.00027667297,0.0005184097,0.000240143,3.700738e-05,0.9987326,0.000110699635
ISIC_0025725,HAM_0000056,nv,4,0.0010538783,0.00020430364,0.008998053,0.00038318333,0.014086973,0.97511476,0.00015880137
ISIC_0028251,HAM_0002884,nv,4,1.9363792e-05,5.8206137e-05,3.5615463e-05,0.00022193171,6.3058884e-05,0.99945694,0.00014476673
ISIC_0027075,HAM_0004261,nv,4,2.1962143e-05,2.7492948e-05,0.0045697363,5.9466543e-05,0.00034087224,0.99452776,0.0004526862
ISIC_0029282,HAM_0001059,nv,4,0.00015829377,0.0036311173,0.0040412964,8.228229e-05,0.0019760728,0.98923486,0.00087602116
ISIC_0026881,HAM_0006021,nv,4,9.476987e-06,6.1188025e-06,6.495347e-05,5.178542e-05,4.3778375e-05,0.9997621,6.1737395e-05
ISIC_0031818,HAM_0001395,nv,4,0.00027384548,0.012316762,0.0021878816,0.0008601401,0.0009049471,0.97700936,0.006447047
ISIC_0024325,HAM_0002044,nv,4,1.678785e-05,4.7630574e-06,0.00026059436,1.8875087e-05,0.00037612004,0.99928576,3.71728e-05
ISIC_0024651,HAM_0001681,nv,4,7.000523e-06,1.0863821e-05,3.1868243e-05,1.1274545e-05,0.00017718354,0.9996151,0.00014671111
ISIC_0029011,HAM_0002248,nv,4,2.9118513e-05,4.1304997e-05,0.0006228853,2.8443983e-05,3.602686e-05,0.99922323,1.898482e-05
ISIC_0025344,HAM_0000937,nv,4,0.00013957759,3.1204858e-05,0.000109662746,0.0002066856,0.0012973939,0.99811184,0.000103624014
ISIC_0027701,HAM_0005653,nv,4,0.00010485341,0.00010818181,0.0002569927,0.000458139,0.001708855,0.9972128,0.00015019557
ISIC_0027448,HAM_0003963,nv,4,0.0005624582,3.7719165e-05,0.00024500096,0.00013663014,0.6345282,0.36437893,0.00011107954
ISIC_0029134,HAM_0002829,nv,4,1.1652703e-05,2.0773188e-05,0.00016156906,2.8784441e-05,0.0001736772,0.99940276,0.00020078162
ISIC_0027532,HAM_0005602,nv,4,0.00022984612,0.0014345217,0.0005677647,0.00010772671,0.0005546124,0.9969043,0.00020125999
ISIC_0031885,HAM_0004821,nv,4,3.682622e-05,0.000287126,4.95551e-05,0.009906405,7.352433e-05,0.98803735,0.0016092006
ISIC_0026304,HAM_0007200,nv,4,1.8684688e-05,3.4500903e-05,6.1264735e-05,0.00024648325,0.0005076683,0.99891305,0.00021837208
ISIC_0025460,HAM_0006820,nv,4,1.7691926e-05,4.7253667e-05,2.8106446e-05,7.261836e-05,0.000787613,0.99900454,4.2192776e-05
ISIC_0028553,HAM_0003075,nv,4,1.7591216e-05,3.775325e-05,9.38059e-05,0.00015526511,0.0004599919,0.99915504,8.047185e-05
ISIC_0028604,HAM_0006449,nv,4,0.0003046394,0.00045731795,0.00021686716,0.00022157685,0.010593087,0.9876792,0.0005273988
ISIC_0030680,HAM_0002381,nv,4,0.00093051064,0.00023665253,0.027326614,0.0018833581,0.13729322,0.8312247,0.0011050088
ISIC_0032406,HAM_0006304,nv,4,0.00013155598,0.00016892124,0.00046914734,0.00015260761,0.01660274,0.98205364,0.00042136313
ISIC_0031341,HAM_0006807,nv,4,2.2033617e-05,3.5140914e-05,0.0017508812,0.000109517554,0.08063172,0.91739005,6.071806e-05
ISIC_0026850,HAM_0003915,nv,4,0.00020308247,8.1414204e-05,0.00011892059,0.00083898375,0.000557725,0.9981034,9.649311e-05
ISIC_0030685,HAM_0000585,nv,4,1.24080725e-05,1.8481769e-05,7.4684256e-05,5.188405e-05,6.1794606e-05,0.9997118,6.893687e-05
ISIC_0030343,HAM_0006570,nv,4,0.0022946694,0.0032805486,0.0026359947,0.051416732,0.1932882,0.7453037,0.001780123
ISIC_0031328,HAM_0000424,nv,4,4.0608025e-05,6.8941794e-05,0.00132536,0.004142131,0.00018057627,0.9939423,0.000300055
ISIC_0026617,HAM_0003804,nv,4,3.0764986e-06,8.233138e-06,0.0037710937,0.00010088958,0.0002883917,0.99579054,3.777338e-05
ISIC_0028162,HAM_0000416,nv,4,1.4599475e-05,0.00034670217,0.00011917524,6.4794454e-05,0.00028449402,0.99828905,0.00088131847
ISIC_0026033,HAM_0003319,nv,4,9.809863e-06,2.142671e-05,0.00067607115,3.9952254e-05,8.7349006e-05,0.99912804,3.7458438e-05
ISIC_0032037,HAM_0002687,nv,4,4.5396013e-05,5.761054e-05,2.3231345e-05,0.00022476012,0.0016238785,0.9979627,6.253565e-05
ISIC_0028663,HAM_0000635,nv,4,0.00065680424,0.00024663113,0.000406626,0.00036449722,0.0050268173,0.9931879,0.00011073198
ISIC_0029800,HAM_0003702,nv,4,3.472442e-05,3.1248597e-05,0.00017885999,5.072148e-05,0.00016142882,0.9995109,3.2114836e-05
ISIC_0024992,HAM_0004740,nv,4,5.7902227e-05,3.185198e-05,8.5323605e-05,0.00013998964,0.00022217879,0.99910504,0.0003578253
ISIC_0030691,HAM_0006081,nv,4,6.7822824e-05,2.4135785e-05,7.5073025e-05,8.623992e-05,0.037035536,0.9626504,6.0795985e-05
ISIC_0026640,HAM_0006309,nv,4,0.0001934306,0.0002162093,0.00042580496,0.00036208247,0.06065551,0.9377578,0.00038921722
ISIC_0024430,HAM_0007269,nv,4,2.4229055e-05,4.8563154e-05,0.00019395587,3.8491722e-05,0.0025900372,0.9970464,5.8236117e-05
ISIC_0025880,HAM_0005744,nv,4,2.5915851e-05,1.4452542e-05,0.0003181959,0.0009646817,0.0022424045,0.9959929,0.00044134012
ISIC_0027551,HAM_0006035,nv,4,0.000545703,7.2071656e-05,0.0027033137,0.0004119182,0.006337397,0.98954904,0.00038059024
ISIC_0029887,HAM_0000638,nv,4,5.1592684e-05,9.251439e-05,0.00011983949,0.00019528004,0.00050986774,0.9989636,6.728954e-05
ISIC_0029623,HAM_0004433,nv,4,0.00088437874,8.553689e-05,0.0047677928,0.001217094,0.022389125,0.96983904,0.00081711827
ISIC_0028733,HAM_0006639,nv,4,2.1517217e-05,6.493233e-05,8.618952e-05,7.7410834e-05,0.0002995119,0.9994367,1.3757549e-05
ISIC_0025050,HAM_0002807,nv,4,3.858989e-05,4.5285974e-06,9.1762275e-05,0.00017904879,3.7111535e-05,0.99958926,5.9710856e-05
ISIC_0024840,HAM_0006705,nv,4,7.259719e-05,2.712759e-05,3.7006666e-05,0.0005590204,0.0005253434,0.9987134,6.558609e-05
ISIC_0031414,HAM_0000400,nv,4,5.5047032e-05,0.0001221272,0.00012625025,0.00019138397,0.0020326073,0.99736834,0.00010425708
ISIC_0029890,HAM_0000052,nv,4,0.0003989677,0.00139662,0.0011042779,0.0003073965,0.0019527917,0.9946733,0.00016680245
ISIC_0024444,HAM_0005543,nv,4,3.452518e-05,0.00022142575,0.0011861073,0.0001292827,0.0023986364,0.9957188,0.00031134687
ISIC_0028240,HAM_0001635,nv,4,0.00039945226,0.015839625,0.00036584277,0.005736732,0.024652977,0.94012314,0.012882242
ISIC_0027465,HAM_0002214,nv,4,0.0034250685,0.0002122207,0.04714329,0.0009623184,0.010662592,0.93678105,0.0008135251
ISIC_0032440,HAM_0005570,nv,4,0.002064,0.0005977325,0.0027842047,0.0010348082,0.0072836503,0.9859357,0.0002999723
ISIC_0029946,HAM_0001374,nv,4,0.0006745657,0.00014818241,0.0015760892,0.0008670058,0.4256338,0.5705199,0.0005803773
ISIC_0029965,HAM_0001360,nv,4,2.656878e-05,0.00011552227,4.1070234e-05,0.000121658886,0.00024659914,0.9993826,6.588692e-05
ISIC_0028402,HAM_0006957,nv,4,9.92985e-06,6.37469e-05,8.6948685e-06,0.00028340128,4.1037685e-05,0.99956626,2.6992135e-05
ISIC_0028038,HAM_0005114,nv,4,1.2044512e-05,7.6421595e-05,6.485816e-05,0.00016659441,0.00017458946,0.9992706,0.00023482108
ISIC_0025872,HAM_0004973,nv,4,2.93057e-06,3.288499e-06,2.3875506e-05,2.9699046e-05,5.782779e-06,0.9999207,1.3683798e-05
ISIC_0028311,HAM_0000600,nv,4,0.00039849663,0.00010254248,0.0003462199,0.00092653243,0.0073700487,0.98673046,0.004125652
ISIC_0025727,HAM_0000130,nv,4,6.5261855e-05,6.190948e-05,0.00016406827,0.00030117895,0.005380395,0.99377596,0.0002511534
ISIC_0029643,HAM_0005451,nv,4,1.3492214e-05,2.8010561e-05,0.00024777304,2.688493e-05,0.00012054875,0.999493,7.028114e-05
ISIC_0026485,HAM_0006414,nv,4,0.0008271742,0.0015998791,0.0024794543,0.00047873176,0.00020350114,0.99431795,9.335177e-05
ISIC_0031952,HAM_0000480,nv,4,0.015922396,0.00037555752,0.0056967433,0.00091331743,0.0089698965,0.9669744,0.0011477963
ISIC_0025284,HAM_0003471,nv,4,0.014901718,0.0010443509,0.057861023,0.00036162362,0.018987602,0.905983,0.0008607391
ISIC_0029250,HAM_0003720,nv,4,0.00017881708,0.0006601821,8.852088e-05,0.0002256049,0.0027951219,0.9958615,0.00019034979
ISIC_0029064,HAM_0000134,nv,4,0.00021478528,0.00013258409,0.00048049397,8.543569e-05,0.0015143838,0.9974909,8.152331e-05
ISIC_0027322,HAM_0001044,nv,4,0.0039923275,0.0010074489,0.010642368,0.0013320487,0.007371754,0.97498417,0.0006697962
ISIC_0028379,HAM_0003333,nv,4,0.00017384662,9.7709766e-05,0.00017641194,0.0003247882,0.0021702277,0.9969643,9.269061e-05
ISIC_0026971,HAM_0003407,nv,4,0.00014580385,4.7706835e-05,0.00034149614,0.00015354906,0.00034049715,0.99878365,0.00018721585
ISIC_0029185,HAM_0000890,nv,4,3.601696e-05,4.1132662e-05,0.00021426062,0.0002072633,0.00026098388,0.99894875,0.0002917178
ISIC_0030958,HAM_0005999,nv,4,1.2457222e-05,3.2060125e-05,8.4715e-05,1.5085089e-05,4.3650154e-05,0.9997588,5.3168842e-05
ISIC_0024703,HAM_0001295,nv,4,8.249896e-06,6.167751e-05,3.8899518e-05,3.9358056e-05,0.0014884835,0.9978174,0.0005458806
ISIC_0028835,HAM_0000820,nv,4,3.0325566e-05,0.0009110329,0.00010060579,0.0018679494,1.4185572e-05,0.996876,0.0001998832
ISIC_0030632,HAM_0002811,nv,4,7.111876e-06,1.8446803e-05,8.3308805e-06,9.070972e-05,0.00049049186,0.9978204,0.0015644988
ISIC_0027196,HAM_0007304,nv,4,7.2053714e-05,2.348397e-05,0.00029345043,7.700098e-05,0.031185992,0.9682748,7.333148e-05
ISIC_0030412,HAM_0002123,nv,4,5.658974e-06,7.887457e-06,5.6875222e-05,4.5035962e-05,8.655514e-05,0.9997633,3.473319e-05
ISIC_0025288,HAM_0007595,nv,4,3.8397317e-05,2.2883349e-05,0.0004821528,0.000111106325,0.00073222833,0.9984938,0.00011954941
ISIC_0030048,HAM_0003621,nv,4,2.7144497e-05,3.595525e-06,0.00019064118,3.365017e-05,0.0003825289,0.9993358,2.6723661e-05
ISIC_0029936,HAM_0000575,nv,4,0.0005644838,0.00016751417,0.0009046891,0.0007999462,0.0060127308,0.9911437,0.00040697967
ISIC_0029797,HAM_0003404,nv,4,1.2095066e-06,5.2538576e-06,8.405098e-05,1.9105539e-05,8.004551e-05,0.99970204,0.000108345994
ISIC_0031626,HAM_0007292,nv,4,5.677859e-05,0.00013660439,3.9023318e-05,7.4488424e-05,0.0006264308,0.9990398,2.6820306e-05
ISIC_0027624,HAM_0006256,nv,4,6.266524e-05,4.1581305e-05,0.00019895533,0.0005231547,0.0009924097,0.9980794,0.000101914586
ISIC_0025643,HAM_0000156,nv,4,3.7814785e-05,3.7301306e-05,2.2317172e-05,0.0001939239,0.0008069383,0.998831,7.0716356e-05
ISIC_0030405,HAM_0006555,nv,4,0.004658207,0.00076564745,0.06525345,0.0035576466,0.0053668013,0.9167704,0.0036278148
ISIC_0025440,HAM_0007403,nv,4,0.00019121676,0.000116319105,0.00031929102,0.00013519633,0.0016177372,0.9974706,0.00014964868
ISIC_0029873,HAM_0005824,nv,4,0.00021762728,7.520998e-05,0.0044378294,0.0002524521,0.0016459934,0.99307865,0.0002922781
ISIC_0030389,HAM_0005645,nv,4,0.00020323931,2.2079677e-05,0.0005849422,0.0002849389,0.0047959015,0.9940088,0.000100120684
ISIC_0029743,HAM_0005367,nv,4,0.0008409577,0.00021894887,0.20258532,0.00016919058,0.0026414217,0.7934539,9.0208116e-05
ISIC_0025609,HAM_0005906,nv,4,2.2552062e-05,9.853736e-05,0.00012215362,4.8023277e-05,0.00015172601,0.9995347,2.224583e-05
ISIC_0028024,HAM_0002360,nv,4,1.53207e-05,2.5457677e-05,5.6095545e-05,4.230181e-05,0.00019694328,0.9996319,3.199351e-05
ISIC_0029037,HAM_0004311,nv,4,3.8116436e-06,1.0180584e-05,6.9970056e-06,2.184898e-05,0.0005229297,0.9991128,0.00032153906
ISIC_0032383,HAM_0005333,nv,4,0.00033276473,0.0014639315,0.0041524465,0.00083006016,0.0048123673,0.9880903,0.00031814707
ISIC_0032289,HAM_0001782,nv,4,1.9098077e-05,2.2723865e-05,2.0893358e-05,6.0045066e-05,0.00053308945,0.9993117,3.2423533e-05
ISIC_0027177,HAM_0005680,nv,4,6.4269e-05,0.00017165717,0.00016735353,0.00015813798,0.0014260829,0.9979595,5.296959e-05
ISIC_0026799,HAM_0005369,nv,4,0.00012333183,0.00033426992,0.0003224074,0.00019631535,0.008964354,0.9896562,0.00040320648
ISIC_0031387,HAM_0004562,nv,4,1.3854551e-05,2.7285303e-05,2.3156736e-05,0.00022403827,0.009582332,0.988946,0.0011834718
ISIC_0028267,HAM_0006195,nv,4,0.00031896005,0.00034758297,6.225737e-05,0.00013026336,0.003600738,0.99546415,7.598194e-05
ISIC_0028743,HAM_0001075,nv,4,2.7732254e-05,4.388535e-05,4.2701617e-05,6.0691233e-05,0.00049845444,0.99927336,5.329894e-05
ISIC_0030780,HAM_0007501,nv,4,0.00016158933,7.4332006e-06,7.8521975e-05,0.0002453139,0.0004330165,0.9990402,3.397034e-05
ISIC_0025523,HAM_0002725,nv,4,0.00028671452,0.0003204785,0.0015690005,0.00028448328,0.009485413,0.9875854,0.00046857586
ISIC_0030162,HAM_0006468,nv,4,0.00034413423,0.0006225384,0.00068976043,0.00048436012,0.025456918,0.971255,0.0011472618
ISIC_0028738,HAM_0004576,nv,4,0.0003135644,0.00062664965,0.0010955166,0.000121363,0.0023420039,0.9950067,0.00049427047
ISIC_0024478,HAM_0002682,nv,4,0.0022189242,0.0016273678,0.0038692192,0.0002765131,0.0030537136,0.9884554,0.0004987485
ISIC_0024888,HAM_0006199,nv,4,0.0015774094,0.0024479157,0.009738591,0.0016989366,0.005691575,0.7483668,0.2304788
ISIC_0030969,HAM_0003413,nv,4,8.1080005e-05,2.6947051e-05,0.0007653318,0.00012818111,0.0030099964,0.9959496,3.8750943e-05
ISIC_0025138,HAM_0002174,nv,4,0.00085341616,0.0003287001,0.00042288442,0.003004277,0.0070382203,0.9875261,0.000826352
ISIC_0027464,HAM_0005380,nv,4,5.1333267e-05,5.5396195e-05,0.00043914226,0.000105226216,0.0014675746,0.9978308,5.043881e-05
ISIC_0025478,HAM_0005499,nv,4,0.004383541,9.6373326e-05,0.0008564532,0.0005984848,0.008751833,0.9852505,6.271131e-05
ISIC_0029065,HAM_0004067,nv,4,3.9076484e-05,0.00024480984,0.00023268847,6.582536e-05,0.0007201513,0.99844897,0.00024842232
ISIC_0026962,HAM_0007334,nv,4,0.00050137093,0.00016197843,0.00049746915,0.0006387631,0.0014580438,0.99656796,0.00017445766
ISIC_0025706,HAM_0003138,nv,4,3.4046482e-06,0.0003484726,2.672738e-05,9.438736e-05,1.3544776e-05,0.99947494,3.851019e-05
ISIC_0028726,HAM_0005900,nv,4,2.1949318e-06,5.0537737e-06,5.296309e-06,1.4882907e-05,2.131878e-05,0.9999372,1.410462e-05
ISIC_0027968,HAM_0000223,nv,4,1.9181712e-06,4.8128727e-06,2.2778845e-06,8.6471655e-06,3.0034562e-05,0.9999242,2.8159808e-05
ISIC_0029400,HAM_0000369,nv,4,0.0012479003,0.00043826818,0.00038714817,0.000114664515,0.037170127,0.96050435,0.00013750375
ISIC_0028300,HAM_0004092,nv,4,0.001738053,0.00020941332,0.00067533465,0.0013555813,0.0058140946,0.9897893,0.00041809812
ISIC_0030571,HAM_0003190,nv,4,1.0126575e-05,1.5291127e-05,3.993422e-05,0.00023483203,1.9982377e-05,0.99965274,2.7100124e-05
ISIC_0025901,HAM_0005562,nv,4,1.9787693e-05,6.892078e-06,1.3130055e-05,0.0003029524,2.0575942e-05,0.9996277,8.901608e-06
ISIC_0025862,HAM_0003515,nv,4,0.00020463271,0.00049498,0.00010329851,0.00049280963,0.00026819773,0.99789584,0.00054018945
ISIC_0024419,HAM_0001792,nv,4,0.00014982525,5.4475495e-05,0.0001447908,0.00017619283,0.0026687153,0.9966989,0.000107075284
ISIC_0028919,HAM_0000964,nv,4,0.0002160336,0.0004225604,0.00038625143,0.001306034,0.0038895898,0.9935381,0.00024147406
ISIC_0025569,HAM_0003009,nv,4,9.697726e-06,6.0400234e-05,1.6336075e-05,2.5800839e-05,0.00037632787,0.9993498,0.00016156049
ISIC_0031420,HAM_0001197,nv,4,0.010469474,0.00016441775,0.006015784,0.0019206489,0.0026124285,0.9785398,0.00027750753
ISIC_0030656,HAM_0003825,nv,4,7.1241564e-05,3.8356953e-05,0.0021399597,0.00021901132,0.007682809,0.989682,0.000166615
ISIC_0028526,HAM_0004028,nv,4,7.07554e-05,0.00021289333,0.00021330954,0.0052931574,0.0021638384,0.99063736,0.0014087241
ISIC_0032142,HAM_0000740,nv,4,1.30012e-05,2.4671943e-05,7.153021e-05,0.00019529562,0.00010748447,0.99953127,5.675107e-05
ISIC_0028099,HAM_0003706,nv,4,0.00014551793,8.808886e-05,0.0002199467,0.00014780951,0.012185886,0.9871378,7.490621e-05
ISIC_0026982,HAM_0005358,nv,4,0.00023357921,5.7972375e-05,0.008339151,0.00044066587,0.00016227031,0.99059427,0.0001720624
ISIC_0029077,HAM_0002945,nv,4,3.7558435e-05,0.00016093106,0.00028521454,0.00021030403,0.0025783419,0.99594253,0.00078519894
ISIC_0025418,HAM_0006571,nv,4,4.5372817e-05,1.1882532e-05,0.0001474699,3.0106976e-05,0.0003139901,0.99940276,4.8299113e-05
ISIC_0026199,HAM_0001880,nv,4,0.00012895037,0.0007618844,0.0012348504,0.0010870943,0.0070852847,0.9892874,0.00041463407
ISIC_0028654,HAM_0002179,nv,4,3.2743399e-06,2.5704427e-05,3.3524888e-05,0.00034535176,2.5604213e-05,0.9995121,5.4522654e-05
ISIC_0025380,HAM_0002967,nv,4,5.8990427e-05,4.1423962e-05,3.7059744e-05,0.00013904492,0.004722944,0.99430275,0.0006979017
ISIC_0027158,HAM_0003953,nv,4,0.00040376827,0.00032254148,0.0003324552,0.00059266546,0.0030970168,0.9949138,0.0003376906
ISIC_0025025,HAM_0004781,nv,4,5.7606318e-05,4.9854112e-05,0.000102493985,0.0026640866,0.004758533,0.9920596,0.0003077887
ISIC_0029481,HAM_0004421,nv,4,5.432033e-06,1.8020899e-05,0.00017640494,0.0013169005,0.0004528918,0.9978988,0.00013160611
ISIC_0029356,HAM_0004876,nv,4,0.00044154027,0.00019251827,0.0010906903,0.00027956587,0.066302836,0.9315136,0.00017909662
ISIC_0031673,HAM_0002854,nv,4,2.810355e-05,0.00020364224,3.5665264e-05,0.0005122066,0.00020364224,0.9989016,0.00011512888
ISIC_0031448,HAM_0004486,nv,4,4.5568715e-05,4.86975e-05,7.997558e-05,0.00020703612,0.0073915194,0.99202406,0.00020303167
ISIC_0027054,HAM_0005414,nv,4,0.0007095411,6.923247e-05,0.0014049035,0.0012729485,0.004147427,0.9923017,9.426064e-05
ISIC_0028716,HAM_0000864,nv,4,4.9718183e-05,2.3995231e-05,0.00019396907,0.000185811,0.00021936689,0.9990637,0.00026357538
ISIC_0027547,HAM_0000558,nv,4,6.983796e-05,0.00035553332,3.0450412e-05,0.000101217476,0.00036861465,0.9990269,4.7439673e-05
ISIC_0024797,HAM_0000828,nv,4,9.570068e-07,3.6182263e-07,7.4397435e-06,2.2715496e-05,1.352436e-05,0.99991953,3.5406483e-05
ISIC_0029804,HAM_0005851,nv,4,1.4033494e-05,5.7714562e-05,2.203471e-05,5.4006443e-05,3.978298e-05,0.9997646,4.78938e-05
ISIC_0027493,HAM_0003478,nv,4,5.382156e-05,0.0002351641,4.0468258e-05,0.00032253176,0.0009168468,0.9982901,0.00014111024
ISIC_0031731,HAM_0005355,nv,4,1.817707e-05,8.421424e-05,5.9600312e-05,0.00066704163,0.00025990524,0.9987136,0.00019753248
ISIC_0029694,HAM_0006590,nv,4,1.6121232e-06,1.4736e-06,1.9467823e-05,2.092676e-05,1.3406185e-05,0.99993217,1.094181e-05
ISIC_0026772,HAM_0002273,nv,4,3.7350874e-05,8.4171494e-05,0.00036813223,0.00028115636,0.0007082089,0.99820673,0.00031426578
ISIC_0028068,HAM_0002331,nv,4,0.000112588554,0.00021680829,0.00056982087,6.0974686e-05,0.0008791152,0.9980751,8.5652864e-05
ISIC_0030054,HAM_0001377,nv,4,0.00012078669,0.00013567157,6.663963e-05,0.00014038893,0.0003600746,0.9990238,0.00015268868
ISIC_0025308,HAM_0001821,nv,4,6.234243e-05,0.002091895,0.00034232726,0.00018127676,5.4588847e-05,0.99682415,0.00044343722
ISIC_0026619,HAM_0000730,nv,4,8.101181e-06,1.6525431e-05,2.4566527e-05,0.0006369913,3.027642e-05,0.9991559,0.00012759303
ISIC_0028440,HAM_0001461,nv,4,4.1953863e-05,2.2943967e-05,0.00026181163,0.013626528,0.00029235735,0.9856176,0.00013675776
ISIC_0024983,HAM_0006584,nv,4,3.629933e-05,1.3723958e-05,0.0003982432,8.506041e-05,0.0024425155,0.9969964,2.7777356e-05
ISIC_0026935,HAM_0003909,nv,4,3.5233334e-05,3.642283e-05,0.0006821499,0.00031006974,0.00027578173,0.9984364,0.00022399014
ISIC_0028950,HAM_0007187,nv,4,0.00010485847,0.00084722554,0.0011243112,0.00017187237,0.00021663142,0.9972609,0.00027411533
ISIC_0030205,HAM_0007322,nv,4,5.9018304e-05,1.2639564e-05,6.393876e-05,0.00025018072,0.0006240597,0.99866605,0.0003242325
ISIC_0030449,HAM_0007071,nv,4,0.00014697787,0.00016687335,0.00026822992,0.00016557473,0.0059809624,0.9931544,0.000116952324
ISIC_0029395,HAM_0006958,nv,4,0.00085880765,0.0008131027,0.0053397682,0.00062831707,0.20407607,0.7869008,0.0013831343
ISIC_0026061,HAM_0001973,nv,4,0.00018918369,0.00014618984,0.00041120243,0.00012250456,0.0005329156,0.9984981,9.99853e-05
ISIC_0026840,HAM_0007253,nv,4,0.0010859148,0.00028355455,0.0036065085,0.0001535649,0.0065138238,0.988214,0.00014258017
ISIC_0030146,HAM_0006895,nv,4,0.00031273236,0.00045280647,0.0005718423,0.00027170655,0.0057500782,0.9923664,0.00027437293
ISIC_0031906,HAM_0004893,nv,4,1.779491e-06,2.22328e-06,5.2004343e-05,0.00062861235,2.0010342e-05,0.9990984,0.00019693431
ISIC_0027632,HAM_0005548,nv,4,1.2252804e-05,5.7324236e-05,0.00019506499,3.6153946e-05,0.0008144655,0.9988386,4.6151366e-05
ISIC_0031254,HAM_0006906,nv,4,0.00041612628,6.125056e-05,0.0008083953,0.00023342566,0.0073976554,0.99091035,0.00017279095
ISIC_0024484,HAM_0000278,nv,4,0.00013959753,0.00021600182,0.00036564172,0.00024380791,0.00073717546,0.99825436,4.3414555e-05
ISIC_0025134,HAM_0000357,nv,4,0.007989567,0.184525,0.2109401,0.0040291934,0.0027369591,0.5864193,0.0033599483
ISIC_0028004,HAM_0004745,nv,4,4.1817748e-05,6.0844468e-05,0.0010777537,0.00038492458,0.00021319925,0.99789065,0.00033085502
ISIC_0028417,HAM_0000061,nv,4,0.00029859156,0.00077903894,0.014401005,0.0008132429,0.4820463,0.50124884,0.0004129372
ISIC_0030646,HAM_0007074,nv,4,0.00023204167,0.00024081436,0.04482803,0.00087914366,0.0001923693,0.95286596,0.00076157873
ISIC_0028755,HAM_0000288,nv,4,0.00031426415,0.0015773714,0.47567943,0.0022114543,0.036878,0.4822275,0.001111989
ISIC_0027062,HAM_0000288,nv,4,0.00016836371,0.0013743497,0.60657257,0.0004207935,0.26241672,0.12864326,0.00040388352
ISIC_0032363,HAM_0007003,nv,4,6.577687e-05,0.0016554929,0.013780293,0.0014581168,0.04203379,0.93909734,0.0019091859
ISIC_0025638,HAM_0007003,nv,4,0.00021761844,0.074947275,0.040748127,0.0032609524,0.012635515,0.8627667,0.005423863
ISIC_0027264,HAM_0005360,nv,4,0.00029552288,0.00018894968,0.032817174,0.013888883,0.059366222,0.89306813,0.0003750381
ISIC_0028413,HAM_0005360,nv,4,0.000897819,0.007994362,0.55771816,0.0063178884,0.28429878,0.13882704,0.003945919
ISIC_0027198,HAM_0000960,nv,4,3.5176246e-05,0.0001814529,0.0003879055,0.00041453942,0.04763431,0.9511711,0.00017552702
ISIC_0025779,HAM_0000960,nv,4,4.821771e-05,0.00014075424,9.2399074e-05,0.0003291866,0.0034910329,0.9957716,0.00012678886
ISIC_0027839,HAM_0003230,nv,4,5.0946088e-05,4.1096548e-05,0.00037205778,0.0002269906,0.97495145,0.024312275,4.5223976e-05
ISIC_0027640,HAM_0003230,nv,4,0.00021529454,2.556304e-05,0.00146339,0.007280851,0.9843545,0.0066034454,5.6936064e-05
ISIC_0027406,HAM_0004524,nv,4,2.5456231e-05,3.4389177e-05,0.0053278897,3.6535657e-05,0.8718449,0.1226916,3.927367e-05
ISIC_0030273,HAM_0004524,nv,4,0.00015892944,6.560781e-05,0.06654074,6.4213295e-05,0.90432554,0.028786998,5.801188e-05
ISIC_0030858,HAM_0001813,nv,4,3.953401e-05,0.00013322043,0.0033709912,0.002089012,0.5938303,0.40023917,0.00029788056
ISIC_0030609,HAM_0001813,nv,4,0.00013831793,0.00027615466,0.009165103,0.000536477,0.4954138,0.4934824,0.0009876963
ISIC_0025847,HAM_0005609,nv,4,0.00025660932,0.002196832,0.000614973,0.000544304,0.9822045,0.01406523,0.00011748431
ISIC_0025958,HAM_0005609,nv,4,1.6099591e-05,7.650741e-05,0.0014212081,0.0006000169,0.88803154,0.10964089,0.0002137338
ISIC_0031646,HAM_0003684,nv,4,0.00047017573,0.008824043,0.29899576,0.0019450218,0.28474706,0.40470716,0.00031076718
ISIC_0031385,HAM_0003684,nv,4,0.00053198903,0.3104455,0.17914644,0.0011350539,0.26347166,0.24462517,0.0006442129
ISIC_0028371,HAM_0007464,nv,4,0.00014663278,0.00053793413,0.0003924097,0.0005816455,0.63227016,0.36592993,0.00014129106
ISIC_0030063,HAM_0007464,nv,4,7.365247e-05,0.004115646,0.0018555197,0.00074969773,0.037051372,0.95370305,0.002450973
ISIC_0025335,HAM_0007356,nv,4,0.0010012635,0.28531855,0.009407404,0.0024540678,0.5865803,0.114605635,0.00063272344
ISIC_0025869,HAM_0007356,nv,4,6.32266e-05,0.0024122775,0.10227259,0.00042042087,0.4486115,0.4459906,0.0002294735
ISIC_0027209,HAM_0001849,nv,4,1.997354e-05,0.00026464593,0.0005531878,0.00071938225,0.22913454,0.7691199,0.00018839656
ISIC_0028966,HAM_0001849,nv,4,4.749018e-05,0.00030044038,0.00014685256,0.0015919495,0.009364699,0.988439,0.00010955869
ISIC_0032443,HAM_0005484,nv,4,1.7234395e-05,0.0002757151,0.004844402,5.8303216e-05,0.0062264125,0.9884946,8.335254e-05
ISIC_0029543,HAM_0007419,nv,4,0.00062997726,0.0008378507,0.0020615854,0.088348374,0.071337394,0.8333289,0.0034558792
ISIC_0031720,HAM_0003222,nv,4,0.0002889019,0.0340844,0.07236838,0.0003695112,0.22117561,0.6707067,0.0010063993
ISIC_0026382,HAM_0003222,nv,4,0.0003793821,0.0041551283,0.07124611,0.0007046383,0.11088826,0.81139696,0.0012294537
ISIC_0031094,HAM_0005056,nv,4,9.2486516e-05,1.2964555e-05,0.0020524599,0.0005358738,0.8040167,0.19322182,6.766459e-05
ISIC_0032345,HAM_0005056,nv,4,0.00031650998,0.00040799746,0.39331052,0.00036146573,0.56009984,0.045351498,0.00015216004
ISIC_0025458,HAM_0001604,nv,4,0.00024987795,0.0015487312,0.18796657,0.00056200987,0.39560047,0.41216362,0.0019086964
ISIC_0024664,HAM_0001604,nv,4,0.00015797342,0.0038952176,0.12260507,0.00049136754,0.42047718,0.45110616,0.0012670645
ISIC_0025008,HAM_0002349,nv,4,0.00019139938,0.00015992016,0.25023192,0.0027420786,0.40696055,0.33936483,0.00034929774
ISIC_0025735,HAM_0002349,nv,4,0.0035164258,0.0010656633,0.9688381,0.00016927237,0.005300735,0.020624673,0.00048504584
ISIC_0029402,HAM_0007579,nv,4,0.0003045611,0.0017070202,0.0021620945,0.0014947169,0.253097,0.7409932,0.0002413987
ISIC_0027571,HAM_0007579,nv,4,0.00012578476,0.0005463841,0.0010614431,0.0024060558,0.06014383,0.9353113,0.0004052459
ISIC_0025094,HAM_0002067,nv,4,3.9451883e-05,0.000637966,0.8036802,0.00039074317,0.097307235,0.09768808,0.00025625562
ISIC_0026421,HAM_0002067,nv,4,0.000115478935,0.0004332668,0.40324163,0.0024450538,0.0058653797,0.5855683,0.0023308096
ISIC_0028534,HAM_0003653,nv,4,5.2612377e-06,0.00022790319,0.001624625,0.00010162645,0.012406692,0.98558563,4.828704e-05
ISIC_0030139,HAM_0003653,nv,4,0.00016785799,0.0015771152,0.0017036037,0.00021469362,0.0794811,0.91674715,0.00010837726
ISIC_0030406,HAM_0007548,nv,4,7.52483e-05,0.00052232674,0.0069818334,0.0001090588,0.0038547935,0.9858526,0.0026041477
ISIC_0026633,HAM_0007548,nv,4,0.0001072791,0.0006642616,0.029227218,0.0001477832,0.007092833,0.962218,0.0005426842
ISIC_0027421,HAM_0001968,nv,4,9.366865e-06,3.104447e-05,0.9978421,1.6182075e-06,0.0002186378,0.001896424,8.90175e-07
ISIC_0028222,HAM_0001968,nv,4,0.0003717549,0.008525382,0.7411001,6.8499634e-05,0.14116544,0.10865892,0.000109890534
ISIC_0030979,HAM_0003175,nv,4,4.8405524e-05,7.1818715e-05,0.005273934,0.00027157093,0.7739801,0.22002333,0.00033079172
ISIC_0028145,HAM_0003175,nv,4,5.0211413e-05,0.0003820453,0.028706392,9.4358526e-05,0.0111650005,0.95714587,0.0024562203
ISIC_0028961,HAM_0005561,nv,4,0.00033857368,0.028387291,0.27862787,0.00051024853,0.018597815,0.6723214,0.0012168717
ISIC_0031080,HAM_0005561,nv,4,0.0004573261,0.01582107,0.16123706,0.0004449905,0.028887045,0.78900003,0.00415244
ISIC_0025789,HAM_0007249,nv,4,5.843457e-05,0.0013312643,0.0031888618,0.00032212475,0.49622402,0.49816617,0.0007091035
ISIC_0028509,HAM_0007249,nv,4,8.046915e-05,0.029428808,0.005894761,0.0002532452,0.4343578,0.52804476,0.0019400927
ISIC_0030859,HAM_0006822,nv,4,3.3304274e-05,0.0002175957,0.0016054733,0.00044041473,0.2806176,0.7165821,0.0005034609
ISIC_0030350,HAM_0006822,nv,4,0.00014753026,0.02215353,0.00048373314,0.0015016893,0.10672575,0.86442053,0.004567177
ISIC_0028195,HAM_0006221,nv,4,0.00015620003,0.00046632712,0.019125056,0.00038509158,0.14452611,0.8349455,0.0003957667
ISIC_0025300,HAM_0006221,nv,4,8.356372e-05,0.0002849096,0.032515645,0.00020926014,0.09039439,0.8762633,0.0002489884
ISIC_0029354,HAM_0000269,nv,4,0.002101528,0.010460907,0.03531974,0.0006749765,0.8436873,0.10768262,7.297146e-05
ISIC_0031748,HAM_0000269,nv,4,0.0009768347,0.0016295123,0.23855716,0.00018246949,0.6434192,0.11513362,0.00010116362
ISIC_0029728,HAM_0006155,nv,4,0.0002935634,0.34538192,0.0026473445,0.0031254326,0.35426366,0.29197907,0.0023090548
ISIC_0033859,HAM_0001192,nv,4,0.000238332,0.0024306895,0.011146485,0.0004976977,0.46230364,0.52079815,0.0025849298
ISIC_0031546,HAM_0001192,nv,4,5.1280822e-05,0.00027912308,0.00044822064,4.742701e-05,0.013835225,0.9851982,0.00014048904
ISIC_0033423,HAM_0006516,nv,4,0.00024012166,0.0044456394,0.000641345,0.00030059236,0.032543257,0.96132475,0.00050438166
ISIC_0033846,HAM_0006516,nv,4,0.00026996026,0.004082984,0.00043393043,0.00026785943,0.22654448,0.7678885,0.0005122946
ISIC_0033315,HAM_0006516,nv,4,4.4598914e-05,7.439793e-05,0.0001719698,8.732043e-05,0.84354264,0.1560397,3.9281607e-05
ISIC_0033686,HAM_0002494,nv,4,2.5527397e-05,4.844249e-05,0.00040878518,0.0022744609,0.7248054,0.27190003,0.000537338
ISIC_0033555,HAM_0003143,nv,4,0.0011353276,1.3412672e-05,0.0054295845,2.9410634e-05,0.6328057,0.36056182,2.4766236e-05
ISIC_0033963,HAM_0003143,nv,4,0.00085977605,0.00020302164,0.15271969,0.000108245986,0.53617656,0.30970973,0.00022297564
ISIC_0033793,HAM_0003143,nv,4,0.00010266002,9.6064185e-05,0.0057379673,4.296256e-05,0.9047439,0.089232534,4.3809923e-05
ISIC_0032555,HAM_0002616,nv,4,0.00010089174,0.00014622431,0.00900691,0.00021358782,0.8996411,0.090656176,0.00023503891
ISIC_0034254,HAM_0002616,nv,4,0.0034626147,0.00013108598,0.074870095,0.00013032016,0.8788771,0.042410463,0.00011819525
ISIC_0033767,HAM_0005300,nv,4,0.00010357586,0.00017722385,0.0008921413,0.0006584664,0.1811537,0.81664556,0.00036936623
ISIC_0033755,HAM_0005300,nv,4,5.8747148e-05,0.0001572155,0.0013169922,0.00018597016,0.22974536,0.7681637,0.00037201925
ISIC_0033625,HAM_0005300,nv,4,6.938782e-05,9.978249e-05,0.0021101332,0.00031587176,0.14299583,0.8539946,0.0004143955
ISIC_0032362,HAM_0007127,nv,4,0.0009227147,0.0037396008,0.19312058,0.0016839248,0.10592474,0.694097,0.0005115659
ISIC_0025239,HAM_0003462,nv,4,0.0010958695,0.000747318,0.23571934,0.00015603566,0.6715019,0.090700574,7.907502e-05
ISIC_0031694,HAM_0000523,nv,4,3.492599e-05,0.00037991593,0.0024961838,0.0004254857,0.018394975,0.97628766,0.001980921
ISIC_0025978,HAM_0000523,nv,4,0.00015512094,0.0047601447,0.02459069,0.002328989,0.05642624,0.90889645,0.002842412
ISIC_0025261,HAM_0002796,nv,4,0.0004702602,0.0032325306,0.15066549,0.0019953977,0.018683854,0.7666384,0.058314066
ISIC_0027654,HAM_0002796,nv,4,0.0014477684,0.0063257758,0.21803853,0.0025409127,0.01463623,0.30479297,0.45221782
ISIC_0025786,HAM_0004260,nv,4,2.4508041e-05,0.0011136604,0.00479519,0.00046515034,0.031055542,0.9623431,0.00020281263
ISIC_0025525,HAM_0004260,nv,4,5.7089226e-05,0.00017481986,0.03925439,0.00059198576,0.01061689,0.9491911,0.00011375745
ISIC_0025871,HAM_0003904,nv,4,1.0097866e-05,3.266004e-05,0.0016556245,2.0279082e-05,0.0012089172,0.99681866,0.0002536504
ISIC_0031988,HAM_0003904,nv,4,3.8195994e-05,0.00043713,0.0022460972,0.000250044,0.111440524,0.88514954,0.00043841254
ISIC_0028500,HAM_0006326,nv,4,7.036199e-05,0.00037704478,0.0004399499,8.8945875e-05,0.27950138,0.7193296,0.0001927638
ISIC_0030085,HAM_0000012,nv,4,6.120965e-05,0.00010638231,0.005461702,9.554692e-05,0.5037976,0.4902085,0.00026901675
ISIC_0029348,HAM_0000012,nv,4,3.7631118e-05,0.00013263446,0.016479336,0.00012195017,0.22222042,0.7606235,0.00038454085
ISIC_0030899,HAM_0004222,nv,4,2.9660654e-05,5.065195e-05,0.015082144,0.00010891881,0.80674183,0.17791128,7.559335e-05
ISIC_0031757,HAM_0004222,nv,4,1.6859018e-05,4.5827564e-05,0.008398625,0.00014563969,0.053601846,0.937214,0.00057714223
ISIC_0032679,HAM_0005942,nv,4,0.0069356887,0.01293229,0.15847337,0.25949845,0.13671269,0.41104865,0.01439886
ISIC_0032529,HAM_0005942,nv,4,0.008626652,0.0107255615,0.029890249,0.032652166,0.042870715,0.8620805,0.013154074
ISIC_0033119,HAM_0005942,nv,4,0.02662884,0.015351507,0.15629892,0.051103365,0.14374344,0.58627665,0.02059728
ISIC_0033172,HAM_0001692,nv,4,8.951456e-06,2.423772e-05,0.0011762799,5.6244422e-05,0.020499267,0.97811127,0.00012381263
ISIC_0033326,HAM_0001692,nv,4,8.04864e-06,1.8067176e-05,0.0003219731,4.7138077e-05,0.029859344,0.96968037,6.506239e-05
ISIC_0032743,HAM_0001692,nv,4,9.213105e-06,7.608154e-06,0.00043458288,0.000114452305,0.012139509,0.98722976,6.470546e-05
ISIC_0033633,HAM_0005265,nv,4,1.5223925e-05,3.7901e-05,0.007503039,2.911652e-05,0.95526415,0.03711202,3.8573122e-05
ISIC_0034199,HAM_0005265,nv,4,9.8376244e-05,0.00072832877,0.13478762,0.0001795335,0.6040762,0.25980994,0.00032005308
ISIC_0032998,HAM_0005265,nv,4,0.00041996533,0.008199692,0.19123644,0.0013346471,0.059155572,0.73739225,0.0022614598
ISIC_0032902,HAM_0005248,nv,4,7.342025e-05,0.00026285177,0.010387393,0.0001059945,0.011955815,0.9770503,0.00016416748
ISIC_0032948,HAM_0005248,nv,4,2.8358196e-05,3.771554e-05,0.012394328,7.171145e-05,0.002794052,0.98460335,7.046191e-05
ISIC_0034264,HAM_0005248,nv,4,9.278444e-05,8.398763e-05,0.0027089121,0.00031573026,0.02370041,0.9729533,0.00014483446
ISIC_0033242,HAM_0006883,nv,4,0.00071197917,0.003029918,0.8102985,0.0017450404,0.06923052,0.11380791,0.00117615
ISIC_0032619,HAM_0006883,nv,4,0.0037625316,0.05954967,0.13577913,0.0012952269,0.3508112,0.4478189,0.0009834338
ISIC_0034105,HAM_0004550,nv,4,7.5398435e-07,3.981581e-06,3.836535e-06,5.701418e-05,2.3732258e-05,0.9997621,0.00014860737
ISIC_0033138,HAM_0004550,nv,4,6.451902e-05,0.00030961187,0.0009635009,0.00019186728,0.021410735,0.9767247,0.00033509734
ISIC_0032728,HAM_0004550,nv,4,2.4340861e-06,7.79618e-06,1.5145392e-05,1.3816997e-05,8.215555e-05,0.99984205,3.665264e-05
ISIC_0033069,HAM_0004503,nv,4,3.8650145e-05,0.0010324675,0.0052474644,0.00010692511,0.2596398,0.733889,4.5719244e-05
ISIC_0032735,HAM_0004503,nv,4,6.237157e-05,0.0008041214,0.019730983,0.00042209015,0.16090642,0.81715024,0.00092373206
ISIC_0033840,HAM_0004503,nv,4,0.0001399218,0.0059322217,0.009969831,0.00046419393,0.3305991,0.65235835,0.0005363751
ISIC_0032749,HAM_0004145,nv,4,0.00012079408,0.03149436,0.45965332,0.00058879115,0.37369555,0.1342903,0.00015693095
ISIC_0034091,HAM_0004145,nv,4,7.052684e-05,0.100479804,0.8250348,0.0005461361,0.022918157,0.050920688,2.9862946e-05
ISIC_0033738,HAM_0004145,nv,4,0.000119382246,0.17999601,0.41850325,0.00034275572,0.061240554,0.33957684,0.00022129975
ISIC_0034288,HAM_0003606,nv,4,0.00023823342,0.0001895656,0.0022858228,0.00031193104,0.31636667,0.6802952,0.00031254088
ISIC_0033420,HAM_0003606,nv,4,0.0009245068,0.0002243584,0.0036068445,0.00040705485,0.48078078,0.51379156,0.00026487565
ISIC_0032661,HAM_0003606,nv,4,0.0008105965,0.00030348997,0.00790585,0.00030587026,0.27057844,0.71987504,0.0002207408
ISIC_0032704,HAM_0002890,nv,4,8.396183e-05,3.029041e-05,0.0061326236,0.00015442945,0.1566254,0.8368445,0.00012877886
ISIC_0033289,HAM_0002890,nv,4,8.529279e-06,1.1255405e-05,0.011238476,2.1110165e-05,0.8128879,0.17579934,3.334094e-05
ISIC_0034179,HAM_0001133,nv,4,0.00018382241,0.0005717695,0.0012104359,0.0012010161,0.20197986,0.7697445,0.025108516
ISIC_0034206,HAM_0001133,nv,4,6.3377855e-05,0.00017567677,0.0005296209,0.00015144284,0.072553776,0.9263045,0.00022164293
ISIC_0032980,HAM_0001133,nv,4,5.1571104e-05,0.00032403518,0.0030496907,0.00020799057,0.43115008,0.56452656,0.00069001375
ISIC_0028684,HAM_0006120,nv,4,0.00096842076,0.0018703294,0.14012302,0.004214852,0.011007485,0.840113,0.0017029543
ISIC_0025372,HAM_0006120,nv,4,0.0005964356,0.0013921821,0.012694115,0.0026730392,0.017944233,0.961007,0.0036930705
ISIC_0034190,HAM_0003325,nv,4,0.00042555225,0.041602157,0.00095153385,0.0010573743,0.24736544,0.39221272,0.31638524
ISIC_0025587,HAM_0007510,nv,4,0.0035015924,0.008383494,0.002052458,0.0018578663,0.2570103,0.72503906,0.0021551626
ISIC_0033833,HAM_0000165,nv,4,1.2501653e-05,5.4198743e-05,0.0006544981,0.00021269203,0.021993827,0.9762616,0.0008105685
ISIC_0033163,HAM_0004221,nv,4,0.00010796915,9.435648e-05,0.00021015831,0.00011742853,0.021353157,0.9779107,0.00020629485
ISIC_0033887,HAM_0004221,nv,4,5.5745004e-05,0.00016674922,0.0004291487,0.00014402783,0.031345285,0.96753466,0.0003242549
ISIC_0032646,HAM_0001076,nv,4,0.0004904057,0.0013149596,0.4355198,0.026199734,0.44151506,0.09437191,0.0005880863
ISIC_0033627,HAM_0001076,nv,4,4.7066816e-05,4.651847e-05,0.23132254,0.012413247,0.22862755,0.5274382,0.00010483099
ISIC_0033803,HAM_0005331,nv,4,2.7245308e-06,0.00016178697,3.1180603e-05,1.6755095e-05,0.00039684394,0.00010486636,0.9992859
ISIC_0032860,HAM_0005331,nv,4,5.6078497e-06,0.00024315486,8.806485e-05,6.831759e-05,0.0008981519,0.0001949992,0.99850166
ISIC_0034060,HAM_0001511,nv,4,3.3264034e-05,6.0587354e-05,0.0005316371,0.00023706729,0.030182686,0.96876144,0.00019329981
ISIC_0033002,HAM_0001511,nv,4,1.5019746e-05,8.7965425e-05,0.00073940813,0.0010295785,0.040528324,0.95729387,0.00030583248
ISIC_0033683,HAM_0001511,nv,4,7.760237e-05,3.3968245e-05,0.0022291734,0.00024904002,0.6424745,0.35480806,0.00012769502
ISIC_0033897,HAM_0000855,nv,4,0.00015412494,0.0004917251,0.034405325,0.000465556,0.40943328,0.5541904,0.0008596399
ISIC_0033694,HAM_0000855,nv,4,0.0006167512,0.0015950511,0.025881462,0.0010268297,0.064654276,0.904811,0.0014145178
ISIC_0034013,HAM_0000855,nv,4,0.00031037614,0.001183998,0.00057985896,0.0033433815,0.1614081,0.8309817,0.0021926432
ISIC_0033150,HAM_0002367,nv,4,2.5445226e-05,7.234526e-05,0.0009994272,0.00015078047,0.009015001,0.9894331,0.00030399062
ISIC_0033698,HAM_0002367,nv,4,5.17308e-05,0.00012098453,0.001828031,0.00025019114,0.047030583,0.9501857,0.00053276727
ISIC_0034240,HAM_0002367,nv,4,0.0009800087,0.00036871442,0.00072261307,0.00083009974,0.18621026,0.81044185,0.0004464952
ISIC_0032969,HAM_0000676,nv,4,0.0029338442,0.00020821289,0.36773708,0.00037998182,0.25722376,0.37134588,0.00017127125
ISIC_0033894,HAM_0000676,nv,4,0.001143302,0.00019674534,0.088546686,6.288359e-05,0.7157806,0.1941607,0.000109078355
ISIC_0032693,HAM_0006700,nv,4,0.00014348043,0.00017511053,0.004963666,0.0019633542,0.06283264,0.9287448,0.0011769609
ISIC_0032734,HAM_0006700,nv,4,3.8000413e-05,9.080287e-05,0.0125001455,0.0008156647,0.01865531,0.9671688,0.0007311571
ISIC_0032659,HAM_0006700,nv,4,1.3989577e-05,5.3002754e-05,0.015118345,0.0012325349,0.011423076,0.97164917,0.00050979864
ISIC_0032478,HAM_0003254,nv,4,0.015696952,0.035790604,0.15753047,0.022550818,0.62946665,0.1322659,0.0066986373
ISIC_0032765,HAM_0003254,nv,4,0.00025160922,0.0046420717,0.27270836,0.002973823,0.53602684,0.18308775,0.00030948457
ISIC_0032794,HAM_0003133,nv,4,4.7740227e-06,7.599125e-06,0.00015322988,5.8730253e-05,0.02517236,0.9745702,3.3138287e-05
ISIC_0032801,HAM_0003133,nv,4,8.12614e-06,1.5572035e-05,0.000101840335,6.724665e-05,0.080049336,0.91970176,5.6186676e-05
ISIC_0032650,HAM_0002908,nv,4,0.00014076638,0.000526598,0.0004340146,0.00013831357,0.058477562,0.9401006,0.00018216523
ISIC_0034182,HAM_0002908,nv,4,0.00057149265,7.265714e-05,0.0010267864,0.00046552857,0.41585645,0.5818878,0.000119324344
ISIC_0026429,HAM_0006118,nv,4,0.00023095164,0.9558281,0.0346803,0.00046744727,0.00023413087,0.007962447,0.0005967075
ISIC_0033083,HAM_0003803,nv,4,4.8866834e-05,9.023165e-05,0.0088815885,0.00011120381,0.018701605,0.9686225,0.0035440824
ISIC_0033133,HAM_0003803,nv,4,4.78548e-05,7.455453e-05,0.0005519646,0.0004894913,0.045328315,0.9522748,0.0012329869
ISIC_0033352,HAM_0003803,nv,4,0.00010446862,0.00010365564,0.005384774,0.00023866445,0.026711036,0.9648676,0.0025898
ISIC_0033519,HAM_0001908,nv,4,0.0009906206,0.0025946898,0.002571985,0.004763053,0.36034462,0.62627846,0.002456603
ISIC_0032851,HAM_0001908,nv,4,0.00036326583,0.0009778627,0.0017898041,0.0020762093,0.32135162,0.6723756,0.0010656144
ISIC_0033742,HAM_0006628,nv,4,4.0779337e-06,4.3409377e-06,0.00024548767,6.492083e-05,0.43187997,0.5676955,0.000105789346
ISIC_0034127,HAM_0006628,nv,4,3.341551e-06,5.5424887e-05,0.00078249665,0.00023426078,0.7609877,0.23759197,0.00034486523
ISIC_0033111,HAM_0006628,nv,4,1.6044653e-05,9.6008625e-05,0.004653139,3.9018945e-05,0.04925038,0.94576603,0.00017936772
ISIC_0033221,HAM_0005887,nv,4,0.0001299608,0.00096310506,0.0014585551,0.00053762144,0.34931076,0.6462564,0.0013436839
ISIC_0033340,HAM_0005887,nv,4,0.00010649874,0.0002348974,0.00041468043,0.00042203415,0.22777234,0.77054393,0.0005056023
ISIC_0033737,HAM_0004303,nv,4,0.00035392976,5.2401872e-05,0.012235138,0.00012619754,0.7138824,0.27308434,0.0002655994
ISIC_0033932,HAM_0004303,nv,4,0.00032780974,0.00018678037,0.033437505,0.0004267103,0.2084619,0.7551117,0.002047684
ISIC_0033669,HAM_0006182,nv,4,1.5127289e-05,0.0019735596,0.004593147,0.0122380005,0.5612854,0.41956308,0.00033175308
ISIC_0033789,HAM_0006182,nv,4,1.66082e-05,0.0008057169,0.0012932025,0.00019687181,0.067012265,0.9305121,0.00016321248
ISIC_0033419,HAM_0006182,nv,4,4.612837e-05,0.0018211247,0.0003073271,0.004653812,0.3318,0.66115314,0.00021835358
ISIC_0033224,HAM_0001883,nv,4,3.161308e-05,0.0011242372,0.002075882,0.003409207,0.85984594,0.13341598,9.718515e-05
ISIC_0033360,HAM_0001883,nv,4,1.1831764e-05,5.8694754e-05,0.00044659278,0.00023834461,0.93849975,0.0607035,4.1296917e-05
ISIC_0033294,HAM_0002431,nv,4,0.00015262002,6.2147694e-05,0.0076765083,0.00020100742,0.9316832,0.060145006,7.9488105e-05
ISIC_0033030,HAM_0002431,nv,4,0.0001396034,0.00029095847,0.006263638,0.0002537785,0.27238652,0.7204518,0.00021370292
ISIC_0032657,HAM_0002431,nv,4,3.1937943e-05,0.00016282905,0.0006563826,9.9535406e-05,0.042996448,0.9559255,0.00012730774
ISIC_0033954,HAM_0002015,nv,4,0.0002737526,0.000119593664,0.012115779,0.00033085427,0.17239392,0.81445277,0.00031324654
ISIC_0033771,HAM_0002015,nv,4,0.00021135858,0.00039719028,0.015574042,0.0003331638,0.035234008,0.9476677,0.00058244105
ISIC_0034035,HAM_0002015,nv,4,0.0005823042,0.00073610153,0.0048058475,0.000644552,0.091636665,0.90053385,0.0010606132
ISIC_0034271,HAM_0000443,nv,4,0.00036713041,0.0038302594,0.0007489018,0.00022884866,0.0056950655,0.98485374,0.004276094
ISIC_0033845,HAM_0001739,nv,4,0.00028308303,0.00053929974,0.019435687,0.09673443,0.28487414,0.5972178,0.0009155896
ISIC_0032884,HAM_0001739,nv,4,0.0003253763,0.0010554688,0.014115123,0.00019353359,0.0120203635,0.9718294,0.00046065007
ISIC_0032380,HAM_0003248,nv,4,3.0953935e-05,4.297528e-05,0.0001956349,0.00014104821,0.007355497,0.9920216,0.00021235968
ISIC_0025447,HAM_0003248,nv,4,7.190151e-06,1.6362266e-05,7.813627e-05,5.6554916e-05,0.0027011235,0.9970497,9.081686e-05
ISIC_0032962,HAM_0007216,nv,4,0.00016738923,0.0020967708,0.0015773253,0.00019723269,0.0033483817,0.9923407,0.00027223068
ISIC_0033792,HAM_0004043,nv,4,4.9442926e-05,8.3777355e-05,0.009797489,7.931881e-05,0.16124219,0.8285078,0.00024006197
ISIC_0030492,HAM_0004043,nv,4,9.56038e-06,1.0019193e-05,0.0003752338,0.0006235082,0.9005424,0.09831273,0.00012667337
ISIC_0033926,HAM_0004043,nv,4,3.372652e-05,1.2801143e-05,0.0008143307,0.00030682952,0.92091984,0.077841125,7.1399045e-05
ISIC_0034122,HAM_0002448,nv,4,0.00017454759,0.00016884721,0.029239949,0.0020791958,0.020795062,0.9458636,0.0016788584
ISIC_0033281,HAM_0002448,nv,4,0.00034937623,0.00091153826,0.06396621,0.000977938,0.013427701,0.91909915,0.0012680198
ISIC_0033285,HAM_0002448,nv,4,5.2092477e-05,0.0007412174,0.0051930235,0.0001658732,0.010202258,0.98335326,0.00029225592
ISIC_0033148,HAM_0002519,nv,4,3.881565e-05,8.9546775e-05,0.0001082252,0.00065268145,0.023461603,0.9726016,0.0030475853
ISIC_0033109,HAM_0002519,nv,4,0.00010702853,0.00025129085,0.00012057066,0.0006646544,0.010447835,0.9865819,0.0018266768
ISIC_0032986,HAM_0002519,nv,4,5.4765507e-05,7.004615e-05,8.030831e-05,0.0053135306,0.037290655,0.93579745,0.021393321
ISIC_0033026,HAM_0003057,nv,4,8.752559e-05,0.0001106427,0.0013684621,8.0475016e-05,0.060536,0.93773997,7.693992e-05
ISIC_0033774,HAM_0003057,nv,4,9.665099e-05,8.613123e-05,0.0007661814,0.00035770197,0.18100189,0.81755644,0.00013497517
ISIC_0033462,HAM_0001175,nv,4,2.7802205e-06,4.860416e-06,0.00014427901,3.998666e-05,0.00750197,0.9922065,9.964679e-05
ISIC_0033191,HAM_0001175,nv,4,5.9403607e-07,1.9288404e-06,4.6270484e-06,3.1125264e-06,0.0003209152,0.9996118,5.714495e-05
ISIC_0033875,HAM_0004582,nv,4,0.0003771383,0.0016262594,0.0020881582,0.0003175823,0.007077959,0.98826456,0.00024830137
ISIC_0034181,HAM_0004587,nv,4,6.398524e-05,7.9165686e-05,0.0010094867,5.8145546e-05,0.0069816126,0.9916147,0.00019289924
ISIC_0034209,HAM_0001547,nv,4,0.00023343162,6.3320025e-05,0.13648675,0.0070556263,0.7702356,0.08557822,0.00034701693
ISIC_0034297,HAM_0001547,nv,4,0.00013959473,4.0466006e-05,0.03476344,0.0014905606,0.036431774,0.92682934,0.00030490293
ISIC_0034171,HAM_0004172,nv,4,5.889651e-05,0.00047609888,0.0030356008,0.000105405314,0.0011208322,0.99466056,0.00054266106
ISIC_0033996,HAM_0004172,nv,4,0.0001484754,0.00067655987,0.011293272,0.00026885423,0.051939834,0.9351538,0.00051924324
ISIC_0033314,HAM_0001437,nv,4,2.4253216e-06,5.215261e-06,0.00020489293,2.8862021e-05,0.07104866,0.92859954,0.000110423556
ISIC_0033580,HAM_0001437,nv,4,3.069269e-05,2.9059254e-05,0.0006770699,0.000107128006,0.03011252,0.968399,0.0006444892
ISIC_0033697,HAM_0002603,nv,4,0.00039892315,0.0007585031,0.016946087,0.00083305273,0.06345617,0.91712874,0.0004783819
ISIC_0033033,HAM_0001405,nv,4,0.00085626304,0.0011533536,0.0013405291,0.0010677198,0.11458383,0.8803936,0.0006048142
ISIC_0033390,HAM_0001405,nv,4,0.0005406146,0.00017792791,0.003676435,0.0003038502,0.30998188,0.6850437,0.00027558015
ISIC_0033836,HAM_0001405,nv,4,4.5732882e-05,0.00013733552,0.00067401154,0.00022554521,0.048799425,0.9500062,0.000111652975
ISIC_0028210,HAM_0003857,nv,4,2.3682678e-05,4.4766617e-05,0.0011727277,5.316167e-05,0.008784636,0.98990965,1.1542016e-05
ISIC_0024695,HAM_0006529,nv,4,0.00040360403,0.00021815373,0.0011475175,0.003382637,0.22827925,0.766249,0.00031990127
ISIC_0031411,HAM_0004675,nv,4,0.000101194186,4.4122207e-05,0.0055629136,0.00011534189,0.5825932,0.4115098,7.3315765e-05
ISIC_0027755,HAM_0002533,nv,4,0.00013061259,0.000103121456,0.00080401544,0.0002847275,0.2257794,0.77280533,9.2799266e-05
ISIC_0027582,HAM_0001269,nv,4,5.3036758e-05,0.0033476192,0.0017443709,0.00067580666,0.5966644,0.39746425,5.0410723e-05
ISIC_0031948,HAM_0001276,nv,4,0.00030692416,0.00013969916,0.28565446,4.0102732e-05,0.41562477,0.2981962,3.7820475e-05
ISIC_0028540,HAM_0002023,nv,4,0.00021161656,0.000103739745,0.0028332998,0.00038619345,0.053112447,0.9432812,7.157827e-05
ISIC_0028538,HAM_0007276,nv,4,3.3152042e-05,7.514832e-05,0.0016446438,0.00074720435,0.018532407,0.9787907,0.00017678467
ISIC_0031796,HAM_0000410,nv,4,3.5451794e-05,5.058437e-05,0.54941607,0.00036156413,0.012043723,0.43803272,5.9836235e-05
ISIC_0026402,HAM_0001452,nv,4,0.00032251724,0.0007197407,0.037277926,0.000110591594,0.02925978,0.9318309,0.0004785151
ISIC_0031923,HAM_0007195,nv,4,0.00023662095,0.00011736487,0.00076606293,0.00040289905,0.0075282687,0.99083495,0.00011375393
ISIC_0028487,HAM_0003891,nv,4,3.7994585e-05,7.366686e-05,0.00043567512,8.9381385e-05,0.017066376,0.9822488,4.812356e-05
ISIC_0024458,HAM_0005590,nv,4,8.1796665e-05,0.0016769705,0.0023811292,0.0018580507,0.36818683,0.6250848,0.0007304709
ISIC_0030232,HAM_0005092,nv,4,0.000592447,0.00029271023,0.01521984,9.156727e-05,0.078203835,0.90554535,5.4251814e-05
ISIC_0030243,HAM_0000721,nv,4,2.5499096e-06,2.40046e-05,0.00021626134,4.0357474e-05,0.004140766,0.99555725,1.887826e-05
ISIC_0032058,HAM_0000721,nv,4,6.1086125e-06,4.7860638e-05,0.00086539914,6.5673776e-05,0.008652114,0.99032986,3.3022847e-05
ISIC_0024936,HAM_0006363,nv,4,1.598437e-06,4.7349145e-06,3.7829483e-05,0.0015567787,0.0008412556,0.99726945,0.00028825644
ISIC_0025469,HAM_0005319,nv,4,0.0005709952,0.0026171515,0.0053412803,0.00112233,0.87275666,0.11742472,0.00016681943
ISIC_0025133,HAM_0005319,nv,4,0.0020662695,0.0074082953,0.006278135,0.00090976624,0.9119531,0.07101238,0.00037191168
ISIC_0030615,HAM_0001236,nv,4,0.00018415283,0.00010350233,0.9086109,0.00018523501,0.005841817,0.08484475,0.00022962992
ISIC_0031079,HAM_0003387,nv,4,0.00023787058,0.0016495376,0.00037937443,6.541236e-05,0.0053822803,0.99218446,0.00010111496
ISIC_0028524,HAM_0003387,nv,4,0.00010038523,0.0010074397,0.00012517568,1.737633e-05,0.005955217,0.9927497,4.463277e-05
ISIC_0025665,HAM_0002661,nv,4,8.832396e-05,9.5874755e-05,0.002309262,9.814837e-05,0.49671766,0.5006135,7.7188146e-05
ISIC_0030597,HAM_0002661,nv,4,8.823631e-05,0.00012713544,0.0026205296,0.00012492016,0.51599205,0.4809575,8.962583e-05
ISIC_0026692,HAM_0002661,nv,4,0.00013277245,0.00011401078,0.002095245,0.00015952975,0.427115,0.57027334,0.00011007222
ISIC_0031657,HAM_0003828,nv,4,0.0003795345,0.0012615763,0.00044720093,0.00043940867,0.023920717,0.97340435,0.00014718345
ISIC_0030077,HAM_0003828,nv,4,0.00028054262,0.0005541247,0.00022020044,0.00031480708,0.07466078,0.9238778,9.179319e-05
ISIC_0029865,HAM_0003828,nv,4,9.354946e-05,0.00044196236,0.00017139298,0.00017787276,0.010398614,0.98866946,4.722373e-05
ISIC_0025240,HAM_0002348,nv,4,0.00030024277,0.00016516336,0.0024858275,0.00075481023,0.14525296,0.850696,0.000344903
ISIC_0026933,HAM_0002348,nv,4,7.457332e-05,3.8462105e-05,0.00097419065,0.00024933918,0.02910251,0.9694063,0.00015451612
ISIC_0030179,HAM_0001507,nv,4,0.0002102311,0.0002879136,0.00027205926,0.00056757417,0.109328635,0.8889682,0.0003653814
ISIC_0029215,HAM_0001507,nv,4,0.00088330486,0.0005032919,0.000388155,0.0013105492,0.16767184,0.8285399,0.00070285785
ISIC_0028362,HAM_0001507,nv,4,0.000718237,0.00070023007,0.00044249298,0.001324916,0.18490194,0.8110593,0.0008529275
ISIC_0030894,HAM_0003284,nv,4,0.000181673,4.4957782e-05,0.9711077,0.00019490666,0.009354516,0.019082082,3.420208e-05
ISIC_0030945,HAM_0004443,nv,4,0.09296677,0.0010739083,0.8734724,0.002968053,0.0026553543,0.026479816,0.00038366247
ISIC_0026052,HAM_0005770,nv,4,0.00013730195,3.2803717e-05,0.00016115053,0.00013892043,0.2212278,0.778217,8.508638e-05
ISIC_0029609,HAM_0000211,nv,4,1.7194321e-05,6.489069e-05,8.6302665e-05,0.000242515,0.009370863,0.9900559,0.00016234057
ISIC_0029482,HAM_0000211,nv,4,1.1199877e-05,2.8711827e-05,0.00012338591,9.599925e-05,0.0008180459,0.9988305,9.2231465e-05
ISIC_0028510,HAM_0002835,nv,4,0.0006303385,0.00031082367,0.094468586,6.1926265e-05,0.016344195,0.8875827,0.0006014732
ISIC_0028999,HAM_0006296,nv,4,1.8973187e-05,1.2938588e-05,0.00030576347,2.3937555e-05,0.9436209,0.05600863,8.70354e-06
ISIC_0024406,HAM_0007480,nv,4,0.00026963148,0.002901644,0.021190621,8.159301e-05,0.061137713,0.9143442,7.458206e-05
ISIC_0032427,HAM_0005818,nv,4,2.016836e-05,6.3596126e-05,0.0007595888,0.00020995399,0.0012751034,0.99720216,0.00046945666
ISIC_0028758,HAM_0004443,nv,4,0.13916661,0.0005720844,0.8198401,0.00025836276,0.036126945,0.00396524,7.063245e-05
ISIC_0032184,HAM_0004866,nv,4,0.00015264457,7.1264156e-05,0.16609243,4.747216e-05,0.37138227,0.4621927,6.1194034e-05
ISIC_0027323,HAM_0006077,nv,4,0.00016540191,0.00035015587,0.015535124,0.00059913547,0.6244999,0.35862014,0.00023008676
ISIC_0028825,HAM_0001517,nv,4,0.00021462003,0.00011156108,0.0014524084,0.0008921853,0.12622511,0.87105715,4.6961955e-05
ISIC_0027045,HAM_0005016,nv,4,0.020606453,0.0050931633,0.47072136,0.0008536503,0.24042097,0.2609745,0.0013299292
ISIC_0029641,HAM_0002675,nv,4,0.0071014776,0.025726829,0.024202071,0.00242088,0.02634657,0.9139033,0.00029889416
ISIC_0028484,HAM_0006258,nv,4,0.00011856744,0.00043370167,0.0003753375,0.00020012044,0.1323308,0.86628246,0.0002589751
ISIC_0030842,HAM_0006855,nv,4,5.257345e-05,3.5642523e-05,0.0003754148,0.00035734978,0.0008084521,0.99826473,0.00010578725
ISIC_0028598,HAM_0006633,nv,4,0.0026695034,0.0005689254,0.08883452,0.002001319,0.09282543,0.81213444,0.0009658863
ISIC_0026147,HAM_0006983,nv,4,0.00046362873,0.0005462881,0.0018372721,0.04239175,0.0007124941,0.95359117,0.00045733317
ISIC_0030675,HAM_0003568,nv,4,0.0002670702,0.00042677694,0.016881876,0.0003622009,0.018777998,0.96031004,0.0029740138
ISIC_0030532,HAM_0002766,nv,4,0.001386906,3.0048099e-05,0.5444258,0.0030027735,0.3321514,0.11889578,0.00010736529
ISIC_0024862,HAM_0007422,nv,4,0.0002720904,5.9421134e-05,0.405459,0.0008083552,0.010265104,0.58306634,6.9742244e-05
ISIC_0029926,HAM_0004030,nv,4,0.0005945301,0.00046392568,0.0061155,0.006906124,0.076660834,0.90872926,0.00052981975
ISIC_0031934,HAM_0002003,nv,4,1.15032535e-05,0.00012537406,0.0025108387,9.463731e-05,0.0027108898,0.994323,0.00022372179
ISIC_0026400,HAM_0007167,nv,4,0.0005002504,0.0037840349,0.0037472614,0.0016053938,0.1709443,0.81872153,0.0006972472
ISIC_0027495,HAM_0000508,nv,4,0.00063245685,7.687572e-05,0.057266515,0.00031739875,0.042308234,0.89930505,9.345711e-05
ISIC_0024937,HAM_0006318,nv,4,0.0010905538,0.0006659915,0.00058888446,0.003584529,0.06431765,0.9286723,0.0010799556
ISIC_0031126,HAM_0003434,nv,4,0.07638325,0.0797953,0.5512585,0.015486029,0.0489987,0.22513406,0.0029440376
ISIC_0030816,HAM_0002205,nv,4,0.00044745504,0.00042529998,0.0027077384,0.00022411738,0.24625504,0.7496819,0.0002584618
ISIC_0025118,HAM_0004909,nv,4,0.0002616411,0.00016341134,0.00025960497,0.00018194281,0.052662626,0.9463172,0.00015351074
ISIC_0029183,HAM_0007491,nv,4,0.0013911442,0.0005415972,0.04302439,0.00016745161,0.6260947,0.32864243,0.00013828104
ISIC_0026340,HAM_0000794,nv,4,0.0025124005,0.00010835786,0.8780328,0.013966936,0.0052414085,0.099673785,0.00046429376
ISIC_0028551,HAM_0000667,nv,4,0.04778257,0.008273014,0.063580416,0.0067390627,0.068847604,0.80365556,0.0011218196
ISIC_0029577,HAM_0000886,nv,4,0.0045042294,0.00015857289,0.003496781,0.00022758926,0.029174728,0.9623677,7.0366295e-05
ISIC_0024560,HAM_0000886,nv,4,0.008478055,8.0913516e-05,0.004341811,0.00032889043,0.6231856,0.36350095,8.380872e-05
ISIC_0026222,HAM_0005925,nv,4,0.000132689,0.00019457555,0.032786552,0.00026080926,0.9036342,0.06282852,0.00016257395
ISIC_0027963,HAM_0000891,nv,4,0.00093261123,0.002792432,0.0025649832,0.030256933,0.11002867,0.85285753,0.0005667632
ISIC_0026921,HAM_0004275,nv,4,0.0004831148,4.8022066e-05,0.0008059108,0.0002785153,0.47676814,0.52158594,3.0405676e-05
ISIC_0026712,HAM_0003980,nv,4,0.0015465192,0.0011041687,0.010972789,0.0055719498,0.028021706,0.95227927,0.0005035544
ISIC_0026655,HAM_0007036,nv,4,0.009256291,0.011587337,0.09486471,0.004008389,0.10844476,0.7713598,0.00047873374
ISIC_0031612,HAM_0005873,nv,4,0.00370791,0.00021062086,0.42899486,0.0029764813,0.014099816,0.5497655,0.00024480213
ISIC_0028529,HAM_0002171,nv,4,0.002228187,0.00022289423,0.0069044745,0.0015487045,0.008860112,0.9800602,0.00017529374
ISIC_0028364,HAM_0000777,nv,4,0.0108863525,0.0012669737,0.089256465,0.000306868,0.6361161,0.2620833,8.389304e-05
ISIC_0027568,HAM_0006398,nv,4,0.8528781,0.0005160562,0.0035094265,0.00035329713,0.037988693,0.10468547,6.902694e-05
ISIC_0027917,HAM_0003117,nv,4,7.5704506e-06,8.075663e-05,0.0017171942,7.295754e-05,0.0010977953,0.9939169,0.003106781
ISIC_0030209,HAM_0000266,nv,4,0.00027659943,0.00013142412,0.0043527004,0.00043942232,0.2016658,0.79294395,0.0001901038
ISIC_0030219,HAM_0006681,nv,4,0.16927674,0.0004501598,0.0038736262,0.0043680132,0.39281225,0.42889938,0.00031983518
ISIC_0027382,HAM_0007510,nv,4,0.014178001,0.0017744765,0.0015705647,0.0005880245,0.62257063,0.35821122,0.0011071906
ISIC_0032251,HAM_0001764,nv,4,0.12731633,0.4426452,0.045020774,0.019448472,0.069968276,0.29171473,0.0038861423
ISIC_0032253,HAM_0001764,nv,4,0.09429508,0.011011806,0.087935604,0.0011074864,0.7098003,0.0948492,0.0010005307
ISIC_0029665,HAM_0000347,nv,4,0.17565507,0.0008134443,0.06748999,0.0039883037,0.17108406,0.580468,0.0005011485
ISIC_0024356,HAM_0000689,nv,4,0.0005012948,0.000993057,0.0060340296,0.00023130953,0.7086383,0.28353333,6.864258e-05
ISIC_0028307,HAM_0000689,nv,4,0.0009029331,0.00017658681,0.003082301,0.00047164873,0.056686822,0.93840563,0.0002740377
ISIC_0026103,HAM_0000039,nv,4,0.004112349,4.649917e-05,0.0007818791,0.00022843036,0.25694618,0.7377125,0.00017209184
ISIC_0032107,HAM_0003313,nv,4,0.00048541836,5.4782482e-05,0.0025784224,0.00046591143,0.32988372,0.66638345,0.00014833367
ISIC_0028400,HAM_0006118,nv,4,0.00014635609,0.9547891,0.041380867,0.00028936338,6.381349e-05,0.0030882475,0.00024224482
ISIC_0026998,HAM_0006094,nv,4,0.0006464942,0.048410993,0.109469384,0.0019001523,0.0013187702,0.737209,0.10104508
ISIC_0032218,HAM_0006094,nv,4,0.0002097688,0.079189554,0.8284038,0.00035822534,7.838487e-05,0.09132481,0.00043549127
ISIC_0032028,HAM_0002518,nv,4,0.00013578986,5.9438164e-05,0.053303894,0.0002617418,0.7488866,0.19727589,7.6618824e-05
ISIC_0025214,HAM_0004356,nv,4,0.22301267,0.0044773235,0.007224955,0.001191016,0.7340923,0.029728072,0.00027365243
ISIC_0024363,HAM_0004534,nv,4,0.00029131066,0.00023179992,0.0011898908,0.00052955997,0.03059791,0.96686304,0.00029647662
ISIC_0031014,HAM_0002675,nv,4,0.004505882,0.024921002,0.023475504,0.0046762335,0.027034983,0.91494155,0.00044483758
ISIC_0024969,HAM_0002675,nv,4,0.0006083056,0.0049631624,0.11126406,0.00050825835,0.0054244166,0.8768707,0.00036111372
ISIC_0029983,HAM_0006619,nv,4,0.016902786,0.00016758055,0.0096074315,0.0007222719,0.90104264,0.071407035,0.00015021824
ISIC_0028183,HAM_0003159,nv,4,2.7530548e-05,0.0001805767,0.011171884,0.00011819401,0.011605583,0.9766257,0.0002705488
ISIC_0026108,HAM_0003159,nv,4,0.00012934295,0.00022001979,0.014057959,0.00028140956,0.15916581,0.8258647,0.00028086046
ISIC_0026658,HAM_0005436,nv,4,0.0024924693,0.00038711602,0.027059536,0.0010239066,0.021489635,0.94738305,0.00016423568
ISIC_0027091,HAM_0001617,nv,4,3.6942125e-05,2.385163e-05,0.031305216,0.00013618851,0.43896064,0.5294876,4.951726e-05
ISIC_0031644,HAM_0005925,nv,4,0.0008112699,0.0019010531,0.455285,0.0010768593,0.08115121,0.45796055,0.0018139975
ISIC_0027036,HAM_0005925,nv,4,0.00045090698,0.00020928208,0.023745023,0.0006755708,0.7840269,0.19063886,0.0002534304
ISIC_0030625,HAM_0007342,nv,4,0.000597094,3.2713164e-05,0.0024964288,0.0014713418,0.010368906,0.98488253,0.000150969
ISIC_0030740,HAM_0002319,nv,4,0.00022463487,0.0054757246,0.0043837847,0.00013439785,0.28298476,0.7058872,0.00090951717
ISIC_0026600,HAM_0002319,nv,4,5.6342964e-05,0.00012186839,0.00021222122,0.00018546451,0.45477185,0.5442906,0.00036170625
ISIC_0024441,HAM_0007516,nv,4,0.008712252,0.0013289101,0.012190632,0.0019525278,0.12009287,0.8550467,0.0006760947
ISIC_0031107,HAM_0006725,nv,4,0.0008320056,0.015785748,0.027444825,0.00096703024,0.025055997,0.92496485,0.004949502
ISIC_0026022,HAM_0006725,nv,4,0.00020429374,0.002546584,0.001539311,0.00069653743,0.048073985,0.9450679,0.0018713261
ISIC_0031121,HAM_0006205,nv,4,0.0053567523,0.0040752026,0.17481172,0.00065558456,0.23847309,0.57542896,0.0011987599
ISIC_0032034,HAM_0006205,nv,4,0.007990537,0.0028241824,0.041622818,0.0009450593,0.5836337,0.36167932,0.0013044191
ISIC_0030451,HAM_0006905,nv,4,0.6502509,0.006713472,0.13353324,0.0004792503,0.104811445,0.10409741,0.00011427744
ISIC_0030833,HAM_0000976,nv,4,0.0017511713,0.00010333355,0.76238894,0.00011640818,0.008910569,0.22668609,4.3413682e-05
ISIC_0029833,HAM_0006664,nv,4,0.0008882362,0.0009548014,0.5474716,0.010606457,0.017051794,0.42222777,0.0007993261
ISIC_0030674,HAM_0006905,nv,4,0.3103567,0.001104122,0.28148133,0.0006097541,0.12637894,0.27983686,0.00023234237
ISIC_0024998,HAM_0007516,nv,4,0.04371042,0.00064517494,0.0029084652,0.0009856976,0.695192,0.25624683,0.0003113775
ISIC_0024933,HAM_0000266,nv,4,0.0017974424,0.00094626105,0.0084980065,0.0022944782,0.3565248,0.62939763,0.0005412735
ISIC_0027498,HAM_0007014,nv,4,0.00025500232,0.0025182304,0.16343379,0.0005558895,0.009850972,0.82031566,0.0030703715
ISIC_0027922,HAM_0007178,nv,4,0.005717963,0.0018080439,0.3149462,0.0012746047,0.068411864,0.6058901,0.0019511469
ISIC_0025184,HAM_0007178,nv,4,0.017818853,0.0017100235,0.118254036,0.0057849344,0.12637345,0.70623255,0.023826167
ISIC_0028243,HAM_0002556,nv,4,0.03361698,5.9030834e-05,0.0049894038,0.0007304677,0.6932554,0.26727375,7.491403e-05
ISIC_0025436,HAM_0002556,nv,4,0.0032582872,1.6007207e-05,0.0009168011,0.0007091412,0.9003501,0.094711035,3.854958e-05
ISIC_0026217,HAM_0002205,nv,4,0.00026492696,0.0032416857,0.00071803946,0.00013166165,0.010801734,0.98476404,7.785475e-05
ISIC_0031131,HAM_0004443,nv,4,0.008596111,0.0009849208,0.84282476,0.0016526567,0.0221177,0.12309186,0.00073193107
ISIC_0031473,HAM_0004443,nv,4,0.6002696,0.0025809568,0.35913813,0.0012851745,0.03240892,0.0040524923,0.00026469328
ISIC_0025488,HAM_0002295,nv,4,0.00018641031,0.00044804934,0.0011111008,0.0019348672,0.025964191,0.9695534,0.0008018605
ISIC_0027999,HAM_0002295,nv,4,0.00061171775,0.0017822054,0.01417991,0.0019611965,0.23779437,0.7425411,0.0011295247
ISIC_0030061,HAM_0000836,nv,4,0.0055270637,0.0011681922,0.00075276993,0.0007513011,0.45322785,0.53822136,0.00035144066
ISIC_0030960,HAM_0000836,nv,4,0.0010164097,0.04334564,0.01782162,0.0021475407,0.1573179,0.77813613,0.00021472204
ISIC_0030311,HAM_0000836,nv,4,0.008905082,0.53503126,0.004149344,0.0020945873,0.35088208,0.09877773,0.00015994758
ISIC_0025505,HAM_0000836,nv,4,0.0053240675,0.0014491365,0.00083951536,0.0012238758,0.3144581,0.67619115,0.0005141888
ISIC_0027756,HAM_0003305,nv,4,0.0015200345,0.023759931,0.006696889,0.0008848983,0.041486733,0.92236054,0.0032910085
ISIC_0032125,HAM_0003305,nv,4,0.0030033235,0.799274,0.0038903865,0.0006030536,0.01363193,0.17764686,0.0019504866
ISIC_0025172,HAM_0003305,nv,4,0.0022681782,0.07042327,0.007086113,0.0006128612,0.037110455,0.8799934,0.0025057453
ISIC_0031064,HAM_0000798,nv,4,0.0011471692,0.0028337305,0.13298374,0.0012140209,0.40130392,0.45562595,0.004891468
ISIC_0027538,HAM_0000798,nv,4,0.0012330078,0.0020448326,0.21944402,0.000832667,0.4793098,0.29414296,0.0029926978
ISIC_0026751,HAM_0000798,nv,4,6.342143e-05,0.0004241947,0.004975846,7.81622e-05,0.9342115,0.059955884,0.0002909756
ISIC_0029332,HAM_0000798,nv,4,3.4702836e-05,0.0004211189,0.0073649497,7.550247e-05,0.84940404,0.14222717,0.00047255287
ISIC_0030456,HAM_0000194,nv,4,0.00048652265,0.0005158816,0.097544566,0.00028489684,0.50910443,0.39187163,0.0001920193
ISIC_0030942,HAM_0000194,nv,4,0.00026804523,0.00035579648,0.019751022,0.00037141782,0.29683197,0.68211436,0.00030731538
ISIC_0031880,HAM_0000976,nv,4,0.00043844574,0.00018170358,0.3848388,0.00019646842,0.06077153,0.5534137,0.00015941601
ISIC_0025237,HAM_0001701,nv,4,0.00065123633,0.007478522,0.022397721,0.001669499,0.02619198,0.94059056,0.0010205442
ISIC_0029390,HAM_0001701,nv,4,0.00127011,0.1839547,0.012690599,0.00082971115,0.60375357,0.19524592,0.0022553888
ISIC_0029145,HAM_0000500,nv,4,0.008206148,0.15036818,0.010222695,0.003235617,0.036295727,0.7901845,0.0014871714
ISIC_0029441,HAM_0000500,nv,4,0.0018930231,0.84040016,0.037781797,0.0015541199,0.005070942,0.11219139,0.0011085122
ISIC_0027798,HAM_0007014,nv,4,3.8508333e-05,0.0010960931,0.0024678991,7.307598e-05,0.016059851,0.9800961,0.0001685845
ISIC_0028141,HAM_0007014,nv,4,6.879824e-05,0.00024367285,0.0001599607,5.6702524e-05,0.08367485,0.9155423,0.00025362725
ISIC_0032310,HAM_0007014,nv,4,0.0001091122,0.00069366297,0.00016637624,8.564314e-05,0.072151065,0.9265764,0.00021784482
ISIC_0030151,HAM_0004614,nv,4,0.00046744326,5.827928e-05,0.75464046,6.7869754e-05,0.23932056,0.005420598,2.4870544e-05
ISIC_0028608,HAM_0003434,nv,4,0.4654376,0.29700807,0.043018505,0.08078226,0.071779095,0.039187927,0.002786577
ISIC_0030810,HAM_0004956,nv,4,0.05135243,0.0003441565,0.2504314,0.0042587095,0.5925961,0.100592285,0.00042497658
ISIC_0030839,HAM_0006926,nv,4,5.1824074e-05,3.6032604e-06,0.98595935,5.2026906e-05,0.0012722451,0.012656189,4.773545e-06
ISIC_0031599,HAM_0003263,nv,4,0.00016992516,0.0015887609,0.00025608623,0.0015115712,0.052766893,0.93897635,0.0047304425
ISIC_0028226,HAM_0003263,nv,4,0.0006261411,0.006231842,0.0063485517,0.005387946,0.010528502,0.76750773,0.20336932
ISIC_0030847,HAM_0005153,nv,4,0.00063164905,0.0010661097,0.28706804,0.0014123657,0.24892241,0.46052888,0.0003706028
ISIC_0030210,HAM_0004534,nv,4,0.00015423507,0.0009175261,0.0037624054,0.015465824,0.057884924,0.91793704,0.003878048
ISIC_0031809,HAM_0004835,nv,4,0.0007022906,0.0011830269,0.015398014,0.04620627,0.038814697,0.8916524,0.0060432125
ISIC_0026991,HAM_0003946,nv,4,3.0665447e-05,0.00017509417,0.00052580656,0.00023630625,0.0023461683,0.99630463,0.00038132205
ISIC_0029792,HAM_0005250,nv,4,2.2479748e-05,0.00029843504,0.00016005307,0.00012760542,0.002512223,0.9963297,0.0005494423
ISIC_0024479,HAM_0006469,nv,4,9.64558e-07,2.908332e-05,0.00012328524,1.6571175e-05,0.0035160263,0.99606824,0.0002457813
ISIC_0032328,HAM_0006469,nv,4,8.598206e-06,0.00033094233,0.0011176519,0.00013189713,0.013559394,0.98460037,0.0002510312
ISIC_0026358,HAM_0006469,nv,4,5.3591e-06,9.8776385e-05,0.0020364872,8.432306e-05,0.009120219,0.98835385,0.00030100183
ISIC_0025193,HAM_0006469,nv,4,2.0078729e-05,0.00016390228,0.003649326,0.00016746172,0.00582307,0.98890007,0.0012760398
ISIC_0026451,HAM_0005712,nv,4,3.9449387e-06,0.0002438265,0.0018978155,3.937829e-05,0.10984311,0.8879335,3.8391034e-05
ISIC_0032385,HAM_0005712,nv,4,1.4872214e-05,0.00070685305,0.002385131,7.884338e-05,0.09221854,0.90448374,0.00011205903
ISIC_0030485,HAM_0002587,nv,4,6.5715276e-06,1.2421949e-05,0.00027942847,6.6890614e-05,0.00075563486,0.9969279,0.0019510163
ISIC_0031803,HAM_0002587,nv,4,9.428743e-06,7.7570316e-05,0.0019606731,0.00022888418,0.11225501,0.88468033,0.0007880363
ISIC_0031127,HAM_0000144,nv,4,0.00021678468,0.014191202,0.2976025,0.0003222698,0.06454989,0.62268454,0.00043281526
ISIC_0027558,HAM_0000144,nv,4,3.8334994e-05,0.00034841505,0.021429742,8.7237015e-05,0.7932257,0.18476349,0.00010709399
ISIC_0026816,HAM_0002416,nv,4,2.4453734e-06,6.752901e-05,0.0016142562,5.4367167e-05,0.008365682,0.98890555,0.0009901534
ISIC_0028635,HAM_0002416,nv,4,6.437213e-06,0.000108877204,0.0015688017,0.00020143263,0.001707706,0.9958126,0.00059407053
ISIC_0029920,HAM_0004475,nv,4,5.0380204e-05,0.00027935652,0.00043098905,0.00037775532,0.06929727,0.9289999,0.0005643157
ISIC_0031188,HAM_0004475,nv,4,0.00084023754,0.0012442184,0.15249035,0.00032904177,0.13938746,0.70510817,0.0006004908
ISIC_0026742,HAM_0005193,nv,4,6.302408e-05,0.0005846749,0.001163901,0.0008416075,0.023699384,0.97291124,0.00073621684
ISIC_0028665,HAM_0005193,nv,4,5.0439587e-05,0.015352568,0.09909003,0.0058700135,0.081429675,0.7924508,0.005756477
ISIC_0028903,HAM_0003872,nv,4,7.8757193e-07,2.6332812e-06,0.0001414742,9.484226e-05,0.002996919,0.99647635,0.0002870444
ISIC_0025865,HAM_0005160,nv,4,0.00015973258,0.002257331,0.0009558141,0.015414763,0.0042732162,0.9142366,0.06270254
ISIC_0024935,HAM_0005160,nv,4,0.0013330143,0.04043907,0.02810037,0.5202137,0.041226592,0.34384027,0.024846971
ISIC_0030336,HAM_0006551,nv,4,4.1882824e-05,7.3794356e-05,0.00021478586,0.00011056228,0.06061027,0.93889034,5.8376132e-05
ISIC_0027970,HAM_0006551,nv,4,8.6276974e-05,0.0054125665,0.0008747769,0.0046967827,0.028436085,0.9593094,0.0011840586
ISIC_0031896,HAM_0003027,nv,4,0.0001256849,0.00024607911,0.0076890113,0.00027345083,0.022787634,0.9680091,0.0008690249
ISIC_0025355,HAM_0003027,nv,4,5.040119e-06,8.21294e-06,0.0010052201,0.00013242076,0.0052330117,0.9933476,0.00026854425
ISIC_0024540,HAM_0000159,nv,4,0.000106146595,0.0024217907,0.0073377173,0.0001798575,0.20034371,0.78928566,0.00032504438
ISIC_0027948,HAM_0000159,nv,4,0.00015138782,0.0010017396,0.003339562,0.00035130043,0.5966833,0.39747682,0.0009958872
ISIC_0029970,HAM_0005712,nv,4,2.2652537e-06,0.00014445388,0.0007982589,2.7009872e-05,0.0004516253,0.99827147,0.00030491423
ISIC_0025101,HAM_0005712,nv,4,3.7201313e-05,0.00076942303,0.012830825,0.00043584272,0.021836627,0.9617408,0.0023492507
ISIC_0031668,HAM_0000698,nv,4,0.00011299363,0.0014883992,0.013298385,0.00060019427,0.008622712,0.9632928,0.012584511
ISIC_0027431,HAM_0000698,nv,4,2.240104e-05,0.00051284145,0.00012941363,0.00010983192,0.0099642975,0.98897064,0.00029050114
ISIC_0033140,HAM_0003360,nv,4,0.00028509478,9.605597e-05,0.0013227784,0.00021269365,0.11412037,0.88370985,0.00025307375
ISIC_0025897,HAM_0003539,nv,4,0.00076443056,0.00016548124,0.0007592228,0.00022707129,0.054487836,0.94344676,0.00014920812
ISIC_0032721,HAM_0001916,nv,4,0.00049688696,4.453401e-05,0.035210684,0.00047320774,0.08083452,0.88273865,0.00020154625
ISIC_0033537,HAM_0001916,nv,4,0.0005888071,0.00024641198,0.0073068077,0.0007907805,0.67669344,0.31407765,0.0002960708
ISIC_0032837,HAM_0002425,nv,4,0.0034906338,2.5282292e-05,0.80709606,0.0008808483,0.0051632323,0.18328106,6.2819185e-05
ISIC_0032682,HAM_0002425,nv,4,0.048129797,0.0009211308,0.24133986,0.0025783349,0.12099831,0.58576864,0.0002639084
ISIC_0033418,HAM_0000675,nv,4,8.07455e-05,0.00013762126,0.0068147806,0.00037118216,0.47496188,0.5175841,4.9745864e-05
ISIC_0034054,HAM_0000675,nv,4,8.225063e-05,3.0614992e-05,0.0023150197,0.0001616692,0.8262187,0.1711672,2.4503932e-05
ISIC_0033997,HAM_0006353,nv,4,0.00013494465,0.00014169727,0.00061190897,0.18309408,0.055189975,0.76038754,0.00043988146
ISIC_0032712,HAM_0006353,nv,4,4.1086583e-05,3.224923e-05,0.0005583894,0.0014085972,0.060158864,0.93737423,0.0004264629
ISIC_0033164,HAM_0006353,nv,4,5.329853e-05,7.938793e-05,0.00016417103,0.0019408463,0.03349891,0.9638039,0.00045953065
ISIC_0033176,HAM_0001490,nv,4,0.0004374376,0.0019777657,0.04492591,0.00065156136,0.050069556,0.90148026,0.0004575362
ISIC_0032528,HAM_0003945,nv,4,2.3534965e-05,0.00018278156,0.0005138766,0.00013178126,0.0036498173,0.9953312,0.0001669128
ISIC_0034260,HAM_0004705,nv,4,0.001617564,0.00015798572,0.019400453,0.00025543643,0.112078846,0.8662075,0.00028219065
ISIC_0034027,HAM_0005059,nv,4,0.0007324527,7.008573e-05,0.0941688,8.5536056e-05,0.829539,0.075371765,3.2339252e-05
ISIC_0032575,HAM_0002074,nv,4,4.934046e-05,0.00016691662,0.0022316845,0.00013152714,0.060244486,0.93687665,0.00029930967
ISIC_0032793,HAM_0002074,nv,4,0.0001611151,0.00017488879,0.010244157,0.00036879617,0.21817583,0.77048486,0.00039028793
ISIC_0034229,HAM_0005689,nv,4,0.00022226958,0.00024795963,0.027401255,0.0010521369,0.035947993,0.9343823,0.00074607675
ISIC_0028066,HAM_0005689,nv,4,0.0003944803,8.284922e-05,0.050568536,0.00050454796,0.023310771,0.9248019,0.0003367585
ISIC_0033895,HAM_0004348,nv,4,0.0008061713,0.00040854773,0.0022193985,0.00045755177,0.024884086,0.9709655,0.0002586763
ISIC_0034250,HAM_0004352,nv,4,0.0012763549,0.00012924688,0.002995273,0.00031247886,0.2378279,0.75729316,0.00016563247
ISIC_0032900,HAM_0003811,nv,4,1.9249974e-05,0.00012725356,2.8118167e-05,6.576089e-05,0.00030185631,0.9974711,0.0019866964
ISIC_0033898,HAM_0003812,nv,4,0.0005474731,0.0003784836,0.0010919749,0.0005453387,0.10638763,0.8907727,0.0002763642
ISIC_0033043,HAM_0006232,nv,4,6.9612666e-05,0.00018959679,0.002010679,0.0021539861,0.07500937,0.9191713,0.0013954795
ISIC_0032571,HAM_0004181,nv,4,0.00013319301,8.907294e-05,0.00093179406,0.0010984578,0.085198306,0.9123971,0.0001521112
ISIC_0033623,HAM_0004202,nv,4,0.00011320272,0.0006907473,0.00053168717,0.0021328523,0.1594013,0.836836,0.0002941996
ISIC_0034075,HAM_0004209,nv,4,5.6345434e-05,5.8134032e-05,0.021250132,0.00011337716,0.3023655,0.6760886,6.796557e-05
ISIC_0032606,HAM_0004183,nv,4,2.3878574e-05,1.6998714e-05,0.00078268285,8.318178e-05,0.06872203,0.9303294,4.19082e-05
ISIC_0033383,HAM_0004195,nv,4,0.0006731723,0.0014071281,0.00061173446,0.0005929133,0.105729796,0.890467,0.00051815924
ISIC_0032956,HAM_0004187,nv,4,4.203929e-05,3.431147e-05,0.0019212826,3.9032162e-05,0.2668559,0.7310788,2.8612367e-05
ISIC_0033751,HAM_0005257,nv,4,0.00054221106,0.003334445,0.008277045,0.007251162,0.13319394,0.8418116,0.0055896
ISIC_0034154,HAM_0003561,nv,4,2.3790784e-05,8.873944e-05,0.0046844934,2.5325156e-05,0.053428262,0.94150573,0.00024358602
ISIC_0033782,HAM_0003935,nv,4,3.086923e-05,0.00046437734,0.000101414196,0.00012769975,0.003880597,0.9951207,0.0002743296
ISIC_0026391,HAM_0000057,nv,4,1.4708338e-05,0.00015507104,0.0007066142,7.9048e-05,0.2483985,0.75032246,0.00032351157
ISIC_0025122,HAM_0000057,nv,4,4.335733e-06,4.1702562e-05,0.0017689142,2.276203e-05,0.014474908,0.9835482,0.00013916226
ISIC_0025653,HAM_0005347,nv,4,0.00015363605,0.00028815336,0.006305555,0.00046046777,0.3940354,0.59848976,0.00026701932
ISIC_0027265,HAM_0005347,nv,4,9.1429654e-05,7.47686e-05,0.029812383,0.00041539993,0.02929292,0.940203,0.000110070025
ISIC_0027418,HAM_0001393,nv,4,0.00052067486,0.0004713101,0.008819456,0.00053094426,0.25042304,0.738915,0.00031952784
ISIC_0029030,HAM_0001393,nv,4,8.84815e-05,0.0004718314,0.012827621,0.00037397907,0.75875497,0.22737502,0.00010819828
ISIC_0028008,HAM_0005018,nv,4,0.00044898913,0.004895927,0.010050083,0.001704425,0.051845428,0.93072337,0.00033171105
ISIC_0026440,HAM_0005018,nv,4,0.000646947,0.010024054,0.04057617,0.002260273,0.02899848,0.9163226,0.0011714697
ISIC_0026326,HAM_0007609,nv,4,0.009631907,0.7547671,0.05974182,0.0024640341,0.009362955,0.11218612,0.05184602
ISIC_0029915,HAM_0006002,akiec,4,0.07687683,0.54989856,0.016141823,0.17575814,0.1116914,0.06741428,0.0022189599
ISIC_0029360,HAM_0000549,akiec,4,0.5965526,0.32497412,0.035399742,0.01149542,0.029111926,0.00023764969,0.002228489
ISIC_0026152,HAM_0000549,akiec,4,0.7409997,0.16119418,0.005969787,0.001038407,0.089805715,0.00084586936,0.00014641699
ISIC_0029041,HAM_0006898,akiec,4,0.6472154,0.043572973,0.30572295,0.0001961485,0.0030473757,0.00020237493,4.2752792e-05
ISIC_0031040,HAM_0006898,akiec,4,0.1500918,0.0003494996,0.29501566,0.0016738953,0.55116177,0.0016706291,3.6693375e-05
ISIC_0031929,HAM_0001499,akiec,4,0.563545,0.33323786,0.05408177,0.0008896521,0.032738246,0.012353442,0.0031540908
ISIC_0031191,HAM_0005931,akiec,4,0.0037387325,0.0008837013,0.18531682,0.0031146891,0.7878696,0.016004153,0.0030723952
ISIC_0025948,HAM_0002672,akiec,4,0.42419642,0.52381265,0.003163753,6.8144036e-05,0.030237513,0.018459018,6.253248e-05
ISIC_0030242,HAM_0006898,akiec,4,0.9614985,2.8404877e-05,0.008553367,0.000961068,0.02878067,0.00017130331,6.7204455e-06
ISIC_0030714,HAM_0003989,akiec,4,0.89428234,0.07080211,0.017636951,0.0054066144,0.010699963,0.0008218758,0.00035004917
ISIC_0029634,HAM_0003971,akiec,4,0.99830985,1.1106928e-05,0.00074992364,2.3559334e-05,0.00079130405,0.0001130558,1.236465e-06
ISIC_0030803,HAM_0004012,akiec,4,0.9831102,0.0017994816,0.013565342,9.302344e-05,0.0011567381,0.00021926331,5.5982495e-05
ISIC_0025831,HAM_0004012,akiec,4,0.065894544,0.0045215567,0.92036873,0.00018984379,0.0030164218,0.0056935,0.0003154544
ISIC_0028381,HAM_0004522,akiec,4,0.99621,3.0842722e-05,0.0021240471,0.00032170257,0.0008360643,0.0004740547,3.3935264e-06
ISIC_0030602,HAM_0007555,akiec,4,0.97065353,2.9701383e-05,0.008571797,0.00021438127,0.019073159,0.0014430215,1.436265e-05
ISIC_0032349,HAM_0003086,akiec,4,0.8238064,0.028970536,0.14399734,0.0005122836,0.0023275004,0.00029590848,9.00709e-05
ISIC_0028854,HAM_0005356,akiec,4,0.9998994,5.988674e-07,6.127284e-05,5.6478575e-07,2.9975216e-05,8.13894e-06,5.9527984e-08
ISIC_0031609,HAM_0004363,akiec,4,0.0055363216,0.0012395498,0.87422866,0.0008129166,0.03072871,0.087069035,0.00038474536
ISIC_0024517,HAM_0001894,akiec,4,0.7544896,0.22831564,0.0053017326,0.0006387915,0.008917836,0.0021525787,0.00018373312
ISIC_0024771,HAM_0006301,akiec,4,0.9941287,0.0026853315,0.0030000953,1.4313232e-05,0.00013239552,1.2930927e-05,2.6274696e-05
ISIC_0027753,HAM_0006481,akiec,4,0.0037180611,1.8650751e-06,0.0014704817,0.00041756246,0.9914215,0.0029671928,3.337869e-06
ISIC_0026492,HAM_0006481,akiec,4,0.005587763,0.00059588824,0.0037642908,0.0016340914,0.98481524,0.003529324,7.342784e-05
ISIC_0030375,HAM_0007037,akiec,4,0.94742936,0.012624472,0.033155657,0.00057214836,0.0038908797,0.0022234607,0.00010399264
ISIC_0031292,HAM_0007008,akiec,4,0.99982196,1.6533979e-06,0.00015727695,8.216948e-07,1.6471977e-05,1.8662408e-06,1.0085792e-07
ISIC_0031570,HAM_0001178,akiec,4,0.99961156,3.2783544e-05,0.00021213785,1.7055233e-06,0.00013893672,1.1860053e-06,1.8013916e-06
ISIC_0025637,HAM_0001460,akiec,4,0.763519,0.0026767883,0.22481588,0.0006801108,0.0018076713,0.006355775,0.00014480395
ISIC_0032277,HAM_0001624,akiec,4,0.19383691,0.001143627,0.14057317,0.0009388862,0.61361086,0.049660057,0.00023646213
ISIC_0032371,HAM_0006483,akiec,4,0.9986356,0.00023137228,0.0003523702,1.1241519e-05,0.00075310434,1.5186322e-05,1.0497166e-06
ISIC_0029210,HAM_0004060,akiec,4,0.87349296,0.0060427985,0.016870303,0.00030708677,0.0984829,0.0034330105,0.0013709019
ISIC_0032154,HAM_0002307,akiec,4,0.3148192,0.007797134,0.5487607,0.0037778188,0.07304393,0.049731124,0.0020700742
ISIC_0026549,HAM_0002307,akiec,4,0.1852184,0.026436836,0.6794886,0.0031528084,0.042323373,0.062313635,0.0010664221
ISIC_0029598,HAM_0003401,akiec,4,0.63788104,0.31209514,0.027595393,0.004404232,0.01599245,0.0012146791,0.00081709126
ISIC_0029002,HAM_0003401,akiec,4,0.9184864,0.06379883,0.010260918,0.0008692161,0.005748832,0.0006163665,0.00021934342
ISIC_0026178,HAM_0007349,akiec,4,0.9915617,0.0019252956,0.006172967,0.00012625282,0.00014674217,5.041646e-05,1.6625583e-05
ISIC_0032014,HAM_0007349,akiec,4,0.96071124,0.017838264,0.021018611,0.00017659637,7.7754325e-05,0.00013807167,3.9403978e-05
ISIC_0027184,HAM_0007349,akiec,4,0.97687644,0.0037175734,0.017528925,0.0007171741,0.00061703636,0.00044443464,9.8395045e-05
ISIC_0029462,HAM_0007349,akiec,4,0.4770828,0.47615194,0.044375613,0.0011802627,0.0002618136,0.000695197,0.00025227596
ISIC_0025577,HAM_0000005,akiec,4,0.9887144,0.000256801,0.00862957,0.00013772439,0.00036641632,0.00188321,1.184765e-05
ISIC_0030591,HAM_0000005,akiec,4,0.84489834,0.0031934164,0.0211155,0.002601305,0.10836503,0.019202426,0.00062392745
ISIC_0024579,HAM_0000005,akiec,4,0.8503671,0.04239935,0.025889743,0.0010619654,0.055380236,0.024562834,0.00033876218
ISIC_0029638,HAM_0000005,akiec,4,0.9954704,0.00058095984,0.0008772491,0.0003046531,0.0012179398,0.0015306253,1.8260142e-05
ISIC_0025029,HAM_0003105,akiec,4,0.69664687,0.0016671615,0.25428766,0.00012631762,0.036030456,0.01101284,0.00022873167
ISIC_0026388,HAM_0003105,akiec,4,0.9224662,0.0010706454,0.07169085,6.022498e-05,0.0032777532,0.001395022,3.918914e-05
ISIC_0027580,HAM_0005648,akiec,4,0.043626226,0.9511671,0.0043884083,8.757332e-05,0.00041697372,0.00023804893,7.578838e-05
ISIC_0025803,HAM_0005024,akiec,4,0.056448482,0.00024509124,0.92718816,8.738997e-05,0.012160247,0.003852638,1.7963634e-05
ISIC_0033000,HAM_0006442,akiec,4,0.99788576,0.00045386824,0.0016205851,2.5763042e-05,9.589413e-06,2.6062837e-06,1.7293905e-06
ISIC_0033295,HAM_0006442,akiec,4,0.673121,0.21938568,0.0985956,0.0075880415,0.00069962174,0.0002865639,0.0003234535
ISIC_0024468,HAM_0006301,akiec,4,0.98948693,9.092363e-05,0.00016320075,4.517988e-06,0.010225872,1.7084045e-05,1.1537088e-05
ISIC_0031823,HAM_0006301,akiec,4,0.9316634,0.06465095,0.003164627,5.7588368e-05,0.00028401407,2.6781081e-05,0.00015261678
ISIC_0029460,HAM_0000545,akiec,4,0.031469528,0.0029050524,0.23880114,0.0020419646,0.70876336,0.015758336,0.00026062274
ISIC_0024539,HAM_0002551,akiec,4,0.0001069938,0.00012705829,0.990122,0.00032860003,0.0076937345,0.0016017078,1.9869329e-05
ISIC_0027668,HAM_0001386,akiec,4,0.00012327456,0.00023808249,0.016756197,0.00019093137,0.1381228,0.8444538,0.00011490452
ISIC_0029827,HAM_0002699,akiec,4,0.70795757,0.0055443244,0.093866765,0.17778023,0.002608743,0.008859805,0.0033825645
ISIC_0026857,HAM_0004363,akiec,4,0.9781018,0.0020436049,0.011109834,0.0026087102,0.003908497,0.0013814225,0.0008460976
ISIC_0030825,HAM_0004060,akiec,4,0.8101167,0.111690655,0.020924661,0.023206769,0.025725206,0.0075341347,0.00080188474
ISIC_0030036,HAM_0007008,akiec,4,0.99921525,2.0012683e-05,0.0006864425,1.1787849e-05,4.644009e-05,1.8400573e-05,1.6523946e-06
ISIC_0024654,HAM_0005705,akiec,4,0.06954676,0.033977233,0.8784264,0.0028789595,0.013331689,0.0008988549,0.00094015384
ISIC_0026765,HAM_0001474,akiec,4,0.9947857,0.0042027137,0.00091362826,1.5669073e-05,6.233656e-05,1.7514289e-05,2.3472664e-06
ISIC_0026650,HAM_0000545,akiec,4,0.22410344,0.0024461846,0.3753026,0.00031837253,0.3887315,0.009031169,6.6734516e-05
ISIC_0032947,HAM_0006442,akiec,4,0.81708175,0.03988354,0.09892985,0.006449111,0.03675141,0.0007235702,0.0001808158
ISIC_0029309,HAM_0005579,akiec,4,0.94580156,0.0017252848,0.032049038,0.00024855084,0.018703168,0.0013515493,0.00012089765
ISIC_0028393,HAM_0005579,akiec,4,0.9089309,0.0024672134,0.032946546,0.00057076494,0.05332107,0.0014891516,0.00027439144
ISIC_0033705,HAM_0001576,akiec,4,0.09884661,0.00014263784,0.0042668213,4.6217378e-05,0.8913954,0.0052900882,1.2294316e-05
ISIC_0031430,HAM_0005705,akiec,4,4.7481888e-05,0.00030901667,0.97866243,0.0011369785,0.0012008885,0.016773168,0.0018699896
ISIC_0031967,HAM_0004341,bkl,4,0.00047990316,0.96044004,0.026394436,0.0014753216,0.00054699724,0.003963618,0.0066996785
ISIC_0031584,HAM_0004341,bkl,4,0.00042844078,0.12958167,0.72063416,0.004724623,0.0037374843,0.06642665,0.07446701
ISIC_0032306,HAM_0001853,bkl,4,0.0028837614,3.1973184e-05,0.99510217,1.0942256e-05,0.0013938152,0.0005728591,4.4383746e-06
ISIC_0031542,HAM_0003014,bkl,4,0.5311396,0.2649954,0.16534476,0.014223674,0.013244981,0.008927063,0.0021245086
ISIC_0024741,HAM_0000770,bkl,4,0.017329408,4.0988234e-05,0.98000836,0.00032587937,0.00075658323,0.0015305805,8.134365e-06
ISIC_0027991,HAM_0002722,bkl,4,0.0102887945,0.00020435637,0.005475021,0.00021084334,0.9810983,0.002704383,1.8351462e-05
ISIC_0031289,HAM_0002722,bkl,4,0.00046842484,8.029471e-05,0.96157587,0.00052002026,0.03374945,0.0035844087,2.1526777e-05
ISIC_0030172,HAM_0002722,bkl,4,0.011611623,0.00042825256,0.95054543,0.0006194635,0.018760301,0.017831415,0.00020348097
ISIC_0028201,HAM_0005049,bkl,4,1.5259771e-05,6.6415014e-05,0.9208317,5.4837137e-06,0.07647745,0.0026016259,2.049114e-06
ISIC_0029612,HAM_0004396,bkl,4,0.034269255,0.059128895,0.82144696,0.0013616859,0.0058631357,0.076630645,0.0012993298
ISIC_0028913,HAM_0004396,bkl,4,7.729744e-05,0.00050355063,0.9892398,2.74538e-05,0.00064783584,0.009473508,3.0567164e-05
ISIC_0029443,HAM_0004396,bkl,4,0.00025743747,0.0032853375,0.98730075,0.00016047218,0.00019093801,0.008740121,6.4836626e-05
ISIC_0029927,HAM_0000999,bkl,4,0.0075766104,8.6670894e-05,0.9904039,1.4148634e-05,0.0015788656,0.00033014122,9.648531e-06
ISIC_0026567,HAM_0000999,bkl,4,0.0070048654,0.0006956106,0.97662723,4.4861463e-05,0.013292901,0.002264175,7.030183e-05
ISIC_0028094,HAM_0005404,bkl,4,0.0017607951,0.00042564212,0.79711574,0.0015238412,0.044970196,0.15302622,0.0011775333
ISIC_0029455,HAM_0005404,bkl,4,0.005374735,0.0014318331,0.9711556,0.0028364384,0.015206886,0.0037302491,0.00026434567
ISIC_0033553,HAM_0005898,bkl,4,4.5000656e-05,0.00011949083,0.9892714,7.051997e-05,0.00033643193,0.009812798,0.0003444102
ISIC_0033401,HAM_0005898,bkl,4,2.8344615e-05,0.00015964502,0.95571816,0.0002673551,0.00038521903,0.042903244,0.0005379666
ISIC_0033391,HAM_0001186,bkl,4,8.113236e-05,0.0004707762,0.99854124,1.778764e-05,0.000751197,0.00012492613,1.2988323e-05
ISIC_0032740,HAM_0001561,bkl,4,9.188795e-07,9.100856e-06,0.9944359,6.2305353e-06,0.005167609,0.00037986416,2.9948404e-07
ISIC_0030316,HAM_0000441,bkl,4,0.00015803424,1.7852573e-05,0.9963314,9.191089e-05,0.0006746727,0.0027070967,1.9003966e-05
ISIC_0025330,HAM_0000453,bkl,4,0.00015511163,6.950583e-05,0.9981674,1.867074e-05,0.0003337053,0.0012308178,2.4734712e-05
ISIC_0025804,HAM_0001443,bkl,4,0.00014754452,1.7725235e-05,0.015618936,0.000266127,0.009927999,0.97388816,0.00013355595
ISIC_0027275,HAM_0002280,bkl,4,5.24719e-05,0.00014977077,0.9924521,3.3288088e-05,0.00028812743,0.0069943354,2.9897587e-05
ISIC_0025131,HAM_0006124,bkl,4,1.2214525e-07,1.0886688e-06,0.9999138,3.5206108e-07,6.708095e-06,7.7675024e-05,1.8844472e-07
ISIC_0031761,HAM_0000296,bkl,4,0.0015365516,0.00072581554,0.71348804,0.007402415,0.026128763,0.2494814,0.0012370677
ISIC_0027008,HAM_0005276,df,4,0.0002669455,0.007755715,0.00023928842,0.99033105,0.00086592854,0.00025077208,0.00029033312
ISIC_0028790,HAM_0005276,df,4,1.4451773e-05,5.9434784e-05,2.2339673e-05,0.99788696,0.0019490826,7.3095125e-06,6.0488772e-05
ISIC_0024386,HAM_0005112,df,4,3.323991e-06,5.16922e-05,7.120901e-05,0.9872995,0.0002167838,0.00038195655,0.011975514
ISIC_0032079,HAM_0005555,mel,4,3.1279273e-05,0.006228564,0.0030533983,4.008502e-05,0.97540885,0.015221372,1.648302e-05
ISIC_0032182,HAM_0006651,mel,4,0.00088593934,0.0027895097,0.0007988178,0.00017981381,0.9897455,5.1921576e-05,0.0055484492
ISIC_0033286,HAM_0005758,mel,4,0.33453977,2.494329e-05,0.055689245,1.9050123e-05,0.6081442,0.0015790111,3.7954096e-06
ISIC_0032586,HAM_0005758,mel,4,0.0070708194,2.7515634e-06,0.066046,1.6789656e-05,0.92609465,0.00076797797,1.0241756e-06
ISIC_0033241,HAM_0006545,mel,4,0.00011073442,0.000111385154,0.002629674,0.0009280738,0.41322356,0.58273864,0.00025796858
ISIC_0032598,HAM_0006545,mel,4,0.00017688777,0.0001424112,0.0005632472,0.0005178752,0.31609458,0.6823705,0.00013456913
ISIC_0034289,HAM_0006545,mel,4,0.00015359394,0.00015754372,0.002065123,0.00055203383,0.56427485,0.43264455,0.00015239866
ISIC_0033651,HAM_0004998,mel,4,6.0762136e-06,4.095343e-06,0.000119683464,3.565584e-05,0.9928034,0.0070241964,6.9528196e-06
ISIC_0033304,HAM_0004998,mel,4,1.025031e-05,1.5875989e-05,0.00072885014,4.2403455e-05,0.9731032,0.026084717,1.4682891e-05
ISIC_0032081,HAM_0005078,mel,4,0.057955734,1.0486597e-06,0.009223817,1.0426888e-05,0.92989355,0.0029137623,1.6305529e-06
ISIC_0032869,HAM_0003495,mel,4,0.0018390699,5.8428075e-05,0.00014891021,8.5679116e-05,0.9944887,0.0033628058,1.6352145e-05
ISIC_0033524,HAM_0003495,mel,4,0.00047229728,3.711984e-05,0.0003195723,0.0002197459,0.99786204,0.0010808352,8.478971e-06
ISIC_0034101,HAM_0004853,mel,4,2.025794e-06,8.08959e-07,2.0360134e-05,1.3337478e-06,0.99982613,0.00014912573,2.4194654e-07
ISIC_0030333,HAM_0004853,mel,4,5.8701687e-07,7.537445e-07,0.00014342803,4.8388315e-06,0.99944407,0.000401273,5.031589e-06
ISIC_0032695,HAM_0004853,mel,4,5.1531565e-06,3.8816376e-07,2.2781249e-05,1.137709e-05,0.9998802,7.968927e-05,5.1826663e-07
ISIC_0033730,HAM_0001647,mel,4,5.768983e-06,1.2234988e-06,8.442346e-05,4.59046e-06,0.9955888,0.00431427,9.603351e-07
ISIC_0032975,HAM_0001647,mel,4,4.9142723e-06,3.241314e-07,6.0801804e-06,2.4470376e-06,0.99928963,0.0006959437,6.91568e-07
ISIC_0029092,HAM_0004427,mel,4,2.8299833e-06,2.6485543e-05,0.00071882963,1.6541888e-05,0.9943078,0.004428161,0.0004992577
ISIC_0027838,HAM_0007016,mel,4,7.468506e-05,0.00026272098,0.0035323733,0.0029198735,0.24072365,0.75022143,0.0022651344
ISIC_0029937,HAM_0000766,mel,4,0.0029745232,0.0003285582,0.23629566,0.11053344,0.08803893,0.56023985,0.001589041
ISIC_0028847,HAM_0006006,mel,4,0.0010830266,0.00021683061,0.0026936373,0.0012723842,0.87831193,0.116340056,8.2139035e-05
ISIC_0024961,HAM_0006006,mel,4,0.0011795703,0.0003527904,0.055193946,0.15661994,0.72845906,0.05787101,0.0003237387
ISIC_0030784,HAM_0005078,mel,4,0.28280723,3.878329e-05,0.52629364,0.0007943474,0.17801626,0.012018786,3.092074e-05
ISIC_0028685,HAM_0006423,mel,4,0.021761406,0.002962393,0.04127573,0.00032753806,0.9047666,0.028646756,0.00025961048
ISIC_0031170,HAM_0003428,mel,4,0.0001061113,0.0030144367,0.06827408,0.00023495886,0.9170724,0.011249318,4.8676273e-05
ISIC_0024652,HAM_0003428,mel,4,0.00032485885,0.0012453111,0.021944711,9.9076344e-05,0.9721807,0.0041810693,2.4279703e-05
ISIC_0028103,HAM_0002338,mel,4,0.00017757328,0.00071546884,0.7523417,5.9016722e-05,0.24046284,0.0062352694,8.144575e-06
ISIC_0028352,HAM_0006423,mel,4,0.0068840226,0.018887125,0.46548057,0.00069982174,0.460957,0.04670046,0.00039103397
ISIC_0028431,HAM_0004653,vasc,4,7.3185456e-06,4.625463e-05,2.6927442e-05,9.4353854e-05,0.000110850786,0.00059415493,0.9991202
ISIC_0024375,HAM_0005245,vasc,4,9.3995695e-05,0.00041069806,0.00023128242,0.00057242945,0.00040196857,0.0010162394,0.9972734
ISIC_0028095,HAM_0001926,bcc,4,0.079492755,0.87489456,0.0349831,0.0004066816,0.0073867613,0.0026936585,0.0001424801
ISIC_0032414,HAM_0001926,bcc,4,0.24248028,0.17085627,0.34061882,0.0066865627,0.09155329,0.14164482,0.006159951
ISIC_0030659,HAM_0001618,bcc,4,0.01174517,0.015476473,0.9078674,0.001970497,0.035270654,0.02650695,0.0011629292
ISIC_0032497,HAM_0001759,bcc,4,0.15129691,0.5311814,0.008953959,0.28599176,0.01895553,0.0016322302,0.0019881667
ISIC_0025417,HAM_0002577,bcc,4,6.3537904e-05,0.94695956,0.0011152915,0.00010808162,0.0033994638,0.0468709,0.0014833041
ISIC_0028035,HAM_0002577,bcc,4,0.00034966847,0.96967846,0.0143827135,0.000113299226,0.00027661052,0.01501419,0.00018498351
ISIC_0026074,HAM_0000968,bcc,4,0.00046798305,0.9969885,0.0014697405,9.125579e-05,0.00035986776,0.0005546592,6.7948116e-05
ISIC_0025266,HAM_0004300,bcc,4,9.970466e-05,0.9976421,0.00036399285,0.00027853847,0.0008613168,0.00044597342,0.000308314
ISIC_0032316,HAM_0000868,bcc,4,0.00013218183,0.99835676,0.0002087651,0.00042543997,0.00034318856,0.0003079328,0.0002257289
ISIC_0026054,HAM_0002943,nv,4,0.002557027,0.0010033037,0.022240859,0.0016802175,0.08401813,0.76063806,0.1278624
ISIC_0031463,HAM_0001263,nv,4,0.00020128777,0.00012510452,5.1644514e-05,0.00033561545,0.0011901506,0.998016,8.014497e-05
ISIC_0027836,HAM_0002994,nv,4,0.00019696035,0.0001706215,0.0002352707,0.00024825285,0.0032131097,0.9958209,0.00011499819
ISIC_0028690,HAM_0002773,nv,4,0.000227009,9.518754e-05,0.13882999,0.0008271272,0.00265959,0.8571068,0.00025423802
ISIC_0031157,HAM_0003238,nv,4,6.559292e-05,0.0015267987,0.006638592,0.005389237,0.0072520105,0.9699794,0.009148397
ISIC_0028539,HAM_0002215,nv,4,0.0001613217,0.000435956,0.0039256806,0.00018173349,0.0016452806,0.9925275,0.0011225318
ISIC_0031777,HAM_0006909,nv,4,2.7567274e-05,5.200786e-05,3.972035e-05,4.857143e-05,0.0024839514,0.99721634,0.00013177322
ISIC_0025052,HAM_0005424,nv,4,4.4413962e-05,0.00018535349,0.0011427278,0.00039469925,0.00024364259,0.9975775,0.00041162645
ISIC_0027843,HAM_0006671,nv,4,4.8102338e-05,3.5399233e-05,0.001069394,0.00011184129,0.009148797,0.98951626,7.026242e-05
ISIC_0030293,HAM_0007618,nv,4,4.519508e-06,4.4501037e-05,0.000259611,0.022168998,5.988269e-05,0.96312106,0.014341362
ISIC_0028319,HAM_0001464,nv,4,0.012150945,0.00425706,0.144036,0.0019395307,0.026925161,0.8073005,0.0033907113
ISIC_0027485,HAM_0003060,nv,4,0.00029413647,0.00021603708,0.026580952,0.00041318175,0.020520117,0.9517666,0.00020898176
ISIC_0028833,HAM_0001015,nv,4,3.859123e-05,8.011747e-05,0.00021273694,0.00017363083,0.01907531,0.9802895,0.00013004348
ISIC_0028062,HAM_0004964,nv,4,0.00016731382,0.00013004988,0.00043355543,0.00048936735,0.0028920611,0.9957759,0.00011167293
ISIC_0024838,HAM_0002264,nv,4,3.721297e-05,0.00018316865,0.0019856628,0.0016222344,0.0023534321,0.98871106,0.0051072193
ISIC_0027456,HAM_0005323,nv,4,5.671192e-05,1.4479733e-05,0.0003991752,7.367792e-05,0.0015201415,0.9978668,6.907895e-05
ISIC_0026529,HAM_0007109,nv,4,0.0007509056,0.00022745307,0.0023945435,0.0008542178,0.010684543,0.9846001,0.00048814662
ISIC_0027557,HAM_0005169,nv,4,6.978662e-05,0.00012710984,0.000152428,2.1242186e-05,0.00096026313,0.9982925,0.00037671064
ISIC_0026227,HAM_0000986,nv,4,0.00019893088,0.00045049196,0.00015583796,0.0019340499,0.00012042225,0.99698263,0.00015767493
ISIC_0025109,HAM_0005031,nv,4,3.773345e-05,0.00026813336,0.0005676383,0.00097601366,0.0056523364,0.9908597,0.0016385108
ISIC_0024989,HAM_0002035,nv,4,9.6865515e-05,0.0010146738,0.0003384242,0.00016802366,0.00019624781,0.99804926,0.00013660226
ISIC_0029218,HAM_0005633,nv,4,0.0003259431,0.0011510636,0.12769833,0.0010792143,0.0028489095,0.8658686,0.001027784
ISIC_0029871,HAM_0003529,nv,4,5.129567e-05,1.3698602e-05,0.00023626405,0.0004064376,0.0021389602,0.9971,5.3443335e-05
ISIC_0025017,HAM_0006874,nv,4,1.657227e-05,1.5537831e-05,2.7163427e-05,5.8296577e-05,0.0036922111,0.99613404,5.6172874e-05
ISIC_0027901,HAM_0004320,nv,4,3.466862e-05,0.0013106536,0.00017198332,0.00018614,0.00012582568,0.9979048,0.00026585325
ISIC_0026235,HAM_0002649,nv,4,8.384077e-05,2.341856e-05,0.00019531674,0.00045657076,0.0008220633,0.9981762,0.00024260132
ISIC_0024393,HAM_0001432,nv,4,0.00010949329,0.000105093204,0.0004821644,0.00027312397,0.0032249598,0.9955968,0.00020839139
ISIC_0031343,HAM_0006505,nv,4,0.0024847775,0.00027526743,0.019091545,0.00012049053,0.024086885,0.9537279,0.00021312603
ISIC_0027148,HAM_0005949,nv,4,0.0005714381,0.004554357,0.002978083,0.00042176366,0.00058670563,0.9906969,0.00019084783
ISIC_0025430,HAM_0002972,nv,4,3.4069275e-05,1.7571647e-05,0.0027584906,0.0007373797,0.00019020883,0.9960962,0.00016606518
ISIC_0024621,HAM_0000314,nv,4,2.9685183e-05,3.2034714e-05,0.00019001318,2.564026e-05,0.004626131,0.99507165,2.4851392e-05
ISIC_0030101,HAM_0004712,nv,4,9.890407e-06,3.873717e-05,3.8285867e-05,0.00033765403,2.8340719e-05,0.9994923,5.4841974e-05
ISIC_0029788,HAM_0004822,nv,4,0.0004582186,0.00010979725,0.00044455464,0.00023063191,0.044036586,0.9545048,0.00021539285
ISIC_0025200,HAM_0002388,nv,4,6.6213724e-05,2.4936315e-05,0.00025481658,9.5218e-05,0.00093664264,0.99847203,0.00015009179
ISIC_0025059,HAM_0000450,nv,4,0.00027814315,0.0003656123,0.0002648882,0.002452575,0.028454619,0.9674634,0.0007207443
ISIC_0029073,HAM_0001774,nv,4,0.00017055735,3.8958977e-05,0.0007138782,0.00033004466,0.00320407,0.9954465,9.6048476e-05
ISIC_0026257,HAM_0002630,nv,4,0.00024701498,6.519729e-05,0.0006867085,9.768174e-05,0.002168546,0.99667835,5.6533852e-05
ISIC_0031227,HAM_0002252,nv,4,0.00094912597,2.203972e-05,0.00079457485,0.001303015,0.0045926003,0.9922099,0.0001288271
ISIC_0028391,HAM_0005528,nv,4,8.564314e-06,0.0005482786,4.6935573e-05,0.00031454262,0.0012501294,0.9730872,0.024744388
ISIC_0029587,HAM_0003160,nv,4,0.0022720792,0.00057447155,0.0010121751,9.6568016e-05,0.031549405,0.96437156,0.00012375384
ISIC_0030147,HAM_0004366,nv,4,1.51103495e-05,5.558787e-06,4.969029e-05,4.4803845e-05,0.00036671644,0.9994789,3.9231556e-05
ISIC_0030924,HAM_0004049,nv,4,0.02589449,0.005914859,0.01649776,0.001101644,0.004272813,0.94455117,0.0017673122
ISIC_0025494,HAM_0000677,nv,4,6.578544e-05,2.571168e-05,0.0008119672,4.272387e-05,0.0011879129,0.9978434,2.2513901e-05
ISIC_0028563,HAM_0002126,nv,4,0.00042135612,0.00036075714,0.0072036674,0.00039007142,0.0018249332,0.9897396,5.96444e-05
ISIC_0024903,HAM_0004238,nv,4,4.8209105e-05,6.202273e-05,0.0015503732,2.8451594e-05,0.0005494388,0.99754035,0.00022118188
ISIC_0030216,HAM_0001951,nv,4,0.00048271517,8.290606e-05,0.00010961836,0.00047989507,0.72073054,0.27786636,0.00024799566
ISIC_0030345,HAM_0004598,nv,4,1.3616949e-05,0.0006575446,0.00017884342,8.581e-05,7.34689e-05,0.9989303,6.031595e-05
ISIC_0026973,HAM_0003557,nv,4,8.398398e-05,1.7398905e-05,0.001380143,0.00011682815,0.0004439292,0.99793005,2.7694976e-05
ISIC_0031047,HAM_0002594,nv,4,9.447608e-05,3.277785e-05,0.0003303986,5.6635043e-05,0.008723164,0.9906922,7.020866e-05
ISIC_0027979,HAM_0003272,nv,4,0.00091447006,0.0074702706,0.003456233,0.00071010663,0.00079372985,0.98632693,0.00032830093
ISIC_0027635,HAM_0006394,nv,4,0.00012307786,0.00044365347,0.0002550177,0.0003287308,0.0062239314,0.99148375,0.0011417944
ISIC_0024521,HAM_0007330,nv,4,0.012632961,0.0005664503,0.017480351,0.00069402944,0.036798693,0.93069434,0.001133141
ISIC_0030811,HAM_0001156,nv,4,7.868789e-05,4.4226195e-05,0.0004365348,9.38099e-05,0.0019688713,0.997248,0.00012986115
ISIC_0025764,HAM_0003270,nv,4,8.42153e-05,0.03351354,0.0010390602,0.00052759954,0.000107293075,0.96422476,0.000503439
ISIC_0030715,HAM_0003339,nv,4,0.00043121327,0.00014642665,0.0031476007,0.0013974216,0.053891487,0.94043964,0.00054617034
ISIC_0031393,HAM_0006247,nv,4,1.0612986e-05,2.0860547e-05,5.873383e-05,2.9189152e-05,0.00016646148,0.9996929,2.1230477e-05
ISIC_0030195,HAM_0004110,nv,4,9.506372e-06,6.793898e-06,0.00088722195,3.3834927e-05,6.585855e-05,0.99895227,4.447517e-05
ISIC_0025070,HAM_0002913,nv,4,3.4669916e-05,2.2472192e-05,2.6119164e-05,0.00024065693,0.0031117566,0.9959948,0.0005694668
ISIC_0030628,HAM_0002707,nv,4,0.00046770065,0.0005436029,0.0020495334,0.00030552977,0.015382604,0.9809394,0.0003115558
ISIC_0030670,HAM_0000726,nv,4,5.4661305e-05,4.9382375e-05,7.6634446e-05,0.00046420033,0.0009819926,0.99814725,0.00022590203
ISIC_0030996,HAM_0007222,nv,4,0.0013306249,0.00038647835,0.010782602,0.00022543082,0.011272516,0.9758462,0.00015615136
ISIC_0027929,HAM_0003442,nv,4,4.0258976e-05,2.3713303e-05,9.9447505e-05,4.073354e-05,0.0007574089,0.9989636,7.492044e-05
ISIC_0029155,HAM_0007379,nv,4,1.0714823e-05,8.459583e-06,7.028001e-05,0.00012657896,0.00026491043,0.99947697,4.2130356e-05
ISIC_0029411,HAM_0002866,nv,4,0.016320689,0.07706734,0.079708084,0.004183321,0.017578073,0.8018846,0.0032579736
ISIC_0030831,HAM_0002926,nv,4,3.559711e-05,5.219971e-05,5.766707e-05,0.00036074896,0.00049987313,0.99894196,5.2097854e-05
ISIC_0026012,HAM_0000028,nv,4,0.0017109911,0.12309442,0.011124424,0.005599177,0.023298778,0.40657806,0.42859408
ISIC_0029752,HAM_0000028,nv,4,0.00011816258,0.041457042,0.006224029,0.00032057244,0.0032999127,0.9426369,0.0059433617
ISIC_0027861,HAM_0003343,nv,4,1.8875093e-05,0.000641131,0.015232744,0.00093284005,0.97804594,0.0051135537,1.4931426e-05
ISIC_0031615,HAM_0000569,nv,4,9.603124e-05,0.00011096389,0.08955105,0.00032297152,0.09739679,0.81231403,0.0002081192
ISIC_0031592,HAM_0000569,nv,4,6.7335306e-05,0.00018161192,0.05656146,0.010356082,0.004051541,0.928137,0.000645129
ISIC_0026618,HAM_0006916,nv,4,0.00023769238,0.00048109054,0.019914431,0.044333365,0.015970472,0.9187257,0.0003371698
ISIC_0026670,HAM_0006916,nv,4,8.218328e-05,0.00036190214,0.0031107492,0.0009694467,0.030070376,0.9651567,0.00024873146
ISIC_0030429,HAM_0006146,nv,4,7.8511235e-05,0.44586566,0.032314174,0.000624818,0.00054817856,0.5072094,0.013359199
ISIC_0028159,HAM_0006146,nv,4,0.0001907664,0.85200405,0.018011743,0.00061459997,0.003481946,0.1166654,0.009031481
ISIC_0032542,HAM_0003852,nv,4,4.5117522e-05,6.6809735e-05,4.0522154e-05,0.00059605046,0.62922204,0.36990052,0.0001290309
ISIC_0034224,HAM_0003852,nv,4,3.3688837e-05,8.6533e-05,8.8239714e-05,0.0004009068,0.7976555,0.2016789,5.619823e-05
ISIC_0032587,HAM_0003288,nv,4,0.004969407,4.5156223e-05,0.0015980419,0.0031074989,0.21510424,0.7746202,0.00055551395
ISIC_0033824,HAM_0003288,nv,4,0.00012044761,7.039382e-05,0.0010001587,0.0006182897,0.008585384,0.98943245,0.00017287055
ISIC_0033830,HAM_0003288,nv,4,0.00067745714,0.0001135466,0.0007951275,0.0002821305,0.12163449,0.8762312,0.00026607438
ISIC_0032858,HAM_0007148,nv,4,0.00017623659,0.00050009403,0.0011160272,0.0001943156,0.080880955,0.9166381,0.00049426773
ISIC_0033965,HAM_0007148,nv,4,0.0002655816,0.0008940747,0.0009896505,0.00044563503,0.072780505,0.92377055,0.0008539656
ISIC_0032920,HAM_0005198,nv,4,0.00091277325,0.0020310176,0.023414634,0.00056234334,0.6799461,0.29301292,0.000120198405
ISIC_0033673,HAM_0005198,nv,4,0.004005241,0.0044377297,0.012641915,0.0031376157,0.4026048,0.57221675,0.00095598464
ISIC_0031290,HAM_0001872,nv,4,0.00036316065,0.0014195945,0.12853879,0.00038809556,0.07133332,0.79667705,0.0012799944
ISIC_0033703,HAM_0005594,nv,4,2.2712868e-05,0.00039868275,0.09381721,0.00020402532,0.3136819,0.591786,8.948091e-05
ISIC_0034245,HAM_0005594,nv,4,8.107306e-06,0.00017032144,0.023909315,0.00010742039,0.3692865,0.60647684,4.149521e-05
ISIC_0028290,HAM_0000348,nv,4,0.0001873776,0.0021771295,0.000924108,0.00033143722,0.0010793372,0.9938065,0.0014941276
ISIC_0025618,HAM_0001612,nv,4,4.228486e-05,0.00029755555,0.059541512,1.6754182e-05,0.0012595024,0.93869096,0.00015138401
ISIC_0030305,HAM_0007577,nv,4,4.6505753e-05,0.0002110872,0.00013274155,9.505158e-05,0.00855627,0.9909039,5.437073e-05
ISIC_0029188,HAM_0001872,nv,4,0.00033032766,0.0007695364,0.019415278,0.00028755472,0.062337562,0.9160438,0.00081597356
ISIC_0027800,HAM_0001872,nv,4,0.00025642748,0.0010764417,0.053564552,0.00015104064,0.063114464,0.88153857,0.0002986253
ISIC_0028092,HAM_0006039,nv,4,0.0005753428,4.241678e-05,0.00067461736,0.0012008752,0.02968287,0.9677222,0.00010155403
ISIC_0028212,HAM_0006266,nv,4,0.00033305257,4.368699e-05,0.0024775218,0.00038899778,0.022941943,0.9736128,0.00020200657
ISIC_0027401,HAM_0007046,nv,4,0.0002798484,1.4904015e-05,0.000316491,0.00021435776,0.913527,0.08563769,9.622757e-06
ISIC_0028637,HAM_0007046,nv,4,0.002546938,7.016504e-05,0.010518175,0.0009742905,0.5641287,0.42168847,7.3245654e-05
ISIC_0025443,HAM_0002497,nv,4,0.024566704,0.00029250546,0.007578889,0.00038902336,0.3139531,0.6530577,0.00016216906
ISIC_0028857,HAM_0002107,nv,4,0.00048211383,0.00020136785,0.0049428376,0.00042629574,0.46385202,0.5297356,0.0003596788
ISIC_0030981,HAM_0001552,nv,4,0.00020838744,0.00017411425,0.00082418846,0.0006300785,0.04894162,0.94905996,0.00016165958
ISIC_0025899,HAM_0001552,nv,4,2.0200632e-05,6.258798e-05,6.283295e-05,0.00017794868,0.72222275,0.27735615,9.750782e-05
ISIC_0024781,HAM_0003919,nv,4,0.0013753454,0.73649913,0.01401312,0.0009306053,0.082471676,0.16115665,0.0035534669
ISIC_0025463,HAM_0007075,nv,4,0.00025272343,0.00047958485,0.0022602116,0.00016317052,0.63315314,0.3635893,0.00010191026
ISIC_0032195,HAM_0007075,nv,4,0.0007095548,0.0027926743,0.004316939,0.0011338653,0.21231148,0.77812135,0.0006140685
ISIC_0031802,HAM_0003836,nv,4,6.7966976e-05,0.00014165534,0.00019173829,0.0004108953,0.0018568544,0.9972652,6.561903e-05
ISIC_0029174,HAM_0001381,nv,4,6.39368e-05,0.017107649,0.012015816,0.00038483585,0.0038981077,0.0713586,0.895171
ISIC_0028870,HAM_0001381,nv,4,0.0003766356,0.006874506,0.0448493,0.0020560536,0.0025388876,0.3292971,0.61400753
ISIC_0028643,HAM_0005537,nv,4,0.004504572,0.0010953023,0.014893036,0.028277548,0.26853564,0.68172354,0.0009703841
ISIC_0024657,HAM_0005537,nv,4,0.0044526053,0.0008358032,0.011016943,0.0019300616,0.19899787,0.7824537,0.00031292744
ISIC_0032279,HAM_0004991,nv,4,0.00040987864,0.0090730125,0.009940759,0.00085259357,0.060772,0.9186907,0.00026104404
ISIC_0032412,HAM_0002234,nv,4,0.00087614544,9.442857e-06,0.00035711974,4.684392e-05,0.90347946,0.095226035,4.9955124e-06
ISIC_0031011,HAM_0003919,nv,4,0.0006983493,0.010347706,0.023318917,0.0006915627,0.65122473,0.31124288,0.002475863
ISIC_0028809,HAM_0004991,nv,4,0.00045766644,0.0007299219,0.00421891,0.0021983811,0.04691175,0.9450122,0.000471273
ISIC_0032344,HAM_0003919,nv,4,0.0002406803,0.8019469,0.013761251,0.00035849225,0.045309067,0.13375728,0.004626353
ISIC_0026260,HAM_0000187,nv,4,0.0004086263,0.0010702972,0.011534906,0.00032642222,0.70912385,0.27715504,0.0003808816
ISIC_0028596,HAM_0003322,nv,4,0.000302226,0.00059172977,0.39900208,0.00014304055,0.0054610763,0.59431183,0.00018802326
ISIC_0026295,HAM_0006967,nv,4,0.00013095919,0.0034289951,0.0012042783,0.0016189518,0.7013927,0.28841376,0.003810407
ISIC_0030019,HAM_0006967,nv,4,0.00048348706,0.029412614,0.0025135768,0.003517126,0.766941,0.192404,0.004728191
ISIC_0033011,HAM_0006459,nv,4,4.117011e-05,6.591828e-05,0.011415332,0.00019564589,0.037722997,0.9503519,0.00020704724
ISIC_0032979,HAM_0003359,nv,4,0.0023378604,0.001796004,0.033330157,0.0005651378,0.2910383,0.66230124,0.008631242
ISIC_0033622,HAM_0003818,nv,4,4.546898e-05,0.0001105759,0.00015563273,0.000105512256,0.0071205567,0.99178797,0.0006743893
ISIC_0034302,HAM_0004215,nv,4,3.3560253e-05,0.00013601383,3.1281594e-05,0.00015793294,0.008639704,0.9908428,0.00015870598
ISIC_0033187,HAM_0003034,nv,4,0.00022401348,0.00013560592,0.004947392,0.00022054046,0.73197603,0.2620156,0.00048076475
ISIC_0031649,HAM_0003322,nv,4,0.0015744254,0.0017073544,0.5158843,0.0006075881,0.019368652,0.46063286,0.00022483271
ISIC_0031624,HAM_0002092,bkl,4,7.79763e-05,0.0002082682,0.9691157,9.9928184e-05,0.0007478086,0.02966761,8.268172e-05
ISIC_0025510,HAM_0002092,bkl,4,0.00012737895,0.00024697222,0.9252243,9.804707e-05,0.0017597005,0.07232776,0.00021583414
ISIC_0024623,HAM_0003458,bkl,4,0.00085289485,0.00020809437,0.99855644,4.055214e-06,0.0002747396,0.00010116981,2.5776508e-06
ISIC_0029613,HAM_0003458,bkl,4,0.00048227608,0.0023103796,0.99194497,0.00013288102,0.004774274,0.00033211117,2.3091261e-05
ISIC_0032732,HAM_0005299,bkl,4,3.4581975e-05,4.6900113e-05,0.43401423,0.0001174472,0.046193678,0.519447,0.0001461654
ISIC_0032778,HAM_0005299,bkl,4,7.141152e-05,5.1235256e-05,0.13852023,0.00012242782,0.5086691,0.35234475,0.00022082386
ISIC_0033466,HAM_0005299,bkl,4,4.943656e-05,4.345752e-05,0.034595244,0.0003652895,0.42976883,0.53485596,0.00032173787
ISIC_0033379,HAM_0002008,bkl,4,2.294531e-05,7.4795236e-05,0.9972941,0.000103842896,0.0008270717,0.0016427215,3.451233e-05
ISIC_0033438,HAM_0002008,bkl,4,7.3421234e-06,0.00010457224,0.9867992,6.647015e-05,0.007880477,0.0050880183,5.4039854e-05
ISIC_0032983,HAM_0002008,bkl,4,8.414536e-06,7.875083e-05,0.91585827,9.2972565e-05,0.05764115,0.026287155,3.3280136e-05
ISIC_0034024,HAM_0002008,bkl,4,2.5271125e-05,0.0005100686,0.9505715,0.00017068481,0.011284946,0.03736503,7.255536e-05
ISIC_0032654,HAM_0000790,bkl,4,0.00011902464,0.0004146262,0.9970276,5.9840413e-06,0.0016559714,0.0007751913,1.6105829e-06
ISIC_0032576,HAM_0000790,bkl,4,1.0623801e-05,5.5656433e-06,0.99486524,4.11991e-06,0.0042030495,0.00091075036,6.88506e-07
ISIC_0030118,HAM_0003613,bkl,4,8.666418e-05,0.00033286726,0.97307116,0.0004316044,0.023335796,0.002706926,3.508395e-05
ISIC_0026775,HAM_0001389,bkl,4,0.01825564,0.008522108,0.9400004,0.0010040918,0.030782152,0.0014187647,1.684322e-05
ISIC_0029031,HAM_0004143,bkl,4,0.013749538,0.007699622,0.9752794,0.0006739362,0.0009302014,0.0015276638,0.00013961892
ISIC_0029139,HAM_0007603,bkl,4,4.2510237e-05,1.1408004e-05,0.99771357,3.3853983e-06,0.0013845679,0.0008422468,2.2728486e-06
ISIC_0026744,HAM_0001820,bkl,4,0.23215923,0.0069696438,0.16191506,0.00022935175,0.2534874,0.34512538,0.00011398171
ISIC_0031519,HAM_0000149,bkl,4,0.043809544,0.004542576,0.5000291,0.011828662,0.2245021,0.21255429,0.0027337708
ISIC_0025113,HAM_0000149,bkl,4,0.68203706,0.012001659,0.16944118,0.009077039,0.09796931,0.027809478,0.0016643904
ISIC_0030605,HAM_0001820,bkl,4,0.0013815087,0.00015334482,0.014158634,7.3575655e-05,0.582379,0.40182942,2.4548675e-05
ISIC_0024786,HAM_0002227,bkl,4,5.139463e-05,5.0597828e-05,0.9912491,4.3363227e-05,0.004299661,0.004295464,1.0360195e-05
ISIC_0032111,HAM_0006064,bkl,4,0.00021432717,0.0003217432,0.97993153,0.00021018171,0.008395678,0.01075923,0.00016724448
ISIC_0031132,HAM_0006064,bkl,4,0.0152566945,0.112677544,0.71179634,0.008359979,0.026232801,0.12147706,0.004199558
ISIC_0029320,HAM_0006186,bkl,4,0.00010553851,0.00018631436,0.8997364,0.003992339,0.011398133,0.0843449,0.00023644522
ISIC_0029427,HAM_0006186,bkl,4,0.00015681048,9.200426e-05,0.90809155,0.0010519052,0.011526468,0.07888458,0.0001966844
ISIC_0030173,HAM_0001982,bkl,4,2.0387884e-05,4.2818874e-06,0.99825984,1.7232941e-06,0.00056549115,0.0011439981,4.2651936e-06
ISIC_0029012,HAM_0001982,bkl,4,0.000119219854,6.5582775e-05,0.86596024,7.446031e-05,0.091271535,0.042445205,6.368928e-05
ISIC_0033701,HAM_0004245,bkl,4,0.0024743276,0.00075758074,0.1853739,0.0004900872,0.2154579,0.59489834,0.0005478007
ISIC_0033884,HAM_0004245,bkl,4,0.0008148939,0.0004227614,0.69190127,0.00057671877,0.17665681,0.12924486,0.00038267978
ISIC_0034151,HAM_0006238,bkl,4,8.460839e-06,7.322246e-06,0.9996253,1.732664e-05,7.937773e-05,0.00025868588,3.4859115e-06
ISIC_0032330,HAM_0000090,bkl,4,3.0044287e-06,6.549471e-06,0.99942076,3.0254887e-05,0.00018201538,0.00035549985,1.9172055e-06
ISIC_0029202,HAM_0002355,bkl,4,7.305977e-07,6.01063e-06,0.9995035,8.025244e-06,4.856412e-05,0.0004288502,4.304002e-06
ISIC_0031619,HAM_0005626,bkl,4,0.019824333,0.00012020477,0.9589284,0.00051104743,0.0066124136,0.013948161,5.5465393e-05
ISIC_0031196,HAM_0000734,bkl,4,3.4120515e-06,8.312741e-07,0.9996939,1.1990919e-05,0.00012565184,0.00016368096,6.0817314e-07
ISIC_0028331,HAM_0002962,bkl,4,0.00076583744,6.783932e-05,0.34065524,0.0052131456,0.34265715,0.30956495,0.0010757935
ISIC_0027612,HAM_0001990,bkl,4,0.00030721803,9.406292e-05,0.9940958,0.0002256452,0.00027863466,0.00495099,4.7668767e-05
ISIC_0033422,HAM_0003597,df,4,4.1488784e-06,2.720901e-06,1.40629145e-05,0.9999056,8.6301325e-06,5.2097213e-05,1.275451e-05
ISIC_0027488,HAM_0003597,df,4,1.2026065e-07,7.294177e-08,2.0064344e-06,0.9999894,1.7985564e-06,6.0844377e-06,4.3818017e-07
ISIC_0027216,HAM_0007129,df,4,3.0934027e-06,6.7820446e-07,3.834793e-06,0.9993082,1.4700263e-05,0.00066279067,6.664866e-06
ISIC_0029000,HAM_0005481,mel,4,0.0001560436,8.1112616e-05,0.00016385199,0.0006556862,0.9675838,0.031285707,7.370978e-05
ISIC_0025955,HAM_0005481,mel,4,0.00012538211,4.0626182e-05,0.00029038556,0.0001246496,0.9694565,0.02991081,5.165811e-05
ISIC_0033931,HAM_0005490,mel,4,0.00017249536,0.00012719011,0.0004426384,0.00023098725,0.99697375,0.002008132,4.4910303e-05
ISIC_0033942,HAM_0000322,mel,4,6.169236e-05,0.0001005285,0.07971575,0.00012707994,0.9158692,0.0041158455,9.992627e-06
ISIC_0033473,HAM_0000322,mel,4,0.0036793596,0.004021303,0.6710163,0.00026214359,0.30841604,0.012503459,0.000101460915
ISIC_0030034,HAM_0006207,mel,4,0.00011970696,0.00072901,0.00025741043,0.03943504,0.5803432,0.05293625,0.32617944
ISIC_0030356,HAM_0005481,mel,4,3.710389e-05,5.8363903e-06,0.00013519128,0.003151445,0.98388934,0.012703838,7.7331155e-05
ISIC_0029591,HAM_0005121,mel,4,0.0047106105,7.0728056e-05,0.036925398,0.00025026346,0.9486058,0.009381901,5.5298653e-05
ISIC_0030110,HAM_0001655,mel,4,0.002502796,0.0019340109,0.1345295,0.0070812297,0.5753097,0.2776588,0.0009839451
ISIC_0030423,HAM_0005121,mel,4,1.07466085e-05,1.8032366e-05,0.01140021,2.9788469e-05,0.9869005,0.001635953,4.834424e-06
ISIC_0028897,HAM_0002109,mel,4,7.750533e-05,2.3963179e-05,0.009099471,6.655328e-05,0.9861054,0.00460239,2.4723853e-05
ISIC_0033483,HAM_0007471,bcc,4,0.005762844,0.9541359,0.018978858,0.00045226328,0.018030344,0.0025722743,6.761797e-05
ISIC_0032536,HAM_0007471,bcc,4,0.008096931,0.98487085,0.0017209925,0.00011373367,0.0001849689,0.004864499,0.00014804724
ISIC_0025617,HAM_0004539,bcc,4,0.00079201674,0.5607792,0.103531316,0.009224892,0.012268826,0.31212062,0.0012830616
ISIC_0027531,HAM_0004662,bcc,4,0.0018185902,0.99792564,7.843437e-05,9.04404e-06,8.810005e-05,7.7067685e-05,3.0471763e-06
ISIC_0024331,HAM_0004662,bcc,4,0.006276204,0.99251467,0.0010068323,4.3673743e-05,4.25788e-05,0.000110441004,5.639932e-06
ISIC_0028973,HAM_0005665,bcc,4,0.012312202,0.9396916,0.046693202,0.00025230803,9.173757e-05,0.00088064163,7.84673e-05
ISIC_0029082,HAM_0005665,bcc,4,0.00011997686,0.99962044,0.0001873727,2.1689966e-05,3.064298e-06,4.485398e-05,2.590497e-06
ISIC_0029351,HAM_0006224,nv,4,0.00010143371,0.00012797404,0.0014302217,0.00063114177,0.00017355854,0.99725807,0.00027761672
ISIC_0032391,HAM_0004481,nv,4,2.2718963e-05,1.36192075e-05,0.00018855897,0.0011471948,0.0033292575,0.9952009,9.772762e-05
ISIC_0031833,HAM_0006703,nv,4,5.100197e-06,9.5112504e-05,2.5449626e-05,0.0015614971,7.9314406e-05,0.004756036,0.99347746
ISIC_0024327,HAM_0005939,nv,4,3.551584e-05,0.00018036432,0.0009582846,9.825409e-05,0.00076718867,0.9966613,0.0012991506
ISIC_0032025,HAM_0001906,nv,4,0.0001073107,0.0004034074,0.031243179,0.0008490242,0.0004456601,0.96626854,0.0006828767
ISIC_0024544,HAM_0007336,nv,4,1.45437e-05,5.498644e-06,0.00024502902,0.001111631,0.0001594434,0.99836737,9.651863e-05
ISIC_0025994,HAM_0006655,nv,4,0.002524679,0.006105381,0.00096955564,0.00016425946,0.08917199,0.9006052,0.00045888103
ISIC_0028962,HAM_0001322,nv,4,2.3857412e-05,1.6079797e-05,5.021107e-05,0.0077261683,0.0023107724,0.98945284,0.0004200018
ISIC_0028694,HAM_0004841,nv,4,3.7532904e-05,0.0004736053,0.11386812,0.005751411,0.0026441393,0.87660503,0.00062011543
ISIC_0026137,HAM_0006669,nv,4,0.00012704982,2.4342788e-05,0.002871941,4.442481e-05,0.9228337,0.07399603,0.00010248696
ISIC_0031837,HAM_0005975,nv,4,0.00010538554,0.00014517471,0.00038888725,0.00032239888,0.010019744,0.988664,0.00035443183
ISIC_0024421,HAM_0001260,nv,4,3.8450966e-05,0.00023439342,0.0028125988,8.564108e-05,0.0026512388,0.9940473,0.00013033225
ISIC_0030003,HAM_0005229,nv,4,6.1609653e-06,6.9812877e-06,0.000117734104,0.0007936415,0.00020753982,0.99881727,5.068628e-05
ISIC_0030658,HAM_0002474,nv,4,0.00014343346,0.00012031218,0.001285921,0.0010765278,0.005429814,0.99025214,0.0016919628
ISIC_0028077,HAM_0002166,nv,4,3.5092894e-06,6.8977465e-06,0.00023088897,0.0005091326,0.000701531,0.99849784,5.0177652e-05
ISIC_0028660,HAM_0003674,nv,4,8.143607e-05,0.00022158245,0.0029387975,0.00023633442,6.965596e-05,0.9964234,2.8810957e-05
ISIC_0028939,HAM_0005218,nv,4,5.3310043e-05,0.00023384075,0.00023292909,0.0003769752,0.0004092027,0.9965576,0.0021362312
ISIC_0030570,HAM_0004885,nv,4,1.2764379e-05,1.7142835e-05,0.00016553099,8.570879e-05,0.00087840145,0.9987268,0.00011365663
ISIC_0030092,HAM_0002000,nv,4,0.00022128556,8.514671e-05,0.00038011337,0.02018384,0.18936037,0.7879487,0.0018205169
ISIC_0030679,HAM_0005784,nv,4,0.00012538266,9.155293e-05,0.014239744,0.00021706533,0.00040592768,0.9847276,0.00019268521
ISIC_0028712,HAM_0002160,nv,4,4.2720067e-06,3.4600926e-05,1.8056213e-05,5.937775e-05,8.903627e-06,0.9998543,2.0500373e-05
ISIC_0027610,HAM_0006996,nv,4,0.0037486048,0.00022173929,0.005807371,0.0044515785,0.0065979064,0.97879785,0.00037498758
ISIC_0026920,HAM_0001806,nv,4,0.000104499755,0.0039088987,0.021553345,0.00062653236,0.00014968899,0.970827,0.0028299459
ISIC_0026814,HAM_0003917,nv,4,4.264351e-05,3.107703e-05,5.86293e-05,3.8076374e-05,0.0018472066,0.99791366,6.87457e-05
ISIC_0029508,HAM_0004966,nv,4,0.00034174233,0.0001223289,0.0009339548,0.00027272693,0.0012301356,0.9970663,3.273202e-05
ISIC_0029639,HAM_0001543,nv,4,5.056803e-05,0.00077761355,9.264624e-05,0.0015508173,0.0009309088,0.996487,0.00011045073
ISIC_0026397,HAM_0000340,nv,4,0.00017874704,0.0001722354,0.0019588668,0.0003224072,0.001612722,0.99547136,0.000283691
ISIC_0031490,HAM_0005685,nv,4,0.00020038894,0.00029184905,0.0015767585,3.3586606e-05,0.00036073758,0.9974482,8.8661924e-05
ISIC_0028133,HAM_0003087,nv,4,0.0014390594,9.631686e-05,0.10378381,0.00021747773,0.02688918,0.8672756,0.00029842026
ISIC_0029721,HAM_0006212,nv,4,0.00010612882,2.8176315e-05,0.0039941394,5.9999795e-05,0.00013337561,0.995637,4.1156753e-05
ISIC_0028071,HAM_0000969,nv,4,8.5903695e-05,0.00032946336,7.405361e-05,0.00023557183,0.0001375421,0.99904484,9.27028e-05
ISIC_0031764,HAM_0003454,nv,4,4.865976e-05,0.00015986113,0.0003829256,4.6795638e-05,0.000121972764,0.9990299,0.00020992839
ISIC_0026838,HAM_0000250,nv,4,8.552175e-05,0.00032656026,0.0003037937,0.0001700803,0.00224201,0.9965474,0.0003246524
ISIC_0030927,HAM_0002948,nv,4,6.083503e-05,0.00018538293,0.00012728733,0.00012301019,0.001653107,0.99773586,0.0001145462
ISIC_0028207,HAM_0000491,nv,4,0.002275427,0.0074681276,0.027030347,0.0011308268,0.029721476,0.90021753,0.032156195
ISIC_0028729,HAM_0006989,nv,4,2.9432329e-05,3.7205948e-05,0.005106879,4.740161e-05,0.00036742075,0.9943336,7.7999546e-05
ISIC_0030327,HAM_0005815,nv,4,1.1406602e-05,7.82434e-06,2.5655025e-05,0.00023643814,0.00014386285,0.9995414,3.3460456e-05
ISIC_0024542,HAM_0000224,nv,4,0.0020432468,0.00045324644,0.0015544201,0.0014139343,0.020920133,0.973167,0.00044796595
ISIC_0031370,HAM_0007092,nv,4,0.000149167,2.8219903e-05,0.00046307038,4.7259444e-05,0.0059701046,0.99328953,5.2721716e-05
ISIC_0029497,HAM_0001300,nv,4,0.00074697,9.0440924e-05,0.012079054,0.000326965,0.0020801495,0.9842338,0.00044256507
ISIC_0032171,HAM_0006536,nv,4,0.00023297594,0.00036580744,0.0009722824,0.00064578495,0.008423881,0.9890013,0.00035803215
ISIC_0027182,HAM_0000172,nv,4,0.00012796921,8.641934e-05,0.00011031636,0.0005262899,0.0017034534,0.9972205,0.00022503205
ISIC_0029732,HAM_0006356,nv,4,4.907575e-06,5.4747957e-06,3.295282e-05,1.3736779e-05,3.9094248e-05,0.99987876,2.509368e-05
ISIC_0028824,HAM_0003053,nv,4,3.0428577e-05,0.00015788493,0.0015795189,0.00051920366,0.0011615051,0.9963626,0.00018896353
ISIC_0027656,HAM_0002578,nv,4,0.0035905282,0.0003239331,0.015884755,0.00017889285,0.0024431534,0.9770135,0.00056519883
ISIC_0031736,HAM_0004993,nv,4,3.053753e-05,1.1124955e-05,1.6377518e-05,0.00068146305,0.0031271041,0.9960318,0.00010160623
ISIC_0028806,HAM_0004175,nv,4,0.00016260482,0.00022487431,0.00075851456,5.273853e-05,0.0012381234,0.9974952,6.798265e-05
ISIC_0025382,HAM_0003793,nv,4,0.006206511,0.003526018,0.018738484,0.00097341946,0.028171033,0.9420514,0.00033313554
ISIC_0027131,HAM_0000088,nv,4,2.492766e-05,2.00691e-05,0.00012771065,0.0003595752,0.00039840236,0.9981255,0.0009437764
ISIC_0031902,HAM_0005432,nv,4,5.9687336e-05,0.00029522937,0.00043165882,3.8088074e-05,0.00023195462,0.99822026,0.000723069
ISIC_0031842,HAM_0006752,nv,4,5.0931526e-06,1.0573657e-05,2.7587152e-05,6.94793e-06,2.9799707e-05,0.9998864,3.3570213e-05
ISIC_0031684,HAM_0001351,nv,4,0.00013321242,8.368848e-05,0.00046224066,0.00037726984,0.023523921,0.97518504,0.00023471014
ISIC_0029766,HAM_0004023,nv,4,3.7425554e-05,6.304433e-05,2.5722182e-05,6.632848e-05,0.0072727147,0.9924189,0.000115843075
ISIC_0029616,HAM_0002842,nv,4,0.000119640084,0.00016577971,0.00036068444,0.00073503464,0.013561046,0.98472035,0.00033751078
ISIC_0031843,HAM_0001471,nv,4,5.1977506e-05,0.00014734891,0.00013721023,0.0001260342,0.00093857787,0.99858284,1.5976575e-05
ISIC_0025270,HAM_0004764,nv,4,0.00082252326,0.0018772664,0.016666662,0.00049211126,0.0064394106,0.97339827,0.00030377368
ISIC_0031124,HAM_0002510,nv,4,0.0001805936,0.00042236026,0.0042237174,0.001154841,0.0075636753,0.98630214,0.00015267027
ISIC_0027699,HAM_0005461,nv,4,0.000227992,0.00015411654,0.0011752112,4.5914065e-05,0.0026619923,0.9956455,8.937019e-05
ISIC_0030153,HAM_0005836,nv,4,0.0039881477,0.0006206272,0.068316214,0.005777276,0.0011482163,0.9194324,0.0007171334
ISIC_0030551,HAM_0004445,nv,4,0.00021092364,0.00010730926,0.061230127,0.0023123682,0.12748998,0.8073368,0.001312411
ISIC_0029173,HAM_0003292,nv,4,1.2195019e-05,3.1201955e-05,0.00019282244,0.00027674536,0.00014329347,0.998019,0.0013247987
ISIC_0026004,HAM_0006479,nv,4,1.0244597e-05,4.3810585e-05,0.0002884844,4.6092795e-05,2.9070363e-05,0.99952126,6.094389e-05
ISIC_0031879,HAM_0003065,nv,4,4.5603025e-05,9.7855955e-06,8.8764755e-05,2.8649338e-05,0.0012004861,0.9986051,2.1667933e-05
ISIC_0030393,HAM_0005238,nv,4,0.000106272506,1.7450458e-05,0.00010836854,4.3956217e-05,0.0007570169,0.9989341,3.2793338e-05
ISIC_0032130,HAM_0004072,nv,4,6.2380015e-05,0.00018568752,0.0003635585,0.00020614041,0.0036025504,0.995479,0.000100661215
ISIC_0028421,HAM_0000085,nv,4,1.8802592e-05,0.00010264334,4.7733585e-05,0.0001826245,0.00013051585,0.9993437,0.00017392151
ISIC_0030622,HAM_0006134,nv,4,0.00027190777,0.00015736815,0.000325431,0.00020206472,0.0037941104,0.99310136,0.0021477465
ISIC_0026050,HAM_0005473,nv,4,8.064629e-05,7.357284e-05,0.000959714,6.480112e-05,0.00037748466,0.9983917,5.217096e-05
ISIC_0028191,HAM_0001677,nv,4,7.491851e-05,4.6065896e-05,6.861494e-05,0.00018852914,0.0006158472,0.9989379,6.8080975e-05
ISIC_0027882,HAM_0001823,nv,4,0.000109588276,8.501469e-05,0.0002407694,8.337035e-05,0.0048124273,0.9945161,0.00015274373
ISIC_0031835,HAM_0006289,nv,4,0.001392688,0.0012099883,0.1339735,0.0005518133,0.0014709716,0.8583945,0.0030064709
ISIC_0026363,HAM_0006745,nv,4,1.7259388e-05,6.9676564e-05,5.1175983e-05,0.00013023653,1.6404818e-05,0.9996426,7.252296e-05
ISIC_0027716,HAM_0004611,nv,4,2.0370684e-05,1.7288374e-05,9.642681e-05,3.674273e-05,0.0004235636,0.99936765,3.805745e-05
ISIC_0026646,HAM_0004477,nv,4,0.0007367221,0.007782497,0.0018412985,0.50360847,0.001321067,0.48242736,0.0022825992
ISIC_0030497,HAM_0004804,nv,4,0.0009428356,0.0003754005,0.00090229965,0.00040353334,0.010732382,0.985634,0.0010095413
ISIC_0024397,HAM_0001501,nv,4,0.00080856896,9.7137294e-05,0.0014270737,0.0003556606,0.0020368407,0.9950023,0.00027242827
ISIC_0029799,HAM_0003995,nv,4,9.789488e-05,0.00028716764,0.0066355895,0.00064651057,0.00042192676,0.99108,0.0008309472
ISIC_0024717,HAM_0004887,nv,4,0.00010119004,0.0010710292,0.0015371778,0.100643925,4.623778e-05,0.8952792,0.0013212537
ISIC_0029875,HAM_0003584,nv,4,1.2006946e-05,2.6431273e-05,9.574201e-05,0.0011516627,9.279635e-05,0.99810165,0.00051972904
ISIC_0028332,HAM_0006197,nv,4,0.0005936324,0.00037076083,0.014973594,0.001230008,0.14928375,0.83263785,0.00091050065
ISIC_0032334,HAM_0006197,nv,4,0.00010458636,0.00014922897,0.0071134293,0.0001049957,0.8055108,0.18689354,0.00012347377
ISIC_0031705,HAM_0004747,nv,4,0.00022866325,0.0005102929,0.32010075,0.0009836153,0.5739947,0.10351635,0.0006655474
ISIC_0031435,HAM_0004747,nv,4,0.00033222832,0.0007861523,0.27879846,0.0011064892,0.57993203,0.13774595,0.0012986801
ISIC_0027497,HAM_0004699,nv,4,9.815801e-05,7.280251e-05,0.0037799175,9.113663e-05,0.032637563,0.9631696,0.00015084699
ISIC_0028255,HAM_0004699,nv,4,0.00014785942,6.782732e-05,0.0060788486,0.00024713477,0.028287299,0.96459645,0.00057460554
ISIC_0033971,HAM_0007451,nv,4,1.7934473e-05,5.7107067e-05,0.00021806029,0.00016702943,0.017872557,0.9815429,0.00012448992
ISIC_0032527,HAM_0007451,nv,4,4.395965e-05,0.00020089922,0.0006910105,0.0011933763,0.062629454,0.93482625,0.00041504603
ISIC_0032964,HAM_0007451,nv,4,1.0800272e-05,4.664016e-05,0.0004784669,4.091933e-05,0.020990746,0.9783609,7.153568e-05
ISIC_0032374,HAM_0001279,nv,4,0.0008061954,0.060813576,0.006964466,0.00831911,0.046241943,0.8602535,0.016601171
ISIC_0025855,HAM_0001279,nv,4,0.021660382,0.10030036,0.1099468,0.03105738,0.18313994,0.53461117,0.019283967
ISIC_0026084,HAM_0005879,nv,4,0.0028278774,0.0036720748,0.0016462677,0.0006484763,0.9569443,0.034115806,0.00014526093
ISIC_0025262,HAM_0005879,nv,4,0.0010141464,0.07939209,0.0047912034,0.0015830601,0.25803876,0.6537972,0.0013834691
ISIC_0032784,HAM_0003507,nv,4,2.6115436e-05,3.9821283e-05,0.00015950843,8.869316e-05,0.03801476,0.9614506,0.00022059216
ISIC_0033459,HAM_0003507,nv,4,0.00033642066,0.00023212328,0.12213639,0.00020605187,0.024789292,0.8511127,0.0011869053
ISIC_0032710,HAM_0003507,nv,4,2.2387536e-05,4.391836e-05,0.00026228765,9.0644186e-05,0.044979993,0.9542305,0.00037024627
ISIC_0033475,HAM_0006857,nv,4,0.00012419577,0.0001263982,0.0027693042,0.0002553314,0.46618038,0.5303191,0.00022532916
ISIC_0033210,HAM_0006857,nv,4,7.510471e-05,8.729331e-05,0.0029936451,0.00031744022,0.11235627,0.88375056,0.00041971938
ISIC_0033219,HAM_0006857,nv,4,0.0006355128,0.0001761312,0.19090103,0.00093556533,0.22449748,0.58230215,0.0005521431
ISIC_0034153,HAM_0000067,nv,4,0.0002722892,0.44130427,0.05475236,0.0005970621,0.44825378,0.05467222,0.00014804107
ISIC_0034017,HAM_0000067,nv,4,0.02487495,0.25568324,0.12166405,0.00039467466,0.24231254,0.3470967,0.007973839
ISIC_0033010,HAM_0004099,nv,4,3.0215355e-05,2.9171551e-05,0.00043926726,0.0002911898,0.013598642,0.9855236,8.794481e-05
ISIC_0034293,HAM_0004099,nv,4,3.842823e-05,0.0001048676,0.0015899354,0.00022726941,0.37855056,0.61926734,0.00022157152
ISIC_0033350,HAM_0004099,nv,4,4.6467492e-05,6.0250964e-05,0.00075878744,0.00021319142,0.02213175,0.97664446,0.00014510023
ISIC_0033167,HAM_0006813,nv,4,1.3246443e-05,5.9473623e-06,0.00020720923,5.0482147e-05,0.016364502,0.9832049,0.00015368436
ISIC_0033937,HAM_0006813,nv,4,5.1012816e-05,3.1860716e-05,0.0014736243,7.165914e-05,0.030713802,0.9667413,0.0009166711
ISIC_0030156,HAM_0004954,nv,4,0.0059256367,0.0050339364,0.008719123,0.00038893436,0.14147736,0.8383508,0.000104272156
ISIC_0024538,HAM_0000397,nv,4,0.0010153449,0.002889625,0.013368017,0.0014402802,0.40961936,0.57092595,0.0007413927
ISIC_0029499,HAM_0000397,nv,4,0.000778545,0.001801354,0.005735883,0.0010620683,0.5588289,0.43098688,0.0008064024
ISIC_0025208,HAM_0000397,nv,4,0.0004694763,0.00211022,0.009232634,0.0007970478,0.37666735,0.61019856,0.00052476255
ISIC_0031839,HAM_0001027,nv,4,0.00031412195,0.00020520306,0.0019036705,0.021375403,0.8559246,0.11928065,0.0009963296
ISIC_0026455,HAM_0001027,nv,4,7.9771286e-05,4.2036514e-05,0.0007763118,0.0040596467,0.8766395,0.11817772,0.00022503882
ISIC_0028265,HAM_0001027,nv,4,0.0003009065,0.00020280977,0.0009506922,0.0077109057,0.89874333,0.09163327,0.00045793236
ISIC_0031621,HAM_0000597,nv,4,6.573069e-05,0.00010220415,0.0026578503,0.00020445167,0.81852025,0.17805769,0.00039178852
ISIC_0031822,HAM_0000597,nv,4,6.6165645e-05,0.00013523379,0.005016944,0.00017603397,0.5115939,0.48247898,0.0005327748
ISIC_0030654,HAM_0000597,nv,4,0.00011790783,0.00042793262,0.0019595108,0.0003866049,0.58403474,0.41252807,0.0005452003
ISIC_0024518,HAM_0004985,nv,4,0.0002060867,0.00075089495,0.00013701546,0.0001711859,0.28181332,0.7168299,9.162921e-05
ISIC_0031092,HAM_0006492,nv,4,4.0651885e-05,3.1413343e-05,8.5724525e-05,0.00040145052,0.057242118,0.9420621,0.00013645335
ISIC_0030592,HAM_0006154,nv,4,0.020052914,5.754769e-05,0.003462624,0.0016110563,0.94936776,0.025398815,4.9223152e-05
ISIC_0028408,HAM_0006506,nv,4,0.00086801004,0.00018863918,0.00031467955,0.0002593544,0.6139856,0.38422236,0.00016135165
ISIC_0027988,HAM_0007240,nv,4,0.0011927616,0.00021364162,0.06979813,0.0015832415,0.0022480437,0.92481303,0.000151199
ISIC_0029369,HAM_0004505,nv,4,7.343844e-05,4.3256634e-05,0.0015953964,0.00029330503,0.0051938808,0.9926825,0.00011804392
ISIC_0025902,HAM_0005966,nv,4,0.018173475,0.00069832546,0.006970669,0.0034138614,0.018649925,0.9512024,0.0008914291
ISIC_0030704,HAM_0005966,nv,4,0.0011620565,0.00016241797,0.0011340295,0.0012663373,0.108665794,0.88703686,0.0005724576
ISIC_0030082,HAM_0006154,nv,4,0.0021027178,8.998282e-05,0.007825907,0.0065949033,0.86249757,0.120667085,0.00022184139
ISIC_0030742,HAM_0000603,nv,4,0.032316986,0.00080117775,0.009568056,0.00036609016,0.73985374,0.2169984,9.5687035e-05
ISIC_0028441,HAM_0000603,nv,4,0.7294835,0.0015618207,0.008963554,0.0003305881,0.17530996,0.084279075,7.14947e-05
ISIC_0031374,HAM_0000603,nv,4,0.074815586,0.00010566583,0.0033275401,0.0004337164,0.833124,0.0881543,3.9177165e-05
ISIC_0033765,HAM_0003366,nv,4,0.00035886926,0.00011292322,0.0054529137,0.00024520603,0.06424493,0.9294359,0.00014930706
ISIC_0033584,HAM_0003777,nv,4,0.0012312352,0.009395628,0.53394,0.0006668012,0.043339007,0.4101864,0.001240892
ISIC_0033118,HAM_0003777,nv,4,0.0029326873,0.006070605,0.16343692,0.001996017,0.031230582,0.79276645,0.0015666916
ISIC_0033841,HAM_0000822,nv,4,2.9100956e-05,1.9652272e-05,7.68207e-05,3.3494995e-05,0.0022362778,0.9966723,0.0009324468
ISIC_0033417,HAM_0007301,nv,4,5.9585484e-05,0.0024882762,0.00044677738,0.0003795455,0.009195546,0.9868326,0.00059769227
ISIC_0032945,HAM_0003696,nv,4,0.0010615555,0.0279861,0.0015325344,0.003716064,0.015322019,0.94828695,0.002094726
ISIC_0031738,HAM_0005766,akiec,4,0.9450106,0.0033390566,0.0059191817,0.00012560854,0.04476343,0.0008174724,2.463736e-05
ISIC_0026327,HAM_0002012,akiec,4,0.9993297,0.00016676703,0.00010990382,5.461928e-05,0.00031508054,2.0852967e-05,3.1854386e-06
ISIC_0028941,HAM_0001593,akiec,4,0.98196316,0.00051070174,0.016862642,0.000109694556,0.0001685761,0.00036892388,1.6336515e-05
ISIC_0031506,HAM_0006902,akiec,4,0.035521623,0.003707567,0.9544709,0.0023821255,0.0010037422,0.0026914051,0.00022265672
