image_id,lesion_id,diagnosis,fold,p_akiec,p_bcc,p_bkl,p_df,p_mel,p_nv,p_vasc
ISIC_0025837,HAM_0005132,bkl,1,0.17276677,0.0023128167,0.6799776,0.0048156185,0.0047178664,0.13507752,0.00033189385
ISIC_0025209,HAM_0005132,bkl,1,0.7268127,0.028492909,0.18812495,0.0004051416,0.052265927,0.002506148,0.0013921598
ISIC_0029396,HAM_0004234,bkl,1,0.0026500304,0.1621998,0.23901448,0.0003523934,0.37897176,0.21635374,0.00045781583
ISIC_0025984,HAM_0004234,bkl,1,0.0067510055,0.074811,0.18443713,0.00069168204,0.5213237,0.21145824,0.00052723265
ISIC_0031753,HAM_0001480,bkl,1,5.1906653e-05,5.482436e-05,0.9972216,4.643804e-05,0.00019342246,0.002402843,2.9060182e-05
ISIC_0026835,HAM_0001480,bkl,1,0.0022013301,0.000632542,0.976318,0.000485935,0.00045738614,0.019793445,0.000111432455
ISIC_0025286,HAM_0000728,bkl,1,4.8771508e-05,0.00034724723,0.015595293,0.00025207447,0.024343908,0.9592098,0.0002029435
ISIC_0031468,HAM_0003021,bkl,1,0.017883657,0.014369923,0.8761076,0.0015580852,0.07983652,0.010115441,0.00012889851
ISIC_0030926,HAM_0003021,bkl,1,0.12200467,0.0010607139,0.81682634,0.0014052175,0.034665972,0.023519246,0.00051796134
ISIC_0031495,HAM_0004569,bkl,1,0.0028381334,0.0016798971,0.8142979,0.0056003775,0.0030597765,0.17068611,0.0018378131
ISIC_0026104,HAM_0004569,bkl,1,0.0050816205,0.0013557316,0.017529963,0.97122675,0.00034682322,0.0025677064,0.0018914602
ISIC_0032283,HAM_0003021,bkl,1,0.0032700703,0.0073404876,0.81913507,0.0012460365,0.1306225,0.038050454,0.00033536617
ISIC_0030005,HAM_0003021,bkl,1,0.7617201,0.0027822903,0.07238966,0.0022686229,0.15811355,0.0026162737,0.000109473025
ISIC_0024832,HAM_0001773,bkl,1,0.012589667,0.007576596,0.77283376,0.00025473943,0.044092707,0.16057721,0.0020753755
ISIC_0026958,HAM_0001773,bkl,1,0.060789045,0.044290014,0.8632721,0.0005172692,0.014312318,0.015013834,0.0018054467
ISIC_0030607,HAM_0005075,bkl,1,0.0026359737,0.015831113,0.94860715,0.00013527116,0.020824853,0.010522648,0.0014429844
ISIC_0029060,HAM_0005075,bkl,1,4.207694e-05,5.9920305e-05,0.99044156,4.358252e-05,0.0009617671,0.008386862,6.428511e-05
ISIC_0033583,HAM_0000112,bkl,1,7.334882e-05,2.2066368e-05,0.98375547,3.5538513e-05,0.012876962,0.003227316,9.2889e-06
ISIC_0033465,HAM_0000112,bkl,1,0.00010433356,2.4588544e-05,0.9321503,0.000109983186,0.047788784,0.019766299,5.562801e-05
ISIC_0029683,HAM_0002774,bkl,1,8.51853e-05,2.8477823e-05,0.018739399,0.0004127961,0.8674771,0.11312347,0.0001334928
ISIC_0032514,HAM_0003001,bkl,1,0.0027811995,0.00061154534,0.51621073,9.143228e-05,0.28341317,0.19669837,0.00019356213
ISIC_0032842,HAM_0007101,bkl,1,0.14041847,0.00213631,0.16904652,0.0071498263,0.6404718,0.037668765,0.0031083133
ISIC_0032618,HAM_0007101,bkl,1,0.053569447,0.0003515553,0.014648648,0.00016063967,0.90871686,0.022103256,0.00044964606
ISIC_0032513,HAM_0007101,bkl,1,0.03551137,0.00061459746,0.012124983,0.00033611452,0.90695,0.043382157,0.001080761
ISIC_0032829,HAM_0003845,bkl,1,1.0884959e-06,4.659455e-06,0.9997551,2.80643e-07,5.1575466e-06,0.00023367646,9.813088e-08
ISIC_0033601,HAM_0003845,bkl,1,8.4023195e-06,2.2862187e-05,0.99854517,3.2393827e-06,3.2973207e-05,0.001385722,1.6642377e-06
ISIC_0033582,HAM_0004442,bkl,1,0.004517669,0.00015360798,0.94322485,0.0005797104,0.019404706,0.031899363,0.00022003327
ISIC_0033576,HAM_0004442,bkl,1,0.0002471884,7.5535594e-05,0.6553753,0.0004973876,0.32190952,0.021820815,7.421942e-05
ISIC_0034070,HAM_0000087,bkl,1,0.00027285184,0.007249691,0.96966916,3.6071084e-05,0.0023651505,0.020362068,4.506689e-05
ISIC_0033709,HAM_0000087,bkl,1,1.7549464e-05,5.9427075e-05,0.9967836,1.3559151e-06,0.000108399574,0.0030272626,2.4266405e-06
ISIC_0033776,HAM_0002894,bkl,1,4.907667e-05,4.1045158e-05,0.9977975,1.1014836e-05,1.7705093e-05,0.002082721,1.0488355e-06
ISIC_0033056,HAM_0002894,bkl,1,6.294541e-05,0.00015701324,0.9986331,1.2346362e-05,2.3751802e-05,0.0011102994,6.2193493e-07
ISIC_0033397,HAM_0001384,bkl,1,5.0433326e-05,6.0715498e-05,0.9336192,0.000101679325,0.0027188298,0.06340962,3.9508326e-05
ISIC_0033414,HAM_0001384,bkl,1,5.7075642e-05,7.328658e-05,0.20047405,0.00011484647,0.0426001,0.75658107,9.958565e-05
ISIC_0034113,HAM_0001384,bkl,1,3.9653085e-05,5.5484645e-05,0.94623566,0.00016891363,0.0051480834,0.048321772,3.0343752e-05
ISIC_0032099,HAM_0002455,bkl,1,0.00015406094,0.0009354794,0.8664103,0.0008509323,0.076898284,0.05474247,8.506783e-06
ISIC_0031376,HAM_0005862,bkl,1,0.00082499883,3.1704026e-06,0.99850535,5.0861177e-06,0.00018675288,0.0004735257,1.0871353e-06
ISIC_0026844,HAM_0004114,bkl,1,0.62337226,0.0037394292,0.3510488,0.00055962906,0.0036850513,0.016663082,0.00093172694
ISIC_0026827,HAM_0005465,bkl,1,5.372076e-05,1.7924047e-05,0.99836844,1.6577034e-05,0.0002709579,0.0012504521,2.1918153e-05
ISIC_0025656,HAM_0005915,bkl,1,0.00018234547,2.6365735e-05,0.9995235,2.185796e-05,8.7897104e-05,0.00015433955,3.7394561e-06
ISIC_0027781,HAM_0005693,bkl,1,0.00071333564,0.0022231287,0.7716452,0.00032595158,0.16818884,0.05661195,0.000291611
ISIC_0025507,HAM_0006190,bkl,1,1.2752237e-05,2.2206705e-05,0.88225645,4.3393782e-05,0.11482627,0.0028245305,1.4450179e-05
ISIC_0028336,HAM_0007260,bkl,1,6.233456e-05,0.0024216007,0.22811249,0.00014408547,0.016801033,0.75234747,0.00011090655
ISIC_0031556,HAM_0006122,bkl,1,0.00010463943,4.336537e-05,0.9185931,0.00028388447,0.020097144,0.06082492,5.292521e-05
ISIC_0031130,HAM_0006350,bkl,1,0.00013220773,2.848046e-05,0.9985524,5.1664556e-06,0.000111330075,0.0011646264,5.8315372e-06
ISIC_0029062,HAM_0003076,bkl,1,0.00064265763,0.0002583924,0.9698998,4.8931273e-05,0.012958645,0.016143052,4.855049e-05
ISIC_0031812,HAM_0002335,bkl,1,0.00017468547,1.9752884e-05,0.8720587,0.00012730436,0.114836924,0.012696984,8.56352e-05
ISIC_0030465,HAM_0002335,bkl,1,4.9149534e-05,2.0608975e-05,0.9934409,2.1346399e-05,0.005233503,0.0012225994,1.1811648e-05
ISIC_0025032,HAM_0004500,bkl,1,0.00072915974,0.00043967395,0.9588917,0.0012367141,0.025231238,0.013205347,0.0002661554
ISIC_0030095,HAM_0000050,bkl,1,0.03459534,5.7123994e-05,0.9628435,0.00010527252,0.0016072185,0.00078281783,8.777374e-06
ISIC_0031394,HAM_0000050,bkl,1,0.17821196,0.00015355951,0.708984,0.0028028304,0.07664801,0.033143435,5.627115e-05
ISIC_0031593,HAM_0002169,bkl,1,0.8948784,0.0017875886,0.053115517,3.5023022e-05,0.04301426,0.006992801,0.00017647746
ISIC_0027295,HAM_0003913,bkl,1,0.0012686908,2.8221291e-05,0.761619,0.22957453,0.0019401984,0.0055534863,1.589267e-05
ISIC_0032200,HAM_0002169,bkl,1,0.13384609,0.0008983319,0.6575281,0.0012842903,0.14486355,0.060832024,0.00074765814
ISIC_0024445,HAM_0000243,bkl,1,0.00037335927,0.00117845,0.52470315,0.0005648745,0.0038283064,0.4685072,0.00084467116
ISIC_0025985,HAM_0004545,bkl,1,0.00011238183,0.0114744585,0.9827147,6.842981e-05,0.00047592563,0.00502262,0.00013138767
ISIC_0026861,HAM_0007110,bkl,1,0.31804106,0.0055016694,0.6602703,4.6792222e-05,0.0107062,0.005342826,9.125755e-05
ISIC_0028511,HAM_0004889,bkl,1,0.0021734487,0.0003642854,0.84241784,0.00090868643,0.094148174,0.059902694,8.485182e-05
ISIC_0026714,HAM_0004889,bkl,1,0.00014201437,0.00043065322,0.8386276,0.00016029597,0.013971788,0.14658801,7.9662845e-05
ISIC_0028473,HAM_0004889,bkl,1,0.006342801,0.00035108652,0.9510573,0.0004642066,0.0033489557,0.03838295,5.2696465e-05
ISIC_0027969,HAM_0006170,bkl,1,0.00038966446,7.278803e-05,0.87167907,0.00021603538,0.0065393853,0.12076648,0.00033656848
ISIC_0029557,HAM_0006170,bkl,1,0.023197826,0.0003604175,0.6815909,0.0009645273,0.028785704,0.26432094,0.00077957386
ISIC_0026661,HAM_0000992,bkl,1,0.051711887,0.004294806,0.83540297,0.0006266305,0.07978068,0.027957832,0.00022518437
ISIC_0032123,HAM_0006170,bkl,1,0.001848899,1.270349e-05,0.9881557,0.00011234385,0.0029073064,0.006789461,0.00017366205
ISIC_0027754,HAM_0002535,bkl,1,1.174235e-06,9.521377e-05,0.91889703,5.3342023e-07,0.079979286,0.0010266479,2.1806176e-07
ISIC_0029420,HAM_0007573,bkl,1,0.00027920684,0.0001520989,0.9579759,0.00026280334,0.036497526,0.004700571,0.00013188798
ISIC_0029603,HAM_0003476,bkl,1,0.0003187498,0.00024535047,0.9446286,0.0001596526,0.021956716,0.03264062,5.033514e-05
ISIC_0028100,HAM_0001510,bkl,1,0.0041901236,0.01163516,0.96599627,0.013285337,0.002783059,0.0018466889,0.00026345535
ISIC_0031449,HAM_0001536,bkl,1,0.02530052,0.008620688,0.3826549,0.00057193736,0.010152694,0.57219356,0.00050571974
ISIC_0026842,HAM_0001536,bkl,1,0.498718,0.009751981,0.13754551,0.0022516204,0.005990445,0.34477782,0.0009646344
ISIC_0025746,HAM_0005591,bkl,1,0.00022973296,4.671869e-05,0.9896254,3.3715995e-05,0.0025783023,0.0074460083,4.0274022e-05
ISIC_0029791,HAM_0005708,bkl,1,7.228311e-05,0.00033163265,0.8021441,5.8194662e-05,0.013363962,0.18394412,8.567083e-05
ISIC_0029897,HAM_0001809,bkl,1,4.194294e-06,9.251084e-06,0.9990742,6.88929e-05,0.00017858556,0.0006632829,1.6013297e-06
ISIC_0024970,HAM_0001815,bkl,1,7.7486126e-05,2.9844408e-05,0.9945642,5.2678506e-06,0.0036505682,0.0016664624,6.134731e-06
ISIC_0028972,HAM_0003476,bkl,1,0.057524145,0.002672111,0.9175765,0.0026616934,0.01658994,0.0025622265,0.00041339893
ISIC_0029311,HAM_0002592,bkl,1,3.6507492e-06,6.265891e-05,0.99505913,1.5014177e-05,0.00064610224,0.0042038686,9.506385e-06
ISIC_0026849,HAM_0004545,bkl,1,0.0031757592,0.35335058,0.631147,0.0013592239,0.003944584,0.0057900017,0.0012327626
ISIC_0025222,HAM_0000973,bkl,1,0.08205625,0.0001149903,0.7033415,3.7331884e-05,0.19190769,0.022476789,6.5519496e-05
ISIC_0025086,HAM_0004050,bkl,1,7.3405035e-06,8.5317815e-06,0.9923792,6.3402804e-06,0.0066475333,0.0009465108,4.513529e-06
ISIC_0028750,HAM_0000318,bkl,1,0.0040160404,9.754153e-05,0.7367219,0.00046716596,0.2482211,0.010265338,0.00021097985
ISIC_0028640,HAM_0005913,bkl,1,0.00013495733,0.00014338101,0.997654,1.2577528e-05,0.0017012837,0.0003493697,4.3466775e-06
ISIC_0028840,HAM_0003647,bkl,1,0.00047394636,2.0556037e-05,0.9928262,7.771774e-06,0.0014911969,0.005174381,5.8664423e-06
ISIC_0025883,HAM_0007607,bkl,1,3.3051174e-07,1.7691019e-07,0.99925166,2.5740283e-07,2.2454424e-06,0.0007451534,9.885074e-08
ISIC_0029126,HAM_0001914,bkl,1,0.036719102,0.95816106,0.0035968374,0.0009577321,0.00019725352,0.000306708,6.134546e-05
ISIC_0028702,HAM_0001914,bkl,1,0.006270791,0.1514644,0.8398651,0.0001669274,0.0003520076,0.0018371975,4.354562e-05
ISIC_0029384,HAM_0001486,bkl,1,6.242067e-05,7.959182e-06,0.99905044,1.4468623e-05,0.00058762205,0.00027390418,3.2095252e-06
ISIC_0026961,HAM_0006181,bkl,1,0.00016919106,0.00023813207,0.48031646,0.0022264798,0.24151829,0.27528435,0.00024713506
ISIC_0030849,HAM_0006181,bkl,1,0.00039519535,3.2313143e-05,0.80023557,0.00031323644,0.008894157,0.19007263,5.6933288e-05
ISIC_0024420,HAM_0006201,bkl,1,0.013713904,0.0019450452,0.9419031,6.833402e-05,0.005062337,0.037169203,0.00013803851
ISIC_0030801,HAM_0006201,bkl,1,0.9595718,0.0006528018,0.016737621,2.7155678e-05,0.01611214,0.006775832,0.00012265783
ISIC_0030081,HAM_0004327,bkl,1,0.00013871049,0.99385047,0.00072325085,7.497498e-05,0.0026552477,0.0024572022,0.00010010474
ISIC_0029206,HAM_0006993,bkl,1,0.0020431674,0.00088219467,0.8521004,0.007809348,0.064688236,0.07111554,0.0013610428
ISIC_0030310,HAM_0006993,bkl,1,0.00090283697,0.0006670117,0.8892379,0.0026380823,0.08222879,0.023512974,0.0008124653
ISIC_0024851,HAM_0007078,bkl,1,0.00044584885,0.00026056977,0.06320139,0.0018752615,0.54331726,0.3898111,0.0010885024
ISIC_0029040,HAM_0001721,bkl,1,0.010991141,0.012976048,0.8973386,0.0011119042,0.045158364,0.030840471,0.001583424
ISIC_0029588,HAM_0001721,bkl,1,0.016241355,0.0048765396,0.9448605,0.0013607944,0.020747667,0.010175995,0.0017370865
ISIC_0031181,HAM_0001721,bkl,1,0.16714874,0.10287685,0.67346686,0.0010757151,0.033628315,0.019151483,0.0026520407
ISIC_0024947,HAM_0001721,bkl,1,0.12604843,0.13062242,0.60991913,0.0041256873,0.08468692,0.041495383,0.0031020907
ISIC_0025068,HAM_0000542,bkl,1,0.9940811,0.00034322377,0.0011442266,1.1298379e-06,0.0043542604,4.7854628e-05,2.8132285e-05
ISIC_0027017,HAM_0003183,bkl,1,0.48801693,0.0010048149,0.50944346,9.5865784e-05,0.0013801415,3.512956e-05,2.376985e-05
ISIC_0026663,HAM_0001815,bkl,1,7.2136354e-05,1.9415236e-05,0.99625766,3.8156268e-06,0.0029962612,0.0006495709,1.2243207e-06
ISIC_0027239,HAM_0004422,bkl,1,0.020150008,0.0054711765,0.96191615,0.008233285,0.0038083228,0.00035578932,6.5302236e-05
ISIC_0029115,HAM_0000846,bkl,1,0.0008352705,0.9731588,0.016908439,0.0005257706,0.0055785347,0.0026583753,0.0003348535
ISIC_0030700,HAM_0004422,bkl,1,0.9386963,0.0026008026,0.043349564,0.00037835806,0.014066675,0.0005451579,0.00036315343
ISIC_0025799,HAM_0004531,bkl,1,2.2867462e-05,4.775306e-05,0.98617584,6.2281724e-05,0.0020029398,0.011639233,4.907682e-05
ISIC_0029627,HAM_0004531,bkl,1,0.00036599685,0.00020370792,0.9837323,0.000196287,0.0075697973,0.0077720466,0.00015989217
ISIC_0029102,HAM_0005415,bkl,1,0.003919441,0.00022581145,0.9698869,1.3324737e-05,0.024663009,0.0012687338,2.2754855e-05
ISIC_0027154,HAM_0005415,bkl,1,0.10327077,0.006278062,0.80912066,0.00032549398,0.07795286,0.002688321,0.00036382469
ISIC_0031677,HAM_0002683,bkl,1,0.00028993457,8.234076e-05,0.69514924,1.777269e-05,0.30250427,0.0019381644,1.819416e-05
ISIC_0031528,HAM_0007590,bkl,1,0.00035478987,0.00053312303,0.9425001,0.00031371307,0.038901627,0.017346988,4.9636616e-05
ISIC_0028615,HAM_0007590,bkl,1,0.0007272884,0.004309685,0.052656755,0.0077431016,0.008778369,0.9251958,0.00058897614
ISIC_0032159,HAM_0004632,bkl,1,0.0016254593,0.0001567541,0.97961295,7.037916e-05,0.013864687,0.00460345,6.6373876e-05
ISIC_0024382,HAM_0004632,bkl,1,0.001131594,0.00013947379,0.96291494,1.6399514e-05,0.032884847,0.0028945692,1.8223653e-05
ISIC_0029135,HAM_0007043,bkl,1,0.08041304,0.00027917692,0.8486287,0.00051751226,0.015981851,0.05382883,0.00035085093
ISIC_0029947,HAM_0007043,bkl,1,0.0015907395,0.36423266,0.30078223,0.0013713032,0.0939088,0.23654824,0.0015660775
ISIC_0028309,HAM_0006770,bkl,1,0.00027887858,0.00032988537,0.5894979,0.0008949717,0.013049168,0.3957702,0.0001790056
ISIC_0027905,HAM_0006770,bkl,1,0.002872594,0.0018912664,0.21312013,0.0017801538,0.5452853,0.2345243,0.0005262125
ISIC_0024943,HAM_0006988,bkl,1,0.0011074331,0.000212911,0.9926564,0.0009154084,0.002402964,0.002650763,5.404303e-05
ISIC_0027559,HAM_0004768,bkl,1,3.4236407e-05,8.656319e-06,0.9990295,2.1382792e-05,0.00022113383,0.0006803092,4.706359e-06
ISIC_0024408,HAM_0004768,bkl,1,0.00030460223,7.249082e-05,0.99725,0.00073248893,0.00064768293,0.00097157544,2.1220003e-05
ISIC_0033199,HAM_0006673,bkl,1,0.00021773794,5.4784614e-05,0.9945543,0.00015052837,0.0031747355,0.0018373961,1.0517271e-05
ISIC_0032719,HAM_0006673,bkl,1,0.00015700911,0.00016136158,0.96599436,0.0001512894,0.027031047,0.0064834435,2.1373746e-05
ISIC_0030630,HAM_0003787,bkl,1,0.01393824,0.0012492293,0.8810554,7.158654e-05,0.0077511724,0.09562338,0.00031095775
ISIC_0033528,HAM_0000080,bkl,1,0.0020973699,0.00090736867,0.9625542,0.0044596875,0.009221328,0.020281864,0.00047814965
ISIC_0033865,HAM_0000080,bkl,1,0.0054634297,0.0004802239,0.9838733,0.0018176634,0.0040801982,0.00398179,0.00030346552
ISIC_0034296,HAM_0006528,bkl,1,8.737782e-05,1.8155117e-05,0.99945766,2.3954278e-06,5.4519685e-05,0.00037825687,1.711935e-06
ISIC_0032763,HAM_0006528,bkl,1,0.0003027784,0.00020189097,0.99224746,7.29774e-05,0.00060420844,0.006556398,1.4230451e-05
ISIC_0034291,HAM_0006528,bkl,1,5.7146157e-05,1.7024859e-05,0.99963284,3.0345561e-06,6.9539936e-05,0.00021981364,5.9173266e-07
ISIC_0033854,HAM_0004246,bkl,1,0.0012762942,0.00040317568,0.8179911,0.0008703571,0.019003903,0.15950668,0.0009484614
ISIC_0033169,HAM_0002792,bkl,1,1.8640223e-05,4.7268145e-06,0.9994598,1.4990237e-06,2.4287703e-05,0.0004906984,3.7313646e-07
ISIC_0033855,HAM_0006157,bkl,1,5.2577914e-05,2.2194447e-06,0.9973749,7.5082844e-06,2.021129e-05,0.0025407784,1.7625969e-06
ISIC_0033685,HAM_0000372,bkl,1,0.00034239946,0.0009975618,0.9682482,0.00029690136,0.010030839,0.019861232,0.00022280359
ISIC_0033490,HAM_0000983,bkl,1,8.962536e-05,4.775551e-06,0.9980008,7.631309e-06,2.45861e-05,0.0018709704,1.4909997e-06
ISIC_0026790,HAM_0005779,bkl,1,0.0006897567,0.0040643965,0.9721987,8.557772e-05,0.00043332812,0.02250945,1.861624e-05
ISIC_0029113,HAM_0007233,bkl,1,2.3247205e-05,4.578329e-05,0.98316133,1.4434516e-05,0.00017653665,0.016556667,2.1924201e-05
ISIC_0031253,HAM_0000613,bkl,1,0.0066548213,0.0007794321,0.33933312,0.36405128,0.006648326,0.27831122,0.004221808
ISIC_0029793,HAM_0007151,bkl,1,0.0010034579,2.5716805e-05,0.9902755,0.00036378345,0.00035121638,0.0077401474,0.00024021148
ISIC_0031436,HAM_0006243,bkl,1,0.0005391593,0.00023325221,0.955968,0.023263933,0.000551945,0.01936196,8.171947e-05
ISIC_0030160,HAM_0002043,bkl,1,0.00152283,0.002377104,0.030120006,0.92767346,0.023757182,0.014220738,0.00032869246
ISIC_0026446,HAM_0002965,bkl,1,0.00016686891,0.0005246421,0.8578036,0.0005139925,0.00027458352,0.14058067,0.00013566347
ISIC_0028925,HAM_0001752,bkl,1,0.0003942783,0.00068793714,0.4045986,0.548717,0.003304477,0.04165652,0.00064122793
ISIC_0030579,HAM_0002546,df,1,0.000107134576,4.754068e-05,9.471662e-06,0.9992005,0.00028171125,0.000105062405,0.0002486093
ISIC_0034169,HAM_0001785,df,1,0.013221108,0.64895886,0.0025705486,0.0016023369,0.17655131,0.15565392,0.0014419472
ISIC_0032941,HAM_0001785,df,1,0.0061714174,0.07858005,0.010632058,0.0037212851,0.28568488,0.61013395,0.0050764694
ISIC_0025302,HAM_0007421,df,1,0.009752017,0.004956582,0.005296905,0.34343496,0.45944226,0.17506714,0.0020501313
ISIC_0029967,HAM_0004960,df,1,0.009442206,0.06080904,0.010605795,0.7845509,0.05411109,0.06832147,0.012159604
ISIC_0027876,HAM_0004960,df,1,0.7092601,0.03943185,0.094592094,0.031560857,0.028736485,0.089492425,0.006926233
ISIC_0032138,HAM_0005492,df,1,0.004178325,0.00012352278,0.00090915844,0.9931263,0.0004589428,0.0010211965,0.00018255484
ISIC_0030011,HAM_0004371,df,1,0.00049875106,0.0004078646,0.0065569384,0.990393,0.0015742294,0.00036489408,0.00020428764
ISIC_0030427,HAM_0004371,df,1,1.9076995e-05,0.00021662563,0.0041863997,0.9808153,0.005192915,0.006200897,0.003368798
ISIC_0027626,HAM_0004371,df,1,3.0090738e-05,0.00065031677,0.0029280684,0.99109054,0.0029691004,0.0019057958,0.00042607184
ISIC_0031123,HAM_0003487,df,1,0.00073438924,0.0010255902,0.022232657,0.20402388,0.01393834,0.7565616,0.0014835072
ISIC_0024845,HAM_0003487,df,1,4.347378e-06,2.7579697e-06,7.2521043e-06,0.99976546,3.373045e-05,0.00017073369,1.5686117e-05
ISIC_0032613,HAM_0005584,df,1,0.00031708984,0.00015697084,0.0060137995,0.044686526,0.9415463,0.0071671084,0.000112182
ISIC_0033256,HAM_0005584,df,1,5.6262976e-05,1.0822196e-05,0.00023093726,0.9354535,0.05945216,0.00477174,2.4579474e-05
ISIC_0024994,HAM_0002960,df,1,4.2344793e-05,2.7770397e-05,0.00013119765,0.99674654,0.00013378527,0.001984284,0.0009341113
ISIC_0027141,HAM_0000024,df,1,0.00047537565,6.395924e-05,0.0012246304,0.9950912,0.001735459,0.0006459654,0.0007633664
ISIC_0031799,HAM_0003348,df,1,9.9692625e-06,6.7323786e-06,2.7796144e-05,0.99962115,0.00021025789,8.347161e-05,4.060144e-05
ISIC_0024693,HAM_0000559,nv,1,0.00032230874,0.00022065573,0.017426448,0.810647,0.00025999598,0.17058589,0.0005376612
ISIC_0030417,HAM_0004476,mel,1,0.09781348,0.00012431877,0.014091369,1.3731931e-05,0.88553095,0.0023690315,5.7140045e-05
ISIC_0029512,HAM_0004784,mel,1,0.0047841542,0.00055543095,0.6956186,0.27240816,0.006113054,0.020378228,0.00014236812
ISIC_0027872,HAM_0004784,mel,1,0.0014234241,0.0016609041,0.3330003,0.1882613,0.18862936,0.2865041,0.0005205892
ISIC_0029028,HAM_0003182,mel,1,7.7063865e-05,0.00020907255,0.002583348,0.00011773809,0.048152797,0.9484679,0.00039212772
ISIC_0027125,HAM_0003182,mel,1,5.0785657e-05,0.00038944525,0.00393614,0.00014467486,0.025398811,0.9699849,9.5251446e-05
ISIC_0030119,HAM_0005557,mel,1,9.883811e-05,6.1369974e-05,0.0034782141,0.00052091794,0.9889714,0.006285943,0.0005834005
ISIC_0028215,HAM_0005557,mel,1,2.1498452e-05,1.0036838e-05,0.00038650355,5.630156e-06,0.99856514,0.0010059463,5.207043e-06
ISIC_0026150,HAM_0004607,mel,1,0.00022200536,0.00047459756,0.023778323,0.00055161916,0.453067,0.5214769,0.0004296014
ISIC_0031642,HAM_0004607,mel,1,9.913009e-06,3.487117e-05,0.000594427,0.00011682123,0.87718475,0.12200492,5.4326913e-05
ISIC_0025751,HAM_0000814,mel,1,7.509099e-05,0.00011076075,0.0010601456,0.00060998055,0.546494,0.45129314,0.0003568424
ISIC_0028109,HAM_0000814,mel,1,7.01377e-05,0.00015591149,0.0038556554,0.00022289713,0.60027784,0.39521262,0.00020494178
ISIC_0033186,HAM_0000095,mel,1,6.93896e-05,4.3084987e-05,0.0010654817,0.00023382684,0.79292744,0.20523779,0.0004229924
ISIC_0030759,HAM_0001353,mel,1,0.0034816354,0.00052513526,0.9113116,0.03926579,0.03656402,0.00866777,0.00018398011
ISIC_0024886,HAM_0001353,mel,1,0.00037502224,0.003124728,0.80521154,4.240634e-05,0.10940005,0.08161741,0.0002287992
ISIC_0024951,HAM_0001531,mel,1,0.00028497187,0.0002432738,0.0025201607,0.055053595,0.92572093,0.015982442,0.0001947139
ISIC_0030106,HAM_0001531,mel,1,0.003089655,0.0016946453,0.010032139,0.033839006,0.93446434,0.015104209,0.001775973
ISIC_0031517,HAM_0001202,mel,1,0.009429076,0.00023615315,0.028829895,0.0028629212,0.9380795,0.020304183,0.00025835237
ISIC_0028022,HAM_0001202,mel,1,0.07455184,0.0027341777,0.036708146,0.004628338,0.8725812,0.008202701,0.00059362163
ISIC_0025153,HAM_0005381,mel,1,0.00025453966,0.0002981688,0.026039928,0.00074959634,0.123866126,0.84812623,0.0006654039
ISIC_0031598,HAM_0005381,mel,1,0.00010799604,5.6798865e-05,0.0038032755,0.0011509069,0.28134274,0.71284294,0.0006953388
ISIC_0031545,HAM_0007229,mel,1,1.8275729e-05,8.565661e-06,0.00051953015,6.670943e-06,0.97324026,0.026139393,6.7242676e-05
ISIC_0027033,HAM_0000059,mel,1,0.054267403,0.00012550468,0.7239657,0.00019821936,0.17950673,0.041893665,4.270082e-05
ISIC_0027822,HAM_0000059,mel,1,0.0015911453,0.00035468597,0.7381171,0.0001036235,0.13977583,0.12002454,3.312006e-05
ISIC_0026158,HAM_0003448,mel,1,0.050843205,0.74077845,0.004482943,0.00015101966,0.09918228,0.00061987597,0.10394214
ISIC_0027387,HAM_0006896,mel,1,0.00076258916,0.0019626128,0.018890912,0.00031296597,0.6946564,0.28176507,0.001649461
ISIC_0024911,HAM_0006896,mel,1,0.0010336556,0.004826479,0.065979995,0.0009121978,0.8759325,0.050985385,0.0003297315
ISIC_0028696,HAM_0003330,mel,1,4.7195812e-05,2.6166017e-05,0.0012309429,3.9587918e-05,0.9067177,0.09190622,3.2059274e-05
ISIC_0029343,HAM_0003330,mel,1,2.1202719e-05,0.00010746619,0.004746972,0.00016290903,0.13591085,0.858983,6.764583e-05
ISIC_0026963,HAM_0001741,mel,1,0.00022875366,0.00025222005,0.07725842,5.3075117e-05,0.89985543,0.022308515,4.3658398e-05
ISIC_0028211,HAM_0001741,mel,1,6.0313476e-05,1.88676e-05,0.082636915,2.0003167e-06,0.91663235,0.000648431,1.0418123e-06
ISIC_0030681,HAM_0004397,mel,1,3.217395e-05,7.673037e-05,0.0012138205,3.988502e-05,0.9781543,0.019986207,0.0004969362
ISIC_0027327,HAM_0004397,mel,1,1.2041519e-05,1.1422971e-05,7.760577e-05,1.218346e-05,0.99707305,0.0027625444,5.1094303e-05
ISIC_0025589,HAM_0004397,mel,1,1.1684477e-05,2.7220338e-05,3.9029426e-05,4.4784492e-06,0.99238914,0.0075180205,1.0433064e-05
ISIC_0034071,HAM_0006435,mel,1,0.002877088,0.0009204711,0.1673781,0.00021190447,0.42658097,0.40151918,0.0005123193
ISIC_0033573,HAM_0006435,mel,1,0.009075079,0.0063014887,0.08681964,0.0003037833,0.6535294,0.24183288,0.0021377017
ISIC_0027776,HAM_0003622,mel,1,6.579938e-05,4.065676e-05,0.027683798,4.2429136e-07,0.9720829,0.00012602909,3.7884956e-07
ISIC_0033268,HAM_0007163,mel,1,0.00010424848,0.00021983362,0.017276956,0.00040591843,0.3777885,0.6037043,0.00050026434
ISIC_0032750,HAM_0007163,mel,1,0.00011568753,0.00013186151,0.0006115103,0.0005349337,0.2921075,0.70622534,0.0002732174
ISIC_0032532,HAM_0004405,mel,1,0.00032273435,0.00043006614,0.08913642,0.00021922769,0.4361816,0.47347063,0.00023936783
ISIC_0033500,HAM_0004405,mel,1,0.0015231044,0.00037034808,0.83171093,0.00024961308,0.013157613,0.15265377,0.0003345816
ISIC_0032604,HAM_0003083,mel,1,5.2460415e-05,5.034473e-06,0.016709467,2.4732193e-05,0.9806749,0.0025031199,3.0243387e-05
ISIC_0033428,HAM_0003083,mel,1,5.127696e-05,1.642114e-05,0.006346132,1.9769026e-05,0.99091303,0.0026325756,2.0758267e-05
ISIC_0033152,HAM_0001135,mel,1,0.001236101,0.033442035,0.14148538,0.00080277683,0.008992016,0.811018,0.0030237366
ISIC_0033946,HAM_0007343,mel,1,1.6305748e-05,4.380069e-06,9.776174e-05,1.583497e-05,0.9743877,0.025464313,1.3784557e-05
ISIC_0033369,HAM_0007343,mel,1,3.1494666e-05,9.111923e-06,0.00045976997,2.8231634e-05,0.9316756,0.06775451,4.1237556e-05
ISIC_0032447,HAM_0007343,mel,1,0.00034294612,1.5946096e-05,0.00012802452,2.4891506e-05,0.9603695,0.03910093,1.7685226e-05
ISIC_0033655,HAM_0007343,mel,1,4.2005187e-05,6.051421e-06,0.00016212686,1.1778888e-05,0.9848978,0.014867514,1.2736015e-05
ISIC_0033831,HAM_0007343,mel,1,0.00012289268,1.1679042e-05,0.00031969466,2.704872e-05,0.90846777,0.0910108,4.0053572e-05
ISIC_0033034,HAM_0007032,mel,1,1.3423014e-05,5.7067584e-05,0.00019744247,2.6332367e-05,0.9196388,0.08004386,2.3147633e-05
ISIC_0034294,HAM_0007032,mel,1,4.566102e-06,1.21007715e-05,2.7916187e-05,1.6030917e-05,0.96925676,0.030673664,8.92255e-06
ISIC_0034202,HAM_0007032,mel,1,0.00010429971,9.8172066e-05,7.497768e-05,1.88098e-05,0.9520846,0.047587026,3.2184576e-05
ISIC_0034140,HAM_0005636,mel,1,0.0059000617,0.99054354,0.00077637983,0.000242161,0.0017419272,0.0005652449,0.00023062079
ISIC_0034256,HAM_0005636,mel,1,0.0042369305,0.98685455,0.00069810654,0.0004569361,0.0052057914,0.0021005073,0.0004472238
ISIC_0032984,HAM_0005636,mel,1,0.014029112,0.7167508,0.0027409976,0.00413083,0.22399916,0.036575787,0.0017731811
ISIC_0034222,HAM_0002235,mel,1,3.1292802e-05,0.0012499865,0.0021180091,0.0033235652,0.005762971,0.9873334,0.00018078244
ISIC_0032569,HAM_0002235,mel,1,0.0022239513,0.027172765,0.18442708,0.07688065,0.05536829,0.6513017,0.0026255779
ISIC_0034064,HAM_0002235,mel,1,6.818455e-05,0.037967414,0.0007202799,0.0013364925,0.027028302,0.932529,0.00035035145
ISIC_0033180,HAM_0005010,mel,1,0.19308768,0.016740516,0.08250036,0.0011347651,0.46956947,0.23222685,0.0047403607
ISIC_0033962,HAM_0005010,mel,1,0.047015347,0.013708995,0.033144098,0.0027153248,0.3132365,0.57388395,0.01629574
ISIC_0033603,HAM_0005010,mel,1,0.042644028,0.012667253,0.018074263,0.005053468,0.36161593,0.514462,0.045483083
ISIC_0033325,HAM_0005777,mel,1,0.008435537,0.0055718077,0.0073877554,0.00075295835,0.974837,0.0028416351,0.00017334086
ISIC_0034208,HAM_0005777,mel,1,0.11271546,0.004684235,0.20430075,0.00080294476,0.6738129,0.0035566245,0.0001270443
ISIC_0033725,HAM_0001928,mel,1,0.002502641,0.0023717678,0.019417498,0.00015874344,0.68049145,0.29497123,8.664511e-05
ISIC_0032537,HAM_0001928,mel,1,0.000110547335,0.0002861785,0.0039322893,4.3545366e-05,0.53176636,0.4638149,4.6173085e-05
ISIC_0033287,HAM_0001928,mel,1,8.691425e-05,0.00010241002,0.0018150394,3.497963e-05,0.793384,0.20455536,2.1257694e-05
ISIC_0033485,HAM_0003556,mel,1,0.00050995563,0.0002692531,0.0014770472,0.021779366,0.22906145,0.74667567,0.00022717711
ISIC_0033175,HAM_0003556,mel,1,4.2315598e-05,0.00026796566,0.0047917357,0.0005376178,0.08737533,0.9069222,6.278317e-05
ISIC_0033886,HAM_0003556,mel,1,4.1091786e-05,6.477284e-05,0.00079761696,0.00046388485,0.54790384,0.4506934,3.5492587e-05
ISIC_0033819,HAM_0000388,mel,1,1.6618602e-05,3.924203e-06,0.0008598962,2.6349786e-05,0.97387505,0.025203582,1.4665864e-05
ISIC_0032544,HAM_0000388,mel,1,1.2781095e-05,2.5460335e-07,0.0010475582,1.0310095e-05,0.996136,0.0027924818,5.6046645e-07
ISIC_0032844,HAM_0000388,mel,1,3.195903e-05,1.21066105e-05,0.0007264081,6.0293267e-05,0.9830735,0.016077207,1.8532628e-05
ISIC_0033980,HAM_0003602,mel,1,0.00018300075,0.00033956126,0.00037293503,0.00018479663,0.03951716,0.9592849,0.00011769354
ISIC_0032533,HAM_0003602,mel,1,0.0012679794,0.0025290768,0.0018978942,0.0007175509,0.3910635,0.6021524,0.00037153414
ISIC_0033986,HAM_0003602,mel,1,3.675758e-05,0.00022428964,0.00025614683,0.00017969457,0.013035587,0.9861958,7.182743e-05
ISIC_0033004,HAM_0003602,mel,1,4.4177425e-05,0.00042532868,0.00078920525,0.00037025442,0.006046042,0.9922646,6.038338e-05
ISIC_0033630,HAM_0004984,mel,1,0.0012346297,0.00049098185,0.003911211,1.9093288e-05,0.98935217,0.0049418216,5.0107996e-05
ISIC_0032879,HAM_0004984,mel,1,0.0041193217,2.2987884e-05,0.0003087783,1.1379828e-05,0.9913692,0.0041556866,1.26951145e-05
ISIC_0034012,HAM_0006011,mel,1,0.00011745806,8.040093e-06,0.012904096,0.0062065874,0.93884856,0.041899722,1.5558342e-05
ISIC_0034150,HAM_0006011,mel,1,9.2754606e-05,0.00019143852,0.002913117,0.0067024655,0.93173254,0.05829763,7.001485e-05
ISIC_0028082,HAM_0006037,mel,1,0.0033214157,1.6009551e-05,0.0059675034,0.001420871,0.988986,0.00028266973,5.6198805e-06
ISIC_0028460,HAM_0002099,mel,1,2.4422573e-06,1.6398986e-05,0.00046997913,1.386131e-06,0.9915108,0.007995808,3.1728855e-06
ISIC_0033477,HAM_0007021,mel,1,4.4838603e-07,2.4665687e-07,0.00010048502,5.951763e-07,0.9995763,0.00032184535,8.197675e-08
ISIC_0034092,HAM_0007021,mel,1,1.3579911e-05,1.3686419e-05,0.0001881986,1.2413043e-05,0.9962132,0.0035579894,1.0070538e-06
ISIC_0033872,HAM_0006101,mel,1,7.599507e-05,0.00014619851,0.0007147118,0.000253597,0.88726836,0.11148932,5.1824136e-05
ISIC_0032617,HAM_0006101,mel,1,0.0007127813,0.0004408505,0.0029979919,0.00064143375,0.91922295,0.07574974,0.00023413394
ISIC_0034104,HAM_0002993,mel,1,3.1661177e-05,9.304347e-06,9.443055e-05,9.524995e-06,0.96444684,0.035405498,2.7882209e-06
ISIC_0032547,HAM_0002993,mel,1,7.68079e-05,2.407445e-05,0.00015470231,3.6924877e-05,0.943473,0.056219026,1.5483036e-05
ISIC_0033644,HAM_0002993,mel,1,3.9604547e-06,2.6693303e-06,3.2582677e-05,3.8161784e-06,0.9905805,0.009375828,6.3402155e-07
ISIC_0032806,HAM_0005970,mel,1,0.00057619077,0.0003308785,0.47882718,0.00032069843,0.22267534,0.29673043,0.00053917087
ISIC_0034034,HAM_0005141,mel,1,6.7321325e-06,5.7031895e-05,0.004720294,1.9864281e-05,0.974524,0.020664837,7.250792e-06
ISIC_0033217,HAM_0005141,mel,1,4.825905e-05,0.00020041928,0.065991856,0.00018141771,0.89861923,0.034911368,4.7510865e-05
ISIC_0033728,HAM_0005256,mel,1,4.9787886e-05,9.765595e-06,0.014243012,6.208316e-05,0.881184,0.10442341,2.7928474e-05
ISIC_0026430,HAM_0007570,mel,1,0.2128598,0.012499302,0.5419664,0.009743976,0.21854696,0.0037898007,0.0005938062
ISIC_0030238,HAM_0000375,mel,1,0.0005462274,2.0170219e-05,0.00039923843,0.0004067153,0.7071874,0.29136503,7.523477e-05
ISIC_0032630,HAM_0003759,mel,1,0.002091506,0.00027461394,0.02518291,0.0002740781,0.64631236,0.32435215,0.0015123516
ISIC_0033399,HAM_0003759,mel,1,2.9518225e-05,4.923365e-06,0.00085093523,7.7153445e-06,0.989475,0.009624982,6.9702323e-06
ISIC_0033559,HAM_0006426,mel,1,1.5986456e-05,1.1833809e-05,0.022204937,7.6565615e-05,0.9571753,0.02049614,1.9283347e-05
ISIC_0032922,HAM_0006426,mel,1,2.1503145e-05,4.3093078e-06,0.003546328,1.0833599e-05,0.98907685,0.007333663,6.596628e-06
ISIC_0032672,HAM_0006517,mel,1,0.00013282169,0.00012923905,0.0049068257,1.4359305e-05,0.90453786,0.090263814,1.5048422e-05
ISIC_0034076,HAM_0006517,mel,1,0.0018360501,9.752114e-05,0.008483594,3.5666428e-05,0.95132977,0.03820693,1.0501873e-05
ISIC_0033534,HAM_0005953,mel,1,0.00026505618,0.0008485389,0.00047436304,9.486442e-06,0.996858,0.0013935501,0.00015102446
ISIC_0032626,HAM_0005953,mel,1,0.0029744345,0.000592822,0.0016887927,3.902455e-05,0.9932347,0.0011686507,0.0003016034
ISIC_0034062,HAM_0004914,mel,1,0.0005384451,0.00032089287,0.107954666,0.00020880897,0.33710122,0.55361915,0.0002568394
ISIC_0034170,HAM_0004914,mel,1,0.0017364337,0.00020120319,0.13700226,0.00026293145,0.7067115,0.1540358,4.988818e-05
ISIC_0033061,HAM_0001506,mel,1,0.0018841405,0.00055695086,0.01921589,0.001829742,0.2823754,0.5348088,0.15932909
ISIC_0033967,HAM_0001506,mel,1,0.00015953921,6.573102e-05,0.033817545,0.0007234334,0.014802675,0.9495049,0.0009261894
ISIC_0033051,HAM_0001506,mel,1,0.0004478826,0.0005980017,0.0055585126,0.0005360453,0.2593307,0.6819122,0.051616743
ISIC_0033668,HAM_0000706,mel,1,0.21381673,0.00059473084,0.05698874,0.00031462777,0.7010781,0.02674924,0.0004577807
ISIC_0032690,HAM_0000706,mel,1,0.00032744187,8.295213e-05,0.97799885,8.4753585e-05,0.0011012501,0.020377161,2.7677159e-05
ISIC_0032918,HAM_0000706,mel,1,0.017044757,0.000786273,0.72467303,0.00046494234,0.19888997,0.05776735,0.00037359167
ISIC_0031233,HAM_0000375,mel,1,0.0017788653,0.00010153969,0.004368472,0.0068224194,0.4552732,0.53122973,0.00042583144
ISIC_0024929,HAM_0001753,mel,1,1.2940422e-05,6.819123e-06,2.9736855e-05,1.3775007e-05,0.9929174,0.0070112958,8.019213e-06
ISIC_0024459,HAM_0005846,mel,1,0.0009404161,0.0005023863,0.013695043,0.00056927826,0.73129517,0.25272885,0.000268908
ISIC_0032466,HAM_0005061,mel,1,4.7566435e-05,2.0101596e-05,9.9719546e-05,8.2509105e-05,0.9708774,0.028807107,6.552553e-05
ISIC_0025085,HAM_0000888,mel,1,0.00063455064,0.0006572558,0.08675868,0.0001595022,0.5871263,0.3242419,0.0004218771
ISIC_0031034,HAM_0000888,mel,1,0.0016101253,0.0006454869,0.118295655,0.00020311146,0.6210367,0.25787732,0.0003316198
ISIC_0025097,HAM_0000775,mel,1,0.0018369142,0.0003988154,0.065197624,0.0036781987,0.9115244,0.015519857,0.0018441037
ISIC_0031666,HAM_0000775,mel,1,7.587108e-05,0.00015936911,0.0062238257,0.008470693,0.9301471,0.054246906,0.0006762315
ISIC_0026167,HAM_0003400,mel,1,0.0018038043,0.00029851648,0.0016059043,0.0003310736,0.8245996,0.17116573,0.00019538988
ISIC_0028984,HAM_0003400,mel,1,0.0030438283,0.00052073767,0.038671706,0.00044715384,0.8390386,0.117614575,0.00066343695
ISIC_0032197,HAM_0003400,mel,1,0.004059266,0.00027772418,0.013170823,0.00056321407,0.81983864,0.1617514,0.00033894816
ISIC_0030754,HAM_0007502,mel,1,0.00017685737,0.00029618037,0.010957818,0.012666759,0.2767341,0.6984324,0.0007359226
ISIC_0025316,HAM_0003761,mel,1,0.00013322328,9.614472e-05,0.00030584584,0.00017752933,0.04836626,0.9508136,0.000107466876
ISIC_0028760,HAM_0006088,mel,1,9.6803975e-05,9.040762e-05,0.00013439899,4.5905927e-05,0.009874273,0.98965317,0.00010507971
ISIC_0025145,HAM_0002477,mel,1,7.591841e-05,3.7217113e-05,0.00011396704,0.00090698694,0.6459565,0.35257503,0.00033431416
ISIC_0031718,HAM_0000863,mel,1,0.00021082355,1.674029e-05,0.0030769238,8.501422e-05,0.97909206,0.017483106,3.5370045e-05
ISIC_0028899,HAM_0000863,mel,1,0.0009987893,0.00010766288,0.0096631525,0.0006608044,0.8622375,0.12617321,0.00015880495
ISIC_0032036,HAM_0004637,mel,1,0.00032579788,0.0007954081,0.039968524,0.0007501412,0.8437843,0.11419378,0.00018204353
ISIC_0024644,HAM_0004171,mel,1,2.9774421e-06,8.1741724e-05,0.06257928,1.15482435e-05,0.92319506,0.014127921,1.4624704e-06
ISIC_0025238,HAM_0004817,mel,1,0.0036492462,0.000186221,0.0045760632,0.00019939613,0.79672295,0.19448416,0.00018190719
ISIC_0028017,HAM_0000910,mel,1,0.00045689952,7.103235e-05,0.06820839,0.00035168813,0.40025383,0.5302502,0.0004079654
ISIC_0027442,HAM_0002375,mel,1,0.8563466,0.00065245555,0.016054524,0.0009201098,0.116347514,0.009265594,0.0004131091
ISIC_0024940,HAM_0002375,mel,1,0.92128676,0.004759518,0.031111818,0.0011870539,0.032892734,0.007881679,0.0008804223
ISIC_0026796,HAM_0001397,mel,1,0.0006008678,0.000849016,0.54096466,0.00089849276,0.4423857,0.013836892,0.00046431462
ISIC_0025755,HAM_0003095,mel,1,0.004201324,0.00015502625,0.0018340788,0.0007015976,0.17851405,0.81423205,0.0003618576
ISIC_0027071,HAM_0001596,mel,1,0.044298492,4.0711817e-05,0.00024769112,1.11735535e-05,0.95085055,0.0045297975,2.1537588e-05
ISIC_0029780,HAM_0001596,mel,1,0.67830557,0.00014952016,0.001990813,9.805772e-05,0.3179154,0.0014550883,8.5527456e-05
ISIC_0024323,HAM_0002493,mel,1,0.7775792,0.0020881188,0.08389978,0.04184638,0.06748123,0.026711432,0.00039388152
ISIC_0027436,HAM_0002493,mel,1,0.96065605,0.00036803726,0.021515816,0.00025543038,0.01153347,0.0056106807,6.055165e-05
ISIC_0026694,HAM_0002869,mel,1,0.010245989,0.00031152437,0.0140628535,0.00020751997,0.44993943,0.52500606,0.00022658455
ISIC_0024313,HAM_0002869,mel,1,0.002590838,3.3962737e-05,0.0013021192,0.00013070204,0.62260664,0.3732305,0.00010522736
ISIC_0026571,HAM_0006037,mel,1,0.0034030213,9.539735e-06,0.0005907792,3.0970987e-06,0.99465704,0.0013332932,3.258435e-06
ISIC_0026847,HAM_0002099,mel,1,0.00012731852,0.00013447515,0.0005892901,1.2981028e-05,0.9825081,0.016610423,1.736583e-05
ISIC_0031908,HAM_0002772,mel,1,0.00014562687,1.8334455e-05,0.0004507579,4.2545704e-05,0.9706635,0.028632497,4.6727317e-05
ISIC_0026897,HAM_0002772,mel,1,0.00019663098,6.656452e-06,0.00017643109,3.8908456e-05,0.99027985,0.009281894,1.9679372e-05
ISIC_0028709,HAM_0002197,mel,1,0.0030047959,0.049548104,0.009780449,0.0004763572,0.8868799,0.049985506,0.00032484735
ISIC_0030695,HAM_0004164,mel,1,0.00019439038,2.6230919e-05,0.004321816,1.7887933e-05,0.9866741,0.008755923,9.687584e-06
ISIC_0031203,HAM_0004164,mel,1,0.007132559,0.00020833788,0.047101475,0.00022351391,0.8809627,0.06419175,0.00017959849
ISIC_0024679,HAM_0000593,mel,1,0.00059405924,0.00019173605,0.049263947,5.745727e-05,0.9386645,0.0111327125,9.566066e-05
ISIC_0026690,HAM_0000619,mel,1,0.0005988123,4.8818638e-05,0.01648783,0.00022441629,0.8949458,0.08757927,0.00011506925
ISIC_0031401,HAM_0000593,mel,1,0.0021752547,0.00038283202,0.05327078,0.00031862108,0.8992489,0.044335876,0.00026778234
ISIC_0025832,HAM_0003172,mel,1,5.209967e-05,1.2545105e-05,0.001090263,1.46667135e-05,0.98348904,0.015317519,2.3852968e-05
ISIC_0026105,HAM_0003172,mel,1,0.00013394213,6.489681e-05,0.05957934,5.214605e-05,0.85356206,0.08651828,8.939914e-05
ISIC_0027179,HAM_0006061,mel,1,0.00079476624,0.0032399765,0.016365819,0.02926083,0.9479266,0.0018551192,0.0005570078
ISIC_0024805,HAM_0005724,mel,1,0.00039925275,0.00033228763,0.0028280944,0.00020632207,0.8690375,0.12716828,2.8196675e-05
ISIC_0030032,HAM_0005724,mel,1,0.0020912834,0.00021468375,0.0012127083,0.00048474318,0.955086,0.040751982,0.00015860735
ISIC_0028033,HAM_0005789,mel,1,0.0006465833,0.00034205907,0.016708205,0.0010681198,0.09804545,0.8824453,0.0007442129
ISIC_0032204,HAM_0005789,mel,1,4.8709106e-05,0.00022922271,0.0063671856,0.00013501653,0.6406515,0.35242206,0.0001462731
ISIC_0032095,HAM_0005789,mel,1,0.00013808257,0.00026772526,0.025729435,0.0004536405,0.5977326,0.3755155,0.00016301911
ISIC_0024932,HAM_0004898,mel,1,6.3435626e-05,2.3796938e-05,0.0029336715,3.323293e-05,0.9927447,0.0041492786,5.197729e-05
ISIC_0029480,HAM_0004898,mel,1,0.0024729646,0.00044424494,0.34276953,0.0004477292,0.5751532,0.07837244,0.0003399498
ISIC_0024918,HAM_0007530,mel,1,0.0002652525,0.00010226396,0.0042432714,0.0002139706,0.67897433,0.3157524,0.00044857367
ISIC_0030901,HAM_0002131,mel,1,0.000100020276,4.98046e-05,0.10104706,0.000114450064,0.88665986,0.011974435,5.4380085e-05
ISIC_0030995,HAM_0002131,mel,1,0.00033677585,5.8465746e-05,0.9551397,6.862091e-05,0.03681842,0.0075240736,5.396647e-05
ISIC_0031368,HAM_0002576,mel,1,0.0015847299,8.623159e-05,0.488754,0.000109647524,0.50230277,0.007137031,2.56398e-05
ISIC_0031900,HAM_0001113,mel,1,0.0033358785,0.0001506313,0.10077991,0.002137044,0.8655194,0.02784926,0.00022789785
ISIC_0025414,HAM_0002576,mel,1,0.00045492128,0.00022542238,0.009039708,3.344067e-05,0.97580963,0.014417227,1.9658755e-05
ISIC_0024410,HAM_0007530,mel,1,0.00041522726,0.001093978,0.029452814,0.0006609444,0.14869988,0.8181193,0.0015578961
ISIC_0030122,HAM_0003171,mel,1,0.45835575,0.00078086404,0.02129154,0.0033004272,0.31257147,0.20299727,0.00070270145
ISIC_0026647,HAM_0001095,mel,1,1.4816445e-05,3.0460807e-05,0.030534033,0.00010304758,0.95174295,0.017534219,4.0432904e-05
ISIC_0028075,HAM_0003504,mel,1,0.025234558,0.00026437693,0.0037691412,3.5293684e-05,0.963712,0.0068953764,8.924973e-05
ISIC_0026823,HAM_0003504,mel,1,0.0037258212,2.8253198e-05,0.0006704537,1.0212664e-05,0.9847972,0.010749482,1.860142e-05
ISIC_0028493,HAM_0003534,mel,1,0.000200533,0.00037100416,0.70573455,0.0022682415,0.16438447,0.12677862,0.000262568
ISIC_0031746,HAM_0003534,mel,1,0.00042475775,0.00062775123,0.0563981,0.001164804,0.8032657,0.1379604,0.00015841066
ISIC_0025500,HAM_0004047,mel,1,0.0009538895,0.0007664717,0.5983637,0.000393776,0.379601,0.019680886,0.00024024074
ISIC_0030277,HAM_0004047,mel,1,0.0008434004,0.0007815429,0.63072765,0.00040704603,0.35242674,0.0144755365,0.00033811273
ISIC_0025941,HAM_0003171,mel,1,0.019810027,0.0013671472,0.019733999,0.0022672908,0.24908754,0.7068179,0.0009160682
ISIC_0027797,HAM_0000910,mel,1,0.00010290748,3.5218258e-05,0.0025548385,0.0001051423,0.037360214,0.9597761,6.5539854e-05
ISIC_0029404,HAM_0002692,vasc,1,0.00013391992,0.00031015926,0.002399425,0.00034331498,0.0032075658,0.0036204776,0.9899852
ISIC_0030275,HAM_0002692,vasc,1,0.00017441498,0.0007487976,0.002595755,0.0006232046,0.009159602,0.032277983,0.9544202
ISIC_0028163,HAM_0006617,vasc,1,3.1982898e-05,0.00018226025,1.4331601e-05,7.597738e-05,0.00014139104,0.00025378575,0.99930036
ISIC_0024669,HAM_0006617,vasc,1,0.0003423603,0.0009202388,0.00020846473,0.00024852692,0.00062540703,0.00073475385,0.99692035
ISIC_0028714,HAM_0005713,vasc,1,2.070825e-05,0.00011053551,5.7964404e-05,3.620242e-05,0.000111947746,0.0014362489,0.99822634
ISIC_0030956,HAM_0005713,vasc,1,0.00016097573,0.0006201036,0.001070397,0.00024212562,0.00057856477,0.0069289296,0.9903989
ISIC_0029514,HAM_0007614,vasc,1,1.2528425e-05,6.3936015e-05,2.5258732e-05,2.535759e-05,3.689508e-05,0.00023714549,0.9995989
ISIC_0027672,HAM_0007614,vasc,1,9.1988804e-05,0.0068917,0.0002164015,0.00013863202,0.00084179296,0.008184097,0.9836354
ISIC_0030722,HAM_0004820,vasc,1,3.119115e-05,2.757991e-05,1.5290685e-05,2.8399867e-05,0.00023002346,4.3644264e-05,0.9996239
ISIC_0024747,HAM_0001566,vasc,1,3.058676e-05,7.7725585e-05,2.4673345e-05,2.0137799e-05,9.625989e-05,0.00016246931,0.9995881
ISIC_0031346,HAM_0001566,vasc,1,0.00061621075,0.0014724497,0.008252865,0.0004922465,0.09927214,0.022204755,0.8676894
ISIC_0024475,HAM_0003873,vasc,1,1.8591334e-05,2.5510799e-05,2.0378746e-05,4.5969082e-05,2.6997452e-05,9.9332894e-05,0.9997632
ISIC_0028680,HAM_0007150,vasc,1,4.0642113e-05,5.3947322e-05,5.3736996e-05,5.321478e-05,0.00014338696,0.0009849089,0.9986702
ISIC_0027269,HAM_0005560,vasc,1,1.8478137e-05,2.6520458e-05,3.5271405e-05,1.6466925e-05,0.00017268195,0.0002153263,0.9995153
ISIC_0029230,HAM_0007141,bcc,1,0.0045166505,0.024959221,0.52820766,0.011343774,0.018242732,0.4042006,0.008529347
ISIC_0031513,HAM_0007141,bcc,1,0.051469423,0.24596688,0.0816776,0.022283126,0.059888054,0.5361928,0.0025221677
ISIC_0027135,HAM_0004388,bcc,1,0.0001963419,0.99852777,5.478905e-05,4.184445e-05,0.00016040617,0.0009678455,5.0869912e-05
ISIC_0028238,HAM_0005776,bcc,1,0.0012536873,0.99619746,0.00023512995,0.0003775757,0.0017288201,0.00016414715,4.3325097e-05
ISIC_0029755,HAM_0005776,bcc,1,0.0009807502,0.4953041,0.0048086015,0.0028323575,0.39489087,0.10092237,0.00026089005
ISIC_0031166,HAM_0001610,bcc,1,0.0001316422,0.99428093,0.00012684657,6.453431e-05,0.0010947175,0.00059985573,0.0037015737
ISIC_0028693,HAM_0001610,bcc,1,1.3678135e-05,0.99950683,3.7619302e-05,5.31475e-06,8.535792e-05,0.00017025253,0.00018087927
ISIC_0032696,HAM_0000993,bcc,1,0.003988753,0.95807296,0.0035615552,0.013650338,0.017423917,0.0018279684,0.0014745627
ISIC_0025824,HAM_0001331,bcc,1,0.00014490567,0.996516,0.00032274553,9.014988e-05,0.0009868717,0.0017480503,0.0001912204
ISIC_0031400,HAM_0001331,bcc,1,0.00037272467,0.9969357,0.00024563528,0.00074633607,0.0010530165,0.00053494726,0.00011158485
ISIC_0029747,HAM_0006800,bcc,1,1.1843841e-05,0.98454314,0.0009793089,6.855713e-05,0.010224583,0.0040750094,9.7629825e-05
ISIC_0030778,HAM_0006800,bcc,1,0.0070576766,0.4833197,0.2705888,0.0034128695,0.10580898,0.11720567,0.012606266
ISIC_0030271,HAM_0005469,bcc,1,0.62744325,0.121220395,0.039067313,0.0487389,0.1573311,0.0018541651,0.004344875
ISIC_0026643,HAM_0005469,bcc,1,0.08093932,0.80557096,0.020847926,0.0064081266,0.071612045,0.002544003,0.012077643
ISIC_0030766,HAM_0006351,bcc,1,0.002263829,0.72106516,0.0025058305,0.0020936995,0.10377789,0.16599862,0.0022949923
ISIC_0027117,HAM_0006351,bcc,1,0.00011192601,0.98064226,0.0004452774,0.0003454304,0.0010272441,0.016972037,0.00045583682
ISIC_0027998,HAM_0005947,bcc,1,0.00012969968,0.9989303,0.00015875624,0.00015163426,0.00035706462,0.00023623591,3.636974e-05
ISIC_0028079,HAM_0005947,bcc,1,2.7757309e-05,0.98083097,0.00049635343,4.8525668e-05,0.006493632,0.0120255435,7.724149e-05
ISIC_0024360,HAM_0005530,bcc,1,0.00010701344,0.97495043,0.00014316103,8.269357e-05,0.019881874,0.0047362144,9.85854e-05
ISIC_0029899,HAM_0005530,bcc,1,0.00067576626,0.9967288,0.00013588967,4.3944925e-05,0.0017799723,0.00050439854,0.00013119531
ISIC_0024504,HAM_0000189,bcc,1,2.4137123e-06,0.9992493,0.00049347803,3.5045548e-07,0.00011681137,0.00013610034,1.4525975e-06
ISIC_0025600,HAM_0000189,bcc,1,0.00018323821,0.9929576,0.00021973618,6.6754474e-05,0.002102433,0.0044221478,4.808145e-05
ISIC_0025557,HAM_0001900,bcc,1,0.017595656,0.08753355,0.43593404,6.0133938e-05,0.45329967,0.004684634,0.0008923336
ISIC_0028323,HAM_0001900,bcc,1,0.041183136,0.9031778,0.043796428,5.759977e-05,0.008897784,0.0017918759,0.0010953519
ISIC_0027851,HAM_0001078,bcc,1,0.0011745095,0.054502845,0.004262744,0.03987513,0.078339025,0.8171089,0.0047368947
ISIC_0028858,HAM_0001078,bcc,1,0.0022900254,0.42546064,0.009501167,0.0012067587,0.11688379,0.44154578,0.003111807
ISIC_0029669,HAM_0001616,bcc,1,0.00013526899,0.9960594,0.0002607378,4.1904375e-05,0.0007685995,0.0026787487,5.529785e-05
ISIC_0031169,HAM_0001616,bcc,1,0.0113247195,0.98516405,0.0011169276,6.3321175e-05,0.0009876122,0.001288089,5.522971e-05
ISIC_0033271,HAM_0000823,bcc,1,0.00014543848,0.76686466,0.00874671,0.00022090257,0.074606836,0.0057474463,0.14366807
ISIC_0033575,HAM_0000823,bcc,1,9.523522e-05,0.979337,0.0014132049,8.3065635e-05,0.010230283,0.0011715882,0.0076696156
ISIC_0032894,HAM_0000823,bcc,1,0.001787921,0.040892076,0.003920463,0.001028724,0.6145543,0.02270437,0.31511208
ISIC_0033579,HAM_0000394,bcc,1,0.0001678239,0.87117904,0.0005364775,0.0008037767,0.09399908,0.033125926,0.00018795385
ISIC_0034095,HAM_0000394,bcc,1,0.00013783612,0.9875858,0.00037067413,0.00023038167,0.0062024905,0.005420485,5.2316693e-05
ISIC_0034143,HAM_0000394,bcc,1,0.000102626764,0.9894721,0.0001441627,0.00036705539,0.0042357408,0.0055514886,0.00012672713
ISIC_0033012,HAM_0000795,bcc,1,0.0033127645,0.9720659,0.006747748,0.00048099205,0.014702498,0.0015496318,0.0011403973
ISIC_0033468,HAM_0000795,bcc,1,0.007379499,0.8930157,0.009930201,0.0038434174,0.083796665,0.0011894731,0.00084511173
ISIC_0029192,HAM_0002397,bcc,1,7.3273484e-05,0.99919635,8.583286e-05,4.6887935e-06,0.0005209982,7.6341326e-05,4.2531858e-05
ISIC_0033248,HAM_0002397,bcc,1,4.27107e-05,0.99948597,0.00017225584,5.1915263e-06,0.0001960511,7.229947e-05,2.5453963e-05
ISIC_0032727,HAM_0004848,bcc,1,0.001962943,0.9769209,0.007682513,4.947839e-05,0.0067442995,0.006455913,0.00018383452
ISIC_0033979,HAM_0004848,bcc,1,5.012356e-05,0.96484774,0.003082918,5.110453e-06,8.1677e-05,0.031874746,5.7804657e-05
ISIC_0028871,HAM_0000212,bcc,1,0.3386935,0.5979188,0.006356702,0.007077577,0.04390062,0.0045473687,0.0015054323
ISIC_0026528,HAM_0007550,bcc,1,3.0129642e-05,0.0007281944,4.5673813e-05,0.99820364,0.0002562451,3.296193e-05,0.0007030386
ISIC_0030233,HAM_0003112,bcc,1,0.048922766,0.5228965,0.030615088,0.02567998,0.25211653,0.11770395,0.0020651522
ISIC_0031245,HAM_0005901,bcc,1,0.0004040318,0.9984842,0.00045693468,0.00010017938,0.00027660414,0.0002013822,7.666032e-05
ISIC_0027631,HAM_0004440,bcc,1,8.958494e-05,0.9960905,0.00018309972,0.00011844918,0.0015025283,0.0018981859,0.00011752741
ISIC_0030403,HAM_0004027,bcc,1,0.00016462253,0.9759388,0.00858068,0.00017252292,0.00035607434,0.012681424,0.0021058687
ISIC_0024595,HAM_0004027,bcc,1,0.0023740318,0.1449525,0.0113369385,0.02796345,0.051132176,0.71174145,0.050499465
ISIC_0025046,HAM_0003866,bcc,1,0.0004897145,0.012735177,0.19111286,0.00019980424,0.43490592,0.35774386,0.0028126133
ISIC_0024665,HAM_0003866,bcc,1,0.00089353207,0.0123453755,0.0020116402,0.00058828614,0.7367663,0.24582367,0.0015712635
ISIC_0024332,HAM_0002240,bcc,1,0.002502668,0.9747695,0.00062907673,0.00025566362,0.016208267,0.005379611,0.00025516478
ISIC_0030528,HAM_0000512,bcc,1,0.0062953224,0.8785593,0.06439282,0.00032179966,0.0010206818,0.049371686,3.8358503e-05
ISIC_0027846,HAM_0001183,bcc,1,0.0021135248,0.98140186,0.006143371,9.731833e-05,0.0070052524,0.0023670353,0.00087163446
ISIC_0029489,HAM_0006005,bcc,1,2.6777934e-05,0.9994116,7.2495372e-06,1.3025058e-05,0.00019479606,0.0003205671,2.6004805e-05
ISIC_0027473,HAM_0002959,bcc,1,0.00075422635,0.98509884,0.00056433806,9.8836405e-05,0.0013825013,0.011763572,0.0003376405
ISIC_0025362,HAM_0002959,bcc,1,0.0014672873,0.9645837,0.007332394,0.00020932854,0.008105329,0.017198827,0.0011032486
ISIC_0027093,HAM_0002959,bcc,1,0.00036005047,0.9829895,0.00052592077,9.139133e-05,0.00066158787,0.0148677165,0.0005038012
ISIC_0031095,HAM_0005798,bcc,1,8.044233e-06,0.9999136,9.741174e-06,2.5610675e-06,2.7994995e-05,2.4996716e-05,1.3159486e-05
ISIC_0024949,HAM_0005669,bcc,1,0.0006274793,0.99632406,0.00029582187,0.00016740593,0.0011093558,0.0012928586,0.00018314265
ISIC_0027229,HAM_0003826,bcc,1,0.00012222953,0.0075491606,0.7274546,3.968212e-05,0.10217234,0.1626344,2.7594579e-05
ISIC_0027004,HAM_0003826,bcc,1,0.000435784,0.75477725,0.045283653,4.4867298e-05,0.06925191,0.13013993,6.656909e-05
ISIC_0026433,HAM_0003826,bcc,1,0.0011038358,0.026743496,0.85169524,9.0608366e-05,0.019262617,0.10092889,0.00017533575
ISIC_0031294,HAM_0004365,bcc,1,0.0046025934,0.8887931,0.10532512,4.0986582e-05,0.000597023,0.00058834127,5.283379e-05
ISIC_0028719,HAM_0004365,bcc,1,0.0005110252,0.99708456,0.00071226514,1.633091e-05,0.0010421753,0.00048905436,0.00014470545
ISIC_0024461,HAM_0002313,bcc,1,0.061588284,0.9355875,0.0003314966,0.00040774778,0.0014176312,0.00018023157,0.00048705796
ISIC_0030526,HAM_0002313,bcc,1,0.9994887,0.00026941398,6.97339e-05,2.3725768e-05,0.00013207349,1.1450646e-05,4.9538025e-06
ISIC_0025530,HAM_0002313,bcc,1,0.0077845897,0.9882108,0.000433213,0.0021438326,0.0010701203,0.00014091862,0.00021656053
ISIC_0028928,HAM_0002998,bcc,1,0.02153016,0.9132534,0.011023411,0.009085337,0.0062870863,0.037639294,0.0011813085
ISIC_0031378,HAM_0002998,bcc,1,0.0022016072,0.95010304,0.026225355,0.0015324733,0.0046859034,0.014911781,0.0003399433
ISIC_0032092,HAM_0005379,bcc,1,0.63260597,0.35555354,0.008778099,0.0020252783,0.00023906694,0.00066266855,0.00013542043
ISIC_0024787,HAM_0005379,bcc,1,0.00035927453,0.99875283,0.00017535313,5.971918e-05,1.1713559e-05,0.00063021947,1.0812132e-05
ISIC_0031062,HAM_0001183,bcc,1,0.020055369,0.7474451,0.0062493733,0.0010033853,0.20837037,0.01279786,0.0040784758
ISIC_0025818,HAM_0004621,bcc,1,0.0005764433,0.98676723,0.0036539228,0.00039463874,0.0012143863,0.00072302186,0.0066703283
ISIC_0030746,HAM_0004621,bcc,1,0.0056477604,0.96288204,0.010822742,0.002820525,0.0069231596,0.0021478387,0.008755969
ISIC_0029545,HAM_0000496,bcc,1,0.0024307591,0.97300684,0.011450213,1.6636246e-05,0.0075275884,0.005392381,0.00017574002
ISIC_0031298,HAM_0005334,bcc,1,0.00023538493,0.9963044,0.0021719704,4.2161e-05,0.0008127958,0.0004075038,2.5822888e-05
ISIC_0028122,HAM_0004621,bcc,1,0.00037229364,0.9948108,0.0015431142,0.00014751084,0.001343302,0.0007729015,0.0010100245
ISIC_0027595,HAM_0006624,bcc,1,0.0033189114,0.976727,0.0007312072,0.00030780377,0.012337275,0.0062958812,0.0002819055
ISIC_0027675,HAM_0004621,bcc,1,0.00025391293,0.99687636,0.00089406676,7.774216e-05,0.00083011296,0.0006676661,0.00040024208
ISIC_0031614,HAM_0006049,bcc,1,0.0006641377,0.95175946,0.042600542,0.00032304326,0.0009844117,0.0035501993,0.00011814669
ISIC_0026090,HAM_0004084,bcc,1,0.012647142,0.013985445,0.9699795,0.0006534695,0.0016332244,0.0009790597,0.000122065954
ISIC_0025285,HAM_0004084,bcc,1,0.0028748973,0.004834866,0.98745245,0.00030876213,0.0015242394,0.0029223103,8.245549e-05
ISIC_0030767,HAM_0004685,bcc,1,0.0044826563,0.94187444,0.007900027,0.00035248298,0.0038417152,0.040821142,0.0007274983
ISIC_0032061,HAM_0004685,bcc,1,0.002127463,0.9716091,0.007888579,0.00019235934,0.00592163,0.0117449835,0.00051578664
ISIC_0032212,HAM_0004932,nv,1,7.732362e-06,1.0630994e-05,0.00037954346,3.617554e-05,0.00010731684,0.99943525,2.3356683e-05
ISIC_0028502,HAM_0001940,nv,1,9.793845e-06,1.630578e-05,7.322031e-05,7.893843e-05,0.00021721229,0.9994468,0.00015767923
ISIC_0028239,HAM_0002530,nv,1,9.623179e-06,7.6872675e-06,2.2994807e-05,0.000103965336,0.00039370442,0.9994455,1.6465776e-05
ISIC_0026425,HAM_0002971,nv,1,3.6941292e-05,3.6725472e-05,0.0004969916,9.3416165e-05,0.0001724911,0.99889815,0.0002653394
ISIC_0031536,HAM_0007339,nv,1,0.00010977446,9.352901e-05,0.022181671,0.00043799912,0.00012783901,0.9769374,0.00011172114
ISIC_0028727,HAM_0006678,nv,1,0.00018944195,0.00013512388,0.00060973706,0.0024370071,0.014614738,0.98148006,0.0005339036
ISIC_0027315,HAM_0002202,nv,1,6.491868e-05,2.2567137e-05,0.00019267907,4.558687e-05,0.0013698434,0.99825126,5.308867e-05
ISIC_0028455,HAM_0004270,nv,1,0.00022403692,0.00033045906,0.010320516,0.0005577553,0.00073890574,0.9870105,0.00081789406
ISIC_0031184,HAM_0004290,nv,1,0.00011020624,0.012626643,0.015301453,0.001537781,0.00063295563,0.95806026,0.0117306
ISIC_0025398,HAM_0007193,nv,1,9.888624e-06,6.917901e-05,0.00032567236,2.7571308e-05,0.00019382795,0.99931216,6.170961e-05
ISIC_0028480,HAM_0003548,nv,1,7.155664e-05,0.000108473396,0.006658786,0.009650704,0.00065545726,0.98247784,0.00037713328
ISIC_0026768,HAM_0002514,nv,1,6.866067e-06,1.8663904e-05,6.0661085e-05,5.8053043e-05,7.043685e-05,0.9997528,3.2501262e-05
ISIC_0028446,HAM_0006498,nv,1,2.2287507e-07,1.2725766e-06,3.4390123e-06,0.00016345085,3.2279815e-05,0.99975187,4.7508885e-05
ISIC_0025585,HAM_0000576,nv,1,5.7300633e-05,0.00038400496,0.00021879941,0.00017006867,0.0018721414,0.99453485,0.0027629219
ISIC_0030846,HAM_0006242,nv,1,2.9394349e-05,4.6424793e-05,4.235289e-05,0.00022728676,0.0005504488,0.99888617,0.00021783372
ISIC_0024584,HAM_0001391,nv,1,4.9577826e-05,7.5597156e-05,0.00032582358,7.754119e-05,0.0012248515,0.99819094,5.5633078e-05
ISIC_0028289,HAM_0002748,nv,1,3.8539615e-06,9.957443e-06,1.34254005e-05,0.0014198142,2.3980157e-05,0.99843603,9.2827446e-05
ISIC_0029998,HAM_0005401,nv,1,1.5285274e-06,2.1980838e-06,9.7283075e-05,0.00042755963,3.371877e-05,0.99941933,1.840433e-05
ISIC_0029685,HAM_0002443,nv,1,0.00041664715,0.0008015414,0.0021366733,0.08378009,0.020436177,0.8910969,0.0013318831
ISIC_0028359,HAM_0001842,nv,1,2.266067e-05,0.00017893758,0.0062709157,0.00038327617,0.00029995685,0.9926474,0.0001969087
ISIC_0031332,HAM_0001021,nv,1,1.0882165e-05,8.3123574e-05,5.430124e-05,0.00013571575,0.00032295275,0.9993492,4.3803044e-05
ISIC_0026246,HAM_0003788,nv,1,2.9461336e-05,3.0575167e-05,9.831306e-05,0.024578843,0.0009058376,0.974158,0.00019898612
ISIC_0026172,HAM_0003255,nv,1,4.7804115e-06,1.8041083e-05,3.6945672e-05,0.00053974084,0.00035755345,0.9990165,2.64555e-05
ISIC_0025287,HAM_0004965,nv,1,0.0007177442,0.00037970496,0.010674106,0.0006008702,0.33589396,0.65125734,0.0004762567
ISIC_0027170,HAM_0000323,nv,1,1.842151e-05,0.00014112583,0.0003011066,0.00074016897,0.00010663145,0.9984004,0.00029212766
ISIC_0030573,HAM_0003665,nv,1,4.28406e-05,8.998776e-05,3.6358342e-05,0.0352555,0.0002526235,0.9641195,0.00020318701
ISIC_0027717,HAM_0005647,nv,1,0.0017135133,0.0012079641,0.015138737,0.00046208748,0.028897097,0.95227927,0.00030127392
ISIC_0028424,HAM_0000703,nv,1,6.983709e-05,0.00016205927,0.002414226,0.00019245014,0.005763218,0.9912402,0.00015799628
ISIC_0032434,HAM_0003302,nv,1,6.049182e-05,0.0001290656,0.00040105951,0.0011576744,0.0005307989,0.9959901,0.0017308885
ISIC_0030016,HAM_0003673,nv,1,0.002592179,0.0011615606,0.043502193,0.019761158,0.02552995,0.9067989,0.00065412663
ISIC_0028515,HAM_0006463,nv,1,1.6971635e-05,7.131383e-05,0.00071389804,0.00010185351,0.0004042177,0.9984559,0.00023589323
ISIC_0026621,HAM_0001494,nv,1,1.681867e-05,4.3795055e-05,0.009401848,0.0024228613,0.00020529392,0.98752624,0.00038316517
ISIC_0030599,HAM_0004074,nv,1,1.0432498e-05,5.0554445e-05,0.0009991826,0.00033583012,0.00018528198,0.9981669,0.0002517709
ISIC_0026914,HAM_0005038,nv,1,0.00010224237,0.00023679384,0.013196378,0.00015835607,0.00026364718,0.98576593,0.00027656983
ISIC_0031453,HAM_0000015,nv,1,4.3252763e-05,3.031348e-05,0.00022952375,0.0007826544,0.0004010604,0.9984269,8.618657e-05
ISIC_0031881,HAM_0006544,nv,1,0.00014580537,4.2019426e-05,0.00022604843,0.00017969428,0.07377942,0.92553943,8.7576e-05
ISIC_0029892,HAM_0006511,nv,1,6.74656e-05,8.3798455e-05,0.0017536072,0.0001510003,0.0001886584,0.9976724,8.29841e-05
ISIC_0027912,HAM_0002322,nv,1,4.11562e-05,6.3124506e-05,0.0001780774,0.00018625939,0.0018875938,0.99562365,0.0020201546
ISIC_0030550,HAM_0000219,nv,1,5.6877376e-05,5.811257e-05,0.00016619524,0.0010697313,0.0074859294,0.9910523,0.0001107099
ISIC_0024636,HAM_0001987,nv,1,2.17872e-05,1.907751e-05,0.0019436443,0.007097198,0.00014014123,0.9885345,0.002243616
ISIC_0031907,HAM_0004177,nv,1,0.00017565525,0.00034324522,0.00018625506,0.00028679214,0.0043577226,0.97634387,0.01830643
ISIC_0032254,HAM_0001548,nv,1,5.368898e-05,2.6681993e-05,0.0062481686,0.001150446,0.00049613125,0.9919485,7.630742e-05
ISIC_0028270,HAM_0004710,nv,1,5.97603e-05,0.00013706012,0.002505344,0.00037954544,0.0012058986,0.99554414,0.00016825789
ISIC_0030470,HAM_0001876,nv,1,9.326865e-06,2.5502037e-05,0.00018246015,7.4226235e-05,0.00017410469,0.9994198,0.000114627524
ISIC_0027816,HAM_0005094,nv,1,0.00013854052,6.305791e-05,0.0007015086,0.00092753454,0.007231783,0.99069583,0.00024172566
ISIC_0030457,HAM_0006662,nv,1,3.904423e-05,1.0185296e-05,7.887151e-05,0.00013528326,0.00012871056,0.9995752,3.2814383e-05
ISIC_0024473,HAM_0001414,nv,1,0.009681772,0.00069182174,0.0068186326,0.02263479,0.0862927,0.8732292,0.00065117696
ISIC_0032442,HAM_0000812,nv,1,8.673905e-06,0.000921131,0.0011280423,2.4137256e-05,0.00070247246,0.99715626,5.927538e-05
ISIC_0025255,HAM_0007142,nv,1,0.0005171349,9.860058e-05,0.00030460226,0.00038280376,0.0021905487,0.9962767,0.00022970141
ISIC_0030302,HAM_0000058,nv,1,2.6198346e-05,0.00012832465,0.0003756967,4.0497613e-05,0.0003867718,0.99901426,2.816167e-05
ISIC_0029633,HAM_0002302,nv,1,0.009264796,0.00035583085,0.8277021,0.0062429095,0.004779598,0.15132572,0.00032908973
ISIC_0028111,HAM_0004952,nv,1,0.0003531129,0.00045429237,0.49819207,0.00051377626,0.002190715,0.49819207,0.000103973034
ISIC_0025041,HAM_0001307,nv,1,0.00011810428,8.148951e-05,0.002127454,0.0016170993,0.0003627226,0.99513185,0.0005612474
ISIC_0031174,HAM_0000713,nv,1,0.00018748068,0.00016225099,0.0003896002,0.0007229103,0.001259796,0.99629706,0.0009808906
ISIC_0031776,HAM_0002404,nv,1,0.0025695409,0.0015799594,0.11350118,0.0037313648,0.025027428,0.85270596,0.0008845476
ISIC_0026836,HAM_0006871,nv,1,0.0014226898,0.00078568404,0.056662902,0.0029854795,0.007874337,0.92980164,0.00046732428
ISIC_0029918,HAM_0000170,nv,1,0.004874096,0.009404245,0.0251425,0.083492346,0.27030736,0.5938751,0.012904388
ISIC_0029701,HAM_0001425,nv,1,6.1421915e-06,2.3135157e-05,1.2480482e-05,0.0001256183,0.00010485557,0.9996711,5.675901e-05
ISIC_0030536,HAM_0002782,nv,1,0.0016563728,0.00063983706,0.11487997,0.048311856,0.021427792,0.8123592,0.0007250303
ISIC_0030902,HAM_0004790,nv,1,0.0014516824,0.00028142147,0.0027709983,0.0017562008,0.013938087,0.06739789,0.91240376
ISIC_0029317,HAM_0005629,nv,1,2.171377e-05,6.1195846e-05,5.280566e-05,3.0861487e-05,0.0029399553,0.9968161,7.7358796e-05
ISIC_0031690,HAM_0006809,nv,1,8.969798e-05,6.6010085e-05,0.0003013771,0.00012380574,0.0018175364,0.99734735,0.00025428113
ISIC_0031291,HAM_0001918,nv,1,0.001369929,0.00070449064,0.0031511474,0.00866747,0.0058856816,0.9766173,0.0036039988
ISIC_0024884,HAM_0001140,nv,1,2.4777053e-05,0.00034776237,0.00063527527,0.00010189882,0.00051672745,0.99792504,0.00044850237
ISIC_0029410,HAM_0004286,nv,1,1.7795595e-05,5.846358e-05,0.00017318173,0.00011029623,0.0005911825,0.99898773,6.1389095e-05
ISIC_0028044,HAM_0000867,nv,1,2.349419e-05,2.6674457e-05,0.00011734892,7.329179e-05,0.0001686701,0.999446,0.00014448266
ISIC_0031572,HAM_0002662,nv,1,8.202722e-05,0.00010511952,0.0005250515,0.0002586533,0.027866378,0.9708792,0.00028352079
ISIC_0030411,HAM_0001392,nv,1,0.00010709614,0.00021889029,0.002582694,0.0007913394,0.0030349954,0.9930066,0.00025842007
ISIC_0032059,HAM_0001661,nv,1,0.00061400153,0.0002960432,0.000692366,0.002310439,0.005588653,0.9902767,0.00022172608
ISIC_0024690,HAM_0005295,nv,1,0.000115949784,0.00019042357,0.025707148,0.006348055,0.0023598203,0.963712,0.0015666154
ISIC_0028175,HAM_0000958,nv,1,0.0013511342,0.002127709,0.0079615675,0.0034468742,0.020425102,0.9641596,0.0005280793
ISIC_0025878,HAM_0001231,nv,1,0.0001641125,0.0006115409,0.06280675,0.00027645184,0.0018781681,0.93381774,0.00044523357
ISIC_0027375,HAM_0005349,nv,1,3.3429293e-05,7.118571e-05,0.00045521086,0.00015442462,0.0025563778,0.996662,6.739727e-05
ISIC_0031534,HAM_0002111,nv,1,0.00010924066,0.00024932285,0.001947716,0.00032138985,0.000110312685,0.9971873,7.46413e-05
ISIC_0025613,HAM_0000446,nv,1,9.952344e-05,0.00032346926,0.0019107772,0.0010315028,0.0002144274,0.9958288,0.00059147517
ISIC_0026465,HAM_0006661,nv,1,0.00021749984,0.0004736736,0.011431321,0.00029497358,0.0008321353,0.98669875,5.1660747e-05
ISIC_0026366,HAM_0005236,nv,1,7.550374e-05,0.00014161164,0.0013910546,0.0010760396,0.000118552285,0.99695754,0.00023971617
ISIC_0027251,HAM_0007067,nv,1,5.6382734e-05,0.00012267109,0.006964417,0.00033574188,0.00024135396,0.9920746,0.00020483443
ISIC_0032321,HAM_0006859,nv,1,8.510977e-05,5.669533e-05,0.00083231856,0.00016485636,0.0051135286,0.99368566,6.178307e-05
ISIC_0028142,HAM_0001431,nv,1,2.8236063e-06,4.556389e-06,1.5856836e-05,1.0207994e-05,0.00010496058,0.999848,1.3602866e-05
ISIC_0031038,HAM_0007323,nv,1,7.9819096e-05,0.00016425867,7.140976e-05,0.00023993035,0.0010051322,0.9978483,0.0005912294
ISIC_0032337,HAM_0002038,nv,1,0.00035245615,0.0003803524,0.0029453214,0.0040732315,0.010578063,0.97932005,0.0023505092
ISIC_0032231,HAM_0001591,nv,1,1.10625015e-05,3.2451055e-05,0.00084451813,0.00014220533,0.0007179592,0.9982084,4.3327847e-05
ISIC_0028705,HAM_0002353,nv,1,5.377871e-05,7.265039e-05,0.004013334,9.1302165e-05,0.0039337873,0.99166757,0.0001676027
ISIC_0025080,HAM_0002277,nv,1,6.138114e-05,0.00015044342,0.0008407465,0.014642917,0.00042358038,0.9833725,0.0005084467
ISIC_0025947,HAM_0007060,nv,1,0.00016359721,0.0003376523,0.00062225177,0.0012943536,0.06472327,0.9327055,0.00015338548
ISIC_0029023,HAM_0005598,nv,1,0.00023127448,0.0002610466,0.0066605466,0.0004653659,0.018087571,0.9741381,0.0001561828
ISIC_0028337,HAM_0000546,nv,1,8.73611e-05,0.00020153994,0.0019089509,0.0003326078,0.004821268,0.99245864,0.00018969938
ISIC_0030519,HAM_0005703,nv,1,0.00012035749,8.702955e-05,0.0028512294,0.000106630825,0.006167136,0.990625,4.2497733e-05
ISIC_0026949,HAM_0007252,nv,1,0.00015417139,0.000117287396,0.00030961528,0.00014161384,0.001087545,0.99794704,0.00024278261
ISIC_0028428,HAM_0001338,nv,1,0.00020100187,0.00017531695,0.0005147822,0.0015368557,0.0019781855,0.9936831,0.001910781
ISIC_0028861,HAM_0005621,nv,1,0.0005834851,0.00010349537,0.00075140793,0.00038982532,0.042080484,0.9558786,0.00021277387
ISIC_0031469,HAM_0003283,nv,1,2.0952155e-05,2.8084289e-05,0.000116861745,0.00018511043,0.003349145,0.9962692,3.0604526e-05
ISIC_0032073,HAM_0001794,nv,1,7.613204e-06,2.3358896e-05,3.9195267e-05,0.00020577,6.905907e-05,0.99952996,0.00012504983
ISIC_0027166,HAM_0003108,nv,1,9.409238e-05,0.00025979738,0.0030112104,0.0189943,0.0019056487,0.9751736,0.00056138664
ISIC_0032066,HAM_0002225,nv,1,2.1607593e-05,8.6298336e-05,0.0019960464,0.0011302545,0.0008328889,0.9958242,0.00010866602
ISIC_0025116,HAM_0004316,nv,1,0.00083876227,0.011474634,0.0012665306,0.0052444995,0.0003388906,0.977227,0.0036097725
ISIC_0027472,HAM_0004256,nv,1,0.00033593553,0.00021817088,0.0004004947,0.00013840727,0.018703211,0.9801245,7.932552e-05
ISIC_0024649,HAM_0001151,nv,1,9.239642e-05,0.00036029675,4.38158e-05,0.00014310637,0.0015681176,0.9976897,0.0001026738
ISIC_0031051,HAM_0003748,nv,1,0.00015613867,0.00019242935,0.0014988648,0.0005465765,0.0015757902,0.9950121,0.001018152
ISIC_0027597,HAM_0005242,nv,1,0.003933412,0.00107849,0.052321006,0.0014399731,0.025116153,0.9157126,0.0003983072
ISIC_0027482,HAM_0001502,nv,1,0.020996025,0.0060975244,0.02461886,0.0019018818,0.06236961,0.87968385,0.0043322453
ISIC_0025024,HAM_0002562,nv,1,0.00022433199,0.00038160154,0.0013836261,0.00075816456,0.004858303,0.99024254,0.0021513896
ISIC_0031647,HAM_0005088,nv,1,1.0456045e-05,7.2014525e-05,0.0015229149,0.0005231028,0.0012145998,0.99651957,0.00013746264
ISIC_0024976,HAM_0006789,nv,1,0.00048811265,0.00026956142,0.0036500976,0.0013037085,0.0018674763,0.99225336,0.00016770171
ISIC_0031114,HAM_0005214,nv,1,0.000306953,0.00029033364,0.0006600527,0.00046759064,0.0008214489,0.9971258,0.0003277085
ISIC_0026361,HAM_0004537,nv,1,0.00035238493,0.00013116328,0.00042422794,0.3396999,0.0021045005,0.6547887,0.0024991564
ISIC_0028821,HAM_0003992,nv,1,2.4311326e-05,0.0005502249,8.535353e-05,0.0003551652,2.1622944e-05,0.9984799,0.0004833246
ISIC_0024804,HAM_0006733,nv,1,0.00014370732,0.00021657458,0.0068168566,0.000117979755,0.00046298775,0.9921429,9.8961595e-05
ISIC_0025747,HAM_0006911,nv,1,0.0003033814,0.0010243235,0.28290924,0.0023083487,0.004690395,0.7084609,0.0003033814
ISIC_0027575,HAM_0002758,nv,1,6.6554994e-06,1.8126892e-05,0.0014260033,0.00025629328,9.913336e-06,0.9979038,0.00037933214
ISIC_0024465,HAM_0006377,nv,1,7.5017706e-05,7.8158584e-05,0.00019156442,0.005965217,0.0005404129,0.9924764,0.0006732118
ISIC_0031398,HAM_0005474,nv,1,4.2357624e-06,1.9701067e-05,5.5577708e-05,0.00020359282,7.559569e-05,0.99914694,0.0004943921
ISIC_0025849,HAM_0001153,nv,1,2.943602e-06,1.8173174e-05,8.634846e-06,0.00131705,3.8547823e-05,0.99849963,0.000114914095
ISIC_0024501,HAM_0007044,nv,1,2.7852104e-06,1.3925176e-05,3.071386e-05,3.6939604e-05,3.6013495e-05,0.99982846,5.1085623e-05
ISIC_0026415,HAM_0000520,nv,1,1.03586035e-05,0.000103804035,0.0004911277,0.00016832614,9.63788e-05,0.99886996,0.00025994595
ISIC_0025738,HAM_0004378,nv,1,4.2022322e-05,0.000120885226,0.0013563685,0.004487717,0.00016108801,0.99302727,0.00080460333
ISIC_0026470,HAM_0003314,nv,1,1.1524046e-05,2.6899079e-05,0.0016114112,5.1546416e-05,0.00020218476,0.9980678,2.8745993e-05
ISIC_0028377,HAM_0007408,nv,1,0.0026898268,0.00051789434,0.008498311,0.015908947,0.072771795,0.89874583,0.0008673098
ISIC_0030538,HAM_0003630,nv,1,4.593581e-05,3.440433e-05,0.00020169104,5.5301043e-05,0.0014961394,0.99806434,0.00010221205
ISIC_0031190,HAM_0005028,nv,1,6.293036e-05,6.2685016e-05,0.00012638014,0.00020413603,0.00070094486,0.9983944,0.00044849425
ISIC_0030814,HAM_0005675,nv,1,8.329458e-05,7.152448e-05,0.0006094872,0.002892125,0.0005447425,0.99555475,0.0002441002
ISIC_0030448,HAM_0005013,nv,1,2.3315168e-05,0.00010717839,0.00069142354,0.0008417894,0.0044474252,0.9937692,0.000119566146
ISIC_0031523,HAM_0000686,nv,1,0.00027136138,7.0719754e-05,0.005016279,0.00018632173,0.0042593395,0.9901383,5.7607154e-05
ISIC_0031882,HAM_0005341,nv,1,5.2309926e-05,0.00017135021,7.3051924e-05,3.9101877e-05,0.00038492007,0.9990978,0.00018151289
ISIC_0030660,HAM_0003128,nv,1,4.9597136e-05,0.00037884843,0.00019635212,8.5516185e-06,0.0007468371,0.99857974,4.000839e-05
ISIC_0025974,HAM_0001770,nv,1,4.3616546e-05,6.5093656e-05,0.0005683966,0.0007988326,0.0013628469,0.99703974,0.000121373676
ISIC_0026915,HAM_0002851,nv,1,7.195819e-06,9.239614e-06,1.414387e-05,4.1774623e-05,0.000113140115,0.99978644,2.8018783e-05
ISIC_0025981,HAM_0007499,nv,1,2.3949693e-05,1.4668775e-05,0.00015033552,6.5933775e-05,0.0005801063,0.9991172,4.781607e-05
ISIC_0031865,HAM_0001556,nv,1,0.000112865855,3.2273514e-05,0.0004013182,0.00012323468,0.00040883405,0.99858105,0.0003404281
ISIC_0032241,HAM_0000882,nv,1,4.3050222e-05,4.8497295e-05,0.00016616035,4.5381374e-05,8.137647e-05,0.9995913,2.4243502e-05
ISIC_0029388,HAM_0006144,nv,1,1.0715525e-05,2.3450613e-05,0.00013079702,1.4532407e-05,0.00023584746,0.9995425,4.2215495e-05
ISIC_0028177,HAM_0000031,nv,1,0.00052357867,0.00022985417,0.0007991422,0.001107875,0.0041525923,0.99305254,0.00013433487
ISIC_0030668,HAM_0006579,nv,1,3.9058545e-05,0.00010493519,0.000467083,0.00013072154,0.0011614164,0.9979906,0.00010617213
ISIC_0031714,HAM_0004307,nv,1,7.39326e-06,0.0001416974,0.00010246026,4.2131815e-05,0.00012049213,0.9995115,7.430558e-05
ISIC_0024510,HAM_0007453,nv,1,7.440827e-05,0.00010250172,8.564339e-05,0.0062249764,0.000980376,0.99213445,0.00039756097
ISIC_0030481,HAM_0003876,nv,1,2.4947083e-05,2.9280247e-05,4.4647044e-05,0.000109002,0.00040474447,0.99890316,0.00048422356
ISIC_0025756,HAM_0000608,nv,1,0.00018944779,8.913991e-05,0.0011923878,0.00012995138,0.0050954623,0.9930801,0.00022344213
ISIC_0025877,HAM_0005123,nv,1,8.679892e-07,5.0144827e-06,4.230873e-06,2.6338234e-05,9.277245e-06,0.9999447,9.55306e-06
ISIC_0027736,HAM_0006726,nv,1,3.3439122e-05,8.5724e-05,0.00013173869,8.243997e-05,0.00042236058,0.9989041,0.00034020582
ISIC_0028798,HAM_0007365,nv,1,0.0074118096,0.00045745278,0.001188862,0.003050725,0.13396865,0.8533488,0.0005737743
ISIC_0029599,HAM_0000499,nv,1,0.00017291291,9.937771e-06,8.652257e-05,8.7627996e-05,0.0070363353,0.99257857,2.8034954e-05
ISIC_0024346,HAM_0003411,nv,1,3.8945625e-05,0.00022085756,0.00017000013,4.482614e-05,0.0004726051,0.99900013,5.261218e-05
ISIC_0027541,HAM_0007254,nv,1,8.120261e-06,2.77943e-05,4.515868e-05,3.3006545e-05,0.0001970724,0.9995548,0.00013409673
ISIC_0029330,HAM_0005768,nv,1,8.349449e-06,8.030786e-05,0.0017681061,1.3632136e-05,1.8487917e-05,0.99809307,1.7954137e-05
ISIC_0026715,HAM_0005253,nv,1,0.0034245383,0.00016884081,0.16597316,0.0005974247,0.028201217,0.8011473,0.0004876038
ISIC_0026928,HAM_0001346,nv,1,2.072204e-05,3.0925727e-05,0.0008204958,4.8653e-05,0.00016710129,0.99889106,2.0925394e-05
ISIC_0024663,HAM_0000640,nv,1,0.00013656664,9.913675e-05,0.0020842294,0.00014537442,0.0035479912,0.99389887,8.7830296e-05
ISIC_0028786,HAM_0005272,nv,1,0.0016479571,0.0004195269,0.0099578835,0.00084005186,0.00857376,0.977774,0.000786847
ISIC_0032056,HAM_0004306,nv,1,0.00025308807,7.2937066e-05,0.0004168644,0.00020737294,0.0147669045,0.98398167,0.0003011371
ISIC_0029004,HAM_0001584,nv,1,6.757803e-05,0.0001287425,0.0007519778,9.25488e-05,0.0013763619,0.9973852,0.00019765542
ISIC_0030518,HAM_0005872,nv,1,0.0001272305,5.3505766e-05,6.015815e-05,7.019477e-05,0.0013799318,0.99826473,4.41849e-05
ISIC_0031715,HAM_0003464,nv,1,0.00014506474,0.00010326891,0.0020128503,0.00010822489,0.0015831863,0.99566334,0.0003840654
ISIC_0031167,HAM_0000270,nv,1,4.5800734e-05,3.3377895e-05,0.00021850309,0.00021417224,0.0004006152,0.9990244,6.3216525e-05
ISIC_0030262,HAM_0006474,nv,1,1.7724442e-05,3.2409782e-05,4.0413477e-05,9.340126e-06,0.00088198157,0.99888784,0.00013039263
ISIC_0032399,HAM_0005677,nv,1,5.8819805e-06,2.8558987e-05,1.3437715e-05,9.547397e-06,0.0004235828,0.9993519,0.00016709679
ISIC_0029167,HAM_0000213,nv,1,0.00017820731,0.00018639525,0.0012130782,0.00015943231,0.0073157973,0.990529,0.00041800216
ISIC_0029536,HAM_0005223,nv,1,0.0004077862,0.0003447344,0.036280084,0.0013903427,0.0013048312,0.9597373,0.0005349789
ISIC_0029117,HAM_0002341,nv,1,5.950505e-05,7.960499e-05,0.00010504834,0.00012671249,0.00031285168,0.99906677,0.00024954893
ISIC_0030413,HAM_0006546,nv,1,2.130602e-05,7.6277676e-05,0.0001361125,0.0001321827,0.00026287665,0.9993387,3.2487802e-05
ISIC_0028027,HAM_0002254,nv,1,0.00038338822,0.0061124996,0.06910512,0.0014051175,0.0037713223,0.9183172,0.000905442
ISIC_0027009,HAM_0003594,nv,1,0.000107159685,0.00045647725,0.00020098421,0.00012825336,0.0012035385,0.99748456,0.0004188871
ISIC_0030545,HAM_0006831,nv,1,0.0006502778,0.00028214994,0.00038640722,0.00028884094,0.010681064,0.9871674,0.0005438583
ISIC_0031792,HAM_0006961,nv,1,8.946879e-05,9.826225e-05,0.000784489,2.3112518e-05,0.017625343,0.98129094,8.8253924e-05
ISIC_0027723,HAM_0003264,nv,1,3.3261334e-05,7.23662e-05,4.9157064e-05,6.39878e-05,0.00028726395,0.999432,6.195857e-05
ISIC_0025164,HAM_0005405,nv,1,0.00011019567,4.109677e-05,0.00043753817,0.0003084484,0.00087382086,0.99807703,0.00015194927
ISIC_0026478,HAM_0005656,nv,1,6.946153e-05,0.00044723213,0.0074908463,6.5380635e-05,0.00018516398,0.99170333,3.8661165e-05
ISIC_0031434,HAM_0003425,nv,1,9.53696e-05,0.00012475035,0.001309165,7.768653e-05,9.207502e-05,0.99811053,0.00019040743
ISIC_0025007,HAM_0001558,nv,1,5.0385256e-06,1.5672054e-05,8.6224754e-05,0.010505893,0.00014009334,0.9891621,8.505392e-05
ISIC_0026688,HAM_0001861,nv,1,0.00023272567,0.00011025436,0.00017210463,0.00036010073,0.0021983576,0.9966601,0.00026630066
ISIC_0028908,HAM_0005281,nv,1,0.00014141908,7.886546e-05,0.0002681043,0.00034560013,0.0013934941,0.9975483,0.00022422841
ISIC_0026791,HAM_0000555,nv,1,4.602663e-05,3.4878703e-05,0.0012986284,0.0002554655,0.000163338,0.99808645,0.00011525982
ISIC_0024736,HAM_0003762,nv,1,9.589357e-06,1.2264976e-05,3.5076417e-05,6.265271e-05,2.846128e-05,0.99983084,2.098603e-05
ISIC_0031508,HAM_0003453,nv,1,7.7330305e-06,9.093958e-06,6.9804344e-05,3.8249622e-05,0.00033942028,0.99952173,1.3975387e-05
ISIC_0027731,HAM_0000437,nv,1,0.0037334482,0.00059245044,0.00062942965,0.034889836,0.1758922,0.78063345,0.0036291988
ISIC_0025036,HAM_0003724,nv,1,4.579603e-06,0.00033082202,0.00028527345,1.8760782e-05,0.00027088393,0.9990709,1.8724173e-05
ISIC_0027637,HAM_0002614,nv,1,8.270918e-06,3.735841e-05,0.00043268973,0.0028624274,8.17578e-05,0.99646,0.000117571006
ISIC_0028771,HAM_0005305,nv,1,0.0038238887,0.0007603576,0.56309897,0.0017957245,0.011987279,0.4176431,0.000890686
ISIC_0025919,HAM_0001085,nv,1,9.030575e-05,9.669488e-05,0.00016805557,0.0026510675,0.01194379,0.98468405,0.00036599336
ISIC_0029711,HAM_0002544,nv,1,1.5928259e-05,3.0882944e-05,1.3439159e-05,5.696909e-05,0.0003741246,0.9994593,4.9399026e-05
ISIC_0026677,HAM_0001262,nv,1,1.5929787e-05,1.921499e-05,5.7085937e-05,6.746102e-05,9.9021716e-05,0.9995552,0.00018617493
ISIC_0024796,HAM_0003052,nv,1,1.274356e-05,1.6299258e-05,0.00013607279,0.00012365394,0.00062720047,0.9990471,3.687471e-05
ISIC_0027941,HAM_0002290,nv,1,2.8816994e-05,0.00013067118,0.000575002,6.405829e-05,0.0024922127,0.9966323,7.69678e-05
ISIC_0026900,HAM_0001363,nv,1,8.042317e-06,3.493423e-05,5.856099e-05,3.0410723e-05,6.8064735e-05,0.9996754,0.00012470214
ISIC_0025976,HAM_0000565,nv,1,1.0278977e-05,5.0201164e-05,6.7421235e-05,3.932646e-05,0.00048252792,0.99896574,0.0003844466
ISIC_0025293,HAM_0000885,nv,1,7.629835e-06,0.0001223004,2.0220068e-05,3.9396135e-05,3.90514e-05,0.9997588,1.2628705e-05
ISIC_0025580,HAM_0002938,nv,1,4.9217833e-05,6.077591e-05,6.406691e-05,4.789027e-05,0.004846925,0.9948214,0.000109729015
ISIC_0024570,HAM_0006307,nv,1,5.6782173e-05,3.4846096e-05,0.0007055642,0.00024907102,0.0016663199,0.9971534,0.00013410156
ISIC_0026322,HAM_0007624,nv,1,0.00031482143,6.0792983e-05,0.005951858,9.564078e-05,0.0061467905,0.9873569,7.318725e-05
ISIC_0025614,HAM_0002089,nv,1,2.129289e-05,1.4923012e-05,5.0830186e-05,5.1832725e-05,0.0009987633,0.99872285,0.00013959485
ISIC_0032183,HAM_0007351,nv,1,5.169735e-06,1.0711706e-05,5.525518e-05,0.000561063,0.000111946014,0.9991862,6.97128e-05
ISIC_0024308,HAM_0001477,nv,1,0.00012043777,4.409077e-05,0.00042782378,8.7856395e-05,0.0009504439,0.9980855,0.000283881
ISIC_0028683,HAM_0006839,nv,1,2.3002018e-05,1.7362834e-05,9.515468e-05,5.9372083e-05,2.6217873e-05,0.9997589,1.9984498e-05
ISIC_0028143,HAM_0006373,nv,1,7.960327e-06,2.8554476e-05,0.0002351473,0.0004169117,6.9849644e-05,0.9991941,4.744761e-05
ISIC_0029795,HAM_0002737,nv,1,0.0006005826,0.00017477952,0.00058153644,0.00020877553,0.011265958,0.9867748,0.00039348725
ISIC_0026244,HAM_0002095,nv,1,0.0035310558,0.0018390575,0.0015009949,0.0015638391,0.04416639,0.94339734,0.0040012104
ISIC_0025183,HAM_0006383,nv,1,0.00036685172,6.526105e-05,0.00056985806,0.00010127589,0.00088910176,0.99765307,0.0003545247
ISIC_0028616,HAM_0002846,nv,1,0.00012331434,6.366303e-05,0.00022858867,0.00021432019,0.00097112724,0.99825114,0.00014787648
ISIC_0032413,HAM_0004723,nv,1,2.741114e-05,2.2328666e-05,2.1854066e-05,0.00020613424,0.00030198085,0.99934536,7.50223e-05
ISIC_0024660,HAM_0001441,nv,1,0.00019877074,0.00014040006,0.00021703157,0.00016175737,0.0009108416,0.99812776,0.00024353902
ISIC_0028284,HAM_0006768,nv,1,3.0173574e-06,2.0024561e-05,3.2471344e-05,7.7780685e-05,3.7520564e-05,0.9998084,2.0822248e-05
ISIC_0027857,HAM_0000714,nv,1,0.00010244625,3.9112718e-05,4.915425e-05,0.00013812602,0.015687011,0.98388094,0.000103249746
ISIC_0027257,HAM_0005816,nv,1,0.0027132735,0.008913875,0.008913875,0.0067713917,0.059446093,0.9127986,0.00044292974
ISIC_0030131,HAM_0002064,nv,1,3.3885197e-05,3.7288362e-05,0.00012553047,0.00044201224,0.0006810179,0.99848443,0.0001959503
ISIC_0027962,HAM_0003432,nv,1,6.2375e-05,0.00011779039,8.761991e-05,0.000129747,0.002105288,0.99734503,0.00015213466
ISIC_0030166,HAM_0007270,nv,1,4.4273598e-05,6.504986e-05,0.0001860351,4.126753e-05,0.0012601945,0.9983169,8.626127e-05
ISIC_0032049,HAM_0000839,nv,1,3.2878652e-06,2.6396894e-05,9.4966075e-05,2.0062094e-05,9.942644e-05,0.9997279,2.7989796e-05
ISIC_0027217,HAM_0003842,nv,1,2.4492534e-05,3.072052e-05,1.8201305e-05,5.650368e-05,0.0016209232,0.9980939,0.00015525174
ISIC_0031120,HAM_0002014,nv,1,9.9056466e-05,0.00013699013,0.001854966,7.580104e-05,0.00064466894,0.99698097,0.00020746196
ISIC_0026062,HAM_0000625,nv,1,0.00012556909,0.00010888345,0.00049469917,0.0002418045,0.00086294103,0.9978167,0.00034942664
ISIC_0031230,HAM_0003077,nv,1,0.0014604132,0.0009006136,0.00424653,0.000401601,0.04912384,0.943336,0.0005309968
ISIC_0031679,HAM_0002219,nv,1,8.85428e-05,9.499257e-05,0.00021157508,0.0005110236,0.0053930213,0.9922247,0.0014761711
ISIC_0031373,HAM_0004649,nv,1,1.8864579e-05,0.00013197315,7.345413e-05,6.1014656e-05,0.00085596327,0.9987294,0.00012942056
ISIC_0024469,HAM_0001468,nv,1,0.00013733332,0.00031620645,0.0001503899,7.651219e-05,0.00078023376,0.9985031,3.61418e-05
ISIC_0026977,HAM_0002831,nv,1,7.3924525e-06,2.5903182e-05,4.653959e-05,5.1514628e-05,0.000307241,0.9994023,0.0001592195
ISIC_0025875,HAM_0000722,nv,1,3.6373185e-05,2.2540558e-05,0.0006015418,0.00063473446,0.0015289816,0.99707556,0.00010023363
ISIC_0025561,HAM_0000739,nv,1,1.1807043e-05,0.00010350239,3.7817e-05,0.00027631136,0.00039618445,0.9988895,0.00028494323
ISIC_0025658,HAM_0000941,nv,1,0.00038150992,0.00016896367,0.00027721707,0.0007590936,0.0016728537,0.99582255,0.0009178799
ISIC_0030863,HAM_0005070,nv,1,2.361878e-05,4.177736e-05,0.0004838706,0.00022850849,0.00026417003,0.9988759,8.211624e-05
ISIC_0029324,HAM_0007380,nv,1,0.00043351142,0.00034293573,0.008870378,0.000467823,0.06742648,0.9217483,0.0007105638
ISIC_0031816,HAM_0005321,nv,1,2.1384583e-05,8.717727e-05,0.00033944726,0.00013903706,0.00020974097,0.99911314,9.012042e-05
ISIC_0026946,HAM_0007040,nv,1,9.636641e-05,5.621003e-05,0.00021089509,0.00014007544,0.00044974693,0.9987417,0.00030505785
ISIC_0031030,HAM_0001832,nv,1,6.655733e-05,0.0005780641,0.00093691726,8.6131586e-05,0.00039171113,0.99779,0.0001505763
ISIC_0027191,HAM_0003701,nv,1,1.891688e-05,3.6965183e-05,3.1249634e-05,0.025466846,0.00013600763,0.97258323,0.0017267058
ISIC_0030928,HAM_0002047,nv,1,0.00031815746,0.00014623321,0.0005359446,0.00068816653,0.013647826,0.9823498,0.0023138714
ISIC_0025704,HAM_0001253,nv,1,0.00035382414,0.00021798472,0.00014692082,0.00043563635,0.0037049789,0.99470973,0.0004309817
ISIC_0025754,HAM_0006797,nv,1,0.0009152803,0.0017250641,0.0024638113,0.00068685354,0.03984164,0.9540288,0.00033869155
ISIC_0031348,HAM_0003274,nv,1,5.1354313e-05,0.00012259254,0.00026620232,0.00013850915,0.0009424453,0.9982399,0.00023908874
ISIC_0025717,HAM_0007461,nv,1,2.7660637e-05,0.00017464996,0.00019219046,0.00024012104,0.00042785308,0.9986413,0.00029622047
ISIC_0029084,HAM_0003552,nv,1,9.720038e-07,3.0925017e-05,1.0951534e-05,4.293513e-05,2.3827091e-05,0.99984396,4.646931e-05
ISIC_0028322,HAM_0003493,nv,1,0.00010496169,0.0006153247,0.010800897,0.00028643216,0.0012582563,0.9866128,0.00032141592
ISIC_0030984,HAM_0000317,nv,1,2.1811775e-05,4.699438e-05,0.00015169971,6.6923065e-05,0.00025417333,0.99936146,9.6992866e-05
ISIC_0024455,HAM_0006585,nv,1,2.5009806e-05,0.00014086241,9.006377e-05,5.7809815e-05,0.00018918121,0.99946064,3.646019e-05
ISIC_0029956,HAM_0005073,nv,1,1.0427871e-05,4.4900233e-05,1.3868752e-05,6.8264395e-05,9.5286145e-05,0.9996747,9.248988e-05
ISIC_0031782,HAM_0002636,nv,1,8.946761e-05,0.00013378318,0.00024872244,0.00015473721,0.000606198,0.99867946,8.756596e-05
ISIC_0029684,HAM_0005754,nv,1,3.637784e-05,0.00020369342,0.011440745,9.2894064e-05,0.00060250063,0.9875122,0.00011161478
ISIC_0030769,HAM_0000131,nv,1,9.0981805e-05,6.048869e-05,6.168173e-05,0.0015192425,0.0019904359,0.99593854,0.00033869926
ISIC_0029057,HAM_0000244,nv,1,1.37818015e-05,2.0013278e-05,0.0006058014,6.0808165e-05,4.9436687e-05,0.99924505,5.190275e-06
ISIC_0027785,HAM_0006259,nv,1,1.3863127e-05,4.2451964e-05,0.00014860665,2.3080733e-05,0.00022461523,0.9992692,0.00027817657
ISIC_0024342,HAM_0001981,nv,1,0.00044000492,0.00087505433,0.006365582,0.00051845255,0.0011729235,0.99007493,0.00055296876
ISIC_0028081,HAM_0000086,nv,1,5.197731e-05,0.00043904257,0.00018355713,0.00062644755,0.00058448385,0.99274504,0.005369567
ISIC_0030495,HAM_0003111,nv,1,6.9196844e-06,9.202971e-06,8.011311e-06,4.140628e-05,6.7670044e-05,0.99971896,0.00014788617
ISIC_0031787,HAM_0002478,nv,1,0.00017500776,0.00018996914,0.00034838455,0.0062358645,0.0007498765,0.99193066,0.00037012983
ISIC_0025632,HAM_0004223,nv,1,1.0106337e-05,1.6181455e-05,3.128208e-05,2.7098838e-05,0.00026252988,0.99960536,4.7513517e-05
ISIC_0029024,HAM_0003942,nv,1,2.6318364e-06,1.2506839e-05,8.765354e-06,0.00012207015,1.2629574e-05,0.9998275,1.3925162e-05
ISIC_0024589,HAM_0000413,nv,1,8.971025e-06,4.5915946e-05,0.000101570964,0.00020780039,2.372801e-05,0.9995832,2.8845923e-05
ISIC_0024779,HAM_0003631,nv,1,0.00033269072,0.0014939314,0.0033913746,0.0019033179,0.0012815762,0.98787063,0.0037265157
ISIC_0024755,HAM_0006133,nv,1,1.5053586e-05,4.4374763e-05,0.000106657644,0.00015670886,1.840805e-05,0.9996214,3.7403806e-05
ISIC_0029532,HAM_0006314,nv,1,0.000121012155,0.00021259047,0.00031449532,5.583794e-05,0.001304502,0.9979607,3.0957326e-05
ISIC_0029090,HAM_0007389,nv,1,1.5228003e-05,4.019888e-05,0.00010980675,0.00026521954,5.12147e-05,0.99942255,9.586872e-05
ISIC_0030087,HAM_0006248,nv,1,2.7678792e-05,1.8510214e-05,0.00015513555,0.00016897463,0.00024525714,0.9992968,8.77057e-05
ISIC_0025773,HAM_0002709,nv,1,0.00029820207,4.1801304e-05,0.00025656467,0.0002255348,0.007396106,0.9916707,0.00011099555
ISIC_0026748,HAM_0001462,nv,1,0.029304419,0.006462521,0.066947594,0.00045774574,0.03095919,0.8656498,0.00021877253
ISIC_0026312,HAM_0006927,nv,1,0.00023302999,0.0001311015,0.00043154767,0.00026874023,0.0045542824,0.9940726,0.00030871455
ISIC_0024659,HAM_0001514,nv,1,0.00048859604,0.0001858127,0.001585508,0.00026668477,0.00022545004,0.9971234,0.00012450534
ISIC_0025949,HAM_0005050,nv,1,5.0694183e-05,8.2606835e-05,0.00028054908,5.189636e-05,0.00031053953,0.998973,0.00025062446
ISIC_0029521,HAM_0001663,nv,1,3.612757e-05,0.00030131312,6.145506e-05,0.00404138,0.00038954755,0.9942187,0.000951512
ISIC_0032053,HAM_0005945,nv,1,6.3662206e-05,0.00011916917,0.00014600913,0.0002132735,0.014576775,0.98468333,0.00019782447
ISIC_0025733,HAM_0006509,nv,1,6.0181166e-05,0.00012156929,0.00010655364,0.00015100022,0.0007219113,0.9986467,0.0001921915
ISIC_0025827,HAM_0005799,nv,1,6.359352e-05,3.286326e-05,0.0005492971,6.684097e-05,0.000113922615,0.99911076,6.2729996e-05
ISIC_0026686,HAM_0004319,nv,1,3.4290315e-05,4.7421785e-05,0.0029713656,4.68693e-05,0.00016828907,0.99670154,3.0320258e-05
ISIC_0026155,HAM_0002458,nv,1,4.8201805e-06,5.2483912e-05,3.391927e-05,1.5258782e-05,0.00019141656,0.9994885,0.0002136449
ISIC_0025923,HAM_0005370,nv,1,4.5198553e-06,1.1274489e-05,0.00014771674,0.00010088173,8.412538e-05,0.99961025,4.1200114e-05
ISIC_0025011,HAM_0002700,nv,1,2.594571e-05,9.125608e-06,0.00024377379,0.00021450027,0.0003912173,0.99908996,2.5443876e-05
ISIC_0027274,HAM_0007472,nv,1,9.6248295e-06,1.7633756e-05,0.00030502718,2.0177753e-05,2.5358051e-05,0.999617,5.2636815e-06
ISIC_0031110,HAM_0004510,nv,1,0.001280384,8.736554e-05,0.00033003622,0.00015333129,0.015188654,0.98286384,9.6327814e-05
ISIC_0028483,HAM_0003709,nv,1,0.0009364433,0.0006817794,0.10823812,4.1064162e-05,0.0030753557,0.88700384,2.3397657e-05
ISIC_0031914,HAM_0002767,nv,1,0.00017775902,0.00021971756,0.0006514867,7.796111e-05,0.001066542,0.99773335,7.323769e-05
ISIC_0032252,HAM_0005895,nv,1,7.980912e-05,5.1428095e-05,7.6005796e-05,0.00036634062,0.0014355255,0.9977235,0.00026736697
ISIC_0027028,HAM_0005912,nv,1,1.6089347e-05,2.2425274e-05,2.6839536e-05,7.0162474e-05,7.3028714e-05,0.99975616,3.5314377e-05
ISIC_0027602,HAM_0001006,nv,1,2.0646328e-05,6.0920444e-05,0.00032764865,4.8380654e-05,0.00032256893,0.99913675,8.3187086e-05
ISIC_0031855,HAM_0002843,nv,1,3.209257e-05,0.00016815303,0.0003147654,0.0015427242,0.0007893905,0.9968688,0.00028408927
ISIC_0024398,HAM_0001672,nv,1,1.5830257e-05,3.0692936e-05,0.00013675255,2.8497427e-05,0.0006143805,0.9991473,2.6510694e-05
ISIC_0030250,HAM_0002163,nv,1,0.00010641124,2.9549334e-05,0.0007039557,0.0002833841,0.00025928716,0.9982864,0.00033098625
ISIC_0024895,HAM_0004797,nv,1,3.6625268e-05,0.0003022003,0.00101673,5.124797e-05,0.00032595967,0.99812025,0.0001468498
ISIC_0025852,HAM_0001403,nv,1,4.7088342e-05,8.9883084e-05,3.378423e-05,0.00027957634,0.0017643904,0.99745554,0.00032974328
ISIC_0028942,HAM_0006690,nv,1,0.00027936982,0.00013615396,0.0006714836,0.0002944976,0.0027825425,0.9947739,0.0010620811
ISIC_0026228,HAM_0003168,nv,1,6.826549e-05,8.646438e-05,9.893848e-05,8.380415e-05,0.0015797251,0.99774027,0.00034247458
ISIC_0029086,HAM_0000180,nv,1,1.2312391e-06,3.7046304e-06,4.683092e-06,2.8339355e-05,1.7742976e-05,0.9999323,1.1935358e-05
ISIC_0027543,HAM_0006952,nv,1,3.7774905e-06,1.6962636e-05,3.141307e-05,1.526472e-05,4.153435e-05,0.99987745,1.3603266e-05
ISIC_0030359,HAM_0007435,nv,1,4.108391e-06,6.11943e-06,9.061612e-06,1.0698062e-05,7.759538e-05,0.9998646,2.7802913e-05
ISIC_0029205,HAM_0002247,nv,1,3.9734143e-05,0.000186258,0.00013882128,5.658401e-05,0.0014961178,0.99756265,0.000519829
ISIC_0027134,HAM_0004577,nv,1,6.140402e-05,6.757097e-05,0.0014071353,0.00033162293,0.0006842777,0.99728084,0.00016723973
ISIC_0029626,HAM_0002564,nv,1,0.0009757034,0.00071314303,0.021189976,0.0026123927,0.002384425,0.97138566,0.0007386604
ISIC_0030199,HAM_0001165,nv,1,8.4286e-06,1.2727183e-05,8.1307015e-05,2.9361307e-05,8.995473e-05,0.99971396,6.4319145e-05
ISIC_0029365,HAM_0001068,nv,1,5.367356e-06,2.0098556e-05,0.0001123199,0.00022996665,1.8086743e-05,0.9995906,2.3589559e-05
ISIC_0025503,HAM_0005423,nv,1,3.4455197e-06,1.6992599e-05,3.870698e-05,8.8947934e-05,4.020961e-05,0.9996892,0.00012253097
ISIC_0028278,HAM_0002191,nv,1,4.6639266e-06,3.3630848e-05,0.00012458822,2.2424863e-05,1.6697322e-05,0.9997378,6.018811e-05
ISIC_0027687,HAM_0004467,nv,1,6.360794e-05,8.215418e-05,0.00014531593,0.0034324157,0.00013785134,0.9954413,0.00069733756
ISIC_0025728,HAM_0003921,nv,1,0.00012400036,0.0003433805,0.0016202778,6.781401e-05,0.0004828275,0.99696606,0.00039561468
ISIC_0029058,HAM_0006292,nv,1,0.00018940897,0.0001508626,0.0002734438,0.00031844183,0.0030109829,0.9957897,0.00026710946
ISIC_0026642,HAM_0004855,nv,1,0.00016305697,3.0667437e-05,0.0007667298,1.5632831e-05,0.0025882781,0.99636924,6.633288e-05
ISIC_0027362,HAM_0000826,nv,1,4.783766e-06,1.0246609e-05,2.4436733e-05,9.035123e-05,3.2500117e-05,0.99971753,0.000120105746
ISIC_0028382,HAM_0002522,nv,1,0.0011574691,0.00019628686,0.0005900239,0.00025351843,0.064253576,0.9331992,0.00034991917
ISIC_0025186,HAM_0002586,nv,1,1.8691402e-05,6.397755e-05,0.00042276122,4.1630992e-05,0.00012093474,0.99927205,6.0042687e-05
ISIC_0029380,HAM_0005171,nv,1,2.844293e-05,5.7568628e-05,0.00053003785,4.924105e-05,0.003961678,0.99529076,8.2302344e-05
ISIC_0030703,HAM_0002373,nv,1,3.514074e-05,0.00013287905,0.0013956615,0.00011658025,0.00075908593,0.9958125,0.0017482027
ISIC_0028541,HAM_0004096,nv,1,6.0358616e-06,1.2121543e-05,8.662875e-06,3.924362e-05,0.00013484187,0.9997862,1.2928542e-05
ISIC_0029922,HAM_0007121,nv,1,1.1186165e-05,2.3913506e-05,1.7840563e-05,8.249393e-05,8.6621905e-05,0.9995579,0.0002199582
ISIC_0026418,HAM_0005831,nv,1,0.00014965888,3.7144062e-05,0.0005454283,0.00011307882,0.00046709948,0.99851316,0.0001744571
ISIC_0024699,HAM_0007605,nv,1,2.5559275e-06,1.3005447e-05,6.438163e-06,1.884904e-05,2.4825036e-05,0.99985766,7.66534e-05
ISIC_0028256,HAM_0004218,nv,1,0.0011493645,0.00036343382,0.06939363,0.0042558354,0.0006910246,0.92305213,0.0010945912
ISIC_0027611,HAM_0000160,nv,1,0.00011241016,0.00037953668,0.0022917998,0.0010613231,0.0014912344,0.99454933,0.0001144036
ISIC_0027599,HAM_0000399,nv,1,1.5678617e-05,9.2997376e-05,8.2956256e-05,1.68207e-05,0.00046860435,0.99928755,3.5401386e-05
ISIC_0025770,HAM_0004913,nv,1,3.8358685e-06,1.7702267e-05,8.901258e-06,3.8665305e-05,0.00030382932,0.99958843,3.8627564e-05
ISIC_0029738,HAM_0003637,nv,1,3.3892775e-05,5.009027e-05,0.0002422569,8.553992e-05,0.0066249124,0.9928731,9.017187e-05
ISIC_0028740,HAM_0004977,nv,1,0.00023201603,0.00015425442,0.0006832662,0.0001792881,0.0054963827,0.99265116,0.00060356944
ISIC_0031491,HAM_0006918,nv,1,0.005212753,0.00015384018,0.0055951993,0.0002632288,0.1301117,0.858436,0.00022736104
ISIC_0032178,HAM_0000651,nv,1,0.0028202909,0.0007009983,0.004914844,0.0010420965,0.005229908,0.9851531,0.00013884592
ISIC_0032451,HAM_0000414,nv,1,0.00018291204,0.0003334828,0.0015557875,0.00021827663,0.00044962752,0.9970149,0.00024493615
ISIC_0028485,HAM_0005567,nv,1,4.888037e-05,0.00017533872,0.00084120466,7.029194e-05,0.0009310718,0.9976961,0.00023709891
ISIC_0027014,HAM_0002627,nv,1,0.00048069784,0.0013028496,0.0007423414,0.00058210164,0.0401758,0.95641,0.0003061475
ISIC_0030113,HAM_0005729,nv,1,0.0004068685,0.00026269405,0.00032692804,0.004281273,0.01903802,0.9745588,0.0011255962
ISIC_0027459,HAM_0006999,nv,1,1.5594551e-06,3.4665663e-06,5.5721107e-06,1.7399574e-05,4.4161014e-05,0.99991965,8.17096e-06
ISIC_0025566,HAM_0006117,nv,1,0.00023437598,0.00022364313,0.00017047135,0.0005276589,0.008375772,0.98913175,0.0013362857
ISIC_0029692,HAM_0005503,nv,1,8.0627564e-05,3.270398e-05,0.00015755309,8.253959e-05,0.0013717258,0.9981598,0.0001149311
ISIC_0029428,HAM_0003291,nv,1,2.1228838e-05,2.0575695e-05,4.267455e-05,1.59931e-05,0.0001532274,0.99961567,0.00013061514
ISIC_0025420,HAM_0007537,nv,1,4.2451404e-05,6.360276e-05,0.00010143861,6.360276e-05,0.0002928066,0.99925596,0.00018012886
ISIC_0026204,HAM_0000670,nv,1,1.785623e-05,0.00015097558,4.119389e-05,0.00016420284,0.0008534576,0.9984837,0.0002886074
ISIC_0029590,HAM_0002679,nv,1,0.00010500048,0.000907952,0.00029161933,0.00031286187,0.010975041,0.9869774,0.00043014452
ISIC_0024742,HAM_0000111,nv,1,1.6339833e-05,1.0991492e-05,0.00011782397,0.000121920784,0.00012073594,0.9995797,3.2559165e-05
ISIC_0030881,HAM_0004101,nv,1,0.00012957555,0.00047861892,0.00036696988,0.00028663495,0.0005904386,0.99797434,0.00017351365
ISIC_0029375,HAM_0003012,nv,1,1.6757582e-05,0.0001045751,5.1819006e-05,0.00011099396,0.0021523586,0.99748397,7.9634265e-05
ISIC_0024677,HAM_0003337,nv,1,3.0116275e-06,6.7603473e-06,8.932229e-05,9.952194e-06,2.5588142e-05,0.99986064,4.673619e-06
ISIC_0027449,HAM_0006410,nv,1,1.6326758e-05,1.6486978e-05,5.8394366e-05,7.490666e-05,4.7520665e-05,0.99877983,0.0010066541
ISIC_0025886,HAM_0006741,nv,1,4.8577065e-05,4.9535163e-05,2.1682617e-05,0.007323008,0.00038358368,0.98763984,0.004533658
ISIC_0028269,HAM_0001282,nv,1,2.0293934e-05,1.8879118e-05,2.1729731e-05,0.00011810245,4.6771922e-05,0.9994991,0.00027519205
ISIC_0024764,HAM_0007246,nv,1,0.00019320763,0.00028442914,0.010621136,0.00016301521,0.006962111,0.9816288,0.00014727196
ISIC_0027743,HAM_0004591,nv,1,1.5287173e-05,3.2489603e-05,1.9174407e-05,4.6493784e-05,0.0004461027,0.9993942,4.631252e-05
ISIC_0027015,HAM_0001851,nv,1,4.5744164e-05,0.00018666475,0.0073838364,6.64275e-05,0.00017951375,0.9919612,0.00017655813
ISIC_0025502,HAM_0002125,nv,1,4.8109014e-06,4.466771e-06,4.1804076e-05,9.238481e-05,0.00032300624,0.9995147,1.8953304e-05
ISIC_0025666,HAM_0005882,nv,1,7.993284e-05,4.0587187e-05,0.004012631,0.00010466012,0.00028784922,0.9953745,9.986738e-05
ISIC_0025110,HAM_0001893,nv,1,0.0003087205,0.00019432767,8.776159e-05,0.00037275185,0.010872151,0.98731935,0.00084494567
ISIC_0029421,HAM_0003203,nv,1,5.290941e-05,7.623462e-05,0.00030121946,0.00018739706,0.0003765247,0.9987746,0.00023117861
ISIC_0025216,HAM_0007549,nv,1,1.2330592e-05,2.2154063e-05,0.0002160186,2.6411568e-05,0.00032368914,0.9993074,9.200556e-05
ISIC_0031252,HAM_0002580,nv,1,2.457696e-05,2.8177623e-05,3.5067624e-05,2.3223596e-05,0.00016310393,0.9995802,0.00014563541
ISIC_0028606,HAM_0004044,nv,1,3.3974866e-05,6.5873115e-05,6.310258e-05,9.030204e-05,0.0023632867,0.99722373,0.00015972802
ISIC_0026680,HAM_0006773,nv,1,3.949695e-05,4.838545e-06,0.0002771918,7.831927e-05,0.00013479599,0.9993849,8.04118e-05
ISIC_0025291,HAM_0003616,nv,1,1.5168898e-05,6.3738844e-05,0.00012863032,0.0001256506,9.192794e-05,0.9994399,0.00013493512
ISIC_0029981,HAM_0005357,nv,1,8.477526e-05,7.35103e-05,0.0012903386,6.959815e-05,0.0009144288,0.9975431,2.4336005e-05
ISIC_0025015,HAM_0004119,nv,1,3.9485378e-05,5.241189e-05,0.00014684931,1.7693477e-05,0.00061901385,0.9990921,3.2353157e-05
ISIC_0030864,HAM_0007394,nv,1,2.3007962e-05,6.802157e-05,0.001059888,6.5543594e-05,0.0026028338,0.99611866,6.205543e-05
ISIC_0030012,HAM_0000253,nv,1,7.2512994e-05,0.00025985736,0.0002570809,0.00012701594,0.020947643,0.9782606,7.540158e-05
ISIC_0024810,HAM_0001628,nv,1,0.0002452747,3.794614e-05,5.1161944e-05,0.00034860562,0.022057375,0.97717184,8.7711975e-05
ISIC_0030152,HAM_0000043,nv,1,5.121975e-05,0.00010612746,0.0007438999,0.00022776461,0.00034797858,0.9975707,0.00095239206
ISIC_0029207,HAM_0003477,nv,1,4.1132655e-05,6.259743e-05,0.004286761,7.1349015e-05,0.00040659515,0.995054,7.7600045e-05
ISIC_0029284,HAM_0007048,nv,1,1.8998035e-06,4.8703055e-06,1.2054122e-05,0.0017959921,3.4507077e-05,0.9981166,3.4171735e-05
ISIC_0028867,HAM_0003169,nv,1,6.5325534e-05,5.415677e-05,0.00013762053,4.3093292e-05,0.0010183764,0.9986389,4.250813e-05
ISIC_0026183,HAM_0000732,nv,1,0.00069138716,0.00082586746,0.0029915404,0.00014778096,0.000584485,0.9946879,7.1044706e-05
ISIC_0026483,HAM_0003118,nv,1,8.082344e-05,0.00016294926,0.00059025123,0.0017901333,0.0005427039,0.9966839,0.0001492389
ISIC_0027748,HAM_0004228,nv,1,1.2935221e-05,2.8142971e-05,4.3334036e-05,0.0010205714,0.00013076875,0.998351,0.00041335606
ISIC_0027489,HAM_0006565,nv,1,0.00015072132,0.0005480948,0.007821654,0.00015672538,0.016852083,0.97371125,0.00075946946
ISIC_0030648,HAM_0003607,nv,1,6.93328e-06,1.0928906e-05,0.00015821542,1.4850771e-05,6.975065e-05,0.99972874,1.0448822e-05
ISIC_0024600,HAM_0002499,nv,1,4.8472724e-05,7.391207e-05,9.791758e-05,0.0062869764,0.00013073713,0.99324787,0.00011403095
ISIC_0032085,HAM_0003377,nv,1,9.72068e-05,0.00025660646,0.00031225893,0.00028403747,0.0036942612,0.9937714,0.001584234
ISIC_0028703,HAM_0007345,nv,1,0.0006525259,0.025287803,0.0011815719,0.0008089157,0.006589273,0.9648028,0.00067719567
ISIC_0029629,HAM_0004019,nv,1,2.2201417e-05,1.5743162e-05,4.4455654e-05,0.00013666587,0.0002596313,0.9994894,3.192653e-05
ISIC_0028549,HAM_0004752,nv,1,6.7059855e-06,1.8016386e-05,3.2559805e-05,4.148227e-05,0.00017366894,0.9995994,0.00012821186
ISIC_0031397,HAM_0000178,nv,1,0.000785322,8.9149304e-05,0.0005498516,0.0006116094,0.004360968,0.99318475,0.00041830508
ISIC_0025848,HAM_0002310,nv,1,0.00060672,0.00016603006,0.00030837284,0.002064569,0.0040097935,0.9920031,0.0008415251
ISIC_0031342,HAM_0004815,nv,1,0.0004861862,0.0003742309,0.0030697922,0.0011916285,0.0016383346,0.99220544,0.0010342941
ISIC_0031859,HAM_0001574,nv,1,0.00057290087,0.00063849334,0.0013398624,0.0017364525,0.002423809,0.9903274,0.0029610253
ISIC_0029535,HAM_0000664,nv,1,5.6419976e-06,6.920508e-05,0.002989015,0.00010583475,3.1041236e-05,0.9967642,3.5037192e-05
ISIC_0024485,HAM_0006172,nv,1,0.00020266797,0.00016001072,0.00051150133,0.00019038892,0.000820576,0.9980135,0.000101312486
ISIC_0027841,HAM_0002932,nv,1,1.8496725e-05,4.0876792e-05,0.00039451307,0.00012096768,0.0006979929,0.99856853,0.00015869876
ISIC_0030627,HAM_0006202,nv,1,2.7415932e-05,5.8609094e-05,7.636606e-05,5.527364e-05,0.0020944825,0.99756974,0.00011804727
ISIC_0026598,HAM_0006602,nv,1,0.00012567504,8.306614e-05,0.001140968,0.00020478913,0.0013009601,0.99671006,0.0004343862
ISIC_0030647,HAM_0002987,nv,1,3.0513598e-05,5.41843e-05,0.0019175381,0.0004907842,6.651778e-05,0.99719703,0.00024331192
ISIC_0026563,HAM_0005526,nv,1,2.9071687e-05,6.3004256e-05,0.00012014628,4.6365778e-05,9.211936e-05,0.99956673,8.2494655e-05
ISIC_0025757,HAM_0000695,nv,1,2.1695347e-05,5.3696494e-05,0.00016882378,4.1982545e-05,0.0014114752,0.9979175,0.00038484094
ISIC_0029818,HAM_0001577,nv,1,3.3770568e-05,0.00054796465,0.0013295879,0.00011559104,0.0003609467,0.9970522,0.0005598647
ISIC_0024541,HAM_0004502,nv,1,1.6664378e-06,8.250697e-06,2.2758668e-05,2.686869e-05,5.7861464e-05,0.9998652,1.7466724e-05
ISIC_0025646,HAM_0005988,nv,1,0.00015274763,0.0001011574,0.00031680273,5.586442e-05,0.008587681,0.9906641,0.00012154342
ISIC_0030634,HAM_0000830,nv,1,0.00052648346,9.36587e-05,0.030331157,0.0007660289,0.012338957,0.95563,0.0003137642
ISIC_0026193,HAM_0006419,nv,1,3.8626098e-05,1.2938122e-05,0.00014908463,0.00014996073,0.000906147,0.99857485,0.0001682764
ISIC_0030200,HAM_0000495,nv,1,3.8127502e-05,0.00017305877,0.00011790063,0.00022048259,0.00037873408,0.99730396,0.0017675712
ISIC_0027965,HAM_0003784,nv,1,1.9400235e-05,1.5020648e-05,0.0001278717,6.979474e-05,0.00035557366,0.99938416,2.8117127e-05
ISIC_0027972,HAM_0000440,nv,1,0.0003173102,0.00013554367,0.0007582199,0.00018097453,0.013413546,0.9845292,0.0006652175
ISIC_0031487,HAM_0006903,nv,1,0.00026002037,6.991523e-05,0.0012906122,0.00011986259,0.0018360099,0.99623317,0.00019042083
ISIC_0025232,HAM_0003588,nv,1,0.00010970505,7.5546515e-05,5.849195e-05,0.00016565458,0.005610335,0.9936333,0.0003469437
ISIC_0025772,HAM_0004633,nv,1,1.4275547e-05,0.00031231032,0.00019978064,9.928566e-05,4.0036757e-05,0.9992878,4.6534256e-05
ISIC_0027683,HAM_0005738,nv,1,0.0014892102,0.0010195278,0.120400526,0.0002633751,0.004085823,0.87243897,0.00030255137
ISIC_0028369,HAM_0002175,nv,1,1.3703399e-05,1.5287249e-05,2.8616174e-05,0.00024264667,0.00028147508,0.9993992,1.9062481e-05
ISIC_0030708,HAM_0002162,nv,1,3.9890365e-06,1.1385924e-05,2.2643615e-05,2.9561696e-05,0.00020261026,0.9996799,4.984611e-05
ISIC_0026479,HAM_0005576,nv,1,1.4363058e-05,7.0963547e-06,0.00024412181,8.354636e-05,7.925474e-05,0.9995396,3.1990552e-05
ISIC_0030009,HAM_0006454,nv,1,2.5156456e-05,0.00028178102,0.0001677669,0.0001768514,0.001799266,0.99749774,5.1416457e-05
ISIC_0025595,HAM_0000192,nv,1,1.8555803e-06,3.3665908e-06,5.6711106e-06,1.4467553e-05,1.09420325e-05,0.99995255,1.1157844e-05
ISIC_0026041,HAM_0001072,nv,1,6.3687796e-05,5.4795182e-05,0.00023250571,0.00012991541,0.0004831659,0.9986395,0.0003964723
ISIC_0027070,HAM_0003526,nv,1,4.196073e-05,0.0028289803,0.0001136164,9.813494e-05,0.0033203578,0.9935103,8.660378e-05
ISIC_0028883,HAM_0003372,nv,1,0.0013273526,0.00042424735,0.024632948,0.00019922949,0.04438724,0.92886895,0.00016008539
ISIC_0024334,HAM_0001472,nv,1,4.4995297e-05,6.781031e-05,0.000168489,5.800123e-05,0.000563316,0.9988606,0.00023691248
ISIC_0026937,HAM_0002267,nv,1,2.4429199e-05,6.588868e-05,0.00021103608,3.6174602e-05,0.00021446409,0.9994093,3.8658374e-05
ISIC_0029942,HAM_0003211,nv,1,4.171682e-06,9.699452e-06,0.00010077494,2.1393455e-05,0.00023044745,0.9995277,0.00010581771
ISIC_0028433,HAM_0004990,nv,1,8.676475e-05,3.7099035e-05,0.0013423995,0.0010964373,5.2215943e-05,0.9973028,8.230781e-05
ISIC_0030439,HAM_0002743,nv,1,4.1644944e-06,3.6895378e-06,3.6649493e-05,0.00010527494,6.883902e-05,0.9997563,2.5188805e-05
ISIC_0027891,HAM_0003417,nv,1,7.5405085e-05,0.00036540258,0.0071973517,0.0007316745,0.0004632674,0.989838,0.0013287783
ISIC_0030762,HAM_0006944,nv,1,1.8994959e-06,5.4856496e-06,5.6930426e-06,9.827095e-06,5.5355773e-05,0.9999062,1.5581445e-05
ISIC_0032369,HAM_0003079,nv,1,0.00032498655,0.0001302846,0.0014061737,0.00016893045,0.028465271,0.9687713,0.00073308405
ISIC_0024811,HAM_0007452,nv,1,4.0892515e-05,5.0004797e-05,0.00014398889,0.00017867284,0.0005229098,0.9989526,0.00011094049
ISIC_0032293,HAM_0000123,nv,1,0.00011694943,0.00022808318,0.0002992247,9.983696e-05,0.0069854544,0.9911919,0.0010786023
ISIC_0027329,HAM_0007400,nv,1,1.1577956e-06,5.4805496e-06,3.1718987e-06,9.535919e-05,6.496585e-05,0.9989766,0.0008532537
ISIC_0026931,HAM_0003901,nv,1,2.4818135e-05,2.7794991e-05,0.00020613224,2.9877972e-05,8.4369625e-05,0.9995797,4.7234724e-05
ISIC_0029097,HAM_0005019,nv,1,5.9630165e-05,6.310514e-05,0.00014961773,2.4906149e-05,0.00039655506,0.9992138,9.2357004e-05
ISIC_0025315,HAM_0007084,nv,1,2.2219008e-05,0.0012756882,0.00016131677,6.6333705e-05,0.000102639366,0.9983296,4.232929e-05
ISIC_0031533,HAM_0001013,nv,1,0.0004414435,0.00023954036,0.18736827,0.00020014345,0.00536436,0.8059812,0.00040509136
ISIC_0025765,HAM_0006781,nv,1,4.3921787e-05,1.9225521e-05,3.619971e-05,0.00021066763,0.0013340634,0.9981516,0.00020428577
ISIC_0027381,HAM_0004452,nv,1,2.5307997e-06,3.726254e-05,5.3168038e-05,3.171709e-05,0.00010861535,0.99974364,2.3091692e-05
ISIC_0027413,HAM_0007287,nv,1,3.8068802e-07,3.500742e-06,7.6751047e-07,7.4691966e-06,1.657923e-05,0.99996436,6.928145e-06
ISIC_0028617,HAM_0006487,nv,1,9.7694036e-05,9.231436e-05,0.00035043815,0.00010708654,0.00046858218,0.9987525,0.00013146168
ISIC_0024533,HAM_0003239,nv,1,4.2568256e-05,0.0024368758,0.00012984523,0.00013214785,0.00072209997,0.9961526,0.00038387906
ISIC_0026130,HAM_0005144,nv,1,4.9160175e-05,0.00013666665,7.7794306e-05,7.86345e-05,0.00012431495,0.99949527,3.813672e-05
ISIC_0030004,HAM_0007482,nv,1,6.485836e-05,3.384581e-05,0.00085111446,0.0013605751,0.00030432743,0.99732375,6.140666e-05
ISIC_0031445,HAM_0000292,nv,1,2.9296476e-05,2.1308537e-05,0.00016213101,3.3327186e-05,0.00025946443,0.9994568,3.7544018e-05
ISIC_0030633,HAM_0005391,nv,1,9.3317314e-05,0.00012459497,0.00079966994,8.446998e-05,0.0009832507,0.9978411,7.367603e-05
ISIC_0031305,HAM_0003655,nv,1,9.394803e-05,0.0001171488,0.00022252658,0.00010521681,0.00045860582,0.9987165,0.00028600893
ISIC_0029407,HAM_0002116,nv,1,1.895112e-05,0.00014560908,2.0252319e-05,2.6414004e-05,0.00035920014,0.99939954,2.9989504e-05
ISIC_0026521,HAM_0004939,nv,1,5.371431e-05,8.3356994e-05,7.9075115e-05,0.0003884619,0.0008654909,0.9982486,0.00028144286
ISIC_0031356,HAM_0003858,nv,1,6.307292e-05,0.00018866907,0.001030196,0.00011829691,0.0034185343,0.99481,0.00037120422
ISIC_0031850,HAM_0003271,nv,1,8.612204e-06,1.0490246e-05,4.2060863e-05,2.4177121e-05,0.00011650294,0.99977905,1.9069726e-05
ISIC_0029707,HAM_0000774,nv,1,2.320306e-05,0.0003176605,7.008809e-05,0.00016488059,0.0005139801,0.99869627,0.00021399737
ISIC_0030363,HAM_0004112,nv,1,2.958536e-06,1.8052571e-05,5.157788e-05,2.3134733e-05,0.00022202938,0.99965274,2.9589775e-05
ISIC_0026325,HAM_0002442,nv,1,6.0238093e-05,8.07432e-05,0.00035486676,0.0027370886,0.00069006206,0.99181247,0.004264459
ISIC_0028784,HAM_0004460,nv,1,0.00012795629,7.347911e-05,0.0008817111,0.00034076083,0.0011960695,0.9971198,0.00026025178
ISIC_0029314,HAM_0003959,nv,1,0.00013898725,2.9076466e-05,0.00012289562,0.00033949138,0.0014321066,0.9977804,0.0001571859
ISIC_0029584,HAM_0007115,nv,1,1.1275212e-05,2.1606567e-05,0.0001324856,2.834588e-05,8.2745595e-05,0.9996743,4.9265105e-05
ISIC_0024341,HAM_0002951,nv,1,3.0336401e-05,2.1469756e-05,0.0001472934,6.671529e-05,0.00049652625,0.9991818,5.5906265e-05
ISIC_0031248,HAM_0004731,nv,1,1.8769104e-05,1.783978e-05,2.8396747e-05,5.243403e-05,0.00029202542,0.9995141,7.644022e-05
ISIC_0030317,HAM_0001050,nv,1,4.573368e-06,1.8625784e-05,1.6245696e-05,2.5658102e-05,0.00014065011,0.9996613,0.00013300238
ISIC_0025859,HAM_0002837,nv,1,4.0885963e-05,7.3674295e-05,0.0007924602,2.513996e-05,0.00021204169,0.9987925,6.320186e-05
ISIC_0028626,HAM_0006209,nv,1,6.6410316e-06,9.148407e-06,9.776543e-06,2.7365493e-05,0.00011298461,0.99963176,0.00020221135
ISIC_0025403,HAM_0003589,nv,1,1.8011575e-05,3.4515386e-05,0.0005139309,4.843741e-05,3.8429564e-05,0.99933237,1.4192779e-05
ISIC_0026001,HAM_0004907,nv,1,1.7914383e-06,2.4370427e-05,1.581175e-05,8.92171e-06,8.283527e-06,0.99993014,1.0761636e-05
ISIC_0025151,HAM_0007309,nv,1,3.9008508e-05,6.0772607e-05,0.00013365007,6.9948845e-05,0.0005803369,0.9986607,0.00045556726
ISIC_0026924,HAM_0004313,nv,1,5.2928874e-05,5.9742444e-05,0.00016255547,0.00025748985,0.00024307331,0.99914193,8.213811e-05
ISIC_0026195,HAM_0002384,nv,1,0.000679664,0.00018671929,0.0045648436,0.0008829931,0.0009726235,0.992251,0.0004621347
ISIC_0029673,HAM_0001825,nv,1,9.900278e-05,6.646732e-05,7.517038e-05,0.0002533067,0.0010542938,0.99838865,6.3176296e-05
ISIC_0026568,HAM_0003740,nv,1,3.59635e-05,2.5254114e-05,9.032398e-05,4.9060367e-05,0.0003458881,0.9994161,3.7396123e-05
ISIC_0032480,HAM_0001146,nv,1,0.00054563873,0.000107233,0.00068171613,0.04087865,0.021186866,0.9358614,0.00073855196
ISIC_0030025,HAM_0003391,nv,1,9.720644e-06,9.931746e-06,4.218334e-05,5.219131e-05,9.8270946e-05,0.999757,3.0711664e-05
ISIC_0029850,HAM_0006714,nv,1,6.2768e-05,3.762718e-05,3.9975763e-05,0.0017666629,0.0002394423,0.9977654,8.8171975e-05
ISIC_0030024,HAM_0001650,nv,1,2.3423461e-05,2.0390442e-05,3.24568e-05,0.00049980794,0.0009283655,0.9983851,0.00011055308
ISIC_0029295,HAM_0005941,nv,1,2.90716e-05,0.0001921802,0.00010571822,0.0004902703,0.00048078768,0.98791844,0.010783551
ISIC_0030218,HAM_0002098,nv,1,3.7912967e-05,0.00070067303,0.0011162775,6.0584753e-05,0.0003020186,0.99752015,0.00026239827
ISIC_0031187,HAM_0006589,nv,1,3.3010725e-05,0.00017398027,0.0007102949,7.126203e-05,0.007052167,0.9919017,5.759715e-05
ISIC_0027803,HAM_0002288,nv,1,9.123133e-05,6.431475e-05,0.0015464553,0.0009750991,0.00042849255,0.9967213,0.00017312664
ISIC_0032104,HAM_0001413,nv,1,7.0637536e-05,1.4156018e-05,7.3666924e-05,0.00011365274,0.00088396476,0.9986927,0.00015115473
ISIC_0028669,HAM_0004989,nv,1,2.4917804e-06,9.835953e-06,4.8977636e-06,4.490724e-05,6.6791225e-05,0.9998306,4.0333285e-05
ISIC_0031732,HAM_0004860,nv,1,0.00016319189,9.898089e-05,0.00019322825,0.0001470003,0.0009606709,0.9981679,0.00026905796
ISIC_0024754,HAM_0007042,nv,1,0.0001544879,3.0450194e-05,0.0012020114,6.522293e-05,0.0033322559,0.995125,9.0553076e-05
ISIC_0025498,HAM_0003518,nv,1,6.161027e-05,2.2205071e-05,9.176821e-05,7.630174e-05,4.0444473e-05,0.99965394,5.378993e-05
ISIC_0025329,HAM_0001056,nv,1,0.00035800837,0.0028533244,0.0014854894,6.7531066e-05,0.0004472925,0.9947472,4.120036e-05
ISIC_0030850,HAM_0005944,nv,1,2.241323e-05,4.203731e-05,7.5012824e-05,0.00013583068,0.00039395175,0.9992192,0.00011162221
ISIC_0029954,HAM_0000736,nv,1,0.00049874367,0.00015586748,0.0043338067,9.985247e-05,0.0014799131,0.993284,0.00014786089
ISIC_0027445,HAM_0007399,nv,1,0.00011892961,5.991848e-05,5.3710577e-05,0.00053222536,0.0008187609,0.9981792,0.00023721371
ISIC_0027395,HAM_0007130,nv,1,0.0004954339,0.00028367148,0.0003692555,0.00028256557,0.024943769,0.9732944,0.00033099845
ISIC_0025215,HAM_0006495,nv,1,0.00010975732,3.8490834e-05,0.00025050202,0.00012534679,0.002395338,0.9970234,5.710841e-05
ISIC_0029229,HAM_0006331,nv,1,0.0011337411,0.0009888664,0.0017628452,0.0045402134,0.0018655757,0.9864153,0.0032934283
ISIC_0030595,HAM_0002001,nv,1,0.00011519928,0.001805543,0.00019367757,0.0005280149,0.0012803217,0.9956157,0.00046144312
ISIC_0026310,HAM_0004385,nv,1,0.00017220047,0.0008332382,0.0027961896,0.00030310795,0.00046900456,0.99526936,0.00015679032
ISIC_0031968,HAM_0003485,nv,1,8.776063e-06,1.4469279e-05,1.4051525e-05,0.0007267131,8.811725e-05,0.9990958,5.2156793e-05
ISIC_0031760,HAM_0004336,nv,1,0.0075515094,0.003315158,0.0021446117,0.13242352,0.028276455,0.8191531,0.007135675
ISIC_0029635,HAM_0005485,nv,1,0.00010115176,0.000468178,0.0007525429,6.844271e-05,0.008833871,0.9886761,0.0010997659
ISIC_0026758,HAM_0000615,nv,1,2.2075803e-06,9.91303e-06,3.4735298e-05,4.5126748e-05,7.051069e-05,0.999824,1.3470346e-05
ISIC_0031786,HAM_0000255,nv,1,0.00017230496,9.168938e-05,0.00026661064,0.00028912065,0.014260967,0.984271,0.00064836984
ISIC_0028629,HAM_0001003,nv,1,1.1312166e-05,4.0183517e-05,4.9620023e-05,3.511721e-05,0.0007136624,0.99904054,0.00010955061
ISIC_0028351,HAM_0002485,nv,1,5.2166593e-05,0.00051768357,0.00030344017,0.0004711262,3.4886452e-05,0.9983082,0.00031246155
ISIC_0031333,HAM_0004612,nv,1,0.00026501084,0.0002523817,0.00050192093,0.00015979813,0.0041272896,0.98700166,0.00769199
ISIC_0031916,HAM_0000938,nv,1,6.216506e-05,6.8665927e-06,0.0013008963,0.00056901365,0.00011092948,0.99787855,7.155154e-05
ISIC_0028754,HAM_0005385,nv,1,0.00015182198,0.0001440232,0.0011645176,8.6844135e-05,0.005826487,0.99238354,0.00024284789
ISIC_0027176,HAM_0003388,nv,1,8.1109036e-05,0.000109464374,0.00016773022,0.00011271878,0.0011679796,0.9982541,0.00010692863
ISIC_0027241,HAM_0000995,nv,1,1.0198631e-05,2.4560995e-05,0.00041441742,0.00015961133,0.00043372958,0.9989309,2.666071e-05
ISIC_0032360,HAM_0001622,nv,1,1.2187886e-05,2.11412e-05,6.891435e-05,5.5863067e-05,0.00036603364,0.99938524,9.05862e-05
ISIC_0031566,HAM_0002422,nv,1,5.2229807e-06,7.210103e-05,3.180772e-05,3.8857623e-05,6.4504835e-05,0.99966717,0.00012033449
ISIC_0027842,HAM_0000355,nv,1,1.822657e-05,2.6159401e-05,1.092618e-05,0.00010842771,0.00028154923,0.9994795,7.517906e-05
ISIC_0030496,HAM_0005808,nv,1,0.00013688553,0.0024497162,0.0020993217,0.00038166207,0.0005419217,0.99427587,0.000114595736
ISIC_0027733,HAM_0006229,nv,1,2.1651476e-05,2.006349e-05,3.7593505e-05,4.403719e-05,5.5613888e-05,0.9997974,2.3779494e-05
ISIC_0026833,HAM_0006070,nv,1,1.5673499e-05,0.00019661906,5.3910368e-05,9.487908e-06,0.0007358986,0.9989612,2.718737e-05
ISIC_0032089,HAM_0002887,nv,1,0.00071390055,0.0005924227,0.005160566,0.00022441952,0.0361542,0.9564072,0.0007474311
ISIC_0027314,HAM_0006293,nv,1,0.00028849536,4.969428e-05,0.00010561456,4.4458753e-05,0.04652229,0.95285505,0.00013455644
ISIC_0027625,HAM_0002922,nv,1,6.841963e-05,9.992468e-06,2.30074e-05,0.00017964662,0.0016560378,0.9980416,2.1278367e-05
ISIC_0026873,HAM_0001866,nv,1,7.565539e-05,7.375863e-05,0.0002609868,0.000109863155,0.0003297572,0.9989599,0.00019001198
ISIC_0028172,HAM_0001731,nv,1,6.501807e-05,0.00028519714,0.00026376423,0.004030389,0.00040140765,0.99393857,0.0010155648
ISIC_0026969,HAM_0005148,nv,1,2.33151e-05,3.802938e-05,3.2433094e-05,2.6060723e-05,0.00020994697,0.9996063,6.3874075e-05
ISIC_0027587,HAM_0003907,nv,1,8.1799706e-05,2.5045143e-05,0.0004919023,3.21586e-05,0.00041364215,0.99891996,3.5596328e-05
ISIC_0025426,HAM_0006677,nv,1,4.6417543e-05,0.00020320999,0.0006423407,8.554183e-05,0.0001354993,0.9987301,0.00015687523
ISIC_0028704,HAM_0006427,nv,1,7.304613e-05,3.4775174e-05,0.00066195184,2.1340838e-05,0.00017310255,0.99901867,1.7147844e-05
ISIC_0024359,HAM_0001112,nv,1,7.855659e-06,1.0695551e-05,9.6815165e-06,4.201354e-05,0.0002199606,0.99962986,7.988356e-05
ISIC_0028435,HAM_0001324,nv,1,5.063081e-06,1.729627e-05,7.586887e-05,2.1525557e-05,2.3388602e-05,0.9998241,3.2726533e-05
ISIC_0026785,HAM_0007094,nv,1,5.645977e-05,0.00011675653,0.0018248196,0.00030107412,0.0041238563,0.9934301,0.00014701867
ISIC_0028073,HAM_0006753,nv,1,3.51163e-05,8.73391e-05,0.00027513428,8.374747e-05,0.00041738423,0.99901474,8.657483e-05
ISIC_0027363,HAM_0001030,nv,1,8.201668e-06,1.20976265e-05,1.4033491e-05,7.732287e-05,0.00010045486,0.9997644,2.3410053e-05
ISIC_0030753,HAM_0005694,nv,1,7.820892e-05,7.7297766e-05,0.00033347873,7.897642e-05,0.00036004864,0.9989518,0.00012018969
ISIC_0026807,HAM_0000145,nv,1,1.3067527e-06,9.487423e-06,1.1715404e-05,0.000774194,7.928222e-05,0.9989102,0.0002138865
ISIC_0029670,HAM_0006016,nv,1,7.0285514e-06,2.7420989e-05,4.0446517e-05,0.00011466017,4.6644673e-05,0.9997044,5.9426853e-05
ISIC_0025455,HAM_0002504,nv,1,5.5700425e-06,7.4515224e-06,2.391328e-05,0.0002891975,1.3309745e-05,0.9995485,0.00011198661
ISIC_0031507,HAM_0003510,nv,1,0.00022828972,8.547242e-05,0.004547417,0.00031694892,0.010044648,0.98436904,0.00040816446
ISIC_0031497,HAM_0004774,nv,1,2.15242e-06,6.072086e-06,1.7914028e-06,2.8630811e-05,2.7266404e-05,0.99991035,2.3689463e-05
ISIC_0028005,HAM_0000117,nv,1,0.00027042697,0.00031339456,0.00023772052,0.0004925576,0.016455261,0.9819225,0.00030823465
ISIC_0024655,HAM_0000013,nv,1,8.22197e-05,1.3188125e-05,0.00023171952,0.0013204952,0.00013582238,0.99818283,3.3742897e-05
ISIC_0028334,HAM_0002826,nv,1,2.1605852e-05,5.5822828e-05,9.514348e-05,5.4317108e-05,3.4190525e-05,0.9996412,9.778096e-05
ISIC_0030020,HAM_0003986,nv,1,8.545548e-06,1.2878595e-05,1.3106979e-05,4.0768533e-05,5.957911e-05,0.99982184,4.327092e-05
ISIC_0031152,HAM_0007314,nv,1,0.000119789496,0.00015411347,0.0001986601,0.0010198997,0.00082402665,0.9975721,0.00011143822
ISIC_0024991,HAM_0003267,nv,1,5.145952e-05,0.00015804278,0.00014919417,8.6684915e-05,0.00066896837,0.99833316,0.000552567
ISIC_0026684,HAM_0003056,nv,1,7.2056566e-05,6.703305e-05,9.144454e-05,0.00024447942,0.012000287,0.98741144,0.00011336089
ISIC_0030725,HAM_0000300,nv,1,1.6696356e-07,3.3727565e-07,8.1078515e-06,1.6439958e-06,9.861454e-06,0.99997854,1.2629596e-06
ISIC_0032392,HAM_0000157,nv,1,7.117805e-05,3.4151602e-05,0.000569787,0.00036752305,0.00015822414,0.9985032,0.00029589044
ISIC_0031744,HAM_0006667,nv,1,6.7708706e-06,2.5904756e-05,3.115569e-05,1.9439696e-05,0.00044072053,0.999463,1.3102275e-05
ISIC_0025139,HAM_0007584,nv,1,2.4816163e-06,1.7125192e-05,0.00024426787,3.046939e-05,1.685969e-05,0.9996495,3.9238257e-05
ISIC_0027628,HAM_0004002,nv,1,0.0011254159,0.00015729679,0.0011566136,0.0008645733,0.0035413743,0.99265105,0.0005038089
ISIC_0026003,HAM_0000951,nv,1,1.7593379e-06,2.2396012e-05,1.552842e-05,0.00050527044,8.230991e-06,0.9994272,1.9629762e-05
ISIC_0031361,HAM_0000345,nv,1,3.0278686e-06,2.2112437e-05,0.0004153001,6.0757e-05,6.6924295e-05,0.99937975,5.2069816e-05
ISIC_0031195,HAM_0007277,nv,1,3.218071e-06,5.7480474e-06,6.79374e-05,9.6983786e-05,2.4294899e-05,0.9997559,4.5879053e-05
ISIC_0031658,HAM_0001033,nv,1,9.813945e-06,5.7814632e-05,0.00010226365,5.8667756e-05,0.00017176187,0.99954385,5.5926525e-05
ISIC_0026274,HAM_0001901,nv,1,4.933296e-05,4.5983375e-05,0.00013344768,0.00015971597,0.0021706286,0.99714845,0.00029233177
ISIC_0025682,HAM_0004812,nv,1,7.9107966e-05,0.00016665582,0.00015824949,0.00010480102,0.008309132,0.99089164,0.00029049747
ISIC_0026431,HAM_0003730,nv,1,0.0001239613,0.00015762265,0.0006060021,0.00014046657,0.001896013,0.99665207,0.0004238848
ISIC_0025745,HAM_0005444,nv,1,3.3395622e-06,2.0658055e-05,3.1561354e-05,1.9368581e-05,0.00018169792,0.9997042,3.9202103e-05
ISIC_0029350,HAM_0000151,nv,1,9.889231e-06,2.057071e-05,0.00012824549,0.0004415426,8.727215e-06,0.9993735,1.759506e-05
ISIC_0031456,HAM_0006055,nv,1,5.787298e-05,2.6034499e-05,0.0042936443,5.3838296e-05,0.00082095835,0.9947072,4.032302e-05
ISIC_0030738,HAM_0004560,nv,1,0.0020772775,0.0009367597,0.0010834812,0.00013601148,0.0055590835,0.98985857,0.0003486768
ISIC_0029236,HAM_0000503,nv,1,0.0037116413,0.0019520811,0.011146032,0.0009347913,0.018095108,0.94993734,0.014222966
ISIC_0026517,HAM_0003532,nv,1,6.0598677e-06,1.4910692e-05,8.614094e-05,2.0380501e-05,0.0019529155,0.99789834,2.1275311e-05
ISIC_0031426,HAM_0006612,nv,1,9.272836e-06,8.866824e-05,1.1228953e-05,6.2875195e-05,0.00030029053,0.99946946,5.8263733e-05
ISIC_0029294,HAM_0003564,nv,1,3.520906e-06,6.4759374e-06,8.545775e-06,2.5687976e-05,9.962675e-05,0.99984837,7.720465e-06
ISIC_0027782,HAM_0006043,nv,1,0.00011326694,0.00014976153,0.0011240226,0.00022569859,0.0074595273,0.9904545,0.00047316062
ISIC_0030905,HAM_0004280,nv,1,0.0005195406,0.0001321324,0.034822643,0.00043749713,0.015212888,0.94856983,0.0003054222
ISIC_0025360,HAM_0002006,nv,1,4.993799e-06,7.511236e-06,1.1909514e-05,8.182507e-05,0.0001486915,0.99971765,2.7394586e-05
ISIC_0025194,HAM_0005512,nv,1,0.00010742121,5.6828554e-05,0.0003325002,0.0006026684,0.00037603694,0.9979679,0.0005565612
ISIC_0028566,HAM_0004417,nv,1,1.3051541e-05,2.9584946e-05,2.326689e-05,3.5477766e-05,0.00033858177,0.99948955,7.0487105e-05
ISIC_0030777,HAM_0001224,nv,1,7.563669e-06,1.4636416e-05,2.2580945e-05,8.6815584e-05,0.0001510328,0.99886215,0.00085524144
ISIC_0028732,HAM_0002780,nv,1,1.0985597e-05,3.1974683e-05,0.0001205534,2.713656e-05,0.00040420884,0.99904364,0.00036149105
ISIC_0029657,HAM_0006694,nv,1,4.133779e-05,3.494615e-05,0.0011521832,0.0001987583,0.000370967,0.9980653,0.00013647114
ISIC_0029049,HAM_0003246,nv,1,7.519806e-05,0.0013109718,0.09181651,7.593602e-05,0.0043800822,0.90230113,4.0172086e-05
ISIC_0029018,HAM_0003246,nv,1,0.0002221925,0.0011562742,0.0028702028,0.0004594852,0.03317008,0.9618281,0.00029378288
ISIC_0026934,HAM_0002729,nv,1,2.3573724e-05,4.4127617e-05,0.0022699554,0.00029371018,0.00033855392,0.9969704,5.972915e-05
ISIC_0026346,HAM_0002729,nv,1,3.6007063e-05,0.00020923975,0.0006030948,0.0024454312,0.0057108398,0.99090236,9.30311e-05
ISIC_0030980,HAM_0003303,nv,1,0.00013342783,0.0006664461,0.024026683,0.00045403314,0.00022564239,0.972954,0.001539729
ISIC_0024597,HAM_0003303,nv,1,0.00030113567,0.0018419795,0.001397887,0.00015440703,0.0017320702,0.9916944,0.0028780985
ISIC_0027898,HAM_0007202,nv,1,3.0315887e-05,0.0032941527,0.0030802488,0.00013586639,0.001985847,0.9868732,0.0046003545
ISIC_0026726,HAM_0007202,nv,1,1.259634e-05,0.00081193633,0.0023893286,0.00013515918,0.0006797245,0.9952508,0.00072039024
ISIC_0027305,HAM_0004997,nv,1,4.946712e-05,0.00022739732,0.0033099132,0.00021997099,0.13744728,0.85857296,0.00017299475
ISIC_0027718,HAM_0004997,nv,1,0.00019312435,0.0019686664,0.0013133369,0.0004941245,0.5387075,0.45719516,0.000128147
ISIC_0028293,HAM_0000476,nv,1,3.9356957e-05,0.000395169,0.003593324,0.00037050253,0.04332907,0.9520976,0.000175013
ISIC_0029093,HAM_0000476,nv,1,9.612059e-06,8.255042e-05,0.00031986574,0.00044691752,0.0007391509,0.9982907,0.00011119226
ISIC_0031404,HAM_0006150,nv,1,0.0004750839,0.6321303,0.0059597767,0.0006872046,0.3292284,0.030578189,0.0009411337
ISIC_0026569,HAM_0006150,nv,1,0.0013475898,0.8536229,0.007907795,0.0012342051,0.04865446,0.085767314,0.0014656547
ISIC_0029045,HAM_0000068,nv,1,0.00024680037,0.0008013631,0.0431167,0.00081876613,0.38844535,0.5662896,0.00028130488
ISIC_0031160,HAM_0000068,nv,1,0.00010079138,0.00012766135,0.0041844356,9.105744e-05,0.6010373,0.3941699,0.0002888153
ISIC_0026666,HAM_0000900,nv,1,0.00015550347,0.00011692255,0.004439205,0.00022892324,0.0017845375,0.9929015,0.0003733979
ISIC_0026552,HAM_0000900,nv,1,0.00026377357,0.00020866207,0.0017920341,0.0007874825,0.101938225,0.8944795,0.0005302418
ISIC_0029719,HAM_0003692,nv,1,3.9963932e-05,0.00015289849,0.008697491,6.9457274e-05,0.86661696,0.124361284,6.189735e-05
ISIC_0027684,HAM_0003692,nv,1,4.4114448e-05,0.0001734567,0.006682819,8.911364e-05,0.76566964,0.22721736,0.00012348063
ISIC_0027679,HAM_0005937,nv,1,5.6962963e-06,0.0001433662,0.00018105497,5.0277147e-05,0.0009257799,0.99852556,0.00016843248
ISIC_0027537,HAM_0000464,nv,1,0.00021121051,0.00032969494,0.016844198,0.0008320971,0.093218274,0.88789195,0.00067253795
ISIC_0027002,HAM_0000464,nv,1,0.00020239908,0.0003311028,0.006526526,0.0009322352,0.010032265,0.98123723,0.0007381793
ISIC_0026223,HAM_0000464,nv,1,0.00032429624,0.0011519777,0.016961284,0.00033655672,0.06760932,0.91348,0.00013651342
ISIC_0031515,HAM_0003933,nv,1,0.0022596656,0.6072659,0.17637964,0.0003660096,0.016643887,0.1967657,0.00031923925
ISIC_0029854,HAM_0003933,nv,1,7.902689e-05,0.0012879459,0.22877432,0.00013469209,0.011001902,0.7574834,0.0012386054
ISIC_0025428,HAM_0005339,nv,1,0.005057418,0.007983676,0.02148836,0.0029155975,0.04422601,0.9178444,0.00048439865
ISIC_0031618,HAM_0005339,nv,1,0.0067987884,0.005460313,0.025986178,0.0010436466,0.0077910433,0.95253533,0.00038468672
ISIC_0027738,HAM_0006389,nv,1,0.00013879105,0.00071454176,0.014793081,0.0006505977,0.18109874,0.8021725,0.00043170183
ISIC_0031518,HAM_0006389,nv,1,0.00043241057,0.0013809244,0.15008917,0.0002721858,0.014999352,0.8322395,0.0005864357
ISIC_0031817,HAM_0004461,nv,1,0.000509129,5.6567573e-05,0.11726066,0.002147704,0.033562947,0.8463744,8.864633e-05
ISIC_0032421,HAM_0004461,nv,1,0.00018395115,5.5665347e-05,0.0014483016,0.0009470408,0.33716992,0.6601466,4.8647096e-05
ISIC_0028636,HAM_0002097,nv,1,0.00011047614,0.0004956034,0.0046564587,0.0007736261,0.0030534074,0.9889598,0.001950602
ISIC_0025687,HAM_0002097,nv,1,4.612025e-05,0.00021367481,0.005052008,6.428224e-05,0.19388144,0.8004832,0.00025925564
ISIC_0027812,HAM_0004546,nv,1,6.5416684e-06,0.00011801012,0.002047318,8.000575e-05,0.0012786791,0.9962824,0.00018692945
ISIC_0026561,HAM_0004546,nv,1,0.000120338744,0.0015882511,0.0044767098,0.0002388552,0.14102843,0.8521731,0.00037430698
ISIC_0027907,HAM_0007606,nv,1,3.203104e-05,9.544042e-05,0.0012063656,0.0014827686,0.0017648122,0.9949575,0.00046113806
ISIC_0025870,HAM_0007606,nv,1,1.7100758e-05,0.00027572285,0.00013477083,0.0001266055,0.006919179,0.9923913,0.00013529831
ISIC_0031380,HAM_0007295,nv,1,0.00064874795,0.003113191,0.244908,0.0014336988,0.018665258,0.6592594,0.07197173
ISIC_0029254,HAM_0006747,nv,1,5.643916e-05,0.00012387786,0.9969542,3.2158063e-05,7.797634e-05,0.0027460777,9.267583e-06
ISIC_0029223,HAM_0006747,nv,1,1.829506e-05,3.485381e-05,0.99737406,3.0045861e-05,1.7941202e-05,0.0025210038,3.7901757e-06
ISIC_0029976,HAM_0002323,nv,1,1.869245e-05,0.00014963483,0.0011140598,0.0007173621,0.021735746,0.9761787,8.576039e-05
ISIC_0031001,HAM_0002323,nv,1,0.00087084214,0.019508226,0.50818527,0.0035019047,0.10641745,0.36106184,0.0004544419
ISIC_0031674,HAM_0006837,nv,1,0.0005356968,0.34535158,0.043564845,9.327213e-05,0.25514415,0.35423255,0.0010779185
ISIC_0025834,HAM_0006837,nv,1,9.353526e-05,0.06839569,0.027446095,4.249031e-05,0.47060576,0.4326964,0.00072007405
ISIC_0027548,HAM_0004761,nv,1,0.00012007099,0.00045402904,0.007441234,0.00042072913,0.004014735,0.9786628,0.008886444
ISIC_0026826,HAM_0004761,nv,1,0.0002652585,0.0002657771,0.042029817,0.00032819092,0.25076398,0.7060375,0.00030951353
ISIC_0025909,HAM_0006856,nv,1,2.2912074e-05,0.00011934933,0.0016279744,9.5526e-05,0.2162105,0.7816513,0.00027239413
ISIC_0028831,HAM_0006856,nv,1,0.00026528153,0.0016799088,0.022171723,0.00019522467,0.33353746,0.6416558,0.0004946441
ISIC_0030053,HAM_0000261,nv,1,0.00038615864,0.0006884021,0.047234926,0.00063666794,0.6941122,0.25685018,9.154175e-05
ISIC_0026743,HAM_0000261,nv,1,3.9293536e-05,5.595656e-05,0.0076059424,0.00035193373,0.059708636,0.9321778,6.0385413e-05
ISIC_0025555,HAM_0003951,nv,1,7.130761e-05,0.0001792673,0.0028656358,0.00024840236,0.016928088,0.97905856,0.00064872624
ISIC_0032242,HAM_0003951,nv,1,9.7040356e-05,0.00010637002,0.010734108,0.00042483013,0.030489173,0.9577983,0.0003501389
ISIC_0024317,HAM_0003951,nv,1,0.00010244627,9.327839e-05,0.0017690808,0.0005107007,0.035978127,0.9610895,0.00045689594
ISIC_0033745,HAM_0005686,nv,1,0.00014310532,0.00055939856,0.028054412,0.00043396154,0.018077949,0.94828373,0.004447531
ISIC_0033112,HAM_0005686,nv,1,3.938828e-05,0.00027340886,0.06055813,0.00023249275,0.0031450822,0.9344254,0.0013261959
ISIC_0033356,HAM_0005213,nv,1,0.00029905728,0.0011874237,0.0029410555,0.002385813,0.006198913,0.9867753,0.00021247794
ISIC_0033998,HAM_0005213,nv,1,7.835821e-05,0.00012327475,0.0017869112,0.00014725268,0.000804245,0.9969566,0.00010340304
ISIC_0030303,HAM_0005143,nv,1,0.00024239387,0.0004640434,0.9685281,0.00012773261,0.0005837485,0.029999122,5.482991e-05
ISIC_0028977,HAM_0006159,bkl,1,0.07184943,0.0001550358,0.8600535,0.0051015946,0.0015597016,0.0610374,0.00024342965
ISIC_0026494,HAM_0003156,nv,1,0.0007707508,0.00063400227,0.066009924,0.0012559484,0.6544207,0.2765585,0.00035012932
ISIC_0032181,HAM_0003369,nv,1,0.000176061,6.240973e-05,0.0007311793,0.0002132013,0.096894436,0.9015278,0.00039482702
ISIC_0026432,HAM_0006268,nv,1,0.0006907856,0.0001418573,0.00077062706,0.00025687038,0.37464267,0.6225259,0.000971314
ISIC_0032007,HAM_0007477,nv,1,0.00022791406,9.0304515e-05,0.00035025316,0.001041586,0.11026141,0.88784003,0.00018857874
ISIC_0033363,HAM_0002363,nv,1,0.00034970202,0.0011146114,0.019412706,0.0001410167,0.40426093,0.5745706,0.00015040497
ISIC_0033058,HAM_0002363,nv,1,0.0003806956,0.0013979768,0.27973822,0.00026524978,0.07647617,0.641579,0.00016277855
ISIC_0032924,HAM_0002363,nv,1,8.910377e-05,0.00037587428,0.4319779,0.00011329963,0.017029993,0.5503541,5.970472e-05
ISIC_0030845,HAM_0000093,nv,1,0.00029882946,3.01717e-05,0.0014484398,4.6639656e-05,0.54666525,0.45143452,7.614851e-05
ISIC_0033348,HAM_0001615,nv,1,0.00033939013,0.00016540554,0.0014570681,0.000876879,0.02206957,0.97485197,0.00023972538
ISIC_0033048,HAM_0001615,nv,1,0.0067515085,0.001519764,0.011884033,0.011895644,0.37846866,0.5884779,0.0010025427
ISIC_0033870,HAM_0001615,nv,1,0.0007546815,0.000104863866,0.00071591506,0.0004944491,0.009931276,0.9876203,0.00037836755
ISIC_0029953,HAM_0002793,nv,1,2.9431792e-05,8.683045e-06,0.0025578418,8.5163716e-05,0.002773801,0.99431545,0.00022969741
ISIC_0034290,HAM_0002009,nv,1,7.762494e-05,0.0015319713,0.0068591177,0.00016273498,0.00042791307,0.9837768,0.007163766
ISIC_0033165,HAM_0002009,nv,1,7.829733e-05,0.00047496814,0.03600355,0.0004967911,0.0012283697,0.95989186,0.0018260811
ISIC_0033430,HAM_0002009,nv,1,8.599473e-05,0.0021193735,0.002590379,0.00034412494,0.009314658,0.9788462,0.0066992766
ISIC_0027087,HAM_0005523,nv,1,0.11865174,0.0008104744,0.0017007604,0.0013840594,0.8530762,0.023999862,0.0003769056
ISIC_0033227,HAM_0006634,nv,1,0.00012417711,4.5771514e-05,0.0034232961,0.00013270321,0.10279159,0.8932021,0.0002803845
ISIC_0033365,HAM_0006634,nv,1,0.00024773297,0.00020022882,0.07738065,0.00034327206,0.1326613,0.78764635,0.0015205152
ISIC_0030546,HAM_0006810,nv,1,0.0004937265,0.06542767,0.0037092438,0.00030004574,0.05329631,0.8754125,0.0013605626
ISIC_0033989,HAM_0007444,nv,1,6.118202e-05,8.628048e-05,0.0010378514,0.0005394829,0.005588699,0.9917365,0.00095006375
ISIC_0032977,HAM_0007444,nv,1,2.5106676e-05,3.7985188e-05,0.0023987524,0.00013813231,0.01328802,0.9839257,0.00018624071
ISIC_0033664,HAM_0007444,nv,1,3.407112e-05,7.101031e-05,0.00042741137,0.0001117149,0.006595053,0.9922665,0.00049435545
ISIC_0027072,HAM_0004128,nv,1,3.2696423e-06,0.0002783882,0.0043335124,5.2872525e-05,0.0010793551,0.994187,6.554438e-05
ISIC_0030378,HAM_0004128,nv,1,0.00034750358,0.30382657,0.0071645314,0.0007399882,0.002005612,0.6846838,0.001232007
ISIC_0029662,HAM_0005298,nv,1,5.6363486e-05,0.00013895711,0.0056380313,0.0002935982,0.0066724825,0.98594195,0.0012586294
ISIC_0030582,HAM_0005298,nv,1,0.00016033252,0.00045230618,0.036747307,0.00049385894,0.053102765,0.9087525,0.0002908923
ISIC_0025541,HAM_0005880,nv,1,0.000107536514,0.012780328,0.002015242,0.00035259864,0.003109099,0.97971594,0.0019192052
ISIC_0025117,HAM_0005880,nv,1,0.00016096634,0.005591917,0.006494461,0.0007284806,0.0020772754,0.9826341,0.0023128465
ISIC_0033388,HAM_0002501,nv,1,0.00015584198,0.0004991492,0.028117713,5.666313e-05,0.01771631,0.9532119,0.0002423175
ISIC_0033009,HAM_0002501,nv,1,9.623562e-05,0.00017528425,0.0067466376,7.5388816e-05,0.17063265,0.82203144,0.00024240933
ISIC_0032928,HAM_0002501,nv,1,0.0004046182,0.00075297925,0.068983026,5.9556667e-05,0.6269656,0.3025892,0.00024493446
ISIC_0034281,HAM_0004296,nv,1,2.7432625e-05,0.001706337,0.12493654,0.00026853548,0.0039845817,0.8689269,0.0001497547
ISIC_0034152,HAM_0004296,nv,1,4.214301e-05,0.0018353576,0.10455568,9.168993e-05,0.004075835,0.8892201,0.00017916989
ISIC_0033739,HAM_0004296,nv,1,8.256007e-05,0.022580778,0.014381276,0.00012490939,0.0043529714,0.9582856,0.00019195792
ISIC_0034020,HAM_0002206,nv,1,0.0404427,0.009491754,0.13192838,0.11001521,0.009335477,0.68453765,0.01424881
ISIC_0033727,HAM_0002206,nv,1,0.00016155915,0.0003683708,0.0042044744,0.0036694463,0.00034403062,0.990113,0.0011391029
ISIC_0033296,HAM_0005539,nv,1,0.0001610033,0.00012987613,0.00047229172,0.00032081932,0.036649656,0.96196896,0.00029728946
ISIC_0033838,HAM_0005539,nv,1,6.577225e-05,0.0001841029,0.0008138882,0.00019712817,0.0084478455,0.9898796,0.00041165363
ISIC_0033409,HAM_0005539,nv,1,9.7477605e-05,0.00017208388,0.006514404,0.0002712552,0.053021394,0.93982667,9.671903e-05
ISIC_0032585,HAM_0002721,nv,1,0.00032605167,0.0007073107,0.0008515148,0.0003228831,0.03790792,0.95874846,0.0011358116
ISIC_0032899,HAM_0002721,nv,1,0.000565141,0.0029814383,0.0056260955,0.00023375248,0.21840502,0.77129424,0.0008943164
ISIC_0034157,HAM_0002721,nv,1,0.0017582448,0.004551641,0.04420887,0.0006885386,0.065464206,0.8810487,0.0022797862
ISIC_0032568,HAM_0007005,nv,1,2.480419e-05,0.00033350088,0.002695905,0.00023123501,0.011152412,0.9854527,0.00010944123
ISIC_0033126,HAM_0007005,nv,1,4.6295513e-06,7.08791e-05,0.00036313137,9.7544784e-05,0.0012165193,0.998201,4.6212077e-05
ISIC_0034099,HAM_0007005,nv,1,8.962479e-06,0.00012276038,0.0068681384,0.00018160533,0.0019170165,0.99085957,4.2094696e-05
ISIC_0033648,HAM_0005571,nv,1,0.0014417295,0.013512787,0.010905649,0.00088131154,0.1903103,0.7482944,0.03465385
ISIC_0032825,HAM_0005571,nv,1,0.00011579564,0.001995214,0.00092064,0.0004344551,0.009973007,0.97187567,0.014685271
ISIC_0032803,HAM_0005571,nv,1,0.0005488252,0.033306,0.01158637,0.0006910752,0.09863547,0.7865079,0.0687243
ISIC_0034319,HAM_0000747,nv,1,7.4871514e-06,1.1917789e-05,0.0002765975,4.087236e-05,0.03566548,0.96396804,2.955448e-05
ISIC_0033748,HAM_0000747,nv,1,1.4015088e-05,1.3987741e-05,3.2970172e-05,8.585283e-05,0.23576793,0.7640469,3.8246068e-05
ISIC_0034044,HAM_0000747,nv,1,8.508431e-05,5.8591864e-05,0.008486074,0.0001341181,0.14479813,0.84637755,6.045177e-05
ISIC_0032999,HAM_0007259,nv,1,2.135154e-05,0.00026036915,0.00039354144,0.00015202038,0.0034263432,0.99562293,0.00012335052
ISIC_0032669,HAM_0007259,nv,1,0.0001395283,0.0036766296,0.009198024,0.00013030892,0.0763402,0.9102463,0.00026894783
ISIC_0033236,HAM_0007259,nv,1,0.0006321864,0.017637763,0.046902437,0.00012041946,0.31065863,0.6238814,0.00016718586
ISIC_0033906,HAM_0005433,nv,1,0.00046905468,0.0002089564,0.015351992,0.0003458592,0.020042336,0.96286875,0.00071313063
ISIC_0033298,HAM_0005433,nv,1,6.5087996e-05,0.00011136906,0.0060450207,0.00018981552,0.11012088,0.8832514,0.00021635316
ISIC_0034210,HAM_0005433,nv,1,0.00020013012,0.00016398075,0.0095491,0.00032547835,0.12072995,0.86801803,0.0010133715
ISIC_0034111,HAM_0002641,nv,1,5.2346903e-05,1.7844955e-05,0.056295034,0.00016930823,0.00049811084,0.94290507,6.228501e-05
ISIC_0032676,HAM_0002641,nv,1,0.0001271094,6.492113e-05,0.008338527,0.000256267,0.0101172915,0.98089427,0.00020153954
ISIC_0034077,HAM_0002641,nv,1,0.00043152564,0.0012401541,0.09373119,0.00054231257,0.019704768,0.8841012,0.0002487742
ISIC_0033085,HAM_0003181,nv,1,0.00076839427,6.482211e-05,0.67181647,0.00012916619,0.076264225,0.25054964,0.00040729484
ISIC_0033976,HAM_0003181,nv,1,0.00035234992,0.0005923846,0.027155949,0.00024694265,0.09543373,0.8758799,0.00033885165
ISIC_0034030,HAM_0003181,nv,1,0.0024391161,0.0005244141,0.36769757,0.0015233817,0.21156377,0.41422173,0.0020300127
ISIC_0033318,HAM_0001808,nv,1,9.60706e-05,0.00015839367,0.00027690575,5.4419583e-05,0.04711732,0.9519381,0.00035869278
ISIC_0032615,HAM_0001808,nv,1,0.00054457184,0.000314559,0.0012911403,0.00018240871,0.06112663,0.9358576,0.0006830461
ISIC_0033862,HAM_0001808,nv,1,0.000109290944,0.00020378397,0.00031317052,5.1123687e-05,0.16868871,0.83031493,0.00031903555
ISIC_0034215,HAM_0004088,nv,1,0.00014374692,0.0002628464,0.0012515234,0.00023607461,0.045252234,0.9525352,0.0003182942
ISIC_0033743,HAM_0001026,nv,1,0.00048583292,0.0002555164,0.3514593,0.0002714651,0.011453161,0.6351688,0.0009058844
ISIC_0032786,HAM_0002139,nv,1,0.0040681716,0.00095688517,0.032108206,0.0008313562,0.3200343,0.6377084,0.0042926515
ISIC_0033788,HAM_0002139,nv,1,0.0019987833,0.0005528782,0.049574483,0.0016186642,0.64038527,0.28808105,0.017788885
ISIC_0033671,HAM_0007562,nv,1,0.008391552,0.006726359,0.04282441,0.00092872133,0.020635353,0.920108,0.00038563932
ISIC_0033711,HAM_0007562,nv,1,0.00097197754,0.0041851327,0.081633635,0.0018808687,0.0744009,0.83663666,0.0002907028
ISIC_0033867,HAM_0004872,nv,1,3.765417e-05,0.0002508683,0.0034403768,4.3002412e-05,0.014438629,0.9810831,0.00070633134
ISIC_0033202,HAM_0004872,nv,1,4.7424215e-05,0.0005224592,0.0012387129,3.3958815e-05,0.016638665,0.97938466,0.0021340428
ISIC_0033384,HAM_0003002,nv,1,8.800339e-05,0.00019948412,0.0050637648,0.00078820495,0.21663499,0.7770911,0.00013445149
ISIC_0032830,HAM_0003002,nv,1,0.00091839925,0.00011698964,0.072815135,0.0015683642,0.13236724,0.7920643,0.00014963202
ISIC_0025769,HAM_0001943,nv,1,2.561836e-05,6.2058345e-05,0.048922695,0.00018709015,0.001849268,0.948693,0.00026025673
ISIC_0032909,HAM_0001943,nv,1,0.0001867329,0.00016034624,0.72741866,0.00016935941,0.0022145929,0.2697012,0.00014916752
ISIC_0033134,HAM_0001943,nv,1,0.00033850293,0.00024862334,0.023684585,0.00012069695,0.060244918,0.91518044,0.00018225232
ISIC_0034301,HAM_0001943,nv,1,0.000107294436,0.00059494405,0.0039459113,0.0015651744,0.004289001,0.989033,0.00046470235
ISIC_0033914,HAM_0003801,nv,1,6.379162e-05,5.3928172e-05,0.0042424127,0.00023175037,0.0026213431,0.9924833,0.00030344247
ISIC_0033978,HAM_0003801,nv,1,0.0005133612,0.0001702834,0.056069035,0.0007339211,0.03204091,0.91022617,0.0002463134
ISIC_0033718,HAM_0003801,nv,1,0.0003021881,0.00020527098,0.015110711,0.0008047582,0.0012672995,0.9816472,0.0006626229
ISIC_0032621,HAM_0005760,nv,1,9.14678e-05,0.02774555,0.0028698985,0.00010425568,0.03583535,0.9332755,7.793154e-05
ISIC_0033328,HAM_0005760,nv,1,0.0001390225,0.0031339615,0.0009408136,0.00014827798,0.03758067,0.95792645,0.00013085487
ISIC_0033142,HAM_0003447,nv,1,0.00090134714,0.00011106776,0.049694825,0.000144577,0.0077334046,0.9413425,7.227317e-05
ISIC_0032703,HAM_0003447,nv,1,0.0026739812,0.00019460316,0.06395176,0.00013962093,0.009598862,0.92338926,5.196913e-05
ISIC_0033168,HAM_0003447,nv,1,0.0002454183,0.00012101724,0.0137977535,0.00015119785,0.016417272,0.96918833,7.905563e-05
ISIC_0033787,HAM_0006418,nv,1,0.00096899597,0.06378493,0.01875379,0.0030495364,0.24872722,0.5743683,0.09034733
ISIC_0033599,HAM_0006418,nv,1,0.00080019416,0.017506083,0.0094116,0.0042837705,0.33568114,0.37594503,0.2563722
ISIC_0033062,HAM_0002759,nv,1,0.0018386471,7.5299446e-05,0.0009651215,0.0018368524,0.012442765,0.9826765,0.00016479063
ISIC_0034261,HAM_0002759,nv,1,1.0416174e-05,7.620635e-06,4.6500056e-05,0.00015165108,0.0012086581,0.99855334,2.1836746e-05
ISIC_0033435,HAM_0006637,nv,1,2.8436652e-06,1.5163966e-05,0.00064731186,1.6079028e-05,0.00017198184,0.99911493,3.1666208e-05
ISIC_0034016,HAM_0006637,nv,1,5.617483e-06,8.533519e-05,0.0025755372,2.4258674e-05,0.0009321148,0.9963174,5.980672e-05
ISIC_0033880,HAM_0004149,nv,1,0.00016609953,0.00016904506,0.00048297746,0.00035163268,0.010602416,0.98662007,0.0016077753
ISIC_0033994,HAM_0004149,nv,1,0.00054938364,0.00032741186,0.0071596066,0.00042370244,0.011884802,0.9721959,0.00745914
ISIC_0032755,HAM_0004149,nv,1,2.091307e-05,6.231307e-05,0.000119643315,6.607332e-05,0.0031835905,0.9963548,0.00019268901
ISIC_0033021,HAM_0002325,nv,1,0.00045844578,0.00027535917,0.0005486877,0.0012043102,0.025399644,0.9709644,0.0011491609
ISIC_0033835,HAM_0002325,nv,1,7.427782e-05,9.2440234e-05,0.00030637335,0.0003374725,0.006417582,0.99233127,0.00044057725
ISIC_0033781,HAM_0001211,nv,1,0.001418422,0.0021003901,0.013696683,0.001737887,0.26198703,0.71774006,0.001319535
ISIC_0034069,HAM_0003441,nv,1,0.00025747277,0.0007435684,0.24723668,0.0001449944,0.017571937,0.7338001,0.00024520283
ISIC_0032673,HAM_0003441,nv,1,0.00047358088,0.0004422889,0.4347769,0.0002036846,0.32121113,0.24246289,0.00042951916
ISIC_0033684,HAM_0003441,nv,1,0.0002562216,0.000105771076,0.0706281,6.2179606e-05,0.7563633,0.17243257,0.00015180626
ISIC_0034124,HAM_0004599,nv,1,0.005027817,0.00018091623,0.013012542,0.0006144272,0.23931459,0.74147266,0.00037706184
ISIC_0033861,HAM_0004599,nv,1,0.0013767763,0.0002094924,0.032203928,0.00023971556,0.30080536,0.66476405,0.0004006647
ISIC_0033407,HAM_0001994,nv,1,1.303649e-05,5.477858e-05,0.002652299,4.594835e-05,0.0027231628,0.9944448,6.594665e-05
ISIC_0033734,HAM_0001994,nv,1,0.00020507112,0.00014713133,0.00065875327,0.00012486875,0.04816275,0.9505187,0.00018275062
ISIC_0033923,HAM_0001994,nv,1,0.00033912284,0.00014471986,0.00081829407,0.00055422646,0.014003541,0.98364335,0.00049680535
ISIC_0025970,HAM_0003033,nv,1,0.001797182,0.0008084728,0.008886627,0.0031510736,0.10840012,0.8762689,0.0006874834
ISIC_0034108,HAM_0005997,nv,1,0.00020480773,0.01134436,0.03430908,0.0016653237,0.0744274,0.877957,9.1954185e-05
ISIC_0033740,HAM_0005997,nv,1,7.113707e-05,0.00867868,0.029754672,0.0001666959,0.5096919,0.45156202,7.48428e-05
ISIC_0033993,HAM_0001948,nv,1,2.7688042e-05,2.9763005e-05,7.697353e-05,3.4458324e-05,0.00017623717,0.9996307,2.4149938e-05
ISIC_0032926,HAM_0001948,nv,1,0.0008189706,0.00021967082,0.00045205775,0.00017479513,0.0015924699,0.9965475,0.00019461756
ISIC_0033049,HAM_0001948,nv,1,0.00027210583,7.280843e-05,0.00021399588,8.3638464e-05,0.0015348248,0.9977144,0.00010823623
ISIC_0030537,HAM_0003997,nv,1,7.363587e-05,5.7124096e-05,0.0008745782,0.0001014377,0.5862808,0.41250008,0.00011228129
ISIC_0030023,HAM_0001706,nv,1,0.0035189623,0.00013315413,0.009997705,0.0026562521,0.43423936,0.5489299,0.0005245817
ISIC_0025972,HAM_0007164,nv,1,0.00024054051,6.5503744e-05,0.01267938,0.0006513078,0.57615876,0.41015682,4.773673e-05
ISIC_0031867,HAM_0001012,nv,1,5.9618855e-05,8.6069864e-05,0.0010588354,0.0004154566,0.81378883,0.18444031,0.00015076257
ISIC_0025267,HAM_0000626,nv,1,0.000116821924,4.39097e-05,0.000511931,0.00031539155,0.22178836,0.7771473,7.6315e-05
ISIC_0029581,HAM_0000626,nv,1,5.2555948e-05,1.2289599e-05,0.00042734062,0.00025793267,0.3239812,0.6752348,3.3866458e-05
ISIC_0029814,HAM_0004485,nv,1,0.00037648523,0.00011777423,0.00090137887,0.005433357,0.17826653,0.8131031,0.0018013803
ISIC_0031481,HAM_0004485,nv,1,0.00018022291,0.0001198201,0.0010270325,0.0025933308,0.055637706,0.9392043,0.0012376286
ISIC_0025887,HAM_0006390,nv,1,0.00023379312,0.0001448822,0.0034322117,0.0009156837,0.66631293,0.3285629,0.00039769546
ISIC_0030284,HAM_0003192,nv,1,6.0216098e-05,6.188535e-05,0.0001042475,0.00043654733,0.009700872,0.9895158,0.00012045775
ISIC_0025620,HAM_0001818,nv,1,7.283728e-06,1.9416273e-05,0.0005580843,0.016389444,0.00018475697,0.9827822,5.8879123e-05
ISIC_0024668,HAM_0005007,nv,1,0.00012245713,0.00010453877,0.0009850792,0.00027141784,0.021456368,0.9768966,0.00016350173
ISIC_0026210,HAM_0000448,nv,1,8.298639e-05,0.0006192087,0.0051807743,0.0015295658,0.0029082806,0.9707888,0.018890435
ISIC_0025100,HAM_0000448,nv,1,0.00014626337,0.0007456939,0.029410878,0.0011370474,0.004951182,0.9523224,0.011286427
ISIC_0027909,HAM_0000139,nv,1,0.00030787036,0.00028865313,0.00044272997,0.0026260433,0.14865246,0.8471226,0.00055966317
ISIC_0031654,HAM_0005428,nv,1,0.001160701,0.00082466943,0.0074823694,0.021403942,0.014569516,0.9533305,0.0012283415
ISIC_0024361,HAM_0005605,nv,1,2.9667606e-05,0.00010497557,6.442144e-05,0.0003070375,0.5502791,0.4491247,9.01418e-05
ISIC_0031703,HAM_0005327,nv,1,0.00059282617,8.245437e-05,0.015929323,0.00077470264,0.20100258,0.7811285,0.0004895541
ISIC_0031645,HAM_0001037,nv,1,0.00014182585,4.217001e-05,0.00026136768,0.00027713974,0.034975827,0.96397316,0.00032846938
ISIC_0031726,HAM_0001037,nv,1,0.0004149884,9.314058e-05,0.0011593263,0.00042732613,0.20037344,0.7971495,0.00038230524
ISIC_0026424,HAM_0001919,nv,1,0.00050460495,0.00022130838,0.0003335235,0.0003254794,0.015820919,0.9826366,0.00015754535
ISIC_0029431,HAM_0000167,nv,1,0.0001104086,0.00012389351,0.00012757689,0.002035744,0.005186412,0.99222344,0.00019264103
ISIC_0030717,HAM_0000431,nv,1,0.0001953684,0.00011262974,0.00038551283,0.00040519936,0.062593594,0.9361176,0.00019009868
ISIC_0026067,HAM_0000431,nv,1,0.00020067516,0.00018668485,0.00074196694,0.00062969915,0.04948872,0.94848853,0.0002637825
ISIC_0029572,HAM_0006020,nv,1,0.0026189429,0.0011610145,0.0022118415,0.011118068,0.09590486,0.88537645,0.0016087637
ISIC_0025227,HAM_0004717,nv,1,0.00029206657,0.00014013507,0.00010681756,0.0005140967,0.08981411,0.9088638,0.00026906433
ISIC_0030268,HAM_0004717,nv,1,8.6397835e-05,6.008027e-05,5.4277993e-05,8.505837e-05,0.11120371,0.88845915,5.1389376e-05
ISIC_0027925,HAM_0002031,nv,1,0.00010049148,8.298556e-05,0.001586409,0.00037999233,0.009752396,0.98799443,0.0001032772
ISIC_0031917,HAM_0002031,nv,1,0.00029484587,0.00021655812,0.0015343571,0.001283256,0.01976229,0.97668695,0.00022169364
ISIC_0026841,HAM_0003833,nv,1,2.7700586e-05,0.00032739918,0.00010352497,0.00016902511,0.0029495924,0.99618465,0.00023813096
ISIC_0025945,HAM_0003833,nv,1,4.6825175e-05,0.0002890887,0.00014736396,0.00022891142,0.005109229,0.99382025,0.00035837403
ISIC_0031149,HAM_0003833,nv,1,4.832948e-05,0.000629814,0.00020110415,0.00028029823,0.008111909,0.9903127,0.00041587529
ISIC_0032492,HAM_0004068,nv,1,6.132919e-05,5.6942223e-05,0.0014289474,0.0019436261,0.07832324,0.91761863,0.000567287
ISIC_0027853,HAM_0004068,nv,1,8.626366e-05,5.91724e-05,0.0010949062,0.0027405242,0.18594192,0.8092739,0.00080340076
ISIC_0028545,HAM_0004068,nv,1,0.00019772539,0.000103585226,0.0011158234,0.0029269122,0.20014574,0.7946899,0.0008203496
ISIC_0030466,HAM_0004432,nv,1,0.00028211455,0.00024558455,0.00035593036,0.0007346135,0.05790343,0.9400058,0.000472453
ISIC_0024529,HAM_0004432,nv,1,5.8072448e-05,9.706329e-05,0.00071790686,0.00031363027,0.008320978,0.9903681,0.00012414584
ISIC_0027338,HAM_0000163,nv,1,0.0032443132,0.00017766039,0.002283774,0.00044663815,0.7630724,0.23046228,0.00031302404
ISIC_0025534,HAM_0000163,nv,1,0.0038171213,0.00024569422,0.0024935696,0.0005191198,0.57599455,0.41649708,0.0004328945
ISIC_0030135,HAM_0001297,nv,1,0.00023221422,0.00039423894,0.0011678208,0.00059413904,0.12194583,0.8750492,0.00061660144
ISIC_0030941,HAM_0001297,nv,1,0.00024120936,0.0002938093,0.0015945346,0.00043848323,0.08438013,0.9125029,0.000548908
ISIC_0024394,HAM_0002547,nv,1,2.1292519e-05,2.2932943e-05,5.6759578e-05,3.376056e-05,0.32933807,0.6704991,2.8098031e-05
ISIC_0029516,HAM_0002547,nv,1,2.5965825e-05,1.5749069e-05,7.2965326e-05,2.1484422e-05,0.70486784,0.29498264,1.3313951e-05
ISIC_0030066,HAM_0007089,nv,1,0.00032534325,0.006249164,0.0036300083,0.0005301511,0.04679964,0.9418336,0.0006320341
ISIC_0029640,HAM_0005284,nv,1,0.004724488,0.006119915,0.006968716,0.07180474,0.60209507,0.30572346,0.0025636475
ISIC_0029724,HAM_0005284,nv,1,0.0025414473,0.005069101,0.006489814,0.04014016,0.63166475,0.3126967,0.0013980487
ISIC_0027707,HAM_0005284,nv,1,0.0013298725,0.0021925892,0.0020962735,0.035162687,0.8358444,0.12278976,0.00058439246
ISIC_0031541,HAM_0004007,nv,1,3.7378243e-06,4.3791566e-05,5.9274287e-05,0.00027488568,0.00036697573,0.99908733,0.00016398152
ISIC_0027596,HAM_0004007,nv,1,2.1980575e-06,3.725e-05,4.0041545e-05,0.00019158803,0.00018015614,0.9994073,0.00014140617
ISIC_0028960,HAM_0004007,nv,1,4.268352e-06,4.7531095e-05,0.0001269516,0.00022631571,0.00040345135,0.99899906,0.00019244716
ISIC_0026611,HAM_0002470,nv,1,0.0008938839,0.0005358516,0.16096388,0.00027583272,0.4265755,0.41023365,0.00052139786
ISIC_0029269,HAM_0002470,nv,1,0.00040735546,0.00022364875,0.018692134,0.0002599443,0.040115975,0.9401802,0.000120885335
ISIC_0027364,HAM_0002150,nv,1,0.0013247525,0.0010982583,0.00084042083,0.025551558,0.020491192,0.94903374,0.0016599899
ISIC_0032305,HAM_0006456,nv,1,6.9042595e-05,0.00033131946,0.0035325207,0.000290113,0.12410263,0.87159747,7.687229e-05
ISIC_0031725,HAM_0006706,nv,1,0.00018710099,0.00010913504,0.0014139034,0.00053508725,0.40725526,0.59024274,0.0002567377
ISIC_0027040,HAM_0004924,nv,1,0.0014939944,0.00047286885,0.0014780315,0.0018304803,0.15032226,0.8433574,0.0010450153
ISIC_0026888,HAM_0005163,nv,1,0.00013174539,0.002034847,0.003857692,0.0004089871,0.30052707,0.6919558,0.0010838698
ISIC_0031405,HAM_0002333,nv,1,0.00033942133,2.243103e-05,9.5738185e-05,0.08272987,0.025231184,0.8911688,0.00041263143
ISIC_0028167,HAM_0007456,nv,1,0.00017502872,9.7038355e-05,0.0036112363,0.00015266276,0.1468801,0.84854484,0.0005391264
ISIC_0031727,HAM_0005855,nv,1,0.04482926,0.00080284,0.4224306,0.0034670033,0.09064607,0.43669206,0.0011321858
ISIC_0025518,HAM_0003698,nv,1,0.0016249738,0.005677257,0.008398641,0.0025539475,0.07738345,0.9030738,0.0012879733
ISIC_0026101,HAM_0003698,nv,1,0.00018043569,0.00055686757,0.0028439316,0.00043368895,0.032618668,0.962612,0.00075448735
ISIC_0027213,HAM_0002904,nv,1,0.020460466,0.013146325,0.9240787,0.0002395447,0.025087055,0.016813891,0.0001738908
ISIC_0027224,HAM_0002668,nv,1,0.07083417,0.00090130075,0.067277625,0.01633883,0.0880255,0.75340223,0.0032204501
ISIC_0026784,HAM_0002668,nv,1,0.059220247,0.0024467,0.004720745,0.0025342463,0.20329577,0.72356707,0.004215151
ISIC_0027293,HAM_0004775,nv,1,0.00056665845,0.0002748221,0.001566123,7.889179e-05,0.76360923,0.23379917,0.00010512883
ISIC_0025562,HAM_0001313,nv,1,0.00037630348,0.0041699917,0.52987474,0.00034464165,0.0069663934,0.4576736,0.00059432554
ISIC_0028304,HAM_0003005,nv,1,0.00015674542,0.00022452744,0.027842266,0.0007890534,0.05031746,0.9202101,0.0004598015
ISIC_0026782,HAM_0002110,nv,1,0.0007707488,0.00012254708,0.00044130898,0.00066963816,0.72934455,0.2683109,0.00034035175
ISIC_0028715,HAM_0002053,nv,1,0.0010901911,0.00015906354,0.00027483713,0.0008794218,0.07414922,0.9229398,0.0005074813
ISIC_0025410,HAM_0005541,nv,1,0.0003981481,0.0010167068,0.006307656,0.1147931,0.006125542,0.870025,0.0013338282
ISIC_0030525,HAM_0007004,nv,1,4.220005e-05,0.14061058,0.0006652972,0.000213474,0.008256768,0.8496481,0.0005635286
ISIC_0030121,HAM_0003088,nv,1,0.0006079671,0.00025894225,0.004918195,0.0007647989,0.2181489,0.77491707,0.00038418963
ISIC_0029736,HAM_0003088,nv,1,3.9730272e-05,4.9445123e-05,0.00035619302,0.00025831605,0.0036576435,0.99551916,0.00011942629
ISIC_0026592,HAM_0001406,nv,1,0.008225912,0.0051476443,0.0060299723,0.0050827065,0.083566986,0.8905681,0.0013787212
ISIC_0030914,HAM_0001406,nv,1,0.012557984,0.0017513484,0.0056922007,0.008121912,0.025723312,0.94520473,0.0009484792
ISIC_0029197,HAM_0001911,nv,1,0.0001399883,0.000105875304,0.0003790441,7.094262e-05,0.02520804,0.97404724,4.8853424e-05
ISIC_0026512,HAM_0003974,nv,1,0.00031835597,0.0001236998,0.09433207,6.281057e-05,0.7149494,0.19018419,2.9438721e-05
ISIC_0026034,HAM_0002103,nv,1,0.00061174063,0.007900315,0.07015736,0.0017308146,0.0059416723,0.9133753,0.0002828238
ISIC_0029993,HAM_0005987,nv,1,0.00023844684,4.4715416e-05,0.0009922029,0.0002205273,0.4971885,0.501088,0.00022752759
ISIC_0026741,HAM_0005987,nv,1,0.001132695,8.9502726e-05,0.003487243,0.00059981,0.36183968,0.63257265,0.00027839327
ISIC_0027308,HAM_0003496,nv,1,0.00010110141,0.00027268345,0.012463719,0.0005644493,0.076051876,0.91035765,0.00018851376
ISIC_0029046,HAM_0004170,nv,1,0.0066123647,0.0071776533,0.25902122,0.00066632306,0.17750172,0.54834795,0.000672862
ISIC_0030117,HAM_0001361,nv,1,0.00022175,7.589001e-05,0.0014431704,0.00036524714,0.090691835,0.9070537,0.00014829551
ISIC_0028305,HAM_0001318,nv,1,0.009783296,0.00051938253,0.08607654,0.00022734502,0.20229544,0.70058566,0.0005123299
ISIC_0029645,HAM_0000225,nv,1,0.000439014,4.300383e-05,0.00058216735,0.00038067775,0.74348336,0.2549414,0.00013040751
ISIC_0031451,HAM_0006401,nv,1,0.00011156282,0.0030613139,0.00016682269,0.00041775717,0.0009386762,0.99479395,0.00050985126
ISIC_0025074,HAM_0000851,nv,1,0.000111387555,0.000100433914,0.002346366,0.000110520734,0.015529793,0.9816597,0.00014191143
ISIC_0025784,HAM_0003652,nv,1,0.007768907,0.0009840954,0.001735595,0.0006697852,0.29331088,0.69541883,0.00011193234
ISIC_0032112,HAM_0003652,nv,1,0.000529994,0.00021226314,0.00085107354,0.00026727963,0.17434026,0.82364804,0.00015110621
ISIC_0028631,HAM_0000338,nv,1,0.0006811465,0.00037105696,0.0003617542,0.0012552694,0.059777636,0.93690765,0.0006455266
ISIC_0026053,HAM_0001319,nv,1,0.19978736,0.0018653068,0.08830947,0.0018799363,0.5724858,0.13505094,0.00062114926
ISIC_0028599,HAM_0001319,nv,1,0.00011242501,0.00021418018,0.5334551,0.00015517477,0.40741962,0.058465533,0.00017790875
ISIC_0026097,HAM_0003419,nv,1,0.012504989,0.018026635,0.0021735718,0.0017261665,0.27484727,0.68961775,0.0011036661
ISIC_0028767,HAM_0003419,nv,1,0.04068332,0.039421998,0.006727863,0.00126043,0.65547436,0.2556867,0.0007453229
ISIC_0031919,HAM_0004681,nv,1,0.0005921116,0.00028970157,0.93924886,0.0033990582,0.007968921,0.04763821,0.00086320157
ISIC_0026491,HAM_0005786,nv,1,0.000552117,3.5330144e-05,0.009989279,2.7785163e-05,0.9798995,0.00947615,1.9818415e-05
ISIC_0030535,HAM_0001762,nv,1,0.009987711,0.009614472,0.12419628,0.0023446514,0.33204207,0.52033895,0.0014758677
ISIC_0025950,HAM_0007477,nv,1,5.140421e-05,8.558292e-05,0.001229474,0.00014672327,0.0050425017,0.9933722,7.206805e-05
ISIC_0026437,HAM_0006251,nv,1,0.041403133,0.0015468912,0.03725879,0.0026159775,0.68006253,0.23640443,0.0007082184
ISIC_0030425,HAM_0004946,nv,1,0.002464658,0.0009254833,0.5464376,0.0033230437,0.035396174,0.4108647,0.000588273
ISIC_0026029,HAM_0004225,nv,1,0.0016198904,0.0024772848,0.00987952,0.0025335564,0.28327578,0.69974625,0.00046774634
ISIC_0031832,HAM_0006972,nv,1,0.010479923,0.0003071793,0.1258765,0.0004776307,0.6417556,0.22092013,0.00018306721
ISIC_0027051,HAM_0006972,nv,1,0.0052814907,0.00015762911,0.00845217,0.0006546319,0.112483,0.87273353,0.00023755548
ISIC_0030340,HAM_0006972,nv,1,0.0039197947,0.00032380526,0.039414935,0.00046929708,0.43592277,0.51969725,0.0002521798
ISIC_0029054,HAM_0005822,nv,1,0.029825676,0.00014390315,0.029651426,0.0005484143,0.22385411,0.71558756,0.00038888401
ISIC_0032327,HAM_0004806,nv,1,0.0056148306,0.00057639857,0.5010081,0.0028178052,0.0017754327,0.48559368,0.0026136898
ISIC_0030873,HAM_0005745,nv,1,0.0005148742,0.00010079242,0.21139857,6.053959e-05,0.77932864,0.008490106,0.000106458014
ISIC_0026076,HAM_0001361,nv,1,0.00084065046,0.00010563157,0.00580118,0.0004369764,0.54940873,0.44319013,0.00021674192
ISIC_0030732,HAM_0006366,nv,1,0.00025408412,0.00026369013,0.010159271,5.6693825e-05,0.07169981,0.9171915,0.00037477928
ISIC_0030802,HAM_0004058,nv,1,0.00096788723,0.000483841,0.025981883,0.000994718,0.5793412,0.3920019,0.0002285503
ISIC_0027242,HAM_0003578,nv,1,0.6180219,0.009696245,0.29307547,0.00013255712,0.033612665,0.045274973,0.00018620669
ISIC_0025542,HAM_0006685,nv,1,7.51448e-05,0.017138874,0.0005574224,0.00017886021,0.00054027233,0.97683525,0.0046740826
ISIC_0031662,HAM_0006947,nv,1,0.011682434,0.007873911,0.21914354,0.0019295852,0.02238692,0.73414844,0.0028350814
ISIC_0032109,HAM_0006947,nv,1,0.0009445988,0.00090663927,0.033071406,0.0007200178,0.00959383,0.9542959,0.0004676103
ISIC_0031031,HAM_0004806,nv,1,0.0028227286,0.00068234635,0.17092408,0.002228605,0.0048867725,0.8106693,0.0077861953
ISIC_0030792,HAM_0000759,nv,1,6.167199e-05,1.699242e-05,0.006801883,0.0003483735,0.0065797474,0.9861042,8.6971435e-05
ISIC_0025655,HAM_0000759,nv,1,0.00034066508,4.7474692e-05,0.029318616,0.0015230322,0.0053120125,0.9633437,0.00011455512
ISIC_0031476,HAM_0004170,nv,1,0.008350996,0.00314655,0.59090674,0.0009273975,0.051557276,0.3446729,0.00043807158
ISIC_0025000,HAM_0001643,nv,1,0.0013520578,0.0006905636,0.10329255,0.0025532572,0.093134955,0.7983021,0.0006745667
ISIC_0029530,HAM_0000267,nv,1,0.0036009047,0.0004741846,0.010299429,0.0024628085,0.46887013,0.5139483,0.00034422107
ISIC_0028230,HAM_0004519,nv,1,0.0011560478,0.0005557622,0.2600887,0.00019777646,0.44502574,0.2924256,0.0005503613
ISIC_0027109,HAM_0006685,nv,1,4.4723263e-05,0.00047198115,0.0071419124,0.0006228357,8.654375e-05,0.99088436,0.0007476239
ISIC_0029095,HAM_0006685,nv,1,3.329425e-05,0.042769812,6.405112e-05,5.2584215e-05,0.00071047345,0.95274585,0.0036239724
ISIC_0028874,HAM_0001702,nv,1,0.000379154,0.0003754694,0.0020921559,0.0024808599,0.11568724,0.87851596,0.00046910802
ISIC_0028592,HAM_0001702,nv,1,0.0009053942,0.0007162258,0.008653288,0.005200018,0.096219376,0.88654685,0.0017588806
ISIC_0028358,HAM_0001318,nv,1,0.0017446984,0.00045735954,0.009038373,0.00052539044,0.49668145,0.49089494,0.0006577014
ISIC_0031249,HAM_0003223,nv,1,0.003276892,0.0013984059,0.011707459,0.00044521486,0.1175629,0.8652922,0.0003169402
ISIC_0028602,HAM_0000778,nv,1,0.0009804579,0.00065824826,0.39017388,0.007945053,0.0027524487,0.59610724,0.0013826672
ISIC_0032140,HAM_0004337,nv,1,0.00022259126,4.348973e-05,0.017717184,0.0023941046,0.00080314913,0.9787281,9.1351285e-05
ISIC_0028736,HAM_0003125,nv,1,0.00039928374,0.0019086001,0.083731905,0.00041357067,0.20804955,0.7051986,0.00029846618
ISIC_0029749,HAM_0001962,nv,1,0.00019096704,0.001082959,0.04347039,0.00018617933,0.23499869,0.7196181,0.00045276905
ISIC_0028128,HAM_0005102,nv,1,0.00362756,0.018666752,0.500844,0.0005898742,0.28259903,0.19347008,0.0002026641
ISIC_0026554,HAM_0005828,nv,1,0.0017014309,0.0071092816,0.9409587,0.001387312,0.03515581,0.013469654,0.0002177964
ISIC_0031085,HAM_0005828,nv,1,0.00931013,0.0048869667,0.61075556,0.019565716,0.27528912,0.07814331,0.0020491628
ISIC_0030260,HAM_0006821,nv,1,0.0011533452,0.0002143917,0.9298743,5.884083e-05,0.05750353,0.011093268,0.00010226529
ISIC_0031462,HAM_0002861,nv,1,0.012894162,0.00361307,0.84607875,0.00022584572,0.020944625,0.116080545,0.00016298861
ISIC_0031981,HAM_0004337,nv,1,4.1096104e-05,2.038382e-05,0.072866336,0.0020439748,0.00012807705,0.92486,4.006578e-05
ISIC_0027535,HAM_0006821,nv,1,0.009920457,0.005806363,0.32075357,0.00039822698,0.63416797,0.026809053,0.002144402
ISIC_0026071,HAM_0001190,nv,1,0.0013624235,0.000706816,0.7353016,0.00029178135,0.22294417,0.038855553,0.00053771725
ISIC_0032186,HAM_0000104,nv,1,0.003971243,0.00068405975,0.21661086,0.00015686553,0.65430343,0.12414644,0.00012703358
ISIC_0025989,HAM_0003033,nv,1,0.0015362913,0.00055261725,0.005227748,0.0010840873,0.13443099,0.85629374,0.000874498
ISIC_0028447,HAM_0005745,nv,1,0.00021602357,7.978167e-05,0.14368628,6.045807e-05,0.83171654,0.024153497,8.7452056e-05
ISIC_0032035,HAM_0002228,nv,1,0.00030849464,0.002407615,0.01720902,0.000115501396,0.21885346,0.76089555,0.00021037507
ISIC_0028873,HAM_0001190,nv,1,0.0010473395,0.00044782343,0.7488351,0.000328917,0.23379773,0.015368014,0.000175028
ISIC_0024922,HAM_0003223,nv,1,0.10081536,0.0008306578,0.0147669595,0.0014721563,0.2495204,0.6322141,0.0003803028
ISIC_0025517,HAM_0005848,nv,1,0.00027969317,0.00015147368,0.001196096,0.00018271213,0.14948379,0.848539,0.00016733893
ISIC_0030553,HAM_0005848,nv,1,0.001818922,0.0058401003,0.012645873,0.00025004087,0.6450564,0.33334616,0.001042481
ISIC_0025295,HAM_0001230,nv,1,0.0035567626,0.05850684,0.026175462,0.002732396,0.70205164,0.20591109,0.00106585
ISIC_0025477,HAM_0003125,nv,1,0.0024969266,0.0016375243,0.041213732,0.0017602419,0.61217225,0.34006035,0.00065904023
ISIC_0031913,HAM_0000104,nv,1,0.00043195504,0.0003423726,0.1402981,0.00023576905,0.7979537,0.060577627,0.0001604668
ISIC_0029344,HAM_0004638,nv,1,0.026233075,0.00039561457,0.031489,0.0002697857,0.6166167,0.32430017,0.0006956826
ISIC_0025165,HAM_0003033,nv,1,0.0006597518,0.000108546235,0.006419736,0.0023493248,0.040817395,0.94917464,0.00047058333
ISIC_0028698,HAM_0003033,nv,1,0.0005206229,0.00016575234,0.0012343591,0.0011720966,0.031896777,0.96363074,0.0013797192
ISIC_0024480,HAM_0000866,nv,1,0.0044960734,0.00041494548,0.50172293,0.0017710343,0.42084593,0.07053676,0.00021234775
ISIC_0027873,HAM_0006114,nv,1,0.00013534122,0.00037588508,0.0011069477,0.000140458,0.012496324,0.9849806,0.0007645172
ISIC_0025422,HAM_0002572,nv,1,0.00067458075,0.00054950244,0.001261514,0.00035340228,0.5852043,0.4117427,0.00021393107
ISIC_0030033,HAM_0002572,nv,1,0.0019717854,0.00039399698,0.0011028359,0.0005158802,0.24048325,0.7553504,0.00018179975
ISIC_0031039,HAM_0000778,nv,1,0.0020557276,0.00022246111,0.054222222,0.0067437636,0.022891968,0.9135239,0.00033987587
ISIC_0026665,HAM_0000778,nv,1,0.00050291617,0.0004893509,0.049526703,0.006875495,0.0040992857,0.93815786,0.00034835984
ISIC_0031611,HAM_0003710,nv,1,3.921848e-05,0.00010977635,0.011519142,0.0007081833,0.008543597,0.97886425,0.00021577286
ISIC_0032074,HAM_0003710,nv,1,4.236906e-05,3.972439e-05,0.0033526698,0.00042416793,0.006519489,0.9895566,6.4857966e-05
ISIC_0024876,HAM_0004680,nv,1,0.0005604936,0.00017060732,0.009260426,0.0003412871,0.08803224,0.9013332,0.0003017736
ISIC_0026809,HAM_0000267,nv,1,0.004442216,0.0004334429,0.22104798,0.00032654149,0.39023113,0.38343152,8.72035e-05
ISIC_0026157,HAM_0000787,nv,1,0.0026951495,0.00039670517,0.0073136655,0.0019698888,0.10074045,0.88569754,0.0011866582
ISIC_0027512,HAM_0004738,nv,1,0.003901405,0.00025770278,0.1747896,0.00015938746,0.6506917,0.17007491,0.00012534924
ISIC_0032157,HAM_0000353,nv,1,0.00021579734,6.158593e-05,0.00027014234,0.00013932923,0.8037118,0.19542529,0.00017612865
ISIC_0025166,HAM_0001689,nv,1,0.0009370624,0.0018892245,0.18316461,0.009092551,0.07342927,0.7159902,0.015497188
ISIC_0028938,HAM_0001689,nv,1,0.00038359495,0.0006046594,0.031655684,0.0015455604,0.09097473,0.8682166,0.006619212
ISIC_0027211,HAM_0006262,nv,1,0.0004098152,0.0026775554,0.0031334376,0.0011183532,0.25908852,0.73233074,0.0012415362
ISIC_0030900,HAM_0006262,nv,1,2.3327977e-05,0.00014151244,0.0015571011,0.0002411914,0.0017168343,0.9962592,6.074499e-05
ISIC_0027549,HAM_0006358,nv,1,0.0002468149,0.00023875444,0.07256459,0.0002234146,0.0035706882,0.92283076,0.00032506633
ISIC_0025581,HAM_0006358,nv,1,0.0002611521,0.00025114755,0.013739,0.0001207375,0.0012760554,0.9840954,0.00025660166
ISIC_0025065,HAM_0005273,nv,1,0.00016255437,0.001411129,0.0030611914,0.00082069635,0.055331115,0.9376845,0.0015287773
ISIC_0027319,HAM_0005273,nv,1,0.00014213432,0.0011982394,0.010363852,0.00095252506,0.13648365,0.8492298,0.0016298215
ISIC_0030977,HAM_0005154,nv,1,0.00017142575,0.00037958255,0.9021261,0.00016135442,0.00465655,0.09233815,0.00016680182
ISIC_0024762,HAM_0005154,nv,1,0.00047493342,0.0009908134,0.024005212,0.00047865836,0.6700635,0.30379614,0.0001907694
ISIC_0024818,HAM_0006645,nv,1,0.00028171143,0.0013744985,0.04356019,0.00033388782,0.11589205,0.83813137,0.0004262158
ISIC_0031595,HAM_0006645,nv,1,0.00016018374,0.00023999508,0.048827454,0.00024472858,0.5571659,0.39201522,0.0013464513
ISIC_0031071,HAM_0003045,nv,1,2.6084546e-05,0.00013640657,0.004149234,0.00035868218,0.0022074105,0.99273396,0.00038820686
ISIC_0031475,HAM_0003045,nv,1,2.494528e-05,0.00019241478,0.021513807,0.0004033835,0.0055603865,0.9718892,0.00041578204
ISIC_0030567,HAM_0003609,nv,1,2.3679175e-05,0.0006263985,0.005043846,8.427854e-05,0.0002565718,0.9936371,0.0003281603
ISIC_0025729,HAM_0003609,nv,1,0.00014831295,0.0057758116,0.017773386,4.35851e-05,0.0007847305,0.9751439,0.00033033456
ISIC_0025860,HAM_0002726,nv,1,8.044005e-05,0.000979004,0.008077899,0.00019109038,0.12537627,0.8651994,9.5898795e-05
ISIC_0025473,HAM_0002726,nv,1,0.00072265393,0.05751974,0.022019384,0.00046840656,0.08559178,0.83214206,0.0015358459
ISIC_0030059,HAM_0005246,nv,1,0.0006746226,0.0006987617,0.114120804,0.0005431342,0.0034765715,0.8802679,0.00021816402
ISIC_0028658,HAM_0004703,nv,1,5.798042e-05,6.0762955e-05,0.0005290288,0.00030172602,0.003448017,0.99460936,0.0009931937
ISIC_0030358,HAM_0005960,nv,1,0.1861746,0.11165956,0.4224288,0.001886811,0.14012085,0.13567722,0.002052118
ISIC_0028632,HAM_0005960,nv,1,0.008773004,0.0065354793,0.21348654,0.00090899965,0.06562038,0.704109,0.00056661974
ISIC_0029537,HAM_0002147,nv,1,0.00024490737,8.546831e-05,0.2071326,0.001809634,0.0023044082,0.7878412,0.0005817928
ISIC_0025252,HAM_0007239,nv,1,5.5625722e-05,0.00016671768,0.0012231953,2.9658224e-05,0.18863176,0.80983293,6.0145747e-05
ISIC_0027143,HAM_0007239,nv,1,0.00025465703,0.00043445712,0.0015779665,4.005719e-05,0.2886935,0.70896274,3.6615238e-05
ISIC_0034265,HAM_0005122,nv,1,0.00029188243,0.00089032395,0.01952549,0.00045384574,0.5910361,0.3876109,0.00019142116
ISIC_0033313,HAM_0003362,nv,1,5.180955e-05,0.00018914169,0.00731564,0.00057244586,0.015010718,0.9761041,0.0007561491
ISIC_0028170,HAM_0003040,nv,1,0.0011266886,0.00021714251,0.013529582,0.028719148,0.21681587,0.7392314,0.00036011133
ISIC_0033223,HAM_0007596,nv,1,8.326254e-05,0.00018581157,0.0005563585,0.0002646078,0.030465268,0.96832865,0.00011605103
ISIC_0032764,HAM_0007596,nv,1,2.0467432e-05,8.804248e-05,0.00033717186,8.6339576e-05,0.052391056,0.9469698,0.00010703243
ISIC_0032907,HAM_0003681,nv,1,6.2004176e-05,0.00010083947,0.0002473961,0.00015648855,0.0037692208,0.99529594,0.0003681357
ISIC_0033760,HAM_0003681,nv,1,2.9858144e-05,9.8284254e-05,0.00013712209,6.8882015e-05,0.025700614,0.97387254,9.269088e-05
ISIC_0032543,HAM_0002413,nv,1,3.4273195e-05,9.782612e-05,0.0037800348,0.00026282095,0.0070758415,0.9884515,0.00029781513
ISIC_0032658,HAM_0005717,nv,1,6.2744184e-05,6.081375e-05,0.00028423688,0.0020050441,0.0039487556,0.99349844,0.00014002211
ISIC_0033211,HAM_0005062,nv,1,2.7308586e-05,2.964319e-05,0.05694148,0.0004664225,0.36626315,0.5762128,5.9183254e-05
ISIC_0033617,HAM_0005062,nv,1,3.1787713e-05,0.0002475999,0.00158014,5.2409076e-05,0.81539136,0.18265049,4.61606e-05
ISIC_0033889,HAM_0005062,nv,1,3.887047e-05,5.010601e-05,0.011871721,0.0002992413,0.7181642,0.26940867,0.00016720475
ISIC_0033346,HAM_0004165,nv,1,0.00028780827,0.00037905644,0.22076909,0.00072354986,0.0070827636,0.77055985,0.00019780752
ISIC_0034219,HAM_0004165,nv,1,0.00045184733,0.00029632874,0.12166755,0.005531572,0.04515411,0.8265892,0.00030933914
ISIC_0033766,HAM_0005115,nv,1,0.00011941935,6.9385125e-05,0.0005008141,0.00014804037,0.035041273,0.9638925,0.00022861865
ISIC_0033008,HAM_0005115,nv,1,0.00016915043,9.2868e-05,0.00087938784,0.00012969215,0.07109726,0.92742157,0.00021010038
ISIC_0033577,HAM_0004346,nv,1,9.157789e-05,0.0001407348,0.001350005,0.00072596536,0.0047593834,0.9927215,0.00021085574
ISIC_0032402,HAM_0003809,nv,1,8.167045e-06,2.7736894e-05,3.0642037e-05,0.00014511819,0.00030024975,0.9994405,4.7505684e-05
ISIC_0024715,HAM_0003815,nv,1,5.945156e-05,0.00013904132,0.0027899938,0.00027895774,0.00034615293,0.996221,0.00016543848
ISIC_0033681,HAM_0006235,nv,1,0.00062880997,0.0002122769,0.19223718,0.0010489529,0.013470832,0.7921459,0.0002560548
ISIC_0032635,HAM_0004185,nv,1,2.7874396e-05,2.955646e-05,0.001030517,0.00021002778,0.013511579,0.98496836,0.00022205028
ISIC_0034114,HAM_0004212,nv,1,0.00026364354,0.0008971359,0.0005976214,0.00032875114,0.01884738,0.97808117,0.0009843493
ISIC_0033039,HAM_0004190,nv,1,8.726065e-05,7.700725e-05,0.0059874156,0.00013862745,0.017597994,0.9759486,0.00016302435
ISIC_0033647,HAM_0004203,nv,1,0.00015334973,0.0021756112,0.008825985,0.00013935407,0.009404391,0.97914976,0.00015156314
ISIC_0034080,HAM_0000421,nv,1,0.00060849055,0.0016768179,0.009045449,0.00038302134,0.21161924,0.7755843,0.001082635
ISIC_0029038,HAM_0004857,nv,1,0.00034121308,0.00033855773,0.08715783,0.00089024025,0.013275027,0.8976245,0.00037255988
ISIC_0031222,HAM_0004857,nv,1,1.5450672e-05,4.4795408e-05,0.0035446668,0.00012836016,0.007489417,0.9886135,0.00016385478
ISIC_0032273,HAM_0006283,nv,1,6.377168e-05,0.00017573568,0.00040502226,0.0015655506,0.010599799,0.9863767,0.0008133875
ISIC_0027924,HAM_0006283,nv,1,1.7195896e-05,3.668923e-05,0.00019374555,0.0003308622,0.009012697,0.9901466,0.00026224524
ISIC_0030693,HAM_0005314,nv,1,0.009436218,7.8934565e-05,0.8573383,0.00078179134,0.013543184,0.11877965,4.192183e-05
ISIC_0032173,HAM_0001694,akiec,1,0.9496989,0.016627202,0.0128759835,0.013540115,0.004208893,0.00076276285,0.002286102
ISIC_0028158,HAM_0002343,akiec,1,0.080987714,0.003486121,0.05269971,0.00083289226,0.2678927,0.5931862,0.0009147532
ISIC_0025069,HAM_0006222,akiec,1,0.9395272,0.017577453,0.016284293,0.00015848057,0.02363573,0.002754802,6.206188e-05
ISIC_0027958,HAM_0003455,akiec,1,0.9726552,0.00017027152,0.02406626,0.00026630968,0.0005599368,0.0022319623,5.003811e-05
ISIC_0027896,HAM_0003455,akiec,1,0.9880889,5.474832e-05,0.011347255,5.1632585e-05,0.00016265216,0.00027939584,1.5442474e-05
ISIC_0030827,HAM_0001173,akiec,1,0.9821743,0.00075640634,0.016411327,0.00013286331,0.00037997376,0.00012263872,2.2509339e-05
ISIC_0028372,HAM_0006482,akiec,1,0.99663347,3.685754e-05,0.0020747124,0.00018159642,0.0005504155,0.0005014038,2.1540844e-05
ISIC_0027506,HAM_0006482,akiec,1,0.9714532,0.0004024158,0.0065728235,0.0018390734,0.00956632,0.009845319,0.00032083382
ISIC_0026992,HAM_0003146,akiec,1,0.99809486,4.522502e-05,0.0011870525,1.3264456e-05,0.0006446019,1.0370802e-05,4.611012e-06
ISIC_0029563,HAM_0003146,akiec,1,0.94073874,0.00012900995,0.016032917,0.015175956,0.026043063,0.0018320848,4.8207494e-05
ISIC_0030341,HAM_0004558,akiec,1,0.27987346,0.5913361,0.05210106,0.019440247,0.046931684,0.0063794865,0.0039379713
ISIC_0025808,HAM_0002261,akiec,1,0.98504883,0.002557622,0.007661792,0.0018430859,0.0024753036,0.00021252087,0.00020081813
ISIC_0024710,HAM_0004609,akiec,1,0.0006551015,0.99692106,0.00036337477,1.4751327e-05,0.0018052638,4.99031e-05,0.00019055231
ISIC_0026466,HAM_0000456,akiec,1,0.5011271,0.0049562473,0.30217323,0.001058342,0.14827763,0.041074805,0.0013326538
ISIC_0031692,HAM_0007131,akiec,1,0.9851532,0.0051797163,0.008093323,3.7369875e-05,0.0012994456,0.00022625127,1.0706649e-05
ISIC_0028872,HAM_0000552,akiec,1,0.9154449,0.0024178696,0.07558589,7.8869176e-05,0.00063012325,0.0056382087,0.00020417191
ISIC_0026083,HAM_0000552,akiec,1,0.57357603,0.0083511425,0.30521947,0.0011357362,0.0051904083,0.10589388,0.00063336827
ISIC_0028659,HAM_0002070,akiec,1,0.99921966,0.00016658592,0.00057466794,1.386244e-05,1.6397877e-05,5.1096767e-06,3.666014e-06
ISIC_0027172,HAM_0003939,akiec,1,0.9977793,4.4771365e-05,0.001265063,2.0578049e-05,0.00072403,0.00013301153,3.3271248e-05
ISIC_0026203,HAM_0003895,akiec,1,0.3376326,0.0007130542,0.04395384,0.0037801773,0.07814605,0.5353367,0.00043758727
ISIC_0030785,HAM_0004609,akiec,1,0.45837784,0.53904724,0.0007963035,0.000110971916,0.0011518458,0.00014473467,0.0003710395
ISIC_0027047,HAM_0001786,akiec,1,0.9679464,0.016508702,0.003643342,0.00019579587,0.0002734331,0.011396226,3.6006997e-05
ISIC_0030143,HAM_0005978,akiec,1,0.9901618,0.00013712021,0.006613277,0.00082050543,0.00026742168,0.0019434601,5.638404e-05
ISIC_0028558,HAM_0002646,akiec,1,0.9582972,8.840227e-05,0.001727713,0.00010076157,0.03679612,0.0028958484,9.392011e-05
ISIC_0029781,HAM_0002646,akiec,1,0.99622524,1.3820897e-05,0.00018637194,6.193172e-06,0.0034351186,0.00012549131,7.752821e-06
ISIC_0026319,HAM_0003195,akiec,1,0.08887719,0.06681016,0.15424237,0.004943608,0.32589394,0.35618106,0.003051623
ISIC_0025319,HAM_0003195,akiec,1,0.24924244,0.7426486,0.0072824485,0.00010735933,0.0005081968,8.779544e-05,0.00012308807
ISIC_0025790,HAM_0001004,akiec,1,0.06244456,0.0063728862,0.6752875,0.00012340503,0.2342865,0.02135229,0.00013291245
ISIC_0024923,HAM_0001004,akiec,1,0.76482004,0.05693922,0.16768084,0.00030647317,0.0033730334,0.0066754036,0.00020495418
ISIC_0029900,HAM_0005551,akiec,1,0.99532276,0.001059817,0.0025925126,2.1261885e-05,0.00075170636,0.00012452347,0.00012747645
ISIC_0031993,HAM_0006887,akiec,1,0.9622541,0.0009807935,0.017989466,7.849001e-05,0.015744412,0.0028255756,0.00012715327
ISIC_0029500,HAM_0006887,akiec,1,0.9653767,0.0009839763,0.0059631825,1.4795694e-05,0.026961055,0.0005557468,0.0001445511
ISIC_0030344,HAM_0007199,akiec,1,0.16148731,0.0083766,0.12273313,0.0002054473,0.5947478,0.11109692,0.0013528316
ISIC_0025427,HAM_0001416,akiec,1,0.99337006,0.0017451927,0.00480219,1.3279247e-05,2.5397221e-05,1.6333752e-05,2.7514632e-05
ISIC_0028370,HAM_0005668,akiec,1,0.99746716,3.478905e-05,0.00078104343,8.642782e-06,0.0016470228,3.903806e-05,2.2243215e-05
ISIC_0028820,HAM_0000931,akiec,1,0.99639255,4.5501987e-05,0.0006539554,6.280418e-05,0.0027152062,0.000103344544,2.6644953e-05
ISIC_0027829,HAM_0004034,akiec,1,0.00088990066,0.00030995352,0.9912627,0.00028111564,0.0016637715,0.005518255,7.434289e-05
ISIC_0027334,HAM_0004462,akiec,1,0.010693064,0.9423295,0.012689031,0.00014961472,0.0006105214,0.033496503,3.1668707e-05
ISIC_0024948,HAM_0004034,akiec,1,0.0016200257,0.00042571558,0.9883295,0.00015149738,0.004802381,0.0045802267,9.064008e-05
ISIC_0029301,HAM_0001221,bkl,1,0.00062141765,0.0029329418,0.051081773,0.0025832618,0.676164,0.26634568,0.00027094755
ISIC_0026637,HAM_0001221,bkl,1,0.00044549967,0.00094128266,0.021782128,0.0018628458,0.38271886,0.59160995,0.0006393965
ISIC_0026893,HAM_0003791,bkl,1,0.5744225,0.000474144,0.42190132,8.8915185e-05,0.0014364205,0.0016630256,1.3635586e-05
ISIC_0027680,HAM_0004677,bkl,1,0.2893209,0.0032456059,0.6779672,0.00014598366,0.02572889,0.0032806587,0.00031086357
ISIC_0027454,HAM_0000245,bkl,1,0.00053530576,8.391554e-05,0.99517125,9.508875e-05,0.0031643205,0.00092008314,2.9979501e-05
ISIC_0027287,HAM_0002933,bkl,1,0.00077957375,0.048990037,0.114574626,2.3633222e-05,0.71990335,0.11569899,2.9875195e-05
ISIC_0024494,HAM_0002933,bkl,1,0.0005109503,0.002817338,0.04354651,4.7340498e-05,0.93470955,0.01834894,1.9352756e-05
ISIC_0031851,HAM_0004883,bkl,1,0.026774745,0.007723712,0.96057993,9.196299e-05,0.0013021562,0.0033891003,0.00013832269
ISIC_0030436,HAM_0004883,bkl,1,0.08449858,0.4165263,0.298843,0.00011404349,0.18977076,0.009256342,0.000990975
ISIC_0030329,HAM_0003279,bkl,1,0.000517066,0.00020647963,0.9912918,0.00043076096,0.002680612,0.004747891,0.00012523623
ISIC_0027859,HAM_0000001,bkl,1,0.2293416,0.0032586285,0.69005764,0.001013427,0.028267331,0.045737017,0.0023242927
ISIC_0027354,HAM_0007359,bkl,1,0.1793962,0.004990646,0.7961846,0.00070644304,0.009498369,0.009023665,0.00020004131
ISIC_0027162,HAM_0004905,bkl,1,0.0044010626,5.2401607e-05,0.99500173,1.879417e-05,0.00030406396,0.00021320573,8.655163e-06
ISIC_0030123,HAM_0006652,bkl,1,0.0006906295,0.0008790259,0.93705195,0.00013679216,0.007128327,0.05390752,0.00020575082
ISIC_0031945,HAM_0006652,bkl,1,0.0004475196,0.012713248,0.9731471,2.1532009e-05,0.0056912713,0.007932474,4.6846875e-05
ISIC_0029931,HAM_0005324,bkl,1,9.5853036e-05,1.0464331e-05,0.9895481,0.00018350285,0.0018871,0.008249387,2.5547783e-05
ISIC_0029061,HAM_0003881,bkl,1,0.0010431727,8.84495e-05,0.9950584,2.3805858e-05,0.0025635057,0.0011919952,3.0686966e-05
ISIC_0031893,HAM_0003881,bkl,1,0.003938532,0.0005958646,0.9507568,9.5577314e-05,0.041125704,0.0032639622,0.00022352982
ISIC_0033722,HAM_0006438,bkl,1,4.899941e-05,4.5672467e-05,0.7773789,0.00025030185,0.0019839755,0.22012798,0.00016415196
ISIC_0032460,HAM_0006876,bkl,1,1.7182061e-05,9.508805e-05,0.9971095,1.2694026e-05,1.2843658e-05,0.0027518747,7.849999e-07
ISIC_0026531,HAM_0000876,mel,1,3.3141303e-06,1.615178e-06,0.0018708211,8.15463e-06,0.995974,0.0021365448,5.5392943e-06
ISIC_0032396,HAM_0000876,mel,1,4.59858e-05,4.9040004e-06,0.0014645011,2.357917e-05,0.9894406,0.00900627,1.4162508e-05
ISIC_0025927,HAM_0002557,mel,1,0.017687364,0.017739259,0.002014734,0.27332005,0.6871265,0.0011434853,0.0009685698
ISIC_0030552,HAM_0002897,mel,1,0.0024439665,0.00029677644,0.005738156,0.0003579807,0.12328771,0.8675668,0.00030859865
ISIC_0027402,HAM_0006556,mel,1,0.021150654,0.026679061,0.7739632,0.0014941006,0.0143988645,0.1617569,0.00055721524
ISIC_0033704,HAM_0001280,mel,1,0.0039391927,0.0027851346,0.16076766,0.0014705322,0.5245692,0.30597854,0.0004896889
ISIC_0033893,HAM_0001280,mel,1,0.00013096837,0.00040341102,0.79483783,0.00010120452,0.051612463,0.15288724,2.6921485e-05
ISIC_0027130,HAM_0004654,mel,1,0.0033620074,0.00016410691,0.02383794,7.2538096e-05,0.9319639,0.040549703,4.9854658e-05
ISIC_0026094,HAM_0006696,mel,1,0.00014810485,0.0010669185,0.00092786044,4.817661e-05,0.7466196,0.25106508,0.00012423057
ISIC_0024546,HAM_0000952,mel,1,0.0016758159,7.500915e-05,0.72178686,0.00031518412,0.08274091,0.19313136,0.00027490847
ISIC_0029146,HAM_0002079,mel,1,0.0027738712,2.875073e-05,0.000116180796,7.0594438e-06,0.99434054,0.0027282008,5.4551156e-06
ISIC_0026009,HAM_0000952,mel,1,0.0202524,0.0003312891,0.49851936,0.0005905867,0.27855375,0.20142002,0.00033258574
ISIC_0030689,HAM_0000952,mel,1,0.0018957721,0.00010155734,0.792949,0.00017719738,0.15614091,0.048654456,8.112687e-05
ISIC_0026475,HAM_0006965,mel,1,0.0003613888,9.191036e-05,0.03534677,0.00039846142,0.6222681,0.34097478,0.0005586378
ISIC_0033158,HAM_0004776,vasc,1,0.00013133133,0.0012189568,0.00015384206,0.0003549099,0.0035717965,0.0006969187,0.9938723
ISIC_0032867,HAM_0004776,vasc,1,0.00040578755,0.007809569,0.0030071842,0.0011950077,0.019957043,0.0013344298,0.966291
ISIC_0032545,HAM_0004776,vasc,1,3.5734076e-05,0.00012065095,2.0600668e-05,0.000110607456,0.00073826517,9.808852e-05,0.99887604
ISIC_0031276,HAM_0006447,vasc,1,3.9643244e-05,5.231402e-05,2.9402876e-05,4.716956e-05,0.00014054752,0.00051491795,0.99917597
ISIC_0026467,HAM_0001537,vasc,1,2.2458016e-05,5.7292575e-05,4.1387364e-05,2.0648922e-05,3.4244385e-05,0.0005617911,0.9992623
ISIC_0028495,HAM_0000195,bcc,1,0.00010724687,0.9656939,0.007494761,6.404004e-05,0.0090835495,0.016183298,0.0013732535
ISIC_0030574,HAM_0000195,bcc,1,0.0010196493,0.6371205,0.019272279,0.00033167884,0.23900633,0.09268665,0.010562917
ISIC_0027786,HAM_0002334,bcc,1,0.0016444236,0.9939499,0.0041381195,1.8408425e-06,0.00021444124,3.6401074e-05,1.4822715e-05
ISIC_0034299,HAM_0007335,bcc,1,0.00055068,0.93899,0.0007098546,0.002030102,0.015333788,0.042070054,0.00031561186
ISIC_0032808,HAM_0007335,bcc,1,0.00016836771,0.9884416,0.00052369846,6.6062654e-05,0.003705076,0.0070688645,2.6380758e-05
ISIC_0024452,HAM_0005971,bcc,1,4.3691478e-05,0.99485886,0.00031077437,4.3098193e-05,0.00010079519,0.004625142,1.7687466e-05
ISIC_0029539,HAM_0005971,bcc,1,1.2351049e-05,0.99706286,0.00029996995,1.9969573e-05,7.34032e-05,0.0025251443,6.271444e-06
ISIC_0031258,HAM_0005971,bcc,1,5.4695676e-05,0.99682605,0.00033309418,1.2132954e-05,0.00044517362,0.002305368,2.357031e-05
ISIC_0029602,HAM_0003991,bcc,1,1.3785081e-05,0.99948275,9.843607e-05,2.3308737e-06,1.2575997e-05,0.0003861039,3.903479e-06
ISIC_0029501,HAM_0002018,bcc,1,0.0017087486,0.9922937,0.0011000236,0.00035296474,0.0029024247,0.0013556974,0.0002863984
ISIC_0028653,HAM_0005837,bcc,1,0.00080532994,0.96052605,0.0155710075,1.1464998e-05,0.009234531,0.0137547925,9.693731e-05
ISIC_0029911,HAM_0000647,nv,1,0.00027519904,0.00041393036,0.103586145,0.08413273,0.0048971125,0.8060625,0.0006324025
ISIC_0032490,HAM_0002620,nv,1,0.00017525203,0.0001250026,0.00039339685,0.00018366256,0.0034756258,0.9952571,0.0003899544
ISIC_0027703,HAM_0001049,nv,1,0.00044932004,0.00086608704,0.14255755,0.0004406294,0.0036606342,0.85137707,0.0006486692
ISIC_0026806,HAM_0001888,nv,1,0.00068441377,0.011208875,0.0018731909,0.0008017251,0.0054017627,0.9789028,0.0011273061
ISIC_0025365,HAM_0000532,nv,1,6.1890814e-06,2.0174659e-05,0.0037850044,0.00031054043,0.000261246,0.99556726,4.9544185e-05
ISIC_0029239,HAM_0001367,nv,1,6.1051796e-06,2.6727688e-05,0.00014922072,0.00021291549,4.7787053e-05,0.99948645,7.076276e-05
ISIC_0032211,HAM_0000041,nv,1,0.00027840602,0.0005231875,0.06825689,0.009391057,0.0010506933,0.91863394,0.0018657611
ISIC_0026476,HAM_0000303,nv,1,4.330928e-05,8.218657e-05,0.0011191447,0.00031138284,0.010241334,0.98808414,0.000118418655
ISIC_0029463,HAM_0003704,nv,1,2.267922e-05,1.7835926e-05,2.998646e-05,0.00041273932,0.000207184,0.9992981,1.1381576e-05
ISIC_0026613,HAM_0004116,nv,1,5.074223e-05,0.0013727194,6.0968196e-05,0.0011403187,0.003215327,0.99407804,8.188159e-05
ISIC_0029386,HAM_0004707,nv,1,9.471309e-06,5.5578606e-05,6.743456e-05,0.0005814091,7.060184e-05,0.99916315,5.2415617e-05
ISIC_0028967,HAM_0001449,nv,1,0.00033736546,0.00020303013,0.0022653027,0.0006259878,0.09101896,0.9050071,0.00054227666
ISIC_0024598,HAM_0000748,nv,1,5.5008263e-06,1.973201e-05,8.067633e-05,0.0010022236,4.040845e-05,0.99876356,8.7830274e-05
ISIC_0031392,HAM_0007465,nv,1,1.3029154e-05,6.501456e-05,0.0007476943,6.155456e-05,0.0013026684,0.99777514,3.473189e-05
ISIC_0026822,HAM_0002626,nv,1,7.4527493e-06,3.0352532e-05,4.2387957e-05,2.396398e-05,0.000109624365,0.9997131,7.309691e-05
ISIC_0026817,HAM_0002653,nv,1,0.00011735063,0.00027498836,0.018721575,0.0008035138,0.0006481684,0.9791725,0.00026188372
ISIC_0031661,HAM_0001519,nv,1,1.3669023e-05,0.00010667851,0.0005940978,0.00018128913,8.2757404e-05,0.9988411,0.00018040609
ISIC_0026320,HAM_0005564,nv,1,1.481398e-05,2.1893644e-05,6.298124e-05,0.0005166942,7.08809e-05,0.9992017,0.00011096815
ISIC_0028985,HAM_0006611,nv,1,8.7469533e-07,6.5649533e-06,1.2677125e-06,6.56914e-05,5.3851894e-05,0.9998286,4.3207874e-05
ISIC_0025028,HAM_0003231,nv,1,5.012636e-06,1.9556152e-05,1.722457e-05,0.0007781224,3.0348381e-05,0.99567944,0.003470316
ISIC_0031544,HAM_0001311,nv,1,0.00060673297,0.0002692361,0.000792102,0.0034434658,0.0034292035,0.99105585,0.0004033826
ISIC_0024555,HAM_0004407,nv,1,5.3556516e-05,5.180747e-05,2.6152391e-05,0.00016480467,0.000120455974,0.99921155,0.00037157442
ISIC_0030174,HAM_0005259,nv,1,0.00012877602,9.439875e-05,0.0011233721,0.0017331295,0.017779633,0.9783488,0.0007919363
ISIC_0029706,HAM_0003972,nv,1,0.00011990395,0.0002865132,0.0015967018,0.000113301256,0.00074461167,0.99657685,0.00056206237
ISIC_0024957,HAM_0005179,nv,1,0.0007554861,0.0014211154,0.0004279481,0.002564527,0.0025346493,0.991574,0.0007222992
ISIC_0026649,HAM_0006621,nv,1,1.076652e-05,6.305576e-05,0.00031037134,0.00024219001,0.00036339278,0.998432,0.0005781537
ISIC_0025792,HAM_0001634,nv,1,1.19511815e-05,2.2590939e-05,3.5749392e-05,8.61781e-05,0.0006680271,0.9973544,0.0018211025
ISIC_0029695,HAM_0007377,nv,1,8.261279e-05,7.362098e-05,0.00017386951,8.165032e-05,0.00036934201,0.99904495,0.00017386951
ISIC_0028535,HAM_0005493,nv,1,0.00014568122,0.00068825216,7.484394e-05,0.00012831237,0.008633904,0.9901776,0.0001514845
ISIC_0028902,HAM_0005426,nv,1,0.0010129935,0.00025141638,0.0003159633,0.00052502117,0.0065637506,0.99093807,0.00039283888
ISIC_0027200,HAM_0001805,nv,1,0.000104121755,0.0001755672,0.0001351389,7.4339834e-05,0.00025296627,0.9989962,0.00026176206
ISIC_0025736,HAM_0004948,nv,1,1.2138134e-06,1.8799909e-06,3.4849527e-06,0.0005753047,2.4261342e-05,0.99935037,4.352593e-05
ISIC_0030613,HAM_0006298,nv,1,1.6101047e-05,2.6339554e-05,0.00043624354,0.00033677384,0.00057884667,0.998531,7.474188e-05
ISIC_0030554,HAM_0005422,nv,1,1.2795289e-05,1.4584166e-05,2.3951483e-05,0.00045569832,0.0002065055,0.9991918,9.472995e-05
ISIC_0025817,HAM_0002542,nv,1,4.8853737e-05,6.103742e-05,0.0007821325,0.00011515196,0.0036851738,0.9952068,0.00010083044
ISIC_0031763,HAM_0004551,nv,1,2.4003439e-06,6.8246018e-06,1.0570149e-05,0.002125463,3.9735805e-05,0.9976044,0.00021075783
ISIC_0027228,HAM_0001972,nv,1,1.0317539e-05,4.5969853e-05,0.00010920427,0.00014999515,0.00018630775,0.9988041,0.0006941212
ISIC_0025560,HAM_0003894,nv,1,3.240995e-05,6.357965e-05,0.00015507285,5.219715e-05,0.00062002474,0.99889296,0.00018379425
ISIC_0024625,HAM_0005780,nv,1,8.3366474e-05,5.0268914e-05,0.00023063223,6.992792e-05,0.008825103,0.99059266,0.0001480374
ISIC_0031891,HAM_0000506,nv,1,0.0004612604,0.0003872839,0.00018258301,0.00050857814,0.005499862,0.9913414,0.0016190227
ISIC_0027833,HAM_0003461,nv,1,0.0005358212,0.0031312308,0.0077140043,0.00012480708,0.0022004081,0.98596746,0.00032626395
ISIC_0031492,HAM_0003638,nv,1,0.0007782731,0.00022189286,0.0029006505,0.00010814195,0.0047581983,0.9910216,0.00021131853
ISIC_0031928,HAM_0007214,nv,1,5.560744e-06,8.629486e-06,2.3549186e-05,1.6185102e-05,9.273043e-05,0.9998306,2.2691305e-05
ISIC_0028340,HAM_0000908,nv,1,0.00016307468,7.1381335e-05,0.0008789945,0.00020097745,0.0008598913,0.997451,0.00037474267
ISIC_0032237,HAM_0003370,nv,1,2.164888e-06,1.313267e-05,3.2471944e-05,3.5628644e-05,8.213424e-05,0.99982685,7.645272e-06
ISIC_0030869,HAM_0004838,nv,1,0.00012169778,0.0006120262,0.004014365,0.00019447248,0.00087711524,0.99386156,0.00031875772
ISIC_0031553,HAM_0001285,nv,1,0.0012327454,0.00062350585,0.000903659,0.000462898,0.010251331,0.98615533,0.0003704989
ISIC_0026602,HAM_0003571,nv,1,1.3519679e-05,4.4156503e-05,3.751175e-05,3.3592492e-05,0.00023690796,0.9995734,6.0887578e-05
ISIC_0032298,HAM_0000694,nv,1,2.6358344e-05,5.440164e-05,8.376664e-05,0.000103640225,0.00044226722,0.9992434,4.617007e-05
ISIC_0027641,HAM_0006084,nv,1,5.6351664e-06,0.00012095673,5.2430863e-05,7.082957e-05,1.8333209e-05,0.9994537,0.00027816
ISIC_0025462,HAM_0000367,nv,1,2.5392977e-05,0.00015815478,0.0001112758,8.5484906e-05,0.0004401043,0.99904066,0.00013889128
ISIC_0031834,HAM_0004640,nv,1,6.636259e-05,0.00017829059,0.00024038527,0.00033784084,0.00010440301,0.9987644,0.0003083595
ISIC_0029681,HAM_0000583,nv,1,0.0018752917,0.001027575,0.032724995,0.00019611612,0.005768994,0.95823425,0.00017273417
ISIC_0031538,HAM_0004868,nv,1,0.0010809826,0.0002572578,0.1264174,0.0006317643,0.033826005,0.83569276,0.0020938474
ISIC_0026463,HAM_0006948,nv,1,4.1764924e-05,3.9311224e-05,0.00012108708,0.00021106668,0.0028545407,0.99663013,0.000102065176
ISIC_0032295,HAM_0006106,nv,1,0.00015463849,0.00017557094,0.00020972089,0.00016190157,0.00020727757,0.9990175,7.347531e-05
ISIC_0028893,HAM_0007556,nv,1,1.5009299e-05,3.939007e-05,9.644969e-05,2.7931741e-05,0.0010104413,0.9986291,0.0001816937
ISIC_0030254,HAM_0006759,nv,1,2.2599374e-05,1.4225434e-05,8.3069695e-05,7.705232e-05,6.16117e-05,0.9996773,6.412863e-05
ISIC_0030719,HAM_0000633,nv,1,0.00190928,0.0007767103,0.01778173,0.00082197343,0.02923135,0.94835985,0.0011191244
ISIC_0025933,HAM_0006095,nv,1,0.00010375684,0.00015976289,0.00062573387,0.00027685543,0.004120339,0.9945234,0.00019009403
ISIC_0031717,HAM_0001228,nv,1,4.5255085e-05,7.1894916e-05,0.00088921795,5.239438e-05,0.0001526481,0.9987583,3.0323543e-05
ISIC_0025889,HAM_0002801,nv,1,1.0757772e-05,2.6161799e-05,0.00019770209,3.981414e-05,0.0001093415,0.999571,4.515941e-05
ISIC_0026951,HAM_0003861,nv,1,2.2710985e-05,5.748705e-05,1.9236953e-05,5.3114938e-05,0.0009944061,0.9987452,0.0001078203
ISIC_0030290,HAM_0004391,nv,1,1.0817633e-05,1.4275164e-05,0.00012798085,0.00028200354,7.450491e-05,0.99926096,0.00022949128
ISIC_0028620,HAM_0000939,nv,1,5.2858824e-05,5.5612385e-05,0.0010511235,0.00024039253,0.00072066433,0.99781966,5.966338e-05
ISIC_0030946,HAM_0001084,nv,1,4.4032044e-05,0.00012193307,9.864803e-05,9.561295e-05,0.0008363185,0.9987048,9.874442e-05
ISIC_0032458,HAM_0001602,nv,1,4.4294677e-05,2.979618e-05,0.00015796111,4.7614158e-05,0.0066904915,0.992957,7.288708e-05
ISIC_0030832,HAM_0003756,nv,1,5.5767166e-05,2.2797572e-05,3.7513502e-05,7.8875055e-05,0.0010989851,0.9986444,6.160818e-05
ISIC_0026725,HAM_0001289,nv,1,0.00089917897,0.00029106668,0.0002686674,0.0011773405,0.019112974,0.9774408,0.0008099641
ISIC_0024892,HAM_0001419,nv,1,0.0019580687,0.0007381359,0.0047247657,0.00091504346,0.046886973,0.9426701,0.0021068642
ISIC_0024576,HAM_0003936,nv,1,1.4764196e-05,7.751009e-05,5.337601e-05,0.00013523971,0.0003181483,0.9977907,0.0016101775
ISIC_0024502,HAM_0001732,nv,1,3.242932e-05,2.510843e-05,0.000108006134,0.00011896957,0.0021232509,0.9975399,5.2432773e-05
ISIC_0029098,HAM_0000333,nv,1,0.0004993491,0.0026836847,0.0028819863,0.012518778,0.00057027454,0.978116,0.0027299426
ISIC_0027952,HAM_0003773,nv,1,1.4384267e-05,7.470866e-05,0.00040564992,6.3157226e-05,0.00034688605,0.9990625,3.286167e-05
ISIC_0030908,HAM_0004474,nv,1,1.762975e-05,0.00020867528,5.8031976e-05,2.224261e-05,0.00020483906,0.99939,9.8523094e-05
ISIC_0031472,HAM_0003316,nv,1,1.00856e-05,2.7469103e-05,7.94069e-05,1.9823932e-05,0.00032661099,0.99950445,3.211463e-05
ISIC_0028456,HAM_0001742,nv,1,5.263283e-06,1.1055658e-05,9.3659066e-05,0.00010649299,3.981296e-05,0.9995414,0.00020223625
ISIC_0028253,HAM_0007406,nv,1,1.1572243e-05,9.391212e-05,0.05914054,0.00082808617,0.00012465658,0.9396821,0.00011918069
ISIC_0030793,HAM_0001712,nv,1,0.0004635138,0.00024188092,0.0083372155,0.00012671763,0.7872776,0.20337778,0.00017524412
ISIC_0031221,HAM_0001712,nv,1,0.0014928365,0.014838384,0.07270572,0.00031784325,0.51312613,0.39728838,0.00023072945
ISIC_0025863,HAM_0004156,nv,1,3.295522e-05,8.07723e-05,0.0013707536,0.00021363953,0.027067449,0.9710811,0.00015327887
ISIC_0024387,HAM_0004156,nv,1,0.0003101146,0.00015321832,0.0032719558,0.0005960129,0.34882742,0.6466239,0.00021734223
ISIC_0024869,HAM_0007373,nv,1,0.00038921076,0.00013932052,0.010695705,0.00021452321,0.8163174,0.17211495,0.00012885043
ISIC_0024723,HAM_0007373,nv,1,5.6979818e-05,7.0763595e-06,0.00028936737,0.0005528894,0.8103302,0.18874758,1.5884652e-05
ISIC_0031904,HAM_0005700,nv,1,0.00012467771,0.00012838442,0.013564146,0.00084786746,0.050792184,0.93435067,0.00019197646
ISIC_0033253,HAM_0002434,nv,1,0.00023758717,0.0016817091,0.011973564,0.00034099325,0.04895514,0.93643135,0.0003796632
ISIC_0033974,HAM_0002434,nv,1,5.1925705e-05,0.00042098085,0.0021154613,0.00014142464,0.009196439,0.9878928,0.00018088488
ISIC_0033941,HAM_0002434,nv,1,0.0009887076,0.0018399478,0.023393584,0.002195687,0.059113763,0.90947014,0.0029982189
ISIC_0033798,HAM_0006539,nv,1,3.6852573e-06,9.999514e-05,7.570175e-05,0.00037700936,0.0027830245,0.9966479,1.2712956e-05
ISIC_0033014,HAM_0006539,nv,1,3.6306545e-05,0.0034042143,0.00052782026,0.00081670604,0.011519121,0.9836537,4.2116324e-05
ISIC_0032516,HAM_0006539,nv,1,4.0137016e-05,0.00041498255,0.00031447128,0.00036873287,0.0067896754,0.9920546,1.7432123e-05
ISIC_0033688,HAM_0004424,nv,1,4.3568038e-05,3.4803375e-05,0.00026403498,0.00019659773,0.015004728,0.9843279,0.00012830393
ISIC_0033557,HAM_0004424,nv,1,0.0005447165,0.00058897893,0.0010960676,0.00097011426,0.010797629,0.9848705,0.0011319655
ISIC_0032865,HAM_0007519,nv,1,0.00017645786,0.00011527271,0.010779342,0.00025177878,0.1626334,0.8259206,0.00012318743
ISIC_0033726,HAM_0007519,nv,1,6.666522e-05,9.929754e-05,0.007424748,0.00011677281,0.08922371,0.9028893,0.00017945378
ISIC_0034009,HAM_0002915,nv,1,0.0001896723,0.0008500523,0.027578453,0.00021916594,0.057872694,0.91238153,0.00090841757
ISIC_0034305,HAM_0002915,nv,1,0.0017840172,0.008798407,0.14722374,0.0010046597,0.027147358,0.81078935,0.0032525966
ISIC_0034097,HAM_0002915,nv,1,0.003640237,0.018437069,0.13008924,0.0010855512,0.013198916,0.83106905,0.002480003
ISIC_0032881,HAM_0004585,nv,1,0.0027646087,0.0007889857,0.0023972471,0.0009819085,0.040864367,0.9521247,7.827289e-05
ISIC_0032896,HAM_0004063,nv,1,0.00018427517,0.0006701126,0.0010020363,9.3022034e-05,0.011039154,0.98309535,0.0039160023
ISIC_0034166,HAM_0004063,nv,1,1.7958184e-05,0.00023084739,0.00013531119,3.296571e-05,0.0026175121,0.994426,0.0025394585
ISIC_0024319,HAM_0003062,nv,1,0.0003798367,0.00022198995,0.0025011532,0.00039342785,0.18340077,0.81236917,0.0007335858
ISIC_0028625,HAM_0006790,nv,1,0.00011919076,0.00035932986,0.16750559,0.00020077995,0.61751556,0.21424292,5.6632587e-05
ISIC_0026328,HAM_0002881,nv,1,0.0031120311,8.200665e-05,0.03009378,0.00023407194,0.07198004,0.89419156,0.00030648222
ISIC_0029334,HAM_0002881,nv,1,0.0036055685,2.2639093e-05,0.02046188,0.0001602459,0.08665397,0.8889561,0.00013949622
ISIC_0029257,HAM_0005085,nv,1,0.00033479882,1.3791833e-05,5.817931e-05,0.00032832322,0.96920645,0.030020133,3.830426e-05
ISIC_0030225,HAM_0005085,nv,1,0.0005207911,2.5081885e-05,0.00010215004,0.00062819396,0.9583105,0.040334333,7.893544e-05
ISIC_0029566,HAM_0004787,nv,1,0.00034889666,0.00063424296,0.009113127,0.012652324,0.001453215,0.973224,0.0025742436
ISIC_0030397,HAM_0005614,nv,1,7.867144e-05,0.0006012263,0.00024374909,6.650727e-05,0.0016689794,0.9970395,0.00030128408
ISIC_0032355,HAM_0005888,nv,1,8.192289e-05,0.00039236186,0.0005259222,0.0033093558,0.0016010816,0.93981147,0.054277882
ISIC_0025742,HAM_0003723,nv,1,0.002238669,0.00047920714,0.0059570787,0.001244183,0.0100575425,0.97987443,0.00014903244
ISIC_0032141,HAM_0003723,nv,1,0.00090185605,0.0021257433,0.006952199,0.00083001785,0.0037867725,0.9851495,0.00025388383
ISIC_0028217,HAM_0000763,nv,1,0.009572897,0.0006495381,0.0115584005,0.01310378,0.13344662,0.8295223,0.0021464573
ISIC_0030115,HAM_0003822,nv,1,0.038888186,0.00054972194,0.085836,0.0014203113,0.601667,0.2680331,0.003605703
ISIC_0024352,HAM_0004897,nv,1,6.2823965e-05,1.1553371e-05,0.0010558633,1.9576326e-05,0.9717181,0.027085206,4.6869536e-05
ISIC_0026293,HAM_0004897,nv,1,0.0001947219,0.00010859094,0.008143463,0.00015986133,0.61668843,0.37404045,0.00066455087
ISIC_0024926,HAM_0006367,nv,1,0.005227378,0.044295043,0.024313197,0.01129565,0.15978542,0.7534126,0.0016707705
ISIC_0026805,HAM_0006323,nv,1,9.3848575e-05,3.24332e-05,0.0022297646,5.101697e-06,0.9556989,0.041908547,3.1374e-05
ISIC_0024680,HAM_0006323,nv,1,0.00013020138,5.6991976e-05,0.0010354264,2.3298273e-05,0.95128286,0.047084887,0.0003864386
ISIC_0029465,HAM_0006323,nv,1,0.00053408626,0.00040314943,0.00068177376,0.00015573182,0.6754507,0.32156277,0.0012118376
ISIC_0025759,HAM_0000014,nv,1,3.88694e-05,3.331176e-05,0.008987291,0.00019855509,0.073938474,0.91672856,7.492273e-05
ISIC_0031366,HAM_0000014,nv,1,3.8232116e-05,5.65034e-05,0.0020399194,0.0001615932,0.2141721,0.783409,0.00012269375
ISIC_0025640,HAM_0000014,nv,1,0.00047797506,0.00041123628,0.035949524,0.0005229063,0.060086653,0.9021421,0.00040963307
ISIC_0027908,HAM_0001104,nv,1,0.00023526944,0.002753677,0.11561223,0.0006357924,0.098310664,0.7823883,6.4068336e-05
ISIC_0028787,HAM_0001934,nv,1,0.00047406013,0.000107652915,0.25785747,0.00017818433,0.53532594,0.20598382,7.28416e-05
ISIC_0026008,HAM_0001934,nv,1,0.00040669643,0.00020054443,0.25067064,0.0005191577,0.07195875,0.6760908,0.00015346271
ISIC_0026753,HAM_0001934,nv,1,0.00078087527,0.00012500881,0.05112639,0.00030579514,0.120744385,0.8267513,0.00016625795
ISIC_0031134,HAM_0001934,nv,1,0.0017840156,0.00023446942,0.28184766,0.0005791851,0.15810221,0.5572463,0.00020611183
ISIC_0027183,HAM_0001104,nv,1,0.0008282108,0.026504982,0.0065143825,0.0029362622,0.28803295,0.67494917,0.00023406428
ISIC_0029252,HAM_0004095,nv,1,0.0026422958,0.0041854284,0.77912503,0.0055992054,0.004761274,0.20048705,0.0031996917
ISIC_0026017,HAM_0004095,nv,1,0.00048781623,0.0012456824,0.33607683,0.0043140235,0.038563285,0.61813986,0.0011724981
ISIC_0027783,HAM_0001679,nv,1,0.00055903883,0.00059625716,0.122619815,0.0006730138,0.073938176,0.80114484,0.00046892255
ISIC_0030263,HAM_0003672,nv,1,0.0013245217,0.0013585828,0.022578293,0.00216889,0.012542192,0.95911634,0.000911219
ISIC_0031985,HAM_0000406,nv,1,4.94166e-06,3.8416325e-05,8.87988e-05,2.9225597e-05,0.0027409522,0.99703884,5.880717e-05
ISIC_0030890,HAM_0000406,nv,1,0.00022107139,0.0010444232,0.0005606797,0.000182917,0.32180107,0.67595124,0.00023856874
ISIC_0029808,HAM_0003540,nv,1,2.956875e-06,3.1475768e-06,2.254206e-05,0.00014702858,0.00071859435,0.9990915,1.43566185e-05
ISIC_0031524,HAM_0007206,nv,1,0.00020962652,7.202176e-05,0.016124593,0.006546814,0.10944091,0.8658781,0.00172797
ISIC_0032437,HAM_0007601,akiec,1,0.9956332,0.00077354047,0.0015671792,0.00019982907,0.0013151943,0.00036361482,0.0001473447
ISIC_0031043,HAM_0006217,akiec,1,0.006329281,0.0028695953,0.062381733,0.0015693404,0.35445353,0.5708576,0.0015389866
ISIC_0027303,HAM_0000490,akiec,1,0.0036349106,0.0058598476,0.11132562,0.00015418968,0.7231041,0.15516527,0.00075598934
ISIC_0030953,HAM_0005924,akiec,1,0.954939,0.00048042746,0.0010637951,7.505573e-05,0.042286165,0.0011457524,9.903025e-06
ISIC_0025196,HAM_0005924,akiec,1,0.14646265,0.0029062065,0.8346436,0.0051556374,0.00995475,0.0006079853,0.00026926544
ISIC_0027529,HAM_0004568,akiec,1,0.72614497,0.0044288514,0.1252031,0.0001396116,0.1402208,0.0035137893,0.000348933
ISIC_0024463,HAM_0004568,akiec,1,0.45366707,0.058542687,0.38577497,0.003038926,0.08066565,0.016916698,0.0013940418
ISIC_0028795,HAM_0004568,akiec,1,0.14172836,0.04400197,0.5911885,0.008253609,0.18675378,0.024353651,0.003720193
ISIC_0026206,HAM_0000490,akiec,1,0.4989858,0.041858975,0.21863036,0.00060044834,0.1492386,0.08941955,0.0012661935
ISIC_0027447,HAM_0007601,akiec,1,0.99838996,0.0004531147,0.0005681424,5.5635865e-06,0.00052942155,3.930379e-05,1.4600951e-05
ISIC_0027536,HAM_0007601,akiec,1,0.9998933,6.203846e-06,7.903155e-05,1.577796e-06,1.8449056e-05,1.1863397e-06,2.884626e-07
ISIC_0026702,HAM_0005228,akiec,1,0.99867624,1.9923906e-05,0.0002470272,7.8187346e-05,0.0008917536,6.886546e-05,1.7929575e-05
ISIC_0025157,HAM_0004491,bkl,1,0.0016387849,0.00017154995,0.99344796,0.0004613386,0.0005372567,0.0035715792,0.00017154995
ISIC_0028846,HAM_0004491,bkl,1,0.00025115802,4.1483723e-05,0.9976839,3.1374777e-05,0.0004724436,0.0014962996,2.3315753e-05
ISIC_0026159,HAM_0004491,bkl,1,0.0014483641,5.063659e-05,0.9978381,3.920542e-05,8.028734e-05,0.0005267444,1.6665592e-05
ISIC_0027451,HAM_0000207,bkl,1,0.0004977114,0.00014329469,0.9796801,4.5443318e-05,0.011528743,0.0080956565,8.965813e-06
ISIC_0030396,HAM_0004570,bkl,1,2.1358193e-05,6.728224e-05,0.9998311,2.5939617e-05,2.3873366e-05,2.6972932e-05,3.5415355e-06
ISIC_0026219,HAM_0006399,bkl,1,0.013242913,0.00023383055,0.96774286,0.00043856274,0.005557995,0.012605662,0.00017823667
ISIC_0031061,HAM_0004010,bkl,1,0.09737258,0.00022409747,0.81688446,0.044168737,0.0069850977,0.03408932,0.0002756446
ISIC_0028611,HAM_0004695,bkl,1,0.7543377,0.0071887686,0.004164605,0.17163521,0.058353186,0.003445842,0.00087465526
ISIC_0033460,HAM_0005847,bkl,1,9.03825e-05,0.00012475057,0.39663407,2.5794066e-05,0.5977487,0.0053670574,9.3055705e-06
ISIC_0032804,HAM_0006026,bkl,1,0.00020641716,5.6985096e-05,0.9680356,8.5879576e-05,0.007376621,0.024139814,9.865391e-05
ISIC_0033924,HAM_0006026,bkl,1,0.00019493676,6.5168235e-05,0.9788754,6.816246e-05,0.005192143,0.015516019,8.8208784e-05
ISIC_0033531,HAM_0006026,bkl,1,0.00039770917,0.00012962261,0.8196071,0.00020115594,0.019050747,0.16044731,0.00016643872
ISIC_0030056,HAM_0003982,bkl,1,7.2042985e-06,2.0083912e-06,0.9990115,2.8689003e-05,5.391308e-05,0.0008951073,1.5042158e-06
ISIC_0030488,HAM_0005262,bkl,1,0.0023924774,0.00011102687,0.83367616,8.075443e-05,0.009753273,0.15391369,7.267112e-05
ISIC_0031002,HAM_0007051,df,1,0.00017798343,0.0010629463,0.00038497365,0.9758513,0.006198388,0.015727026,0.0005974246
ISIC_0025668,HAM_0007051,df,1,0.0002613704,0.00040324018,0.025094192,0.42526585,0.013360002,0.5323621,0.0032532928
ISIC_0024330,HAM_0006188,df,1,3.3252145e-05,0.00074109086,8.658708e-05,0.9972064,0.0008575841,0.00078160217,0.00029349298
ISIC_0027188,HAM_0006188,df,1,0.014467769,0.1757379,0.18688942,0.43538043,0.012680779,0.170331,0.004512649
ISIC_0025303,HAM_0003558,mel,1,0.0015947829,0.0014492332,0.047201842,0.0005976753,0.8976188,0.05143765,0.00010007683
ISIC_0030129,HAM_0003558,mel,1,0.000353987,0.00020567382,0.0029336608,0.00044660835,0.69068015,0.30529258,8.742862e-05
ISIC_0032583,HAM_0000006,mel,1,0.0016305617,0.001549827,0.0019363398,0.00018098924,0.982688,0.011931225,8.302491e-05
ISIC_0034162,HAM_0000006,mel,1,0.001813999,0.0033560614,0.03733562,0.00061477587,0.5219872,0.4344363,0.00045597123
ISIC_0032187,HAM_0000006,mel,1,0.00074251107,0.00021149016,0.08924139,0.0008886694,0.6790141,0.2296732,0.00022867539
ISIC_0033074,HAM_0005368,mel,1,1.0623713e-05,0.00023049682,0.0015537712,1.23719565e-05,0.0013611919,0.996802,2.9563076e-05
ISIC_0034087,HAM_0005368,mel,1,4.111155e-05,0.0012696099,0.00033071273,1.8207544e-05,0.0057039056,0.992603,3.3423457e-05
ISIC_0032722,HAM_0005368,mel,1,1.7597828e-05,0.00036754212,0.025169808,3.8063656e-05,0.011245647,0.9631185,4.2796117e-05
ISIC_0033663,HAM_0004240,mel,1,3.6753952e-06,1.34703205e-05,0.00024634643,0.00024852113,0.88752496,0.11195804,4.965142e-06
ISIC_0034284,HAM_0004240,mel,1,2.123153e-06,1.0491427e-05,0.00016998577,9.8188255e-05,0.8755344,0.12417719,7.6159595e-06
ISIC_0032517,HAM_0004240,mel,1,2.9153055e-06,1.0874068e-05,0.0003035306,0.000227112,0.8262578,0.17319304,4.695183e-06
ISIC_0032968,HAM_0001272,mel,1,0.00061467243,0.00032311978,0.003021095,2.1814205e-06,0.99184287,0.004190281,5.7923535e-06
ISIC_0029265,HAM_0001272,mel,1,0.0012855572,0.00041817524,0.0029126501,8.145162e-06,0.99287647,0.0024817602,1.7243307e-05
ISIC_0029933,HAM_0007305,mel,1,0.0002388389,0.0018841254,0.008654867,0.00045679137,0.9159732,0.06475255,0.008039697
ISIC_0025708,HAM_0006593,mel,1,0.00046397658,9.0386224e-05,0.0022478173,0.00017524784,0.9294731,0.06746244,8.7093526e-05
ISIC_0026989,HAM_0003558,mel,1,0.001322577,0.004443739,0.0041178213,0.00022080906,0.049823582,0.93918437,0.0008870695
ISIC_0027900,HAM_0000563,mel,1,0.0012995781,0.00023073718,0.0041064234,0.0002939668,0.5635778,0.43042544,6.6107306e-05
ISIC_0031103,HAM_0001372,vasc,1,3.61772e-05,3.9040555e-05,3.934675e-05,4.564303e-05,8.073429e-05,0.000277964,0.99948114
ISIC_0025249,HAM_0002639,vasc,1,0.00015842581,0.00029424918,0.015487771,0.269086,0.0010452436,0.0022063071,0.711722
ISIC_0031762,HAM_0007428,bcc,1,6.116949e-05,0.99541414,9.20058e-05,7.792032e-06,0.0004458474,0.0038855341,9.345469e-05
ISIC_0028106,HAM_0007428,bcc,1,2.8288994e-05,0.9976681,3.359401e-05,6.4744486e-06,0.00046101355,0.0017587448,4.3814853e-05
ISIC_0031640,HAM_0001239,bcc,1,0.16806978,0.6392635,0.07956032,0.026540611,0.03242311,0.049126506,0.0050161392
ISIC_0030644,HAM_0003853,bcc,1,0.34001836,0.6465029,0.006113166,0.0046393117,0.0024483292,0.0001362497,0.00014167727
ISIC_0028486,HAM_0005981,bcc,1,0.00043067627,0.49303007,0.008694828,0.00041336918,0.0029316638,0.49399394,0.0005054822
ISIC_0027371,HAM_0005981,bcc,1,0.0026426904,0.10732902,0.69918996,0.00051431404,0.0035319019,0.18635564,0.00043649264
ISIC_0029391,HAM_0006575,bcc,1,0.00023881592,0.9990501,9.945611e-05,8.195808e-06,0.00014900998,0.0003620233,9.234187e-05
ISIC_0024454,HAM_0005180,bcc,1,0.00014436738,0.99962425,5.6040368e-05,2.041575e-05,7.077252e-05,5.033247e-05,3.3857687e-05
ISIC_0028107,HAM_0003135,bcc,1,0.00046009917,0.997575,0.00040484825,3.4253397e-05,0.0011973463,0.00026164507,6.680343e-05
ISIC_0030339,HAM_0000915,bcc,1,0.012085124,0.8902798,0.09210978,0.0005407954,0.0032869934,0.00069304014,0.0010044363
ISIC_0031503,HAM_0002808,nv,1,1.3820792e-05,1.4798614e-05,0.00013228561,0.0011888765,7.060024e-05,0.9981653,0.00041439055
ISIC_0027479,HAM_0002180,nv,1,4.1963913e-06,6.838075e-06,3.031868e-05,1.3206503e-05,0.00035399527,0.9995739,1.759859e-05
ISIC_0026641,HAM_0002753,nv,1,0.00012570494,0.00024708163,0.0004491581,0.00048234712,0.0012575442,0.9969472,0.0004909008
ISIC_0030148,HAM_0000381,nv,1,0.0022404045,0.0041167126,0.009497156,0.0024654137,0.016329683,0.88290614,0.08244449
ISIC_0032048,HAM_0000742,nv,1,0.00067773974,0.0004224652,0.052849773,0.01763344,0.000163832,0.92677534,0.0014774313
ISIC_0030907,HAM_0006863,nv,1,0.0004124403,0.00047194245,0.00045921264,0.00069205783,0.09099645,0.90655226,0.0004156751
ISIC_0025692,HAM_0007378,nv,1,0.00014399084,0.00057733426,0.0013061351,0.0015345011,0.010968222,0.9844395,0.0010302152
ISIC_0026948,HAM_0007619,nv,1,1.0066252e-05,3.0825093e-05,0.000104790364,8.61982e-05,0.00018463263,0.99953735,4.6228775e-05
ISIC_0029888,HAM_0003217,nv,1,0.0003858912,0.000117116906,0.0005581882,0.0002575615,0.009817124,0.9887416,0.00012249796
ISIC_0028353,HAM_0000326,nv,1,0.00046801957,0.009418802,0.12516364,0.45471057,0.0047639036,0.06789265,0.33758238
ISIC_0030170,HAM_0006845,nv,1,0.00011923111,0.0010406154,0.0027503718,0.0007017131,0.00030896007,0.9948632,0.00021589964
ISIC_0030168,HAM_0000966,nv,1,0.00026649772,0.0009328976,0.044993434,0.0001860454,0.0040985886,0.94893926,0.00058322254
ISIC_0025910,HAM_0000235,nv,1,2.0764024e-05,4.3700635e-05,0.00027164907,0.011316344,7.318479e-05,0.9873237,0.0009506981
ISIC_0025979,HAM_0003470,nv,1,0.00013229136,7.792212e-05,0.00016335803,0.0011158047,0.0068384693,0.9914083,0.0002638647
ISIC_0024429,HAM_0006272,nv,1,0.00039585252,9.4945906e-05,0.0005018726,0.0001663101,0.0069213756,0.9917373,0.00018229951
ISIC_0031582,HAM_0006299,nv,1,0.00017938844,0.0003979907,0.031678125,0.000335797,0.0004857273,0.9664168,0.000506064
ISIC_0028836,HAM_0004971,nv,1,0.000515535,0.0015346005,0.017494105,0.0030415044,0.0017993938,0.97493595,0.0006789828
ISIC_0025952,HAM_0004678,nv,1,0.000109150664,0.00017374226,0.00065409753,0.00043508512,0.00026312046,0.9983138,5.0958442e-05
ISIC_0031685,HAM_0002054,nv,1,0.0035593617,0.0008331287,0.00622252,0.09498898,0.032129563,0.8616413,0.00062520447
ISIC_0025815,HAM_0005036,nv,1,3.532572e-05,0.00014785794,0.00021745547,4.413564e-05,0.00039791648,0.99910116,5.612054e-05
ISIC_0030332,HAM_0007035,nv,1,1.6076452e-05,6.8605873e-06,0.0006535596,0.00033955925,1.1489322e-05,0.9989549,1.7553373e-05
ISIC_0028711,HAM_0001355,nv,1,9.028637e-05,5.852142e-05,0.00067747134,6.303004e-05,0.0010012379,0.9980248,8.4650695e-05
ISIC_0028403,HAM_0003309,nv,1,0.0010986318,0.00057555595,0.11882588,0.0007289934,0.03717178,0.84108317,0.00051592506
ISIC_0029150,HAM_0005908,nv,1,0.00020838327,0.00046231848,0.8880656,0.00067004695,0.00021207862,0.110289425,9.210901e-05
ISIC_0025929,HAM_0005195,nv,1,0.00013484499,0.0001269228,0.0002236283,0.00010020829,0.0023473902,0.99682355,0.00024345845
ISIC_0029219,HAM_0001923,nv,1,9.855521e-05,0.00026067466,0.0005788971,0.003015483,0.0021794073,0.98229617,0.011570822
ISIC_0024559,HAM_0003257,nv,1,0.00038764576,0.00029779942,0.0027341698,0.00044443808,0.010569799,0.9845458,0.0010203137
ISIC_0027317,HAM_0001857,nv,1,1.2003759e-06,9.062265e-06,1.965896e-05,1.4481458e-05,7.12696e-06,0.9999367,1.184253e-05
ISIC_0027593,HAM_0004552,nv,1,0.0001865829,6.7509885e-05,0.0018606484,0.00016006104,0.0011812572,0.99637944,0.0001644981
ISIC_0026628,HAM_0006935,nv,1,1.7975914e-05,8.574549e-06,7.019924e-05,0.00012748736,0.0004442148,0.9993037,2.7841641e-05
ISIC_0031532,HAM_0004247,nv,1,1.1497417e-05,8.544155e-06,3.2498207e-05,4.70543e-05,0.00016435595,0.9996588,7.7201534e-05
ISIC_0027080,HAM_0000648,nv,1,3.5022105e-05,2.825119e-05,0.00018136483,0.00036369346,0.0008004634,0.9982828,0.00030851195
ISIC_0025236,HAM_0004262,nv,1,1.7393083e-06,2.0377372e-05,1.3156619e-05,0.00015273543,4.0564835e-05,0.9996958,7.560029e-05
ISIC_0028422,HAM_0002820,nv,1,0.0002785099,0.00015320812,0.00033398435,0.0012312457,0.005624147,0.98977685,0.0026020964
ISIC_0029992,HAM_0002735,nv,1,1.913279e-05,0.00014997757,2.2456048e-05,3.4041335e-05,0.0005385099,0.99917465,6.122096e-05
ISIC_0026701,HAM_0002389,nv,1,0.00066212076,0.00029124328,0.0054645864,0.0018299602,0.0016236316,0.9895626,0.0005657891
ISIC_0026747,HAM_0006169,nv,1,6.1154235e-05,4.818838e-05,0.001962843,5.5572917e-05,0.00266982,0.99516594,3.658825e-05
ISIC_0029074,HAM_0000678,nv,1,1.4309795e-06,1.6913054e-05,1.2654927e-05,3.943351e-06,3.5822424e-05,0.99987984,4.9347473e-05
ISIC_0032268,HAM_0000487,nv,1,0.00598253,0.025790991,0.038163174,0.003596836,0.24970718,0.67612815,0.0006311701
ISIC_0028248,HAM_0002245,nv,1,0.00011096428,0.0001759405,0.00014757914,0.0002421317,0.0007890883,0.9972173,0.0013169653
ISIC_0030215,HAM_0002978,nv,1,5.0916155e-06,3.1650176e-05,1.7258388e-05,3.2242915e-05,0.00029340395,0.99958473,3.5550514e-05
ISIC_0027092,HAM_0007582,nv,1,6.0569328e-06,1.9173847e-05,7.7632394e-05,3.8243626e-05,0.00044608966,0.99936503,4.782793e-05
ISIC_0025189,HAM_0007185,nv,1,0.00029519686,0.00015862593,0.009823428,0.00040427508,0.005270954,0.9835961,0.00045144215
ISIC_0028374,HAM_0005398,nv,1,4.4881846e-05,5.6958026e-05,0.0004906028,0.000104353414,0.048550583,0.9507162,3.6417485e-05
ISIC_0029451,HAM_0006981,nv,1,0.00015144302,0.00012827723,0.0011168375,0.0001618412,0.032959078,0.9650885,0.0003939658
ISIC_0026047,HAM_0001208,nv,1,2.6345908e-05,0.00037762837,0.00031383018,0.00016138825,0.00015444958,0.99877185,0.00019448137
ISIC_0025686,HAM_0002146,nv,1,6.1743776e-05,0.00014725029,0.0094452435,6.96921e-05,0.0009868101,0.9891822,0.00010710122
ISIC_0025037,HAM_0002893,nv,1,7.0416195e-06,4.4114968e-05,8.9901376e-05,3.1620046e-05,0.00012579463,0.99960893,9.26646e-05
ISIC_0029863,HAM_0000804,nv,1,1.2826928e-06,4.3308264e-06,5.828634e-05,1.8959798e-05,3.317814e-05,0.9998572,2.684225e-05
ISIC_0025026,HAM_0000173,nv,1,0.00059435866,0.000115559735,0.00031969446,0.00042228738,0.111835875,0.88655645,0.00015580664
ISIC_0024557,HAM_0001247,nv,1,1.7286173e-05,3.5261706e-05,7.26355e-05,0.0001307575,0.000377575,0.9992404,0.0001261172
ISIC_0029551,HAM_0006640,nv,1,0.00017725064,3.978238e-05,0.00016265432,0.0013755887,0.0031618495,0.99487984,0.00020302049
ISIC_0028564,HAM_0003204,nv,1,0.00022456117,0.00021302591,0.0019417487,0.0004758605,0.001893356,0.9951338,0.00011764408
ISIC_0030568,HAM_0002406,nv,1,0.0005044336,0.00023874338,0.00052555336,0.00036332983,0.33290872,0.6646593,0.0007998095
ISIC_0025334,HAM_0006557,nv,1,0.00011756063,7.908077e-05,0.00015095084,7.709815e-05,0.0030796744,0.9963721,0.00012356395
ISIC_0027581,HAM_0005205,nv,1,0.00048690155,0.0002506354,0.0013170887,0.00090522104,0.0012629265,0.99366534,0.002111908
ISIC_0024681,HAM_0006341,nv,1,1.571721e-05,1.4507678e-05,6.185998e-05,4.2891024e-05,2.8880157e-05,0.99979264,4.343901e-05
ISIC_0026543,HAM_0000599,nv,1,0.00021842032,4.0167644e-05,0.00041489385,0.00014408531,0.0004503631,0.99864596,8.620547e-05
ISIC_0030641,HAM_0006079,nv,1,9.685008e-05,5.1286217e-05,0.00013618094,4.836751e-05,0.0006770081,0.99886525,0.00012508876
ISIC_0025916,HAM_0002382,nv,1,0.00036282913,0.00024335415,0.0030342247,0.00025206176,0.00027307658,0.9954241,0.000410337
ISIC_0024565,HAM_0005486,nv,1,8.992198e-06,0.00012149498,0.00025149222,0.0013742374,0.00010013443,0.9980362,0.00010742856
ISIC_0028039,HAM_0000035,nv,1,6.6653256e-06,1.2722896e-05,4.6086152e-05,0.00018596009,0.00032975405,0.9993772,4.163537e-05
ISIC_0031010,HAM_0002910,nv,1,2.8352542e-05,2.5266574e-05,3.563158e-05,3.9905473e-05,0.0018186495,0.9979582,9.415214e-05
ISIC_0029424,HAM_0000297,nv,1,6.4117717e-06,5.7138973e-06,6.525475e-06,4.7748523e-05,0.00023183509,0.99965644,4.529578e-05
ISIC_0027377,HAM_0005105,nv,1,4.043799e-06,2.930193e-05,5.2748957e-05,1.978799e-05,0.00023467926,0.99964285,1.6533486e-05
ISIC_0025021,HAM_0002222,nv,1,8.280129e-06,1.0549159e-05,7.035171e-05,0.00023706889,9.420745e-05,0.99952006,5.93579e-05
ISIC_0024389,HAM_0001760,nv,1,5.918505e-07,1.0168033e-05,8.266552e-06,5.234836e-05,1.8429917e-05,0.9998319,7.835431e-05
ISIC_0028011,HAM_0007489,nv,1,6.7065353e-06,4.746366e-06,3.5479277e-06,0.00019513429,9.1167785e-05,0.99968135,1.737845e-05
ISIC_0032326,HAM_0000280,nv,1,1.5861484e-05,2.024756e-05,0.0005555986,0.00011085573,0.000105572886,0.9991648,2.7034042e-05
ISIC_0030934,HAM_0004355,nv,1,4.2252337e-05,5.1065686e-05,0.0007198371,0.00016613494,0.00046913297,0.9984628,8.875211e-05
ISIC_0026116,HAM_0002855,nv,1,9.921973e-06,1.0398139e-05,0.0004726709,0.00019909364,0.0004923406,0.9987733,4.2348107e-05
ISIC_0025787,HAM_0004469,nv,1,7.3222636e-06,0.00019521911,3.91991e-05,4.104021e-05,3.125225e-05,0.9996277,5.83299e-05
ISIC_0031183,HAM_0002292,nv,1,0.00022155033,0.00028895613,0.0005774707,0.00010734419,0.002909816,0.99530655,0.00058828545
ISIC_0026757,HAM_0007076,nv,1,6.349191e-05,3.124715e-05,8.403102e-05,0.00016654542,0.00017099515,0.9994646,1.9175757e-05
ISIC_0031327,HAM_0007137,nv,1,1.0165117e-05,3.4321045e-05,0.00016843992,0.00012529621,4.7650054e-05,0.99954516,6.892538e-05
ISIC_0025230,HAM_0001966,nv,1,3.2941392e-05,3.0885192e-05,0.000115539544,6.0470273e-05,0.0001652605,0.9995321,6.287913e-05
ISIC_0030865,HAM_0007012,nv,1,0.00015437379,0.00037689062,0.00016433005,0.0004764344,0.007863924,0.9837652,0.0071987454
ISIC_0024491,HAM_0002452,nv,1,2.7622811e-05,6.517267e-05,0.0005242031,9.344677e-05,2.4472454e-05,0.9992254,3.9800372e-05
ISIC_0030478,HAM_0000894,nv,1,9.093489e-05,0.00017189133,0.0005641607,0.0022686508,0.0011151403,0.9954249,0.00036424948
ISIC_0032475,HAM_0007448,nv,1,7.124652e-05,0.00021291061,0.00046685967,0.000118155935,0.0073458296,0.9916857,9.9303135e-05
ISIC_0032294,HAM_0007448,nv,1,4.970353e-05,8.982585e-05,0.0012928712,9.231591e-05,0.0034844861,0.9948754,0.00011556416
ISIC_0028373,HAM_0002715,nv,1,0.0002692834,0.0009966085,0.014846657,0.00024710834,0.029757679,0.95325655,0.0006261027
ISIC_0024714,HAM_0002715,nv,1,0.00022111136,0.0014688296,0.03162038,0.0005398248,0.013969933,0.95155615,0.0006237664
ISIC_0026303,HAM_0001680,nv,1,9.38371e-06,0.0012332314,0.0017079973,7.689884e-05,0.0065987743,0.989922,0.00045169113
ISIC_0030125,HAM_0001680,nv,1,0.000155139,0.0014921802,0.002403199,0.00027068672,0.023387257,0.97141504,0.0008763512
ISIC_0025905,HAM_0004138,nv,1,0.00016734592,0.0005318242,0.0068715913,0.00033870895,0.4649804,0.5268918,0.00021826023
ISIC_0030184,HAM_0004138,nv,1,4.485879e-05,0.00020581072,0.0025951013,0.00039787448,0.040862687,0.95581186,8.186586e-05
ISIC_0033827,HAM_0001697,nv,1,0.00025865567,0.0007528433,0.017302783,0.0057365815,0.005885539,0.96899366,0.001070006
ISIC_0033497,HAM_0001697,nv,1,0.0006530116,0.0006267698,0.022094397,0.009451779,0.00926444,0.9561379,0.0017716062
ISIC_0033605,HAM_0003884,nv,1,0.00011322769,8.613909e-05,0.00023323746,0.00018093734,0.093544975,0.90503496,0.00080656115
ISIC_0033961,HAM_0003884,nv,1,4.0668703e-05,5.031733e-05,9.642255e-05,7.123653e-05,0.03829655,0.96104,0.00040476653
ISIC_0033702,HAM_0003884,nv,1,2.3055385e-05,4.85231e-05,0.00011482028,8.959695e-05,0.045248758,0.9543242,0.0001509284
ISIC_0033943,HAM_0001839,nv,1,0.01783215,0.005677278,0.23859154,0.001469481,0.046638615,0.6890404,0.0007505375
ISIC_0033434,HAM_0001839,nv,1,0.0015364613,0.0012369951,0.008052448,0.00011744242,0.027989397,0.96098477,8.2469836e-05
ISIC_0033006,HAM_0003744,nv,1,5.8593545e-05,3.3385597e-05,0.0017077619,0.00020055594,0.021355446,0.9742026,0.0024417064
ISIC_0032518,HAM_0003744,nv,1,0.010714961,0.0005374536,0.0028270776,0.0023899556,0.17905286,0.8008934,0.0035842462
ISIC_0033548,HAM_0003744,nv,1,0.0002701094,0.00015360338,0.00063729036,0.00035228903,0.042258523,0.95431477,0.0020134724
ISIC_0033015,HAM_0006396,nv,1,0.043135203,0.00023860967,0.30000302,0.00049827754,0.007990907,0.6476327,0.0005012057
ISIC_0033928,HAM_0006396,nv,1,0.007227429,0.00046203408,0.11641719,0.0050406335,0.010479966,0.85853475,0.0018381189
ISIC_0032510,HAM_0002601,nv,1,4.4913522e-06,2.4040476e-06,0.00055987603,0.000105364656,0.0194802,0.97981846,2.9116192e-05
ISIC_0032798,HAM_0002602,nv,1,3.934448e-06,1.09272e-05,0.00026416077,1.061171e-05,0.000111934656,0.9995727,2.5680893e-05
ISIC_0031848,HAM_0001136,nv,1,0.00022524218,0.107070066,0.010601372,0.00019955351,0.040718667,0.838888,0.0022971898
ISIC_0025726,HAM_0001120,nv,1,0.0005120713,0.00026410705,0.0048729493,0.00053874654,0.5681738,0.42554253,9.5840245e-05
ISIC_0026705,HAM_0007275,nv,1,0.0028529572,0.0023103952,0.005819688,0.012216945,0.06959496,0.9060534,0.0011515738
ISIC_0027248,HAM_0004830,nv,1,0.0045096534,0.0007142279,0.0005955954,0.0028553347,0.6417688,0.34892362,0.00063277094
ISIC_0027567,HAM_0004830,nv,1,0.0035993904,0.0008650078,0.0017135666,0.0030162267,0.65964514,0.33039728,0.00076336664
ISIC_0027003,HAM_0007528,nv,1,0.0017951807,0.0002771883,0.00062343455,0.011006216,0.66914725,0.31670076,0.00044992095
ISIC_0030264,HAM_0007221,nv,1,2.7722865e-05,7.233021e-05,0.0004711919,0.0021552264,0.017526623,0.9796139,0.00013303562
ISIC_0026804,HAM_0000924,nv,1,0.0004756583,0.001446648,0.0048263147,0.0021526725,0.11730261,0.87355363,0.00024246848
ISIC_0031194,HAM_0000924,nv,1,0.00025238324,0.0009991704,0.004924096,0.0019184428,0.08245527,0.9092741,0.00017653636
ISIC_0027821,HAM_0006126,nv,1,0.0018041164,0.003337778,0.020783568,0.0023807478,0.20569593,0.7509364,0.015061492
ISIC_0027715,HAM_0006126,nv,1,0.00042361135,0.0014901453,0.0053819637,0.00072058715,0.09832977,0.88327736,0.01037654
ISIC_0030990,HAM_0004665,nv,1,0.00047969347,9.603847e-05,0.00417642,0.00014501804,0.0015090951,0.99340075,0.00019286963
ISIC_0025170,HAM_0003113,nv,1,0.0014320706,0.0016499136,0.00057298585,0.01606434,0.024990514,0.9525298,0.0027603884
ISIC_0031811,HAM_0003113,nv,1,0.00075927674,0.000982577,0.00039160624,0.008907478,0.01531017,0.9715647,0.0020841823
ISIC_0024520,HAM_0003113,nv,1,0.0010759581,0.0010623849,0.0005389165,0.006757855,0.011054101,0.9781975,0.0013131519
ISIC_0028706,HAM_0002986,nv,1,0.0001045631,0.00021707859,0.00042751693,0.00036567455,0.0028516068,0.015085215,0.9809483
ISIC_0025039,HAM_0005457,nv,1,6.212521e-05,5.5906643e-05,0.0011171724,0.00027171068,0.031682726,0.9665571,0.0002532622
ISIC_0027147,HAM_0000366,nv,1,0.008799189,0.0020099243,0.26975417,0.032887083,0.194107,0.4908526,0.0015899809
ISIC_0030621,HAM_0001101,nv,1,0.00037927617,0.00021526255,0.027379822,0.00044428566,0.21078148,0.7605372,0.00026271693
ISIC_0032136,HAM_0001458,nv,1,0.00013412119,0.00017087483,0.0004973483,0.00024620528,0.0452976,0.95349014,0.00016368806
ISIC_0029138,HAM_0003355,nv,1,0.00056624145,0.00012972123,0.003612994,0.00024282494,0.032558,0.9627,0.00019022361
ISIC_0029286,HAM_0005450,nv,1,0.0035205742,0.008637256,0.009663826,0.03249337,0.44257432,0.4985725,0.0045381994
ISIC_0029679,HAM_0000366,nv,1,0.11484747,0.00075369887,0.039470386,0.022090936,0.17822699,0.64370316,0.00090736046
ISIC_0028580,HAM_0006881,nv,1,4.8720267e-05,4.3248147e-05,0.0005195257,6.255806e-05,0.0009480022,0.9983203,5.7631183e-05
ISIC_0025798,HAM_0006881,nv,1,0.0009985807,0.0016066731,0.034051586,0.00028166262,0.124799035,0.8379862,0.0002762148
ISIC_0026922,HAM_0006881,nv,1,2.2917862e-05,2.9312392e-05,0.0011096494,3.30858e-05,0.00072648324,0.99804854,3.0007513e-05
ISIC_0030534,HAM_0002647,nv,1,0.001803181,0.00291829,0.01503899,0.0004062925,0.15855712,0.82110107,0.00017508586
ISIC_0032284,HAM_0002647,nv,1,0.0010422013,0.00032858434,0.046261217,0.00029569393,0.06360317,0.8883645,0.00010461243
ISIC_0025123,HAM_0001126,nv,1,0.00010717727,0.00073457265,0.0045712227,0.00013080437,0.0823732,0.91192436,0.00015870742
ISIC_0028276,HAM_0001126,nv,1,0.00010950509,0.0006675326,0.0052046054,6.5006454e-05,0.043662824,0.95010746,0.0001830287
ISIC_0030176,HAM_0005450,nv,1,0.00042107792,0.0015891314,0.004611796,0.0036804364,0.4131185,0.5758031,0.000775995
ISIC_0032697,HAM_0002027,nv,1,0.0007181319,0.00020695732,0.0017109729,0.02148458,0.13819471,0.8350501,0.0026345244
ISIC_0034043,HAM_0006625,nv,1,0.0056506563,0.0010361196,0.3957549,0.0076037887,0.21919787,0.36888415,0.0018725095
ISIC_0033916,HAM_0005641,nv,1,0.0005023709,0.00047470714,0.0026606636,0.0005528252,0.31267902,0.6829537,0.00017669355
ISIC_0032554,HAM_0005641,nv,1,0.009498133,0.00016926168,0.013832362,0.00033925715,0.58530205,0.3906575,0.00020139618
ISIC_0033556,HAM_0004199,nv,1,0.00013283028,0.00022683627,0.007872284,0.0001272436,0.034262497,0.9573121,6.614217e-05
ISIC_0034130,HAM_0007172,nv,1,7.353492e-05,0.00013927248,0.04224647,0.00015967668,0.005110085,0.952181,8.9921065e-05
ISIC_0027795,HAM_0001526,akiec,1,0.9986738,1.8070155e-05,0.0011889015,3.6783517e-06,9.07873e-05,2.3021972e-05,1.7511578e-06
ISIC_0032329,HAM_0005027,akiec,1,0.9030088,0.00016405576,0.034302715,0.00024483807,0.05967633,0.0024391992,0.00016405576
ISIC_0027084,HAM_0006893,akiec,1,0.9726365,0.007909704,0.010755012,0.00036541987,0.00048127442,0.007747726,0.00010428638
ISIC_0031874,HAM_0001922,akiec,1,0.99977976,1.24331755e-05,6.995887e-05,1.1166816e-05,8.7534114e-05,3.4564575e-05,4.627826e-06
ISIC_0031335,HAM_0000501,akiec,1,0.9985293,0.0002741961,0.0003632508,0.00015039385,0.0006126529,1.3558419e-05,5.652833e-05
ISIC_0026138,HAM_0005027,akiec,1,0.7538779,0.00054381584,0.1949399,0.004889766,0.039392292,0.0047485894,0.0016077566
ISIC_0026981,HAM_0000909,akiec,1,0.99985635,3.7480147e-06,6.508659e-05,1.7880779e-05,3.190708e-05,2.4131812e-05,8.57801e-07
ISIC_0031286,HAM_0000909,akiec,1,0.9990625,2.2494062e-06,0.00021096284,3.6947367e-05,0.0004143835,0.0002720082,1.0419928e-06
