image_id,lesion_id,diagnosis,fold,p_akiec,p_bcc,p_bkl,p_df,p_mel,p_nv,p_vasc
ISIC_0031326,HAM_0007207,bkl,4,0.0014545028,0.0008942355,0.98882234,0.00017686092,0.006728016,0.0018803143,4.368157e-05
ISIC_0031159,HAM_0005772,bkl,4,0.0042489693,8.48891e-05,0.9814777,4.5883768e-05,0.010567775,0.0035345794,4.0334417e-05
ISIC_0031017,HAM_0005772,bkl,4,0.0007891751,0.00015842404,0.9948949,7.834905e-05,0.0034104898,0.0006447352,2.3848483e-05
ISIC_0030105,HAM_0003670,bkl,4,0.0043526078,0.0026092331,0.9631308,0.0006920535,0.016539246,0.0119564785,0.0007196218
ISIC_0033539,HAM_0001728,bkl,4,0.00067971007,0.0016954929,0.561554,0.40368298,0.0108395135,0.012681962,0.0088664135
ISIC_0027023,HAM_0000746,bkl,4,0.0037798989,0.00016362217,0.9310277,8.275789e-05,0.04475185,0.020092601,0.00010159532
ISIC_0027957,HAM_0001665,bkl,4,0.00032599765,0.0008913611,0.30340615,0.00044471654,0.16176848,0.5324944,0.0006689038
ISIC_0031212,HAM_0001665,bkl,4,0.00016311412,0.00035419254,0.8567113,0.00021992314,0.031084048,0.11106685,0.0004005696
ISIC_0032382,HAM_0001417,bkl,4,0.0010549935,0.0012232163,0.9929721,0.00044000152,0.0008640087,0.0029271885,0.0005184485
ISIC_0027533,HAM_0001417,bkl,4,0.0012671208,0.19289343,0.7794762,0.0009715352,0.010914232,0.010224226,0.0042532557
ISIC_0025906,HAM_0007179,bkl,4,0.00024318683,0.00016616324,0.89167887,0.0039069112,0.006198802,0.096399084,0.0014069806
ISIC_0027151,HAM_0007179,bkl,4,0.00015222696,0.00015104232,0.15348962,0.007000534,0.02557565,0.8121204,0.0015106488
ISIC_0026794,HAM_0000566,bkl,4,0.0026715198,0.0019741883,0.99070716,0.00013323464,0.0029795682,0.0015077614,2.6544712e-05
ISIC_0032949,HAM_0006085,bkl,4,0.00019263176,5.6719848e-05,0.95977324,0.00024494037,0.0103038475,0.029324276,0.00010432377
ISIC_0033322,HAM_0006085,bkl,4,8.220926e-05,3.4003227e-05,0.9883569,9.261106e-05,0.008451341,0.0029436126,3.9367467e-05
ISIC_0033127,HAM_0006085,bkl,4,0.0001229996,3.954406e-05,0.9679002,0.00010157271,0.02945729,0.0023095277,6.88619e-05
ISIC_0033646,HAM_0003743,bkl,4,0.00032129328,0.0035417587,0.87205195,0.00016864958,0.12034712,0.0030168795,0.00055244094
ISIC_0033592,HAM_0003743,bkl,4,0.00043328365,0.0063170264,0.8946655,0.00037644338,0.09283511,0.0038778768,0.0014946896
ISIC_0033899,HAM_0003743,bkl,4,0.00016912141,0.0005049032,0.98513967,0.00015887486,0.011787059,0.0020978814,0.0001424145
ISIC_0033280,HAM_0001385,bkl,4,0.0004201143,0.0008653924,0.979143,0.0013221456,0.0021692317,0.015264729,0.00081534614
ISIC_0033212,HAM_0001385,bkl,4,0.00019755306,0.00030567756,0.9939526,0.00029801388,0.0004248059,0.004505078,0.0003163061
ISIC_0033770,HAM_0001385,bkl,4,0.00019408132,0.00044774095,0.99186254,0.0003086304,0.0005704367,0.0063398182,0.00027665452
ISIC_0033284,HAM_0003978,bkl,4,0.00010956072,0.00020709916,0.93585265,0.00019838884,0.01229788,0.051172797,0.00016160432
ISIC_0033908,HAM_0003978,bkl,4,1.883002e-05,3.4163422e-05,0.9988488,2.5289124e-05,0.00022570234,0.0008268961,2.028073e-05
ISIC_0033437,HAM_0000802,bkl,4,5.1832812e-05,5.8964153e-05,0.02328222,0.000100105695,0.9391316,0.03727762,9.7595934e-05
ISIC_0033195,HAM_0000802,bkl,4,0.00039295535,0.00017505535,0.25086755,0.00048808657,0.59828407,0.14950757,0.00028469838
ISIC_0032553,HAM_0000802,bkl,4,6.2028885e-05,1.32584e-05,0.004908354,2.7578964e-05,0.9840925,0.010847204,4.9068887e-05
ISIC_0033264,HAM_0004255,bkl,4,0.0002687937,0.0002437853,0.8629939,0.00011183125,0.13495466,0.0012643128,0.0001627135
ISIC_0033635,HAM_0001837,bkl,4,0.0003466322,2.8676466e-05,0.75597554,0.00035346893,0.001222335,0.24162431,0.0004490137
ISIC_0033868,HAM_0001837,bkl,4,0.00016578025,6.267777e-05,0.4447174,0.00028421346,0.0010632245,0.55345976,0.00024692895
ISIC_0029014,HAM_0004373,bkl,4,0.012394227,0.0012271948,0.92946917,0.00026931576,0.033526897,0.022596993,0.0005160869
ISIC_0029548,HAM_0000113,bkl,4,0.0008732247,0.00012445581,0.015829869,0.00043269992,0.06730027,0.90753007,0.007909392
ISIC_0027989,HAM_0000113,bkl,4,0.0009931335,0.00017258072,0.021822764,0.00061544747,0.075871974,0.8889001,0.011623987
ISIC_0028020,HAM_0003090,bkl,4,0.0016237741,0.0015046814,0.6449211,0.25206196,0.00979261,0.072146475,0.017949361
ISIC_0027139,HAM_0005440,bkl,4,0.013439479,0.00043999462,0.35026664,0.0040838267,0.0032479716,0.6280872,0.00043486853
ISIC_0031989,HAM_0007100,bkl,4,0.96766627,0.011331899,0.01977191,5.797352e-05,0.00075918995,0.00015944596,0.00025330536
ISIC_0029394,HAM_0004566,bkl,4,0.0007101726,2.6559175e-05,0.007109726,7.9446065e-05,0.008336499,0.983533,0.00020446377
ISIC_0025885,HAM_0000582,bkl,4,0.08861118,0.00733786,0.4500047,0.0027933088,0.4161863,0.033273652,0.0017929592
ISIC_0028120,HAM_0001055,bkl,4,0.0005853706,0.00010122667,0.916842,0.002923812,0.0042050723,0.07511213,0.00023035645
ISIC_0025326,HAM_0003000,bkl,4,0.39004457,0.03404845,0.56973267,0.0008785855,0.00330282,0.0007269517,0.0012659114
ISIC_0025743,HAM_0004382,bkl,4,0.00019693974,0.00024653578,0.9991259,9.145143e-05,3.7604965e-05,0.00024012028,6.151762e-05
ISIC_0031424,HAM_0004928,bkl,4,0.0025220632,0.0009360058,0.5679705,0.0002979991,0.40909383,0.018617475,0.0005621991
ISIC_0029770,HAM_0004928,bkl,4,0.0021798087,0.00022116443,0.8958669,0.00016467678,0.06854423,0.032695748,0.00032749886
ISIC_0031060,HAM_0005674,bkl,4,0.002398696,8.5057305e-05,0.99307305,0.00013941649,0.0014864783,0.0027608823,5.632935e-05
ISIC_0024773,HAM_0000844,bkl,4,0.029487545,0.00058511086,0.8804668,0.0001580968,0.08683815,0.0023017619,0.00016247941
ISIC_0025583,HAM_0004131,bkl,4,0.00057101366,3.330196e-05,0.99870026,0.00026697613,0.00013365537,0.00027700193,1.7755763e-05
ISIC_0030744,HAM_0000847,bkl,4,0.019401427,8.927791e-05,0.5251513,0.0005147634,0.0702435,0.3842089,0.00039084724
ISIC_0027344,HAM_0003069,bkl,4,0.002281984,0.00017545292,0.9714173,0.015442981,0.006616049,0.0040078186,5.8426023e-05
ISIC_0024748,HAM_0003420,bkl,4,0.0015422401,0.0021370105,0.27394393,0.0016806381,0.42762044,0.29275313,0.00032264035
ISIC_0030203,HAM_0001896,bkl,4,0.003535335,0.0074079535,0.594552,0.0034332634,0.37644687,0.012815431,0.0018092027
ISIC_0025297,HAM_0007513,bkl,4,0.010825377,0.00087056344,0.98115367,0.0001912374,0.00623473,0.0005902043,0.00013428977
ISIC_0024676,HAM_0007513,bkl,4,0.1289353,0.00043683956,0.8590225,0.0008569626,0.008986617,0.0014060102,0.0003558424
ISIC_0027606,HAM_0002306,bkl,4,0.0032072775,0.00030794338,0.73616743,0.0010874978,0.25441268,0.004702587,0.00011462143
ISIC_0025703,HAM_0000110,bkl,4,0.0004344086,0.0003576839,0.066194504,0.00018126536,0.9299916,0.0027765543,6.400406e-05
ISIC_0026443,HAM_0002902,bkl,4,0.0009823903,0.00053255376,0.96382064,0.00022615907,0.0059361537,0.028264549,0.00023747605
ISIC_0032006,HAM_0003452,bkl,4,0.00030516548,0.0002358136,0.9981188,9.1180984e-05,0.00052830955,0.0006964236,2.4255118e-05
ISIC_0028920,HAM_0003452,bkl,4,0.00014320969,3.465232e-05,0.9974355,0.000115072224,0.0014156238,0.00083362573,2.237322e-05
ISIC_0032045,HAM_0001057,bkl,4,0.0013862267,5.9830672e-05,0.9870302,5.3841777e-05,0.009790568,0.0015815753,9.7685464e-05
ISIC_0024381,HAM_0001057,bkl,4,0.00014029679,2.6626178e-05,0.9995875,3.1068415e-05,0.00012940532,7.4093834e-05,1.1034596e-05
ISIC_0027706,HAM_0005596,bkl,4,0.0029108769,0.00034405556,0.96913815,0.00015178176,0.019821333,0.007571236,6.265717e-05
ISIC_0029249,HAM_0005869,bkl,4,0.9482581,0.00025460817,0.04976745,0.00012457177,0.0012633629,0.00024919643,8.265917e-05
ISIC_0030822,HAM_0005869,bkl,4,0.98691297,9.265655e-05,0.012447689,0.00012298996,0.00011046302,0.00024966264,6.35576e-05
ISIC_0030636,HAM_0001226,bkl,4,0.0010838442,0.00066424126,0.99734735,4.2953583e-05,0.00030942925,0.00048775226,6.435515e-05
ISIC_0027760,HAM_0003766,bkl,4,0.00233514,0.0002674239,0.4998374,0.00081571855,0.4079554,0.08839902,0.0003898602
ISIC_0026538,HAM_0003766,bkl,4,0.00095657515,8.259065e-05,0.9968285,0.0002470522,0.0013479997,0.0005066708,3.0502322e-05
ISIC_0029580,HAM_0001958,bkl,4,0.035525035,0.41015157,0.54655564,0.00036250273,0.0039974926,0.00283188,0.00057589344
ISIC_0027527,HAM_0001979,bkl,4,0.0030729102,0.00014506148,0.8907454,0.0002924605,0.10351483,0.0019845043,0.0002448376
ISIC_0024893,HAM_0002058,bkl,4,0.004528791,0.0011842935,0.8103504,0.0006610926,0.15587108,0.027165802,0.00023849841
ISIC_0024471,HAM_0000299,bkl,4,3.9092734e-05,1.803833e-05,0.9988642,6.935088e-05,9.770496e-05,0.00089322886,1.85022e-05
ISIC_0029878,HAM_0000299,bkl,4,5.5494234e-05,2.8959217e-05,0.99569976,4.964765e-05,0.00014764264,0.0039749346,4.3643082e-05
ISIC_0026787,HAM_0000386,bkl,4,0.014874647,0.00033800164,0.015219957,0.046940897,0.79705244,0.1251306,0.00044342788
ISIC_0026245,HAM_0001938,bkl,4,0.00069669535,2.6987442e-05,0.015504526,0.00029499936,0.9573594,0.026066821,5.0517752e-05
ISIC_0031050,HAM_0006868,bkl,4,0.000102519545,4.6119017e-05,0.99424696,0.00040785543,0.0031582955,0.0019880256,5.0159586e-05
ISIC_0024761,HAM_0005053,bkl,4,0.023941632,0.0046074274,0.9695099,0.00018387083,0.00040913213,0.0012676214,8.048426e-05
ISIC_0026843,HAM_0005082,bkl,4,0.000672502,0.00034685113,0.17011128,0.0011417321,0.13042884,0.6968771,0.00042166372
ISIC_0025699,HAM_0005082,bkl,4,0.00041496585,9.798719e-05,0.16839294,0.0005886345,0.35233468,0.47783667,0.00033408627
ISIC_0029617,HAM_0005082,bkl,4,0.0014493596,0.00034291096,0.032412484,0.013376961,0.38874307,0.5634127,0.00026240596
ISIC_0024696,HAM_0001082,bkl,4,0.00073017343,0.0006700448,0.22409931,0.0002370526,0.75811815,0.015765002,0.0003802916
ISIC_0027470,HAM_0002548,bkl,4,0.0014074553,0.0002013818,0.36410683,0.0005003755,0.01127782,0.6217907,0.00071535626
ISIC_0031150,HAM_0001094,bkl,4,0.0006183989,0.0001329568,0.816417,0.00024122436,0.17934301,0.0031520105,9.539184e-05
ISIC_0031961,HAM_0006173,bkl,4,0.0029040002,0.008927498,0.98414457,0.001097401,0.0004994915,0.0015109958,0.00091601786
ISIC_0028656,HAM_0002548,bkl,4,0.0005097612,7.0212096e-05,0.21176645,0.00031466878,0.22454537,0.56230617,0.00048736852
ISIC_0032445,HAM_0006173,bkl,4,0.008072146,0.0056050792,0.9816164,0.0002923101,0.0040787975,0.00021219437,0.00012304878
ISIC_0026704,HAM_0004338,bkl,4,0.016107898,5.543383e-05,0.9715756,0.00028819215,0.00987545,0.002050954,4.649797e-05
ISIC_0026523,HAM_0004338,bkl,4,0.00017582528,2.3541117e-05,0.999488,7.3294876e-05,0.00013689941,9.5128904e-05,7.3069546e-06
ISIC_0026553,HAM_0007024,bkl,4,0.0007975129,0.00018404667,0.9780483,0.0003919165,0.00064553035,0.019867292,6.536802e-05
ISIC_0032365,HAM_0003206,bkl,4,0.00027961197,7.322663e-05,0.032699715,0.00018373251,0.08802323,0.8786459,9.457739e-05
ISIC_0028229,HAM_0004158,bkl,4,0.0052479287,0.00013647955,0.9702561,4.6890513e-05,0.023913307,0.00034277464,5.656075e-05
ISIC_0025199,HAM_0003206,bkl,4,0.0004590218,6.478602e-05,0.04016605,0.00020508686,0.09844583,0.86046696,0.00019228536
ISIC_0024871,HAM_0001312,bkl,4,0.0009714676,0.00020950554,0.99119276,7.205051e-05,0.0070059556,0.00047005783,7.82101e-05
ISIC_0028830,HAM_0001312,bkl,4,0.00028971778,8.351372e-05,0.9991491,4.772429e-05,0.00023989147,0.00017110817,1.9020526e-05
ISIC_0028451,HAM_0004338,bkl,4,0.0011844502,4.0907416e-05,0.99542063,0.00010124682,0.0030438597,0.00018459187,2.4189549e-05
ISIC_0025434,HAM_0001878,bkl,4,8.091324e-05,1.940718e-05,0.999742,3.340187e-05,3.19658e-05,8.372664e-05,8.5448655e-06
ISIC_0028165,HAM_0001878,bkl,4,0.0035215404,6.17865e-05,0.9956838,9.458191e-05,0.00036881905,0.0002443704,2.5159801e-05
ISIC_0027770,HAM_0004463,bkl,4,0.005580755,0.0001966403,0.99129444,6.8623965e-05,0.0019611826,0.0007298943,0.00016852419
ISIC_0031825,HAM_0004453,bkl,4,0.09651125,0.0031114512,0.7243572,0.000693581,0.13824598,0.036081236,0.0009993473
ISIC_0030677,HAM_0004453,bkl,4,0.9229012,0.0008399349,0.0732823,0.00017097672,0.0020451304,0.00060203555,0.00015843677
ISIC_0024705,HAM_0007355,bkl,4,0.00012357954,0.00017564195,0.9984459,0.0007249118,8.3781575e-05,0.00040589474,4.031678e-05
ISIC_0026803,HAM_0007355,bkl,4,8.7342065e-05,3.8947517e-05,0.99904865,0.0003124739,8.498616e-05,0.00041308987,1.4525227e-05
ISIC_0024782,HAM_0004004,bkl,4,0.00023922142,0.00022428922,0.6817836,0.0012744133,0.046395957,0.26961043,0.0004720463
ISIC_0029872,HAM_0004004,bkl,4,0.0001554041,0.0007259874,0.9922671,0.00018346876,0.0026156583,0.0037798327,0.00027247646
ISIC_0026311,HAM_0006099,bkl,4,4.802172e-05,6.8720794e-05,0.9995023,0.00012645862,5.548899e-05,0.00017175473,2.7149019e-05
ISIC_0029270,HAM_0006099,bkl,4,0.00012003078,4.9889903e-05,0.9986059,0.00012965755,0.0008040037,0.0002748874,1.5729245e-05
ISIC_0024909,HAM_0002757,bkl,4,0.00023565411,7.955332e-05,0.94713145,0.00035306843,0.0439532,0.008146419,0.000100761434
ISIC_0028258,HAM_0002757,bkl,4,0.00013705919,3.8734903e-05,0.95739895,0.00021859263,0.033276293,0.00884321,8.712013e-05
ISIC_0024770,HAM_0000106,bkl,4,0.00012294821,2.1459295e-05,0.99869496,4.8264905e-05,0.0009525346,0.00014983237,1.0038143e-05
ISIC_0032170,HAM_0004543,bkl,4,0.00046658266,0.00038908373,0.60762316,0.005006449,0.0066049956,0.37875843,0.0011514247
ISIC_0034142,HAM_0000309,bkl,4,0.066494405,0.00058235496,0.93238217,0.00020876332,0.00018315665,0.00010095135,4.8154005e-05
ISIC_0033660,HAM_0007427,bkl,4,0.00010513367,7.141542e-05,0.9979273,0.00038045403,0.00037218563,0.0011114123,3.2126645e-05
ISIC_0034221,HAM_0007427,bkl,4,5.405758e-05,5.9777878e-05,0.9987587,0.00048630065,0.00033154726,0.00029438073,1.527745e-05
ISIC_0033945,HAM_0007427,bkl,4,0.00011758268,9.690996e-05,0.9946144,0.0014840678,0.0027329524,0.0009215912,3.252423e-05
ISIC_0033491,HAM_0007427,bkl,4,0.00010549416,0.00013894057,0.9974452,0.00054911827,0.00042133205,0.0012936816,4.6086985e-05
ISIC_0034280,HAM_0007427,bkl,4,8.340721e-05,4.6242116e-05,0.99884987,0.00022147225,0.00034546014,0.00043441632,1.9052004e-05
ISIC_0031601,HAM_0001487,bkl,4,2.8091054e-05,3.9383296e-05,0.9945648,8.9973364e-05,5.446512e-05,0.004960587,0.00026277313
ISIC_0032271,HAM_0002371,bkl,4,0.00028811314,0.00016929027,0.9977475,0.00018738727,5.931052e-05,0.0015155132,3.2818418e-05
ISIC_0026046,HAM_0002190,bkl,4,1.5948275e-05,3.4294182e-05,0.99876285,5.0584622e-05,3.31742e-05,0.0010249886,7.81178e-05
ISIC_0028587,HAM_0001735,bkl,4,2.152312e-05,2.731426e-05,0.99971086,4.5653524e-05,4.036786e-05,0.00010368872,5.063264e-05
ISIC_0026422,HAM_0003926,bkl,4,0.00013900714,9.723233e-05,0.9862969,0.00035845058,0.0008768378,0.012057182,0.00017435399
ISIC_0028448,HAM_0001167,bkl,4,0.00041881937,0.00016513703,0.9675835,0.00042917032,0.0010873963,0.029678613,0.00063737726
ISIC_0028503,HAM_0003726,bkl,4,2.4478799e-05,2.7792343e-05,0.9994844,8.51063e-05,1.6563183e-05,0.0003288849,3.2715416e-05
ISIC_0027025,HAM_0000121,bkl,4,0.000112630085,0.0001235792,0.9984433,0.000271243,0.00017393458,0.00076781015,0.00010747238
ISIC_0028525,HAM_0005722,bkl,4,0.016501624,7.4939635e-05,0.9115784,0.0012762022,0.052237604,0.018194424,0.00013676244
ISIC_0024850,HAM_0007393,bkl,4,5.2476622e-05,1.9956817e-05,0.012133519,0.00020513101,0.00078270846,0.9867426,6.354663e-05
ISIC_0025758,HAM_0005443,bkl,4,2.9155537e-05,9.2565664e-05,0.9985416,9.36568e-05,4.6772766e-05,0.0010823638,0.00011385771
ISIC_0029731,HAM_0000643,bkl,4,0.00029002107,0.95322835,0.008963013,0.00038647332,0.00470017,0.030641478,0.0017905284
ISIC_0028386,HAM_0005751,bkl,4,0.00036739808,3.31543e-05,0.10770056,0.00010132772,0.0038659454,0.88778514,0.00014656964
ISIC_0029195,HAM_0003129,bkl,4,1.936221e-05,2.8811777e-05,0.9993754,5.131241e-05,1.87665e-05,0.0004659076,4.0512252e-05
ISIC_0031125,HAM_0004713,bkl,4,0.00017023884,3.7469617e-05,0.98778266,0.00079025736,0.0023190123,0.0043013943,0.0045989766
ISIC_0025454,HAM_0001423,bkl,4,5.070309e-05,0.00015770913,0.9933113,0.00030607753,0.00029492733,0.0057415185,0.0001378253
ISIC_0025431,HAM_0000607,bkl,4,3.0351384e-05,7.338023e-05,0.99577796,0.00010098687,7.6377924e-05,0.0039059801,3.4934234e-05
ISIC_0029036,HAM_0000955,bkl,4,0.00063615275,0.00014944859,0.9980843,0.00014414497,0.000303076,0.000624458,5.841071e-05
ISIC_0030583,HAM_0000465,bkl,4,0.00020207556,5.54606e-05,0.91315174,0.0003494964,0.0011875383,0.08477061,0.0002830308
ISIC_0027326,HAM_0005874,bkl,4,2.3523946e-05,1.6713588e-05,0.99681026,4.7334415e-05,0.002072549,0.0010002636,2.9390609e-05
ISIC_0030244,HAM_0007526,df,4,0.0007727661,0.24327056,0.0021864085,0.7108347,0.04045657,0.0010408865,0.0014380886
ISIC_0031827,HAM_0007526,df,4,0.0023496617,0.57606727,0.008145253,0.35490474,0.045055028,0.010912576,0.002565522
ISIC_0032410,HAM_0005518,df,4,0.0016021233,0.015049128,0.61434,0.30175367,0.0439627,0.02087325,0.0024192054
ISIC_0031344,HAM_0005861,df,4,0.03077898,0.19062695,0.028045116,0.7422554,0.0014583003,0.005006164,0.0018291181
ISIC_0028346,HAM_0005861,df,4,0.020521747,0.00862078,0.026299031,0.94259214,0.0006987952,0.00059421925,0.00067333854
ISIC_0025154,HAM_0001177,df,4,0.102668904,0.82267725,0.037788223,0.030947449,0.0026005632,0.001751058,0.0015665756
ISIC_0025911,HAM_0004648,df,4,5.4908465e-05,0.00024014754,0.00032728253,0.9929166,0.005407333,0.0003761485,0.00067763374
ISIC_0026471,HAM_0006787,df,4,5.805101e-05,0.00033471358,0.0029978722,0.9958203,0.00032759918,0.0001823364,0.00027911802
ISIC_0028651,HAM_0004496,df,4,5.9937855e-05,0.00013854551,0.00036537545,0.120659776,0.0017358891,0.8743175,0.002722948
ISIC_0029973,HAM_0002045,df,4,3.1408355e-05,0.00010563234,0.0003222085,0.9871158,0.0016907268,0.008556922,0.0021773058
ISIC_0029130,HAM_0000049,df,4,6.7284716e-05,6.5214575e-05,0.0043032942,0.9949975,0.00014986191,0.00012533665,0.00029155877
ISIC_0025314,HAM_0000757,df,4,1.9637037e-05,0.00011333489,0.00020723692,0.9958996,0.0001854035,0.00040808477,0.0031666365
ISIC_0029297,HAM_0002153,df,4,1.9780282e-05,7.8003664e-05,5.0560066e-05,0.99925333,0.00014816958,0.00026634254,0.00018377081
ISIC_0026993,HAM_0005186,mel,4,6.960417e-05,5.1523773e-05,5.033022e-05,0.00014535116,0.99762934,0.0017347956,0.0003190301
ISIC_0025451,HAM_0002143,mel,4,0.00011959757,3.2760083e-05,0.00016235684,6.527857e-05,0.38473284,0.6148013,8.5807056e-05
ISIC_0029575,HAM_0001747,mel,4,0.0006374182,0.00019998576,0.0020316541,7.250081e-05,0.9954413,0.0015508928,6.6141794e-05
ISIC_0028361,HAM_0001747,mel,4,0.00026225217,0.0005428568,0.0074428543,0.00021869235,0.9882407,0.0032199435,7.2682706e-05
ISIC_0027277,HAM_0004720,mel,4,0.00022717965,0.00034708483,0.00048000092,0.00095926836,0.97958255,0.013543091,0.0048608743
ISIC_0028642,HAM_0004720,mel,4,0.000487534,0.0017016609,0.020131947,0.0042947186,0.7628593,0.16790557,0.042619333
ISIC_0029913,HAM_0007171,mel,4,1.9686297e-05,3.8393624e-05,6.417177e-05,0.00012539707,0.97527,0.024272764,0.0002095908
ISIC_0026909,HAM_0007171,mel,4,7.5902185e-06,1.9269066e-05,1.5635072e-05,0.00017702206,0.99456775,0.005128074,8.468764e-05
ISIC_0026113,HAM_0002714,mel,4,5.6451572e-05,3.782584e-05,0.0001891173,8.881079e-05,0.8629817,0.13654354,0.00010262067
ISIC_0032265,HAM_0002714,mel,4,3.55692e-05,9.877209e-06,0.00024319006,5.3709475e-05,0.9123908,0.08721813,4.8712376e-05
ISIC_0028901,HAM_0006739,mel,4,0.0008461169,0.0007244293,0.0021925182,0.001998261,0.6162931,0.37673244,0.0012131908
ISIC_0032098,HAM_0006739,mel,4,0.0009504858,0.0009825748,0.004236964,0.001460685,0.9370838,0.0535944,0.0016911181
ISIC_0029651,HAM_0004643,mel,4,5.6905927e-05,3.3192933e-05,0.012121399,4.0038318e-05,0.97808576,0.009607561,5.5155113e-05
ISIC_0032044,HAM_0004643,mel,4,0.0003007744,8.032235e-05,0.20320804,0.00028644092,0.75944626,0.036504418,0.00017373521
ISIC_0027253,HAM_0005697,mel,4,0.0013966504,0.041337587,0.011947969,0.00024773015,0.9172514,0.027671557,0.0001470622
ISIC_0032046,HAM_0005697,mel,4,0.0012556312,0.0014622584,0.15194778,0.0017483862,0.6285771,0.21469963,0.0003092118
ISIC_0025674,HAM_0000531,mel,4,0.008975075,0.9417798,0.022019142,0.00012566904,0.026742341,0.00018828348,0.00016976804
ISIC_0031369,HAM_0000531,mel,4,0.0022512944,0.98792994,0.002529654,0.000169932,0.0069015403,0.00016762452,5.0035967e-05
ISIC_0025219,HAM_0005588,mel,4,3.768221e-05,2.4046018e-05,0.00013546714,9.621052e-06,0.99922466,0.00054942677,1.9133748e-05
ISIC_0026458,HAM_0005588,mel,4,3.9689392e-05,1.3075398e-05,0.00017053478,9.9278295e-06,0.99936277,0.0003952126,8.864554e-06
ISIC_0031972,HAM_0002182,mel,4,0.4529174,0.0075163227,0.11088384,0.0003390676,0.419699,0.00791946,0.0007248502
ISIC_0030539,HAM_0002182,mel,4,0.10144269,0.0015164452,0.36459634,0.00035599098,0.52124107,0.009845105,0.0010023091
ISIC_0024967,HAM_0006975,mel,4,2.5898067e-05,4.890651e-05,0.000112936366,2.6050258e-05,0.99920493,0.0005432802,3.8088427e-05
ISIC_0027693,HAM_0004980,mel,4,3.0871666e-05,3.6233894e-05,5.8298763e-05,0.0001388309,0.9759502,0.023773411,1.2255938e-05
ISIC_0029017,HAM_0004980,mel,4,0.0002422509,0.00057886407,0.0016250507,0.00019126231,0.6600892,0.3371406,0.00013274254
ISIC_0028127,HAM_0005911,mel,4,4.388433e-05,1.4785791e-05,9.106174e-05,2.9001442e-06,0.9992501,0.00058831373,9.038373e-06
ISIC_0030165,HAM_0005911,mel,4,6.661212e-05,0.00043862822,0.022629542,6.886098e-05,0.9735752,0.0031597924,6.1365965e-05
ISIC_0029241,HAM_0006092,mel,4,0.008585892,0.0027583216,0.018534828,7.552602e-05,0.9684591,0.0014876396,9.869708e-05
ISIC_0031890,HAM_0007420,mel,4,0.00035755557,0.00014404289,0.9526341,0.00016644126,0.044904742,0.0017294423,6.366945e-05
ISIC_0024875,HAM_0007617,mel,4,0.0003128663,0.9631866,0.0023539318,9.060578e-05,0.033740018,0.00021927072,9.663792e-05
ISIC_0026950,HAM_0007617,mel,4,0.0004903124,0.49341473,0.01719992,0.00017278951,0.48766628,0.00068073143,0.00037520207
ISIC_0029216,HAM_0004153,mel,4,8.2001585e-05,0.005014153,0.0015062572,0.0001608652,0.9518032,0.0413321,0.000101456404
ISIC_0026489,HAM_0004153,mel,4,0.0001948144,0.062172763,0.005383743,0.00063628156,0.9047435,0.026661951,0.00020697422
ISIC_0028878,HAM_0000062,mel,4,0.0155482385,0.0005121496,0.76767117,0.0002656997,0.2082364,0.0075582066,0.00020814319
ISIC_0028087,HAM_0002981,mel,4,0.00010565679,0.000259468,0.10406534,0.00018652316,0.26625967,0.62882125,0.00030216624
ISIC_0026664,HAM_0002981,mel,4,4.5805602e-05,8.846522e-05,0.0011413677,5.9508853e-05,0.8851806,0.11342073,6.347069e-05
ISIC_0029726,HAM_0004102,mel,4,0.0008830823,0.004715977,0.0058376887,0.00034413557,0.9865537,0.0015566836,0.000108710876
ISIC_0030824,HAM_0000330,mel,4,0.0036143244,0.011531254,0.08106542,0.0013387561,0.88526005,0.012288449,0.0049017505
ISIC_0025394,HAM_0003376,mel,4,0.00038478564,0.0001539566,0.0016559979,0.0001225054,0.61998594,0.37751225,0.00018462217
ISIC_0030575,HAM_0002032,mel,4,0.00028387673,7.5588025e-05,0.019307844,3.96768e-05,0.8114255,0.16876043,0.00010701342
ISIC_0034046,HAM_0000179,mel,4,5.389198e-05,3.372474e-05,1.7737011e-05,0.0010563423,0.98795056,0.010847275,4.044214e-05
ISIC_0032550,HAM_0000179,mel,4,5.4084165e-05,4.4925007e-05,3.093684e-05,0.001296339,0.9876084,0.010928565,3.6882197e-05
ISIC_0033700,HAM_0000179,mel,4,9.5088464e-05,5.6669127e-05,3.673154e-05,0.008215616,0.9797395,0.011791334,6.509849e-05
ISIC_0028746,HAM_0000878,mel,4,0.000353017,0.00033619392,0.00049880706,0.0014848064,0.9934103,0.0037273387,0.00018951079
ISIC_0033432,HAM_0005893,mel,4,0.0002986865,0.00011106735,0.000110418456,0.00023329978,0.87571234,0.12323586,0.00029839494
ISIC_0032833,HAM_0005893,mel,4,0.0002247053,3.4934033e-05,0.00016488024,0.0001472215,0.98417145,0.015208861,4.7936053e-05
ISIC_0034236,HAM_0005893,mel,4,0.00030965527,7.507349e-05,0.0001262165,0.00016238206,0.83800554,0.16119055,0.00013047764
ISIC_0034118,HAM_0002824,mel,4,4.8274942e-05,5.1791452e-05,2.9052371e-05,8.3005325e-05,0.9757631,0.023955276,6.9489135e-05
ISIC_0033476,HAM_0002824,mel,4,2.3423392e-05,1.1640803e-05,2.31505e-05,2.116127e-05,0.9944898,0.0054159006,1.4888812e-05
ISIC_0033047,HAM_0002824,mel,4,2.9928064e-05,3.5959394e-05,2.8059958e-05,6.158857e-05,0.98765975,0.012144797,3.9959206e-05
ISIC_0025987,HAM_0002824,mel,4,0.00018151235,7.663233e-05,6.5291555e-05,0.00024140597,0.910575,0.08876134,9.878298e-05
ISIC_0033068,HAM_0002671,mel,4,0.00045774181,4.1428193e-05,0.010520394,7.770098e-05,0.96380967,0.02499186,0.00010114344
ISIC_0034218,HAM_0002671,mel,4,0.00048552392,3.6500936e-05,0.0060315533,0.000120150384,0.969793,0.023393853,0.00013937689
ISIC_0034263,HAM_0002671,mel,4,0.0013939128,3.6975736e-05,0.023422062,0.00010269323,0.97096246,0.0040187994,6.302081e-05
ISIC_0033275,HAM_0003280,mel,4,7.845003e-05,0.00020749729,0.00868622,0.00011799769,0.0855283,0.9052601,0.000121505786
ISIC_0033938,HAM_0003280,mel,4,0.0001278802,0.00037220813,0.0032453565,0.00012938758,0.031846154,0.9639822,0.00029675016
ISIC_0032841,HAM_0003280,mel,4,0.00024342696,0.0003473336,0.0024969364,0.00042556203,0.15693185,0.8384818,0.0010730018
ISIC_0033317,HAM_0000662,mel,4,0.000115688694,0.00014397691,0.37801898,0.00019450038,0.59937173,0.022003343,0.00015177319
ISIC_0034269,HAM_0000662,mel,4,0.00011212935,7.2679504e-05,0.028252862,6.96227e-05,0.9540595,0.017338222,9.4977266e-05
ISIC_0033956,HAM_0000662,mel,4,0.00015691195,8.7676475e-05,0.06778148,4.306524e-05,0.9211878,0.010641128,0.00010190533
ISIC_0024900,HAM_0004593,mel,4,0.17244956,0.046975613,0.04064656,0.32853255,0.39358616,0.016975062,0.0008344771
ISIC_0032072,HAM_0004593,mel,4,0.04402515,0.0070823985,0.7570942,0.10623147,0.07452452,0.010652726,0.00038954424
ISIC_0032940,HAM_0005628,mel,4,1.0758536e-05,3.7550977e-05,9.2803515e-05,2.9187668e-05,0.999642,0.00017660527,1.1165278e-05
ISIC_0032915,HAM_0001524,mel,4,0.07307089,0.06666188,0.004418349,0.016567143,0.8346204,0.0015677372,0.0030935544
ISIC_0033863,HAM_0007086,mel,4,9.177019e-05,0.0001786276,0.006990416,7.7580706e-05,0.63854265,0.35401696,0.00010197791
ISIC_0034180,HAM_0007086,mel,4,8.746913e-05,0.00014619742,0.0042124414,8.9194305e-05,0.8126085,0.18273957,0.00011655873
ISIC_0033267,HAM_0007086,mel,4,3.578846e-05,1.961046e-05,8.410934e-05,2.7120279e-05,0.96207166,0.037743293,1.8458337e-05
ISIC_0033336,HAM_0003506,mel,4,0.0059196297,0.013643112,0.065694295,0.010677276,0.17971274,0.6433896,0.08096336
ISIC_0033405,HAM_0003506,mel,4,0.0011779772,0.010427668,0.10844678,0.0044153524,0.08314903,0.56877565,0.22360753
ISIC_0034188,HAM_0003506,mel,4,0.0015210377,0.01874846,0.012495266,0.09228315,0.089793965,0.73729384,0.047864176
ISIC_0033269,HAM_0006189,mel,4,3.738845e-05,5.120386e-05,2.8112254e-05,9.500971e-05,0.99921095,0.0005507622,2.6512384e-05
ISIC_0032610,HAM_0006802,mel,4,8.716934e-05,0.00032577667,0.0003348075,0.0058169784,0.7864422,0.20595865,0.0010343055
ISIC_0033426,HAM_0001143,mel,4,4.1568852e-05,7.825826e-06,3.439455e-05,2.4175966e-05,0.99973124,0.00015407043,6.6937837e-06
ISIC_0033279,HAM_0006802,mel,4,0.0001945632,0.00014543677,0.0005051516,0.0004346182,0.5148425,0.48364982,0.00022791213
ISIC_0032887,HAM_0006802,mel,4,0.00010757819,3.261781e-05,0.00019883507,0.00064782985,0.8768377,0.121956654,0.00021880452
ISIC_0032698,HAM_0001686,mel,4,0.0013122127,0.0007620507,0.046962596,0.00023015372,0.9488122,0.0018527769,6.803331e-05
ISIC_0028520,HAM_0001793,mel,4,1.321813e-05,1.2786454e-05,1.7908947e-05,1.0788324e-05,0.9985019,0.0014240738,1.9326404e-05
ISIC_0034000,HAM_0001793,mel,4,1.5049e-05,1.6986269e-05,2.9206682e-05,1.5679077e-05,0.99736696,0.0025358004,2.0270427e-05
ISIC_0032807,HAM_0002488,mel,4,0.0003028546,0.00037251753,0.0016079036,1.4178538e-05,0.9809342,0.016746562,2.1704307e-05
ISIC_0032645,HAM_0002488,mel,4,0.00025555343,0.0010021336,0.0011217885,7.451569e-05,0.8301561,0.16734394,4.5997534e-05
ISIC_0033925,HAM_0000206,mel,4,0.00018530591,0.0019342348,0.001146276,0.0001330804,0.9953754,0.00066179596,0.0005638572
ISIC_0033431,HAM_0000206,mel,4,0.00062031264,0.04178048,0.0013924461,0.00040285752,0.89243406,0.019754983,0.043614864
ISIC_0033885,HAM_0005737,mel,4,0.0013504851,0.00022879548,0.006569877,0.00021535365,0.9469045,0.044373896,0.0003571447
ISIC_0032987,HAM_0001155,mel,4,0.0023283367,1.6962998e-05,0.00025055071,1.5324793e-05,0.9960006,0.0013634223,2.4777617e-05
ISIC_0033999,HAM_0002377,mel,4,7.828701e-05,0.00062982016,0.0005170177,0.00014856264,0.9979982,0.00055787055,7.017603e-05
ISIC_0033856,HAM_0002377,mel,4,0.00012641822,0.0010309422,0.0057613757,0.00078698475,0.98898983,0.0032051231,9.942079e-05
ISIC_0026089,HAM_0002196,mel,4,0.00029142702,3.8115075e-05,0.00067692663,0.00025418715,0.9148792,0.08377772,8.244193e-05
ISIC_0024930,HAM_0002196,mel,4,0.000119440054,2.7847966e-05,0.000441181,0.000111657006,0.94818676,0.05104341,6.973684e-05
ISIC_0031408,HAM_0000201,mel,4,0.00056768337,3.1854946e-05,0.000427465,0.00013945685,0.77969766,0.21906641,6.944185e-05
ISIC_0025439,HAM_0001214,mel,4,0.0028527828,0.00013368727,0.008079343,0.00042196288,0.9844124,0.0039742566,0.00012558758
ISIC_0030187,HAM_0002622,mel,4,0.0006335359,0.0039729103,0.017253324,0.005232502,0.8545651,0.034878206,0.08346444
ISIC_0029013,HAM_0003522,mel,4,0.00011605348,8.1018385e-05,0.0002894879,0.00020851033,0.10509761,0.89382905,0.0003783016
ISIC_0027302,HAM_0006497,mel,4,0.00091925974,8.434342e-05,0.0012595505,0.0006784818,0.33700925,0.659832,0.0002170677
ISIC_0029056,HAM_0004878,mel,4,0.4506195,0.0238703,0.13837387,0.0010472526,0.2535163,0.12885273,0.0037200914
ISIC_0030512,HAM_0006833,mel,4,9.0755544e-05,2.8501776e-05,0.0005852897,2.9007211e-05,0.9761511,0.02309178,2.3536682e-05
ISIC_0030932,HAM_0000241,mel,4,0.0031304066,0.0004840649,0.6353342,0.0007585721,0.34542522,0.014348192,0.0005193258
ISIC_0028228,HAM_0003608,mel,4,9.448229e-05,0.00013586933,0.0011199828,3.22403e-05,0.9975533,0.0010403767,2.372612e-05
ISIC_0025651,HAM_0000075,mel,4,0.99840075,0.0001589823,0.00047002092,4.4363882e-05,0.0006738289,0.00017392717,7.8013254e-05
ISIC_0025748,HAM_0002752,mel,4,0.0019532924,4.2547093e-05,0.0016348283,4.246407e-05,0.9898403,0.006439091,4.7372094e-05
ISIC_0029157,HAM_0007488,mel,4,0.00028489757,5.264931e-05,6.974901e-05,0.00018885826,0.9483522,0.050952706,9.893989e-05
ISIC_0024952,HAM_0007488,mel,4,5.0090937e-05,3.0322408e-05,3.153031e-05,8.177121e-06,0.99872094,0.0011389516,1.988592e-05
ISIC_0027105,HAM_0005747,mel,4,0.00078972295,0.013997747,0.31921986,0.0008084507,0.092175335,0.5724151,0.00059379014
ISIC_0027502,HAM_0005747,mel,4,0.00088224094,0.002555343,0.23755829,0.0035512086,0.3517748,0.40331176,0.00036633894
ISIC_0027021,HAM_0006940,mel,4,0.99373996,0.0031428435,0.00077812496,0.00050881394,0.00072529225,0.0010064768,9.85418e-05
ISIC_0029958,HAM_0004507,mel,4,0.0017194673,0.00013854777,0.40580866,0.00024843952,0.5904481,0.0014858966,0.00015098079
ISIC_0032504,HAM_0001791,mel,4,0.00016985476,1.1792492e-05,0.00011794253,2.5656755e-05,0.98603535,0.0136057045,3.3725166e-05
ISIC_0027956,HAM_0001791,mel,4,0.00039518942,3.247082e-05,0.00028603754,3.65793e-05,0.9512176,0.047823086,0.00020906527
ISIC_0024554,HAM_0004507,mel,4,0.0056039635,5.822616e-05,0.9383092,0.0002206033,0.05314297,0.0025463365,0.00011877434
ISIC_0027089,HAM_0002800,mel,4,6.6489454e-05,4.7148085e-05,0.00023549552,6.197499e-05,0.46173504,0.5377184,0.00013536582
ISIC_0026239,HAM_0002800,mel,4,3.7152342e-05,2.214139e-05,5.5826764e-05,3.885935e-05,0.9813333,0.018471997,4.0644783e-05
ISIC_0026930,HAM_0002970,mel,4,0.0028864888,0.00048050005,0.064677656,0.00030721925,0.37219426,0.5587297,0.0007241391
ISIC_0027350,HAM_0002970,mel,4,0.0009750451,0.00018071782,0.008622852,0.0001803652,0.07347858,0.91638035,0.00018213519
ISIC_0025543,HAM_0005735,mel,4,0.095109336,0.00044389808,0.6299574,0.00032730988,0.269885,0.0036412673,0.00063585455
ISIC_0028860,HAM_0006779,mel,4,0.21090046,0.00011802072,0.027182084,0.00015543861,0.7303864,0.030681252,0.0005763976
ISIC_0030795,HAM_0003601,mel,4,0.00017092685,3.408751e-05,0.00029404013,1.4920844e-05,0.9850182,0.014440025,2.7767128e-05
ISIC_0027507,HAM_0003601,mel,4,0.0008448262,0.00018022553,0.02230505,0.00015415506,0.54040194,0.43592462,0.000189244
ISIC_0026802,HAM_0004878,mel,4,0.07139937,0.0029817421,0.031590592,0.00034381603,0.82353127,0.06947349,0.0006797652
ISIC_0028026,HAM_0007522,mel,4,0.00014725549,3.0972107e-05,0.00013799641,1.064114e-05,0.9964889,0.0031530764,3.1215026e-05
ISIC_0027904,HAM_0007522,mel,4,0.0014651822,0.0001362499,0.014910236,8.677503e-05,0.9743157,0.008964379,0.00012142009
ISIC_0032232,HAM_0004878,mel,4,0.8806528,0.009589261,0.07292653,0.00079992064,0.01202763,0.022122197,0.0018817947
ISIC_0028220,HAM_0004559,mel,4,0.0022597818,0.00074446964,0.030562093,0.00012736373,0.9378487,0.028210167,0.0002474255
ISIC_0026735,HAM_0007293,mel,4,0.00010447375,3.0792038e-05,0.0004923091,4.0952484e-05,0.99846554,0.0008503224,1.5543808e-05
ISIC_0029094,HAM_0006527,mel,4,0.0062236404,3.0086574e-05,0.0016838857,0.00047804462,0.9717866,0.01970158,9.6176824e-05
ISIC_0032287,HAM_0006223,mel,4,0.00076855614,0.00031174015,0.5022913,0.0008985333,0.12213387,0.37327123,0.00032479217
ISIC_0025791,HAM_0006223,mel,4,0.00038452397,0.00042314257,0.1588068,0.00064019434,0.062311213,0.7771077,0.00032634128
ISIC_0024864,HAM_0003167,mel,4,0.00021146491,4.4498942e-05,0.0041086758,0.00010027992,0.8031097,0.19225138,0.00017394629
ISIC_0030951,HAM_0000590,mel,4,0.00030552328,1.9436313e-05,0.014115571,2.5300269e-05,0.97423595,0.011253915,4.4316716e-05
ISIC_0031957,HAM_0004081,mel,4,0.0012683597,0.0002219197,0.042207897,0.00040027802,0.52331597,0.43215275,0.00043280376
ISIC_0026258,HAM_0000534,mel,4,0.0005156788,0.00018676648,0.25094375,0.00020432315,0.10460891,0.6433153,0.00022528338
ISIC_0025235,HAM_0000534,mel,4,0.00022495798,8.9307505e-05,0.04801146,8.8612505e-05,0.42293605,0.52841246,0.00023713938
ISIC_0027359,HAM_0000536,mel,4,0.001473975,0.00028939382,0.09344536,0.00028435126,0.8151666,0.08916619,0.00017416028
ISIC_0031844,HAM_0000536,mel,4,0.002250426,0.00030160227,0.3224549,0.0005160577,0.22910179,0.4450688,0.0003063518
ISIC_0026693,HAM_0003839,vasc,4,2.226222e-05,0.0005516159,1.15157e-05,1.4728804e-05,7.7664845e-05,2.735627e-05,0.99929476
ISIC_0027983,HAM_0003839,vasc,4,4.2320953e-05,0.0006188727,4.522675e-05,3.8722283e-05,9.352709e-05,5.313424e-05,0.99910814
ISIC_0033031,HAM_0003862,vasc,4,0.00073646096,0.007054194,0.010618726,0.0004035473,0.911594,0.009231623,0.060361467
ISIC_0032775,HAM_0003862,vasc,4,0.0015367462,0.0018883853,0.0011408982,0.00022443688,0.7177718,0.0044695796,0.27296808
ISIC_0033458,HAM_0003862,vasc,4,0.0006777492,0.11852035,0.038950503,0.0034621216,0.69957656,0.010911647,0.12790099
ISIC_0032614,HAM_0006946,vasc,4,5.8383648e-05,8.5907086e-05,1.9517915e-05,1.9825276e-05,0.00020490141,3.9158665e-05,0.9995722
ISIC_0033349,HAM_0006946,vasc,4,5.6097797e-05,5.4691376e-05,2.3869568e-05,2.0060974e-05,0.00013629094,3.704219e-05,0.99967206
ISIC_0032919,HAM_0006946,vasc,4,2.7024164e-05,3.8672544e-05,1.653568e-05,1.8374967e-05,9.684372e-05,2.6945107e-05,0.9997756
ISIC_0032866,HAM_0006946,vasc,4,9.407932e-05,8.9159534e-05,6.285421e-05,4.4223463e-05,0.00041590893,0.00015778418,0.9991359
ISIC_0031090,HAM_0001719,vasc,4,0.004037684,0.012424802,0.0052609923,0.009148065,0.7334942,0.067760795,0.16787344
ISIC_0031093,HAM_0000502,vasc,4,5.6027395e-05,4.2957698e-05,5.1514144e-05,7.986462e-05,0.00029651582,8.025554e-05,0.99939287
ISIC_0029608,HAM_0000502,vasc,4,1.5535545e-05,1.2980433e-05,2.0045674e-05,1.0288443e-05,1.6634685e-05,3.884714e-05,0.9998857
ISIC_0030283,HAM_0007372,vasc,4,2.1816466e-05,2.286346e-05,5.6147237e-05,0.00012918292,2.7310585e-05,0.00016639638,0.9995764
ISIC_0025612,HAM_0002177,vasc,4,1.3921721e-05,1.8880653e-05,6.52914e-05,8.469989e-05,1.6500195e-05,0.0002202856,0.99958044
ISIC_0028406,HAM_0005215,vasc,4,1.977219e-05,2.2426719e-05,2.4367755e-05,3.4464865e-05,3.643772e-05,4.1980533e-05,0.99982053
ISIC_0024662,HAM_0007532,vasc,4,2.6487465e-05,2.557244e-05,0.0005151432,0.00012974082,4.3585234e-05,0.0009876455,0.9982718
ISIC_0027790,HAM_0004943,vasc,4,2.2418948e-05,0.00014357247,4.6862187e-05,3.9927083e-05,5.1267387e-05,0.0002219626,0.9994741
ISIC_0026713,HAM_0006138,vasc,4,2.7406031e-05,0.00040977038,5.0259943e-05,4.118152e-05,8.0315156e-05,0.0002320311,0.9991591
ISIC_0024867,HAM_0007568,vasc,4,1.1511179e-05,1.4311911e-05,2.3967941e-05,1.4186673e-05,1.2507476e-05,4.504115e-05,0.9998784
ISIC_0027665,HAM_0001860,vasc,4,5.919042e-05,0.00011945122,8.8595414e-05,0.0001218072,5.4422373e-05,0.0057723694,0.9937842
ISIC_0026068,HAM_0004413,vasc,4,8.938609e-06,1.3082027e-05,1.25931565e-05,1.4910994e-05,9.303765e-06,7.16943e-05,0.99986947
ISIC_0034093,HAM_0003220,bcc,4,0.0006573939,0.9948079,0.00022208903,3.8782193e-05,0.0039327797,0.00025412953,8.688642e-05
ISIC_0031749,HAM_0002791,bcc,4,0.0002677659,0.9914363,0.002223715,0.0007982312,0.0045622094,0.00025450788,0.0004572679
ISIC_0029847,HAM_0002791,bcc,4,7.060225e-05,0.9693739,0.00089612295,0.003675649,0.005137981,0.00437708,0.016468592
ISIC_0031943,HAM_0000393,bcc,4,0.0042413627,0.58845586,0.015739352,0.0022547718,0.37404528,0.003391431,0.011871987
ISIC_0027865,HAM_0000393,bcc,4,0.018213153,0.72150785,0.010291756,0.0029486376,0.23653801,0.0014092561,0.009091318
ISIC_0029647,HAM_0003094,bcc,4,0.008133396,0.16098805,0.6467469,0.002797135,0.17137088,0.006769212,0.0031944285
ISIC_0027858,HAM_0003094,bcc,4,0.004196122,0.08273196,0.24917242,0.0066662095,0.64756763,0.007539066,0.002126491
ISIC_0031140,HAM_0003229,bcc,4,0.0002659418,0.93775713,0.0027806652,0.0011262366,0.011073182,0.045964345,0.001032484
ISIC_0026275,HAM_0005804,bcc,4,0.00039670095,0.9263821,0.048335288,0.00042063967,0.004075597,0.020011876,0.0003777961
ISIC_0024573,HAM_0005804,bcc,4,1.8672768e-05,0.9982759,6.5174354e-05,6.944554e-05,0.0004407885,0.0010259907,0.000104046674
ISIC_0032660,HAM_0002565,bcc,4,0.0027940841,0.7214155,0.24023217,0.0002606528,0.0100202095,0.022323264,0.0029540244
ISIC_0033504,HAM_0002565,bcc,4,0.0045660674,0.6180759,0.37342048,0.00014905099,0.00073868706,0.0028720594,0.0001776952
ISIC_0027058,HAM_0005998,bcc,4,3.0972962e-05,0.9984647,0.00050021405,4.9494654e-05,0.00012346123,0.00045103775,0.00038019454
ISIC_0030114,HAM_0005998,bcc,4,0.0031888145,0.7018307,0.2902898,0.0012180447,0.0015488011,0.0011068784,0.0008169583
ISIC_0034306,HAM_0002526,bcc,4,0.00052218745,0.99891317,0.0001966096,2.1930113e-05,0.0002222446,3.5805268e-05,8.810115e-05
ISIC_0032799,HAM_0002526,bcc,4,0.0002074887,0.99930286,0.00016856361,2.5399642e-05,0.00014173702,4.1713665e-05,0.00011228758
ISIC_0033666,HAM_0002664,bcc,4,0.002873792,0.8309957,0.13355316,0.0008654005,0.015266736,0.015923414,0.00052182534
ISIC_0033218,HAM_0002664,bcc,4,0.00032762118,0.967134,0.021916235,8.028702e-05,0.008549061,0.0015357588,0.00045708334
ISIC_0033054,HAM_0002664,bcc,4,0.00057751336,0.8390131,0.13643114,0.00019803012,0.020160206,0.0027632457,0.00085684995
ISIC_0033257,HAM_0003046,bcc,4,0.0030732395,0.9515419,0.0033392292,0.003239654,0.0282334,0.0066149603,0.0039576953
ISIC_0034276,HAM_0003046,bcc,4,0.0016819922,0.9892351,0.0011834294,0.0007326584,0.0020557947,0.0030861134,0.002024911
ISIC_0034119,HAM_0003046,bcc,4,0.006649113,0.9808111,0.0007665028,0.00096047146,0.008610896,0.00107778,0.001124002
ISIC_0034161,HAM_0001243,bcc,4,1.73942e-05,0.99961084,0.00010870703,4.3857322e-05,2.8178487e-05,0.00015562061,3.5378274e-05
ISIC_0033747,HAM_0001243,bcc,4,3.6739577e-05,0.9992818,0.00036184213,9.938207e-05,5.361261e-05,0.00013347226,3.319144e-05
ISIC_0033609,HAM_0002243,bcc,4,4.3448017e-05,0.9990238,0.00011707047,4.285804e-05,0.000103718696,0.00022826348,0.000440742
ISIC_0032777,HAM_0002243,bcc,4,0.0003775972,0.9750786,0.00022503365,0.00013986308,7.413579e-05,0.0007665009,0.02333831
ISIC_0033019,HAM_0002243,bcc,4,0.00031714837,0.9898099,0.00035173754,0.00014308964,0.00013415799,0.00091144734,0.008332547
ISIC_0029546,HAM_0005482,bcc,4,0.0011160199,0.99840134,0.00024671815,5.196806e-05,4.0472765e-05,7.7861085e-05,6.562966e-05
ISIC_0026988,HAM_0004937,bcc,4,0.005318109,0.991911,0.00032409007,0.0006240902,0.0013000807,0.00012409662,0.00039863755
ISIC_0031643,HAM_0003851,bcc,4,0.009532579,0.9857346,0.00021433682,0.0023480663,0.00076286413,0.00090592355,0.00050176634
ISIC_0025299,HAM_0007313,bcc,4,0.00052175386,0.99930274,4.796527e-05,1.9023451e-05,3.5505793e-05,3.7574904e-05,3.5436515e-05
ISIC_0028739,HAM_0007313,bcc,4,0.019508578,0.9390584,0.0010688223,0.0006351142,0.0016076291,0.037677284,0.000444248
ISIC_0029129,HAM_0004285,bcc,4,0.0021606549,0.99742496,4.8015598e-05,4.312505e-05,0.000116313786,8.2237544e-05,0.00012466467
ISIC_0027189,HAM_0006708,bcc,4,0.0026335865,0.9951734,0.0011594596,0.0007168255,0.00012233536,6.651258e-05,0.00012795618
ISIC_0032307,HAM_0001301,bcc,4,0.0034979065,0.0033936,0.9750958,0.00028088552,0.0070109772,0.010524725,0.00019608972
ISIC_0026845,HAM_0001283,bcc,4,0.0017253665,0.9849663,0.00046460287,0.00057314796,0.008774977,0.00033431422,0.003161352
ISIC_0028989,HAM_0004487,bcc,4,0.08195714,0.82935596,0.06559766,0.0015128705,0.003382775,0.017571518,0.00062209467
ISIC_0028556,HAM_0002421,bcc,4,3.2281874e-05,0.99981564,4.3952066e-05,1.0108462e-05,2.4154406e-05,3.5732774e-05,3.8074508e-05
ISIC_0031976,HAM_0006851,bcc,4,0.0014868791,0.9935834,0.0012956131,0.0005295163,0.0014236475,0.0013521671,0.00032878414
ISIC_0024897,HAM_0003716,bcc,4,2.3406137e-05,0.99959713,0.00012420626,2.9129409e-05,6.892896e-05,8.0037105e-05,7.719677e-05
ISIC_0024432,HAM_0002083,bcc,4,0.021036625,0.844547,0.015540336,0.0011010037,0.04139563,0.0753247,0.001054697
ISIC_0029035,HAM_0006386,bcc,4,0.6899725,0.0015871576,0.30617344,0.00023694891,0.001382317,0.00019263811,0.00045495035
ISIC_0032246,HAM_0005509,bcc,4,0.008678799,0.9856536,0.0032684656,0.0018782971,0.00014672503,0.00013126683,0.00024285547
ISIC_0026865,HAM_0005509,bcc,4,0.0002379793,0.9984712,0.0003637621,0.000579802,3.2396263e-05,0.00012286067,0.00019197016
ISIC_0031057,HAM_0005509,bcc,4,0.002141036,0.030898992,0.96311873,0.0013043233,0.00026889963,0.0021191947,0.00014879082
ISIC_0029263,HAM_0002689,bcc,4,0.1376551,0.85819334,0.0010326962,0.00014906486,0.0010186734,0.00018335292,0.0017678619
ISIC_0026687,HAM_0002689,bcc,4,0.3464319,0.077016845,0.0628133,0.088840835,0.41992205,0.0028183819,0.0021567119
ISIC_0028147,HAM_0006053,bcc,4,0.00038724634,0.9588733,0.012362711,0.025181523,0.0010557332,0.0014571772,0.00068229856
ISIC_0029342,HAM_0007139,bcc,4,0.002261472,0.99567235,0.0010620677,3.7110793e-05,0.00022710927,0.0006057021,0.00013416416
ISIC_0028577,HAM_0007139,bcc,4,0.0005406344,0.99920565,0.0001178374,2.3079265e-05,2.5646406e-05,4.9676706e-05,3.7534584e-05
ISIC_0026154,HAM_0006658,bcc,4,0.00029210874,0.9978484,0.00012326459,4.850738e-05,0.0014697518,0.00014467495,7.331769e-05
ISIC_0029917,HAM_0007364,bcc,4,0.00015385268,0.9995378,2.7793825e-05,2.4672105e-05,0.00012908336,8.9938876e-05,3.685681e-05
ISIC_0030138,HAM_0006111,bcc,4,0.00015308068,0.9991462,7.370039e-05,5.3136264e-05,3.716761e-05,0.00036298748,0.00017363261
ISIC_0032185,HAM_0006111,bcc,4,0.00022802377,0.99870574,8.380338e-05,5.2085536e-05,4.5696786e-05,0.00044211023,0.0004425962
ISIC_0024829,HAM_0007535,bcc,4,4.3726814e-05,0.9995604,5.0329254e-05,0.00013118314,5.5600707e-05,7.452724e-05,8.4285646e-05
ISIC_0031041,HAM_0002733,bcc,4,3.107027e-05,0.99964726,9.9880664e-05,1.09280145e-05,0.00014108662,3.9661943e-05,2.9996938e-05
ISIC_0031971,HAM_0006564,bcc,4,0.0009362624,0.9965754,0.000306185,0.0001621379,0.0015300814,0.00041201696,7.787063e-05
ISIC_0031721,HAM_0006564,bcc,4,0.00064177945,0.81961375,0.0006765315,0.0043644034,0.01881976,0.005743908,0.1501399
ISIC_0029828,HAM_0006510,nv,4,3.8861064e-05,1.6583866e-05,0.0027835357,5.6542514e-05,0.029005107,0.96805066,4.874269e-05
ISIC_0032285,HAM_0006830,nv,4,7.0613314e-05,1.9551244e-05,6.35451e-05,7.687491e-05,0.03675764,0.96292084,9.0935304e-05
ISIC_0031575,HAM_0000699,nv,4,6.325089e-06,3.1929026e-06,0.00012310405,3.344999e-05,7.937045e-05,0.9997167,3.7774473e-05
ISIC_0028266,HAM_0003882,nv,4,1.0491741e-05,6.78722e-06,0.00013171199,0.00012255945,0.0017336949,0.9979704,2.4370216e-05
ISIC_0028298,HAM_0004140,nv,4,8.722639e-06,2.0044468e-05,0.00082126335,4.7943515e-05,0.0001732212,0.9988495,7.923871e-05
ISIC_0026518,HAM_0003646,nv,4,0.00061135733,0.0013236424,0.0067487317,0.00055447704,0.40426353,0.5859068,0.0005913916
ISIC_0024896,HAM_0003711,nv,4,5.325444e-05,0.0009151942,0.00038307303,0.00023405354,0.00068834156,0.9974644,0.00026161608
ISIC_0030102,HAM_0005449,nv,4,1.3754871e-05,2.7785607e-05,0.00023492909,7.538174e-05,0.0021667064,0.99729246,0.00018895527
ISIC_0031895,HAM_0007316,nv,4,2.4771622e-05,5.1019383e-06,0.0001521155,2.9647746e-05,0.005955799,0.9938167,1.5869296e-05
ISIC_0024979,HAM_0006490,nv,4,2.1663725e-05,4.5276797e-06,3.3684762e-05,3.475403e-05,0.00048922707,0.99938667,2.9380371e-05
ISIC_0024462,HAM_0006693,nv,4,1.9182473e-05,7.224185e-06,5.2194315e-05,4.4210305e-05,0.0019188201,0.9978637,9.465024e-05
ISIC_0025415,HAM_0005619,nv,4,3.7719277e-05,6.8490963e-06,8.550123e-05,3.7756137e-05,0.0005494305,0.99923146,5.1405324e-05
ISIC_0031207,HAM_0001090,nv,4,3.468531e-05,8.392772e-06,6.159218e-05,9.382519e-05,0.00040379446,0.9993605,3.7248257e-05
ISIC_0025407,HAM_0002226,nv,4,1.0546759e-05,1.0712846e-05,6.863931e-05,0.00018332992,0.00035911787,0.9992926,7.505498e-05
ISIC_0029870,HAM_0002151,nv,4,4.6646164e-05,8.121735e-06,0.0010295005,8.587925e-05,0.00068562775,0.9977857,0.0003585325
ISIC_0031164,HAM_0007230,nv,4,8.98058e-06,1.5366257e-05,0.00015278763,0.00011091192,0.0003975607,0.99869543,0.00061891915
ISIC_0032317,HAM_0001629,nv,4,1.2799962e-05,3.892929e-05,0.00011198753,5.6420955e-05,0.0001648616,0.9995567,5.8211946e-05
ISIC_0030338,HAM_0001775,nv,4,6.6143693e-06,4.1961453e-06,1.9689092e-05,6.6282904e-05,0.00033269072,0.9995153,5.5273376e-05
ISIC_0028779,HAM_0003524,nv,4,4.4501092e-05,1.5499787e-05,0.00023534229,5.1521445e-05,0.019411843,0.9802018,3.9425784e-05
ISIC_0027585,HAM_0000785,nv,4,0.0010099957,0.00027964523,0.014928999,0.0003897685,0.0035360062,0.96889585,0.010959685
ISIC_0027752,HAM_0007241,nv,4,4.0707197e-05,8.0325925e-05,0.002018709,0.00012686501,0.0065965066,0.9905487,0.000588339
ISIC_0025432,HAM_0006920,nv,4,6.1225015e-05,0.000102132864,0.019577457,0.00028420964,0.0007631885,0.97895736,0.0002545152
ISIC_0025364,HAM_0000692,nv,4,3.080545e-05,4.2347174e-06,0.00011648585,0.00010910821,0.0008077828,0.9989004,3.110776e-05
ISIC_0027411,HAM_0001117,nv,4,9.435169e-06,4.5804068e-06,1.9435482e-05,3.929911e-05,0.00064739696,0.99924636,3.3581502e-05
ISIC_0027732,HAM_0006132,nv,4,2.2485556e-05,4.3803607e-06,2.8703349e-05,4.6408495e-05,0.0003593718,0.9995111,2.760374e-05
ISIC_0025142,HAM_0004163,nv,4,9.238281e-06,4.5732804e-06,9.519004e-05,6.35032e-05,0.0001461431,0.99964213,3.919967e-05
ISIC_0025201,HAM_0000377,nv,4,5.346383e-06,7.495561e-06,4.0087667e-05,0.0002152355,8.137569e-05,0.99958175,6.869271e-05
ISIC_0026565,HAM_0002465,nv,4,1.989347e-05,4.6975083e-06,0.00013698,5.915939e-05,0.00062007766,0.9991002,5.8986323e-05
ISIC_0027195,HAM_0006279,nv,4,1.6417065e-05,8.617457e-06,0.00017401842,0.00013375068,0.0011874593,0.998437,4.274929e-05
ISIC_0028482,HAM_0004169,nv,4,4.6696034e-05,5.469176e-06,0.0004846868,9.1963666e-05,0.00048068017,0.9988524,3.811219e-05
ISIC_0030128,HAM_0002466,nv,4,1.1760201e-05,2.590953e-06,2.1461992e-05,2.2208236e-05,0.000118137585,0.99979645,2.7450305e-05
ISIC_0026242,HAM_0006306,nv,4,0.00011205346,2.4185976e-05,0.0019091726,0.00040371704,0.008041844,0.9894589,5.0113405e-05
ISIC_0031773,HAM_0007065,nv,4,4.2951546e-05,3.9879156e-05,0.0009936946,0.00011360515,0.002092894,0.9856812,0.011035811
ISIC_0031701,HAM_0005142,nv,4,4.322832e-05,1.9946594e-05,0.00091082195,9.515988e-05,0.0008333722,0.99786264,0.00023483396
ISIC_0029815,HAM_0006537,nv,4,2.4141153e-05,2.11387e-05,0.00023548046,0.00022543882,0.00013583718,0.99926704,9.0929985e-05
ISIC_0025966,HAM_0001553,nv,4,8.574521e-05,7.391699e-05,0.010991702,0.00946619,0.00045279646,0.9684106,0.010519127
ISIC_0028668,HAM_0003197,nv,4,9.590146e-05,0.001543997,0.0029670633,0.0037695386,0.00037014953,0.98811615,0.0031372881
ISIC_0026232,HAM_0000912,nv,4,4.959926e-05,6.0879997e-06,0.000642899,5.500871e-05,0.00054882764,0.99862254,7.504129e-05
ISIC_0030885,HAM_0000631,nv,4,5.7488454e-05,2.621752e-05,0.0032100603,8.529495e-05,0.012150186,0.98424584,0.00022494185
ISIC_0026562,HAM_0000429,nv,4,1.9511901e-05,6.396751e-06,6.146609e-05,2.7569986e-05,0.0025208534,0.9973145,4.958269e-05
ISIC_0027389,HAM_0005332,nv,4,0.000103890394,5.989274e-05,0.0031501388,0.03434177,0.0006982729,0.9614031,0.0002429719
ISIC_0025221,HAM_0002294,nv,4,1.8011622e-05,5.429236e-06,4.6445657e-05,4.9877595e-05,0.00051167875,0.999335,3.3486234e-05
ISIC_0027124,HAM_0003636,nv,4,1.3253272e-05,5.535587e-06,7.217319e-05,3.2167714e-05,0.000640452,0.999203,3.348181e-05
ISIC_0024791,HAM_0002940,nv,4,0.00015092822,0.00012734278,0.023314795,0.0022871594,0.00026385457,0.808343,0.16551289
ISIC_0025044,HAM_0000339,nv,4,1.6101572e-05,5.7862203e-06,1.5454514e-05,4.3939915e-05,0.0013248746,0.9985636,3.0228937e-05
ISIC_0025635,HAM_0004639,nv,4,6.9723346e-06,6.0932675e-06,2.5010455e-05,7.796475e-05,0.0003149762,0.99948657,8.2407525e-05
ISIC_0024493,HAM_0006689,nv,4,0.0005083886,0.0019950683,0.04496627,0.3728391,0.06863236,0.50961065,0.0014482642
ISIC_0025900,HAM_0000943,nv,4,2.0127332e-05,0.0002913257,5.801331e-05,0.00073212467,0.0011032161,0.9971192,0.00067605154
ISIC_0027939,HAM_0002741,nv,4,2.1733233e-05,7.152875e-06,6.727073e-05,3.4831504e-05,0.011821446,0.98801374,3.382585e-05
ISIC_0027164,HAM_0004328,nv,4,0.00010179532,8.588784e-05,0.0002404084,0.00040300164,0.10184091,0.8971232,0.00020483052
ISIC_0027276,HAM_0000649,nv,4,5.132044e-06,8.281462e-06,3.4900328e-05,0.00011293502,6.6520864e-05,0.999681,9.121228e-05
ISIC_0031035,HAM_0004253,nv,4,7.136904e-05,8.1506e-05,0.0014592625,0.04583063,0.0070214937,0.94420487,0.0013309461
ISIC_0027564,HAM_0004826,nv,4,0.00026711257,1.612775e-05,0.00032298683,4.9194194e-05,0.0010497659,0.99823534,5.9455535e-05
ISIC_0026256,HAM_0003960,nv,4,1.1886215e-05,4.115797e-06,0.00016032226,3.165422e-05,3.9606475e-05,0.9997125,3.9819777e-05
ISIC_0031153,HAM_0004861,nv,4,1.23594755e-05,2.8176617e-06,0.00013480472,2.7528018e-05,8.414267e-05,0.99969375,4.4529916e-05
ISIC_0027661,HAM_0002414,nv,4,9.494274e-06,4.467293e-06,9.995227e-05,7.337702e-05,0.00015774686,0.9996315,2.3429813e-05
ISIC_0030204,HAM_0005104,nv,4,3.7066897e-05,9.280901e-06,0.0009634657,8.410452e-05,0.00044543552,0.998387,7.3644376e-05
ISIC_0028935,HAM_0001336,nv,4,0.0001429933,1.9163974e-05,0.00036301292,0.00010159567,0.10045703,0.8988681,4.8178226e-05
ISIC_0026136,HAM_0003145,nv,4,1.1754806e-05,9.20845e-06,0.0022010372,3.2774566e-05,0.0012455697,0.9964143,8.526018e-05
ISIC_0029211,HAM_0001162,nv,4,1.0777532e-05,5.928715e-06,4.0436353e-05,4.221173e-05,0.00040284722,0.99945325,4.454095e-05
ISIC_0031102,HAM_0004122,nv,4,2.9164437e-05,1.8286319e-05,0.00063897425,0.00011289585,0.000296607,0.9988464,5.7605277e-05
ISIC_0027318,HAM_0000927,nv,4,4.3765496e-05,1.7961323e-05,5.559557e-05,6.336824e-05,0.010984455,0.98878914,4.568703e-05
ISIC_0030000,HAM_0004735,nv,4,3.2730506e-05,2.865979e-05,0.004475066,6.496537e-05,0.0002549435,0.9950748,6.875126e-05
ISIC_0028426,HAM_0003541,nv,4,1.136242e-05,2.037474e-05,0.00020120713,0.0008667791,0.00017101261,0.9956697,0.0030595239
ISIC_0031199,HAM_0006046,nv,4,1.6232267e-05,8.178054e-06,0.00085730857,2.9507879e-05,0.00019824496,0.9988349,5.5560347e-05
ISIC_0026960,HAM_0005456,nv,4,3.559263e-05,5.203269e-06,9.12447e-05,1.736341e-05,0.001987434,0.99784136,2.1714888e-05
ISIC_0029972,HAM_0002997,nv,4,4.6908162e-06,5.253465e-06,0.00013856628,0.00011032306,5.506406e-05,0.99962735,5.8701313e-05
ISIC_0026225,HAM_0003781,nv,4,4.4781096e-05,7.751449e-06,0.00024869264,2.482726e-05,0.0016144456,0.9979962,6.3336745e-05
ISIC_0027554,HAM_0001123,nv,4,3.0015039e-05,4.5411303e-05,0.0011268561,6.803742e-05,0.002320075,0.9963509,5.8766596e-05
ISIC_0025003,HAM_0004269,nv,4,3.8451435e-05,1.84492e-05,0.00018415951,8.6567066e-05,0.0035921473,0.99600285,7.7446806e-05
ISIC_0024556,HAM_0003151,nv,4,1.9160316e-05,7.697389e-05,0.00039708577,0.00015686417,0.0006198043,0.99865973,7.029116e-05
ISIC_0030955,HAM_0000657,nv,4,1.637083e-05,5.1917123e-06,9.7174365e-05,7.351241e-05,0.0002620277,0.99952185,2.377294e-05
ISIC_0024738,HAM_0000203,nv,4,8.297527e-06,3.836165e-06,5.642711e-05,3.8555172e-05,0.0001831299,0.99966574,4.40099e-05
ISIC_0029628,HAM_0004227,nv,4,7.2379744e-06,4.4244853e-06,5.30397e-05,3.2565313e-05,8.0816666e-05,0.99976844,5.3481806e-05
ISIC_0028813,HAM_0001067,nv,4,0.0005542776,6.523638e-05,0.00066891295,0.00035926918,0.024009874,0.9741742,0.00016822173
ISIC_0030943,HAM_0000518,nv,4,1.3945849e-05,5.916589e-06,0.00038455104,2.7411515e-05,8.8269684e-05,0.9993591,0.00012085672
ISIC_0030736,HAM_0004818,nv,4,1.11150175e-05,4.5084494e-06,3.9792867e-05,2.5417696e-05,0.0008206157,0.999037,6.16324e-05
ISIC_0025104,HAM_0007128,nv,4,8.090925e-05,4.682668e-05,0.017167099,0.00016376072,0.0013099603,0.9803569,0.0008745411
ISIC_0028789,HAM_0003032,nv,4,9.856535e-06,1.2171196e-05,0.000420905,0.005066078,8.317503e-05,0.99412584,0.0002819276
ISIC_0025607,HAM_0004757,nv,4,1.0695551e-05,5.781097e-06,9.172121e-05,6.930245e-05,0.00012675296,0.99962986,6.577463e-05
ISIC_0025678,HAM_0006836,nv,4,6.2148215e-06,7.496506e-06,6.840011e-05,0.00012891632,2.5286165e-05,0.99970776,5.5881093e-05
ISIC_0024492,HAM_0006736,nv,4,5.002929e-06,4.736678e-06,0.00015874497,3.7256854e-05,0.00017143483,0.9995912,3.1619486e-05
ISIC_0027600,HAM_0001959,nv,4,9.472945e-06,9.547242e-06,5.992935e-05,0.00011935846,0.00043808995,0.9993357,2.7924223e-05
ISIC_0028102,HAM_0004793,nv,4,1.7578379e-05,1.2128717e-05,0.0002234416,0.00022267918,0.00078064983,0.99842596,0.00031757454
ISIC_0026910,HAM_0003661,nv,4,8.797455e-06,1.4675526e-05,0.0001706286,7.860253e-05,8.590749e-05,0.999577,6.4436055e-05
ISIC_0032002,HAM_0005130,nv,4,1.4936411e-05,4.115414e-06,0.00013375189,6.2578336e-05,0.00013230057,0.9996196,3.2655997e-05
ISIC_0031800,HAM_0003551,nv,4,1.3715082e-05,5.0652443e-06,0.0011485212,0.000118018324,0.0003774498,0.99829954,3.757386e-05
ISIC_0030202,HAM_0003644,nv,4,1.20706245e-05,9.327456e-06,0.00026326792,0.0014507519,0.00022172087,0.99753284,0.00051000837
ISIC_0030911,HAM_0005111,nv,4,1.3290096e-05,7.889516e-06,8.789821e-05,3.437104e-05,0.0037066308,0.9961255,2.45399e-05
ISIC_0030285,HAM_0005178,nv,4,0.00011037684,0.19685614,0.0018361454,0.0023530573,0.00088357704,0.79704463,0.00091608707
ISIC_0026201,HAM_0001339,nv,4,1.2120128e-05,3.0110518e-06,5.1302453e-05,7.164497e-05,0.00016597065,0.99966955,2.6446956e-05
ISIC_0027910,HAM_0001670,nv,4,5.5611155e-05,3.943421e-05,0.012197774,0.0017361473,0.01109536,0.9746835,0.0001922157
ISIC_0025090,HAM_0007258,nv,4,0.00048112127,8.592399e-05,0.023708297,0.00039114882,0.048884377,0.9259906,0.00045864104
ISIC_0031637,HAM_0007159,nv,4,2.0088546e-05,8.148272e-06,0.00031408432,7.640799e-05,0.00042930234,0.9990927,5.9274604e-05
ISIC_0027605,HAM_0005266,nv,4,8.662663e-06,2.520979e-06,2.4390132e-05,5.679188e-05,9.157668e-05,0.99976176,5.4283882e-05
ISIC_0029346,HAM_0004625,nv,4,0.0004663677,0.00040203411,0.6377346,0.0021754992,0.025537523,0.33214727,0.0015366457
ISIC_0032091,HAM_0003114,nv,4,9.201514e-06,4.1312783e-06,6.65616e-05,2.8704775e-05,0.000291327,0.9995608,3.921562e-05
ISIC_0024765,HAM_0005087,nv,4,4.399026e-05,2.188335e-05,9.561555e-05,6.38182e-05,0.000919663,0.9987319,0.000123133
ISIC_0026144,HAM_0000023,nv,4,7.995815e-06,6.9877083e-06,8.221705e-05,4.505672e-05,5.103103e-05,0.9997359,7.076314e-05
ISIC_0031231,HAM_0001875,nv,4,2.650292e-05,4.632581e-06,3.80379e-05,3.196862e-05,0.0010023146,0.9988543,4.23102e-05
ISIC_0025093,HAM_0003970,nv,4,1.3004059e-05,5.560301e-06,1.9464296e-05,9.4609575e-05,7.388917e-05,0.99975103,4.2410265e-05
ISIC_0028105,HAM_0005397,nv,4,4.5082095e-05,2.3160994e-05,0.002245511,7.881308e-05,0.00023153142,0.9968857,0.0004902119
ISIC_0026854,HAM_0004842,nv,4,1.9161886e-05,1.661565e-05,0.00067812344,0.00017492354,0.00031462614,0.99874157,5.5015265e-05
ISIC_0025822,HAM_0004404,nv,4,5.7994373e-05,6.2088207e-06,8.579387e-05,3.4193163e-05,0.0010229677,0.9987425,5.0337207e-05
ISIC_0024816,HAM_0007434,nv,4,1.1122009e-05,5.669482e-06,0.000103053084,7.33795e-05,9.612642e-05,0.9996654,4.5229877e-05
ISIC_0029436,HAM_0006786,nv,4,3.7314236e-05,1.9434136e-05,0.00026697322,0.0012569769,0.003950053,0.9933397,0.0011295009
ISIC_0028770,HAM_0005682,nv,4,2.0004414e-05,5.0431113e-06,3.1594533e-05,5.4911266e-05,8.1620536e-05,0.99977833,2.8543283e-05
ISIC_0026929,HAM_0005224,nv,4,6.886814e-05,6.26346e-06,0.00021950463,5.043424e-05,0.0037344573,0.9957936,0.00012679165
ISIC_0029999,HAM_0001373,nv,4,1.4140476e-05,4.573526e-05,0.0002853396,0.00077279826,8.998359e-05,0.9975962,0.001195765
ISIC_0030711,HAM_0002418,nv,4,1.3004067e-05,2.9358027e-06,4.0985215e-05,3.9743634e-05,0.00011305335,0.9997516,3.8671616e-05
ISIC_0031978,HAM_0007286,nv,4,1.3284842e-05,2.2331665e-06,8.850934e-05,2.1584496e-05,0.00015820927,0.9996288,8.735013e-05
ISIC_0024744,HAM_0004434,nv,4,9.514924e-06,4.7102294e-06,2.7052609e-05,2.9250845e-05,4.891424e-05,0.999851,2.9552322e-05
ISIC_0026292,HAM_0000477,nv,4,8.346768e-06,5.5276623e-06,4.2347005e-05,4.9387945e-05,0.00014579853,0.99972314,2.5584623e-05
ISIC_0026533,HAM_0001159,nv,4,1.307917e-05,5.6143053e-06,3.3957935e-05,3.632497e-05,0.00022768305,0.9996511,3.2245054e-05
ISIC_0027309,HAM_0003199,nv,4,8.4131e-06,4.2552324e-06,5.3589465e-05,2.0944988e-05,6.565117e-05,0.9998264,2.0721196e-05
ISIC_0028906,HAM_0002891,nv,4,9.969403e-06,7.7037585e-06,7.153765e-05,2.6420237e-05,0.00018134472,0.99963534,6.7565335e-05
ISIC_0027110,HAM_0006348,nv,4,0.00020677508,2.11647e-05,0.0033666408,3.3953467e-05,0.0035075962,0.99271023,0.00015366219
ISIC_0032454,HAM_0004634,nv,4,5.054598e-05,1.3108673e-05,7.99873e-05,7.760209e-05,0.001673853,0.99799985,0.000105038685
ISIC_0026515,HAM_0002779,nv,4,5.9361635e-05,2.288595e-05,0.00047763807,0.00047438408,5.5601962e-05,0.99860734,0.00030286488
ISIC_0029550,HAM_0002394,nv,4,0.00011357051,2.2771059e-05,7.4445e-05,6.569747e-05,0.00025935532,0.999433,3.124616e-05
ISIC_0025493,HAM_0000614,nv,4,5.1348175e-05,0.0039535905,0.0003204365,0.0004019174,0.0005825065,0.9942293,0.00046080054
ISIC_0030414,HAM_0003717,nv,4,2.852604e-05,5.7784623e-06,5.2008294e-05,7.4790034e-05,0.0006280465,0.9991743,3.641417e-05
ISIC_0030972,HAM_0002181,nv,4,1.7624576e-05,1.304641e-05,0.0024428847,0.00013849272,0.00013835753,0.99714714,0.00010241773
ISIC_0026233,HAM_0000094,nv,4,0.00012319385,1.8563198e-05,4.4184257e-05,5.257269e-05,0.030203478,0.9694288,0.00012910606
ISIC_0030657,HAM_0005639,nv,4,8.15145e-06,1.04871315e-05,3.0227216e-05,0.00024692496,0.0001615326,0.9994823,6.0437746e-05
ISIC_0026220,HAM_0005042,nv,4,8.477564e-06,6.0114926e-06,2.2576629e-05,2.6915342e-05,0.00025761998,0.9996469,3.1559546e-05
ISIC_0030380,HAM_0002405,nv,4,3.110196e-05,3.0347298e-06,0.00010575094,2.8512906e-05,0.00011806735,0.99969006,2.3545874e-05
ISIC_0028561,HAM_0005517,nv,4,2.777181e-05,7.674389e-06,4.655447e-05,5.9835525e-05,0.00010273233,0.9997218,3.359748e-05
ISIC_0024619,HAM_0006829,nv,4,4.9147406e-05,1.9435274e-05,0.00024342274,7.0538044e-05,0.00033033176,0.99923563,5.150604e-05
ISIC_0025072,HAM_0006712,nv,4,1.7931521e-05,3.7330444e-06,3.3142547e-05,2.927677e-05,0.00011975953,0.99976045,3.57308e-05
ISIC_0027951,HAM_0005080,nv,4,2.0455016e-05,5.012717e-06,0.00017133047,3.100795e-05,8.290058e-05,0.9995926,9.6731485e-05
ISIC_0028083,HAM_0007496,nv,4,0.000820293,2.9839079e-05,0.0016694223,5.6846246e-05,0.0008771502,0.9963307,0.0002157962
ISIC_0031320,HAM_0001206,nv,4,3.3329132e-05,8.796911e-06,0.000270806,7.329687e-05,3.3102075e-05,0.9995152,6.551068e-05
ISIC_0032080,HAM_0005871,nv,4,8.280604e-06,5.2944033e-06,1.7359682e-05,2.2796597e-05,0.00033927348,0.99957734,2.9703344e-05
ISIC_0029456,HAM_0006977,nv,4,5.7702044e-05,1.2824871e-05,5.9591872e-05,4.176465e-05,0.00018493907,0.9995478,9.527405e-05
ISIC_0028279,HAM_0001843,nv,4,3.7580085e-05,6.7839555e-06,0.00014325253,0.00013779826,0.00015973175,0.9994405,7.43003e-05
ISIC_0026317,HAM_0004918,nv,4,2.723441e-05,3.6250917e-06,7.4248e-05,2.0638068e-05,0.00011725852,0.99971277,4.4270608e-05
ISIC_0028474,HAM_0004682,nv,4,1.4804201e-05,3.5681937e-06,3.5896985e-05,3.6712383e-05,0.00036789651,0.9995178,2.3335813e-05
ISIC_0026436,HAM_0000260,nv,4,0.00041919394,7.199631e-05,0.0025678743,0.00028951772,0.00032156412,0.9962676,6.230762e-05
ISIC_0031693,HAM_0007388,nv,4,2.8311479e-05,6.081074e-06,8.208214e-05,7.9751204e-05,0.00032038928,0.99943656,4.690621e-05
ISIC_0031540,HAM_0006374,nv,4,1.5404195e-05,1.2401817e-05,0.00028323047,7.2138304e-05,0.00012086793,0.9992078,0.00028811244
ISIC_0027457,HAM_0002457,nv,4,1.3053602e-05,4.1155286e-06,2.9705425e-05,0.00013049178,0.00016327425,0.9996474,1.19319575e-05
ISIC_0025126,HAM_0002953,nv,4,5.042427e-06,5.473503e-06,0.00012898663,4.7794518e-05,2.9734309e-05,0.9996426,0.00014037304
ISIC_0025162,HAM_0003353,nv,4,0.0002239447,3.4883855e-05,0.0033198942,0.00018224363,0.0037253744,0.99240196,0.00011173016
ISIC_0031104,HAM_0000945,nv,4,8.478639e-06,3.2629152e-05,6.0484886e-05,2.3182769e-05,7.542182e-05,0.9997737,2.6014226e-05
ISIC_0024977,HAM_0007224,nv,4,1.80126e-05,6.2860768e-06,5.955334e-05,4.9734386e-05,0.0004441444,0.9993893,3.3033324e-05
ISIC_0032075,HAM_0005534,nv,4,0.00014180332,0.00021920072,0.0057549183,0.0018488369,0.0023600846,0.7204592,0.26921597
ISIC_0027056,HAM_0005306,nv,4,2.7654552e-05,4.240963e-06,6.8915164e-05,3.1830197e-05,0.0014101213,0.99842167,3.557857e-05
ISIC_0027636,HAM_0001109,nv,4,1.3808882e-05,6.434281e-06,0.0006333325,6.6265624e-05,0.0019403514,0.99730504,3.4783392e-05
ISIC_0027936,HAM_0000428,nv,4,1.2096256e-05,3.8965186e-06,0.00018737845,3.110075e-05,7.5338976e-05,0.9996511,3.9085346e-05
ISIC_0032500,HAM_0006860,nv,4,2.5502926e-05,7.6275137e-06,0.0003508558,5.116636e-05,5.792249e-05,0.9994547,5.227753e-05
ISIC_0025119,HAM_0002859,nv,4,1.6471744e-05,0.000963895,0.008666943,0.001077931,0.0024202752,0.9862315,0.00062294543
ISIC_0024574,HAM_0005390,nv,4,6.374489e-06,6.214674e-06,0.00014888629,4.5385586e-05,4.386054e-05,0.9996841,6.523444e-05
ISIC_0030578,HAM_0002789,nv,4,1.6729027e-05,2.2955364e-05,6.7469555e-05,5.856136e-05,8.4832645e-05,0.9996817,6.7733636e-05
ISIC_0028934,HAM_0000514,nv,4,5.0047045e-05,2.1992422e-05,0.0018237802,0.00013373679,3.9205726e-05,0.9978459,8.538267e-05
ISIC_0029387,HAM_0000711,nv,4,2.0805428e-05,8.809572e-06,3.3836564e-05,3.2540305e-05,0.00086586544,0.9990007,3.7453665e-05
ISIC_0025404,HAM_0000251,nv,4,2.1659285e-05,6.657518e-06,5.824697e-05,2.4881041e-05,0.0016482435,0.9982065,3.3809665e-05
ISIC_0031240,HAM_0004602,nv,4,4.821402e-06,4.6457617e-06,4.345801e-05,2.5361214e-05,0.00016610423,0.99974173,1.384262e-05
ISIC_0032320,HAM_0005990,nv,4,3.2623455e-05,9.310336e-06,0.00011084978,4.878268e-05,0.00016742399,0.99959916,3.189887e-05
ISIC_0026252,HAM_0003651,nv,4,1.1700421e-05,8.5602105e-06,0.00012930999,6.83582e-05,4.1239247e-05,0.99958307,0.00015770072
ISIC_0025714,HAM_0000458,nv,4,2.765953e-05,6.324205e-06,0.0002366198,3.751188e-05,6.52593e-05,0.999577,4.9646667e-05
ISIC_0026261,HAM_0005067,nv,4,1.0284052e-05,9.437177e-06,4.4934408e-05,2.7094871e-05,0.00041604342,0.99945897,3.3294727e-05
ISIC_0025997,HAM_0001256,nv,4,1.1340921e-05,8.18453e-06,5.39199e-05,3.2275744e-05,0.00020862262,0.9996258,5.980057e-05
ISIC_0031383,HAM_0000030,nv,4,7.100532e-05,1.2868042e-05,0.0006130929,0.000116270436,0.00013673273,0.9990025,4.75777e-05
ISIC_0024362,HAM_0001758,nv,4,1.4878537e-05,5.4309126e-06,3.6824735e-05,5.0579813e-05,0.00020210884,0.99964356,4.666461e-05
ISIC_0030562,HAM_0004093,nv,4,1.0480534e-05,5.1385876e-05,0.0007655046,3.0564286e-05,0.0060683843,0.9930179,5.577884e-05
ISIC_0026527,HAM_0002438,nv,4,2.5281746e-05,6.7845845e-06,6.266464e-05,3.1127467e-05,0.00030679398,0.9995332,3.4253666e-05
ISIC_0024611,HAM_0000385,nv,4,0.00011363969,7.740834e-06,0.0008938454,2.2618655e-05,0.00020668117,0.99857795,0.0001774757
ISIC_0032180,HAM_0004236,nv,4,2.3893008e-05,5.2537252e-06,8.398733e-05,2.8043087e-05,8.977588e-05,0.99967694,9.2129514e-05
ISIC_0032083,HAM_0005491,nv,4,1.7840459e-05,6.8245836e-06,3.5341665e-05,3.4658093e-05,0.00031669327,0.9995521,3.660624e-05
ISIC_0029906,HAM_0001644,nv,4,3.9067672e-05,1.4900996e-05,0.0003884522,2.1013771e-05,0.00027904127,0.9991991,5.8533085e-05
ISIC_0024820,HAM_0005843,nv,4,8.561445e-06,3.307184e-06,5.9996753e-05,3.8276175e-05,0.00012316548,0.9997272,3.9510476e-05
ISIC_0032120,HAM_0000901,nv,4,3.997224e-06,4.4331737e-06,3.51431e-05,7.298568e-05,7.0378395e-05,0.99977714,3.5958932e-05
ISIC_0025147,HAM_0004425,nv,4,1.294943e-05,6.3481357e-06,5.0102917e-05,3.3067532e-05,0.00043134624,0.99944764,1.8549203e-05
ISIC_0025272,HAM_0004915,nv,4,1.3883593e-05,6.694027e-06,4.7451675e-05,4.110612e-05,5.226837e-05,0.9997676,7.102501e-05
ISIC_0024685,HAM_0006798,nv,4,2.1733018e-05,9.184383e-06,0.000102099904,9.811662e-05,1.8372664e-05,0.99965024,0.00010034536
ISIC_0029556,HAM_0001831,nv,4,1.2506198e-05,3.2244282e-06,5.64058e-05,2.7103473e-05,7.817798e-05,0.9997763,4.63755e-05
ISIC_0031141,HAM_0006278,nv,4,2.1766979e-05,1.1381127e-05,3.0636464e-05,4.4706576e-05,0.0025208395,0.99730897,6.1646075e-05
ISIC_0025448,HAM_0003733,nv,4,1.9899499e-05,1.4055844e-05,0.00012297531,6.317875e-05,6.455078e-05,0.9994029,0.00031249886
ISIC_0029246,HAM_0003666,nv,4,1.43483785e-05,2.969643e-06,3.6213e-05,1.5727863e-05,0.00040523097,0.9994937,3.170916e-05
ISIC_0026119,HAM_0005827,nv,4,8.324027e-05,1.3247921e-05,0.00063366245,7.217929e-05,0.00017205352,0.99879956,0.00022604967
ISIC_0028853,HAM_0001047,nv,4,7.885741e-06,5.6909907e-06,0.00018115148,3.0140705e-05,0.00019924763,0.99954575,3.0023197e-05
ISIC_0031635,HAM_0000434,nv,4,0.0003845374,9.56255e-05,0.0004986013,0.0002980193,0.16856031,0.82968295,0.0004799686
ISIC_0030042,HAM_0004436,nv,4,2.5538877e-05,1.0348914e-05,2.5865169e-05,4.289506e-05,0.0019189584,0.99793565,4.06519e-05
ISIC_0025241,HAM_0002710,nv,4,3.486859e-05,3.912148e-06,7.135382e-05,1.6199574e-05,7.124938e-05,0.9997478,5.4562148e-05
ISIC_0028277,HAM_0005168,nv,4,9.835625e-06,3.5552762e-06,3.392975e-05,2.3138078e-05,0.00011125137,0.9997973,2.1046897e-05
ISIC_0027682,HAM_0002550,nv,4,2.2249555e-05,1.9255383e-05,6.1673425e-05,0.00047968168,0.0015177408,0.9977514,0.00014794688
ISIC_0024671,HAM_0001098,nv,4,1.04700375e-05,4.4419603e-06,2.398957e-05,3.8692528e-05,9.675194e-05,0.99980396,2.1651618e-05
ISIC_0024427,HAM_0003988,nv,4,1.8751665e-05,3.5544367e-06,0.00019180473,5.2873576e-05,9.241167e-05,0.99956113,7.94114e-05
ISIC_0027116,HAM_0002656,nv,4,1.608589e-05,4.8298602e-06,4.131815e-05,3.855038e-05,0.00030145075,0.9995415,5.6200133e-05
ISIC_0031525,HAM_0002633,nv,4,1.6526446e-05,8.657946e-06,0.00044104265,8.84729e-05,0.00014322053,0.9992173,8.4751846e-05
ISIC_0029595,HAM_0007520,nv,4,2.8789e-05,4.9252176e-06,0.00017335516,2.0137253e-05,0.000113696035,0.999561,9.805997e-05
ISIC_0029419,HAM_0002469,nv,4,1.574524e-05,1.0185765e-05,0.00011136764,0.00014864086,4.2425472e-05,0.9996213,5.0381495e-05
ISIC_0028595,HAM_0003237,nv,4,2.6259828e-05,1.6336975e-05,0.00024577818,0.00015999925,3.6068614e-05,0.9994049,0.000110611996
ISIC_0026377,HAM_0001019,nv,4,1.1840394e-05,4.6640134e-06,4.5411038e-05,3.3255885e-05,0.00013743858,0.9997564,1.1058037e-05
ISIC_0026259,HAM_0000761,nv,4,2.9415003e-05,8.866552e-06,4.0998526e-05,5.3004245e-05,0.0002343801,0.9995881,4.524847e-05
ISIC_0028387,HAM_0004470,nv,4,2.0229358e-05,1.5632037e-05,9.8028664e-05,3.8426086e-05,0.0015424376,0.9982665,1.8745675e-05
ISIC_0029968,HAM_0001559,nv,4,1.0126548e-05,2.5063448e-05,5.082771e-05,3.9161714e-05,0.00018746975,0.99965,3.7295456e-05
ISIC_0028250,HAM_0004727,nv,4,2.7071483e-05,5.5810633e-06,5.7759822e-05,3.985308e-05,0.00026969967,0.999572,2.806754e-05
ISIC_0025343,HAM_0001476,nv,4,1.2524595e-05,1.0103183e-05,6.152793e-05,8.6556705e-05,0.0004863235,0.9992933,4.953573e-05
ISIC_0032276,HAM_0005174,nv,4,3.0107138e-05,1.5989779e-05,0.00021766836,0.00012497355,0.000111208064,0.9994081,9.1969916e-05
ISIC_0026412,HAM_0002873,nv,4,0.00015486895,4.406842e-05,0.0008145815,0.00046917592,0.00014734469,0.9975795,0.00079043565
ISIC_0026999,HAM_0006075,nv,4,1.6989756e-05,3.980624e-06,6.2694555e-05,1.783992e-05,0.00031838924,0.999522,5.820992e-05
ISIC_0029762,HAM_0007587,nv,4,1.5987644e-05,6.5613162e-06,2.8445447e-05,2.7462787e-05,0.00061236223,0.9992747,3.4513392e-05
ISIC_0032196,HAM_0002188,nv,4,2.1772255e-05,8.6943e-06,0.00013415498,0.00017314915,3.9424463e-05,0.999501,0.000121851655
ISIC_0030884,HAM_0006432,nv,4,1.9180254e-05,5.2129553e-06,0.00011601464,3.3108157e-05,4.4769964e-05,0.9996989,8.2848695e-05
ISIC_0032213,HAM_0003656,nv,4,1.7948469e-05,4.2465144e-06,8.861548e-05,2.3731463e-05,8.7722176e-05,0.9997286,4.9051752e-05
ISIC_0027013,HAM_0001854,nv,4,7.7250945e-05,2.1981987e-05,0.00014545572,5.0415638e-05,0.008090343,0.9915455,6.897734e-05
ISIC_0025591,HAM_0006446,nv,4,1.38967e-05,4.4940084e-06,6.910694e-05,3.3696488e-05,0.00011048652,0.9997346,3.3663593e-05
ISIC_0028249,HAM_0002118,nv,4,2.0887184e-05,3.477509e-05,0.0011404016,0.00010402222,0.000116158546,0.99706703,0.0015166998
ISIC_0027035,HAM_0003331,nv,4,2.7310029e-05,3.5963171e-06,7.333566e-05,2.0176522e-05,0.0002936105,0.999556,2.5983178e-05
ISIC_0026484,HAM_0002608,nv,4,5.23706e-05,3.592352e-05,0.00024639338,8.8824774e-05,0.0011462865,0.99830496,0.00012526302
ISIC_0029663,HAM_0002039,nv,4,4.1988616e-05,2.5542104e-05,0.0001148637,3.4437853e-05,0.0006720601,0.9990369,7.434286e-05
ISIC_0031747,HAM_0003213,nv,4,2.939416e-05,2.8157878e-05,0.0005683344,3.8113234e-05,9.924512e-05,0.99887973,0.00035713374
ISIC_0030510,HAM_0000895,nv,4,2.3350758e-05,3.6521276e-05,0.0002433799,0.00036145278,3.1055803e-05,0.9991817,0.00012240898
ISIC_0027592,HAM_0006960,nv,4,2.794617e-05,1.7488266e-05,0.00025672166,3.944892e-05,0.000467395,0.9991449,4.6120465e-05
ISIC_0027460,HAM_0000137,nv,4,2.1384942e-05,1.3434731e-05,0.00032933056,2.8608465e-05,0.0003824034,0.99912995,9.495562e-05
ISIC_0026860,HAM_0000334,nv,4,1.9128616e-05,2.549022e-05,0.00025800837,3.3769058e-05,0.00040968737,0.9989567,0.00029715622
ISIC_0030256,HAM_0001586,nv,4,1.5792004e-05,8.034321e-06,0.0004646757,4.2261592e-05,0.0007168979,0.9986815,7.0913215e-05
ISIC_0029767,HAM_0003734,nv,4,1.6231004e-05,4.3302884e-06,3.3532302e-05,3.510725e-05,0.00012951899,0.99973303,4.817373e-05
ISIC_0029414,HAM_0001422,nv,4,3.0353367e-05,7.028806e-06,6.206855e-05,3.199699e-05,9.292604e-05,0.99974066,3.4970642e-05
ISIC_0026357,HAM_0001718,nv,4,2.0094285e-05,1.2164017e-05,0.00032029237,7.285865e-05,0.00012662825,0.9993781,6.986251e-05
ISIC_0025935,HAM_0006029,nv,4,2.4193314e-05,7.123648e-06,0.00025271633,2.479124e-05,0.00012929564,0.9994721,8.9801324e-05
ISIC_0025348,HAM_0002688,nv,4,1.4789923e-05,9.794653e-06,0.00030844507,6.739344e-05,2.6314443e-05,0.99952936,4.385375e-05
ISIC_0029782,HAM_0007120,nv,4,0.00010820926,1.8314622e-05,7.947744e-05,5.871756e-05,0.0031964916,0.9964922,4.6585694e-05
ISIC_0030103,HAM_0001148,nv,4,2.6823176e-05,1.7659919e-05,0.00012659893,3.8422426e-05,0.0025205568,0.99719715,7.269965e-05
ISIC_0031739,HAM_0001748,nv,4,1.2543313e-05,4.068243e-06,1.6633425e-05,2.439131e-05,0.00011813919,0.99981004,1.4199562e-05
ISIC_0028074,HAM_0006440,nv,4,2.181589e-05,1.2189894e-05,4.2838758e-05,0.0001835535,0.00011877353,0.9995499,7.097488e-05
ISIC_0028986,HAM_0007338,nv,4,1.0822236e-05,5.202717e-06,0.00012025601,5.0953793e-05,8.5206644e-05,0.9996861,4.1384705e-05
ISIC_0032038,HAM_0001998,nv,4,5.6481795e-06,3.0173537e-06,2.2121892e-05,1.1004734e-05,0.00013289196,0.9998072,1.817921e-05
ISIC_0029261,HAM_0001977,nv,4,8.251145e-05,8.68097e-05,0.0011334871,0.00017553174,0.00029946558,0.9978194,0.00040267993
ISIC_0030494,HAM_0004715,nv,4,1.1163226e-05,9.548415e-06,0.000113462535,3.6247104e-05,0.0003291173,0.9994584,4.2088453e-05
ISIC_0030527,HAM_0006713,nv,4,5.1930065e-06,3.0887961e-06,2.784106e-05,2.4726105e-05,0.00015355079,0.99977094,1.4764631e-05
ISIC_0029122,HAM_0006050,nv,4,9.348684e-06,2.7688684e-06,4.1007344e-05,2.614233e-05,8.9066736e-05,0.9998031,2.8613766e-05
ISIC_0026635,HAM_0004057,nv,4,3.969735e-05,6.046312e-06,8.573867e-05,4.515905e-05,0.00020130469,0.99956304,5.8956055e-05
ISIC_0027647,HAM_0002132,nv,4,1.2649316e-05,4.77309e-06,5.7723806e-05,7.495591e-05,0.0003855209,0.99943656,2.7845343e-05
ISIC_0031992,HAM_0006431,nv,4,1.78421e-05,6.3246293e-06,3.711357e-05,7.188845e-05,0.00018660104,0.99964404,3.6183097e-05
ISIC_0027879,HAM_0003863,nv,4,7.995038e-06,5.081955e-06,2.112592e-05,0.00013220623,0.00013900833,0.9996387,5.5904522e-05
ISIC_0028398,HAM_0003399,nv,4,1.9339403e-05,9.206936e-06,0.0033951844,5.1906773e-05,0.00021049748,0.99625045,6.3349566e-05
ISIC_0032275,HAM_0003489,nv,4,7.693906e-05,1.5135411e-05,0.00023658432,0.00029193764,0.00011595126,0.9991831,8.0317084e-05
ISIC_0030823,HAM_0004902,nv,4,2.0220195e-05,5.2234923e-06,2.8964094e-05,1.7809443e-05,0.00012886079,0.9997651,3.3878994e-05
ISIC_0024508,HAM_0006598,nv,4,3.58503e-05,1.1776083e-05,0.00015432622,7.171581e-05,0.0014460884,0.9982179,6.230778e-05
ISIC_0026066,HAM_0001599,nv,4,1.6150934e-05,6.0824973e-06,3.517368e-05,6.96445e-05,0.00010548458,0.9996705,9.6999174e-05
ISIC_0026918,HAM_0006573,nv,4,9.39388e-05,2.6085863e-05,0.00036151364,0.00023455324,0.00048504665,0.99861825,0.00018063025
ISIC_0025913,HAM_0003409,nv,4,3.6559915e-05,6.930046e-06,7.6533e-05,3.7794198e-05,0.00052479876,0.9992624,5.5043958e-05
ISIC_0031590,HAM_0003786,nv,4,7.759262e-05,8.6759455e-06,0.00011339381,3.32583e-05,0.00039462547,0.99934083,3.158071e-05
ISIC_0032064,HAM_0002482,nv,4,6.3744906e-06,4.9451037e-06,6.624557e-05,2.8736371e-05,0.00012409584,0.99968433,8.531056e-05
ISIC_0024689,HAM_0000610,nv,4,1.8429433e-05,9.285018e-06,3.5350633e-05,5.649015e-05,0.0009974081,0.9988298,5.3327334e-05
ISIC_0025333,HAM_0007515,nv,4,1.4763818e-05,2.309105e-05,4.3904784e-05,0.000104962724,6.776903e-05,0.99971586,2.9533907e-05
ISIC_0028691,HAM_0001161,nv,4,1.2336925e-05,4.197427e-06,2.3943161e-05,2.8994e-05,8.765264e-05,0.99982065,2.2361111e-05
ISIC_0027508,HAM_0003880,nv,4,1.03462635e-05,4.915949e-06,0.00015651912,3.0647865e-05,0.00010676283,0.9996306,6.032877e-05
ISIC_0030624,HAM_0006771,nv,4,1.7599727e-05,4.8777315e-06,1.7929333e-05,2.9850562e-05,0.00026527682,0.99963844,2.6036121e-05
ISIC_0025023,HAM_0006381,nv,4,1.2528211e-05,3.5062442e-06,0.0001167932,3.4021963e-05,0.00014080213,0.9995819,0.0001105236
ISIC_0029593,HAM_0004229,nv,4,6.206019e-05,1.8779996e-05,0.00030160364,3.612876e-05,0.0013824608,0.99814284,5.6011984e-05
ISIC_0024320,HAM_0005039,nv,4,5.8960402e-05,9.07726e-06,6.270176e-05,3.8629434e-05,0.00015430052,0.99963677,3.9584138e-05
ISIC_0025211,HAM_0003245,nv,4,1.3923923e-05,5.7255384e-06,5.3506323e-05,5.0981358e-05,8.949691e-05,0.9997385,4.7822447e-05
ISIC_0025762,HAM_0005189,nv,4,5.5550456e-05,8.089232e-06,0.0001307769,2.9158908e-05,6.095069e-05,0.9996327,8.266139e-05
ISIC_0028470,HAM_0000811,nv,4,3.2073807e-05,1.6753811e-05,0.00045370802,3.5088855e-05,5.3608717e-05,0.9992092,0.00019949686
ISIC_0026102,HAM_0006841,nv,4,1.927436e-05,5.7365705e-06,5.36618e-05,3.140782e-05,0.00013679622,0.9997104,4.2636933e-05
ISIC_0029240,HAM_0006012,nv,4,8.408958e-06,5.439846e-06,3.192157e-05,2.1536025e-05,0.0005752953,0.99933404,2.3217877e-05
ISIC_0025204,HAM_0000919,nv,4,1.079844e-05,1.21885305e-05,9.867227e-05,5.526911e-05,6.034661e-05,0.9994381,0.00032464165
ISIC_0025882,HAM_0000978,nv,4,7.000283e-06,2.8621374e-05,3.0112338e-05,0.00011982574,7.780096e-05,0.9995808,0.00015580603
ISIC_0028070,HAM_0000989,nv,4,2.0535173e-05,1.11866075e-05,0.000120091325,4.1401247e-05,0.00014362528,0.9995975,6.5772496e-05
ISIC_0030895,HAM_0006647,nv,4,1.4450821e-05,8.799172e-06,5.6350502e-05,5.9663475e-05,5.899718e-05,0.999772,2.962222e-05
ISIC_0031949,HAM_0007412,nv,4,5.989337e-06,1.873618e-06,5.1648476e-05,2.2869965e-05,3.3210672e-05,0.99986076,2.3584416e-05
ISIC_0032041,HAM_0000103,nv,4,7.718873e-06,8.9365785e-06,0.00010366894,0.00010145305,7.273571e-05,0.99964225,6.331743e-05
ISIC_0029625,HAM_0004292,nv,4,5.4336553e-05,0.00014527021,0.00036870321,7.212497e-05,0.0012415345,0.9980478,7.017952e-05
ISIC_0025845,HAM_0005868,nv,4,4.732412e-05,8.426943e-06,4.9692208e-05,3.6037465e-05,0.0003024756,0.99951744,3.8662558e-05
ISIC_0024614,HAM_0001257,nv,4,1.3106259e-05,4.2883516e-06,3.514274e-05,2.7691813e-05,0.00013278931,0.9997669,2.0102101e-05
ISIC_0028259,HAM_0001348,nv,4,3.2651547e-05,1.7648625e-05,0.0004169815,6.686589e-05,0.00030994054,0.99655944,0.0025963678
ISIC_0032167,HAM_0000916,nv,4,8.999706e-05,1.21797775e-05,4.9026214e-05,3.6397625e-05,0.0010543866,0.9987204,3.7626425e-05
ISIC_0029158,HAM_0004689,nv,4,1.481913e-05,3.965213e-06,2.7443515e-05,1.4979179e-05,0.0003664737,0.9995491,2.3177561e-05
ISIC_0030577,HAM_0000281,nv,4,9.274116e-06,3.2238834e-06,3.5326368e-05,3.2879594e-05,0.0002910562,0.9996074,2.089954e-05
ISIC_0025495,HAM_0001275,nv,4,5.9583937e-05,5.690244e-06,0.00017609158,2.3401864e-05,0.000291569,0.9994147,2.8982227e-05
ISIC_0024622,HAM_0004771,nv,4,2.0099162e-05,3.1369664e-06,5.8758276e-05,1.7929015e-05,0.00025887418,0.9996207,2.0616024e-05
ISIC_0029935,HAM_0002593,nv,4,3.7459067e-05,6.4282525e-05,0.00020995254,0.00022393027,0.00016066211,0.9991448,0.0001588679
ISIC_0025750,HAM_0007056,nv,4,2.1978958e-05,3.805048e-05,0.0004335552,0.00017440402,6.249006e-05,0.99918467,8.491477e-05
ISIC_0028781,HAM_0005208,nv,4,9.090685e-05,9.982674e-06,3.6266338e-05,5.5245586e-05,0.0007618974,0.9990127,3.2924276e-05
ISIC_0031210,HAM_0004390,nv,4,8.901615e-06,3.1369907e-06,2.8344579e-05,0.00011997782,0.00018819942,0.9996284,2.2954142e-05
ISIC_0024558,HAM_0003041,nv,4,2.4174524e-05,8.168933e-06,5.928e-05,6.5905966e-05,0.00011966121,0.9996716,5.1177463e-05
ISIC_0026985,HAM_0006607,nv,4,2.0077423e-05,6.55009e-06,0.00026292307,5.8124326e-05,4.2587002e-05,0.9995152,9.455262e-05
ISIC_0028096,HAM_0002638,nv,4,2.6878126e-05,1.3022823e-05,3.9298862e-05,5.8707225e-05,0.0005854422,0.99924004,3.663057e-05
ISIC_0024670,HAM_0002935,nv,4,9.060784e-06,4.974606e-06,7.69845e-05,4.0036655e-05,6.9109614e-05,0.9997732,2.6631125e-05
ISIC_0026405,HAM_0005964,nv,4,9.853608e-06,9.402377e-06,4.812372e-05,2.1438349e-05,0.0001364406,0.99967086,0.000103823884
ISIC_0026164,HAM_0002872,nv,4,1.158694e-05,3.949965e-06,3.1373773e-05,1.7530481e-05,0.00029333754,0.9996025,3.975711e-05
ISIC_0030471,HAM_0002540,nv,4,2.2875172e-05,0.00015225547,0.00038127793,0.00095759705,0.00016559486,0.998137,0.00018329681
ISIC_0028244,HAM_0001533,nv,4,3.1185045e-05,4.6443047e-06,0.00014013753,4.5197077e-05,0.00030616325,0.9994282,4.4496363e-05
ISIC_0027794,HAM_0002072,nv,4,0.00010052639,1.0279451e-05,0.00013233315,4.081514e-05,0.0006590448,0.99901175,4.526657e-05
ISIC_0031300,HAM_0007626,nv,4,3.9231323e-05,7.5682938e-06,6.4021675e-05,2.2136102e-05,0.00034813175,0.9994729,4.591088e-05
ISIC_0029769,HAM_0004107,nv,4,1.2772417e-05,2.6284191e-05,7.307078e-05,3.075936e-05,0.00045090326,0.99935573,5.0417322e-05
ISIC_0026434,HAM_0007414,nv,4,2.0398194e-05,5.6367835e-06,3.629276e-05,3.068118e-05,0.00013255909,0.99974054,3.3994154e-05
ISIC_0031758,HAM_0001007,nv,4,2.3134648e-05,2.3683271e-05,7.398993e-05,3.4458957e-05,0.00016444466,0.99964905,3.1252916e-05
ISIC_0030994,HAM_0001569,nv,4,2.7188982e-05,8.82697e-06,6.4211796e-05,8.117131e-05,0.0026932796,0.99707115,5.423039e-05
ISIC_0031028,HAM_0002941,nv,4,2.4412133e-05,7.279916e-06,3.37278e-05,8.150355e-05,0.00013021847,0.99968696,3.5973248e-05
ISIC_0028624,HAM_0003750,nv,4,1.6055525e-05,4.29604e-06,0.00012228159,4.3473297e-05,0.00012265534,0.9996051,8.618301e-05
ISIC_0026899,HAM_0001652,nv,4,3.3842658e-05,8.41588e-06,4.3667533e-05,4.5141773e-05,0.0016226879,0.9982053,4.094181e-05
ISIC_0027692,HAM_0003769,nv,4,7.4526083e-06,6.2634804e-06,2.720732e-05,4.9121965e-05,0.00017338885,0.9996942,4.2387153e-05
ISIC_0029494,HAM_0003486,nv,4,2.2483273e-05,6.3108087e-06,3.6280748e-05,2.9438486e-05,0.00045602027,0.9994097,3.9846607e-05
ISIC_0025496,HAM_0002996,nv,4,1.2525245e-05,1.7355651e-05,0.00032145687,5.646413e-05,0.00019102734,0.99934524,5.586083e-05
ISIC_0026284,HAM_0001252,nv,4,4.714369e-05,3.5102705e-05,0.00016026568,7.22374e-05,0.0009515412,0.998628,0.00010572246
ISIC_0028892,HAM_0006335,nv,4,2.3045342e-05,1.0885849e-05,0.00010111145,7.969337e-05,4.1811305e-05,0.99968755,5.598921e-05
ISIC_0027777,HAM_0000819,nv,4,1.5918404e-05,5.6925346e-06,3.44311e-05,3.9688046e-05,6.335942e-05,0.99981695,2.3989882e-05
ISIC_0029934,HAM_0006317,nv,4,6.653409e-05,2.6233845e-05,3.448374e-05,0.000110989226,0.0070915534,0.99258304,8.711645e-05
ISIC_0026309,HAM_0002285,nv,4,1.8513216e-05,4.6900254e-06,0.00011432456,3.2144544e-05,0.00033462688,0.99945885,3.688991e-05
ISIC_0028708,HAM_0005004,nv,4,3.9837352e-05,5.069699e-06,0.00057802064,5.7287718e-05,8.53298e-05,0.9991775,5.68419e-05
ISIC_0028794,HAM_0006606,nv,4,4.5206693e-06,6.05951e-06,3.631229e-05,6.724665e-05,6.51936e-05,0.99979025,3.0414218e-05
ISIC_0028811,HAM_0003795,nv,4,1.596324e-05,9.220787e-06,0.00012476993,5.2367013e-05,4.005327e-05,0.99969995,5.7795423e-05
ISIC_0026919,HAM_0001945,nv,4,5.117597e-05,9.824504e-06,5.56596e-05,3.755099e-05,0.0011411164,0.99866676,3.7882484e-05
ISIC_0025304,HAM_0007149,nv,4,9.218194e-06,0.00016657842,4.4888737e-05,8.922833e-05,5.6800123e-05,0.99941874,0.00021454466
ISIC_0027594,HAM_0006933,nv,4,2.2501325e-05,8.359008e-06,0.0001961935,2.6358144e-05,0.0004071094,0.99923575,0.000103842045
ISIC_0025552,HAM_0000218,nv,4,7.275079e-05,9.303578e-06,9.00988e-05,8.431002e-05,0.000831776,0.99887353,3.8187507e-05
ISIC_0029234,HAM_0006758,nv,4,4.2626354e-05,1.26249615e-05,0.000178764,6.544327e-05,0.0040686503,0.99556583,6.60855e-05
ISIC_0026287,HAM_0002412,nv,4,4.8460777e-05,1.7688988e-05,0.00027049053,0.0003118652,0.00043865442,0.9988386,7.425555e-05
ISIC_0025857,HAM_0002091,nv,4,4.5739474e-05,7.718845e-06,7.723769e-05,8.106305e-05,0.000107496024,0.9996387,4.205496e-05
ISIC_0029076,HAM_0005147,nv,4,7.4366464e-05,2.4143255e-05,0.00031485752,4.7547986e-05,0.005977297,0.9935156,4.6175188e-05
ISIC_0030808,HAM_0001710,nv,4,4.2599106e-05,0.00019871513,0.0023190284,0.0012077312,0.0009081446,0.99492943,0.00039442116
ISIC_0030489,HAM_0007447,nv,4,1.9651432e-05,3.8809494e-06,3.881529e-05,2.7875816e-05,0.00030950867,0.99955374,4.6410474e-05
ISIC_0026944,HAM_0000331,nv,4,2.4597977e-05,1.1883195e-05,5.786617e-05,3.48585e-05,0.00036058322,0.9994585,5.1668674e-05
ISIC_0025283,HAM_0004693,nv,4,2.1812411e-05,1.2022453e-05,0.00021883681,3.8544564e-05,0.0002617376,0.9993906,5.641158e-05
ISIC_0030078,HAM_0005796,nv,4,1.4589158e-05,9.910154e-06,0.00018958811,0.00015645145,6.6154804e-05,0.9995339,2.9413408e-05
ISIC_0027676,HAM_0004115,nv,4,8.17983e-05,0.0001435605,0.00024254095,0.0038915437,0.00030600227,0.99500847,0.0003262152
ISIC_0026063,HAM_0003139,nv,4,0.00020450454,1.2634238e-05,0.00034081243,0.0005637598,0.000537812,0.99824524,9.538247e-05
ISIC_0028321,HAM_0001032,nv,4,6.337055e-06,4.9546193e-06,3.0321096e-05,0.00013329393,0.00015473695,0.9996536,1.6695914e-05
ISIC_0031096,HAM_0005773,nv,4,1.9444886e-05,6.011991e-06,4.0447543e-05,7.589877e-05,9.696941e-05,0.9997298,3.1408432e-05
ISIC_0027441,HAM_0007455,nv,4,1.0886504e-05,4.296653e-06,9.026576e-05,2.3685609e-05,6.1196275e-05,0.9997477,6.1917635e-05
ISIC_0031251,HAM_0005012,nv,4,2.8942286e-05,1.4724642e-05,4.0537107e-05,6.9428934e-05,0.00078761915,0.99901235,4.634006e-05
ISIC_0029957,HAM_0005418,nv,4,9.343218e-06,9.234366e-06,0.00013177012,2.2044193e-05,0.00059117476,0.9992186,1.7799708e-05
ISIC_0027383,HAM_0004037,nv,4,1.3174826e-05,1.3753269e-05,0.00055260083,0.00014960453,0.00010068525,0.9991258,4.4526358e-05
ISIC_0025010,HAM_0002590,nv,4,3.5896184e-05,4.953836e-06,5.484215e-05,0.0001481693,0.00022242847,0.9994955,3.813673e-05
ISIC_0028268,HAM_0004875,nv,4,1.47169e-05,3.5402304e-06,2.3266262e-05,2.918243e-05,0.00044072038,0.99946266,2.5904747e-05
ISIC_0031548,HAM_0003575,nv,4,1.0844322e-05,3.4728298e-06,6.22678e-05,5.6048637e-05,6.8254354e-05,0.9997718,2.7396069e-05
ISIC_0028333,HAM_0002259,nv,4,0.000111606685,0.00016754147,0.017257404,0.0007377853,0.00021407964,0.9778445,0.0036671439
ISIC_0026410,HAM_0002104,nv,4,1.8847039e-05,3.9274737e-06,7.956238e-05,1.9087833e-05,9.331923e-05,0.9997515,3.3762935e-05
ISIC_0029078,HAM_0004808,nv,4,6.049931e-05,1.02396225e-05,0.00064316514,6.6640445e-05,0.0001274532,0.99903595,5.6007386e-05
ISIC_0025176,HAM_0002864,nv,4,0.000381947,2.0951406e-05,0.00094463583,0.00020669996,0.0001939871,0.9981812,7.060136e-05
ISIC_0029901,HAM_0006022,nv,4,4.271053e-06,4.3980326e-06,4.2800417e-05,6.319318e-05,0.00022712334,0.99963117,2.702026e-05
ISIC_0027430,HAM_0002330,nv,4,7.794218e-06,6.041477e-05,0.00017437636,8.6287e-05,3.5446712e-05,0.99959034,4.5337034e-05
ISIC_0024817,HAM_0000447,nv,4,2.8610952e-05,5.8021917e-05,0.0016857425,0.00020370648,0.00040373643,0.9972671,0.00035317833
ISIC_0029154,HAM_0001426,nv,4,3.442722e-05,9.448715e-06,5.4533135e-05,3.2690667e-05,0.001080454,0.99872833,6.006865e-05
ISIC_0031109,HAM_0000869,nv,4,1.6209917e-05,7.465053e-06,0.00014030609,0.00014991673,0.0002214882,0.9994097,5.4971486e-05
ISIC_0028119,HAM_0007564,nv,4,2.5943711e-05,1.1049814e-05,0.00027052124,0.0002207526,0.00035250335,0.99901295,0.000106177155
ISIC_0030472,HAM_0005161,nv,4,3.6571342e-05,5.5160567e-06,4.765146e-05,2.8012852e-05,0.00025634663,0.9995747,5.1172505e-05
ISIC_0030983,HAM_0004920,nv,4,2.5484715e-05,9.701286e-06,8.331671e-05,5.448059e-05,5.6045552e-05,0.9997167,5.4374283e-05
ISIC_0026035,HAM_0001043,nv,4,1.4787246e-05,3.574564e-06,0.00012551647,2.817109e-05,0.0004229613,0.99934846,5.662998e-05
ISIC_0027918,HAM_0005844,nv,4,2.7904527e-05,8.192368e-06,7.202628e-05,3.98934e-05,0.001153399,0.9986308,6.772854e-05
ISIC_0032431,HAM_0000234,nv,4,1.7323913e-05,7.778057e-06,0.00031130083,9.365219e-05,2.2049695e-05,0.999468,7.990963e-05
ISIC_0025014,HAM_0000066,nv,4,0.0007121438,3.0699204e-05,0.0009901631,0.0027634548,0.0012604229,0.99351305,0.0007301005
ISIC_0029964,HAM_0006165,nv,4,0.00010122445,1.9413586e-05,0.01271259,0.00025348613,0.0003371289,0.9864921,8.4e-05
ISIC_0030415,HAM_0005317,nv,4,1.8689952e-05,1.2820338e-05,0.00013665888,5.2366104e-05,0.00054433674,0.99919456,4.042589e-05
ISIC_0031641,HAM_0006405,nv,4,1.422696e-05,3.6896422e-06,4.8910988e-05,1.7602297e-05,9.170181e-05,0.9997845,3.92819e-05
ISIC_0031439,HAM_0001779,nv,4,0.00012032844,9.1006244e-05,0.013349169,9.5187635e-05,0.09806148,0.8877762,0.00050660165
ISIC_0030516,HAM_0003312,nv,4,6.3017294e-05,1.6649072e-05,8.324012e-05,2.9506782e-05,0.0028775607,0.9968489,8.1232494e-05
ISIC_0031205,HAM_0002920,nv,4,0.0009409794,6.900151e-05,0.0049448456,9.052379e-05,0.033122115,0.9604373,0.00039514212
ISIC_0028330,HAM_0001184,nv,4,1.4866258e-05,4.3221053e-06,6.5449036e-05,3.443033e-05,4.7638674e-05,0.99979454,3.876781e-05
ISIC_0027977,HAM_0004512,nv,4,8.100034e-05,1.0972914e-05,7.843159e-05,6.8878486e-05,0.0018292124,0.9978903,4.1209634e-05
ISIC_0029165,HAM_0004666,nv,4,0.00013049397,8.069761e-06,0.00021688854,6.497882e-05,0.00036777073,0.9991761,3.5605455e-05
ISIC_0029607,HAM_0003599,nv,4,2.3843002e-05,1.20830455e-05,0.00016594831,8.9806985e-05,0.0010802712,0.9985594,6.8655965e-05
ISIC_0030727,HAM_0005957,nv,4,0.0002340513,0.00015867664,0.1553735,0.0004364122,0.002173417,0.8383023,0.0033215582
ISIC_0030751,HAM_0002813,nv,4,4.474646e-05,8.623818e-06,5.2878906e-05,3.746016e-05,0.0006562614,0.99917394,2.6176956e-05
ISIC_0029442,HAM_0007175,nv,4,7.421114e-05,7.640604e-06,6.40365e-05,2.9260842e-05,0.0005842861,0.99921644,2.413993e-05
ISIC_0032208,HAM_0002665,nv,4,2.578013e-05,1.3128682e-05,0.000117644864,0.00014768585,1.6693739e-05,0.9995233,0.00015585413
ISIC_0028722,HAM_0002901,nv,4,3.07229e-05,1.0220774e-05,6.802873e-05,2.8608938e-05,0.0006698404,0.99914646,4.6120535e-05
ISIC_0028713,HAM_0003898,nv,4,8.135185e-06,3.274098e-06,9.5292686e-05,3.7433492e-05,0.00038289512,0.9994382,3.4823774e-05
ISIC_0029620,HAM_0004800,nv,4,3.1255364e-05,4.520385e-06,5.4561027e-05,3.859522e-05,0.00010930522,0.9997273,3.436084e-05
ISIC_0025999,HAM_0005286,nv,4,2.0830239e-05,7.0526116e-06,2.9896275e-05,4.0624633e-05,0.0006454835,0.99921584,4.0308485e-05
ISIC_0024978,HAM_0003629,nv,4,1.7461467e-05,1.8192552e-05,0.00017850418,0.00014868683,3.333077e-05,0.99956423,3.9504037e-05
ISIC_0025725,HAM_0000056,nv,4,0.00019212904,2.784147e-05,0.0043813856,5.8481713e-05,0.0018282179,0.99345934,5.2525156e-05
ISIC_0028251,HAM_0002884,nv,4,6.50101e-06,4.0602904e-06,5.3275326e-05,4.1511128e-05,3.7667345e-05,0.99980646,5.0563358e-05
ISIC_0027075,HAM_0004261,nv,4,1.9366145e-05,8.24833e-06,0.000180176,3.4422887e-05,9.782257e-05,0.9995784,8.161417e-05
ISIC_0029282,HAM_0001059,nv,4,0.00013350256,3.246161e-05,0.0010485419,4.143802e-05,0.0020924143,0.99658465,6.699831e-05
ISIC_0026881,HAM_0006021,nv,4,3.322966e-05,8.312003e-06,0.0002357263,9.023942e-05,3.7580663e-05,0.99945587,0.00013901685
ISIC_0031818,HAM_0001395,nv,4,2.6991118e-05,1.7701208e-05,0.00018409091,6.312502e-05,9.024599e-05,0.99952865,8.9107525e-05
ISIC_0024325,HAM_0002044,nv,4,1.1123326e-05,2.1732676e-06,4.4730066e-05,2.0498926e-05,0.00012129243,0.9997838,1.6391117e-05
ISIC_0024651,HAM_0001681,nv,4,4.176259e-05,1.1906902e-05,0.00013720198,6.608788e-05,0.00012425464,0.99949837,0.00012031417
ISIC_0029011,HAM_0002248,nv,4,3.2802844e-05,1.5374386e-05,0.00016772926,2.9634899e-05,0.00047317275,0.9992237,5.7514593e-05
ISIC_0025344,HAM_0000937,nv,4,1.1609804e-05,4.1720705e-06,3.6986068e-05,2.996686e-05,0.0002771895,0.9996207,1.9404826e-05
ISIC_0027701,HAM_0005653,nv,4,1.1724608e-05,5.7476973e-06,3.8934675e-05,3.878288e-05,0.00016544893,0.99969506,4.4356373e-05
ISIC_0027448,HAM_0003963,nv,4,0.0002186206,4.6501576e-05,0.00025138515,0.00011576885,0.18580537,0.81343186,0.0001304169
ISIC_0029134,HAM_0002829,nv,4,1.3708067e-05,4.407109e-06,6.2769475e-05,2.1169359e-05,0.0001013206,0.9997396,5.6929443e-05
ISIC_0027532,HAM_0005602,nv,4,1.2502428e-05,2.6057298e-05,0.00024004295,8.674169e-05,9.8627745e-05,0.99947494,6.10602e-05
ISIC_0031885,HAM_0004821,nv,4,1.0048592e-05,5.484708e-06,3.4834095e-05,0.00010395731,4.2223604e-05,0.99973446,6.903949e-05
ISIC_0026304,HAM_0007200,nv,4,2.7281467e-05,6.74463e-06,0.0001307258,6.871969e-05,0.00018872476,0.9994862,9.148441e-05
ISIC_0025460,HAM_0006820,nv,4,6.1550177e-06,5.6481613e-06,2.6631944e-05,4.210301e-05,9.4257215e-05,0.99980396,2.1315938e-05
ISIC_0028553,HAM_0003075,nv,4,1.1746127e-05,5.2021414e-06,3.192928e-05,3.472667e-05,0.000306807,0.99957556,3.4054992e-05
ISIC_0028604,HAM_0006449,nv,4,1.8372117e-05,9.719317e-06,5.770624e-05,3.874214e-05,0.00017167022,0.99962044,8.326802e-05
ISIC_0030680,HAM_0002381,nv,4,8.309239e-05,1.99104e-05,0.00016867282,8.879758e-05,0.009299598,0.9902327,0.000107214975
ISIC_0032406,HAM_0006304,nv,4,2.4338007e-05,4.801808e-06,7.4966345e-05,3.2622687e-05,0.0002453256,0.9995757,4.2258143e-05
ISIC_0031341,HAM_0006807,nv,4,0.000119939854,3.521261e-05,0.00021050099,0.000100999474,0.00734113,0.9920196,0.00017264685
ISIC_0026850,HAM_0003915,nv,4,2.1225078e-05,6.600957e-06,9.503135e-05,0.00035033654,4.1841737e-05,0.9994386,4.649585e-05
ISIC_0030685,HAM_0000585,nv,4,1.2004611e-05,3.5903856e-06,3.3194385e-05,2.7775603e-05,3.306497e-05,0.9998584,3.196952e-05
ISIC_0030343,HAM_0006570,nv,4,3.86824e-05,2.2431423e-05,7.470805e-05,0.0012415734,0.011756736,0.98645115,0.0004146584
ISIC_0031328,HAM_0000424,nv,4,3.0492036e-05,1.3399265e-05,0.00054259965,0.0007715663,0.00010611632,0.99844056,9.530802e-05
ISIC_0026617,HAM_0003804,nv,4,3.2128726e-05,1.3604158e-05,0.001718561,5.0103277e-05,8.1723716e-05,0.9979919,0.00011197612
ISIC_0028162,HAM_0000416,nv,4,4.014382e-05,4.9185233e-05,0.0010593573,0.00017772928,3.1632568e-05,0.99805355,0.0005884706
ISIC_0026033,HAM_0003319,nv,4,1.801781e-05,8.577764e-06,8.059266e-05,8.2503866e-05,0.00010227741,0.9996784,2.9706345e-05
ISIC_0032037,HAM_0002687,nv,4,1.2234006e-05,1.2402416e-05,7.235346e-05,0.00043656034,0.000109949404,0.9992561,0.00010035478
ISIC_0028663,HAM_0000635,nv,4,5.3352956e-05,9.556322e-06,8.961154e-05,6.705044e-05,0.0013976598,0.99833435,4.8483635e-05
ISIC_0029800,HAM_0003702,nv,4,7.749973e-06,4.6549153e-06,6.953158e-05,4.829264e-05,3.7905324e-05,0.9997569,7.50074e-05
ISIC_0024992,HAM_0004740,nv,4,3.8343107e-05,7.639205e-06,0.00044355288,5.0450308e-05,0.00017833863,0.99903345,0.00024818117
ISIC_0030691,HAM_0006081,nv,4,7.716322e-05,1.4484388e-05,4.5052886e-05,4.7864974e-05,0.009337758,0.99041957,5.813221e-05
ISIC_0026640,HAM_0006309,nv,4,4.5920242e-05,1.9750049e-05,9.330655e-05,6.387858e-05,0.06606473,0.9336229,8.964445e-05
ISIC_0024430,HAM_0007269,nv,4,2.3661809e-05,4.1562134e-06,5.3636068e-05,2.8319479e-05,0.00015391814,0.99971896,1.7294451e-05
ISIC_0025880,HAM_0005744,nv,4,3.091439e-05,1.2320936e-05,0.0005048142,0.00044365186,6.208394e-05,0.99852484,0.00042137638
ISIC_0027551,HAM_0006035,nv,4,7.986464e-05,1.7171033e-05,0.0004889914,0.00013387878,0.0026037504,0.9964695,0.00020674891
ISIC_0029887,HAM_0000638,nv,4,1.4436648e-05,6.1068945e-06,3.2533488e-05,3.93196e-05,8.540101e-05,0.99976724,5.4991153e-05
ISIC_0029623,HAM_0004433,nv,4,2.4772464e-05,1.8194854e-05,0.0029948652,0.00092776597,0.00010813338,0.99579346,0.0001327468
ISIC_0028733,HAM_0006639,nv,4,6.232005e-05,1.0967963e-05,0.00014931565,2.3219178e-05,0.0003294163,0.99939,3.4720222e-05
ISIC_0025050,HAM_0002807,nv,4,5.3210264e-05,2.67558e-05,0.0004635263,0.0004201179,5.0773586e-05,0.99858546,0.0004001826
ISIC_0024840,HAM_0006705,nv,4,2.1536378e-05,6.033231e-06,2.7464868e-05,3.4888784e-05,0.0005294782,0.99935037,3.0134814e-05
ISIC_0031414,HAM_0000400,nv,4,3.1929507e-05,8.394637e-06,0.00011220937,7.71203e-05,0.00012972101,0.9995826,5.815663e-05
ISIC_0029890,HAM_0000052,nv,4,6.637281e-06,2.0245583e-05,0.00012597226,5.4179996e-05,0.0007046783,0.99906725,2.1093234e-05
ISIC_0024444,HAM_0005543,nv,4,6.5108507e-06,6.2126974e-06,6.764616e-05,4.147259e-05,0.0004209085,0.9993661,9.118355e-05
ISIC_0028240,HAM_0001635,nv,4,5.75883e-06,6.667325e-06,2.0758605e-05,0.000104450584,0.00015005296,0.99967694,3.5484416e-05
ISIC_0027465,HAM_0002214,nv,4,0.00033035583,7.954653e-05,0.032916613,0.0012632953,0.0007386747,0.9638451,0.0008264691
ISIC_0032440,HAM_0005570,nv,4,2.2055436e-05,3.9350607e-06,6.934312e-05,5.582769e-05,0.000106473904,0.99972826,1.4087909e-05
ISIC_0029946,HAM_0001374,nv,4,1.2318263e-05,5.5522764e-06,5.7574234e-05,2.0995036e-05,0.001530498,0.9983082,6.485901e-05
ISIC_0029965,HAM_0001360,nv,4,1.1122894e-05,7.323122e-06,4.3098913e-05,5.7911024e-05,8.704094e-05,0.99974495,4.8599577e-05
ISIC_0028402,HAM_0006957,nv,4,1.1884438e-05,8.5935435e-06,2.5431078e-05,0.00016498343,0.0001904984,0.99956304,3.5515044e-05
ISIC_0028038,HAM_0005114,nv,4,1.6823682e-05,8.360923e-06,5.6802735e-05,7.072667e-05,0.00033873867,0.9994647,4.3893753e-05
ISIC_0025872,HAM_0004973,nv,4,2.3018802e-05,6.851018e-06,0.00018900624,5.6473542e-05,5.658395e-05,0.99951184,0.00015627622
ISIC_0028311,HAM_0000600,nv,4,1.2238932e-05,5.3155563e-06,5.442424e-05,7.656333e-05,8.507957e-05,0.99965847,0.00010787937
ISIC_0025727,HAM_0000130,nv,4,2.2937662e-05,1.1027126e-05,4.9131428e-05,4.3147138e-05,0.00087002537,0.9989108,9.291693e-05
ISIC_0029643,HAM_0005451,nv,4,1.08620025e-05,8.830745e-06,0.00030661802,0.00011197532,5.022539e-05,0.99944776,6.367712e-05
ISIC_0026485,HAM_0006414,nv,4,2.6037636e-05,3.008643e-05,0.0007023732,5.0336108e-05,0.00021811693,0.9987207,0.00025227986
ISIC_0031952,HAM_0000480,nv,4,0.0003472593,1.5057681e-05,0.003157675,0.00021635643,0.0002004882,0.99599504,6.814609e-05
ISIC_0025284,HAM_0003471,nv,4,0.0018273828,7.289955e-05,0.010394618,8.228396e-05,0.015302355,0.9720177,0.00030275097
ISIC_0029250,HAM_0003720,nv,4,1.2300615e-05,5.5497385e-06,3.2360367e-05,1.8884853e-05,9.7725155e-05,0.99980277,3.039975e-05
ISIC_0029064,HAM_0000134,nv,4,1.3093733e-05,3.131367e-06,4.6945584e-05,2.6167458e-05,0.00010319154,0.9997873,2.0220645e-05
ISIC_0027322,HAM_0001044,nv,4,3.1857082e-05,1.6985388e-05,0.00038442097,0.000118826676,0.00012368092,0.999265,5.9111397e-05
ISIC_0028379,HAM_0003333,nv,4,6.577922e-06,4.7843946e-06,1.7637845e-05,4.7201327e-05,5.365613e-05,0.99984884,2.1275302e-05
ISIC_0026971,HAM_0003407,nv,4,6.282386e-05,6.5125646e-06,0.00014001179,2.9387498e-05,9.348453e-05,0.99962914,3.8478538e-05
ISIC_0029185,HAM_0000890,nv,4,1.408805e-05,4.974432e-06,0.00010245224,3.2437376e-05,6.568547e-05,0.9997383,4.2018095e-05
ISIC_0030958,HAM_0005999,nv,4,6.4492786e-05,3.2145243e-05,0.00024149915,0.00010789967,0.0009394217,0.998505,0.00010959885
ISIC_0024703,HAM_0001295,nv,4,1.5501684e-05,3.7766576e-06,0.00010611599,5.135194e-05,7.7371216e-05,0.99965703,8.883657e-05
ISIC_0028835,HAM_0000820,nv,4,1.2096158e-05,1.378729e-05,3.650247e-05,0.00019921835,5.6619017e-05,0.99964297,3.870519e-05
ISIC_0030632,HAM_0002811,nv,4,1.1723794e-05,5.999634e-06,7.7425466e-05,4.5338635e-05,9.282465e-05,0.99962556,0.00014114816
ISIC_0027196,HAM_0007304,nv,4,1.2163914e-05,4.2782835e-06,5.9291036e-05,1.7942024e-05,0.00049353746,0.9993697,4.3124823e-05
ISIC_0030412,HAM_0002123,nv,4,1.2824413e-05,5.430198e-06,6.232766e-05,4.37247e-05,0.00030813867,0.9995121,5.540831e-05
ISIC_0025288,HAM_0007595,nv,4,9.132664e-06,3.4528541e-06,3.381618e-05,2.413196e-05,3.6653386e-05,0.99986243,3.0461e-05
ISIC_0030048,HAM_0003621,nv,4,4.6146924e-05,6.4372643e-06,3.7885355e-05,2.65777e-05,0.00011843877,0.9997181,4.6418107e-05
ISIC_0029936,HAM_0000575,nv,4,2.1424938e-05,6.296199e-06,0.00017359389,4.9138045e-05,0.0026309555,0.99709606,2.254102e-05
ISIC_0029797,HAM_0003404,nv,4,2.6811163e-05,9.166689e-06,0.00013602748,4.433383e-05,2.6343992e-05,0.99967504,8.230242e-05
ISIC_0031626,HAM_0007292,nv,4,9.513951e-06,7.7046325e-06,1.8902285e-05,3.924215e-05,0.00014382246,0.99974877,3.2091128e-05
ISIC_0027624,HAM_0006256,nv,4,1.7768947e-05,5.940238e-06,3.824657e-05,4.0872612e-05,0.00039776077,0.9994419,5.7471e-05
ISIC_0025643,HAM_0000156,nv,4,1.7476237e-05,5.8480923e-06,1.9363331e-05,2.9554401e-05,0.00046457152,0.9994332,3.0019815e-05
ISIC_0030405,HAM_0006555,nv,4,2.8418903e-05,6.2733616e-06,0.00026178238,0.00014108315,6.6529166e-05,0.99931765,0.0001782805
ISIC_0025440,HAM_0007403,nv,4,4.63045e-05,4.313303e-06,7.508626e-05,1.6534581e-05,0.00012579956,0.99970907,2.2911201e-05
ISIC_0029873,HAM_0005824,nv,4,2.324972e-05,3.5204816e-06,6.861894e-05,2.3272438e-05,0.000118859956,0.9997279,3.456278e-05
ISIC_0030389,HAM_0005645,nv,4,1.6528125e-05,4.6893683e-06,2.917823e-05,3.6065507e-05,0.00055976916,0.99931884,3.4990044e-05
ISIC_0029743,HAM_0005367,nv,4,7.29836e-05,9.179682e-06,0.00016568012,5.4449087e-05,0.0005145845,0.9991386,4.4483466e-05
ISIC_0025609,HAM_0005906,nv,4,3.3658205e-05,1.8515359e-05,7.452829e-05,7.1115384e-05,0.00018251066,0.9995745,4.5247856e-05
ISIC_0028024,HAM_0002360,nv,4,1.855369e-05,5.9417093e-06,6.584281e-05,3.435954e-05,0.00015825748,0.99968946,2.7662642e-05
ISIC_0029037,HAM_0004311,nv,4,9.0244785e-06,3.596708e-06,2.318024e-05,2.0717845e-05,0.00021874989,0.99966466,6.0066275e-05
ISIC_0032383,HAM_0005333,nv,4,6.588344e-06,6.5498534e-06,3.6141813e-05,6.589328e-05,0.00038365938,0.9994791,2.2071483e-05
ISIC_0032289,HAM_0001782,nv,4,1.2726024e-05,5.883575e-06,2.8372115e-05,4.7723614e-05,0.00024545696,0.9996228,3.7112783e-05
ISIC_0027177,HAM_0005680,nv,4,2.014098e-05,4.9841965e-06,2.412915e-05,5.456205e-05,0.00012717066,0.999746,2.2912047e-05
ISIC_0026799,HAM_0005369,nv,4,3.557017e-05,1.6884402e-05,0.00011957093,4.9095775e-05,0.0004583622,0.99916124,0.00015925884
ISIC_0031387,HAM_0004562,nv,4,2.489161e-05,7.401185e-06,7.964798e-05,0.00010966617,0.0010522347,0.9986305,9.5745985e-05
ISIC_0028267,HAM_0006195,nv,4,1.6367532e-05,5.579659e-06,2.8252956e-05,1.8117205e-05,0.00057697535,0.9993205,3.4146196e-05
ISIC_0028743,HAM_0001075,nv,4,1.3276434e-05,5.7774323e-06,3.132414e-05,3.1693377e-05,0.0008846653,0.9989962,3.7017147e-05
ISIC_0030780,HAM_0007501,nv,4,5.1961975e-05,5.119872e-06,2.4737612e-05,3.8539518e-05,0.00059177674,0.99925977,2.797669e-05
ISIC_0025523,HAM_0002725,nv,4,5.6943987e-05,2.6378171e-05,0.00013821173,0.00020697447,0.0013529421,0.9980438,0.00017471601
ISIC_0030162,HAM_0006468,nv,4,7.392944e-05,2.9321072e-05,8.753655e-05,0.00011163342,0.0031039035,0.9963961,0.00019755584
ISIC_0028738,HAM_0004576,nv,4,1.705789e-05,3.8585235e-06,0.000120631914,2.1146123e-05,0.00017662258,0.99961793,4.284167e-05
ISIC_0024478,HAM_0002682,nv,4,2.4806424e-05,1.5282794e-05,0.00018041025,4.3029413e-05,0.0005842227,0.999108,4.422223e-05
ISIC_0024888,HAM_0006199,nv,4,0.00011722947,5.5159395e-05,0.00024890294,0.00037842136,0.001291169,0.9877608,0.010148396
ISIC_0030969,HAM_0003413,nv,4,1.6431175e-05,6.26098e-06,0.00015017885,6.441789e-05,0.00043043893,0.9992951,3.7028225e-05
ISIC_0025138,HAM_0002174,nv,4,4.6399284e-05,6.6648963e-06,0.0001083567,6.268143e-05,0.00041557653,0.99931276,4.7546022e-05
ISIC_0027464,HAM_0005380,nv,4,9.9457275e-06,4.073754e-06,2.5175066e-05,4.244949e-05,0.0006844314,0.99921095,2.3011873e-05
ISIC_0025478,HAM_0005499,nv,4,1.7654647e-05,2.7960996e-06,5.3930606e-05,4.5104734e-05,3.901584e-05,0.99982435,1.7330089e-05
ISIC_0029065,HAM_0004067,nv,4,1.390872e-05,4.372301e-06,3.294438e-05,1.9367004e-05,0.0002742284,0.9996227,3.230718e-05
ISIC_0026962,HAM_0007334,nv,4,1.557991e-05,3.6325234e-06,3.6544156e-05,2.6972299e-05,9.451104e-05,0.99980766,1.5263653e-05
ISIC_0025706,HAM_0003138,nv,4,1.5927748e-05,6.20794e-05,6.7320776e-05,0.00010270206,7.8169774e-05,0.9994273,0.00024652737
ISIC_0028726,HAM_0005900,nv,4,7.3235096e-06,4.9263845e-06,2.1651485e-05,3.164147e-05,0.000117504926,0.9997979,1.9163428e-05
ISIC_0027968,HAM_0000223,nv,4,2.0919253e-05,6.0581965e-06,2.213833e-05,5.3288924e-05,0.000286674,0.9995735,3.7402016e-05
ISIC_0029400,HAM_0000369,nv,4,1.1179884e-05,2.1420692e-06,6.843495e-05,8.555189e-06,0.00090035395,0.9989967,1.2619078e-05
ISIC_0028300,HAM_0004092,nv,4,1.7946315e-05,7.014165e-06,0.00017308853,5.336892e-05,6.0533996e-05,0.9996087,7.933765e-05
ISIC_0030571,HAM_0003190,nv,4,3.3202763e-05,8.477358e-06,0.00012153966,0.00010182327,4.1767784e-05,0.9996227,7.056537e-05
ISIC_0025901,HAM_0005562,nv,4,1.9029547e-05,6.2752783e-06,1.4533577e-05,4.3857857e-05,0.00026436758,0.99962294,2.8988268e-05
ISIC_0025862,HAM_0003515,nv,4,1.5024006e-05,9.54984e-06,5.6341232e-05,9.572275e-05,5.0233422e-05,0.9996076,0.00016555567
ISIC_0024419,HAM_0001792,nv,4,2.3985589e-05,6.2509075e-06,3.0231924e-05,3.8142167e-05,0.00023767643,0.99963796,2.5858737e-05
ISIC_0028919,HAM_0000964,nv,4,9.911811e-06,5.5926967e-06,5.1883486e-05,5.1004343e-05,0.00015737314,0.999701,2.3249095e-05
ISIC_0025569,HAM_0003009,nv,4,1.0675025e-05,8.510871e-06,4.883341e-05,6.0330665e-05,5.7624173e-05,0.99966204,0.0001520977
ISIC_0031420,HAM_0001197,nv,4,0.00012596711,3.065927e-05,0.0023308531,0.00072719506,0.0003348089,0.9961039,0.00034661958
ISIC_0030656,HAM_0003825,nv,4,2.8177217e-05,1.3493196e-05,7.879378e-05,4.71419e-05,0.00018777461,0.9995658,7.879378e-05
ISIC_0028526,HAM_0004028,nv,4,2.5230787e-05,2.1581034e-05,0.00025222232,0.00062197435,0.00017016291,0.99849296,0.00041589508
ISIC_0032142,HAM_0000740,nv,4,2.073615e-05,9.949314e-06,0.00017664129,0.00012962456,4.2797852e-05,0.99957126,4.897224e-05
ISIC_0028099,HAM_0003706,nv,4,1.1979636e-05,6.227104e-06,4.224399e-05,3.9394963e-05,0.00013104519,0.999729,4.0113155e-05
ISIC_0026982,HAM_0005358,nv,4,2.5501611e-05,1.7288987e-05,0.00012626097,9.8092365e-05,0.00023843415,0.9994031,9.138751e-05
ISIC_0029077,HAM_0002945,nv,4,8.390249e-06,9.054321e-06,8.55701e-05,3.470876e-05,0.0007671599,0.9990601,3.5083616e-05
ISIC_0025418,HAM_0006571,nv,4,1.5917121e-05,6.6158327e-06,8.907166e-05,2.5090105e-05,7.63453e-05,0.99973637,5.0436523e-05
ISIC_0026199,HAM_0001880,nv,4,0.00012152007,3.5676545e-05,0.0003785355,0.0010098036,0.0010294687,0.99726796,0.00015710517
ISIC_0028654,HAM_0002179,nv,4,0.000115244584,0.000115469884,0.0017652728,0.002892027,7.951637e-05,0.9940638,0.0009687077
ISIC_0025380,HAM_0002967,nv,4,4.293155e-05,1.5277848e-05,4.1610685e-05,3.184177e-05,0.004904401,0.9948908,7.317181e-05
ISIC_0027158,HAM_0003953,nv,4,8.363987e-06,3.353058e-06,3.8769223e-05,1.0887411e-05,8.770974e-05,0.99983096,1.9946941e-05
ISIC_0025025,HAM_0004781,nv,4,2.443345e-05,4.3892405e-06,3.1220352e-05,3.0289368e-05,0.00029476767,0.9995832,3.168105e-05
ISIC_0029481,HAM_0004421,nv,4,1.5050386e-05,9.928287e-06,0.00014675249,0.00016094014,0.00016385417,0.99940884,9.4704264e-05
ISIC_0029356,HAM_0004876,nv,4,3.4372242e-05,5.4544353e-06,0.0001021666,2.9057619e-05,0.0016871636,0.9981078,3.3938635e-05
ISIC_0031673,HAM_0002854,nv,4,1.2003827e-05,8.3473515e-06,2.4414725e-05,4.0057002e-05,8.256371e-05,0.9997931,3.9551684e-05
ISIC_0031448,HAM_0004486,nv,4,1.4250672e-05,8.4762905e-06,3.4859837e-05,5.713838e-05,0.0003508706,0.9994968,3.7582202e-05
ISIC_0027054,HAM_0005414,nv,4,1.666544e-05,4.230175e-06,5.2653235e-05,5.181162e-05,7.30661e-05,0.99977964,2.2013532e-05
ISIC_0028716,HAM_0000864,nv,4,1.7771392e-05,6.601887e-06,0.00012777183,5.872716e-05,9.863805e-05,0.99957937,0.00011117282
ISIC_0027547,HAM_0000558,nv,4,1.4005971e-05,6.667842e-06,5.5747438e-05,3.9860355e-05,9.948372e-05,0.9997545,2.9795774e-05
ISIC_0024797,HAM_0000828,nv,4,8.20147e-06,4.398513e-06,5.105618e-05,4.8741946e-05,7.589957e-05,0.9997403,7.140557e-05
ISIC_0029804,HAM_0005851,nv,4,1.5793294e-05,7.394943e-06,2.3801336e-05,3.1841082e-05,0.00015772531,0.999739,2.4461133e-05
ISIC_0027493,HAM_0003478,nv,4,1.31315455e-05,6.6938505e-06,1.4394041e-05,5.1306135e-05,0.00014509102,0.99974126,2.8154656e-05
ISIC_0031731,HAM_0005355,nv,4,3.517482e-05,3.253139e-05,5.4853528e-05,0.00018430289,0.000860571,0.998727,0.00010552663
ISIC_0029694,HAM_0006590,nv,4,0.0001403692,0.00011323127,0.002244524,0.002642114,0.00016062005,0.99401784,0.00068120676
ISIC_0026772,HAM_0002273,nv,4,7.029285e-06,4.0287027e-06,5.8898604e-05,3.8391605e-05,5.4246695e-05,0.99980885,2.8530221e-05
ISIC_0028068,HAM_0002331,nv,4,1.538195e-05,7.5112184e-06,9.312809e-05,2.5609417e-05,0.000101225414,0.99971527,4.1812465e-05
ISIC_0030054,HAM_0001377,nv,4,1.8808676e-05,7.4962018e-06,6.0301525e-05,3.579732e-05,0.00016682335,0.99966717,4.3688804e-05
ISIC_0025308,HAM_0001821,nv,4,7.72012e-06,1.0552154e-05,4.066839e-05,4.442623e-05,3.8995993e-05,0.99980384,5.3771735e-05
ISIC_0026619,HAM_0000730,nv,4,7.436422e-06,6.7709393e-06,5.9791437e-05,0.0002963225,3.2971635e-05,0.99947315,0.00012354067
ISIC_0028440,HAM_0001461,nv,4,9.970665e-06,4.296713e-06,4.1590425e-05,8.065844e-05,4.0369916e-05,0.99976176,6.1331746e-05
ISIC_0024983,HAM_0006584,nv,4,1.0187423e-05,3.8818434e-06,5.0537543e-05,2.4678182e-05,7.83123e-05,0.99978405,4.8341135e-05
ISIC_0026935,HAM_0003909,nv,4,6.5389527e-06,7.826102e-06,6.018984e-05,2.702392e-05,0.000104916806,0.9997665,2.6918564e-05
ISIC_0028950,HAM_0007187,nv,4,7.871221e-06,5.2433634e-06,2.4990273e-05,4.6916502e-05,0.00021662215,0.99965584,4.2530646e-05
ISIC_0030205,HAM_0007322,nv,4,2.0294707e-05,6.386012e-06,0.00019697269,0.00015314054,0.0018738504,0.9975867,0.00016261975
ISIC_0030449,HAM_0007071,nv,4,2.158071e-05,7.2145276e-06,5.803566e-05,2.3563303e-05,0.0013775335,0.998478,3.4050838e-05
ISIC_0029395,HAM_0006958,nv,4,5.063098e-05,1.8644296e-05,6.6944274e-05,5.9251444e-05,0.00687534,0.9928677,6.143152e-05
ISIC_0026061,HAM_0001973,nv,4,6.3131633e-06,4.116085e-06,3.7282196e-05,2.9134813e-05,0.0001266795,0.9997826,1.387025e-05
ISIC_0026840,HAM_0007253,nv,4,3.8582297e-05,4.617007e-06,0.00017448557,3.3586413e-05,0.00032637513,0.9993925,2.9814086e-05
ISIC_0030146,HAM_0006895,nv,4,2.7904074e-05,7.986848e-06,4.3430224e-05,3.8665377e-05,0.0012398157,0.99861467,2.7498305e-05
ISIC_0031906,HAM_0004893,nv,4,0.00014874751,2.8948882e-05,0.0027739613,0.00037835923,0.00037835923,0.99534434,0.00094725535
ISIC_0027632,HAM_0005548,nv,4,2.2906193e-05,1.0046141e-05,0.00012358809,5.0720453e-05,0.00021482218,0.9994906,8.729542e-05
ISIC_0031254,HAM_0006906,nv,4,5.457905e-05,4.4582985e-06,0.00014129968,4.705008e-05,0.00014886918,0.99956924,3.459106e-05
ISIC_0024484,HAM_0000278,nv,4,7.152418e-05,1.03848515e-05,0.000100521094,3.9499406e-05,0.00028782987,0.99944705,4.3128162e-05
ISIC_0025134,HAM_0000357,nv,4,0.00011857919,0.000112488015,0.010096226,0.0004914971,0.009112277,0.9798084,0.00026052282
ISIC_0028004,HAM_0004745,nv,4,2.4456478e-05,1.0244879e-05,0.00017830473,6.899296e-05,0.00010628598,0.99954873,6.300312e-05
ISIC_0028417,HAM_0000061,nv,4,0.0001256524,7.7261146e-05,0.0004180779,0.0001616563,0.26560602,0.7333617,0.00024964573
ISIC_0030646,HAM_0007074,nv,4,5.451994e-06,3.3984693e-06,0.00011868302,0.00013925933,6.242524e-05,0.99961156,5.9131893e-05
ISIC_0028755,HAM_0000288,nv,4,0.0006087732,9.669891e-05,0.75796986,0.00050765654,0.089822106,0.15071781,0.00027708834
ISIC_0027062,HAM_0000288,nv,4,0.00044110866,0.00023935866,0.65604115,0.00070145616,0.23300673,0.10942156,0.00014862118
ISIC_0032363,HAM_0007003,nv,4,1.9839395e-05,0.00020733781,0.0013922082,0.00012723912,0.0036895347,0.99444026,0.00012356549
ISIC_0025638,HAM_0007003,nv,4,0.0003581285,0.002034889,0.08814613,0.0021852504,0.0043358216,0.90249926,0.00044050562
ISIC_0027264,HAM_0005360,nv,4,0.00010340123,5.766397e-05,0.006890064,0.00017883586,0.0188392,0.97384506,8.572263e-05
ISIC_0028413,HAM_0005360,nv,4,9.672643e-05,0.00036826424,0.009534832,0.00018680956,0.18580137,0.8039378,7.4162715e-05
ISIC_0027198,HAM_0000960,nv,4,3.9385763e-05,4.3852266e-05,0.00012977306,0.0001486403,0.022276666,0.9772962,6.550939e-05
ISIC_0025779,HAM_0000960,nv,4,7.4975433e-06,1.3365815e-05,6.210542e-05,7.748038e-05,0.005796247,0.9940048,3.844932e-05
ISIC_0027839,HAM_0003230,nv,4,0.00010540157,5.238178e-05,0.0006136939,0.00032119078,0.96590847,0.03279436,0.00020456043
ISIC_0027640,HAM_0003230,nv,4,0.0038857735,0.0008420005,0.009438276,0.03811185,0.9002159,0.04556939,0.0019367923
ISIC_0027406,HAM_0004524,nv,4,5.7508176e-05,6.977574e-05,0.006979658,4.721263e-05,0.9450171,0.047790553,3.8159353e-05
ISIC_0030273,HAM_0004524,nv,4,0.00013179633,7.509529e-05,0.0023590717,2.7464617e-05,0.9838479,0.013522594,3.6031113e-05
ISIC_0030858,HAM_0001813,nv,4,0.000182092,0.00011022889,0.00064841553,0.0002722868,0.48372787,0.5149256,0.00013348182
ISIC_0030609,HAM_0001813,nv,4,0.00023165262,0.000112019894,0.008078786,0.00025442065,0.33588892,0.6550747,0.00035949206
ISIC_0025847,HAM_0005609,nv,4,0.00019296483,0.000112665366,0.00063798117,0.00019754087,0.8312385,0.16756214,5.822215e-05
ISIC_0025958,HAM_0005609,nv,4,0.000108143955,0.00012254316,0.0014210436,0.008078325,0.53462595,0.45550698,0.00013697403
ISIC_0031646,HAM_0003684,nv,4,0.00033768872,0.00052918773,0.85766447,0.00023391013,0.067969345,0.07306302,0.00020243236
ISIC_0031385,HAM_0003684,nv,4,0.000122020036,0.0020387725,0.018358666,0.0002284091,0.033635113,0.9453054,0.00031158907
ISIC_0028371,HAM_0007464,nv,4,3.2619093e-05,0.00032528525,0.004610399,0.00047980237,0.12607893,0.8683507,0.00012238398
ISIC_0030063,HAM_0007464,nv,4,2.8722987e-05,0.0020941065,0.0005763535,0.00064296875,0.0758569,0.92052335,0.00027761975
ISIC_0025335,HAM_0007356,nv,4,0.0005192482,0.029350063,0.011823806,0.0031807807,0.63399976,0.31817308,0.002953255
ISIC_0025869,HAM_0007356,nv,4,0.00030943632,0.0018372079,0.029506607,0.0018087247,0.25514725,0.7100094,0.0013813906
ISIC_0027209,HAM_0001849,nv,4,4.7285408e-05,2.9648303e-05,8.202164e-05,0.00028712358,0.21789066,0.78159535,6.786565e-05
ISIC_0028966,HAM_0001849,nv,4,1.957931e-05,6.533656e-05,0.00015881425,9.0888156e-05,0.03345086,0.9661884,2.619292e-05
ISIC_0032443,HAM_0005484,nv,4,0.00014120898,2.382997e-05,0.0021895512,6.631271e-05,0.0014685603,0.9960663,4.434668e-05
ISIC_0029543,HAM_0007419,nv,4,0.00023612511,2.5131636e-05,0.0033828414,0.00010726468,0.007367189,0.9887587,0.00012273958
ISIC_0031720,HAM_0003222,nv,4,7.234073e-05,0.0040710676,0.15746115,0.00094733504,0.032557473,0.80435294,0.0005376708
ISIC_0026382,HAM_0003222,nv,4,4.8277372e-05,0.004535486,0.003169954,0.00024469435,0.049541045,0.94210243,0.00035812042
ISIC_0031094,HAM_0005056,nv,4,6.243404e-05,6.134615e-05,0.0011843703,0.001018144,0.9847334,0.012689927,0.00025033063
ISIC_0032345,HAM_0005056,nv,4,0.00016567436,0.00011408882,0.029659096,0.0012277688,0.88041544,0.0882005,0.00021734991
ISIC_0025458,HAM_0001604,nv,4,8.490102e-05,0.0001351425,0.002780816,0.00017083614,0.7153653,0.28123754,0.00022543878
ISIC_0024664,HAM_0001604,nv,4,4.019798e-05,0.00020776234,0.010409325,0.0002611018,0.21953906,0.7692657,0.00027685784
ISIC_0025008,HAM_0002349,nv,4,0.00030475736,0.0003295213,0.025223508,0.005208978,0.95392865,0.014612509,0.00039208125
ISIC_0025735,HAM_0002349,nv,4,0.0009852264,0.00030580556,0.9856676,0.0010095758,0.0021922332,0.009653713,0.00018584306
ISIC_0029402,HAM_0007579,nv,4,3.3272838e-05,6.6041815e-05,0.0014834186,0.0002851966,0.017610062,0.9804402,8.186994e-05
ISIC_0027571,HAM_0007579,nv,4,2.4524408e-05,7.328789e-05,0.00020594282,0.00019205356,0.0038518526,0.99549663,0.00015575773
ISIC_0025094,HAM_0002067,nv,4,0.0007333351,0.003166852,0.2045284,0.0028111609,0.36963046,0.4147758,0.0043540113
ISIC_0026421,HAM_0002067,nv,4,0.0004361562,0.00091615727,0.073925495,0.0014668773,0.0042094626,0.91656756,0.002478243
ISIC_0028534,HAM_0003653,nv,4,0.00013385873,0.009411755,0.0004384775,0.0003100175,0.8267855,0.16280371,0.00011675366
ISIC_0030139,HAM_0003653,nv,4,0.00023505099,0.029061958,0.00096102996,0.0008284596,0.38998556,0.5786171,0.00031078438
ISIC_0030406,HAM_0007548,nv,4,3.838412e-05,5.5957753e-05,0.0014124946,7.269814e-05,0.0059934654,0.99231917,0.00010775611
ISIC_0026633,HAM_0007548,nv,4,7.5301854e-05,0.00016335388,0.0070210006,0.00011869805,0.003911593,0.9884829,0.00022723778
ISIC_0027421,HAM_0001968,nv,4,0.003251018,0.0028052907,0.9614295,0.0032288698,0.0019641547,0.026062854,0.0012582847
ISIC_0028222,HAM_0001968,nv,4,0.0035621915,0.01311533,0.95637435,0.0040562493,0.003385815,0.017831592,0.001674464
ISIC_0030979,HAM_0003175,nv,4,0.0002180138,6.2706466e-05,0.002005307,9.159446e-05,0.22415774,0.7732722,0.0001923965
ISIC_0028145,HAM_0003175,nv,4,2.8601138e-05,1.0098943e-05,0.00031256233,5.0689163e-05,0.00065863214,0.998874,6.5340915e-05
ISIC_0028961,HAM_0005561,nv,4,0.00021947747,0.0013210359,0.2011009,0.0009865157,0.0013563313,0.7938176,0.0011981275
ISIC_0031080,HAM_0005561,nv,4,0.00014662299,0.00040012255,0.24137683,0.00029102567,0.01061572,0.7464029,0.0007667504
ISIC_0025789,HAM_0007249,nv,4,1.894464e-05,0.00014655775,0.0020291032,7.191648e-05,0.029355178,0.9683201,5.823974e-05
ISIC_0028509,HAM_0007249,nv,4,2.4683613e-05,0.008643285,0.0007792158,0.0011343061,0.030793099,0.95794517,0.0006803081
ISIC_0030859,HAM_0006822,nv,4,0.00010334814,0.00017341394,0.0040149144,0.00015636074,0.13967697,0.85562515,0.00024986375
ISIC_0030350,HAM_0006822,nv,4,2.1477874e-05,0.0002755533,0.0005414865,0.00035781335,0.008801243,0.9898459,0.00015669919
ISIC_0028195,HAM_0006221,nv,4,0.00013431591,0.00017012315,0.016096022,9.431865e-05,0.25700098,0.7264302,7.403155e-05
ISIC_0025300,HAM_0006221,nv,4,9.8607095e-05,0.00015757368,0.08405193,0.00013012388,0.04979912,0.8656373,0.00012538357
ISIC_0029354,HAM_0000269,nv,4,0.00027940198,0.0005903399,0.04782146,0.0007580114,0.72645575,0.22373071,0.00036440892
ISIC_0031748,HAM_0000269,nv,4,0.00025027638,0.00026382873,0.0045614596,0.00015239442,0.16040489,0.833921,0.00044616588
ISIC_0029728,HAM_0006155,nv,4,0.00022965153,0.6356125,0.00053604564,0.0016673402,0.09337468,0.26808602,0.0004938284
ISIC_0033859,HAM_0001192,nv,4,0.0004810666,0.0008830905,0.61918664,0.0011918147,0.015946304,0.36116838,0.0011428039
ISIC_0031546,HAM_0001192,nv,4,0.00019155162,0.00030194217,0.010417592,0.00023885591,0.024796024,0.9637574,0.00029668096
ISIC_0033423,HAM_0006516,nv,4,4.6203666e-05,0.00018025766,0.000121492936,0.00015524015,0.162287,0.8371401,6.976752e-05
ISIC_0033846,HAM_0006516,nv,4,7.3492425e-05,9.092845e-05,8.040095e-05,0.00018785283,0.17432325,0.8251778,6.626532e-05
ISIC_0033315,HAM_0006516,nv,4,6.802284e-05,6.242127e-05,0.0001362075,0.00018418438,0.83719504,0.16229765,5.6392917e-05
ISIC_0033686,HAM_0002494,nv,4,6.04303e-05,2.020212e-05,0.0035954635,0.00019794992,0.022197628,0.9738287,9.963272e-05
ISIC_0033555,HAM_0003143,nv,4,0.004543329,0.00014017611,0.007219566,0.0003635892,0.33971706,0.6471929,0.00082337146
ISIC_0033963,HAM_0003143,nv,4,0.0002815006,6.7650406e-05,0.0014854376,5.425256e-05,0.764047,0.2339332,0.00013090993
ISIC_0033793,HAM_0003143,nv,4,0.0005533719,0.00017930301,0.0035996393,8.536104e-05,0.85579,0.13970388,8.8415385e-05
ISIC_0032555,HAM_0002616,nv,4,0.0012596437,0.00029657353,0.42918313,0.0016752882,0.29612744,0.27121162,0.00024634876
ISIC_0034254,HAM_0002616,nv,4,0.0027069594,0.0009803956,0.48554847,0.00076952134,0.27290046,0.23663741,0.00045681774
ISIC_0033767,HAM_0005300,nv,4,7.761509e-05,5.939344e-05,0.00011858027,0.0001069193,0.2642298,0.73528385,0.00012378657
ISIC_0033755,HAM_0005300,nv,4,0.00010257568,9.523829e-05,0.00019522554,0.00014522106,0.57799447,0.42122117,0.00024606625
ISIC_0033625,HAM_0005300,nv,4,0.00018597643,0.00014914469,0.0002963201,0.000293154,0.6380966,0.3607471,0.00023167754
ISIC_0032362,HAM_0007127,nv,4,8.5159234e-05,0.00013087077,0.048544005,0.0002493211,0.015008888,0.93584985,0.0001318972
ISIC_0025239,HAM_0003462,nv,4,0.00028098322,0.00030027571,0.09771959,0.00025088975,0.80080515,0.10042848,0.00021459738
ISIC_0031694,HAM_0000523,nv,4,7.26571e-05,6.337265e-05,0.0010093873,9.311152e-05,0.024205735,0.9744781,7.749429e-05
ISIC_0025978,HAM_0000523,nv,4,5.4988413e-05,0.00015573222,0.0011387666,0.0001619359,0.09655089,0.90184736,9.030711e-05
ISIC_0025261,HAM_0002796,nv,4,0.0008471151,0.00064445124,0.13073127,0.003647501,0.00551984,0.85081154,0.00779825
ISIC_0027654,HAM_0002796,nv,4,0.0021523207,0.001618323,0.39214227,0.008782811,0.007992938,0.5256279,0.061683435
ISIC_0025786,HAM_0004260,nv,4,0.00021808497,0.00053452,0.21023443,0.0014888856,0.031647794,0.755606,0.000270353
ISIC_0025525,HAM_0004260,nv,4,0.00016680278,0.000139097,0.07991247,0.0022399845,0.0064076614,0.9109842,0.00014981336
ISIC_0025871,HAM_0003904,nv,4,1.7165024e-05,7.003355e-06,0.0003451898,3.738218e-05,0.0014801592,0.99806815,4.49596e-05
ISIC_0031988,HAM_0003904,nv,4,3.9176815e-05,2.3577022e-05,0.00035537133,7.011358e-05,0.060943015,0.93852943,3.9253406e-05
ISIC_0028500,HAM_0006326,nv,4,3.1926127e-05,2.8899238e-05,0.00026849148,4.2295247e-05,0.02516845,0.9744188,4.1074098e-05
ISIC_0030085,HAM_0000012,nv,4,0.0003257149,0.00020382719,0.0117254695,0.00053491956,0.4184136,0.56745297,0.0013434747
ISIC_0029348,HAM_0000012,nv,4,0.00011994955,7.232804e-05,0.013139264,0.00030451242,0.14645787,0.8395211,0.00038493978
ISIC_0030899,HAM_0004222,nv,4,0.00013837927,2.6230226e-05,0.0024183437,9.5946176e-05,0.02967803,0.96756446,7.861547e-05
ISIC_0031757,HAM_0004222,nv,4,0.00020627811,5.7449422e-05,0.00838587,0.00019302487,0.0035335047,0.98742723,0.0001966398
ISIC_0032679,HAM_0005942,nv,4,0.0010821066,0.0003274556,0.021397727,0.00052634766,0.052342884,0.92418265,0.0001408369
ISIC_0032529,HAM_0005942,nv,4,0.000104314015,0.00033410933,0.006720602,0.0034518766,0.014472751,0.97479635,0.0001200647
ISIC_0033119,HAM_0005942,nv,4,7.873372e-05,8.251223e-05,0.002524618,0.00045797462,0.0028719634,0.9939388,4.547867e-05
ISIC_0033172,HAM_0001692,nv,4,5.602386e-05,1.9248213e-05,0.00012405183,4.7454054e-05,0.07002706,0.92966026,6.5883425e-05
ISIC_0033326,HAM_0001692,nv,4,5.7151454e-05,1.6599568e-05,0.00012980292,4.5122302e-05,0.08942661,0.91026044,6.425711e-05
ISIC_0032743,HAM_0001692,nv,4,0.00015398486,2.4221605e-05,0.0003251911,5.3633124e-05,0.05011174,0.9492399,9.132216e-05
ISIC_0033633,HAM_0005265,nv,4,5.0571067e-05,0.00014266353,0.018942451,6.8718626e-05,0.9640017,0.016716655,7.7262426e-05
ISIC_0034199,HAM_0005265,nv,4,0.00011855534,0.0008326377,0.04644774,0.00015553398,0.86619407,0.086100504,0.00015104344
ISIC_0032998,HAM_0005265,nv,4,9.0133995e-05,0.0006905099,0.025434852,0.0003368564,0.8068611,0.16650519,8.142928e-05
ISIC_0032902,HAM_0005248,nv,4,3.670778e-05,3.8170052e-05,0.0023090474,0.00010831244,0.104209706,0.8932289,6.9252164e-05
ISIC_0032948,HAM_0005248,nv,4,3.051316e-05,1.6428496e-05,0.0005304946,3.971901e-05,0.04221707,0.95711005,5.5794408e-05
ISIC_0034264,HAM_0005248,nv,4,3.3449607e-05,3.3384338e-05,0.00066220475,4.7448713e-05,0.11910663,0.8800856,3.1361687e-05
ISIC_0033242,HAM_0006883,nv,4,0.004584227,0.018779725,0.5319385,0.03008327,0.3139344,0.090031594,0.010648244
ISIC_0032619,HAM_0006883,nv,4,0.001950016,0.042577825,0.6650544,0.0036431095,0.08203085,0.20362398,0.0011197999
ISIC_0034105,HAM_0004550,nv,4,1.675657e-05,2.5953084e-05,8.7883935e-05,0.00046216833,0.001808822,0.9974239,0.00017452224
ISIC_0033138,HAM_0004550,nv,4,3.534033e-05,5.2331732e-05,0.0023025733,0.0010480362,0.0066692266,0.989801,9.148698e-05
ISIC_0032728,HAM_0004550,nv,4,1.5797787e-05,2.2717855e-05,0.00011380418,0.00021396807,0.0024523246,0.99709785,8.358678e-05
ISIC_0033069,HAM_0004503,nv,4,0.00026908197,0.0008017628,0.015396432,0.00015603716,0.69282424,0.2899425,0.00060994906
ISIC_0032735,HAM_0004503,nv,4,0.00011158548,0.00047393964,0.015137753,0.00017554859,0.56915057,0.41477606,0.000174523
ISIC_0033840,HAM_0004503,nv,4,5.3675485e-05,0.0006733419,0.0036152538,0.0001302786,0.7471132,0.24830408,0.00011013495
ISIC_0032749,HAM_0004145,nv,4,8.318446e-05,0.00038576956,0.9376562,0.00019799624,0.003433294,0.058098122,0.0001454241
ISIC_0034091,HAM_0004145,nv,4,0.00018033017,0.001635768,0.4743921,0.00040558737,0.027748091,0.49522042,0.0004176456
ISIC_0033738,HAM_0004145,nv,4,0.00030452458,0.0010556541,0.68388754,0.0005962302,0.0746604,0.23913115,0.00036446826
ISIC_0034288,HAM_0003606,nv,4,0.00013707441,6.1965555e-05,0.0020450156,4.8164657e-05,0.066899955,0.9307687,3.915759e-05
ISIC_0033420,HAM_0003606,nv,4,0.00017325116,5.8945738e-05,0.003954747,5.8945738e-05,0.48421738,0.51143545,0.000101254074
ISIC_0032661,HAM_0003606,nv,4,0.00026089067,0.00026293684,0.015192458,0.00011177021,0.095831946,0.8881659,0.00017413041
ISIC_0032704,HAM_0002890,nv,4,0.00012650456,9.0940026e-05,0.0068064765,0.00011860815,0.6657288,0.32699502,0.00013361544
ISIC_0033289,HAM_0002890,nv,4,0.0001816278,0.00010887939,0.058305044,0.00014172842,0.5969662,0.3441506,0.00014594203
ISIC_0034179,HAM_0001133,nv,4,9.952855e-05,8.219038e-05,0.0012027766,0.00044649185,0.016869407,0.9804403,0.00085937575
ISIC_0034206,HAM_0001133,nv,4,4.2702257e-05,0.000115398616,0.0004291768,0.00022265398,0.02286711,0.97613984,0.00018315017
ISIC_0032980,HAM_0001133,nv,4,5.2865595e-05,0.00034204428,0.0012029216,0.000637776,0.0599314,0.93748486,0.00034810993
ISIC_0028684,HAM_0006120,nv,4,0.00031912414,0.00012669113,0.006447447,0.00010900147,0.0016980079,0.9911248,0.00017486559
ISIC_0025372,HAM_0006120,nv,4,3.2365802e-05,5.2126048e-05,0.00021020304,9.39742e-05,5.1067946e-05,0.9994825,7.771738e-05
ISIC_0034190,HAM_0003325,nv,4,0.0006568781,0.0047691357,0.011325234,0.0007908002,0.18572637,0.40964463,0.387087
ISIC_0025587,HAM_0007510,nv,4,0.00021411409,0.00012760388,0.00018638922,0.00033816716,0.045253016,0.95255166,0.0013290141
ISIC_0033833,HAM_0000165,nv,4,0.00018909673,0.00042281978,0.0014939116,0.0001513511,0.06449158,0.9330041,0.0002471108
ISIC_0033163,HAM_0004221,nv,4,0.00010785844,2.2785676e-05,0.00015240215,5.2874915e-05,0.08721504,0.9123586,9.047182e-05
ISIC_0033887,HAM_0004221,nv,4,0.00011297916,5.8498452e-05,0.00017618583,9.513799e-05,0.5036048,0.4957972,0.00015518008
ISIC_0032646,HAM_0001076,nv,4,0.00029663547,5.2821488e-05,0.0053564603,0.0001595547,0.8218078,0.17226027,6.638251e-05
ISIC_0033627,HAM_0001076,nv,4,0.00030763444,2.8061007e-05,0.0012143437,0.0009139532,0.7813324,0.21612227,8.135596e-05
ISIC_0033803,HAM_0005331,nv,4,6.720585e-05,0.00038551746,4.6825702e-05,6.4128275e-05,0.0015355849,0.00017950126,0.99772114
ISIC_0032860,HAM_0005331,nv,4,5.1731764e-05,0.0033247776,4.8787708e-05,0.0001271651,0.0021975434,0.00038826847,0.9938617
ISIC_0034060,HAM_0001511,nv,4,1.9777905e-05,2.1892143e-05,7.291197e-05,5.9103604e-05,0.037038814,0.9627356,5.1904684e-05
ISIC_0033002,HAM_0001511,nv,4,2.600661e-05,1.9823465e-05,6.8317844e-05,8.477421e-05,0.04417219,0.9555759,5.3050342e-05
ISIC_0033683,HAM_0001511,nv,4,8.566117e-05,4.7677626e-05,0.00047614946,0.00012487994,0.47520113,0.523949,0.00011549506
ISIC_0033897,HAM_0000855,nv,4,6.151267e-05,0.000100628014,0.003034132,7.390918e-05,0.07809861,0.9185681,6.3094514e-05
ISIC_0033694,HAM_0000855,nv,4,6.64737e-05,9.843384e-05,0.0034834929,0.00031069093,0.19356506,0.8023048,0.00017107789
ISIC_0034013,HAM_0000855,nv,4,0.00030816105,9.74418e-05,0.00047080813,0.0003444506,0.04063798,0.95801115,0.00013010188
ISIC_0033150,HAM_0002367,nv,4,7.826779e-05,2.0100832e-05,0.00021673834,6.947698e-05,0.124153845,0.87536985,9.1683214e-05
ISIC_0033698,HAM_0002367,nv,4,7.254649e-05,2.4682702e-05,0.00022085555,6.618348e-05,0.10663813,0.8928702,0.00010742639
ISIC_0034240,HAM_0002367,nv,4,0.00014298358,1.4088332e-05,0.00022871036,7.7360164e-05,0.09976585,0.8996851,8.596503e-05
ISIC_0032969,HAM_0000676,nv,4,0.00013459395,0.00010668074,0.009500489,8.308304e-05,0.615381,0.3747083,8.5887965e-05
ISIC_0033894,HAM_0000676,nv,4,0.00011130038,2.943412e-05,0.0004271009,1.7337255e-05,0.9656841,0.033695623,3.509069e-05
ISIC_0032693,HAM_0006700,nv,4,0.00020073465,7.0522806e-06,0.0015058618,8.2300925e-05,0.07223833,0.92588687,7.8839446e-05
ISIC_0032734,HAM_0006700,nv,4,0.00026582825,1.2085787e-05,0.0014213525,7.374578e-05,0.114942394,0.88314867,0.00013590443
ISIC_0032659,HAM_0006700,nv,4,0.00019367451,9.014157e-06,0.013250161,7.244159e-05,0.005265405,0.9811224,8.704057e-05
ISIC_0032478,HAM_0003254,nv,4,0.00015473455,9.239623e-05,0.006605232,0.00018628132,0.28808418,0.7047083,0.00016894982
ISIC_0032765,HAM_0003254,nv,4,0.00041546783,0.00012353378,0.03617784,0.00019587018,0.7098185,0.2530936,0.00017523431
ISIC_0032794,HAM_0003133,nv,4,3.7806814e-05,2.5882915e-05,8.620327e-05,7.54821e-05,0.14218882,0.85750836,7.757454e-05
ISIC_0032801,HAM_0003133,nv,4,3.889333e-05,2.9588482e-05,9.4215844e-05,7.8797195e-05,0.16607548,0.833575,0.000108019
ISIC_0032650,HAM_0002908,nv,4,0.00015300486,3.9758095e-05,0.00032597393,6.003471e-05,0.072589755,0.9267639,6.76308e-05
ISIC_0034182,HAM_0002908,nv,4,0.00029554378,2.0709942e-05,0.0011828574,5.888202e-05,0.80059767,0.19773367,0.00011065254
ISIC_0026429,HAM_0006118,nv,4,0.0010672639,0.782704,0.12940538,0.0016757656,0.0035649603,0.041239444,0.040343188
ISIC_0033083,HAM_0003803,nv,4,9.1107875e-05,3.3713677e-05,0.001154981,6.4984815e-05,0.010717384,0.9876265,0.0003113906
ISIC_0033133,HAM_0003803,nv,4,5.231615e-05,3.5468085e-05,0.00014600958,0.00022614408,0.019405672,0.9798901,0.0002442814
ISIC_0033352,HAM_0003803,nv,4,5.2751628e-05,2.9706796e-05,0.00035188333,5.965879e-05,0.015120365,0.98419464,0.00019108225
ISIC_0033519,HAM_0001908,nv,4,0.00014183084,0.00027606895,0.0006694074,0.00025482386,0.1947057,0.80388635,6.582877e-05
ISIC_0032851,HAM_0001908,nv,4,9.3589464e-05,0.00023551375,0.0007075916,0.00013940109,0.13101387,0.86777127,3.8634756e-05
ISIC_0033742,HAM_0006628,nv,4,2.7412323e-05,3.3717733e-05,0.00017718664,0.00019233428,0.38379645,0.6157054,6.758164e-05
ISIC_0034127,HAM_0006628,nv,4,0.00012401411,0.00021553638,0.0053042024,0.00047585915,0.77956325,0.21395485,0.00036236827
ISIC_0033111,HAM_0006628,nv,4,3.572821e-05,4.0564515e-05,0.0002173708,0.00020782217,0.23217286,0.7672362,8.947053e-05
ISIC_0033221,HAM_0005887,nv,4,0.00017688736,4.4943037e-05,0.0009892514,0.00011840912,0.46036315,0.53821903,8.8338595e-05
ISIC_0033340,HAM_0005887,nv,4,0.00021084037,6.028891e-05,0.0006109812,0.00035725327,0.1708202,0.82777107,0.00016941498
ISIC_0033737,HAM_0004303,nv,4,0.00045903915,7.192471e-05,0.20943785,0.0004043102,0.01669535,0.7721004,0.00083121244
ISIC_0033932,HAM_0004303,nv,4,0.0001991074,4.646811e-05,0.005722968,0.00017882766,0.09708066,0.89623123,0.0005407018
ISIC_0033669,HAM_0006182,nv,4,2.967286e-05,0.00011553897,0.003559382,0.00033826396,0.048658244,0.94725776,4.1116306e-05
ISIC_0033789,HAM_0006182,nv,4,2.3980308e-05,0.00021667637,0.0027022562,0.00041888002,0.02316227,0.9734105,6.544036e-05
ISIC_0033419,HAM_0006182,nv,4,1.7668366e-05,4.582825e-05,7.674788e-05,0.0001706055,0.005886221,0.99378455,1.8372191e-05
ISIC_0033224,HAM_0001883,nv,4,0.0008837141,0.00036659246,0.01889464,0.00014957027,0.61781126,0.36177656,0.00011762858
ISIC_0033360,HAM_0001883,nv,4,0.000173695,0.00010869556,0.00081103935,0.00024328048,0.36787707,0.63068795,9.819825e-05
ISIC_0033294,HAM_0002431,nv,4,1.6659542e-05,9.093086e-06,0.00024406423,1.2022877e-05,0.9955295,0.0041731256,1.5558759e-05
ISIC_0033030,HAM_0002431,nv,4,5.320163e-05,7.893465e-05,0.0051429295,0.00012012612,0.48849723,0.5059764,0.00013116196
ISIC_0032657,HAM_0002431,nv,4,5.657324e-05,0.000100263496,0.00010324436,0.0001827991,0.44431373,0.55512154,0.00012188941
ISIC_0033954,HAM_0002015,nv,4,3.2558662e-05,4.8495982e-05,0.0019362197,9.892595e-05,0.013711803,0.98406744,0.0001046909
ISIC_0033771,HAM_0002015,nv,4,1.8965635e-05,5.6842535e-05,0.0008831092,9.408429e-05,0.014210966,0.98465884,7.716523e-05
ISIC_0034035,HAM_0002015,nv,4,1.0488208e-05,2.8789686e-05,0.00022822448,7.780127e-05,0.003913262,0.9956878,5.3576518e-05
ISIC_0034271,HAM_0000443,nv,4,0.00017018718,0.00029262478,0.0017553,0.00010102971,0.00042889637,0.99717367,7.8222336e-05
ISIC_0033845,HAM_0001739,nv,4,0.0002787136,3.677411e-05,0.0011470855,0.00014831306,0.18978027,0.80842316,0.00018566327
ISIC_0032884,HAM_0001739,nv,4,0.00051336206,6.549013e-05,0.0005822838,0.00010818605,0.047007915,0.95158446,0.00013837207
ISIC_0032380,HAM_0003248,nv,4,1.7444543e-05,1.6291891e-05,0.00011453299,4.641128e-05,0.046887737,0.9528665,5.1122377e-05
ISIC_0025447,HAM_0003248,nv,4,2.588853e-05,1.9351779e-05,6.3204665e-05,3.841052e-05,0.07421618,0.92557925,5.771735e-05
ISIC_0032962,HAM_0007216,nv,4,8.666221e-05,0.00015343959,0.0010669035,0.00015032494,0.01398866,0.984519,3.508315e-05
ISIC_0033792,HAM_0004043,nv,4,7.3974945e-05,1.9832465e-05,0.016099427,5.7051868e-05,0.012611928,0.9710646,7.3113115e-05
ISIC_0030492,HAM_0004043,nv,4,0.00010713251,1.2043435e-05,0.004811452,0.00016035448,0.06893115,0.9258983,7.961413e-05
ISIC_0033926,HAM_0004043,nv,4,2.8093413e-05,5.0962444e-06,0.0017880043,4.283734e-05,0.0053956457,0.99270755,3.278044e-05
ISIC_0034122,HAM_0002448,nv,4,2.255738e-05,1.5114759e-05,0.0059914785,0.00021111232,0.011347643,0.9823499,6.2161394e-05
ISIC_0033281,HAM_0002448,nv,4,1.3306571e-05,1.2872006e-05,0.00031470924,8.312033e-05,0.029077243,0.9704582,4.0588806e-05
ISIC_0033285,HAM_0002448,nv,4,2.3992274e-05,2.4322546e-05,0.00026213122,8.014092e-05,0.04449457,0.95505935,5.5457807e-05
ISIC_0033148,HAM_0002519,nv,4,7.1576214e-05,0.00010373677,0.00013087968,0.023613904,0.019424267,0.9543728,0.0022828162
ISIC_0033109,HAM_0002519,nv,4,3.502706e-05,4.2748736e-05,5.330567e-05,0.0010520171,0.005879151,0.992591,0.00034674906
ISIC_0032986,HAM_0002519,nv,4,9.001468e-05,8.844621e-05,0.00011763079,0.028281773,0.03087998,0.9383946,0.0021475034
ISIC_0033026,HAM_0003057,nv,4,6.886581e-05,1.4059419e-05,0.00049177726,5.3580396e-05,0.0151789915,0.9841589,3.38588e-05
ISIC_0033774,HAM_0003057,nv,4,0.000111151196,2.7559852e-05,0.0007904175,6.969262e-05,0.2709581,0.7279595,8.357422e-05
ISIC_0033462,HAM_0001175,nv,4,6.647893e-05,4.2838277e-05,0.00051103387,0.00033351174,0.00089536095,0.99661463,0.0015361303
ISIC_0033191,HAM_0001175,nv,4,1.8710132e-05,1.7002529e-05,8.401694e-05,0.00014731038,0.0011241342,0.9983217,0.00028701487
ISIC_0033875,HAM_0004582,nv,4,2.719921e-05,0.00016612794,0.0013567616,5.9524682e-05,0.029711269,0.96864814,3.106247e-05
ISIC_0034181,HAM_0004587,nv,4,3.5698973e-05,1.599678e-05,0.000110823006,7.3321105e-05,0.015360815,0.98434454,5.874281e-05
ISIC_0034209,HAM_0001547,nv,4,0.0008507806,0.00024590455,0.012356476,0.0011538295,0.5500882,0.43515563,0.00014914865
ISIC_0034297,HAM_0001547,nv,4,8.83159e-05,9.511996e-05,0.0024116081,0.00021041551,0.03413066,0.96298695,7.688019e-05
ISIC_0034171,HAM_0004172,nv,4,6.5602026e-06,1.1357174e-05,0.0005085723,2.3532097e-05,0.00031225322,0.99910504,3.2671076e-05
ISIC_0033996,HAM_0004172,nv,4,3.2690816e-05,4.34778e-05,0.0011158455,6.5395514e-05,0.006762348,0.99192894,5.122937e-05
ISIC_0033314,HAM_0001437,nv,4,8.79841e-05,1.4617716e-05,0.0013843909,5.999994e-05,0.010431097,0.9878913,0.00013066856
ISIC_0033580,HAM_0001437,nv,4,1.7733408e-05,6.7440005e-06,0.00012044843,2.7199121e-05,0.0023317086,0.99744296,5.3097505e-05
ISIC_0033697,HAM_0002603,nv,4,0.00013778893,3.470268e-05,0.00013122258,8.732775e-05,0.010403961,0.9891777,2.7291697e-05
ISIC_0033033,HAM_0001405,nv,4,9.982122e-05,5.363957e-05,0.000108779,8.4057894e-05,0.38658208,0.612949,0.00012266234
ISIC_0033390,HAM_0001405,nv,4,9.5546624e-05,2.8133418e-05,0.0005329163,9.2788025e-05,0.6674214,0.33169067,0.00013847754
ISIC_0033836,HAM_0001405,nv,4,3.085365e-05,1.29372975e-05,4.973924e-05,3.862364e-05,0.012968399,0.9868782,2.1288379e-05
ISIC_0028210,HAM_0003857,nv,4,5.501258e-05,2.4269066e-05,0.00020579854,9.449789e-05,0.10083428,0.8987262,5.9832335e-05
ISIC_0024695,HAM_0006529,nv,4,0.0001527251,2.4497263e-05,0.0005483753,0.0002337894,0.2671155,0.73179007,0.00013504292
ISIC_0031411,HAM_0004675,nv,4,0.00014386413,3.9910632e-05,0.000688183,4.1419513e-05,0.89642864,0.1025602,9.781981e-05
ISIC_0027755,HAM_0002533,nv,4,0.00011328689,5.2786298e-05,0.00047047916,0.00010497809,0.59967446,0.39946935,0.00011462228
ISIC_0027582,HAM_0001269,nv,4,0.00013222423,7.2736475e-05,0.00050341425,0.00027316753,0.6116726,0.38728696,5.8903803e-05
ISIC_0031948,HAM_0001276,nv,4,0.00020168631,0.0017474159,0.05409573,0.00038049734,0.5582124,0.385155,0.00020727725
ISIC_0028540,HAM_0002023,nv,4,0.00014813195,1.427143e-05,0.00018625325,5.76704e-05,0.02177108,0.9777656,5.6998517e-05
ISIC_0028538,HAM_0007276,nv,4,2.0204021e-05,1.0984736e-05,9.973945e-05,0.00012424904,0.0046261274,0.9950708,4.790227e-05
ISIC_0031796,HAM_0000410,nv,4,1.717122e-05,1.10218025e-05,0.002324913,7.0137765e-05,0.0029852472,0.99453604,5.5483535e-05
ISIC_0026402,HAM_0001452,nv,4,0.0006900849,0.00055018364,0.018362477,0.000960899,0.033250153,0.94550157,0.0006847145
ISIC_0031923,HAM_0007195,nv,4,7.403166e-05,7.388721e-05,0.000121819416,0.0002979933,0.025646161,0.9737091,7.698075e-05
ISIC_0028487,HAM_0003891,nv,4,9.9711986e-05,1.11655445e-05,9.26699e-05,0.00014395107,0.0038229218,0.99576867,6.0893217e-05
ISIC_0024458,HAM_0005590,nv,4,9.660383e-05,0.0004872525,0.0021681092,0.0005586377,0.04100296,0.95535386,0.00033260195
ISIC_0030232,HAM_0005092,nv,4,0.00028810735,3.9682538e-05,0.0004280882,0.00012476339,0.0124678835,0.98658526,6.6196655e-05
ISIC_0030243,HAM_0000721,nv,4,4.947706e-05,3.742026e-05,0.00033515567,9.592999e-05,0.007144981,0.9922786,5.8526402e-05
ISIC_0032058,HAM_0000721,nv,4,0.000110731715,8.6069675e-05,0.0007116484,0.0001528376,0.022950493,0.9758798,0.00010837809
ISIC_0024936,HAM_0006363,nv,4,1.0557119e-05,8.994776e-06,7.095699e-05,0.00013134093,0.0013759745,0.9983224,7.96623e-05
ISIC_0025469,HAM_0005319,nv,4,0.00043151004,0.0011491559,0.0038937186,0.002024725,0.8789044,0.11305731,0.00053912477
ISIC_0025133,HAM_0005319,nv,4,0.00042772986,0.0037817238,0.0012869808,0.0034206756,0.8780378,0.112505496,0.00053964613
ISIC_0030615,HAM_0001236,nv,4,0.00034163689,0.00023572233,0.46353582,0.000670855,0.060565624,0.47452825,0.00012205252
ISIC_0031079,HAM_0003387,nv,4,4.9391645e-05,2.5724337e-05,8.693938e-05,0.00010094997,0.009087226,0.99056554,8.4264524e-05
ISIC_0028524,HAM_0003387,nv,4,5.2573057e-05,2.3742861e-05,0.00010283257,8.425799e-05,0.013015842,0.98662716,9.363012e-05
ISIC_0025665,HAM_0002661,nv,4,0.001757706,7.28865e-05,0.0017296106,0.00017899196,0.69726384,0.2987203,0.00027668726
ISIC_0030597,HAM_0002661,nv,4,0.00093305553,5.9619124e-05,0.0019576354,0.00011741455,0.8090382,0.18771197,0.00018221074
ISIC_0026692,HAM_0002661,nv,4,0.00064448063,5.1727206e-05,0.0015358712,0.00012777626,0.52985513,0.4675955,0.00018958017
ISIC_0031657,HAM_0003828,nv,4,2.8901573e-05,1.1318018e-05,4.8637936e-05,6.799028e-05,0.009973093,0.9898436,2.6469826e-05
ISIC_0030077,HAM_0003828,nv,4,4.1204905e-05,1.7210343e-05,5.931221e-05,0.000100402016,0.018400256,0.9813479,3.369621e-05
ISIC_0029865,HAM_0003828,nv,4,2.5718251e-05,1.0472611e-05,7.234025e-05,8.632666e-05,0.011373005,0.98839885,3.321695e-05
ISIC_0025240,HAM_0002348,nv,4,0.00020225639,2.8546328e-05,0.00027136953,7.609611e-05,0.37545857,0.6238816,8.163921e-05
ISIC_0026933,HAM_0002348,nv,4,0.00017085872,2.0869691e-05,0.00019761977,0.00011282049,0.43949252,0.55992806,7.723801e-05
ISIC_0030179,HAM_0001507,nv,4,6.0514387e-05,1.3436814e-05,8.97845e-05,0.00014774076,0.0022752248,0.997335,7.823499e-05
ISIC_0029215,HAM_0001507,nv,4,6.631418e-05,1.4119103e-05,7.7226876e-05,0.00021437858,0.0015093038,0.9980357,8.285233e-05
ISIC_0028362,HAM_0001507,nv,4,6.530162e-05,1.4386949e-05,7.709454e-05,0.00019792806,0.0022596433,0.997299,8.659512e-05
ISIC_0030894,HAM_0003284,nv,4,0.012325104,0.00030473495,0.51256186,0.0011344411,0.45588195,0.017427923,0.0003640083
ISIC_0030945,HAM_0004443,nv,4,0.037346847,0.00021777718,0.9575607,0.00024058703,0.0030107286,0.0014933326,0.0001300407
ISIC_0026052,HAM_0005770,nv,4,0.00011628467,1.3553258e-05,0.000103022496,0.00010484945,0.06557842,0.934019,6.4785396e-05
ISIC_0029609,HAM_0000211,nv,4,2.2946086e-05,1.1359136e-05,6.410299e-05,0.00012798299,0.017843548,0.9818657,6.441676e-05
ISIC_0029482,HAM_0000211,nv,4,3.3690205e-05,1.224954e-05,0.00010127029,0.00021292864,0.016458765,0.9830912,8.980816e-05
ISIC_0028510,HAM_0002835,nv,4,0.00079296954,0.00025996586,0.0053506023,0.0005180146,0.04458183,0.9457836,0.0027128775
ISIC_0028999,HAM_0006296,nv,4,4.2020045e-05,1.5338015e-05,8.044397e-05,3.7593032e-05,0.9814051,0.018401328,1.8178802e-05
ISIC_0024406,HAM_0007480,nv,4,9.2889575e-05,0.00014642153,0.0010285985,0.0002245782,0.02580606,0.97215533,0.00054615125
ISIC_0032427,HAM_0005818,nv,4,3.2028674e-05,2.0558451e-05,0.0006969472,3.7591868e-05,0.008085936,0.9910054,0.00012158529
ISIC_0028758,HAM_0004443,nv,4,0.5586071,0.00012803994,0.43334758,0.00016699557,0.0069329552,0.00066048023,0.00015687781
ISIC_0032184,HAM_0004866,nv,4,0.0003136876,0.00013947017,0.041650534,0.00034654303,0.47573504,0.48134282,0.0004718215
ISIC_0027323,HAM_0006077,nv,4,0.0004224308,0.00018544964,0.002095074,0.00026203724,0.746809,0.25014967,7.6406264e-05
ISIC_0028825,HAM_0001517,nv,4,0.0002465066,2.6494048e-05,0.0029724294,0.00012888896,0.06395804,0.9325425,0.00012516769
ISIC_0027045,HAM_0005016,nv,4,0.001880586,0.00011080764,0.019434167,0.00021907987,0.051654216,0.9263855,0.00031566157
ISIC_0029641,HAM_0002675,nv,4,0.001066286,0.0011163674,0.014980655,0.0008517793,0.03389156,0.9478731,0.00022025555
ISIC_0028484,HAM_0006258,nv,4,0.00014329854,7.318974e-05,0.00028918847,0.00030634005,0.060466938,0.9385013,0.00021978823
ISIC_0030842,HAM_0006855,nv,4,5.4287095e-05,2.1300693e-05,0.00029816758,7.12198e-05,0.04432768,0.955201,2.635427e-05
ISIC_0028598,HAM_0006633,nv,4,0.0006629531,0.00013627474,0.00894852,0.0012482736,0.13060167,0.8583094,9.29313e-05
ISIC_0026147,HAM_0006983,nv,4,4.4175027e-05,6.683468e-05,0.0033979686,0.00039914768,0.0019079499,0.9941506,3.3279994e-05
ISIC_0030675,HAM_0003568,nv,4,0.00048721783,7.115661e-05,0.07230954,0.00019418074,0.21461521,0.71199113,0.0003316054
ISIC_0030532,HAM_0002766,nv,4,0.0010983666,6.7592264e-05,0.2364873,0.0018629187,0.6015371,0.15877007,0.00017669606
ISIC_0024862,HAM_0007422,nv,4,0.000326404,6.2600215e-05,0.005673745,0.00027007042,0.05691241,0.936636,0.000118794334
ISIC_0029926,HAM_0004030,nv,4,0.00021365678,0.00012683493,0.0015959183,0.00027866097,0.078175746,0.91947526,0.0001339644
ISIC_0031934,HAM_0002003,nv,4,0.00060684537,0.00049432635,0.11496864,0.00037168237,0.54955703,0.33332318,0.0006783085
ISIC_0026400,HAM_0007167,nv,4,0.00031978823,0.00012413501,0.0025894782,0.00033220253,0.03862304,0.95794123,7.017958e-05
ISIC_0027495,HAM_0000508,nv,4,0.0017744208,0.00011349033,0.025834136,0.00035856437,0.25387776,0.71760225,0.00043932226
ISIC_0024937,HAM_0006318,nv,4,0.0004940028,1.8903696e-05,0.00032468754,7.253607e-05,0.009927155,0.9891406,2.2187161e-05
ISIC_0031126,HAM_0003434,nv,4,0.13110436,0.09486998,0.2660045,0.12614341,0.06752794,0.31312394,0.0012258451
ISIC_0030816,HAM_0002205,nv,4,0.0011734483,0.0010037036,0.0030281283,0.00044278867,0.11488494,0.8792659,0.00020114583
ISIC_0025118,HAM_0004909,nv,4,0.00010543174,2.4557872e-05,0.0002833926,6.369827e-05,0.031362753,0.9680739,8.621911e-05
ISIC_0029183,HAM_0007491,nv,4,0.0063048876,0.0016058438,0.6529247,0.00051225704,0.050743032,0.28691795,0.0009912659
ISIC_0026340,HAM_0000794,nv,4,0.009528355,0.0019481296,0.032693695,0.010347984,0.013194943,0.9296782,0.002608726
ISIC_0028551,HAM_0000667,nv,4,0.01824248,0.0010124727,0.037992757,0.00085258746,0.32438362,0.6167754,0.0007407409
ISIC_0029577,HAM_0000886,nv,4,0.004191409,4.7538702e-05,0.011208578,6.0684284e-05,0.067464486,0.9168798,0.00014757796
ISIC_0024560,HAM_0000886,nv,4,0.021693015,6.4797634e-05,0.0076878164,0.0004613512,0.19090864,0.77902645,0.00015788928
ISIC_0026222,HAM_0005925,nv,4,0.0009567279,0.0001755996,0.09626375,0.00034113185,0.36973813,0.5316983,0.0008263634
ISIC_0027963,HAM_0000891,nv,4,0.0001849442,1.8258386e-05,0.00012711018,0.0011082989,0.007028647,0.99149406,3.8653005e-05
ISIC_0026921,HAM_0004275,nv,4,0.00034549335,2.6024438e-05,0.002319313,7.341626e-05,0.47522137,0.52192855,8.58323e-05
ISIC_0026712,HAM_0003980,nv,4,0.003429737,0.00011508922,0.03024229,0.0012929128,0.028299242,0.9362275,0.0003931626
ISIC_0026655,HAM_0007036,nv,4,0.0050423043,0.00045070975,0.02480092,0.0007894768,0.0577766,0.91086656,0.00027336928
ISIC_0031612,HAM_0005873,nv,4,0.0011583624,0.000121140394,0.08411321,0.0014331832,0.06512472,0.8478557,0.0001935818
ISIC_0028529,HAM_0002171,nv,4,0.12555733,8.96916e-05,0.013288685,0.007763532,0.04542947,0.80761915,0.0002520381
ISIC_0028364,HAM_0000777,nv,4,0.0029707926,0.0025962375,0.04229169,0.000109647175,0.9238733,0.027844122,0.0003141913
ISIC_0027568,HAM_0006398,nv,4,0.7820546,0.0014293748,0.05379426,0.0001616292,0.098749734,0.06301482,0.0007955668
ISIC_0027917,HAM_0003117,nv,4,0.0009332519,0.0005327905,0.015370247,0.003387128,0.018364362,0.44276062,0.5186516
ISIC_0030209,HAM_0000266,nv,4,0.0012404426,5.6190132e-05,0.0014421038,0.00011001493,0.04438319,0.9526686,9.939021e-05
ISIC_0030219,HAM_0006681,nv,4,0.25212342,0.00037027147,0.013280338,0.0005314263,0.44770628,0.28513578,0.00085254054
ISIC_0027382,HAM_0007510,nv,4,0.00045654408,0.00010087879,0.00052882516,0.00023386405,0.0047387513,0.9937412,0.00019983927
ISIC_0032251,HAM_0001764,nv,4,0.0008484286,0.011137721,0.026265278,0.006206647,0.035725508,0.9195752,0.0002411872
ISIC_0032253,HAM_0001764,nv,4,0.043399494,0.5636382,0.053148214,0.0009984763,0.012550056,0.32430303,0.001962573
ISIC_0029665,HAM_0000347,nv,4,0.005208006,0.0002526673,0.0043930826,0.00166052,0.6467595,0.34148464,0.00024156818
ISIC_0024356,HAM_0000689,nv,4,0.0016207071,0.00088981044,0.17123191,0.00029515265,0.14167924,0.68388134,0.0004018531
ISIC_0028307,HAM_0000689,nv,4,0.00021222638,4.2241187e-05,0.0013310364,8.206062e-05,0.08225789,0.9159992,7.530306e-05
ISIC_0026103,HAM_0000039,nv,4,0.0004106452,2.9086339e-05,0.00030338275,4.5403136e-05,0.39010644,0.6089475,0.00015754669
ISIC_0032107,HAM_0003313,nv,4,0.0014078922,9.875307e-05,0.0024626472,0.00015966714,0.39151487,0.604026,0.0003301852
ISIC_0028400,HAM_0006118,nv,4,0.00026480647,0.9843162,0.005557728,0.00017130618,0.0024746708,0.0046720845,0.0025432708
ISIC_0026998,HAM_0006094,nv,4,0.0021076254,0.011008173,0.11328841,0.003302833,0.007690574,0.8403707,0.022231692
ISIC_0032218,HAM_0006094,nv,4,0.0026029192,0.064306766,0.05326015,0.00069715385,0.0030194393,0.8479032,0.028210387
ISIC_0032028,HAM_0002518,nv,4,0.0026543804,0.00019256455,0.009005999,0.0057469667,0.6803436,0.30190066,0.00015594352
ISIC_0025214,HAM_0004356,nv,4,0.14660686,0.00022696749,0.018831076,0.0011281365,0.79876524,0.03411533,0.0003263884
ISIC_0024363,HAM_0004534,nv,4,0.00011229688,1.7170905e-05,0.0014246387,7.061756e-05,0.005765359,0.99257725,3.2648357e-05
ISIC_0031014,HAM_0002675,nv,4,0.00058515155,0.035571244,0.021744266,0.00065661996,0.009490093,0.9318413,0.00011124274
ISIC_0024969,HAM_0002675,nv,4,0.0018977943,0.0062959786,0.18114287,0.0008929596,0.08606867,0.72346467,0.00023707331
ISIC_0029983,HAM_0006619,nv,4,0.0035117192,4.147705e-05,0.0063418476,0.000114298346,0.09045794,0.8994289,0.00010386676
ISIC_0028183,HAM_0003159,nv,4,5.819457e-05,2.1809525e-05,0.00043364012,8.311601e-05,0.0059070936,0.9934204,7.567799e-05
ISIC_0026108,HAM_0003159,nv,4,5.154254e-05,1.8540299e-05,0.00028195526,6.579529e-05,0.0025201056,0.9970187,4.3318487e-05
ISIC_0026658,HAM_0005436,nv,4,0.00012410565,1.129826e-05,0.0046706935,7.1267874e-05,0.0069501866,0.98811567,5.6819703e-05
ISIC_0027091,HAM_0001617,nv,4,9.43487e-05,2.9342258e-05,0.0012286212,5.8126552e-05,0.32119703,0.67732316,6.943263e-05
ISIC_0031644,HAM_0005925,nv,4,0.00039972173,0.0001255326,0.7442003,0.00024819287,0.006492262,0.24830404,0.00022998964
ISIC_0027036,HAM_0005925,nv,4,0.0010528375,0.00023583925,0.1899577,0.00020731601,0.6013308,0.20660026,0.0006153153
ISIC_0030625,HAM_0007342,nv,4,0.00069064065,3.4892368e-05,0.0021042724,0.00072096346,0.15553279,0.8408023,0.000114184426
ISIC_0030740,HAM_0002319,nv,4,0.00011595867,0.0042817653,0.0036100117,0.00010516995,0.038858686,0.9525575,0.00047087893
ISIC_0026600,HAM_0002319,nv,4,7.0815084e-05,0.00026699246,0.00081798935,4.0270486e-05,0.26477468,0.73392767,0.00010163623
ISIC_0024441,HAM_0007516,nv,4,0.00035690714,1.6522477e-05,0.0014960462,2.3345981e-05,0.0068370546,0.9912032,6.689734e-05
ISIC_0031107,HAM_0006725,nv,4,0.00014311574,0.0032872576,0.0065735034,0.00013709649,0.028359467,0.9614076,9.2042224e-05
ISIC_0026022,HAM_0006725,nv,4,7.374578e-05,0.00023758976,0.00080966426,0.00011005874,0.06224945,0.93644154,7.789106e-05
ISIC_0031121,HAM_0006205,nv,4,0.0036683078,0.0006449705,0.10249445,0.0005212938,0.64652085,0.24539164,0.000758478
ISIC_0032034,HAM_0006205,nv,4,0.004299378,0.0006706957,0.09027891,0.0008346942,0.13552469,0.76779974,0.0005918868
ISIC_0030451,HAM_0006905,nv,4,0.028473875,0.0010679959,0.9130224,0.00010920924,0.021640636,0.035332642,0.000353221
ISIC_0030833,HAM_0000976,nv,4,0.0023132344,9.594593e-05,0.23757483,0.00046132246,0.22274542,0.5364298,0.00037947352
ISIC_0029833,HAM_0006664,nv,4,0.012114402,0.001084706,0.61953264,0.002247514,0.045230784,0.31890807,0.00088185986
ISIC_0030674,HAM_0006905,nv,4,0.0101154735,0.00024175744,0.92716616,8.807329e-05,0.01575153,0.046160884,0.0004761197
ISIC_0024998,HAM_0007516,nv,4,0.0015288782,4.1928935e-05,0.00031996216,0.00012347692,0.14871758,0.84915054,0.0001175926
ISIC_0024933,HAM_0000266,nv,4,0.00045759865,4.764537e-05,0.0007389576,0.000100865254,0.010803372,0.98780304,4.8490292e-05
ISIC_0027498,HAM_0007014,nv,4,0.00011347627,0.00017303065,0.0029223077,0.000121504716,0.036641527,0.959879,0.00014916174
ISIC_0027922,HAM_0007178,nv,4,0.016323572,0.002631134,0.26216584,0.002964047,0.2133476,0.49459687,0.007971027
ISIC_0025184,HAM_0007178,nv,4,0.024176,0.004944135,0.092112154,0.003478634,0.2930178,0.5725816,0.009689606
ISIC_0028243,HAM_0002556,nv,4,0.002416464,6.775118e-05,0.014658782,0.0002663956,0.022091566,0.9597571,0.0007420351
ISIC_0025436,HAM_0002556,nv,4,0.0030004177,4.141105e-05,0.0006446226,0.00015296183,0.08908764,0.90681016,0.00026275028
ISIC_0026217,HAM_0002205,nv,4,0.00039116608,0.87846303,0.0011241656,0.00025453663,0.0051778234,0.11344281,0.0011463377
ISIC_0031131,HAM_0004443,nv,4,0.0949349,0.00022986889,0.720925,0.0004923687,0.16792272,0.014965974,0.00052926724
ISIC_0031473,HAM_0004443,nv,4,0.6579836,0.00015229837,0.33870095,0.00023542406,0.002496069,0.00032685394,0.00010487767
ISIC_0025488,HAM_0002295,nv,4,8.259837e-05,0.0001183167,0.0011856571,0.0012176327,0.06262058,0.9346938,8.1317805e-05
ISIC_0027999,HAM_0002295,nv,4,0.00012480404,0.00019142176,0.0027040055,0.0014707705,0.07998828,0.91541743,0.0001032643
ISIC_0030061,HAM_0000836,nv,4,0.003948156,0.0027549118,0.0016378197,0.004037839,0.4773121,0.5100847,0.0002244867
ISIC_0030960,HAM_0000836,nv,4,0.0013627908,0.03651126,0.0036345734,0.00066482014,0.044953495,0.9126666,0.00020635432
ISIC_0030311,HAM_0000836,nv,4,0.008574862,0.55298936,0.021291751,0.0010087361,0.16474539,0.2507166,0.00067327684
ISIC_0025505,HAM_0000836,nv,4,0.008830156,0.008390897,0.0026047782,0.0031419622,0.58889383,0.3877176,0.000420675
ISIC_0027756,HAM_0003305,nv,4,0.00027095655,0.005765088,0.0013330439,0.00011033497,0.021778474,0.970486,0.00025603594
ISIC_0032125,HAM_0003305,nv,4,0.00014839382,0.99394786,0.00017553501,6.894218e-05,0.00024754403,0.0049478365,0.00046383005
ISIC_0025172,HAM_0003305,nv,4,0.0007249997,0.69685686,0.0010979612,0.00036206917,0.0027798864,0.297382,0.00079625635
ISIC_0031064,HAM_0000798,nv,4,0.0001797792,0.0005207166,0.004240235,0.00012404392,0.82680416,0.16797546,0.00015558592
ISIC_0027538,HAM_0000798,nv,4,0.00012228813,0.0006338977,0.01691688,0.00010358207,0.9492345,0.03279977,0.00018903395
ISIC_0026751,HAM_0000798,nv,4,0.0005581196,0.0012178554,0.15657526,0.00032175556,0.5551075,0.28574488,0.00047459605
ISIC_0029332,HAM_0000798,nv,4,0.00021163884,0.0029560227,0.02018103,0.00029440585,0.34705025,0.62842685,0.0008797924
ISIC_0030456,HAM_0000194,nv,4,0.0003080529,0.00019315146,0.010597331,0.000155505,0.5548013,0.4337708,0.0001738175
ISIC_0030942,HAM_0000194,nv,4,0.0007276682,0.0007791507,0.3798978,0.00037530376,0.01566495,0.6023507,0.00020444802
ISIC_0031880,HAM_0000976,nv,4,0.001205214,0.0001403335,0.63167554,0.00048695045,0.041017585,0.32515872,0.00031562938
ISIC_0025237,HAM_0001701,nv,4,0.0011476936,0.0011829694,0.0024025335,0.00049361686,0.10351406,0.8907388,0.000520346
ISIC_0029390,HAM_0001701,nv,4,0.0007950224,0.004074839,0.001743285,0.00075492053,0.040538643,0.9519434,0.00014996495
ISIC_0029145,HAM_0000500,nv,4,0.0010001103,0.007835809,0.001195807,0.0011749706,0.02891522,0.95941263,0.00046554892
ISIC_0029441,HAM_0000500,nv,4,0.0011311872,0.94602746,0.0004350481,0.00027626345,0.003809047,0.048122797,0.00019820934
ISIC_0027798,HAM_0007014,nv,4,4.817075e-05,0.00014493921,0.001099578,6.5584914e-05,0.07493388,0.9236423,6.5584914e-05
ISIC_0028141,HAM_0007014,nv,4,4.3451335e-05,7.4057716e-05,0.00016689164,6.285196e-05,0.11955878,0.87998235,0.00011160892
ISIC_0032310,HAM_0007014,nv,4,0.00011671097,0.00084199564,0.0009959963,0.00014496573,0.40358326,0.594132,0.00018505222
ISIC_0030151,HAM_0004614,nv,4,0.0003940903,4.590976e-05,0.95741314,5.9527796e-05,0.039209634,0.0028403364,3.7324375e-05
ISIC_0028608,HAM_0003434,nv,4,0.02195689,0.03637798,0.037077367,0.87364554,0.013226801,0.017183743,0.00053172855
ISIC_0030810,HAM_0004956,nv,4,0.10356046,0.00013606671,0.13142507,0.0044101365,0.64563465,0.114630975,0.00020267074
ISIC_0030839,HAM_0006926,nv,4,0.0011662759,4.6748126e-05,0.8738916,0.0009593524,0.01962998,0.10416782,0.00013820782
ISIC_0031599,HAM_0003263,nv,4,8.087331e-05,0.00029123598,0.00025402053,0.00048110564,0.2318443,0.7661504,0.0008979464
ISIC_0028226,HAM_0003263,nv,4,0.000101499994,0.0007906008,0.0010576543,0.0026563471,0.07116762,0.9121633,0.01206291
ISIC_0030847,HAM_0005153,nv,4,0.008244328,0.0044977106,0.39626536,0.0003599385,0.19578281,0.39395028,0.0008995986
ISIC_0030210,HAM_0004534,nv,4,5.118126e-05,1.2542506e-05,0.00012848133,4.017263e-05,0.002922794,0.99682105,2.3708702e-05
ISIC_0031809,HAM_0004835,nv,4,0.00052024407,4.726928e-05,0.011353779,0.000111199886,0.052756317,0.93512803,8.3122366e-05
ISIC_0026991,HAM_0003946,nv,4,1.884439e-05,0.00012752655,0.0010936221,4.974542e-05,0.014539913,0.9841135,5.681105e-05
ISIC_0029792,HAM_0005250,nv,4,3.1277825e-05,0.0009874129,0.00028371988,0.00013935853,0.009506264,0.98879015,0.00026188602
ISIC_0024479,HAM_0006469,nv,4,1.2027122e-05,1.4450919e-05,0.00050991017,0.000102587794,0.013112285,0.98620284,4.5835317e-05
ISIC_0032328,HAM_0006469,nv,4,4.2744363e-05,9.3180104e-05,0.0044590826,0.00026005716,0.06995643,0.92510194,8.65148e-05
ISIC_0026358,HAM_0006469,nv,4,3.233883e-05,2.9560084e-05,0.0009592591,0.00015188805,0.02134251,0.97742313,6.124857e-05
ISIC_0025193,HAM_0006469,nv,4,2.270395e-05,1.5573734e-05,0.0010201598,0.00017745042,0.0022206309,0.9964876,5.59191e-05
ISIC_0026451,HAM_0005712,nv,4,0.0003751729,0.00025286502,0.011797339,0.0005799454,0.055898525,0.930794,0.00030204927
ISIC_0032385,HAM_0005712,nv,4,0.00039241006,0.00019012808,0.03430377,0.00046418176,0.04057792,0.9235492,0.00052240345
ISIC_0030485,HAM_0002587,nv,4,0.00012812852,5.9818507e-05,0.0019411804,0.00025481402,0.023991521,0.97342956,0.00019499146
ISIC_0031803,HAM_0002587,nv,4,0.0002182239,0.00012409761,0.004371389,0.00082921755,0.0676329,0.92637765,0.0004464565
ISIC_0031127,HAM_0000144,nv,4,0.0006350974,0.0013885355,0.08548721,0.00092858425,0.0059062047,0.90482515,0.00082913245
ISIC_0027558,HAM_0000144,nv,4,9.761476e-05,0.00032893906,0.00527264,5.3279946e-05,0.8240977,0.17006215,8.767237e-05
ISIC_0026816,HAM_0002416,nv,4,0.00013374125,8.943958e-05,0.0025896705,0.00091039244,0.00092608464,0.99447423,0.00087658525
ISIC_0028635,HAM_0002416,nv,4,2.2328444e-05,1.7220416e-05,0.0026914987,0.00012212928,0.0035586993,0.993497,9.120301e-05
ISIC_0029920,HAM_0004475,nv,4,0.00023305062,0.00055579323,0.00032387488,0.00018689605,0.299377,0.69879663,0.0005267286
ISIC_0031188,HAM_0004475,nv,4,0.00013162596,0.000104736595,0.0011893552,0.0001414901,0.011756385,0.9864217,0.0002547087
ISIC_0026742,HAM_0005193,nv,4,0.0013753587,0.006347185,0.63863915,0.002514893,0.2466987,0.10344366,0.0009810067
ISIC_0028665,HAM_0005193,nv,4,0.00027981648,0.00041273504,0.19127697,0.00050569355,0.04779895,0.75947595,0.000249848
ISIC_0028903,HAM_0003872,nv,4,5.883529e-05,1.6498303e-05,0.00037789074,6.9122114e-05,0.009627685,0.9897529,9.709776e-05
ISIC_0025865,HAM_0005160,nv,4,6.353081e-05,0.0051659304,0.0024922935,0.010741781,0.0028158766,0.93217427,0.04654639
ISIC_0024935,HAM_0005160,nv,4,3.9572857e-05,0.01438083,0.00804037,0.0095984265,0.009145476,0.9573205,0.0014748442
ISIC_0030336,HAM_0006551,nv,4,6.520454e-06,7.743231e-06,5.5346638e-05,2.4014433e-05,0.0029575943,0.9969382,1.0583743e-05
ISIC_0027970,HAM_0006551,nv,4,8.7584995e-06,5.0009454e-05,5.9271817e-05,0.0003984777,0.006237807,0.99320906,3.665923e-05
ISIC_0031896,HAM_0003027,nv,4,5.148931e-05,2.0884985e-05,0.0006928198,5.2710344e-05,0.0643591,0.9347317,9.1342525e-05
ISIC_0025355,HAM_0003027,nv,4,1.0664973e-05,9.882771e-06,0.00036456436,6.2889485e-05,0.0007528009,0.9987207,7.8496865e-05
ISIC_0024540,HAM_0000159,nv,4,4.214019e-05,0.00024440198,0.00089704624,7.098626e-05,0.07019067,0.9281994,0.00035525573
ISIC_0027948,HAM_0000159,nv,4,0.00014491551,0.00030979674,0.00064819894,9.597056e-05,0.48664564,0.5119963,0.00015915855
ISIC_0029970,HAM_0005712,nv,4,0.00023090873,0.00228002,0.011901328,0.0001722684,0.010678706,0.974499,0.0002377737
ISIC_0025101,HAM_0005712,nv,4,0.00018428669,0.00085130124,0.0023362152,0.00022250935,0.0072684423,0.98893434,0.00020299316
ISIC_0031668,HAM_0000698,nv,4,0.0001425745,4.3228727e-05,0.010192381,0.00024755247,0.053613283,0.93558484,0.000176056
ISIC_0027431,HAM_0000698,nv,4,0.00010017605,9.8622964e-05,0.0003935048,0.00012321865,0.10921456,0.8897769,0.00029299964
ISIC_0033140,HAM_0003360,nv,4,0.00022986458,4.61107e-05,0.0005418083,0.000118671305,0.20796137,0.7909935,0.000108686436
ISIC_0025897,HAM_0003539,nv,4,0.00019471161,1.0984876e-05,0.00019855195,2.3074013e-05,0.006410292,0.99314195,2.0482408e-05
ISIC_0032721,HAM_0001916,nv,4,0.00032574622,3.380111e-05,0.05217144,0.00012509673,0.029726392,0.91756433,5.317661e-05
ISIC_0033537,HAM_0001916,nv,4,0.00020304961,2.5143092e-05,0.005525678,6.296329e-05,0.0502212,0.9439102,5.179219e-05
ISIC_0032837,HAM_0002425,nv,4,0.0014429204,0.00029458196,0.63497347,0.0008117799,0.040990848,0.321161,0.00032543627
ISIC_0032682,HAM_0002425,nv,4,0.0008345366,0.00016594266,0.20904694,0.0011406764,0.1777627,0.6108336,0.00021558625
ISIC_0033418,HAM_0000675,nv,4,6.855445e-05,2.4443843e-05,0.00027153557,0.00011868304,0.26497585,0.7344852,5.573437e-05
ISIC_0034054,HAM_0000675,nv,4,0.00011545926,2.1736567e-05,0.00029845673,7.2393814e-05,0.09263458,0.90679145,6.591532e-05
ISIC_0033997,HAM_0006353,nv,4,2.4013481e-05,9.27612e-06,9.628256e-05,0.00021153629,0.03434598,0.96528417,2.8684291e-05
ISIC_0032712,HAM_0006353,nv,4,6.2149345e-05,9.237676e-06,0.00025040886,0.0013411968,0.05739229,0.9408512,9.347961e-05
ISIC_0033164,HAM_0006353,nv,4,2.5879843e-05,4.694695e-06,6.208251e-05,0.00019490405,0.00894784,0.9907314,3.3165536e-05
ISIC_0033176,HAM_0001490,nv,4,0.0001228214,0.00013917488,0.0049784784,0.00012234255,0.4297193,0.56485534,6.248646e-05
ISIC_0032528,HAM_0003945,nv,4,2.43477e-05,1.4538676e-05,9.278899e-05,3.0538857e-05,0.009557617,0.9902559,2.4300194e-05
ISIC_0034260,HAM_0004705,nv,4,0.00030157712,2.816083e-05,0.0017303796,6.138889e-05,0.048206277,0.94952136,0.00015090387
ISIC_0034027,HAM_0005059,nv,4,0.010126608,0.0005456748,0.73893166,0.00023241107,0.18393464,0.066098295,0.00013062566
ISIC_0032575,HAM_0002074,nv,4,0.00014612208,4.7438898e-05,0.004919903,7.94452e-05,0.007335333,0.9873717,0.00010003661
ISIC_0032793,HAM_0002074,nv,4,0.00015266823,4.260195e-05,0.0024905514,6.320802e-05,0.007945933,0.9891828,0.0001223135
ISIC_0034229,HAM_0005689,nv,4,5.5939923e-05,2.2868195e-05,0.0025000924,5.539629e-05,0.016869502,0.9804458,5.0340484e-05
ISIC_0028066,HAM_0005689,nv,4,4.9915332e-05,1.7284003e-05,0.00040805517,6.998065e-05,0.049743,0.9496453,6.651568e-05
ISIC_0033895,HAM_0004348,nv,4,8.507174e-05,2.4636698e-05,0.0020853952,6.0266015e-05,0.0034923798,0.9942121,4.0224306e-05
ISIC_0034250,HAM_0004352,nv,4,6.6717956e-05,2.1261956e-05,0.001233924,8.804235e-05,0.0032240828,0.99532604,3.9955998e-05
ISIC_0032900,HAM_0003811,nv,4,1.5322925e-05,3.881816e-06,2.3988925e-05,2.4106344e-05,0.00011744512,0.999777,3.824072e-05
ISIC_0033898,HAM_0003812,nv,4,8.139929e-05,8.621416e-06,6.277777e-05,8.784189e-05,0.004735503,0.9950014,2.2405973e-05
ISIC_0033043,HAM_0006232,nv,4,2.4555335e-05,6.468503e-06,0.0005021985,7.903371e-05,0.00065275544,0.9987006,3.435909e-05
ISIC_0032571,HAM_0004181,nv,4,0.00010745563,1.5018827e-05,8.8996894e-05,0.00030107258,0.009892567,0.9895521,4.2868298e-05
ISIC_0033623,HAM_0004202,nv,4,6.722991e-05,0.00021659736,0.00034815556,0.004626535,0.015882323,0.97877365,8.5486e-05
ISIC_0034075,HAM_0004209,nv,4,0.00014140469,5.451636e-05,0.00055926637,9.871637e-05,0.61450905,0.38454998,8.711689e-05
ISIC_0032606,HAM_0004183,nv,4,0.00054295105,4.0146162e-05,0.0011067436,0.00012221822,0.5058185,0.4921749,0.00019454275
ISIC_0033383,HAM_0004195,nv,4,2.145001e-05,6.7759624e-06,0.00015053738,7.164905e-05,0.0014405155,0.99826294,4.6169833e-05
ISIC_0032956,HAM_0004187,nv,4,0.00020719357,3.9197555e-05,0.00034596887,0.000110362525,0.069229126,0.92990077,0.00016729961
ISIC_0033751,HAM_0005257,nv,4,0.00017986436,0.00010109202,0.006548096,0.0002434563,0.018062226,0.97467494,0.00019034604
ISIC_0034154,HAM_0003561,nv,4,6.61015e-05,5.19851e-05,0.00014131013,0.00024356665,0.0042400244,0.9948349,0.00042218325
ISIC_0033782,HAM_0003935,nv,4,0.00010103856,0.0043852855,0.0001756049,0.0010324821,0.008097343,0.9856426,0.00056575343
ISIC_0026391,HAM_0000057,nv,4,9.3346665e-05,0.00017818184,0.0011557161,0.00014514402,0.26089337,0.7374323,0.0001019223
ISIC_0025122,HAM_0000057,nv,4,3.743833e-05,2.4124834e-05,0.0017296993,6.7395995e-05,0.007246834,0.9908206,7.387559e-05
ISIC_0025653,HAM_0005347,nv,4,0.00014597707,6.775318e-05,0.0014294797,0.00027325426,0.20078944,0.79724574,4.8326532e-05
ISIC_0027265,HAM_0005347,nv,4,6.126447e-05,6.283992e-05,0.004549703,0.00034037358,0.1780482,0.8168796,5.8117435e-05
ISIC_0027418,HAM_0001393,nv,4,0.00035196726,0.00023218222,0.01658207,0.0008402129,0.19446184,0.7873504,0.00018117721
ISIC_0029030,HAM_0001393,nv,4,0.00019238406,0.0003650808,0.09565259,0.00044209507,0.39802074,0.50511456,0.00021253424
ISIC_0028008,HAM_0005018,nv,4,0.00046794777,0.0002824422,0.015709622,0.0007114478,0.08822226,0.8945005,0.00010574727
ISIC_0026440,HAM_0005018,nv,4,0.00011697483,0.00027144395,0.030055081,0.00043419,0.00806555,0.96090484,0.00015196916
ISIC_0026326,HAM_0007609,nv,4,0.0053555104,0.9103856,0.044427056,0.002992457,0.0017643361,0.02719089,0.007884074
ISIC_0029915,HAM_0006002,akiec,4,0.009845142,0.09250035,0.0041891,0.8776189,0.010282414,0.0044679916,0.0010959982
ISIC_0029360,HAM_0000549,akiec,4,0.0055095875,0.79099107,0.049238473,0.049661018,0.08304481,0.01810056,0.0034545523
ISIC_0026152,HAM_0000549,akiec,4,0.108837426,0.18495797,0.011893452,0.16386369,0.5279263,0.0015692493,0.0009517978
ISIC_0029041,HAM_0006898,akiec,4,0.6699488,0.02234965,0.060574926,0.0016444988,0.24169344,0.002827599,0.000961103
ISIC_0031040,HAM_0006898,akiec,4,0.123934515,0.2185765,0.0042532487,0.016512677,0.6287771,0.0067900377,0.0011559803
ISIC_0031929,HAM_0001499,akiec,4,0.93657255,0.0005661446,0.008331629,0.000120421486,0.05283781,0.0012548205,0.0003166493
ISIC_0031191,HAM_0005931,akiec,4,0.013434466,0.001876845,0.120271124,0.00059520756,0.82673395,0.034475084,0.0026133868
ISIC_0025948,HAM_0002672,akiec,4,0.02628854,0.0070272624,0.03465702,0.00023181307,0.90833527,0.02220212,0.0012580743
ISIC_0030242,HAM_0006898,akiec,4,0.9948413,0.0005186641,0.00029769834,0.0001472275,0.0040104813,8.323489e-05,0.00010138572
ISIC_0030714,HAM_0003989,akiec,4,0.9607341,0.0018205579,0.0052478216,0.00079534296,0.0300791,0.00075522484,0.0005678511
ISIC_0029634,HAM_0003971,akiec,4,0.8911384,7.768007e-05,0.009474031,0.00014512548,0.09843286,0.0005339665,0.00019797595
ISIC_0030803,HAM_0004012,akiec,4,0.5643759,0.0019479453,0.43103498,0.0009300819,0.00033619604,0.0008771507,0.00049783697
ISIC_0025831,HAM_0004012,akiec,4,0.039346293,0.0094165625,0.94677913,0.0003991498,0.00024929416,0.003335519,0.00047400207
ISIC_0028381,HAM_0004522,akiec,4,0.8723789,0.0005597088,0.016826948,0.0028011024,0.10541897,0.0015007867,0.00051361765
ISIC_0030602,HAM_0007555,akiec,4,0.7466415,0.00030628385,0.17155126,0.022464205,0.043651156,0.015129697,0.00025590978
ISIC_0032349,HAM_0003086,akiec,4,0.7732109,0.04866338,0.17252667,0.0004210207,0.0040892614,0.0006701663,0.00041856105
ISIC_0028854,HAM_0005356,akiec,4,0.9909204,1.7108794e-05,0.00033290408,4.1525655e-05,0.008506425,0.00011680327,6.482063e-05
ISIC_0031609,HAM_0004363,akiec,4,0.046168044,0.00020281794,0.94744813,0.0003436599,0.003239923,0.002377333,0.00022015678
ISIC_0024517,HAM_0001894,akiec,4,0.31813997,0.63269687,0.005347098,0.003607443,0.002147801,0.036827374,0.0012333784
ISIC_0024771,HAM_0006301,akiec,4,0.9867447,0.008570428,0.00030464857,0.0004351123,0.0034341414,0.00017891884,0.00033198716
ISIC_0027753,HAM_0006481,akiec,4,0.011911249,0.0020650695,0.050178844,0.0038959186,0.8747971,0.05686008,0.00029174727
ISIC_0026492,HAM_0006481,akiec,4,0.1812573,0.003821116,0.28046274,0.0028815144,0.49030846,0.040771127,0.0004978067
ISIC_0030375,HAM_0007037,akiec,4,0.9977203,0.00035316637,0.0015781516,4.984566e-05,0.00013979562,5.759655e-05,0.000101183854
ISIC_0031292,HAM_0007008,akiec,4,0.98971444,0.0013597462,0.007728211,0.00012430645,0.0009616479,6.524952e-05,4.6268837e-05
ISIC_0031570,HAM_0001178,akiec,4,0.9974661,0.00063746836,0.00030675807,4.2458207e-05,0.0012215738,2.4429368e-05,0.0003012658
ISIC_0025637,HAM_0001460,akiec,4,0.1999275,0.009197901,0.786109,0.0009478039,0.0016217432,0.0013790464,0.000817058
ISIC_0032277,HAM_0001624,akiec,4,0.028155046,0.00016305943,0.17742482,0.00047552868,0.772205,0.021314899,0.00026158805
ISIC_0032371,HAM_0006483,akiec,4,0.9952513,0.004225262,0.00018564504,5.460927e-05,0.00018893718,3.7240286e-05,5.711836e-05
ISIC_0029210,HAM_0004060,akiec,4,0.97915465,0.0006766141,0.003086149,0.00027985976,0.014062695,0.0016828331,0.0010572117
ISIC_0032154,HAM_0002307,akiec,4,0.48011646,0.0038491671,0.270375,0.00083244086,0.19723192,0.04641408,0.0011808283
ISIC_0026549,HAM_0002307,akiec,4,0.2998062,0.0098081585,0.5892895,0.0021005492,0.030867344,0.066895805,0.0012324398
ISIC_0029598,HAM_0003401,akiec,4,0.14095083,0.17354186,0.58251584,0.0010877956,0.092618525,0.008506188,0.0007789323
ISIC_0029002,HAM_0003401,akiec,4,0.23567477,0.14378399,0.61010104,0.00045407162,0.0066270754,0.002221961,0.0011370854
ISIC_0026178,HAM_0007349,akiec,4,0.88061833,0.036668327,0.07472595,0.002903104,0.0045074066,0.00043404373,0.00014285312
ISIC_0032014,HAM_0007349,akiec,4,0.7237209,0.036172967,0.23726355,0.00043449848,0.0018544886,0.00047164364,8.195937e-05
ISIC_0027184,HAM_0007349,akiec,4,0.39004105,0.31958818,0.27929473,0.0036097367,0.0042574643,0.0017575279,0.0014513613
ISIC_0029462,HAM_0007349,akiec,4,0.08367656,0.18240981,0.7285246,0.00096094515,0.0017231369,0.00230744,0.0003974642
ISIC_0025577,HAM_0000005,akiec,4,0.99649894,4.0474624e-05,0.0016294336,0.00021966011,0.0010815351,0.0004317569,9.823809e-05
ISIC_0030591,HAM_0000005,akiec,4,0.99807525,5.8753438e-05,0.0010529341,4.3153166e-05,0.0004383928,0.00028708414,4.4436125e-05
ISIC_0024579,HAM_0000005,akiec,4,0.766719,0.0038654625,0.22225806,0.0011823584,0.0033748106,0.002263529,0.00033677227
ISIC_0029638,HAM_0000005,akiec,4,0.99770564,0.0001105858,0.0008801585,0.00018125997,0.00094360963,0.00010844688,7.029261e-05
ISIC_0025029,HAM_0003105,akiec,4,0.9067934,0.0012596239,0.06607392,0.0003194172,0.00507521,0.018930495,0.0015478515
ISIC_0026388,HAM_0003105,akiec,4,0.9816726,0.00034782538,0.010095698,0.00014989031,0.0024017466,0.0048321574,0.00050018687
ISIC_0027580,HAM_0005648,akiec,4,0.041734826,0.9554624,0.002020883,0.0001487657,0.00041844786,6.1292274e-05,0.00015348803
ISIC_0025803,HAM_0005024,akiec,4,0.6634212,0.0007470282,0.3226948,0.0002444267,0.011031232,0.0013200685,0.0005412262
ISIC_0033000,HAM_0006442,akiec,4,0.9618595,0.015216555,0.021882022,0.00041108966,0.000423725,4.102262e-05,0.00016609523
ISIC_0033295,HAM_0006442,akiec,4,0.33952898,0.30554304,0.3388665,0.0058762496,0.008429677,0.00044697474,0.0013086101
ISIC_0024468,HAM_0006301,akiec,4,0.9991374,0.00020190791,8.3921506e-05,2.3763796e-05,0.00045595173,1.8291646e-05,7.883697e-05
ISIC_0031823,HAM_0006301,akiec,4,0.99206245,0.005026027,0.0007752957,5.2246807e-05,0.0019339252,1.9637937e-05,0.00013032631
ISIC_0029460,HAM_0000545,akiec,4,0.8821266,0.0012028327,0.07142613,0.00045743637,0.04374728,0.0008004772,0.00023917617
ISIC_0024539,HAM_0002551,akiec,4,0.00019921392,0.0007373739,0.9974267,0.00013853156,0.00034589562,0.0010222438,0.0001300113
ISIC_0027668,HAM_0001386,akiec,4,0.022139918,0.0016781136,0.06560723,0.003608511,0.46529436,0.44053185,0.0011399125
ISIC_0029827,HAM_0002699,akiec,4,0.96568066,0.00046859044,0.019683227,0.0024841798,0.008428529,0.0028232036,0.00043168574
ISIC_0026857,HAM_0004363,akiec,4,0.9711538,0.0002328286,0.0036885838,0.0016383985,0.018805493,0.0038084604,0.00067239744
ISIC_0030825,HAM_0004060,akiec,4,0.97952193,0.0069040526,0.007906843,0.00074922445,0.00035948184,0.0033447004,0.0012137385
ISIC_0030036,HAM_0007008,akiec,4,0.99348444,0.0004484731,0.0051879343,0.00026031784,0.00043509973,9.129096e-05,9.2367074e-05
ISIC_0024654,HAM_0005705,akiec,4,0.0015976952,0.020891927,0.89313155,0.003832671,0.050337855,0.028472342,0.0017359761
ISIC_0026765,HAM_0001474,akiec,4,0.83549976,0.1521558,0.007466144,0.00017301243,0.0034295348,0.0003440763,0.00093165
ISIC_0026650,HAM_0000545,akiec,4,0.8004001,0.0011064175,0.058664247,0.00015388819,0.13908866,0.00031823458,0.00026850431
ISIC_0032947,HAM_0006442,akiec,4,0.62365246,0.05169488,0.30335087,0.016336663,0.003256687,0.000824224,0.0008842632
ISIC_0029309,HAM_0005579,akiec,4,0.95912904,0.00012428894,0.019218424,7.657219e-05,0.02069906,0.00055322965,0.0001993905
ISIC_0028393,HAM_0005579,akiec,4,0.9827791,6.6458466e-05,0.003989031,6.5045875e-05,0.012566183,0.00038095107,0.00015331806
ISIC_0033705,HAM_0001576,akiec,4,0.9704542,6.999404e-05,0.0006405181,5.031645e-05,0.027963197,0.0006129798,0.00020875965
ISIC_0031430,HAM_0005705,akiec,4,0.0019213522,0.0016595472,0.6774011,0.0038435198,0.12827815,0.17602171,0.010874576
ISIC_0031967,HAM_0004341,bkl,4,0.0012269448,0.15743604,0.8137047,0.012860191,0.0013794912,0.012788181,0.0006044233
ISIC_0031584,HAM_0004341,bkl,4,0.00034912233,0.033453856,0.94573647,0.0101209795,0.0010131829,0.008473963,0.00085235276
ISIC_0032306,HAM_0001853,bkl,4,5.7879854e-05,2.5860207e-05,0.9996948,7.6640914e-05,7.926705e-05,5.879133e-05,6.7856813e-06
ISIC_0031542,HAM_0003014,bkl,4,0.7593221,0.0058372626,0.20277835,0.0017750567,0.021291958,0.008779902,0.0002153388
ISIC_0024741,HAM_0000770,bkl,4,0.0711814,0.00023420343,0.9212933,0.0005175773,0.0047653653,0.0016855088,0.00032262885
ISIC_0027991,HAM_0002722,bkl,4,0.20698102,0.020735472,0.100973055,0.002641373,0.6513919,0.016901089,0.00037609262
ISIC_0031289,HAM_0002722,bkl,4,0.001408913,0.00022770799,0.9953767,7.7021126e-05,0.002560572,0.000336038,1.3099779e-05
ISIC_0030172,HAM_0002722,bkl,4,0.001674406,0.00026645383,0.9693876,0.00012685105,0.024268145,0.0042440253,3.2578042e-05
ISIC_0028201,HAM_0005049,bkl,4,0.0046947803,0.0008158927,0.841347,0.000314862,0.1514356,0.0008295509,0.0005623995
ISIC_0029612,HAM_0004396,bkl,4,0.00873894,0.02735508,0.95773035,0.00039673125,0.00024062967,0.005153689,0.0003845251
ISIC_0028913,HAM_0004396,bkl,4,0.002999974,0.0010319651,0.98611176,0.0010846633,0.00035628953,0.00790195,0.00051336037
ISIC_0029443,HAM_0004396,bkl,4,0.0005011235,0.0060692676,0.99122447,0.00013098145,0.00013278451,0.0018074812,0.00013382595
ISIC_0029927,HAM_0000999,bkl,4,0.0006466406,5.8282192e-05,0.9988102,0.00022949978,0.00014145978,9.808205e-05,1.5855854e-05
ISIC_0026567,HAM_0000999,bkl,4,0.0007331616,0.00015293046,0.9986533,0.00016026974,0.00011657081,0.00016722475,1.6420623e-05
ISIC_0028094,HAM_0005404,bkl,4,0.00076512457,0.0021395674,0.97523063,0.0024904395,0.0044245394,0.014054292,0.0008953953
ISIC_0029455,HAM_0005404,bkl,4,0.011867877,0.096170284,0.8405775,0.010911867,0.009301567,0.028410539,0.0027602992
ISIC_0033553,HAM_0005898,bkl,4,8.081187e-05,8.1924314e-05,0.9984895,0.0002907307,6.9936854e-05,0.0009100601,7.711123e-05
ISIC_0033401,HAM_0005898,bkl,4,0.00010546784,0.00010828572,0.9981706,0.00032502247,7.326978e-05,0.0011461321,7.115435e-05
ISIC_0033391,HAM_0001186,bkl,4,0.0016140203,0.010986826,0.96987355,0.0020704202,0.0077000596,0.0074823108,0.00027290935
ISIC_0032740,HAM_0001561,bkl,4,1.47559485e-05,0.000105214574,0.999183,5.7680987e-05,0.0001305586,0.00048936624,1.9358484e-05
ISIC_0030316,HAM_0000441,bkl,4,0.00015084755,7.795358e-05,0.99763703,0.0010960017,7.1814204e-05,0.000905075,6.142595e-05
ISIC_0025330,HAM_0000453,bkl,4,0.00020761912,2.2423721e-05,0.98804027,0.00018126555,0.0018058582,0.009686407,5.615345e-05
ISIC_0025804,HAM_0001443,bkl,4,7.961675e-05,2.0268346e-05,0.00064178964,0.00038590594,0.00048238292,0.9982389,0.00015108605
ISIC_0027275,HAM_0002280,bkl,4,0.00037685104,0.0001858275,0.97791517,0.00072356744,0.0013865646,0.017650684,0.0017613613
ISIC_0025131,HAM_0006124,bkl,4,4.139148e-05,4.3124473e-05,0.9993616,9.129451e-05,5.5481174e-05,0.00033059524,7.657797e-05
ISIC_0031761,HAM_0000296,bkl,4,0.0001920084,0.00015189113,0.7946556,0.0024246143,0.0009497245,0.2009204,0.00070577534
ISIC_0027008,HAM_0005276,df,4,0.0006973002,0.074685715,0.00028561306,0.68948513,0.17162643,0.058908433,0.0043112943
ISIC_0028790,HAM_0005276,df,4,0.000909379,0.06006554,0.00052119343,0.77970284,0.1535326,0.002335827,0.002932646
ISIC_0024386,HAM_0005112,df,4,1.7178887e-05,9.1786234e-05,9.009887e-05,0.99887425,0.000108786175,0.00023579052,0.0005820931
ISIC_0032079,HAM_0005555,mel,4,0.0005101901,0.06137897,0.0005362434,0.0002137199,0.93058854,0.0066746525,9.7657176e-05
ISIC_0032182,HAM_0006651,mel,4,0.0039310143,0.015302686,0.00033073287,0.0005023413,0.9407531,0.0015085273,0.037671633
ISIC_0033286,HAM_0005758,mel,4,0.0021018148,4.4049855e-05,0.00020289037,3.430606e-05,0.99715924,0.00042304053,3.4575125e-05
ISIC_0032586,HAM_0005758,mel,4,0.00018029689,1.814179e-05,0.0004717829,1.3909794e-05,0.99872404,0.00057382236,1.8071065e-05
ISIC_0033241,HAM_0006545,mel,4,8.442104e-05,1.8009416e-05,0.00015346505,0.00011393422,0.034865536,0.9646944,7.019284e-05
ISIC_0032598,HAM_0006545,mel,4,0.000106433785,1.9630674e-05,5.691429e-05,8.884195e-05,0.20746507,0.79219437,6.865173e-05
ISIC_0034289,HAM_0006545,mel,4,0.00010489138,3.7327194e-05,0.00016761594,0.00015336307,0.32576808,0.67367524,9.347471e-05
ISIC_0033651,HAM_0004998,mel,4,1.6440166e-05,1.0887531e-05,2.3116529e-05,1.2265112e-05,0.9978911,0.002030696,1.5565238e-05
ISIC_0033304,HAM_0004998,mel,4,2.41262e-05,2.1967156e-05,2.8178856e-05,9.901372e-06,0.9966995,0.0031909184,2.5432624e-05
ISIC_0032081,HAM_0005078,mel,4,0.43867895,0.0001747573,0.009890073,0.00023378775,0.5416962,0.009095604,0.0002306132
ISIC_0032869,HAM_0003495,mel,4,0.68021786,0.00012357981,0.0024926423,0.00013732575,0.3163307,0.0004347189,0.00026315587
ISIC_0033524,HAM_0003495,mel,4,0.75344,0.0003025033,0.0022124113,0.00040153528,0.24270263,0.0005298739,0.00041105735
ISIC_0034101,HAM_0004853,mel,4,0.00010526008,0.00018116407,0.0003705169,3.995222e-05,0.9991272,0.00013423586,4.1543735e-05
ISIC_0030333,HAM_0004853,mel,4,3.052991e-05,5.421327e-05,0.001647457,1.4821082e-05,0.9977302,0.0005034283,1.9330337e-05
ISIC_0032695,HAM_0004853,mel,4,7.615766e-05,3.0770476e-05,7.608331e-05,1.13419555e-05,0.99971694,7.067547e-05,1.8124394e-05
ISIC_0033730,HAM_0001647,mel,4,2.5413847e-05,1.5324224e-05,0.00024193064,2.8910372e-05,0.99402034,0.0056510186,1.7062048e-05
ISIC_0032975,HAM_0001647,mel,4,2.8289169e-05,1.3066059e-05,3.246538e-05,1.9310388e-05,0.99864906,0.0012434962,1.4266422e-05
ISIC_0029092,HAM_0004427,mel,4,0.0001748309,0.00023896551,0.00095347036,0.00049804687,0.7993495,0.1974254,0.0013597943
ISIC_0027838,HAM_0007016,mel,4,0.00074813236,0.00050227233,0.00095221505,0.011834928,0.3875422,0.597897,0.00052330166
ISIC_0029937,HAM_0000766,mel,4,0.00014011569,0.0007701383,0.0021088421,0.04300325,0.92666143,0.02696336,0.00035293947
ISIC_0028847,HAM_0006006,mel,4,0.0025171647,1.8213761e-05,0.00031230313,7.189626e-05,0.9890708,0.007976131,3.356573e-05
ISIC_0024961,HAM_0006006,mel,4,0.011369438,6.048262e-05,0.027327185,0.0020939123,0.919203,0.039838552,0.00010740157
ISIC_0030784,HAM_0005078,mel,4,0.13134362,0.00019176587,0.13845581,0.0010737705,0.7226283,0.0060522147,0.0002545452
ISIC_0028685,HAM_0006423,mel,4,0.049453676,0.043536294,0.35538596,0.00051685196,0.5324565,0.017669884,0.0009808127
ISIC_0031170,HAM_0003428,mel,4,0.0005982754,0.0023136698,0.4725629,0.0003607524,0.50107944,0.02269258,0.00039235858
ISIC_0024652,HAM_0003428,mel,4,0.0011304212,0.00019254425,0.0798312,0.00018808396,0.8994554,0.01911029,9.202357e-05
ISIC_0028103,HAM_0002338,mel,4,0.0037807778,0.0011629673,0.95612514,0.00035642108,0.034020092,0.0044361237,0.00011845703
ISIC_0028352,HAM_0006423,mel,4,0.019435057,0.025459731,0.13898467,0.00018048263,0.8108114,0.0049428293,0.00018584843
ISIC_0028431,HAM_0004653,vasc,4,2.7483251e-05,6.097425e-05,0.00011073405,0.00015313963,0.00011810623,0.0014614868,0.99806803
ISIC_0024375,HAM_0005245,vasc,4,1.5352058e-05,4.2058517e-05,3.080073e-05,3.0501407e-05,3.693572e-05,0.00012112235,0.99972326
ISIC_0028095,HAM_0001926,bcc,4,0.0006849378,0.9976947,0.0008140295,2.45306e-05,0.00043227497,0.00031288003,3.6681224e-05
ISIC_0032414,HAM_0001926,bcc,4,0.01021019,0.98123884,0.0056911567,9.960962e-05,0.0009722169,0.0015475415,0.00024035526
ISIC_0030659,HAM_0001618,bcc,4,0.02494764,0.94811374,0.00453776,0.0006412386,0.0060365573,0.015588981,0.00013414865
ISIC_0032497,HAM_0001759,bcc,4,0.8468546,0.03676573,0.022390237,0.013917271,0.072283186,0.0055413167,0.0022476572
ISIC_0025417,HAM_0002577,bcc,4,0.00030641517,0.9666402,0.009844493,0.00063737796,0.002245403,0.019808894,0.00051717355
ISIC_0028035,HAM_0002577,bcc,4,7.538021e-05,0.9972723,0.00027411847,0.00022791895,9.154958e-05,0.0019650776,9.372062e-05
ISIC_0026074,HAM_0000968,bcc,4,0.000102128586,0.999199,3.117789e-05,4.505452e-05,4.919362e-05,0.00037936107,0.00019418489
ISIC_0025266,HAM_0004300,bcc,4,0.0001818003,0.9992149,3.4782006e-05,5.4987613e-05,0.00027428387,0.000109891196,0.00012929394
ISIC_0032316,HAM_0000868,bcc,4,6.2269595e-05,0.9995565,6.838977e-05,0.00012239513,4.2092586e-05,8.3874766e-05,6.443474e-05
ISIC_0026054,HAM_0002943,nv,4,0.00015099997,3.05579e-05,0.00030532634,5.5876226e-05,0.01537236,0.9698122,0.014272755
ISIC_0031463,HAM_0001263,nv,4,2.0425183e-05,7.4774052e-06,4.914123e-05,4.7258658e-05,0.00074286823,0.99911004,2.2719281e-05
ISIC_0027836,HAM_0002994,nv,4,2.4741512e-05,9.048718e-06,3.8208298e-05,5.7357458e-05,0.0013937211,0.9984419,3.5096164e-05
ISIC_0028690,HAM_0002773,nv,4,0.00016168588,9.8836594e-05,0.15048112,0.0028215183,0.001041024,0.84424865,0.0011472558
ISIC_0031157,HAM_0003238,nv,4,5.4391432e-05,1.6141004e-05,0.002358398,0.00013875781,0.00017540633,0.9971065,0.00015047316
ISIC_0028539,HAM_0002215,nv,4,4.5700406e-05,3.5314533e-05,0.0042776954,9.240756e-05,0.00018252239,0.9948909,0.00047539602
ISIC_0031777,HAM_0006909,nv,4,5.0433873e-06,2.7207036e-06,6.018282e-05,2.7012524e-05,5.1941035e-05,0.999833,2.004462e-05
ISIC_0025052,HAM_0005424,nv,4,3.8890194e-06,4.5378524e-06,7.4928255e-05,5.2085343e-05,0.00016796943,0.9996778,1.8808876e-05
ISIC_0027843,HAM_0006671,nv,4,9.926681e-06,3.1789607e-06,8.908244e-05,5.3141634e-05,0.000583164,0.9992472,1.4330838e-05
ISIC_0030293,HAM_0007618,nv,4,9.004544e-05,0.0001808341,0.0036162236,0.015885565,0.00013837978,0.97420496,0.005884058
ISIC_0028319,HAM_0001464,nv,4,2.00814e-05,9.104586e-06,0.00048486763,3.29152e-05,0.0005676987,0.9987373,0.00014816537
ISIC_0027485,HAM_0003060,nv,4,1.7136517e-05,5.585188e-06,0.00034621885,3.465054e-05,0.0012107851,0.9983588,2.6828211e-05
ISIC_0028833,HAM_0001015,nv,4,2.6469696e-05,2.929491e-06,6.2941865e-05,1.3440414e-05,0.00031622982,0.99955255,2.5356416e-05
ISIC_0028062,HAM_0004964,nv,4,0.00019285233,2.6875672e-05,0.00030399242,0.0001270947,0.0020332553,0.9971993,0.00011662866
ISIC_0024838,HAM_0002264,nv,4,6.8358836e-06,7.3481706e-06,0.00032001798,0.00018494109,0.00015302238,0.9992536,7.410526e-05
ISIC_0027456,HAM_0005323,nv,4,3.3933895e-05,1.8740078e-05,0.0012858561,7.513874e-05,0.00036620692,0.9979684,0.00025159793
ISIC_0026529,HAM_0007109,nv,4,2.0756292e-05,3.5753405e-06,5.292547e-05,2.135252e-05,0.00031561693,0.99956554,2.021616e-05
ISIC_0027557,HAM_0005169,nv,4,5.838836e-06,8.748029e-06,4.855492e-05,1.805527e-05,7.107083e-05,0.9998022,4.5635403e-05
ISIC_0026227,HAM_0000986,nv,4,1.1409594e-05,1.1566656e-05,3.9687515e-05,4.7176138e-05,6.0427654e-05,0.9998035,2.62703e-05
ISIC_0025109,HAM_0005031,nv,4,0.00014256724,4.587978e-05,0.0038009898,0.00023875515,0.00020144507,0.994902,0.00066829886
ISIC_0024989,HAM_0002035,nv,4,1.2432269e-05,2.2600041e-05,6.776842e-05,0.000117150514,3.5763795e-05,0.9997068,3.7370493e-05
ISIC_0029218,HAM_0005633,nv,4,3.393334e-05,1.4709014e-05,0.007284752,0.00017048646,7.332531e-05,0.9921218,0.00030097138
ISIC_0029871,HAM_0003529,nv,4,1.4908737e-05,3.7328864e-06,2.686474e-05,2.5114157e-05,0.00018547935,0.9997181,2.5759988e-05
ISIC_0025017,HAM_0006874,nv,4,2.713693e-05,1.3381379e-05,3.8045622e-05,9.829811e-05,0.010365186,0.9893483,0.00010976661
ISIC_0027901,HAM_0004320,nv,4,1.42242925e-05,1.819315e-05,0.00014454861,8.177526e-05,3.0497558e-05,0.99959713,0.00011358916
ISIC_0026235,HAM_0002649,nv,4,2.5534975e-05,3.5205026e-06,5.6458517e-05,4.048723e-05,9.458485e-05,0.99973387,4.5454384e-05
ISIC_0024393,HAM_0001432,nv,4,2.50502e-05,1.2280237e-05,7.032367e-05,7.2485156e-05,0.0024814168,0.9971722,0.00016624456
ISIC_0031343,HAM_0006505,nv,4,0.00014911326,1.0266897e-05,0.00014759209,4.494715e-05,0.0018254629,0.99779177,3.0891693e-05
ISIC_0027148,HAM_0005949,nv,4,4.9643524e-05,3.052481e-05,0.00014343802,0.00015611922,4.7928566e-05,0.99951375,5.8665988e-05
ISIC_0025430,HAM_0002972,nv,4,0.0006416901,0.0006105138,0.0125287995,0.017513828,9.831031e-05,0.96090317,0.0077037085
ISIC_0024621,HAM_0000314,nv,4,3.0264684e-05,4.3985306e-06,3.4260906e-05,3.0176147e-05,0.0001272947,0.99974436,2.9304903e-05
ISIC_0030101,HAM_0004712,nv,4,6.2266395e-06,7.825225e-06,3.551829e-05,0.00018232483,6.9950096e-05,0.9996544,4.3730925e-05
ISIC_0029788,HAM_0004822,nv,4,6.7667155e-05,1.9924393e-05,4.209764e-05,8.339474e-05,0.020326465,0.979384,7.645263e-05
ISIC_0025200,HAM_0002388,nv,4,1.1409405e-05,3.0469027e-06,5.8055022e-05,2.9334786e-05,7.787402e-05,0.9997869,3.3321918e-05
ISIC_0025059,HAM_0000450,nv,4,1.185163e-05,8.755929e-06,2.1107191e-05,0.00014528407,0.0010310012,0.9987525,2.9505445e-05
ISIC_0029073,HAM_0001774,nv,4,6.7160363e-06,6.586137e-06,0.0004090646,3.834736e-05,0.00035160416,0.9991442,4.3453252e-05
ISIC_0026257,HAM_0002630,nv,4,6.0978222e-05,6.408255e-06,3.1789932e-05,3.5533565e-05,0.0007256584,0.99910814,3.154254e-05
ISIC_0031227,HAM_0002252,nv,4,2.7771935e-05,4.9646674e-06,5.2317282e-05,4.567653e-05,0.0001090652,0.99972636,3.3861143e-05
ISIC_0028391,HAM_0005528,nv,4,7.898055e-06,5.0210583e-05,0.00039455135,8.803631e-05,0.00018866186,0.99915314,0.000117429154
ISIC_0029587,HAM_0003160,nv,4,1.5032202e-05,4.361823e-06,3.387559e-05,1.1225664e-05,0.00074074446,0.9991767,1.8043975e-05
ISIC_0030147,HAM_0004366,nv,4,1.1078264e-05,7.0006326e-06,9.852277e-05,0.00014193938,4.230176e-05,0.9996307,6.839484e-05
ISIC_0030924,HAM_0004049,nv,4,0.011305371,0.00029602833,0.006562244,0.00029257947,0.0006677619,0.9806039,0.00027218193
ISIC_0025494,HAM_0000677,nv,4,8.718918e-05,1.3647933e-05,0.0002918146,0.00010094387,0.00021322914,0.99924964,4.35428e-05
ISIC_0028563,HAM_0002126,nv,4,0.00013593715,1.8577632e-05,0.00028317905,0.00016111437,0.0042165094,0.9951315,5.3129883e-05
ISIC_0024903,HAM_0004238,nv,4,2.278272e-05,8.613632e-06,0.001092386,5.286805e-05,0.00060327287,0.9979938,0.00022630888
ISIC_0030216,HAM_0001951,nv,4,0.00036248096,7.509495e-05,0.011679942,0.00013651159,0.0280735,0.95917743,0.00049496914
ISIC_0030345,HAM_0004598,nv,4,1.4330885e-05,0.00025008278,0.00010527307,0.00012034308,7.815594e-05,0.9992505,0.00018145202
ISIC_0026973,HAM_0003557,nv,4,2.8176177e-05,6.6663374e-06,0.00026267007,3.3264558e-05,3.9657247e-05,0.9995289,0.00010072587
ISIC_0031047,HAM_0002594,nv,4,4.536581e-05,6.211966e-06,0.00012063701,2.9635634e-05,0.00046042114,0.99924845,8.925671e-05
ISIC_0027979,HAM_0003272,nv,4,0.00014556492,0.0005135587,0.0059991446,0.0012498373,0.0005046102,0.9913214,0.00026591087
ISIC_0027635,HAM_0006394,nv,4,2.1482425e-05,5.8566617e-05,0.00019306673,0.00010824776,0.0017351285,0.99782073,6.2771476e-05
ISIC_0024521,HAM_0007330,nv,4,3.2270644e-05,1.2798824e-05,6.205162e-05,2.92968e-05,0.00038647535,0.9994679,9.23667e-06
ISIC_0030811,HAM_0001156,nv,4,2.5530786e-05,4.1232547e-06,8.998569e-05,2.8817383e-05,0.00022677696,0.99956983,5.4846227e-05
ISIC_0025764,HAM_0003270,nv,4,9.252754e-05,0.00012984916,0.0019629304,0.0019343862,5.0601975e-05,0.99521035,0.0006194757
ISIC_0030715,HAM_0003339,nv,4,2.0897623e-05,6.153243e-06,5.6034278e-05,4.4283493e-05,0.00030589112,0.99951565,5.101979e-05
ISIC_0031393,HAM_0006247,nv,4,9.815233e-06,4.925779e-06,2.6113468e-05,2.3683886e-05,0.00023990058,0.99967504,2.0597023e-05
ISIC_0030195,HAM_0004110,nv,4,1.3535925e-05,7.652518e-06,0.00094709004,7.751445e-05,5.749146e-05,0.9988218,7.490981e-05
ISIC_0025070,HAM_0002913,nv,4,1.3181878e-05,3.3920048e-06,4.809973e-05,3.9200393e-05,0.00017232799,0.9996606,6.325678e-05
ISIC_0030628,HAM_0002707,nv,4,5.548726e-06,3.911649e-06,0.00012079981,3.2370266e-05,0.00016632755,0.9996203,5.0578637e-05
ISIC_0030670,HAM_0000726,nv,4,1.6553282e-05,7.417559e-06,0.0006875585,6.761373e-05,0.00013205844,0.998887,0.0002018573
ISIC_0030996,HAM_0007222,nv,4,4.7754722e-05,8.193841e-06,0.00083091145,0.00010238838,0.00017450903,0.9988103,2.5938449e-05
ISIC_0027929,HAM_0003442,nv,4,8.679964e-06,3.2945427e-06,3.522994e-05,2.43198e-05,0.00010321844,0.9998037,2.1462147e-05
ISIC_0029155,HAM_0007379,nv,4,4.7896065e-05,1.8903476e-05,0.0005192234,0.00031631187,7.3390256e-05,0.998836,0.00018823396
ISIC_0029411,HAM_0002866,nv,4,0.00026207019,4.991937e-05,0.0010248229,0.00043356002,0.008661639,0.9894855,8.246404e-05
ISIC_0030831,HAM_0002926,nv,4,1.063084e-05,1.0006275e-05,2.6517948e-05,9.5238676e-05,0.00041037836,0.99942076,2.6543858e-05
ISIC_0026012,HAM_0000028,nv,4,0.00020398406,0.0006975221,0.0016691883,0.00021502972,0.0333144,0.96224684,0.0016529668
ISIC_0029752,HAM_0000028,nv,4,4.243135e-05,0.00023643208,0.0009028585,7.446935e-05,0.0012856509,0.9968352,0.00062291557
ISIC_0027861,HAM_0003343,nv,4,0.0015714371,0.0012406835,0.089564525,0.0002391123,0.89054555,0.01656777,0.00027094973
ISIC_0031615,HAM_0000569,nv,4,0.0005515035,0.00018204424,0.28708425,0.0005531216,0.00092811533,0.71054035,0.00016065348
ISIC_0031592,HAM_0000569,nv,4,0.00020047146,0.00016266412,0.5022452,0.00064523664,0.0021192683,0.49445865,0.00016848449
ISIC_0026618,HAM_0006916,nv,4,0.00056864193,0.00075332815,0.0025936698,0.0788176,0.13887061,0.77758956,0.0008066262
ISIC_0026670,HAM_0006916,nv,4,8.0099366e-05,8.443671e-05,0.00090005645,0.0038707273,0.037558638,0.95736486,0.00014112898
ISIC_0030429,HAM_0006146,nv,4,0.0033204774,0.102894306,0.6579777,0.0048596575,0.002807066,0.2216901,0.006450587
ISIC_0028159,HAM_0006146,nv,4,0.0011044119,0.59721774,0.08545123,0.0009066919,0.006052581,0.30742136,0.0018459331
ISIC_0032542,HAM_0003852,nv,4,0.00013173363,2.678946e-05,7.4839976e-05,0.00036284127,0.9728727,0.026489213,4.189951e-05
ISIC_0034224,HAM_0003852,nv,4,0.00016103649,3.839922e-05,0.0004164749,0.00028512278,0.91990113,0.07913388,6.393089e-05
ISIC_0032587,HAM_0003288,nv,4,0.00027189744,3.215794e-05,0.00029284507,0.0003460682,0.91306794,0.085929655,5.949508e-05
ISIC_0033824,HAM_0003288,nv,4,5.389379e-05,8.112943e-06,0.00010645042,8.2098006e-05,0.008844944,0.9908825,2.2010234e-05
ISIC_0033830,HAM_0003288,nv,4,0.00026040158,1.7574064e-05,0.00022568915,0.00019023502,0.03931317,0.95994127,5.165305e-05
ISIC_0032858,HAM_0007148,nv,4,0.00025653638,6.83081e-05,0.0012474151,7.785808e-05,0.25341365,0.74482405,0.00011218195
ISIC_0033965,HAM_0007148,nv,4,0.00015534805,7.918921e-05,0.00050688564,0.00014199963,0.33946338,0.6594648,0.00018848671
ISIC_0032920,HAM_0005198,nv,4,0.008626329,0.0064671347,0.08390804,0.0011499084,0.10401812,0.7953202,0.0005102688
ISIC_0033673,HAM_0005198,nv,4,0.00017548907,2.6135116e-05,0.002625806,0.00022227265,0.14612038,0.8507766,5.320846e-05
ISIC_0031290,HAM_0001872,nv,4,0.00079834764,0.00017588824,0.010282598,0.00026147356,0.12874024,0.8593998,0.00034169253
ISIC_0033703,HAM_0005594,nv,4,8.8604465e-05,0.00025839638,0.00965845,0.00011715281,0.15197144,0.8377535,0.00015249793
ISIC_0034245,HAM_0005594,nv,4,7.0377326e-05,0.0007087065,0.016512599,0.00014050982,0.076428086,0.9059703,0.0001694872
ISIC_0028290,HAM_0000348,nv,4,4.5928587e-05,5.72708e-05,0.00014091848,0.0031086118,0.0002342719,0.9959604,0.0004525642
ISIC_0025618,HAM_0001612,nv,4,0.00056452816,0.00025050787,0.0052281898,0.001019238,0.025328899,0.9663707,0.0012378689
ISIC_0030305,HAM_0007577,nv,4,0.0002729094,7.446371e-05,0.00017551662,0.00017897837,0.40509397,0.59403104,0.0001731333
ISIC_0029188,HAM_0001872,nv,4,0.0013207957,0.00025380735,0.020123076,0.00039157196,0.15461369,0.8228753,0.0004217396
ISIC_0027800,HAM_0001872,nv,4,0.0018417344,0.0002285029,0.020730501,0.00042606666,0.08279534,0.8936177,0.00036018834
ISIC_0028092,HAM_0006039,nv,4,0.00025456122,2.3886907e-05,0.00079025363,0.00027849083,0.06247183,0.93612313,5.7751135e-05
ISIC_0028212,HAM_0006266,nv,4,0.0010783669,8.4836225e-05,0.0034404562,8.752922e-05,0.08964505,0.90538293,0.00028089705
ISIC_0027401,HAM_0007046,nv,4,0.0001985326,4.9322247e-05,7.609396e-05,8.422833e-05,0.90949136,0.09005184,4.8557573e-05
ISIC_0028637,HAM_0007046,nv,4,0.0005300376,4.5153025e-05,0.0007471079,0.00028426334,0.7492696,0.24902077,0.000103154634
ISIC_0025443,HAM_0002497,nv,4,0.018977681,0.00031340716,0.01106283,0.0013428928,0.2385344,0.72901994,0.0007488936
ISIC_0028857,HAM_0002107,nv,4,0.000419903,4.521858e-05,0.0013105568,0.000101108635,0.50870985,0.48922148,0.00019187048
ISIC_0030981,HAM_0001552,nv,4,0.00015270266,0.00014067629,0.0009473684,0.00048057202,0.21168776,0.7865154,7.54458e-05
ISIC_0025899,HAM_0001552,nv,4,4.711913e-05,0.00013189102,0.00015062428,0.00018186508,0.7788469,0.22054368,9.8013086e-05
ISIC_0024781,HAM_0003919,nv,4,0.00026609478,0.6640536,0.011548014,0.0024160934,0.051961925,0.2631125,0.006641796
ISIC_0025463,HAM_0007075,nv,4,0.00014739296,9.2416485e-05,0.00026045708,6.8276866e-05,0.83868176,0.1606917,5.8059108e-05
ISIC_0032195,HAM_0007075,nv,4,0.00020658418,0.0001235982,0.0025240947,0.0001346897,0.27273473,0.724196,8.0269965e-05
ISIC_0031802,HAM_0003836,nv,4,7.259417e-05,2.8428285e-05,0.00043396789,0.00025362612,0.008276808,0.99090004,3.4560006e-05
ISIC_0029174,HAM_0001381,nv,4,0.0012565837,0.0024735217,0.0017318627,0.00033263655,0.00549378,0.004852536,0.9838591
ISIC_0028870,HAM_0001381,nv,4,0.01081478,0.009469737,0.21385297,0.0028322458,0.08341953,0.43538305,0.24422775
ISIC_0028643,HAM_0005537,nv,4,0.011460804,0.0014478582,0.8649428,0.022474803,0.023276145,0.075725615,0.00067200273
ISIC_0024657,HAM_0005537,nv,4,0.0034235793,0.00059087586,0.082059495,0.0007691438,0.007954232,0.9049096,0.00029307662
ISIC_0032279,HAM_0004991,nv,4,6.636711e-05,0.00021995958,0.0009941135,0.00015967354,0.020851927,0.97760195,0.00010605435
ISIC_0032412,HAM_0002234,nv,4,0.0006512317,4.307941e-05,0.00026804907,0.00011551187,0.73324317,0.26556307,0.000115963965
ISIC_0031011,HAM_0003919,nv,4,0.00029026752,0.041026555,0.036650486,0.0021871054,0.493019,0.423352,0.003474566
ISIC_0028809,HAM_0004991,nv,4,0.000117493444,0.0001743237,0.0023610715,0.00046469562,0.11282239,0.8839571,0.0001028807
ISIC_0032344,HAM_0003919,nv,4,0.0010938537,0.49907374,0.119820654,0.0030707861,0.035194803,0.33440846,0.0073377136
ISIC_0026260,HAM_0000187,nv,4,0.00015467839,4.3416534e-05,0.0036145232,7.060977e-05,0.020881556,0.97517437,6.0988426e-05
ISIC_0028596,HAM_0003322,nv,4,0.0014919097,0.00014938739,0.19722286,0.0009106512,0.001402204,0.79852945,0.00029363105
ISIC_0026295,HAM_0006967,nv,4,3.5882713e-05,0.00062648125,0.00014902046,0.00067738775,0.17126352,0.82668364,0.0005640474
ISIC_0030019,HAM_0006967,nv,4,4.807916e-05,0.00021972571,0.00034432943,0.00054969976,0.33323354,0.6653078,0.00029683055
ISIC_0033011,HAM_0006459,nv,4,5.0145638e-05,9.1054835e-06,0.00029029945,4.8271704e-05,0.0065613715,0.99300027,4.0490377e-05
ISIC_0032979,HAM_0003359,nv,4,0.0016986714,0.00052110996,0.0047870683,0.0002549627,0.19710816,0.79495376,0.000676345
ISIC_0033622,HAM_0003818,nv,4,3.483975e-05,8.6723e-06,1.9353407e-05,2.6843318e-05,0.0029118394,0.99697185,2.6582453e-05
ISIC_0034302,HAM_0004215,nv,4,0.00010102529,1.1809291e-05,8.582283e-05,0.00018124387,0.036892425,0.9626838,4.3962616e-05
ISIC_0033187,HAM_0003034,nv,4,7.013545e-05,4.2705797e-05,0.00013785598,6.237976e-05,0.06800806,0.9315163,0.00016243407
ISIC_0031649,HAM_0003322,nv,4,0.0041751103,0.0010653422,0.87500846,0.0004380703,0.0027019132,0.11635611,0.00025502557
ISIC_0031624,HAM_0002092,bkl,4,0.00020719219,0.00017076485,0.91637236,0.00061314885,0.00042141066,0.08181063,0.00040447587
ISIC_0025510,HAM_0002092,bkl,4,4.0801588e-05,4.7054153e-05,0.9947865,0.00010247505,0.00022003343,0.004771613,3.1467505e-05
ISIC_0024623,HAM_0003458,bkl,4,0.0013719895,0.020923464,0.9666911,0.00053780375,0.008561851,0.0012286429,0.0006851797
ISIC_0029613,HAM_0003458,bkl,4,0.00059006584,0.00650059,0.9857249,0.00021813564,0.0064374167,0.00040475465,0.00012404741
ISIC_0032732,HAM_0005299,bkl,4,0.0006328355,0.00016801254,0.47697076,0.00049866235,0.11780347,0.40322167,0.00070460147
ISIC_0032778,HAM_0005299,bkl,4,0.0002559848,0.0001504857,0.11057811,0.0003242278,0.41650316,0.47195992,0.0002281227
ISIC_0033466,HAM_0005299,bkl,4,0.00015178061,9.992974e-05,0.02435667,0.00014653728,0.14775275,0.82732403,0.00016833427
ISIC_0033379,HAM_0002008,bkl,4,3.727807e-05,9.0656446e-05,0.9943171,0.00020489686,0.0004412434,0.004853939,5.4878627e-05
ISIC_0033438,HAM_0002008,bkl,4,6.6602355e-05,0.000110238514,0.98876184,0.00024078302,0.0007165675,0.010001184,0.00010275358
ISIC_0032983,HAM_0002008,bkl,4,0.00010254015,6.016262e-05,0.9600932,0.00019649658,0.0009927889,0.03848365,7.1166345e-05
ISIC_0034024,HAM_0002008,bkl,4,0.00016830825,8.479615e-05,0.95023906,0.0003818901,0.0031433462,0.045854054,0.00012854328
ISIC_0032654,HAM_0000790,bkl,4,0.01694066,0.0028693394,0.971212,0.00010413365,0.0049942196,0.003701435,0.00017817826
ISIC_0032576,HAM_0000790,bkl,4,4.95316e-05,1.974083e-05,0.99921,1.1673233e-05,0.00037448815,0.00033080752,3.7237091e-06
ISIC_0030118,HAM_0003613,bkl,4,0.0003405677,0.00021500324,0.9715701,0.00033496044,0.009552885,0.017794928,0.00019160169
ISIC_0026775,HAM_0001389,bkl,4,0.09386811,0.0026968545,0.8648827,0.0012239056,0.034330405,0.0026369558,0.00036107984
ISIC_0029031,HAM_0004143,bkl,4,0.111710414,0.23465058,0.64410585,0.00018994075,0.00695557,0.0016846772,0.00070296414
ISIC_0029139,HAM_0007603,bkl,4,0.00016582031,3.841709e-05,0.999008,4.8944643e-05,0.0005162788,0.00020707327,1.5521906e-05
ISIC_0026744,HAM_0001820,bkl,4,0.002734072,0.00017300033,0.31833884,0.000117516036,0.030430948,0.64810574,9.9929544e-05
ISIC_0031519,HAM_0000149,bkl,4,0.011496805,0.0006835601,0.7466922,0.0047587687,0.044754855,0.1910188,0.00059504836
ISIC_0025113,HAM_0000149,bkl,4,0.2641818,0.009066326,0.65003616,0.007993195,0.018310012,0.04944476,0.00096779247
ISIC_0030605,HAM_0001820,bkl,4,0.0020855404,0.00017337878,0.668834,0.00025573725,0.117595956,0.21086939,0.00018600827
ISIC_0024786,HAM_0002227,bkl,4,0.00012482234,4.5473324e-05,0.99771166,4.1973886e-05,0.0012230685,0.0008259547,2.6994725e-05
ISIC_0032111,HAM_0006064,bkl,4,0.00016544572,0.00017749734,0.9933501,7.961463e-05,0.0025816958,0.0035651294,8.0553094e-05
ISIC_0031132,HAM_0006064,bkl,4,0.00020677297,0.00020119561,0.98305297,0.0002154302,0.003144157,0.01300674,0.00017276527
ISIC_0029320,HAM_0006186,bkl,4,0.0031485884,0.0013971776,0.6772551,0.016419072,0.04402024,0.25655544,0.0012044425
ISIC_0029427,HAM_0006186,bkl,4,0.00031498706,0.00016777919,0.9946525,0.0027760966,0.00033958585,0.0016341759,0.000114863265
ISIC_0030173,HAM_0001982,bkl,4,0.00032917858,8.603925e-05,0.9200169,8.004092e-05,0.044918995,0.034373388,0.00019541314
ISIC_0029012,HAM_0001982,bkl,4,0.00038832283,0.0004281584,0.77261806,0.0006709617,0.053197082,0.1723944,0.00030301735
ISIC_0033701,HAM_0004245,bkl,4,0.0009225404,0.00023878622,0.31834188,0.00026021447,0.1690701,0.5106999,0.0004666085
ISIC_0033884,HAM_0004245,bkl,4,0.0007050265,0.00012299475,0.5927989,0.00024797145,0.08473618,0.32104263,0.0003462974
ISIC_0034151,HAM_0006238,bkl,4,7.894822e-05,0.0003989792,0.96598303,0.0015301907,0.0015611331,0.02992029,0.00052753027
ISIC_0032330,HAM_0000090,bkl,4,1.9211315e-05,2.254821e-05,0.9993641,0.000116767755,3.3881945e-05,0.00041742824,2.6054407e-05
ISIC_0029202,HAM_0002355,bkl,4,2.932086e-05,3.0488867e-05,0.9983368,0.00026910348,2.0349671e-05,0.0010305721,0.00028339843
ISIC_0031619,HAM_0005626,bkl,4,0.00067013525,0.000118401455,0.9556766,0.0022831461,0.0074260766,0.03367368,0.0001520305
ISIC_0031196,HAM_0000734,bkl,4,4.1003703e-05,7.1264396e-05,0.99193454,0.001948842,0.00014228086,0.005733561,0.00012854005
ISIC_0028331,HAM_0002962,bkl,4,0.0068860888,0.00024784304,0.8082602,0.0024142954,0.009324682,0.16876005,0.004106855
ISIC_0027612,HAM_0001990,bkl,4,0.00012175912,0.000405916,0.98662436,0.0014624735,0.00096239743,0.010226204,0.00019686406
ISIC_0033422,HAM_0003597,df,4,1.9134764e-05,0.000105019244,0.00019992501,0.9992778,0.00021930679,0.00013987717,3.899451e-05
ISIC_0027488,HAM_0003597,df,4,2.3954533e-05,0.00010782959,0.00019147758,0.9993191,0.00022146813,8.7536515e-05,4.8673846e-05
ISIC_0027216,HAM_0007129,df,4,0.00030910535,0.00013851072,0.0007642964,0.26193973,0.0006046082,0.7346281,0.001615647
ISIC_0029000,HAM_0005481,mel,4,0.00033097435,0.00026855522,0.0011965493,0.00080019335,0.4276684,0.568786,0.0009493255
ISIC_0025955,HAM_0005481,mel,4,7.029185e-05,0.000102875056,0.0007476341,0.00070096675,0.117310286,0.8804626,0.0006054525
ISIC_0033931,HAM_0005490,mel,4,0.00026735815,0.0013399741,0.0015688848,3.970045e-05,0.9967168,5.3947064e-05,1.3272039e-05
ISIC_0033942,HAM_0000322,mel,4,0.001997101,0.0046337727,0.1491829,0.00017096248,0.83696526,0.006931536,0.00011842224
ISIC_0033473,HAM_0000322,mel,4,0.0034473974,0.0034030771,0.8931445,0.00027174046,0.09304001,0.0065636076,0.00012962078
ISIC_0030034,HAM_0006207,mel,4,0.00025503885,0.0026368846,0.0010591734,0.07469014,0.05902709,0.080996245,0.7813353
ISIC_0030356,HAM_0005481,mel,4,0.00052182947,6.531461e-05,0.008158801,0.0013157281,0.11901779,0.8691835,0.0017371092
ISIC_0029591,HAM_0005121,mel,4,0.06693361,0.00041466547,0.08346308,0.00024906316,0.8462464,0.0025166774,0.00017661222
ISIC_0030110,HAM_0001655,mel,4,0.00017117312,4.01051e-05,0.0014089297,9.508629e-05,0.9797171,0.018549947,1.762358e-05
ISIC_0030423,HAM_0005121,mel,4,0.00021850248,7.191388e-05,0.023175705,8.811072e-05,0.970178,0.006207273,6.055755e-05
ISIC_0028897,HAM_0002109,mel,4,0.0011222927,7.422229e-05,0.011167204,7.407747e-05,0.9724105,0.015085928,6.575731e-05
ISIC_0033483,HAM_0007471,bcc,4,0.008723727,0.32259518,0.1069013,0.0017949764,0.5391911,0.019856995,0.000936694
ISIC_0032536,HAM_0007471,bcc,4,0.09846211,0.42065805,0.16044529,0.0019084902,0.2766837,0.036177997,0.0056644124
ISIC_0025617,HAM_0004539,bcc,4,0.00039100822,0.7704007,0.003238891,0.0015525201,0.02685536,0.19516861,0.0023928778
ISIC_0027531,HAM_0004662,bcc,4,0.00063670933,0.9981042,4.51372e-05,6.54182e-05,0.0005926819,0.0004365897,0.00011926959
ISIC_0024331,HAM_0004662,bcc,4,0.00010504409,0.9990263,0.00042976535,5.396656e-05,9.434499e-05,0.00017991169,0.00011062409
ISIC_0028973,HAM_0005665,bcc,4,0.00027803704,0.9992557,0.00019667702,5.2165142e-05,4.5189274e-05,0.00011882557,5.3298e-05
ISIC_0029082,HAM_0005665,bcc,4,0.0009423249,0.9986608,0.00022458812,5.1075815e-05,2.8151706e-05,6.3317064e-05,2.9676108e-05
ISIC_0029351,HAM_0006224,nv,4,6.0164763e-05,4.541475e-05,0.0020890199,0.0026836644,0.00047741013,0.9944823,0.00016211368
ISIC_0032391,HAM_0004481,nv,4,6.2378513e-06,5.5697737e-06,5.852215e-05,0.00016884405,0.00022324559,0.9995003,3.728987e-05
ISIC_0031833,HAM_0006703,nv,4,9.3081886e-05,0.00030164802,0.0014717712,0.01101932,0.0026294868,0.42724812,0.5572366
ISIC_0024327,HAM_0005939,nv,4,1.20461145e-05,6.128567e-06,0.00012130554,3.381717e-05,0.0003481076,0.9994036,7.502666e-05
ISIC_0032025,HAM_0001906,nv,4,0.000109907945,9.2190945e-05,0.0075487355,0.0038367368,9.3825816e-05,0.9877242,0.0005944469
ISIC_0024544,HAM_0007336,nv,4,1.6491802e-05,3.924805e-06,0.0006176428,7.921767e-05,9.849176e-05,0.9990721,0.00011209732
ISIC_0025994,HAM_0006655,nv,4,4.364912e-05,8.571157e-05,0.00037441062,5.023983e-05,0.0014363142,0.99778444,0.00022526926
ISIC_0028962,HAM_0001322,nv,4,2.2395481e-05,6.5685736e-06,0.00059679523,0.0007059488,0.00012261563,0.998428,0.000117803196
ISIC_0028694,HAM_0004841,nv,4,0.00016049344,0.000777729,0.2246713,0.03382106,0.0057075326,0.7337968,0.0010651076
ISIC_0026137,HAM_0006669,nv,4,0.00017819842,7.501313e-05,0.0016062027,0.0001680571,0.34163263,0.65594685,0.00039304074
ISIC_0031837,HAM_0005975,nv,4,1.0884777e-05,1.7530245e-05,5.620281e-05,0.00020881878,0.0039132787,0.9956921,0.000101175574
ISIC_0024421,HAM_0001260,nv,4,0.00010257085,7.9260615e-05,0.021217572,0.00044035664,0.0062352605,0.9717013,0.0002235982
ISIC_0030003,HAM_0005229,nv,4,6.615861e-06,3.6607685e-06,4.7427227e-05,9.771909e-05,5.893774e-05,0.99974066,4.494707e-05
ISIC_0030658,HAM_0002474,nv,4,3.0793406e-05,7.877568e-06,0.00041656263,3.133948e-05,0.000738445,0.9985098,0.00026520385
ISIC_0028077,HAM_0002166,nv,4,3.2109554e-05,1.41929795e-05,0.00021518485,0.00019017834,0.007872309,0.99156946,0.0001066283
ISIC_0028660,HAM_0003674,nv,4,3.284627e-05,1.43354655e-05,0.000112784706,5.7366204e-05,0.00017169297,0.99956983,4.12387e-05
ISIC_0028939,HAM_0005218,nv,4,9.127438e-06,1.2573577e-05,0.0002228992,0.0001772125,7.634851e-05,0.99929035,0.00021134608
ISIC_0030570,HAM_0004885,nv,4,1.9125826e-05,1.0237318e-05,0.00011687421,5.9606125e-05,0.00086739357,0.998811,0.0001157384
ISIC_0030092,HAM_0002000,nv,4,1.8257899e-05,8.6075925e-06,6.562093e-05,4.2909367e-05,0.004398298,0.99534816,0.00011807229
ISIC_0030679,HAM_0005784,nv,4,8.3456325e-06,3.988667e-06,0.0002907662,3.962085e-05,2.6264617e-05,0.99958724,4.3813478e-05
ISIC_0028712,HAM_0002160,nv,4,1.2827402e-05,6.866014e-06,3.886065e-05,4.9124465e-05,0.0001100267,0.9997451,3.7226226e-05
ISIC_0027610,HAM_0006996,nv,4,5.299315e-05,4.6169434e-06,6.579022e-05,4.354843e-05,0.00043089557,0.9993788,2.3241602e-05
ISIC_0026920,HAM_0001806,nv,4,1.2749028e-05,2.6727406e-05,0.00023458278,7.1038965e-05,4.792675e-05,0.9994759,0.00013114003
ISIC_0026814,HAM_0003917,nv,4,4.9422753e-05,1.051244e-05,5.8291127e-05,4.3191565e-05,0.0017627486,0.9979882,8.7676424e-05
ISIC_0029508,HAM_0004966,nv,4,0.00016048421,1.0274452e-05,7.2654475e-05,5.9356793e-05,0.0011409554,0.9985259,3.0435142e-05
ISIC_0029639,HAM_0001543,nv,4,3.0566134e-05,4.0178427e-05,0.0001313546,0.0002794388,0.0005503298,0.998914,5.4118806e-05
ISIC_0026397,HAM_0000340,nv,4,1.5110382e-05,2.9235655e-06,0.00027987058,4.4672874e-05,0.00014418819,0.999481,3.22081e-05
ISIC_0031490,HAM_0005685,nv,4,5.2734475e-05,0.00017805032,0.00016402765,0.00018861039,0.0014211402,0.9974184,0.0005771439
ISIC_0028133,HAM_0003087,nv,4,2.5596588e-05,1.3514824e-05,0.00049225753,3.223097e-05,9.262803e-05,0.9992144,0.00012935702
ISIC_0029721,HAM_0006212,nv,4,3.2793516e-05,1.5919975e-05,0.0004514864,9.963953e-05,0.00025178128,0.9989396,0.000208785
ISIC_0028071,HAM_0000969,nv,4,1.9896655e-05,9.3436065e-06,3.3353183e-05,9.141906e-05,0.0005602832,0.9992601,2.5647805e-05
ISIC_0031764,HAM_0003454,nv,4,3.6954403e-05,1.9059686e-05,0.00023424429,8.063705e-05,0.00025999788,0.9992526,0.00011647004
ISIC_0026838,HAM_0000250,nv,4,9.326839e-06,5.4615894e-06,2.8255681e-05,3.660129e-05,0.00037038265,0.99941695,0.0001330998
ISIC_0030927,HAM_0002948,nv,4,2.2005033e-05,6.4666733e-06,2.2395261e-05,6.1714636e-05,0.0014323223,0.9984181,3.6995727e-05
ISIC_0028207,HAM_0000491,nv,4,4.4697143e-05,1.8852175e-05,0.00093718275,3.8682152e-05,0.00031940578,0.99807274,0.0005684301
ISIC_0028729,HAM_0006989,nv,4,2.8451032e-05,1.614771e-05,0.00023775274,6.046657e-05,0.00012340474,0.9994709,6.293672e-05
ISIC_0030327,HAM_0005815,nv,4,1.4185594e-05,3.6254166e-06,5.819783e-05,4.5037723e-05,4.1228162e-05,0.9998024,3.5385056e-05
ISIC_0024542,HAM_0000224,nv,4,2.4865034e-05,1.0487471e-05,0.00014361336,0.00013640261,0.00010494159,0.9995146,6.506434e-05
ISIC_0031370,HAM_0007092,nv,4,2.7325268e-05,4.7997028e-06,0.0006731131,3.8799128e-05,7.5484335e-05,0.9991375,4.2904798e-05
ISIC_0029497,HAM_0001300,nv,4,2.4857272e-05,7.6255897e-06,0.0005133625,0.00011069765,4.4704062e-05,0.99920255,9.6222764e-05
ISIC_0032171,HAM_0006536,nv,4,1.2486724e-05,1.3984466e-05,5.870457e-05,0.00024087078,0.0012356995,0.99821943,0.00021875386
ISIC_0027182,HAM_0000172,nv,4,6.297139e-06,5.169778e-06,1.892874e-05,2.1095922e-05,0.000734993,0.99919456,1.9002824e-05
ISIC_0029732,HAM_0006356,nv,4,1.3468241e-05,4.9546898e-06,0.00013754387,3.758863e-05,4.9651175e-05,0.99966776,8.898948e-05
ISIC_0028824,HAM_0003053,nv,4,1.2727722e-05,1.8125105e-05,0.00025780546,0.0001963916,0.0016670024,0.99780554,4.251416e-05
ISIC_0027656,HAM_0002578,nv,4,1.1359173e-05,3.9333e-06,0.0004453992,0.00010568832,0.00013554095,0.999281,1.7118879e-05
ISIC_0031736,HAM_0004993,nv,4,9.366355e-06,2.8621619e-06,3.744474e-05,2.2077213e-05,0.00013922603,0.9997385,5.0584615e-05
ISIC_0028806,HAM_0004175,nv,4,2.9907618e-05,5.1215898e-06,3.664358e-05,1.3867647e-05,0.0003059154,0.999595,1.3665988e-05
ISIC_0025382,HAM_0003793,nv,4,4.525535e-05,4.0884803e-05,0.0007282476,6.2953666e-05,0.0022365986,0.9968154,7.064259e-05
ISIC_0027131,HAM_0000088,nv,4,3.349243e-05,7.2079647e-06,0.0001438949,6.136184e-05,9.9794815e-05,0.99951994,0.00013441981
ISIC_0031902,HAM_0005432,nv,4,1.0206456e-05,1.0843515e-05,9.605912e-05,3.6790767e-05,7.884264e-05,0.99969745,6.981662e-05
ISIC_0031842,HAM_0006752,nv,4,1.3977831e-05,7.042236e-06,7.93059e-05,3.1499527e-05,7.334596e-05,0.9996965,9.839704e-05
ISIC_0031684,HAM_0001351,nv,4,1.1557622e-05,5.178994e-06,6.6965746e-05,2.9341001e-05,0.000839244,0.9990226,2.517032e-05
ISIC_0029766,HAM_0004023,nv,4,6.558636e-05,8.569519e-06,2.7988825e-05,5.5989527e-05,0.0030272172,0.9967687,4.6010777e-05
ISIC_0029616,HAM_0002842,nv,4,1.818127e-05,1.139979e-05,6.192834e-05,7.1001195e-05,0.0006802513,0.99894446,0.00021279354
ISIC_0031843,HAM_0001471,nv,4,1.9126606e-05,4.476905e-06,6.2149775e-05,2.1715658e-05,4.9441365e-05,0.9998276,1.5443884e-05
ISIC_0025270,HAM_0004764,nv,4,0.00017562597,6.4231725e-05,0.004714489,0.0005614181,0.030832523,0.9629258,0.0007258199
ISIC_0031124,HAM_0002510,nv,4,2.0563579e-05,7.0650644e-06,7.6701996e-05,9.347384e-05,0.00074936385,0.999027,2.5893456e-05
ISIC_0027699,HAM_0005461,nv,4,2.4500738e-05,1.0465846e-05,0.0001837536,2.4668794e-05,0.00031975363,0.9994037,3.313072e-05
ISIC_0030153,HAM_0005836,nv,4,8.9073386e-05,2.7918917e-05,0.0029786525,0.00029007075,0.00025128052,0.99622285,0.00014013212
ISIC_0030551,HAM_0004445,nv,4,9.684872e-05,4.9465485e-05,0.15881479,0.0014100394,0.029608196,0.8096847,0.0003360604
ISIC_0029173,HAM_0003292,nv,4,1.16991705e-05,4.295486e-06,8.289093e-05,6.748864e-05,3.3133125e-05,0.99947625,0.00032433713
ISIC_0026004,HAM_0006479,nv,4,1.550333e-05,1.0207128e-05,4.070647e-05,3.715426e-05,9.124206e-05,0.9997632,4.1957635e-05
ISIC_0031879,HAM_0003065,nv,4,2.4893896e-05,4.283871e-06,7.28464e-05,2.4893896e-05,0.0011245852,0.99872226,2.6216276e-05
ISIC_0030393,HAM_0005238,nv,4,8.885388e-06,2.4291298e-06,4.7718364e-05,2.3092e-05,0.00013152967,0.999757,2.9319588e-05
ISIC_0032130,HAM_0004072,nv,4,1.6977076e-05,5.614871e-06,8.067734e-05,4.874251e-05,5.4909815e-05,0.99975187,4.1226078e-05
ISIC_0028421,HAM_0000085,nv,4,1.4905859e-05,7.1379545e-06,2.414739e-05,0.000117903866,0.00017454867,0.9995252,0.00013615453
ISIC_0030622,HAM_0006134,nv,4,2.8816037e-05,3.926577e-06,0.00018281346,3.152484e-05,8.8198016e-05,0.99952316,0.00014152618
ISIC_0026050,HAM_0005473,nv,4,2.2794813e-05,7.657707e-06,2.8202867e-05,3.869962e-05,0.00036556178,0.9994991,3.80253e-05
ISIC_0028191,HAM_0001677,nv,4,2.3134788e-05,5.378197e-06,2.391583e-05,3.6007248e-05,0.00021800141,0.9996551,3.851713e-05
ISIC_0027882,HAM_0001823,nv,4,6.236122e-05,5.2718948e-05,0.0040314803,9.1357426e-05,0.00015269638,0.9951792,0.0004302387
ISIC_0031835,HAM_0006289,nv,4,1.2454881e-05,5.516036e-06,0.00014767487,3.72561e-05,0.00017065881,0.9995709,5.55199e-05
ISIC_0026363,HAM_0006745,nv,4,1.7772494e-05,7.0143947e-06,7.8301135e-05,8.250082e-05,4.2759082e-05,0.9996414,0.00013022049
ISIC_0027716,HAM_0004611,nv,4,1.4364478e-05,4.3553237e-06,4.719139e-05,2.6317315e-05,0.00019994835,0.99963844,6.926921e-05
ISIC_0026646,HAM_0004477,nv,4,0.00013424644,0.0001542152,0.002606443,0.021002812,0.0001792425,0.9751067,0.000816358
ISIC_0030497,HAM_0004804,nv,4,1.8938697e-05,7.083788e-06,5.2112988e-05,2.8016928e-05,0.00013968308,0.99972016,3.4059918e-05
ISIC_0024397,HAM_0001501,nv,4,0.00028105496,2.0122356e-05,0.00039528802,0.00017519401,0.00021771331,0.99882156,8.9131485e-05
ISIC_0029799,HAM_0003995,nv,4,7.162253e-05,3.074436e-05,0.0029546525,0.0003535728,0.001478456,0.9949744,0.00013658096
ISIC_0024717,HAM_0004887,nv,4,2.4802092e-05,1.8868433e-05,0.00062667,0.00023652521,3.615738e-05,0.9989335,0.00012357952
ISIC_0029875,HAM_0003584,nv,4,4.0052046e-06,3.583237e-06,3.1426556e-05,7.5591124e-05,2.6801921e-05,0.9998185,4.0195173e-05
ISIC_0028332,HAM_0006197,nv,4,0.0022465936,5.406136e-05,0.077625476,0.0005589484,0.119759955,0.7994523,0.0003027102
ISIC_0032334,HAM_0006197,nv,4,0.0004443913,4.3957752e-05,0.0034428982,7.7299075e-05,0.765936,0.22997569,7.975282e-05
ISIC_0031705,HAM_0004747,nv,4,0.00047206163,0.0007142065,0.15094756,0.0005851998,0.4266632,0.42004842,0.00056941505
ISIC_0031435,HAM_0004747,nv,4,0.00020362758,0.0003305202,0.13811252,0.00053753605,0.15742168,0.7027645,0.000629672
ISIC_0027497,HAM_0004699,nv,4,0.00041242485,5.3572636e-05,0.004655861,0.00014280887,0.031446356,0.9631008,0.0001880857
ISIC_0028255,HAM_0004699,nv,4,0.0013728874,0.00017781187,0.0134785,0.0004957723,0.060170945,0.9230268,0.0012771748
ISIC_0033971,HAM_0007451,nv,4,2.8157912e-05,6.3454834e-05,0.00011866508,0.00012435993,0.10589997,0.89364403,0.00012136056
ISIC_0032527,HAM_0007451,nv,4,5.9075504e-05,7.0428476e-05,0.00015701722,0.0001637511,0.2836167,0.7158029,0.00013017184
ISIC_0032964,HAM_0007451,nv,4,4.7224323e-05,5.521082e-05,0.00028956667,0.00012201303,0.1351166,0.86402947,0.00033986275
ISIC_0032374,HAM_0001279,nv,4,0.0010940824,0.00030145136,0.037821766,0.00020557198,0.006022379,0.9528402,0.0017145227
ISIC_0025855,HAM_0001279,nv,4,0.005060065,0.009117965,0.019525496,0.0059972513,0.1457264,0.78395224,0.030620582
ISIC_0026084,HAM_0005879,nv,4,0.1367851,0.018626321,0.021479366,0.0045989733,0.8058106,0.01207239,0.0006272849
ISIC_0025262,HAM_0005879,nv,4,0.0013650464,0.039466262,0.004571899,0.0008048238,0.9141771,0.03942774,0.0001870992
ISIC_0032784,HAM_0003507,nv,4,6.8655434e-05,5.941633e-05,5.452349e-05,0.00022709975,0.17711759,0.8221888,0.00028401363
ISIC_0033459,HAM_0003507,nv,4,0.0001312754,0.00018548993,0.024152452,0.0001614715,0.16344807,0.8108295,0.0010916675
ISIC_0032710,HAM_0003507,nv,4,7.498334e-05,0.00010229008,9.2592054e-05,0.00012218633,0.6099743,0.38924077,0.00039288463
ISIC_0033475,HAM_0006857,nv,4,6.669625e-05,1.1692386e-05,0.00021041348,6.426656e-05,0.02575035,0.97385335,4.3188684e-05
ISIC_0033210,HAM_0006857,nv,4,9.4133946e-05,1.9255654e-05,0.00084889674,0.000112334,0.024210058,0.9746522,6.313686e-05
ISIC_0033219,HAM_0006857,nv,4,0.0006650967,6.708679e-05,0.04249574,0.0005375608,0.07710028,0.8789259,0.00020826257
ISIC_0034153,HAM_0000067,nv,4,0.020510256,0.14958481,0.11821583,0.00085039163,0.462557,0.24758893,0.0006927151
ISIC_0034017,HAM_0000067,nv,4,0.0012561299,0.96072096,0.0007060027,0.0003964185,0.012176647,0.024239814,0.0005040649
ISIC_0033010,HAM_0004099,nv,4,5.2695064e-05,1.6776692e-05,0.00026747698,5.4050157e-05,0.07776112,0.9217719,7.5925775e-05
ISIC_0034293,HAM_0004099,nv,4,4.4312448e-05,2.097264e-05,0.00028157159,6.453722e-05,0.017772475,0.9817824,3.3843073e-05
ISIC_0033350,HAM_0004099,nv,4,3.7335984e-05,1.2928196e-05,0.00020875242,5.3065134e-05,0.028751407,0.9708946,4.1896066e-05
ISIC_0033167,HAM_0006813,nv,4,3.0486219e-05,5.3811373e-06,0.0004853416,4.6485937e-05,0.014662609,0.984695,7.464791e-05
ISIC_0033937,HAM_0006813,nv,4,3.192635e-05,6.8241166e-06,9.256256e-05,4.415254e-05,0.015780916,0.9839881,5.5596436e-05
ISIC_0030156,HAM_0004954,nv,4,0.0012188442,0.00062374177,0.02019672,0.00020730143,0.10068185,0.87658006,0.0004914967
ISIC_0024538,HAM_0000397,nv,4,0.0002981007,0.00092813146,0.0008500394,0.0015444927,0.050132822,0.945937,0.00030937084
ISIC_0029499,HAM_0000397,nv,4,0.00059011375,0.00047139951,0.0008265244,0.0018947064,0.10963639,0.8862625,0.00031834247
ISIC_0025208,HAM_0000397,nv,4,0.00021746225,0.00050217035,0.0007012916,0.0019820048,0.038326636,0.95804524,0.00022524339
ISIC_0031839,HAM_0001027,nv,4,0.0026687658,4.5650388e-05,0.00027909686,0.0015521236,0.16478853,0.83035266,0.00031318475
ISIC_0026455,HAM_0001027,nv,4,0.0040186807,6.414433e-05,0.000310228,0.0015793189,0.22398598,0.76966745,0.00037420643
ISIC_0028265,HAM_0001027,nv,4,0.0019965395,5.4908316e-05,0.00022670135,0.0020176095,0.11743422,0.87795645,0.0003135166
ISIC_0031621,HAM_0000597,nv,4,0.00012730944,6.389029e-05,0.00688331,0.0005079636,0.030311331,0.961556,0.00055031327
ISIC_0031822,HAM_0000597,nv,4,0.00012709147,4.4179742e-05,0.0058033816,0.00051962637,0.0064363163,0.9865194,0.00054990785
ISIC_0030654,HAM_0000597,nv,4,0.00026363906,9.254601e-05,0.01601092,0.0009814529,0.06853691,0.9134387,0.0006758608
ISIC_0024518,HAM_0004985,nv,4,0.00023377406,5.2673935e-05,0.00013529805,0.00013113536,0.66236615,0.3369846,9.631618e-05
ISIC_0031092,HAM_0006492,nv,4,2.1656348e-05,7.75203e-06,0.00045120405,3.3937387e-05,0.0013359111,0.99807113,7.84458e-05
ISIC_0030592,HAM_0006154,nv,4,0.00041049233,4.2907923e-05,0.0001363611,0.0001485979,0.8115593,0.1875628,0.0001395948
ISIC_0028408,HAM_0006506,nv,4,0.0011641458,6.9216076e-05,0.0004575586,5.8172045e-05,0.056961093,0.94110614,0.00018361093
ISIC_0027988,HAM_0007240,nv,4,0.0001620648,1.8094595e-05,0.0111309895,0.00032866118,0.0018683675,0.9864455,4.6296504e-05
ISIC_0029369,HAM_0004505,nv,4,0.00049130264,4.869308e-05,0.0022971367,0.00042601826,0.19801216,0.79859966,0.00012507284
ISIC_0025902,HAM_0005966,nv,4,0.00037878106,3.4432785e-05,0.00056007557,0.0002541775,0.0017807859,0.9969408,5.088836e-05
ISIC_0030704,HAM_0005966,nv,4,0.00058416993,4.085527e-05,0.00034308058,0.0011541279,0.04732165,0.9504808,7.5291246e-05
ISIC_0030082,HAM_0006154,nv,4,0.00033437237,3.544969e-05,0.00013993267,0.00033469903,0.7363941,0.26256943,0.00019201387
ISIC_0030742,HAM_0000603,nv,4,0.0019007246,0.0001461394,0.008778141,0.0039682263,0.88690966,0.09796577,0.00033126556
ISIC_0028441,HAM_0000603,nv,4,0.018744262,0.00021945195,0.011695546,0.032174397,0.42402157,0.51246756,0.0006772811
ISIC_0031374,HAM_0000603,nv,4,0.027398527,0.00017291754,0.04761861,0.013875155,0.033081222,0.8768269,0.0010266587
ISIC_0033765,HAM_0003366,nv,4,7.47947e-05,1.800985e-05,0.00022199117,3.5816865e-05,0.1262965,0.87325364,9.928058e-05
ISIC_0033584,HAM_0003777,nv,4,7.372137e-05,0.00022377569,0.026195413,0.00013772964,0.009340261,0.96396303,6.6083405e-05
ISIC_0033118,HAM_0003777,nv,4,0.00011847161,0.00023423244,0.27773952,0.00033552246,0.0038908096,0.7175929,8.8558e-05
ISIC_0033841,HAM_0000822,nv,4,9.4264586e-05,3.096397e-05,0.00014178455,7.032567e-05,0.0030912783,0.99622715,0.00034421677
ISIC_0033417,HAM_0007301,nv,4,0.00022572187,0.00020916674,0.00074011355,0.00210813,0.19429174,0.80217725,0.00024790698
ISIC_0032945,HAM_0003696,nv,4,2.9150395e-05,0.00013995433,0.00013400258,6.2377876e-05,0.0012298604,0.99836546,3.9149603e-05
ISIC_0031738,HAM_0005766,akiec,4,0.87385213,0.003568619,0.0028948989,0.00037129413,0.116657145,0.002415238,0.00024066378
ISIC_0026327,HAM_0002012,akiec,4,0.9032483,0.06460567,0.0013553293,0.01921901,0.009992623,0.0012932642,0.00028576193
ISIC_0028941,HAM_0001593,akiec,4,0.95451164,0.005008817,0.035143584,0.0017041642,0.0013053527,0.0019104381,0.00041599528
ISIC_0031506,HAM_0006902,akiec,4,0.0057527353,0.00829238,0.9764189,0.0054193884,0.00022076874,0.0035232364,0.0003726178
