image_id,lesion_id,diagnosis,fold,p_akiec,p_bcc,p_bkl,p_df,p_mel,p_nv,p_vasc
ISIC_0031633,HAM_0001466,bkl,0,0.03399101,0.046813164,0.79760516,0.001954032,0.029967682,0.08905292,0.0006160655
ISIC_0027850,HAM_0001466,bkl,0,0.013924459,0.2551496,0.34603417,0.0019826377,0.21029066,0.17196977,0.0006487166
ISIC_0025033,HAM_0003301,bkl,0,0.0034633642,0.000732548,0.978518,0.0009442917,0.0008844849,0.015359627,9.760258e-05
ISIC_0027310,HAM_0003301,bkl,0,0.00080680096,0.00029557617,0.9954965,0.00020918592,0.000120713354,0.0029881303,8.312719e-05
ISIC_0024981,HAM_0005612,bkl,0,0.0006016571,0.0015155228,0.4251658,0.00033552723,0.036753632,0.53536457,0.00026335838
ISIC_0025016,HAM_0007125,bkl,0,0.037253264,0.8747949,0.08042063,0.0031350395,0.00028111844,0.0023172838,0.0017976665
ISIC_0029147,HAM_0007125,bkl,0,0.009421665,0.987677,0.0019633507,0.00024478408,6.373115e-05,0.00031646495,0.0003130836
ISIC_0024698,HAM_0001751,nv,0,0.0002644382,0.00013492997,0.0010504794,7.554117e-05,0.4495867,0.5486976,0.00019028175
ISIC_0024635,HAM_0003410,bkl,0,0.00015796519,0.00014781603,0.0379793,0.00054546166,0.89533466,0.06575064,8.422304e-05
ISIC_0029425,HAM_0003410,bkl,0,7.80492e-05,0.0003302078,0.12575679,0.00022540215,0.8627551,0.010775968,7.850786e-05
ISIC_0032463,HAM_0003326,bkl,0,0.0013581364,0.00023485915,0.9531997,0.00019777122,0.03873329,0.0060334825,0.0002427881
ISIC_0025548,HAM_0003326,bkl,0,0.0050772196,0.0013691867,0.57101756,0.0009595874,0.33831674,0.08146344,0.0017962502
ISIC_0034318,HAM_0000344,bkl,0,0.00012805512,0.0009724363,0.9690791,7.85849e-05,0.0006762233,0.02892272,0.00014285582
ISIC_0032972,HAM_0000344,bkl,0,0.00010692508,0.001119092,0.9703475,0.00012525248,0.0011642398,0.026994228,0.0001427637
ISIC_0030276,HAM_0004075,bkl,0,8.3640516e-05,0.00068785896,0.99773884,0.00016472253,0.0010715068,0.00018448048,6.893532e-05
ISIC_0033691,HAM_0006654,bkl,0,0.0050454056,0.008253733,0.8593476,0.00017829865,0.061345693,0.064730726,0.0010986303
ISIC_0033910,HAM_0006654,bkl,0,0.022678291,0.076345965,0.57244897,0.0012304076,0.07050512,0.25626516,0.00052610005
ISIC_0032556,HAM_0006654,bkl,0,9.038955e-05,6.743472e-05,0.99526995,2.3857472e-05,0.00089611975,0.0036353641,1.6884473e-05
ISIC_0032978,HAM_0000779,bkl,0,0.0001281369,0.00010458229,0.045619898,7.244204e-05,0.95280135,0.0012132088,6.0409486e-05
ISIC_0033400,HAM_0005258,bkl,0,0.00026969583,3.933056e-05,0.9951748,9.4810915e-05,4.607198e-05,0.004354796,2.0404426e-05
ISIC_0033677,HAM_0005258,bkl,0,0.00010430746,2.5288524e-05,0.99687624,5.379785e-05,6.4765976e-05,0.002866421,9.123189e-06
ISIC_0033262,HAM_0005258,bkl,0,0.0024274022,0.00014149888,0.96740246,0.00047962033,0.00039645607,0.029099135,5.3497533e-05
ISIC_0033952,HAM_0000516,bkl,0,0.00027026882,4.1406613e-05,0.9958294,6.760453e-05,0.002648222,0.0010845751,5.8506845e-05
ISIC_0032567,HAM_0003927,bkl,0,0.00013767766,0.0005802109,0.97495776,0.000106597035,0.016726,0.0074076355,8.416066e-05
ISIC_0033088,HAM_0003927,bkl,0,0.00020319302,0.0005850946,0.9870122,0.000104187035,0.0075065517,0.0044258214,0.00016295162
ISIC_0032756,HAM_0003927,bkl,0,0.0011645674,0.0014750294,0.53865135,0.0008177768,0.09342092,0.36375856,0.00071188586
ISIC_0033581,HAM_0001855,bkl,0,0.00015272357,0.000119173776,0.9905081,0.00026987676,0.0012709576,0.0075331386,0.00014601476
ISIC_0033913,HAM_0001855,bkl,0,0.00067882997,0.00047159137,0.9794875,0.0015922601,0.0015447794,0.015556077,0.0006689586
ISIC_0034303,HAM_0002372,bkl,0,0.013110022,0.008464466,0.18204181,0.0084893,0.36809382,0.4074427,0.012357892
ISIC_0034031,HAM_0002372,bkl,0,0.0031306425,0.0029727295,0.2916102,0.008733072,0.5709451,0.11921001,0.0033982806
ISIC_0033124,HAM_0002372,bkl,0,0.029567257,0.008962632,0.10449284,0.008653015,0.58968437,0.21128762,0.047352266
ISIC_0032898,HAM_0007341,bkl,0,0.00035504808,0.009761663,0.9599122,0.00018383712,0.0029778662,0.026573852,0.00023559097
ISIC_0033488,HAM_0007341,bkl,0,7.7914985e-05,0.0015223803,0.98938316,6.297436e-05,0.0004126544,0.008418908,0.00012209958
ISIC_0033758,HAM_0007341,bkl,0,0.00034226466,0.0096569,0.9127855,0.0007133408,0.0007788745,0.07521925,0.00050386233
ISIC_0029600,HAM_0001927,bkl,0,0.0005930601,0.0028654796,0.16670276,0.0009912509,0.5617495,0.24685237,0.02024557
ISIC_0031876,HAM_0002810,bkl,0,0.001748277,0.01153458,0.94631547,0.0005431799,0.0008903204,0.037343323,0.0016248061
ISIC_0030542,HAM_0002810,bkl,0,0.0036970945,0.057382237,0.77454346,0.0006818931,0.0021755334,0.15921295,0.0023068145
ISIC_0027652,HAM_0004958,bkl,0,0.020988397,0.0007526498,0.8959423,0.00094587996,0.038005076,0.04293941,0.00042634146
ISIC_0032325,HAM_0002184,bkl,0,0.00033601726,0.0003555988,0.94096625,0.002880157,0.00095442386,0.05423854,0.00026894483
ISIC_0025867,HAM_0007220,bkl,0,0.00081390917,0.0011748717,0.99280953,0.00013325684,0.0045976206,0.0004356542,3.5103265e-05
ISIC_0028701,HAM_0006128,bkl,0,0.0009991328,0.0002361589,0.9417739,0.00048646313,0.006505627,0.04991219,8.65393e-05
ISIC_0027713,HAM_0001562,bkl,0,0.001423826,0.00818156,0.25992128,0.0012346278,0.69967306,0.028794475,0.0007711027
ISIC_0029003,HAM_0004947,bkl,0,0.051779892,0.026420766,0.9053576,0.0010294587,0.004559963,0.010394627,0.0004577126
ISIC_0024711,HAM_0004947,bkl,0,0.5085844,0.018403474,0.4358658,0.0033343823,0.022747805,0.0083744535,0.0026897378
ISIC_0032335,HAM_0005498,bkl,0,0.002429865,0.007769371,0.9872426,0.00029169768,0.0002490154,0.0017217709,0.0002957131
ISIC_0024890,HAM_0007439,bkl,0,0.020369878,0.00025541923,0.8411419,0.0006915947,0.1328283,0.0043317066,0.00038118957
ISIC_0027780,HAM_0007332,bkl,0,0.0029591364,0.00042839066,0.39022887,0.001726049,0.5438996,0.06043081,0.000327178
ISIC_0027042,HAM_0002078,bkl,0,0.00205209,5.979784e-05,0.86717904,0.00022878127,0.11758936,0.012650622,0.00024022946
ISIC_0024708,HAM_0003868,bkl,0,0.0016032116,0.000513419,0.4834719,0.00069088076,0.30972373,0.2031218,0.00087506254
ISIC_0029340,HAM_0005157,bkl,0,0.012559299,0.005890019,0.94058436,0.0017685043,0.0015606997,0.036828317,0.0008088899
ISIC_0027649,HAM_0006987,bkl,0,0.00027647338,5.950033e-05,0.031124402,0.0001264552,0.95510405,0.013256348,5.2817424e-05
ISIC_0024971,HAM_0005325,bkl,0,0.004327713,0.00022361008,0.99479747,6.967826e-05,0.00017568505,0.00037119957,3.462824e-05
ISIC_0026728,HAM_0000884,bkl,0,0.3413284,0.24923393,0.21653822,0.009711151,0.080860116,0.097959496,0.004368618
ISIC_0030706,HAM_0003089,bkl,0,0.0018193678,0.00012984633,0.0014918288,0.00014012342,0.23846473,0.7578394,0.00011481302
ISIC_0027026,HAM_0002585,bkl,0,0.8852621,0.0022202116,0.060656067,0.01126141,0.031745747,0.0076889945,0.001165408
ISIC_0028496,HAM_0003830,bkl,0,0.000297512,0.0001101993,0.9884101,0.00011503763,0.00815186,0.002861572,5.3602056e-05
ISIC_0027394,HAM_0006472,bkl,0,0.0009824303,0.0014224651,0.9134559,0.00019669041,0.06578394,0.017966773,0.00019175919
ISIC_0024358,HAM_0000933,bkl,0,0.004760376,0.0003846973,0.09034955,0.0010056549,0.58342755,0.31969193,0.00038021547
ISIC_0027771,HAM_0000933,bkl,0,0.0010321338,0.00013565116,0.083446555,0.00023530156,0.79948837,0.1154024,0.00025943966
ISIC_0027367,HAM_0005022,bkl,0,0.0007995864,0.00023497643,0.39062405,0.00044852737,0.55302423,0.054649975,0.00021859477
ISIC_0030783,HAM_0006513,bkl,0,0.0017683128,0.00015840953,0.96702576,0.00030474656,0.014038497,0.016509116,0.00019522796
ISIC_0029358,HAM_0004945,bkl,0,0.009724249,0.00043419388,0.049023435,0.00021662736,0.9124438,0.027688283,0.00046947558
ISIC_0031766,HAM_0004945,bkl,0,0.0014730832,0.00038918632,0.025406724,0.00013476213,0.9231459,0.04921245,0.00023790482
ISIC_0030258,HAM_0004945,bkl,0,0.00090891606,0.00020985826,0.98609746,0.00013682435,0.0073258667,0.0051745647,0.00014650468
ISIC_0032051,HAM_0001947,bkl,0,0.00035906033,0.00011828995,0.9976701,0.0001933206,8.799152e-05,0.001476682,9.458569e-05
ISIC_0032481,HAM_0002769,bkl,0,0.00060413417,0.000494044,0.99358,0.00057198276,0.0031038332,0.001178226,0.00046775144
ISIC_0027996,HAM_0003152,bkl,0,0.00015864997,0.00019533347,0.9972873,9.8604265e-05,0.0001506475,0.0020614266,4.8008973e-05
ISIC_0030522,HAM_0001325,bkl,0,0.058538646,0.020181084,0.38452598,0.0058387187,0.12338292,0.4061404,0.0013922451
ISIC_0030208,HAM_0003152,bkl,0,0.00020118427,0.00017292431,0.99750286,7.886186e-05,0.00011896515,0.0019031992,2.1941963e-05
ISIC_0032373,HAM_0001493,bkl,0,0.0005208855,0.0009741673,0.9977157,9.787894e-05,2.4820283e-05,0.00064703694,1.9481664e-05
ISIC_0029217,HAM_0002316,bkl,0,0.013006587,0.00016663224,0.97825307,0.0002013898,0.0026117824,0.005469816,0.00029074014
ISIC_0031591,HAM_0004249,bkl,0,0.00053423486,0.00015791952,0.118329234,0.00013720285,0.87776345,0.00300236,7.5622775e-05
ISIC_0026481,HAM_0007332,bkl,0,0.0037191121,0.0006024037,0.63655007,0.0025213968,0.27592406,0.08022009,0.0004627819
ISIC_0031770,HAM_0006128,bkl,0,0.0036117143,0.003248208,0.9807411,0.0005634901,0.004027376,0.0076731145,0.00013502214
ISIC_0029789,HAM_0001562,bkl,0,0.0016375827,0.0024060511,0.37679368,0.00072454714,0.5471619,0.07086661,0.00040962183
ISIC_0026286,HAM_0005157,bkl,0,0.049619086,0.01954053,0.91187996,0.0038524582,0.0006707657,0.0126595115,0.0017776176
ISIC_0024880,HAM_0005157,bkl,0,0.032475613,0.0097843325,0.8946275,0.0018205558,0.0024762838,0.05764018,0.0011754392
ISIC_0027219,HAM_0000202,bkl,0,0.00017704288,0.0004682715,0.997603,0.0003770023,0.0004112352,0.00094247656,2.0898411e-05
ISIC_0027801,HAM_0003840,bkl,0,0.007128443,0.00020500206,0.9861223,0.00054594164,0.00048367755,0.005230582,0.0002840618
ISIC_0030346,HAM_0005146,bkl,0,0.0006155654,0.011345809,0.97549987,0.0005208953,0.0021090365,0.009610275,0.00029854133
ISIC_0026526,HAM_0005146,bkl,0,0.0024985564,0.0031910248,0.9590167,0.00049247564,0.019652668,0.0146904485,0.0004581421
ISIC_0029991,HAM_0003899,bkl,0,0.9802377,0.01617235,0.0015588485,0.0009991237,0.0006995472,0.00019866982,0.00013364136
ISIC_0027006,HAM_0007018,bkl,0,7.8632824e-05,8.627696e-05,0.99849844,2.712175e-05,0.000105605555,0.0011840585,1.9842695e-05
ISIC_0029596,HAM_0007018,bkl,0,0.0003764368,0.00042655878,0.8859555,0.00013240009,0.0038749697,0.109171145,6.29089e-05
ISIC_0025716,HAM_0001200,bkl,0,0.13335285,0.018109137,0.030194111,0.0014288439,0.80658007,0.0010722469,0.0092628
ISIC_0030365,HAM_0004801,bkl,0,0.0015712606,3.0769625e-05,0.0007458439,0.0001018798,0.9822703,0.015238892,4.108284e-05
ISIC_0028043,HAM_0000979,bkl,0,0.00018003315,0.00017440892,0.9994567,1.333454e-05,6.423983e-05,0.00010017907,1.1076336e-05
ISIC_0030188,HAM_0006240,bkl,0,0.115700975,0.18561326,0.6020998,0.0021420242,0.07893974,0.0130958855,0.0024083424
ISIC_0027437,HAM_0004125,bkl,0,0.052910324,0.0010427283,0.10359339,0.0012334429,0.27804366,0.5627617,0.00041476867
ISIC_0026290,HAM_0002350,bkl,0,0.0010632318,5.2523254e-05,0.34466165,0.00023677619,0.6096443,0.044162486,0.00017907747
ISIC_0030876,HAM_0005199,bkl,0,0.9958533,0.00019562489,0.0011872817,0.0002686963,0.0008472699,0.0012206413,0.00042728405
ISIC_0024982,HAM_0005199,bkl,0,0.9248808,0.0042145867,0.051671136,0.0032456678,0.000631664,0.010431203,0.004924946
ISIC_0030319,HAM_0003508,bkl,0,0.0014386295,0.00077608234,0.09147216,0.00043704663,0.89018136,0.015466724,0.00022806923
ISIC_0025374,HAM_0006031,bkl,0,6.1446204e-05,1.57499e-05,0.9940754,4.1984596e-05,0.0048055993,0.0009763168,2.3459406e-05
ISIC_0030533,HAM_0003664,bkl,0,0.0004056064,0.00015335063,0.9945749,0.002756969,0.00013454081,0.0019185756,5.597552e-05
ISIC_0032456,HAM_0003015,bkl,0,0.008733067,0.00034698655,0.49628764,0.00062099134,0.3223104,0.17084375,0.00085712416
ISIC_0024495,HAM_0006466,bkl,0,0.00081161543,0.00031229507,0.4581556,0.0008373789,0.20211755,0.3371636,0.00060196454
ISIC_0027893,HAM_0000237,bkl,0,0.0004711391,0.00015889431,0.91836363,0.00025590384,0.06999156,0.0106085045,0.00015043814
ISIC_0028593,HAM_0003120,bkl,0,0.013587795,0.0001799553,0.9694706,0.00024027185,0.013131217,0.003271013,0.00011917575
ISIC_0032358,HAM_0006267,bkl,0,6.604801e-05,3.2001168e-05,0.99597317,7.225674e-05,0.00030772306,0.0035054057,4.3484873e-05
ISIC_0031200,HAM_0006267,bkl,0,0.00011974826,5.180575e-05,0.9875377,0.00015078585,0.001730293,0.010305881,0.0001038361
ISIC_0030231,HAM_0003938,bkl,0,0.3877141,0.0010555036,0.6028536,0.00014256817,0.0066157426,0.0008758983,0.0007426396
ISIC_0029032,HAM_0006472,bkl,0,0.00011523565,6.9757574e-05,0.98048955,7.843055e-05,0.005215964,0.013985932,4.512693e-05
ISIC_0029243,HAM_0003120,bkl,0,0.00077814405,3.5085588e-05,0.99814105,4.392132e-05,0.0004590135,0.0005311017,1.1821263e-05
ISIC_0031951,HAM_0001292,bkl,0,0.0004365351,0.00825493,0.71444356,0.0018235787,0.07953456,0.195318,0.00018885473
ISIC_0030935,HAM_0000237,bkl,0,0.0004323274,0.000304775,0.8128042,0.0006002271,0.09137239,0.09427287,0.00021318319
ISIC_0029213,HAM_0000237,bkl,0,0.00049184624,0.00019017997,0.9346906,0.00029978002,0.030578393,0.033649456,9.98271e-05
ISIC_0032040,HAM_0000237,bkl,0,0.00025383945,7.401592e-05,0.9907656,9.06862e-05,0.0031595547,0.005621525,3.4758385e-05
ISIC_0025083,HAM_0003015,bkl,0,0.0022258544,0.0001030237,0.98749614,0.00010945419,0.0022455037,0.00767333,0.00014671248
ISIC_0025292,HAM_0004630,bkl,0,0.0083489,0.00088957994,0.9898173,4.398248e-05,0.00016437506,0.00063258014,0.00010326587
ISIC_0028376,HAM_0004630,bkl,0,0.00024371299,4.2664895e-05,0.9993895,3.4181918e-05,5.2993717e-05,0.00020082798,3.6103298e-05
ISIC_0026576,HAM_0004630,bkl,0,0.008967245,0.016380927,0.9679874,0.00018179801,0.0024986397,0.0036635655,0.00032031423
ISIC_0027504,HAM_0004660,bkl,0,0.00012534173,0.00041359672,0.9989322,5.7779253e-05,5.9671605e-05,0.00039187243,1.958176e-05
ISIC_0026409,HAM_0000893,bkl,0,0.6334486,0.1357941,0.16094483,0.013577384,0.04248247,0.010824833,0.002927725
ISIC_0025345,HAM_0000893,bkl,0,0.00856092,0.0034924422,0.9017273,0.006034399,0.07689171,0.00289251,0.00040074185
ISIC_0032303,HAM_0000893,bkl,0,0.038734153,0.012122953,0.86580116,0.03143687,0.046517435,0.0038295863,0.0015579063
ISIC_0032103,HAM_0000893,bkl,0,0.06842297,0.05100927,0.5166869,0.12260411,0.14545387,0.093090296,0.0027325894
ISIC_0024825,HAM_0000893,bkl,0,0.034618933,0.013318307,0.65500796,0.032706603,0.259022,0.004290173,0.0010360637
ISIC_0027094,HAM_0001292,bkl,0,0.0011626137,0.0029428592,0.95025027,0.0007557888,0.037243135,0.0075194426,0.00012581256
ISIC_0028414,HAM_0001733,bkl,0,0.0019538624,0.00027202218,0.27859777,0.00043130745,0.67619926,0.042267855,0.00027792965
ISIC_0026871,HAM_0001240,bkl,0,0.9801695,0.0009449622,0.0066723987,0.0003660986,0.0013877266,0.010159301,0.00029997044
ISIC_0031261,HAM_0004383,bkl,0,0.028809339,0.00037931872,0.9652802,0.00086067134,0.0011078252,0.0033973793,0.00016538873
ISIC_0026015,HAM_0002350,bkl,0,0.0032345115,7.4233765e-05,0.5350051,0.00042969623,0.44876307,0.01235081,0.00014253148
ISIC_0031496,HAM_0001733,bkl,0,0.2558743,0.001976653,0.55888087,0.0014660576,0.11015768,0.07036322,0.0012812181
ISIC_0025623,HAM_0000821,bkl,0,0.021692649,0.018851502,0.87117636,0.001252226,0.07938716,0.007248409,0.0003917283
ISIC_0031465,HAM_0000821,bkl,0,0.0038691687,0.0012216565,0.9902541,0.00039218453,0.0023618215,0.0018085794,9.2427086e-05
ISIC_0028931,HAM_0001733,bkl,0,0.002063823,0.00010523976,0.9420847,0.00024854307,0.04245675,0.012923311,0.00011763297
ISIC_0030383,HAM_0003996,bkl,0,7.939984e-05,3.211178e-05,0.9955193,0.000107472035,0.0013674293,0.0028625191,3.173767e-05
ISIC_0025465,HAM_0003996,bkl,0,0.00012724708,0.00010788778,0.9886924,0.00011328648,0.008067064,0.0028512299,4.086968e-05
ISIC_0024489,HAM_0000710,bkl,0,7.344946e-05,3.791947e-05,0.9976913,0.00012592168,0.0016733354,0.00036704494,3.1070107e-05
ISIC_0026276,HAM_0000710,bkl,0,5.6576915e-05,2.0772872e-05,0.9954913,0.00010528751,0.00349346,0.00080738787,2.5154937e-05
ISIC_0027435,HAM_0007500,bkl,0,0.00041581527,0.00030392,0.9853468,0.00083099515,0.0004721016,0.012574432,5.58911e-05
ISIC_0028180,HAM_0007500,bkl,0,0.0007037178,0.00055995805,0.9831972,0.00017654308,0.0026772867,0.012620733,6.4441156e-05
ISIC_0032395,HAM_0005967,bkl,0,0.0050770775,0.0017874509,0.98756623,5.745751e-05,0.0049449587,0.00050073885,6.613319e-05
ISIC_0032031,HAM_0005967,bkl,0,0.010238584,0.004325774,0.8935099,0.0006234912,0.083597764,0.0071476838,0.00055671495
ISIC_0026280,HAM_0006346,bkl,0,4.385626e-05,0.00010196886,0.9869768,0.00010854528,0.011268265,0.0014509022,4.9695653e-05
ISIC_0027811,HAM_0006346,bkl,0,0.00022007931,4.528307e-05,0.99159884,0.0001349265,0.0064505306,0.001482099,6.824401e-05
ISIC_0029232,HAM_0005632,bkl,0,6.136516e-05,4.040176e-05,0.9966497,5.533062e-05,0.0016912926,0.0014565623,4.542492e-05
ISIC_0025470,HAM_0005632,bkl,0,6.4388754e-05,3.6508904e-05,0.99689424,3.781525e-05,0.0011758237,0.0017608162,3.0385409e-05
ISIC_0025753,HAM_0004912,bkl,0,0.00010758221,0.00024362693,0.99653983,4.7692716e-05,0.00043681092,0.0026090252,1.53931e-05
ISIC_0031600,HAM_0004912,bkl,0,0.00028985747,0.000476031,0.9935481,0.00013001263,0.0004091639,0.005063134,8.3778665e-05
ISIC_0028490,HAM_0001642,bkl,0,0.12745546,0.00067803176,0.8625356,0.0008059694,0.0016979264,0.006313184,0.0005138084
ISIC_0029924,HAM_0003010,bkl,0,0.006017389,0.0013346742,0.9769059,0.0017977552,0.0062066964,0.006338874,0.0013987266
ISIC_0027083,HAM_0007381,bkl,0,5.7022015e-05,2.741295e-05,0.99551505,5.141458e-05,0.0026943334,0.0016310072,2.372393e-05
ISIC_0029778,HAM_0007381,bkl,0,0.00019335818,0.00011147085,0.9939739,0.00012780196,0.0021385103,0.0033709262,8.397843e-05
ISIC_0027831,HAM_0001678,bkl,0,0.00013563983,0.00014623257,0.98426604,8.4138475e-05,0.013554789,0.0017901973,2.300218e-05
ISIC_0028209,HAM_0002096,bkl,0,0.001107126,0.00027767906,0.9916545,0.00018407313,0.0015785934,0.0050633643,0.00013467079
ISIC_0029518,HAM_0002096,bkl,0,0.00048369973,7.6766315e-05,0.9979139,4.803914e-05,0.0008617618,0.00052994484,8.5890286e-05
ISIC_0032179,HAM_0005903,bkl,0,0.0005243862,0.0006094879,0.53969085,0.00023520809,0.0043315403,0.4544653,0.00014321927
ISIC_0031428,HAM_0006277,bkl,0,0.0014303732,0.00016595206,0.9934754,0.000105074294,0.0033544616,0.0013646218,0.00010405318
ISIC_0033783,HAM_0004258,bkl,0,0.000123477,0.00015262271,0.9985922,2.2095011e-05,0.0003037489,0.00078651943,1.9234007e-05
ISIC_0033693,HAM_0004258,bkl,0,0.0028240778,0.0052580694,0.9626837,0.00024234704,0.0138059,0.014905885,0.0002800315
ISIC_0034167,HAM_0003728,bkl,0,0.00013861986,0.0004616746,0.9588905,0.00034308742,0.013192442,0.026727654,0.00024615315
ISIC_0033949,HAM_0003728,bkl,0,8.715903e-05,0.000120301374,0.99598193,9.8764125e-05,0.0006576879,0.0028638495,0.00019037281
ISIC_0033784,HAM_0000332,bkl,0,0.00046070837,0.0007768336,0.12699537,0.00030870145,0.85607135,0.015123062,0.00026404634
ISIC_0033307,HAM_0000332,bkl,0,0.0002981222,0.00042041973,0.058159303,0.00026933098,0.9222881,0.018318515,0.00024618846
ISIC_0033631,HAM_0000948,bkl,0,8.9442365e-05,7.4150325e-05,0.99839765,0.00019960268,2.9900983e-05,0.0011804755,2.8699385e-05
ISIC_0034186,HAM_0000825,bkl,0,0.0030594645,0.4972337,0.36807212,0.0015398983,0.111818016,0.017362693,0.0009141433
ISIC_0030323,HAM_0004232,bkl,0,0.0017465572,0.0011993648,0.98797685,0.00075274537,0.00020902984,0.007975092,0.000140336
ISIC_0026511,HAM_0002242,bkl,0,5.6416095e-05,0.00011621138,0.9926616,7.3293595e-05,4.7414414e-05,0.0069821617,6.2936706e-05
ISIC_0024643,HAM_0005101,bkl,0,5.8396537e-05,7.296011e-05,0.9978421,0.00011400039,4.052918e-05,0.0018327002,3.9282226e-05
ISIC_0031133,HAM_0007395,bkl,0,2.508033e-05,5.3773416e-05,0.99837154,4.0000046e-05,3.1580905e-05,0.0014576545,2.0390165e-05
ISIC_0029251,HAM_0001997,bkl,0,0.0003192256,0.0008822713,0.9837246,0.0009718285,0.0011631264,0.012203192,0.00073572696
ISIC_0027875,HAM_0001429,bkl,0,5.516856e-05,5.3575735e-05,0.99567324,0.00013681044,0.00030740516,0.0036014945,0.00017227035
ISIC_0026291,HAM_0000685,bkl,0,6.886102e-05,5.458005e-05,0.9986119,0.00013614641,0.00027261671,0.000729872,0.00012591486
ISIC_0031558,HAM_0001402,bkl,0,0.00016305807,0.00026778918,0.7325322,0.00016790583,0.0012232213,0.26530558,0.0003401742
ISIC_0026135,HAM_0006772,bkl,0,6.0104176e-05,0.000103042534,0.9983436,4.944035e-05,5.0810882e-05,0.0013693013,2.3652343e-05
ISIC_0029233,HAM_0003757,bkl,0,2.2147786e-05,4.439159e-05,0.99707496,4.1216193e-05,6.0262744e-05,0.0026671162,8.993657e-05
ISIC_0030207,HAM_0001399,bkl,0,6.956128e-05,0.00013265025,0.99701464,0.00016380122,4.30232e-05,0.0023307072,0.00024565472
ISIC_0030226,HAM_0000069,bkl,0,6.155363e-05,0.000113768605,0.991931,0.00026555525,4.0210474e-05,0.007499887,8.799947e-05
ISIC_0025879,HAM_0004289,bkl,0,2.8788578e-05,9.532044e-05,0.99176776,0.00014225693,6.1423416e-05,0.007843187,6.118395e-05
ISIC_0029676,HAM_0002503,bkl,0,0.00021866047,0.0004495393,0.22047415,0.00081639877,0.021617755,0.75612175,0.0003018064
ISIC_0027428,HAM_0003691,bkl,0,1.4651684e-05,4.711183e-05,0.99795306,0.000101306345,8.431462e-05,0.0017506779,4.884524e-05
ISIC_0026416,HAM_0003979,bkl,0,5.9911465e-05,0.00016901328,0.98450977,8.837063e-05,9.243093e-05,0.01503684,4.366128e-05
ISIC_0029741,HAM_0005096,bkl,0,3.892778e-05,4.3257773e-05,0.99951804,5.2588075e-05,0.00017851227,0.00014648213,2.2202052e-05
ISIC_0025654,HAM_0002742,bkl,0,2.0284193e-05,7.297489e-05,0.9990194,5.6390625e-05,7.369103e-05,0.0007101712,4.7162168e-05
ISIC_0025387,HAM_0000792,bkl,0,8.4181745e-05,0.00011000835,0.9993037,3.9648312e-05,0.00016337758,0.00024145644,5.7687954e-05
ISIC_0026042,HAM_0007000,bkl,0,0.00028180302,0.024158224,0.9574872,0.0006400336,0.00323137,0.0138593605,0.00034191686
ISIC_0030789,HAM_0001223,bkl,0,5.8520345e-05,5.380627e-05,0.9980065,0.00018597727,0.00046686246,0.0009008901,0.00032735796
ISIC_0032642,HAM_0002909,df,0,0.0022733407,0.00036145534,0.017432911,0.053331327,0.9073319,0.018557237,0.00071185414
ISIC_0033790,HAM_0002909,df,0,0.0012187745,0.000322313,0.0022703097,0.9239937,0.069464415,0.0020251796,0.0007053726
ISIC_0033675,HAM_0002909,df,0,0.0022734974,0.00050382986,0.016112113,0.05359606,0.8777607,0.048467312,0.0012865748
ISIC_0028926,HAM_0000720,df,0,0.9173877,0.05525506,0.0027617544,0.0015044754,0.013892437,0.008953223,0.00024535914
ISIC_0024973,HAM_0007227,df,0,0.014991862,0.90205497,0.0041610575,0.030447492,0.028848227,0.018470718,0.0010257034
ISIC_0029891,HAM_0007227,df,0,0.017796887,0.9754801,0.0039305114,0.00060012046,0.00012616116,0.0017733513,0.0002927611
ISIC_0029962,HAM_0007410,df,0,0.34036112,0.00060294435,0.43788671,0.14064205,0.0038896822,0.07616765,0.00044982386
ISIC_0031457,HAM_0007410,df,0,0.024366245,0.0010467999,0.11059712,0.8447977,0.010258294,0.008470234,0.00046360824
ISIC_0029824,HAM_0005362,df,0,0.00020095495,7.793033e-05,0.00040653526,0.9953934,0.003281479,0.00057512906,6.460651e-05
ISIC_0025622,HAM_0005362,df,0,0.0002609205,0.00020083769,0.0008328557,0.9919023,0.005761438,0.0009005317,0.00014116903
ISIC_0030015,HAM_0006542,df,0,0.0007124771,0.0001367026,0.00019600875,0.9968335,0.0018470101,0.00017811978,9.6276264e-05
ISIC_0025980,HAM_0005529,df,0,7.599241e-05,0.00011724048,0.0013779313,0.113684274,0.007721217,0.87690073,0.00012262723
ISIC_0025903,HAM_0002129,df,0,0.00016480756,0.00015710697,0.0013982297,0.99630606,0.0001924915,0.001645507,0.00013583204
ISIC_0027190,HAM_0000040,mel,0,0.00055858336,0.00014829922,0.20003814,0.00085841824,0.24461362,0.5534028,0.00038017755
ISIC_0032248,HAM_0002119,mel,0,0.0030260428,0.0003782916,5.7071673e-05,3.6347887e-05,0.996382,7.877326e-05,4.151059e-05
ISIC_0028445,HAM_0000492,mel,0,0.012986834,0.0016721854,0.020712407,0.00017710972,0.93934804,0.024476785,0.0006266833
ISIC_0027076,HAM_0000492,mel,0,0.0017470422,0.0010596347,0.081587344,0.0006132695,0.22483034,0.6898263,0.00033604397
ISIC_0029081,HAM_0006453,mel,0,4.3805318e-05,1.6020927e-05,0.00014660807,4.867784e-05,0.9916236,0.008106798,1.438914e-05
ISIC_0025744,HAM_0006453,mel,0,0.00023763973,1.9335963e-05,0.0005487982,3.7710382e-05,0.99218994,0.0069245347,4.198689e-05
ISIC_0032214,HAM_0007454,mel,0,0.0015191677,0.0016881467,0.0049460162,0.0013954287,0.79312044,0.19703807,0.00029278352
ISIC_0027043,HAM_0007390,mel,0,0.0013743559,7.0898386e-05,9.54042e-05,0.00011329529,0.947183,0.051089063,7.4011194e-05
ISIC_0027174,HAM_0007390,mel,0,0.025804013,0.00046802402,0.00022543932,0.0012784485,0.91854936,0.053153623,0.0005210998
ISIC_0025234,HAM_0004739,mel,0,0.0020528967,0.009317991,0.0012139278,0.0006224403,0.19518332,0.0044187345,0.7871907
ISIC_0026754,HAM_0001446,mel,0,0.0028156633,9.892088e-05,0.001134026,7.9330064e-05,0.9956163,0.0002114706,4.4326647e-05
ISIC_0030060,HAM_0004126,mel,0,0.0016616717,0.0003459324,0.0034632212,0.00010156079,0.990737,0.0023883844,0.001302352
ISIC_0030211,HAM_0004126,mel,0,0.010078799,0.00041397542,0.0049240207,0.00024241481,0.98194534,0.0006293905,0.0017660315
ISIC_0025603,HAM_0004579,mel,0,8.7171116e-05,7.3981166e-05,0.005247617,2.7861563e-05,0.9749473,0.019573571,4.248381e-05
ISIC_0025904,HAM_0006908,mel,0,0.00012941723,0.002637772,0.0011940276,9.826332e-05,0.99093163,0.004923197,8.5706786e-05
ISIC_0032450,HAM_0006908,mel,0,4.35063e-05,7.6355944e-05,2.6882097e-05,3.088073e-05,0.9993876,0.00039042727,4.4364388e-05
ISIC_0029163,HAM_0006692,mel,0,0.00073786825,0.00036885586,0.63141495,0.00015406261,0.35976934,0.0072299833,0.00032487905
ISIC_0029630,HAM_0006692,mel,0,0.00057403406,0.00018311429,0.0048251394,2.35318e-05,0.9932556,0.0010532357,8.54059e-05
ISIC_0031941,HAM_0007538,mel,0,0.00068422896,0.00018778992,0.002967805,3.1169046e-05,0.9930796,0.0030189601,3.0447016e-05
ISIC_0024315,HAM_0007538,mel,0,0.0010364226,0.0007993226,0.0023950916,0.00028612275,0.974065,0.02104193,0.00037610123
ISIC_0026360,HAM_0003990,mel,0,0.00011723737,2.639012e-05,0.0016422936,3.368762e-05,0.99654764,0.0015747581,5.7980054e-05
ISIC_0025996,HAM_0003990,mel,0,4.978956e-05,1.2774535e-05,0.00013507798,6.0528713e-05,0.9975712,0.0021462496,2.4384268e-05
ISIC_0026296,HAM_0004265,mel,0,0.00051028206,0.00036184417,0.1827406,0.00087996793,0.06217436,0.7530136,0.00031932635
ISIC_0025018,HAM_0004265,mel,0,0.00023051402,0.0002136074,0.0038628452,0.0002439473,0.8096636,0.18566847,0.0001170472
ISIC_0026369,HAM_0006522,mel,0,9.317708e-05,0.00019822139,0.0003660119,5.2883723e-05,0.9885881,0.010038563,0.0006630856
ISIC_0030521,HAM_0006522,mel,0,0.00036322896,0.0024035012,0.0058382945,0.00037769836,0.9029232,0.08300649,0.0050875912
ISIC_0030089,HAM_0007620,mel,0,0.00081157853,0.6010317,0.0024634858,0.031621065,0.001798808,0.3610015,0.0012718145
ISIC_0027616,HAM_0007620,mel,0,0.0028729797,0.03802932,0.05658922,0.032815356,0.10019392,0.7690788,0.0004204098
ISIC_0026247,HAM_0004676,mel,0,0.0009560014,0.0013130949,0.059667833,0.0005279541,0.23853959,0.6983735,0.0006220819
ISIC_0028467,HAM_0004676,mel,0,0.00053808594,0.00013913983,0.003409537,0.00022018403,0.5131738,0.4820822,0.00043703383
ISIC_0029513,HAM_0000645,mel,0,0.14473747,0.0023486195,0.20055598,0.0038571227,0.56577855,0.08055852,0.0021636498
ISIC_0024853,HAM_0000645,mel,0,0.035817165,0.0003184694,0.00049858226,0.0006696066,0.9586601,0.0037815585,0.0002544023
ISIC_0028916,HAM_0006208,mel,0,0.0003523053,9.4729134e-05,0.017634,5.36597e-05,0.95529133,0.02647177,0.00010222677
ISIC_0028489,HAM_0005785,mel,0,0.000515022,0.0002928781,0.047090884,0.000733425,0.10632841,0.84454507,0.0004943254
ISIC_0026236,HAM_0005785,mel,0,0.00024851217,0.0003027046,0.037904896,0.00045708384,0.60936904,0.3513008,0.0004169932
ISIC_0028317,HAM_0005752,mel,0,0.0010420856,0.00047252272,0.003827177,8.521652e-05,0.9929906,0.0015440558,3.8335143e-05
ISIC_0031013,HAM_0005752,mel,0,0.00043503047,0.00023025456,0.003298737,8.833865e-05,0.99187225,0.0040416974,3.3792545e-05
ISIC_0034141,HAM_0000483,mel,0,0.0004286853,0.006138552,0.014140763,0.0002452135,0.94042057,0.038513727,0.000112486414
ISIC_0033643,HAM_0000483,mel,0,0.00040714856,0.002139565,0.01035286,0.0023111636,0.06982235,0.91435575,0.0006112024
ISIC_0032629,HAM_0000483,mel,0,0.001324472,0.01619457,0.013796368,0.0030169794,0.08579084,0.87924254,0.00063424866
ISIC_0032976,HAM_0006330,mel,0,1.5836042e-05,2.7069871e-05,8.1529135e-05,1.2429851e-05,0.99951243,0.00033726948,1.3492476e-05
ISIC_0033274,HAM_0006330,mel,0,0.000105830186,3.3529366e-05,0.00028149292,1.5900141e-05,0.997695,0.0018378064,3.035048e-05
ISIC_0026745,HAM_0006330,mel,0,2.374209e-05,1.2920962e-05,6.0924303e-05,1.35675255e-05,0.99920005,0.00067249814,1.6429613e-05
ISIC_0033416,HAM_0003386,mel,0,8.895997e-05,2.1928692e-05,0.0013513908,0.00011006567,0.05451086,0.9438455,7.134187e-05
ISIC_0032662,HAM_0003386,mel,0,4.8175636e-05,1.6231645e-05,0.0007203141,7.7739925e-05,0.019626167,0.97947824,3.31106e-05
ISIC_0033452,HAM_0003386,mel,0,3.2589112e-05,1.6579997e-05,0.00039138668,7.833006e-05,0.020204604,0.9792332,4.3342534e-05
ISIC_0033902,HAM_0000048,mel,0,0.00015612773,0.0012863466,0.00032066635,0.0005903719,0.97569853,0.021513928,0.0004340395
ISIC_0032774,HAM_0000048,mel,0,0.00010167088,0.002486826,6.82586e-05,0.00044946995,0.9918109,0.0037086406,0.001374194
ISIC_0029632,HAM_0005535,mel,0,0.00018739846,1.9483447e-05,0.00074027106,2.9477515e-05,0.99586016,0.0031296196,3.3467702e-05
ISIC_0032892,HAM_0003354,mel,0,9.4797506e-05,1.1839256e-05,7.511927e-05,1.1701326e-05,0.9996604,0.00013836802,7.855898e-06
ISIC_0033337,HAM_0005581,mel,0,2.0443953e-05,2.7403092e-05,0.00048739449,1.8361667e-05,0.99710256,0.0023286375,1.5133424e-05
ISIC_0033594,HAM_0005581,mel,0,5.2192696e-05,5.3014614e-05,0.0024879153,4.2515316e-05,0.9910349,0.0062975204,3.1904758e-05
ISIC_0029209,HAM_0000319,mel,0,0.00025159455,0.00023087612,0.039208423,0.0018391829,0.19950609,0.7588334,0.00013052553
ISIC_0033595,HAM_0005280,mel,0,0.00022950694,0.00024099145,0.0003416827,4.8295555e-05,0.9973793,0.0017041404,5.613335e-05
ISIC_0034059,HAM_0005280,mel,0,9.0657326e-05,0.00011652004,0.00041861995,1.2857941e-05,0.99821836,0.0011141819,2.875033e-05
ISIC_0033063,HAM_0005280,mel,0,8.278626e-05,2.1575008e-05,0.00028250017,1.1938144e-05,0.9982141,0.0013624548,2.4591354e-05
ISIC_0032726,HAM_0007180,mel,0,0.0013070527,7.6526674e-05,0.1755924,0.0003086385,0.7717295,0.05070263,0.0002832226
ISIC_0033272,HAM_0007180,mel,0,0.0012314342,9.132022e-05,0.20912771,0.00011771642,0.7770037,0.012268163,0.00015995925
ISIC_0032812,HAM_0005748,mel,0,0.00018778,0.0015811161,0.0003955939,0.0008069638,0.037282772,0.9596593,8.647717e-05
ISIC_0033619,HAM_0005748,mel,0,0.000292681,0.0005243142,0.0010275602,0.00019573064,0.8357748,0.16202232,0.00016258363
ISIC_0034065,HAM_0005748,mel,0,0.00022925485,0.00032775162,0.0007575933,0.00038057,0.63949114,0.358722,9.172717e-05
ISIC_0034005,HAM_0006763,mel,0,0.023137076,0.048230637,0.8177534,0.008961064,0.024596239,0.07658465,0.00073700695
ISIC_0033569,HAM_0006566,mel,0,0.0009368242,0.00074763113,0.00022601936,0.0003661498,0.9841434,0.01273196,0.0008480047
ISIC_0032535,HAM_0006566,mel,0,0.00028795883,0.0003686648,0.0006741169,0.00035732216,0.9594789,0.038534213,0.00029884555
ISIC_0033324,HAM_0004304,mel,0,0.00015035665,0.0010214049,0.003950371,8.063746e-05,0.9943904,0.00030790988,9.899224e-05
ISIC_0034316,HAM_0004304,mel,0,0.00021468877,0.0015422401,0.004358711,0.00013780368,0.99315554,0.00050063094,9.037386e-05
ISIC_0033710,HAM_0004304,mel,0,0.00028435528,0.002231174,0.0010819586,6.934484e-05,0.9958554,0.0003967206,8.1072336e-05
ISIC_0031709,HAM_0000282,mel,0,0.46163929,0.001276547,0.2409027,0.0012133409,0.27138373,0.023231892,0.00035241334
ISIC_0033754,HAM_0004687,mel,0,0.00016795506,2.9587985e-05,4.4071174e-05,0.00022272172,0.9937524,0.005738462,4.476519e-05
ISIC_0032938,HAM_0004687,mel,0,0.00014519502,8.849629e-05,5.2024283e-05,0.00024650313,0.98590964,0.013498102,6.0113947e-05
ISIC_0025531,HAM_0004767,mel,0,0.74845177,0.0016436395,0.23968725,0.0011861837,0.005168926,0.0021647476,0.0016974712
ISIC_0033120,HAM_0007558,mel,0,0.00013407978,2.6870073e-05,0.0008213383,0.00012184283,0.6732819,0.32557788,3.6016674e-05
ISIC_0034211,HAM_0007558,mel,0,0.00015518004,4.0283954e-05,0.00085002824,4.887727e-05,0.910131,0.088718064,5.669863e-05
ISIC_0028410,HAM_0007558,mel,0,9.845923e-05,3.2915363e-05,0.00029974253,8.162558e-05,0.93457365,0.06485291,6.065898e-05
ISIC_0033545,HAM_0007558,mel,0,0.0002469581,3.421473e-05,0.0018921585,5.630048e-05,0.78212166,0.21549717,0.00015155331
ISIC_0034036,HAM_0003843,mel,0,4.6095327e-05,1.766751e-05,0.00012839683,2.845403e-05,0.99762577,0.0020966465,5.6864574e-05
ISIC_0031479,HAM_0000274,mel,0,3.497084e-05,1.0377819e-05,0.00013172104,7.956951e-06,0.9987703,0.001032027,1.2591602e-05
ISIC_0033300,HAM_0003700,mel,0,8.362806e-05,1.5289408e-05,0.00047055745,5.8154183e-05,0.047392666,0.9519072,7.251555e-05
ISIC_0033616,HAM_0003700,mel,0,0.0002400962,2.2397946e-05,0.0016000147,6.6347544e-05,0.09054993,0.9074051,0.00011621635
ISIC_0029606,HAM_0003700,mel,0,4.8620273e-05,2.1575117e-05,0.00071814214,6.7502566e-05,0.16011538,0.8389446,8.417254e-05
ISIC_0033099,HAM_0003700,mel,0,0.0002628869,4.694927e-05,0.0048786425,0.00014320856,0.5069547,0.4875336,0.00017997494
ISIC_0033344,HAM_0006540,mel,0,0.0015108659,0.0043319925,0.009567635,7.188216e-05,0.97735596,0.007078886,8.273585e-05
ISIC_0032988,HAM_0006540,mel,0,3.6067187e-05,4.1351235e-05,0.0010453246,1.8602095e-05,0.9906204,0.008226131,1.2128278e-05
ISIC_0033611,HAM_0000799,mel,0,6.263049e-05,0.0001020572,0.00395896,0.0001732664,0.8015346,0.1941361,3.2492266e-05
ISIC_0033586,HAM_0000799,mel,0,0.00022637496,0.00010006165,0.07439281,0.00022069953,0.3654598,0.5594407,0.00015958607
ISIC_0033226,HAM_0000799,mel,0,5.371615e-05,2.2567849e-05,0.0011881458,5.7404348e-05,0.8844295,0.11421331,3.536579e-05
ISIC_0032509,HAM_0003335,mel,0,0.00020568533,0.00014872942,0.001593062,0.00030014844,0.11253673,0.88517,4.5805053e-05
ISIC_0034068,HAM_0003335,mel,0,0.00046969004,0.00013157961,0.0077299234,0.00037999533,0.20190442,0.78924406,0.0001403396
ISIC_0033487,HAM_0005673,mel,0,0.024165204,0.2542783,0.11842374,0.001892765,0.3519977,0.2469368,0.0023055156
ISIC_0033995,HAM_0005673,mel,0,0.0018879714,0.00032142055,0.0051295334,0.00011304981,0.98086286,0.011497661,0.00018748295
ISIC_0034216,HAM_0003843,mel,0,3.6442874e-05,1.8759183e-05,9.072702e-05,2.0204436e-05,0.9989858,0.00082700956,2.0968293e-05
ISIC_0034243,HAM_0002723,mel,0,0.00014132241,0.0007390317,0.00346852,0.0013840679,0.9699776,0.024093943,0.0001954418
ISIC_0034050,HAM_0002723,mel,0,0.000105734645,0.0006210679,0.0069295475,0.00019831146,0.9391491,0.052879784,0.000116581294
ISIC_0033394,HAM_0004844,mel,0,0.0001261086,0.0003078835,0.000115949995,5.7849604e-05,0.998197,0.0006939956,0.00050121057
ISIC_0034233,HAM_0004844,mel,0,0.00017151596,0.0005980652,0.00050362136,8.9854526e-05,0.995193,0.0021231743,0.0013207248
ISIC_0033122,HAM_0004620,mel,0,0.00031775184,6.4618274e-05,0.00080038974,9.346975e-05,0.7269567,0.2716439,0.00012310386
ISIC_0033713,HAM_0004620,mel,0,0.0005742769,6.825351e-05,0.00270186,0.00012926968,0.5639722,0.43241245,0.00014169795
ISIC_0026268,HAM_0001428,mel,0,0.0021642663,0.00011814087,0.014240852,0.00024240933,0.97618663,0.0065454557,0.00050227286
ISIC_0032110,HAM_0002834,mel,0,0.0001261605,8.773086e-05,0.0006101635,0.00068669545,0.6930678,0.3051536,0.00026786543
ISIC_0026500,HAM_0002834,mel,0,0.00015155929,9.032359e-05,0.0020845633,0.00072375534,0.5129481,0.48375612,0.00024552498
ISIC_0025512,HAM_0001986,mel,0,0.00057463045,0.00023376424,0.0052137226,0.0005679358,0.72885853,0.26397508,0.00057631644
ISIC_0024999,HAM_0001986,mel,0,0.0014405587,0.0011989393,0.0018587679,0.0023132742,0.31566435,0.6761387,0.0013853718
ISIC_0032134,HAM_0002430,mel,0,3.308809e-05,1.9262454e-05,0.0012140444,8.408184e-05,0.99228656,0.006305474,5.750707e-05
ISIC_0028114,HAM_0002430,mel,0,7.0193135e-05,3.698918e-05,0.0031647969,0.0001617758,0.98276514,0.013720429,8.07918e-05
ISIC_0027673,HAM_0002430,mel,0,3.2198048e-05,1.6967178e-05,0.0007970283,7.559737e-05,0.99430215,0.004722941,5.3085605e-05
ISIC_0027793,HAM_0006870,mel,0,2.282137e-05,5.6035515e-06,0.00013113569,2.3316978e-05,0.0039830646,0.99578947,4.4638462e-05
ISIC_0030192,HAM_0006453,mel,0,0.00058728596,0.0005152501,0.03285719,0.00238482,0.018630272,0.9425754,0.0024497334
ISIC_0029859,HAM_0000492,mel,0,2.6582533e-05,1.7162973e-05,0.00095089414,3.3537905e-05,0.0067901146,0.9921187,6.2963736e-05
ISIC_0028003,HAM_0003484,mel,0,0.000117492746,4.4161832e-05,0.00037084738,0.0010137443,0.13635503,0.8617903,0.0003083453
ISIC_0030107,HAM_0004888,mel,0,0.00037789415,4.4173707e-05,0.0005300615,0.00010052389,0.4605068,0.538387,5.359679e-05
ISIC_0024571,HAM_0006699,mel,0,0.012388518,0.0008613575,0.009517175,0.000111016794,0.9745778,0.0023762528,0.00016796305
ISIC_0027155,HAM_0000282,mel,0,0.33871275,0.0001794576,0.0016828099,0.00020216407,0.6528859,0.006234106,0.000102852755
ISIC_0027328,HAM_0004651,mel,0,0.36250037,0.024837667,0.02345849,0.0004856782,0.58381724,0.002914748,0.001985745
ISIC_0030382,HAM_0005640,mel,0,0.0037689256,0.00019530929,0.05675274,0.004137334,0.91415566,0.020594666,0.00039530688
ISIC_0029033,HAM_0002719,mel,0,0.000103870974,1.258868e-05,9.719733e-05,3.146304e-05,0.98883456,0.010878207,4.2173087e-05
ISIC_0027030,HAM_0004254,mel,0,0.00010992056,0.000114076276,0.012508116,0.00011452275,0.9763289,0.010782669,4.1884432e-05
ISIC_0025132,HAM_0000247,mel,0,0.00042181017,2.8536842e-05,0.004775783,0.0001498147,0.8726772,0.12185304,9.375164e-05
ISIC_0028777,HAM_0000125,mel,0,0.0026266458,0.020690456,0.4947185,0.0005357241,0.47114256,0.009810533,0.0004755531
ISIC_0026877,HAM_0004354,mel,0,0.00022801248,3.2433927e-05,0.0006833838,0.00011566399,0.7385234,0.26026076,0.00015625209
ISIC_0027964,HAM_0000125,mel,0,0.0005784729,0.009870501,0.008166965,0.0001868879,0.9796612,0.0013863301,0.00014958321
ISIC_0025546,HAM_0007498,mel,0,0.001118188,0.00021761905,0.033781476,0.00086406874,0.9310555,0.032710172,0.00025293606
ISIC_0031239,HAM_0000767,mel,0,0.00060063537,0.00011686566,0.00053031766,8.222526e-05,0.9963026,0.0023427296,2.4688501e-05
ISIC_0027420,HAM_0001551,mel,0,0.000491679,1.8897641e-05,0.00036307285,5.2690113e-05,0.97159404,0.027454548,2.5035308e-05
ISIC_0030616,HAM_0005623,mel,0,0.036798928,0.123339586,0.062261775,0.0015405337,0.7540723,0.02174417,0.00024279756
ISIC_0025391,HAM_0005535,mel,0,7.759445e-05,1.1178539e-05,0.00036193558,4.218737e-05,0.99692756,0.002557059,2.2537211e-05
ISIC_0032372,HAM_0000125,mel,0,0.00035434423,0.017161021,0.6042088,0.0009427343,0.35450298,0.021561557,0.0012685878
ISIC_0031915,HAM_0000136,mel,0,5.512739e-05,2.5888201e-05,0.0011107831,4.0018193e-05,0.9364777,0.06225185,3.856036e-05
ISIC_0028065,HAM_0000136,mel,0,0.00040807828,5.0927567e-05,0.0013372208,0.00015085844,0.3869115,0.6110796,6.1791376e-05
ISIC_0029995,HAM_0001835,mel,0,0.007892971,0.00010078091,0.071496375,0.0005301209,0.87955177,0.03971608,0.00071196386
ISIC_0027101,HAM_0001835,mel,0,0.0011449698,8.21353e-05,0.0007137105,0.0010359104,0.9627111,0.033855353,0.00045677382
ISIC_0026652,HAM_0001835,mel,0,0.0012021196,3.3798977e-05,0.0009492153,0.00016187702,0.98819345,0.009235242,0.00022430543
ISIC_0025814,HAM_0002194,mel,0,0.0033444073,0.00011738221,0.057682034,0.0007447821,0.8279959,0.109889686,0.00022581864
ISIC_0026853,HAM_0002194,mel,0,0.0008025653,0.0002714638,0.63640755,0.001179185,0.34533364,0.015502408,0.00050321437
ISIC_0027163,HAM_0006964,mel,0,8.836501e-05,1.482507e-05,0.00061038707,2.5218296e-05,0.9883001,0.010936219,2.487586e-05
ISIC_0029642,HAM_0006964,mel,0,0.00072154205,9.0753616e-05,0.002716431,0.00013153095,0.93143016,0.06476113,0.000148463
ISIC_0029893,HAM_0006699,mel,0,0.06358004,0.0028821882,0.49523586,0.0003765869,0.43110958,0.0060246205,0.0007910303
ISIC_0032269,HAM_0003256,mel,0,0.008552209,0.0017844801,0.09063691,0.0034480835,0.88550526,0.009943317,0.00012977324
ISIC_0028218,HAM_0003256,mel,0,0.00011122699,1.2734779e-05,7.36423e-05,2.09961e-05,0.9983588,0.0014127892,9.802309e-06
ISIC_0032433,HAM_0005504,mel,0,0.0004150445,9.279e-05,0.14604455,0.00078915583,0.4103928,0.44201046,0.00025520255
ISIC_0027480,HAM_0005504,mel,0,0.00036391072,3.89219e-05,0.0117260115,0.00022839768,0.28492883,0.7024562,0.00025779946
ISIC_0028773,HAM_0004354,mel,0,0.00018024557,2.6791113e-05,0.0003539391,6.401798e-05,0.8772564,0.12201489,0.000103708684
ISIC_0028156,HAM_0007498,mel,0,0.0010059007,0.00010742814,0.0043396656,0.00026278952,0.96732605,0.026857667,0.00010052595
ISIC_0028930,HAM_0002591,mel,0,0.00043762568,0.0045914445,0.06482268,0.0004631285,0.8913608,0.037995808,0.0003284073
ISIC_0031389,HAM_0002591,mel,0,0.00097435963,0.017151184,0.06698669,0.0010576573,0.6330742,0.27982977,0.0009261158
ISIC_0031778,HAM_0003509,mel,0,0.0006439437,0.00097235467,0.14802127,0.0009742557,0.4479931,0.40079486,0.00060022145
ISIC_0031303,HAM_0004547,mel,0,0.0008077304,0.0008022277,0.053247437,0.00010179279,0.93831927,0.006206118,0.0005154342
ISIC_0028285,HAM_0004767,mel,0,0.49957806,0.0024627135,0.46203417,0.0010571332,0.020005165,0.012510509,0.0023522337
ISIC_0027832,HAM_0003509,mel,0,0.00054693315,0.0012134241,0.27087283,0.0014367615,0.41545895,0.30995125,0.0005198526
ISIC_0026092,HAM_0002914,vasc,0,3.760605e-05,0.0004514734,4.058249e-05,6.1040635e-05,0.00015255963,0.000101924794,0.9991547
ISIC_0024904,HAM_0002914,vasc,0,6.376505e-05,0.0014944331,6.326884e-05,7.684027e-05,0.00018352194,0.00021804415,0.9979001
ISIC_0025578,HAM_0002218,vasc,0,4.585314e-05,0.003915543,0.00010640372,9.956735e-05,0.0019765645,0.0014720891,0.99238414
ISIC_0029448,HAM_0002218,vasc,0,9.717881e-05,0.0031160645,0.00021225803,0.00012526843,0.004360158,0.0024770754,0.98961204
ISIC_0027385,HAM_0004455,vasc,0,5.0393668e-05,0.0012002385,4.3697346e-05,3.5111803e-05,0.0008442672,0.0008884643,0.99693775
ISIC_0030882,HAM_0004455,vasc,0,4.4383673e-05,0.0008012573,6.357668e-05,4.9513565e-05,0.0011491501,0.0009949922,0.9968971
ISIC_0026163,HAM_0003771,vasc,0,5.360877e-05,0.00029704117,1.9283536e-05,6.9104426e-05,9.128068e-05,0.00025952706,0.9992101
ISIC_0025807,HAM_0003771,vasc,0,8.4402775e-05,0.00042405285,2.9918916e-05,6.631322e-05,8.589953e-05,0.00031298245,0.99899644
ISIC_0028146,HAM_0005471,vasc,0,0.00030353558,0.0056220074,0.00050733454,0.00023318379,0.001275439,0.02132109,0.9707374
ISIC_0024402,HAM_0004542,vasc,0,2.6443748e-05,2.2051465e-05,2.061453e-05,4.1561245e-05,0.00014312378,0.00019793905,0.99954826
ISIC_0027256,HAM_0004542,vasc,0,2.1340657e-05,3.0989882e-05,3.0331192e-05,7.0729046e-05,0.00016465082,0.0006717141,0.9990102
ISIC_0032839,HAM_0002498,vasc,0,6.838391e-05,8.703833e-05,3.2523847e-05,2.5058958e-05,0.00022541602,9.0593974e-05,0.999471
ISIC_0032932,HAM_0002498,vasc,0,8.644691e-05,0.00012395048,4.1477684e-05,3.365532e-05,0.00013382624,9.1753056e-05,0.99948883
ISIC_0031706,HAM_0000934,vasc,0,8.902905e-06,1.6073916e-05,1.4436736e-05,1.9984787e-05,4.7313126e-05,0.00011995127,0.9997733
ISIC_0025197,HAM_0000460,vasc,0,0.0001189785,0.0001563943,0.00012517642,0.0002723445,0.0033536681,0.12498814,0.87098527
ISIC_0032409,HAM_0001238,vasc,0,9.663788e-06,1.8302862e-05,1.7931336e-05,1.851861e-05,8.527453e-05,0.000100232945,0.9997501
ISIC_0027522,HAM_0007113,vasc,0,1.1318457e-05,3.6110763e-05,1.1792343e-05,2.603502e-05,3.9197865e-05,0.0002793567,0.9995962
ISIC_0026490,HAM_0006291,vasc,0,8.746804e-06,2.7661887e-05,1.529127e-05,1.6843449e-05,3.202574e-05,0.00023733426,0.99966216
ISIC_0027937,HAM_0006280,vasc,0,2.1546068e-05,2.933517e-05,1.2288574e-05,1.7827466e-05,2.5762098e-05,9.32099e-05,0.9998
ISIC_0032057,HAM_0004862,vasc,0,1.1496851e-05,2.0098938e-05,1.6055596e-05,2.0615795e-05,6.3315354e-05,0.00025887127,0.99960953
ISIC_0024431,HAM_0002134,bcc,0,0.0023545763,0.16260861,0.0006122068,0.00014428026,0.83227146,0.001937531,7.1423914e-05
ISIC_0026656,HAM_0002134,bcc,0,0.0006497473,0.99167424,0.00035585836,9.420104e-05,0.006203886,0.0009396242,8.248519e-05
ISIC_0026321,HAM_0006047,bcc,0,0.0027856475,0.8246096,0.008538604,0.0048367265,0.048044927,0.03258829,0.07859626
ISIC_0025467,HAM_0006047,bcc,0,0.00262692,0.9011779,0.008965205,0.0026294866,0.035371616,0.015228937,0.033999946
ISIC_0031585,HAM_0004219,bcc,0,0.00607766,0.99259514,0.00048118038,1.7612783e-05,0.0006076753,0.00010155272,0.00011919185
ISIC_0030446,HAM_0003805,bcc,0,0.0009055918,0.9921327,0.0011950372,0.0009243553,0.0017498408,0.0021618202,0.0009306958
ISIC_0031527,HAM_0003805,bcc,0,0.00077029056,0.9924189,0.0009689955,0.000315818,0.0017619217,0.002721931,0.0010421216
ISIC_0030893,HAM_0002467,bcc,0,0.0016776384,0.9581874,0.00193095,0.006262164,0.0036393357,0.024773387,0.003529088
ISIC_0028085,HAM_0000065,bcc,0,0.00031650998,0.92525387,0.0018410602,0.0007445823,0.00043261782,0.07106976,0.0003415611
ISIC_0025691,HAM_0000065,bcc,0,0.0021253994,0.9298418,0.00095519004,0.003536852,0.0010277759,0.05519077,0.007322109
ISIC_0030335,HAM_0004603,bcc,0,0.0001725367,0.9779248,0.0019316644,0.00086262927,0.0007509305,0.01777193,0.00058539666
ISIC_0025793,HAM_0004603,bcc,0,5.0001807e-05,0.9969439,0.0006388675,0.00014986207,0.00022213162,0.0018400128,0.00015522438
ISIC_0026282,HAM_0005309,bcc,0,0.00037150865,0.998547,0.00044550697,0.00014322934,5.741954e-05,0.00035553612,7.971914e-05
ISIC_0027744,HAM_0005309,bcc,0,0.00012798181,0.9992685,0.00011652877,1.5375073e-05,3.578304e-05,0.00038442228,5.1407227e-05
ISIC_0031442,HAM_0005982,bcc,0,0.00010039694,0.9909281,0.00026710646,0.00010020104,0.0071561914,0.0013419848,0.0001060403
ISIC_0026766,HAM_0005982,bcc,0,0.006711061,0.9748394,0.0016754166,0.00056559575,0.015695382,0.00040185152,0.0001112637
ISIC_0032415,HAM_0000463,bcc,0,0.00025802306,0.99148107,0.0012052729,0.00023956629,0.000137035,0.0062452243,0.0004337985
ISIC_0030177,HAM_0000463,bcc,0,0.00034779127,0.9854181,7.714935e-05,8.810732e-05,0.0001472641,0.0034144858,0.010507091
ISIC_0026324,HAM_0005058,bcc,0,0.04951781,0.9490461,0.00093722605,0.00018936595,6.621454e-05,6.939225e-05,0.00017394173
ISIC_0025700,HAM_0005058,bcc,0,0.3161691,0.3836139,0.28843805,0.0045364127,0.003084515,0.002068824,0.0020891263
ISIC_0024885,HAM_0005243,bcc,0,0.00013620596,0.9995365,0.0001161623,2.5554877e-05,9.511931e-06,0.00013750902,3.8663296e-05
ISIC_0033720,HAM_0005396,bcc,0,0.013205362,0.89964247,0.017264083,0.0011820282,0.044096146,0.024045,0.0005649322
ISIC_0034255,HAM_0005396,bcc,0,0.024049949,0.9541271,0.017543845,0.00047768082,0.001529226,0.002163938,0.00010826347
ISIC_0032834,HAM_0005396,bcc,0,0.0037337884,0.9744532,0.018486353,0.00056042435,0.0002501482,0.0023795774,0.00013653556
ISIC_0027544,HAM_0000998,bcc,0,0.0006132721,0.9988066,0.00022977927,4.268167e-05,3.2154952e-05,0.00020282902,7.281698e-05
ISIC_0032652,HAM_0004083,bcc,0,0.00015266483,0.9891607,0.00036301924,5.7325913e-05,0.00028410353,0.009830882,0.00015132893
ISIC_0033551,HAM_0004083,bcc,0,8.7205735e-05,0.98298407,0.00030886938,7.909217e-05,0.00027578932,0.016138664,0.00012638893
ISIC_0033571,HAM_0004083,bcc,0,6.907699e-05,0.9766292,0.0014234752,9.6091404e-05,0.00036727838,0.02115922,0.00025565157
ISIC_0024666,HAM_0005435,bcc,0,0.06727943,0.18324198,0.006609724,0.00043937785,0.7065662,0.035040718,0.00082247064
ISIC_0028890,HAM_0005435,bcc,0,0.004423146,0.11519391,0.10086716,0.00091187685,0.63687783,0.14113852,0.0005876032
ISIC_0025752,HAM_0005435,bcc,0,0.3082217,0.44496998,0.008351331,0.0012473905,0.20632492,0.029580042,0.0013047033
ISIC_0033372,HAM_0001749,bcc,0,0.00031024741,0.9985208,0.00048758154,3.93858e-05,0.00019538417,0.00039037445,5.6197598e-05
ISIC_0034066,HAM_0001749,bcc,0,0.00029864933,0.99607205,0.00075300725,0.00011683861,0.0010999072,0.0014623079,0.0001972025
ISIC_0027090,HAM_0001018,bcc,0,0.0008587128,0.950006,0.0024606208,0.00016087534,0.0055112685,0.040141303,0.0008612322
ISIC_0027814,HAM_0006631,bcc,0,0.07927303,0.9107827,0.003262417,0.0006595718,0.00016100486,0.0033890659,0.0024722398
ISIC_0028677,HAM_0001711,bcc,0,0.2782492,0.3419183,0.092296064,0.017392797,0.0054409127,0.26190197,0.0028007417
ISIC_0028059,HAM_0004273,bcc,0,9.042313e-05,0.9995365,1.6857784e-05,3.973508e-05,4.9114216e-05,0.0002080826,5.9358877e-05
ISIC_0029331,HAM_0002069,bcc,0,0.053575896,0.94410735,0.0011970134,0.0003022094,5.386661e-05,0.00043078637,0.00033288592
ISIC_0027601,HAM_0005842,bcc,0,2.9940295e-05,0.99971026,2.560929e-05,1.819521e-05,1.235968e-05,0.00012130572,8.2265135e-05
ISIC_0028316,HAM_0001296,bcc,0,0.0017986929,0.9976671,0.00011498659,9.8931225e-05,0.00017278397,9.105075e-05,5.6479512e-05
ISIC_0029278,HAM_0002224,bcc,0,0.947451,0.025199449,0.020647688,0.002217007,0.0005029621,0.0019374883,0.0020443979
ISIC_0030737,HAM_0003119,bcc,0,0.4561879,0.5149133,0.026423981,0.00081446796,0.0004047689,0.00084196473,0.0004135592
ISIC_0026952,HAM_0002167,bcc,0,0.00045087904,0.999302,5.3718515e-05,1.936079e-05,2.0132036e-05,8.500772e-05,6.870703e-05
ISIC_0028583,HAM_0004880,bcc,0,0.004279478,0.9933635,0.00090538803,0.00010404146,0.001055667,0.00012847406,0.0001633608
ISIC_0024403,HAM_0003680,bcc,0,0.0008298713,0.99682957,0.00064583117,0.000116471616,0.0009127715,0.0004620057,0.00020341836
ISIC_0025975,HAM_0005835,bcc,0,0.0010794138,0.9532388,0.044323105,0.00013461063,7.038279e-05,0.0010657969,8.793563e-05
ISIC_0031236,HAM_0002744,bcc,0,0.111673035,0.30924383,0.54806596,0.0014071297,0.006368204,0.02306192,0.00017994775
ISIC_0026156,HAM_0005068,bcc,0,0.04530713,0.9297807,0.022893365,0.00046549187,0.0006083028,0.00055063015,0.000394287
ISIC_0029974,HAM_0004627,bcc,0,0.8732601,0.119109824,0.0020514003,0.0009833118,0.0024768785,0.0013718754,0.0007466045
ISIC_0031597,HAM_0004627,bcc,0,0.0022477286,0.080012746,0.8823391,0.0029258707,0.011857317,0.019960556,0.00065668655
ISIC_0026798,HAM_0005536,bcc,0,0.6560316,0.09553103,0.02838407,0.019126078,0.00094297755,0.19794056,0.002043624
ISIC_0027966,HAM_0005417,bcc,0,0.00018409366,0.9975932,0.00071106444,9.494856e-05,0.00015291739,0.0009403414,0.00032341012
ISIC_0024448,HAM_0005417,bcc,0,0.00038230285,0.99935514,0.00012693487,1.1905195e-05,2.0650841e-05,5.6189652e-05,4.685661e-05
ISIC_0032022,HAM_0005417,bcc,0,0.0009359342,0.9982041,0.0005685049,2.5371715e-05,3.6843598e-05,0.00012379115,0.00010547138
ISIC_0028815,HAM_0004967,bcc,0,0.0006091372,0.99887735,0.00018451072,4.4558776e-05,1.4867132e-05,0.00014581752,0.00012375372
ISIC_0032225,HAM_0001388,bcc,0,0.3382789,0.017495727,0.051397692,0.005136494,0.54268384,0.044502724,0.0005046239
ISIC_0025711,HAM_0005501,bcc,0,0.055104643,0.89195323,0.033684794,0.0006625466,0.0051910155,0.010285831,0.0031179127
ISIC_0027046,HAM_0005371,bcc,0,0.0029410685,0.9920941,0.0018140563,0.00015844153,0.0003963818,0.0024513628,0.00014454471
ISIC_0031154,HAM_0005371,bcc,0,0.036194943,0.3421528,0.23816237,0.0047027525,0.015823986,0.36068022,0.002283003
ISIC_0028168,HAM_0005371,bcc,0,0.02379285,0.53776795,0.38885573,0.001062755,0.0019854878,0.04427219,0.0022630738
ISIC_0031056,HAM_0007507,bcc,0,0.001431904,0.9971522,0.00012138737,8.197454e-05,5.6120574e-05,0.0010087008,0.00014756952
ISIC_0026118,HAM_0007627,bcc,0,0.08172916,0.9154598,0.0017924558,0.00017464033,0.00044205732,0.00026319228,0.00013869259
ISIC_0029820,HAM_0007627,bcc,0,0.9940935,0.0038539432,0.0018080716,8.4647254e-05,9.638741e-05,3.815351e-05,2.531663e-05
ISIC_0031063,HAM_0003764,bcc,0,0.0026745987,0.99160683,0.0052187424,3.7321963e-05,0.00016339074,0.00020136696,9.77558e-05
ISIC_0028877,HAM_0003764,bcc,0,0.03846198,0.9428328,0.016737286,6.8803434e-05,0.00086564966,0.00072398403,0.00030956246
ISIC_0030514,HAM_0006872,bcc,0,0.8835028,0.050876554,0.041000403,0.021033186,0.0006081367,0.0014559977,0.0015228951
ISIC_0024345,HAM_0006872,bcc,0,0.39668837,0.551824,0.04259367,0.0075237383,0.000459063,0.000361733,0.00054942654
ISIC_0031651,HAM_0006631,bcc,0,0.061680507,0.92607224,0.006161674,0.00043469522,0.00014030038,0.0046246084,0.0008858601
ISIC_0030868,HAM_0001693,bcc,0,0.001052237,0.99814534,0.000481268,2.4398303e-05,6.133733e-05,0.00017456322,6.0859995e-05
ISIC_0026995,HAM_0001693,bcc,0,0.0012229083,0.9934493,0.002580693,0.00014530866,0.00046677733,0.0019763927,0.00015865796
ISIC_0030094,HAM_0003101,bcc,0,0.0003412098,0.9994091,7.517376e-05,1.20697305e-05,1.1011099e-05,9.699749e-05,5.4517033e-05
ISIC_0029220,HAM_0002258,bcc,0,0.001252184,0.9978004,0.00054907915,6.388334e-05,5.828016e-05,0.00013418857,0.00014200847
ISIC_0031986,HAM_0000658,bcc,0,0.0099107195,0.98943347,0.00031333428,4.1625623e-05,9.602931e-05,9.640515e-05,0.000108391236
ISIC_0026829,HAM_0007497,bcc,0,0.00018480975,0.7284132,0.0029914295,0.0003011499,0.005797893,0.2617608,0.00055066345
ISIC_0032222,HAM_0001415,bcc,0,0.05031525,0.8192156,0.11108553,0.0027138991,0.0029144334,0.012607288,0.0011480155
ISIC_0025019,HAM_0001415,bcc,0,0.24555352,0.7446318,0.005148512,0.00013163331,0.003613377,0.00067570887,0.00024544357
ISIC_0032318,HAM_0006444,bcc,0,0.05656293,0.84592617,0.0006546658,0.00023161172,0.095654674,0.00078276754,0.00018719891
ISIC_0032115,HAM_0000701,nv,0,3.2994315e-06,6.485257e-06,4.0748626e-05,7.460134e-05,0.00051468494,0.99933356,2.6645424e-05
ISIC_0025251,HAM_0000956,nv,0,3.837505e-05,5.9494512e-05,0.0009225071,0.00010554382,0.00088586775,0.99791473,7.353769e-05
ISIC_0031282,HAM_0003042,nv,0,3.7413631e-06,3.399903e-06,0.00013740952,1.7435572e-05,0.0017406748,0.9980819,1.5356816e-05
ISIC_0026583,HAM_0007329,nv,0,4.6161498e-05,2.6404972e-05,0.00022065474,0.00040654035,0.00012807986,0.9990578,0.000114250804
ISIC_0025457,HAM_0002108,nv,0,0.00017670481,5.132369e-05,0.0010412342,0.0004015296,0.00017653232,0.9976446,0.000508077
ISIC_0029594,HAM_0003227,nv,0,7.0008286e-06,6.2145164e-06,6.740216e-05,2.9705761e-05,0.00014795852,0.9996587,8.3047875e-05
ISIC_0024968,HAM_0000128,nv,0,8.79399e-06,2.2194616e-05,0.00018362337,0.00015145067,0.00030717367,0.99918324,0.0001436008
ISIC_0024828,HAM_0001587,nv,0,5.857404e-05,2.8658438e-05,0.002432936,0.00014596657,8.733103e-05,0.99697316,0.00027336803
ISIC_0027725,HAM_0005775,nv,0,4.1238804e-05,2.4385505e-05,0.00031840522,6.2881656e-05,0.4549639,0.5445205,6.865852e-05
ISIC_0031974,HAM_0000758,nv,0,1.1863443e-05,9.329928e-06,0.00017403434,6.753996e-05,0.0018889457,0.99779725,5.1131414e-05
ISIC_0029569,HAM_0005853,nv,0,1.6023514e-05,4.432222e-06,0.00023079681,4.7697435e-05,5.832609e-05,0.99956244,8.034758e-05
ISIC_0030072,HAM_0005384,nv,0,7.877967e-05,2.4644296e-05,0.00011860926,7.321591e-05,0.0011793391,0.9984112,0.00011417685
ISIC_0024872,HAM_0005823,nv,0,1.5422307e-05,3.9768718e-05,0.00084863364,4.063237e-05,0.0025534227,0.9964825,1.9533738e-05
ISIC_0031935,HAM_0001270,nv,0,3.5822726e-05,2.3770046e-05,0.006012701,8.771477e-05,0.00019365583,0.9935615,8.476736e-05
ISIC_0028185,HAM_0005252,nv,0,0.00034800937,0.00012877784,0.04767447,0.000782721,0.0024731003,0.94826156,0.00033142493
ISIC_0028879,HAM_0005858,nv,0,2.2674401e-05,1.4582618e-05,0.00031708696,9.416651e-05,0.0003874611,0.9990858,7.829583e-05
ISIC_0029540,HAM_0003516,nv,0,2.9385852e-05,0.00016422155,0.0020803239,6.294315e-05,0.0008951731,0.99664897,0.00011897944
ISIC_0028924,HAM_0001149,nv,0,4.38093e-06,7.510661e-06,6.629125e-05,2.6915186e-05,0.00021472342,0.99964106,3.90468e-05
ISIC_0032016,HAM_0007551,nv,0,3.838368e-05,2.3509348e-05,0.00154979,4.6982772e-05,8.950658e-05,0.99813926,0.00011248589
ISIC_0030523,HAM_0006362,nv,0,2.0608699e-05,7.655918e-06,0.00017859794,0.000105171894,0.0003326888,0.9992655,8.978276e-05
ISIC_0029637,HAM_0001807,nv,0,7.5261423e-06,3.57599e-06,4.893305e-05,1.621539e-05,0.00013072802,0.9997471,4.587865e-05
ISIC_0025143,HAM_0000561,nv,0,2.903989e-05,7.1026448e-06,0.000112139605,3.9848175e-05,0.001272761,0.99847347,6.557034e-05
ISIC_0029829,HAM_0006992,nv,0,0.00020750906,3.7679656e-05,0.0004193845,0.00037155408,0.0014752765,0.99720734,0.00028114932
ISIC_0032169,HAM_0005044,nv,0,1.0789481e-05,1.7615974e-05,0.0010856127,0.00011582806,3.2054544e-05,0.998609,0.00012915247
ISIC_0029373,HAM_0003671,nv,0,5.5495943e-06,2.9016728e-06,8.3724444e-05,2.2142833e-05,8.948941e-05,0.9997768,1.9445799e-05
ISIC_0024357,HAM_0005676,nv,0,5.160319e-05,5.0646977e-06,0.00074073725,4.3880682e-05,0.0009173721,0.9981918,4.943283e-05
ISIC_0032387,HAM_0005867,nv,0,0.00021380228,3.7225902e-05,0.050904565,0.000104606734,0.0121976305,0.93641806,0.00012422357
ISIC_0025206,HAM_0004395,nv,0,0.00026112323,0.000597717,0.8872232,0.0009682974,0.0009514253,0.10911402,0.0008842316
ISIC_0029496,HAM_0001448,nv,0,6.932787e-06,5.3677163e-06,0.00010540358,2.6395037e-05,0.00016383495,0.99965763,3.456035e-05
ISIC_0031331,HAM_0004419,nv,0,7.3551355e-06,4.1908297e-06,0.00018581822,2.4979487e-05,0.0073154406,0.9924171,4.518786e-05
ISIC_0026557,HAM_0000598,nv,0,1.48207555e-05,1.2215056e-05,0.0019147776,4.9893755e-05,0.0022125214,0.99576145,3.439205e-05
ISIC_0030669,HAM_0007244,nv,0,4.7189824e-06,3.5620749e-06,8.701321e-05,2.0418409e-05,0.0001082327,0.9997545,2.158721e-05
ISIC_0030050,HAM_0001662,nv,0,7.174066e-06,1.7895247e-05,0.0010762251,4.5831188e-05,7.938276e-05,0.9987129,6.0597988e-05
ISIC_0024365,HAM_0001534,nv,0,0.000109541324,0.000107213,0.02814514,0.00022674838,0.00011301855,0.97106206,0.00023624198
ISIC_0029966,HAM_0003064,nv,0,6.5477448e-06,3.069324e-05,0.00037980863,0.0001100997,0.00028207758,0.9991573,3.351299e-05
ISIC_0031106,HAM_0004100,nv,0,5.4592638e-05,0.0004633909,0.0030990147,0.009271168,0.0025985062,0.9814379,0.0030754143
ISIC_0028395,HAM_0006001,nv,0,4.3895172e-05,1.8952966e-05,0.0020122316,8.9891306e-05,0.00015283562,0.99754673,0.00013547097
ISIC_0027316,HAM_0004437,nv,0,3.6363337e-05,3.6935977e-05,0.00085056847,6.419468e-05,6.4888e-05,0.9987544,0.00019268206
ISIC_0032153,HAM_0001627,nv,0,1.2701631e-05,7.293933e-06,0.00013342466,4.4333046e-05,0.00011031628,0.9996574,3.452661e-05
ISIC_0028682,HAM_0002651,nv,0,1.7003913e-05,1.1940402e-05,0.0021230136,0.00014574827,0.001193231,0.99645483,5.419687e-05
ISIC_0029112,HAM_0003883,nv,0,3.3073386e-06,1.6184184e-05,3.521169e-05,3.507442e-05,0.00010938372,0.9997739,2.6918762e-05
ISIC_0029258,HAM_0002786,nv,0,3.4352437e-05,1.9920533e-05,0.0011025962,9.347083e-05,5.4096767e-05,0.9985072,0.00018840184
ISIC_0032100,HAM_0000101,nv,0,6.4751066e-06,9.70132e-06,9.948638e-05,5.9427788e-05,4.6012017e-05,0.99972016,5.8706763e-05
ISIC_0030214,HAM_0006216,nv,0,4.0437803e-06,5.6032786e-06,4.345351e-05,3.476278e-05,0.0002383738,0.9996382,3.548304e-05
ISIC_0028282,HAM_0002624,nv,0,5.0360675e-05,5.8648053e-05,0.0010362675,0.000108928856,0.008081524,0.99046457,0.00019956974
ISIC_0026435,HAM_0006532,nv,0,4.205188e-06,2.8122229e-06,3.6433863e-05,1.6120133e-05,0.0001872989,0.9997147,3.84255e-05
ISIC_0029943,HAM_0002632,nv,0,4.9494713e-05,1.7340377e-05,0.00014321768,0.00066045584,0.00447281,0.9945732,8.345661e-05
ISIC_0028848,HAM_0004828,nv,0,8.382168e-06,2.7430444e-05,0.000791909,6.6577864e-05,0.0009362916,0.99809784,7.149741e-05
ISIC_0031704,HAM_0002918,nv,0,6.8501766e-05,4.5945017e-05,0.001233344,0.00011494315,9.013185e-05,0.9982645,0.00018260552
ISIC_0025930,HAM_0000154,nv,0,4.3220716e-06,9.514313e-06,6.14232e-05,2.9536e-05,8.181075e-05,0.9997868,2.6605492e-05
ISIC_0031234,HAM_0006177,nv,0,6.223719e-05,3.4980152e-05,0.008088028,0.00019339635,0.00018854771,0.9912617,0.00017100533
ISIC_0025056,HAM_0007155,nv,0,1.484841e-06,4.3556747e-06,3.490165e-05,9.321942e-05,0.00013120395,0.99971896,1.5839314e-05
ISIC_0032011,HAM_0002433,nv,0,3.6752215e-06,4.2800175e-06,5.5558347e-05,2.078092e-05,0.000104943276,0.99977475,3.601156e-05
ISIC_0030540,HAM_0000529,nv,0,1.2087771e-05,4.306464e-05,0.0006026726,6.198918e-05,0.00024866834,0.99894994,8.148325e-05
ISIC_0031151,HAM_0003438,nv,0,0.00022758258,5.259755e-05,0.023214053,0.0006633729,0.0020096903,0.97368324,0.00014954408
ISIC_0029184,HAM_0005454,nv,0,5.222011e-05,1.880238e-05,0.0015962136,0.00012441614,0.025711318,0.9723771,0.00012000087
ISIC_0030308,HAM_0006250,nv,0,6.812922e-05,2.4387296e-05,0.005857673,7.0843176e-05,0.02119754,0.9726819,9.951539e-05
ISIC_0032366,HAM_0004046,nv,0,1.0591502e-05,6.226423e-06,0.0001473939,3.632383e-05,8.191698e-05,0.9996196,9.79461e-05
ISIC_0028827,HAM_0001816,nv,0,4.412586e-06,6.259312e-06,3.387058e-05,2.7189213e-05,0.0008541322,0.9990289,4.5201083e-05
ISIC_0025558,HAM_0004933,nv,0,6.286772e-06,5.735362e-06,0.00029719988,4.33839e-05,0.00011674798,0.9994998,3.0884195e-05
ISIC_0028768,HAM_0000148,nv,0,9.3201215e-06,3.5242534e-05,0.0003079438,0.00011578174,0.00051448273,0.9986971,0.00032014246
ISIC_0026383,HAM_0004039,nv,0,4.2466632e-05,1.7946419e-05,0.009242161,9.796949e-05,0.0006547099,0.98990005,4.4678836e-05
ISIC_0025794,HAM_0001810,nv,0,1.784891e-05,1.355224e-05,0.0016020074,2.4635981e-05,0.00020609835,0.9980743,6.151291e-05
ISIC_0028805,HAM_0006166,nv,0,1.286408e-05,4.3945696e-05,0.00064640824,0.00036366598,0.0001788886,0.99869496,5.93089e-05
ISIC_0028462,HAM_0004702,nv,0,3.100728e-06,2.203044e-06,8.672062e-05,1.5578547e-05,0.0001575684,0.99972016,1.4648989e-05
ISIC_0031422,HAM_0003375,nv,0,8.009096e-05,3.1795822e-05,0.04850456,0.0018629036,0.0033193636,0.946112,8.934792e-05
ISIC_0029784,HAM_0005563,nv,0,3.6282694e-05,0.00014776716,0.001312861,0.0014678239,0.00021374387,0.9965395,0.00028206068
ISIC_0026700,HAM_0006901,nv,0,2.4669644e-05,9.290673e-06,0.0001252828,6.666727e-05,0.00017780211,0.9994381,0.00015806327
ISIC_0031319,HAM_0002845,nv,0,9.510638e-06,2.2589747e-06,8.462266e-05,2.7898779e-05,0.0004507034,0.9994006,2.440514e-05
ISIC_0029385,HAM_0005187,nv,0,2.055154e-05,9.084137e-06,0.00012601646,3.115428e-05,0.0013351034,0.99844223,3.5893387e-05
ISIC_0024464,HAM_0005604,nv,0,2.6946944e-05,8.782632e-06,0.000539924,2.71053e-05,0.0013606867,0.9978928,0.00014369571
ISIC_0031237,HAM_0001978,nv,0,5.6715935e-06,7.382719e-06,6.266568e-05,8.465593e-05,0.0017237664,0.99808645,2.9370814e-05
ISIC_0024788,HAM_0001121,nv,0,9.554407e-06,1.9451807e-05,0.0016115186,9.999768e-05,6.697156e-05,0.9981343,5.829966e-05
ISIC_0028975,HAM_0004819,nv,0,3.1548739e-06,9.022575e-06,2.9555007e-05,6.2843515e-05,0.00037075818,0.9994537,7.100271e-05
ISIC_0026185,HAM_0001897,nv,0,2.0081658e-05,7.7270615e-06,0.0001769438,4.507828e-05,0.0009160943,0.9987501,8.397095e-05
ISIC_0030041,HAM_0000925,nv,0,0.00010103708,5.5526187e-05,0.00088268466,0.00012759816,0.00051921245,0.99822074,9.317067e-05
ISIC_0026936,HAM_0000574,nv,0,6.185263e-06,1.6682447e-05,0.00061599805,0.00010234217,0.00036407684,0.9988471,4.7616777e-05
ISIC_0025120,HAM_0000551,nv,0,2.0531179e-05,1.3946462e-05,0.00020745884,8.900936e-05,0.015718123,0.9839087,4.212724e-05
ISIC_0027220,HAM_0005797,nv,0,1.6686574e-05,5.049514e-06,0.00025271336,0.0002105772,0.00039607228,0.99909437,2.4613038e-05
ISIC_0029675,HAM_0001314,nv,0,5.535724e-06,8.457474e-06,7.245747e-05,0.00035751992,0.00030106195,0.99922776,2.7221196e-05
ISIC_0029604,HAM_0001804,nv,0,1.8099277e-05,8.466408e-06,0.00029447046,4.4101642e-05,0.02055847,0.9790221,5.4245946e-05
ISIC_0031771,HAM_0001582,nv,0,2.186782e-05,7.859539e-05,0.004199953,0.00018598037,0.0012666086,0.9941322,0.00011480318
ISIC_0025274,HAM_0001504,nv,0,8.875429e-06,5.775352e-06,0.00036417777,4.3643755e-05,0.00091241894,0.9986364,2.8566423e-05
ISIC_0030120,HAM_0000729,nv,0,0.0034695452,0.0007067764,0.006554369,0.0011360626,0.0013838009,0.9855436,0.0012057945
ISIC_0026057,HAM_0000038,nv,0,0.0007515613,0.00010082272,0.0034129638,0.00027299608,0.0020875768,0.993189,0.00018507952
ISIC_0025192,HAM_0004982,nv,0,9.75582e-06,9.290904e-06,0.00029908135,3.195688e-05,0.00014840886,0.999463,3.8472142e-05
ISIC_0027085,HAM_0007026,nv,0,1.6629521e-05,9.949354e-06,0.00022699976,3.3922217e-05,9.593021e-05,0.9995753,4.1238927e-05
ISIC_0031995,HAM_0006649,nv,0,8.848748e-06,7.0136207e-06,7.540353e-05,3.9233608e-05,0.0002778422,0.99953115,6.05293e-05
ISIC_0026168,HAM_0002013,nv,0,3.2509706e-05,1.983401e-05,0.0015211804,4.7486483e-05,0.000111166715,0.99806136,0.00020637261
ISIC_0028933,HAM_0001572,nv,0,1.6494143e-05,8.641023e-06,0.00039767,5.71222e-05,0.00026396924,0.9992138,4.2119267e-05
ISIC_0028613,HAM_0004080,nv,0,3.700292e-05,9.700037e-06,8.717612e-05,7.7045435e-05,0.00013731481,0.99958795,6.381057e-05
ISIC_0027591,HAM_0001614,nv,0,9.420465e-06,5.8607357e-06,7.878037e-05,5.0088078e-05,0.00019252356,0.99963963,2.3775741e-05
ISIC_0031699,HAM_0003611,nv,0,2.401135e-05,0.00013858118,0.00048345973,0.00064094935,0.002674231,0.9958372,0.00020163442
ISIC_0031213,HAM_0005225,nv,0,3.725554e-06,4.6911805e-06,4.324475e-05,5.2316165e-05,0.0001411034,0.999705,4.9920433e-05
ISIC_0026659,HAM_0006641,nv,0,8.314327e-06,6.3748153e-06,0.000131014,3.552116e-05,6.1076105e-05,0.9997352,2.2556584e-05
ISIC_0029950,HAM_0000232,nv,0,5.0089133e-05,0.00010078837,0.0029787333,0.0004185729,0.00020102969,0.99285054,0.0034001593
ISIC_0025536,HAM_0005035,nv,0,1.5195152e-05,1.822177e-05,0.00047040483,9.64122e-05,0.0001496546,0.9992162,3.3976325e-05
ISIC_0025833,HAM_0003131,nv,0,7.3034594e-06,7.274986e-06,9.157485e-05,3.837967e-05,0.00275174,0.9970606,4.315142e-05
ISIC_0028819,HAM_0003536,nv,0,6.7592564e-06,1.0759152e-05,9.206412e-05,7.095083e-05,5.8135036e-05,0.99969935,6.212663e-05
ISIC_0029142,HAM_0000016,nv,0,4.6776233e-05,8.712084e-06,0.0016667274,3.3989076e-05,0.00057152304,0.99764085,3.1496213e-05
ISIC_0031021,HAM_0006780,nv,0,1.7086635e-05,1.7594626e-05,4.65371e-05,0.00033557173,0.0001739224,0.9993488,6.0459184e-05
ISIC_0024901,HAM_0001606,nv,0,3.1806728e-06,2.8289492e-06,4.091661e-05,3.0339905e-05,0.00012350387,0.99978536,1.3816214e-05
ISIC_0029699,HAM_0005241,nv,0,9.9045255e-06,2.2060158e-05,0.00027176633,0.00015622427,0.0005576623,0.9989662,1.6171109e-05
ISIC_0032288,HAM_0006100,nv,0,1.0079948e-05,1.3804592e-05,0.0003316899,0.00031060644,0.00034828758,0.99894434,4.1293468e-05
ISIC_0027657,HAM_0004070,nv,0,0.0002572039,0.00016638798,0.06831608,0.00017815993,0.0006756597,0.9302685,0.00013794049
ISIC_0026620,HAM_0000435,nv,0,1.718914e-05,5.6462773e-06,6.6247565e-05,2.2157676e-05,0.00035223452,0.9994704,6.621524e-05
ISIC_0024534,HAM_0003207,nv,0,1.6385518e-05,4.7129033e-06,0.00077498466,1.50655915e-05,0.0006733183,0.9984666,4.887037e-05
ISIC_0031313,HAM_0004094,nv,0,5.3349606e-05,4.9340317e-05,0.002106215,0.00037615132,0.001961292,0.9953512,0.00010243314
ISIC_0026862,HAM_0002211,nv,0,4.774169e-06,2.8843904e-06,8.710284e-05,5.055608e-05,0.00017818972,0.9996625,1.39910135e-05
ISIC_0026114,HAM_0006375,nv,0,5.0212424e-05,1.5224457e-05,0.0051218066,4.8477814e-05,0.0012662329,0.9933522,0.00014586313
ISIC_0030875,HAM_0001544,nv,0,7.596217e-05,4.5714838e-05,0.02525744,0.00015018623,0.00015434953,0.9740518,0.00026461668
ISIC_0029266,HAM_0004750,nv,0,7.1098675e-06,3.274264e-06,0.000340904,5.5759847e-05,7.788882e-05,0.99948883,2.6262032e-05
ISIC_0027938,HAM_0006885,nv,0,2.6053967e-06,7.0408264e-06,6.332365e-05,7.358235e-05,0.0003291298,0.99949634,2.7874215e-05
ISIC_0026269,HAM_0007205,nv,0,1.6855727e-06,8.3129e-06,0.00010141489,2.6289661e-05,0.00028513555,0.99956363,1.3414337e-05
ISIC_0027935,HAM_0005219,nv,0,1.980256e-05,9.4090365e-06,0.003278647,6.075838e-05,0.00013007814,0.99647874,2.2615233e-05
ISIC_0030734,HAM_0004692,nv,0,7.838459e-06,8.508567e-06,0.00014366578,3.3750774e-05,0.00038588012,0.9993913,2.9066585e-05
ISIC_0027156,HAM_0005172,nv,0,0.0021751523,0.00041215602,0.011448577,0.00380495,0.0005589664,0.98145604,0.0001441163
ISIC_0028160,HAM_0006659,nv,0,2.209143e-05,0.000104062776,0.0008751444,0.00015652215,0.00014979267,0.9984303,0.00026212528
ISIC_0031364,HAM_0000723,nv,0,7.6479455e-06,3.529474e-05,0.0006259198,7.450037e-05,0.006818575,0.992393,4.5054574e-05
ISIC_0027869,HAM_0001411,nv,0,1.2260791e-05,4.953807e-06,0.00027033663,3.4285644e-05,0.00016237402,0.99948967,2.5981453e-05
ISIC_0030374,HAM_0007095,nv,0,3.3104498e-05,1.3826987e-05,0.00038058756,0.00026675724,0.00059646857,0.99861264,9.663666e-05
ISIC_0029984,HAM_0004523,nv,0,1.1075262e-05,5.558125e-06,6.274563e-05,3.839311e-05,0.0024435283,0.9974099,2.8839479e-05
ISIC_0032166,HAM_0001960,nv,0,9.319257e-06,4.176601e-05,0.00014677763,0.00019616533,0.0028407099,0.99665594,0.000109289125
ISIC_0031734,HAM_0000810,nv,0,5.8714686e-06,3.7321327e-06,0.00010035028,1.4126246e-05,0.00033204188,0.99951625,2.760388e-05
ISIC_0029471,HAM_0000205,nv,0,3.948682e-06,2.0730064e-05,0.0004095191,7.292252e-05,0.00010228637,0.9992779,0.000112779286
ISIC_0031504,HAM_0006103,nv,0,6.411041e-05,0.01862913,0.005816298,0.0018257166,0.0011374945,0.9724363,9.0941474e-05
ISIC_0026830,HAM_0006461,nv,0,2.3880635e-05,4.7958376e-05,0.0003484476,0.00017069267,0.00019116672,0.99623626,0.0029816027
ISIC_0024379,HAM_0003772,nv,0,1.5163587e-05,4.20256e-06,0.00020902045,5.606513e-05,0.0005992356,0.99908996,2.6354299e-05
ISIC_0031390,HAM_0007544,nv,0,1.3338299e-05,6.9063167e-06,5.8736503e-05,4.9606217e-05,8.458928e-05,0.9997384,4.843343e-05
ISIC_0032467,HAM_0003234,nv,0,6.919053e-06,3.703502e-06,4.5294477e-05,1.8193707e-05,0.00028348793,0.9996277,1.4619053e-05
ISIC_0030239,HAM_0001648,nv,0,5.284347e-06,4.6999953e-06,5.9932314e-05,2.359047e-05,0.00024908056,0.99962914,2.8289292e-05
ISIC_0026208,HAM_0007201,nv,0,5.2015157e-06,7.0957562e-06,9.3857e-05,0.00020889279,0.00019537614,0.9994553,3.4251e-05
ISIC_0024835,HAM_0006357,nv,0,5.8027404e-06,7.993613e-06,0.00023173307,0.00016879613,0.000105862266,0.9994605,1.925073e-05
ISIC_0024661,HAM_0000743,nv,0,2.7499116e-05,9.050552e-06,0.001028878,3.2149725e-05,0.00014345326,0.9986442,0.00011481855
ISIC_0032223,HAM_0003059,nv,0,1.1026319e-05,8.339374e-06,9.5532334e-05,6.5466265e-05,0.0009443344,0.99883765,3.7704413e-05
ISIC_0030509,HAM_0000027,nv,0,1.0821963e-05,7.1668655e-06,0.00015804064,1.9292236e-05,9.369315e-05,0.99966097,4.9967006e-05
ISIC_0025806,HAM_0003948,nv,0,7.4529225e-06,2.5159961e-06,7.5382195e-05,1.5011275e-05,0.00013233219,0.99973637,3.0876425e-05
ISIC_0032188,HAM_0003865,nv,0,8.443639e-06,1.4532424e-05,8.305859e-05,4.2713164e-05,6.6511726e-05,0.9995436,0.00024116086
ISIC_0026173,HAM_0004130,nv,0,6.387976e-05,8.186319e-05,0.0032629357,0.0892494,0.013929556,0.8926273,0.0007850847
ISIC_0031357,HAM_0003289,nv,0,3.7404193e-06,2.216125e-06,1.684545e-05,2.9363273e-05,0.00014070129,0.99978095,2.614175e-05
ISIC_0025551,HAM_0003022,nv,0,4.728635e-06,5.703822e-06,1.6137981e-05,2.4439842e-05,7.205664e-05,0.9998447,3.2172655e-05
ISIC_0024585,HAM_0004230,nv,0,4.936111e-06,2.4103713e-06,3.4532128e-05,1.253116e-05,9.581297e-05,0.9998172,3.263057e-05
ISIC_0025527,HAM_0001500,nv,0,9.79497e-06,3.6245435e-06,0.00011821082,1.4935545e-05,0.00020668283,0.9995616,8.5175234e-05
ISIC_0030484,HAM_0007274,nv,0,2.7593795e-05,6.0971734e-06,0.00011685692,4.7631263e-05,0.0015483338,0.99817574,7.784349e-05
ISIC_0032398,HAM_0002555,nv,0,1.8361809e-05,6.782382e-05,0.0001645384,0.00024991296,0.00018726758,0.9990596,0.00025261205
ISIC_0025481,HAM_0001909,nv,0,7.2802536e-06,7.5260386e-06,5.656886e-05,3.3960725e-05,0.00012898257,0.99973327,3.2468906e-05
ISIC_0030815,HAM_0000305,nv,0,1.1387563e-05,9.078958e-06,5.6491168e-05,5.270701e-05,0.0019338874,0.99787295,6.357679e-05
ISIC_0028021,HAM_0002239,nv,0,9.142337e-06,9.053491e-06,0.00060800416,0.00029937163,4.0574934e-05,0.9989686,6.521958e-05
ISIC_0029312,HAM_0006502,nv,0,3.0774147e-05,1.6682667e-05,0.0009126235,3.9092585e-05,5.1386232e-05,0.99886036,8.917848e-05
ISIC_0026570,HAM_0002728,nv,0,4.2886413e-06,4.765673e-06,3.2345593e-05,1.8538269e-05,7.9520425e-05,0.9998344,2.6003108e-05
ISIC_0028088,HAM_0001196,nv,0,1.470069e-05,2.8895207e-05,0.00030479298,3.888275e-05,0.00012643774,0.99933726,0.00014901644
ISIC_0030307,HAM_0003798,nv,0,0.00039646766,0.7675461,0.00031981754,0.0005482948,0.0005324646,0.2277742,0.0028826958
ISIC_0026832,HAM_0000630,nv,0,4.722711e-05,2.6517891e-05,0.000129131,0.00011142665,7.8321915e-05,0.9994186,0.00018880414
ISIC_0027553,HAM_0002974,nv,0,1.23844975e-05,6.190935e-06,0.000107201435,1.879212e-05,6.030731e-05,0.9997631,3.2028973e-05
ISIC_0025944,HAM_0005634,nv,0,1.3732714e-05,4.8300603e-06,4.598324e-05,3.252749e-05,0.00030367932,0.99958295,1.6244423e-05
ISIC_0029287,HAM_0000715,nv,0,4.745813e-06,7.83982e-06,4.2630723e-05,5.6975103e-05,0.00027314347,0.9995648,4.9767415e-05
ISIC_0028769,HAM_0004242,nv,0,1.9281408e-05,1.0240278e-05,0.00062068325,4.3834905e-05,3.410533e-05,0.99909985,0.00017207897
ISIC_0027438,HAM_0006808,nv,0,6.247668e-05,2.2983888e-05,0.0003500658,8.862401e-05,0.00039805283,0.99897087,0.0001070054
ISIC_0030896,HAM_0003406,nv,0,2.403485e-05,1.4663541e-05,0.00065727247,0.00018305346,8.044009e-05,0.9987607,0.00027987384
ISIC_0032505,HAM_0007077,nv,0,0.00013207132,6.0525726e-05,0.00020575813,0.00013854478,0.0026787554,0.99654835,0.00023613335
ISIC_0024395,HAM_0000813,nv,0,3.032479e-05,2.218609e-05,0.00042970054,0.00017934463,0.00017391169,0.99879944,0.00036510528
ISIC_0029088,HAM_0007430,nv,0,3.031011e-05,7.618823e-06,0.0002764415,0.00013360393,0.0011586791,0.99831593,7.739958e-05
ISIC_0027299,HAM_0000475,nv,0,1.1409374e-05,9.035724e-05,0.0026927073,0.0010731791,0.00018832066,0.99588627,5.7715686e-05
ISIC_0027206,HAM_0007158,nv,0,1.06334855e-05,5.4416714e-06,2.9677087e-05,2.6680422e-05,0.00021253894,0.99966943,4.5518078e-05
ISIC_0031675,HAM_0006939,nv,0,9.184502e-06,8.729745e-06,4.67796e-05,3.8743794e-05,0.00019579884,0.99966323,3.7551774e-05
ISIC_0028318,HAM_0001886,nv,0,9.293098e-06,9.439444e-06,9.33542e-05,4.1043135e-05,5.0632036e-05,0.999699,9.73816e-05
ISIC_0031998,HAM_0002868,nv,0,1.0026685e-05,6.537244e-06,0.00028623483,2.7308643e-05,0.00013596911,0.9995053,2.8591276e-05
ISIC_0029128,HAM_0001436,nv,0,1.071477e-05,5.3877243e-06,0.00013469261,3.5304343e-05,0.0002293157,0.9994721,0.0001125811
ISIC_0027617,HAM_0000363,nv,0,1.7630828e-05,4.204079e-06,9.814498e-05,5.1769304e-05,0.00031511878,0.999451,6.21112e-05
ISIC_0029980,HAM_0000379,nv,0,1.4588776e-05,5.825727e-06,8.046095e-05,1.422302e-05,0.00032466423,0.99950767,5.2613217e-05
ISIC_0025449,HAM_0004482,nv,0,2.013947e-05,3.2466887e-05,8.620974e-05,7.345162e-05,8.6928325e-05,0.9996711,2.9851535e-05
ISIC_0030291,HAM_0004983,nv,0,3.3304044e-05,0.005997141,8.638412e-05,0.0002129692,0.00041292125,0.99292773,0.00032953118
ISIC_0026503,HAM_0004148,nv,0,1.573103e-05,7.886918e-06,6.750341e-05,1.8123994e-05,0.000102497834,0.99969494,9.333103e-05
ISIC_0025720,HAM_0004464,nv,0,5.8072237e-05,5.6616307e-05,0.00030043832,0.024171697,0.0026068212,0.9712091,0.0015972181
ISIC_0029844,HAM_0002999,nv,0,9.201948e-06,5.484013e-06,0.0001640269,4.659464e-05,8.6288506e-05,0.99960786,8.0567304e-05
ISIC_0024974,HAM_0006093,nv,0,6.7336655e-06,5.410652e-06,4.9103786e-05,3.399659e-05,4.9440605e-05,0.9998123,4.3059743e-05
ISIC_0027230,HAM_0001687,nv,0,0.0005503578,3.8452963e-05,0.0005947882,0.00019528026,0.00017763114,0.9979898,0.00045381856
ISIC_0032084,HAM_0003067,nv,0,1.583271e-05,3.3122403e-06,2.3490808e-05,1.9608147e-05,0.00059819326,0.999302,3.7410122e-05
ISIC_0029440,HAM_0000829,nv,0,6.403649e-05,2.9547986e-05,0.0008507541,0.00032063166,0.00030386454,0.99824095,0.00019024643
ISIC_0031004,HAM_0001408,nv,0,1.3569718e-05,1.1538985e-05,0.00036873814,7.158793e-05,0.00014739182,0.9993616,2.5550406e-05
ISIC_0030373,HAM_0007362,nv,0,6.2657266e-05,0.0027676825,0.0017184931,0.00033477572,0.003092099,0.9863259,0.0056983586
ISIC_0030468,HAM_0003703,nv,0,6.685199e-06,5.2166165e-06,0.00010863372,4.9252805e-05,0.0013587888,0.9984491,2.2286866e-05
ISIC_0025296,HAM_0006862,nv,0,9.1839875e-06,3.1553584e-06,4.081953e-05,1.33756785e-05,0.00027182454,0.99960726,5.4474625e-05
ISIC_0030037,HAM_0002568,nv,0,0.00015738078,2.8942435e-05,0.00095610466,7.86737e-05,0.001480121,0.9970682,0.00023055838
ISIC_0024919,HAM_0006349,nv,0,2.5385454e-05,7.035532e-06,7.175366e-05,2.3023607e-05,0.0030096136,0.99679595,6.727479e-05
ISIC_0027214,HAM_0004938,nv,0,5.5494875e-06,3.6679871e-06,2.5411196e-05,2.1169737e-05,0.00013006084,0.99975747,5.6639325e-05
ISIC_0028383,HAM_0005556,nv,0,1.4048029e-05,6.356725e-06,5.3380365e-05,0.0001267465,0.0008984627,0.9988471,5.4009597e-05
ISIC_0024307,HAM_0003577,nv,0,1.6893215e-05,9.184681e-06,0.0001213246,4.068332e-05,6.10729e-05,0.9996828,6.816502e-05
ISIC_0027353,HAM_0004471,nv,0,1.4223717e-05,5.6467643e-06,0.00023788928,2.1519798e-05,9.225345e-05,0.9995566,7.188216e-05
ISIC_0027225,HAM_0000405,nv,0,0.00014643294,3.0754018e-05,0.0063183666,0.00078910054,0.0012402177,0.9914067,6.849782e-05
ISIC_0028275,HAM_0000991,nv,0,1.4533165e-05,6.0701686e-06,8.0389415e-05,3.99319e-05,0.00022767019,0.9995946,3.6751077e-05
ISIC_0027304,HAM_0005825,nv,0,1.8275936e-05,1.10632855e-05,5.9458143e-05,6.8235706e-05,0.0054153423,0.99438727,4.038885e-05
ISIC_0031964,HAM_0007181,nv,0,7.2351013e-06,3.7829604e-06,3.4014807e-05,2.5179113e-05,0.0005300068,0.9993716,2.8199267e-05
ISIC_0030409,HAM_0001181,nv,0,5.4959205e-06,3.3991903e-06,3.9572213e-05,3.777851e-05,4.1471318e-05,0.99982363,4.865089e-05
ISIC_0027232,HAM_0003708,nv,0,0.0002295514,0.00016373288,0.026950361,0.0009376282,0.004191912,0.9668804,0.00064631255
ISIC_0026683,HAM_0006731,nv,0,1.2652904e-05,3.8967873e-06,7.4885706e-05,1.447832e-05,8.586736e-05,0.99972004,8.8140034e-05
ISIC_0031089,HAM_0003467,nv,0,7.096173e-06,8.151708e-06,2.2573628e-05,1.4140016e-05,0.00037883274,0.999514,5.5273304e-05
ISIC_0029009,HAM_0001705,nv,0,3.300581e-05,1.4002862e-05,0.000112642905,5.691765e-05,0.00017784061,0.9995326,7.297673e-05
ISIC_0026505,HAM_0003047,nv,0,1.3312904e-05,4.036486e-06,2.2557726e-05,1.9848887e-05,0.00011999671,0.99978584,3.432931e-05
ISIC_0025290,HAM_0001340,nv,0,3.5761918e-06,5.0629774e-06,2.3138224e-05,2.0720725e-05,0.0001260651,0.9998036,1.7932294e-05
ISIC_0028911,HAM_0006058,nv,0,7.3656793e-06,4.709424e-06,1.3693873e-05,2.9590587e-05,0.0002501903,0.99968016,1.4309073e-05
ISIC_0030764,HAM_0001074,nv,0,3.6016565e-05,5.1894523e-05,0.0005280979,0.00017867016,0.00010953933,0.99893767,0.00015813847
ISIC_0030718,HAM_0005373,nv,0,4.7097806e-06,5.162589e-06,3.8918035e-05,5.85657e-05,6.760648e-05,0.9997558,6.93789e-05
ISIC_0030897,HAM_0007213,nv,0,2.8259867e-05,1.0467535e-05,0.00015586062,4.9986607e-05,0.000113142676,0.99956495,7.726971e-05
ISIC_0030837,HAM_0007531,nv,0,2.8147062e-05,0.00020676517,0.0007398785,0.0002527162,2.4550303e-05,0.99849606,0.0002518539
ISIC_0029510,HAM_0001364,nv,0,4.9782207e-05,4.7409827e-05,0.0011181984,0.00020624079,7.082392e-05,0.99839836,0.00010915991
ISIC_0030220,HAM_0004810,nv,0,6.825748e-06,2.8067582e-06,8.93645e-05,5.5338856e-05,9.0866015e-05,0.99972266,3.213733e-05
ISIC_0028192,HAM_0006656,nv,0,0.00010680769,5.938054e-06,0.00076455326,3.5951212e-05,0.0018349637,0.9971251,0.00012671346
ISIC_0029364,HAM_0002635,nv,0,1.6712285e-05,8.502521e-06,0.00012104042,8.380132e-05,0.0010179225,0.99868125,7.0774826e-05
ISIC_0028927,HAM_0000680,nv,0,2.932574e-05,6.435722e-06,6.349281e-05,6.0113776e-05,0.00031420562,0.99947864,4.7740028e-05
ISIC_0029006,HAM_0001054,nv,0,3.5762835e-06,3.6682502e-06,3.7963637e-05,1.6780585e-05,3.2109383e-05,0.9998292,7.664187e-05
ISIC_0024588,HAM_0006931,nv,0,2.1919781e-05,1.6481412e-05,0.0007883239,8.07292e-05,0.0005588688,0.9984426,9.121056e-05
ISIC_0031423,HAM_0002982,nv,0,7.294869e-06,6.362698e-06,3.4413217e-05,1.8483135e-05,9.1182876e-05,0.9997857,5.6640925e-05
ISIC_0032054,HAM_0005350,nv,0,6.7707692e-06,7.0818596e-06,4.9907598e-05,6.993565e-05,0.000388549,0.999448,2.978664e-05
ISIC_0030295,HAM_0007404,nv,0,5.023345e-06,7.674662e-06,2.1692935e-05,6.0928523e-05,8.094412e-05,0.99975735,6.650971e-05
ISIC_0030342,HAM_0006508,nv,0,1.0306009e-05,3.9810884e-06,0.00018183295,2.0217634e-05,9.0233865e-05,0.99963844,5.495723e-05
ISIC_0031801,HAM_0000990,nv,0,7.807033e-06,3.5813084e-06,1.7593422e-05,2.5976013e-05,0.00063118764,0.9992804,3.3435386e-05
ISIC_0025884,HAM_0001999,nv,0,6.100564e-06,1.46059365e-05,0.00048926426,8.5876694e-05,0.000505782,0.99873084,0.00016756468
ISIC_0032479,HAM_0006500,nv,0,1.6013817e-05,3.3835106e-05,0.0011599902,0.0002443373,0.0010603168,0.9970084,0.00047704796
ISIC_0024990,HAM_0005430,nv,0,7.526724e-06,3.9585657e-06,3.293494e-05,2.4249155e-05,7.470178e-05,0.99982435,3.2361066e-05
ISIC_0026536,HAM_0006480,nv,0,1.1909525e-05,4.1806366e-06,1.7601138e-05,3.9298495e-05,0.0001809176,0.9997186,2.7501832e-05
ISIC_0026065,HAM_0004554,nv,0,0.00013617553,5.698858e-05,0.0014045058,0.00017795358,0.00017777989,0.9968765,0.0011700756
ISIC_0028157,HAM_0004865,nv,0,3.3891978e-05,3.7295824e-05,0.00022924686,0.00010624592,0.00043757056,0.9986842,0.0004716058
ISIC_0026597,HAM_0002339,nv,0,6.658359e-05,0.00017783923,0.0029728794,7.3413976e-05,0.00011823531,0.9962359,0.0003552332
ISIC_0024311,HAM_0000981,nv,0,1.980899e-05,5.8270043e-06,0.0001296764,2.1355965e-05,4.7149497e-05,0.99972683,4.933992e-05
ISIC_0031128,HAM_0004287,nv,0,0.000159109,9.644298e-06,0.0014956441,0.00010399018,0.0004654263,0.99773383,3.243563e-05
ISIC_0029378,HAM_0006620,nv,0,7.123129e-06,3.7609636e-06,5.894639e-05,3.854489e-05,0.00045423763,0.9993992,3.8133057e-05
ISIC_0029225,HAM_0003226,nv,0,0.00036257188,0.00021969632,0.0008710398,0.00058052095,0.0015124116,0.9956903,0.00076345314
ISIC_0031870,HAM_0003028,nv,0,1.4562822e-05,6.2511704e-06,0.00010640381,5.9020556e-05,6.4505664e-05,0.99968004,6.937364e-05
ISIC_0027500,HAM_0006082,nv,0,1.0346353e-05,4.7099344e-05,0.00010588119,5.6979337e-05,0.00011265492,0.99963915,2.7959994e-05
ISIC_0026762,HAM_0002056,nv,0,6.2882973e-06,5.872797e-06,9.891943e-05,2.899173e-05,3.8822614e-05,0.9997423,7.8865436e-05
ISIC_0025332,HAM_0001261,nv,0,5.2932546e-06,6.5108143e-06,1.6789107e-05,4.373942e-05,0.00050919934,0.9993605,5.800193e-05
ISIC_0030612,HAM_0000467,nv,0,1.4444981e-05,8.591866e-06,0.00042670345,2.8671226e-05,9.737312e-05,0.999368,5.621782e-05
ISIC_0028997,HAM_0001163,nv,0,0.0029911161,0.0097092185,0.0075049927,0.0018213043,0.004578758,0.97055995,0.0028346987
ISIC_0030855,HAM_0007610,nv,0,2.3544855e-05,1.262729e-05,0.0001471103,5.8731122e-05,3.736825e-05,0.9996468,7.38454e-05
ISIC_0024950,HAM_0006493,nv,0,1.9692743e-05,3.7663358e-05,0.0010249495,6.0776507e-05,3.4629407e-05,0.99872476,9.759596e-05
ISIC_0027434,HAM_0001668,nv,0,1.9090725e-05,1.0708926e-05,7.9516176e-05,3.538861e-05,0.020172857,0.979606,7.6395314e-05
ISIC_0026550,HAM_0004672,nv,0,0.000101662714,6.0705584e-05,0.0010929771,0.00040821638,0.00065933284,0.9975593,0.0001178157
ISIC_0026143,HAM_0002776,nv,0,7.4802792e-06,0.0001955269,3.9617156e-05,0.00013706746,2.386532e-05,0.9994941,0.00010245848
ISIC_0027660,HAM_0000171,nv,0,4.5383904e-06,7.112054e-06,2.413036e-05,5.3457185e-05,3.9862018e-05,0.9997962,7.459943e-05
ISIC_0026165,HAM_0005950,nv,0,5.7696598e-06,3.0054242e-05,2.9415434e-05,0.00016258082,0.00010192072,0.99960274,6.7629146e-05
ISIC_0028324,HAM_0006710,nv,0,1.010838e-05,6.41274e-06,3.1503023e-05,3.3996428e-05,3.3830835e-05,0.9998074,7.674317e-05
ISIC_0027366,HAM_0005839,nv,0,5.9924852e-05,1.0567041e-05,0.00015153638,0.00019619842,0.004107749,0.995365,0.00010904103
ISIC_0024388,HAM_0002667,nv,0,0.00021449849,9.243502e-05,0.007307255,0.004304112,0.00016478321,0.98455334,0.0033635227
ISIC_0032469,HAM_0002892,nv,0,8.990198e-06,8.545062e-06,8.9477435e-05,6.820392e-05,1.6993887e-05,0.999765,4.2847973e-05
ISIC_0027273,HAM_0004606,nv,0,3.9176368e-05,6.9556763e-06,7.0044334e-05,7.647921e-05,0.0006957754,0.99904794,6.365165e-05
ISIC_0031861,HAM_0000033,nv,0,2.037051e-05,1.1293693e-05,0.00015444607,2.6776528e-05,0.00037290168,0.9993591,5.504928e-05
ISIC_0028245,HAM_0006067,nv,0,3.3854583e-06,1.6182692e-05,4.136433e-05,9.1546994e-05,4.652988e-05,0.99968183,0.00011922866
ISIC_0032117,HAM_0006336,nv,0,1.0695581e-05,7.658731e-06,0.00018742077,7.305536e-05,3.294471e-05,0.9996327,5.5523335e-05
ISIC_0025107,HAM_0001887,nv,0,1.0968045e-05,2.6204482e-06,0.00021911899,5.8716476e-05,0.0002885896,0.9993975,2.2395348e-05
ISIC_0031723,HAM_0006818,nv,0,6.961071e-06,4.347627e-06,3.8317234e-05,3.0119629e-05,5.5873876e-05,0.9998228,4.1653933e-05
ISIC_0025408,HAM_0000469,nv,0,1.5195287e-05,4.78141e-06,0.0005435566,2.9433051e-05,0.00014998514,0.99922514,3.198049e-05
ISIC_0028492,HAM_0004323,nv,0,2.688955e-05,1.8919161e-05,0.00069349067,0.00013248432,0.0013354333,0.99771416,7.857106e-05
ISIC_0031669,HAM_0004325,nv,0,0.0002410186,3.0582287e-05,0.0008878734,0.0029766269,0.011567652,0.9839469,0.00034931285
ISIC_0025307,HAM_0002362,nv,0,1.5732761e-05,6.5969316e-06,7.360507e-05,2.327423e-05,0.0010091645,0.99882907,4.268263e-05
ISIC_0025369,HAM_0004896,nv,0,4.974751e-05,1.4907765e-05,8.250177e-05,4.8311205e-05,7.005254e-05,0.999653,8.150079e-05
ISIC_0030379,HAM_0003416,nv,0,1.1166689e-05,3.7697082e-06,8.3143204e-05,2.3755592e-05,6.64293e-05,0.9997683,4.3437954e-05
ISIC_0028782,HAM_0000528,nv,0,4.455436e-05,1.0267017e-05,3.1195214e-05,5.9198115e-05,0.0019603723,0.9978034,9.1018745e-05
ISIC_0032093,HAM_0004005,nv,0,4.591398e-06,3.6038296e-06,1.7025826e-05,2.809827e-05,0.0001946601,0.9996897,6.236918e-05
ISIC_0024737,HAM_0003219,nv,0,2.7405707e-05,2.5050842e-05,7.596575e-05,0.00022164639,0.0017890896,0.99719775,0.0006630076
ISIC_0028140,HAM_0002814,nv,0,6.9568223e-06,1.0504798e-05,5.1706433e-05,0.0001280059,0.0005521094,0.9992125,3.8163183e-05
ISIC_0028407,HAM_0001345,nv,0,7.337528e-06,3.1008426e-06,9.3205905e-05,2.1820411e-05,8.9684494e-05,0.9997571,2.777279e-05
ISIC_0027193,HAM_0002308,nv,0,8.413427e-06,3.017529e-06,3.6546262e-05,1.736468e-05,3.643935e-05,0.9998652,3.2968466e-05
ISIC_0031767,HAM_0005899,nv,0,2.5505931e-05,1.1654682e-05,0.00012978305,5.889906e-05,0.00015389558,0.99957246,4.7791164e-05
ISIC_0031990,HAM_0004736,nv,0,3.9068374e-05,7.347902e-06,0.00036385612,4.290821e-05,0.0002849671,0.99921703,4.4748387e-05
ISIC_0031382,HAM_0003954,nv,0,6.917637e-06,7.657126e-06,5.4146396e-05,2.3197283e-05,0.0004217555,0.99942327,6.305676e-05
ISIC_0026344,HAM_0000221,nv,0,8.54505e-06,8.972644e-06,2.8822968e-05,2.8182792e-05,0.00012092039,0.99976355,4.1045787e-05
ISIC_0026864,HAM_0000420,nv,0,6.9732278e-06,7.4958075e-06,3.2275384e-05,3.428993e-05,0.00021836546,0.9996146,8.5973676e-05
ISIC_0027380,HAM_0005343,nv,0,1.4949976e-05,3.7213435e-06,4.3090542e-05,2.2508419e-05,0.0013018046,0.9985752,3.8701626e-05
ISIC_0032403,HAM_0004032,nv,0,1.0800466e-05,8.24872e-06,8.990288e-05,7.2450945e-05,8.118083e-05,0.9996257,0.00011177673
ISIC_0025920,HAM_0007194,nv,0,9.299332e-06,6.918462e-05,4.2581803e-05,0.001250514,0.00014105938,0.99841774,6.965918e-05
ISIC_0027321,HAM_0006215,nv,0,9.075296e-06,6.6341374e-05,0.00011966036,8.1203805e-05,0.00014065058,0.9994205,0.00016252142
ISIC_0029868,HAM_0000008,nv,0,9.656427e-05,2.899385e-05,0.00017468465,0.00012111873,0.023720978,0.97570145,0.00015628074
ISIC_0026685,HAM_0002475,nv,0,8.087161e-06,1.3281493e-05,0.00013608446,5.7020043e-05,0.00034843836,0.99937683,6.034291e-05
ISIC_0029882,HAM_0007440,nv,0,1.4678167e-05,3.0468111e-06,3.6721165e-05,1.1886743e-05,0.00012602845,0.9997569,5.0659703e-05
ISIC_0031862,HAM_0004446,nv,0,5.5362558e-05,5.939536e-05,0.00735088,0.0004484066,0.0001287218,0.99139893,0.0005583236
ISIC_0030178,HAM_0003533,nv,0,2.0658752e-05,5.192835e-06,3.6774298e-05,1.5129032e-05,0.00013543748,0.9997379,4.878945e-05
ISIC_0030475,HAM_0006051,nv,0,9.4768275e-06,1.1543416e-05,0.00012116939,2.2512799e-05,3.654188e-05,0.9997453,5.3428364e-05
ISIC_0032464,HAM_0001865,nv,0,3.113273e-06,2.7744159e-06,2.9293738e-05,3.7955215e-05,5.9736543e-05,0.99985147,1.5748865e-05
ISIC_0029948,HAM_0001988,nv,0,1.2166255e-05,5.907125e-05,7.2517105e-05,0.00019662926,4.6365556e-05,0.99956197,5.1221847e-05
ISIC_0025586,HAM_0004498,nv,0,1.0843792e-05,8.645425e-06,5.7909747e-05,3.6221303e-05,0.00010079462,0.9997229,6.255425e-05
ISIC_0032062,HAM_0007366,nv,0,6.0012066e-05,7.825881e-06,7.417742e-05,3.6613063e-05,0.007798863,0.99195826,6.4257925e-05
ISIC_0031493,HAM_0007146,nv,0,1.2628319e-05,1.3869496e-05,0.00013488758,3.4731973e-05,4.4249682e-05,0.99972826,3.1469786e-05
ISIC_0032473,HAM_0004631,nv,0,2.3867791e-05,2.4291052e-05,9.007611e-05,8.078313e-05,7.409458e-05,0.9995976,0.000109237684
ISIC_0025624,HAM_0006783,nv,0,1.8498837e-05,6.629239e-05,0.00079664023,5.70361e-05,0.00014366908,0.99868256,0.00023525654
ISIC_0026667,HAM_0003660,nv,0,1.507759e-05,1.4164085e-05,6.587895e-05,2.4023437e-05,0.0005309846,0.9992618,8.795994e-05
ISIC_0026639,HAM_0002410,nv,0,9.752038e-06,6.3086986e-06,6.51629e-05,4.065861e-05,0.0007619453,0.99907553,4.065861e-05
ISIC_0031979,HAM_0003318,nv,0,6.488865e-06,1.3736927e-05,4.3613258e-05,6.630772e-05,0.0018781762,0.9979386,5.312389e-05
ISIC_0026917,HAM_0001898,nv,0,1.4112461e-05,4.8962243e-06,5.6418685e-05,3.0914885e-05,0.0003264156,0.9995165,5.0820923e-05
ISIC_0025207,HAM_0007353,nv,0,7.364715e-06,7.3360034e-06,2.887313e-05,4.7977104e-05,0.00030057124,0.9995493,5.8410824e-05
ISIC_0031627,HAM_0002210,nv,0,3.2561286e-06,5.7707643e-06,3.2061256e-05,2.9249179e-05,0.00010949949,0.99979407,2.6218795e-05
ISIC_0025395,HAM_0000371,nv,0,4.131111e-06,1.1722559e-05,2.0493524e-05,4.702481e-05,0.00036646312,0.9995203,2.9847033e-05
ISIC_0030304,HAM_0000493,nv,0,0.000104814615,9.504854e-06,0.00090748654,0.0009959112,0.010775234,0.9871565,5.0487433e-05
ISIC_0024509,HAM_0002966,nv,0,4.974246e-06,8.85025e-06,7.673499e-05,3.0441211e-05,0.000118775155,0.9997009,5.9484708e-05
ISIC_0027483,HAM_0005181,nv,0,4.6098075e-06,3.7477466e-06,4.2081654e-05,2.606538e-05,9.713469e-05,0.9997849,4.146971e-05
ISIC_0032160,HAM_0004874,nv,0,9.892664e-06,3.2495357e-06,4.124491e-05,2.9707597e-05,0.00017020579,0.9997204,2.5410254e-05
ISIC_0028788,HAM_0002351,nv,0,1.4087348e-05,5.95332e-06,0.00011125369,2.4436024e-05,5.698215e-05,0.9996885,9.879342e-05
ISIC_0030169,HAM_0005240,nv,0,0.00016391872,2.9131834e-05,0.0007512741,0.00020782062,0.000830266,0.99772984,0.0002878268
ISIC_0030779,HAM_0002716,nv,0,1.3985392e-05,9.15395e-06,0.0008264299,3.1393698e-05,0.0027283465,0.9963378,5.2935182e-05
ISIC_0025962,HAM_0006297,nv,0,5.677177e-05,2.0521253e-05,0.0004125831,4.1051215e-05,0.00027460486,0.99891984,0.00027463835
ISIC_0030572,HAM_0000809,nv,0,2.3272582e-05,4.627615e-06,5.4428358e-05,2.0719286e-05,0.00012336193,0.9997341,3.9452916e-05
ISIC_0030084,HAM_0004616,nv,0,9.608224e-06,4.8597103e-06,2.2317987e-05,3.2935564e-05,6.1321785e-05,0.99984324,2.5763213e-05
ISIC_0031324,HAM_0003628,nv,0,1.086452e-05,8.477839e-06,8.2142185e-05,2.5508662e-05,9.442973e-05,0.99967945,9.9130775e-05
ISIC_0031058,HAM_0003180,nv,0,1.748102e-05,1.8827797e-05,0.00091518246,5.9717862e-05,0.00021510481,0.99873084,4.280365e-05
ISIC_0030288,HAM_0003626,nv,0,2.2955548e-05,3.9426013e-06,7.5397074e-05,7.366849e-05,0.0001184354,0.9996897,1.593193e-05
ISIC_0028753,HAM_0001303,nv,0,2.8212884e-05,6.0785842e-05,0.00045658523,6.6176e-05,0.000118896736,0.9988782,0.00039121797
ISIC_0024442,HAM_0001439,nv,0,1.1120988e-05,3.1007363e-05,0.00010960907,3.3104014e-05,0.00012858472,0.99957365,0.00011289532
ISIC_0027746,HAM_0003450,nv,0,0.0002484052,3.9961356e-05,0.0010402863,0.00022951301,0.0026215122,0.9954595,0.0003607222
ISIC_0031155,HAM_0001797,nv,0,1.1600293e-05,1.0728517e-05,0.00010198834,4.080656e-05,0.004856823,0.9949078,7.0301154e-05
ISIC_0024847,HAM_0003570,nv,0,4.4319777e-06,3.0164492e-06,2.3982457e-05,5.428333e-05,0.00036538637,0.9995074,4.1397518e-05
ISIC_0031129,HAM_0006848,nv,0,8.056254e-05,0.055829037,0.00028955075,0.00042335602,0.002396719,0.93875986,0.0022209361
ISIC_0032127,HAM_0001595,nv,0,3.2640357e-05,5.8463816e-06,6.331657e-05,2.1218755e-05,0.00068572134,0.99914086,5.0357285e-05
ISIC_0030686,HAM_0001592,nv,0,6.411138e-06,4.8017214e-06,7.385684e-05,5.3106254e-05,0.00027934596,0.9995577,2.4793364e-05
ISIC_0025185,HAM_0006971,nv,0,1.9395125e-05,1.7867627e-05,0.0004603624,7.891269e-05,0.0002472579,0.999121,5.5197645e-05
ISIC_0029186,HAM_0006275,nv,0,1.4138928e-05,1.0425391e-05,4.7831374e-05,6.4805645e-05,0.00034171954,0.99943703,8.398768e-05
ISIC_0027618,HAM_0006518,nv,0,9.293127e-06,4.3132727e-06,6.34605e-05,2.5709312e-05,8.8020184e-05,0.99970204,0.00010713276
ISIC_0028274,HAM_0007597,nv,0,1.4819886e-05,1.1723495e-05,0.00023204851,6.535648e-05,5.2132178e-05,0.9996001,2.3867851e-05
ISIC_0030631,HAM_0000883,nv,0,1.7254142e-05,1.3049573e-05,0.00016697227,0.0002364696,0.00015746984,0.9993388,6.9859765e-05
ISIC_0031214,HAM_0002148,nv,0,3.0884952e-05,5.940728e-06,8.824119e-05,2.1519103e-05,0.0002563337,0.99952435,7.265614e-05
ISIC_0024889,HAM_0000197,nv,0,9.042242e-06,3.7620125e-06,0.00010542743,1.2751605e-05,0.00017119873,0.9996779,1.9924422e-05
ISIC_0024921,HAM_0005936,nv,0,7.6308184e-05,1.3377435e-05,0.002745691,4.1609765e-05,0.000103489256,0.99681383,0.00020566226
ISIC_0029709,HAM_0003763,nv,0,1.4793813e-05,6.7996107e-06,8.1721366e-05,3.3501557e-05,2.018129e-05,0.9997923,5.0735758e-05
ISIC_0030474,HAM_0005399,nv,0,1.0844283e-05,4.390053e-06,8.6640124e-05,5.2090054e-05,3.6937377e-05,0.9997682,4.0846044e-05
ISIC_0031280,HAM_0004843,nv,0,4.636451e-05,0.00014477865,0.002851712,0.00015039905,0.0005501368,0.99564254,0.00061402173
ISIC_0026508,HAM_0005807,nv,0,0.00020838821,0.00010275747,0.0006620947,0.00011274685,0.00012676467,0.99850273,0.0002845549
ISIC_0024438,HAM_0002251,nv,0,1.0347323e-05,2.6345519e-05,8.558592e-05,5.043635e-05,3.3174016e-05,0.9997329,6.11655e-05
ISIC_0025796,HAM_0002830,nv,0,3.708097e-05,6.112706e-06,6.33856e-05,2.8822342e-05,0.0049621197,0.99487215,3.0235067e-05
ISIC_0027694,HAM_0007405,nv,0,1.0305967e-05,4.004467e-06,6.969301e-05,1.6436754e-05,0.00024000798,0.9996344,2.5038595e-05
ISIC_0025537,HAM_0007257,nv,0,6.3006205e-06,9.403093e-06,3.4044206e-05,2.9505994e-05,0.00015399764,0.999747,1.9712897e-05
ISIC_0030149,HAM_0003693,nv,0,8.232133e-06,1.8551398e-05,0.00016871092,5.747813e-05,4.1278832e-05,0.9995659,0.00013981505
ISIC_0028189,HAM_0006849,nv,0,1.516582e-05,4.8001807e-06,7.345559e-05,2.1470942e-05,0.0005929202,0.99923706,5.5177105e-05
ISIC_0030046,HAM_0001917,nv,0,6.745425e-06,3.7112084e-05,0.00017464237,4.85453e-05,8.611981e-05,0.99960405,4.296677e-05
ISIC_0027524,HAM_0002026,nv,0,3.1600894e-06,6.8351924e-06,6.745031e-05,2.5998064e-05,0.0007228614,0.99915254,2.1239734e-05
ISIC_0031847,HAM_0003431,nv,0,1.6552445e-05,1.0157909e-05,6.614093e-05,5.6767032e-05,0.0009667275,0.99883646,4.71996e-05
ISIC_0026198,HAM_0004729,nv,0,1.259987e-05,2.5008945e-05,0.00024213541,9.795105e-05,2.5131356e-05,0.99942625,0.00017096249
ISIC_0027450,HAM_0004146,nv,0,1.7427958e-05,1.18385005e-05,5.872817e-05,5.3108317e-05,0.0020341664,0.99764603,0.00017856988
ISIC_0027586,HAM_0001421,nv,0,4.76518e-06,5.538512e-06,9.984027e-05,7.084922e-05,3.1377807e-05,0.999731,5.6734705e-05
ISIC_0031180,HAM_0002612,nv,0,0.0010918351,0.00019864387,0.11501775,0.0036559498,0.00051323423,0.8785647,0.00095791183
ISIC_0026616,HAM_0007105,nv,0,0.0005468461,9.415007e-05,0.00034607237,0.00015416974,0.0017438235,0.99696225,0.00015267149
ISIC_0027481,HAM_0004794,nv,0,8.643638e-06,3.8399117e-05,8.184854e-05,5.988167e-05,0.00013790966,0.99951625,0.0001569987
ISIC_0027906,HAM_0000185,nv,0,1.174557e-05,4.905854e-06,0.00012199637,2.4962692e-05,0.00028345967,0.99952817,2.4744255e-05
ISIC_0025202,HAM_0007039,nv,0,1.0800247e-05,6.7060255e-06,0.0002006263,4.4201053e-05,8.981329e-05,0.99960536,4.2507738e-05
ISIC_0026386,HAM_0002885,nv,0,2.4259909e-05,4.43102e-06,2.8725077e-05,1.7354714e-05,0.0025506371,0.9973416,3.299785e-05
ISIC_0028434,HAM_0000712,nv,0,3.701638e-05,7.6986735e-06,0.0002242479,4.4302808e-05,0.00066776655,0.9989755,4.348836e-05
ISIC_0025468,HAM_0001939,nv,0,0.00015584496,4.5088505e-05,0.006286296,4.7716057e-05,0.00017116222,0.9931404,0.00015342882
ISIC_0028569,HAM_0005709,nv,0,7.995731e-06,8.2495435e-06,2.856966e-05,5.6210472e-05,9.365344e-05,0.9997254,7.98522e-05
ISIC_0026354,HAM_0005288,nv,0,6.0770384e-05,1.3480486e-05,0.00040155606,8.257799e-05,0.0004992263,0.9986242,0.00031814206
ISIC_0025269,HAM_0004155,nv,0,2.3067592e-05,5.2026644e-06,6.110232e-05,2.585972e-05,0.00010171689,0.999676,0.00010708093
ISIC_0026898,HAM_0005726,nv,0,5.256115e-05,1.2350976e-05,7.191277e-05,5.0596955e-05,0.0005807504,0.99900633,0.00022552448
ISIC_0027443,HAM_0000738,nv,0,1.9395864e-05,8.5065885e-06,0.000103076345,6.9642854e-05,0.00061830005,0.999159,2.2064414e-05
ISIC_0027830,HAM_0001516,nv,0,6.6165085e-06,4.583121e-06,3.3339915e-05,2.6194366e-05,6.140389e-05,0.9998385,2.9364963e-05
ISIC_0029180,HAM_0005595,nv,0,1.31578245e-05,5.571373e-06,5.698778e-05,2.3918992e-05,5.9620703e-05,0.9997873,5.3456704e-05
ISIC_0027396,HAM_0001491,nv,0,4.718846e-06,4.4416124e-06,2.1544465e-05,2.3569717e-05,0.00016593943,0.99972564,5.417601e-05
ISIC_0027980,HAM_0004144,nv,0,1.4114023e-05,6.2753047e-06,4.1849627e-05,9.5095704e-05,0.00012387686,0.9996271,9.1653805e-05
ISIC_0027039,HAM_0004035,nv,0,1.4436452e-05,2.2864099e-06,1.7362743e-05,1.348256e-05,0.00018431224,0.99975365,1.4464676e-05
ISIC_0024390,HAM_0003645,nv,0,0.00012474433,1.1512734e-05,0.0006027253,4.2152973e-05,6.60574e-05,0.9990374,0.00011542599
ISIC_0031307,HAM_0004299,nv,0,2.1090284e-05,4.1286607e-06,4.218952e-05,3.2857228e-05,0.0009288699,0.9989274,4.3359058e-05
ISIC_0024912,HAM_0007613,nv,0,8.9505875e-06,2.9863827e-06,7.521729e-05,2.6077036e-05,0.0006111558,0.9992557,1.9916008e-05
ISIC_0031772,HAM_0006282,nv,0,9.202565e-06,3.3134763e-06,5.6290028e-05,1.570002e-05,0.00016319905,0.9996749,7.735372e-05
ISIC_0029151,HAM_0004755,nv,0,2.5271096e-05,1.5630007e-05,0.000120620534,2.4879304e-05,0.0034822803,0.9961893,0.00014191768
ISIC_0029807,HAM_0002380,nv,0,2.9739476e-05,3.2982956e-05,0.00021846284,5.7886893e-05,0.020092469,0.9795211,4.743082e-05
ISIC_0024691,HAM_0001201,nv,0,9.558836e-05,0.00013559336,0.0011554424,0.00010642846,0.0014517283,0.9964998,0.0005554711
ISIC_0029444,HAM_0001128,nv,0,5.693104e-06,0.00010889973,0.00020315367,0.00010585891,0.00086962694,0.99796593,0.00074093137
ISIC_0031512,HAM_0003124,nv,0,2.2165508e-05,2.139979e-05,0.0011925974,0.0005899463,5.9317972e-05,0.9978728,0.00024175907
ISIC_0025371,HAM_0002272,nv,0,0.00016259568,3.1892167e-05,0.012063109,0.0016959413,0.0010335491,0.9848563,0.00015667244
ISIC_0027095,HAM_0000537,nv,0,1.3586895e-05,1.2250786e-05,0.00010152815,8.3067425e-05,0.00017215793,0.99867415,0.00094325823
ISIC_0026472,HAM_0004277,nv,0,6.3362077e-06,4.9154046e-06,3.025789e-05,2.7550122e-05,0.00037588686,0.99951994,3.513406e-05
ISIC_0028153,HAM_0004294,nv,0,0.00016614539,8.8931214e-05,0.0019977996,0.00095330377,0.09433996,0.9020927,0.00036112726
ISIC_0025694,HAM_0007057,nv,0,3.094992e-06,6.276526e-06,3.043003e-05,4.025423e-05,8.0954276e-05,0.9998217,1.726248e-05
ISIC_0024391,HAM_0002449,nv,0,3.473582e-05,0.0039758976,0.0005497646,0.00057194394,4.1411255e-05,0.9939977,0.00082842336
ISIC_0028801,HAM_0003855,nv,0,4.774854e-06,3.9817555e-06,6.255945e-05,5.3314336e-05,5.2770447e-05,0.999806,1.6747452e-05
ISIC_0031858,HAM_0005192,nv,0,0.00020168966,7.844473e-05,0.0045104492,0.0004810017,0.00040346492,0.9941664,0.00015846269
ISIC_0031568,HAM_0001380,nv,0,3.0470137e-06,1.6309491e-06,2.8143222e-05,1.9532352e-05,0.0001001669,0.9998234,2.4048679e-05
ISIC_0027313,HAM_0001108,nv,0,6.448018e-06,6.2374397e-06,3.5999296e-05,3.3785203e-05,0.00045514168,0.9994343,2.8091092e-05
ISIC_0026926,HAM_0006313,nv,0,7.400197e-05,4.4796885e-05,0.00044936396,4.4622237e-05,0.0005665776,0.9983481,0.00047254894
ISIC_0026462,HAM_0001845,nv,0,1.5563155e-05,1.2877133e-05,0.000121386955,5.0632505e-05,3.386053e-05,0.99970824,5.7458252e-05
ISIC_0026879,HAM_0002393,nv,0,1.0843984e-05,8.972437e-06,4.994659e-05,3.4193923e-05,9.3586284e-05,0.99974054,6.19172e-05
ISIC_0032435,HAM_0002963,nv,0,0.000102935184,1.3944373e-05,0.00013418724,3.3125732e-05,0.0023064723,0.9973035,0.00010578865
ISIC_0029437,HAM_0005235,nv,0,4.58435e-05,1.0149464e-05,0.0013423626,8.819324e-05,0.00038981615,0.99800605,0.000117638476
ISIC_0031765,HAM_0001489,nv,0,1.7924449e-05,6.268479e-05,0.00013678252,0.00017700973,0.0006818689,0.9983908,0.0005329884
ISIC_0024527,HAM_0001278,nv,0,1.37608395e-05,7.917634e-06,0.00015396785,2.384636e-05,6.7634086e-05,0.99967575,5.7176516e-05
ISIC_0030576,HAM_0004414,nv,0,1.1748094e-05,3.6181275e-06,7.247713e-05,2.3114239e-05,6.007098e-05,0.9997429,8.6110755e-05
ISIC_0030234,HAM_0002152,nv,0,7.1836126e-05,1.4925905e-05,0.00032845736,9.857264e-05,0.00040123254,0.9989165,0.00016849843
ISIC_0026925,HAM_0000285,nv,0,1.8463117e-05,4.5467277e-06,5.3477e-05,1.4591271e-05,0.00016451979,0.9996786,6.587426e-05
ISIC_0027685,HAM_0005120,nv,0,3.4118982e-06,5.9530844e-06,4.084117e-05,8.694763e-05,0.0001914473,0.9996489,2.2400982e-05
ISIC_0025921,HAM_0007099,nv,0,4.682106e-06,9.095779e-06,0.00013487435,4.7845006e-05,3.6115303e-05,0.9997218,4.5609464e-05
ISIC_0026793,HAM_0004478,nv,0,5.339066e-05,1.9814717e-05,0.00018580658,0.00014626916,0.0003991569,0.9990398,0.00015577875
ISIC_0025841,HAM_0001210,nv,0,0.00021208334,7.940469e-05,0.0005913275,0.0006606405,0.047066797,0.95091736,0.00047236905
ISIC_0029896,HAM_0001352,nv,0,7.537827e-06,2.8166803e-06,5.22463e-05,1.46006605e-05,0.0005570574,0.9993455,2.0191981e-05
ISIC_0031755,HAM_0003928,nv,0,7.6112833e-06,1.4303313e-05,0.0004055393,0.0001321101,5.090812e-05,0.9992778,0.00011173782
ISIC_0025098,HAM_0005337,nv,0,0.00015432901,4.1013096e-05,0.0004796804,0.00037057773,0.00019566255,0.9979923,0.0007664569
ISIC_0030052,HAM_0003722,nv,0,0.0009934553,2.749909e-05,0.0014223644,0.0017899342,0.000912648,0.99474996,0.00010418667
ISIC_0030433,HAM_0005582,nv,0,8.833479e-05,0.0003997741,0.030185541,0.00028292913,0.015074841,0.9538325,0.00013601629
ISIC_0025679,HAM_0003695,nv,0,0.0029976247,0.00028879923,0.013226141,0.0020622483,0.00014982707,0.9793438,0.0019316355
ISIC_0027818,HAM_0006930,nv,0,3.1715383e-05,1.7480723e-05,0.00040481603,0.00015519657,0.0001208672,0.99871397,0.00055589044
ISIC_0029646,HAM_0002674,nv,0,6.2498543e-06,4.1959534e-06,5.6250996e-05,2.047248e-05,0.00038290714,0.9994696,6.034851e-05
ISIC_0027817,HAM_0004401,nv,0,3.88518e-05,3.9889834e-05,0.0001379435,7.6365846e-05,0.0001126962,0.9995173,7.6889664e-05
ISIC_0030029,HAM_0005437,nv,0,8.213554e-06,7.4785257e-06,9.215853e-05,2.6513679e-05,0.0005702187,0.99925977,3.5573677e-05
ISIC_0024628,HAM_0002454,nv,0,2.479692e-05,0.00024922015,8.3071674e-05,0.00024995132,0.002046334,0.9967765,0.0005700528
ISIC_0031768,HAM_0004312,nv,0,1.7117121e-05,5.5851502e-05,0.00019361284,4.0821946e-05,0.00034775314,0.99917835,0.00016641643
ISIC_0026609,HAM_0000162,nv,0,2.1440634e-05,3.7844966e-06,4.360836e-05,2.0359143e-05,9.854324e-05,0.9997774,3.4886656e-05
ISIC_0030028,HAM_0004645,nv,0,7.763442e-06,8.543143e-06,5.1496598e-05,2.2840322e-05,0.0003310785,0.99954045,3.776781e-05
ISIC_0027128,HAM_0004955,nv,0,8.52899e-06,4.052486e-06,2.1441881e-05,1.8179726e-05,8.761383e-05,0.9998355,2.4583238e-05
ISIC_0027583,HAM_0001925,nv,0,5.648314e-06,3.7260234e-06,3.1906267e-05,2.4970255e-05,5.764798e-05,0.99983096,4.503901e-05
ISIC_0024638,HAM_0002850,nv,0,1.7849386e-05,1.025004e-05,0.0001273961,3.8683247e-05,0.0035926902,0.9961534,5.9680202e-05
ISIC_0028676,HAM_0006198,nv,0,1.5381072e-05,9.3656045e-06,8.138193e-05,8.000294e-05,0.00012607758,0.99965835,2.9388357e-05
ISIC_0029565,HAM_0001859,nv,0,8.557945e-06,3.0633723e-06,4.9199505e-05,3.739247e-05,0.0005462682,0.9993185,3.6956837e-05
ISIC_0028837,HAM_0005164,nv,0,1.3825415e-05,2.2749782e-05,0.0010500433,9.8435274e-05,0.00010235649,0.99849916,0.00021348555
ISIC_0032033,HAM_0005943,nv,0,2.0050358e-05,6.970978e-05,0.0002807339,9.985466e-05,0.0002678781,0.999143,0.00011881217
ISIC_0025995,HAM_0000914,nv,0,1.5772817e-05,1.0925511e-05,0.00031711502,8.780206e-05,6.814698e-05,0.99941826,8.2000515e-05
ISIC_0031500,HAM_0007486,nv,0,1.5914178e-05,8.961983e-06,0.0007645448,0.00021044863,0.00014108172,0.9985758,0.00028327602
ISIC_0024678,HAM_0000011,nv,0,8.329637e-06,1.7911534e-05,0.00010619002,3.762363e-05,0.0001293782,0.99962187,7.87213e-05
ISIC_0030530,HAM_0001244,nv,0,2.0698642e-06,2.486999e-06,2.1296391e-05,2.8727478e-05,6.893046e-05,0.999863,1.3444588e-05
ISIC_0024606,HAM_0006576,nv,0,8.218768e-05,7.9814774e-05,0.0023053547,0.0029775295,0.00014940514,0.9919648,0.0024408915
ISIC_0028028,HAM_0004509,nv,0,3.660307e-05,1.0324371e-05,0.00010991876,5.1871266e-05,0.00027211796,0.9994655,5.3674856e-05
ISIC_0029468,HAM_0003266,nv,0,9.348786e-06,8.973097e-06,5.947692e-05,3.2822223e-05,4.644523e-05,0.9998141,2.8937238e-05
ISIC_0031224,HAM_0000753,nv,0,1.6429132e-05,4.93292e-06,8.059109e-05,3.2229567e-05,0.0045287297,0.9952755,6.146034e-05
ISIC_0027336,HAM_0006943,nv,0,7.0979936e-06,6.5774057e-06,3.392884e-05,8.1709615e-05,6.4448526e-05,0.99977046,3.580102e-05
ISIC_0031562,HAM_0001132,nv,0,1.8467896e-05,4.464298e-06,8.2605875e-05,0.0001189647,0.0007574072,0.9989613,5.677413e-05
ISIC_0030662,HAM_0006179,nv,0,2.7459128e-05,9.792315e-05,0.00030708584,0.00025982622,0.00010495365,0.99914145,6.133861e-05
ISIC_0030531,HAM_0000257,nv,0,1.9687803e-05,1.1687443e-05,0.0006418626,3.6602498e-05,0.0007659617,0.9984743,4.9834634e-05
ISIC_0030735,HAM_0004837,nv,0,5.803912e-06,7.5402163e-06,0.00011844661,2.9017736e-05,0.000102550795,0.9996623,7.4316784e-05
ISIC_0031083,HAM_0002439,nv,0,2.301687e-05,3.1154595e-05,0.0005124765,0.00021311104,0.007896051,0.99068236,0.0006416919
ISIC_0032381,HAM_0004904,nv,0,3.5205834e-05,5.6031067e-06,8.534567e-05,2.2400056e-05,0.00019172001,0.9996076,5.210712e-05
ISIC_0030860,HAM_0004911,nv,0,3.256674e-05,8.503842e-06,0.0009406516,8.455422e-05,3.3502223e-05,0.99883634,6.4012136e-05
ISIC_0026264,HAM_0004782,nv,0,3.6490517e-05,5.298188e-06,4.16328e-05,2.3081806e-05,0.0015365377,0.99834013,1.6804754e-05
ISIC_0030997,HAM_0006825,nv,0,5.988526e-06,6.2759214e-06,0.00011311941,4.5056247e-05,6.375705e-05,0.9997254,4.0348743e-05
ISIC_0028762,HAM_0001080,nv,0,7.3130923e-06,4.814814e-06,2.3745679e-05,3.903548e-05,0.0014980685,0.99837565,5.1361298e-05
ISIC_0028948,HAM_0001333,nv,0,1.1668276e-05,4.3135296e-06,2.8570696e-05,1.6944115e-05,0.00012526217,0.99976164,5.1671734e-05
ISIC_0032394,HAM_0005667,nv,0,1.5351425e-05,2.5856016e-06,0.0001217845,2.8680235e-05,0.00011140161,0.99968207,3.803226e-05
ISIC_0030027,HAM_0002860,nv,0,3.5357407e-05,0.002364658,0.0006619536,0.0038958075,0.0023966243,0.95048404,0.0401615
ISIC_0024401,HAM_0002178,nv,0,1.52008715e-05,9.968975e-06,0.00013105928,4.6321704e-05,6.118677e-05,0.99959236,0.00014379996
ISIC_0024567,HAM_0000628,nv,0,3.927361e-06,4.304946e-06,4.989695e-05,6.029016e-05,0.00011540652,0.9997228,4.333006e-05
ISIC_0027877,HAM_0007580,nv,0,3.6528425e-05,4.236739e-06,7.5502445e-05,1.889526e-05,0.00043725327,0.9993773,5.0246377e-05
ISIC_0026669,HAM_0000511,nv,0,1.47904075e-05,7.3936344e-06,2.272956e-05,9.492714e-05,0.00025472135,0.9995621,4.3259683e-05
ISIC_0029700,HAM_0001787,nv,0,6.411139e-06,7.1242594e-06,1.3103518e-05,5.1901396e-05,0.00030411684,0.9995578,5.950524e-05
ISIC_0027104,HAM_0000636,nv,0,1.1909108e-05,9.587945e-06,2.6968952e-05,3.9779756e-05,8.581184e-05,0.9996836,0.00014234598
ISIC_0030651,HAM_0004374,nv,0,6.0729024e-05,5.6274966e-05,0.00016702448,0.003451143,0.00015875453,0.9959973,0.00010868491
ISIC_0028664,HAM_0002695,nv,0,1.1585576e-05,7.823898e-06,0.00015711841,2.7982993e-05,0.00020586126,0.9994849,0.00010465704
ISIC_0029988,HAM_0002212,nv,0,7.902946e-06,6.759748e-06,4.2869204e-05,5.8452373e-05,6.145229e-05,0.999772,5.0611015e-05
ISIC_0030676,HAM_0005054,nv,0,8.165804e-06,0.00010016222,9.9479854e-05,0.00020002482,0.0002522077,0.99928856,5.1358085e-05
ISIC_0031790,HAM_0006729,nv,0,1.0843196e-05,4.520117e-06,3.6325586e-05,4.0169507e-05,0.00020340082,0.999668,3.6789683e-05
ISIC_0029832,HAM_0000325,nv,0,2.8386472e-05,6.702987e-06,0.00011392736,0.00022149878,0.00041066902,0.9991524,6.638838e-05
ISIC_0031868,HAM_0005446,nv,0,4.3277047e-05,3.4368957e-05,0.0007136244,4.8184833e-05,8.4319625e-05,0.9989874,8.879874e-05
ISIC_0026013,HAM_0004671,nv,0,9.728787e-06,3.1221432e-05,0.0005181096,0.0001333217,0.0003143453,0.998642,0.00035128804
ISIC_0028530,HAM_0006425,nv,0,4.984406e-06,4.5383536e-06,3.2170836e-05,1.925704e-05,0.0001120408,0.9997881,3.8919294e-05
ISIC_0028959,HAM_0004974,nv,0,1.349307e-05,6.081803e-06,0.00015013792,8.1851824e-05,0.00012555791,0.99955636,6.6447654e-05
ISIC_0026059,HAM_0006970,nv,0,1.1475497e-05,4.3386262e-06,3.5381552e-05,2.7907236e-05,0.00016577379,0.99970347,5.168134e-05
ISIC_0031072,HAM_0003878,nv,0,0.00027887826,0.00052612607,0.009114225,0.02703788,0.002262073,0.9587191,0.0020616532
ISIC_0030805,HAM_0003200,nv,0,2.561415e-05,2.4632885e-05,0.00091001164,0.00016833523,0.0001237595,0.99794894,0.00079878053
ISIC_0028844,HAM_0003184,nv,0,2.0360534e-05,6.2950917e-06,0.00012390393,2.4416011e-05,0.0008440467,0.9988697,0.00011117529
ISIC_0028547,HAM_0005699,nv,0,3.4298784e-05,1.6618234e-05,0.00040213484,0.00018898222,9.369013e-05,0.99889684,0.00036739875
ISIC_0029777,HAM_0001189,nv,0,6.3628136e-06,8.765146e-06,7.082844e-05,3.2853957e-05,4.4447926e-05,0.99980384,3.2870004e-05
ISIC_0028953,HAM_0000660,nv,0,6.488181e-06,2.873495e-06,2.2645976e-05,2.0720323e-05,0.00013604027,0.9997842,2.7064012e-05
ISIC_0031944,HAM_0004162,nv,0,3.8454677e-05,2.5416988e-05,0.0015004836,0.00023213796,5.094417e-05,0.9980342,0.00011833312
ISIC_0031161,HAM_0001195,nv,0,0.00029292237,3.2768832e-05,0.0007860089,0.000100443474,0.0002991376,0.9981877,0.00030104246
ISIC_0024486,HAM_0002002,nv,0,8.141944e-05,5.6618337e-05,6.428241e-05,0.00014013173,0.0003402041,0.999143,0.00017431163
ISIC_0029255,HAM_0007599,nv,0,1.3125409e-05,3.6662134e-06,0.0005646854,2.0892572e-05,8.73831e-05,0.9992741,3.620504e-05
ISIC_0030347,HAM_0006019,nv,0,3.2184118e-06,8.562598e-06,3.0194433e-05,3.56125e-05,3.2759748e-05,0.99986184,2.7802836e-05
ISIC_0030190,HAM_0003956,nv,0,1.2702138e-05,1.2554153e-05,0.00014887122,5.280337e-05,4.7890575e-05,0.9996973,2.7934326e-05
ISIC_0032418,HAM_0004594,nv,0,6.4878986e-06,2.75252e-06,3.074117e-05,1.1210083e-05,0.00017146047,0.99974066,3.6702648e-05
ISIC_0031139,HAM_0006683,nv,0,1.1869788e-05,5.6296758e-05,0.00030552852,0.0001489027,5.166081e-05,0.9983309,0.0010948913
ISIC_0029916,HAM_0001222,nv,0,6.602558e-06,7.2373414e-06,5.876182e-05,5.8589914e-05,0.00015003525,0.999681,3.7773123e-05
ISIC_0024569,HAM_0002046,nv,0,9.902168e-05,2.4290013e-05,0.00040913283,0.00015731173,0.0014586698,0.99760455,0.0002470032
ISIC_0032261,HAM_0005025,nv,0,1.56965e-05,3.4178909e-06,3.667409e-05,2.7387272e-05,0.0003862801,0.99945074,7.969394e-05
ISIC_0030051,HAM_0003581,nv,0,2.2014992e-05,2.352656e-05,0.00023307092,0.0001429263,0.00050585245,0.99886996,0.00020264389
ISIC_0025399,HAM_0001992,nv,0,1.7841281e-05,1.00276175e-05,5.7479985e-05,4.940589e-05,0.00022617518,0.9995982,4.08391e-05
ISIC_0028956,HAM_0000786,nv,0,9.911193e-06,1.38682535e-05,0.00019569846,4.0443858e-05,5.9220183e-05,0.9996387,4.2260806e-05
ISIC_0030739,HAM_0002678,nv,0,7.778837e-06,4.8685986e-05,3.2305423e-05,0.00013286021,0.00010520376,0.9995683,0.00010484479
ISIC_0032077,HAM_0004334,nv,0,5.243405e-06,1.2726545e-05,0.0001470051,5.7962905e-05,7.9148565e-05,0.99966383,3.4058e-05
ISIC_0027414,HAM_0000620,nv,0,4.5202205e-06,6.337292e-06,1.6151265e-05,5.4319815e-05,0.00016772577,0.999691,5.9965296e-05
ISIC_0027123,HAM_0003780,nv,0,4.617991e-06,5.7088815e-05,5.603932e-05,7.460342e-05,8.946317e-05,0.9996056,0.000112651134
ISIC_0025002,HAM_0006023,nv,0,1.300215e-05,8.988753e-06,0.00021503028,5.8728623e-05,4.292484e-05,0.9996043,5.706087e-05
ISIC_0032477,HAM_0000430,nv,0,0.00015804204,2.7598018e-05,0.0022399938,0.0007917537,0.00013452208,0.9963806,0.0002675291
ISIC_0027029,HAM_0000838,nv,0,0.00022334032,5.232765e-05,0.00041970672,0.00038084335,0.001391028,0.99748623,4.6541176e-05
ISIC_0031920,HAM_0005005,nv,0,3.8540653e-05,8.0470645e-06,0.0031220494,9.483175e-05,0.00032765866,0.9963659,4.2995205e-05
ISIC_0028700,HAM_0001717,nv,0,0.0003937205,8.212631e-05,0.0017804902,0.00020485879,0.030822275,0.96637315,0.0003434091
ISIC_0031589,HAM_0002947,nv,0,1.2168151e-05,5.357565e-06,0.00014647565,3.0263878e-05,3.8670307e-05,0.9997178,4.929131e-05
ISIC_0025961,HAM_0007290,nv,0,1.5457636e-05,4.534387e-05,0.00075985125,3.966566e-05,0.00027981104,0.99876523,9.468951e-05
ISIC_0028129,HAM_0005963,nv,0,4.403272e-05,4.2677973e-05,0.0005287569,9.913241e-05,0.00038105852,0.99872017,0.00018421166
ISIC_0026878,HAM_0007436,nv,0,2.7362807e-05,1.1034002e-05,8.3872845e-05,0.00010717029,0.00019461782,0.99953365,4.229765e-05
ISIC_0025625,HAM_0004497,nv,0,1.094798e-05,1.0385604e-05,9.1755865e-05,0.00020198511,0.00014848066,0.99951947,1.7022929e-05
ISIC_0030075,HAM_0003563,nv,0,5.3560484e-06,4.0429572e-06,2.3678194e-05,2.3017028e-05,0.00047327272,0.99943477,3.5894e-05
ISIC_0031347,HAM_0003494,nv,0,1.3692335e-05,4.3295736e-06,2.8537277e-05,1.2166328e-05,0.00032915335,0.9995679,4.4264194e-05
ISIC_0032119,HAM_0000874,nv,0,2.049696e-06,1.2666749e-05,3.3454013e-05,2.5712783e-05,6.318305e-05,0.99983704,2.5863887e-05
ISIC_0029509,HAM_0001826,nv,0,9.045811e-05,0.00010932663,0.019841122,0.00020305577,0.00078010454,0.97866964,0.00030631485
ISIC_0031815,HAM_0002760,nv,0,4.0282307e-06,1.9177253e-06,9.422362e-05,1.929283e-05,0.0001761189,0.9996917,1.2677282e-05
ISIC_0030728,HAM_0006842,nv,0,2.1019512e-05,1.25758625e-05,0.00021314647,3.4051467e-05,0.00013050075,0.9994721,0.000116524054
ISIC_0027690,HAM_0004999,nv,0,4.1017494e-05,1.9738152e-05,0.00060215936,4.1137842e-05,6.8356785e-05,0.99907446,0.00015306969
ISIC_0029333,HAM_0001946,nv,0,0.00016272094,3.057436e-05,8.995083e-05,4.707784e-05,0.0042793998,0.9952873,0.000102927916
ISIC_0030726,HAM_0002255,nv,0,2.6936958e-05,5.18133e-06,8.108922e-05,0.00011156885,0.00027145652,0.9994733,3.064304e-05
ISIC_0030270,HAM_0002029,nv,0,1.375752e-05,1.1184784e-05,0.00030222908,9.0989655e-05,6.1898245e-05,0.99943453,8.531008e-05
ISIC_0025349,HAM_0006139,nv,0,3.973888e-06,9.66409e-06,3.5040437e-05,6.995898e-05,3.8091795e-05,0.9997813,6.1934836e-05
ISIC_0025888,HAM_0000584,nv,0,8.837913e-06,4.891031e-05,0.0014455118,0.00024334507,0.00042510737,0.9963593,0.0014689924
ISIC_0029105,HAM_0005047,nv,0,0.00016318129,6.390271e-05,0.00041976123,9.73449e-05,0.0010275675,0.998103,0.00012523768
ISIC_0032296,HAM_0006151,nv,0,5.60208e-06,9.473785e-06,9.507642e-05,4.0553827e-05,0.00041037987,0.99942446,1.4502336e-05
ISIC_0031807,HAM_0005511,nv,0,3.1927223e-06,6.5895383e-06,1.6942397e-05,3.1714444e-05,0.00023388257,0.99966025,4.751613e-05
ISIC_0025761,HAM_0006073,nv,0,2.4195908e-06,4.8496713e-06,2.8500084e-05,2.4460876e-05,0.00019457261,0.9997285,1.6697166e-05
ISIC_0026110,HAM_0003295,nv,0,3.896402e-06,8.136675e-06,1.8936822e-05,5.2388463e-05,0.00027530128,0.99962115,2.0138465e-05
ISIC_0026582,HAM_0003747,nv,0,1.5822423e-05,6.6474986e-06,0.000106606334,1.6324682e-05,0.0011411004,0.9986528,6.0653547e-05
ISIC_0029686,HAM_0006530,nv,0,7.3074284e-06,5.580956e-06,4.1238e-05,6.895956e-05,0.00022688386,0.9995528,9.712993e-05
ISIC_0030109,HAM_0000606,nv,0,5.476572e-05,9.0293404e-05,0.00074067106,0.00018472804,0.0047735134,0.9903352,0.003820672
ISIC_0031136,HAM_0001970,nv,0,1.7709785e-05,1.9564697e-05,0.001028278,4.7255202e-05,0.00021199003,0.99806184,0.00061341346
ISIC_0028012,HAM_0002927,nv,0,2.7068952e-05,1.7752252e-05,0.00019169526,3.516693e-05,0.002782764,0.9965546,0.00039103517
ISIC_0027921,HAM_0003547,nv,0,1.2008997e-05,1.4570741e-05,0.0003141713,4.4749748e-05,0.0010457118,0.99827206,0.00029675328
ISIC_0030673,HAM_0001144,nv,0,1.5375612e-05,6.115996e-06,0.00013031956,8.630436e-05,0.00036549024,0.99930346,9.299886e-05
ISIC_0032457,HAM_0005691,nv,0,5.604035e-06,5.8159044e-06,4.4948534e-05,6.17984e-05,5.65159e-05,0.9997732,5.2039468e-05
ISIC_0030618,HAM_0001379,nv,0,9.471287e-05,6.755616e-05,0.0004208106,0.00025014512,2.9744573e-05,0.99901164,0.00012547417
ISIC_0029204,HAM_0005877,nv,0,2.9804225e-05,3.4568347e-06,0.00035571944,2.4564219e-05,0.00042387363,0.999062,0.000100580546
ISIC_0025774,HAM_0002233,nv,0,4.3384675e-06,5.792614e-06,9.24158e-05,3.0232799e-05,0.00016858385,0.9996669,3.1591015e-05
ISIC_0028914,HAM_0001518,nv,0,7.2300536e-05,0.00015962443,0.012017423,0.00050976843,0.00010917378,0.98689204,0.00023962466
ISIC_0025177,HAM_0001248,nv,0,0.0010374296,0.0055973483,0.010916351,0.0012093299,0.020334765,0.9598954,0.0010094467
ISIC_0027530,HAM_0001248,nv,0,0.0032417472,0.012079154,0.007920251,0.003591793,0.060101468,0.9103305,0.0027351617
ISIC_0029534,HAM_0000854,nv,0,0.012262908,0.035570636,0.0043342127,0.082764804,0.08756658,0.12666427,0.6508367
ISIC_0030640,HAM_0007311,nv,0,0.0016743637,0.00086949713,0.06668657,0.0005668988,0.032184597,0.89749986,0.0005181874
ISIC_0026367,HAM_0007311,nv,0,0.0004360091,0.0004797985,0.042354718,0.00031774744,0.01973528,0.9361567,0.0005198001
ISIC_0027644,HAM_0001107,nv,0,2.012821e-05,1.981615e-05,0.0019514756,0.00016952181,0.0026004775,0.99521697,2.1594416e-05
ISIC_0029653,HAM_0006738,nv,0,8.6193846e-05,0.0006074291,0.0031165732,0.00031405478,0.0049078483,0.99074066,0.0002273124
ISIC_0029374,HAM_0006738,nv,0,0.00010364107,0.00067187636,0.003934946,0.0005106377,0.0030258796,0.99147534,0.0002776289
ISIC_0032158,HAM_0004318,nv,0,0.00019764656,0.0008962319,0.13095044,0.00031033502,0.60314804,0.26401103,0.000486322
ISIC_0031678,HAM_0004318,nv,0,0.00039027442,0.00036094483,0.76297086,0.0005355297,0.21186934,0.023471208,0.00040187733
ISIC_0027662,HAM_0002314,nv,0,2.0804493e-05,0.0021056018,0.00094629265,0.00041300114,0.0004906905,0.99506134,0.0009621337
ISIC_0029430,HAM_0003327,nv,0,0.0012624435,0.019627774,0.5173265,0.004736577,0.014725668,0.44162935,0.00069176196
ISIC_0027312,HAM_0003327,nv,0,0.00033475133,0.02670971,0.01300933,0.0018131866,0.33099955,0.62567794,0.0014555141
ISIC_0031143,HAM_0006853,nv,0,0.00015584887,7.8672456e-05,0.00040900632,8.053811e-05,0.4859246,0.51323867,0.00011269308
ISIC_0031863,HAM_0006853,nv,0,0.00012974703,5.6241166e-05,0.005223375,0.00021898955,0.06826903,0.9260036,9.909265e-05
ISIC_0031418,HAM_0002942,nv,0,0.00042566637,0.002095203,0.05946296,0.0009443819,0.013972784,0.9229187,0.00018023845
ISIC_0027911,HAM_0002942,nv,0,0.0011467398,0.0021215721,0.07334147,0.00041370248,0.4245312,0.49826986,0.00017551512
ISIC_0028401,HAM_0005342,nv,0,0.00013089711,5.186428e-05,0.0004925554,0.00019611642,0.33506098,0.66375047,0.00031708734
ISIC_0030371,HAM_0005342,nv,0,0.00012551108,5.8254183e-05,0.0008236467,0.00020174476,0.7951613,0.20341817,0.00021142671
ISIC_0028367,HAM_0003912,nv,0,1.0235983e-05,1.0960178e-05,0.00041127767,4.193268e-05,0.0066506616,0.9928462,2.8763647e-05
ISIC_0030741,HAM_0003912,nv,0,4.3720192e-05,9.64308e-05,0.001232424,0.00015082063,0.17469184,0.82369864,8.6103006e-05
ISIC_0027462,HAM_0006914,nv,0,5.6420078e-05,3.336256e-05,8.747051e-05,7.2021576e-05,0.9888614,0.010836092,5.3209198e-05
ISIC_0025254,HAM_0006914,nv,0,5.067381e-05,2.9156414e-05,0.00032658508,6.980613e-05,0.9754397,0.024041064,4.2922395e-05
ISIC_0029475,HAM_0006397,nv,0,0.00026970537,0.0018739555,0.0007578862,0.0005028928,0.5905068,0.40584898,0.00023988092
ISIC_0029894,HAM_0006397,nv,0,0.0005273201,0.0010224092,0.0046256743,0.00044404794,0.22557351,0.7675898,0.00021725871
ISIC_0026541,HAM_0006974,nv,0,0.00011341465,0.0005162937,0.0007934283,0.00018230116,0.15268447,0.84497833,0.0007316545
ISIC_0031281,HAM_0006974,nv,0,9.951957e-05,0.000113433154,0.0021910828,6.012634e-05,0.007376233,0.9899725,0.00018720237
ISIC_0030688,HAM_0003475,nv,0,0.00034263535,0.00029826874,0.08157867,0.0002785606,0.0070762457,0.9102117,0.00021399735
ISIC_0029825,HAM_0003475,nv,0,0.0004079395,0.008194684,0.22804329,0.00047599897,0.09231794,0.67025644,0.00030374754
ISIC_0027408,HAM_0001696,nv,0,0.0024822904,0.0003767881,0.0019004523,0.0010222179,0.4123921,0.5815661,0.00025997602
ISIC_0030460,HAM_0001696,nv,0,0.002442571,0.00035154226,0.02427478,0.006696575,0.6041324,0.3614492,0.0006529304
ISIC_0028527,HAM_0006484,nv,0,0.0023971982,0.0007828298,0.9264239,0.00056385115,0.037243027,0.03166954,0.00091970054
ISIC_0027244,HAM_0006484,nv,0,0.0013480783,0.00020214281,0.75580364,0.0006905512,0.07310115,0.16831355,0.00054096215
ISIC_0026148,HAM_0002975,nv,0,0.00022242109,0.0002344651,0.0024665564,0.001049774,0.65658456,0.33930358,0.00013864493
ISIC_0028810,HAM_0002975,nv,0,0.00028857062,0.00018667943,0.00196098,0.0035699995,0.7517614,0.2421619,7.057929e-05
ISIC_0031676,HAM_0007553,nv,0,0.00019606097,0.00014770581,0.0023099435,0.0019820803,0.43858826,0.5565974,0.00017851553
ISIC_0032151,HAM_0007553,nv,0,0.0031223104,0.0031437273,0.0031223104,0.07204169,0.49958038,0.41741505,0.0015746026
ISIC_0028015,HAM_0002575,nv,0,0.0006125541,0.00011851733,0.002938788,0.0001301658,0.21979482,0.7762023,0.00020278948
ISIC_0026781,HAM_0002575,nv,0,4.055404e-05,1.3089052e-05,0.0015517937,5.0766914e-05,0.001791344,0.9965061,4.6495443e-05
ISIC_0025812,HAM_0001767,nv,0,9.1050875e-05,0.061635703,0.0009741211,0.0011970199,0.006818102,0.9290215,0.0002624373
ISIC_0029357,HAM_0001767,nv,0,5.048208e-05,0.0024323626,0.00035437258,0.00017211809,0.0021517996,0.99479324,4.569592e-05
ISIC_0032309,HAM_0006185,nv,0,0.00026832832,0.0008184773,0.0013047337,0.003915237,0.080131955,0.9134863,7.494995e-05
ISIC_0028759,HAM_0006185,nv,0,0.00018337835,8.10564e-05,0.0035904713,0.00091415195,0.623068,0.37205085,0.00011209693
ISIC_0029846,HAM_0002484,nv,0,1.4013141e-05,0.0002806381,0.00023311199,0.00040982408,0.0006891806,0.9983146,5.8652855e-05
ISIC_0029194,HAM_0002484,nv,0,1.881468e-05,0.00062009756,0.0003146724,0.00015630746,0.0007945703,0.99803513,6.037971e-05
ISIC_0029982,HAM_0005886,nv,0,4.178523e-05,0.020254591,0.00097073236,0.00056567055,0.0016079085,0.9759209,0.0006384897
ISIC_0031622,HAM_0005886,nv,0,0.0007216375,0.051237054,0.045128316,0.0005821215,0.0027717277,0.8984947,0.0010644301
ISIC_0028045,HAM_0003892,nv,0,5.4871813e-05,0.00017678278,0.008320555,0.00022391127,0.16040683,0.83067995,0.0001371418
ISIC_0028793,HAM_0004783,nv,0,0.0010947378,0.0025602994,0.24012026,0.0007193501,0.0134478025,0.7410684,0.0009890131
ISIC_0025671,HAM_0004783,nv,0,0.0011808323,0.0010002039,0.09163213,0.0011534784,0.019605102,0.88479865,0.00062958983
ISIC_0025850,HAM_0005611,nv,0,0.00014873399,0.00015285703,0.020256316,0.00062741776,0.08282002,0.89563155,0.0003631215
ISIC_0029187,HAM_0005611,nv,0,0.00023958331,0.00075252366,0.5194583,0.0005294665,0.04864857,0.4289671,0.0014045269
ISIC_0028098,HAM_0002541,nv,0,0.00042864028,5.1544936e-05,0.95980483,0.00030843666,0.0015585506,0.037727974,0.00012007987
ISIC_0030473,HAM_0005244,nv,0,5.53456e-05,2.2493055e-05,4.4907858e-05,6.445331e-05,0.9219998,0.07778035,3.259961e-05
ISIC_0026186,HAM_0002106,nv,0,3.046817e-05,3.8440226e-05,0.0011900156,8.7818866e-05,0.004860751,0.9937696,2.3043547e-05
ISIC_0025156,HAM_0002106,nv,0,0.00010193972,0.00083538884,0.016583748,0.00061058695,0.0044352124,0.977106,0.00032714295
ISIC_0027852,HAM_0005060,nv,0,0.00019917966,0.0005372131,0.08258233,0.00037139052,0.08193967,0.83405197,0.0003182882
ISIC_0031975,HAM_0005060,nv,0,0.005526045,0.065249756,0.51523787,0.0016919447,0.26625973,0.14433943,0.0016952526
ISIC_0028751,HAM_0005034,nv,0,0.0002095501,2.1427806e-05,0.00023525863,3.4442757e-05,0.004131551,0.9952838,8.392503e-05
ISIC_0027024,HAM_0005034,nv,0,0.0003640442,2.4870478e-05,0.000342322,6.048246e-05,0.13556372,0.863509,0.00013550303
ISIC_0026544,HAM_0002581,nv,0,0.04398914,0.8762417,0.046122737,0.0017148299,0.0051445947,0.025527423,0.0012595068
ISIC_0032470,HAM_0002581,nv,0,0.0020556692,0.022404758,0.7565772,0.0023180323,0.0021946689,0.21423763,0.00021206067
ISIC_0029179,HAM_0007300,nv,0,0.00013219961,2.8590173e-05,0.00050702045,8.9101995e-05,0.78987145,0.20929512,7.651126e-05
ISIC_0025158,HAM_0007300,nv,0,0.00014775146,1.8439165e-05,0.0005187338,9.851985e-05,0.76773167,0.23141707,6.784403e-05
ISIC_0025336,HAM_0007300,nv,0,5.0278897e-05,1.4237321e-05,0.0012181463,0.00010346829,0.065990955,0.9325803,4.267115e-05
ISIC_0026423,HAM_0005267,nv,0,0.0006822883,3.3606186e-05,0.0075459974,0.00019339024,0.0068774223,0.9844775,0.00018983503
ISIC_0032633,HAM_0007462,nv,0,0.00010205918,0.00012676687,0.006314178,0.00010612475,0.11637993,0.8768985,7.237079e-05
ISIC_0034298,HAM_0007462,nv,0,0.00038477685,0.001433814,0.04425752,0.0015292709,0.18470065,0.76705956,0.00063438975
ISIC_0033251,HAM_0001651,nv,0,0.00060897967,0.02251949,0.016371358,0.0016154532,0.81823903,0.14025787,0.00038784777
ISIC_0033402,HAM_0001651,nv,0,0.00012981176,0.00093513844,0.0016571231,0.0008879691,0.053402703,0.9428951,9.2050315e-05
ISIC_0034204,HAM_0001651,nv,0,9.042816e-05,0.0005048606,0.0041131265,0.0001931264,0.9594227,0.03563624,3.9505143e-05
ISIC_0033032,HAM_0003505,nv,0,6.7298715e-05,1.6411928e-05,0.00032210452,3.7788042e-05,0.0012785438,0.99812454,0.00015329794
ISIC_0034227,HAM_0003505,nv,0,1.5668811e-05,8.386909e-06,3.7367925e-05,3.4023884e-05,0.0011773342,0.9986625,6.475542e-05
ISIC_0033563,HAM_0003505,nv,0,1.9193083e-05,7.985255e-06,7.763442e-05,2.5228832e-05,0.0013774474,0.9984156,7.687996e-05
ISIC_0027643,HAM_0003215,nv,0,9.915547e-05,7.368608e-05,0.0061705816,0.00014286832,0.12466778,0.86875284,9.296619e-05
ISIC_0028110,HAM_0002803,nv,0,2.4454608e-05,1.7786848e-05,0.0005314856,0.000117926415,0.002739604,0.9965485,2.0194542e-05
ISIC_0034110,HAM_0000268,nv,0,0.0007736912,0.0044828253,0.0150821265,0.0021656367,0.5351141,0.33356035,0.10882125
ISIC_0025160,HAM_0000268,nv,0,0.0007935431,0.006321446,0.02024584,0.0019487538,0.54670477,0.40390292,0.02008277
ISIC_0033389,HAM_0000268,nv,0,0.0005209869,0.0015798731,0.009095984,0.0015675786,0.758371,0.14361128,0.08525322
ISIC_0032950,HAM_0001097,nv,0,0.00045739923,0.0001923556,0.27244854,0.00025038948,0.005799899,0.72061574,0.000235679
ISIC_0034156,HAM_0001097,nv,0,0.0012367889,0.00015427406,0.008580826,0.00035210385,0.008244044,0.9812114,0.00022055622
ISIC_0025713,HAM_0003178,nv,0,2.4491772e-05,5.2153773e-05,0.00053424615,0.0001563118,0.01465986,0.98451036,6.26642e-05
ISIC_0028214,HAM_0006187,nv,0,0.008108798,0.02116397,0.91632086,0.0017723737,0.0009826287,0.050943553,0.00070776086
ISIC_0025453,HAM_0006187,nv,0,0.0031624984,0.0024402118,0.9560288,0.0015151621,0.00069913245,0.035788685,0.00036554987
ISIC_0029405,HAM_0003394,nv,0,0.04443617,0.73291695,0.023732765,0.010182446,0.12410816,0.032997984,0.03162557
ISIC_0032009,HAM_0001107,nv,0,0.00021256995,0.00035252818,0.2856139,0.0013606481,0.016398977,0.6959417,0.000119707634
ISIC_0033652,HAM_0005363,nv,0,5.703059e-05,1.378617e-05,0.00011220702,4.3983837e-05,0.06802103,0.931694,5.8041944e-05
ISIC_0033944,HAM_0005363,nv,0,4.518715e-05,1.0281478e-05,0.00026041528,5.9050377e-05,0.01971111,0.9798823,3.154572e-05
ISIC_0032717,HAM_0005363,nv,0,2.4106032e-05,8.04303e-06,0.000118827986,4.0055846e-05,0.019340606,0.9804269,4.1408155e-05
ISIC_0033850,HAM_0004574,nv,0,0.00060576375,9.5845746e-05,0.03618261,0.00061891903,0.025557285,0.93681407,0.00012549569
ISIC_0032671,HAM_0004574,nv,0,0.0014046734,0.000109059765,0.16188319,0.0003866504,0.5318323,0.3042149,0.0001692453
ISIC_0032566,HAM_0004574,nv,0,0.0001619796,6.778742e-05,0.031292766,0.00017651536,0.022849606,0.94538295,6.845265e-05
ISIC_0034131,HAM_0005106,nv,0,0.0004997724,0.00019362252,0.004422996,0.00019514113,0.070431426,0.9241352,0.00012187793
ISIC_0032901,HAM_0005106,nv,0,0.00010609188,0.00029008236,0.0010851796,0.00012973286,0.04859416,0.9497128,8.198145e-05
ISIC_0034308,HAM_0004272,nv,0,0.0006258567,0.00058679073,0.031021683,0.0011200769,0.36379862,0.6021501,0.00069683115
ISIC_0032957,HAM_0004272,nv,0,0.00033399288,0.0010059209,0.04133559,0.0008138245,0.05806526,0.8977115,0.0007337945
ISIC_0033334,HAM_0004272,nv,0,0.00023072501,0.00039401255,0.0046466975,0.0005794764,0.2560032,0.7378819,0.00026401135
ISIC_0033837,HAM_0000402,nv,0,0.0003535175,0.00016764342,0.0011512425,0.00014998138,0.01750561,0.9803524,0.00031968852
ISIC_0032612,HAM_0000402,nv,0,6.477015e-05,6.579013e-05,0.00025392926,9.277896e-05,0.104769364,0.8945249,0.00022851162
ISIC_0034039,HAM_0000402,nv,0,0.00010496293,0.0001150543,0.0005713164,0.0001533179,0.17862795,0.8195395,0.00088790176
ISIC_0034086,HAM_0003460,nv,0,5.8220823e-05,1.364088e-05,9.070409e-05,2.5434794e-05,0.99289846,0.0068889954,2.4412675e-05
ISIC_0032577,HAM_0003460,nv,0,0.0002951989,5.8355625e-05,0.0021259065,0.00016559158,0.79344046,0.20377237,0.00014219235
ISIC_0032742,HAM_0000579,nv,0,3.2968677e-05,1.6352587e-05,0.00016467212,9.410264e-05,0.101200074,0.89847,2.1748447e-05
ISIC_0032961,HAM_0000579,nv,0,2.220032e-05,1.2924064e-05,0.00013599344,4.363624e-05,0.038601413,0.96115214,3.1614705e-05
ISIC_0034112,HAM_0000579,nv,0,3.8969454e-05,1.7771958e-05,0.00013924231,7.111801e-05,0.16286367,0.83683944,2.9820616e-05
ISIC_0032520,HAM_0004548,nv,0,0.00013600952,0.0010108878,0.081092834,0.00092222326,0.07170408,0.8450067,0.00012727099
ISIC_0032832,HAM_0004548,nv,0,9.5490555e-05,0.00024147399,0.027210852,0.00032876903,0.15476333,0.8172619,9.813765e-05
ISIC_0033917,HAM_0004548,nv,0,0.00027172148,0.00031336094,0.33963844,0.0019158231,0.025658475,0.6320544,0.00014773241
ISIC_0032802,HAM_0003947,nv,0,0.00010559574,5.6191115e-05,0.0012311116,0.00011066338,0.12064814,0.8776548,0.00019346309
ISIC_0032551,HAM_0003947,nv,0,9.431161e-05,3.5587516e-05,0.030692099,0.000117832074,0.03616413,0.9326852,0.00021088053
ISIC_0033544,HAM_0003947,nv,0,7.3046736e-05,3.932887e-05,0.008025011,8.7425506e-05,0.04204805,0.94956166,0.00016558074
ISIC_0033351,HAM_0001870,nv,0,0.00028761144,8.754538e-05,0.0030628126,0.00017444516,0.7478006,0.24853255,5.4464435e-05
ISIC_0033131,HAM_0001870,nv,0,0.00024260169,4.1100913e-05,0.013116882,0.00020549163,0.361516,0.6246436,0.00023422092
ISIC_0033090,HAM_0001870,nv,0,0.00020002869,5.9475846e-05,0.0070926924,0.00015010747,0.5824644,0.4098149,0.00021840508
ISIC_0033832,HAM_0005383,nv,0,0.00019852705,0.00021507857,0.01277171,0.0003979148,0.4546365,0.5315239,0.0002564118
ISIC_0032893,HAM_0005383,nv,0,0.0003325734,0.00069449766,0.11276176,0.0007509309,0.2439008,0.6413392,0.00022024736
ISIC_0032683,HAM_0005383,nv,0,0.00028077548,0.00043999968,0.37652028,0.0006217121,0.35927817,0.2623406,0.0005184464
ISIC_0032781,HAM_0001040,nv,0,0.0002219647,0.00016050092,0.1341636,0.0006422762,0.021541007,0.8429862,0.0002844522
ISIC_0033237,HAM_0001040,nv,0,6.9215734e-05,4.3483633e-05,0.008855471,0.00014313537,0.012222777,0.97859085,7.4986376e-05
ISIC_0032747,HAM_0001040,nv,0,0.0003440533,0.00014596614,0.2831373,0.00065035303,0.020094058,0.6953181,0.00031021977
ISIC_0034286,HAM_0004176,nv,0,0.00067433214,0.05176881,0.17771591,0.0012475753,0.014351132,0.75408024,0.00016205593
ISIC_0033373,HAM_0004176,nv,0,0.00017109522,0.0015714429,0.79303813,0.00019124369,0.002122625,0.20287502,3.0436964e-05
ISIC_0032761,HAM_0001740,nv,0,1.6408807e-05,1.2754255e-05,0.000100222074,5.5510278e-05,0.007649147,0.99210453,6.13843e-05
ISIC_0033160,HAM_0001740,nv,0,2.5514944e-05,2.1443813e-05,3.1139687e-05,5.0004644e-05,0.023061154,0.97676235,4.8513517e-05
ISIC_0033930,HAM_0001740,nv,0,1.6529748e-05,1.2848263e-05,5.2173553e-05,4.6178095e-05,0.0062401253,0.9935781,5.4093205e-05
ISIC_0033096,HAM_0006158,nv,0,0.0003682294,0.00017124257,0.0021241936,0.00042507297,0.024345746,0.9724874,7.809491e-05
ISIC_0033972,HAM_0006158,nv,0,0.00018835247,0.00026201276,0.015896622,0.00014554751,0.0018460174,0.9815702,9.125938e-05
ISIC_0033367,HAM_0006158,nv,0,0.0040429845,0.0011986103,0.07817088,0.050225075,0.2961685,0.5697658,0.0004282132
ISIC_0034292,HAM_0007475,nv,0,0.00010137127,7.287252e-05,0.013071176,0.00037517154,0.0011563153,0.98503286,0.0001901277
ISIC_0034207,HAM_0007475,nv,0,4.7325197e-05,4.04004e-05,0.003951488,0.0002503997,0.0009616394,0.9946715,7.711702e-05
ISIC_0033408,HAM_0007475,nv,0,3.3048207e-05,9.542732e-06,0.000205884,6.540406e-05,0.00079834234,0.9988636,2.4273215e-05
ISIC_0032524,HAM_0004411,nv,0,0.00012344534,0.000103748556,0.87930936,0.00038247288,0.022845319,0.09712626,0.0001093665
ISIC_0033376,HAM_0004411,nv,0,0.00044065443,0.00011860052,0.4117224,0.00027201005,0.05224249,0.53489375,0.0003100391
ISIC_0033796,HAM_0004411,nv,0,0.00018905515,8.4550695e-05,0.09928112,0.00017690848,0.01001426,0.890083,0.000171131
ISIC_0033936,HAM_0000216,nv,0,0.0001458483,0.00015495178,0.00054881553,0.0001257291,0.28905258,0.70984465,0.00012745985
ISIC_0034121,HAM_0000216,nv,0,0.0001158096,9.2511975e-05,0.00065819174,0.00010340634,0.047642417,0.95133287,5.4704582e-05
ISIC_0034232,HAM_0000216,nv,0,0.00020153333,0.000179949,0.0003073016,0.00010435011,0.1954203,0.8036912,9.5383715e-05
ISIC_0033517,HAM_0001683,nv,0,4.721272e-05,1.3136129e-05,0.0011545208,5.6727386e-05,0.021752324,0.9769232,5.2875737e-05
ISIC_0033513,HAM_0001683,nv,0,7.9835205e-05,1.5236817e-05,0.0026827909,8.854228e-05,0.006764325,0.9902828,8.64912e-05
ISIC_0033649,HAM_0001683,nv,0,0.0018746727,0.00016356731,0.05892044,0.00041850033,0.0035577207,0.9343582,0.00070704316
ISIC_0033404,HAM_0006623,nv,0,7.2690666e-05,8.639374e-06,0.0014946546,2.6767528e-05,0.98931456,0.0090580415,2.4707613e-05
ISIC_0033478,HAM_0006623,nv,0,0.00011982345,1.0500776e-05,0.0017859034,5.9374866e-05,0.9737882,0.024188597,4.7709047e-05
ISIC_0032853,HAM_0004773,nv,0,0.00055140426,0.00014898927,0.0028299864,0.00056118256,0.5636313,0.4321511,0.00012595259
ISIC_0034148,HAM_0004773,nv,0,0.0002545037,0.00020650633,0.010176049,0.0016734059,0.14282762,0.84470046,0.00016145674
ISIC_0034241,HAM_0004773,nv,0,0.00030836888,0.00022297907,0.0033856216,0.002051479,0.037941348,0.9558528,0.00023735997
ISIC_0033243,HAM_0003106,nv,0,9.211607e-05,0.00027473937,0.012968972,0.00014295109,0.0033914284,0.98307437,5.5436427e-05
ISIC_0032648,HAM_0003106,nv,0,6.398066e-05,0.000112949434,0.027103253,0.00025854385,0.009495572,0.9629161,4.963393e-05
ISIC_0032620,HAM_0003106,nv,0,0.00020373157,0.0021198243,0.0677408,0.00078327436,0.006556675,0.92243487,0.00016085048
ISIC_0030420,HAM_0003106,nv,0,7.406913e-05,0.00016888494,0.12531586,0.00032937157,0.005784337,0.86816716,0.00016020966
ISIC_0033093,HAM_0006799,nv,0,0.00013382286,1.9354467e-05,0.0002490393,0.00012256314,0.075542785,0.9239015,3.0868003e-05
ISIC_0033501,HAM_0006799,nv,0,0.0004535307,1.8411241e-05,0.00070829724,0.0011477168,0.036134116,0.9614931,4.486179e-05
ISIC_0032677,HAM_0006799,nv,0,0.0005148917,5.771286e-05,0.007991582,0.00016122869,0.05751361,0.93367743,8.348113e-05
ISIC_0034010,HAM_0001720,nv,0,0.0005530573,0.00015645467,0.0002502581,0.000394096,0.43049377,0.5680882,6.420886e-05
ISIC_0032819,HAM_0001720,nv,0,0.000563487,6.997981e-05,0.000765322,0.00019588027,0.28568926,0.7126334,8.2617575e-05
ISIC_0033451,HAM_0003424,nv,0,0.00029059392,0.000104019986,0.09219788,0.0003210305,0.5132351,0.393511,0.00034040288
ISIC_0033552,HAM_0003424,nv,0,0.00013583014,0.00015301649,0.19126306,0.00043505288,0.057203695,0.7505733,0.00023607262
ISIC_0034310,HAM_0003424,nv,0,0.00021461117,0.00018356666,0.8847378,0.00022056043,0.008061093,0.10628782,0.0002944868
ISIC_0032574,HAM_0000970,nv,0,0.000881444,0.9223559,0.017472401,0.00096807675,0.02435297,0.033172984,0.0007963182
ISIC_0033398,HAM_0000970,nv,0,0.009082212,0.68042934,0.1628837,0.010033476,0.047401864,0.08986512,0.0003041706
ISIC_0033244,HAM_0000970,nv,0,0.00077003485,0.99015373,0.0018467667,0.0002700438,0.0041933707,0.00271373,5.2248237e-05
ISIC_0032737,HAM_0006014,nv,0,0.00038407923,0.00028320227,0.0058373967,0.0006344776,0.39490312,0.59746933,0.00048837485
ISIC_0031482,HAM_0005083,nv,0,0.00018607039,0.000390083,0.49720123,0.0008868258,0.00079339434,0.4991472,0.0013951727
ISIC_0032944,HAM_0005083,nv,0,0.0003876428,0.0004435675,0.19769077,0.0018313683,0.001450147,0.7910987,0.0070979055
ISIC_0033516,HAM_0005083,nv,0,0.00037262836,0.00048885506,0.066577934,0.0007827154,0.0049198135,0.92448103,0.0023770346
ISIC_0032639,HAM_0003018,nv,0,4.5897337e-05,6.2541358e-06,0.00031808545,1.6509666e-05,0.0032971741,0.99625504,6.104207e-05
ISIC_0033525,HAM_0003018,nv,0,4.174142e-05,8.664449e-06,0.0010608708,2.4442848e-05,0.00660741,0.99218595,7.093524e-05
ISIC_0033433,HAM_0007169,nv,0,0.005246408,0.00067883433,0.15880862,0.0019527964,0.0070100054,0.82401127,0.002291986
ISIC_0032934,HAM_0007169,nv,0,0.017611649,0.0011744464,0.30650985,0.0033358987,0.036840495,0.630147,0.0043806764
ISIC_0034244,HAM_0006121,nv,0,4.719602e-05,8.817377e-05,0.0009332607,0.0001679793,0.18100189,0.81755644,0.00020501016
ISIC_0032855,HAM_0006121,nv,0,0.000116057636,0.0002423578,0.0018024186,0.0005905416,0.4442252,0.5528472,0.00017627682
ISIC_0032792,HAM_0006121,nv,0,8.801256e-05,0.00016124877,0.016383698,0.00049765216,0.49015632,0.4920747,0.00063837436
ISIC_0033512,HAM_0003623,nv,0,0.015859164,0.9280481,0.0006167308,0.00020022316,0.045355383,0.00830178,0.0016185344
ISIC_0032788,HAM_0003623,nv,0,0.006525925,0.514384,0.0013599162,0.00073937373,0.21400876,0.25764015,0.005341931
ISIC_0032846,HAM_0006675,nv,0,0.0001758667,0.00020361089,0.4839071,0.00031969984,0.06770066,0.4475409,0.00015219995
ISIC_0033816,HAM_0006675,nv,0,0.0003721969,8.468633e-05,0.14272025,0.00028649016,0.3464038,0.5099557,0.00017684653
ISIC_0033672,HAM_0006675,nv,0,0.00027203528,0.00012189956,0.2902762,0.00030645545,0.1696476,0.539139,0.00023681045
ISIC_0033564,HAM_0003969,nv,0,0.00012799635,5.3461128e-05,0.00080129586,6.189499e-05,0.06553128,0.9333476,7.6579534e-05
ISIC_0032627,HAM_0003969,nv,0,5.450478e-05,7.122661e-05,0.00051297736,7.464485e-05,0.013573389,0.9856167,9.669199e-05
ISIC_0033532,HAM_0005209,nv,0,0.00013125857,5.8702462e-05,0.0014121967,9.19919e-05,0.08314498,0.9150908,7.0120564e-05
ISIC_0032713,HAM_0005209,nv,0,3.962941e-05,5.9258855e-05,0.00011613657,0.00013185725,0.02202391,0.97759694,3.2407817e-05
ISIC_0033707,HAM_0002874,nv,0,6.666008e-05,0.0002752212,0.008990316,0.00058093877,0.008790636,0.9800016,0.0012945456
ISIC_0033912,HAM_0002874,nv,0,2.594327e-05,9.9839956e-05,0.0004223994,0.00030543364,0.024669776,0.9739501,0.0005264552
ISIC_0033909,HAM_0001801,nv,0,0.0001694296,2.691258e-05,0.020603552,0.00015761761,0.0015973317,0.97734374,0.00010136883
ISIC_0033293,HAM_0001801,nv,0,2.6236889e-05,5.6963327e-06,0.0020924117,6.712922e-05,0.0012050964,0.9965835,1.9882153e-05
ISIC_0034191,HAM_0001708,nv,0,4.306601e-05,1.1344689e-05,0.00034075187,5.3806292e-05,0.005392758,0.99411595,4.2233038e-05
ISIC_0033719,HAM_0001708,nv,0,0.00010661987,3.176396e-05,0.00011652863,0.0004682518,0.0048306985,0.99439996,4.612611e-05
ISIC_0033723,HAM_0004367,nv,0,0.0022065528,0.00018859314,0.011667844,0.00015392524,0.010418212,0.975176,0.00018896184
ISIC_0033396,HAM_0004367,nv,0,0.04137882,0.0012835434,0.04524647,0.0008079412,0.43349934,0.47703668,0.0007472235
ISIC_0033197,HAM_0004589,nv,0,6.741133e-06,5.5019523e-06,5.9790404e-05,2.9801422e-05,0.0009118309,0.998968,1.8360126e-05
ISIC_0033448,HAM_0002257,nv,0,3.413202e-05,5.7834164e-05,0.00016932136,0.00022062112,0.011238615,0.9882327,4.674415e-05
ISIC_0034304,HAM_0002257,nv,0,0.00019166117,0.00024086695,0.002909393,0.0010483238,0.39420852,0.6010962,0.00030507965
ISIC_0033851,HAM_0005489,nv,0,0.00021597574,1.3860907e-05,0.00044641117,7.898886e-05,0.019365722,0.9797846,9.4445e-05
ISIC_0032588,HAM_0002600,nv,0,2.1051857e-05,1.4582196e-05,0.0002924536,4.6614456e-05,0.01411229,0.9854908,2.2191807e-05
ISIC_0033656,HAM_0002604,nv,0,1.4212507e-05,2.0160633e-05,0.00014305147,0.00017872722,0.0008464377,0.99876887,2.8598128e-05
ISIC_0026761,HAM_0004564,nv,0,4.1330455e-05,1.4311346e-05,0.00039491858,9.525529e-05,0.020832213,0.9785872,3.473582e-05
ISIC_0032322,HAM_0004564,nv,0,0.0002706924,0.00010415758,0.007417001,0.00019045589,0.16586871,0.8260583,9.06706e-05
ISIC_0025695,HAM_0003667,nv,0,4.1159597e-05,0.0007593753,0.00077039277,0.00027182332,0.023508405,0.9745418,0.00010696858
ISIC_0026427,HAM_0003667,nv,0,4.615843e-05,0.0011742767,0.0010616479,0.0004885563,0.040121105,0.95697516,0.00013304314
ISIC_0024608,HAM_0000231,nv,0,0.00012420882,4.6322883e-05,0.00057098037,0.000570423,0.24472775,0.7538145,0.00014578318
ISIC_0029809,HAM_0004014,nv,0,0.00030895334,0.0005885851,0.0015720619,0.0006585407,0.13113354,0.86517775,0.00056053593
ISIC_0026370,HAM_0000272,nv,0,1.7253866e-05,4.690087e-05,0.00022146892,0.00021814185,0.00983536,0.98961127,4.9634036e-05
ISIC_0030361,HAM_0001470,nv,0,2.2495818e-05,9.036032e-06,7.437577e-05,6.315273e-05,0.0027409608,0.997042,4.8044058e-05
ISIC_0030841,HAM_0000231,nv,0,0.00017789369,5.9586924e-05,0.00080942403,0.0008351179,0.5407527,0.45714167,0.00022356489
ISIC_0027348,HAM_0000354,nv,0,0.00022424443,0.00015932399,0.30784327,0.00070848386,0.005227364,0.6856532,0.00018409852
ISIC_0027933,HAM_0000070,nv,0,0.00018438551,0.00027787877,0.0020243924,0.001784776,0.023383878,0.97032666,0.0020179774
ISIC_0028513,HAM_0000070,nv,0,0.00016930027,0.00034467824,0.0023568862,0.0013323,0.013781576,0.98042,0.0015953331
ISIC_0025734,HAM_0003099,nv,0,0.0043254574,0.00029399197,0.0059079607,0.0029954256,0.037834413,0.94759023,0.0010525206
ISIC_0029027,HAM_0006364,nv,0,2.0657253e-05,1.9067558e-05,0.0008279762,0.00017228673,0.0069903447,0.9918859,8.38839e-05
ISIC_0027258,HAM_0006547,nv,0,0.013334244,0.0004400806,0.0069856015,0.20000517,0.6431076,0.13091066,0.005216668
ISIC_0024846,HAM_0001212,nv,0,3.9557857e-05,3.5183486e-05,0.0008996735,0.00040383506,0.045285087,0.95322675,0.0001098646
ISIC_0028263,HAM_0000291,nv,0,7.918674e-05,5.0137925e-05,0.0003844782,0.0002771998,0.0072121876,0.9918784,0.000118525626
ISIC_0028610,HAM_0000291,nv,0,0.000113526025,4.7232348e-05,0.00034292127,0.00036113747,0.010159585,0.9888498,0.00012566186
ISIC_0031360,HAM_0000291,nv,0,6.523688e-05,2.8278098e-05,0.00018969316,0.0001808298,0.0041156677,0.99533784,8.246715e-05
ISIC_0025840,HAM_0000618,nv,0,2.6782463e-05,2.6887288e-05,0.0014431215,0.00019463887,0.0044909418,0.99374086,7.67445e-05
ISIC_0025662,HAM_0001525,nv,0,2.8781436e-05,2.8501734e-05,0.00025131894,0.00020512054,0.043991953,0.9554014,9.290761e-05
ISIC_0027510,HAM_0001525,nv,0,1.1970387e-05,1.6329654e-05,0.0001350017,0.000113018665,0.0065621687,0.99312085,4.0574465e-05
ISIC_0024355,HAM_0001525,nv,0,1.1590121e-05,1.7638338e-05,0.0002453396,0.00011739951,0.0055309883,0.99403536,4.1574905e-05
ISIC_0032165,HAM_0003345,nv,0,3.352957e-05,3.5345183e-05,0.0013913277,0.00018792832,0.0005231719,0.9977011,0.00012765634
ISIC_0024718,HAM_0003345,nv,0,4.0867035e-05,5.48853e-05,0.004845057,0.00017273006,0.0022509615,0.9924976,0.00013784696
ISIC_0024834,HAM_0003345,nv,0,3.053835e-05,3.8079896e-05,0.0011904292,0.00019748893,0.00041311234,0.9980059,0.00012449389
ISIC_0024587,HAM_0002645,nv,0,3.529306e-05,3.102459e-05,0.00055912975,0.00031425658,0.1664867,0.8323811,0.00019247676
ISIC_0029666,HAM_0002645,nv,0,2.8958564e-05,2.8012835e-05,0.0006649122,0.0005582743,0.18744797,0.81106246,0.00020942833
ISIC_0027698,HAM_0002645,nv,0,2.7279542e-05,2.8588713e-05,0.00074055995,0.00041278792,0.108787596,0.8897672,0.00023588954
ISIC_0027514,HAM_0000637,nv,0,0.00024005701,0.00011495587,0.0015246335,0.00054575247,0.22473411,0.7722382,0.0006023257
ISIC_0024721,HAM_0005466,nv,0,7.334459e-05,0.00021683857,0.0013611255,0.0053310394,0.18339315,0.8091685,0.00045591992
ISIC_0025047,HAM_0006149,nv,0,9.6255004e-05,8.594605e-05,0.0025314114,0.0002777083,0.014313438,0.98212093,0.0005742896
ISIC_0028723,HAM_0007160,nv,0,1.4338724e-05,1.3365161e-05,0.00025747003,9.19608e-05,0.026747972,0.97282934,4.5568377e-05
ISIC_0029339,HAM_0000418,nv,0,0.0031892604,4.328146e-05,0.0014501802,0.004427782,0.6400405,0.35071328,0.00013568043
ISIC_0031483,HAM_0002298,nv,0,4.4005e-05,0.05258787,9.801147e-05,0.0003478203,0.00062828546,0.9449739,0.001320052
ISIC_0032274,HAM_0006451,nv,0,0.0008515376,2.1778123e-05,0.001387761,0.0009195523,0.00086484186,0.9958727,8.186935e-05
ISIC_0031564,HAM_0005090,nv,0,0.001371288,8.5884036e-05,0.107141346,0.0009676525,0.2285972,0.6614679,0.0003687169
ISIC_0032474,HAM_0003282,nv,0,0.00036159434,6.721563e-05,0.026179958,0.0006670251,0.018510064,0.9540321,0.0001819987
ISIC_0029459,HAM_0006884,nv,0,0.0031610185,0.0001265802,0.027413908,0.0018081433,0.42258987,0.54473984,0.00016063865
ISIC_0025960,HAM_0002142,nv,0,0.001017663,8.248108e-05,0.001459872,0.0009439459,0.016153833,0.980072,0.00027018104
ISIC_0029162,HAM_0005090,nv,0,0.00036595028,0.00015106828,0.47750297,0.00063602126,0.058268096,0.46281174,0.00026409942
ISIC_0027486,HAM_0000129,nv,0,0.0008154844,0.0001037785,0.0030716243,0.00035730397,0.3444419,0.6510876,0.00012228097
ISIC_0027201,HAM_0003446,nv,0,1.8621948e-05,7.4072987e-06,0.0001680551,4.7599267e-05,0.00028959443,0.9994554,1.325662e-05
ISIC_0031302,HAM_0001846,nv,0,0.00047247336,0.00025388657,0.008374791,0.00094514724,0.20730901,0.782376,0.0002686819
ISIC_0029457,HAM_0001846,nv,0,0.00035434918,0.00029606983,0.002334177,0.0006140569,0.25584167,0.74030244,0.00025722993
ISIC_0028420,HAM_0005079,nv,0,0.00023638691,0.00011100893,0.023324668,0.00025559522,0.76639605,0.20952103,0.00015532943
ISIC_0025563,HAM_0006086,nv,0,0.0006333594,0.13757128,0.03431115,0.0030186393,0.01043306,0.8136139,0.00041862504
ISIC_0024963,HAM_0005620,nv,0,0.35602692,0.0036793668,0.01696345,0.014580629,0.3241662,0.2805425,0.004040994
ISIC_0025305,HAM_0001492,nv,0,0.00087371,2.2833237e-05,0.00034265133,3.7352682e-05,0.011874203,0.9866251,0.00022416827
ISIC_0029349,HAM_0000771,nv,0,0.00022167937,1.0192399e-05,4.7037218e-05,3.355039e-05,0.009069367,0.9905516,6.665779e-05
ISIC_0026706,HAM_0004532,nv,0,0.0038847171,0.00031709147,0.25891843,0.00032524567,0.025536451,0.7107201,0.00029787983
ISIC_0030328,HAM_0001334,nv,0,0.001136952,6.493815e-05,0.0014082391,0.00015547455,0.023575576,0.9735161,0.00014267147
ISIC_0031363,HAM_0001334,nv,0,0.002190105,5.5773267e-05,0.0012088267,0.00016585906,0.009180255,0.9871178,8.146724e-05
ISIC_0031220,HAM_0001028,nv,0,0.036661495,0.0052366504,0.008960189,0.054647136,0.027068812,0.8636355,0.0037902799
ISIC_0024808,HAM_0000668,nv,0,0.0004376388,2.0190697e-05,0.0010209,0.00016052731,0.0038740586,0.99441457,7.214367e-05
ISIC_0026398,HAM_0007324,nv,0,0.004602511,0.00023026715,0.0003477033,0.0020398605,0.018983958,0.9736912,0.00010439947
ISIC_0024836,HAM_0002291,nv,0,0.00033369183,0.04344967,0.00599918,0.00096180494,0.0011635621,0.94731766,0.00077434286
ISIC_0026588,HAM_0003821,nv,0,0.00074835925,7.693652e-05,0.0034485706,0.00033714727,0.025984265,0.96935576,4.890383e-05
ISIC_0027490,HAM_0007133,nv,0,0.078640625,0.0034083098,0.60422754,0.11736387,0.039381012,0.1542719,0.0027067477
ISIC_0029597,HAM_0007133,nv,0,0.00095456117,0.0004093506,0.0074026375,0.0005200005,0.0022538216,0.98722965,0.0012298774
ISIC_0028378,HAM_0001001,nv,0,0.0008096474,7.9697595e-05,0.011886068,0.000113494585,0.07788627,0.90894175,0.00028310492
ISIC_0026852,HAM_0001001,nv,0,0.0011002674,5.1990573e-05,0.0023786884,0.00016490331,0.32554302,0.6705853,0.00017588184
ISIC_0030079,HAM_0003241,nv,0,0.00039012733,0.0018744175,0.0009404477,0.00042763504,0.6783446,0.3179337,8.911349e-05
ISIC_0024908,HAM_0003241,nv,0,0.0004270746,0.0018388942,0.00085016916,0.00040991226,0.71205044,0.28434265,8.095332e-05
ISIC_0031019,HAM_0000287,nv,0,0.0018032619,0.00026464972,0.4442703,0.0007068575,0.27965105,0.2726399,0.0006640312
ISIC_0029959,HAM_0007066,nv,0,0.0015008657,0.0011485082,0.22449523,0.0056476374,0.042305164,0.7246795,0.00022308374
ISIC_0031710,HAM_0005730,nv,0,0.0002837768,0.00017585723,0.0023360585,0.0002218706,0.8024732,0.19436343,0.00014579076
ISIC_0028923,HAM_0005730,nv,0,0.00025645105,0.0001466933,0.0006188093,0.00025272183,0.9701627,0.028506156,5.644496e-05
ISIC_0026414,HAM_0001022,nv,0,0.011256823,0.00011130506,0.020023413,0.00071315333,0.6942282,0.27346128,0.00020592439
ISIC_0027949,HAM_0002087,nv,0,0.0007832314,5.6571116e-05,0.004379192,9.146599e-05,0.92238426,0.07224672,5.8595317e-05
ISIC_0025983,HAM_0004025,nv,0,0.00018221718,6.248251e-05,0.0017837073,0.00011973456,0.05192434,0.94589484,3.2605993e-05
ISIC_0030973,HAM_0004923,nv,0,0.00042271172,2.39411e-05,0.0024006786,0.00012422333,0.09641121,0.9005427,7.4613046e-05
ISIC_0030444,HAM_0004923,nv,0,0.00041215014,2.2813325e-05,0.0018291783,0.00011930004,0.060603656,0.93695605,5.690637e-05
ISIC_0028476,HAM_0007264,nv,0,0.0008317501,0.0007798323,0.2435846,0.0010954523,0.06724582,0.6858236,0.0006389717
ISIC_0030069,HAM_0004833,nv,0,0.0002652986,1.3403346e-05,0.00092892663,8.0203485e-05,0.24763797,0.75095284,0.00012134398
ISIC_0026133,HAM_0004833,nv,0,0.0012720013,4.421092e-05,0.024402684,0.00019204347,0.26622492,0.70691043,0.0009536158
ISIC_0031924,HAM_0002423,nv,0,2.8407429e-05,1.05119225e-05,0.00037851292,9.0631955e-05,0.0015254567,0.99793905,2.7372567e-05
ISIC_0028963,HAM_0002423,nv,0,7.6435426e-05,1.2649506e-05,0.0006005327,0.00018461677,0.02278168,0.9762992,4.4846394e-05
ISIC_0025088,HAM_0002423,nv,0,9.275953e-05,9.448262e-06,0.0011813864,0.00016043069,0.0134084895,0.9851195,2.798779e-05
ISIC_0026786,HAM_0003874,nv,0,0.34647873,0.36310658,0.270894,0.00616878,0.00087577384,0.008236402,0.0042397366
ISIC_0028578,HAM_0003874,nv,0,0.64049363,0.17977956,0.11824824,0.018618453,0.0073626423,0.023720527,0.011776965
ISIC_0024809,HAM_0003874,nv,0,0.13839789,0.7125176,0.08041205,0.00999618,0.0077319965,0.04163582,0.00930837
ISIC_0027461,HAM_0005017,nv,0,0.000763372,5.144328e-05,0.0041469494,0.00013820817,0.04988287,0.9449045,0.000112582115
ISIC_0025310,HAM_0005017,nv,0,0.0007724957,0.00023422144,0.5363784,0.00090137665,0.078030944,0.38333234,0.00035023724
ISIC_0026752,HAM_0005017,nv,0,0.0020176172,7.930843e-05,0.034730576,0.00034652458,0.05989196,0.9027385,0.00019552498
ISIC_0027889,HAM_0002490,nv,0,0.0017843038,0.6364981,0.07051223,0.003908712,0.049927466,0.23097502,0.006394226
ISIC_0030422,HAM_0005980,nv,0,0.00023194197,2.8720759e-05,0.001940131,0.00020974685,0.0022793452,0.9952459,6.4219545e-05
ISIC_0029905,HAM_0006420,nv,0,0.0009039724,8.6497814e-05,0.00910309,0.0002869586,0.45519376,0.5342583,0.00016738145
ISIC_0031583,HAM_0007374,nv,0,0.00022681722,0.00083128497,0.014463999,0.0008152065,0.5715892,0.41170028,0.00037322872
ISIC_0031742,HAM_0001803,nv,0,0.0035866383,0.000185274,0.0006286128,0.0023259067,0.93217266,0.061004985,9.593135e-05
ISIC_0025730,HAM_0007374,nv,0,0.00017699187,0.00079710525,0.0047688764,0.0007947733,0.742591,0.24971037,0.0011609144
ISIC_0028310,HAM_0000693,nv,0,0.0005808616,0.22935541,0.0020413129,0.00031828586,0.0014574365,0.7653636,0.00088311714
ISIC_0026330,HAM_0001803,nv,0,0.0008954646,6.6763154e-05,0.00048424778,0.00020166748,0.9439156,0.05430238,0.00013381575
ISIC_0029479,HAM_0005175,nv,0,0.944434,0.0002851092,0.03936399,0.00018372116,0.013314678,0.0022425577,0.0001759941
ISIC_0032278,HAM_0005175,nv,0,0.12426414,0.007843726,0.46942616,0.002042166,0.1304823,0.26487166,0.0010698588
ISIC_0028588,HAM_0000850,nv,0,0.005588444,0.9391437,0.01841799,0.0006921711,0.000770666,0.03478096,0.00060608523
ISIC_0030580,HAM_0006702,nv,0,0.085752055,0.006484591,0.8745642,0.0052105156,0.012487177,0.015007351,0.0004942124
ISIC_0031871,HAM_0006225,nv,0,0.00021250991,0.0001150892,0.0050961203,0.00014128591,0.52723145,0.46710122,0.00010236245
ISIC_0029075,HAM_0006225,nv,0,0.0007097324,0.00016117105,0.07483876,0.00032304082,0.27589583,0.64777213,0.000299348
ISIC_0028887,HAM_0006225,nv,0,0.0008721946,0.00020919737,0.06676292,0.00034829287,0.5210445,0.41057318,0.00018973376
ISIC_0031567,HAM_0001803,nv,0,0.0017051337,0.00017376561,0.0002850956,0.00050774176,0.9639562,0.03324347,0.0001286282
ISIC_0031301,HAM_0000922,nv,0,0.0051994445,0.0015884532,0.9278572,0.00033721182,0.040135168,0.024606118,0.00027630146
ISIC_0031111,HAM_0000922,nv,0,0.1505583,0.0005100994,0.0074338913,0.0014002012,0.6827092,0.15686192,0.00052629167
ISIC_0024882,HAM_0000961,nv,0,0.00034467765,0.00035631415,0.003929248,0.0010275112,0.0032766038,0.9910069,5.8680165e-05
ISIC_0031991,HAM_0007108,nv,0,0.005474925,0.00057818106,0.473032,0.0053559393,0.013727047,0.50157684,0.00025506737
ISIC_0032065,HAM_0006924,nv,0,0.078828916,0.1949963,0.07381994,0.060821388,0.015303151,0.5681108,0.00811951
ISIC_0024447,HAM_0007429,nv,0,0.000117649004,0.00013227633,0.01783985,0.00032898952,0.020694587,0.96079665,9.00286e-05
ISIC_0031074,HAM_0006420,nv,0,0.0010271386,0.0002674223,0.04183813,0.0006085595,0.18032227,0.7756722,0.00026430673
ISIC_0027688,HAM_0001936,nv,0,0.0005404815,0.00065067306,0.08966076,0.0023181275,0.19167453,0.7149446,0.00021083042
ISIC_0024704,HAM_0001936,nv,0,0.00033331185,5.8775615e-05,0.0005759112,0.00024890873,0.15952834,0.8391403,0.00011440475
ISIC_0028882,HAM_0000486,nv,0,0.0046469886,0.00014035258,0.0010411321,0.0009080916,0.37577125,0.6171267,0.00036547176
ISIC_0025892,HAM_0002754,nv,0,0.00026911695,0.0002733549,0.008973059,0.00043426792,0.53544265,0.45442432,0.00018316373
ISIC_0026866,HAM_0002754,nv,0,0.00035511047,0.00075030205,0.017010221,0.0008619073,0.6585657,0.3222155,0.00024122019
ISIC_0027997,HAM_0004008,nv,0,0.0008308961,0.22460848,0.007898735,0.0004073261,0.0034658993,0.7539276,0.008861024
ISIC_0027203,HAM_0000287,nv,0,0.013927773,0.00038467807,0.25989467,0.0007328478,0.18756108,0.53640306,0.0010958458
ISIC_0030694,HAM_0002490,nv,0,0.0007862528,0.10687207,0.014946498,0.0014071332,0.17078108,0.7037324,0.0014746628
ISIC_0028468,HAM_0000961,nv,0,0.00011411029,7.425299e-05,0.00041885275,0.00020342358,0.00034943098,0.9988041,3.5801357e-05
ISIC_0028131,HAM_0003790,nv,0,0.00092070876,0.00048423276,0.015361151,0.001832837,0.72866684,0.25231284,0.00042153118
ISIC_0024377,HAM_0002088,nv,0,0.00041682724,7.350257e-05,0.0046326066,0.00016726612,0.3556475,0.63898283,7.947523e-05
ISIC_0031379,HAM_0006241,nv,0,0.0059511457,0.0010483899,0.103648536,0.0064693773,0.23266494,0.649981,0.00023668488
ISIC_0027945,HAM_0003054,nv,0,0.0019358264,0.0003559998,0.6487111,0.0053882245,0.010718381,0.33262596,0.0002645566
ISIC_0032236,HAM_0006105,nv,0,7.598722e-05,0.00033104184,0.0005124773,0.00031711865,0.024203124,0.974373,0.00018733695
ISIC_0028498,HAM_0000000,nv,0,0.0010561924,0.0003866589,0.050346464,0.00072946295,0.17334025,0.7738284,0.00031251495
ISIC_0025346,HAM_0000000,nv,0,0.022193408,0.0009432651,0.11834728,0.0011027886,0.36028832,0.4963181,0.00080681744
ISIC_0024995,HAM_0003650,nv,0,0.00027656314,6.329648e-05,0.02583663,0.00022972711,0.062709436,0.91077256,0.00011174162
ISIC_0026123,HAM_0003491,nv,0,0.00663682,0.07998912,0.28974465,0.0008138331,0.51551783,0.10711284,0.00018481095
ISIC_0028891,HAM_0006600,nv,0,0.00037523612,0.00023665845,0.8745473,0.0004352815,0.0025652125,0.12140074,0.0004395531
ISIC_0032018,HAM_0006600,nv,0,0.00018966802,0.00024544867,0.6954446,0.00093723275,0.0021516413,0.30027765,0.0007538234
ISIC_0028884,HAM_0005914,nv,0,0.00013813209,0.00089634693,0.021358946,0.0003881584,0.008291091,0.96866983,0.0002575612
ISIC_0028785,HAM_0005914,nv,0,1.4518133e-05,1.5008272e-05,0.00020957386,6.660874e-05,0.012743062,0.9869272,2.3983152e-05
ISIC_0028384,HAM_0005817,nv,0,0.00049679005,0.00027840197,0.19905403,0.0018988196,0.0014312062,0.7965541,0.00028667887
ISIC_0030155,HAM_0005817,nv,0,8.3835745e-05,6.855851e-05,0.005663232,0.00021597193,0.0016052068,0.992285,7.814351e-05
ISIC_0029247,HAM_0002708,nv,0,0.0001084099,3.179652e-05,0.0007576756,0.00014545472,0.03590579,0.962911,0.00013988241
ISIC_0024752,HAM_0002708,nv,0,0.0002235389,9.465233e-05,0.0010306097,0.0003028678,0.061860204,0.9360547,0.00043341465
ISIC_0028272,HAM_0001306,nv,0,0.000108172135,0.08411783,0.0005180802,0.00020932332,0.0067977626,0.9078914,0.0003574646
ISIC_0026603,HAM_0001306,nv,0,0.00018938082,0.0026003174,0.052921895,0.0012828582,0.16048367,0.78225166,0.0002702179
ISIC_0028042,HAM_0003579,nv,0,1.50283895e-05,3.9133243e-05,0.0013554572,0.00019670761,0.00037242065,0.9979482,7.3110525e-05
ISIC_0030229,HAM_0003579,nv,0,4.407055e-05,0.00024749184,0.004535002,0.00059370213,0.0006422586,0.9937384,0.0001990596
ISIC_0025278,HAM_0002795,nv,0,8.933156e-06,9.529308e-05,0.00079632236,0.0009138802,0.00086271315,0.9973097,1.3099607e-05
ISIC_0032312,HAM_0002795,nv,0,1.7896753e-05,8.131181e-05,0.008023164,0.00035562518,0.00044627173,0.9910244,5.138298e-05
ISIC_0029055,HAM_0002296,nv,0,0.00010048599,0.00038145873,0.037200626,0.00024919142,0.022148523,0.93902403,0.0008956218
ISIC_0026834,HAM_0002296,nv,0,5.8317597e-05,3.489111e-05,0.00090161274,0.00021083168,0.34640262,0.65224105,0.0001506746
ISIC_0026657,HAM_0002768,nv,0,3.905547e-05,0.00014510869,0.00018559686,9.5443815e-05,0.0073129716,0.9920821,0.00013968602
ISIC_0028067,HAM_0002768,nv,0,6.087766e-05,0.00011240939,0.00037001877,0.0003642822,0.25343195,0.74487793,0.00078256516
ISIC_0029794,HAM_0006734,nv,0,0.0033816944,0.5107882,0.061663806,0.0083208755,0.0011686822,0.41284177,0.0018350079
ISIC_0030589,HAM_0005829,nv,0,0.007729387,0.050623912,0.09522667,0.0034754123,0.013029897,0.8266595,0.003255297
ISIC_0030091,HAM_0005829,nv,0,0.0032967213,0.0049877805,0.46550542,0.0023037314,0.009837388,0.5132587,0.00081026665
ISIC_0026942,HAM_0006553,nv,0,0.0011109825,0.0007415208,0.4403926,0.0008128122,0.047425073,0.50887275,0.0006442444
ISIC_0030410,HAM_0006553,nv,0,0.0001867281,0.0001200907,0.18572035,0.000316706,0.00041997718,0.8130596,0.00017644565
ISIC_0029786,HAM_0007058,nv,0,0.0016279722,0.00042592795,0.013311836,0.010488194,0.78375226,0.18835185,0.0020419345
ISIC_0027642,HAM_0007058,nv,0,0.0007798473,0.00041095066,0.0050459774,0.006307093,0.53100973,0.45597437,0.00047207833
ISIC_0029592,HAM_0006756,nv,0,5.7519304e-05,9.880382e-05,0.011968235,0.0023509385,0.0025556602,0.9828525,0.000116419345
ISIC_0026037,HAM_0006756,nv,0,0.0009375948,0.004243245,0.021622755,0.04570837,0.02477851,0.9003199,0.0023895607
ISIC_0030299,HAM_0006554,nv,0,4.4435237e-05,1.2931392e-05,0.00014011595,5.266519e-05,0.11197872,0.8876888,8.2289516e-05
ISIC_0028866,HAM_0006554,nv,0,2.9306751e-05,7.3522424e-06,0.00019714625,2.8572002e-05,0.0037863052,0.99590945,4.1775504e-05
ISIC_0030479,HAM_0007566,nv,0,0.00024397248,2.2982907e-05,0.00049139623,8.555881e-05,0.06797793,0.9311035,7.462572e-05
ISIC_0028834,HAM_0007566,nv,0,0.0002392667,1.3967854e-05,0.0020009114,8.276915e-05,0.58841985,0.40918174,6.15088e-05
ISIC_0033234,HAM_0003361,nv,0,3.4494406e-05,8.2091565e-06,0.00022258276,0.00012367444,0.008640663,0.99095273,1.7721552e-05
ISIC_0033682,HAM_0003365,nv,0,0.00026641996,4.679686e-05,0.0015181494,0.00016206599,0.1075865,0.890316,0.00010402635
ISIC_0033890,HAM_0003365,nv,0,0.00059484126,0.00015669642,0.03436986,0.0005598942,0.24904875,0.71503836,0.00023158228
ISIC_0034270,HAM_0003368,nv,0,0.0012466909,5.8665486e-05,0.0021601452,0.00039469032,0.05438713,0.9417031,4.959464e-05
ISIC_0029401,HAM_0001009,nv,0,0.00040895466,0.0007882808,0.026541263,0.02353723,0.006974918,0.9346985,0.0070507857
ISIC_0032880,HAM_0001930,nv,0,7.235229e-05,2.6773334e-05,0.003096088,0.0001438897,0.10781668,0.8887423,0.00010183399
ISIC_0032600,HAM_0001930,nv,0,8.024442e-05,5.92842e-05,0.001099388,0.00021642949,0.41899917,0.5794548,9.075142e-05
ISIC_0032791,HAM_0001930,nv,0,4.8667356e-05,2.2412478e-05,0.0003941791,0.00011561236,0.92049307,0.07887609,4.9918875e-05
ISIC_0034212,HAM_0003755,nv,0,9.747539e-05,1.7038225e-05,0.0005326381,6.4805914e-05,0.05010056,0.9490282,0.00015930347
ISIC_0033489,HAM_0003755,nv,0,0.00023070259,2.2532473e-05,0.0003134908,8.4045954e-05,0.19360036,0.8055919,0.00015701851
ISIC_0033040,HAM_0007478,nv,0,1.3696321e-05,8.210457e-06,0.00022433662,0.00010762476,0.00074415136,0.99888295,1.9052635e-05
ISIC_0034238,HAM_0002712,nv,0,0.000114576134,2.0865864e-05,0.0017687988,8.38257e-05,0.021162573,0.976784,6.541114e-05
ISIC_0033542,HAM_0001613,nv,0,2.140999e-05,5.881815e-06,2.349132e-05,2.4522715e-05,0.00051568606,0.99932384,8.525898e-05
ISIC_0032748,HAM_0001613,nv,0,2.6470894e-05,6.1657797e-06,4.2507418e-05,2.5581416e-05,0.00019036555,0.99959785,0.00011099859
ISIC_0033208,HAM_0004345,nv,0,0.00010328251,0.00012482605,0.00044776336,0.00018430085,0.048904475,0.95019364,4.1729905e-05
ISIC_0032647,HAM_0003814,nv,0,1.6331971e-05,9.054671e-06,0.00011889396,4.3621338e-05,0.0006744029,0.9990988,3.8987524e-05
ISIC_0033290,HAM_0006233,nv,0,2.609843e-05,1.1626435e-05,0.0005319362,6.334487e-05,0.0002219471,0.9990994,4.567017e-05
ISIC_0033421,HAM_0004196,nv,0,2.566354e-05,7.084873e-06,0.00016800225,9.794701e-05,0.0075895255,0.99209213,1.9638524e-05
ISIC_0033467,HAM_0004197,nv,0,2.4424058e-05,5.3652534e-06,0.00019361683,6.0924234e-05,0.0024336101,0.9972493,3.2802032e-05
ISIC_0033797,HAM_0004205,nv,0,1.078343e-05,8.398144e-06,8.862872e-05,4.6795365e-05,0.0017818947,0.9980489,1.4567484e-05
ISIC_0032759,HAM_0004186,nv,0,1.8275246e-05,1.0171707e-05,3.790336e-05,0.00013586353,0.0015333883,0.99824166,2.2743916e-05
ISIC_0033877,HAM_0004237,nv,0,1.8656936e-05,3.3357166e-05,0.0001281211,6.4865235e-05,0.00034228436,0.9993795,3.3227123e-05
ISIC_0032738,HAM_0007191,nv,0,5.2199674e-05,6.793822e-06,0.00030811309,0.00013381825,0.012164148,0.9873032,3.1722597e-05
ISIC_0033597,HAM_0005439,nv,0,0.0001541456,0.00010348847,0.016064739,0.00025865,0.0029586474,0.98039436,6.603873e-05
ISIC_0032814,HAM_0001366,nv,0,4.262624e-05,1.2236499e-05,0.00019376192,4.4237793e-05,0.0040290994,0.99556315,0.000114856215
ISIC_0033515,HAM_0002402,nv,0,0.0002414464,3.995762e-05,0.00409174,0.00021727826,0.29365566,0.70169693,5.6902256e-05
ISIC_0034195,HAM_0003300,nv,0,1.21215e-05,1.6121228e-05,0.0002762716,8.921727e-05,0.007544503,0.99200237,5.9489572e-05
ISIC_0034040,HAM_0003808,bkl,0,7.352774e-05,7.660622e-05,0.9483761,0.00016344734,0.0024384737,0.048810933,6.0956638e-05
ISIC_0028014,HAM_0005696,nv,0,0.0005999885,0.00096629874,0.25391686,0.0001871427,0.00058723567,0.74339354,0.00034894643
ISIC_0025499,HAM_0005696,nv,0,0.0002749712,0.00022202703,0.0071822046,6.4613545e-05,0.0005274392,0.9916208,0.0001079962
ISIC_0032379,HAM_0005522,nv,0,8.513776e-05,0.0002569195,0.012935208,0.00012243152,0.007686342,0.9786017,0.00031233468
ISIC_0029368,HAM_0005522,nv,0,0.00011849775,4.685978e-05,0.0037517296,0.0001566777,0.037522897,0.9583237,7.971117e-05
ISIC_0024437,HAM_0002566,nv,0,4.7735713e-05,0.000109268134,0.010739625,0.00017325116,0.010697754,0.97814596,8.643822e-05
ISIC_0031105,HAM_0002566,nv,0,3.8121576e-05,0.0007503327,0.0018593596,0.00022282916,0.001799076,0.99520326,0.00012696424
ISIC_0028618,HAM_0001633,nv,0,0.0023988779,0.0021799412,0.017467685,0.00079338683,0.2791745,0.6977442,0.00024149718
ISIC_0031488,HAM_0001633,nv,0,0.00513814,0.01549019,0.30392146,0.0017010105,0.10689505,0.5666922,0.00016197066
ISIC_0031547,HAM_0000102,nv,0,7.9521065e-05,0.0011287363,0.005196338,0.00027809842,0.00097113295,0.9921827,0.00016348562
ISIC_0032221,HAM_0000102,nv,0,0.00011696195,0.00043329506,0.012551932,0.00023835538,0.0049539595,0.98166454,4.0897437e-05
ISIC_0029659,HAM_0000673,akiec,0,0.99091667,0.00049199845,0.007821166,5.1277144e-05,0.00038825377,0.00019389624,0.00013668976
ISIC_0026575,HAM_0006875,akiec,0,0.73923314,0.08359017,0.17118122,0.0011466715,0.00348744,0.0007092087,0.00065207895
ISIC_0030586,HAM_0006875,akiec,0,0.09009037,0.027963258,0.87673426,0.00031925508,0.0041680527,0.00030762487,0.00041720117
ISIC_0026872,HAM_0006746,akiec,0,0.9777018,0.0003437226,0.010552852,0.0009398256,0.0048093814,0.005325775,0.00032670374
ISIC_0026362,HAM_0005301,akiec,0,0.20669504,0.001331522,0.13999352,0.34011757,0.17993085,0.131127,0.00080446026
ISIC_0026411,HAM_0004846,akiec,0,0.9949026,0.0036840476,0.0008364974,0.0002729335,0.00011092315,9.070983e-05,0.00010238698
ISIC_0031918,HAM_0003141,akiec,0,0.6249339,0.007433563,0.058213115,0.0024947994,0.27194902,0.033584405,0.0013912797
ISIC_0027231,HAM_0005310,akiec,0,0.98993474,0.0013875932,0.0077753565,8.578796e-05,0.00014171696,0.00053587987,0.00013897591
ISIC_0024843,HAM_0004376,akiec,0,0.8046851,0.00013706728,0.014070272,0.0004189114,0.16834205,0.012076148,0.00027046952
ISIC_0029067,HAM_0000498,akiec,0,0.98160744,0.0003351321,0.007225167,0.0030743028,0.00680733,0.0008278416,0.00012280757
ISIC_0030191,HAM_0003161,akiec,0,0.048273806,0.00023064838,0.010348586,0.000100762816,0.93794,0.0029899986,0.00011620402
ISIC_0027577,HAM_0005958,akiec,0,0.782455,0.0007775354,0.21141915,0.0006841653,0.003223582,0.0012400737,0.00020046916
ISIC_0027678,HAM_0003586,akiec,0,0.9969291,0.0002802486,0.000361961,0.00020244776,0.0018507985,0.00018023666,0.00019526332
ISIC_0025712,HAM_0005117,akiec,0,0.979361,0.0034467273,0.0105656,0.00022935719,0.0058663026,0.0002629593,0.00026814573
ISIC_0032422,HAM_0004384,akiec,0,0.9239769,0.0016352129,0.06525459,0.0002719404,0.0069563086,0.00109783,0.00080712105
ISIC_0030826,HAM_0004384,akiec,0,0.9862418,0.007185223,0.00555231,3.5977973e-05,0.00066800363,5.627062e-05,0.00026044692
ISIC_0029932,HAM_0004722,akiec,0,0.8232711,0.00097531406,0.0002604594,0.0012547764,0.17088996,0.0030634312,0.00028494347
ISIC_0024575,HAM_0004722,akiec,0,0.96108055,0.00075035024,0.0029295397,0.0027960688,0.030504154,0.0016469376,0.00029241008
ISIC_0025089,HAM_0002705,akiec,0,0.20253204,0.0003484236,0.40278307,0.0003615963,0.3820929,0.0113295475,0.00055244647
ISIC_0027178,HAM_0002705,akiec,0,0.30819565,0.00028490674,0.67711705,0.00032347284,0.010633778,0.0028774561,0.0005677125
ISIC_0028190,HAM_0002734,akiec,0,0.9986841,0.00081076875,0.00023652389,3.5727207e-05,7.652606e-05,4.3773893e-05,0.00011254729
ISIC_0029371,HAM_0005264,akiec,0,0.5238113,0.46045965,0.012228964,0.0005005772,0.0004693312,0.0011548194,0.0013754057
ISIC_0031659,HAM_0005264,akiec,0,0.7164083,0.13408433,0.14024499,0.0013884061,0.0004569544,0.006636665,0.00078034797
ISIC_0024946,HAM_0005264,akiec,0,0.68126035,0.30112886,0.014948465,0.0011293031,0.00012161258,0.00035465765,0.0010567462
ISIC_0031211,HAM_0004563,akiec,0,0.9991499,6.99148e-05,0.00021305177,0.00031249603,0.00015196411,4.9917082e-05,5.262007e-05
ISIC_0029610,HAM_0005459,akiec,0,0.82284874,0.00018032241,0.044512957,0.002657593,0.08405929,0.045037653,0.0007035047
ISIC_0029840,HAM_0004809,akiec,0,0.9996283,0.00021170164,4.4810546e-05,1.8516355e-05,5.8102523e-05,1.5531545e-05,2.2954138e-05
ISIC_0032397,HAM_0005459,akiec,0,0.9657655,0.00029846272,0.021211887,0.0011758409,0.009692559,0.0014936776,0.00036213043
ISIC_0029268,HAM_0005459,akiec,0,0.1028583,0.00052416715,0.021184592,0.001958962,0.84952754,0.023153393,0.0007930396
ISIC_0032897,HAM_0000462,akiec,0,0.0003150523,0.00017466937,0.79394543,0.0039080945,0.04514264,0.15633711,0.00017707385
ISIC_0026132,HAM_0004992,akiec,0,0.97444135,0.010782863,0.009259169,0.00026061837,0.00047655008,0.004223403,0.00055605633
ISIC_0031228,HAM_0006524,akiec,0,0.9947267,0.00021293876,0.0019600615,0.00019655187,0.0018050321,0.0007475969,0.00035107665
ISIC_0024763,HAM_0006524,akiec,0,0.9379298,0.0008721502,0.016838294,0.0006172404,0.0386752,0.0040377076,0.0010296531
ISIC_0024329,HAM_0002954,akiec,0,0.9866145,0.012227096,0.00024861412,5.155554e-05,0.00025952954,0.0005017241,9.6884454e-05
ISIC_0032404,HAM_0007038,akiec,0,0.9982035,0.00014165023,0.0008917668,6.923736e-05,0.0004228895,0.0001429007,0.00012797033
ISIC_0031927,HAM_0001277,akiec,0,0.9551501,0.00016017459,0.022309946,0.0009235432,0.016530843,0.004782644,0.00014274076
ISIC_0024800,HAM_0007088,akiec,0,0.23036799,0.0027455746,0.5757615,0.0016298795,0.015982032,0.17019477,0.0033182702
ISIC_0026848,HAM_0007308,akiec,0,0.98069865,0.003052022,0.0059457365,0.0011404572,0.0052084057,0.0035231623,0.00043160247
ISIC_0032206,HAM_0001302,akiec,0,0.6772261,0.001351491,0.2958582,0.0024616153,0.0016918419,0.02069152,0.0007191747
ISIC_0032199,HAM_0000361,akiec,0,0.9165201,0.0010380883,0.021324184,0.0007639448,0.04134499,0.018635646,0.00037304487
ISIC_0033869,HAM_0000462,akiec,0,0.0016193893,0.00011408827,0.96505576,0.0006571741,0.02385492,0.008522363,0.00017635856
ISIC_0029830,HAM_0006024,akiec,0,0.6050441,0.33413708,0.045132305,0.00034324595,0.011145533,0.0034464085,0.0007511839
ISIC_0027884,HAM_0006024,akiec,0,0.8658,0.12255695,0.0073457556,0.00014805459,0.0026513783,0.0010686415,0.0004292477
ISIC_0031108,HAM_0004809,akiec,0,0.99930775,0.00023919846,0.00023858609,4.0588708e-05,5.120882e-05,3.9186554e-05,8.3364e-05
ISIC_0029025,HAM_0004384,akiec,0,0.9966144,0.0005680154,0.0019523082,2.9156157e-05,0.0006739177,4.1845917e-05,0.000120377765
ISIC_0030698,HAM_0006574,bkl,0,0.00021621746,0.00025081667,0.9488476,0.00046494065,0.0009125347,0.04893067,0.0003772565
ISIC_0025567,HAM_0006574,bkl,0,0.00015846045,0.00010473596,0.99512357,5.5353907e-05,5.6666584e-05,0.004466553,3.4707307e-05
ISIC_0029161,HAM_0000164,bkl,0,0.0013689278,0.010507757,0.74315363,0.014738934,0.010400563,0.11666893,0.10316126
ISIC_0026273,HAM_0000164,bkl,0,0.001243865,0.0052471054,0.66479146,0.004881297,0.0033977253,0.02020773,0.3002308
ISIC_0025140,HAM_0000907,bkl,0,0.0006939647,0.001978853,0.16108489,0.0009033346,0.3491037,0.48563004,0.0006052868
ISIC_0025554,HAM_0000907,bkl,0,0.00042316792,0.0010917345,0.015093022,0.00018943731,0.9662399,0.016804628,0.00015797194
ISIC_0025063,HAM_0002985,bkl,0,0.002650654,0.0015312745,0.97615355,0.0004099293,0.017705128,0.0013572967,0.00019212998
ISIC_0029418,HAM_0004673,bkl,0,0.0013756494,0.0012355348,0.06654192,0.0046811095,0.18993087,0.7352244,0.0010103857
ISIC_0027455,HAM_0004673,bkl,0,0.0003423779,0.00056448573,0.0687787,0.0005962158,0.14223158,0.7871306,0.00035601668
ISIC_0028308,HAM_0003752,bkl,0,0.22461607,0.026912663,0.6627672,0.0050751367,0.015886454,0.06385277,0.00088971196
ISIC_0026018,HAM_0005883,bkl,0,0.00051991915,0.00011288048,0.7582964,0.00035943478,0.14585848,0.09454189,0.00031106485
ISIC_0025376,HAM_0006580,bkl,0,0.00041115689,0.179001,0.572207,0.0018845337,0.0072559733,0.23853135,0.0007090292
ISIC_0024726,HAM_0005125,bkl,0,0.00014726393,9.63896e-05,0.98734355,0.0001237667,0.005461658,0.0067179543,0.00010943727
ISIC_0025693,HAM_0002879,bkl,0,0.0003445267,0.00023471747,0.96668184,9.661048e-05,0.030176776,0.0023909055,7.4509124e-05
ISIC_0031334,HAM_0006310,bkl,0,0.00017119429,9.773427e-05,0.9981887,5.910542e-05,0.001107099,0.00032918103,4.7031e-05
ISIC_0024336,HAM_0006732,bkl,0,0.0003359444,0.0001073743,0.9878379,8.2166094e-05,0.0004984369,0.011124953,1.33088615e-05
ISIC_0028343,HAM_0004343,bkl,0,0.00024072935,0.00010394163,0.9770245,0.0004829737,0.018141165,0.0039194725,8.718638e-05
ISIC_0026717,HAM_0002527,bkl,0,0.000117902884,0.00068247144,0.9837805,8.2309474e-05,0.014281728,0.001014307,4.0825806e-05
ISIC_0031511,HAM_0006601,bkl,0,3.1000272e-05,1.6986749e-05,0.9993451,6.385739e-05,5.6851433e-05,0.00045822278,2.7951768e-05
ISIC_0032359,HAM_0002419,bkl,0,9.683305e-06,5.3903754e-05,0.98623824,0.00013173005,0.0006311782,0.012884271,5.1035047e-05
ISIC_0026473,HAM_0003110,df,0,0.045429427,0.017982282,0.3037021,0.43164766,0.17958643,0.018562162,0.0030899548
ISIC_0032114,HAM_0003110,df,0,0.010290104,0.0024608788,0.8343813,0.096586645,0.05042757,0.0045617493,0.0012917364
ISIC_0026789,HAM_0003110,df,0,0.080336586,0.016806157,0.8738807,0.022276009,0.0014429562,0.004146887,0.001110683
ISIC_0029281,HAM_0001726,mel,0,0.0003068461,2.5584106e-05,0.0012887203,0.00036190636,0.78238046,0.21556848,6.8066634e-05
ISIC_0024367,HAM_0001726,mel,0,0.00044204283,7.69657e-05,0.0014972381,0.0002104439,0.73772657,0.25997996,6.673848e-05
ISIC_0024898,HAM_0002534,mel,0,0.0001299133,3.862797e-05,0.008006116,0.00014982163,0.34042874,0.651087,0.0001597961
ISIC_0029538,HAM_0002534,mel,0,0.00021542562,3.765535e-05,0.002730299,0.0001180435,0.1607893,0.83591944,0.00018974148
ISIC_0024675,HAM_0001600,mel,0,0.00014571976,0.0005325005,0.048451856,0.00019995484,0.80837315,0.14213006,0.00016674254
ISIC_0025891,HAM_0001600,mel,0,5.0603503e-05,2.6304075e-05,0.0003986108,4.0581715e-05,0.9798106,0.019632827,4.0581715e-05
ISIC_0033312,HAM_0007117,mel,0,4.370944e-05,1.9972593e-05,0.00012127636,2.8497881e-05,0.99138767,0.008362145,3.673522e-05
ISIC_0025835,HAM_0001456,mel,0,0.000102643484,0.00020175276,0.000862366,0.00020453005,0.3508031,0.64775103,7.451118e-05
ISIC_0030828,HAM_0001456,mel,0,0.00011055293,0.0005399259,0.0016425098,0.00030169016,0.29830897,0.69902897,6.744779e-05
ISIC_0032847,HAM_0002004,mel,0,0.00010903206,2.5002748e-05,0.00037686096,7.234785e-05,0.36542982,0.6338773,0.00010967279
ISIC_0033654,HAM_0002004,mel,0,0.0002112331,2.397906e-05,0.00028286068,7.6205295e-05,0.36088753,0.63834494,0.00017324729
ISIC_0032511,HAM_0003620,mel,0,0.000117070864,0.00021807733,0.0059462367,7.92915e-05,0.9931906,0.00041545776,3.324786e-05
ISIC_0033687,HAM_0007117,mel,0,4.4681285e-05,2.3916169e-05,5.4106862e-05,5.725996e-05,0.9918898,0.007905674,2.467535e-05
ISIC_0034085,HAM_0007117,mel,0,6.344533e-05,2.9794364e-05,0.00015687542,6.0895727e-05,0.9698961,0.029749548,4.343529e-05
ISIC_0033546,HAM_0000055,mel,0,0.00012248394,4.6037872e-05,0.0004586523,0.0015610048,0.9001563,0.09750583,0.00014977765
ISIC_0032723,HAM_0005992,mel,0,7.444721e-05,2.8645954e-05,0.002651403,0.00017685402,0.73193693,0.26509,4.1679617e-05
ISIC_0032751,HAM_0005992,mel,0,6.4546744e-05,2.319536e-05,0.003313851,7.18666e-05,0.9269504,0.069550715,2.547512e-05
ISIC_0032597,HAM_0005992,mel,0,0.00012238021,2.789973e-05,0.012193951,6.105775e-05,0.89763904,0.089925975,2.969911e-05
ISIC_0032982,HAM_0002841,mel,0,6.401046e-05,9.4786286e-05,0.0007208516,0.00033408328,0.25576523,0.74297786,4.3227134e-05
ISIC_0033196,HAM_0002841,mel,0,0.0002975755,0.000198228,0.0013833854,0.0010943479,0.5594617,0.43741453,0.00015021597
ISIC_0032653,HAM_0002841,mel,0,4.380301e-05,2.2947714e-05,5.969647e-05,0.00016298651,0.029192168,0.9704954,2.2992575e-05
ISIC_0032687,HAM_0001344,mel,0,0.00014543365,2.0768362e-05,0.00021305615,0.000734796,0.9894605,0.009401882,2.353364e-05
ISIC_0033055,HAM_0001344,mel,0,0.00027332766,2.3766774e-05,0.00020854681,0.0008122788,0.9856938,0.012952833,3.553906e-05
ISIC_0032862,HAM_0000176,mel,0,0.0010809256,0.5799686,0.0015666059,0.0005288629,0.32217127,0.018534143,0.07614965
ISIC_0033073,HAM_0000176,mel,0,0.0012656719,0.12710051,0.0008648007,0.0016251549,0.49489874,0.035432678,0.33881253
ISIC_0033696,HAM_0000176,mel,0,0.00020004054,0.05251386,0.00042019022,0.00024129494,0.9363006,0.004621777,0.0057022586
ISIC_0028148,HAM_0003176,mel,0,0.00038080136,0.00015506438,0.013904033,0.00030838235,0.07649743,0.908565,0.00018924817
ISIC_0028198,HAM_0005064,mel,0,0.0001089792,6.793156e-05,0.0012562926,0.00018646925,0.10650239,0.8917335,0.00014437397
ISIC_0027144,HAM_0005064,mel,0,0.00023557924,0.00014945108,0.0038076292,0.00019954337,0.052281145,0.9431392,0.00018745364
ISIC_0030756,HAM_0003176,mel,0,0.004939749,0.0006396239,0.0008949947,0.001947227,0.70143276,0.2889941,0.0011514428
ISIC_0027552,HAM_0007091,mel,0,0.00027610533,0.00066623464,0.00077360077,0.00038709614,0.8986717,0.09810851,0.001116823
ISIC_0027620,HAM_0002534,mel,0,4.706351e-05,1.694569e-05,0.00027766082,4.4385117e-05,0.077477895,0.92200917,0.00012693631
ISIC_0024700,HAM_0001726,mel,0,0.001056738,5.600506e-05,0.0027717561,0.00029517,0.37039196,0.6251548,0.0002735213
ISIC_0029843,HAM_0006257,mel,0,0.0003872091,6.168562e-05,0.0032595228,0.00020624856,0.62450033,0.37145236,0.00013264493
ISIC_0031494,HAM_0007238,mel,0,0.30308446,0.0034266724,0.06775949,0.002710721,0.5618298,0.060266543,0.0009222763
ISIC_0028306,HAM_0007238,mel,0,0.013139737,9.0192916e-05,0.0011719263,0.00014668377,0.9719962,0.013346658,0.000108581145
ISIC_0032076,HAM_0005155,vasc,0,2.2396862e-05,0.00021547324,7.2640987e-06,2.7015769e-05,0.0001852853,7.748867e-05,0.99946505
ISIC_0025321,HAM_0005155,vasc,0,6.945217e-05,0.00027667414,1.427639e-05,5.4726996e-05,0.000125946,0.0001121829,0.9993468
ISIC_0025244,HAM_0000845,vasc,0,3.0966774e-05,4.2825497e-05,3.7134832e-05,3.319007e-05,0.00011211621,0.00050320657,0.9992405
ISIC_0031065,HAM_0000109,vasc,0,1.802044e-05,3.374891e-05,7.2809166e-06,1.49979405e-05,4.2517047e-05,5.9158923e-05,0.99982435
ISIC_0025731,HAM_0003981,bcc,0,0.00017732856,0.99921274,0.00014998329,2.9004686e-05,0.00012967302,0.00026207464,3.918283e-05
ISIC_0028670,HAM_0003981,bcc,0,5.2792315e-05,0.99851245,0.00015776274,3.4825505e-05,0.00013143009,0.0010749587,3.565137e-05
ISIC_0034058,HAM_0000263,bcc,0,0.011190787,0.9878784,0.00057829125,8.089554e-05,0.00013855186,3.6820296e-05,9.6253636e-05
ISIC_0033001,HAM_0000263,bcc,0,0.0102634225,0.98924863,0.00027111758,4.3107e-05,5.2609896e-05,2.5095029e-05,9.591766e-05
ISIC_0032741,HAM_0005478,bcc,0,0.0005718081,0.5765511,0.0019118657,0.00024641244,0.41043606,0.009929801,0.00035296954
ISIC_0033301,HAM_0005478,bcc,0,0.0005332975,0.8295915,0.0032358854,0.00045083914,0.15315957,0.012820065,0.00020884228
ISIC_0030230,HAM_0007588,bcc,0,0.00020836298,0.0029131116,0.0006885543,0.0015962534,0.047337733,0.94709694,0.00015913461
ISIC_0031728,HAM_0007588,bcc,0,0.0020340942,0.93169343,0.008499807,0.003083503,0.004815631,0.049377944,0.0004955641
ISIC_0031526,HAM_0007588,bcc,0,0.0008915626,0.02095646,0.022145245,0.009564747,0.00767752,0.93842673,0.0003377387
ISIC_0029524,HAM_0003191,bcc,0,0.00067153125,0.99825066,0.00083859556,2.617832e-05,0.000111841204,8.182477e-05,1.9265019e-05
ISIC_0028050,HAM_0003191,bcc,0,0.6868747,0.29312214,0.011598237,0.0006785683,0.00040996794,0.006631102,0.00068522757
ISIC_0028964,HAM_0000092,bcc,0,0.8997878,0.01702825,0.07385908,0.002147003,0.0004198898,0.006244493,0.0005134559
ISIC_0030292,HAM_0002387,nv,0,3.8817516e-06,2.6368045e-06,3.6293477e-05,2.2645436e-05,0.00013750624,0.9997603,3.6739228e-05
ISIC_0024512,HAM_0000539,nv,0,6.583465e-05,0.00010216604,0.01244823,0.003506901,0.0008672014,0.9697586,0.013251073
ISIC_0024868,HAM_0003080,nv,0,1.479109e-05,1.0821392e-05,0.00010639616,0.0001305504,7.933762e-05,0.9996082,4.9842532e-05
ISIC_0025298,HAM_0002815,nv,0,0.00015632596,6.139774e-05,0.00038899414,0.00017371432,0.0019240684,0.9971789,0.000116740215
ISIC_0025054,HAM_0005864,nv,0,0.0018691248,0.00087262585,0.0055057476,0.0007094398,0.0005950791,0.9892575,0.0011904107
ISIC_0030049,HAM_0007469,nv,0,2.3443645e-05,8.8821675e-05,0.0017346388,0.00045594535,0.025211822,0.9722925,0.00019287095
ISIC_0031279,HAM_0006339,nv,0,4.502682e-06,3.9658494e-06,0.000110618705,2.0638003e-05,0.00012673212,0.99970955,2.408119e-05
ISIC_0024803,HAM_0001168,nv,0,4.3521013e-06,1.4242147e-05,4.181914e-05,3.8263137e-05,0.00095272914,0.99889886,4.9758546e-05
ISIC_0029111,HAM_0003964,nv,0,1.7974771e-05,7.121995e-06,0.00055808766,2.7461838e-05,0.00010763695,0.99924016,4.1507876e-05
ISIC_0025146,HAM_0000228,nv,0,1.3780864e-05,9.5830865e-06,0.000116575,4.625726e-05,0.010305865,0.98946685,4.118226e-05
ISIC_0032202,HAM_0001170,nv,0,6.1146726e-05,2.5891151e-05,0.000551419,0.0002497606,0.14790002,0.8511059,0.00010585861
ISIC_0032039,HAM_0005654,nv,0,6.650627e-05,1.9241354e-05,0.00013072259,0.0001080558,0.017978027,0.981567,0.00013059498
ISIC_0027621,HAM_0003595,nv,0,7.577683e-05,0.00039626742,0.026560154,0.00028044742,0.005324051,0.96411353,0.0032497633
ISIC_0032336,HAM_0002460,nv,0,7.5201997e-06,5.6323693e-06,3.6406273e-05,8.088925e-05,0.0008854955,0.99895763,2.6428123e-05
ISIC_0024776,HAM_0000209,nv,0,8.147188e-06,2.9110835e-05,0.00010879549,4.98102e-05,0.00066029886,0.9989598,0.0001841659
ISIC_0027765,HAM_0005307,nv,0,1.2676054e-05,5.9179847e-06,0.00021745672,2.621357e-05,5.872807e-05,0.99959487,8.4062485e-05
ISIC_0027400,HAM_0002062,nv,0,1.0837727e-05,3.2224525e-06,2.8386792e-05,1.2769963e-05,0.00073928945,0.99916375,4.1748604e-05
ISIC_0030560,HAM_0007424,nv,0,9.550507e-06,7.3369433e-06,3.4798104e-05,6.590635e-05,4.5897857e-05,0.9996774,0.00015906905
ISIC_0031656,HAM_0000471,nv,0,6.7730575e-06,3.513816e-06,5.48313e-05,3.7191403e-05,7.528476e-05,0.99978584,3.6596928e-05
ISIC_0024807,HAM_0006922,nv,0,6.16491e-05,1.20920995e-05,0.00028793028,4.086712e-05,9.712982e-05,0.99930763,0.00019260062
ISIC_0030775,HAM_0006665,nv,0,5.431667e-06,6.0358393e-06,2.3548053e-05,4.175407e-05,9.904423e-05,0.9997825,4.16726e-05
ISIC_0024321,HAM_0003511,nv,0,1.0364859e-05,7.9017635e-05,0.00012528717,0.00016468689,6.6021705e-05,0.99947315,8.1525926e-05
ISIC_0027807,HAM_0005406,nv,0,4.77474e-06,2.4530295e-06,5.034041e-05,2.5140303e-05,0.00010667478,0.999782,2.850161e-05
ISIC_0026200,HAM_0007198,nv,0,2.9741339e-05,6.007916e-05,0.012283049,5.39599e-05,0.00015644339,0.98726547,0.00015133427
ISIC_0025925,HAM_0000803,nv,0,1.3335382e-05,5.440857e-06,9.977045e-05,3.9309867e-05,0.00029359988,0.9995198,2.8731643e-05
ISIC_0028612,HAM_0002403,nv,0,1.4690176e-05,7.621163e-06,5.6423298e-05,3.2751108e-05,0.001207562,0.99862254,5.844221e-05
ISIC_0029168,HAM_0003147,nv,0,1.2156134e-05,5.8439805e-06,5.0189345e-05,4.1893836e-05,0.0011245945,0.9987305,3.483311e-05
ISIC_0026734,HAM_0007161,nv,0,5.1526704e-06,6.3876014e-06,2.177846e-05,4.6831046e-05,9.479205e-05,0.99978584,3.914791e-05
ISIC_0028514,HAM_0002311,nv,0,8.025841e-06,3.881043e-06,2.5456304e-05,2.4890904e-05,0.00034126744,0.99957794,1.8443237e-05
ISIC_0027895,HAM_0001653,nv,0,6.546845e-06,4.842227e-05,6.2479754e-05,0.00017348355,4.6840894e-05,0.99902,0.00064221345
ISIC_0031260,HAM_0001114,nv,0,1.3177313e-05,6.409578e-06,9.057978e-05,4.6490073e-05,0.0004504445,0.9993144,7.842855e-05
ISIC_0030975,HAM_0005767,nv,0,4.3814402e-06,2.188444e-05,2.86824e-05,9.9794175e-05,4.848168e-05,0.99975747,3.935763e-05
ISIC_0029542,HAM_0006388,nv,0,2.5203644e-05,1.4332582e-05,0.00024200333,5.6520636e-05,4.8297472e-05,0.99936885,0.00024485597
ISIC_0029485,HAM_0004457,nv,0,3.0829074e-06,4.005193e-06,6.2935374e-05,2.0240974e-05,6.062788e-05,0.99981564,3.337172e-05
ISIC_0027032,HAM_0002093,nv,0,4.3386593e-05,1.6307657e-05,0.00018871599,2.3611929e-05,5.6863762e-05,0.99956185,0.00010926044
ISIC_0026461,HAM_0007523,nv,0,1.2901771e-05,3.1493885e-06,7.703269e-05,5.2288615e-05,0.00014870205,0.9996666,3.9373273e-05
ISIC_0029816,HAM_0003074,nv,0,3.5207436e-06,5.9773e-06,5.4885775e-05,2.5536723e-05,9.5054325e-05,0.9998023,1.2853216e-05
ISIC_0032094,HAM_0006087,nv,0,4.729431e-05,1.4708436e-05,0.0013902646,0.00010051392,0.00043966115,0.9979128,9.470112e-05
ISIC_0031244,HAM_0001822,nv,0,4.067981e-06,1.3842675e-05,3.8258193e-05,8.7083514e-05,4.4641085e-05,0.99974567,6.642779e-05
ISIC_0024939,HAM_0000074,nv,0,1.0928037e-05,8.362467e-06,0.00016367367,4.385901e-05,4.1728126e-05,0.9996493,8.221996e-05
ISIC_0029858,HAM_0005965,nv,0,2.7811042e-05,2.6330967e-05,0.000119865545,0.00016019787,0.010938485,0.9885048,0.00022263003
ISIC_0027686,HAM_0002673,nv,0,0.0005673251,0.0032695162,0.028591203,0.035409007,0.0001145857,0.9284976,0.0035507593
ISIC_0032216,HAM_0004123,nv,0,1.1978976e-05,5.62541e-06,4.6122346e-05,2.5784013e-05,0.0001964713,0.99967384,4.0267936e-05
ISIC_0029398,HAM_0002101,nv,0,3.7479915e-06,2.5559084e-06,3.7375852e-05,2.9725965e-05,4.924972e-05,0.99985015,2.7211563e-05
ISIC_0027655,HAM_0006436,nv,0,9.017817e-06,1.8180948e-05,0.0005915795,2.7560674e-05,0.0003623323,0.9989267,6.458307e-05
ISIC_0027372,HAM_0004567,nv,0,0.00043033945,0.00010443435,0.00066327624,0.00026929955,0.3814304,0.61670893,0.0003933621
ISIC_0027955,HAM_0001099,nv,0,1.1760729e-05,3.0890135e-06,2.3664703e-05,1.9108198e-05,6.660466e-05,0.9998412,3.4516102e-05
ISIC_0030467,HAM_0004759,nv,0,4.511509e-06,7.042366e-06,4.874071e-05,8.9363806e-05,8.802131e-05,0.9997149,4.735659e-05
ISIC_0029042,HAM_0004040,nv,0,3.736015e-05,2.5727433e-05,0.0001566024,2.722671e-05,0.001097168,0.9984547,0.00020117968
ISIC_0030252,HAM_0002263,nv,0,7.18005e-06,1.1496119e-05,0.00012031989,5.02794e-05,0.000100727586,0.9995459,0.00016417698
ISIC_0030309,HAM_0006322,nv,0,0.0001994165,5.7301422e-05,0.027398603,0.0003828868,0.00026834424,0.97150975,0.0001837111
ISIC_0031444,HAM_0006892,nv,0,6.007703e-05,2.036049e-05,0.00019573855,6.019448e-05,0.0006380525,0.99886763,0.00015797305
ISIC_0028134,HAM_0004022,nv,0,1.610837e-05,1.1201613e-05,8.35816e-05,3.3311462e-05,0.010486612,0.989277,9.2200724e-05
ISIC_0024499,HAM_0000708,nv,0,2.6993588e-05,6.4618257e-06,0.000113869435,5.062804e-05,0.000112983296,0.9996201,6.8997884e-05
ISIC_0030392,HAM_0003395,nv,0,1.5139082e-05,9.529469e-06,0.00014500978,6.725495e-05,0.000111972826,0.99942553,0.00022563977
ISIC_0024801,HAM_0003635,nv,0,8.782176e-06,6.2396703e-06,4.470859e-05,3.0893214e-05,3.5749377e-05,0.9997918,8.195109e-05
ISIC_0030879,HAM_0002445,nv,0,0.0387385,0.00515385,0.04795259,0.035705008,0.0006197618,0.8658983,0.0059320447
ISIC_0024966,HAM_0004137,nv,0,6.4375713e-06,2.0138373e-06,0.000103719736,3.081709e-05,8.102389e-05,0.9997658,1.0157436e-05
ISIC_0031788,HAM_0004490,nv,0,1.7021215e-05,1.49042735e-05,0.00011023611,9.949282e-05,0.00022375939,0.99941885,0.000115808834
ISIC_0024451,HAM_0003737,nv,0,1.1420717e-05,1.0000314e-05,0.0001337374,0.00044237913,0.0004206808,0.9988254,0.00015646942
ISIC_0026482,HAM_0006788,nv,0,1.6125468e-05,5.3908157e-06,5.4765263e-05,2.1362775e-05,0.0017543487,0.99809426,5.3758482e-05
ISIC_0027556,HAM_0005916,nv,0,2.2112126e-05,9.362862e-06,6.4296735e-05,4.110967e-05,0.00039156422,0.99936575,0.0001057231
ISIC_0031696,HAM_0006113,nv,0,2.6358826e-05,2.228323e-05,0.00020213031,4.4229026e-05,0.0022530619,0.99731183,0.00014021681
ISIC_0032493,HAM_0007011,nv,0,8.592754e-06,8.103738e-06,0.00036787937,8.272879e-05,4.229501e-05,0.99947125,1.9175886e-05
ISIC_0026306,HAM_0004456,nv,0,4.330606e-06,9.816522e-06,3.0089734e-05,3.2566546e-05,2.6814685e-05,0.99980634,9.008117e-05
ISIC_0027845,HAM_0006167,nv,0,2.5281812e-05,2.235474e-05,0.00015765474,3.8101036e-05,0.001125501,0.99856,7.111262e-05
ISIC_0031530,HAM_0002852,nv,0,2.188059e-05,4.6495566e-06,0.00024375985,2.9732495e-05,0.00090794696,0.998606,0.00018602084
ISIC_0028458,HAM_0006680,nv,0,3.5832147e-06,5.285315e-06,2.1567384e-05,4.3887587e-05,9.525273e-05,0.9998123,1.823264e-05
ISIC_0031265,HAM_0007357,nv,0,2.6699023e-05,5.745944e-06,9.2553884e-05,2.3083523e-05,0.0003767567,0.99939,8.5181404e-05
ISIC_0024914,HAM_0000100,nv,0,0.00014848028,2.3944658e-05,0.00011147843,0.00054060476,0.00020624514,0.9989071,6.210771e-05
ISIC_0030678,HAM_0006591,nv,0,9.553755e-05,1.3563345e-05,0.00028886652,4.4646564e-05,0.0044834684,0.994998,7.602056e-05
ISIC_0027180,HAM_0001063,nv,0,5.2834234e-06,2.5598913e-06,4.1862837e-05,1.3892805e-05,0.00044897042,0.99945444,3.3051612e-05
ISIC_0028802,HAM_0005549,nv,0,8.312624e-06,3.996835e-05,9.480835e-05,7.387287e-05,0.00013034917,0.99953055,0.00012221278
ISIC_0026808,HAM_0004661,nv,0,3.0550986e-05,4.328822e-06,9.417261e-05,1.6146474e-05,0.00041887016,0.9993944,4.1473766e-05
ISIC_0025690,HAM_0007282,nv,0,5.772911e-05,2.783431e-05,0.000109017,6.371336e-05,0.0024595032,0.9970912,0.0001910507
ISIC_0029753,HAM_0005646,nv,0,6.9882676e-06,4.869078e-06,3.2870405e-05,2.3070823e-05,8.625908e-05,0.999816,2.9958084e-05
ISIC_0031826,HAM_0000387,nv,0,7.001139e-06,2.0457275e-05,2.398715e-05,2.94759e-05,0.00017990173,0.999703,3.614991e-05
ISIC_0029672,HAM_0006880,nv,0,2.253379e-05,1.4337343e-05,5.2341493e-05,6.724063e-05,3.8934897e-05,0.9997008,0.00010389037
ISIC_0026095,HAM_0002297,nv,0,4.2626943e-06,4.3723126e-06,0.00015070602,4.8074555e-05,0.000110967776,0.9996253,5.6287237e-05
ISIC_0027207,HAM_0005138,nv,0,1.0822057e-05,4.091576e-06,5.8104924e-05,1.5336249e-05,0.00021316258,0.9996697,2.8792128e-05
ISIC_0031433,HAM_0007061,nv,0,2.286232e-05,1.3598491e-05,0.00011582131,7.651585e-05,0.0020985906,0.9975762,9.653636e-05
ISIC_0027088,HAM_0002513,nv,0,3.417308e-05,1.8113775e-05,0.00017597718,3.673404e-05,0.0004038004,0.99913126,0.00020004217
ISIC_0031841,HAM_0005716,nv,0,0.00025967296,4.7987785e-05,0.0050207623,0.00018341783,0.0012822964,0.99296075,0.0002451342
ISIC_0025522,HAM_0000454,nv,0,0.00019911797,0.00017606452,0.0007362095,0.0018859529,0.00022651331,0.99597317,0.00080305943
ISIC_0026707,HAM_0003247,nv,0,5.715057e-06,3.555497e-06,1.8233499e-05,3.5163153e-05,5.8973532e-05,0.99985933,1.8941333e-05
ISIC_0027848,HAM_0000930,nv,0,0.00036051642,0.0026521953,0.14601195,0.00076470536,0.06051124,0.78933316,0.00036619374
ISIC_0028971,HAM_0000930,nv,0,0.0001438874,0.00062624033,0.051427964,0.0003365142,0.006644539,0.94051915,0.00030164942
ISIC_0024642,HAM_0000947,nv,0,0.0001242783,7.761963e-05,0.002170852,0.00018987228,0.10676472,0.890445,0.00022769163
ISIC_0025959,HAM_0000947,nv,0,3.837805e-05,1.1982211e-05,0.00065901567,7.383129e-05,0.003114955,0.9960454,5.6332676e-05
ISIC_0028453,HAM_0002856,nv,0,0.0017704653,0.008059628,0.0015352055,0.030842956,0.055699594,0.38156807,0.5205241
ISIC_0028154,HAM_0002856,nv,0,0.00096271693,0.026211636,0.0010656305,0.011831827,0.07852141,0.75156707,0.12983975
ISIC_0031059,HAM_0002159,nv,0,0.00022750838,0.0001161999,0.034633532,0.0003544426,0.025437606,0.93790674,0.0013240064
ISIC_0030355,HAM_0002159,nv,0,3.0146048e-05,1.2108946e-05,0.00041473337,7.888317e-05,0.0024901952,0.99679846,0.00017552344
ISIC_0025610,HAM_0003308,nv,0,0.00025301322,0.0013704506,0.011862032,0.00093092263,0.15203701,0.8283506,0.0051960736
ISIC_0024615,HAM_0003308,nv,0,0.00019497174,0.0005597791,0.02453401,0.0009578121,0.7595131,0.21297891,0.0012614817
ISIC_0028287,HAM_0006934,nv,0,1.4539835e-05,1.1323635e-05,2.2519738e-05,2.7672713e-05,0.0017854737,0.9981021,3.633959e-05
ISIC_0030462,HAM_0004766,nv,0,4.95162e-05,3.147441e-05,0.00014811708,7.706758e-05,0.03148851,0.9681664,3.886571e-05
ISIC_0024344,HAM_0000380,nv,0,0.0002351277,0.00013163734,0.0013905751,0.00023329795,0.91594076,0.08193197,0.0001366141
ISIC_0025836,HAM_0000380,nv,0,0.00020392657,0.00016676541,0.0012366088,0.00023357476,0.9867135,0.011353613,9.191691e-05
ISIC_0032822,HAM_0001246,nv,0,0.00018113042,8.639959e-05,0.0706868,0.0003887316,0.26572922,0.66284436,8.341488e-05
ISIC_0033283,HAM_0001246,nv,0,0.00021915165,7.3982344e-05,0.02875932,0.000522136,0.3469554,0.62336594,0.00010412826
ISIC_0033359,HAM_0001246,nv,0,0.00016293974,3.969682e-05,0.0058456818,9.7676566e-05,0.53659016,0.4571805,8.3384184e-05
ISIC_0033110,HAM_0005814,nv,0,8.810196e-05,2.240657e-05,0.00058554194,6.807992e-05,0.6525552,0.34656948,0.000111154004
ISIC_0032701,HAM_0005814,nv,0,7.244528e-05,2.5430683e-05,0.00042907856,6.4308435e-05,0.55796427,0.44138607,5.8439247e-05
ISIC_0034203,HAM_0005190,nv,0,0.00076028035,0.9843166,0.001796419,0.00011935768,0.00036265535,0.01022223,0.0024223677
ISIC_0033311,HAM_0005190,nv,0,0.00035054918,0.99323225,0.00086592464,0.00012450486,0.00018221808,0.0046674507,0.0005771119
ISIC_0032700,HAM_0005190,nv,0,0.0019119094,0.20259085,0.027310798,0.0007687186,0.0039537516,0.7571397,0.00632425
ISIC_0033558,HAM_0005740,nv,0,5.1025134e-05,0.0005825278,0.0015823153,0.00018446773,0.005655173,0.9918412,0.00010327511
ISIC_0033590,HAM_0005740,nv,0,8.532637e-05,0.0008930372,0.001890098,0.00027382775,0.010047089,0.9865333,0.00027732624
ISIC_0033303,HAM_0005740,nv,0,0.00029473822,0.0015352956,0.012792258,0.00066161336,0.021402089,0.96307296,0.00024102861
ISIC_0033263,HAM_0005759,nv,0,5.7766596e-05,9.177146e-05,0.0021455616,0.00010983604,0.016174259,0.98131126,0.00010962173
ISIC_0033815,HAM_0005759,nv,0,5.153837e-05,7.04446e-05,0.0014523666,9.1162074e-05,0.03283853,0.96532214,0.00017384201
ISIC_0034194,HAM_0005759,nv,0,9.3183306e-05,0.00066735264,0.005571329,0.0002270553,0.03863494,0.9545007,0.00030553632
ISIC_0033282,HAM_0004716,nv,0,0.0007073841,0.0046762214,0.027253602,0.033440765,0.2744464,0.6583627,0.0011128713
ISIC_0032729,HAM_0004716,nv,0,0.0004823233,0.004240527,0.023825627,0.012430174,0.29096505,0.66602564,0.002030657
ISIC_0033076,HAM_0004716,nv,0,5.4126496e-05,0.0013529923,0.009291281,0.00076193037,0.1162152,0.87224346,8.093672e-05
ISIC_0032582,HAM_0004038,nv,0,0.0007516877,0.0005007319,0.43185127,0.0011284169,0.019519256,0.54591113,0.00033749125
ISIC_0033052,HAM_0004038,nv,0,0.00095988176,0.0024107872,0.3210365,0.003436472,0.03738106,0.6334888,0.0012866264
ISIC_0032990,HAM_0004038,nv,0,0.0012704388,0.0011124334,0.40544587,0.009241806,0.04739435,0.53294855,0.0025864854
ISIC_0034187,HAM_0002476,nv,0,0.00013218677,0.00045422418,0.06834083,0.0009662994,0.018268377,0.9108254,0.001012673
ISIC_0027837,HAM_0002476,nv,0,8.165553e-05,0.00029062707,0.0134799,0.00043713587,0.0092827035,0.9759645,0.0004635145
ISIC_0029359,HAM_0001137,nv,0,0.0005636265,5.419534e-05,0.006027097,0.00052126934,0.22038731,0.77223796,0.00020856509
ISIC_0029746,HAM_0001137,nv,0,0.00096300297,9.694637e-05,0.017559962,0.0005915533,0.3638972,0.61659676,0.000294561
ISIC_0029382,HAM_0000275,nv,0,0.000975785,0.008328748,0.0028890749,0.0011352515,0.44520462,0.54123116,0.00023541911
ISIC_0030093,HAM_0000275,nv,0,0.092096925,0.012928868,0.0022499938,0.005790623,0.7180595,0.16823815,0.0006358806
ISIC_0028645,HAM_0000275,nv,0,0.0003006062,0.00071132486,0.0017726221,0.00048650458,0.15972225,0.83688474,0.00012193124
ISIC_0025942,HAM_0000302,nv,0,0.0054682503,4.8859096e-05,0.00058143726,5.070629e-05,0.97797304,0.015807463,7.026135e-05
ISIC_0027236,HAM_0001555,nv,0,0.0004817905,6.4949054e-05,0.042864133,0.0010762309,0.015358489,0.9400434,0.00011091448
ISIC_0026599,HAM_0007144,nv,0,0.0017336466,0.03670678,0.009822977,0.0013971113,0.8305616,0.11965375,0.00012412184
ISIC_0026987,HAM_0006994,nv,0,6.5513355e-05,2.0654996e-05,0.0004865701,0.00013869179,0.05104471,0.94821084,3.300659e-05
ISIC_0026739,HAM_0002033,nv,0,0.0025877182,7.297014e-05,0.0047230795,0.00032133114,0.097281374,0.89458287,0.00043071256
ISIC_0024899,HAM_0002033,nv,0,0.004040107,9.192386e-05,0.0056071645,0.00041683041,0.4002589,0.5892381,0.00034691702
ISIC_0025506,HAM_0005393,nv,0,0.016826976,0.0006654836,0.24065965,0.09360163,0.06915244,0.57844114,0.00065261195
ISIC_0026573,HAM_0007001,nv,0,0.0004318407,0.0002010208,0.0017794728,0.0006681951,0.6607062,0.3361401,7.308986e-05
ISIC_0029298,HAM_0001508,nv,0,0.0004802505,0.000117231626,0.010792564,0.00021269405,0.5297536,0.45846352,0.00018015887
ISIC_0026654,HAM_0000591,nv,0,0.019809702,0.00084907433,0.018724568,0.019128866,0.19290015,0.7467186,0.0018690943
ISIC_0028600,HAM_0007268,nv,0,0.00079429377,6.0891525e-05,0.015075297,0.00040647868,0.27677745,0.70677596,0.00010961614
ISIC_0026329,HAM_0001479,nv,0,0.0019248379,0.12226722,0.014861695,0.0047039213,0.022711227,0.7810984,0.05243264
ISIC_0032175,HAM_0000302,nv,0,0.42193416,0.00031464113,0.011107741,0.0010896592,0.45266926,0.112238996,0.00064560166
ISIC_0027840,HAM_0002271,nv,0,0.0076024113,5.18791e-05,0.0057892594,0.00030562337,0.038645945,0.9473425,0.00026243666
ISIC_0026048,HAM_0002271,nv,0,0.001086788,3.920155e-05,0.000901419,0.00027371178,0.5298954,0.4676311,0.00017229102
ISIC_0031930,HAM_0002271,nv,0,0.0008732071,4.816882e-05,0.0018576279,0.00054007286,0.3377903,0.65878296,0.00010770536
ISIC_0024784,HAM_0001479,nv,0,0.00043826006,0.0037822938,0.0018723711,0.003911895,0.018292706,0.96518785,0.0065145083
ISIC_0029812,HAM_0005318,nv,0,0.0010175866,0.0003992717,0.06432305,0.00059704104,0.62231684,0.3110924,0.00025379253
ISIC_0026347,HAM_0005318,nv,0,0.00040645848,0.00013195776,0.0041717677,0.0002578566,0.9584827,0.036445584,0.00010377732
ISIC_0024416,HAM_0002172,nv,0,0.00036189106,0.00021906974,0.022631215,0.0005219408,0.17135616,0.8048204,8.938079e-05
ISIC_0026166,HAM_0000562,nv,0,0.0057246503,0.0017613323,0.76382303,0.0051768436,0.09941208,0.12347893,0.00062313507
ISIC_0030593,HAM_0002685,nv,0,0.0007447759,8.999932e-05,0.003836223,0.00028882406,0.03417519,0.96048415,0.00038076597
ISIC_0025168,HAM_0003035,nv,0,6.962774e-05,5.0150986e-05,0.0010471165,0.0001295746,0.053723224,0.9448563,0.00012412488
ISIC_0024617,HAM_0003035,nv,0,0.0001468337,0.00015876509,0.0030308045,0.0003283198,0.38702857,0.6088814,0.00042529256
ISIC_0026480,HAM_0001902,nv,0,7.165937e-05,7.193983e-05,0.0034510563,0.001351783,0.018665345,0.97623163,0.00015651845
ISIC_0029668,HAM_0001902,nv,0,6.076106e-05,0.0004551473,0.0029147947,0.0069547733,0.22366098,0.7655543,0.00039931943
ISIC_0033132,HAM_0004387,nv,0,0.000101481186,1.3442065e-05,0.0027201644,6.3257714e-05,0.72427046,0.27276278,6.8397894e-05
ISIC_0033821,HAM_0004387,nv,0,0.00020322464,2.8767143e-05,0.015389804,0.00010099725,0.7350335,0.24910758,0.00013617234
ISIC_0033341,HAM_0006234,nv,0,2.8754002e-05,3.2135322e-06,4.4972112e-05,5.1209518e-05,0.0034424309,0.99639785,3.154927e-05
ISIC_0034248,HAM_0004214,nv,0,8.840826e-05,2.4888039e-05,0.0055666217,6.712623e-05,0.0015640162,0.99265385,3.5166377e-05
ISIC_0033374,HAM_0006766,nv,0,0.00018270005,0.00014926113,0.00022759604,0.00033212188,0.009945903,0.989075,8.7404005e-05
ISIC_0033733,HAM_0002037,nv,0,1.9691073e-05,1.04170795e-05,0.00046465642,7.431334e-05,0.0065729124,0.9928059,5.2183943e-05
ISIC_0031299,HAM_0003384,nv,0,6.319175e-05,9.99988e-05,0.0024405587,0.00016105092,0.008244218,0.9889281,6.294539e-05
ISIC_0028438,HAM_0003384,nv,0,3.4396602e-05,0.00055094744,0.00071071973,0.00024802852,0.002522182,0.99589324,4.0529103e-05
ISIC_0027254,HAM_0003949,akiec,0,0.13744637,0.004652904,0.7386871,0.003749683,0.034599498,0.07862109,0.0022434155
ISIC_0027828,HAM_0002521,bkl,0,0.00037440704,0.0018902875,0.6849234,0.00032275906,0.0074803396,0.30452713,0.00048168807
ISIC_0029291,HAM_0002521,bkl,0,0.0011706538,0.00037197748,0.3115459,0.00038079862,0.100161225,0.58546484,0.00090461114
ISIC_0024324,HAM_0000351,bkl,0,9.639163e-05,0.00010463213,0.9796806,0.000370591,0.001620816,0.017978556,0.00014842207
ISIC_0029559,HAM_0000351,bkl,0,0.0005188344,0.0015565351,0.81183594,0.0011635163,0.020846559,0.16365094,0.0004276159
ISIC_0030768,HAM_0002127,bkl,0,0.0036902458,0.04683865,0.78989816,0.0010541802,0.00206802,0.15554017,0.0009105368
ISIC_0029837,HAM_0002127,bkl,0,0.0007031309,0.0015845299,0.3293766,0.00213743,0.0007017589,0.665359,0.00013751144
ISIC_0027739,HAM_0006325,bkl,0,0.0001745154,0.001254722,0.09585642,0.0023281595,0.0012125606,0.89886487,0.00030868629
ISIC_0025529,HAM_0000898,bkl,0,0.036551695,0.0072362176,0.8964429,0.00065683963,0.018391691,0.03961841,0.0011021498
ISIC_0029260,HAM_0000843,bkl,0,0.004008998,0.0028889833,0.9838477,9.699088e-05,0.008114232,0.00095594744,8.711204e-05
ISIC_0027737,HAM_0002903,bkl,0,2.6501044e-05,1.8939441e-05,0.99878365,4.9510465e-05,0.00013082541,0.0009733072,1.7278271e-05
ISIC_0024774,HAM_0002903,bkl,0,2.2789314e-05,1.7337195e-05,0.9982827,3.8803806e-05,0.00014097146,0.0014833718,1.4067537e-05
ISIC_0027608,HAM_0005610,bkl,0,0.0025775777,0.0009601183,0.99516124,4.781315e-05,0.0009959306,0.00020387274,5.3339423e-05
ISIC_0025312,HAM_0005610,bkl,0,0.0029162448,0.0008453669,0.98684746,0.00014547513,0.008138972,0.0010277048,7.8785095e-05
ISIC_0027826,HAM_0005278,bkl,0,6.0755712e-05,0.00012441938,0.98675156,0.00016322707,0.006995028,0.0058617126,4.325087e-05
ISIC_0028992,HAM_0003920,bkl,0,0.00012738821,0.0011145262,0.9792134,0.00026189466,0.0099336635,0.009286358,6.269332e-05
ISIC_0026351,HAM_0003920,bkl,0,0.00010744109,0.00038728825,0.0045953584,0.00022110161,0.9807602,0.01385384,7.471355e-05
ISIC_0032835,HAM_0004788,bkl,0,0.00038259636,3.551757e-05,0.013072035,0.0005244815,0.9812572,0.0046883686,3.9855553e-05
ISIC_0033480,HAM_0004788,bkl,0,0.00033539196,0.00013263029,0.3103258,0.00021070437,0.6858037,0.0031354541,5.6378994e-05
ISIC_0025856,HAM_0003165,bkl,0,4.5534223e-05,0.00030425872,0.92396826,0.00031238786,0.00053294876,0.07466809,0.0001685206
ISIC_0027613,HAM_0005684,df,0,0.00057181425,0.0030314096,9.995035e-05,0.9942577,0.0012960968,0.000160502,0.0005825231
ISIC_0032468,HAM_0005684,df,0,0.00032734853,0.0047081066,9.369539e-05,0.98827946,0.0015262612,0.00045714923,0.004608035
ISIC_0030757,HAM_0003290,df,0,0.98979783,0.0002573336,0.0047384207,0.0010383547,0.003488778,0.00041242436,0.00026680177
ISIC_0031358,HAM_0003290,df,0,0.99103177,0.0010831775,0.002302905,0.0014805283,0.0033177396,0.00029110658,0.0004927769
ISIC_0031735,HAM_0003290,df,0,0.8798852,0.0016144756,0.042833928,0.0076273815,0.058604244,0.008432442,0.0010024507
ISIC_0026892,HAM_0007560,mel,0,0.00065762614,0.045167305,0.32696915,0.0018844118,0.057995968,0.5671631,0.00016242219
ISIC_0024987,HAM_0007560,mel,0,0.0034005526,0.0058185277,0.5570031,0.00029338856,0.019993803,0.41312188,0.00036871113
ISIC_0029242,HAM_0003449,mel,0,0.0104682585,0.00057212915,0.0020442826,0.0005891387,0.9200444,0.0025616023,0.06372011
ISIC_0027263,HAM_0003449,mel,0,0.002050803,0.00022100902,0.00256335,0.00033897892,0.98707414,0.0035365561,0.0042151725
ISIC_0027721,HAM_0004364,mel,0,0.00094310724,0.00036147598,0.056552805,0.00016614351,0.9380174,0.0037869515,0.00017208839
ISIC_0026697,HAM_0004364,mel,0,0.004602364,0.005563722,0.26585913,0.00024818126,0.7212699,0.002021946,0.00043472176
ISIC_0032921,HAM_0004927,mel,0,0.01615567,0.0061868876,0.0028074344,0.00057511905,0.96923715,0.004579221,0.0004585249
ISIC_0034117,HAM_0004927,mel,0,0.1419579,0.0061947023,0.0050264313,0.00026874273,0.834652,0.0114691565,0.00043113047
ISIC_0033415,HAM_0004927,mel,0,0.01170228,0.0016484291,0.00074373116,7.892639e-05,0.98092365,0.0047687236,0.0001342583
ISIC_0033469,HAM_0006437,mel,0,0.00052935333,4.3261443e-05,0.0027372872,5.9015998e-05,0.9947338,0.001861207,3.607576e-05
ISIC_0027069,HAM_0005926,mel,0,0.04864706,0.0013336395,0.004572634,0.00011043819,0.9378366,0.0072945715,0.0002051203
ISIC_0031565,HAM_0000442,mel,0,0.026863487,0.00018969135,0.11398655,0.0004497445,0.082101434,0.7759199,0.00048914744
ISIC_0027560,HAM_0003885,mel,0,0.00096125645,4.0315357e-05,0.0013801337,0.0001457494,0.99257773,0.004733203,0.0001616453
ISIC_0031005,HAM_0000517,mel,0,0.0033023288,0.00017264047,0.0007626559,5.353377e-05,0.99295217,0.002711121,4.5433524e-05
ISIC_0030507,HAM_0000517,mel,0,0.002077409,0.0045164796,0.028288336,6.068361e-05,0.9589962,0.005935351,0.00012549126
ISIC_0027126,HAM_0004053,mel,0,0.00049639243,0.02008166,0.018177737,0.00015467888,0.95165765,0.009320616,0.000111193636
ISIC_0027067,HAM_0004053,mel,0,0.00018011237,0.0018653937,0.010195622,0.00017220042,0.9760189,0.011508114,5.962722e-05
ISIC_0025317,HAM_0004428,mel,0,0.00085484324,0.0065809456,0.00017796416,0.00018541524,0.99111134,0.0005401969,0.0005492399
ISIC_0026420,HAM_0004428,mel,0,0.0029031886,0.0012022778,8.1199156e-05,0.0001228504,0.9935247,0.00040716134,0.0017587248
ISIC_0029193,HAM_0006834,bcc,0,0.00091180805,0.9956559,0.0011520706,0.00011610749,0.0015193677,0.00058163574,6.3249965e-05
ISIC_0027526,HAM_0006834,bcc,0,0.00076408987,0.99798155,0.00091987,6.5155145e-05,5.1844854e-05,0.00013860861,7.8822704e-05
ISIC_0025301,HAM_0000987,bcc,0,0.046057165,0.92237663,0.022900365,0.0006945767,0.0012925812,0.005279692,0.001398979
ISIC_0030594,HAM_0002736,bcc,0,3.7495734e-05,0.9991467,0.00041318085,1.5343203e-05,8.165863e-05,0.00021863656,8.692517e-05
ISIC_0026968,HAM_0000612,bcc,0,0.12820081,0.86251104,0.0060585705,0.0003510619,0.00068333023,0.0018073816,0.00038783188
ISIC_0027722,HAM_0000987,bcc,0,0.00027165454,0.99946994,5.958723e-05,1.3025819e-05,3.395178e-05,7.3150535e-05,7.870933e-05
ISIC_0026780,HAM_0007320,nv,0,5.0037556e-06,5.593006e-06,4.1793766e-05,1.866397e-05,0.0001392285,0.9997563,3.3369743e-05
ISIC_0024364,HAM_0004535,nv,0,2.3724797e-05,6.719081e-05,0.0049076583,0.0005430145,0.00076511916,0.99360895,8.444092e-05
ISIC_0030035,HAM_0001065,nv,0,2.1480586e-05,0.00019352211,0.00029914806,0.0009861513,0.00072324724,0.9784373,0.019339094
ISIC_0029523,HAM_0005134,nv,0,8.895769e-06,8.750611e-05,0.0007449448,4.4476044e-05,0.00010346041,0.99897194,3.8792696e-05
ISIC_0029044,HAM_0004929,nv,0,1.3454225e-05,6.925642e-06,0.00016731358,2.3844625e-05,0.0011179089,0.9986274,4.321923e-05
ISIC_0030797,HAM_0006691,nv,0,4.561036e-05,1.358814e-05,0.00017535538,3.3961005e-05,0.0008365736,0.9987657,0.0001292358
ISIC_0030904,HAM_0000120,nv,0,6.8785644e-06,8.394937e-06,0.000116313706,7.160632e-05,0.00014621322,0.9996183,3.23386e-05
ISIC_0027290,HAM_0003502,nv,0,4.275696e-05,2.0878819e-05,0.00031408787,0.00020699207,0.00066899473,0.9986162,0.0001300393
ISIC_0026175,HAM_0006953,nv,0,8.278949e-06,2.1812128e-05,0.000113121474,9.286962e-05,0.00023917141,0.99937767,0.0001471066
ISIC_0030269,HAM_0006817,nv,0,3.9896395e-06,3.1010718e-06,6.991977e-05,2.0064163e-05,5.7577654e-05,0.99983096,1.4409398e-05
ISIC_0029883,HAM_0006382,nv,0,6.2877557e-06,4.467403e-06,0.00015503987,2.580875e-05,0.00012290892,0.9996562,2.9273719e-05
ISIC_0032071,HAM_0006982,nv,0,2.6251653e-05,5.7450983e-05,0.0012222236,0.0035578387,0.0013364641,0.9932568,0.0005429546
ISIC_0025359,HAM_0004517,nv,0,2.9760711e-05,1.0570138e-05,0.00037306536,4.613933e-05,0.0018830538,0.99760336,5.4047796e-05
ISIC_0031774,HAM_0002275,nv,0,4.6914433e-06,7.167583e-06,4.496994e-05,4.403559e-05,0.00012395396,0.99976104,1.421274e-05
ISIC_0027019,HAM_0004629,nv,0,6.0063558e-05,7.6373646e-05,0.0021776017,0.00061197556,0.014870312,0.9812428,0.00096089416
ISIC_0027405,HAM_0004628,nv,0,1.8227573e-05,7.394534e-05,0.00095380103,0.0002568374,0.0006271618,0.9975841,0.00048584738
ISIC_0026355,HAM_0005015,nv,0,1.0922958e-05,2.7729795e-05,0.00018232818,7.1087656e-05,0.00010728993,0.99918467,0.00041592924
ISIC_0031785,HAM_0001087,nv,0,4.1711537e-06,2.0773154e-05,0.00016812806,0.00014675135,0.00011279319,0.9994011,0.00014628631
ISIC_0026691,HAM_0001034,nv,0,9.25642e-06,5.849364e-06,0.00017508274,2.65759e-05,6.988155e-05,0.9996505,6.285589e-05
ISIC_0028246,HAM_0005538,nv,0,6.275835e-06,1.3840137e-06,5.2112544e-05,1.9673738e-05,0.00019239644,0.9997116,1.6566948e-05
ISIC_0026224,HAM_0005589,nv,0,1.6916734e-05,0.0002895683,5.9218437e-05,0.00011880958,0.00020368701,0.99912125,0.00019050721
ISIC_0030781,HAM_0000592,nv,0,1.0266209e-05,5.172266e-06,0.00011049347,5.439859e-05,8.2786086e-05,0.9996754,6.1581515e-05
ISIC_0029125,HAM_0001193,nv,0,3.6657144e-05,3.8566715e-05,0.0006300799,3.9097617e-05,7.142161e-05,0.9989889,0.00019528499
ISIC_0031296,HAM_0002825,nv,0,6.178477e-06,1.5321775e-05,4.2511845e-05,0.00013388746,5.236712e-05,0.9997019,4.7797355e-05
ISIC_0027474,HAM_0000315,nv,0,0.00012191221,1.65636e-05,0.00042158607,0.00013376368,0.015176752,0.9840136,0.000115875926
ISIC_0026184,HAM_0002524,nv,0,2.8225384e-05,7.277249e-06,0.0002939358,5.3614698e-05,0.00018975604,0.99932075,0.00010646948
ISIC_0031427,HAM_0002279,nv,0,1.4922486e-05,5.8218164e-05,0.000100690246,0.00093776017,8.06702e-05,0.9986877,0.00011998202
ISIC_0031391,HAM_0002203,nv,0,6.627208e-05,1.854743e-05,9.81832e-05,1.9666662e-05,0.00030264712,0.99935204,0.00014264659
ISIC_0024601,HAM_0001874,nv,0,4.9641317e-06,4.368668e-05,4.3857664e-05,5.2286105e-05,6.0122195e-05,0.99961853,0.00017648799
ISIC_0026779,HAM_0004728,nv,0,1.5881285e-05,1.0766824e-05,0.0003042375,0.00089286757,8.9186295e-05,0.9984602,0.00022696807
ISIC_0031793,HAM_0003096,nv,0,7.839334e-06,6.5500094e-06,3.2652184e-05,0.00016291223,0.00025433343,0.9995029,3.2779983e-05
ISIC_0029723,HAM_0002440,nv,0,7.5292424e-05,0.0001706712,0.0001224506,0.00031299406,0.002969605,0.6859548,0.31039417
ISIC_0029925,HAM_0004061,nv,0,1.4219168e-05,1.0546171e-05,5.0362127e-05,8.9255685e-05,0.0025207845,0.9972873,2.751544e-05
ISIC_0031634,HAM_0000341,nv,0,8.861304e-05,1.7262504e-05,0.00015325919,6.252998e-05,0.0017133281,0.99787223,9.277502e-05
ISIC_0029605,HAM_0005502,nv,0,6.551582e-06,8.346931e-06,6.7638626e-05,4.9509643e-05,5.6541787e-05,0.9997428,6.8619964e-05
ISIC_0028036,HAM_0000084,nv,0,0.034972418,0.0008708275,0.35338145,0.007039467,0.009956366,0.5883451,0.0054343687
ISIC_0031810,HAM_0000544,nv,0,3.4784293e-06,1.0223673e-05,3.0403253e-05,0.00037972673,0.000107237676,0.99942976,3.911487e-05
ISIC_0024536,HAM_0003273,nv,0,1.0056739e-05,8.033607e-06,7.871707e-05,7.906376e-05,0.0012063473,0.9985927,2.518407e-05
ISIC_0024645,HAM_0000004,nv,0,5.420034e-05,3.1862735e-05,0.00022355988,0.00013258426,0.25667804,0.7427225,0.00015729404
ISIC_0025114,HAM_0003249,nv,0,4.7278722e-06,5.3573813e-06,4.6872006e-05,2.3568724e-05,0.00020083801,0.9996835,3.517414e-05
ISIC_0032401,HAM_0001229,nv,0,4.1727944e-06,4.538381e-06,9.166352e-05,2.8515877e-05,4.1897518e-05,0.9997942,3.5109395e-05
ISIC_0027705,HAM_0002618,nv,0,1.0222994e-05,4.458046e-05,3.918874e-05,6.965711e-05,0.0003738148,0.9993635,9.905107e-05
ISIC_0025077,HAM_0003456,nv,0,1.1886621e-05,1.3080423e-05,8.886623e-05,9.441304e-05,0.005807002,0.99390596,7.888504e-05
ISIC_0030482,HAM_0006951,nv,0,1.1609388e-05,3.710583e-06,0.0002322717,1.9613697e-05,0.00013049952,0.99958485,1.7359811e-05
ISIC_0025829,HAM_0000409,nv,0,1.1680201e-05,8.86849e-06,6.0782946e-05,2.345681e-05,4.3038475e-05,0.9998066,4.5613328e-05
ISIC_0024339,HAM_0005781,nv,0,1.2799421e-05,6.3114708e-06,2.792922e-05,4.0438834e-05,0.0023048234,0.9975643,4.3469357e-05
ISIC_0024627,HAM_0002992,nv,0,1.4730025e-05,9.364371e-05,0.001253245,0.00013387669,0.0017591796,0.9954814,0.0012639998
ISIC_0030381,HAM_0005702,nv,0,3.5620162e-06,7.644593e-06,3.396089e-05,6.93438e-05,0.00012297151,0.99973804,2.4508934e-05
ISIC_0029275,HAM_0003905,nv,0,4.9363134e-06,4.0763925e-06,1.25439165e-05,2.4619832e-05,7.4731666e-05,0.99985814,2.0874186e-05
ISIC_0027292,HAM_0006460,nv,0,0.0017944912,0.00020281636,0.0036451614,0.005730795,0.0014525139,0.9851826,0.0019916622
ISIC_0030992,HAM_0005151,nv,0,4.6563484e-05,7.3818164e-06,0.00015783019,2.341359e-05,0.0017201926,0.9979644,8.021912e-05
ISIC_0031255,HAM_0005520,nv,0,3.8881615e-05,5.6674553e-06,0.0005266196,9.0490794e-05,0.0018443762,0.99735814,0.00013577644
ISIC_0027823,HAM_0005574,nv,0,3.03762e-05,4.5106117e-06,0.0001543761,2.5133617e-05,0.00022275912,0.9995161,4.668145e-05
ISIC_0028138,HAM_0004111,nv,0,9.7366756e-05,2.4024419e-05,6.7246685e-05,7.838934e-05,0.0051474576,0.9944351,0.00015036341
ISIC_0026732,HAM_0001761,nv,0,7.629499e-06,4.564689e-06,0.00013255567,2.0678459e-05,8.1595426e-05,0.9997148,3.808926e-05
ISIC_0031737,HAM_0006007,nv,0,0.00034586774,0.04156937,0.0014189571,0.0020756891,0.00019401421,0.953535,0.0008610614
ISIC_0030097,HAM_0007487,nv,0,0.000120052086,5.8852547e-05,0.0001422872,0.0001655403,0.0015267465,0.99780816,0.00017829394
ISIC_0030018,HAM_0002573,nv,0,3.5096396e-05,0.00015852478,0.0019392592,0.0012985843,0.0008519702,0.99261534,0.0031011982
ISIC_0030724,HAM_0000862,nv,0,0.00012106403,0.0021659124,0.00026806822,0.02035984,0.028572122,0.9452552,0.0032577761
ISIC_0031860,HAM_0001521,nv,0,0.00060816295,0.00029179975,0.0036802494,0.00013583207,0.004063731,0.9904856,0.0007346599
ISIC_0032256,HAM_0006424,nv,0,1.5680951e-05,1.0104627e-05,0.00020790938,8.0337435e-05,7.173326e-05,0.9994362,0.00017801893
ISIC_0030298,HAM_0003336,nv,0,5.1413567e-06,4.727198e-06,3.3460437e-05,4.0717292e-05,0.00034527743,0.9995409,2.9702262e-05
ISIC_0029928,HAM_0001179,nv,0,5.9531103e-06,2.8341055e-06,2.7851382e-05,1.3882007e-05,0.00025288563,0.99965334,4.328476e-05
ISIC_0030548,HAM_0005412,nv,0,5.3923268e-05,0.000104448576,0.0009684972,0.00023468991,6.255208e-05,0.9982249,0.00035093777
ISIC_0031910,HAM_0002309,nv,0,8.51234e-06,3.821854e-06,2.6117636e-05,1.9869249e-05,5.4122414e-05,0.99983454,5.295264e-05
ISIC_0026763,HAM_0006718,nv,0,3.686795e-05,1.7279659e-05,0.00016458651,6.656394e-05,9.423759e-05,0.99886394,0.0007565942
ISIC_0026943,HAM_0003440,nv,0,7.81014e-06,1.3028531e-05,5.4638316e-05,0.00013792358,3.7846854e-05,0.999678,7.088007e-05
ISIC_0029066,HAM_0004160,nv,0,5.308935e-05,0.00012247585,0.023986768,0.00014124444,9.707578e-05,0.9751394,0.00045996756
ISIC_0026334,HAM_0003550,nv,0,1.4521526e-05,5.9538056e-06,6.33874e-05,2.1108075e-05,6.547941e-05,0.9997701,5.951788e-05
ISIC_0027674,HAM_0003378,nv,0,7.222542e-06,4.295963e-06,8.9987254e-05,2.9186067e-05,0.0002242483,0.99958724,5.7788908e-05
ISIC_0028633,HAM_0001563,nv,0,0.001254522,0.00058170024,0.7270966,0.0045905313,0.0019697892,0.2643676,0.00013924956
ISIC_0030874,HAM_0002489,nv,0,0.0008257748,0.003652395,0.057049442,0.00059362274,0.37749857,0.5600903,0.0002898742
ISIC_0031629,HAM_0002489,nv,0,0.0018673703,0.0122334,0.15038568,0.0016641207,0.14519054,0.6859339,0.0027249795
ISIC_0027427,HAM_0005447,nv,0,0.00011262446,0.022295605,0.0018974721,0.0006330956,0.00047370387,0.96578795,0.008799563
ISIC_0026389,HAM_0005447,nv,0,0.00024159429,0.06659604,0.00408526,0.0007412616,0.00075884006,0.90154856,0.026028499
ISIC_0025907,HAM_0002658,nv,0,0.00016861099,0.00027314865,0.041177247,0.00035974907,0.11776217,0.8400915,0.00016762593
ISIC_0027113,HAM_0002658,nv,0,7.5757416e-05,4.0947958e-05,0.002763397,0.00024478685,0.20243241,0.7944051,3.757596e-05
ISIC_0027250,HAM_0003937,nv,0,4.476473e-05,0.00086425664,0.00035451702,0.00019143448,0.021911785,0.9764266,0.00020658612
ISIC_0025309,HAM_0003937,nv,0,0.0003230404,0.001074314,0.001850592,0.0003037649,0.006400334,0.9896644,0.00038361998
ISIC_0034146,HAM_0001046,nv,0,0.0030425813,0.18934403,0.009835971,0.01571304,0.052939598,0.7286707,0.00045400937
ISIC_0033964,HAM_0001046,nv,0,0.0050070942,0.26316202,0.004708325,0.0066268467,0.014137342,0.7056349,0.00072345673
ISIC_0032951,HAM_0001046,nv,0,0.0053277393,0.03561723,0.014949313,0.016742436,0.018486999,0.9074354,0.0014409606
ISIC_0032885,HAM_0003713,nv,0,7.4584605e-05,4.9393795e-05,0.00017122678,0.0001724013,0.52508175,0.47437182,7.877705e-05
ISIC_0033291,HAM_0003713,nv,0,0.00010958466,2.488526e-05,0.00017139368,0.00015499257,0.64208674,0.35737512,7.7253186e-05
ISIC_0034102,HAM_0003713,nv,0,1.758957e-05,1.7866565e-05,7.618209e-05,8.3833234e-05,0.0065372693,0.9932248,4.2443146e-05
ISIC_0034084,HAM_0001777,nv,0,0.00014442697,0.0018286771,0.0041838405,0.0009154847,0.005243869,0.9874213,0.00026254702
ISIC_0033273,HAM_0001777,nv,0,1.8743625e-05,0.00015004448,0.0012227189,0.0005376991,0.0114405155,0.9865285,0.00010172367
ISIC_0034176,HAM_0001777,nv,0,0.003921078,0.006874989,0.32803634,0.0015191096,0.015610728,0.64101076,0.0030270165
ISIC_0032994,HAM_0000772,nv,0,0.00058796996,0.00053222507,0.03609333,0.0012123411,0.2569801,0.70402306,0.00057099416
ISIC_0033604,HAM_0000772,nv,0,0.00018970297,3.68835e-05,0.00043487104,0.00019363355,0.069479,0.92961884,4.7082667e-05
ISIC_0034247,HAM_0006559,nv,0,0.00014770904,0.00016803137,0.030139856,0.0004444364,0.020156056,0.94867593,0.00026798944
ISIC_0033455,HAM_0006559,nv,0,0.00014330147,0.0008795441,0.0063888775,0.0006836531,0.40286502,0.5884594,0.0005802089
ISIC_0034056,HAM_0006559,nv,0,0.00015167246,0.0002789683,0.06362652,0.00029008117,0.009559379,0.92589873,0.0001947513
ISIC_0034231,HAM_0005312,nv,0,9.9179255e-05,6.763438e-05,0.0965473,0.0011965089,0.15579619,0.74617106,0.00012223108
ISIC_0034033,HAM_0005312,nv,0,0.0001342377,7.171207e-05,0.2027897,0.0010273814,0.14379944,0.6520611,0.00011640019
ISIC_0030447,HAM_0003523,nv,0,0.00025252963,4.1914427e-05,0.0005101238,0.00018047477,0.93959874,0.05936674,4.9387265e-05
ISIC_0034217,HAM_0003310,nv,0,1.7391276e-05,1.0124448e-05,6.6213404e-05,4.111284e-05,0.0003402231,0.99944276,8.220297e-05
ISIC_0032952,HAM_0003310,nv,0,2.4190751e-05,7.7167415e-06,0.00024247581,4.750215e-05,0.00020984533,0.9993662,0.000101946374
ISIC_0034164,HAM_0002605,nv,0,9.559824e-05,8.519306e-05,0.020968558,0.0008106608,0.63347924,0.34441668,0.00014407163
ISIC_0029730,HAM_0002907,nv,0,2.4648478e-05,2.0474256e-05,0.00032205504,7.562666e-05,0.0028434177,0.99663216,8.1612365e-05
ISIC_0027623,HAM_0005907,nv,0,0.00013876735,2.9315353e-05,0.0005698633,0.00016160298,0.24991912,0.7490409,0.0001404031
ISIC_0027670,HAM_0003016,nv,0,5.36682e-05,6.877687e-05,0.00013704653,0.0003678316,0.8092914,0.18998408,9.718055e-05
ISIC_0027097,HAM_0003016,nv,0,7.307366e-05,5.5483037e-05,0.00014617834,0.00030170107,0.81409097,0.18523093,0.00010165108
ISIC_0028894,HAM_0003639,nv,0,0.0007339054,9.1948794e-05,0.002773113,0.0015221399,0.7479848,0.24665923,0.00023479943
ISIC_0030933,HAM_0007385,nv,0,0.0009898094,0.0005962597,0.0070112827,0.0020389056,0.11451818,0.87474877,9.676806e-05
ISIC_0025043,HAM_0007385,nv,0,0.014481438,0.004513054,0.012133714,0.004302183,0.41873893,0.54507285,0.0007578987
ISIC_0025381,HAM_0002324,nv,0,0.00093614415,0.00024829584,0.0286431,0.00074127445,0.025178898,0.9429877,0.0012646499
ISIC_0029313,HAM_0006041,nv,0,1.7727318e-05,0.0005530987,0.000783047,0.00036736528,0.004501726,0.99321306,0.00056400755
ISIC_0030508,HAM_0006041,nv,0,1.5085687e-05,0.00037452573,0.00039461342,0.00022805041,0.0026744013,0.9959006,0.0004127444
ISIC_0027827,HAM_0006608,nv,0,3.6204176e-05,1.8347384e-05,0.00019514539,7.6345445e-05,0.012965328,0.98664457,6.4038664e-05
ISIC_0025491,HAM_0006608,nv,0,3.6580786e-05,2.1546777e-05,0.00020927805,5.7774898e-05,0.014331659,0.9852937,4.95141e-05
ISIC_0031631,HAM_0003742,nv,0,0.0005108063,0.00012991103,0.0026581998,0.0005681785,0.0029683337,0.9927717,0.0003927978
ISIC_0027150,HAM_0003742,nv,0,0.00024459537,9.329235e-05,0.0017098918,0.00034968305,0.0017457462,0.99562776,0.00022910391
ISIC_0029493,HAM_0005761,nv,0,0.00016611409,0.0004083354,0.007637303,0.00062446395,0.011047291,0.9790279,0.0010885019
ISIC_0027751,HAM_0000143,nv,0,0.0019250609,0.07001487,0.001250217,0.039737746,0.05228531,0.83319706,0.0015897097
ISIC_0028030,HAM_0007358,nv,0,3.340941e-05,0.00014526566,0.0001522371,0.0005123778,0.0010572512,0.9980166,8.285075e-05
ISIC_0029277,HAM_0007385,nv,0,0.0030380122,0.00016734087,0.006033333,0.00086320995,0.77715284,0.21246175,0.00028354666
ISIC_0030819,HAM_0006302,nv,0,0.007050795,0.008647256,0.0695949,0.0030968532,0.048348412,0.8628745,0.00038723828
ISIC_0030790,HAM_0001730,nv,0,0.00033561158,0.00016613978,0.07346956,0.0007028984,0.10689758,0.81813496,0.0002932979
ISIC_0025396,HAM_0000019,nv,0,0.0003642685,7.74059e-05,0.0008218943,0.00015125769,0.085886486,0.9126092,8.944235e-05
ISIC_0025579,HAM_0005894,nv,0,0.00015793156,5.2848813e-05,0.00074376294,0.00029736912,0.042985026,0.9556716,9.149308e-05
ISIC_0030598,HAM_0001891,nv,0,0.019392712,0.0012989135,0.36085683,0.0033104196,0.0053237216,0.60906124,0.0007561712
ISIC_0025179,HAM_0005762,nv,0,0.00019259128,0.00019562413,0.2628451,0.0005540255,0.6442258,0.091728255,0.00025865418
ISIC_0026216,HAM_0005762,nv,0,0.00015805384,0.00016759151,0.0064003477,0.00035409897,0.9135059,0.07935492,5.906041e-05
ISIC_0030920,HAM_0007385,nv,0,0.0007098144,0.00020316672,0.016684411,0.0011968693,0.032034665,0.9490774,9.356312e-05
ISIC_0026179,HAM_0003523,nv,0,0.000584314,0.00013973871,0.0007963261,0.00023493422,0.7044446,0.2936562,0.00014389318
ISIC_0024466,HAM_0001891,nv,0,0.008528796,0.0013118509,0.076393075,0.0022866847,0.012449532,0.8985082,0.0005218182
ISIC_0027127,HAM_0005230,nv,0,0.0006756638,0.0003956537,0.028701914,0.00083759887,0.77651453,0.19253618,0.0003384206
ISIC_0028849,HAM_0005230,nv,0,0.0003658543,0.0011513835,0.081351295,0.00095080904,0.3485755,0.5669,0.00070520263
ISIC_0026297,HAM_0005762,nv,0,6.931481e-05,0.00019688188,0.006362584,0.00011228952,0.97617096,0.017027158,6.0694078e-05
ISIC_0030856,HAM_0001730,nv,0,0.00017396921,0.00011476227,0.017266693,0.00049559213,0.06097708,0.9208911,8.09032e-05
ISIC_0030279,HAM_0002936,nv,0,0.0006947698,1.4384325e-05,0.0008552076,0.0002559662,0.014531993,0.9835774,7.0251146e-05
ISIC_0024380,HAM_0002936,nv,0,0.0004895137,1.143383e-05,0.013717398,0.00015298293,0.0125632305,0.9729996,6.579715e-05
ISIC_0025681,HAM_0007228,nv,0,0.0004248085,0.00019110256,0.1239235,0.00071420474,0.54358166,0.33098936,0.00017536558
ISIC_0024519,HAM_0007543,nv,0,0.00017495127,4.9928964e-05,0.0015823336,0.00018714623,0.06643376,0.93153185,4.004077e-05
ISIC_0026676,HAM_0007543,nv,0,0.0006384316,4.2626303e-05,0.0043437574,0.00012455373,0.11104668,0.88374573,5.826325e-05
ISIC_0027714,HAM_0005720,nv,0,0.00015168634,0.0023512929,0.0010355762,0.00044279368,0.10887837,0.8870379,0.00010243584
ISIC_0030585,HAM_0005720,nv,0,0.00012129352,0.00042252993,0.004707465,0.0003019685,0.24369729,0.7506405,0.00010893938
ISIC_0029140,HAM_0004646,nv,0,0.00015719316,0.0001411825,0.07299165,0.00023459624,0.026384242,0.8997022,0.00038905678
ISIC_0030557,HAM_0004646,nv,0,0.00022016845,0.0006742046,0.2912371,0.0007491973,0.014556592,0.69185203,0.00071071245
ISIC_0027140,HAM_0006411,nv,0,2.9046665e-05,0.0006072513,0.00017950314,0.00013523169,0.036663193,0.9623243,6.149179e-05
ISIC_0031322,HAM_0006411,nv,0,3.9103215e-05,0.0005635034,0.0002435461,0.00054085854,0.06349921,0.93493843,0.00017524845
ISIC_0025670,HAM_0002332,nv,0,3.576341e-05,5.31655e-05,0.0009813578,0.00022735998,0.0007439393,0.99774534,0.00021296013
ISIC_0025898,HAM_0002332,nv,0,3.9188322e-05,4.3377517e-05,0.00040265924,8.5930165e-05,0.0058388263,0.9935143,7.5685144e-05
ISIC_0033777,HAM_0004854,nv,0,5.2204134e-05,1.469612e-05,0.002337692,0.00025346855,0.004106786,0.99319,4.517891e-05
ISIC_0033078,HAM_0004854,nv,0,2.3769433e-05,1.2722861e-05,0.00023854375,0.00013880206,0.0021417467,0.9974245,2.001587e-05
ISIC_0034055,HAM_0004854,nv,0,0.000118584496,3.0574214e-05,0.008427856,0.00041349654,0.007208727,0.9836872,0.00011359698
ISIC_0030297,HAM_0001621,akiec,0,0.9890013,0.00012967066,0.0014753322,0.00013326525,0.008733825,0.00042227714,0.000104397
ISIC_0025411,HAM_0002158,akiec,0,0.006882658,6.161713e-05,0.00042896255,0.00012398476,0.97947115,0.012972011,5.9721373e-05
ISIC_0031044,HAM_0006135,akiec,0,0.9988084,4.5701483e-05,0.00026005687,0.00024645744,0.00047520414,7.126937e-05,9.295278e-05
ISIC_0025957,HAM_0007047,akiec,0,0.8156703,0.018610703,0.1572011,0.00043725455,0.006426978,0.0014937293,0.00015991721
ISIC_0025605,HAM_0007047,akiec,0,0.13632908,0.005879767,0.26639858,0.00078570156,0.47398016,0.116153836,0.00047284356
ISIC_0030877,HAM_0000193,akiec,0,0.96100086,0.0017910805,0.014198433,0.00029815265,0.0214187,0.00072366185,0.00056911923
ISIC_0027950,HAM_0000193,akiec,0,0.993846,0.0010816224,0.0014778612,5.8848276e-05,0.003130925,0.00011703377,0.00028768802
